fetch_utc,fetch_istanbul,parkID,parkName,district,lat,lng,capacity,emptyCapacity,occupancy,parkType,isOpen,freeTime,workHours
2026-07-19T21:51:43.671139+00:00,2026-07-20T00:51:43.671139+03:00,3068,15 Temmuz Şehitler Meydanı Zeminaltı Otoparkı,ÜMRANİYE,41.0246,29.0915,1029,672,357,KAPALI OTOPARK,0,15,24 Saat
2026-07-19T21:51:43.671139+00:00,2026-07-20T00:51:43.671139+03:00,2338,19 Mayıs Açık,ŞİŞLİ,41.0563,28.9941,65,0,65,AÇIK OTOPARK,1,0,24 Saat
2026-07-19T21:51:43.671139+00:00,2026-07-20T00:51:43.671139+03:00,1751,4.Levent PD Açık Otoparkı,KAĞITHANE,41.0836,29.0081,236,137,99,AÇIK OTOPARK,1,5,24 Saat
2026-07-19T21:51:43.671139+00:00,2026-07-20T00:51:43.671139+03:00,3328,4.Levent Servis ve Turizm Araçları Açık Otoparkı,ŞİŞLİ,41.0841,29.0054,300,148,152,AÇIK OTOPARK,1,15,24 Saat
2026-07-19T21:51:43.671139+00:00,2026-07-20T00:51:43.671139+03:00,3412,5. Levent Gaziosmanpaşa Adliyesi Yanı Açık Otoparkı,EYÜP,41.0927,28.9494,250,235,15,AÇIK OTOPARK,0,15,07:00-23:00
2026-07-19T21:51:43.671139+00:00,2026-07-20T00:51:43.671139+03:00,104,Abide-i Hürriyet Caddesi 5,ŞİŞLİ,41.0619,28.9876,40,1,39,YOL ÜSTÜ,0,15,08:00-17:00
2026-07-19T21:51:43.671139+00:00,2026-07-20T00:51:43.671139+03:00,2452,Acıbadem Açık Otoparkı,ÜSKÜDAR,41.0157,29.0574,100,87,13,AÇIK OTOPARK,0,0,06:30-16:00
2026-07-19T21:51:43.671139+00:00,2026-07-20T00:51:43.671139+03:00,346,Ada Karşısı Cep 2,BEŞİKTAŞ,41.072,29.045,30,1,29,YOL ÜSTÜ,0,15,08:00-23:00
2026-07-19T21:51:43.671139+00:00,2026-07-20T00:51:43.671139+03:00,1663,Akasyalı Sokak Tenis Kulubü Önü 2,BEŞİKTAŞ,41.0867,29.0109,45,1,44,YOL ÜSTÜ,0,15,08:30-17:30
2026-07-19T21:51:43.671139+00:00,2026-07-20T00:51:43.671139+03:00,828,Akdeniz Caddesi 4,FATİH,41.0175,28.9435,27,1,26,YOL ÜSTÜ,0,15,09:00-18:00
2026-07-19T21:51:43.671139+00:00,2026-07-20T00:51:43.671139+03:00,1913,Alibeyköy Cep Otogarı Açık Otoparkı,EYÜP,41.0879,28.9446,116,0,116,AÇIK OTOPARK,1,25,24 Saat
2026-07-19T21:51:43.671139+00:00,2026-07-20T00:51:43.671139+03:00,1912,Alibeyköy Cep Otogarı Otobüs Otoparkı,EYÜP,41.0875,28.9449,5000,4981,19,AÇIK OTOPARK,1,60,24 Saat
2026-07-19T21:51:43.671139+00:00,2026-07-20T00:51:43.671139+03:00,2562,Alibeyköy Yeşiltepe Zemin Altı Otoparkı,EYÜP,41.0797,28.938,159,48,111,KAPALI OTOPARK,0,15,24 Saat
2026-07-19T21:51:43.671139+00:00,2026-07-20T00:51:43.671139+03:00,3201,Altınboynuz Sosyal Tesisleri,EYÜP,41.058,28.9447,70,1,69,AÇIK OTOPARK,0,15,08:00-23:00
2026-07-19T21:51:43.671139+00:00,2026-07-20T00:51:43.671139+03:00,758,Arap Camii Açık Otoparkı,BEYOĞLU,41.0227,28.9723,30,1,29,AÇIK OTOPARK,0,0,09:00-17:00
2026-07-19T21:51:43.671139+00:00,2026-07-20T00:51:43.671139+03:00,2685,Aras Sokak 2,BÜYÜKÇEKMECE,41.023,28.6209,60,1,59,YOL ÜSTÜ,0,0,06:00-14:30
2026-07-19T21:51:43.671139+00:00,2026-07-20T00:51:43.671139+03:00,2802,Arnavutköy Zemin Altı Otoparkı,ARNAVUTKÖY,41.1838,28.7396,700,17,683,KAPALI OTOPARK,1,15,24 Saat
2026-07-19T21:51:43.671139+00:00,2026-07-20T00:51:43.671139+03:00,1797,Ataköy Atrium AVM,BAKIRKÖY,40.9881,28.8459,250,193,57,AÇIK OTOPARK,0,15,08:00-23:00
2026-07-19T21:51:43.671139+00:00,2026-07-20T00:51:43.671139+03:00,2824,Ataköy Metro Durağı Yanı PD Zemin Altı Otoparkı,BAKIRKÖY,40.9904,28.8456,150,90,60,KAPALI OTOPARK,1,0,24 Saat
2026-07-19T21:51:43.671139+00:00,2026-07-20T00:51:43.671139+03:00,3161,Ataşehir Topçu İbrahim Sokak,ATAŞEHİR,40.9736,29.101,42,1,41,YOL ÜSTÜ,0,15,07:00-16:00
2026-07-19T21:51:43.671139+00:00,2026-07-20T00:51:43.671139+03:00,359,Atatürk Bulvarı 1,FATİH,41.0112,28.9534,20,1,19,YOL ÜSTÜ,0,0,07:30-18:00
2026-07-19T21:51:43.671139+00:00,2026-07-20T00:51:43.671139+03:00,3087,Atatürk Kent Ormanı Otoparkı,SARIYER,41.136,29.0262,200,198,2,AÇIK OTOPARK,0,0,08:00-17:00
2026-07-19T21:51:43.671139+00:00,2026-07-20T00:51:43.671139+03:00,2243,Avcılar Denizköşkler Toplantı ve Davet Salonu Açık Otoparkı,AVCILAR,40.9746,28.7435,200,1,199,AÇIK OTOPARK,0,15,13:00-07:00
2026-07-19T21:51:43.671139+00:00,2026-07-20T00:51:43.671139+03:00,1088,Avcılar İdo,AVCILAR,40.9712,28.7185,270,262,8,AÇIK OTOPARK,0,0,13:00-07:00
2026-07-19T21:51:43.671139+00:00,2026-07-20T00:51:43.671139+03:00,2885,Azapkapı Haliç Metro Otoparkı,ŞİŞLİ,41.0245,28.9691,80,63,17,AÇIK OTOPARK,1,5,24 Saat
2026-07-19T21:51:43.671139+00:00,2026-07-20T00:51:43.671139+03:00,2455,Azerbaycan Dostluk Parkı Zemin Altı Otoparkı,BAĞCILAR,41.0444,28.854,400,161,239,KAPALI OTOPARK,0,10,24 Saat
2026-07-19T21:51:43.671139+00:00,2026-07-20T00:51:43.671139+03:00,2965,Bağcılar Çolakoğlu Zemin Altı Otoparkı,BAĞCILAR,41.0324,28.8345,106,0,106,KAPALI OTOPARK,1,5,24 Saat
2026-07-19T21:51:43.671139+00:00,2026-07-20T00:51:43.671139+03:00,2576,Bağcılar Demirkapı Zemin Altı Otoparkı,BAĞCILAR,41.0499,28.8327,343,121,222,KAPALI OTOPARK,1,5,24 Saat
2026-07-19T21:51:43.671139+00:00,2026-07-20T00:51:43.671139+03:00,3036,Bağcılar Devlet Hastanesi Yanı Zeminaltı Otoparkı,BAĞCILAR,41.0312,28.8696,1133,138,995,KAPALI OTOPARK,1,15,24 Saat
2026-07-19T21:51:43.671139+00:00,2026-07-20T00:51:43.671139+03:00,3071,Bağcılar Emniyet Müdürlüğü Yanı Açık Otoparkı,BAĞCILAR,41.0353,28.8598,100,38,62,AÇIK OTOPARK,1,0,24 Saat
2026-07-19T21:51:43.671139+00:00,2026-07-20T00:51:43.671139+03:00,2873,Bağcılar Göztepe Zemin Altı,BAĞCILAR,41.0567,28.8355,120,0,120,KAPALI OTOPARK,1,5,24 Saat
2026-07-19T21:51:43.671139+00:00,2026-07-20T00:51:43.671139+03:00,3187,Bağcılar Hürriyet Mahallesi Zemin Altı Otoparkı,BAĞCILAR,41.0291,28.8333,355,0,355,KAPALI OTOPARK,1,10,24 Saat
2026-07-19T21:51:43.671139+00:00,2026-07-20T00:51:43.671139+03:00,2916,Bağcılar Kent Meydanı PD Zemin Altı Otoparkı,BAĞCILAR,41.0339,28.8556,1162,0,1162,KAPALI OTOPARK,0,0,24 Saat
2026-07-19T21:51:43.671139+00:00,2026-07-20T00:51:43.671139+03:00,3261,Bağcılar Yenimahalle Zemin Altı Otoparkı,BAĞCILAR,41.0425,28.8395,525,257,268,KAPALI OTOPARK,1,15,24 Saat
2026-07-19T21:51:43.671139+00:00,2026-07-20T00:51:43.671139+03:00,2820,Bağcılar Yıldıztepe Katlı Otoparkı,BAĞCILAR,41.0294,28.8556,350,0,350,KAPALI OTOPARK,1,10,24 Saat
2026-07-19T21:51:43.671139+00:00,2026-07-20T00:51:43.671139+03:00,3447,Bahçelievler 23 Nisan Milli Egemenlik Zeminaltı Otoparkı,BAHÇELİEVLER,40.9988,28.8472,732,348,384,KAPALI OTOPARK,1,10,24 Saat
2026-07-19T21:51:43.671139+00:00,2026-07-20T00:51:43.671139+03:00,2993,Bahçelievler Cumhuriyet Zeminaltı Otoparkı,BAHÇELİEVLER,41.0149,28.859,663,0,663,KAPALI OTOPARK,0,10,24 Saat
2026-07-19T21:51:43.671139+00:00,2026-07-20T00:51:43.671139+03:00,2969,Bahçelievler Devlet Hastanesi Yanı Katlı Otoparkı,BAHÇELİEVLER,41.0072,28.8442,740,0,740,KAPALI OTOPARK,1,0,24 Saat
2026-07-19T21:51:43.671139+00:00,2026-07-20T00:51:43.671139+03:00,3051,Bahçelievler Zafer Mh. Zeminaltı Otoparkı,BAHÇELİEVLER,41.0036,28.8351,200,49,151,KAPALI OTOPARK,1,0,24 Saat
2026-07-19T21:51:43.671139+00:00,2026-07-20T00:51:43.671139+03:00,3118,Bahçeşehir Doğa Parkı Caddesi 3,BAŞAKŞEHİR,41.0683,28.6894,22,1,21,YOL ÜSTÜ,0,15,10:00-20:00
2026-07-19T21:51:43.671139+00:00,2026-07-20T00:51:43.671139+03:00,3236,Bahçeşehir Gölet Açık Otoparkı,BAŞAKŞEHİR,41.0719,28.6901,200,1,199,AÇIK OTOPARK,0,0,12:00-22:00
2026-07-19T21:51:43.671139+00:00,2026-07-20T00:51:43.671139+03:00,1465,Bakırköy İdo Açık Otoparkı,BAKIRKÖY,40.9739,28.8761,160,123,37,AÇIK OTOPARK,1,10,24 Saat
2026-07-19T21:51:43.671139+00:00,2026-07-20T00:51:43.671139+03:00,1104,Balmumcu Katlı Otoparkı,BEŞİKTAŞ,41.0636,29.0109,400,330,70,KAPALI OTOPARK,1,5,24 Saat
2026-07-19T21:51:43.671139+00:00,2026-07-20T00:51:43.671139+03:00,2796,Başakşehir Metro Açık Otoparkı,BAŞAKŞEHİR,41.107,28.801,125,1,124,AÇIK OTOPARK,0,0,07:00-16:00
2026-07-19T21:51:43.671139+00:00,2026-07-20T00:51:43.671139+03:00,2350,Bayrampaşa Adapark Katlı Otoparkı,BAYRAMPAŞA,41.0647,28.8875,650,0,650,KAPALI OTOPARK,0,15,24 Saat
2026-07-19T21:51:43.671139+00:00,2026-07-20T00:51:43.671139+03:00,2892,Bayrampaşa Altıntepsi Zemin  Altı Otoparkı,BAYRAMPAŞA,41.0393,28.9029,110,0,110,KAPALI OTOPARK,0,10,24 Saat
2026-07-19T21:51:43.671139+00:00,2026-07-20T00:51:43.671139+03:00,2909,Bayrampaşa Atatürk Parkı  Zemin Altı Otoparkı,BAYRAMPAŞA,41.0342,28.9123,442,10,432,KAPALI OTOPARK,0,10,24 Saat
2026-07-19T21:51:43.671139+00:00,2026-07-20T00:51:43.671139+03:00,2683,Bayrampaşa Devlet Hastanesi Cep Otoparkı,BAYRAMPAŞA,41.0414,28.9031,55,27,28,AÇIK OTOPARK,0,0,08:00-19:00
2026-07-19T21:51:43.671139+00:00,2026-07-20T00:51:43.671139+03:00,3301,Bayrampaşa Kocatepe Mahallesi Zemin Altı Otoparkı,BAYRAMPAŞA,41.0545,28.8964,241,0,241,KAPALI OTOPARK,1,10,24 Saat
2026-07-19T21:51:43.671139+00:00,2026-07-20T00:51:43.671139+03:00,2053,Bayrampaşa Muratpaşa Yer Altı Otoparkı,BAYRAMPAŞA,41.047,28.9082,300,0,300,KAPALI OTOPARK,0,15,24 Saat
2026-07-19T21:51:43.671139+00:00,2026-07-20T00:51:43.671139+03:00,3175,Bayrampaşa Spor Kompleksi Zemin Altı Otoparkı,BAYRAMPAŞA,41.0446,28.9106,205,0,205,KAPALI OTOPARK,1,15,24 Saat
2026-07-19T21:51:43.671139+00:00,2026-07-20T00:51:43.671139+03:00,3382,Bayrampaşa Şehit Kamil Balkan Zemin Altı Otoparkı,BAYRAMPAŞA,41.0604,28.9008,235,0,235,KAPALI OTOPARK,1,10,24 Saat
2026-07-19T21:51:43.671139+00:00,2026-07-20T00:51:43.671139+03:00,2428,Bayrampaşa Yenidoğan Mahallesi Zemin Altı Otoparkı,BAYRAMPAŞA,41.0395,28.9088,120,0,120,KAPALI OTOPARK,0,10,24 Saat
2026-07-19T21:51:43.671139+00:00,2026-07-20T00:51:43.671139+03:00,2468,Bebek Açık,BEŞİKTAŞ,41.077,29.0434,30,10,20,AÇIK OTOPARK,0,0,24 Saat
2026-07-19T21:51:43.671139+00:00,2026-07-20T00:51:43.671139+03:00,3479,Beşiktaş Halk Pazarı Açık Otoparkı,BEŞİKTAŞ,41.0496,29.0004,170,123,47,AÇIK OTOPARK,1,5,24 Saat
2026-07-19T21:51:43.671139+00:00,2026-07-20T00:51:43.671139+03:00,573,Beşiktaş Kadastro Önü 1,BEŞİKTAŞ,41.0503,29.0076,39,1,38,YOL ÜSTÜ,0,15,08:00-17:00
2026-07-19T21:51:43.671139+00:00,2026-07-20T00:51:43.671139+03:00,3257,Beykoz Sahil Cep Otoparkı,BEYKOZ,41.1286,29.0953,100,76,24,AÇIK OTOPARK,0,0,08:00-00:00
2026-07-19T21:51:43.671139+00:00,2026-07-20T00:51:43.671139+03:00,2273,Beykoz Sosyal Tesisleri,BEYKOZ,41.1143,29.0888,130,0,130,AÇIK OTOPARK,0,15,08:00-00:00
2026-07-19T21:51:43.671139+00:00,2026-07-20T00:51:43.671139+03:00,2999,Beyoğlu Gazhane Bostan Sokak 2,BEYOĞLU,41.0389,28.9903,35,1,34,YOL ÜSTÜ,0,0,07:30-16:30
2026-07-19T21:51:43.671139+00:00,2026-07-20T00:51:43.671139+03:00,3072,Beyoğlu Örnektepe Zemin Altı Otoparkı,BEYOĞLU,41.0543,28.9548,143,0,143,KAPALI OTOPARK,0,0,24 Saat
2026-07-19T21:51:43.671139+00:00,2026-07-20T00:51:43.671139+03:00,1455,Bostancı Açık,KADIKÖY,40.9523,29.0902,394,164,230,AÇIK OTOPARK,0,15,24 Saat
2026-07-19T21:51:43.671139+00:00,2026-07-20T00:51:43.671139+03:00,1456,Bostancı Sahil-Cep Açık Otoparkı,KADIKÖY,40.9545,29.0885,192,120,72,AÇIK OTOPARK,0,15,24 Saat
2026-07-19T21:51:43.671139+00:00,2026-07-20T00:51:43.671139+03:00,2150,Bostancı Vergi Dairesi Açık Otoparkı,ATAŞEHİR,40.9625,29.1083,155,0,155,AÇIK OTOPARK,0,5,08:00-20:00
2026-07-19T21:51:43.671139+00:00,2026-07-20T00:51:43.671139+03:00,2854,Bülent Ecevit Kültür Merkezi Açık Otoparkı,KARTAL,40.8852,29.1967,277,252,25,AÇIK OTOPARK,0,5,10:00-21:00
2026-07-19T21:51:43.671139+00:00,2026-07-20T00:51:43.671139+03:00,2866,Büyük İstanbul Otogarı,BAYRAMPAŞA,41.0402,28.8942,1000,0,1000,AÇIK OTOPARK,1,25,24 Saat
2026-07-19T21:51:43.671139+00:00,2026-07-20T00:51:43.671139+03:00,1192,Büyükçamlıca Korusu Sosyal Tesisleri Önü,ÜSKÜDAR,41.0264,29.0698,204,113,91,AÇIK OTOPARK,0,0,08:00-00:00
2026-07-19T21:51:43.671139+00:00,2026-07-20T00:51:43.671139+03:00,2960,Büyükçekmece Metrobüs Durağı Yanı PD Zemin Altı Otopark,BÜYÜKÇEKMECE,41.0221,28.624,448,269,179,KAPALI OTOPARK,0,0,24 Saat
2026-07-19T21:51:43.671139+00:00,2026-07-20T00:51:43.671139+03:00,1503,Cadde Bostan Açık Otoparkı,KADIKÖY,40.9636,29.0675,66,44,22,AÇIK OTOPARK,0,15,24 Saat
2026-07-19T21:51:43.671139+00:00,2026-07-20T00:51:43.671139+03:00,2933,Cemal Kamacı Spor Kompleksi Zemin Altı Otoparkı,KAĞITHANE,41.0536,28.9575,510,0,510,KAPALI OTOPARK,1,0,24 Saat
2026-07-19T21:51:43.671139+00:00,2026-07-20T00:51:43.671139+03:00,2207,Cengiz Topel Yer Altı Katlı Otoparkı,ESENLER,41.0588,28.8643,144,0,144,KAPALI OTOPARK,0,15,24 Saat
2026-07-19T21:51:43.671139+00:00,2026-07-20T00:51:43.671139+03:00,2787,Cevizli Açık Otoparkı,KARTAL,40.9179,29.1712,100,90,10,AÇIK OTOPARK,0,15,08:00-19:00
2026-07-19T21:51:43.671139+00:00,2026-07-20T00:51:43.671139+03:00,782,Cihangir Caddesi 2,BEYOĞLU,41.0319,28.9862,70,1,69,YOL ÜSTÜ,0,15,09:00-19:00
2026-07-19T21:51:43.671139+00:00,2026-07-20T00:51:43.671139+03:00,1467,Cihangir Katlı Otoparkı,BEYOĞLU,41.0318,28.9858,350,0,350,KAPALI OTOPARK,1,0,24 Saat
2026-07-19T21:51:43.671139+00:00,2026-07-20T00:51:43.671139+03:00,535,Cihannuma Yol Üstü 1,BEŞİKTAŞ,41.0454,29.0084,35,1,34,YOL ÜSTÜ,0,0,08:00-23:00
2026-07-19T21:51:43.671139+00:00,2026-07-20T00:51:43.671139+03:00,537,Cihannuma Yol Üstü 3,BEŞİKTAŞ,41.0459,29.0087,33,1,32,YOL ÜSTÜ,0,0,08:00-23:00
2026-07-19T21:51:43.671139+00:00,2026-07-20T00:51:43.671139+03:00,539,Cihannuma Yol Üstü 5,BEŞİKTAŞ,41.0489,29.0094,24,1,23,YOL ÜSTÜ,0,0,08:00-23:00
2026-07-19T21:51:43.671139+00:00,2026-07-20T00:51:43.671139+03:00,3184,Çam Sokak 6,GÜNGÖREN,41.0121,28.8882,50,1,49,YOL ÜSTÜ,0,15,08:00-17:00
2026-07-19T21:51:43.671139+00:00,2026-07-20T00:51:43.671139+03:00,3030,Çekmeköy Metro PD Zemin Altı Otoparkı,ÇEKMEKÖY,41.0147,29.1886,175,71,104,KAPALI OTOPARK,0,15,24 Saat
2026-07-19T21:51:43.671139+00:00,2026-07-20T00:51:43.671139+03:00,2905,Çeliktepe Açık Otoparkı,KAĞITHANE,41.0843,29.0056,200,51,149,AÇIK OTOPARK,1,5,24 Saat
2026-07-19T21:51:43.671139+00:00,2026-07-20T00:51:43.671139+03:00,1298,Çengelköy Açık Otoparkı,ÜSKÜDAR,41.0484,29.0533,500,0,500,AÇIK OTOPARK,0,15,24 Saat
2026-07-19T21:51:43.671139+00:00,2026-07-20T00:51:43.671139+03:00,502,Çınar Açık Otoparkı,BEŞİKTAŞ,41.0853,29.0088,65,1,64,AÇIK OTOPARK,0,0,08:00-18:00
2026-07-19T21:51:43.671139+00:00,2026-07-20T00:51:43.671139+03:00,777,Çırağan Sarayı Yol Üstü 1,BEŞİKTAŞ,41.0448,29.0165,40,1,39,YOL ÜSTÜ,0,15,08:00-23:00
2026-07-19T21:51:43.671139+00:00,2026-07-20T00:51:43.671139+03:00,778,Çırağan Sarayı Yol Üstü 2,BEŞİKTAŞ,41.0445,29.0156,40,1,39,YOL ÜSTÜ,0,15,08:00-23:00
2026-07-19T21:51:43.671139+00:00,2026-07-20T00:51:43.671139+03:00,2228,Çırpıcı Sosyal Tesisler,ZEYTİNBURNU,41,28.8926,128,0,128,AÇIK OTOPARK,0,15,07:00-00:00
2026-07-19T21:51:43.671139+00:00,2026-07-20T00:51:43.671139+03:00,1508,Çiroz Yeşilköy Halk Pazarı,BAKIRKÖY,40.9628,28.8129,471,1,470,AÇIK OTOPARK,0,0,08:00-18:00
2026-07-19T21:51:43.671139+00:00,2026-07-20T00:51:43.671139+03:00,2030,Dalyan Açık Otoparkı,KADIKÖY,40.9632,29.0651,92,67,25,AÇIK OTOPARK,0,15,24 Saat
2026-07-19T21:51:43.671139+00:00,2026-07-20T00:51:43.671139+03:00,2271,Damla Sokak 1,ŞİŞLİ,41.0672,29.0004,17,1,16,YOL ÜSTÜ,0,15,07:30-16:30
2026-07-19T21:51:43.671139+00:00,2026-07-20T00:51:43.671139+03:00,2164,Darüşşafaka Yeraltı Otoparkı,SARIYER,41.1292,29.0252,150,139,11,KAPALI OTOPARK,0,15,08:00-00:00
2026-07-19T21:51:43.671139+00:00,2026-07-20T00:51:43.671139+03:00,1653,Deniz Feneri Otoparkı,FATİH,41.0019,28.9773,175,96,79,AÇIK OTOPARK,0,5,24 Saat
2026-07-19T21:51:43.671139+00:00,2026-07-20T00:51:43.671139+03:00,595,Dostluk Yurdu 1,FATİH,41.0071,28.973,33,1,32,YOL ÜSTÜ,0,15,07:00-17:00
2026-07-19T21:51:43.671139+00:00,2026-07-20T00:51:43.671139+03:00,2237,Dragos Sosyal Tesisleri,KARTAL,40.9017,29.1458,100,55,45,AÇIK OTOPARK,1,15,24 Saat
2026-07-19T21:51:43.671139+00:00,2026-07-20T00:51:43.671139+03:00,3063,Dudullu Metro PD Zemin Altı Otoparkı,ÜMRANİYE,41.0156,29.1633,81,62,19,KAPALI OTOPARK,0,15,07:00-23:30
2026-07-19T21:51:43.671139+00:00,2026-07-20T00:51:43.671139+03:00,1522,Ebu Suut Caddesi 1,FATİH,41.0128,28.9766,35,1,34,YOL ÜSTÜ,0,0,08:00-18:00
2026-07-19T21:51:43.671139+00:00,2026-07-20T00:51:43.671139+03:00,2147,EGS Blokları Açık Otoparkı,BAKIRKÖY,40.9863,28.8354,350,120,230,AÇIK OTOPARK,0,60,09:00-19:30
2026-07-19T21:51:43.671139+00:00,2026-07-20T00:51:43.671139+03:00,2366,Esenler Adem Baştürk Kültür Merkezi Katlı,ESENLER,41.039,28.8846,460,0,460,KAPALI OTOPARK,1,15,24 Saat
2026-07-19T21:51:43.671139+00:00,2026-07-20T00:51:43.671139+03:00,3190,Esenler Havaalanı Mahallesi Zemin Altı Otoparkı,ESENLER,41.0562,28.8674,610,332,278,KAPALI OTOPARK,1,10,24 Saat
2026-07-19T21:51:43.671139+00:00,2026-07-20T00:51:43.671139+03:00,3011,Esenler Menderes Metro İstasyonu Yanı,ESENLER,41.0427,28.8783,68,0,68,AÇIK OTOPARK,1,5,24 Saat
2026-07-19T21:51:43.671139+00:00,2026-07-20T00:51:43.671139+03:00,2822,Esenler Menderes Parkı Zemin Altı Otoparkı,ESENLER,41.0412,28.8729,325,20,305,KAPALI OTOPARK,1,10,24 Saat
2026-07-19T21:51:43.671139+00:00,2026-07-20T00:51:43.671139+03:00,3303,Esenyurt Adile Naşit Bulvarı Zeminaltı Otoparkı,ESENYURT,41.0205,28.6859,367,296,71,KAPALI OTOPARK,1,15,24 Saat
2026-07-19T21:51:43.671139+00:00,2026-07-20T00:51:43.671139+03:00,1328,Eski Salı Pazarı,KADIKÖY,40.9904,29.0338,760,0,760,AÇIK OTOPARK,0,15,24 Saat
2026-07-19T21:51:43.671139+00:00,2026-07-20T00:51:43.671139+03:00,904,Eyüp Pierloti Caddesi 1,EYÜP,41.0539,28.9329,40,1,39,YOL ÜSTÜ,0,0,09:00-22:00
2026-07-19T21:51:43.671139+00:00,2026-07-20T00:51:43.671139+03:00,2850,Eyüpsultan Akşemsettin Mahallesi Zemin Altı Otoparkı,EYÜP,41.085,28.9258,110,0,110,KAPALI OTOPARK,0,15,24 Saat
2026-07-19T21:51:43.671139+00:00,2026-07-20T00:51:43.671139+03:00,2215,Fatih Çeşmesi Tabiat Parkı Otoparkı,SARIYER,41.1686,28.9448,250,242,8,AÇIK OTOPARK,0,0,06:00-20:00
2026-07-19T21:51:43.671139+00:00,2026-07-20T00:51:43.671139+03:00,1475,Fatih Katlı Otoparkı,FATİH,41.0198,28.9396,118,32,86,KAPALI OTOPARK,0,10,24 Saat
2026-07-19T21:51:43.671139+00:00,2026-07-20T00:51:43.671139+03:00,1591,Feshane PD Açık Otoparkı,EYÜP,41.0463,28.9378,200,146,54,AÇIK OTOPARK,1,15,24 Saat
2026-07-19T21:51:43.671139+00:00,2026-07-20T00:51:43.671139+03:00,1005,Florya Havuzlu Bahçe,BAKIRKÖY,40.9764,28.7908,135,1,134,AÇIK OTOPARK,0,0,09:00-23:00
2026-07-19T21:51:43.671139+00:00,2026-07-20T00:51:43.671139+03:00,2238,Florya Sosyal Tesisleri,BAKIRKÖY,40.9614,28.8091,1074,1031,43,AÇIK OTOPARK,0,15,24 Saat
2026-07-19T21:51:43.671139+00:00,2026-07-20T00:51:43.671139+03:00,3296,Gaziosmanpaşa Meydanı ve Yaşam Merkezi Zemin Altı Otoparkı,GAZİOSMANPAŞA,41.0606,28.9093,202,0,202,KAPALI OTOPARK,1,15,24 Saat
2026-07-19T21:51:43.671139+00:00,2026-07-20T00:51:43.671139+03:00,2971,Gaziosmanpaşa Zemin Altı Otoparkı,GAZİOSMANPAŞA,41.0796,28.8858,285,0,285,KAPALI OTOPARK,1,0,24 Saat
2026-07-19T21:51:43.671139+00:00,2026-07-20T00:51:43.671139+03:00,3401,Giyimkent Tekstilkent Metro Zemin Altı PD Otoparkı,ESENLER,41.0711,28.8666,203,189,14,KAPALI OTOPARK,0,10,24 Saat
2026-07-19T21:51:43.671139+00:00,2026-07-20T00:51:43.671139+03:00,2242,Gözdağı Sosyal Tesisler  Açık Otoparkı,PENDİK,40.893,29.2538,300,218,82,AÇIK OTOPARK,0,0,07:00-23:00
2026-07-19T21:51:43.671139+00:00,2026-07-20T00:51:43.671139+03:00,1879,Gülsuyu Metro PD Yer Altı Otoparkı,MALTEPE,40.9237,29.1548,76,0,76,KAPALI OTOPARK,0,15,08:00-00:00
2026-07-19T21:51:43.671139+00:00,2026-07-20T00:51:43.671139+03:00,1423,Güneş Plajı 1,BAKIRKÖY,40.9712,28.79,250,221,29,AÇIK OTOPARK,0,10,24 Saat
2026-07-19T21:51:43.671139+00:00,2026-07-20T00:51:43.671139+03:00,1461,Güneş Plajı 2,BAKIRKÖY,40.9692,28.7951,135,102,33,AÇIK OTOPARK,0,10,08:00-20:00
2026-07-19T21:51:43.671139+00:00,2026-07-20T00:51:43.671139+03:00,3053,Güngören Nikah Dairesi Zemin Altı otoparkı,GÜNGÖREN,41.0363,28.8718,147,0,147,KAPALI OTOPARK,1,10,24 Saat
2026-07-19T21:51:43.671139+00:00,2026-07-20T00:51:43.671139+03:00,2216,Gürpınar Balık Hali Otoparkı,BEYLİKDÜZÜ,40.9663,28.6019,1000,777,223,AÇIK OTOPARK,0,15,24 Saat
2026-07-19T21:51:43.671139+00:00,2026-07-20T00:51:43.671139+03:00,1525,Hacıosman Metro Yer Altı Otoparkı,SARIYER,41.14,29.0306,422,0,422,KAPALI OTOPARK,0,15,24 Saat
2026-07-19T21:51:43.671139+00:00,2026-07-20T00:51:43.671139+03:00,1470,Haldun Alagaş Katlı Otoparkı,ÜMRANİYE,41.0262,29.1052,197,152,45,KAPALI OTOPARK,1,15,24 Saat
2026-07-19T21:51:43.671139+00:00,2026-07-20T00:51:43.671139+03:00,3235,Haliç Sosyal Tesisleri Otoparkı,FATİH,41.0277,28.9572,60,34,26,AÇIK OTOPARK,0,15,07:00-00:00
2026-07-19T21:51:43.671139+00:00,2026-07-20T00:51:43.671139+03:00,2848,Halkalı Mahallesi Zemin Altı Otoparkı,KÜÇÜKÇEKMECE,41.0359,28.7848,347,287,60,KAPALI OTOPARK,0,15,24 Saat
2026-07-19T21:51:43.671139+00:00,2026-07-20T00:51:43.671139+03:00,2838,Hamidiye Mahallesi Katlı Otoparkı,KAĞITHANE,41.0949,28.971,450,213,237,KAPALI OTOPARK,1,15,24 Saat
2026-07-19T21:51:43.671139+00:00,2026-07-20T00:51:43.671139+03:00,1446,Harbiye Zemin Altı Otoparkı,BEYOĞLU,41.0408,28.9869,142,80,62,KAPALI OTOPARK,0,0,24 Saat
2026-07-19T21:51:43.671139+00:00,2026-07-20T00:51:43.671139+03:00,2332,Haydarpaşa Katlı Otoparkı,ÜSKÜDAR,41.0048,29.0251,840,769,71,KAPALI OTOPARK,1,15,24 Saat
2026-07-19T21:51:43.671139+00:00,2026-07-20T00:51:43.671139+03:00,1987,Haznedar Yer Altı Otoparkı,GÜNGÖREN,41.0083,28.8729,540,0,540,KAPALI OTOPARK,0,0,24 Saat
2026-07-19T21:51:43.671139+00:00,2026-07-20T00:51:43.671139+03:00,377,Hızır Külhani Sokak,FATİH,41.0202,28.9605,32,1,31,YOL ÜSTÜ,0,15,09:00-17:00
2026-07-19T21:51:43.671139+00:00,2026-07-20T00:51:43.671139+03:00,3173,Hürriyet Mahallesi Zeminaltı Otoparkı,GAZİOSMANPAŞA,41.0708,28.8951,190,0,190,KAPALI OTOPARK,1,15,24 Saat
2026-07-19T21:51:43.671139+00:00,2026-07-20T00:51:43.671139+03:00,157,Ihlamur Dere Caddesi 4,BEŞİKTAŞ,41.047,29.0023,27,1,26,YOL ÜSTÜ,0,15,09:00-17:00
2026-07-19T21:51:43.671139+00:00,2026-07-20T00:51:43.671139+03:00,1189,İçerenköy Sebze Meyve Hali Otoparkı,ATAŞEHİR,40.9766,29.1044,600,1,599,AÇIK OTOPARK,0,15,24 Saat
2026-07-19T21:51:43.671139+00:00,2026-07-20T00:51:43.671139+03:00,1127,İshakpaşa Caddesi,FATİH,41.0079,28.9814,200,1,199,YOL ÜSTÜ,0,0,08:00-18:00
2026-07-19T21:51:43.671139+00:00,2026-07-20T00:51:43.671139+03:00,3265,İspark İstanbul West Marina Açık Otoparkı 1,BEYLİKDÜZÜ,40.9636,28.6564,250,1,249,AÇIK OTOPARK,0,15,24 Saat
2026-07-19T21:51:43.671139+00:00,2026-07-20T00:51:43.671139+03:00,2793,İspark Merter Katlı Otoparkı,GÜNGÖREN,41.0097,28.89,900,474,426,KAPALI OTOPARK,1,10,24 Saat
2026-07-19T21:51:43.671139+00:00,2026-07-20T00:51:43.671139+03:00,2430,İspark West İstanbul Marina Açık Otoparkı,BEYLİKDÜZÜ,40.9639,28.6591,1600,1226,374,AÇIK OTOPARK,0,15,24 Saat
2026-07-19T21:51:43.671139+00:00,2026-07-20T00:51:43.671139+03:00,381,İstinye 4 ( Cami Önü ),SARIYER,41.1149,29.0571,25,1,24,YOL ÜSTÜ,0,15,08:30-17:30
2026-07-19T21:51:43.671139+00:00,2026-07-20T00:51:43.671139+03:00,1804,İtalyan Hastanesi Karşısı Açık Otoparkı 1,BEYOĞLU,41.028,28.9815,30,1,29,AÇIK OTOPARK,0,0,08:00-19:00
2026-07-19T21:51:43.671139+00:00,2026-07-20T00:51:43.671139+03:00,507,Kabasakal Medrese Önü,FATİH,41.0062,28.9789,65,1,64,AÇIK OTOPARK,0,0,08:00-18:30
2026-07-19T21:51:43.671139+00:00,2026-07-20T00:51:43.671139+03:00,3306,Kabataş Transfer Merkezi Turizm Otobüs Otoparkı,BEYOĞLU,41.0336,28.9923,160,114,46,KAPALI OTOPARK,1,20,24 Saat
2026-07-19T21:51:43.671139+00:00,2026-07-20T00:51:43.671139+03:00,2918,Kadıköy Hasanpaşa Gazhane Katlı Otoparkı,KADIKÖY,40.9972,29.0428,310,176,134,KAPALI OTOPARK,1,15,24 Saat
2026-07-19T21:51:43.671139+00:00,2026-07-20T00:51:43.671139+03:00,1447,Kadıköy İski Açık Otoparkı,KADIKÖY,40.9874,29.0207,124,100,24,AÇIK OTOPARK,0,15,24 Saat
2026-07-19T21:51:43.671139+00:00,2026-07-20T00:51:43.671139+03:00,1655,Kadıköy Metro Açık Otoparkı,KADIKÖY,40.9899,29.0217,74,50,24,AÇIK OTOPARK,0,15,24 Saat
2026-07-19T21:51:43.671139+00:00,2026-07-20T00:51:43.671139+03:00,3445,Kadıköy Uzunçayır PD Açık Otoparkı,KADIKÖY,40.9982,29.0569,70,48,22,AÇIK OTOPARK,0,15,06:30-16:30
2026-07-19T21:51:43.671139+00:00,2026-07-20T00:51:43.671139+03:00,2808,Kadıköy Yeni Salı Pazarı PD Katlı Otoparkı,KADIKÖY,40.9969,29.0486,1350,493,857,KAPALI OTOPARK,1,15,24 Saat
2026-07-19T21:51:43.671139+00:00,2026-07-20T00:51:43.671139+03:00,2811,Kağıthane Harmantepe Zemin Altı Otoparkı,KAĞITHANE,41.0816,28.9907,200,0,200,KAPALI OTOPARK,1,0,24 Saat
2026-07-19T21:51:43.671139+00:00,2026-07-20T00:51:43.671139+03:00,1452,Kalamış Açık Otoparkı,KADIKÖY,40.9687,29.0363,173,145,28,AÇIK OTOPARK,0,15,24 Saat
2026-07-19T21:51:43.671139+00:00,2026-07-20T00:51:43.671139+03:00,1474,Kartal Hasan Doğan Spor Kompleksi,KARTAL,40.8918,29.1897,773,0,773,KAPALI OTOPARK,0,15,24 Saat
2026-07-19T21:51:43.671139+00:00,2026-07-20T00:51:43.671139+03:00,1105,Kartal İdo Açık Otoparkı,KARTAL,40.8874,29.1881,90,0,90,AÇIK OTOPARK,0,15,24 Saat
2026-07-19T21:51:43.671139+00:00,2026-07-20T00:51:43.671139+03:00,1550,Kartal Sahil Açık Otoparkı,KARTAL,40.8875,29.1901,75,64,11,AÇIK OTOPARK,0,5,24 Saat
2026-07-19T21:51:43.671139+00:00,2026-07-20T00:51:43.671139+03:00,3434,Kasımpaşa Sosyal Tesisler Otoparkı,BEYOĞLU,41.0296,28.9673,60,36,24,AÇIK OTOPARK,0,0,07:30-23:00
2026-07-19T21:51:43.671139+00:00,2026-07-20T00:51:43.671139+03:00,2827,Kayaşehir Meydan Zemin Altı Otoparkı,BAŞAKŞEHİR,41.1196,28.7718,1054,1,1053,KAPALI OTOPARK,0,0,10:00-17:00
2026-07-19T21:51:43.671139+00:00,2026-07-20T00:51:43.671139+03:00,1960,Kazlıçeşme Marmaray Açık Otoparkı,ZEYTİNBURNU,40.9922,28.917,700,668,32,AÇIK OTOPARK,0,15,24 Saat
2026-07-19T21:51:43.671139+00:00,2026-07-20T00:51:43.671139+03:00,2994,Kirazlı Metro Durağı PD Açık Otoparkı,BAĞCILAR,41.033,28.8429,112,0,112,AÇIK OTOPARK,0,5,24 Saat
2026-07-19T21:51:43.671139+00:00,2026-07-20T00:51:43.671139+03:00,1528,Kore Şehitleri Caddesi - Yüzbaşı Kaya Aldağon Sokak 1,ŞİŞLİ,41.0719,29.0139,40,1,39,YOL ÜSTÜ,0,15,07:00-16:00
2026-07-19T21:51:43.671139+00:00,2026-07-20T00:51:43.671139+03:00,2449,Kozyatağı Sebze-Meyve Hali,ATAŞEHİR,40.9787,29.1029,1500,1,1499,AÇIK OTOPARK,1,0,24 Saat
2026-07-19T21:51:43.671139+00:00,2026-07-20T00:51:43.671139+03:00,1206,Kutlugün Sokak 2,FATİH,41.0061,28.9801,200,1,199,YOL ÜSTÜ,0,0,08:00-18:00
2026-07-19T21:51:43.671139+00:00,2026-07-20T00:51:43.671139+03:00,3074,Küçük Çamlıca,ÜSKÜDAR,41.0204,29.0653,129,106,23,AÇIK OTOPARK,0,0,08:00-22:00
2026-07-19T21:51:43.671139+00:00,2026-07-20T00:51:43.671139+03:00,3127,Küçükçekmece Cennet Mahallesi Meydan Zemin Altı Otoparkı,KÜÇÜKÇEKMECE,40.9907,28.783,456,0,456,KAPALI OTOPARK,0,10,24 Saat
2026-07-19T21:51:43.671139+00:00,2026-07-20T00:51:43.671139+03:00,2554,Küçükçekmece Fevzi Çakmak Meydanı Zemin Altı Otoparkı,KÜÇÜKÇEKMECE,41.0076,28.7927,1000,480,520,KAPALI OTOPARK,0,10,24 Saat
2026-07-19T21:51:43.671139+00:00,2026-07-20T00:51:43.671139+03:00,2882,Küçüksu Kasrı Açık Otoparkı,BEYKOZ,41.0789,29.0657,98,91,7,AÇIK OTOPARK,0,0,07:00-23:00
2026-07-19T21:51:43.671139+00:00,2026-07-20T00:51:43.671139+03:00,220,Levent Hamidiye,BEŞİKTAŞ,41.0861,29.0076,100,1,99,AÇIK OTOPARK,0,0,08:00-19:00
2026-07-19T21:51:43.671139+00:00,2026-07-20T00:51:43.671139+03:00,2335,Maçka Açık Otoparkı,ŞİŞLİ,41.046,28.9908,75,74,1,AÇIK OTOPARK,1,0,24 Saat
2026-07-19T21:51:43.671139+00:00,2026-07-20T00:51:43.671139+03:00,1859,Maçka Katlı Otoparkı,ŞİŞLİ,41.0484,28.9903,508,0,508,KAPALI OTOPARK,0,0,24 Saat
2026-07-19T21:51:43.671139+00:00,2026-07-20T00:51:43.671139+03:00,3193,Maltepe Rıhtım Caddesi Açık Otoparkı,MALTEPE,40.9258,29.1241,76,40,36,AÇIK OTOPARK,1,0,24 Saat
2026-07-19T21:51:43.671139+00:00,2026-07-20T00:51:43.671139+03:00,2146,Maltepe Süreyyapaşa Çarşısı Açık Otoparkı,MALTEPE,40.9274,29.1225,156,67,89,AÇIK OTOPARK,1,0,24 Saat
2026-07-19T21:51:43.671139+00:00,2026-07-20T00:51:43.671139+03:00,1599,Maslak Açık Otoparkı,SARIYER,41.1166,29.024,150,146,4,AÇIK OTOPARK,0,10,24 Saat
2026-07-19T21:51:43.671139+00:00,2026-07-20T00:51:43.671139+03:00,2100,Matbaacılar Sitesi Yanı,ZEYTİNBURNU,41.0234,28.9187,250,227,23,AÇIK OTOPARK,1,5,24 Saat
2026-07-19T21:51:43.671139+00:00,2026-07-20T00:51:43.671139+03:00,920,Meclis-i Mebusan Yokuşu 2,BEYOĞLU,41.0326,28.9882,34,1,33,YOL ÜSTÜ,0,15,09:00-17:00
2026-07-19T21:51:43.671139+00:00,2026-07-20T00:51:43.671139+03:00,1546,Menekşe Plajı Açık Otoparkı,BAKIRKÖY,40.9761,28.7766,200,199,1,AÇIK OTOPARK,0,0,24 Saat
2026-07-19T21:51:43.671139+00:00,2026-07-20T00:51:43.671139+03:00,1376,Mercan Açık,FATİH,41.0136,28.9669,130,128,2,AÇIK OTOPARK,0,0,08:00-23:00
2026-07-19T21:51:43.671139+00:00,2026-07-20T00:51:43.671139+03:00,3309,Mercan Ali Paşa Sarayı Zemin Altı Otoparkı,FATİH,41.0136,28.967,196,1,195,KAPALI OTOPARK,0,0,07:00-21:00
2026-07-19T21:51:43.671139+00:00,2026-07-20T00:51:43.671139+03:00,1472,Merter Katlı Otoparkı,GÜNGÖREN,41.0092,28.8874,1000,918,82,KAPALI OTOPARK,0,10,24 Saat
2026-07-19T21:51:43.671139+00:00,2026-07-20T00:51:43.671139+03:00,2375,Merter Metro PD Zeminaltı Otoparkı,GÜNGÖREN,41.0037,28.8897,242,102,140,KAPALI OTOPARK,1,10,24 Saat
2026-07-19T21:51:43.671139+00:00,2026-07-20T00:51:43.671139+03:00,1568,Mete Caddesi 1,BEYOĞLU,41.0382,28.9879,31,1,30,YOL ÜSTÜ,0,15,08:00-23:00
2026-07-19T21:51:43.671139+00:00,2026-07-20T00:51:43.671139+03:00,1471,Mevlana Yeraltı Katlı Otoparkı,ZEYTİNBURNU,41.0072,28.9049,1000,846,154,KAPALI OTOPARK,0,5,24 Saat
2026-07-19T21:51:43.671139+00:00,2026-07-20T00:51:43.671139+03:00,2709,Millet Caddesi Açık Otoparkı,FATİH,41.01,28.9461,60,43,17,AÇIK OTOPARK,0,15,24 Saat
2026-07-19T21:51:43.671139+00:00,2026-07-20T00:51:43.671139+03:00,3152,Mimar Sinan Zemin Altı Otoparkı,ÜSKÜDAR,41.0222,29.0169,956,537,419,KAPALI OTOPARK,0,15,24 Saat
2026-07-19T21:51:43.671139+00:00,2026-07-20T00:51:43.671139+03:00,2870,Miniatürk Çadır Açık Otoparkı,BEYOĞLU,41.0594,28.9501,250,187,63,AÇIK OTOPARK,0,15,07:00-20:00
2026-07-19T21:51:43.671139+00:00,2026-07-20T00:51:43.671139+03:00,2556,Muallim Naci Açık Otoparkı,BEŞİKTAŞ,41.0561,29.0342,35,18,17,AÇIK OTOPARK,1,15,24 Saat
2026-07-19T21:51:43.671139+00:00,2026-07-20T00:51:43.671139+03:00,569,Oda Kule Önü 1,BEYOĞLU,41.0322,28.9751,24,1,23,YOL ÜSTÜ,0,0,07:00-01:00
2026-07-19T21:51:43.671139+00:00,2026-07-20T00:51:43.671139+03:00,1988,Orhangazi Şehir Parkı PD Açık Otoparkı,MALTEPE,40.9313,29.1161,5022,4595,427,AÇIK OTOPARK,1,15,24 Saat
2026-07-19T21:51:43.671139+00:00,2026-07-20T00:51:43.671139+03:00,152,Ortabahçe Caddesi 2,BEŞİKTAŞ,41.0428,29.0043,35,1,34,YOL ÜSTÜ,0,15,08:00-23:00
2026-07-19T21:51:43.671139+00:00,2026-07-20T00:51:43.671139+03:00,153,Ortabahçe Caddesi 3,BEŞİKTAŞ,41.043,29.0042,26,1,25,YOL ÜSTÜ,0,15,08:00-23:00
2026-07-19T21:51:43.671139+00:00,2026-07-20T00:51:43.671139+03:00,119,Ortaklar Caddesi 1,ŞİŞLİ,41.0638,28.9971,25,1,24,YOL ÜSTÜ,0,15,08:30-17:00
2026-07-19T21:51:43.671139+00:00,2026-07-20T00:51:43.671139+03:00,1343,Ortaköy Açık Otoparkı,BEŞİKTAŞ,41.0504,29.0326,170,151,19,AÇIK OTOPARK,1,0,24 Saat
2026-07-19T21:51:43.671139+00:00,2026-07-20T00:51:43.671139+03:00,572,Ortaköy Portakal Yokuşu 1,BEŞİKTAŞ,41.0503,29.0261,15,1,14,YOL ÜSTÜ,0,15,09:00-19:00
2026-07-19T21:51:43.671139+00:00,2026-07-20T00:51:43.671139+03:00,1039,Öğretmen Evi,AVCILAR,40.9723,28.714,80,42,38,AÇIK OTOPARK,0,0,11:00-23:00
2026-07-19T21:51:43.671139+00:00,2026-07-20T00:51:43.671139+03:00,1466,Pendik Katlı Otoparkı,PENDİK,40.8789,29.2342,120,46,74,KAPALI OTOPARK,0,15,24 Saat
2026-07-19T21:51:43.671139+00:00,2026-07-20T00:51:43.671139+03:00,3073,Pendik Kemal Kalkuz Parkı Zemin Altı Otoparkı,PENDİK,40.8885,29.2427,224,1,223,KAPALI OTOPARK,0,0,09:00-18:00
2026-07-19T21:51:43.671139+00:00,2026-07-20T00:51:43.671139+03:00,3019,Pendik Meydan Zemin Altı Otoparkı,PENDİK,40.8752,29.2324,937,0,937,KAPALI OTOPARK,1,0,24 Saat
2026-07-19T21:51:43.671139+00:00,2026-07-20T00:51:43.671139+03:00,2865,Pendik Sahil Engelliler Merkez Önü,PENDİK,40.8735,29.233,100,66,34,AÇIK OTOPARK,0,0,11:00-20:00
2026-07-19T21:51:43.671139+00:00,2026-07-20T00:51:43.671139+03:00,2434,Pendik Sahil İdo,PENDİK,40.8755,29.2369,100,0,100,AÇIK OTOPARK,0,0,07:00-23:00
2026-07-19T21:51:43.671139+00:00,2026-07-20T00:51:43.671139+03:00,248,Pendik Yenimahalle Açık 2 Otoparkı,PENDİK,40.864,29.2723,124,112,12,AÇIK OTOPARK,0,15,10:00-22:00
2026-07-19T21:51:43.671139+00:00,2026-07-20T00:51:43.671139+03:00,297,Perşembe Pazarı 1,BEYOĞLU,41.0252,28.9693,32,1,31,YOL ÜSTÜ,0,15,08:00-17:00
2026-07-19T21:51:43.671139+00:00,2026-07-20T00:51:43.671139+03:00,597,Pierre Loti Caddesi 3,FATİH,41.0069,28.9711,36,1,35,YOL ÜSTÜ,0,0,07:00-17:00
2026-07-19T21:51:43.671139+00:00,2026-07-20T00:51:43.671139+03:00,3263,Piyalepaşa Meydanı Zemin Altı Otoparkı,BEYOĞLU,41.0445,28.9674,560,230,330,KAPALI OTOPARK,0,0,24 Saat
2026-07-19T21:51:43.671139+00:00,2026-07-20T00:51:43.671139+03:00,423,Prof.Cemil Birsel Yokuşu 3,FATİH,41.0178,28.967,40,1,39,YOL ÜSTÜ,0,0,07:00-18:00
2026-07-19T21:51:43.671139+00:00,2026-07-20T00:51:43.671139+03:00,1900,Ragıp Gümüşpala Cad.(Sobacılar Önü),FATİH,41.0181,28.969,40,1,39,YOL ÜSTÜ,0,15,07:00-18:00
2026-07-19T21:51:43.671139+00:00,2026-07-20T00:51:43.671139+03:00,415,Ragıp Gümüşpala Camii Önü 1,FATİH,41.0211,28.9627,35,1,34,YOL ÜSTÜ,0,0,07:00-17:30
2026-07-19T21:51:43.671139+00:00,2026-07-20T00:51:43.671139+03:00,3268,Refik Saydam Caddesi 3,BEYOĞLU,41.032,28.9736,55,1,54,YOL ÜSTÜ,0,0,06:00-23:00
2026-07-19T21:51:43.671139+00:00,2026-07-20T00:51:43.671139+03:00,2307,Ressam Halim Sokak PD Açık Otoparkı,BAHÇELİEVLER,40.9967,28.8641,120,97,23,AÇIK OTOPARK,0,15,08:00-00:00
2026-07-19T21:51:43.671139+00:00,2026-07-20T00:51:43.671139+03:00,3082,Rumeli Hisarı Sahil Yolu Otoparkı,SARIYER,41.0854,29.0568,20,4,16,AÇIK OTOPARK,1,0,24 Saat
2026-07-19T21:51:43.671139+00:00,2026-07-20T00:51:43.671139+03:00,1595,Sabiha Gökçen Açık Otoparkı,PENDİK,40.925,29.308,1056,285,771,AÇIK OTOPARK,0,15,24 Saat
2026-07-19T21:51:43.671139+00:00,2026-07-20T00:51:43.671139+03:00,3239,Samatya Sahil Cep Otoparkı,FATİH,40.9954,28.932,113,70,43,AÇIK OTOPARK,1,15,24 Saat
2026-07-19T21:51:43.671139+00:00,2026-07-20T00:51:43.671139+03:00,3273,Sarıyer Büyükdere Fidanlığı,SARIYER,41.1548,29.0268,160,157,3,AÇIK OTOPARK,0,0,08:00-18:00
2026-07-19T21:51:43.671139+00:00,2026-07-20T00:51:43.671139+03:00,3299,Sariyer Ayazağa Mah Vadi İstanbul Önü Açık Otoparkı,SARIYER,41.1106,28.9881,100,97,3,AÇIK OTOPARK,0,0,08:00-20:00
2026-07-19T21:51:43.671139+00:00,2026-07-20T00:51:43.671139+03:00,1303,Seyrantepe Katlı (Arena Karşısı) 1,KAĞITHANE,41.101,28.9961,1897,1,1896,KAPALI OTOPARK,1,0,24 Saat
2026-07-19T21:51:43.671139+00:00,2026-07-20T00:51:43.671139+03:00,1628,Sıracevizler Caddesi Yol Üstü 5,ŞİŞLİ,41.0607,28.9841,45,1,44,YOL ÜSTÜ,0,15,09:00-17:00
2026-07-19T21:51:43.671139+00:00,2026-07-20T00:51:43.671139+03:00,464,Sirkeci Gar Önü,FATİH,41.015,28.9761,60,1,59,AÇIK OTOPARK,0,5,07:00-20:00
2026-07-19T21:51:43.671139+00:00,2026-07-20T00:51:43.671139+03:00,1486,Siyavuşpaşa Yer Altı Otoparkı,BAHÇELİEVLER,40.9965,28.8532,155,0,155,KAPALI OTOPARK,1,0,24 Saat
2026-07-19T21:51:43.671139+00:00,2026-07-20T00:51:43.671139+03:00,1958,Soğanlık Metro PD Açık Otoparkı,KARTAL,40.9131,29.1925,898,863,35,AÇIK OTOPARK,0,15,24 Saat
2026-07-19T21:51:43.671139+00:00,2026-07-20T00:51:43.671139+03:00,589,Su Terazisi Sokak,FATİH,41.0046,28.9727,22,1,21,YOL ÜSTÜ,0,0,07:30-17:00
2026-07-19T21:51:43.671139+00:00,2026-07-20T00:51:43.671139+03:00,1478,Suadiye Cep Açık Otoparkı,KADIKÖY,40.9586,29.0732,130,119,11,AÇIK OTOPARK,0,15,24 Saat
2026-07-19T21:51:43.671139+00:00,2026-07-20T00:51:43.671139+03:00,2948,Suadiye Sahil Açık Otoparkı,KADIKÖY,40.9562,29.0797,70,62,8,AÇIK OTOPARK,1,5,24 Saat
2026-07-19T21:51:43.671139+00:00,2026-07-20T00:51:43.671139+03:00,2799,Sultanbeyli Emir Caddesi Zemin Altı Otoparkı,SULTANBEYLİ,40.9707,29.2606,130,115,15,KAPALI OTOPARK,0,15,08:00-22:00
2026-07-19T21:51:43.671139+00:00,2026-07-20T00:51:43.671139+03:00,2372,Sultanbeyli Kent Meydanı Zemin Altı Otoparkı,SULTANBEYLİ,40.9667,29.2667,300,212,88,KAPALI OTOPARK,1,15,24 Saat
2026-07-19T21:51:43.671139+00:00,2026-07-20T00:51:43.671139+03:00,2410,Sultangazi Zemin Altı Otoparkı,SULTANGAZİ,41.0944,28.8649,104,0,104,KAPALI OTOPARK,1,10,24 Saat
2026-07-19T21:51:43.671139+00:00,2026-07-20T00:51:43.671139+03:00,2085,Süleyman Seba Caddesi 2,BEŞİKTAŞ,41.0426,28.9998,40,1,39,YOL ÜSTÜ,0,15,08:00-18:00
2026-07-19T21:51:43.671139+00:00,2026-07-20T00:51:43.671139+03:00,2088,Süleyman Seba Caddesi 5,BEŞİKTAŞ,41.0432,28.9978,40,1,39,YOL ÜSTÜ,0,15,08:00-18:00
2026-07-19T21:51:43.671139+00:00,2026-07-20T00:51:43.671139+03:00,2089,Süleyman Seba Caddesi 6,BEŞİKTAŞ,41.0435,28.9967,11,1,10,YOL ÜSTÜ,0,15,08:00-18:00
2026-07-19T21:51:43.671139+00:00,2026-07-20T00:51:43.671139+03:00,2391,Süleymaniye Cami Altı Açık Otoparkı,FATİH,41.0158,28.961,250,234,16,AÇIK OTOPARK,0,0,06:30-18:30
2026-07-19T21:51:43.671139+00:00,2026-07-20T00:51:43.671139+03:00,1730,Sütlüce Miniatürk Yanı,BEYOĞLU,41.057,28.95,320,236,84,AÇIK OTOPARK,1,15,24 Saat
2026-07-19T21:51:43.671139+00:00,2026-07-20T00:51:43.671139+03:00,36,Şakayık Sokak 4,ŞİŞLİ,41.0518,28.9936,50,1,49,YOL ÜSTÜ,0,15,08:00-16:00
2026-07-19T21:51:43.671139+00:00,2026-07-20T00:51:43.671139+03:00,1469,Şehit Volkan Duysak Katlı Otoparkı,ZEYTİNBURNU,40.9968,28.9039,1000,663,337,KAPALI OTOPARK,0,5,24 Saat
2026-07-19T21:51:43.671139+00:00,2026-07-20T00:51:43.671139+03:00,2385,Şehremini Açık Otoparkı 1,FATİH,41.0135,28.9333,60,1,59,AÇIK OTOPARK,0,0,08:30-20:30
2026-07-19T21:51:43.671139+00:00,2026-07-20T00:51:43.671139+03:00,2855,Şemsipaşa Açık Otoparkı,ÜSKÜDAR,41.0255,29.0097,80,67,13,AÇIK OTOPARK,1,0,24 Saat
2026-07-19T21:51:43.671139+00:00,2026-07-20T00:51:43.671139+03:00,2439,Şirinevler Meydan Zeminaltı Otoparkı,BAHÇELİEVLER,40.9925,28.8496,367,115,252,KAPALI OTOPARK,1,0,24 Saat
2026-07-19T21:51:43.671139+00:00,2026-07-20T00:51:43.671139+03:00,3400,Şişhane Refik Saydam Caddesi 2 Yol Üstü Otoparkı 1,BEYOĞLU,41.0326,28.9743,70,1,69,YOL ÜSTÜ,0,15,06:00-23:00
2026-07-19T21:51:43.671139+00:00,2026-07-20T00:51:43.671139+03:00,1017,Şişli Kadırgalar Caddesi 1,ŞİŞLİ,41.0429,28.9927,100,1,99,AÇIK OTOPARK,0,0,07:00-23:00
2026-07-19T21:51:43.671139+00:00,2026-07-20T00:51:43.671139+03:00,3441,Şişli Kuştepe Zemin Altı Otoparkı,ŞİŞLİ,41.072,28.9919,430,321,109,KAPALI OTOPARK,0,15,24 Saat
2026-07-19T21:51:43.671139+00:00,2026-07-20T00:51:43.671139+03:00,2816,Şişli Rumeli Caddesi Metro Yanı 1,ŞİŞLİ,41.0538,28.9868,45,1,44,YOL ÜSTÜ,0,15,08:00-20:00
2026-07-19T21:51:43.671139+00:00,2026-07-20T00:51:43.671139+03:00,2406,Şişli Zemin Altı Otoparkı,ŞİŞLİ,41.0641,28.9992,581,403,178,KAPALI OTOPARK,1,15,24 Saat
2026-07-19T21:51:43.671139+00:00,2026-07-20T00:51:43.671139+03:00,1993,Tuzla İdo,TUZLA,40.8149,29.3039,300,253,47,AÇIK OTOPARK,0,15,24 Saat
2026-07-19T21:51:43.671139+00:00,2026-07-20T00:51:43.671139+03:00,3332,Tuzla Sahil Cep,TUZLA,40.8168,29.2992,50,41,9,AÇIK OTOPARK,0,0,08:00-00:00
2026-07-19T21:51:43.671139+00:00,2026-07-20T00:51:43.671139+03:00,3057,Tuzla Sahil Zemin Altı Otoparkı,TUZLA,40.8181,29.3004,779,540,239,KAPALI OTOPARK,1,15,24 Saat
2026-07-19T21:51:43.671139+00:00,2026-07-20T00:51:43.671139+03:00,1811,Ulu Camii Açık Otoparkı,BAHÇELİEVLER,40.9982,28.8499,150,117,33,AÇIK OTOPARK,1,10,24 Saat
2026-07-19T21:51:43.671139+00:00,2026-07-20T00:51:43.671139+03:00,2424,Uzunçayır Açık Otoparkı,KADIKÖY,40.9988,29.0556,58,52,6,AÇIK OTOPARK,0,0,06:00-16:00
2026-07-19T21:51:43.671139+00:00,2026-07-20T00:51:43.671139+03:00,1468,Ümraniye Katlı Otoparkı,ÜMRANİYE,41.0261,29.0953,665,522,143,KAPALI OTOPARK,0,15,24 Saat
2026-07-19T21:51:43.671139+00:00,2026-07-20T00:51:43.671139+03:00,2898,Ümraniye Okan Sokak Zeminaltı Otoparkı,ÜMRANİYE,41.0284,29.0907,125,15,110,KAPALI OTOPARK,1,15,24 Saat
2026-07-19T21:51:43.671139+00:00,2026-07-20T00:51:43.671139+03:00,2345,Üsküdar Uzunçayır PD Açık Otoparkı,ÜSKÜDAR,40.9988,29.0577,90,79,11,AÇIK OTOPARK,0,15,06:00-22:00
2026-07-19T21:51:43.671139+00:00,2026-07-20T00:51:43.671139+03:00,1929,Üsküdar Ünalan Açık Otoparkı,ÜSKÜDAR,40.9979,29.0604,180,175,5,AÇIK OTOPARK,0,0,07:00-17:00
2026-07-19T21:51:43.671139+00:00,2026-07-20T00:51:43.671139+03:00,1487,Vatan Caddesi PD Açık Otoparkı,FATİH,41.0157,28.9405,397,370,27,AÇIK OTOPARK,0,5,24 Saat
2026-07-19T21:51:43.671139+00:00,2026-07-20T00:51:43.671139+03:00,1621,Veteriner Hilmi Sokak Yol Üstü 1,ŞİŞLİ,41.0603,28.9892,20,1,19,YOL ÜSTÜ,0,15,08:00-17:00
2026-07-19T21:51:43.671139+00:00,2026-07-20T00:51:43.671139+03:00,2441,Yalı Açık Otoparkı,MALTEPE,40.9095,29.137,85,81,4,AÇIK OTOPARK,0,0,07:30-22:00
2026-07-19T21:51:43.671139+00:00,2026-07-20T00:51:43.671139+03:00,459,Yalı Köşkü Caddesi 1,FATİH,41.0163,28.9759,61,1,60,YOL ÜSTÜ,0,5,07:00-21:00
2026-07-19T21:51:43.671139+00:00,2026-07-20T00:51:43.671139+03:00,2037,Yenikapı Marmaray Büyük Otoparkı,FATİH,41.0057,28.9505,324,275,49,AÇIK OTOPARK,1,15,24 Saat
2026-07-19T21:51:43.671139+00:00,2026-07-20T00:51:43.671139+03:00,2036,Yenikapı Marmaray Küçük Otoparkı,FATİH,41.0064,28.9504,200,197,3,AÇIK OTOPARK,0,15,07:00-22:00
2026-07-19T21:51:43.671139+00:00,2026-07-20T00:51:43.671139+03:00,2175,Yenikapı Spor ve Kültür Merkezi PD Açık Otoparkı,FATİH,41.0006,28.9519,4023,3827,196,AÇIK OTOPARK,0,15,24 Saat
2026-07-19T21:51:43.671139+00:00,2026-07-20T00:51:43.671139+03:00,2805,Yenikapı Tünel Üstü Açık Otoparkı,FATİH,41.0029,28.9534,700,635,65,AÇIK OTOPARK,1,10,24 Saat
2026-07-19T21:51:43.671139+00:00,2026-07-20T00:51:43.671139+03:00,3404,Yenimahalle Metro Zemin Altı PD Otoparkı,GAZİOSMANPAŞA,41.0839,28.8926,114,91,23,KAPALI OTOPARK,1,15,24 Saat
2026-07-19T21:51:43.671139+00:00,2026-07-20T00:51:43.671139+03:00,2920,Yeşilce Zemin Altı Katlı Otoparkı,KAĞITHANE,41.0938,29.0017,676,189,487,KAPALI OTOPARK,1,0,24 Saat
2026-07-19T21:51:43.671139+00:00,2026-07-20T00:51:43.671139+03:00,987,Yeşilköy İstasyon Caddesi 1,BAKIRKÖY,40.962,28.825,40,1,39,YOL ÜSTÜ,0,15,09:00-17:30
2026-07-19T21:51:43.671139+00:00,2026-07-20T00:51:43.671139+03:00,974,Yeşilköy Marina 1,BAKIRKÖY,40.9576,28.8233,145,1,144,YOL ÜSTÜ,0,0,12:00-23:00
2026-07-19T21:51:43.671139+00:00,2026-07-20T00:51:43.671139+03:00,3406,Yeşilpınar Metro Zemin Altı PD Otoparkı,EYÜP,41.081,28.9204,269,191,78,KAPALI OTOPARK,1,15,24 Saat
2026-07-19T21:51:43.671139+00:00,2026-07-20T00:51:43.671139+03:00,315,Yeşilyurt Çarşı 1,BAKIRKÖY,40.9643,28.8379,50,1,49,YOL ÜSTÜ,0,15,09:00-17:30
2026-07-19T21:51:43.671139+00:00,2026-07-20T00:51:43.671139+03:00,1133,Yıldız Korusu,BEŞİKTAŞ,41.0514,29.0165,500,1,499,AÇIK OTOPARK,0,0,08:00-22:00
2026-07-19T21:51:43.671139+00:00,2026-07-20T00:51:43.671139+03:00,3185,Zeytinburnu Sahil Cep Otoparkı,ZEYTİNBURNU,40.9798,28.8985,160,1,159,AÇIK OTOPARK,0,0,12:00-22:00
2026-07-19T22:51:22.698698+00:00,2026-07-20T01:51:22.698698+03:00,3068,15 Temmuz Şehitler Meydanı Zeminaltı Otoparkı,ÜMRANİYE,41.0246,29.0915,1029,672,357,KAPALI OTOPARK,0,15,24 Saat
2026-07-19T22:51:22.698698+00:00,2026-07-20T01:51:22.698698+03:00,2338,19 Mayıs Açık,ŞİŞLİ,41.0563,28.9941,65,0,65,AÇIK OTOPARK,1,0,24 Saat
2026-07-19T22:51:22.698698+00:00,2026-07-20T01:51:22.698698+03:00,1751,4.Levent PD Açık Otoparkı,KAĞITHANE,41.0836,29.0081,236,139,97,AÇIK OTOPARK,1,5,24 Saat
2026-07-19T22:51:22.698698+00:00,2026-07-20T01:51:22.698698+03:00,3328,4.Levent Servis ve Turizm Araçları Açık Otoparkı,ŞİŞLİ,41.0841,29.0054,300,147,153,AÇIK OTOPARK,1,15,24 Saat
2026-07-19T22:51:22.698698+00:00,2026-07-20T01:51:22.698698+03:00,3412,5. Levent Gaziosmanpaşa Adliyesi Yanı Açık Otoparkı,EYÜP,41.0927,28.9494,250,235,15,AÇIK OTOPARK,0,15,07:00-23:00
2026-07-19T22:51:22.698698+00:00,2026-07-20T01:51:22.698698+03:00,104,Abide-i Hürriyet Caddesi 5,ŞİŞLİ,41.0619,28.9876,40,1,39,YOL ÜSTÜ,0,15,08:00-17:00
2026-07-19T22:51:22.698698+00:00,2026-07-20T01:51:22.698698+03:00,2452,Acıbadem Açık Otoparkı,ÜSKÜDAR,41.0157,29.0574,100,87,13,AÇIK OTOPARK,0,0,06:30-16:00
2026-07-19T22:51:22.698698+00:00,2026-07-20T01:51:22.698698+03:00,346,Ada Karşısı Cep 2,BEŞİKTAŞ,41.072,29.045,30,1,29,YOL ÜSTÜ,0,15,08:00-23:00
2026-07-19T22:51:22.698698+00:00,2026-07-20T01:51:22.698698+03:00,1663,Akasyalı Sokak Tenis Kulubü Önü 2,BEŞİKTAŞ,41.0867,29.0109,45,1,44,YOL ÜSTÜ,0,15,08:30-17:30
2026-07-19T22:51:22.698698+00:00,2026-07-20T01:51:22.698698+03:00,828,Akdeniz Caddesi 4,FATİH,41.0175,28.9435,27,1,26,YOL ÜSTÜ,0,15,09:00-18:00
2026-07-19T22:51:22.698698+00:00,2026-07-20T01:51:22.698698+03:00,1913,Alibeyköy Cep Otogarı Açık Otoparkı,EYÜP,41.0879,28.9446,116,40,76,AÇIK OTOPARK,1,25,24 Saat
2026-07-19T22:51:22.698698+00:00,2026-07-20T01:51:22.698698+03:00,1912,Alibeyköy Cep Otogarı Otobüs Otoparkı,EYÜP,41.0875,28.9449,5000,4981,19,AÇIK OTOPARK,1,60,24 Saat
2026-07-19T22:51:22.698698+00:00,2026-07-20T01:51:22.698698+03:00,2562,Alibeyköy Yeşiltepe Zemin Altı Otoparkı,EYÜP,41.0797,28.938,159,44,115,KAPALI OTOPARK,0,15,24 Saat
2026-07-19T22:51:22.698698+00:00,2026-07-20T01:51:22.698698+03:00,3201,Altınboynuz Sosyal Tesisleri,EYÜP,41.058,28.9447,70,1,69,AÇIK OTOPARK,0,15,08:00-23:00
2026-07-19T22:51:22.698698+00:00,2026-07-20T01:51:22.698698+03:00,758,Arap Camii Açık Otoparkı,BEYOĞLU,41.0227,28.9723,30,1,29,AÇIK OTOPARK,0,0,09:00-17:00
2026-07-19T22:51:22.698698+00:00,2026-07-20T01:51:22.698698+03:00,2685,Aras Sokak 2,BÜYÜKÇEKMECE,41.023,28.6209,60,1,59,YOL ÜSTÜ,0,0,06:00-14:30
2026-07-19T22:51:22.698698+00:00,2026-07-20T01:51:22.698698+03:00,2802,Arnavutköy Zemin Altı Otoparkı,ARNAVUTKÖY,41.1838,28.7396,700,14,686,KAPALI OTOPARK,1,15,24 Saat
2026-07-19T22:51:22.698698+00:00,2026-07-20T01:51:22.698698+03:00,1797,Ataköy Atrium AVM,BAKIRKÖY,40.9881,28.8459,250,193,57,AÇIK OTOPARK,0,15,08:00-23:00
2026-07-19T22:51:22.698698+00:00,2026-07-20T01:51:22.698698+03:00,2824,Ataköy Metro Durağı Yanı PD Zemin Altı Otoparkı,BAKIRKÖY,40.9904,28.8456,150,90,60,KAPALI OTOPARK,1,0,24 Saat
2026-07-19T22:51:22.698698+00:00,2026-07-20T01:51:22.698698+03:00,3161,Ataşehir Topçu İbrahim Sokak,ATAŞEHİR,40.9736,29.101,42,1,41,YOL ÜSTÜ,0,15,07:00-16:00
2026-07-19T22:51:22.698698+00:00,2026-07-20T01:51:22.698698+03:00,359,Atatürk Bulvarı 1,FATİH,41.0112,28.9534,20,1,19,YOL ÜSTÜ,0,0,07:30-18:00
2026-07-19T22:51:22.698698+00:00,2026-07-20T01:51:22.698698+03:00,3087,Atatürk Kent Ormanı Otoparkı,SARIYER,41.136,29.0262,200,198,2,AÇIK OTOPARK,0,0,08:00-17:00
2026-07-19T22:51:22.698698+00:00,2026-07-20T01:51:22.698698+03:00,2243,Avcılar Denizköşkler Toplantı ve Davet Salonu Açık Otoparkı,AVCILAR,40.9746,28.7435,200,1,199,AÇIK OTOPARK,0,15,13:00-07:00
2026-07-19T22:51:22.698698+00:00,2026-07-20T01:51:22.698698+03:00,1088,Avcılar İdo,AVCILAR,40.9712,28.7185,270,262,8,AÇIK OTOPARK,0,0,13:00-07:00
2026-07-19T22:51:22.698698+00:00,2026-07-20T01:51:22.698698+03:00,2885,Azapkapı Haliç Metro Otoparkı,ŞİŞLİ,41.0245,28.9691,80,72,8,AÇIK OTOPARK,1,5,24 Saat
2026-07-19T22:51:22.698698+00:00,2026-07-20T01:51:22.698698+03:00,2455,Azerbaycan Dostluk Parkı Zemin Altı Otoparkı,BAĞCILAR,41.0444,28.854,400,155,245,KAPALI OTOPARK,0,10,24 Saat
2026-07-19T22:51:22.698698+00:00,2026-07-20T01:51:22.698698+03:00,2965,Bağcılar Çolakoğlu Zemin Altı Otoparkı,BAĞCILAR,41.0324,28.8345,106,0,106,KAPALI OTOPARK,1,5,24 Saat
2026-07-19T22:51:22.698698+00:00,2026-07-20T01:51:22.698698+03:00,2576,Bağcılar Demirkapı Zemin Altı Otoparkı,BAĞCILAR,41.0499,28.8327,343,117,226,KAPALI OTOPARK,1,5,24 Saat
2026-07-19T22:51:22.698698+00:00,2026-07-20T01:51:22.698698+03:00,3036,Bağcılar Devlet Hastanesi Yanı Zeminaltı Otoparkı,BAĞCILAR,41.0312,28.8696,1133,128,1005,KAPALI OTOPARK,1,15,24 Saat
2026-07-19T22:51:22.698698+00:00,2026-07-20T01:51:22.698698+03:00,3071,Bağcılar Emniyet Müdürlüğü Yanı Açık Otoparkı,BAĞCILAR,41.0353,28.8598,100,37,63,AÇIK OTOPARK,1,0,24 Saat
2026-07-19T22:51:22.698698+00:00,2026-07-20T01:51:22.698698+03:00,2873,Bağcılar Göztepe Zemin Altı,BAĞCILAR,41.0567,28.8355,120,0,120,KAPALI OTOPARK,1,5,24 Saat
2026-07-19T22:51:22.698698+00:00,2026-07-20T01:51:22.698698+03:00,3187,Bağcılar Hürriyet Mahallesi Zemin Altı Otoparkı,BAĞCILAR,41.0291,28.8333,355,0,355,KAPALI OTOPARK,1,10,24 Saat
2026-07-19T22:51:22.698698+00:00,2026-07-20T01:51:22.698698+03:00,2916,Bağcılar Kent Meydanı PD Zemin Altı Otoparkı,BAĞCILAR,41.0339,28.8556,1162,0,1162,KAPALI OTOPARK,0,0,24 Saat
2026-07-19T22:51:22.698698+00:00,2026-07-20T01:51:22.698698+03:00,3261,Bağcılar Yenimahalle Zemin Altı Otoparkı,BAĞCILAR,41.0425,28.8395,525,251,274,KAPALI OTOPARK,1,15,24 Saat
2026-07-19T22:51:22.698698+00:00,2026-07-20T01:51:22.698698+03:00,2820,Bağcılar Yıldıztepe Katlı Otoparkı,BAĞCILAR,41.0294,28.8556,350,0,350,KAPALI OTOPARK,1,10,24 Saat
2026-07-19T22:51:22.698698+00:00,2026-07-20T01:51:22.698698+03:00,3447,Bahçelievler 23 Nisan Milli Egemenlik Zeminaltı Otoparkı,BAHÇELİEVLER,40.9988,28.8472,732,345,387,KAPALI OTOPARK,1,10,24 Saat
2026-07-19T22:51:22.698698+00:00,2026-07-20T01:51:22.698698+03:00,2993,Bahçelievler Cumhuriyet Zeminaltı Otoparkı,BAHÇELİEVLER,41.0149,28.859,663,0,663,KAPALI OTOPARK,0,10,24 Saat
2026-07-19T22:51:22.698698+00:00,2026-07-20T01:51:22.698698+03:00,2969,Bahçelievler Devlet Hastanesi Yanı Katlı Otoparkı,BAHÇELİEVLER,41.0072,28.8442,740,0,740,KAPALI OTOPARK,1,0,24 Saat
2026-07-19T22:51:22.698698+00:00,2026-07-20T01:51:22.698698+03:00,3051,Bahçelievler Zafer Mh. Zeminaltı Otoparkı,BAHÇELİEVLER,41.0036,28.8351,200,44,156,KAPALI OTOPARK,1,0,24 Saat
2026-07-19T22:51:22.698698+00:00,2026-07-20T01:51:22.698698+03:00,3118,Bahçeşehir Doğa Parkı Caddesi 3,BAŞAKŞEHİR,41.0683,28.6894,22,1,21,YOL ÜSTÜ,0,15,10:00-20:00
2026-07-19T22:51:22.698698+00:00,2026-07-20T01:51:22.698698+03:00,3236,Bahçeşehir Gölet Açık Otoparkı,BAŞAKŞEHİR,41.0719,28.6901,200,1,199,AÇIK OTOPARK,0,0,12:00-22:00
2026-07-19T22:51:22.698698+00:00,2026-07-20T01:51:22.698698+03:00,1465,Bakırköy İdo Açık Otoparkı,BAKIRKÖY,40.9739,28.8761,160,127,33,AÇIK OTOPARK,1,10,24 Saat
2026-07-19T22:51:22.698698+00:00,2026-07-20T01:51:22.698698+03:00,1104,Balmumcu Katlı Otoparkı,BEŞİKTAŞ,41.0636,29.0109,400,331,69,KAPALI OTOPARK,1,5,24 Saat
2026-07-19T22:51:22.698698+00:00,2026-07-20T01:51:22.698698+03:00,2796,Başakşehir Metro Açık Otoparkı,BAŞAKŞEHİR,41.107,28.801,125,1,124,AÇIK OTOPARK,0,0,07:00-16:00
2026-07-19T22:51:22.698698+00:00,2026-07-20T01:51:22.698698+03:00,2350,Bayrampaşa Adapark Katlı Otoparkı,BAYRAMPAŞA,41.0647,28.8875,650,0,650,KAPALI OTOPARK,0,15,24 Saat
2026-07-19T22:51:22.698698+00:00,2026-07-20T01:51:22.698698+03:00,2892,Bayrampaşa Altıntepsi Zemin  Altı Otoparkı,BAYRAMPAŞA,41.0393,28.9029,110,0,110,KAPALI OTOPARK,0,10,24 Saat
2026-07-19T22:51:22.698698+00:00,2026-07-20T01:51:22.698698+03:00,2909,Bayrampaşa Atatürk Parkı  Zemin Altı Otoparkı,BAYRAMPAŞA,41.0342,28.9123,442,0,442,KAPALI OTOPARK,0,10,24 Saat
2026-07-19T22:51:22.698698+00:00,2026-07-20T01:51:22.698698+03:00,2683,Bayrampaşa Devlet Hastanesi Cep Otoparkı,BAYRAMPAŞA,41.0414,28.9031,55,27,28,AÇIK OTOPARK,0,0,08:00-19:00
2026-07-19T22:51:22.698698+00:00,2026-07-20T01:51:22.698698+03:00,3301,Bayrampaşa Kocatepe Mahallesi Zemin Altı Otoparkı,BAYRAMPAŞA,41.0545,28.8964,241,0,241,KAPALI OTOPARK,1,10,24 Saat
2026-07-19T22:51:22.698698+00:00,2026-07-20T01:51:22.698698+03:00,2053,Bayrampaşa Muratpaşa Yer Altı Otoparkı,BAYRAMPAŞA,41.047,28.9082,300,0,300,KAPALI OTOPARK,0,15,24 Saat
2026-07-19T22:51:22.698698+00:00,2026-07-20T01:51:22.698698+03:00,3175,Bayrampaşa Spor Kompleksi Zemin Altı Otoparkı,BAYRAMPAŞA,41.0446,28.9106,205,0,205,KAPALI OTOPARK,1,15,24 Saat
2026-07-19T22:51:22.698698+00:00,2026-07-20T01:51:22.698698+03:00,3382,Bayrampaşa Şehit Kamil Balkan Zemin Altı Otoparkı,BAYRAMPAŞA,41.0604,28.9008,235,0,235,KAPALI OTOPARK,1,10,24 Saat
2026-07-19T22:51:22.698698+00:00,2026-07-20T01:51:22.698698+03:00,2428,Bayrampaşa Yenidoğan Mahallesi Zemin Altı Otoparkı,BAYRAMPAŞA,41.0395,28.9088,120,0,120,KAPALI OTOPARK,0,10,24 Saat
2026-07-19T22:51:22.698698+00:00,2026-07-20T01:51:22.698698+03:00,2468,Bebek Açık,BEŞİKTAŞ,41.077,29.0434,30,16,14,AÇIK OTOPARK,0,0,24 Saat
2026-07-19T22:51:22.698698+00:00,2026-07-20T01:51:22.698698+03:00,3479,Beşiktaş Halk Pazarı Açık Otoparkı,BEŞİKTAŞ,41.0496,29.0004,170,137,33,AÇIK OTOPARK,1,5,24 Saat
2026-07-19T22:51:22.698698+00:00,2026-07-20T01:51:22.698698+03:00,573,Beşiktaş Kadastro Önü 1,BEŞİKTAŞ,41.0503,29.0076,39,1,38,YOL ÜSTÜ,0,15,08:00-17:00
2026-07-19T22:51:22.698698+00:00,2026-07-20T01:51:22.698698+03:00,3257,Beykoz Sahil Cep Otoparkı,BEYKOZ,41.1286,29.0953,100,76,24,AÇIK OTOPARK,0,0,08:00-00:00
2026-07-19T22:51:22.698698+00:00,2026-07-20T01:51:22.698698+03:00,2273,Beykoz Sosyal Tesisleri,BEYKOZ,41.1143,29.0888,130,0,130,AÇIK OTOPARK,0,15,08:00-00:00
2026-07-19T22:51:22.698698+00:00,2026-07-20T01:51:22.698698+03:00,2999,Beyoğlu Gazhane Bostan Sokak 2,BEYOĞLU,41.0389,28.9903,35,1,34,YOL ÜSTÜ,0,0,07:30-16:30
2026-07-19T22:51:22.698698+00:00,2026-07-20T01:51:22.698698+03:00,3072,Beyoğlu Örnektepe Zemin Altı Otoparkı,BEYOĞLU,41.0543,28.9548,143,0,143,KAPALI OTOPARK,0,0,24 Saat
2026-07-19T22:51:22.698698+00:00,2026-07-20T01:51:22.698698+03:00,1455,Bostancı Açık,KADIKÖY,40.9523,29.0902,394,168,226,AÇIK OTOPARK,0,15,24 Saat
2026-07-19T22:51:22.698698+00:00,2026-07-20T01:51:22.698698+03:00,1456,Bostancı Sahil-Cep Açık Otoparkı,KADIKÖY,40.9545,29.0885,192,121,71,AÇIK OTOPARK,0,15,24 Saat
2026-07-19T22:51:22.698698+00:00,2026-07-20T01:51:22.698698+03:00,2150,Bostancı Vergi Dairesi Açık Otoparkı,ATAŞEHİR,40.9625,29.1083,155,0,155,AÇIK OTOPARK,0,5,08:00-20:00
2026-07-19T22:51:22.698698+00:00,2026-07-20T01:51:22.698698+03:00,2854,Bülent Ecevit Kültür Merkezi Açık Otoparkı,KARTAL,40.8852,29.1967,277,252,25,AÇIK OTOPARK,0,5,10:00-21:00
2026-07-19T22:51:22.698698+00:00,2026-07-20T01:51:22.698698+03:00,2866,Büyük İstanbul Otogarı,BAYRAMPAŞA,41.0402,28.8942,1000,0,1000,AÇIK OTOPARK,1,25,24 Saat
2026-07-19T22:51:22.698698+00:00,2026-07-20T01:51:22.698698+03:00,1192,Büyükçamlıca Korusu Sosyal Tesisleri Önü,ÜSKÜDAR,41.0264,29.0698,204,113,91,AÇIK OTOPARK,0,0,08:00-00:00
2026-07-19T22:51:22.698698+00:00,2026-07-20T01:51:22.698698+03:00,2960,Büyükçekmece Metrobüs Durağı Yanı PD Zemin Altı Otopark,BÜYÜKÇEKMECE,41.0221,28.624,448,270,178,KAPALI OTOPARK,0,0,24 Saat
2026-07-19T22:51:22.698698+00:00,2026-07-20T01:51:22.698698+03:00,1503,Cadde Bostan Açık Otoparkı,KADIKÖY,40.9636,29.0675,66,50,16,AÇIK OTOPARK,0,15,24 Saat
2026-07-19T22:51:22.698698+00:00,2026-07-20T01:51:22.698698+03:00,2933,Cemal Kamacı Spor Kompleksi Zemin Altı Otoparkı,KAĞITHANE,41.0536,28.9575,510,0,510,KAPALI OTOPARK,1,0,24 Saat
2026-07-19T22:51:22.698698+00:00,2026-07-20T01:51:22.698698+03:00,2207,Cengiz Topel Yer Altı Katlı Otoparkı,ESENLER,41.0588,28.8643,144,0,144,KAPALI OTOPARK,0,15,24 Saat
2026-07-19T22:51:22.698698+00:00,2026-07-20T01:51:22.698698+03:00,2787,Cevizli Açık Otoparkı,KARTAL,40.9179,29.1712,100,90,10,AÇIK OTOPARK,0,15,08:00-19:00
2026-07-19T22:51:22.698698+00:00,2026-07-20T01:51:22.698698+03:00,782,Cihangir Caddesi 2,BEYOĞLU,41.0319,28.9862,70,1,69,YOL ÜSTÜ,0,15,09:00-19:00
2026-07-19T22:51:22.698698+00:00,2026-07-20T01:51:22.698698+03:00,1467,Cihangir Katlı Otoparkı,BEYOĞLU,41.0318,28.9858,350,0,350,KAPALI OTOPARK,1,0,24 Saat
2026-07-19T22:51:22.698698+00:00,2026-07-20T01:51:22.698698+03:00,535,Cihannuma Yol Üstü 1,BEŞİKTAŞ,41.0454,29.0084,35,1,34,YOL ÜSTÜ,0,0,08:00-23:00
2026-07-19T22:51:22.698698+00:00,2026-07-20T01:51:22.698698+03:00,537,Cihannuma Yol Üstü 3,BEŞİKTAŞ,41.0459,29.0087,33,1,32,YOL ÜSTÜ,0,0,08:00-23:00
2026-07-19T22:51:22.698698+00:00,2026-07-20T01:51:22.698698+03:00,539,Cihannuma Yol Üstü 5,BEŞİKTAŞ,41.0489,29.0094,24,1,23,YOL ÜSTÜ,0,0,08:00-23:00
2026-07-19T22:51:22.698698+00:00,2026-07-20T01:51:22.698698+03:00,3184,Çam Sokak 6,GÜNGÖREN,41.0121,28.8882,50,1,49,YOL ÜSTÜ,0,15,08:00-17:00
2026-07-19T22:51:22.698698+00:00,2026-07-20T01:51:22.698698+03:00,3030,Çekmeköy Metro PD Zemin Altı Otoparkı,ÇEKMEKÖY,41.0147,29.1886,175,71,104,KAPALI OTOPARK,0,15,24 Saat
2026-07-19T22:51:22.698698+00:00,2026-07-20T01:51:22.698698+03:00,2905,Çeliktepe Açık Otoparkı,KAĞITHANE,41.0843,29.0056,200,47,153,AÇIK OTOPARK,1,5,24 Saat
2026-07-19T22:51:22.698698+00:00,2026-07-20T01:51:22.698698+03:00,1298,Çengelköy Açık Otoparkı,ÜSKÜDAR,41.0484,29.0533,500,0,500,AÇIK OTOPARK,0,15,24 Saat
2026-07-19T22:51:22.698698+00:00,2026-07-20T01:51:22.698698+03:00,502,Çınar Açık Otoparkı,BEŞİKTAŞ,41.0853,29.0088,65,1,64,AÇIK OTOPARK,0,0,08:00-18:00
2026-07-19T22:51:22.698698+00:00,2026-07-20T01:51:22.698698+03:00,777,Çırağan Sarayı Yol Üstü 1,BEŞİKTAŞ,41.0448,29.0165,40,1,39,YOL ÜSTÜ,0,15,08:00-23:00
2026-07-19T22:51:22.698698+00:00,2026-07-20T01:51:22.698698+03:00,778,Çırağan Sarayı Yol Üstü 2,BEŞİKTAŞ,41.0445,29.0156,40,1,39,YOL ÜSTÜ,0,15,08:00-23:00
2026-07-19T22:51:22.698698+00:00,2026-07-20T01:51:22.698698+03:00,2228,Çırpıcı Sosyal Tesisler,ZEYTİNBURNU,41,28.8926,128,0,128,AÇIK OTOPARK,0,15,07:00-00:00
2026-07-19T22:51:22.698698+00:00,2026-07-20T01:51:22.698698+03:00,1508,Çiroz Yeşilköy Halk Pazarı,BAKIRKÖY,40.9628,28.8129,471,1,470,AÇIK OTOPARK,0,0,08:00-18:00
2026-07-19T22:51:22.698698+00:00,2026-07-20T01:51:22.698698+03:00,2030,Dalyan Açık Otoparkı,KADIKÖY,40.9632,29.0651,92,77,15,AÇIK OTOPARK,0,15,24 Saat
2026-07-19T22:51:22.698698+00:00,2026-07-20T01:51:22.698698+03:00,2271,Damla Sokak 1,ŞİŞLİ,41.0672,29.0004,17,1,16,YOL ÜSTÜ,0,15,07:30-16:30
2026-07-19T22:51:22.698698+00:00,2026-07-20T01:51:22.698698+03:00,2164,Darüşşafaka Yeraltı Otoparkı,SARIYER,41.1292,29.0252,150,139,11,KAPALI OTOPARK,0,15,08:00-00:00
2026-07-19T22:51:22.698698+00:00,2026-07-20T01:51:22.698698+03:00,1653,Deniz Feneri Otoparkı,FATİH,41.0019,28.9773,175,108,67,AÇIK OTOPARK,0,5,24 Saat
2026-07-19T22:51:22.698698+00:00,2026-07-20T01:51:22.698698+03:00,595,Dostluk Yurdu 1,FATİH,41.0071,28.973,33,1,32,YOL ÜSTÜ,0,15,07:00-17:00
2026-07-19T22:51:22.698698+00:00,2026-07-20T01:51:22.698698+03:00,2237,Dragos Sosyal Tesisleri,KARTAL,40.9017,29.1458,100,57,43,AÇIK OTOPARK,1,15,24 Saat
2026-07-19T22:51:22.698698+00:00,2026-07-20T01:51:22.698698+03:00,3063,Dudullu Metro PD Zemin Altı Otoparkı,ÜMRANİYE,41.0156,29.1633,81,62,19,KAPALI OTOPARK,0,15,07:00-23:30
2026-07-19T22:51:22.698698+00:00,2026-07-20T01:51:22.698698+03:00,1522,Ebu Suut Caddesi 1,FATİH,41.0128,28.9766,35,1,34,YOL ÜSTÜ,0,0,08:00-18:00
2026-07-19T22:51:22.698698+00:00,2026-07-20T01:51:22.698698+03:00,2147,EGS Blokları Açık Otoparkı,BAKIRKÖY,40.9863,28.8354,350,120,230,AÇIK OTOPARK,0,60,09:00-19:30
2026-07-19T22:51:22.698698+00:00,2026-07-20T01:51:22.698698+03:00,2366,Esenler Adem Baştürk Kültür Merkezi Katlı,ESENLER,41.039,28.8846,460,0,460,KAPALI OTOPARK,1,15,24 Saat
2026-07-19T22:51:22.698698+00:00,2026-07-20T01:51:22.698698+03:00,3190,Esenler Havaalanı Mahallesi Zemin Altı Otoparkı,ESENLER,41.0562,28.8674,610,324,286,KAPALI OTOPARK,1,10,24 Saat
2026-07-19T22:51:22.698698+00:00,2026-07-20T01:51:22.698698+03:00,3011,Esenler Menderes Metro İstasyonu Yanı,ESENLER,41.0427,28.8783,68,0,68,AÇIK OTOPARK,1,5,24 Saat
2026-07-19T22:51:22.698698+00:00,2026-07-20T01:51:22.698698+03:00,2822,Esenler Menderes Parkı Zemin Altı Otoparkı,ESENLER,41.0412,28.8729,325,3,322,KAPALI OTOPARK,1,10,24 Saat
2026-07-19T22:51:22.698698+00:00,2026-07-20T01:51:22.698698+03:00,3303,Esenyurt Adile Naşit Bulvarı Zeminaltı Otoparkı,ESENYURT,41.0205,28.6859,367,296,71,KAPALI OTOPARK,1,15,24 Saat
2026-07-19T22:51:22.698698+00:00,2026-07-20T01:51:22.698698+03:00,1328,Eski Salı Pazarı,KADIKÖY,40.9904,29.0338,760,0,760,AÇIK OTOPARK,0,15,24 Saat
2026-07-19T22:51:22.698698+00:00,2026-07-20T01:51:22.698698+03:00,904,Eyüp Pierloti Caddesi 1,EYÜP,41.0539,28.9329,40,1,39,YOL ÜSTÜ,0,0,09:00-22:00
2026-07-19T22:51:22.698698+00:00,2026-07-20T01:51:22.698698+03:00,2850,Eyüpsultan Akşemsettin Mahallesi Zemin Altı Otoparkı,EYÜP,41.085,28.9258,110,0,110,KAPALI OTOPARK,0,15,24 Saat
2026-07-19T22:51:22.698698+00:00,2026-07-20T01:51:22.698698+03:00,2215,Fatih Çeşmesi Tabiat Parkı Otoparkı,SARIYER,41.1686,28.9448,250,242,8,AÇIK OTOPARK,0,0,06:00-20:00
2026-07-19T22:51:22.698698+00:00,2026-07-20T01:51:22.698698+03:00,1475,Fatih Katlı Otoparkı,FATİH,41.0198,28.9396,118,31,87,KAPALI OTOPARK,0,10,24 Saat
2026-07-19T22:51:22.698698+00:00,2026-07-20T01:51:22.698698+03:00,1591,Feshane PD Açık Otoparkı,EYÜP,41.0463,28.9378,200,158,42,AÇIK OTOPARK,1,15,24 Saat
2026-07-19T22:51:22.698698+00:00,2026-07-20T01:51:22.698698+03:00,1005,Florya Havuzlu Bahçe,BAKIRKÖY,40.9764,28.7908,135,1,134,AÇIK OTOPARK,0,0,09:00-23:00
2026-07-19T22:51:22.698698+00:00,2026-07-20T01:51:22.698698+03:00,2238,Florya Sosyal Tesisleri,BAKIRKÖY,40.9614,28.8091,1074,1055,19,AÇIK OTOPARK,0,15,24 Saat
2026-07-19T22:51:22.698698+00:00,2026-07-20T01:51:22.698698+03:00,3296,Gaziosmanpaşa Meydanı ve Yaşam Merkezi Zemin Altı Otoparkı,GAZİOSMANPAŞA,41.0606,28.9093,202,0,202,KAPALI OTOPARK,1,15,24 Saat
2026-07-19T22:51:22.698698+00:00,2026-07-20T01:51:22.698698+03:00,2971,Gaziosmanpaşa Zemin Altı Otoparkı,GAZİOSMANPAŞA,41.0796,28.8858,285,0,285,KAPALI OTOPARK,1,0,24 Saat
2026-07-19T22:51:22.698698+00:00,2026-07-20T01:51:22.698698+03:00,3401,Giyimkent Tekstilkent Metro Zemin Altı PD Otoparkı,ESENLER,41.0711,28.8666,203,189,14,KAPALI OTOPARK,0,10,24 Saat
2026-07-19T22:51:22.698698+00:00,2026-07-20T01:51:22.698698+03:00,2242,Gözdağı Sosyal Tesisler  Açık Otoparkı,PENDİK,40.893,29.2538,300,218,82,AÇIK OTOPARK,0,0,07:00-23:00
2026-07-19T22:51:22.698698+00:00,2026-07-20T01:51:22.698698+03:00,1879,Gülsuyu Metro PD Yer Altı Otoparkı,MALTEPE,40.9237,29.1548,76,0,76,KAPALI OTOPARK,0,15,08:00-00:00
2026-07-19T22:51:22.698698+00:00,2026-07-20T01:51:22.698698+03:00,1423,Güneş Plajı 1,BAKIRKÖY,40.9712,28.79,250,237,13,AÇIK OTOPARK,0,10,24 Saat
2026-07-19T22:51:22.698698+00:00,2026-07-20T01:51:22.698698+03:00,1461,Güneş Plajı 2,BAKIRKÖY,40.9692,28.7951,135,109,26,AÇIK OTOPARK,0,10,08:00-20:00
2026-07-19T22:51:22.698698+00:00,2026-07-20T01:51:22.698698+03:00,3053,Güngören Nikah Dairesi Zemin Altı otoparkı,GÜNGÖREN,41.0363,28.8718,147,0,147,KAPALI OTOPARK,1,10,24 Saat
2026-07-19T22:51:22.698698+00:00,2026-07-20T01:51:22.698698+03:00,2216,Gürpınar Balık Hali Otoparkı,BEYLİKDÜZÜ,40.9663,28.6019,1000,723,277,AÇIK OTOPARK,0,15,24 Saat
2026-07-19T22:51:22.698698+00:00,2026-07-20T01:51:22.698698+03:00,1525,Hacıosman Metro Yer Altı Otoparkı,SARIYER,41.14,29.0306,422,0,422,KAPALI OTOPARK,0,15,24 Saat
2026-07-19T22:51:22.698698+00:00,2026-07-20T01:51:22.698698+03:00,1470,Haldun Alagaş Katlı Otoparkı,ÜMRANİYE,41.0262,29.1052,197,150,47,KAPALI OTOPARK,1,15,24 Saat
2026-07-19T22:51:22.698698+00:00,2026-07-20T01:51:22.698698+03:00,3235,Haliç Sosyal Tesisleri Otoparkı,FATİH,41.0277,28.9572,60,35,25,AÇIK OTOPARK,0,15,07:00-00:00
2026-07-19T22:51:22.698698+00:00,2026-07-20T01:51:22.698698+03:00,2848,Halkalı Mahallesi Zemin Altı Otoparkı,KÜÇÜKÇEKMECE,41.0359,28.7848,347,287,60,KAPALI OTOPARK,0,15,24 Saat
2026-07-19T22:51:22.698698+00:00,2026-07-20T01:51:22.698698+03:00,2838,Hamidiye Mahallesi Katlı Otoparkı,KAĞITHANE,41.0949,28.971,450,208,242,KAPALI OTOPARK,1,15,24 Saat
2026-07-19T22:51:22.698698+00:00,2026-07-20T01:51:22.698698+03:00,1446,Harbiye Zemin Altı Otoparkı,BEYOĞLU,41.0408,28.9869,142,85,57,KAPALI OTOPARK,0,0,24 Saat
2026-07-19T22:51:22.698698+00:00,2026-07-20T01:51:22.698698+03:00,2332,Haydarpaşa Katlı Otoparkı,ÜSKÜDAR,41.0048,29.0251,840,775,65,KAPALI OTOPARK,1,15,24 Saat
2026-07-19T22:51:22.698698+00:00,2026-07-20T01:51:22.698698+03:00,1987,Haznedar Yer Altı Otoparkı,GÜNGÖREN,41.0083,28.8729,540,0,540,KAPALI OTOPARK,0,0,24 Saat
2026-07-19T22:51:22.698698+00:00,2026-07-20T01:51:22.698698+03:00,377,Hızır Külhani Sokak,FATİH,41.0202,28.9605,32,1,31,YOL ÜSTÜ,0,15,09:00-17:00
2026-07-19T22:51:22.698698+00:00,2026-07-20T01:51:22.698698+03:00,3173,Hürriyet Mahallesi Zeminaltı Otoparkı,GAZİOSMANPAŞA,41.0708,28.8951,190,0,190,KAPALI OTOPARK,1,15,24 Saat
2026-07-19T22:51:22.698698+00:00,2026-07-20T01:51:22.698698+03:00,157,Ihlamur Dere Caddesi 4,BEŞİKTAŞ,41.047,29.0023,27,1,26,YOL ÜSTÜ,0,15,09:00-17:00
2026-07-19T22:51:22.698698+00:00,2026-07-20T01:51:22.698698+03:00,1189,İçerenköy Sebze Meyve Hali Otoparkı,ATAŞEHİR,40.9766,29.1044,600,1,599,AÇIK OTOPARK,0,15,24 Saat
2026-07-19T22:51:22.698698+00:00,2026-07-20T01:51:22.698698+03:00,1127,İshakpaşa Caddesi,FATİH,41.0079,28.9814,200,1,199,YOL ÜSTÜ,0,0,08:00-18:00
2026-07-19T22:51:22.698698+00:00,2026-07-20T01:51:22.698698+03:00,3265,İspark İstanbul West Marina Açık Otoparkı 1,BEYLİKDÜZÜ,40.9636,28.6564,250,1,249,AÇIK OTOPARK,0,15,24 Saat
2026-07-19T22:51:22.698698+00:00,2026-07-20T01:51:22.698698+03:00,2793,İspark Merter Katlı Otoparkı,GÜNGÖREN,41.0097,28.89,900,474,426,KAPALI OTOPARK,1,10,24 Saat
2026-07-19T22:51:22.698698+00:00,2026-07-20T01:51:22.698698+03:00,2430,İspark West İstanbul Marina Açık Otoparkı,BEYLİKDÜZÜ,40.9639,28.6591,1600,1275,325,AÇIK OTOPARK,0,15,24 Saat
2026-07-19T22:51:22.698698+00:00,2026-07-20T01:51:22.698698+03:00,381,İstinye 4 ( Cami Önü ),SARIYER,41.1149,29.0571,25,1,24,YOL ÜSTÜ,0,15,08:30-17:30
2026-07-19T22:51:22.698698+00:00,2026-07-20T01:51:22.698698+03:00,1804,İtalyan Hastanesi Karşısı Açık Otoparkı 1,BEYOĞLU,41.028,28.9815,30,1,29,AÇIK OTOPARK,0,0,08:00-19:00
2026-07-19T22:51:22.698698+00:00,2026-07-20T01:51:22.698698+03:00,507,Kabasakal Medrese Önü,FATİH,41.0062,28.9789,65,1,64,AÇIK OTOPARK,0,0,08:00-18:30
2026-07-19T22:51:22.698698+00:00,2026-07-20T01:51:22.698698+03:00,3306,Kabataş Transfer Merkezi Turizm Otobüs Otoparkı,BEYOĞLU,41.0336,28.9923,160,115,45,KAPALI OTOPARK,1,20,24 Saat
2026-07-19T22:51:22.698698+00:00,2026-07-20T01:51:22.698698+03:00,2918,Kadıköy Hasanpaşa Gazhane Katlı Otoparkı,KADIKÖY,40.9972,29.0428,310,176,134,KAPALI OTOPARK,1,15,24 Saat
2026-07-19T22:51:22.698698+00:00,2026-07-20T01:51:22.698698+03:00,1447,Kadıköy İski Açık Otoparkı,KADIKÖY,40.9874,29.0207,124,110,14,AÇIK OTOPARK,0,15,24 Saat
2026-07-19T22:51:22.698698+00:00,2026-07-20T01:51:22.698698+03:00,1655,Kadıköy Metro Açık Otoparkı,KADIKÖY,40.9899,29.0217,74,64,10,AÇIK OTOPARK,0,15,24 Saat
2026-07-19T22:51:22.698698+00:00,2026-07-20T01:51:22.698698+03:00,3445,Kadıköy Uzunçayır PD Açık Otoparkı,KADIKÖY,40.9982,29.0569,70,48,22,AÇIK OTOPARK,0,15,06:30-16:30
2026-07-19T22:51:22.698698+00:00,2026-07-20T01:51:22.698698+03:00,2808,Kadıköy Yeni Salı Pazarı PD Katlı Otoparkı,KADIKÖY,40.9969,29.0486,1350,493,857,KAPALI OTOPARK,1,15,24 Saat
2026-07-19T22:51:22.698698+00:00,2026-07-20T01:51:22.698698+03:00,2811,Kağıthane Harmantepe Zemin Altı Otoparkı,KAĞITHANE,41.0816,28.9907,200,0,200,KAPALI OTOPARK,1,0,24 Saat
2026-07-19T22:51:22.698698+00:00,2026-07-20T01:51:22.698698+03:00,1452,Kalamış Açık Otoparkı,KADIKÖY,40.9687,29.0363,173,168,5,AÇIK OTOPARK,0,15,24 Saat
2026-07-19T22:51:22.698698+00:00,2026-07-20T01:51:22.698698+03:00,1474,Kartal Hasan Doğan Spor Kompleksi,KARTAL,40.8918,29.1897,773,0,773,KAPALI OTOPARK,0,15,24 Saat
2026-07-19T22:51:22.698698+00:00,2026-07-20T01:51:22.698698+03:00,1105,Kartal İdo Açık Otoparkı,KARTAL,40.8874,29.1881,90,0,90,AÇIK OTOPARK,0,15,24 Saat
2026-07-19T22:51:22.698698+00:00,2026-07-20T01:51:22.698698+03:00,1550,Kartal Sahil Açık Otoparkı,KARTAL,40.8875,29.1901,75,65,10,AÇIK OTOPARK,0,5,24 Saat
2026-07-19T22:51:22.698698+00:00,2026-07-20T01:51:22.698698+03:00,3434,Kasımpaşa Sosyal Tesisler Otoparkı,BEYOĞLU,41.0296,28.9673,60,36,24,AÇIK OTOPARK,0,0,07:30-23:00
2026-07-19T22:51:22.698698+00:00,2026-07-20T01:51:22.698698+03:00,2827,Kayaşehir Meydan Zemin Altı Otoparkı,BAŞAKŞEHİR,41.1196,28.7718,1054,1,1053,KAPALI OTOPARK,0,0,10:00-17:00
2026-07-19T22:51:22.698698+00:00,2026-07-20T01:51:22.698698+03:00,1960,Kazlıçeşme Marmaray Açık Otoparkı,ZEYTİNBURNU,40.9922,28.917,700,671,29,AÇIK OTOPARK,0,15,24 Saat
2026-07-19T22:51:22.698698+00:00,2026-07-20T01:51:22.698698+03:00,2994,Kirazlı Metro Durağı PD Açık Otoparkı,BAĞCILAR,41.033,28.8429,112,0,112,AÇIK OTOPARK,0,5,24 Saat
2026-07-19T22:51:22.698698+00:00,2026-07-20T01:51:22.698698+03:00,1528,Kore Şehitleri Caddesi - Yüzbaşı Kaya Aldağon Sokak 1,ŞİŞLİ,41.0719,29.0139,40,1,39,YOL ÜSTÜ,0,15,07:00-16:00
2026-07-19T22:51:22.698698+00:00,2026-07-20T01:51:22.698698+03:00,2449,Kozyatağı Sebze-Meyve Hali,ATAŞEHİR,40.9787,29.1029,1500,1,1499,AÇIK OTOPARK,1,0,24 Saat
2026-07-19T22:51:22.698698+00:00,2026-07-20T01:51:22.698698+03:00,1206,Kutlugün Sokak 2,FATİH,41.0061,28.9801,200,1,199,YOL ÜSTÜ,0,0,08:00-18:00
2026-07-19T22:51:22.698698+00:00,2026-07-20T01:51:22.698698+03:00,3074,Küçük Çamlıca,ÜSKÜDAR,41.0204,29.0653,129,106,23,AÇIK OTOPARK,0,0,08:00-22:00
2026-07-19T22:51:22.698698+00:00,2026-07-20T01:51:22.698698+03:00,3127,Küçükçekmece Cennet Mahallesi Meydan Zemin Altı Otoparkı,KÜÇÜKÇEKMECE,40.9907,28.783,456,0,456,KAPALI OTOPARK,0,10,24 Saat
2026-07-19T22:51:22.698698+00:00,2026-07-20T01:51:22.698698+03:00,2554,Küçükçekmece Fevzi Çakmak Meydanı Zemin Altı Otoparkı,KÜÇÜKÇEKMECE,41.0076,28.7927,1000,474,526,KAPALI OTOPARK,0,10,24 Saat
2026-07-19T22:51:22.698698+00:00,2026-07-20T01:51:22.698698+03:00,2882,Küçüksu Kasrı Açık Otoparkı,BEYKOZ,41.0789,29.0657,98,91,7,AÇIK OTOPARK,0,0,07:00-23:00
2026-07-19T22:51:22.698698+00:00,2026-07-20T01:51:22.698698+03:00,220,Levent Hamidiye,BEŞİKTAŞ,41.0861,29.0076,100,1,99,AÇIK OTOPARK,0,0,08:00-19:00
2026-07-19T22:51:22.698698+00:00,2026-07-20T01:51:22.698698+03:00,2335,Maçka Açık Otoparkı,ŞİŞLİ,41.046,28.9908,75,74,1,AÇIK OTOPARK,1,0,24 Saat
2026-07-19T22:51:22.698698+00:00,2026-07-20T01:51:22.698698+03:00,1859,Maçka Katlı Otoparkı,ŞİŞLİ,41.0484,28.9903,508,0,508,KAPALI OTOPARK,0,0,24 Saat
2026-07-19T22:51:22.698698+00:00,2026-07-20T01:51:22.698698+03:00,3193,Maltepe Rıhtım Caddesi Açık Otoparkı,MALTEPE,40.9258,29.1241,76,73,3,AÇIK OTOPARK,1,0,24 Saat
2026-07-19T22:51:22.698698+00:00,2026-07-20T01:51:22.698698+03:00,2146,Maltepe Süreyyapaşa Çarşısı Açık Otoparkı,MALTEPE,40.9274,29.1225,156,130,26,AÇIK OTOPARK,1,0,24 Saat
2026-07-19T22:51:22.698698+00:00,2026-07-20T01:51:22.698698+03:00,1599,Maslak Açık Otoparkı,SARIYER,41.1166,29.024,150,147,3,AÇIK OTOPARK,0,10,24 Saat
2026-07-19T22:51:22.698698+00:00,2026-07-20T01:51:22.698698+03:00,2100,Matbaacılar Sitesi Yanı,ZEYTİNBURNU,41.0234,28.9187,250,229,21,AÇIK OTOPARK,1,5,24 Saat
2026-07-19T22:51:22.698698+00:00,2026-07-20T01:51:22.698698+03:00,920,Meclis-i Mebusan Yokuşu 2,BEYOĞLU,41.0326,28.9882,34,1,33,YOL ÜSTÜ,0,15,09:00-17:00
2026-07-19T22:51:22.698698+00:00,2026-07-20T01:51:22.698698+03:00,1546,Menekşe Plajı Açık Otoparkı,BAKIRKÖY,40.9761,28.7766,200,199,1,AÇIK OTOPARK,0,0,24 Saat
2026-07-19T22:51:22.698698+00:00,2026-07-20T01:51:22.698698+03:00,1376,Mercan Açık,FATİH,41.0136,28.9669,130,128,2,AÇIK OTOPARK,0,0,08:00-23:00
2026-07-19T22:51:22.698698+00:00,2026-07-20T01:51:22.698698+03:00,3309,Mercan Ali Paşa Sarayı Zemin Altı Otoparkı,FATİH,41.0136,28.967,196,1,195,KAPALI OTOPARK,0,0,07:00-21:00
2026-07-19T22:51:22.698698+00:00,2026-07-20T01:51:22.698698+03:00,1472,Merter Katlı Otoparkı,GÜNGÖREN,41.0092,28.8874,1000,918,82,KAPALI OTOPARK,0,10,24 Saat
2026-07-19T22:51:22.698698+00:00,2026-07-20T01:51:22.698698+03:00,2375,Merter Metro PD Zeminaltı Otoparkı,GÜNGÖREN,41.0037,28.8897,242,101,141,KAPALI OTOPARK,1,10,24 Saat
2026-07-19T22:51:22.698698+00:00,2026-07-20T01:51:22.698698+03:00,1568,Mete Caddesi 1,BEYOĞLU,41.0382,28.9879,31,1,30,YOL ÜSTÜ,0,15,08:00-23:00
2026-07-19T22:51:22.698698+00:00,2026-07-20T01:51:22.698698+03:00,1471,Mevlana Yeraltı Katlı Otoparkı,ZEYTİNBURNU,41.0072,28.9049,1000,839,161,KAPALI OTOPARK,0,5,24 Saat
2026-07-19T22:51:22.698698+00:00,2026-07-20T01:51:22.698698+03:00,2709,Millet Caddesi Açık Otoparkı,FATİH,41.01,28.9461,60,53,7,AÇIK OTOPARK,0,15,24 Saat
2026-07-19T22:51:22.698698+00:00,2026-07-20T01:51:22.698698+03:00,3152,Mimar Sinan Zemin Altı Otoparkı,ÜSKÜDAR,41.0222,29.0169,956,566,390,KAPALI OTOPARK,0,15,24 Saat
2026-07-19T22:51:22.698698+00:00,2026-07-20T01:51:22.698698+03:00,2870,Miniatürk Çadır Açık Otoparkı,BEYOĞLU,41.0594,28.9501,250,187,63,AÇIK OTOPARK,0,15,07:00-20:00
2026-07-19T22:51:22.698698+00:00,2026-07-20T01:51:22.698698+03:00,2556,Muallim Naci Açık Otoparkı,BEŞİKTAŞ,41.0561,29.0342,35,24,11,AÇIK OTOPARK,1,15,24 Saat
2026-07-19T22:51:22.698698+00:00,2026-07-20T01:51:22.698698+03:00,569,Oda Kule Önü 1,BEYOĞLU,41.0322,28.9751,24,1,23,YOL ÜSTÜ,0,0,07:00-01:00
2026-07-19T22:51:22.698698+00:00,2026-07-20T01:51:22.698698+03:00,1988,Orhangazi Şehir Parkı PD Açık Otoparkı,MALTEPE,40.9313,29.1161,5022,4766,256,AÇIK OTOPARK,1,15,24 Saat
2026-07-19T22:51:22.698698+00:00,2026-07-20T01:51:22.698698+03:00,152,Ortabahçe Caddesi 2,BEŞİKTAŞ,41.0428,29.0043,35,1,34,YOL ÜSTÜ,0,15,08:00-23:00
2026-07-19T22:51:22.698698+00:00,2026-07-20T01:51:22.698698+03:00,153,Ortabahçe Caddesi 3,BEŞİKTAŞ,41.043,29.0042,26,1,25,YOL ÜSTÜ,0,15,08:00-23:00
2026-07-19T22:51:22.698698+00:00,2026-07-20T01:51:22.698698+03:00,119,Ortaklar Caddesi 1,ŞİŞLİ,41.0638,28.9971,25,1,24,YOL ÜSTÜ,0,15,08:30-17:00
2026-07-19T22:51:22.698698+00:00,2026-07-20T01:51:22.698698+03:00,1343,Ortaköy Açık Otoparkı,BEŞİKTAŞ,41.0504,29.0326,170,157,13,AÇIK OTOPARK,1,0,24 Saat
2026-07-19T22:51:22.698698+00:00,2026-07-20T01:51:22.698698+03:00,572,Ortaköy Portakal Yokuşu 1,BEŞİKTAŞ,41.0503,29.0261,15,1,14,YOL ÜSTÜ,0,15,09:00-19:00
2026-07-19T22:51:22.698698+00:00,2026-07-20T01:51:22.698698+03:00,1039,Öğretmen Evi,AVCILAR,40.9723,28.714,80,42,38,AÇIK OTOPARK,0,0,11:00-23:00
2026-07-19T22:51:22.698698+00:00,2026-07-20T01:51:22.698698+03:00,1466,Pendik Katlı Otoparkı,PENDİK,40.8789,29.2342,120,45,75,KAPALI OTOPARK,0,15,24 Saat
2026-07-19T22:51:22.698698+00:00,2026-07-20T01:51:22.698698+03:00,3073,Pendik Kemal Kalkuz Parkı Zemin Altı Otoparkı,PENDİK,40.8885,29.2427,224,1,223,KAPALI OTOPARK,0,0,09:00-18:00
2026-07-19T22:51:22.698698+00:00,2026-07-20T01:51:22.698698+03:00,3019,Pendik Meydan Zemin Altı Otoparkı,PENDİK,40.8752,29.2324,937,0,937,KAPALI OTOPARK,1,0,24 Saat
2026-07-19T22:51:22.698698+00:00,2026-07-20T01:51:22.698698+03:00,2865,Pendik Sahil Engelliler Merkez Önü,PENDİK,40.8735,29.233,100,66,34,AÇIK OTOPARK,0,0,11:00-20:00
2026-07-19T22:51:22.698698+00:00,2026-07-20T01:51:22.698698+03:00,2434,Pendik Sahil İdo,PENDİK,40.8755,29.2369,100,0,100,AÇIK OTOPARK,0,0,07:00-23:00
2026-07-19T22:51:22.698698+00:00,2026-07-20T01:51:22.698698+03:00,248,Pendik Yenimahalle Açık 2 Otoparkı,PENDİK,40.864,29.2723,124,112,12,AÇIK OTOPARK,0,15,10:00-22:00
2026-07-19T22:51:22.698698+00:00,2026-07-20T01:51:22.698698+03:00,297,Perşembe Pazarı 1,BEYOĞLU,41.0252,28.9693,32,1,31,YOL ÜSTÜ,0,15,08:00-17:00
2026-07-19T22:51:22.698698+00:00,2026-07-20T01:51:22.698698+03:00,597,Pierre Loti Caddesi 3,FATİH,41.0069,28.9711,36,1,35,YOL ÜSTÜ,0,0,07:00-17:00
2026-07-19T22:51:22.698698+00:00,2026-07-20T01:51:22.698698+03:00,3263,Piyalepaşa Meydanı Zemin Altı Otoparkı,BEYOĞLU,41.0445,28.9674,560,220,340,KAPALI OTOPARK,0,0,24 Saat
2026-07-19T22:51:22.698698+00:00,2026-07-20T01:51:22.698698+03:00,423,Prof.Cemil Birsel Yokuşu 3,FATİH,41.0178,28.967,40,1,39,YOL ÜSTÜ,0,0,07:00-18:00
2026-07-19T22:51:22.698698+00:00,2026-07-20T01:51:22.698698+03:00,1900,Ragıp Gümüşpala Cad.(Sobacılar Önü),FATİH,41.0181,28.969,40,1,39,YOL ÜSTÜ,0,15,07:00-18:00
2026-07-19T22:51:22.698698+00:00,2026-07-20T01:51:22.698698+03:00,415,Ragıp Gümüşpala Camii Önü 1,FATİH,41.0211,28.9627,35,1,34,YOL ÜSTÜ,0,0,07:00-17:30
2026-07-19T22:51:22.698698+00:00,2026-07-20T01:51:22.698698+03:00,3268,Refik Saydam Caddesi 3,BEYOĞLU,41.032,28.9736,55,1,54,YOL ÜSTÜ,0,0,06:00-23:00
2026-07-19T22:51:22.698698+00:00,2026-07-20T01:51:22.698698+03:00,2307,Ressam Halim Sokak PD Açık Otoparkı,BAHÇELİEVLER,40.9967,28.8641,120,97,23,AÇIK OTOPARK,0,15,08:00-00:00
2026-07-19T22:51:22.698698+00:00,2026-07-20T01:51:22.698698+03:00,3082,Rumeli Hisarı Sahil Yolu Otoparkı,SARIYER,41.0854,29.0568,20,13,7,AÇIK OTOPARK,1,0,24 Saat
2026-07-19T22:51:22.698698+00:00,2026-07-20T01:51:22.698698+03:00,1595,Sabiha Gökçen Açık Otoparkı,PENDİK,40.925,29.308,1056,319,737,AÇIK OTOPARK,0,15,24 Saat
2026-07-19T22:51:22.698698+00:00,2026-07-20T01:51:22.698698+03:00,3239,Samatya Sahil Cep Otoparkı,FATİH,40.9954,28.932,113,73,40,AÇIK OTOPARK,1,15,24 Saat
2026-07-19T22:51:22.698698+00:00,2026-07-20T01:51:22.698698+03:00,3273,Sarıyer Büyükdere Fidanlığı,SARIYER,41.1548,29.0268,160,157,3,AÇIK OTOPARK,0,0,08:00-18:00
2026-07-19T22:51:22.698698+00:00,2026-07-20T01:51:22.698698+03:00,3299,Sariyer Ayazağa Mah Vadi İstanbul Önü Açık Otoparkı,SARIYER,41.1106,28.9881,100,97,3,AÇIK OTOPARK,0,0,08:00-20:00
2026-07-19T22:51:22.698698+00:00,2026-07-20T01:51:22.698698+03:00,1303,Seyrantepe Katlı (Arena Karşısı) 1,KAĞITHANE,41.101,28.9961,1897,1,1896,KAPALI OTOPARK,1,0,24 Saat
2026-07-19T22:51:22.698698+00:00,2026-07-20T01:51:22.698698+03:00,1628,Sıracevizler Caddesi Yol Üstü 5,ŞİŞLİ,41.0607,28.9841,45,1,44,YOL ÜSTÜ,0,15,09:00-17:00
2026-07-19T22:51:22.698698+00:00,2026-07-20T01:51:22.698698+03:00,464,Sirkeci Gar Önü,FATİH,41.015,28.9761,60,1,59,AÇIK OTOPARK,0,5,07:00-20:00
2026-07-19T22:51:22.698698+00:00,2026-07-20T01:51:22.698698+03:00,1486,Siyavuşpaşa Yer Altı Otoparkı,BAHÇELİEVLER,40.9965,28.8532,155,0,155,KAPALI OTOPARK,1,0,24 Saat
2026-07-19T22:51:22.698698+00:00,2026-07-20T01:51:22.698698+03:00,1958,Soğanlık Metro PD Açık Otoparkı,KARTAL,40.9131,29.1925,898,863,35,AÇIK OTOPARK,0,15,24 Saat
2026-07-19T22:51:22.698698+00:00,2026-07-20T01:51:22.698698+03:00,589,Su Terazisi Sokak,FATİH,41.0046,28.9727,22,1,21,YOL ÜSTÜ,0,0,07:30-17:00
2026-07-19T22:51:22.698698+00:00,2026-07-20T01:51:22.698698+03:00,1478,Suadiye Cep Açık Otoparkı,KADIKÖY,40.9586,29.0732,130,122,8,AÇIK OTOPARK,0,15,24 Saat
2026-07-19T22:51:22.698698+00:00,2026-07-20T01:51:22.698698+03:00,2948,Suadiye Sahil Açık Otoparkı,KADIKÖY,40.9562,29.0797,70,64,6,AÇIK OTOPARK,1,5,24 Saat
2026-07-19T22:51:22.698698+00:00,2026-07-20T01:51:22.698698+03:00,2799,Sultanbeyli Emir Caddesi Zemin Altı Otoparkı,SULTANBEYLİ,40.9707,29.2606,130,115,15,KAPALI OTOPARK,0,15,08:00-22:00
2026-07-19T22:51:22.698698+00:00,2026-07-20T01:51:22.698698+03:00,2372,Sultanbeyli Kent Meydanı Zemin Altı Otoparkı,SULTANBEYLİ,40.9667,29.2667,300,213,87,KAPALI OTOPARK,1,15,24 Saat
2026-07-19T22:51:22.698698+00:00,2026-07-20T01:51:22.698698+03:00,2410,Sultangazi Zemin Altı Otoparkı,SULTANGAZİ,41.0944,28.8649,104,0,104,KAPALI OTOPARK,1,10,24 Saat
2026-07-19T22:51:22.698698+00:00,2026-07-20T01:51:22.698698+03:00,2085,Süleyman Seba Caddesi 2,BEŞİKTAŞ,41.0426,28.9998,40,1,39,YOL ÜSTÜ,0,15,08:00-18:00
2026-07-19T22:51:22.698698+00:00,2026-07-20T01:51:22.698698+03:00,2088,Süleyman Seba Caddesi 5,BEŞİKTAŞ,41.0432,28.9978,40,1,39,YOL ÜSTÜ,0,15,08:00-18:00
2026-07-19T22:51:22.698698+00:00,2026-07-20T01:51:22.698698+03:00,2089,Süleyman Seba Caddesi 6,BEŞİKTAŞ,41.0435,28.9967,11,1,10,YOL ÜSTÜ,0,15,08:00-18:00
2026-07-19T22:51:22.698698+00:00,2026-07-20T01:51:22.698698+03:00,2391,Süleymaniye Cami Altı Açık Otoparkı,FATİH,41.0158,28.961,250,234,16,AÇIK OTOPARK,0,0,06:30-18:30
2026-07-19T22:51:22.698698+00:00,2026-07-20T01:51:22.698698+03:00,1730,Sütlüce Miniatürk Yanı,BEYOĞLU,41.057,28.95,320,240,80,AÇIK OTOPARK,1,15,24 Saat
2026-07-19T22:51:22.698698+00:00,2026-07-20T01:51:22.698698+03:00,36,Şakayık Sokak 4,ŞİŞLİ,41.0518,28.9936,50,1,49,YOL ÜSTÜ,0,15,08:00-16:00
2026-07-19T22:51:22.698698+00:00,2026-07-20T01:51:22.698698+03:00,1469,Şehit Volkan Duysak Katlı Otoparkı,ZEYTİNBURNU,40.9968,28.9039,1000,657,343,KAPALI OTOPARK,0,5,24 Saat
2026-07-19T22:51:22.698698+00:00,2026-07-20T01:51:22.698698+03:00,2385,Şehremini Açık Otoparkı 1,FATİH,41.0135,28.9333,60,1,59,AÇIK OTOPARK,0,0,08:30-20:30
2026-07-19T22:51:22.698698+00:00,2026-07-20T01:51:22.698698+03:00,2855,Şemsipaşa Açık Otoparkı,ÜSKÜDAR,41.0255,29.0097,80,76,4,AÇIK OTOPARK,1,0,24 Saat
2026-07-19T22:51:22.698698+00:00,2026-07-20T01:51:22.698698+03:00,2439,Şirinevler Meydan Zeminaltı Otoparkı,BAHÇELİEVLER,40.9925,28.8496,367,109,258,KAPALI OTOPARK,1,0,24 Saat
2026-07-19T22:51:22.698698+00:00,2026-07-20T01:51:22.698698+03:00,3400,Şişhane Refik Saydam Caddesi 2 Yol Üstü Otoparkı 1,BEYOĞLU,41.0326,28.9743,70,1,69,YOL ÜSTÜ,0,15,06:00-23:00
2026-07-19T22:51:22.698698+00:00,2026-07-20T01:51:22.698698+03:00,1017,Şişli Kadırgalar Caddesi 1,ŞİŞLİ,41.0429,28.9927,100,1,99,AÇIK OTOPARK,0,0,07:00-23:00
2026-07-19T22:51:22.698698+00:00,2026-07-20T01:51:22.698698+03:00,3441,Şişli Kuştepe Zemin Altı Otoparkı,ŞİŞLİ,41.072,28.9919,430,320,110,KAPALI OTOPARK,0,15,24 Saat
2026-07-19T22:51:22.698698+00:00,2026-07-20T01:51:22.698698+03:00,2816,Şişli Rumeli Caddesi Metro Yanı 1,ŞİŞLİ,41.0538,28.9868,45,1,44,YOL ÜSTÜ,0,15,08:00-20:00
2026-07-19T22:51:22.698698+00:00,2026-07-20T01:51:22.698698+03:00,2406,Şişli Zemin Altı Otoparkı,ŞİŞLİ,41.0641,28.9992,581,404,177,KAPALI OTOPARK,1,15,24 Saat
2026-07-19T22:51:22.698698+00:00,2026-07-20T01:51:22.698698+03:00,1993,Tuzla İdo,TUZLA,40.8149,29.3039,300,276,24,AÇIK OTOPARK,0,15,24 Saat
2026-07-19T22:51:22.698698+00:00,2026-07-20T01:51:22.698698+03:00,3332,Tuzla Sahil Cep,TUZLA,40.8168,29.2992,50,41,9,AÇIK OTOPARK,0,0,08:00-00:00
2026-07-19T22:51:22.698698+00:00,2026-07-20T01:51:22.698698+03:00,3057,Tuzla Sahil Zemin Altı Otoparkı,TUZLA,40.8181,29.3004,779,545,234,KAPALI OTOPARK,1,15,24 Saat
2026-07-19T22:51:22.698698+00:00,2026-07-20T01:51:22.698698+03:00,1811,Ulu Camii Açık Otoparkı,BAHÇELİEVLER,40.9982,28.8499,150,115,35,AÇIK OTOPARK,1,10,24 Saat
2026-07-19T22:51:22.698698+00:00,2026-07-20T01:51:22.698698+03:00,2424,Uzunçayır Açık Otoparkı,KADIKÖY,40.9988,29.0556,58,52,6,AÇIK OTOPARK,0,0,06:00-16:00
2026-07-19T22:51:22.698698+00:00,2026-07-20T01:51:22.698698+03:00,1468,Ümraniye Katlı Otoparkı,ÜMRANİYE,41.0261,29.0953,665,523,142,KAPALI OTOPARK,0,15,24 Saat
2026-07-19T22:51:22.698698+00:00,2026-07-20T01:51:22.698698+03:00,2898,Ümraniye Okan Sokak Zeminaltı Otoparkı,ÜMRANİYE,41.0284,29.0907,125,11,114,KAPALI OTOPARK,1,15,24 Saat
2026-07-19T22:51:22.698698+00:00,2026-07-20T01:51:22.698698+03:00,2345,Üsküdar Uzunçayır PD Açık Otoparkı,ÜSKÜDAR,40.9988,29.0577,90,79,11,AÇIK OTOPARK,0,15,06:00-22:00
2026-07-19T22:51:22.698698+00:00,2026-07-20T01:51:22.698698+03:00,1929,Üsküdar Ünalan Açık Otoparkı,ÜSKÜDAR,40.9979,29.0604,180,175,5,AÇIK OTOPARK,0,0,07:00-17:00
2026-07-19T22:51:22.698698+00:00,2026-07-20T01:51:22.698698+03:00,1487,Vatan Caddesi PD Açık Otoparkı,FATİH,41.0157,28.9405,397,371,26,AÇIK OTOPARK,0,5,24 Saat
2026-07-19T22:51:22.698698+00:00,2026-07-20T01:51:22.698698+03:00,1621,Veteriner Hilmi Sokak Yol Üstü 1,ŞİŞLİ,41.0603,28.9892,20,1,19,YOL ÜSTÜ,0,15,08:00-17:00
2026-07-19T22:51:22.698698+00:00,2026-07-20T01:51:22.698698+03:00,2441,Yalı Açık Otoparkı,MALTEPE,40.9095,29.137,85,81,4,AÇIK OTOPARK,0,0,07:30-22:00
2026-07-19T22:51:22.698698+00:00,2026-07-20T01:51:22.698698+03:00,459,Yalı Köşkü Caddesi 1,FATİH,41.0163,28.9759,61,1,60,YOL ÜSTÜ,0,5,07:00-21:00
2026-07-19T22:51:22.698698+00:00,2026-07-20T01:51:22.698698+03:00,2037,Yenikapı Marmaray Büyük Otoparkı,FATİH,41.0057,28.9505,324,277,47,AÇIK OTOPARK,1,15,24 Saat
2026-07-19T22:51:22.698698+00:00,2026-07-20T01:51:22.698698+03:00,2036,Yenikapı Marmaray Küçük Otoparkı,FATİH,41.0064,28.9504,200,197,3,AÇIK OTOPARK,0,15,07:00-22:00
2026-07-19T22:51:22.698698+00:00,2026-07-20T01:51:22.698698+03:00,2175,Yenikapı Spor ve Kültür Merkezi PD Açık Otoparkı,FATİH,41.0006,28.9519,4023,3837,186,AÇIK OTOPARK,0,15,24 Saat
2026-07-19T22:51:22.698698+00:00,2026-07-20T01:51:22.698698+03:00,2805,Yenikapı Tünel Üstü Açık Otoparkı,FATİH,41.0029,28.9534,700,638,62,AÇIK OTOPARK,1,10,24 Saat
2026-07-19T22:51:22.698698+00:00,2026-07-20T01:51:22.698698+03:00,3404,Yenimahalle Metro Zemin Altı PD Otoparkı,GAZİOSMANPAŞA,41.0839,28.8926,114,89,25,KAPALI OTOPARK,1,15,24 Saat
2026-07-19T22:51:22.698698+00:00,2026-07-20T01:51:22.698698+03:00,2920,Yeşilce Zemin Altı Katlı Otoparkı,KAĞITHANE,41.0938,29.0017,676,181,495,KAPALI OTOPARK,1,0,24 Saat
2026-07-19T22:51:22.698698+00:00,2026-07-20T01:51:22.698698+03:00,987,Yeşilköy İstasyon Caddesi 1,BAKIRKÖY,40.962,28.825,40,1,39,YOL ÜSTÜ,0,15,09:00-17:30
2026-07-19T22:51:22.698698+00:00,2026-07-20T01:51:22.698698+03:00,974,Yeşilköy Marina 1,BAKIRKÖY,40.9576,28.8233,145,1,144,YOL ÜSTÜ,0,0,12:00-23:00
2026-07-19T22:51:22.698698+00:00,2026-07-20T01:51:22.698698+03:00,3406,Yeşilpınar Metro Zemin Altı PD Otoparkı,EYÜP,41.081,28.9204,269,189,80,KAPALI OTOPARK,1,15,24 Saat
2026-07-19T22:51:22.698698+00:00,2026-07-20T01:51:22.698698+03:00,315,Yeşilyurt Çarşı 1,BAKIRKÖY,40.9643,28.8379,50,1,49,YOL ÜSTÜ,0,15,09:00-17:30
2026-07-19T22:51:22.698698+00:00,2026-07-20T01:51:22.698698+03:00,1133,Yıldız Korusu,BEŞİKTAŞ,41.0514,29.0165,500,1,499,AÇIK OTOPARK,0,0,08:00-22:00
2026-07-19T22:51:22.698698+00:00,2026-07-20T01:51:22.698698+03:00,3185,Zeytinburnu Sahil Cep Otoparkı,ZEYTİNBURNU,40.9798,28.8985,160,1,159,AÇIK OTOPARK,0,0,12:00-22:00
2026-07-19T23:56:06.412899+00:00,2026-07-20T02:56:06.412899+03:00,3068,15 Temmuz Şehitler Meydanı Zeminaltı Otoparkı,ÜMRANİYE,41.0246,29.0915,1029,667,362,KAPALI OTOPARK,0,15,24 Saat
2026-07-19T23:56:06.412899+00:00,2026-07-20T02:56:06.412899+03:00,2338,19 Mayıs Açık,ŞİŞLİ,41.0563,28.9941,65,0,65,AÇIK OTOPARK,1,0,24 Saat
2026-07-19T23:56:06.412899+00:00,2026-07-20T02:56:06.412899+03:00,1751,4.Levent PD Açık Otoparkı,KAĞITHANE,41.0836,29.0081,236,139,97,AÇIK OTOPARK,1,5,24 Saat
2026-07-19T23:56:06.412899+00:00,2026-07-20T02:56:06.412899+03:00,3328,4.Levent Servis ve Turizm Araçları Açık Otoparkı,ŞİŞLİ,41.0841,29.0054,300,144,156,AÇIK OTOPARK,1,15,24 Saat
2026-07-19T23:56:06.412899+00:00,2026-07-20T02:56:06.412899+03:00,3412,5. Levent Gaziosmanpaşa Adliyesi Yanı Açık Otoparkı,EYÜP,41.0927,28.9494,250,235,15,AÇIK OTOPARK,0,15,07:00-23:00
2026-07-19T23:56:06.412899+00:00,2026-07-20T02:56:06.412899+03:00,104,Abide-i Hürriyet Caddesi 5,ŞİŞLİ,41.0619,28.9876,40,1,39,YOL ÜSTÜ,0,15,08:00-17:00
2026-07-19T23:56:06.412899+00:00,2026-07-20T02:56:06.412899+03:00,2452,Acıbadem Açık Otoparkı,ÜSKÜDAR,41.0157,29.0574,100,87,13,AÇIK OTOPARK,0,0,06:30-16:00
2026-07-19T23:56:06.412899+00:00,2026-07-20T02:56:06.412899+03:00,346,Ada Karşısı Cep 2,BEŞİKTAŞ,41.072,29.045,30,1,29,YOL ÜSTÜ,0,15,08:00-23:00
2026-07-19T23:56:06.412899+00:00,2026-07-20T02:56:06.412899+03:00,1663,Akasyalı Sokak Tenis Kulubü Önü 2,BEŞİKTAŞ,41.0867,29.0109,45,1,44,YOL ÜSTÜ,0,15,08:30-17:30
2026-07-19T23:56:06.412899+00:00,2026-07-20T02:56:06.412899+03:00,828,Akdeniz Caddesi 4,FATİH,41.0175,28.9435,27,1,26,YOL ÜSTÜ,0,15,09:00-18:00
2026-07-19T23:56:06.412899+00:00,2026-07-20T02:56:06.412899+03:00,1913,Alibeyköy Cep Otogarı Açık Otoparkı,EYÜP,41.0879,28.9446,116,57,59,AÇIK OTOPARK,1,25,24 Saat
2026-07-19T23:56:06.412899+00:00,2026-07-20T02:56:06.412899+03:00,1912,Alibeyköy Cep Otogarı Otobüs Otoparkı,EYÜP,41.0875,28.9449,5000,4984,16,AÇIK OTOPARK,1,60,24 Saat
2026-07-19T23:56:06.412899+00:00,2026-07-20T02:56:06.412899+03:00,2562,Alibeyköy Yeşiltepe Zemin Altı Otoparkı,EYÜP,41.0797,28.938,159,43,116,KAPALI OTOPARK,0,15,24 Saat
2026-07-19T23:56:06.412899+00:00,2026-07-20T02:56:06.412899+03:00,3201,Altınboynuz Sosyal Tesisleri,EYÜP,41.058,28.9447,70,1,69,AÇIK OTOPARK,0,15,08:00-23:00
2026-07-19T23:56:06.412899+00:00,2026-07-20T02:56:06.412899+03:00,758,Arap Camii Açık Otoparkı,BEYOĞLU,41.0227,28.9723,30,1,29,AÇIK OTOPARK,0,0,09:00-17:00
2026-07-19T23:56:06.412899+00:00,2026-07-20T02:56:06.412899+03:00,2685,Aras Sokak 2,BÜYÜKÇEKMECE,41.023,28.6209,60,1,59,YOL ÜSTÜ,0,0,06:00-14:30
2026-07-19T23:56:06.412899+00:00,2026-07-20T02:56:06.412899+03:00,2802,Arnavutköy Zemin Altı Otoparkı,ARNAVUTKÖY,41.1838,28.7396,700,12,688,KAPALI OTOPARK,1,15,24 Saat
2026-07-19T23:56:06.412899+00:00,2026-07-20T02:56:06.412899+03:00,1797,Ataköy Atrium AVM,BAKIRKÖY,40.9881,28.8459,250,193,57,AÇIK OTOPARK,0,15,08:00-23:00
2026-07-19T23:56:06.412899+00:00,2026-07-20T02:56:06.412899+03:00,2824,Ataköy Metro Durağı Yanı PD Zemin Altı Otoparkı,BAKIRKÖY,40.9904,28.8456,150,90,60,KAPALI OTOPARK,1,0,24 Saat
2026-07-19T23:56:06.412899+00:00,2026-07-20T02:56:06.412899+03:00,3161,Ataşehir Topçu İbrahim Sokak,ATAŞEHİR,40.9736,29.101,42,1,41,YOL ÜSTÜ,0,15,07:00-16:00
2026-07-19T23:56:06.412899+00:00,2026-07-20T02:56:06.412899+03:00,359,Atatürk Bulvarı 1,FATİH,41.0112,28.9534,20,1,19,YOL ÜSTÜ,0,0,07:30-18:00
2026-07-19T23:56:06.412899+00:00,2026-07-20T02:56:06.412899+03:00,3087,Atatürk Kent Ormanı Otoparkı,SARIYER,41.136,29.0262,200,198,2,AÇIK OTOPARK,0,0,08:00-17:00
2026-07-19T23:56:06.412899+00:00,2026-07-20T02:56:06.412899+03:00,2243,Avcılar Denizköşkler Toplantı ve Davet Salonu Açık Otoparkı,AVCILAR,40.9746,28.7435,200,1,199,AÇIK OTOPARK,0,15,13:00-07:00
2026-07-19T23:56:06.412899+00:00,2026-07-20T02:56:06.412899+03:00,1088,Avcılar İdo,AVCILAR,40.9712,28.7185,270,262,8,AÇIK OTOPARK,0,0,13:00-07:00
2026-07-19T23:56:06.412899+00:00,2026-07-20T02:56:06.412899+03:00,2885,Azapkapı Haliç Metro Otoparkı,ŞİŞLİ,41.0245,28.9691,80,74,6,AÇIK OTOPARK,1,5,24 Saat
2026-07-19T23:56:06.412899+00:00,2026-07-20T02:56:06.412899+03:00,2455,Azerbaycan Dostluk Parkı Zemin Altı Otoparkı,BAĞCILAR,41.0444,28.854,400,153,247,KAPALI OTOPARK,0,10,24 Saat
2026-07-19T23:56:06.412899+00:00,2026-07-20T02:56:06.412899+03:00,2965,Bağcılar Çolakoğlu Zemin Altı Otoparkı,BAĞCILAR,41.0324,28.8345,106,0,106,KAPALI OTOPARK,1,5,24 Saat
2026-07-19T23:56:06.412899+00:00,2026-07-20T02:56:06.412899+03:00,2576,Bağcılar Demirkapı Zemin Altı Otoparkı,BAĞCILAR,41.0499,28.8327,343,115,228,KAPALI OTOPARK,1,5,24 Saat
2026-07-19T23:56:06.412899+00:00,2026-07-20T02:56:06.412899+03:00,3036,Bağcılar Devlet Hastanesi Yanı Zeminaltı Otoparkı,BAĞCILAR,41.0312,28.8696,1133,125,1008,KAPALI OTOPARK,1,15,24 Saat
2026-07-19T23:56:06.412899+00:00,2026-07-20T02:56:06.412899+03:00,3071,Bağcılar Emniyet Müdürlüğü Yanı Açık Otoparkı,BAĞCILAR,41.0353,28.8598,100,36,64,AÇIK OTOPARK,1,0,24 Saat
2026-07-19T23:56:06.412899+00:00,2026-07-20T02:56:06.412899+03:00,2873,Bağcılar Göztepe Zemin Altı,BAĞCILAR,41.0567,28.8355,120,0,120,KAPALI OTOPARK,1,5,24 Saat
2026-07-19T23:56:06.412899+00:00,2026-07-20T02:56:06.412899+03:00,3187,Bağcılar Hürriyet Mahallesi Zemin Altı Otoparkı,BAĞCILAR,41.0291,28.8333,355,0,355,KAPALI OTOPARK,1,10,24 Saat
2026-07-19T23:56:06.412899+00:00,2026-07-20T02:56:06.412899+03:00,2916,Bağcılar Kent Meydanı PD Zemin Altı Otoparkı,BAĞCILAR,41.0339,28.8556,1162,0,1162,KAPALI OTOPARK,0,0,24 Saat
2026-07-19T23:56:06.412899+00:00,2026-07-20T02:56:06.412899+03:00,3261,Bağcılar Yenimahalle Zemin Altı Otoparkı,BAĞCILAR,41.0425,28.8395,525,249,276,KAPALI OTOPARK,1,15,24 Saat
2026-07-19T23:56:06.412899+00:00,2026-07-20T02:56:06.412899+03:00,2820,Bağcılar Yıldıztepe Katlı Otoparkı,BAĞCILAR,41.0294,28.8556,350,0,350,KAPALI OTOPARK,1,10,24 Saat
2026-07-19T23:56:06.412899+00:00,2026-07-20T02:56:06.412899+03:00,3447,Bahçelievler 23 Nisan Milli Egemenlik Zeminaltı Otoparkı,BAHÇELİEVLER,40.9988,28.8472,732,344,388,KAPALI OTOPARK,1,10,24 Saat
2026-07-19T23:56:06.412899+00:00,2026-07-20T02:56:06.412899+03:00,2993,Bahçelievler Cumhuriyet Zeminaltı Otoparkı,BAHÇELİEVLER,41.0149,28.859,663,0,663,KAPALI OTOPARK,0,10,24 Saat
2026-07-19T23:56:06.412899+00:00,2026-07-20T02:56:06.412899+03:00,2969,Bahçelievler Devlet Hastanesi Yanı Katlı Otoparkı,BAHÇELİEVLER,41.0072,28.8442,740,0,740,KAPALI OTOPARK,1,0,24 Saat
2026-07-19T23:56:06.412899+00:00,2026-07-20T02:56:06.412899+03:00,3051,Bahçelievler Zafer Mh. Zeminaltı Otoparkı,BAHÇELİEVLER,41.0036,28.8351,200,41,159,KAPALI OTOPARK,1,0,24 Saat
2026-07-19T23:56:06.412899+00:00,2026-07-20T02:56:06.412899+03:00,3118,Bahçeşehir Doğa Parkı Caddesi 3,BAŞAKŞEHİR,41.0683,28.6894,22,1,21,YOL ÜSTÜ,0,15,10:00-20:00
2026-07-19T23:56:06.412899+00:00,2026-07-20T02:56:06.412899+03:00,3236,Bahçeşehir Gölet Açık Otoparkı,BAŞAKŞEHİR,41.0719,28.6901,200,1,199,AÇIK OTOPARK,0,0,12:00-22:00
2026-07-19T23:56:06.412899+00:00,2026-07-20T02:56:06.412899+03:00,1465,Bakırköy İdo Açık Otoparkı,BAKIRKÖY,40.9739,28.8761,160,130,30,AÇIK OTOPARK,1,10,24 Saat
2026-07-19T23:56:06.412899+00:00,2026-07-20T02:56:06.412899+03:00,1104,Balmumcu Katlı Otoparkı,BEŞİKTAŞ,41.0636,29.0109,400,332,68,KAPALI OTOPARK,1,5,24 Saat
2026-07-19T23:56:06.412899+00:00,2026-07-20T02:56:06.412899+03:00,2796,Başakşehir Metro Açık Otoparkı,BAŞAKŞEHİR,41.107,28.801,125,1,124,AÇIK OTOPARK,0,0,07:00-16:00
2026-07-19T23:56:06.412899+00:00,2026-07-20T02:56:06.412899+03:00,2350,Bayrampaşa Adapark Katlı Otoparkı,BAYRAMPAŞA,41.0647,28.8875,650,0,650,KAPALI OTOPARK,0,15,24 Saat
2026-07-19T23:56:06.412899+00:00,2026-07-20T02:56:06.412899+03:00,2892,Bayrampaşa Altıntepsi Zemin  Altı Otoparkı,BAYRAMPAŞA,41.0393,28.9029,110,0,110,KAPALI OTOPARK,0,10,24 Saat
2026-07-19T23:56:06.412899+00:00,2026-07-20T02:56:06.412899+03:00,2909,Bayrampaşa Atatürk Parkı  Zemin Altı Otoparkı,BAYRAMPAŞA,41.0342,28.9123,442,0,442,KAPALI OTOPARK,0,10,24 Saat
2026-07-19T23:56:06.412899+00:00,2026-07-20T02:56:06.412899+03:00,2683,Bayrampaşa Devlet Hastanesi Cep Otoparkı,BAYRAMPAŞA,41.0414,28.9031,55,27,28,AÇIK OTOPARK,0,0,08:00-19:00
2026-07-19T23:56:06.412899+00:00,2026-07-20T02:56:06.412899+03:00,3301,Bayrampaşa Kocatepe Mahallesi Zemin Altı Otoparkı,BAYRAMPAŞA,41.0545,28.8964,241,0,241,KAPALI OTOPARK,1,10,24 Saat
2026-07-19T23:56:06.412899+00:00,2026-07-20T02:56:06.412899+03:00,2053,Bayrampaşa Muratpaşa Yer Altı Otoparkı,BAYRAMPAŞA,41.047,28.9082,300,0,300,KAPALI OTOPARK,0,15,24 Saat
2026-07-19T23:56:06.412899+00:00,2026-07-20T02:56:06.412899+03:00,3175,Bayrampaşa Spor Kompleksi Zemin Altı Otoparkı,BAYRAMPAŞA,41.0446,28.9106,205,0,205,KAPALI OTOPARK,1,15,24 Saat
2026-07-19T23:56:06.412899+00:00,2026-07-20T02:56:06.412899+03:00,3382,Bayrampaşa Şehit Kamil Balkan Zemin Altı Otoparkı,BAYRAMPAŞA,41.0604,28.9008,235,0,235,KAPALI OTOPARK,1,10,24 Saat
2026-07-19T23:56:06.412899+00:00,2026-07-20T02:56:06.412899+03:00,2428,Bayrampaşa Yenidoğan Mahallesi Zemin Altı Otoparkı,BAYRAMPAŞA,41.0395,28.9088,120,0,120,KAPALI OTOPARK,0,10,24 Saat
2026-07-19T23:56:06.412899+00:00,2026-07-20T02:56:06.412899+03:00,2468,Bebek Açık,BEŞİKTAŞ,41.077,29.0434,30,18,12,AÇIK OTOPARK,0,0,24 Saat
2026-07-19T23:56:06.412899+00:00,2026-07-20T02:56:06.412899+03:00,3479,Beşiktaş Halk Pazarı Açık Otoparkı,BEŞİKTAŞ,41.0496,29.0004,170,139,31,AÇIK OTOPARK,1,5,24 Saat
2026-07-19T23:56:06.412899+00:00,2026-07-20T02:56:06.412899+03:00,573,Beşiktaş Kadastro Önü 1,BEŞİKTAŞ,41.0503,29.0076,39,1,38,YOL ÜSTÜ,0,15,08:00-17:00
2026-07-19T23:56:06.412899+00:00,2026-07-20T02:56:06.412899+03:00,3257,Beykoz Sahil Cep Otoparkı,BEYKOZ,41.1286,29.0953,100,76,24,AÇIK OTOPARK,0,0,08:00-00:00
2026-07-19T23:56:06.412899+00:00,2026-07-20T02:56:06.412899+03:00,2273,Beykoz Sosyal Tesisleri,BEYKOZ,41.1143,29.0888,130,0,130,AÇIK OTOPARK,0,15,08:00-00:00
2026-07-19T23:56:06.412899+00:00,2026-07-20T02:56:06.412899+03:00,2999,Beyoğlu Gazhane Bostan Sokak 2,BEYOĞLU,41.0389,28.9903,35,1,34,YOL ÜSTÜ,0,0,07:30-16:30
2026-07-19T23:56:06.412899+00:00,2026-07-20T02:56:06.412899+03:00,3072,Beyoğlu Örnektepe Zemin Altı Otoparkı,BEYOĞLU,41.0543,28.9548,143,0,143,KAPALI OTOPARK,0,0,24 Saat
2026-07-19T23:56:06.412899+00:00,2026-07-20T02:56:06.412899+03:00,1455,Bostancı Açık,KADIKÖY,40.9523,29.0902,394,170,224,AÇIK OTOPARK,0,15,24 Saat
2026-07-19T23:56:06.412899+00:00,2026-07-20T02:56:06.412899+03:00,1456,Bostancı Sahil-Cep Açık Otoparkı,KADIKÖY,40.9545,29.0885,192,125,67,AÇIK OTOPARK,0,15,24 Saat
2026-07-19T23:56:06.412899+00:00,2026-07-20T02:56:06.412899+03:00,2150,Bostancı Vergi Dairesi Açık Otoparkı,ATAŞEHİR,40.9625,29.1083,155,0,155,AÇIK OTOPARK,0,5,08:00-20:00
2026-07-19T23:56:06.412899+00:00,2026-07-20T02:56:06.412899+03:00,2854,Bülent Ecevit Kültür Merkezi Açık Otoparkı,KARTAL,40.8852,29.1967,277,252,25,AÇIK OTOPARK,0,5,10:00-21:00
2026-07-19T23:56:06.412899+00:00,2026-07-20T02:56:06.412899+03:00,2866,Büyük İstanbul Otogarı,BAYRAMPAŞA,41.0402,28.8942,1000,0,1000,AÇIK OTOPARK,1,25,24 Saat
2026-07-19T23:56:06.412899+00:00,2026-07-20T02:56:06.412899+03:00,1192,Büyükçamlıca Korusu Sosyal Tesisleri Önü,ÜSKÜDAR,41.0264,29.0698,204,113,91,AÇIK OTOPARK,0,0,08:00-00:00
2026-07-19T23:56:06.412899+00:00,2026-07-20T02:56:06.412899+03:00,2960,Büyükçekmece Metrobüs Durağı Yanı PD Zemin Altı Otopark,BÜYÜKÇEKMECE,41.0221,28.624,448,271,177,KAPALI OTOPARK,0,0,24 Saat
2026-07-19T23:56:06.412899+00:00,2026-07-20T02:56:06.412899+03:00,1503,Cadde Bostan Açık Otoparkı,KADIKÖY,40.9636,29.0675,66,50,16,AÇIK OTOPARK,0,15,24 Saat
2026-07-19T23:56:06.412899+00:00,2026-07-20T02:56:06.412899+03:00,2933,Cemal Kamacı Spor Kompleksi Zemin Altı Otoparkı,KAĞITHANE,41.0536,28.9575,510,0,510,KAPALI OTOPARK,1,0,24 Saat
2026-07-19T23:56:06.412899+00:00,2026-07-20T02:56:06.412899+03:00,2207,Cengiz Topel Yer Altı Katlı Otoparkı,ESENLER,41.0588,28.8643,144,0,144,KAPALI OTOPARK,0,15,24 Saat
2026-07-19T23:56:06.412899+00:00,2026-07-20T02:56:06.412899+03:00,2787,Cevizli Açık Otoparkı,KARTAL,40.9179,29.1712,100,90,10,AÇIK OTOPARK,0,15,08:00-19:00
2026-07-19T23:56:06.412899+00:00,2026-07-20T02:56:06.412899+03:00,782,Cihangir Caddesi 2,BEYOĞLU,41.0319,28.9862,70,1,69,YOL ÜSTÜ,0,15,09:00-19:00
2026-07-19T23:56:06.412899+00:00,2026-07-20T02:56:06.412899+03:00,1467,Cihangir Katlı Otoparkı,BEYOĞLU,41.0318,28.9858,350,0,350,KAPALI OTOPARK,1,0,24 Saat
2026-07-19T23:56:06.412899+00:00,2026-07-20T02:56:06.412899+03:00,535,Cihannuma Yol Üstü 1,BEŞİKTAŞ,41.0454,29.0084,35,1,34,YOL ÜSTÜ,0,0,08:00-23:00
2026-07-19T23:56:06.412899+00:00,2026-07-20T02:56:06.412899+03:00,537,Cihannuma Yol Üstü 3,BEŞİKTAŞ,41.0459,29.0087,33,1,32,YOL ÜSTÜ,0,0,08:00-23:00
2026-07-19T23:56:06.412899+00:00,2026-07-20T02:56:06.412899+03:00,539,Cihannuma Yol Üstü 5,BEŞİKTAŞ,41.0489,29.0094,24,1,23,YOL ÜSTÜ,0,0,08:00-23:00
2026-07-19T23:56:06.412899+00:00,2026-07-20T02:56:06.412899+03:00,3184,Çam Sokak 6,GÜNGÖREN,41.0121,28.8882,50,1,49,YOL ÜSTÜ,0,15,08:00-17:00
2026-07-19T23:56:06.412899+00:00,2026-07-20T02:56:06.412899+03:00,3030,Çekmeköy Metro PD Zemin Altı Otoparkı,ÇEKMEKÖY,41.0147,29.1886,175,70,105,KAPALI OTOPARK,0,15,24 Saat
2026-07-19T23:56:06.412899+00:00,2026-07-20T02:56:06.412899+03:00,2905,Çeliktepe Açık Otoparkı,KAĞITHANE,41.0843,29.0056,200,42,158,AÇIK OTOPARK,1,5,24 Saat
2026-07-19T23:56:06.412899+00:00,2026-07-20T02:56:06.412899+03:00,1298,Çengelköy Açık Otoparkı,ÜSKÜDAR,41.0484,29.0533,500,0,500,AÇIK OTOPARK,0,15,24 Saat
2026-07-19T23:56:06.412899+00:00,2026-07-20T02:56:06.412899+03:00,502,Çınar Açık Otoparkı,BEŞİKTAŞ,41.0853,29.0088,65,1,64,AÇIK OTOPARK,0,0,08:00-18:00
2026-07-19T23:56:06.412899+00:00,2026-07-20T02:56:06.412899+03:00,777,Çırağan Sarayı Yol Üstü 1,BEŞİKTAŞ,41.0448,29.0165,40,1,39,YOL ÜSTÜ,0,15,08:00-23:00
2026-07-19T23:56:06.412899+00:00,2026-07-20T02:56:06.412899+03:00,778,Çırağan Sarayı Yol Üstü 2,BEŞİKTAŞ,41.0445,29.0156,40,1,39,YOL ÜSTÜ,0,15,08:00-23:00
2026-07-19T23:56:06.412899+00:00,2026-07-20T02:56:06.412899+03:00,2228,Çırpıcı Sosyal Tesisler,ZEYTİNBURNU,41,28.8926,128,0,128,AÇIK OTOPARK,0,15,07:00-00:00
2026-07-19T23:56:06.412899+00:00,2026-07-20T02:56:06.412899+03:00,1508,Çiroz Yeşilköy Halk Pazarı,BAKIRKÖY,40.9628,28.8129,471,1,470,AÇIK OTOPARK,0,0,08:00-18:00
2026-07-19T23:56:06.412899+00:00,2026-07-20T02:56:06.412899+03:00,2030,Dalyan Açık Otoparkı,KADIKÖY,40.9632,29.0651,92,81,11,AÇIK OTOPARK,0,15,24 Saat
2026-07-19T23:56:06.412899+00:00,2026-07-20T02:56:06.412899+03:00,2271,Damla Sokak 1,ŞİŞLİ,41.0672,29.0004,17,1,16,YOL ÜSTÜ,0,15,07:30-16:30
2026-07-19T23:56:06.412899+00:00,2026-07-20T02:56:06.412899+03:00,2164,Darüşşafaka Yeraltı Otoparkı,SARIYER,41.1292,29.0252,150,139,11,KAPALI OTOPARK,0,15,08:00-00:00
2026-07-19T23:56:06.412899+00:00,2026-07-20T02:56:06.412899+03:00,1653,Deniz Feneri Otoparkı,FATİH,41.0019,28.9773,175,124,51,AÇIK OTOPARK,0,5,24 Saat
2026-07-19T23:56:06.412899+00:00,2026-07-20T02:56:06.412899+03:00,595,Dostluk Yurdu 1,FATİH,41.0071,28.973,33,1,32,YOL ÜSTÜ,0,15,07:00-17:00
2026-07-19T23:56:06.412899+00:00,2026-07-20T02:56:06.412899+03:00,2237,Dragos Sosyal Tesisleri,KARTAL,40.9017,29.1458,100,60,40,AÇIK OTOPARK,1,15,24 Saat
2026-07-19T23:56:06.412899+00:00,2026-07-20T02:56:06.412899+03:00,3063,Dudullu Metro PD Zemin Altı Otoparkı,ÜMRANİYE,41.0156,29.1633,81,62,19,KAPALI OTOPARK,0,15,07:00-23:30
2026-07-19T23:56:06.412899+00:00,2026-07-20T02:56:06.412899+03:00,1522,Ebu Suut Caddesi 1,FATİH,41.0128,28.9766,35,1,34,YOL ÜSTÜ,0,0,08:00-18:00
2026-07-19T23:56:06.412899+00:00,2026-07-20T02:56:06.412899+03:00,2147,EGS Blokları Açık Otoparkı,BAKIRKÖY,40.9863,28.8354,350,120,230,AÇIK OTOPARK,0,60,09:00-19:30
2026-07-19T23:56:06.412899+00:00,2026-07-20T02:56:06.412899+03:00,2366,Esenler Adem Baştürk Kültür Merkezi Katlı,ESENLER,41.039,28.8846,460,0,460,KAPALI OTOPARK,1,15,24 Saat
2026-07-19T23:56:06.412899+00:00,2026-07-20T02:56:06.412899+03:00,3190,Esenler Havaalanı Mahallesi Zemin Altı Otoparkı,ESENLER,41.0562,28.8674,610,323,287,KAPALI OTOPARK,1,10,24 Saat
2026-07-19T23:56:06.412899+00:00,2026-07-20T02:56:06.412899+03:00,3011,Esenler Menderes Metro İstasyonu Yanı,ESENLER,41.0427,28.8783,68,0,68,AÇIK OTOPARK,1,5,24 Saat
2026-07-19T23:56:06.412899+00:00,2026-07-20T02:56:06.412899+03:00,2822,Esenler Menderes Parkı Zemin Altı Otoparkı,ESENLER,41.0412,28.8729,325,0,325,KAPALI OTOPARK,1,10,24 Saat
2026-07-19T23:56:06.412899+00:00,2026-07-20T02:56:06.412899+03:00,3303,Esenyurt Adile Naşit Bulvarı Zeminaltı Otoparkı,ESENYURT,41.0205,28.6859,367,295,72,KAPALI OTOPARK,1,15,24 Saat
2026-07-19T23:56:06.412899+00:00,2026-07-20T02:56:06.412899+03:00,1328,Eski Salı Pazarı,KADIKÖY,40.9904,29.0338,760,0,760,AÇIK OTOPARK,0,15,24 Saat
2026-07-19T23:56:06.412899+00:00,2026-07-20T02:56:06.412899+03:00,904,Eyüp Pierloti Caddesi 1,EYÜP,41.0539,28.9329,40,1,39,YOL ÜSTÜ,0,0,09:00-22:00
2026-07-19T23:56:06.412899+00:00,2026-07-20T02:56:06.412899+03:00,2850,Eyüpsultan Akşemsettin Mahallesi Zemin Altı Otoparkı,EYÜP,41.085,28.9258,110,0,110,KAPALI OTOPARK,0,15,24 Saat
2026-07-19T23:56:06.412899+00:00,2026-07-20T02:56:06.412899+03:00,2215,Fatih Çeşmesi Tabiat Parkı Otoparkı,SARIYER,41.1686,28.9448,250,242,8,AÇIK OTOPARK,0,0,06:00-20:00
2026-07-19T23:56:06.412899+00:00,2026-07-20T02:56:06.412899+03:00,1475,Fatih Katlı Otoparkı,FATİH,41.0198,28.9396,118,25,93,KAPALI OTOPARK,0,10,24 Saat
2026-07-19T23:56:06.412899+00:00,2026-07-20T02:56:06.412899+03:00,1591,Feshane PD Açık Otoparkı,EYÜP,41.0463,28.9378,200,159,41,AÇIK OTOPARK,1,15,24 Saat
2026-07-19T23:56:06.412899+00:00,2026-07-20T02:56:06.412899+03:00,1005,Florya Havuzlu Bahçe,BAKIRKÖY,40.9764,28.7908,135,1,134,AÇIK OTOPARK,0,0,09:00-23:00
2026-07-19T23:56:06.412899+00:00,2026-07-20T02:56:06.412899+03:00,2238,Florya Sosyal Tesisleri,BAKIRKÖY,40.9614,28.8091,1074,1061,13,AÇIK OTOPARK,0,15,24 Saat
2026-07-19T23:56:06.412899+00:00,2026-07-20T02:56:06.412899+03:00,3296,Gaziosmanpaşa Meydanı ve Yaşam Merkezi Zemin Altı Otoparkı,GAZİOSMANPAŞA,41.0606,28.9093,202,0,202,KAPALI OTOPARK,1,15,24 Saat
2026-07-19T23:56:06.412899+00:00,2026-07-20T02:56:06.412899+03:00,2971,Gaziosmanpaşa Zemin Altı Otoparkı,GAZİOSMANPAŞA,41.0796,28.8858,285,0,285,KAPALI OTOPARK,1,0,24 Saat
2026-07-19T23:56:06.412899+00:00,2026-07-20T02:56:06.412899+03:00,3401,Giyimkent Tekstilkent Metro Zemin Altı PD Otoparkı,ESENLER,41.0711,28.8666,203,189,14,KAPALI OTOPARK,0,10,24 Saat
2026-07-19T23:56:06.412899+00:00,2026-07-20T02:56:06.412899+03:00,2242,Gözdağı Sosyal Tesisler  Açık Otoparkı,PENDİK,40.893,29.2538,300,218,82,AÇIK OTOPARK,0,0,07:00-23:00
2026-07-19T23:56:06.412899+00:00,2026-07-20T02:56:06.412899+03:00,1879,Gülsuyu Metro PD Yer Altı Otoparkı,MALTEPE,40.9237,29.1548,76,0,76,KAPALI OTOPARK,0,15,08:00-00:00
2026-07-19T23:56:06.412899+00:00,2026-07-20T02:56:06.412899+03:00,1423,Güneş Plajı 1,BAKIRKÖY,40.9712,28.79,250,243,7,AÇIK OTOPARK,0,10,24 Saat
2026-07-19T23:56:06.412899+00:00,2026-07-20T02:56:06.412899+03:00,1461,Güneş Plajı 2,BAKIRKÖY,40.9692,28.7951,135,112,23,AÇIK OTOPARK,0,10,08:00-20:00
2026-07-19T23:56:06.412899+00:00,2026-07-20T02:56:06.412899+03:00,3053,Güngören Nikah Dairesi Zemin Altı otoparkı,GÜNGÖREN,41.0363,28.8718,147,0,147,KAPALI OTOPARK,1,10,24 Saat
2026-07-19T23:56:06.412899+00:00,2026-07-20T02:56:06.412899+03:00,2216,Gürpınar Balık Hali Otoparkı,BEYLİKDÜZÜ,40.9663,28.6019,1000,735,265,AÇIK OTOPARK,0,15,24 Saat
2026-07-19T23:56:06.412899+00:00,2026-07-20T02:56:06.412899+03:00,1525,Hacıosman Metro Yer Altı Otoparkı,SARIYER,41.14,29.0306,422,0,422,KAPALI OTOPARK,0,15,24 Saat
2026-07-19T23:56:06.412899+00:00,2026-07-20T02:56:06.412899+03:00,1470,Haldun Alagaş Katlı Otoparkı,ÜMRANİYE,41.0262,29.1052,197,148,49,KAPALI OTOPARK,1,15,24 Saat
2026-07-19T23:56:06.412899+00:00,2026-07-20T02:56:06.412899+03:00,3235,Haliç Sosyal Tesisleri Otoparkı,FATİH,41.0277,28.9572,60,34,26,AÇIK OTOPARK,0,15,07:00-00:00
2026-07-19T23:56:06.412899+00:00,2026-07-20T02:56:06.412899+03:00,2848,Halkalı Mahallesi Zemin Altı Otoparkı,KÜÇÜKÇEKMECE,41.0359,28.7848,347,285,62,KAPALI OTOPARK,0,15,24 Saat
2026-07-19T23:56:06.412899+00:00,2026-07-20T02:56:06.412899+03:00,2838,Hamidiye Mahallesi Katlı Otoparkı,KAĞITHANE,41.0949,28.971,450,206,244,KAPALI OTOPARK,1,15,24 Saat
2026-07-19T23:56:06.412899+00:00,2026-07-20T02:56:06.412899+03:00,1446,Harbiye Zemin Altı Otoparkı,BEYOĞLU,41.0408,28.9869,142,86,56,KAPALI OTOPARK,0,0,24 Saat
2026-07-19T23:56:06.412899+00:00,2026-07-20T02:56:06.412899+03:00,2332,Haydarpaşa Katlı Otoparkı,ÜSKÜDAR,41.0048,29.0251,840,774,66,KAPALI OTOPARK,1,15,24 Saat
2026-07-19T23:56:06.412899+00:00,2026-07-20T02:56:06.412899+03:00,1987,Haznedar Yer Altı Otoparkı,GÜNGÖREN,41.0083,28.8729,540,0,540,KAPALI OTOPARK,0,0,24 Saat
2026-07-19T23:56:06.412899+00:00,2026-07-20T02:56:06.412899+03:00,377,Hızır Külhani Sokak,FATİH,41.0202,28.9605,32,1,31,YOL ÜSTÜ,0,15,09:00-17:00
2026-07-19T23:56:06.412899+00:00,2026-07-20T02:56:06.412899+03:00,3173,Hürriyet Mahallesi Zeminaltı Otoparkı,GAZİOSMANPAŞA,41.0708,28.8951,190,0,190,KAPALI OTOPARK,1,15,24 Saat
2026-07-19T23:56:06.412899+00:00,2026-07-20T02:56:06.412899+03:00,157,Ihlamur Dere Caddesi 4,BEŞİKTAŞ,41.047,29.0023,27,1,26,YOL ÜSTÜ,0,15,09:00-17:00
2026-07-19T23:56:06.412899+00:00,2026-07-20T02:56:06.412899+03:00,1189,İçerenköy Sebze Meyve Hali Otoparkı,ATAŞEHİR,40.9766,29.1044,600,1,599,AÇIK OTOPARK,0,15,24 Saat
2026-07-19T23:56:06.412899+00:00,2026-07-20T02:56:06.412899+03:00,1127,İshakpaşa Caddesi,FATİH,41.0079,28.9814,200,1,199,YOL ÜSTÜ,0,0,08:00-18:00
2026-07-19T23:56:06.412899+00:00,2026-07-20T02:56:06.412899+03:00,3265,İspark İstanbul West Marina Açık Otoparkı 1,BEYLİKDÜZÜ,40.9636,28.6564,250,1,249,AÇIK OTOPARK,0,15,24 Saat
2026-07-19T23:56:06.412899+00:00,2026-07-20T02:56:06.412899+03:00,2793,İspark Merter Katlı Otoparkı,GÜNGÖREN,41.0097,28.89,900,473,427,KAPALI OTOPARK,1,10,24 Saat
2026-07-19T23:56:06.412899+00:00,2026-07-20T02:56:06.412899+03:00,2430,İspark West İstanbul Marina Açık Otoparkı,BEYLİKDÜZÜ,40.9639,28.6591,1600,1312,288,AÇIK OTOPARK,0,15,24 Saat
2026-07-19T23:56:06.412899+00:00,2026-07-20T02:56:06.412899+03:00,381,İstinye 4 ( Cami Önü ),SARIYER,41.1149,29.0571,25,1,24,YOL ÜSTÜ,0,15,08:30-17:30
2026-07-19T23:56:06.412899+00:00,2026-07-20T02:56:06.412899+03:00,1804,İtalyan Hastanesi Karşısı Açık Otoparkı 1,BEYOĞLU,41.028,28.9815,30,1,29,AÇIK OTOPARK,0,0,08:00-19:00
2026-07-19T23:56:06.412899+00:00,2026-07-20T02:56:06.412899+03:00,507,Kabasakal Medrese Önü,FATİH,41.0062,28.9789,65,1,64,AÇIK OTOPARK,0,0,08:00-18:30
2026-07-19T23:56:06.412899+00:00,2026-07-20T02:56:06.412899+03:00,3306,Kabataş Transfer Merkezi Turizm Otobüs Otoparkı,BEYOĞLU,41.0336,28.9923,160,115,45,KAPALI OTOPARK,1,20,24 Saat
2026-07-19T23:56:06.412899+00:00,2026-07-20T02:56:06.412899+03:00,2918,Kadıköy Hasanpaşa Gazhane Katlı Otoparkı,KADIKÖY,40.9972,29.0428,310,176,134,KAPALI OTOPARK,1,15,24 Saat
2026-07-19T23:56:06.412899+00:00,2026-07-20T02:56:06.412899+03:00,1447,Kadıköy İski Açık Otoparkı,KADIKÖY,40.9874,29.0207,124,116,8,AÇIK OTOPARK,0,15,24 Saat
2026-07-19T23:56:06.412899+00:00,2026-07-20T02:56:06.412899+03:00,1655,Kadıköy Metro Açık Otoparkı,KADIKÖY,40.9899,29.0217,74,67,7,AÇIK OTOPARK,0,15,24 Saat
2026-07-19T23:56:06.412899+00:00,2026-07-20T02:56:06.412899+03:00,3445,Kadıköy Uzunçayır PD Açık Otoparkı,KADIKÖY,40.9982,29.0569,70,48,22,AÇIK OTOPARK,0,15,06:30-16:30
2026-07-19T23:56:06.412899+00:00,2026-07-20T02:56:06.412899+03:00,2808,Kadıköy Yeni Salı Pazarı PD Katlı Otoparkı,KADIKÖY,40.9969,29.0486,1350,493,857,KAPALI OTOPARK,1,15,24 Saat
2026-07-19T23:56:06.412899+00:00,2026-07-20T02:56:06.412899+03:00,2811,Kağıthane Harmantepe Zemin Altı Otoparkı,KAĞITHANE,41.0816,28.9907,200,0,200,KAPALI OTOPARK,1,0,24 Saat
2026-07-19T23:56:06.412899+00:00,2026-07-20T02:56:06.412899+03:00,1452,Kalamış Açık Otoparkı,KADIKÖY,40.9687,29.0363,173,170,3,AÇIK OTOPARK,0,15,24 Saat
2026-07-19T23:56:06.412899+00:00,2026-07-20T02:56:06.412899+03:00,1474,Kartal Hasan Doğan Spor Kompleksi,KARTAL,40.8918,29.1897,773,0,773,KAPALI OTOPARK,0,15,24 Saat
2026-07-19T23:56:06.412899+00:00,2026-07-20T02:56:06.412899+03:00,1105,Kartal İdo Açık Otoparkı,KARTAL,40.8874,29.1881,90,0,90,AÇIK OTOPARK,0,15,24 Saat
2026-07-19T23:56:06.412899+00:00,2026-07-20T02:56:06.412899+03:00,1550,Kartal Sahil Açık Otoparkı,KARTAL,40.8875,29.1901,75,66,9,AÇIK OTOPARK,0,5,24 Saat
2026-07-19T23:56:06.412899+00:00,2026-07-20T02:56:06.412899+03:00,3434,Kasımpaşa Sosyal Tesisler Otoparkı,BEYOĞLU,41.0296,28.9673,60,36,24,AÇIK OTOPARK,0,0,07:30-23:00
2026-07-19T23:56:06.412899+00:00,2026-07-20T02:56:06.412899+03:00,2827,Kayaşehir Meydan Zemin Altı Otoparkı,BAŞAKŞEHİR,41.1196,28.7718,1054,1,1053,KAPALI OTOPARK,0,0,10:00-17:00
2026-07-19T23:56:06.412899+00:00,2026-07-20T02:56:06.412899+03:00,1960,Kazlıçeşme Marmaray Açık Otoparkı,ZEYTİNBURNU,40.9922,28.917,700,673,27,AÇIK OTOPARK,0,15,24 Saat
2026-07-19T23:56:06.412899+00:00,2026-07-20T02:56:06.412899+03:00,2994,Kirazlı Metro Durağı PD Açık Otoparkı,BAĞCILAR,41.033,28.8429,112,0,112,AÇIK OTOPARK,0,5,24 Saat
2026-07-19T23:56:06.412899+00:00,2026-07-20T02:56:06.412899+03:00,1528,Kore Şehitleri Caddesi - Yüzbaşı Kaya Aldağon Sokak 1,ŞİŞLİ,41.0719,29.0139,40,1,39,YOL ÜSTÜ,0,15,07:00-16:00
2026-07-19T23:56:06.412899+00:00,2026-07-20T02:56:06.412899+03:00,2449,Kozyatağı Sebze-Meyve Hali,ATAŞEHİR,40.9787,29.1029,1500,1,1499,AÇIK OTOPARK,1,0,24 Saat
2026-07-19T23:56:06.412899+00:00,2026-07-20T02:56:06.412899+03:00,1206,Kutlugün Sokak 2,FATİH,41.0061,28.9801,200,1,199,YOL ÜSTÜ,0,0,08:00-18:00
2026-07-19T23:56:06.412899+00:00,2026-07-20T02:56:06.412899+03:00,3074,Küçük Çamlıca,ÜSKÜDAR,41.0204,29.0653,129,106,23,AÇIK OTOPARK,0,0,08:00-22:00
2026-07-19T23:56:06.412899+00:00,2026-07-20T02:56:06.412899+03:00,3127,Küçükçekmece Cennet Mahallesi Meydan Zemin Altı Otoparkı,KÜÇÜKÇEKMECE,40.9907,28.783,456,0,456,KAPALI OTOPARK,0,10,24 Saat
2026-07-19T23:56:06.412899+00:00,2026-07-20T02:56:06.412899+03:00,2554,Küçükçekmece Fevzi Çakmak Meydanı Zemin Altı Otoparkı,KÜÇÜKÇEKMECE,41.0076,28.7927,1000,470,530,KAPALI OTOPARK,0,10,24 Saat
2026-07-19T23:56:06.412899+00:00,2026-07-20T02:56:06.412899+03:00,2882,Küçüksu Kasrı Açık Otoparkı,BEYKOZ,41.0789,29.0657,98,91,7,AÇIK OTOPARK,0,0,07:00-23:00
2026-07-19T23:56:06.412899+00:00,2026-07-20T02:56:06.412899+03:00,220,Levent Hamidiye,BEŞİKTAŞ,41.0861,29.0076,100,1,99,AÇIK OTOPARK,0,0,08:00-19:00
2026-07-19T23:56:06.412899+00:00,2026-07-20T02:56:06.412899+03:00,2335,Maçka Açık Otoparkı,ŞİŞLİ,41.046,28.9908,75,74,1,AÇIK OTOPARK,1,0,24 Saat
2026-07-19T23:56:06.412899+00:00,2026-07-20T02:56:06.412899+03:00,1859,Maçka Katlı Otoparkı,ŞİŞLİ,41.0484,28.9903,508,0,508,KAPALI OTOPARK,0,0,24 Saat
2026-07-19T23:56:06.412899+00:00,2026-07-20T02:56:06.412899+03:00,3193,Maltepe Rıhtım Caddesi Açık Otoparkı,MALTEPE,40.9258,29.1241,76,74,2,AÇIK OTOPARK,1,0,24 Saat
2026-07-19T23:56:06.412899+00:00,2026-07-20T02:56:06.412899+03:00,2146,Maltepe Süreyyapaşa Çarşısı Açık Otoparkı,MALTEPE,40.9274,29.1225,156,133,23,AÇIK OTOPARK,1,0,24 Saat
2026-07-19T23:56:06.412899+00:00,2026-07-20T02:56:06.412899+03:00,1599,Maslak Açık Otoparkı,SARIYER,41.1166,29.024,150,147,3,AÇIK OTOPARK,0,10,24 Saat
2026-07-19T23:56:06.412899+00:00,2026-07-20T02:56:06.412899+03:00,2100,Matbaacılar Sitesi Yanı,ZEYTİNBURNU,41.0234,28.9187,250,229,21,AÇIK OTOPARK,1,5,24 Saat
2026-07-19T23:56:06.412899+00:00,2026-07-20T02:56:06.412899+03:00,920,Meclis-i Mebusan Yokuşu 2,BEYOĞLU,41.0326,28.9882,34,1,33,YOL ÜSTÜ,0,15,09:00-17:00
2026-07-19T23:56:06.412899+00:00,2026-07-20T02:56:06.412899+03:00,1546,Menekşe Plajı Açık Otoparkı,BAKIRKÖY,40.9761,28.7766,200,199,1,AÇIK OTOPARK,0,0,24 Saat
2026-07-19T23:56:06.412899+00:00,2026-07-20T02:56:06.412899+03:00,1376,Mercan Açık,FATİH,41.0136,28.9669,130,128,2,AÇIK OTOPARK,0,0,08:00-23:00
2026-07-19T23:56:06.412899+00:00,2026-07-20T02:56:06.412899+03:00,3309,Mercan Ali Paşa Sarayı Zemin Altı Otoparkı,FATİH,41.0136,28.967,196,1,195,KAPALI OTOPARK,0,0,07:00-21:00
2026-07-19T23:56:06.412899+00:00,2026-07-20T02:56:06.412899+03:00,1472,Merter Katlı Otoparkı,GÜNGÖREN,41.0092,28.8874,1000,918,82,KAPALI OTOPARK,0,10,24 Saat
2026-07-19T23:56:06.412899+00:00,2026-07-20T02:56:06.412899+03:00,2375,Merter Metro PD Zeminaltı Otoparkı,GÜNGÖREN,41.0037,28.8897,242,101,141,KAPALI OTOPARK,1,10,24 Saat
2026-07-19T23:56:06.412899+00:00,2026-07-20T02:56:06.412899+03:00,1568,Mete Caddesi 1,BEYOĞLU,41.0382,28.9879,31,1,30,YOL ÜSTÜ,0,15,08:00-23:00
2026-07-19T23:56:06.412899+00:00,2026-07-20T02:56:06.412899+03:00,1471,Mevlana Yeraltı Katlı Otoparkı,ZEYTİNBURNU,41.0072,28.9049,1000,835,165,KAPALI OTOPARK,0,5,24 Saat
2026-07-19T23:56:06.412899+00:00,2026-07-20T02:56:06.412899+03:00,2709,Millet Caddesi Açık Otoparkı,FATİH,41.01,28.9461,60,54,6,AÇIK OTOPARK,0,15,24 Saat
2026-07-19T23:56:06.412899+00:00,2026-07-20T02:56:06.412899+03:00,3152,Mimar Sinan Zemin Altı Otoparkı,ÜSKÜDAR,41.0222,29.0169,956,568,388,KAPALI OTOPARK,0,15,24 Saat
2026-07-19T23:56:06.412899+00:00,2026-07-20T02:56:06.412899+03:00,2870,Miniatürk Çadır Açık Otoparkı,BEYOĞLU,41.0594,28.9501,250,187,63,AÇIK OTOPARK,0,15,07:00-20:00
2026-07-19T23:56:06.412899+00:00,2026-07-20T02:56:06.412899+03:00,2556,Muallim Naci Açık Otoparkı,BEŞİKTAŞ,41.0561,29.0342,35,27,8,AÇIK OTOPARK,1,15,24 Saat
2026-07-19T23:56:06.412899+00:00,2026-07-20T02:56:06.412899+03:00,569,Oda Kule Önü 1,BEYOĞLU,41.0322,28.9751,24,1,23,YOL ÜSTÜ,0,0,07:00-01:00
2026-07-19T23:56:06.412899+00:00,2026-07-20T02:56:06.412899+03:00,1988,Orhangazi Şehir Parkı PD Açık Otoparkı,MALTEPE,40.9313,29.1161,5022,4811,211,AÇIK OTOPARK,1,15,24 Saat
2026-07-19T23:56:06.412899+00:00,2026-07-20T02:56:06.412899+03:00,152,Ortabahçe Caddesi 2,BEŞİKTAŞ,41.0428,29.0043,35,1,34,YOL ÜSTÜ,0,15,08:00-23:00
2026-07-19T23:56:06.412899+00:00,2026-07-20T02:56:06.412899+03:00,153,Ortabahçe Caddesi 3,BEŞİKTAŞ,41.043,29.0042,26,1,25,YOL ÜSTÜ,0,15,08:00-23:00
2026-07-19T23:56:06.412899+00:00,2026-07-20T02:56:06.412899+03:00,119,Ortaklar Caddesi 1,ŞİŞLİ,41.0638,28.9971,25,1,24,YOL ÜSTÜ,0,15,08:30-17:00
2026-07-19T23:56:06.412899+00:00,2026-07-20T02:56:06.412899+03:00,1343,Ortaköy Açık Otoparkı,BEŞİKTAŞ,41.0504,29.0326,170,156,14,AÇIK OTOPARK,1,0,24 Saat
2026-07-19T23:56:06.412899+00:00,2026-07-20T02:56:06.412899+03:00,572,Ortaköy Portakal Yokuşu 1,BEŞİKTAŞ,41.0503,29.0261,15,1,14,YOL ÜSTÜ,0,15,09:00-19:00
2026-07-19T23:56:06.412899+00:00,2026-07-20T02:56:06.412899+03:00,1039,Öğretmen Evi,AVCILAR,40.9723,28.714,80,42,38,AÇIK OTOPARK,0,0,11:00-23:00
2026-07-19T23:56:06.412899+00:00,2026-07-20T02:56:06.412899+03:00,1466,Pendik Katlı Otoparkı,PENDİK,40.8789,29.2342,120,45,75,KAPALI OTOPARK,0,15,24 Saat
2026-07-19T23:56:06.412899+00:00,2026-07-20T02:56:06.412899+03:00,3073,Pendik Kemal Kalkuz Parkı Zemin Altı Otoparkı,PENDİK,40.8885,29.2427,224,1,223,KAPALI OTOPARK,0,0,09:00-18:00
2026-07-19T23:56:06.412899+00:00,2026-07-20T02:56:06.412899+03:00,3019,Pendik Meydan Zemin Altı Otoparkı,PENDİK,40.8752,29.2324,937,0,937,KAPALI OTOPARK,1,0,24 Saat
2026-07-19T23:56:06.412899+00:00,2026-07-20T02:56:06.412899+03:00,2865,Pendik Sahil Engelliler Merkez Önü,PENDİK,40.8735,29.233,100,66,34,AÇIK OTOPARK,0,0,11:00-20:00
2026-07-19T23:56:06.412899+00:00,2026-07-20T02:56:06.412899+03:00,2434,Pendik Sahil İdo,PENDİK,40.8755,29.2369,100,0,100,AÇIK OTOPARK,0,0,07:00-23:00
2026-07-19T23:56:06.412899+00:00,2026-07-20T02:56:06.412899+03:00,248,Pendik Yenimahalle Açık 2 Otoparkı,PENDİK,40.864,29.2723,124,112,12,AÇIK OTOPARK,0,15,10:00-22:00
2026-07-19T23:56:06.412899+00:00,2026-07-20T02:56:06.412899+03:00,297,Perşembe Pazarı 1,BEYOĞLU,41.0252,28.9693,32,1,31,YOL ÜSTÜ,0,15,08:00-17:00
2026-07-19T23:56:06.412899+00:00,2026-07-20T02:56:06.412899+03:00,597,Pierre Loti Caddesi 3,FATİH,41.0069,28.9711,36,1,35,YOL ÜSTÜ,0,0,07:00-17:00
2026-07-19T23:56:06.412899+00:00,2026-07-20T02:56:06.412899+03:00,3263,Piyalepaşa Meydanı Zemin Altı Otoparkı,BEYOĞLU,41.0445,28.9674,560,216,344,KAPALI OTOPARK,0,0,24 Saat
2026-07-19T23:56:06.412899+00:00,2026-07-20T02:56:06.412899+03:00,423,Prof.Cemil Birsel Yokuşu 3,FATİH,41.0178,28.967,40,1,39,YOL ÜSTÜ,0,0,07:00-18:00
2026-07-19T23:56:06.412899+00:00,2026-07-20T02:56:06.412899+03:00,1900,Ragıp Gümüşpala Cad.(Sobacılar Önü),FATİH,41.0181,28.969,40,1,39,YOL ÜSTÜ,0,15,07:00-18:00
2026-07-19T23:56:06.412899+00:00,2026-07-20T02:56:06.412899+03:00,415,Ragıp Gümüşpala Camii Önü 1,FATİH,41.0211,28.9627,35,1,34,YOL ÜSTÜ,0,0,07:00-17:30
2026-07-19T23:56:06.412899+00:00,2026-07-20T02:56:06.412899+03:00,3268,Refik Saydam Caddesi 3,BEYOĞLU,41.032,28.9736,55,1,54,YOL ÜSTÜ,0,0,06:00-23:00
2026-07-19T23:56:06.412899+00:00,2026-07-20T02:56:06.412899+03:00,2307,Ressam Halim Sokak PD Açık Otoparkı,BAHÇELİEVLER,40.9967,28.8641,120,97,23,AÇIK OTOPARK,0,15,08:00-00:00
2026-07-19T23:56:06.412899+00:00,2026-07-20T02:56:06.412899+03:00,3082,Rumeli Hisarı Sahil Yolu Otoparkı,SARIYER,41.0854,29.0568,20,18,2,AÇIK OTOPARK,1,0,24 Saat
2026-07-19T23:56:06.412899+00:00,2026-07-20T02:56:06.412899+03:00,1595,Sabiha Gökçen Açık Otoparkı,PENDİK,40.925,29.308,1056,321,735,AÇIK OTOPARK,0,15,24 Saat
2026-07-19T23:56:06.412899+00:00,2026-07-20T02:56:06.412899+03:00,3239,Samatya Sahil Cep Otoparkı,FATİH,40.9954,28.932,113,80,33,AÇIK OTOPARK,1,15,24 Saat
2026-07-19T23:56:06.412899+00:00,2026-07-20T02:56:06.412899+03:00,3273,Sarıyer Büyükdere Fidanlığı,SARIYER,41.1548,29.0268,160,157,3,AÇIK OTOPARK,0,0,08:00-18:00
2026-07-19T23:56:06.412899+00:00,2026-07-20T02:56:06.412899+03:00,3299,Sariyer Ayazağa Mah Vadi İstanbul Önü Açık Otoparkı,SARIYER,41.1106,28.9881,100,97,3,AÇIK OTOPARK,0,0,08:00-20:00
2026-07-19T23:56:06.412899+00:00,2026-07-20T02:56:06.412899+03:00,1303,Seyrantepe Katlı (Arena Karşısı) 1,KAĞITHANE,41.101,28.9961,1897,1,1896,KAPALI OTOPARK,1,0,24 Saat
2026-07-19T23:56:06.412899+00:00,2026-07-20T02:56:06.412899+03:00,1628,Sıracevizler Caddesi Yol Üstü 5,ŞİŞLİ,41.0607,28.9841,45,1,44,YOL ÜSTÜ,0,15,09:00-17:00
2026-07-19T23:56:06.412899+00:00,2026-07-20T02:56:06.412899+03:00,464,Sirkeci Gar Önü,FATİH,41.015,28.9761,60,1,59,AÇIK OTOPARK,0,5,07:00-20:00
2026-07-19T23:56:06.412899+00:00,2026-07-20T02:56:06.412899+03:00,1486,Siyavuşpaşa Yer Altı Otoparkı,BAHÇELİEVLER,40.9965,28.8532,155,0,155,KAPALI OTOPARK,1,0,24 Saat
2026-07-19T23:56:06.412899+00:00,2026-07-20T02:56:06.412899+03:00,1958,Soğanlık Metro PD Açık Otoparkı,KARTAL,40.9131,29.1925,898,866,32,AÇIK OTOPARK,0,15,24 Saat
2026-07-19T23:56:06.412899+00:00,2026-07-20T02:56:06.412899+03:00,589,Su Terazisi Sokak,FATİH,41.0046,28.9727,22,1,21,YOL ÜSTÜ,0,0,07:30-17:00
2026-07-19T23:56:06.412899+00:00,2026-07-20T02:56:06.412899+03:00,1478,Suadiye Cep Açık Otoparkı,KADIKÖY,40.9586,29.0732,130,123,7,AÇIK OTOPARK,0,15,24 Saat
2026-07-19T23:56:06.412899+00:00,2026-07-20T02:56:06.412899+03:00,2948,Suadiye Sahil Açık Otoparkı,KADIKÖY,40.9562,29.0797,70,64,6,AÇIK OTOPARK,1,5,24 Saat
2026-07-19T23:56:06.412899+00:00,2026-07-20T02:56:06.412899+03:00,2799,Sultanbeyli Emir Caddesi Zemin Altı Otoparkı,SULTANBEYLİ,40.9707,29.2606,130,115,15,KAPALI OTOPARK,0,15,08:00-22:00
2026-07-19T23:56:06.412899+00:00,2026-07-20T02:56:06.412899+03:00,2372,Sultanbeyli Kent Meydanı Zemin Altı Otoparkı,SULTANBEYLİ,40.9667,29.2667,300,213,87,KAPALI OTOPARK,1,15,24 Saat
2026-07-19T23:56:06.412899+00:00,2026-07-20T02:56:06.412899+03:00,2410,Sultangazi Zemin Altı Otoparkı,SULTANGAZİ,41.0944,28.8649,104,0,104,KAPALI OTOPARK,1,10,24 Saat
2026-07-19T23:56:06.412899+00:00,2026-07-20T02:56:06.412899+03:00,2085,Süleyman Seba Caddesi 2,BEŞİKTAŞ,41.0426,28.9998,40,1,39,YOL ÜSTÜ,0,15,08:00-18:00
2026-07-19T23:56:06.412899+00:00,2026-07-20T02:56:06.412899+03:00,2088,Süleyman Seba Caddesi 5,BEŞİKTAŞ,41.0432,28.9978,40,1,39,YOL ÜSTÜ,0,15,08:00-18:00
2026-07-19T23:56:06.412899+00:00,2026-07-20T02:56:06.412899+03:00,2089,Süleyman Seba Caddesi 6,BEŞİKTAŞ,41.0435,28.9967,11,1,10,YOL ÜSTÜ,0,15,08:00-18:00
2026-07-19T23:56:06.412899+00:00,2026-07-20T02:56:06.412899+03:00,2391,Süleymaniye Cami Altı Açık Otoparkı,FATİH,41.0158,28.961,250,234,16,AÇIK OTOPARK,0,0,06:30-18:30
2026-07-19T23:56:06.412899+00:00,2026-07-20T02:56:06.412899+03:00,1730,Sütlüce Miniatürk Yanı,BEYOĞLU,41.057,28.95,320,240,80,AÇIK OTOPARK,1,15,24 Saat
2026-07-19T23:56:06.412899+00:00,2026-07-20T02:56:06.412899+03:00,36,Şakayık Sokak 4,ŞİŞLİ,41.0518,28.9936,50,1,49,YOL ÜSTÜ,0,15,08:00-16:00
2026-07-19T23:56:06.412899+00:00,2026-07-20T02:56:06.412899+03:00,1469,Şehit Volkan Duysak Katlı Otoparkı,ZEYTİNBURNU,40.9968,28.9039,1000,652,348,KAPALI OTOPARK,0,5,24 Saat
2026-07-19T23:56:06.412899+00:00,2026-07-20T02:56:06.412899+03:00,2385,Şehremini Açık Otoparkı 1,FATİH,41.0135,28.9333,60,1,59,AÇIK OTOPARK,0,0,08:30-20:30
2026-07-19T23:56:06.412899+00:00,2026-07-20T02:56:06.412899+03:00,2855,Şemsipaşa Açık Otoparkı,ÜSKÜDAR,41.0255,29.0097,80,78,2,AÇIK OTOPARK,1,0,24 Saat
2026-07-19T23:56:06.412899+00:00,2026-07-20T02:56:06.412899+03:00,2439,Şirinevler Meydan Zeminaltı Otoparkı,BAHÇELİEVLER,40.9925,28.8496,367,106,261,KAPALI OTOPARK,1,0,24 Saat
2026-07-19T23:56:06.412899+00:00,2026-07-20T02:56:06.412899+03:00,3400,Şişhane Refik Saydam Caddesi 2 Yol Üstü Otoparkı 1,BEYOĞLU,41.0326,28.9743,70,1,69,YOL ÜSTÜ,0,15,06:00-23:00
2026-07-19T23:56:06.412899+00:00,2026-07-20T02:56:06.412899+03:00,1017,Şişli Kadırgalar Caddesi 1,ŞİŞLİ,41.0429,28.9927,100,1,99,AÇIK OTOPARK,0,0,07:00-23:00
2026-07-19T23:56:06.412899+00:00,2026-07-20T02:56:06.412899+03:00,3441,Şişli Kuştepe Zemin Altı Otoparkı,ŞİŞLİ,41.072,28.9919,430,317,113,KAPALI OTOPARK,0,15,24 Saat
2026-07-19T23:56:06.412899+00:00,2026-07-20T02:56:06.412899+03:00,2816,Şişli Rumeli Caddesi Metro Yanı 1,ŞİŞLİ,41.0538,28.9868,45,1,44,YOL ÜSTÜ,0,15,08:00-20:00
2026-07-19T23:56:06.412899+00:00,2026-07-20T02:56:06.412899+03:00,2406,Şişli Zemin Altı Otoparkı,ŞİŞLİ,41.0641,28.9992,581,404,177,KAPALI OTOPARK,1,15,24 Saat
2026-07-19T23:56:06.412899+00:00,2026-07-20T02:56:06.412899+03:00,1993,Tuzla İdo,TUZLA,40.8149,29.3039,300,283,17,AÇIK OTOPARK,0,15,24 Saat
2026-07-19T23:56:06.412899+00:00,2026-07-20T02:56:06.412899+03:00,3332,Tuzla Sahil Cep,TUZLA,40.8168,29.2992,50,41,9,AÇIK OTOPARK,0,0,08:00-00:00
2026-07-19T23:56:06.412899+00:00,2026-07-20T02:56:06.412899+03:00,3057,Tuzla Sahil Zemin Altı Otoparkı,TUZLA,40.8181,29.3004,779,542,237,KAPALI OTOPARK,1,15,24 Saat
2026-07-19T23:56:06.412899+00:00,2026-07-20T02:56:06.412899+03:00,1811,Ulu Camii Açık Otoparkı,BAHÇELİEVLER,40.9982,28.8499,150,114,36,AÇIK OTOPARK,1,10,24 Saat
2026-07-19T23:56:06.412899+00:00,2026-07-20T02:56:06.412899+03:00,2424,Uzunçayır Açık Otoparkı,KADIKÖY,40.9988,29.0556,58,52,6,AÇIK OTOPARK,0,0,06:00-16:00
2026-07-19T23:56:06.412899+00:00,2026-07-20T02:56:06.412899+03:00,1468,Ümraniye Katlı Otoparkı,ÜMRANİYE,41.0261,29.0953,665,522,143,KAPALI OTOPARK,0,15,24 Saat
2026-07-19T23:56:06.412899+00:00,2026-07-20T02:56:06.412899+03:00,2898,Ümraniye Okan Sokak Zeminaltı Otoparkı,ÜMRANİYE,41.0284,29.0907,125,8,117,KAPALI OTOPARK,1,15,24 Saat
2026-07-19T23:56:06.412899+00:00,2026-07-20T02:56:06.412899+03:00,2345,Üsküdar Uzunçayır PD Açık Otoparkı,ÜSKÜDAR,40.9988,29.0577,90,79,11,AÇIK OTOPARK,0,15,06:00-22:00
2026-07-19T23:56:06.412899+00:00,2026-07-20T02:56:06.412899+03:00,1929,Üsküdar Ünalan Açık Otoparkı,ÜSKÜDAR,40.9979,29.0604,180,175,5,AÇIK OTOPARK,0,0,07:00-17:00
2026-07-19T23:56:06.412899+00:00,2026-07-20T02:56:06.412899+03:00,1487,Vatan Caddesi PD Açık Otoparkı,FATİH,41.0157,28.9405,397,371,26,AÇIK OTOPARK,0,5,24 Saat
2026-07-19T23:56:06.412899+00:00,2026-07-20T02:56:06.412899+03:00,1621,Veteriner Hilmi Sokak Yol Üstü 1,ŞİŞLİ,41.0603,28.9892,20,1,19,YOL ÜSTÜ,0,15,08:00-17:00
2026-07-19T23:56:06.412899+00:00,2026-07-20T02:56:06.412899+03:00,2441,Yalı Açık Otoparkı,MALTEPE,40.9095,29.137,85,81,4,AÇIK OTOPARK,0,0,07:30-22:00
2026-07-19T23:56:06.412899+00:00,2026-07-20T02:56:06.412899+03:00,459,Yalı Köşkü Caddesi 1,FATİH,41.0163,28.9759,61,1,60,YOL ÜSTÜ,0,5,07:00-21:00
2026-07-19T23:56:06.412899+00:00,2026-07-20T02:56:06.412899+03:00,2037,Yenikapı Marmaray Büyük Otoparkı,FATİH,41.0057,28.9505,324,273,51,AÇIK OTOPARK,1,15,24 Saat
2026-07-19T23:56:06.412899+00:00,2026-07-20T02:56:06.412899+03:00,2036,Yenikapı Marmaray Küçük Otoparkı,FATİH,41.0064,28.9504,200,197,3,AÇIK OTOPARK,0,15,07:00-22:00
2026-07-19T23:56:06.412899+00:00,2026-07-20T02:56:06.412899+03:00,2175,Yenikapı Spor ve Kültür Merkezi PD Açık Otoparkı,FATİH,41.0006,28.9519,4023,3842,181,AÇIK OTOPARK,0,15,24 Saat
2026-07-19T23:56:06.412899+00:00,2026-07-20T02:56:06.412899+03:00,2805,Yenikapı Tünel Üstü Açık Otoparkı,FATİH,41.0029,28.9534,700,638,62,AÇIK OTOPARK,1,10,24 Saat
2026-07-19T23:56:06.412899+00:00,2026-07-20T02:56:06.412899+03:00,3404,Yenimahalle Metro Zemin Altı PD Otoparkı,GAZİOSMANPAŞA,41.0839,28.8926,114,89,25,KAPALI OTOPARK,1,15,24 Saat
2026-07-19T23:56:06.412899+00:00,2026-07-20T02:56:06.412899+03:00,2920,Yeşilce Zemin Altı Katlı Otoparkı,KAĞITHANE,41.0938,29.0017,676,176,500,KAPALI OTOPARK,1,0,24 Saat
2026-07-19T23:56:06.412899+00:00,2026-07-20T02:56:06.412899+03:00,987,Yeşilköy İstasyon Caddesi 1,BAKIRKÖY,40.962,28.825,40,1,39,YOL ÜSTÜ,0,15,09:00-17:30
2026-07-19T23:56:06.412899+00:00,2026-07-20T02:56:06.412899+03:00,974,Yeşilköy Marina 1,BAKIRKÖY,40.9576,28.8233,145,1,144,YOL ÜSTÜ,0,0,12:00-23:00
2026-07-19T23:56:06.412899+00:00,2026-07-20T02:56:06.412899+03:00,3406,Yeşilpınar Metro Zemin Altı PD Otoparkı,EYÜP,41.081,28.9204,269,187,82,KAPALI OTOPARK,1,15,24 Saat
2026-07-19T23:56:06.412899+00:00,2026-07-20T02:56:06.412899+03:00,315,Yeşilyurt Çarşı 1,BAKIRKÖY,40.9643,28.8379,50,1,49,YOL ÜSTÜ,0,15,09:00-17:30
2026-07-19T23:56:06.412899+00:00,2026-07-20T02:56:06.412899+03:00,1133,Yıldız Korusu,BEŞİKTAŞ,41.0514,29.0165,500,1,499,AÇIK OTOPARK,0,0,08:00-22:00
2026-07-19T23:56:06.412899+00:00,2026-07-20T02:56:06.412899+03:00,3185,Zeytinburnu Sahil Cep Otoparkı,ZEYTİNBURNU,40.9798,28.8985,160,1,159,AÇIK OTOPARK,0,0,12:00-22:00
2026-07-20T03:20:18.709502+00:00,2026-07-20T06:20:18.709502+03:00,3068,15 Temmuz Şehitler Meydanı Zeminaltı Otoparkı,ÜMRANİYE,41.0246,29.0915,1029,662,367,KAPALI OTOPARK,0,15,24 Saat
2026-07-20T03:20:18.709502+00:00,2026-07-20T06:20:18.709502+03:00,2338,19 Mayıs Açık,ŞİŞLİ,41.0563,28.9941,65,0,65,AÇIK OTOPARK,1,0,24 Saat
2026-07-20T03:20:18.709502+00:00,2026-07-20T06:20:18.709502+03:00,1751,4.Levent PD Açık Otoparkı,KAĞITHANE,41.0836,29.0081,236,141,95,AÇIK OTOPARK,1,5,24 Saat
2026-07-20T03:20:18.709502+00:00,2026-07-20T06:20:18.709502+03:00,3328,4.Levent Servis ve Turizm Araçları Açık Otoparkı,ŞİŞLİ,41.0841,29.0054,300,143,157,AÇIK OTOPARK,1,15,24 Saat
2026-07-20T03:20:18.709502+00:00,2026-07-20T06:20:18.709502+03:00,3412,5. Levent Gaziosmanpaşa Adliyesi Yanı Açık Otoparkı,EYÜP,41.0927,28.9494,250,235,15,AÇIK OTOPARK,0,15,07:00-23:00
2026-07-20T03:20:18.709502+00:00,2026-07-20T06:20:18.709502+03:00,104,Abide-i Hürriyet Caddesi 5,ŞİŞLİ,41.0619,28.9876,40,1,39,YOL ÜSTÜ,0,15,08:00-17:00
2026-07-20T03:20:18.709502+00:00,2026-07-20T06:20:18.709502+03:00,2452,Acıbadem Açık Otoparkı,ÜSKÜDAR,41.0157,29.0574,100,87,13,AÇIK OTOPARK,0,0,06:30-16:00
2026-07-20T03:20:18.709502+00:00,2026-07-20T06:20:18.709502+03:00,346,Ada Karşısı Cep 2,BEŞİKTAŞ,41.072,29.045,30,1,29,YOL ÜSTÜ,0,15,08:00-23:00
2026-07-20T03:20:18.709502+00:00,2026-07-20T06:20:18.709502+03:00,1663,Akasyalı Sokak Tenis Kulubü Önü 2,BEŞİKTAŞ,41.0867,29.0109,45,1,44,YOL ÜSTÜ,0,15,08:30-17:30
2026-07-20T03:20:18.709502+00:00,2026-07-20T06:20:18.709502+03:00,828,Akdeniz Caddesi 4,FATİH,41.0175,28.9435,27,1,26,YOL ÜSTÜ,0,15,09:00-18:00
2026-07-20T03:20:18.709502+00:00,2026-07-20T06:20:18.709502+03:00,1913,Alibeyköy Cep Otogarı Açık Otoparkı,EYÜP,41.0879,28.9446,116,50,66,AÇIK OTOPARK,1,25,24 Saat
2026-07-20T03:20:18.709502+00:00,2026-07-20T06:20:18.709502+03:00,1912,Alibeyköy Cep Otogarı Otobüs Otoparkı,EYÜP,41.0875,28.9449,5000,4982,18,AÇIK OTOPARK,1,60,24 Saat
2026-07-20T03:20:18.709502+00:00,2026-07-20T06:20:18.709502+03:00,2562,Alibeyköy Yeşiltepe Zemin Altı Otoparkı,EYÜP,41.0797,28.938,159,44,115,KAPALI OTOPARK,0,15,24 Saat
2026-07-20T03:20:18.709502+00:00,2026-07-20T06:20:18.709502+03:00,3201,Altınboynuz Sosyal Tesisleri,EYÜP,41.058,28.9447,70,1,69,AÇIK OTOPARK,0,15,08:00-23:00
2026-07-20T03:20:18.709502+00:00,2026-07-20T06:20:18.709502+03:00,758,Arap Camii Açık Otoparkı,BEYOĞLU,41.0227,28.9723,30,1,29,AÇIK OTOPARK,0,0,09:00-17:00
2026-07-20T03:20:18.709502+00:00,2026-07-20T06:20:18.709502+03:00,2685,Aras Sokak 2,BÜYÜKÇEKMECE,41.023,28.6209,60,1,59,YOL ÜSTÜ,1,0,06:00-14:30
2026-07-20T03:20:18.709502+00:00,2026-07-20T06:20:18.709502+03:00,2802,Arnavutköy Zemin Altı Otoparkı,ARNAVUTKÖY,41.1838,28.7396,700,16,684,KAPALI OTOPARK,1,15,24 Saat
2026-07-20T03:20:18.709502+00:00,2026-07-20T06:20:18.709502+03:00,1797,Ataköy Atrium AVM,BAKIRKÖY,40.9881,28.8459,250,193,57,AÇIK OTOPARK,0,15,08:00-23:00
2026-07-20T03:20:18.709502+00:00,2026-07-20T06:20:18.709502+03:00,2824,Ataköy Metro Durağı Yanı PD Zemin Altı Otoparkı,BAKIRKÖY,40.9904,28.8456,150,90,60,KAPALI OTOPARK,1,0,24 Saat
2026-07-20T03:20:18.709502+00:00,2026-07-20T06:20:18.709502+03:00,3161,Ataşehir Topçu İbrahim Sokak,ATAŞEHİR,40.9736,29.101,42,1,41,YOL ÜSTÜ,0,15,07:00-16:00
2026-07-20T03:20:18.709502+00:00,2026-07-20T06:20:18.709502+03:00,359,Atatürk Bulvarı 1,FATİH,41.0112,28.9534,20,1,19,YOL ÜSTÜ,0,0,07:30-18:00
2026-07-20T03:20:18.709502+00:00,2026-07-20T06:20:18.709502+03:00,3087,Atatürk Kent Ormanı Otoparkı,SARIYER,41.136,29.0262,200,198,2,AÇIK OTOPARK,0,0,08:00-17:00
2026-07-20T03:20:18.709502+00:00,2026-07-20T06:20:18.709502+03:00,2243,Avcılar Denizköşkler Toplantı ve Davet Salonu Açık Otoparkı,AVCILAR,40.9746,28.7435,200,1,199,AÇIK OTOPARK,0,15,13:00-07:00
2026-07-20T03:20:18.709502+00:00,2026-07-20T06:20:18.709502+03:00,1088,Avcılar İdo,AVCILAR,40.9712,28.7185,270,262,8,AÇIK OTOPARK,0,0,13:00-07:00
2026-07-20T03:20:18.709502+00:00,2026-07-20T06:20:18.709502+03:00,2885,Azapkapı Haliç Metro Otoparkı,ŞİŞLİ,41.0245,28.9691,80,73,7,AÇIK OTOPARK,1,5,24 Saat
2026-07-20T03:20:18.709502+00:00,2026-07-20T06:20:18.709502+03:00,2455,Azerbaycan Dostluk Parkı Zemin Altı Otoparkı,BAĞCILAR,41.0444,28.854,400,153,247,KAPALI OTOPARK,0,10,24 Saat
2026-07-20T03:20:18.709502+00:00,2026-07-20T06:20:18.709502+03:00,2965,Bağcılar Çolakoğlu Zemin Altı Otoparkı,BAĞCILAR,41.0324,28.8345,106,0,106,KAPALI OTOPARK,1,5,24 Saat
2026-07-20T03:20:18.709502+00:00,2026-07-20T06:20:18.709502+03:00,2576,Bağcılar Demirkapı Zemin Altı Otoparkı,BAĞCILAR,41.0499,28.8327,343,114,229,KAPALI OTOPARK,1,5,24 Saat
2026-07-20T03:20:18.709502+00:00,2026-07-20T06:20:18.709502+03:00,3036,Bağcılar Devlet Hastanesi Yanı Zeminaltı Otoparkı,BAĞCILAR,41.0312,28.8696,1133,126,1007,KAPALI OTOPARK,1,15,24 Saat
2026-07-20T03:20:18.709502+00:00,2026-07-20T06:20:18.709502+03:00,3071,Bağcılar Emniyet Müdürlüğü Yanı Açık Otoparkı,BAĞCILAR,41.0353,28.8598,100,37,63,AÇIK OTOPARK,1,0,24 Saat
2026-07-20T03:20:18.709502+00:00,2026-07-20T06:20:18.709502+03:00,2873,Bağcılar Göztepe Zemin Altı,BAĞCILAR,41.0567,28.8355,120,0,120,KAPALI OTOPARK,1,5,24 Saat
2026-07-20T03:20:18.709502+00:00,2026-07-20T06:20:18.709502+03:00,3187,Bağcılar Hürriyet Mahallesi Zemin Altı Otoparkı,BAĞCILAR,41.0291,28.8333,355,0,355,KAPALI OTOPARK,1,10,24 Saat
2026-07-20T03:20:18.709502+00:00,2026-07-20T06:20:18.709502+03:00,2916,Bağcılar Kent Meydanı PD Zemin Altı Otoparkı,BAĞCILAR,41.0339,28.8556,1162,0,1162,KAPALI OTOPARK,0,0,24 Saat
2026-07-20T03:20:18.709502+00:00,2026-07-20T06:20:18.709502+03:00,3261,Bağcılar Yenimahalle Zemin Altı Otoparkı,BAĞCILAR,41.0425,28.8395,525,247,278,KAPALI OTOPARK,1,15,24 Saat
2026-07-20T03:20:18.709502+00:00,2026-07-20T06:20:18.709502+03:00,2820,Bağcılar Yıldıztepe Katlı Otoparkı,BAĞCILAR,41.0294,28.8556,350,0,350,KAPALI OTOPARK,1,10,24 Saat
2026-07-20T03:20:18.709502+00:00,2026-07-20T06:20:18.709502+03:00,3447,Bahçelievler 23 Nisan Milli Egemenlik Zeminaltı Otoparkı,BAHÇELİEVLER,40.9988,28.8472,732,348,384,KAPALI OTOPARK,1,10,24 Saat
2026-07-20T03:20:18.709502+00:00,2026-07-20T06:20:18.709502+03:00,2993,Bahçelievler Cumhuriyet Zeminaltı Otoparkı,BAHÇELİEVLER,41.0149,28.859,663,0,663,KAPALI OTOPARK,0,10,24 Saat
2026-07-20T03:20:18.709502+00:00,2026-07-20T06:20:18.709502+03:00,2969,Bahçelievler Devlet Hastanesi Yanı Katlı Otoparkı,BAHÇELİEVLER,41.0072,28.8442,740,0,740,KAPALI OTOPARK,1,0,24 Saat
2026-07-20T03:20:18.709502+00:00,2026-07-20T06:20:18.709502+03:00,3051,Bahçelievler Zafer Mh. Zeminaltı Otoparkı,BAHÇELİEVLER,41.0036,28.8351,200,39,161,KAPALI OTOPARK,1,0,24 Saat
2026-07-20T03:20:18.709502+00:00,2026-07-20T06:20:18.709502+03:00,3118,Bahçeşehir Doğa Parkı Caddesi 3,BAŞAKŞEHİR,41.0683,28.6894,22,1,21,YOL ÜSTÜ,0,15,10:00-20:00
2026-07-20T03:20:18.709502+00:00,2026-07-20T06:20:18.709502+03:00,3236,Bahçeşehir Gölet Açık Otoparkı,BAŞAKŞEHİR,41.0719,28.6901,200,1,199,AÇIK OTOPARK,0,0,12:00-22:00
2026-07-20T03:20:18.709502+00:00,2026-07-20T06:20:18.709502+03:00,1465,Bakırköy İdo Açık Otoparkı,BAKIRKÖY,40.9739,28.8761,160,130,30,AÇIK OTOPARK,1,10,24 Saat
2026-07-20T03:20:18.709502+00:00,2026-07-20T06:20:18.709502+03:00,1104,Balmumcu Katlı Otoparkı,BEŞİKTAŞ,41.0636,29.0109,400,333,67,KAPALI OTOPARK,1,5,24 Saat
2026-07-20T03:20:18.709502+00:00,2026-07-20T06:20:18.709502+03:00,2796,Başakşehir Metro Açık Otoparkı,BAŞAKŞEHİR,41.107,28.801,125,1,124,AÇIK OTOPARK,0,0,07:00-16:00
2026-07-20T03:20:18.709502+00:00,2026-07-20T06:20:18.709502+03:00,2350,Bayrampaşa Adapark Katlı Otoparkı,BAYRAMPAŞA,41.0647,28.8875,650,0,650,KAPALI OTOPARK,0,15,24 Saat
2026-07-20T03:20:18.709502+00:00,2026-07-20T06:20:18.709502+03:00,2892,Bayrampaşa Altıntepsi Zemin  Altı Otoparkı,BAYRAMPAŞA,41.0393,28.9029,110,0,110,KAPALI OTOPARK,0,10,24 Saat
2026-07-20T03:20:18.709502+00:00,2026-07-20T06:20:18.709502+03:00,2909,Bayrampaşa Atatürk Parkı  Zemin Altı Otoparkı,BAYRAMPAŞA,41.0342,28.9123,442,0,442,KAPALI OTOPARK,0,10,24 Saat
2026-07-20T03:20:18.709502+00:00,2026-07-20T06:20:18.709502+03:00,2683,Bayrampaşa Devlet Hastanesi Cep Otoparkı,BAYRAMPAŞA,41.0414,28.9031,55,27,28,AÇIK OTOPARK,0,0,08:00-19:00
2026-07-20T03:20:18.709502+00:00,2026-07-20T06:20:18.709502+03:00,3301,Bayrampaşa Kocatepe Mahallesi Zemin Altı Otoparkı,BAYRAMPAŞA,41.0545,28.8964,241,0,241,KAPALI OTOPARK,1,10,24 Saat
2026-07-20T03:20:18.709502+00:00,2026-07-20T06:20:18.709502+03:00,2053,Bayrampaşa Muratpaşa Yer Altı Otoparkı,BAYRAMPAŞA,41.047,28.9082,300,0,300,KAPALI OTOPARK,0,15,24 Saat
2026-07-20T03:20:18.709502+00:00,2026-07-20T06:20:18.709502+03:00,3175,Bayrampaşa Spor Kompleksi Zemin Altı Otoparkı,BAYRAMPAŞA,41.0446,28.9106,205,0,205,KAPALI OTOPARK,1,15,24 Saat
2026-07-20T03:20:18.709502+00:00,2026-07-20T06:20:18.709502+03:00,3382,Bayrampaşa Şehit Kamil Balkan Zemin Altı Otoparkı,BAYRAMPAŞA,41.0604,28.9008,235,0,235,KAPALI OTOPARK,1,10,24 Saat
2026-07-20T03:20:18.709502+00:00,2026-07-20T06:20:18.709502+03:00,2428,Bayrampaşa Yenidoğan Mahallesi Zemin Altı Otoparkı,BAYRAMPAŞA,41.0395,28.9088,120,0,120,KAPALI OTOPARK,0,10,24 Saat
2026-07-20T03:20:18.709502+00:00,2026-07-20T06:20:18.709502+03:00,2468,Bebek Açık,BEŞİKTAŞ,41.077,29.0434,30,15,15,AÇIK OTOPARK,0,0,24 Saat
2026-07-20T03:20:18.709502+00:00,2026-07-20T06:20:18.709502+03:00,3479,Beşiktaş Halk Pazarı Açık Otoparkı,BEŞİKTAŞ,41.0496,29.0004,170,139,31,AÇIK OTOPARK,1,5,24 Saat
2026-07-20T03:20:18.709502+00:00,2026-07-20T06:20:18.709502+03:00,573,Beşiktaş Kadastro Önü 1,BEŞİKTAŞ,41.0503,29.0076,39,1,38,YOL ÜSTÜ,0,15,08:00-17:00
2026-07-20T03:20:18.709502+00:00,2026-07-20T06:20:18.709502+03:00,3257,Beykoz Sahil Cep Otoparkı,BEYKOZ,41.1286,29.0953,100,76,24,AÇIK OTOPARK,0,0,08:00-00:00
2026-07-20T03:20:18.709502+00:00,2026-07-20T06:20:18.709502+03:00,2273,Beykoz Sosyal Tesisleri,BEYKOZ,41.1143,29.0888,130,0,130,AÇIK OTOPARK,0,15,08:00-00:00
2026-07-20T03:20:18.709502+00:00,2026-07-20T06:20:18.709502+03:00,2999,Beyoğlu Gazhane Bostan Sokak 2,BEYOĞLU,41.0389,28.9903,35,1,34,YOL ÜSTÜ,0,0,07:30-16:30
2026-07-20T03:20:18.709502+00:00,2026-07-20T06:20:18.709502+03:00,3072,Beyoğlu Örnektepe Zemin Altı Otoparkı,BEYOĞLU,41.0543,28.9548,143,0,143,KAPALI OTOPARK,0,0,24 Saat
2026-07-20T03:20:18.709502+00:00,2026-07-20T06:20:18.709502+03:00,1455,Bostancı Açık,KADIKÖY,40.9523,29.0902,394,171,223,AÇIK OTOPARK,0,15,24 Saat
2026-07-20T03:20:18.709502+00:00,2026-07-20T06:20:18.709502+03:00,1456,Bostancı Sahil-Cep Açık Otoparkı,KADIKÖY,40.9545,29.0885,192,125,67,AÇIK OTOPARK,0,15,24 Saat
2026-07-20T03:20:18.709502+00:00,2026-07-20T06:20:18.709502+03:00,2150,Bostancı Vergi Dairesi Açık Otoparkı,ATAŞEHİR,40.9625,29.1083,155,0,155,AÇIK OTOPARK,0,5,08:00-20:00
2026-07-20T03:20:18.709502+00:00,2026-07-20T06:20:18.709502+03:00,2854,Bülent Ecevit Kültür Merkezi Açık Otoparkı,KARTAL,40.8852,29.1967,277,252,25,AÇIK OTOPARK,0,5,10:00-21:00
2026-07-20T03:20:18.709502+00:00,2026-07-20T06:20:18.709502+03:00,2866,Büyük İstanbul Otogarı,BAYRAMPAŞA,41.0402,28.8942,1000,0,1000,AÇIK OTOPARK,1,25,24 Saat
2026-07-20T03:20:18.709502+00:00,2026-07-20T06:20:18.709502+03:00,1192,Büyükçamlıca Korusu Sosyal Tesisleri Önü,ÜSKÜDAR,41.0264,29.0698,204,113,91,AÇIK OTOPARK,0,0,08:00-00:00
2026-07-20T03:20:18.709502+00:00,2026-07-20T06:20:18.709502+03:00,2960,Büyükçekmece Metrobüs Durağı Yanı PD Zemin Altı Otopark,BÜYÜKÇEKMECE,41.0221,28.624,448,256,192,KAPALI OTOPARK,0,0,24 Saat
2026-07-20T03:20:18.709502+00:00,2026-07-20T06:20:18.709502+03:00,1503,Cadde Bostan Açık Otoparkı,KADIKÖY,40.9636,29.0675,66,51,15,AÇIK OTOPARK,0,15,24 Saat
2026-07-20T03:20:18.709502+00:00,2026-07-20T06:20:18.709502+03:00,2933,Cemal Kamacı Spor Kompleksi Zemin Altı Otoparkı,KAĞITHANE,41.0536,28.9575,510,0,510,KAPALI OTOPARK,1,0,24 Saat
2026-07-20T03:20:18.709502+00:00,2026-07-20T06:20:18.709502+03:00,2207,Cengiz Topel Yer Altı Katlı Otoparkı,ESENLER,41.0588,28.8643,144,0,144,KAPALI OTOPARK,0,15,24 Saat
2026-07-20T03:20:18.709502+00:00,2026-07-20T06:20:18.709502+03:00,2787,Cevizli Açık Otoparkı,KARTAL,40.9179,29.1712,100,90,10,AÇIK OTOPARK,0,15,08:00-19:00
2026-07-20T03:20:18.709502+00:00,2026-07-20T06:20:18.709502+03:00,782,Cihangir Caddesi 2,BEYOĞLU,41.0319,28.9862,70,1,69,YOL ÜSTÜ,0,15,09:00-19:00
2026-07-20T03:20:18.709502+00:00,2026-07-20T06:20:18.709502+03:00,1467,Cihangir Katlı Otoparkı,BEYOĞLU,41.0318,28.9858,350,0,350,KAPALI OTOPARK,1,0,24 Saat
2026-07-20T03:20:18.709502+00:00,2026-07-20T06:20:18.709502+03:00,535,Cihannuma Yol Üstü 1,BEŞİKTAŞ,41.0454,29.0084,35,1,34,YOL ÜSTÜ,0,0,08:00-23:00
2026-07-20T03:20:18.709502+00:00,2026-07-20T06:20:18.709502+03:00,537,Cihannuma Yol Üstü 3,BEŞİKTAŞ,41.0459,29.0087,33,1,32,YOL ÜSTÜ,0,0,08:00-23:00
2026-07-20T03:20:18.709502+00:00,2026-07-20T06:20:18.709502+03:00,539,Cihannuma Yol Üstü 5,BEŞİKTAŞ,41.0489,29.0094,24,1,23,YOL ÜSTÜ,0,0,08:00-23:00
2026-07-20T03:20:18.709502+00:00,2026-07-20T06:20:18.709502+03:00,3184,Çam Sokak 6,GÜNGÖREN,41.0121,28.8882,50,1,49,YOL ÜSTÜ,0,15,08:00-17:00
2026-07-20T03:20:18.709502+00:00,2026-07-20T06:20:18.709502+03:00,3030,Çekmeköy Metro PD Zemin Altı Otoparkı,ÇEKMEKÖY,41.0147,29.1886,175,67,108,KAPALI OTOPARK,0,15,24 Saat
2026-07-20T03:20:18.709502+00:00,2026-07-20T06:20:18.709502+03:00,2905,Çeliktepe Açık Otoparkı,KAĞITHANE,41.0843,29.0056,200,38,162,AÇIK OTOPARK,1,5,24 Saat
2026-07-20T03:20:18.709502+00:00,2026-07-20T06:20:18.709502+03:00,1298,Çengelköy Açık Otoparkı,ÜSKÜDAR,41.0484,29.0533,500,0,500,AÇIK OTOPARK,0,15,24 Saat
2026-07-20T03:20:18.709502+00:00,2026-07-20T06:20:18.709502+03:00,502,Çınar Açık Otoparkı,BEŞİKTAŞ,41.0853,29.0088,65,1,64,AÇIK OTOPARK,0,0,08:00-18:00
2026-07-20T03:20:18.709502+00:00,2026-07-20T06:20:18.709502+03:00,777,Çırağan Sarayı Yol Üstü 1,BEŞİKTAŞ,41.0448,29.0165,40,1,39,YOL ÜSTÜ,0,15,08:00-23:00
2026-07-20T03:20:18.709502+00:00,2026-07-20T06:20:18.709502+03:00,778,Çırağan Sarayı Yol Üstü 2,BEŞİKTAŞ,41.0445,29.0156,40,1,39,YOL ÜSTÜ,0,15,08:00-23:00
2026-07-20T03:20:18.709502+00:00,2026-07-20T06:20:18.709502+03:00,2228,Çırpıcı Sosyal Tesisler,ZEYTİNBURNU,41,28.8926,128,0,128,AÇIK OTOPARK,0,15,07:00-00:00
2026-07-20T03:20:18.709502+00:00,2026-07-20T06:20:18.709502+03:00,1508,Çiroz Yeşilköy Halk Pazarı,BAKIRKÖY,40.9628,28.8129,471,1,470,AÇIK OTOPARK,0,0,08:00-18:00
2026-07-20T03:20:18.709502+00:00,2026-07-20T06:20:18.709502+03:00,2030,Dalyan Açık Otoparkı,KADIKÖY,40.9632,29.0651,92,83,9,AÇIK OTOPARK,0,15,24 Saat
2026-07-20T03:20:18.709502+00:00,2026-07-20T06:20:18.709502+03:00,2271,Damla Sokak 1,ŞİŞLİ,41.0672,29.0004,17,1,16,YOL ÜSTÜ,0,15,07:30-16:30
2026-07-20T03:20:18.709502+00:00,2026-07-20T06:20:18.709502+03:00,2164,Darüşşafaka Yeraltı Otoparkı,SARIYER,41.1292,29.0252,150,139,11,KAPALI OTOPARK,0,15,08:00-00:00
2026-07-20T03:20:18.709502+00:00,2026-07-20T06:20:18.709502+03:00,1653,Deniz Feneri Otoparkı,FATİH,41.0019,28.9773,175,138,37,AÇIK OTOPARK,0,5,24 Saat
2026-07-20T03:20:18.709502+00:00,2026-07-20T06:20:18.709502+03:00,595,Dostluk Yurdu 1,FATİH,41.0071,28.973,33,1,32,YOL ÜSTÜ,0,15,07:00-17:00
2026-07-20T03:20:18.709502+00:00,2026-07-20T06:20:18.709502+03:00,2237,Dragos Sosyal Tesisleri,KARTAL,40.9017,29.1458,100,60,40,AÇIK OTOPARK,1,15,24 Saat
2026-07-20T03:20:18.709502+00:00,2026-07-20T06:20:18.709502+03:00,3063,Dudullu Metro PD Zemin Altı Otoparkı,ÜMRANİYE,41.0156,29.1633,81,62,19,KAPALI OTOPARK,0,15,07:00-23:30
2026-07-20T03:20:18.709502+00:00,2026-07-20T06:20:18.709502+03:00,1522,Ebu Suut Caddesi 1,FATİH,41.0128,28.9766,35,1,34,YOL ÜSTÜ,0,0,08:00-18:00
2026-07-20T03:20:18.709502+00:00,2026-07-20T06:20:18.709502+03:00,2147,EGS Blokları Açık Otoparkı,BAKIRKÖY,40.9863,28.8354,350,117,233,AÇIK OTOPARK,0,60,09:00-19:30
2026-07-20T03:20:18.709502+00:00,2026-07-20T06:20:18.709502+03:00,2366,Esenler Adem Baştürk Kültür Merkezi Katlı,ESENLER,41.039,28.8846,460,0,460,KAPALI OTOPARK,1,15,24 Saat
2026-07-20T03:20:18.709502+00:00,2026-07-20T06:20:18.709502+03:00,3190,Esenler Havaalanı Mahallesi Zemin Altı Otoparkı,ESENLER,41.0562,28.8674,610,326,284,KAPALI OTOPARK,1,10,24 Saat
2026-07-20T03:20:18.709502+00:00,2026-07-20T06:20:18.709502+03:00,3011,Esenler Menderes Metro İstasyonu Yanı,ESENLER,41.0427,28.8783,68,0,68,AÇIK OTOPARK,1,5,24 Saat
2026-07-20T03:20:18.709502+00:00,2026-07-20T06:20:18.709502+03:00,2822,Esenler Menderes Parkı Zemin Altı Otoparkı,ESENLER,41.0412,28.8729,325,0,325,KAPALI OTOPARK,1,10,24 Saat
2026-07-20T03:20:18.709502+00:00,2026-07-20T06:20:18.709502+03:00,3303,Esenyurt Adile Naşit Bulvarı Zeminaltı Otoparkı,ESENYURT,41.0205,28.6859,367,295,72,KAPALI OTOPARK,1,15,24 Saat
2026-07-20T03:20:18.709502+00:00,2026-07-20T06:20:18.709502+03:00,1328,Eski Salı Pazarı,KADIKÖY,40.9904,29.0338,760,0,760,AÇIK OTOPARK,0,15,24 Saat
2026-07-20T03:20:18.709502+00:00,2026-07-20T06:20:18.709502+03:00,904,Eyüp Pierloti Caddesi 1,EYÜP,41.0539,28.9329,40,1,39,YOL ÜSTÜ,0,0,09:00-22:00
2026-07-20T03:20:18.709502+00:00,2026-07-20T06:20:18.709502+03:00,2850,Eyüpsultan Akşemsettin Mahallesi Zemin Altı Otoparkı,EYÜP,41.085,28.9258,110,0,110,KAPALI OTOPARK,0,15,24 Saat
2026-07-20T03:20:18.709502+00:00,2026-07-20T06:20:18.709502+03:00,2215,Fatih Çeşmesi Tabiat Parkı Otoparkı,SARIYER,41.1686,28.9448,250,242,8,AÇIK OTOPARK,1,0,06:00-20:00
2026-07-20T03:20:18.709502+00:00,2026-07-20T06:20:18.709502+03:00,1475,Fatih Katlı Otoparkı,FATİH,41.0198,28.9396,118,25,93,KAPALI OTOPARK,0,10,24 Saat
2026-07-20T03:20:18.709502+00:00,2026-07-20T06:20:18.709502+03:00,1591,Feshane PD Açık Otoparkı,EYÜP,41.0463,28.9378,200,161,39,AÇIK OTOPARK,1,15,24 Saat
2026-07-20T03:20:18.709502+00:00,2026-07-20T06:20:18.709502+03:00,1005,Florya Havuzlu Bahçe,BAKIRKÖY,40.9764,28.7908,135,1,134,AÇIK OTOPARK,0,0,09:00-23:00
2026-07-20T03:20:18.709502+00:00,2026-07-20T06:20:18.709502+03:00,2238,Florya Sosyal Tesisleri,BAKIRKÖY,40.9614,28.8091,1074,1069,5,AÇIK OTOPARK,0,15,24 Saat
2026-07-20T03:20:18.709502+00:00,2026-07-20T06:20:18.709502+03:00,3296,Gaziosmanpaşa Meydanı ve Yaşam Merkezi Zemin Altı Otoparkı,GAZİOSMANPAŞA,41.0606,28.9093,202,0,202,KAPALI OTOPARK,1,15,24 Saat
2026-07-20T03:20:18.709502+00:00,2026-07-20T06:20:18.709502+03:00,2971,Gaziosmanpaşa Zemin Altı Otoparkı,GAZİOSMANPAŞA,41.0796,28.8858,285,0,285,KAPALI OTOPARK,1,0,24 Saat
2026-07-20T03:20:18.709502+00:00,2026-07-20T06:20:18.709502+03:00,3401,Giyimkent Tekstilkent Metro Zemin Altı PD Otoparkı,ESENLER,41.0711,28.8666,203,189,14,KAPALI OTOPARK,0,10,24 Saat
2026-07-20T03:20:18.709502+00:00,2026-07-20T06:20:18.709502+03:00,2242,Gözdağı Sosyal Tesisler  Açık Otoparkı,PENDİK,40.893,29.2538,300,218,82,AÇIK OTOPARK,0,0,07:00-23:00
2026-07-20T03:20:18.709502+00:00,2026-07-20T06:20:18.709502+03:00,1879,Gülsuyu Metro PD Yer Altı Otoparkı,MALTEPE,40.9237,29.1548,76,0,76,KAPALI OTOPARK,0,15,08:00-00:00
2026-07-20T03:20:18.709502+00:00,2026-07-20T06:20:18.709502+03:00,1423,Güneş Plajı 1,BAKIRKÖY,40.9712,28.79,250,242,8,AÇIK OTOPARK,0,10,24 Saat
2026-07-20T03:20:18.709502+00:00,2026-07-20T06:20:18.709502+03:00,1461,Güneş Plajı 2,BAKIRKÖY,40.9692,28.7951,135,133,2,AÇIK OTOPARK,0,10,08:00-20:00
2026-07-20T03:20:18.709502+00:00,2026-07-20T06:20:18.709502+03:00,3053,Güngören Nikah Dairesi Zemin Altı otoparkı,GÜNGÖREN,41.0363,28.8718,147,0,147,KAPALI OTOPARK,1,10,24 Saat
2026-07-20T03:20:18.709502+00:00,2026-07-20T06:20:18.709502+03:00,2216,Gürpınar Balık Hali Otoparkı,BEYLİKDÜZÜ,40.9663,28.6019,1000,843,157,AÇIK OTOPARK,0,15,24 Saat
2026-07-20T03:20:18.709502+00:00,2026-07-20T06:20:18.709502+03:00,1525,Hacıosman Metro Yer Altı Otoparkı,SARIYER,41.14,29.0306,422,0,422,KAPALI OTOPARK,0,15,24 Saat
2026-07-20T03:20:18.709502+00:00,2026-07-20T06:20:18.709502+03:00,1470,Haldun Alagaş Katlı Otoparkı,ÜMRANİYE,41.0262,29.1052,197,147,50,KAPALI OTOPARK,1,15,24 Saat
2026-07-20T03:20:18.709502+00:00,2026-07-20T06:20:18.709502+03:00,3235,Haliç Sosyal Tesisleri Otoparkı,FATİH,41.0277,28.9572,60,34,26,AÇIK OTOPARK,0,15,07:00-00:00
2026-07-20T03:20:18.709502+00:00,2026-07-20T06:20:18.709502+03:00,2848,Halkalı Mahallesi Zemin Altı Otoparkı,KÜÇÜKÇEKMECE,41.0359,28.7848,347,284,63,KAPALI OTOPARK,0,15,24 Saat
2026-07-20T03:20:18.709502+00:00,2026-07-20T06:20:18.709502+03:00,2838,Hamidiye Mahallesi Katlı Otoparkı,KAĞITHANE,41.0949,28.971,450,199,251,KAPALI OTOPARK,1,15,24 Saat
2026-07-20T03:20:18.709502+00:00,2026-07-20T06:20:18.709502+03:00,1446,Harbiye Zemin Altı Otoparkı,BEYOĞLU,41.0408,28.9869,142,81,61,KAPALI OTOPARK,0,0,24 Saat
2026-07-20T03:20:18.709502+00:00,2026-07-20T06:20:18.709502+03:00,2332,Haydarpaşa Katlı Otoparkı,ÜSKÜDAR,41.0048,29.0251,840,774,66,KAPALI OTOPARK,1,15,24 Saat
2026-07-20T03:20:18.709502+00:00,2026-07-20T06:20:18.709502+03:00,1987,Haznedar Yer Altı Otoparkı,GÜNGÖREN,41.0083,28.8729,540,0,540,KAPALI OTOPARK,0,0,24 Saat
2026-07-20T03:20:18.709502+00:00,2026-07-20T06:20:18.709502+03:00,377,Hızır Külhani Sokak,FATİH,41.0202,28.9605,32,1,31,YOL ÜSTÜ,0,15,09:00-17:00
2026-07-20T03:20:18.709502+00:00,2026-07-20T06:20:18.709502+03:00,3173,Hürriyet Mahallesi Zeminaltı Otoparkı,GAZİOSMANPAŞA,41.0708,28.8951,190,0,190,KAPALI OTOPARK,1,15,24 Saat
2026-07-20T03:20:18.709502+00:00,2026-07-20T06:20:18.709502+03:00,157,Ihlamur Dere Caddesi 4,BEŞİKTAŞ,41.047,29.0023,27,1,26,YOL ÜSTÜ,0,15,09:00-17:00
2026-07-20T03:20:18.709502+00:00,2026-07-20T06:20:18.709502+03:00,1189,İçerenköy Sebze Meyve Hali Otoparkı,ATAŞEHİR,40.9766,29.1044,600,599,1,AÇIK OTOPARK,0,15,24 Saat
2026-07-20T03:20:18.709502+00:00,2026-07-20T06:20:18.709502+03:00,1127,İshakpaşa Caddesi,FATİH,41.0079,28.9814,200,1,199,YOL ÜSTÜ,0,0,08:00-18:00
2026-07-20T03:20:18.709502+00:00,2026-07-20T06:20:18.709502+03:00,3265,İspark İstanbul West Marina Açık Otoparkı 1,BEYLİKDÜZÜ,40.9636,28.6564,250,1,249,AÇIK OTOPARK,0,15,24 Saat
2026-07-20T03:20:18.709502+00:00,2026-07-20T06:20:18.709502+03:00,2793,İspark Merter Katlı Otoparkı,GÜNGÖREN,41.0097,28.89,900,469,431,KAPALI OTOPARK,1,10,24 Saat
2026-07-20T03:20:18.709502+00:00,2026-07-20T06:20:18.709502+03:00,2430,İspark West İstanbul Marina Açık Otoparkı,BEYLİKDÜZÜ,40.9639,28.6591,1600,1348,252,AÇIK OTOPARK,0,15,24 Saat
2026-07-20T03:20:18.709502+00:00,2026-07-20T06:20:18.709502+03:00,381,İstinye 4 ( Cami Önü ),SARIYER,41.1149,29.0571,25,1,24,YOL ÜSTÜ,0,15,08:30-17:30
2026-07-20T03:20:18.709502+00:00,2026-07-20T06:20:18.709502+03:00,1804,İtalyan Hastanesi Karşısı Açık Otoparkı 1,BEYOĞLU,41.028,28.9815,30,1,29,AÇIK OTOPARK,0,0,08:00-19:00
2026-07-20T03:20:18.709502+00:00,2026-07-20T06:20:18.709502+03:00,507,Kabasakal Medrese Önü,FATİH,41.0062,28.9789,65,1,64,AÇIK OTOPARK,0,0,08:00-18:30
2026-07-20T03:20:18.709502+00:00,2026-07-20T06:20:18.709502+03:00,3306,Kabataş Transfer Merkezi Turizm Otobüs Otoparkı,BEYOĞLU,41.0336,28.9923,160,115,45,KAPALI OTOPARK,1,20,24 Saat
2026-07-20T03:20:18.709502+00:00,2026-07-20T06:20:18.709502+03:00,2918,Kadıköy Hasanpaşa Gazhane Katlı Otoparkı,KADIKÖY,40.9972,29.0428,310,177,133,KAPALI OTOPARK,1,15,24 Saat
2026-07-20T03:20:18.709502+00:00,2026-07-20T06:20:18.709502+03:00,1447,Kadıköy İski Açık Otoparkı,KADIKÖY,40.9874,29.0207,124,116,8,AÇIK OTOPARK,0,15,24 Saat
2026-07-20T03:20:18.709502+00:00,2026-07-20T06:20:18.709502+03:00,1655,Kadıköy Metro Açık Otoparkı,KADIKÖY,40.9899,29.0217,74,68,6,AÇIK OTOPARK,0,15,24 Saat
2026-07-20T03:20:18.709502+00:00,2026-07-20T06:20:18.709502+03:00,3445,Kadıköy Uzunçayır PD Açık Otoparkı,KADIKÖY,40.9982,29.0569,70,48,22,AÇIK OTOPARK,0,15,06:30-16:30
2026-07-20T03:20:18.709502+00:00,2026-07-20T06:20:18.709502+03:00,2808,Kadıköy Yeni Salı Pazarı PD Katlı Otoparkı,KADIKÖY,40.9969,29.0486,1350,493,857,KAPALI OTOPARK,1,15,24 Saat
2026-07-20T03:20:18.709502+00:00,2026-07-20T06:20:18.709502+03:00,2811,Kağıthane Harmantepe Zemin Altı Otoparkı,KAĞITHANE,41.0816,28.9907,200,0,200,KAPALI OTOPARK,1,0,24 Saat
2026-07-20T03:20:18.709502+00:00,2026-07-20T06:20:18.709502+03:00,1452,Kalamış Açık Otoparkı,KADIKÖY,40.9687,29.0363,173,169,4,AÇIK OTOPARK,0,15,24 Saat
2026-07-20T03:20:18.709502+00:00,2026-07-20T06:20:18.709502+03:00,1474,Kartal Hasan Doğan Spor Kompleksi,KARTAL,40.8918,29.1897,773,0,773,KAPALI OTOPARK,0,15,24 Saat
2026-07-20T03:20:18.709502+00:00,2026-07-20T06:20:18.709502+03:00,1105,Kartal İdo Açık Otoparkı,KARTAL,40.8874,29.1881,90,0,90,AÇIK OTOPARK,0,15,24 Saat
2026-07-20T03:20:18.709502+00:00,2026-07-20T06:20:18.709502+03:00,1550,Kartal Sahil Açık Otoparkı,KARTAL,40.8875,29.1901,75,72,3,AÇIK OTOPARK,0,5,24 Saat
2026-07-20T03:20:18.709502+00:00,2026-07-20T06:20:18.709502+03:00,3434,Kasımpaşa Sosyal Tesisler Otoparkı,BEYOĞLU,41.0296,28.9673,60,36,24,AÇIK OTOPARK,0,0,07:30-23:00
2026-07-20T03:20:18.709502+00:00,2026-07-20T06:20:18.709502+03:00,2827,Kayaşehir Meydan Zemin Altı Otoparkı,BAŞAKŞEHİR,41.1196,28.7718,1054,1,1053,KAPALI OTOPARK,0,0,10:00-17:00
2026-07-20T03:20:18.709502+00:00,2026-07-20T06:20:18.709502+03:00,1960,Kazlıçeşme Marmaray Açık Otoparkı,ZEYTİNBURNU,40.9922,28.917,700,673,27,AÇIK OTOPARK,0,15,24 Saat
2026-07-20T03:20:18.709502+00:00,2026-07-20T06:20:18.709502+03:00,2994,Kirazlı Metro Durağı PD Açık Otoparkı,BAĞCILAR,41.033,28.8429,112,0,112,AÇIK OTOPARK,0,5,24 Saat
2026-07-20T03:20:18.709502+00:00,2026-07-20T06:20:18.709502+03:00,1528,Kore Şehitleri Caddesi - Yüzbaşı Kaya Aldağon Sokak 1,ŞİŞLİ,41.0719,29.0139,40,1,39,YOL ÜSTÜ,0,15,07:00-16:00
2026-07-20T03:20:18.709502+00:00,2026-07-20T06:20:18.709502+03:00,2449,Kozyatağı Sebze-Meyve Hali,ATAŞEHİR,40.9787,29.1029,1500,1,1499,AÇIK OTOPARK,1,0,24 Saat
2026-07-20T03:20:18.709502+00:00,2026-07-20T06:20:18.709502+03:00,1206,Kutlugün Sokak 2,FATİH,41.0061,28.9801,200,1,199,YOL ÜSTÜ,0,0,08:00-18:00
2026-07-20T03:20:18.709502+00:00,2026-07-20T06:20:18.709502+03:00,3074,Küçük Çamlıca,ÜSKÜDAR,41.0204,29.0653,129,106,23,AÇIK OTOPARK,0,0,08:00-22:00
2026-07-20T03:20:18.709502+00:00,2026-07-20T06:20:18.709502+03:00,3127,Küçükçekmece Cennet Mahallesi Meydan Zemin Altı Otoparkı,KÜÇÜKÇEKMECE,40.9907,28.783,456,0,456,KAPALI OTOPARK,0,10,24 Saat
2026-07-20T03:20:18.709502+00:00,2026-07-20T06:20:18.709502+03:00,2554,Küçükçekmece Fevzi Çakmak Meydanı Zemin Altı Otoparkı,KÜÇÜKÇEKMECE,41.0076,28.7927,1000,473,527,KAPALI OTOPARK,0,10,24 Saat
2026-07-20T03:20:18.709502+00:00,2026-07-20T06:20:18.709502+03:00,2882,Küçüksu Kasrı Açık Otoparkı,BEYKOZ,41.0789,29.0657,98,91,7,AÇIK OTOPARK,0,0,07:00-23:00
2026-07-20T03:20:18.709502+00:00,2026-07-20T06:20:18.709502+03:00,220,Levent Hamidiye,BEŞİKTAŞ,41.0861,29.0076,100,1,99,AÇIK OTOPARK,0,0,08:00-19:00
2026-07-20T03:20:18.709502+00:00,2026-07-20T06:20:18.709502+03:00,2335,Maçka Açık Otoparkı,ŞİŞLİ,41.046,28.9908,75,75,0,AÇIK OTOPARK,1,0,24 Saat
2026-07-20T03:20:18.709502+00:00,2026-07-20T06:20:18.709502+03:00,1859,Maçka Katlı Otoparkı,ŞİŞLİ,41.0484,28.9903,508,0,508,KAPALI OTOPARK,0,0,24 Saat
2026-07-20T03:20:18.709502+00:00,2026-07-20T06:20:18.709502+03:00,3193,Maltepe Rıhtım Caddesi Açık Otoparkı,MALTEPE,40.9258,29.1241,76,75,1,AÇIK OTOPARK,1,0,24 Saat
2026-07-20T03:20:18.709502+00:00,2026-07-20T06:20:18.709502+03:00,2146,Maltepe Süreyyapaşa Çarşısı Açık Otoparkı,MALTEPE,40.9274,29.1225,156,136,20,AÇIK OTOPARK,1,0,24 Saat
2026-07-20T03:20:18.709502+00:00,2026-07-20T06:20:18.709502+03:00,1599,Maslak Açık Otoparkı,SARIYER,41.1166,29.024,150,147,3,AÇIK OTOPARK,0,10,24 Saat
2026-07-20T03:20:18.709502+00:00,2026-07-20T06:20:18.709502+03:00,2100,Matbaacılar Sitesi Yanı,ZEYTİNBURNU,41.0234,28.9187,250,227,23,AÇIK OTOPARK,1,5,24 Saat
2026-07-20T03:20:18.709502+00:00,2026-07-20T06:20:18.709502+03:00,920,Meclis-i Mebusan Yokuşu 2,BEYOĞLU,41.0326,28.9882,34,1,33,YOL ÜSTÜ,0,15,09:00-17:00
2026-07-20T03:20:18.709502+00:00,2026-07-20T06:20:18.709502+03:00,1546,Menekşe Plajı Açık Otoparkı,BAKIRKÖY,40.9761,28.7766,200,199,1,AÇIK OTOPARK,0,0,24 Saat
2026-07-20T03:20:18.709502+00:00,2026-07-20T06:20:18.709502+03:00,1376,Mercan Açık,FATİH,41.0136,28.9669,130,127,3,AÇIK OTOPARK,0,0,08:00-23:00
2026-07-20T03:20:18.709502+00:00,2026-07-20T06:20:18.709502+03:00,3309,Mercan Ali Paşa Sarayı Zemin Altı Otoparkı,FATİH,41.0136,28.967,196,1,195,KAPALI OTOPARK,0,0,07:00-21:00
2026-07-20T03:20:18.709502+00:00,2026-07-20T06:20:18.709502+03:00,1472,Merter Katlı Otoparkı,GÜNGÖREN,41.0092,28.8874,1000,918,82,KAPALI OTOPARK,0,10,24 Saat
2026-07-20T03:20:18.709502+00:00,2026-07-20T06:20:18.709502+03:00,2375,Merter Metro PD Zeminaltı Otoparkı,GÜNGÖREN,41.0037,28.8897,242,100,142,KAPALI OTOPARK,1,10,24 Saat
2026-07-20T03:20:18.709502+00:00,2026-07-20T06:20:18.709502+03:00,1568,Mete Caddesi 1,BEYOĞLU,41.0382,28.9879,31,1,30,YOL ÜSTÜ,0,15,08:00-23:00
2026-07-20T03:20:18.709502+00:00,2026-07-20T06:20:18.709502+03:00,1471,Mevlana Yeraltı Katlı Otoparkı,ZEYTİNBURNU,41.0072,28.9049,1000,835,165,KAPALI OTOPARK,0,5,24 Saat
2026-07-20T03:20:18.709502+00:00,2026-07-20T06:20:18.709502+03:00,2709,Millet Caddesi Açık Otoparkı,FATİH,41.01,28.9461,60,53,7,AÇIK OTOPARK,0,15,24 Saat
2026-07-20T03:20:18.709502+00:00,2026-07-20T06:20:18.709502+03:00,3152,Mimar Sinan Zemin Altı Otoparkı,ÜSKÜDAR,41.0222,29.0169,956,565,391,KAPALI OTOPARK,0,15,24 Saat
2026-07-20T03:20:18.709502+00:00,2026-07-20T06:20:18.709502+03:00,2870,Miniatürk Çadır Açık Otoparkı,BEYOĞLU,41.0594,28.9501,250,186,64,AÇIK OTOPARK,0,15,07:00-20:00
2026-07-20T03:20:18.709502+00:00,2026-07-20T06:20:18.709502+03:00,2556,Muallim Naci Açık Otoparkı,BEŞİKTAŞ,41.0561,29.0342,35,33,2,AÇIK OTOPARK,1,15,24 Saat
2026-07-20T03:20:18.709502+00:00,2026-07-20T06:20:18.709502+03:00,569,Oda Kule Önü 1,BEYOĞLU,41.0322,28.9751,24,1,23,YOL ÜSTÜ,0,0,07:00-01:00
2026-07-20T03:20:18.709502+00:00,2026-07-20T06:20:18.709502+03:00,1988,Orhangazi Şehir Parkı PD Açık Otoparkı,MALTEPE,40.9313,29.1161,5022,4814,208,AÇIK OTOPARK,1,15,24 Saat
2026-07-20T03:20:18.709502+00:00,2026-07-20T06:20:18.709502+03:00,152,Ortabahçe Caddesi 2,BEŞİKTAŞ,41.0428,29.0043,35,1,34,YOL ÜSTÜ,0,15,08:00-23:00
2026-07-20T03:20:18.709502+00:00,2026-07-20T06:20:18.709502+03:00,153,Ortabahçe Caddesi 3,BEŞİKTAŞ,41.043,29.0042,26,1,25,YOL ÜSTÜ,0,15,08:00-23:00
2026-07-20T03:20:18.709502+00:00,2026-07-20T06:20:18.709502+03:00,119,Ortaklar Caddesi 1,ŞİŞLİ,41.0638,28.9971,25,1,24,YOL ÜSTÜ,0,15,08:30-17:00
2026-07-20T03:20:18.709502+00:00,2026-07-20T06:20:18.709502+03:00,1343,Ortaköy Açık Otoparkı,BEŞİKTAŞ,41.0504,29.0326,170,157,13,AÇIK OTOPARK,1,0,24 Saat
2026-07-20T03:20:18.709502+00:00,2026-07-20T06:20:18.709502+03:00,572,Ortaköy Portakal Yokuşu 1,BEŞİKTAŞ,41.0503,29.0261,15,1,14,YOL ÜSTÜ,0,15,09:00-19:00
2026-07-20T03:20:18.709502+00:00,2026-07-20T06:20:18.709502+03:00,1039,Öğretmen Evi,AVCILAR,40.9723,28.714,80,42,38,AÇIK OTOPARK,0,0,11:00-23:00
2026-07-20T03:20:18.709502+00:00,2026-07-20T06:20:18.709502+03:00,1466,Pendik Katlı Otoparkı,PENDİK,40.8789,29.2342,120,44,76,KAPALI OTOPARK,0,15,24 Saat
2026-07-20T03:20:18.709502+00:00,2026-07-20T06:20:18.709502+03:00,3073,Pendik Kemal Kalkuz Parkı Zemin Altı Otoparkı,PENDİK,40.8885,29.2427,224,1,223,KAPALI OTOPARK,0,0,09:00-18:00
2026-07-20T03:20:18.709502+00:00,2026-07-20T06:20:18.709502+03:00,3019,Pendik Meydan Zemin Altı Otoparkı,PENDİK,40.8752,29.2324,937,0,937,KAPALI OTOPARK,1,0,24 Saat
2026-07-20T03:20:18.709502+00:00,2026-07-20T06:20:18.709502+03:00,2865,Pendik Sahil Engelliler Merkez Önü,PENDİK,40.8735,29.233,100,66,34,AÇIK OTOPARK,0,0,11:00-20:00
2026-07-20T03:20:18.709502+00:00,2026-07-20T06:20:18.709502+03:00,2434,Pendik Sahil İdo,PENDİK,40.8755,29.2369,100,0,100,AÇIK OTOPARK,0,0,07:00-23:00
2026-07-20T03:20:18.709502+00:00,2026-07-20T06:20:18.709502+03:00,248,Pendik Yenimahalle Açık 2 Otoparkı,PENDİK,40.864,29.2723,124,112,12,AÇIK OTOPARK,0,15,10:00-22:00
2026-07-20T03:20:18.709502+00:00,2026-07-20T06:20:18.709502+03:00,297,Perşembe Pazarı 1,BEYOĞLU,41.0252,28.9693,32,1,31,YOL ÜSTÜ,0,15,08:00-17:00
2026-07-20T03:20:18.709502+00:00,2026-07-20T06:20:18.709502+03:00,597,Pierre Loti Caddesi 3,FATİH,41.0069,28.9711,36,1,35,YOL ÜSTÜ,0,0,07:00-17:00
2026-07-20T03:20:18.709502+00:00,2026-07-20T06:20:18.709502+03:00,3263,Piyalepaşa Meydanı Zemin Altı Otoparkı,BEYOĞLU,41.0445,28.9674,560,218,342,KAPALI OTOPARK,0,0,24 Saat
2026-07-20T03:20:18.709502+00:00,2026-07-20T06:20:18.709502+03:00,423,Prof.Cemil Birsel Yokuşu 3,FATİH,41.0178,28.967,40,1,39,YOL ÜSTÜ,0,0,07:00-18:00
2026-07-20T03:20:18.709502+00:00,2026-07-20T06:20:18.709502+03:00,1900,Ragıp Gümüşpala Cad.(Sobacılar Önü),FATİH,41.0181,28.969,40,1,39,YOL ÜSTÜ,0,15,07:00-18:00
2026-07-20T03:20:18.709502+00:00,2026-07-20T06:20:18.709502+03:00,415,Ragıp Gümüşpala Camii Önü 1,FATİH,41.0211,28.9627,35,1,34,YOL ÜSTÜ,0,0,07:00-17:30
2026-07-20T03:20:18.709502+00:00,2026-07-20T06:20:18.709502+03:00,3268,Refik Saydam Caddesi 3,BEYOĞLU,41.032,28.9736,55,1,54,YOL ÜSTÜ,1,0,06:00-23:00
2026-07-20T03:20:18.709502+00:00,2026-07-20T06:20:18.709502+03:00,2307,Ressam Halim Sokak PD Açık Otoparkı,BAHÇELİEVLER,40.9967,28.8641,120,97,23,AÇIK OTOPARK,0,15,08:00-00:00
2026-07-20T03:20:18.709502+00:00,2026-07-20T06:20:18.709502+03:00,3082,Rumeli Hisarı Sahil Yolu Otoparkı,SARIYER,41.0854,29.0568,20,19,1,AÇIK OTOPARK,1,0,24 Saat
2026-07-20T03:20:18.709502+00:00,2026-07-20T06:20:18.709502+03:00,1595,Sabiha Gökçen Açık Otoparkı,PENDİK,40.925,29.308,1056,263,793,AÇIK OTOPARK,0,15,24 Saat
2026-07-20T03:20:18.709502+00:00,2026-07-20T06:20:18.709502+03:00,3239,Samatya Sahil Cep Otoparkı,FATİH,40.9954,28.932,113,109,4,AÇIK OTOPARK,1,15,24 Saat
2026-07-20T03:20:18.709502+00:00,2026-07-20T06:20:18.709502+03:00,3273,Sarıyer Büyükdere Fidanlığı,SARIYER,41.1548,29.0268,160,157,3,AÇIK OTOPARK,0,0,08:00-18:00
2026-07-20T03:20:18.709502+00:00,2026-07-20T06:20:18.709502+03:00,3299,Sariyer Ayazağa Mah Vadi İstanbul Önü Açık Otoparkı,SARIYER,41.1106,28.9881,100,97,3,AÇIK OTOPARK,0,0,08:00-20:00
2026-07-20T03:20:18.709502+00:00,2026-07-20T06:20:18.709502+03:00,1303,Seyrantepe Katlı (Arena Karşısı) 1,KAĞITHANE,41.101,28.9961,1897,1,1896,KAPALI OTOPARK,1,0,24 Saat
2026-07-20T03:20:18.709502+00:00,2026-07-20T06:20:18.709502+03:00,1628,Sıracevizler Caddesi Yol Üstü 5,ŞİŞLİ,41.0607,28.9841,45,1,44,YOL ÜSTÜ,0,15,09:00-17:00
2026-07-20T03:20:18.709502+00:00,2026-07-20T06:20:18.709502+03:00,464,Sirkeci Gar Önü,FATİH,41.015,28.9761,60,1,59,AÇIK OTOPARK,0,5,07:00-20:00
2026-07-20T03:20:18.709502+00:00,2026-07-20T06:20:18.709502+03:00,1486,Siyavuşpaşa Yer Altı Otoparkı,BAHÇELİEVLER,40.9965,28.8532,155,0,155,KAPALI OTOPARK,1,0,24 Saat
2026-07-20T03:20:18.709502+00:00,2026-07-20T06:20:18.709502+03:00,1958,Soğanlık Metro PD Açık Otoparkı,KARTAL,40.9131,29.1925,898,863,35,AÇIK OTOPARK,0,15,24 Saat
2026-07-20T03:20:18.709502+00:00,2026-07-20T06:20:18.709502+03:00,589,Su Terazisi Sokak,FATİH,41.0046,28.9727,22,1,21,YOL ÜSTÜ,0,0,07:30-17:00
2026-07-20T03:20:18.709502+00:00,2026-07-20T06:20:18.709502+03:00,1478,Suadiye Cep Açık Otoparkı,KADIKÖY,40.9586,29.0732,130,122,8,AÇIK OTOPARK,0,15,24 Saat
2026-07-20T03:20:18.709502+00:00,2026-07-20T06:20:18.709502+03:00,2948,Suadiye Sahil Açık Otoparkı,KADIKÖY,40.9562,29.0797,70,64,6,AÇIK OTOPARK,1,5,24 Saat
2026-07-20T03:20:18.709502+00:00,2026-07-20T06:20:18.709502+03:00,2799,Sultanbeyli Emir Caddesi Zemin Altı Otoparkı,SULTANBEYLİ,40.9707,29.2606,130,115,15,KAPALI OTOPARK,0,15,08:00-22:00
2026-07-20T03:20:18.709502+00:00,2026-07-20T06:20:18.709502+03:00,2372,Sultanbeyli Kent Meydanı Zemin Altı Otoparkı,SULTANBEYLİ,40.9667,29.2667,300,212,88,KAPALI OTOPARK,1,15,24 Saat
2026-07-20T03:20:18.709502+00:00,2026-07-20T06:20:18.709502+03:00,2410,Sultangazi Zemin Altı Otoparkı,SULTANGAZİ,41.0944,28.8649,104,0,104,KAPALI OTOPARK,1,10,24 Saat
2026-07-20T03:20:18.709502+00:00,2026-07-20T06:20:18.709502+03:00,2085,Süleyman Seba Caddesi 2,BEŞİKTAŞ,41.0426,28.9998,40,1,39,YOL ÜSTÜ,0,15,08:00-18:00
2026-07-20T03:20:18.709502+00:00,2026-07-20T06:20:18.709502+03:00,2088,Süleyman Seba Caddesi 5,BEŞİKTAŞ,41.0432,28.9978,40,1,39,YOL ÜSTÜ,0,15,08:00-18:00
2026-07-20T03:20:18.709502+00:00,2026-07-20T06:20:18.709502+03:00,2089,Süleyman Seba Caddesi 6,BEŞİKTAŞ,41.0435,28.9967,11,1,10,YOL ÜSTÜ,0,15,08:00-18:00
2026-07-20T03:20:18.709502+00:00,2026-07-20T06:20:18.709502+03:00,2391,Süleymaniye Cami Altı Açık Otoparkı,FATİH,41.0158,28.961,250,234,16,AÇIK OTOPARK,0,0,06:30-18:30
2026-07-20T03:20:18.709502+00:00,2026-07-20T06:20:18.709502+03:00,1730,Sütlüce Miniatürk Yanı,BEYOĞLU,41.057,28.95,320,240,80,AÇIK OTOPARK,1,15,24 Saat
2026-07-20T03:20:18.709502+00:00,2026-07-20T06:20:18.709502+03:00,36,Şakayık Sokak 4,ŞİŞLİ,41.0518,28.9936,50,1,49,YOL ÜSTÜ,0,15,08:00-16:00
2026-07-20T03:20:18.709502+00:00,2026-07-20T06:20:18.709502+03:00,1469,Şehit Volkan Duysak Katlı Otoparkı,ZEYTİNBURNU,40.9968,28.9039,1000,652,348,KAPALI OTOPARK,0,5,24 Saat
2026-07-20T03:20:18.709502+00:00,2026-07-20T06:20:18.709502+03:00,2385,Şehremini Açık Otoparkı 1,FATİH,41.0135,28.9333,60,1,59,AÇIK OTOPARK,0,0,08:30-20:30
2026-07-20T03:20:18.709502+00:00,2026-07-20T06:20:18.709502+03:00,2855,Şemsipaşa Açık Otoparkı,ÜSKÜDAR,41.0255,29.0097,80,77,3,AÇIK OTOPARK,1,0,24 Saat
2026-07-20T03:20:18.709502+00:00,2026-07-20T06:20:18.709502+03:00,2439,Şirinevler Meydan Zeminaltı Otoparkı,BAHÇELİEVLER,40.9925,28.8496,367,107,260,KAPALI OTOPARK,1,0,24 Saat
2026-07-20T03:20:18.709502+00:00,2026-07-20T06:20:18.709502+03:00,3400,Şişhane Refik Saydam Caddesi 2 Yol Üstü Otoparkı 1,BEYOĞLU,41.0326,28.9743,70,1,69,YOL ÜSTÜ,1,15,06:00-23:00
2026-07-20T03:20:18.709502+00:00,2026-07-20T06:20:18.709502+03:00,1017,Şişli Kadırgalar Caddesi 1,ŞİŞLİ,41.0429,28.9927,100,1,99,AÇIK OTOPARK,0,0,07:00-23:00
2026-07-20T03:20:18.709502+00:00,2026-07-20T06:20:18.709502+03:00,3441,Şişli Kuştepe Zemin Altı Otoparkı,ŞİŞLİ,41.072,28.9919,430,318,112,KAPALI OTOPARK,0,15,24 Saat
2026-07-20T03:20:18.709502+00:00,2026-07-20T06:20:18.709502+03:00,2816,Şişli Rumeli Caddesi Metro Yanı 1,ŞİŞLİ,41.0538,28.9868,45,1,44,YOL ÜSTÜ,0,15,08:00-20:00
2026-07-20T03:20:18.709502+00:00,2026-07-20T06:20:18.709502+03:00,2406,Şişli Zemin Altı Otoparkı,ŞİŞLİ,41.0641,28.9992,581,398,183,KAPALI OTOPARK,1,15,24 Saat
2026-07-20T03:20:18.709502+00:00,2026-07-20T06:20:18.709502+03:00,1993,Tuzla İdo,TUZLA,40.8149,29.3039,300,286,14,AÇIK OTOPARK,0,15,24 Saat
2026-07-20T03:20:18.709502+00:00,2026-07-20T06:20:18.709502+03:00,3332,Tuzla Sahil Cep,TUZLA,40.8168,29.2992,50,41,9,AÇIK OTOPARK,0,0,08:00-00:00
2026-07-20T03:20:18.709502+00:00,2026-07-20T06:20:18.709502+03:00,3057,Tuzla Sahil Zemin Altı Otoparkı,TUZLA,40.8181,29.3004,779,542,237,KAPALI OTOPARK,1,15,24 Saat
2026-07-20T03:20:18.709502+00:00,2026-07-20T06:20:18.709502+03:00,1811,Ulu Camii Açık Otoparkı,BAHÇELİEVLER,40.9982,28.8499,150,113,37,AÇIK OTOPARK,1,10,24 Saat
2026-07-20T03:20:18.709502+00:00,2026-07-20T06:20:18.709502+03:00,2424,Uzunçayır Açık Otoparkı,KADIKÖY,40.9988,29.0556,58,52,6,AÇIK OTOPARK,1,0,06:00-16:00
2026-07-20T03:20:18.709502+00:00,2026-07-20T06:20:18.709502+03:00,1468,Ümraniye Katlı Otoparkı,ÜMRANİYE,41.0261,29.0953,665,523,142,KAPALI OTOPARK,0,15,24 Saat
2026-07-20T03:20:18.709502+00:00,2026-07-20T06:20:18.709502+03:00,2898,Ümraniye Okan Sokak Zeminaltı Otoparkı,ÜMRANİYE,41.0284,29.0907,125,8,117,KAPALI OTOPARK,1,15,24 Saat
2026-07-20T03:20:18.709502+00:00,2026-07-20T06:20:18.709502+03:00,2345,Üsküdar Uzunçayır PD Açık Otoparkı,ÜSKÜDAR,40.9988,29.0577,90,79,11,AÇIK OTOPARK,1,15,06:00-22:00
2026-07-20T03:20:18.709502+00:00,2026-07-20T06:20:18.709502+03:00,1929,Üsküdar Ünalan Açık Otoparkı,ÜSKÜDAR,40.9979,29.0604,180,175,5,AÇIK OTOPARK,0,0,07:00-17:00
2026-07-20T03:20:18.709502+00:00,2026-07-20T06:20:18.709502+03:00,1487,Vatan Caddesi PD Açık Otoparkı,FATİH,41.0157,28.9405,397,370,27,AÇIK OTOPARK,0,5,24 Saat
2026-07-20T03:20:18.709502+00:00,2026-07-20T06:20:18.709502+03:00,1621,Veteriner Hilmi Sokak Yol Üstü 1,ŞİŞLİ,41.0603,28.9892,20,1,19,YOL ÜSTÜ,0,15,08:00-17:00
2026-07-20T03:20:18.709502+00:00,2026-07-20T06:20:18.709502+03:00,2441,Yalı Açık Otoparkı,MALTEPE,40.9095,29.137,85,81,4,AÇIK OTOPARK,0,0,07:30-22:00
2026-07-20T03:20:18.709502+00:00,2026-07-20T06:20:18.709502+03:00,459,Yalı Köşkü Caddesi 1,FATİH,41.0163,28.9759,61,1,60,YOL ÜSTÜ,0,5,07:00-21:00
2026-07-20T03:20:18.709502+00:00,2026-07-20T06:20:18.709502+03:00,2037,Yenikapı Marmaray Büyük Otoparkı,FATİH,41.0057,28.9505,324,267,57,AÇIK OTOPARK,1,15,24 Saat
2026-07-20T03:20:18.709502+00:00,2026-07-20T06:20:18.709502+03:00,2036,Yenikapı Marmaray Küçük Otoparkı,FATİH,41.0064,28.9504,200,197,3,AÇIK OTOPARK,0,15,07:00-22:00
2026-07-20T03:20:18.709502+00:00,2026-07-20T06:20:18.709502+03:00,2175,Yenikapı Spor ve Kültür Merkezi PD Açık Otoparkı,FATİH,41.0006,28.9519,4023,3848,175,AÇIK OTOPARK,0,15,24 Saat
2026-07-20T03:20:18.709502+00:00,2026-07-20T06:20:18.709502+03:00,2805,Yenikapı Tünel Üstü Açık Otoparkı,FATİH,41.0029,28.9534,700,637,63,AÇIK OTOPARK,1,10,24 Saat
2026-07-20T03:20:18.709502+00:00,2026-07-20T06:20:18.709502+03:00,3404,Yenimahalle Metro Zemin Altı PD Otoparkı,GAZİOSMANPAŞA,41.0839,28.8926,114,89,25,KAPALI OTOPARK,1,15,24 Saat
2026-07-20T03:20:18.709502+00:00,2026-07-20T06:20:18.709502+03:00,2920,Yeşilce Zemin Altı Katlı Otoparkı,KAĞITHANE,41.0938,29.0017,676,173,503,KAPALI OTOPARK,1,0,24 Saat
2026-07-20T03:20:18.709502+00:00,2026-07-20T06:20:18.709502+03:00,987,Yeşilköy İstasyon Caddesi 1,BAKIRKÖY,40.962,28.825,40,1,39,YOL ÜSTÜ,0,15,09:00-17:30
2026-07-20T03:20:18.709502+00:00,2026-07-20T06:20:18.709502+03:00,974,Yeşilköy Marina 1,BAKIRKÖY,40.9576,28.8233,145,1,144,YOL ÜSTÜ,0,0,12:00-23:00
2026-07-20T03:20:18.709502+00:00,2026-07-20T06:20:18.709502+03:00,3406,Yeşilpınar Metro Zemin Altı PD Otoparkı,EYÜP,41.081,28.9204,269,187,82,KAPALI OTOPARK,1,15,24 Saat
2026-07-20T03:20:18.709502+00:00,2026-07-20T06:20:18.709502+03:00,315,Yeşilyurt Çarşı 1,BAKIRKÖY,40.9643,28.8379,50,1,49,YOL ÜSTÜ,0,15,09:00-17:30
2026-07-20T03:20:18.709502+00:00,2026-07-20T06:20:18.709502+03:00,1133,Yıldız Korusu,BEŞİKTAŞ,41.0514,29.0165,500,1,499,AÇIK OTOPARK,0,0,08:00-22:00
2026-07-20T03:20:18.709502+00:00,2026-07-20T06:20:18.709502+03:00,3185,Zeytinburnu Sahil Cep Otoparkı,ZEYTİNBURNU,40.9798,28.8985,160,1,159,AÇIK OTOPARK,0,0,12:00-22:00
2026-07-20T06:44:35.754164+00:00,2026-07-20T09:44:35.754164+03:00,3068,15 Temmuz Şehitler Meydanı Zeminaltı Otoparkı,ÜMRANİYE,41.0246,29.0915,1029,637,392,KAPALI OTOPARK,1,15,24 Saat
2026-07-20T06:44:35.754164+00:00,2026-07-20T09:44:35.754164+03:00,2338,19 Mayıs Açık,ŞİŞLİ,41.0563,28.9941,65,0,65,AÇIK OTOPARK,1,0,24 Saat
2026-07-20T06:44:35.754164+00:00,2026-07-20T09:44:35.754164+03:00,1751,4.Levent PD Açık Otoparkı,KAĞITHANE,41.0836,29.0081,236,104,132,AÇIK OTOPARK,1,5,24 Saat
2026-07-20T06:44:35.754164+00:00,2026-07-20T09:44:35.754164+03:00,3328,4.Levent Servis ve Turizm Araçları Açık Otoparkı,ŞİŞLİ,41.0841,29.0054,300,151,149,AÇIK OTOPARK,1,15,24 Saat
2026-07-20T06:44:35.754164+00:00,2026-07-20T09:44:35.754164+03:00,3412,5. Levent Gaziosmanpaşa Adliyesi Yanı Açık Otoparkı,EYÜP,41.0927,28.9494,250,209,41,AÇIK OTOPARK,1,15,07:00-23:00
2026-07-20T06:44:35.754164+00:00,2026-07-20T09:44:35.754164+03:00,104,Abide-i Hürriyet Caddesi 5,ŞİŞLİ,41.0619,28.9876,40,1,39,YOL ÜSTÜ,1,15,08:00-17:00
2026-07-20T06:44:35.754164+00:00,2026-07-20T09:44:35.754164+03:00,2452,Acıbadem Açık Otoparkı,ÜSKÜDAR,41.0157,29.0574,100,86,14,AÇIK OTOPARK,1,0,06:30-16:00
2026-07-20T06:44:35.754164+00:00,2026-07-20T09:44:35.754164+03:00,346,Ada Karşısı Cep 2,BEŞİKTAŞ,41.072,29.045,30,1,29,YOL ÜSTÜ,1,15,08:00-23:00
2026-07-20T06:44:35.754164+00:00,2026-07-20T09:44:35.754164+03:00,1663,Akasyalı Sokak Tenis Kulubü Önü 2,BEŞİKTAŞ,41.0867,29.0109,45,1,44,YOL ÜSTÜ,1,15,08:30-17:30
2026-07-20T06:44:35.754164+00:00,2026-07-20T09:44:35.754164+03:00,828,Akdeniz Caddesi 4,FATİH,41.0175,28.9435,27,1,26,YOL ÜSTÜ,1,15,09:00-18:00
2026-07-20T06:44:35.754164+00:00,2026-07-20T09:44:35.754164+03:00,1913,Alibeyköy Cep Otogarı Açık Otoparkı,EYÜP,41.0879,28.9446,116,32,84,AÇIK OTOPARK,1,25,24 Saat
2026-07-20T06:44:35.754164+00:00,2026-07-20T09:44:35.754164+03:00,1912,Alibeyköy Cep Otogarı Otobüs Otoparkı,EYÜP,41.0875,28.9449,5000,4983,17,AÇIK OTOPARK,1,60,24 Saat
2026-07-20T06:44:35.754164+00:00,2026-07-20T09:44:35.754164+03:00,2562,Alibeyköy Yeşiltepe Zemin Altı Otoparkı,EYÜP,41.0797,28.938,159,66,93,KAPALI OTOPARK,1,15,24 Saat
2026-07-20T06:44:35.754164+00:00,2026-07-20T09:44:35.754164+03:00,3201,Altınboynuz Sosyal Tesisleri,EYÜP,41.058,28.9447,70,1,69,AÇIK OTOPARK,1,15,08:00-23:00
2026-07-20T06:44:35.754164+00:00,2026-07-20T09:44:35.754164+03:00,758,Arap Camii Açık Otoparkı,BEYOĞLU,41.0227,28.9723,30,1,29,AÇIK OTOPARK,1,0,09:00-17:00
2026-07-20T06:44:35.754164+00:00,2026-07-20T09:44:35.754164+03:00,2685,Aras Sokak 2,BÜYÜKÇEKMECE,41.023,28.6209,60,1,59,YOL ÜSTÜ,1,0,06:00-14:30
2026-07-20T06:44:35.754164+00:00,2026-07-20T09:44:35.754164+03:00,2802,Arnavutköy Zemin Altı Otoparkı,ARNAVUTKÖY,41.1838,28.7396,700,26,674,KAPALI OTOPARK,1,15,24 Saat
2026-07-20T06:44:35.754164+00:00,2026-07-20T09:44:35.754164+03:00,1797,Ataköy Atrium AVM,BAKIRKÖY,40.9881,28.8459,250,191,59,AÇIK OTOPARK,1,15,08:00-23:00
2026-07-20T06:44:35.754164+00:00,2026-07-20T09:44:35.754164+03:00,2824,Ataköy Metro Durağı Yanı PD Zemin Altı Otoparkı,BAKIRKÖY,40.9904,28.8456,150,94,56,KAPALI OTOPARK,1,0,24 Saat
2026-07-20T06:44:35.754164+00:00,2026-07-20T09:44:35.754164+03:00,3161,Ataşehir Topçu İbrahim Sokak,ATAŞEHİR,40.9736,29.101,42,1,41,YOL ÜSTÜ,1,15,07:00-16:00
2026-07-20T06:44:35.754164+00:00,2026-07-20T09:44:35.754164+03:00,359,Atatürk Bulvarı 1,FATİH,41.0112,28.9534,20,1,19,YOL ÜSTÜ,1,0,07:30-18:00
2026-07-20T06:44:35.754164+00:00,2026-07-20T09:44:35.754164+03:00,3087,Atatürk Kent Ormanı Otoparkı,SARIYER,41.136,29.0262,200,198,2,AÇIK OTOPARK,1,0,08:00-17:00
2026-07-20T06:44:35.754164+00:00,2026-07-20T09:44:35.754164+03:00,2243,Avcılar Denizköşkler Toplantı ve Davet Salonu Açık Otoparkı,AVCILAR,40.9746,28.7435,200,1,199,AÇIK OTOPARK,0,15,13:00-07:00
2026-07-20T06:44:35.754164+00:00,2026-07-20T09:44:35.754164+03:00,1088,Avcılar İdo,AVCILAR,40.9712,28.7185,270,262,8,AÇIK OTOPARK,0,0,13:00-07:00
2026-07-20T06:44:35.754164+00:00,2026-07-20T09:44:35.754164+03:00,2885,Azapkapı Haliç Metro Otoparkı,ŞİŞLİ,41.0245,28.9691,80,9,71,AÇIK OTOPARK,1,5,24 Saat
2026-07-20T06:44:35.754164+00:00,2026-07-20T09:44:35.754164+03:00,2455,Azerbaycan Dostluk Parkı Zemin Altı Otoparkı,BAĞCILAR,41.0444,28.854,400,181,219,KAPALI OTOPARK,1,10,24 Saat
2026-07-20T06:44:35.754164+00:00,2026-07-20T09:44:35.754164+03:00,2965,Bağcılar Çolakoğlu Zemin Altı Otoparkı,BAĞCILAR,41.0324,28.8345,106,0,106,KAPALI OTOPARK,1,5,24 Saat
2026-07-20T06:44:35.754164+00:00,2026-07-20T09:44:35.754164+03:00,2576,Bağcılar Demirkapı Zemin Altı Otoparkı,BAĞCILAR,41.0499,28.8327,343,152,191,KAPALI OTOPARK,1,5,24 Saat
2026-07-20T06:44:35.754164+00:00,2026-07-20T09:44:35.754164+03:00,3036,Bağcılar Devlet Hastanesi Yanı Zeminaltı Otoparkı,BAĞCILAR,41.0312,28.8696,1133,43,1090,KAPALI OTOPARK,1,15,24 Saat
2026-07-20T06:44:35.754164+00:00,2026-07-20T09:44:35.754164+03:00,3071,Bağcılar Emniyet Müdürlüğü Yanı Açık Otoparkı,BAĞCILAR,41.0353,28.8598,100,37,63,AÇIK OTOPARK,1,0,24 Saat
2026-07-20T06:44:35.754164+00:00,2026-07-20T09:44:35.754164+03:00,2873,Bağcılar Göztepe Zemin Altı,BAĞCILAR,41.0567,28.8355,120,0,120,KAPALI OTOPARK,1,5,24 Saat
2026-07-20T06:44:35.754164+00:00,2026-07-20T09:44:35.754164+03:00,3187,Bağcılar Hürriyet Mahallesi Zemin Altı Otoparkı,BAĞCILAR,41.0291,28.8333,355,0,355,KAPALI OTOPARK,1,10,24 Saat
2026-07-20T06:44:35.754164+00:00,2026-07-20T09:44:35.754164+03:00,2916,Bağcılar Kent Meydanı PD Zemin Altı Otoparkı,BAĞCILAR,41.0339,28.8556,1162,0,1162,KAPALI OTOPARK,1,0,24 Saat
2026-07-20T06:44:35.754164+00:00,2026-07-20T09:44:35.754164+03:00,3261,Bağcılar Yenimahalle Zemin Altı Otoparkı,BAĞCILAR,41.0425,28.8395,525,266,259,KAPALI OTOPARK,1,15,24 Saat
2026-07-20T06:44:35.754164+00:00,2026-07-20T09:44:35.754164+03:00,2820,Bağcılar Yıldıztepe Katlı Otoparkı,BAĞCILAR,41.0294,28.8556,350,0,350,KAPALI OTOPARK,1,10,24 Saat
2026-07-20T06:44:35.754164+00:00,2026-07-20T09:44:35.754164+03:00,3447,Bahçelievler 23 Nisan Milli Egemenlik Zeminaltı Otoparkı,BAHÇELİEVLER,40.9988,28.8472,732,454,278,KAPALI OTOPARK,1,10,24 Saat
2026-07-20T06:44:35.754164+00:00,2026-07-20T09:44:35.754164+03:00,2993,Bahçelievler Cumhuriyet Zeminaltı Otoparkı,BAHÇELİEVLER,41.0149,28.859,663,0,663,KAPALI OTOPARK,1,10,24 Saat
2026-07-20T06:44:35.754164+00:00,2026-07-20T09:44:35.754164+03:00,2969,Bahçelievler Devlet Hastanesi Yanı Katlı Otoparkı,BAHÇELİEVLER,41.0072,28.8442,740,0,740,KAPALI OTOPARK,1,0,24 Saat
2026-07-20T06:44:35.754164+00:00,2026-07-20T09:44:35.754164+03:00,3051,Bahçelievler Zafer Mh. Zeminaltı Otoparkı,BAHÇELİEVLER,41.0036,28.8351,200,69,131,KAPALI OTOPARK,1,0,24 Saat
2026-07-20T06:44:35.754164+00:00,2026-07-20T09:44:35.754164+03:00,3118,Bahçeşehir Doğa Parkı Caddesi 3,BAŞAKŞEHİR,41.0683,28.6894,22,1,21,YOL ÜSTÜ,0,15,10:00-20:00
2026-07-20T06:44:35.754164+00:00,2026-07-20T09:44:35.754164+03:00,3236,Bahçeşehir Gölet Açık Otoparkı,BAŞAKŞEHİR,41.0719,28.6901,200,1,199,AÇIK OTOPARK,0,0,12:00-22:00
2026-07-20T06:44:35.754164+00:00,2026-07-20T09:44:35.754164+03:00,1465,Bakırköy İdo Açık Otoparkı,BAKIRKÖY,40.9739,28.8761,160,124,36,AÇIK OTOPARK,1,10,24 Saat
2026-07-20T06:44:35.754164+00:00,2026-07-20T09:44:35.754164+03:00,1104,Balmumcu Katlı Otoparkı,BEŞİKTAŞ,41.0636,29.0109,400,180,220,KAPALI OTOPARK,1,5,24 Saat
2026-07-20T06:44:35.754164+00:00,2026-07-20T09:44:35.754164+03:00,2796,Başakşehir Metro Açık Otoparkı,BAŞAKŞEHİR,41.107,28.801,125,1,124,AÇIK OTOPARK,1,0,07:00-16:00
2026-07-20T06:44:35.754164+00:00,2026-07-20T09:44:35.754164+03:00,2350,Bayrampaşa Adapark Katlı Otoparkı,BAYRAMPAŞA,41.0647,28.8875,650,0,650,KAPALI OTOPARK,1,15,24 Saat
2026-07-20T06:44:35.754164+00:00,2026-07-20T09:44:35.754164+03:00,2892,Bayrampaşa Altıntepsi Zemin  Altı Otoparkı,BAYRAMPAŞA,41.0393,28.9029,110,0,110,KAPALI OTOPARK,1,10,24 Saat
2026-07-20T06:44:35.754164+00:00,2026-07-20T09:44:35.754164+03:00,2909,Bayrampaşa Atatürk Parkı  Zemin Altı Otoparkı,BAYRAMPAŞA,41.0342,28.9123,442,0,442,KAPALI OTOPARK,1,10,24 Saat
2026-07-20T06:44:35.754164+00:00,2026-07-20T09:44:35.754164+03:00,2683,Bayrampaşa Devlet Hastanesi Cep Otoparkı,BAYRAMPAŞA,41.0414,28.9031,55,29,26,AÇIK OTOPARK,1,0,08:00-19:00
2026-07-20T06:44:35.754164+00:00,2026-07-20T09:44:35.754164+03:00,3301,Bayrampaşa Kocatepe Mahallesi Zemin Altı Otoparkı,BAYRAMPAŞA,41.0545,28.8964,241,0,241,KAPALI OTOPARK,1,10,24 Saat
2026-07-20T06:44:35.754164+00:00,2026-07-20T09:44:35.754164+03:00,2053,Bayrampaşa Muratpaşa Yer Altı Otoparkı,BAYRAMPAŞA,41.047,28.9082,300,0,300,KAPALI OTOPARK,1,15,24 Saat
2026-07-20T06:44:35.754164+00:00,2026-07-20T09:44:35.754164+03:00,3175,Bayrampaşa Spor Kompleksi Zemin Altı Otoparkı,BAYRAMPAŞA,41.0446,28.9106,205,0,205,KAPALI OTOPARK,1,15,24 Saat
2026-07-20T06:44:35.754164+00:00,2026-07-20T09:44:35.754164+03:00,3382,Bayrampaşa Şehit Kamil Balkan Zemin Altı Otoparkı,BAYRAMPAŞA,41.0604,28.9008,235,0,235,KAPALI OTOPARK,1,10,24 Saat
2026-07-20T06:44:35.754164+00:00,2026-07-20T09:44:35.754164+03:00,2428,Bayrampaşa Yenidoğan Mahallesi Zemin Altı Otoparkı,BAYRAMPAŞA,41.0395,28.9088,120,0,120,KAPALI OTOPARK,1,10,24 Saat
2026-07-20T06:44:35.754164+00:00,2026-07-20T09:44:35.754164+03:00,2468,Bebek Açık,BEŞİKTAŞ,41.077,29.0434,30,0,30,AÇIK OTOPARK,1,0,24 Saat
2026-07-20T06:44:35.754164+00:00,2026-07-20T09:44:35.754164+03:00,3479,Beşiktaş Halk Pazarı Açık Otoparkı,BEŞİKTAŞ,41.0496,29.0004,170,141,29,AÇIK OTOPARK,1,5,24 Saat
2026-07-20T06:44:35.754164+00:00,2026-07-20T09:44:35.754164+03:00,573,Beşiktaş Kadastro Önü 1,BEŞİKTAŞ,41.0503,29.0076,39,1,38,YOL ÜSTÜ,1,15,08:00-17:00
2026-07-20T06:44:35.754164+00:00,2026-07-20T09:44:35.754164+03:00,3257,Beykoz Sahil Cep Otoparkı,BEYKOZ,41.1286,29.0953,100,75,25,AÇIK OTOPARK,1,0,08:00-00:00
2026-07-20T06:44:35.754164+00:00,2026-07-20T09:44:35.754164+03:00,2273,Beykoz Sosyal Tesisleri,BEYKOZ,41.1143,29.0888,130,111,19,AÇIK OTOPARK,1,15,08:00-00:00
2026-07-20T06:44:35.754164+00:00,2026-07-20T09:44:35.754164+03:00,2999,Beyoğlu Gazhane Bostan Sokak 2,BEYOĞLU,41.0389,28.9903,35,1,34,YOL ÜSTÜ,1,0,07:30-16:30
2026-07-20T06:44:35.754164+00:00,2026-07-20T09:44:35.754164+03:00,3072,Beyoğlu Örnektepe Zemin Altı Otoparkı,BEYOĞLU,41.0543,28.9548,143,0,143,KAPALI OTOPARK,1,0,24 Saat
2026-07-20T06:44:35.754164+00:00,2026-07-20T09:44:35.754164+03:00,1455,Bostancı Açık,KADIKÖY,40.9523,29.0902,394,191,203,AÇIK OTOPARK,1,15,24 Saat
2026-07-20T06:44:35.754164+00:00,2026-07-20T09:44:35.754164+03:00,1456,Bostancı Sahil-Cep Açık Otoparkı,KADIKÖY,40.9545,29.0885,192,123,69,AÇIK OTOPARK,1,15,24 Saat
2026-07-20T06:44:35.754164+00:00,2026-07-20T09:44:35.754164+03:00,2150,Bostancı Vergi Dairesi Açık Otoparkı,ATAŞEHİR,40.9625,29.1083,155,0,155,AÇIK OTOPARK,1,5,08:00-20:00
2026-07-20T06:44:35.754164+00:00,2026-07-20T09:44:35.754164+03:00,2854,Bülent Ecevit Kültür Merkezi Açık Otoparkı,KARTAL,40.8852,29.1967,277,252,25,AÇIK OTOPARK,0,5,10:00-21:00
2026-07-20T06:44:35.754164+00:00,2026-07-20T09:44:35.754164+03:00,2866,Büyük İstanbul Otogarı,BAYRAMPAŞA,41.0402,28.8942,1000,0,1000,AÇIK OTOPARK,1,25,24 Saat
2026-07-20T06:44:35.754164+00:00,2026-07-20T09:44:35.754164+03:00,1192,Büyükçamlıca Korusu Sosyal Tesisleri Önü,ÜSKÜDAR,41.0264,29.0698,204,113,91,AÇIK OTOPARK,1,0,08:00-00:00
2026-07-20T06:44:35.754164+00:00,2026-07-20T09:44:35.754164+03:00,2960,Büyükçekmece Metrobüs Durağı Yanı PD Zemin Altı Otopark,BÜYÜKÇEKMECE,41.0221,28.624,448,152,296,KAPALI OTOPARK,1,0,24 Saat
2026-07-20T06:44:35.754164+00:00,2026-07-20T09:44:35.754164+03:00,1503,Cadde Bostan Açık Otoparkı,KADIKÖY,40.9636,29.0675,66,40,26,AÇIK OTOPARK,1,15,24 Saat
2026-07-20T06:44:35.754164+00:00,2026-07-20T09:44:35.754164+03:00,2933,Cemal Kamacı Spor Kompleksi Zemin Altı Otoparkı,KAĞITHANE,41.0536,28.9575,510,0,510,KAPALI OTOPARK,1,0,24 Saat
2026-07-20T06:44:35.754164+00:00,2026-07-20T09:44:35.754164+03:00,2207,Cengiz Topel Yer Altı Katlı Otoparkı,ESENLER,41.0588,28.8643,144,0,144,KAPALI OTOPARK,1,15,24 Saat
2026-07-20T06:44:35.754164+00:00,2026-07-20T09:44:35.754164+03:00,2787,Cevizli Açık Otoparkı,KARTAL,40.9179,29.1712,100,20,80,AÇIK OTOPARK,1,15,08:00-19:00
2026-07-20T06:44:35.754164+00:00,2026-07-20T09:44:35.754164+03:00,782,Cihangir Caddesi 2,BEYOĞLU,41.0319,28.9862,70,1,69,YOL ÜSTÜ,1,15,09:00-19:00
2026-07-20T06:44:35.754164+00:00,2026-07-20T09:44:35.754164+03:00,1467,Cihangir Katlı Otoparkı,BEYOĞLU,41.0318,28.9858,350,0,350,KAPALI OTOPARK,1,0,24 Saat
2026-07-20T06:44:35.754164+00:00,2026-07-20T09:44:35.754164+03:00,535,Cihannuma Yol Üstü 1,BEŞİKTAŞ,41.0454,29.0084,35,1,34,YOL ÜSTÜ,1,0,08:00-23:00
2026-07-20T06:44:35.754164+00:00,2026-07-20T09:44:35.754164+03:00,537,Cihannuma Yol Üstü 3,BEŞİKTAŞ,41.0459,29.0087,33,1,32,YOL ÜSTÜ,1,0,08:00-23:00
2026-07-20T06:44:35.754164+00:00,2026-07-20T09:44:35.754164+03:00,539,Cihannuma Yol Üstü 5,BEŞİKTAŞ,41.0489,29.0094,24,1,23,YOL ÜSTÜ,1,0,08:00-23:00
2026-07-20T06:44:35.754164+00:00,2026-07-20T09:44:35.754164+03:00,3184,Çam Sokak 6,GÜNGÖREN,41.0121,28.8882,50,1,49,YOL ÜSTÜ,1,15,08:00-17:00
2026-07-20T06:44:35.754164+00:00,2026-07-20T09:44:35.754164+03:00,3030,Çekmeköy Metro PD Zemin Altı Otoparkı,ÇEKMEKÖY,41.0147,29.1886,175,63,112,KAPALI OTOPARK,1,15,24 Saat
2026-07-20T06:44:35.754164+00:00,2026-07-20T09:44:35.754164+03:00,2905,Çeliktepe Açık Otoparkı,KAĞITHANE,41.0843,29.0056,200,55,145,AÇIK OTOPARK,1,5,24 Saat
2026-07-20T06:44:35.754164+00:00,2026-07-20T09:44:35.754164+03:00,1298,Çengelköy Açık Otoparkı,ÜSKÜDAR,41.0484,29.0533,500,0,500,AÇIK OTOPARK,1,15,24 Saat
2026-07-20T06:44:35.754164+00:00,2026-07-20T09:44:35.754164+03:00,502,Çınar Açık Otoparkı,BEŞİKTAŞ,41.0853,29.0088,65,1,64,AÇIK OTOPARK,1,0,08:00-18:00
2026-07-20T06:44:35.754164+00:00,2026-07-20T09:44:35.754164+03:00,777,Çırağan Sarayı Yol Üstü 1,BEŞİKTAŞ,41.0448,29.0165,40,1,39,YOL ÜSTÜ,1,15,08:00-23:00
2026-07-20T06:44:35.754164+00:00,2026-07-20T09:44:35.754164+03:00,778,Çırağan Sarayı Yol Üstü 2,BEŞİKTAŞ,41.0445,29.0156,40,1,39,YOL ÜSTÜ,1,15,08:00-23:00
2026-07-20T06:44:35.754164+00:00,2026-07-20T09:44:35.754164+03:00,2228,Çırpıcı Sosyal Tesisler,ZEYTİNBURNU,41,28.8926,128,0,128,AÇIK OTOPARK,1,15,07:00-00:00
2026-07-20T06:44:35.754164+00:00,2026-07-20T09:44:35.754164+03:00,1508,Çiroz Yeşilköy Halk Pazarı,BAKIRKÖY,40.9628,28.8129,471,1,470,AÇIK OTOPARK,1,0,08:00-18:00
2026-07-20T06:44:35.754164+00:00,2026-07-20T09:44:35.754164+03:00,2030,Dalyan Açık Otoparkı,KADIKÖY,40.9632,29.0651,92,72,20,AÇIK OTOPARK,1,15,24 Saat
2026-07-20T06:44:35.754164+00:00,2026-07-20T09:44:35.754164+03:00,2271,Damla Sokak 1,ŞİŞLİ,41.0672,29.0004,17,1,16,YOL ÜSTÜ,1,15,07:30-16:30
2026-07-20T06:44:35.754164+00:00,2026-07-20T09:44:35.754164+03:00,2164,Darüşşafaka Yeraltı Otoparkı,SARIYER,41.1292,29.0252,150,117,33,KAPALI OTOPARK,1,15,08:00-00:00
2026-07-20T06:44:35.754164+00:00,2026-07-20T09:44:35.754164+03:00,1653,Deniz Feneri Otoparkı,FATİH,41.0019,28.9773,175,128,47,AÇIK OTOPARK,1,5,24 Saat
2026-07-20T06:44:35.754164+00:00,2026-07-20T09:44:35.754164+03:00,595,Dostluk Yurdu 1,FATİH,41.0071,28.973,33,1,32,YOL ÜSTÜ,1,15,07:00-17:00
2026-07-20T06:44:35.754164+00:00,2026-07-20T09:44:35.754164+03:00,2237,Dragos Sosyal Tesisleri,KARTAL,40.9017,29.1458,100,46,54,AÇIK OTOPARK,1,15,24 Saat
2026-07-20T06:44:35.754164+00:00,2026-07-20T09:44:35.754164+03:00,3063,Dudullu Metro PD Zemin Altı Otoparkı,ÜMRANİYE,41.0156,29.1633,81,59,22,KAPALI OTOPARK,1,15,07:00-23:30
2026-07-20T06:44:35.754164+00:00,2026-07-20T09:44:35.754164+03:00,1522,Ebu Suut Caddesi 1,FATİH,41.0128,28.9766,35,1,34,YOL ÜSTÜ,1,0,08:00-18:00
2026-07-20T06:44:35.754164+00:00,2026-07-20T09:44:35.754164+03:00,2147,EGS Blokları Açık Otoparkı,BAKIRKÖY,40.9863,28.8354,350,0,350,AÇIK OTOPARK,1,60,09:00-19:30
2026-07-20T06:44:35.754164+00:00,2026-07-20T09:44:35.754164+03:00,2366,Esenler Adem Baştürk Kültür Merkezi Katlı,ESENLER,41.039,28.8846,460,41,419,KAPALI OTOPARK,1,15,24 Saat
2026-07-20T06:44:35.754164+00:00,2026-07-20T09:44:35.754164+03:00,3190,Esenler Havaalanı Mahallesi Zemin Altı Otoparkı,ESENLER,41.0562,28.8674,610,381,229,KAPALI OTOPARK,1,10,24 Saat
2026-07-20T06:44:35.754164+00:00,2026-07-20T09:44:35.754164+03:00,3011,Esenler Menderes Metro İstasyonu Yanı,ESENLER,41.0427,28.8783,68,0,68,AÇIK OTOPARK,1,5,24 Saat
2026-07-20T06:44:35.754164+00:00,2026-07-20T09:44:35.754164+03:00,2822,Esenler Menderes Parkı Zemin Altı Otoparkı,ESENLER,41.0412,28.8729,325,59,266,KAPALI OTOPARK,1,10,24 Saat
2026-07-20T06:44:35.754164+00:00,2026-07-20T09:44:35.754164+03:00,3303,Esenyurt Adile Naşit Bulvarı Zeminaltı Otoparkı,ESENYURT,41.0205,28.6859,367,292,75,KAPALI OTOPARK,1,15,24 Saat
2026-07-20T06:44:35.754164+00:00,2026-07-20T09:44:35.754164+03:00,1692,Eski Büyükdere Caddesi 1,KAĞITHANE,41.0891,29.0059,30,14,16,YOL ÜSTÜ,1,15,08:00-16:30
2026-07-20T06:44:35.754164+00:00,2026-07-20T09:44:35.754164+03:00,1328,Eski Salı Pazarı,KADIKÖY,40.9904,29.0338,760,0,760,AÇIK OTOPARK,1,15,24 Saat
2026-07-20T06:44:35.754164+00:00,2026-07-20T09:44:35.754164+03:00,904,Eyüp Pierloti Caddesi 1,EYÜP,41.0539,28.9329,40,1,39,YOL ÜSTÜ,1,0,09:00-22:00
2026-07-20T06:44:35.754164+00:00,2026-07-20T09:44:35.754164+03:00,2850,Eyüpsultan Akşemsettin Mahallesi Zemin Altı Otoparkı,EYÜP,41.085,28.9258,110,0,110,KAPALI OTOPARK,1,15,24 Saat
2026-07-20T06:44:35.754164+00:00,2026-07-20T09:44:35.754164+03:00,2215,Fatih Çeşmesi Tabiat Parkı Otoparkı,SARIYER,41.1686,28.9448,250,242,8,AÇIK OTOPARK,1,0,06:00-20:00
2026-07-20T06:44:35.754164+00:00,2026-07-20T09:44:35.754164+03:00,1475,Fatih Katlı Otoparkı,FATİH,41.0198,28.9396,118,0,118,KAPALI OTOPARK,1,10,24 Saat
2026-07-20T06:44:35.754164+00:00,2026-07-20T09:44:35.754164+03:00,1591,Feshane PD Açık Otoparkı,EYÜP,41.0463,28.9378,200,165,35,AÇIK OTOPARK,1,15,24 Saat
2026-07-20T06:44:35.754164+00:00,2026-07-20T09:44:35.754164+03:00,1005,Florya Havuzlu Bahçe,BAKIRKÖY,40.9764,28.7908,135,1,134,AÇIK OTOPARK,1,0,09:00-23:00
2026-07-20T06:44:35.754164+00:00,2026-07-20T09:44:35.754164+03:00,2238,Florya Sosyal Tesisleri,BAKIRKÖY,40.9614,28.8091,1074,1029,45,AÇIK OTOPARK,1,15,24 Saat
2026-07-20T06:44:35.754164+00:00,2026-07-20T09:44:35.754164+03:00,3296,Gaziosmanpaşa Meydanı ve Yaşam Merkezi Zemin Altı Otoparkı,GAZİOSMANPAŞA,41.0606,28.9093,202,0,202,KAPALI OTOPARK,1,15,24 Saat
2026-07-20T06:44:35.754164+00:00,2026-07-20T09:44:35.754164+03:00,2971,Gaziosmanpaşa Zemin Altı Otoparkı,GAZİOSMANPAŞA,41.0796,28.8858,285,0,285,KAPALI OTOPARK,1,0,24 Saat
2026-07-20T06:44:35.754164+00:00,2026-07-20T09:44:35.754164+03:00,3401,Giyimkent Tekstilkent Metro Zemin Altı PD Otoparkı,ESENLER,41.0711,28.8666,203,174,29,KAPALI OTOPARK,1,10,24 Saat
2026-07-20T06:44:35.754164+00:00,2026-07-20T09:44:35.754164+03:00,2242,Gözdağı Sosyal Tesisler  Açık Otoparkı,PENDİK,40.893,29.2538,300,218,82,AÇIK OTOPARK,1,0,07:00-23:00
2026-07-20T06:44:35.754164+00:00,2026-07-20T09:44:35.754164+03:00,1879,Gülsuyu Metro PD Yer Altı Otoparkı,MALTEPE,40.9237,29.1548,76,0,76,KAPALI OTOPARK,1,15,08:00-00:00
2026-07-20T06:44:35.754164+00:00,2026-07-20T09:44:35.754164+03:00,1423,Güneş Plajı 1,BAKIRKÖY,40.9712,28.79,250,222,28,AÇIK OTOPARK,1,10,24 Saat
2026-07-20T06:44:35.754164+00:00,2026-07-20T09:44:35.754164+03:00,1461,Güneş Plajı 2,BAKIRKÖY,40.9692,28.7951,135,129,6,AÇIK OTOPARK,1,10,08:00-20:00
2026-07-20T06:44:35.754164+00:00,2026-07-20T09:44:35.754164+03:00,3053,Güngören Nikah Dairesi Zemin Altı otoparkı,GÜNGÖREN,41.0363,28.8718,147,0,147,KAPALI OTOPARK,1,10,24 Saat
2026-07-20T06:44:35.754164+00:00,2026-07-20T09:44:35.754164+03:00,2216,Gürpınar Balık Hali Otoparkı,BEYLİKDÜZÜ,40.9663,28.6019,1000,805,195,AÇIK OTOPARK,1,15,24 Saat
2026-07-20T06:44:35.754164+00:00,2026-07-20T09:44:35.754164+03:00,1525,Hacıosman Metro Yer Altı Otoparkı,SARIYER,41.14,29.0306,422,0,422,KAPALI OTOPARK,1,15,24 Saat
2026-07-20T06:44:35.754164+00:00,2026-07-20T09:44:35.754164+03:00,1470,Haldun Alagaş Katlı Otoparkı,ÜMRANİYE,41.0262,29.1052,197,68,129,KAPALI OTOPARK,1,15,24 Saat
2026-07-20T06:44:35.754164+00:00,2026-07-20T09:44:35.754164+03:00,3235,Haliç Sosyal Tesisleri Otoparkı,FATİH,41.0277,28.9572,60,47,13,AÇIK OTOPARK,1,15,07:00-00:00
2026-07-20T06:44:35.754164+00:00,2026-07-20T09:44:35.754164+03:00,2848,Halkalı Mahallesi Zemin Altı Otoparkı,KÜÇÜKÇEKMECE,41.0359,28.7848,347,187,160,KAPALI OTOPARK,1,15,24 Saat
2026-07-20T06:44:35.754164+00:00,2026-07-20T09:44:35.754164+03:00,2838,Hamidiye Mahallesi Katlı Otoparkı,KAĞITHANE,41.0949,28.971,450,221,229,KAPALI OTOPARK,1,15,24 Saat
2026-07-20T06:44:35.754164+00:00,2026-07-20T09:44:35.754164+03:00,1446,Harbiye Zemin Altı Otoparkı,BEYOĞLU,41.0408,28.9869,142,19,123,KAPALI OTOPARK,1,0,24 Saat
2026-07-20T06:44:35.754164+00:00,2026-07-20T09:44:35.754164+03:00,2332,Haydarpaşa Katlı Otoparkı,ÜSKÜDAR,41.0048,29.0251,840,360,480,KAPALI OTOPARK,1,15,24 Saat
2026-07-20T06:44:35.754164+00:00,2026-07-20T09:44:35.754164+03:00,1987,Haznedar Yer Altı Otoparkı,GÜNGÖREN,41.0083,28.8729,540,0,540,KAPALI OTOPARK,1,0,24 Saat
2026-07-20T06:44:35.754164+00:00,2026-07-20T09:44:35.754164+03:00,377,Hızır Külhani Sokak,FATİH,41.0202,28.9605,32,1,31,YOL ÜSTÜ,1,15,09:00-17:00
2026-07-20T06:44:35.754164+00:00,2026-07-20T09:44:35.754164+03:00,3173,Hürriyet Mahallesi Zeminaltı Otoparkı,GAZİOSMANPAŞA,41.0708,28.8951,190,0,190,KAPALI OTOPARK,1,15,24 Saat
2026-07-20T06:44:35.754164+00:00,2026-07-20T09:44:35.754164+03:00,157,Ihlamur Dere Caddesi 4,BEŞİKTAŞ,41.047,29.0023,27,1,26,YOL ÜSTÜ,1,15,09:00-17:00
2026-07-20T06:44:35.754164+00:00,2026-07-20T09:44:35.754164+03:00,1189,İçerenköy Sebze Meyve Hali Otoparkı,ATAŞEHİR,40.9766,29.1044,600,600,0,AÇIK OTOPARK,1,15,24 Saat
2026-07-20T06:44:35.754164+00:00,2026-07-20T09:44:35.754164+03:00,1127,İshakpaşa Caddesi,FATİH,41.0079,28.9814,200,1,199,YOL ÜSTÜ,1,0,08:00-18:00
2026-07-20T06:44:35.754164+00:00,2026-07-20T09:44:35.754164+03:00,3265,İspark İstanbul West Marina Açık Otoparkı 1,BEYLİKDÜZÜ,40.9636,28.6564,250,1,249,AÇIK OTOPARK,1,15,24 Saat
2026-07-20T06:44:35.754164+00:00,2026-07-20T09:44:35.754164+03:00,2793,İspark Merter Katlı Otoparkı,GÜNGÖREN,41.0097,28.89,900,367,533,KAPALI OTOPARK,1,10,24 Saat
2026-07-20T06:44:35.754164+00:00,2026-07-20T09:44:35.754164+03:00,2430,İspark West İstanbul Marina Açık Otoparkı,BEYLİKDÜZÜ,40.9639,28.6591,1600,1267,333,AÇIK OTOPARK,1,15,24 Saat
2026-07-20T06:44:35.754164+00:00,2026-07-20T09:44:35.754164+03:00,381,İstinye 4 ( Cami Önü ),SARIYER,41.1149,29.0571,25,1,24,YOL ÜSTÜ,1,15,08:30-17:30
2026-07-20T06:44:35.754164+00:00,2026-07-20T09:44:35.754164+03:00,1804,İtalyan Hastanesi Karşısı Açık Otoparkı 1,BEYOĞLU,41.028,28.9815,30,1,29,AÇIK OTOPARK,1,0,08:00-19:00
2026-07-20T06:44:35.754164+00:00,2026-07-20T09:44:35.754164+03:00,507,Kabasakal Medrese Önü,FATİH,41.0062,28.9789,65,1,64,AÇIK OTOPARK,1,0,08:00-18:30
2026-07-20T06:44:35.754164+00:00,2026-07-20T09:44:35.754164+03:00,3306,Kabataş Transfer Merkezi Turizm Otobüs Otoparkı,BEYOĞLU,41.0336,28.9923,160,59,101,KAPALI OTOPARK,1,20,24 Saat
2026-07-20T06:44:35.754164+00:00,2026-07-20T09:44:35.754164+03:00,2918,Kadıköy Hasanpaşa Gazhane Katlı Otoparkı,KADIKÖY,40.9972,29.0428,310,184,126,KAPALI OTOPARK,1,15,24 Saat
2026-07-20T06:44:35.754164+00:00,2026-07-20T09:44:35.754164+03:00,1447,Kadıköy İski Açık Otoparkı,KADIKÖY,40.9874,29.0207,124,64,60,AÇIK OTOPARK,1,15,24 Saat
2026-07-20T06:44:35.754164+00:00,2026-07-20T09:44:35.754164+03:00,1655,Kadıköy Metro Açık Otoparkı,KADIKÖY,40.9899,29.0217,74,1,73,AÇIK OTOPARK,1,15,24 Saat
2026-07-20T06:44:35.754164+00:00,2026-07-20T09:44:35.754164+03:00,3445,Kadıköy Uzunçayır PD Açık Otoparkı,KADIKÖY,40.9982,29.0569,70,48,22,AÇIK OTOPARK,1,15,06:30-16:30
2026-07-20T06:44:35.754164+00:00,2026-07-20T09:44:35.754164+03:00,2808,Kadıköy Yeni Salı Pazarı PD Katlı Otoparkı,KADIKÖY,40.9969,29.0486,1350,489,861,KAPALI OTOPARK,1,15,24 Saat
2026-07-20T06:44:35.754164+00:00,2026-07-20T09:44:35.754164+03:00,2811,Kağıthane Harmantepe Zemin Altı Otoparkı,KAĞITHANE,41.0816,28.9907,200,0,200,KAPALI OTOPARK,1,0,24 Saat
2026-07-20T06:44:35.754164+00:00,2026-07-20T09:44:35.754164+03:00,1452,Kalamış Açık Otoparkı,KADIKÖY,40.9687,29.0363,173,163,10,AÇIK OTOPARK,1,15,24 Saat
2026-07-20T06:44:35.754164+00:00,2026-07-20T09:44:35.754164+03:00,1474,Kartal Hasan Doğan Spor Kompleksi,KARTAL,40.8918,29.1897,773,0,773,KAPALI OTOPARK,1,15,24 Saat
2026-07-20T06:44:35.754164+00:00,2026-07-20T09:44:35.754164+03:00,1105,Kartal İdo Açık Otoparkı,KARTAL,40.8874,29.1881,90,0,90,AÇIK OTOPARK,1,15,24 Saat
2026-07-20T06:44:35.754164+00:00,2026-07-20T09:44:35.754164+03:00,1550,Kartal Sahil Açık Otoparkı,KARTAL,40.8875,29.1901,75,46,29,AÇIK OTOPARK,1,5,24 Saat
2026-07-20T06:44:35.754164+00:00,2026-07-20T09:44:35.754164+03:00,3434,Kasımpaşa Sosyal Tesisler Otoparkı,BEYOĞLU,41.0296,28.9673,60,36,24,AÇIK OTOPARK,1,0,07:30-23:00
2026-07-20T06:44:35.754164+00:00,2026-07-20T09:44:35.754164+03:00,2827,Kayaşehir Meydan Zemin Altı Otoparkı,BAŞAKŞEHİR,41.1196,28.7718,1054,1,1053,KAPALI OTOPARK,0,0,10:00-17:00
2026-07-20T06:44:35.754164+00:00,2026-07-20T09:44:35.754164+03:00,1960,Kazlıçeşme Marmaray Açık Otoparkı,ZEYTİNBURNU,40.9922,28.917,700,608,92,AÇIK OTOPARK,1,15,24 Saat
2026-07-20T06:44:35.754164+00:00,2026-07-20T09:44:35.754164+03:00,2994,Kirazlı Metro Durağı PD Açık Otoparkı,BAĞCILAR,41.033,28.8429,112,0,112,AÇIK OTOPARK,1,5,24 Saat
2026-07-20T06:44:35.754164+00:00,2026-07-20T09:44:35.754164+03:00,1528,Kore Şehitleri Caddesi - Yüzbaşı Kaya Aldağon Sokak 1,ŞİŞLİ,41.0719,29.0139,40,1,39,YOL ÜSTÜ,1,15,07:00-16:00
2026-07-20T06:44:35.754164+00:00,2026-07-20T09:44:35.754164+03:00,2449,Kozyatağı Sebze-Meyve Hali,ATAŞEHİR,40.9787,29.1029,1500,1500,0,AÇIK OTOPARK,1,0,24 Saat
2026-07-20T06:44:35.754164+00:00,2026-07-20T09:44:35.754164+03:00,1206,Kutlugün Sokak 2,FATİH,41.0061,28.9801,200,1,199,YOL ÜSTÜ,1,0,08:00-18:00
2026-07-20T06:44:35.754164+00:00,2026-07-20T09:44:35.754164+03:00,3074,Küçük Çamlıca,ÜSKÜDAR,41.0204,29.0653,129,106,23,AÇIK OTOPARK,1,0,08:00-22:00
2026-07-20T06:44:35.754164+00:00,2026-07-20T09:44:35.754164+03:00,3127,Küçükçekmece Cennet Mahallesi Meydan Zemin Altı Otoparkı,KÜÇÜKÇEKMECE,40.9907,28.783,456,0,456,KAPALI OTOPARK,1,10,24 Saat
2026-07-20T06:44:35.754164+00:00,2026-07-20T09:44:35.754164+03:00,2554,Küçükçekmece Fevzi Çakmak Meydanı Zemin Altı Otoparkı,KÜÇÜKÇEKMECE,41.0076,28.7927,1000,519,481,KAPALI OTOPARK,1,10,24 Saat
2026-07-20T06:44:35.754164+00:00,2026-07-20T09:44:35.754164+03:00,2882,Küçüksu Kasrı Açık Otoparkı,BEYKOZ,41.0789,29.0657,98,91,7,AÇIK OTOPARK,1,0,07:00-23:00
2026-07-20T06:44:35.754164+00:00,2026-07-20T09:44:35.754164+03:00,220,Levent Hamidiye,BEŞİKTAŞ,41.0861,29.0076,100,1,99,AÇIK OTOPARK,1,0,08:00-19:00
2026-07-20T06:44:35.754164+00:00,2026-07-20T09:44:35.754164+03:00,1138,Levent Metro Yer Altı Otoparkı,BEŞİKTAŞ,41.0811,29.0105,100,1,99,AÇIK OTOPARK,1,5,07:30-19:30
2026-07-20T06:44:35.754164+00:00,2026-07-20T09:44:35.754164+03:00,2335,Maçka Açık Otoparkı,ŞİŞLİ,41.046,28.9908,75,75,0,AÇIK OTOPARK,1,0,24 Saat
2026-07-20T06:44:35.754164+00:00,2026-07-20T09:44:35.754164+03:00,1859,Maçka Katlı Otoparkı,ŞİŞLİ,41.0484,28.9903,508,0,508,KAPALI OTOPARK,1,0,24 Saat
2026-07-20T06:44:35.754164+00:00,2026-07-20T09:44:35.754164+03:00,3193,Maltepe Rıhtım Caddesi Açık Otoparkı,MALTEPE,40.9258,29.1241,76,67,9,AÇIK OTOPARK,1,0,24 Saat
2026-07-20T06:44:35.754164+00:00,2026-07-20T09:44:35.754164+03:00,2146,Maltepe Süreyyapaşa Çarşısı Açık Otoparkı,MALTEPE,40.9274,29.1225,156,124,32,AÇIK OTOPARK,1,0,24 Saat
2026-07-20T06:44:35.754164+00:00,2026-07-20T09:44:35.754164+03:00,1599,Maslak Açık Otoparkı,SARIYER,41.1166,29.024,150,72,78,AÇIK OTOPARK,1,10,24 Saat
2026-07-20T06:44:35.754164+00:00,2026-07-20T09:44:35.754164+03:00,2100,Matbaacılar Sitesi Yanı,ZEYTİNBURNU,41.0234,28.9187,250,133,117,AÇIK OTOPARK,1,5,24 Saat
2026-07-20T06:44:35.754164+00:00,2026-07-20T09:44:35.754164+03:00,920,Meclis-i Mebusan Yokuşu 2,BEYOĞLU,41.0326,28.9882,34,1,33,YOL ÜSTÜ,1,15,09:00-17:00
2026-07-20T06:44:35.754164+00:00,2026-07-20T09:44:35.754164+03:00,1546,Menekşe Plajı Açık Otoparkı,BAKIRKÖY,40.9761,28.7766,200,199,1,AÇIK OTOPARK,1,0,24 Saat
2026-07-20T06:44:35.754164+00:00,2026-07-20T09:44:35.754164+03:00,1376,Mercan Açık,FATİH,41.0136,28.9669,130,74,56,AÇIK OTOPARK,1,0,08:00-23:00
2026-07-20T06:44:35.754164+00:00,2026-07-20T09:44:35.754164+03:00,3309,Mercan Ali Paşa Sarayı Zemin Altı Otoparkı,FATİH,41.0136,28.967,196,1,195,KAPALI OTOPARK,1,0,07:00-21:00
2026-07-20T06:44:35.754164+00:00,2026-07-20T09:44:35.754164+03:00,1472,Merter Katlı Otoparkı,GÜNGÖREN,41.0092,28.8874,1000,900,100,KAPALI OTOPARK,1,10,24 Saat
2026-07-20T06:44:35.754164+00:00,2026-07-20T09:44:35.754164+03:00,2375,Merter Metro PD Zeminaltı Otoparkı,GÜNGÖREN,41.0037,28.8897,242,93,149,KAPALI OTOPARK,1,10,24 Saat
2026-07-20T06:44:35.754164+00:00,2026-07-20T09:44:35.754164+03:00,1568,Mete Caddesi 1,BEYOĞLU,41.0382,28.9879,31,1,30,YOL ÜSTÜ,1,15,08:00-23:00
2026-07-20T06:44:35.754164+00:00,2026-07-20T09:44:35.754164+03:00,1471,Mevlana Yeraltı Katlı Otoparkı,ZEYTİNBURNU,41.0072,28.9049,1000,854,146,KAPALI OTOPARK,1,5,24 Saat
2026-07-20T06:44:35.754164+00:00,2026-07-20T09:44:35.754164+03:00,2709,Millet Caddesi Açık Otoparkı,FATİH,41.01,28.9461,60,26,34,AÇIK OTOPARK,1,15,24 Saat
2026-07-20T06:44:35.754164+00:00,2026-07-20T09:44:35.754164+03:00,3152,Mimar Sinan Zemin Altı Otoparkı,ÜSKÜDAR,41.0222,29.0169,956,401,555,KAPALI OTOPARK,1,15,24 Saat
2026-07-20T06:44:35.754164+00:00,2026-07-20T09:44:35.754164+03:00,2870,Miniatürk Çadır Açık Otoparkı,BEYOĞLU,41.0594,28.9501,250,211,39,AÇIK OTOPARK,1,15,07:00-20:00
2026-07-20T06:44:35.754164+00:00,2026-07-20T09:44:35.754164+03:00,2556,Muallim Naci Açık Otoparkı,BEŞİKTAŞ,41.0561,29.0342,35,32,3,AÇIK OTOPARK,1,15,24 Saat
2026-07-20T06:44:35.754164+00:00,2026-07-20T09:44:35.754164+03:00,569,Oda Kule Önü 1,BEYOĞLU,41.0322,28.9751,24,1,23,YOL ÜSTÜ,1,0,07:00-01:00
2026-07-20T06:44:35.754164+00:00,2026-07-20T09:44:35.754164+03:00,1988,Orhangazi Şehir Parkı PD Açık Otoparkı,MALTEPE,40.9313,29.1161,5022,4757,265,AÇIK OTOPARK,1,15,24 Saat
2026-07-20T06:44:35.754164+00:00,2026-07-20T09:44:35.754164+03:00,152,Ortabahçe Caddesi 2,BEŞİKTAŞ,41.0428,29.0043,35,1,34,YOL ÜSTÜ,1,15,08:00-23:00
2026-07-20T06:44:35.754164+00:00,2026-07-20T09:44:35.754164+03:00,153,Ortabahçe Caddesi 3,BEŞİKTAŞ,41.043,29.0042,26,1,25,YOL ÜSTÜ,1,15,08:00-23:00
2026-07-20T06:44:35.754164+00:00,2026-07-20T09:44:35.754164+03:00,119,Ortaklar Caddesi 1,ŞİŞLİ,41.0638,28.9971,25,1,24,YOL ÜSTÜ,1,15,08:30-17:00
2026-07-20T06:44:35.754164+00:00,2026-07-20T09:44:35.754164+03:00,1343,Ortaköy Açık Otoparkı,BEŞİKTAŞ,41.0504,29.0326,170,144,26,AÇIK OTOPARK,1,0,24 Saat
2026-07-20T06:44:35.754164+00:00,2026-07-20T09:44:35.754164+03:00,572,Ortaköy Portakal Yokuşu 1,BEŞİKTAŞ,41.0503,29.0261,15,1,14,YOL ÜSTÜ,1,15,09:00-19:00
2026-07-20T06:44:35.754164+00:00,2026-07-20T09:44:35.754164+03:00,1039,Öğretmen Evi,AVCILAR,40.9723,28.714,80,42,38,AÇIK OTOPARK,0,0,11:00-23:00
2026-07-20T06:44:35.754164+00:00,2026-07-20T09:44:35.754164+03:00,1466,Pendik Katlı Otoparkı,PENDİK,40.8789,29.2342,120,21,99,KAPALI OTOPARK,1,15,24 Saat
2026-07-20T06:44:35.754164+00:00,2026-07-20T09:44:35.754164+03:00,3073,Pendik Kemal Kalkuz Parkı Zemin Altı Otoparkı,PENDİK,40.8885,29.2427,224,0,224,KAPALI OTOPARK,1,0,09:00-18:00
2026-07-20T06:44:35.754164+00:00,2026-07-20T09:44:35.754164+03:00,3019,Pendik Meydan Zemin Altı Otoparkı,PENDİK,40.8752,29.2324,937,0,937,KAPALI OTOPARK,1,0,24 Saat
2026-07-20T06:44:35.754164+00:00,2026-07-20T09:44:35.754164+03:00,2865,Pendik Sahil Engelliler Merkez Önü,PENDİK,40.8735,29.233,100,66,34,AÇIK OTOPARK,0,0,11:00-20:00
2026-07-20T06:44:35.754164+00:00,2026-07-20T09:44:35.754164+03:00,2434,Pendik Sahil İdo,PENDİK,40.8755,29.2369,100,0,100,AÇIK OTOPARK,1,0,07:00-23:00
2026-07-20T06:44:35.754164+00:00,2026-07-20T09:44:35.754164+03:00,248,Pendik Yenimahalle Açık 2 Otoparkı,PENDİK,40.864,29.2723,124,85,39,AÇIK OTOPARK,0,15,10:00-22:00
2026-07-20T06:44:35.754164+00:00,2026-07-20T09:44:35.754164+03:00,297,Perşembe Pazarı 1,BEYOĞLU,41.0252,28.9693,32,1,31,YOL ÜSTÜ,1,15,08:00-17:00
2026-07-20T06:44:35.754164+00:00,2026-07-20T09:44:35.754164+03:00,597,Pierre Loti Caddesi 3,FATİH,41.0069,28.9711,36,1,35,YOL ÜSTÜ,1,0,07:00-17:00
2026-07-20T06:44:35.754164+00:00,2026-07-20T09:44:35.754164+03:00,3263,Piyalepaşa Meydanı Zemin Altı Otoparkı,BEYOĞLU,41.0445,28.9674,560,288,272,KAPALI OTOPARK,1,0,24 Saat
2026-07-20T06:44:35.754164+00:00,2026-07-20T09:44:35.754164+03:00,423,Prof.Cemil Birsel Yokuşu 3,FATİH,41.0178,28.967,40,1,39,YOL ÜSTÜ,1,0,07:00-18:00
2026-07-20T06:44:35.754164+00:00,2026-07-20T09:44:35.754164+03:00,1900,Ragıp Gümüşpala Cad.(Sobacılar Önü),FATİH,41.0181,28.969,40,1,39,YOL ÜSTÜ,1,15,07:00-18:00
2026-07-20T06:44:35.754164+00:00,2026-07-20T09:44:35.754164+03:00,415,Ragıp Gümüşpala Camii Önü 1,FATİH,41.0211,28.9627,35,1,34,YOL ÜSTÜ,1,0,07:00-17:30
2026-07-20T06:44:35.754164+00:00,2026-07-20T09:44:35.754164+03:00,3268,Refik Saydam Caddesi 3,BEYOĞLU,41.032,28.9736,55,1,54,YOL ÜSTÜ,1,0,06:00-23:00
2026-07-20T06:44:35.754164+00:00,2026-07-20T09:44:35.754164+03:00,2307,Ressam Halim Sokak PD Açık Otoparkı,BAHÇELİEVLER,40.9967,28.8641,120,85,35,AÇIK OTOPARK,1,15,08:00-00:00
2026-07-20T06:44:35.754164+00:00,2026-07-20T09:44:35.754164+03:00,3082,Rumeli Hisarı Sahil Yolu Otoparkı,SARIYER,41.0854,29.0568,20,17,3,AÇIK OTOPARK,1,0,24 Saat
2026-07-20T06:44:35.754164+00:00,2026-07-20T09:44:35.754164+03:00,1595,Sabiha Gökçen Açık Otoparkı,PENDİK,40.925,29.308,1056,230,826,AÇIK OTOPARK,1,15,24 Saat
2026-07-20T06:44:35.754164+00:00,2026-07-20T09:44:35.754164+03:00,3239,Samatya Sahil Cep Otoparkı,FATİH,40.9954,28.932,113,110,3,AÇIK OTOPARK,1,15,24 Saat
2026-07-20T06:44:35.754164+00:00,2026-07-20T09:44:35.754164+03:00,3273,Sarıyer Büyükdere Fidanlığı,SARIYER,41.1548,29.0268,160,157,3,AÇIK OTOPARK,1,0,08:00-18:00
2026-07-20T06:44:35.754164+00:00,2026-07-20T09:44:35.754164+03:00,3299,Sariyer Ayazağa Mah Vadi İstanbul Önü Açık Otoparkı,SARIYER,41.1106,28.9881,100,97,3,AÇIK OTOPARK,1,0,08:00-20:00
2026-07-20T06:44:35.754164+00:00,2026-07-20T09:44:35.754164+03:00,1303,Seyrantepe Katlı (Arena Karşısı) 1,KAĞITHANE,41.101,28.9961,1897,1,1896,KAPALI OTOPARK,1,0,24 Saat
2026-07-20T06:44:35.754164+00:00,2026-07-20T09:44:35.754164+03:00,1628,Sıracevizler Caddesi Yol Üstü 5,ŞİŞLİ,41.0607,28.9841,45,1,44,YOL ÜSTÜ,1,15,09:00-17:00
2026-07-20T06:44:35.754164+00:00,2026-07-20T09:44:35.754164+03:00,464,Sirkeci Gar Önü,FATİH,41.015,28.9761,60,1,59,AÇIK OTOPARK,1,5,07:00-20:00
2026-07-20T06:44:35.754164+00:00,2026-07-20T09:44:35.754164+03:00,1486,Siyavuşpaşa Yer Altı Otoparkı,BAHÇELİEVLER,40.9965,28.8532,155,0,155,KAPALI OTOPARK,1,0,24 Saat
2026-07-20T06:44:35.754164+00:00,2026-07-20T09:44:35.754164+03:00,1958,Soğanlık Metro PD Açık Otoparkı,KARTAL,40.9131,29.1925,898,822,76,AÇIK OTOPARK,1,15,24 Saat
2026-07-20T06:44:35.754164+00:00,2026-07-20T09:44:35.754164+03:00,589,Su Terazisi Sokak,FATİH,41.0046,28.9727,22,1,21,YOL ÜSTÜ,1,0,07:30-17:00
2026-07-20T06:44:35.754164+00:00,2026-07-20T09:44:35.754164+03:00,1478,Suadiye Cep Açık Otoparkı,KADIKÖY,40.9586,29.0732,130,122,8,AÇIK OTOPARK,1,15,24 Saat
2026-07-20T06:44:35.754164+00:00,2026-07-20T09:44:35.754164+03:00,2948,Suadiye Sahil Açık Otoparkı,KADIKÖY,40.9562,29.0797,70,53,17,AÇIK OTOPARK,1,5,24 Saat
2026-07-20T06:44:35.754164+00:00,2026-07-20T09:44:35.754164+03:00,2799,Sultanbeyli Emir Caddesi Zemin Altı Otoparkı,SULTANBEYLİ,40.9707,29.2606,130,71,59,KAPALI OTOPARK,1,15,08:00-22:00
2026-07-20T06:44:35.754164+00:00,2026-07-20T09:44:35.754164+03:00,2372,Sultanbeyli Kent Meydanı Zemin Altı Otoparkı,SULTANBEYLİ,40.9667,29.2667,300,172,128,KAPALI OTOPARK,1,15,24 Saat
2026-07-20T06:44:35.754164+00:00,2026-07-20T09:44:35.754164+03:00,2410,Sultangazi Zemin Altı Otoparkı,SULTANGAZİ,41.0944,28.8649,104,0,104,KAPALI OTOPARK,1,10,24 Saat
2026-07-20T06:44:35.754164+00:00,2026-07-20T09:44:35.754164+03:00,2085,Süleyman Seba Caddesi 2,BEŞİKTAŞ,41.0426,28.9998,40,1,39,YOL ÜSTÜ,1,15,08:00-18:00
2026-07-20T06:44:35.754164+00:00,2026-07-20T09:44:35.754164+03:00,2088,Süleyman Seba Caddesi 5,BEŞİKTAŞ,41.0432,28.9978,40,1,39,YOL ÜSTÜ,1,15,08:00-18:00
2026-07-20T06:44:35.754164+00:00,2026-07-20T09:44:35.754164+03:00,2089,Süleyman Seba Caddesi 6,BEŞİKTAŞ,41.0435,28.9967,11,1,10,YOL ÜSTÜ,1,15,08:00-18:00
2026-07-20T06:44:35.754164+00:00,2026-07-20T09:44:35.754164+03:00,2391,Süleymaniye Cami Altı Açık Otoparkı,FATİH,41.0158,28.961,250,234,16,AÇIK OTOPARK,1,0,06:30-18:30
2026-07-20T06:44:35.754164+00:00,2026-07-20T09:44:35.754164+03:00,1730,Sütlüce Miniatürk Yanı,BEYOĞLU,41.057,28.95,320,225,95,AÇIK OTOPARK,1,15,24 Saat
2026-07-20T06:44:35.754164+00:00,2026-07-20T09:44:35.754164+03:00,36,Şakayık Sokak 4,ŞİŞLİ,41.0518,28.9936,50,1,49,YOL ÜSTÜ,1,15,08:00-16:00
2026-07-20T06:44:35.754164+00:00,2026-07-20T09:44:35.754164+03:00,1469,Şehit Volkan Duysak Katlı Otoparkı,ZEYTİNBURNU,40.9968,28.9039,1000,672,328,KAPALI OTOPARK,1,5,24 Saat
2026-07-20T06:44:35.754164+00:00,2026-07-20T09:44:35.754164+03:00,2385,Şehremini Açık Otoparkı 1,FATİH,41.0135,28.9333,60,1,59,AÇIK OTOPARK,1,0,08:30-20:30
2026-07-20T06:44:35.754164+00:00,2026-07-20T09:44:35.754164+03:00,2855,Şemsipaşa Açık Otoparkı,ÜSKÜDAR,41.0255,29.0097,80,48,32,AÇIK OTOPARK,1,0,24 Saat
2026-07-20T06:44:35.754164+00:00,2026-07-20T09:44:35.754164+03:00,2439,Şirinevler Meydan Zeminaltı Otoparkı,BAHÇELİEVLER,40.9925,28.8496,367,90,277,KAPALI OTOPARK,1,0,24 Saat
2026-07-20T06:44:35.754164+00:00,2026-07-20T09:44:35.754164+03:00,3400,Şişhane Refik Saydam Caddesi 2 Yol Üstü Otoparkı 1,BEYOĞLU,41.0326,28.9743,70,1,69,YOL ÜSTÜ,1,15,06:00-23:00
2026-07-20T06:44:35.754164+00:00,2026-07-20T09:44:35.754164+03:00,1017,Şişli Kadırgalar Caddesi 1,ŞİŞLİ,41.0429,28.9927,100,1,99,AÇIK OTOPARK,1,0,07:00-23:00
2026-07-20T06:44:35.754164+00:00,2026-07-20T09:44:35.754164+03:00,3441,Şişli Kuştepe Zemin Altı Otoparkı,ŞİŞLİ,41.072,28.9919,430,289,141,KAPALI OTOPARK,1,15,24 Saat
2026-07-20T06:44:35.754164+00:00,2026-07-20T09:44:35.754164+03:00,2816,Şişli Rumeli Caddesi Metro Yanı 1,ŞİŞLİ,41.0538,28.9868,45,1,44,YOL ÜSTÜ,1,15,08:00-20:00
2026-07-20T06:44:35.754164+00:00,2026-07-20T09:44:35.754164+03:00,2406,Şişli Zemin Altı Otoparkı,ŞİŞLİ,41.0641,28.9992,581,224,357,KAPALI OTOPARK,1,15,24 Saat
2026-07-20T06:44:35.754164+00:00,2026-07-20T09:44:35.754164+03:00,1993,Tuzla İdo,TUZLA,40.8149,29.3039,300,284,16,AÇIK OTOPARK,1,15,24 Saat
2026-07-20T06:44:35.754164+00:00,2026-07-20T09:44:35.754164+03:00,3332,Tuzla Sahil Cep,TUZLA,40.8168,29.2992,50,42,8,AÇIK OTOPARK,1,0,08:00-00:00
2026-07-20T06:44:35.754164+00:00,2026-07-20T09:44:35.754164+03:00,3057,Tuzla Sahil Zemin Altı Otoparkı,TUZLA,40.8181,29.3004,779,544,235,KAPALI OTOPARK,1,15,24 Saat
2026-07-20T06:44:35.754164+00:00,2026-07-20T09:44:35.754164+03:00,1811,Ulu Camii Açık Otoparkı,BAHÇELİEVLER,40.9982,28.8499,150,123,27,AÇIK OTOPARK,1,10,24 Saat
2026-07-20T06:44:35.754164+00:00,2026-07-20T09:44:35.754164+03:00,2424,Uzunçayır Açık Otoparkı,KADIKÖY,40.9988,29.0556,58,52,6,AÇIK OTOPARK,1,0,06:00-16:00
2026-07-20T06:44:35.754164+00:00,2026-07-20T09:44:35.754164+03:00,1468,Ümraniye Katlı Otoparkı,ÜMRANİYE,41.0261,29.0953,665,509,156,KAPALI OTOPARK,1,15,24 Saat
2026-07-20T06:44:35.754164+00:00,2026-07-20T09:44:35.754164+03:00,2898,Ümraniye Okan Sokak Zeminaltı Otoparkı,ÜMRANİYE,41.0284,29.0907,125,27,98,KAPALI OTOPARK,1,15,24 Saat
2026-07-20T06:44:35.754164+00:00,2026-07-20T09:44:35.754164+03:00,2345,Üsküdar Uzunçayır PD Açık Otoparkı,ÜSKÜDAR,40.9988,29.0577,90,56,34,AÇIK OTOPARK,1,15,06:00-22:00
2026-07-20T06:44:35.754164+00:00,2026-07-20T09:44:35.754164+03:00,1929,Üsküdar Ünalan Açık Otoparkı,ÜSKÜDAR,40.9979,29.0604,180,175,5,AÇIK OTOPARK,1,0,07:00-17:00
2026-07-20T06:44:35.754164+00:00,2026-07-20T09:44:35.754164+03:00,1487,Vatan Caddesi PD Açık Otoparkı,FATİH,41.0157,28.9405,397,137,260,AÇIK OTOPARK,1,5,24 Saat
2026-07-20T06:44:35.754164+00:00,2026-07-20T09:44:35.754164+03:00,1621,Veteriner Hilmi Sokak Yol Üstü 1,ŞİŞLİ,41.0603,28.9892,20,1,19,YOL ÜSTÜ,1,15,08:00-17:00
2026-07-20T06:44:35.754164+00:00,2026-07-20T09:44:35.754164+03:00,2441,Yalı Açık Otoparkı,MALTEPE,40.9095,29.137,85,82,3,AÇIK OTOPARK,1,0,07:30-22:00
2026-07-20T06:44:35.754164+00:00,2026-07-20T09:44:35.754164+03:00,459,Yalı Köşkü Caddesi 1,FATİH,41.0163,28.9759,61,1,60,YOL ÜSTÜ,1,5,07:00-21:00
2026-07-20T06:44:35.754164+00:00,2026-07-20T09:44:35.754164+03:00,2037,Yenikapı Marmaray Büyük Otoparkı,FATİH,41.0057,28.9505,324,191,133,AÇIK OTOPARK,1,15,24 Saat
2026-07-20T06:44:35.754164+00:00,2026-07-20T09:44:35.754164+03:00,2036,Yenikapı Marmaray Küçük Otoparkı,FATİH,41.0064,28.9504,200,186,14,AÇIK OTOPARK,1,15,07:00-22:00
2026-07-20T06:44:35.754164+00:00,2026-07-20T09:44:35.754164+03:00,2175,Yenikapı Spor ve Kültür Merkezi PD Açık Otoparkı,FATİH,41.0006,28.9519,4023,3834,189,AÇIK OTOPARK,1,15,24 Saat
2026-07-20T06:44:35.754164+00:00,2026-07-20T09:44:35.754164+03:00,2805,Yenikapı Tünel Üstü Açık Otoparkı,FATİH,41.0029,28.9534,700,544,156,AÇIK OTOPARK,1,10,24 Saat
2026-07-20T06:44:35.754164+00:00,2026-07-20T09:44:35.754164+03:00,3404,Yenimahalle Metro Zemin Altı PD Otoparkı,GAZİOSMANPAŞA,41.0839,28.8926,114,95,19,KAPALI OTOPARK,1,15,24 Saat
2026-07-20T06:44:35.754164+00:00,2026-07-20T09:44:35.754164+03:00,2920,Yeşilce Zemin Altı Katlı Otoparkı,KAĞITHANE,41.0938,29.0017,676,102,574,KAPALI OTOPARK,1,0,24 Saat
2026-07-20T06:44:35.754164+00:00,2026-07-20T09:44:35.754164+03:00,987,Yeşilköy İstasyon Caddesi 1,BAKIRKÖY,40.962,28.825,40,1,39,YOL ÜSTÜ,1,15,09:00-17:30
2026-07-20T06:44:35.754164+00:00,2026-07-20T09:44:35.754164+03:00,974,Yeşilköy Marina 1,BAKIRKÖY,40.9576,28.8233,145,1,144,YOL ÜSTÜ,0,0,12:00-23:00
2026-07-20T06:44:35.754164+00:00,2026-07-20T09:44:35.754164+03:00,3406,Yeşilpınar Metro Zemin Altı PD Otoparkı,EYÜP,41.081,28.9204,269,207,62,KAPALI OTOPARK,1,15,24 Saat
2026-07-20T06:44:35.754164+00:00,2026-07-20T09:44:35.754164+03:00,315,Yeşilyurt Çarşı 1,BAKIRKÖY,40.9643,28.8379,50,1,49,YOL ÜSTÜ,1,15,09:00-17:30
2026-07-20T06:44:35.754164+00:00,2026-07-20T09:44:35.754164+03:00,1133,Yıldız Korusu,BEŞİKTAŞ,41.0514,29.0165,500,1,499,AÇIK OTOPARK,1,0,08:00-22:00
2026-07-20T06:44:35.754164+00:00,2026-07-20T09:44:35.754164+03:00,3185,Zeytinburnu Sahil Cep Otoparkı,ZEYTİNBURNU,40.9798,28.8985,160,1,159,AÇIK OTOPARK,0,0,12:00-22:00
2026-07-20T10:09:53.050828+00:00,2026-07-20T13:09:53.050828+03:00,3068,15 Temmuz Şehitler Meydanı Zeminaltı Otoparkı,ÜMRANİYE,41.0246,29.0915,1029,572,457,KAPALI OTOPARK,1,15,24 Saat
2026-07-20T10:09:53.050828+00:00,2026-07-20T13:09:53.050828+03:00,2338,19 Mayıs Açık,ŞİŞLİ,41.0563,28.9941,65,0,65,AÇIK OTOPARK,1,0,24 Saat
2026-07-20T10:09:53.050828+00:00,2026-07-20T13:09:53.050828+03:00,1751,4.Levent PD Açık Otoparkı,KAĞITHANE,41.0836,29.0081,236,86,150,AÇIK OTOPARK,1,5,24 Saat
2026-07-20T10:09:53.050828+00:00,2026-07-20T13:09:53.050828+03:00,3328,4.Levent Servis ve Turizm Araçları Açık Otoparkı,ŞİŞLİ,41.0841,29.0054,300,159,141,AÇIK OTOPARK,1,15,24 Saat
2026-07-20T10:09:53.050828+00:00,2026-07-20T13:09:53.050828+03:00,3412,5. Levent Gaziosmanpaşa Adliyesi Yanı Açık Otoparkı,EYÜP,41.0927,28.9494,250,195,55,AÇIK OTOPARK,1,15,07:00-23:00
2026-07-20T10:09:53.050828+00:00,2026-07-20T13:09:53.050828+03:00,104,Abide-i Hürriyet Caddesi 5,ŞİŞLİ,41.0619,28.9876,40,1,39,YOL ÜSTÜ,1,15,08:00-17:00
2026-07-20T10:09:53.050828+00:00,2026-07-20T13:09:53.050828+03:00,2452,Acıbadem Açık Otoparkı,ÜSKÜDAR,41.0157,29.0574,100,87,13,AÇIK OTOPARK,1,0,06:30-16:00
2026-07-20T10:09:53.050828+00:00,2026-07-20T13:09:53.050828+03:00,346,Ada Karşısı Cep 2,BEŞİKTAŞ,41.072,29.045,30,1,29,YOL ÜSTÜ,1,15,08:00-23:00
2026-07-20T10:09:53.050828+00:00,2026-07-20T13:09:53.050828+03:00,1663,Akasyalı Sokak Tenis Kulubü Önü 2,BEŞİKTAŞ,41.0867,29.0109,45,1,44,YOL ÜSTÜ,1,15,08:30-17:30
2026-07-20T10:09:53.050828+00:00,2026-07-20T13:09:53.050828+03:00,828,Akdeniz Caddesi 4,FATİH,41.0175,28.9435,27,1,26,YOL ÜSTÜ,1,15,09:00-18:00
2026-07-20T10:09:53.050828+00:00,2026-07-20T13:09:53.050828+03:00,1913,Alibeyköy Cep Otogarı Açık Otoparkı,EYÜP,41.0879,28.9446,116,38,78,AÇIK OTOPARK,1,25,24 Saat
2026-07-20T10:09:53.050828+00:00,2026-07-20T13:09:53.050828+03:00,1912,Alibeyköy Cep Otogarı Otobüs Otoparkı,EYÜP,41.0875,28.9449,5000,4984,16,AÇIK OTOPARK,1,60,24 Saat
2026-07-20T10:09:53.050828+00:00,2026-07-20T13:09:53.050828+03:00,2562,Alibeyköy Yeşiltepe Zemin Altı Otoparkı,EYÜP,41.0797,28.938,159,75,84,KAPALI OTOPARK,1,15,24 Saat
2026-07-20T10:09:53.050828+00:00,2026-07-20T13:09:53.050828+03:00,3201,Altınboynuz Sosyal Tesisleri,EYÜP,41.058,28.9447,70,70,0,AÇIK OTOPARK,1,15,08:00-23:00
2026-07-20T10:09:53.050828+00:00,2026-07-20T13:09:53.050828+03:00,758,Arap Camii Açık Otoparkı,BEYOĞLU,41.0227,28.9723,30,1,29,AÇIK OTOPARK,1,0,09:00-17:00
2026-07-20T10:09:53.050828+00:00,2026-07-20T13:09:53.050828+03:00,1963,Aras Sokak 1,BÜYÜKÇEKMECE,41.0226,28.622,60,1,59,YOL ÜSTÜ,1,0,06:00-14:30
2026-07-20T10:09:53.050828+00:00,2026-07-20T13:09:53.050828+03:00,2802,Arnavutköy Zemin Altı Otoparkı,ARNAVUTKÖY,41.1838,28.7396,700,36,664,KAPALI OTOPARK,1,15,24 Saat
2026-07-20T10:09:53.050828+00:00,2026-07-20T13:09:53.050828+03:00,1797,Ataköy Atrium AVM,BAKIRKÖY,40.9881,28.8459,250,182,68,AÇIK OTOPARK,1,15,08:00-23:00
2026-07-20T10:09:53.050828+00:00,2026-07-20T13:09:53.050828+03:00,2824,Ataköy Metro Durağı Yanı PD Zemin Altı Otoparkı,BAKIRKÖY,40.9904,28.8456,150,94,56,KAPALI OTOPARK,1,0,24 Saat
2026-07-20T10:09:53.050828+00:00,2026-07-20T13:09:53.050828+03:00,3161,Ataşehir Topçu İbrahim Sokak,ATAŞEHİR,40.9736,29.101,42,1,41,YOL ÜSTÜ,1,15,07:00-16:00
2026-07-20T10:09:53.050828+00:00,2026-07-20T13:09:53.050828+03:00,359,Atatürk Bulvarı 1,FATİH,41.0112,28.9534,20,1,19,YOL ÜSTÜ,1,0,07:30-18:00
2026-07-20T10:09:53.050828+00:00,2026-07-20T13:09:53.050828+03:00,3087,Atatürk Kent Ormanı Otoparkı,SARIYER,41.136,29.0262,200,198,2,AÇIK OTOPARK,1,0,08:00-17:00
2026-07-20T10:09:53.050828+00:00,2026-07-20T13:09:53.050828+03:00,2243,Avcılar Denizköşkler Toplantı ve Davet Salonu Açık Otoparkı,AVCILAR,40.9746,28.7435,200,1,199,AÇIK OTOPARK,1,15,13:00-07:00
2026-07-20T10:09:53.050828+00:00,2026-07-20T13:09:53.050828+03:00,1088,Avcılar İdo,AVCILAR,40.9712,28.7185,270,262,8,AÇIK OTOPARK,1,0,13:00-07:00
2026-07-20T10:09:53.050828+00:00,2026-07-20T13:09:53.050828+03:00,2885,Azapkapı Haliç Metro Otoparkı,ŞİŞLİ,41.0245,28.9691,80,4,76,AÇIK OTOPARK,1,5,24 Saat
2026-07-20T10:09:53.050828+00:00,2026-07-20T13:09:53.050828+03:00,2455,Azerbaycan Dostluk Parkı Zemin Altı Otoparkı,BAĞCILAR,41.0444,28.854,400,204,196,KAPALI OTOPARK,1,10,24 Saat
2026-07-20T10:09:53.050828+00:00,2026-07-20T13:09:53.050828+03:00,2965,Bağcılar Çolakoğlu Zemin Altı Otoparkı,BAĞCILAR,41.0324,28.8345,106,0,106,KAPALI OTOPARK,1,5,24 Saat
2026-07-20T10:09:53.050828+00:00,2026-07-20T13:09:53.050828+03:00,2576,Bağcılar Demirkapı Zemin Altı Otoparkı,BAĞCILAR,41.0499,28.8327,343,164,179,KAPALI OTOPARK,1,5,24 Saat
2026-07-20T10:09:53.050828+00:00,2026-07-20T13:09:53.050828+03:00,3036,Bağcılar Devlet Hastanesi Yanı Zeminaltı Otoparkı,BAĞCILAR,41.0312,28.8696,1133,94,1039,KAPALI OTOPARK,1,15,24 Saat
2026-07-20T10:09:53.050828+00:00,2026-07-20T13:09:53.050828+03:00,3071,Bağcılar Emniyet Müdürlüğü Yanı Açık Otoparkı,BAĞCILAR,41.0353,28.8598,100,31,69,AÇIK OTOPARK,1,0,24 Saat
2026-07-20T10:09:53.050828+00:00,2026-07-20T13:09:53.050828+03:00,2873,Bağcılar Göztepe Zemin Altı,BAĞCILAR,41.0567,28.8355,120,0,120,KAPALI OTOPARK,1,5,24 Saat
2026-07-20T10:09:53.050828+00:00,2026-07-20T13:09:53.050828+03:00,3187,Bağcılar Hürriyet Mahallesi Zemin Altı Otoparkı,BAĞCILAR,41.0291,28.8333,355,0,355,KAPALI OTOPARK,1,10,24 Saat
2026-07-20T10:09:53.050828+00:00,2026-07-20T13:09:53.050828+03:00,2916,Bağcılar Kent Meydanı PD Zemin Altı Otoparkı,BAĞCILAR,41.0339,28.8556,1162,0,1162,KAPALI OTOPARK,1,0,24 Saat
2026-07-20T10:09:53.050828+00:00,2026-07-20T13:09:53.050828+03:00,3261,Bağcılar Yenimahalle Zemin Altı Otoparkı,BAĞCILAR,41.0425,28.8395,525,277,248,KAPALI OTOPARK,1,15,24 Saat
2026-07-20T10:09:53.050828+00:00,2026-07-20T13:09:53.050828+03:00,2820,Bağcılar Yıldıztepe Katlı Otoparkı,BAĞCILAR,41.0294,28.8556,350,0,350,KAPALI OTOPARK,1,10,24 Saat
2026-07-20T10:09:53.050828+00:00,2026-07-20T13:09:53.050828+03:00,3447,Bahçelievler 23 Nisan Milli Egemenlik Zeminaltı Otoparkı,BAHÇELİEVLER,40.9988,28.8472,732,489,243,KAPALI OTOPARK,1,10,24 Saat
2026-07-20T10:09:53.050828+00:00,2026-07-20T13:09:53.050828+03:00,2993,Bahçelievler Cumhuriyet Zeminaltı Otoparkı,BAHÇELİEVLER,41.0149,28.859,663,0,663,KAPALI OTOPARK,1,10,24 Saat
2026-07-20T10:09:53.050828+00:00,2026-07-20T13:09:53.050828+03:00,2969,Bahçelievler Devlet Hastanesi Yanı Katlı Otoparkı,BAHÇELİEVLER,41.0072,28.8442,740,0,740,KAPALI OTOPARK,1,0,24 Saat
2026-07-20T10:09:53.050828+00:00,2026-07-20T13:09:53.050828+03:00,3051,Bahçelievler Zafer Mh. Zeminaltı Otoparkı,BAHÇELİEVLER,41.0036,28.8351,200,81,119,KAPALI OTOPARK,1,0,24 Saat
2026-07-20T10:09:53.050828+00:00,2026-07-20T13:09:53.050828+03:00,3118,Bahçeşehir Doğa Parkı Caddesi 3,BAŞAKŞEHİR,41.0683,28.6894,22,1,21,YOL ÜSTÜ,1,15,10:00-20:00
2026-07-20T10:09:53.050828+00:00,2026-07-20T13:09:53.050828+03:00,3236,Bahçeşehir Gölet Açık Otoparkı,BAŞAKŞEHİR,41.0719,28.6901,200,1,199,AÇIK OTOPARK,1,0,12:00-22:00
2026-07-20T10:09:53.050828+00:00,2026-07-20T13:09:53.050828+03:00,1465,Bakırköy İdo Açık Otoparkı,BAKIRKÖY,40.9739,28.8761,160,123,37,AÇIK OTOPARK,1,10,24 Saat
2026-07-20T10:09:53.050828+00:00,2026-07-20T13:09:53.050828+03:00,1104,Balmumcu Katlı Otoparkı,BEŞİKTAŞ,41.0636,29.0109,400,158,242,KAPALI OTOPARK,1,5,24 Saat
2026-07-20T10:09:53.050828+00:00,2026-07-20T13:09:53.050828+03:00,2796,Başakşehir Metro Açık Otoparkı,BAŞAKŞEHİR,41.107,28.801,125,1,124,AÇIK OTOPARK,1,0,07:00-16:00
2026-07-20T10:09:53.050828+00:00,2026-07-20T13:09:53.050828+03:00,2350,Bayrampaşa Adapark Katlı Otoparkı,BAYRAMPAŞA,41.0647,28.8875,650,0,650,KAPALI OTOPARK,1,15,24 Saat
2026-07-20T10:09:53.050828+00:00,2026-07-20T13:09:53.050828+03:00,2892,Bayrampaşa Altıntepsi Zemin  Altı Otoparkı,BAYRAMPAŞA,41.0393,28.9029,110,0,110,KAPALI OTOPARK,1,10,24 Saat
2026-07-20T10:09:53.050828+00:00,2026-07-20T13:09:53.050828+03:00,2909,Bayrampaşa Atatürk Parkı  Zemin Altı Otoparkı,BAYRAMPAŞA,41.0342,28.9123,442,0,442,KAPALI OTOPARK,1,10,24 Saat
2026-07-20T10:09:53.050828+00:00,2026-07-20T13:09:53.050828+03:00,2683,Bayrampaşa Devlet Hastanesi Cep Otoparkı,BAYRAMPAŞA,41.0414,28.9031,55,38,17,AÇIK OTOPARK,1,0,08:00-19:00
2026-07-20T10:09:53.050828+00:00,2026-07-20T13:09:53.050828+03:00,3301,Bayrampaşa Kocatepe Mahallesi Zemin Altı Otoparkı,BAYRAMPAŞA,41.0545,28.8964,241,0,241,KAPALI OTOPARK,1,10,24 Saat
2026-07-20T10:09:53.050828+00:00,2026-07-20T13:09:53.050828+03:00,2053,Bayrampaşa Muratpaşa Yer Altı Otoparkı,BAYRAMPAŞA,41.047,28.9082,300,12,288,KAPALI OTOPARK,1,15,24 Saat
2026-07-20T10:09:53.050828+00:00,2026-07-20T13:09:53.050828+03:00,3175,Bayrampaşa Spor Kompleksi Zemin Altı Otoparkı,BAYRAMPAŞA,41.0446,28.9106,205,0,205,KAPALI OTOPARK,1,15,24 Saat
2026-07-20T10:09:53.050828+00:00,2026-07-20T13:09:53.050828+03:00,3382,Bayrampaşa Şehit Kamil Balkan Zemin Altı Otoparkı,BAYRAMPAŞA,41.0604,28.9008,235,0,235,KAPALI OTOPARK,1,10,24 Saat
2026-07-20T10:09:53.050828+00:00,2026-07-20T13:09:53.050828+03:00,2428,Bayrampaşa Yenidoğan Mahallesi Zemin Altı Otoparkı,BAYRAMPAŞA,41.0395,28.9088,120,0,120,KAPALI OTOPARK,1,10,24 Saat
2026-07-20T10:09:53.050828+00:00,2026-07-20T13:09:53.050828+03:00,2468,Bebek Açık,BEŞİKTAŞ,41.077,29.0434,30,5,25,AÇIK OTOPARK,1,0,24 Saat
2026-07-20T10:09:53.050828+00:00,2026-07-20T13:09:53.050828+03:00,3479,Beşiktaş Halk Pazarı Açık Otoparkı,BEŞİKTAŞ,41.0496,29.0004,170,129,41,AÇIK OTOPARK,1,5,24 Saat
2026-07-20T10:09:53.050828+00:00,2026-07-20T13:09:53.050828+03:00,3257,Beykoz Sahil Cep Otoparkı,BEYKOZ,41.1286,29.0953,100,76,24,AÇIK OTOPARK,1,0,08:00-00:00
2026-07-20T10:09:53.050828+00:00,2026-07-20T13:09:53.050828+03:00,2273,Beykoz Sosyal Tesisleri,BEYKOZ,41.1143,29.0888,130,45,85,AÇIK OTOPARK,1,15,08:00-00:00
2026-07-20T10:09:53.050828+00:00,2026-07-20T13:09:53.050828+03:00,2999,Beyoğlu Gazhane Bostan Sokak 2,BEYOĞLU,41.0389,28.9903,35,1,34,YOL ÜSTÜ,1,0,07:30-16:30
2026-07-20T10:09:53.050828+00:00,2026-07-20T13:09:53.050828+03:00,3072,Beyoğlu Örnektepe Zemin Altı Otoparkı,BEYOĞLU,41.0543,28.9548,143,0,143,KAPALI OTOPARK,1,0,24 Saat
2026-07-20T10:09:53.050828+00:00,2026-07-20T13:09:53.050828+03:00,1455,Bostancı Açık,KADIKÖY,40.9523,29.0902,394,177,217,AÇIK OTOPARK,1,15,24 Saat
2026-07-20T10:09:53.050828+00:00,2026-07-20T13:09:53.050828+03:00,1456,Bostancı Sahil-Cep Açık Otoparkı,KADIKÖY,40.9545,29.0885,192,112,80,AÇIK OTOPARK,1,15,24 Saat
2026-07-20T10:09:53.050828+00:00,2026-07-20T13:09:53.050828+03:00,2150,Bostancı Vergi Dairesi Açık Otoparkı,ATAŞEHİR,40.9625,29.1083,155,0,155,AÇIK OTOPARK,1,5,08:00-20:00
2026-07-20T10:09:53.050828+00:00,2026-07-20T13:09:53.050828+03:00,2854,Bülent Ecevit Kültür Merkezi Açık Otoparkı,KARTAL,40.8852,29.1967,277,272,5,AÇIK OTOPARK,1,5,10:00-21:00
2026-07-20T10:09:53.050828+00:00,2026-07-20T13:09:53.050828+03:00,2866,Büyük İstanbul Otogarı,BAYRAMPAŞA,41.0402,28.8942,1000,0,1000,AÇIK OTOPARK,1,25,24 Saat
2026-07-20T10:09:53.050828+00:00,2026-07-20T13:09:53.050828+03:00,1192,Büyükçamlıca Korusu Sosyal Tesisleri Önü,ÜSKÜDAR,41.0264,29.0698,204,113,91,AÇIK OTOPARK,1,0,08:00-00:00
2026-07-20T10:09:53.050828+00:00,2026-07-20T13:09:53.050828+03:00,2960,Büyükçekmece Metrobüs Durağı Yanı PD Zemin Altı Otopark,BÜYÜKÇEKMECE,41.0221,28.624,448,119,329,KAPALI OTOPARK,1,0,24 Saat
2026-07-20T10:09:53.050828+00:00,2026-07-20T13:09:53.050828+03:00,1503,Cadde Bostan Açık Otoparkı,KADIKÖY,40.9636,29.0675,66,30,36,AÇIK OTOPARK,1,15,24 Saat
2026-07-20T10:09:53.050828+00:00,2026-07-20T13:09:53.050828+03:00,2933,Cemal Kamacı Spor Kompleksi Zemin Altı Otoparkı,KAĞITHANE,41.0536,28.9575,510,0,510,KAPALI OTOPARK,1,0,24 Saat
2026-07-20T10:09:53.050828+00:00,2026-07-20T13:09:53.050828+03:00,2207,Cengiz Topel Yer Altı Katlı Otoparkı,ESENLER,41.0588,28.8643,144,0,144,KAPALI OTOPARK,1,15,24 Saat
2026-07-20T10:09:53.050828+00:00,2026-07-20T13:09:53.050828+03:00,2787,Cevizli Açık Otoparkı,KARTAL,40.9179,29.1712,100,32,68,AÇIK OTOPARK,1,15,08:00-19:00
2026-07-20T10:09:53.050828+00:00,2026-07-20T13:09:53.050828+03:00,782,Cihangir Caddesi 2,BEYOĞLU,41.0319,28.9862,70,1,69,YOL ÜSTÜ,1,15,09:00-19:00
2026-07-20T10:09:53.050828+00:00,2026-07-20T13:09:53.050828+03:00,1467,Cihangir Katlı Otoparkı,BEYOĞLU,41.0318,28.9858,350,0,350,KAPALI OTOPARK,1,0,24 Saat
2026-07-20T10:09:53.050828+00:00,2026-07-20T13:09:53.050828+03:00,535,Cihannuma Yol Üstü 1,BEŞİKTAŞ,41.0454,29.0084,35,1,34,YOL ÜSTÜ,1,0,08:00-23:00
2026-07-20T10:09:53.050828+00:00,2026-07-20T13:09:53.050828+03:00,537,Cihannuma Yol Üstü 3,BEŞİKTAŞ,41.0459,29.0087,33,1,32,YOL ÜSTÜ,1,0,08:00-23:00
2026-07-20T10:09:53.050828+00:00,2026-07-20T13:09:53.050828+03:00,539,Cihannuma Yol Üstü 5,BEŞİKTAŞ,41.0489,29.0094,24,1,23,YOL ÜSTÜ,1,0,08:00-23:00
2026-07-20T10:09:53.050828+00:00,2026-07-20T13:09:53.050828+03:00,3184,Çam Sokak 6,GÜNGÖREN,41.0121,28.8882,50,1,49,YOL ÜSTÜ,1,15,08:00-17:00
2026-07-20T10:09:53.050828+00:00,2026-07-20T13:09:53.050828+03:00,3030,Çekmeköy Metro PD Zemin Altı Otoparkı,ÇEKMEKÖY,41.0147,29.1886,175,60,115,KAPALI OTOPARK,1,15,24 Saat
2026-07-20T10:09:53.050828+00:00,2026-07-20T13:09:53.050828+03:00,2905,Çeliktepe Açık Otoparkı,KAĞITHANE,41.0843,29.0056,200,53,147,AÇIK OTOPARK,1,5,24 Saat
2026-07-20T10:09:53.050828+00:00,2026-07-20T13:09:53.050828+03:00,1298,Çengelköy Açık Otoparkı,ÜSKÜDAR,41.0484,29.0533,500,0,500,AÇIK OTOPARK,1,15,24 Saat
2026-07-20T10:09:53.050828+00:00,2026-07-20T13:09:53.050828+03:00,502,Çınar Açık Otoparkı,BEŞİKTAŞ,41.0853,29.0088,65,1,64,AÇIK OTOPARK,1,0,08:00-18:00
2026-07-20T10:09:53.050828+00:00,2026-07-20T13:09:53.050828+03:00,777,Çırağan Sarayı Yol Üstü 1,BEŞİKTAŞ,41.0448,29.0165,40,1,39,YOL ÜSTÜ,1,15,08:00-23:00
2026-07-20T10:09:53.050828+00:00,2026-07-20T13:09:53.050828+03:00,778,Çırağan Sarayı Yol Üstü 2,BEŞİKTAŞ,41.0445,29.0156,40,1,39,YOL ÜSTÜ,1,15,08:00-23:00
2026-07-20T10:09:53.050828+00:00,2026-07-20T13:09:53.050828+03:00,2228,Çırpıcı Sosyal Tesisler,ZEYTİNBURNU,41,28.8926,128,0,128,AÇIK OTOPARK,1,15,07:00-00:00
2026-07-20T10:09:53.050828+00:00,2026-07-20T13:09:53.050828+03:00,1508,Çiroz Yeşilköy Halk Pazarı,BAKIRKÖY,40.9628,28.8129,471,1,470,AÇIK OTOPARK,1,0,08:00-18:00
2026-07-20T10:09:53.050828+00:00,2026-07-20T13:09:53.050828+03:00,2030,Dalyan Açık Otoparkı,KADIKÖY,40.9632,29.0651,92,21,71,AÇIK OTOPARK,1,15,24 Saat
2026-07-20T10:09:53.050828+00:00,2026-07-20T13:09:53.050828+03:00,2271,Damla Sokak 1,ŞİŞLİ,41.0672,29.0004,17,1,16,YOL ÜSTÜ,1,15,07:30-16:30
2026-07-20T10:09:53.050828+00:00,2026-07-20T13:09:53.050828+03:00,2164,Darüşşafaka Yeraltı Otoparkı,SARIYER,41.1292,29.0252,150,105,45,KAPALI OTOPARK,1,15,08:00-00:00
2026-07-20T10:09:53.050828+00:00,2026-07-20T13:09:53.050828+03:00,1653,Deniz Feneri Otoparkı,FATİH,41.0019,28.9773,175,94,81,AÇIK OTOPARK,1,5,24 Saat
2026-07-20T10:09:53.050828+00:00,2026-07-20T13:09:53.050828+03:00,595,Dostluk Yurdu 1,FATİH,41.0071,28.973,33,1,32,YOL ÜSTÜ,1,15,07:00-17:00
2026-07-20T10:09:53.050828+00:00,2026-07-20T13:09:53.050828+03:00,2237,Dragos Sosyal Tesisleri,KARTAL,40.9017,29.1458,100,35,65,AÇIK OTOPARK,1,15,24 Saat
2026-07-20T10:09:53.050828+00:00,2026-07-20T13:09:53.050828+03:00,3063,Dudullu Metro PD Zemin Altı Otoparkı,ÜMRANİYE,41.0156,29.1633,81,55,26,KAPALI OTOPARK,1,15,07:00-23:30
2026-07-20T10:09:53.050828+00:00,2026-07-20T13:09:53.050828+03:00,1522,Ebu Suut Caddesi 1,FATİH,41.0128,28.9766,35,1,34,YOL ÜSTÜ,1,0,08:00-18:00
2026-07-20T10:09:53.050828+00:00,2026-07-20T13:09:53.050828+03:00,2147,EGS Blokları Açık Otoparkı,BAKIRKÖY,40.9863,28.8354,350,0,350,AÇIK OTOPARK,1,60,09:00-19:30
2026-07-20T10:09:53.050828+00:00,2026-07-20T13:09:53.050828+03:00,2366,Esenler Adem Baştürk Kültür Merkezi Katlı,ESENLER,41.039,28.8846,460,66,394,KAPALI OTOPARK,1,15,24 Saat
2026-07-20T10:09:53.050828+00:00,2026-07-20T13:09:53.050828+03:00,3190,Esenler Havaalanı Mahallesi Zemin Altı Otoparkı,ESENLER,41.0562,28.8674,610,396,214,KAPALI OTOPARK,1,10,24 Saat
2026-07-20T10:09:53.050828+00:00,2026-07-20T13:09:53.050828+03:00,3011,Esenler Menderes Metro İstasyonu Yanı,ESENLER,41.0427,28.8783,68,0,68,AÇIK OTOPARK,1,5,24 Saat
2026-07-20T10:09:53.050828+00:00,2026-07-20T13:09:53.050828+03:00,2822,Esenler Menderes Parkı Zemin Altı Otoparkı,ESENLER,41.0412,28.8729,325,88,237,KAPALI OTOPARK,1,10,24 Saat
2026-07-20T10:09:53.050828+00:00,2026-07-20T13:09:53.050828+03:00,3303,Esenyurt Adile Naşit Bulvarı Zeminaltı Otoparkı,ESENYURT,41.0205,28.6859,367,289,78,KAPALI OTOPARK,1,15,24 Saat
2026-07-20T10:09:53.050828+00:00,2026-07-20T13:09:53.050828+03:00,1692,Eski Büyükdere Caddesi 1,KAĞITHANE,41.0891,29.0059,30,15,15,YOL ÜSTÜ,1,15,08:00-16:30
2026-07-20T10:09:53.050828+00:00,2026-07-20T13:09:53.050828+03:00,1328,Eski Salı Pazarı,KADIKÖY,40.9904,29.0338,760,0,760,AÇIK OTOPARK,1,15,24 Saat
2026-07-20T10:09:53.050828+00:00,2026-07-20T13:09:53.050828+03:00,904,Eyüp Pierloti Caddesi 1,EYÜP,41.0539,28.9329,40,1,39,YOL ÜSTÜ,1,0,09:00-22:00
2026-07-20T10:09:53.050828+00:00,2026-07-20T13:09:53.050828+03:00,2850,Eyüpsultan Akşemsettin Mahallesi Zemin Altı Otoparkı,EYÜP,41.085,28.9258,110,0,110,KAPALI OTOPARK,1,15,24 Saat
2026-07-20T10:09:53.050828+00:00,2026-07-20T13:09:53.050828+03:00,2215,Fatih Çeşmesi Tabiat Parkı Otoparkı,SARIYER,41.1686,28.9448,250,242,8,AÇIK OTOPARK,1,0,06:00-20:00
2026-07-20T10:09:53.050828+00:00,2026-07-20T13:09:53.050828+03:00,1475,Fatih Katlı Otoparkı,FATİH,41.0198,28.9396,118,0,118,KAPALI OTOPARK,1,10,24 Saat
2026-07-20T10:09:53.050828+00:00,2026-07-20T13:09:53.050828+03:00,1591,Feshane PD Açık Otoparkı,EYÜP,41.0463,28.9378,200,109,91,AÇIK OTOPARK,1,15,24 Saat
2026-07-20T10:09:53.050828+00:00,2026-07-20T13:09:53.050828+03:00,1005,Florya Havuzlu Bahçe,BAKIRKÖY,40.9764,28.7908,135,1,134,AÇIK OTOPARK,1,0,09:00-23:00
2026-07-20T10:09:53.050828+00:00,2026-07-20T13:09:53.050828+03:00,2238,Florya Sosyal Tesisleri,BAKIRKÖY,40.9614,28.8091,1074,898,176,AÇIK OTOPARK,1,15,24 Saat
2026-07-20T10:09:53.050828+00:00,2026-07-20T13:09:53.050828+03:00,3296,Gaziosmanpaşa Meydanı ve Yaşam Merkezi Zemin Altı Otoparkı,GAZİOSMANPAŞA,41.0606,28.9093,202,0,202,KAPALI OTOPARK,1,15,24 Saat
2026-07-20T10:09:53.050828+00:00,2026-07-20T13:09:53.050828+03:00,2971,Gaziosmanpaşa Zemin Altı Otoparkı,GAZİOSMANPAŞA,41.0796,28.8858,285,0,285,KAPALI OTOPARK,1,0,24 Saat
2026-07-20T10:09:53.050828+00:00,2026-07-20T13:09:53.050828+03:00,3401,Giyimkent Tekstilkent Metro Zemin Altı PD Otoparkı,ESENLER,41.0711,28.8666,203,172,31,KAPALI OTOPARK,1,10,24 Saat
2026-07-20T10:09:53.050828+00:00,2026-07-20T13:09:53.050828+03:00,2242,Gözdağı Sosyal Tesisler  Açık Otoparkı,PENDİK,40.893,29.2538,300,217,83,AÇIK OTOPARK,1,0,07:00-23:00
2026-07-20T10:09:53.050828+00:00,2026-07-20T13:09:53.050828+03:00,1879,Gülsuyu Metro PD Yer Altı Otoparkı,MALTEPE,40.9237,29.1548,76,0,76,KAPALI OTOPARK,1,15,08:00-00:00
2026-07-20T10:09:53.050828+00:00,2026-07-20T13:09:53.050828+03:00,1423,Güneş Plajı 1,BAKIRKÖY,40.9712,28.79,250,135,115,AÇIK OTOPARK,1,10,24 Saat
2026-07-20T10:09:53.050828+00:00,2026-07-20T13:09:53.050828+03:00,1461,Güneş Plajı 2,BAKIRKÖY,40.9692,28.7951,135,118,17,AÇIK OTOPARK,1,10,08:00-20:00
2026-07-20T10:09:53.050828+00:00,2026-07-20T13:09:53.050828+03:00,3053,Güngören Nikah Dairesi Zemin Altı otoparkı,GÜNGÖREN,41.0363,28.8718,147,0,147,KAPALI OTOPARK,1,10,24 Saat
2026-07-20T10:09:53.050828+00:00,2026-07-20T13:09:53.050828+03:00,2216,Gürpınar Balık Hali Otoparkı,BEYLİKDÜZÜ,40.9663,28.6019,1000,800,200,AÇIK OTOPARK,1,15,24 Saat
2026-07-20T10:09:53.050828+00:00,2026-07-20T13:09:53.050828+03:00,1525,Hacıosman Metro Yer Altı Otoparkı,SARIYER,41.14,29.0306,422,0,422,KAPALI OTOPARK,1,15,24 Saat
2026-07-20T10:09:53.050828+00:00,2026-07-20T13:09:53.050828+03:00,1470,Haldun Alagaş Katlı Otoparkı,ÜMRANİYE,41.0262,29.1052,197,68,129,KAPALI OTOPARK,1,15,24 Saat
2026-07-20T10:09:53.050828+00:00,2026-07-20T13:09:53.050828+03:00,3235,Haliç Sosyal Tesisleri Otoparkı,FATİH,41.0277,28.9572,60,19,41,AÇIK OTOPARK,1,15,07:00-00:00
2026-07-20T10:09:53.050828+00:00,2026-07-20T13:09:53.050828+03:00,2848,Halkalı Mahallesi Zemin Altı Otoparkı,KÜÇÜKÇEKMECE,41.0359,28.7848,347,173,174,KAPALI OTOPARK,1,15,24 Saat
2026-07-20T10:09:53.050828+00:00,2026-07-20T13:09:53.050828+03:00,2838,Hamidiye Mahallesi Katlı Otoparkı,KAĞITHANE,41.0949,28.971,450,228,222,KAPALI OTOPARK,1,15,24 Saat
2026-07-20T10:09:53.050828+00:00,2026-07-20T13:09:53.050828+03:00,1446,Harbiye Zemin Altı Otoparkı,BEYOĞLU,41.0408,28.9869,142,0,142,KAPALI OTOPARK,1,0,24 Saat
2026-07-20T10:09:53.050828+00:00,2026-07-20T13:09:53.050828+03:00,2332,Haydarpaşa Katlı Otoparkı,ÜSKÜDAR,41.0048,29.0251,840,397,443,KAPALI OTOPARK,1,15,24 Saat
2026-07-20T10:09:53.050828+00:00,2026-07-20T13:09:53.050828+03:00,1987,Haznedar Yer Altı Otoparkı,GÜNGÖREN,41.0083,28.8729,540,0,540,KAPALI OTOPARK,1,0,24 Saat
2026-07-20T10:09:53.050828+00:00,2026-07-20T13:09:53.050828+03:00,377,Hızır Külhani Sokak,FATİH,41.0202,28.9605,32,1,31,YOL ÜSTÜ,1,15,09:00-17:00
2026-07-20T10:09:53.050828+00:00,2026-07-20T13:09:53.050828+03:00,3173,Hürriyet Mahallesi Zeminaltı Otoparkı,GAZİOSMANPAŞA,41.0708,28.8951,190,0,190,KAPALI OTOPARK,1,15,24 Saat
2026-07-20T10:09:53.050828+00:00,2026-07-20T13:09:53.050828+03:00,157,Ihlamur Dere Caddesi 4,BEŞİKTAŞ,41.047,29.0023,27,1,26,YOL ÜSTÜ,1,15,09:00-17:00
2026-07-20T10:09:53.050828+00:00,2026-07-20T13:09:53.050828+03:00,1189,İçerenköy Sebze Meyve Hali Otoparkı,ATAŞEHİR,40.9766,29.1044,600,600,0,AÇIK OTOPARK,1,15,24 Saat
2026-07-20T10:09:53.050828+00:00,2026-07-20T13:09:53.050828+03:00,1127,İshakpaşa Caddesi,FATİH,41.0079,28.9814,200,1,199,YOL ÜSTÜ,1,0,08:00-18:00
2026-07-20T10:09:53.050828+00:00,2026-07-20T13:09:53.050828+03:00,3265,İspark İstanbul West Marina Açık Otoparkı 1,BEYLİKDÜZÜ,40.9636,28.6564,250,1,249,AÇIK OTOPARK,1,15,24 Saat
2026-07-20T10:09:53.050828+00:00,2026-07-20T13:09:53.050828+03:00,2793,İspark Merter Katlı Otoparkı,GÜNGÖREN,41.0097,28.89,900,212,688,KAPALI OTOPARK,1,10,24 Saat
2026-07-20T10:09:53.050828+00:00,2026-07-20T13:09:53.050828+03:00,2430,İspark West İstanbul Marina Açık Otoparkı,BEYLİKDÜZÜ,40.9639,28.6591,1600,1188,412,AÇIK OTOPARK,1,15,24 Saat
2026-07-20T10:09:53.050828+00:00,2026-07-20T13:09:53.050828+03:00,381,İstinye 4 ( Cami Önü ),SARIYER,41.1149,29.0571,25,1,24,YOL ÜSTÜ,1,15,08:30-17:30
2026-07-20T10:09:53.050828+00:00,2026-07-20T13:09:53.050828+03:00,1804,İtalyan Hastanesi Karşısı Açık Otoparkı 1,BEYOĞLU,41.028,28.9815,30,1,29,AÇIK OTOPARK,1,0,08:00-19:00
2026-07-20T10:09:53.050828+00:00,2026-07-20T13:09:53.050828+03:00,507,Kabasakal Medrese Önü,FATİH,41.0062,28.9789,65,1,64,AÇIK OTOPARK,1,0,08:00-18:30
2026-07-20T10:09:53.050828+00:00,2026-07-20T13:09:53.050828+03:00,3306,Kabataş Transfer Merkezi Turizm Otobüs Otoparkı,BEYOĞLU,41.0336,28.9923,160,0,160,KAPALI OTOPARK,1,20,24 Saat
2026-07-20T10:09:53.050828+00:00,2026-07-20T13:09:53.050828+03:00,2918,Kadıköy Hasanpaşa Gazhane Katlı Otoparkı,KADIKÖY,40.9972,29.0428,310,186,124,KAPALI OTOPARK,1,15,24 Saat
2026-07-20T10:09:53.050828+00:00,2026-07-20T13:09:53.050828+03:00,1447,Kadıköy İski Açık Otoparkı,KADIKÖY,40.9874,29.0207,124,1,123,AÇIK OTOPARK,1,15,24 Saat
2026-07-20T10:09:53.050828+00:00,2026-07-20T13:09:53.050828+03:00,1655,Kadıköy Metro Açık Otoparkı,KADIKÖY,40.9899,29.0217,74,1,73,AÇIK OTOPARK,1,15,24 Saat
2026-07-20T10:09:53.050828+00:00,2026-07-20T13:09:53.050828+03:00,3445,Kadıköy Uzunçayır PD Açık Otoparkı,KADIKÖY,40.9982,29.0569,70,48,22,AÇIK OTOPARK,1,15,06:30-16:30
2026-07-20T10:09:53.050828+00:00,2026-07-20T13:09:53.050828+03:00,2808,Kadıköy Yeni Salı Pazarı PD Katlı Otoparkı,KADIKÖY,40.9969,29.0486,1350,487,863,KAPALI OTOPARK,1,15,24 Saat
2026-07-20T10:09:53.050828+00:00,2026-07-20T13:09:53.050828+03:00,2811,Kağıthane Harmantepe Zemin Altı Otoparkı,KAĞITHANE,41.0816,28.9907,200,0,200,KAPALI OTOPARK,1,0,24 Saat
2026-07-20T10:09:53.050828+00:00,2026-07-20T13:09:53.050828+03:00,1452,Kalamış Açık Otoparkı,KADIKÖY,40.9687,29.0363,173,111,62,AÇIK OTOPARK,1,15,24 Saat
2026-07-20T10:09:53.050828+00:00,2026-07-20T13:09:53.050828+03:00,1474,Kartal Hasan Doğan Spor Kompleksi,KARTAL,40.8918,29.1897,773,0,773,KAPALI OTOPARK,1,15,24 Saat
2026-07-20T10:09:53.050828+00:00,2026-07-20T13:09:53.050828+03:00,1105,Kartal İdo Açık Otoparkı,KARTAL,40.8874,29.1881,90,0,90,AÇIK OTOPARK,1,15,24 Saat
2026-07-20T10:09:53.050828+00:00,2026-07-20T13:09:53.050828+03:00,1550,Kartal Sahil Açık Otoparkı,KARTAL,40.8875,29.1901,75,10,65,AÇIK OTOPARK,1,5,24 Saat
2026-07-20T10:09:53.050828+00:00,2026-07-20T13:09:53.050828+03:00,3434,Kasımpaşa Sosyal Tesisler Otoparkı,BEYOĞLU,41.0296,28.9673,60,36,24,AÇIK OTOPARK,1,0,07:30-23:00
2026-07-20T10:09:53.050828+00:00,2026-07-20T13:09:53.050828+03:00,2827,Kayaşehir Meydan Zemin Altı Otoparkı,BAŞAKŞEHİR,41.1196,28.7718,1054,1,1053,KAPALI OTOPARK,1,0,10:00-17:00
2026-07-20T10:09:53.050828+00:00,2026-07-20T13:09:53.050828+03:00,1960,Kazlıçeşme Marmaray Açık Otoparkı,ZEYTİNBURNU,40.9922,28.917,700,539,161,AÇIK OTOPARK,1,15,24 Saat
2026-07-20T10:09:53.050828+00:00,2026-07-20T13:09:53.050828+03:00,2994,Kirazlı Metro Durağı PD Açık Otoparkı,BAĞCILAR,41.033,28.8429,112,7,105,AÇIK OTOPARK,1,5,24 Saat
2026-07-20T10:09:53.050828+00:00,2026-07-20T13:09:53.050828+03:00,1528,Kore Şehitleri Caddesi - Yüzbaşı Kaya Aldağon Sokak 1,ŞİŞLİ,41.0719,29.0139,40,1,39,YOL ÜSTÜ,1,15,07:00-16:00
2026-07-20T10:09:53.050828+00:00,2026-07-20T13:09:53.050828+03:00,2449,Kozyatağı Sebze-Meyve Hali,ATAŞEHİR,40.9787,29.1029,1500,1500,0,AÇIK OTOPARK,1,0,24 Saat
2026-07-20T10:09:53.050828+00:00,2026-07-20T13:09:53.050828+03:00,1206,Kutlugün Sokak 2,FATİH,41.0061,28.9801,200,1,199,YOL ÜSTÜ,1,0,08:00-18:00
2026-07-20T10:09:53.050828+00:00,2026-07-20T13:09:53.050828+03:00,3074,Küçük Çamlıca,ÜSKÜDAR,41.0204,29.0653,129,106,23,AÇIK OTOPARK,1,0,08:00-22:00
2026-07-20T10:09:53.050828+00:00,2026-07-20T13:09:53.050828+03:00,3127,Küçükçekmece Cennet Mahallesi Meydan Zemin Altı Otoparkı,KÜÇÜKÇEKMECE,40.9907,28.783,456,0,456,KAPALI OTOPARK,1,10,24 Saat
2026-07-20T10:09:53.050828+00:00,2026-07-20T13:09:53.050828+03:00,2554,Küçükçekmece Fevzi Çakmak Meydanı Zemin Altı Otoparkı,KÜÇÜKÇEKMECE,41.0076,28.7927,1000,533,467,KAPALI OTOPARK,1,10,24 Saat
2026-07-20T10:09:53.050828+00:00,2026-07-20T13:09:53.050828+03:00,2882,Küçüksu Kasrı Açık Otoparkı,BEYKOZ,41.0789,29.0657,98,91,7,AÇIK OTOPARK,1,0,07:00-23:00
2026-07-20T10:09:53.050828+00:00,2026-07-20T13:09:53.050828+03:00,220,Levent Hamidiye,BEŞİKTAŞ,41.0861,29.0076,100,1,99,AÇIK OTOPARK,1,0,08:00-19:00
2026-07-20T10:09:53.050828+00:00,2026-07-20T13:09:53.050828+03:00,1138,Levent Metro Yer Altı Otoparkı,BEŞİKTAŞ,41.0811,29.0105,100,100,0,AÇIK OTOPARK,1,5,07:30-19:30
2026-07-20T10:09:53.050828+00:00,2026-07-20T13:09:53.050828+03:00,2335,Maçka Açık Otoparkı,ŞİŞLİ,41.046,28.9908,75,75,0,AÇIK OTOPARK,1,0,24 Saat
2026-07-20T10:09:53.050828+00:00,2026-07-20T13:09:53.050828+03:00,1859,Maçka Katlı Otoparkı,ŞİŞLİ,41.0484,28.9903,508,0,508,KAPALI OTOPARK,1,0,24 Saat
2026-07-20T10:09:53.050828+00:00,2026-07-20T13:09:53.050828+03:00,3193,Maltepe Rıhtım Caddesi Açık Otoparkı,MALTEPE,40.9258,29.1241,76,54,22,AÇIK OTOPARK,1,0,24 Saat
2026-07-20T10:09:53.050828+00:00,2026-07-20T13:09:53.050828+03:00,2146,Maltepe Süreyyapaşa Çarşısı Açık Otoparkı,MALTEPE,40.9274,29.1225,156,106,50,AÇIK OTOPARK,1,0,24 Saat
2026-07-20T10:09:53.050828+00:00,2026-07-20T13:09:53.050828+03:00,1599,Maslak Açık Otoparkı,SARIYER,41.1166,29.024,150,62,88,AÇIK OTOPARK,1,10,24 Saat
2026-07-20T10:09:53.050828+00:00,2026-07-20T13:09:53.050828+03:00,2100,Matbaacılar Sitesi Yanı,ZEYTİNBURNU,41.0234,28.9187,250,131,119,AÇIK OTOPARK,1,5,24 Saat
2026-07-20T10:09:53.050828+00:00,2026-07-20T13:09:53.050828+03:00,920,Meclis-i Mebusan Yokuşu 2,BEYOĞLU,41.0326,28.9882,34,1,33,YOL ÜSTÜ,1,15,09:00-17:00
2026-07-20T10:09:53.050828+00:00,2026-07-20T13:09:53.050828+03:00,1546,Menekşe Plajı Açık Otoparkı,BAKIRKÖY,40.9761,28.7766,200,199,1,AÇIK OTOPARK,1,0,24 Saat
2026-07-20T10:09:53.050828+00:00,2026-07-20T13:09:53.050828+03:00,1376,Mercan Açık,FATİH,41.0136,28.9669,130,5,125,AÇIK OTOPARK,1,0,08:00-23:00
2026-07-20T10:09:53.050828+00:00,2026-07-20T13:09:53.050828+03:00,3309,Mercan Ali Paşa Sarayı Zemin Altı Otoparkı,FATİH,41.0136,28.967,196,1,195,KAPALI OTOPARK,1,0,07:00-21:00
2026-07-20T10:09:53.050828+00:00,2026-07-20T13:09:53.050828+03:00,1472,Merter Katlı Otoparkı,GÜNGÖREN,41.0092,28.8874,1000,863,137,KAPALI OTOPARK,1,10,24 Saat
2026-07-20T10:09:53.050828+00:00,2026-07-20T13:09:53.050828+03:00,2375,Merter Metro PD Zeminaltı Otoparkı,GÜNGÖREN,41.0037,28.8897,242,97,145,KAPALI OTOPARK,1,10,24 Saat
2026-07-20T10:09:53.050828+00:00,2026-07-20T13:09:53.050828+03:00,1568,Mete Caddesi 1,BEYOĞLU,41.0382,28.9879,31,1,30,YOL ÜSTÜ,1,15,08:00-23:00
2026-07-20T10:09:53.050828+00:00,2026-07-20T13:09:53.050828+03:00,1471,Mevlana Yeraltı Katlı Otoparkı,ZEYTİNBURNU,41.0072,28.9049,1000,858,142,KAPALI OTOPARK,1,5,24 Saat
2026-07-20T10:09:53.050828+00:00,2026-07-20T13:09:53.050828+03:00,2709,Millet Caddesi Açık Otoparkı,FATİH,41.01,28.9461,60,19,41,AÇIK OTOPARK,1,15,24 Saat
2026-07-20T10:09:53.050828+00:00,2026-07-20T13:09:53.050828+03:00,3152,Mimar Sinan Zemin Altı Otoparkı,ÜSKÜDAR,41.0222,29.0169,956,97,859,KAPALI OTOPARK,1,15,24 Saat
2026-07-20T10:09:53.050828+00:00,2026-07-20T13:09:53.050828+03:00,2870,Miniatürk Çadır Açık Otoparkı,BEYOĞLU,41.0594,28.9501,250,202,48,AÇIK OTOPARK,1,15,07:00-20:00
2026-07-20T10:09:53.050828+00:00,2026-07-20T13:09:53.050828+03:00,2556,Muallim Naci Açık Otoparkı,BEŞİKTAŞ,41.0561,29.0342,35,29,6,AÇIK OTOPARK,1,15,24 Saat
2026-07-20T10:09:53.050828+00:00,2026-07-20T13:09:53.050828+03:00,569,Oda Kule Önü 1,BEYOĞLU,41.0322,28.9751,24,1,23,YOL ÜSTÜ,1,0,07:00-01:00
2026-07-20T10:09:53.050828+00:00,2026-07-20T13:09:53.050828+03:00,1988,Orhangazi Şehir Parkı PD Açık Otoparkı,MALTEPE,40.9313,29.1161,5022,4660,362,AÇIK OTOPARK,1,15,24 Saat
2026-07-20T10:09:53.050828+00:00,2026-07-20T13:09:53.050828+03:00,152,Ortabahçe Caddesi 2,BEŞİKTAŞ,41.0428,29.0043,35,1,34,YOL ÜSTÜ,1,15,08:00-23:00
2026-07-20T10:09:53.050828+00:00,2026-07-20T13:09:53.050828+03:00,153,Ortabahçe Caddesi 3,BEŞİKTAŞ,41.043,29.0042,26,1,25,YOL ÜSTÜ,1,15,08:00-23:00
2026-07-20T10:09:53.050828+00:00,2026-07-20T13:09:53.050828+03:00,119,Ortaklar Caddesi 1,ŞİŞLİ,41.0638,28.9971,25,1,24,YOL ÜSTÜ,1,15,08:30-17:00
2026-07-20T10:09:53.050828+00:00,2026-07-20T13:09:53.050828+03:00,1343,Ortaköy Açık Otoparkı,BEŞİKTAŞ,41.0504,29.0326,170,140,30,AÇIK OTOPARK,1,0,24 Saat
2026-07-20T10:09:53.050828+00:00,2026-07-20T13:09:53.050828+03:00,572,Ortaköy Portakal Yokuşu 1,BEŞİKTAŞ,41.0503,29.0261,15,1,14,YOL ÜSTÜ,1,15,09:00-19:00
2026-07-20T10:09:53.050828+00:00,2026-07-20T13:09:53.050828+03:00,1039,Öğretmen Evi,AVCILAR,40.9723,28.714,80,42,38,AÇIK OTOPARK,1,0,11:00-23:00
2026-07-20T10:09:53.050828+00:00,2026-07-20T13:09:53.050828+03:00,1466,Pendik Katlı Otoparkı,PENDİK,40.8789,29.2342,120,0,120,KAPALI OTOPARK,1,15,24 Saat
2026-07-20T10:09:53.050828+00:00,2026-07-20T13:09:53.050828+03:00,3073,Pendik Kemal Kalkuz Parkı Zemin Altı Otoparkı,PENDİK,40.8885,29.2427,224,0,224,KAPALI OTOPARK,1,0,09:00-18:00
2026-07-20T10:09:53.050828+00:00,2026-07-20T13:09:53.050828+03:00,3019,Pendik Meydan Zemin Altı Otoparkı,PENDİK,40.8752,29.2324,937,0,937,KAPALI OTOPARK,1,0,24 Saat
2026-07-20T10:09:53.050828+00:00,2026-07-20T13:09:53.050828+03:00,2865,Pendik Sahil Engelliler Merkez Önü,PENDİK,40.8735,29.233,100,66,34,AÇIK OTOPARK,1,0,11:00-20:00
2026-07-20T10:09:53.050828+00:00,2026-07-20T13:09:53.050828+03:00,2434,Pendik Sahil İdo,PENDİK,40.8755,29.2369,100,0,100,AÇIK OTOPARK,1,0,07:00-23:00
2026-07-20T10:09:53.050828+00:00,2026-07-20T13:09:53.050828+03:00,248,Pendik Yenimahalle Açık 2 Otoparkı,PENDİK,40.864,29.2723,124,93,31,AÇIK OTOPARK,1,15,10:00-22:00
2026-07-20T10:09:53.050828+00:00,2026-07-20T13:09:53.050828+03:00,297,Perşembe Pazarı 1,BEYOĞLU,41.0252,28.9693,32,1,31,YOL ÜSTÜ,1,15,08:00-17:00
2026-07-20T10:09:53.050828+00:00,2026-07-20T13:09:53.050828+03:00,597,Pierre Loti Caddesi 3,FATİH,41.0069,28.9711,36,1,35,YOL ÜSTÜ,1,0,07:00-17:00
2026-07-20T10:09:53.050828+00:00,2026-07-20T13:09:53.050828+03:00,3263,Piyalepaşa Meydanı Zemin Altı Otoparkı,BEYOĞLU,41.0445,28.9674,560,298,262,KAPALI OTOPARK,1,0,24 Saat
2026-07-20T10:09:53.050828+00:00,2026-07-20T13:09:53.050828+03:00,423,Prof.Cemil Birsel Yokuşu 3,FATİH,41.0178,28.967,40,1,39,YOL ÜSTÜ,1,0,07:00-18:00
2026-07-20T10:09:53.050828+00:00,2026-07-20T13:09:53.050828+03:00,1900,Ragıp Gümüşpala Cad.(Sobacılar Önü),FATİH,41.0181,28.969,40,1,39,YOL ÜSTÜ,1,15,07:00-18:00
2026-07-20T10:09:53.050828+00:00,2026-07-20T13:09:53.050828+03:00,415,Ragıp Gümüşpala Camii Önü 1,FATİH,41.0211,28.9627,35,1,34,YOL ÜSTÜ,1,0,07:00-17:30
2026-07-20T10:09:53.050828+00:00,2026-07-20T13:09:53.050828+03:00,3268,Refik Saydam Caddesi 3,BEYOĞLU,41.032,28.9736,55,1,54,YOL ÜSTÜ,1,0,06:00-23:00
2026-07-20T10:09:53.050828+00:00,2026-07-20T13:09:53.050828+03:00,2307,Ressam Halim Sokak PD Açık Otoparkı,BAHÇELİEVLER,40.9967,28.8641,120,64,56,AÇIK OTOPARK,1,15,08:00-00:00
2026-07-20T10:09:53.050828+00:00,2026-07-20T13:09:53.050828+03:00,3082,Rumeli Hisarı Sahil Yolu Otoparkı,SARIYER,41.0854,29.0568,20,3,17,AÇIK OTOPARK,1,0,24 Saat
2026-07-20T10:09:53.050828+00:00,2026-07-20T13:09:53.050828+03:00,1595,Sabiha Gökçen Açık Otoparkı,PENDİK,40.925,29.308,1056,233,823,AÇIK OTOPARK,1,15,24 Saat
2026-07-20T10:09:53.050828+00:00,2026-07-20T13:09:53.050828+03:00,3239,Samatya Sahil Cep Otoparkı,FATİH,40.9954,28.932,113,113,0,AÇIK OTOPARK,1,15,24 Saat
2026-07-20T10:09:53.050828+00:00,2026-07-20T13:09:53.050828+03:00,3273,Sarıyer Büyükdere Fidanlığı,SARIYER,41.1548,29.0268,160,157,3,AÇIK OTOPARK,1,0,08:00-18:00
2026-07-20T10:09:53.050828+00:00,2026-07-20T13:09:53.050828+03:00,3299,Sariyer Ayazağa Mah Vadi İstanbul Önü Açık Otoparkı,SARIYER,41.1106,28.9881,100,97,3,AÇIK OTOPARK,1,0,08:00-20:00
2026-07-20T10:09:53.050828+00:00,2026-07-20T13:09:53.050828+03:00,1303,Seyrantepe Katlı (Arena Karşısı) 1,KAĞITHANE,41.101,28.9961,1897,1,1896,KAPALI OTOPARK,1,0,24 Saat
2026-07-20T10:09:53.050828+00:00,2026-07-20T13:09:53.050828+03:00,1628,Sıracevizler Caddesi Yol Üstü 5,ŞİŞLİ,41.0607,28.9841,45,1,44,YOL ÜSTÜ,1,15,09:00-17:00
2026-07-20T10:09:53.050828+00:00,2026-07-20T13:09:53.050828+03:00,464,Sirkeci Gar Önü,FATİH,41.015,28.9761,60,1,59,AÇIK OTOPARK,1,5,07:00-20:00
2026-07-20T10:09:53.050828+00:00,2026-07-20T13:09:53.050828+03:00,1486,Siyavuşpaşa Yer Altı Otoparkı,BAHÇELİEVLER,40.9965,28.8532,155,0,155,KAPALI OTOPARK,1,0,24 Saat
2026-07-20T10:09:53.050828+00:00,2026-07-20T13:09:53.050828+03:00,1958,Soğanlık Metro PD Açık Otoparkı,KARTAL,40.9131,29.1925,898,811,87,AÇIK OTOPARK,1,15,24 Saat
2026-07-20T10:09:53.050828+00:00,2026-07-20T13:09:53.050828+03:00,589,Su Terazisi Sokak,FATİH,41.0046,28.9727,22,1,21,YOL ÜSTÜ,1,0,07:30-17:00
2026-07-20T10:09:53.050828+00:00,2026-07-20T13:09:53.050828+03:00,1478,Suadiye Cep Açık Otoparkı,KADIKÖY,40.9586,29.0732,130,110,20,AÇIK OTOPARK,1,15,24 Saat
2026-07-20T10:09:53.050828+00:00,2026-07-20T13:09:53.050828+03:00,2948,Suadiye Sahil Açık Otoparkı,KADIKÖY,40.9562,29.0797,70,35,35,AÇIK OTOPARK,1,5,24 Saat
2026-07-20T10:09:53.050828+00:00,2026-07-20T13:09:53.050828+03:00,2799,Sultanbeyli Emir Caddesi Zemin Altı Otoparkı,SULTANBEYLİ,40.9707,29.2606,130,66,64,KAPALI OTOPARK,1,15,08:00-22:00
2026-07-20T10:09:53.050828+00:00,2026-07-20T13:09:53.050828+03:00,2372,Sultanbeyli Kent Meydanı Zemin Altı Otoparkı,SULTANBEYLİ,40.9667,29.2667,300,126,174,KAPALI OTOPARK,1,15,24 Saat
2026-07-20T10:09:53.050828+00:00,2026-07-20T13:09:53.050828+03:00,2410,Sultangazi Zemin Altı Otoparkı,SULTANGAZİ,41.0944,28.8649,104,0,104,KAPALI OTOPARK,1,10,24 Saat
2026-07-20T10:09:53.050828+00:00,2026-07-20T13:09:53.050828+03:00,2085,Süleyman Seba Caddesi 2,BEŞİKTAŞ,41.0426,28.9998,40,1,39,YOL ÜSTÜ,1,15,08:00-18:00
2026-07-20T10:09:53.050828+00:00,2026-07-20T13:09:53.050828+03:00,2088,Süleyman Seba Caddesi 5,BEŞİKTAŞ,41.0432,28.9978,40,1,39,YOL ÜSTÜ,1,15,08:00-18:00
2026-07-20T10:09:53.050828+00:00,2026-07-20T13:09:53.050828+03:00,2089,Süleyman Seba Caddesi 6,BEŞİKTAŞ,41.0435,28.9967,11,1,10,YOL ÜSTÜ,1,15,08:00-18:00
2026-07-20T10:09:53.050828+00:00,2026-07-20T13:09:53.050828+03:00,2391,Süleymaniye Cami Altı Açık Otoparkı,FATİH,41.0158,28.961,250,235,15,AÇIK OTOPARK,1,0,06:30-18:30
2026-07-20T10:09:53.050828+00:00,2026-07-20T13:09:53.050828+03:00,1730,Sütlüce Miniatürk Yanı,BEYOĞLU,41.057,28.95,320,222,98,AÇIK OTOPARK,1,15,24 Saat
2026-07-20T10:09:53.050828+00:00,2026-07-20T13:09:53.050828+03:00,36,Şakayık Sokak 4,ŞİŞLİ,41.0518,28.9936,50,1,49,YOL ÜSTÜ,1,15,08:00-16:00
2026-07-20T10:09:53.050828+00:00,2026-07-20T13:09:53.050828+03:00,1469,Şehit Volkan Duysak Katlı Otoparkı,ZEYTİNBURNU,40.9968,28.9039,1000,672,328,KAPALI OTOPARK,1,5,24 Saat
2026-07-20T10:09:53.050828+00:00,2026-07-20T13:09:53.050828+03:00,2385,Şehremini Açık Otoparkı 1,FATİH,41.0135,28.9333,60,1,59,AÇIK OTOPARK,1,0,08:30-20:30
2026-07-20T10:09:53.050828+00:00,2026-07-20T13:09:53.050828+03:00,2855,Şemsipaşa Açık Otoparkı,ÜSKÜDAR,41.0255,29.0097,80,31,49,AÇIK OTOPARK,1,0,24 Saat
2026-07-20T10:09:53.050828+00:00,2026-07-20T13:09:53.050828+03:00,2439,Şirinevler Meydan Zeminaltı Otoparkı,BAHÇELİEVLER,40.9925,28.8496,367,38,329,KAPALI OTOPARK,1,0,24 Saat
2026-07-20T10:09:53.050828+00:00,2026-07-20T13:09:53.050828+03:00,3400,Şişhane Refik Saydam Caddesi 2 Yol Üstü Otoparkı 1,BEYOĞLU,41.0326,28.9743,70,1,69,YOL ÜSTÜ,1,15,06:00-23:00
2026-07-20T10:09:53.050828+00:00,2026-07-20T13:09:53.050828+03:00,1017,Şişli Kadırgalar Caddesi 1,ŞİŞLİ,41.0429,28.9927,100,1,99,AÇIK OTOPARK,1,0,07:00-23:00
2026-07-20T10:09:53.050828+00:00,2026-07-20T13:09:53.050828+03:00,3441,Şişli Kuştepe Zemin Altı Otoparkı,ŞİŞLİ,41.072,28.9919,430,295,135,KAPALI OTOPARK,1,15,24 Saat
2026-07-20T10:09:53.050828+00:00,2026-07-20T13:09:53.050828+03:00,2816,Şişli Rumeli Caddesi Metro Yanı 1,ŞİŞLİ,41.0538,28.9868,45,1,44,YOL ÜSTÜ,1,15,08:00-20:00
2026-07-20T10:09:53.050828+00:00,2026-07-20T13:09:53.050828+03:00,2406,Şişli Zemin Altı Otoparkı,ŞİŞLİ,41.0641,28.9992,581,150,431,KAPALI OTOPARK,1,15,24 Saat
2026-07-20T10:09:53.050828+00:00,2026-07-20T13:09:53.050828+03:00,1993,Tuzla İdo,TUZLA,40.8149,29.3039,300,261,39,AÇIK OTOPARK,1,15,24 Saat
2026-07-20T10:09:53.050828+00:00,2026-07-20T13:09:53.050828+03:00,3332,Tuzla Sahil Cep,TUZLA,40.8168,29.2992,50,42,8,AÇIK OTOPARK,1,0,08:00-00:00
2026-07-20T10:09:53.050828+00:00,2026-07-20T13:09:53.050828+03:00,3057,Tuzla Sahil Zemin Altı Otoparkı,TUZLA,40.8181,29.3004,779,543,236,KAPALI OTOPARK,1,15,24 Saat
2026-07-20T10:09:53.050828+00:00,2026-07-20T13:09:53.050828+03:00,1811,Ulu Camii Açık Otoparkı,BAHÇELİEVLER,40.9982,28.8499,150,122,28,AÇIK OTOPARK,1,10,24 Saat
2026-07-20T10:09:53.050828+00:00,2026-07-20T13:09:53.050828+03:00,2424,Uzunçayır Açık Otoparkı,KADIKÖY,40.9988,29.0556,58,51,7,AÇIK OTOPARK,1,0,06:00-16:00
2026-07-20T10:09:53.050828+00:00,2026-07-20T13:09:53.050828+03:00,1468,Ümraniye Katlı Otoparkı,ÜMRANİYE,41.0261,29.0953,665,431,234,KAPALI OTOPARK,1,15,24 Saat
2026-07-20T10:09:53.050828+00:00,2026-07-20T13:09:53.050828+03:00,2898,Ümraniye Okan Sokak Zeminaltı Otoparkı,ÜMRANİYE,41.0284,29.0907,125,25,100,KAPALI OTOPARK,1,15,24 Saat
2026-07-20T10:09:53.050828+00:00,2026-07-20T13:09:53.050828+03:00,2345,Üsküdar Uzunçayır PD Açık Otoparkı,ÜSKÜDAR,40.9988,29.0577,90,54,36,AÇIK OTOPARK,1,15,06:00-22:00
2026-07-20T10:09:53.050828+00:00,2026-07-20T13:09:53.050828+03:00,1929,Üsküdar Ünalan Açık Otoparkı,ÜSKÜDAR,40.9979,29.0604,180,175,5,AÇIK OTOPARK,1,0,07:00-17:00
2026-07-20T10:09:53.050828+00:00,2026-07-20T13:09:53.050828+03:00,1487,Vatan Caddesi PD Açık Otoparkı,FATİH,41.0157,28.9405,397,170,227,AÇIK OTOPARK,1,5,24 Saat
2026-07-20T10:09:53.050828+00:00,2026-07-20T13:09:53.050828+03:00,1621,Veteriner Hilmi Sokak Yol Üstü 1,ŞİŞLİ,41.0603,28.9892,20,1,19,YOL ÜSTÜ,1,15,08:00-17:00
2026-07-20T10:09:53.050828+00:00,2026-07-20T13:09:53.050828+03:00,2441,Yalı Açık Otoparkı,MALTEPE,40.9095,29.137,85,82,3,AÇIK OTOPARK,1,0,07:30-22:00
2026-07-20T10:09:53.050828+00:00,2026-07-20T13:09:53.050828+03:00,459,Yalı Köşkü Caddesi 1,FATİH,41.0163,28.9759,61,1,60,YOL ÜSTÜ,1,5,07:00-21:00
2026-07-20T10:09:53.050828+00:00,2026-07-20T13:09:53.050828+03:00,2037,Yenikapı Marmaray Büyük Otoparkı,FATİH,41.0057,28.9505,324,103,221,AÇIK OTOPARK,1,15,24 Saat
2026-07-20T10:09:53.050828+00:00,2026-07-20T13:09:53.050828+03:00,2036,Yenikapı Marmaray Küçük Otoparkı,FATİH,41.0064,28.9504,200,150,50,AÇIK OTOPARK,1,15,07:00-22:00
2026-07-20T10:09:53.050828+00:00,2026-07-20T13:09:53.050828+03:00,2175,Yenikapı Spor ve Kültür Merkezi PD Açık Otoparkı,FATİH,41.0006,28.9519,4023,3833,190,AÇIK OTOPARK,1,15,24 Saat
2026-07-20T10:09:53.050828+00:00,2026-07-20T13:09:53.050828+03:00,2805,Yenikapı Tünel Üstü Açık Otoparkı,FATİH,41.0029,28.9534,700,449,251,AÇIK OTOPARK,1,10,24 Saat
2026-07-20T10:09:53.050828+00:00,2026-07-20T13:09:53.050828+03:00,3404,Yenimahalle Metro Zemin Altı PD Otoparkı,GAZİOSMANPAŞA,41.0839,28.8926,114,95,19,KAPALI OTOPARK,1,15,24 Saat
2026-07-20T10:09:53.050828+00:00,2026-07-20T13:09:53.050828+03:00,2920,Yeşilce Zemin Altı Katlı Otoparkı,KAĞITHANE,41.0938,29.0017,676,56,620,KAPALI OTOPARK,1,0,24 Saat
2026-07-20T10:09:53.050828+00:00,2026-07-20T13:09:53.050828+03:00,987,Yeşilköy İstasyon Caddesi 1,BAKIRKÖY,40.962,28.825,40,1,39,YOL ÜSTÜ,1,15,09:00-17:30
2026-07-20T10:09:53.050828+00:00,2026-07-20T13:09:53.050828+03:00,974,Yeşilköy Marina 1,BAKIRKÖY,40.9576,28.8233,145,1,144,YOL ÜSTÜ,1,0,12:00-23:00
2026-07-20T10:09:53.050828+00:00,2026-07-20T13:09:53.050828+03:00,3406,Yeşilpınar Metro Zemin Altı PD Otoparkı,EYÜP,41.081,28.9204,269,211,58,KAPALI OTOPARK,1,15,24 Saat
2026-07-20T10:09:53.050828+00:00,2026-07-20T13:09:53.050828+03:00,315,Yeşilyurt Çarşı 1,BAKIRKÖY,40.9643,28.8379,50,1,49,YOL ÜSTÜ,1,15,09:00-17:30
2026-07-20T10:09:53.050828+00:00,2026-07-20T13:09:53.050828+03:00,1133,Yıldız Korusu,BEŞİKTAŞ,41.0514,29.0165,500,1,499,AÇIK OTOPARK,1,0,08:00-22:00
2026-07-20T10:09:53.050828+00:00,2026-07-20T13:09:53.050828+03:00,3185,Zeytinburnu Sahil Cep Otoparkı,ZEYTİNBURNU,40.9798,28.8985,160,1,159,AÇIK OTOPARK,1,0,12:00-22:00
2026-07-20T13:05:17.779564+00:00,2026-07-20T16:05:17.779564+03:00,3068,15 Temmuz Şehitler Meydanı Zeminaltı Otoparkı,ÜMRANİYE,41.0246,29.0915,1029,516,513,KAPALI OTOPARK,1,15,24 Saat
2026-07-20T13:05:17.779564+00:00,2026-07-20T16:05:17.779564+03:00,2338,19 Mayıs Açık,ŞİŞLİ,41.0563,28.9941,65,0,65,AÇIK OTOPARK,1,0,24 Saat
2026-07-20T13:05:17.779564+00:00,2026-07-20T16:05:17.779564+03:00,1751,4.Levent PD Açık Otoparkı,KAĞITHANE,41.0836,29.0081,236,90,146,AÇIK OTOPARK,1,5,24 Saat
2026-07-20T13:05:17.779564+00:00,2026-07-20T16:05:17.779564+03:00,3328,4.Levent Servis ve Turizm Araçları Açık Otoparkı,ŞİŞLİ,41.0841,29.0054,300,149,151,AÇIK OTOPARK,1,15,24 Saat
2026-07-20T13:05:17.779564+00:00,2026-07-20T16:05:17.779564+03:00,3412,5. Levent Gaziosmanpaşa Adliyesi Yanı Açık Otoparkı,EYÜP,41.0927,28.9494,250,203,47,AÇIK OTOPARK,1,15,07:00-23:00
2026-07-20T13:05:17.779564+00:00,2026-07-20T16:05:17.779564+03:00,104,Abide-i Hürriyet Caddesi 5,ŞİŞLİ,41.0619,28.9876,40,1,39,YOL ÜSTÜ,1,15,08:00-17:00
2026-07-20T13:05:17.779564+00:00,2026-07-20T16:05:17.779564+03:00,2452,Acıbadem Açık Otoparkı,ÜSKÜDAR,41.0157,29.0574,100,87,13,AÇIK OTOPARK,0,0,06:30-16:00
2026-07-20T13:05:17.779564+00:00,2026-07-20T16:05:17.779564+03:00,346,Ada Karşısı Cep 2,BEŞİKTAŞ,41.072,29.045,30,1,29,YOL ÜSTÜ,1,15,08:00-23:00
2026-07-20T13:05:17.779564+00:00,2026-07-20T16:05:17.779564+03:00,1663,Akasyalı Sokak Tenis Kulubü Önü 2,BEŞİKTAŞ,41.0867,29.0109,45,1,44,YOL ÜSTÜ,1,15,08:30-17:30
2026-07-20T13:05:17.779564+00:00,2026-07-20T16:05:17.779564+03:00,828,Akdeniz Caddesi 4,FATİH,41.0175,28.9435,27,1,26,YOL ÜSTÜ,1,15,09:00-18:00
2026-07-20T13:05:17.779564+00:00,2026-07-20T16:05:17.779564+03:00,1913,Alibeyköy Cep Otogarı Açık Otoparkı,EYÜP,41.0879,28.9446,116,19,97,AÇIK OTOPARK,1,25,24 Saat
2026-07-20T13:05:17.779564+00:00,2026-07-20T16:05:17.779564+03:00,1912,Alibeyköy Cep Otogarı Otobüs Otoparkı,EYÜP,41.0875,28.9449,5000,4979,21,AÇIK OTOPARK,1,60,24 Saat
2026-07-20T13:05:17.779564+00:00,2026-07-20T16:05:17.779564+03:00,2562,Alibeyköy Yeşiltepe Zemin Altı Otoparkı,EYÜP,41.0797,28.938,159,70,89,KAPALI OTOPARK,1,15,24 Saat
2026-07-20T13:05:17.779564+00:00,2026-07-20T16:05:17.779564+03:00,3201,Altınboynuz Sosyal Tesisleri,EYÜP,41.058,28.9447,70,70,0,AÇIK OTOPARK,1,15,08:00-23:00
2026-07-20T13:05:17.779564+00:00,2026-07-20T16:05:17.779564+03:00,758,Arap Camii Açık Otoparkı,BEYOĞLU,41.0227,28.9723,30,1,29,AÇIK OTOPARK,1,0,09:00-17:00
2026-07-20T13:05:17.779564+00:00,2026-07-20T16:05:17.779564+03:00,1963,Aras Sokak 1,BÜYÜKÇEKMECE,41.0226,28.622,60,1,59,YOL ÜSTÜ,0,0,06:00-14:30
2026-07-20T13:05:17.779564+00:00,2026-07-20T16:05:17.779564+03:00,2802,Arnavutköy Zemin Altı Otoparkı,ARNAVUTKÖY,41.1838,28.7396,700,20,680,KAPALI OTOPARK,1,15,24 Saat
2026-07-20T13:05:17.779564+00:00,2026-07-20T16:05:17.779564+03:00,1797,Ataköy Atrium AVM,BAKIRKÖY,40.9881,28.8459,250,178,72,AÇIK OTOPARK,1,15,08:00-23:00
2026-07-20T13:05:17.779564+00:00,2026-07-20T16:05:17.779564+03:00,2824,Ataköy Metro Durağı Yanı PD Zemin Altı Otoparkı,BAKIRKÖY,40.9904,28.8456,150,92,58,KAPALI OTOPARK,1,0,24 Saat
2026-07-20T13:05:17.779564+00:00,2026-07-20T16:05:17.779564+03:00,3161,Ataşehir Topçu İbrahim Sokak,ATAŞEHİR,40.9736,29.101,42,1,41,YOL ÜSTÜ,0,15,07:00-16:00
2026-07-20T13:05:17.779564+00:00,2026-07-20T16:05:17.779564+03:00,359,Atatürk Bulvarı 1,FATİH,41.0112,28.9534,20,1,19,YOL ÜSTÜ,1,0,07:30-18:00
2026-07-20T13:05:17.779564+00:00,2026-07-20T16:05:17.779564+03:00,3087,Atatürk Kent Ormanı Otoparkı,SARIYER,41.136,29.0262,200,197,3,AÇIK OTOPARK,1,0,08:00-17:00
2026-07-20T13:05:17.779564+00:00,2026-07-20T16:05:17.779564+03:00,1088,Avcılar İdo,AVCILAR,40.9712,28.7185,270,263,7,AÇIK OTOPARK,1,0,13:00-07:00
2026-07-20T13:05:17.779564+00:00,2026-07-20T16:05:17.779564+03:00,2885,Azapkapı Haliç Metro Otoparkı,ŞİŞLİ,41.0245,28.9691,80,5,75,AÇIK OTOPARK,1,5,24 Saat
2026-07-20T13:05:17.779564+00:00,2026-07-20T16:05:17.779564+03:00,2455,Azerbaycan Dostluk Parkı Zemin Altı Otoparkı,BAĞCILAR,41.0444,28.854,400,206,194,KAPALI OTOPARK,1,10,24 Saat
2026-07-20T13:05:17.779564+00:00,2026-07-20T16:05:17.779564+03:00,2965,Bağcılar Çolakoğlu Zemin Altı Otoparkı,BAĞCILAR,41.0324,28.8345,106,0,106,KAPALI OTOPARK,1,5,24 Saat
2026-07-20T13:05:17.779564+00:00,2026-07-20T16:05:17.779564+03:00,2576,Bağcılar Demirkapı Zemin Altı Otoparkı,BAĞCILAR,41.0499,28.8327,343,175,168,KAPALI OTOPARK,1,5,24 Saat
2026-07-20T13:05:17.779564+00:00,2026-07-20T16:05:17.779564+03:00,3036,Bağcılar Devlet Hastanesi Yanı Zeminaltı Otoparkı,BAĞCILAR,41.0312,28.8696,1133,109,1024,KAPALI OTOPARK,1,15,24 Saat
2026-07-20T13:05:17.779564+00:00,2026-07-20T16:05:17.779564+03:00,3071,Bağcılar Emniyet Müdürlüğü Yanı Açık Otoparkı,BAĞCILAR,41.0353,28.8598,100,29,71,AÇIK OTOPARK,1,0,24 Saat
2026-07-20T13:05:17.779564+00:00,2026-07-20T16:05:17.779564+03:00,2873,Bağcılar Göztepe Zemin Altı,BAĞCILAR,41.0567,28.8355,120,0,120,KAPALI OTOPARK,1,5,24 Saat
2026-07-20T13:05:17.779564+00:00,2026-07-20T16:05:17.779564+03:00,3187,Bağcılar Hürriyet Mahallesi Zemin Altı Otoparkı,BAĞCILAR,41.0291,28.8333,355,0,355,KAPALI OTOPARK,1,10,24 Saat
2026-07-20T13:05:17.779564+00:00,2026-07-20T16:05:17.779564+03:00,2916,Bağcılar Kent Meydanı PD Zemin Altı Otoparkı,BAĞCILAR,41.0339,28.8556,1162,0,1162,KAPALI OTOPARK,1,0,24 Saat
2026-07-20T13:05:17.779564+00:00,2026-07-20T16:05:17.779564+03:00,3261,Bağcılar Yenimahalle Zemin Altı Otoparkı,BAĞCILAR,41.0425,28.8395,525,277,248,KAPALI OTOPARK,1,15,24 Saat
2026-07-20T13:05:17.779564+00:00,2026-07-20T16:05:17.779564+03:00,2820,Bağcılar Yıldıztepe Katlı Otoparkı,BAĞCILAR,41.0294,28.8556,350,0,350,KAPALI OTOPARK,1,10,24 Saat
2026-07-20T13:05:17.779564+00:00,2026-07-20T16:05:17.779564+03:00,3447,Bahçelievler 23 Nisan Milli Egemenlik Zeminaltı Otoparkı,BAHÇELİEVLER,40.9988,28.8472,732,501,231,KAPALI OTOPARK,1,10,24 Saat
2026-07-20T13:05:17.779564+00:00,2026-07-20T16:05:17.779564+03:00,2993,Bahçelievler Cumhuriyet Zeminaltı Otoparkı,BAHÇELİEVLER,41.0149,28.859,663,0,663,KAPALI OTOPARK,1,10,24 Saat
2026-07-20T13:05:17.779564+00:00,2026-07-20T16:05:17.779564+03:00,2969,Bahçelievler Devlet Hastanesi Yanı Katlı Otoparkı,BAHÇELİEVLER,41.0072,28.8442,740,0,740,KAPALI OTOPARK,1,0,24 Saat
2026-07-20T13:05:17.779564+00:00,2026-07-20T16:05:17.779564+03:00,3051,Bahçelievler Zafer Mh. Zeminaltı Otoparkı,BAHÇELİEVLER,41.0036,28.8351,200,92,108,KAPALI OTOPARK,1,0,24 Saat
2026-07-20T13:05:17.779564+00:00,2026-07-20T16:05:17.779564+03:00,3118,Bahçeşehir Doğa Parkı Caddesi 3,BAŞAKŞEHİR,41.0683,28.6894,22,1,21,YOL ÜSTÜ,1,15,10:00-20:00
2026-07-20T13:05:17.779564+00:00,2026-07-20T16:05:17.779564+03:00,3236,Bahçeşehir Gölet Açık Otoparkı,BAŞAKŞEHİR,41.0719,28.6901,200,1,199,AÇIK OTOPARK,1,0,12:00-22:00
2026-07-20T13:05:17.779564+00:00,2026-07-20T16:05:17.779564+03:00,1465,Bakırköy İdo Açık Otoparkı,BAKIRKÖY,40.9739,28.8761,160,115,45,AÇIK OTOPARK,1,10,24 Saat
2026-07-20T13:05:17.779564+00:00,2026-07-20T16:05:17.779564+03:00,1104,Balmumcu Katlı Otoparkı,BEŞİKTAŞ,41.0636,29.0109,400,156,244,KAPALI OTOPARK,1,5,24 Saat
2026-07-20T13:05:17.779564+00:00,2026-07-20T16:05:17.779564+03:00,2796,Başakşehir Metro Açık Otoparkı,BAŞAKŞEHİR,41.107,28.801,125,1,124,AÇIK OTOPARK,0,0,07:00-16:00
2026-07-20T13:05:17.779564+00:00,2026-07-20T16:05:17.779564+03:00,2350,Bayrampaşa Adapark Katlı Otoparkı,BAYRAMPAŞA,41.0647,28.8875,650,0,650,KAPALI OTOPARK,1,15,24 Saat
2026-07-20T13:05:17.779564+00:00,2026-07-20T16:05:17.779564+03:00,2892,Bayrampaşa Altıntepsi Zemin  Altı Otoparkı,BAYRAMPAŞA,41.0393,28.9029,110,0,110,KAPALI OTOPARK,1,10,24 Saat
2026-07-20T13:05:17.779564+00:00,2026-07-20T16:05:17.779564+03:00,2909,Bayrampaşa Atatürk Parkı  Zemin Altı Otoparkı,BAYRAMPAŞA,41.0342,28.9123,442,0,442,KAPALI OTOPARK,1,10,24 Saat
2026-07-20T13:05:17.779564+00:00,2026-07-20T16:05:17.779564+03:00,2683,Bayrampaşa Devlet Hastanesi Cep Otoparkı,BAYRAMPAŞA,41.0414,28.9031,55,31,24,AÇIK OTOPARK,1,0,08:00-19:00
2026-07-20T13:05:17.779564+00:00,2026-07-20T16:05:17.779564+03:00,3301,Bayrampaşa Kocatepe Mahallesi Zemin Altı Otoparkı,BAYRAMPAŞA,41.0545,28.8964,241,0,241,KAPALI OTOPARK,1,10,24 Saat
2026-07-20T13:05:17.779564+00:00,2026-07-20T16:05:17.779564+03:00,2053,Bayrampaşa Muratpaşa Yer Altı Otoparkı,BAYRAMPAŞA,41.047,28.9082,300,22,278,KAPALI OTOPARK,1,15,24 Saat
2026-07-20T13:05:17.779564+00:00,2026-07-20T16:05:17.779564+03:00,3175,Bayrampaşa Spor Kompleksi Zemin Altı Otoparkı,BAYRAMPAŞA,41.0446,28.9106,205,0,205,KAPALI OTOPARK,1,15,24 Saat
2026-07-20T13:05:17.779564+00:00,2026-07-20T16:05:17.779564+03:00,3382,Bayrampaşa Şehit Kamil Balkan Zemin Altı Otoparkı,BAYRAMPAŞA,41.0604,28.9008,235,0,235,KAPALI OTOPARK,1,10,24 Saat
2026-07-20T13:05:17.779564+00:00,2026-07-20T16:05:17.779564+03:00,2428,Bayrampaşa Yenidoğan Mahallesi Zemin Altı Otoparkı,BAYRAMPAŞA,41.0395,28.9088,120,0,120,KAPALI OTOPARK,1,10,24 Saat
2026-07-20T13:05:17.779564+00:00,2026-07-20T16:05:17.779564+03:00,2468,Bebek Açık,BEŞİKTAŞ,41.077,29.0434,30,2,28,AÇIK OTOPARK,1,0,24 Saat
2026-07-20T13:05:17.779564+00:00,2026-07-20T16:05:17.779564+03:00,3479,Beşiktaş Halk Pazarı Açık Otoparkı,BEŞİKTAŞ,41.0496,29.0004,170,118,52,AÇIK OTOPARK,1,5,24 Saat
2026-07-20T13:05:17.779564+00:00,2026-07-20T16:05:17.779564+03:00,3257,Beykoz Sahil Cep Otoparkı,BEYKOZ,41.1286,29.0953,100,76,24,AÇIK OTOPARK,1,0,08:00-00:00
2026-07-20T13:05:17.779564+00:00,2026-07-20T16:05:17.779564+03:00,2273,Beykoz Sosyal Tesisleri,BEYKOZ,41.1143,29.0888,130,0,130,AÇIK OTOPARK,1,15,08:00-00:00
2026-07-20T13:05:17.779564+00:00,2026-07-20T16:05:17.779564+03:00,2999,Beyoğlu Gazhane Bostan Sokak 2,BEYOĞLU,41.0389,28.9903,35,1,34,YOL ÜSTÜ,1,0,07:30-16:30
2026-07-20T13:05:17.779564+00:00,2026-07-20T16:05:17.779564+03:00,3072,Beyoğlu Örnektepe Zemin Altı Otoparkı,BEYOĞLU,41.0543,28.9548,143,0,143,KAPALI OTOPARK,1,0,24 Saat
2026-07-20T13:05:17.779564+00:00,2026-07-20T16:05:17.779564+03:00,1455,Bostancı Açık,KADIKÖY,40.9523,29.0902,394,154,240,AÇIK OTOPARK,1,15,24 Saat
2026-07-20T13:05:17.779564+00:00,2026-07-20T16:05:17.779564+03:00,1456,Bostancı Sahil-Cep Açık Otoparkı,KADIKÖY,40.9545,29.0885,192,97,95,AÇIK OTOPARK,1,15,24 Saat
2026-07-20T13:05:17.779564+00:00,2026-07-20T16:05:17.779564+03:00,2150,Bostancı Vergi Dairesi Açık Otoparkı,ATAŞEHİR,40.9625,29.1083,155,0,155,AÇIK OTOPARK,1,5,08:00-20:00
2026-07-20T13:05:17.779564+00:00,2026-07-20T16:05:17.779564+03:00,2854,Bülent Ecevit Kültür Merkezi Açık Otoparkı,KARTAL,40.8852,29.1967,277,274,3,AÇIK OTOPARK,1,5,10:00-21:00
2026-07-20T13:05:17.779564+00:00,2026-07-20T16:05:17.779564+03:00,2866,Büyük İstanbul Otogarı,BAYRAMPAŞA,41.0402,28.8942,1000,0,1000,AÇIK OTOPARK,1,25,24 Saat
2026-07-20T13:05:17.779564+00:00,2026-07-20T16:05:17.779564+03:00,1192,Büyükçamlıca Korusu Sosyal Tesisleri Önü,ÜSKÜDAR,41.0264,29.0698,204,113,91,AÇIK OTOPARK,1,0,08:00-00:00
2026-07-20T13:05:17.779564+00:00,2026-07-20T16:05:17.779564+03:00,2960,Büyükçekmece Metrobüs Durağı Yanı PD Zemin Altı Otopark,BÜYÜKÇEKMECE,41.0221,28.624,448,123,325,KAPALI OTOPARK,1,0,24 Saat
2026-07-20T13:05:17.779564+00:00,2026-07-20T16:05:17.779564+03:00,1503,Cadde Bostan Açık Otoparkı,KADIKÖY,40.9636,29.0675,66,37,29,AÇIK OTOPARK,1,15,24 Saat
2026-07-20T13:05:17.779564+00:00,2026-07-20T16:05:17.779564+03:00,2933,Cemal Kamacı Spor Kompleksi Zemin Altı Otoparkı,KAĞITHANE,41.0536,28.9575,510,0,510,KAPALI OTOPARK,1,0,24 Saat
2026-07-20T13:05:17.779564+00:00,2026-07-20T16:05:17.779564+03:00,2207,Cengiz Topel Yer Altı Katlı Otoparkı,ESENLER,41.0588,28.8643,144,0,144,KAPALI OTOPARK,1,15,24 Saat
2026-07-20T13:05:17.779564+00:00,2026-07-20T16:05:17.779564+03:00,2787,Cevizli Açık Otoparkı,KARTAL,40.9179,29.1712,100,43,57,AÇIK OTOPARK,1,15,08:00-19:00
2026-07-20T13:05:17.779564+00:00,2026-07-20T16:05:17.779564+03:00,782,Cihangir Caddesi 2,BEYOĞLU,41.0319,28.9862,70,1,69,YOL ÜSTÜ,1,15,09:00-19:00
2026-07-20T13:05:17.779564+00:00,2026-07-20T16:05:17.779564+03:00,1467,Cihangir Katlı Otoparkı,BEYOĞLU,41.0318,28.9858,350,0,350,KAPALI OTOPARK,1,0,24 Saat
2026-07-20T13:05:17.779564+00:00,2026-07-20T16:05:17.779564+03:00,535,Cihannuma Yol Üstü 1,BEŞİKTAŞ,41.0454,29.0084,35,1,34,YOL ÜSTÜ,1,0,08:00-23:00
2026-07-20T13:05:17.779564+00:00,2026-07-20T16:05:17.779564+03:00,537,Cihannuma Yol Üstü 3,BEŞİKTAŞ,41.0459,29.0087,33,1,32,YOL ÜSTÜ,1,0,08:00-23:00
2026-07-20T13:05:17.779564+00:00,2026-07-20T16:05:17.779564+03:00,539,Cihannuma Yol Üstü 5,BEŞİKTAŞ,41.0489,29.0094,24,1,23,YOL ÜSTÜ,1,0,08:00-23:00
2026-07-20T13:05:17.779564+00:00,2026-07-20T16:05:17.779564+03:00,3184,Çam Sokak 6,GÜNGÖREN,41.0121,28.8882,50,1,49,YOL ÜSTÜ,1,15,08:00-17:00
2026-07-20T13:05:17.779564+00:00,2026-07-20T16:05:17.779564+03:00,3030,Çekmeköy Metro PD Zemin Altı Otoparkı,ÇEKMEKÖY,41.0147,29.1886,175,59,116,KAPALI OTOPARK,1,15,24 Saat
2026-07-20T13:05:17.779564+00:00,2026-07-20T16:05:17.779564+03:00,2905,Çeliktepe Açık Otoparkı,KAĞITHANE,41.0843,29.0056,200,49,151,AÇIK OTOPARK,1,5,24 Saat
2026-07-20T13:05:17.779564+00:00,2026-07-20T16:05:17.779564+03:00,1298,Çengelköy Açık Otoparkı,ÜSKÜDAR,41.0484,29.0533,500,0,500,AÇIK OTOPARK,1,15,24 Saat
2026-07-20T13:05:17.779564+00:00,2026-07-20T16:05:17.779564+03:00,502,Çınar Açık Otoparkı,BEŞİKTAŞ,41.0853,29.0088,65,1,64,AÇIK OTOPARK,1,0,08:00-18:00
2026-07-20T13:05:17.779564+00:00,2026-07-20T16:05:17.779564+03:00,777,Çırağan Sarayı Yol Üstü 1,BEŞİKTAŞ,41.0448,29.0165,40,1,39,YOL ÜSTÜ,1,15,08:00-23:00
2026-07-20T13:05:17.779564+00:00,2026-07-20T16:05:17.779564+03:00,778,Çırağan Sarayı Yol Üstü 2,BEŞİKTAŞ,41.0445,29.0156,40,1,39,YOL ÜSTÜ,1,15,08:00-23:00
2026-07-20T13:05:17.779564+00:00,2026-07-20T16:05:17.779564+03:00,2228,Çırpıcı Sosyal Tesisler,ZEYTİNBURNU,41,28.8926,128,0,128,AÇIK OTOPARK,1,15,07:00-00:00
2026-07-20T13:05:17.779564+00:00,2026-07-20T16:05:17.779564+03:00,1508,Çiroz Yeşilköy Halk Pazarı,BAKIRKÖY,40.9628,28.8129,471,1,470,AÇIK OTOPARK,1,0,08:00-18:00
2026-07-20T13:05:17.779564+00:00,2026-07-20T16:05:17.779564+03:00,2030,Dalyan Açık Otoparkı,KADIKÖY,40.9632,29.0651,92,8,84,AÇIK OTOPARK,1,15,24 Saat
2026-07-20T13:05:17.779564+00:00,2026-07-20T16:05:17.779564+03:00,2271,Damla Sokak 1,ŞİŞLİ,41.0672,29.0004,17,1,16,YOL ÜSTÜ,1,15,07:30-16:30
2026-07-20T13:05:17.779564+00:00,2026-07-20T16:05:17.779564+03:00,2164,Darüşşafaka Yeraltı Otoparkı,SARIYER,41.1292,29.0252,150,100,50,KAPALI OTOPARK,1,15,08:00-00:00
2026-07-20T13:05:17.779564+00:00,2026-07-20T16:05:17.779564+03:00,1653,Deniz Feneri Otoparkı,FATİH,41.0019,28.9773,175,79,96,AÇIK OTOPARK,1,5,24 Saat
2026-07-20T13:05:17.779564+00:00,2026-07-20T16:05:17.779564+03:00,595,Dostluk Yurdu 1,FATİH,41.0071,28.973,33,1,32,YOL ÜSTÜ,1,15,07:00-17:00
2026-07-20T13:05:17.779564+00:00,2026-07-20T16:05:17.779564+03:00,2237,Dragos Sosyal Tesisleri,KARTAL,40.9017,29.1458,100,36,64,AÇIK OTOPARK,1,15,24 Saat
2026-07-20T13:05:17.779564+00:00,2026-07-20T16:05:17.779564+03:00,3063,Dudullu Metro PD Zemin Altı Otoparkı,ÜMRANİYE,41.0156,29.1633,81,52,29,KAPALI OTOPARK,1,15,07:00-23:30
2026-07-20T13:05:17.779564+00:00,2026-07-20T16:05:17.779564+03:00,1522,Ebu Suut Caddesi 1,FATİH,41.0128,28.9766,35,1,34,YOL ÜSTÜ,1,0,08:00-18:00
2026-07-20T13:05:17.779564+00:00,2026-07-20T16:05:17.779564+03:00,2147,EGS Blokları Açık Otoparkı,BAKIRKÖY,40.9863,28.8354,350,0,350,AÇIK OTOPARK,1,60,09:00-19:30
2026-07-20T13:05:17.779564+00:00,2026-07-20T16:05:17.779564+03:00,2366,Esenler Adem Baştürk Kültür Merkezi Katlı,ESENLER,41.039,28.8846,460,67,393,KAPALI OTOPARK,1,15,24 Saat
2026-07-20T13:05:17.779564+00:00,2026-07-20T16:05:17.779564+03:00,3190,Esenler Havaalanı Mahallesi Zemin Altı Otoparkı,ESENLER,41.0562,28.8674,610,399,211,KAPALI OTOPARK,1,10,24 Saat
2026-07-20T13:05:17.779564+00:00,2026-07-20T16:05:17.779564+03:00,3011,Esenler Menderes Metro İstasyonu Yanı,ESENLER,41.0427,28.8783,68,0,68,AÇIK OTOPARK,1,5,24 Saat
2026-07-20T13:05:17.779564+00:00,2026-07-20T16:05:17.779564+03:00,2822,Esenler Menderes Parkı Zemin Altı Otoparkı,ESENLER,41.0412,28.8729,325,93,232,KAPALI OTOPARK,1,10,24 Saat
2026-07-20T13:05:17.779564+00:00,2026-07-20T16:05:17.779564+03:00,3303,Esenyurt Adile Naşit Bulvarı Zeminaltı Otoparkı,ESENYURT,41.0205,28.6859,367,287,80,KAPALI OTOPARK,1,15,24 Saat
2026-07-20T13:05:17.779564+00:00,2026-07-20T16:05:17.779564+03:00,1692,Eski Büyükdere Caddesi 1,KAĞITHANE,41.0891,29.0059,30,12,18,YOL ÜSTÜ,1,15,08:00-16:30
2026-07-20T13:05:17.779564+00:00,2026-07-20T16:05:17.779564+03:00,1328,Eski Salı Pazarı,KADIKÖY,40.9904,29.0338,760,0,760,AÇIK OTOPARK,1,15,24 Saat
2026-07-20T13:05:17.779564+00:00,2026-07-20T16:05:17.779564+03:00,904,Eyüp Pierloti Caddesi 1,EYÜP,41.0539,28.9329,40,1,39,YOL ÜSTÜ,1,0,09:00-22:00
2026-07-20T13:05:17.779564+00:00,2026-07-20T16:05:17.779564+03:00,2850,Eyüpsultan Akşemsettin Mahallesi Zemin Altı Otoparkı,EYÜP,41.085,28.9258,110,0,110,KAPALI OTOPARK,1,15,24 Saat
2026-07-20T13:05:17.779564+00:00,2026-07-20T16:05:17.779564+03:00,2215,Fatih Çeşmesi Tabiat Parkı Otoparkı,SARIYER,41.1686,28.9448,250,242,8,AÇIK OTOPARK,1,0,06:00-20:00
2026-07-20T13:05:17.779564+00:00,2026-07-20T16:05:17.779564+03:00,1475,Fatih Katlı Otoparkı,FATİH,41.0198,28.9396,118,0,118,KAPALI OTOPARK,1,10,24 Saat
2026-07-20T13:05:17.779564+00:00,2026-07-20T16:05:17.779564+03:00,1591,Feshane PD Açık Otoparkı,EYÜP,41.0463,28.9378,200,92,108,AÇIK OTOPARK,1,15,24 Saat
2026-07-20T13:05:17.779564+00:00,2026-07-20T16:05:17.779564+03:00,1005,Florya Havuzlu Bahçe,BAKIRKÖY,40.9764,28.7908,135,1,134,AÇIK OTOPARK,1,0,09:00-23:00
2026-07-20T13:05:17.779564+00:00,2026-07-20T16:05:17.779564+03:00,2238,Florya Sosyal Tesisleri,BAKIRKÖY,40.9614,28.8091,1074,896,178,AÇIK OTOPARK,1,15,24 Saat
2026-07-20T13:05:17.779564+00:00,2026-07-20T16:05:17.779564+03:00,3296,Gaziosmanpaşa Meydanı ve Yaşam Merkezi Zemin Altı Otoparkı,GAZİOSMANPAŞA,41.0606,28.9093,202,0,202,KAPALI OTOPARK,1,15,24 Saat
2026-07-20T13:05:17.779564+00:00,2026-07-20T16:05:17.779564+03:00,2971,Gaziosmanpaşa Zemin Altı Otoparkı,GAZİOSMANPAŞA,41.0796,28.8858,285,0,285,KAPALI OTOPARK,1,0,24 Saat
2026-07-20T13:05:17.779564+00:00,2026-07-20T16:05:17.779564+03:00,3401,Giyimkent Tekstilkent Metro Zemin Altı PD Otoparkı,ESENLER,41.0711,28.8666,203,174,29,KAPALI OTOPARK,1,10,24 Saat
2026-07-20T13:05:17.779564+00:00,2026-07-20T16:05:17.779564+03:00,2242,Gözdağı Sosyal Tesisler  Açık Otoparkı,PENDİK,40.893,29.2538,300,218,82,AÇIK OTOPARK,1,0,07:00-23:00
2026-07-20T13:05:17.779564+00:00,2026-07-20T16:05:17.779564+03:00,1879,Gülsuyu Metro PD Yer Altı Otoparkı,MALTEPE,40.9237,29.1548,76,0,76,KAPALI OTOPARK,1,15,08:00-00:00
2026-07-20T13:05:17.779564+00:00,2026-07-20T16:05:17.779564+03:00,1423,Güneş Plajı 1,BAKIRKÖY,40.9712,28.79,250,135,115,AÇIK OTOPARK,1,10,24 Saat
2026-07-20T13:05:17.779564+00:00,2026-07-20T16:05:17.779564+03:00,1461,Güneş Plajı 2,BAKIRKÖY,40.9692,28.7951,135,119,16,AÇIK OTOPARK,1,10,08:00-20:00
2026-07-20T13:05:17.779564+00:00,2026-07-20T16:05:17.779564+03:00,3053,Güngören Nikah Dairesi Zemin Altı otoparkı,GÜNGÖREN,41.0363,28.8718,147,0,147,KAPALI OTOPARK,1,10,24 Saat
2026-07-20T13:05:17.779564+00:00,2026-07-20T16:05:17.779564+03:00,2216,Gürpınar Balık Hali Otoparkı,BEYLİKDÜZÜ,40.9663,28.6019,1000,809,191,AÇIK OTOPARK,1,15,24 Saat
2026-07-20T13:05:17.779564+00:00,2026-07-20T16:05:17.779564+03:00,1525,Hacıosman Metro Yer Altı Otoparkı,SARIYER,41.14,29.0306,422,0,422,KAPALI OTOPARK,1,15,24 Saat
2026-07-20T13:05:17.779564+00:00,2026-07-20T16:05:17.779564+03:00,1470,Haldun Alagaş Katlı Otoparkı,ÜMRANİYE,41.0262,29.1052,197,55,142,KAPALI OTOPARK,1,15,24 Saat
2026-07-20T13:05:17.779564+00:00,2026-07-20T16:05:17.779564+03:00,3235,Haliç Sosyal Tesisleri Otoparkı,FATİH,41.0277,28.9572,60,18,42,AÇIK OTOPARK,1,15,07:00-00:00
2026-07-20T13:05:17.779564+00:00,2026-07-20T16:05:17.779564+03:00,2848,Halkalı Mahallesi Zemin Altı Otoparkı,KÜÇÜKÇEKMECE,41.0359,28.7848,347,183,164,KAPALI OTOPARK,1,15,24 Saat
2026-07-20T13:05:17.779564+00:00,2026-07-20T16:05:17.779564+03:00,2838,Hamidiye Mahallesi Katlı Otoparkı,KAĞITHANE,41.0949,28.971,450,226,224,KAPALI OTOPARK,1,15,24 Saat
2026-07-20T13:05:17.779564+00:00,2026-07-20T16:05:17.779564+03:00,1446,Harbiye Zemin Altı Otoparkı,BEYOĞLU,41.0408,28.9869,142,0,142,KAPALI OTOPARK,1,0,24 Saat
2026-07-20T13:05:17.779564+00:00,2026-07-20T16:05:17.779564+03:00,2332,Haydarpaşa Katlı Otoparkı,ÜSKÜDAR,41.0048,29.0251,840,523,317,KAPALI OTOPARK,1,15,24 Saat
2026-07-20T13:05:17.779564+00:00,2026-07-20T16:05:17.779564+03:00,1987,Haznedar Yer Altı Otoparkı,GÜNGÖREN,41.0083,28.8729,540,0,540,KAPALI OTOPARK,1,0,24 Saat
2026-07-20T13:05:17.779564+00:00,2026-07-20T16:05:17.779564+03:00,377,Hızır Külhani Sokak,FATİH,41.0202,28.9605,32,1,31,YOL ÜSTÜ,1,15,09:00-17:00
2026-07-20T13:05:17.779564+00:00,2026-07-20T16:05:17.779564+03:00,3173,Hürriyet Mahallesi Zeminaltı Otoparkı,GAZİOSMANPAŞA,41.0708,28.8951,190,0,190,KAPALI OTOPARK,1,15,24 Saat
2026-07-20T13:05:17.779564+00:00,2026-07-20T16:05:17.779564+03:00,157,Ihlamur Dere Caddesi 4,BEŞİKTAŞ,41.047,29.0023,27,1,26,YOL ÜSTÜ,1,15,09:00-17:00
2026-07-20T13:05:17.779564+00:00,2026-07-20T16:05:17.779564+03:00,1189,İçerenköy Sebze Meyve Hali Otoparkı,ATAŞEHİR,40.9766,29.1044,600,600,0,AÇIK OTOPARK,1,15,24 Saat
2026-07-20T13:05:17.779564+00:00,2026-07-20T16:05:17.779564+03:00,1127,İshakpaşa Caddesi,FATİH,41.0079,28.9814,200,1,199,YOL ÜSTÜ,1,0,08:00-18:00
2026-07-20T13:05:17.779564+00:00,2026-07-20T16:05:17.779564+03:00,3265,İspark İstanbul West Marina Açık Otoparkı 1,BEYLİKDÜZÜ,40.9636,28.6564,250,1,249,AÇIK OTOPARK,1,15,24 Saat
2026-07-20T13:05:17.779564+00:00,2026-07-20T16:05:17.779564+03:00,2793,İspark Merter Katlı Otoparkı,GÜNGÖREN,41.0097,28.89,900,232,668,KAPALI OTOPARK,1,10,24 Saat
2026-07-20T13:05:17.779564+00:00,2026-07-20T16:05:17.779564+03:00,2430,İspark West İstanbul Marina Açık Otoparkı,BEYLİKDÜZÜ,40.9639,28.6591,1600,1129,471,AÇIK OTOPARK,1,15,24 Saat
2026-07-20T13:05:17.779564+00:00,2026-07-20T16:05:17.779564+03:00,381,İstinye 4 ( Cami Önü ),SARIYER,41.1149,29.0571,25,1,24,YOL ÜSTÜ,1,15,08:30-17:30
2026-07-20T13:05:17.779564+00:00,2026-07-20T16:05:17.779564+03:00,1804,İtalyan Hastanesi Karşısı Açık Otoparkı 1,BEYOĞLU,41.028,28.9815,30,1,29,AÇIK OTOPARK,1,0,08:00-19:00
2026-07-20T13:05:17.779564+00:00,2026-07-20T16:05:17.779564+03:00,507,Kabasakal Medrese Önü,FATİH,41.0062,28.9789,65,1,64,AÇIK OTOPARK,1,0,08:00-18:30
2026-07-20T13:05:17.779564+00:00,2026-07-20T16:05:17.779564+03:00,3306,Kabataş Transfer Merkezi Turizm Otobüs Otoparkı,BEYOĞLU,41.0336,28.9923,160,0,160,KAPALI OTOPARK,1,20,24 Saat
2026-07-20T13:05:17.779564+00:00,2026-07-20T16:05:17.779564+03:00,2918,Kadıköy Hasanpaşa Gazhane Katlı Otoparkı,KADIKÖY,40.9972,29.0428,310,189,121,KAPALI OTOPARK,1,15,24 Saat
2026-07-20T13:05:17.779564+00:00,2026-07-20T16:05:17.779564+03:00,1447,Kadıköy İski Açık Otoparkı,KADIKÖY,40.9874,29.0207,124,1,123,AÇIK OTOPARK,1,15,24 Saat
2026-07-20T13:05:17.779564+00:00,2026-07-20T16:05:17.779564+03:00,1655,Kadıköy Metro Açık Otoparkı,KADIKÖY,40.9899,29.0217,74,0,74,AÇIK OTOPARK,1,15,24 Saat
2026-07-20T13:05:17.779564+00:00,2026-07-20T16:05:17.779564+03:00,3445,Kadıköy Uzunçayır PD Açık Otoparkı,KADIKÖY,40.9982,29.0569,70,48,22,AÇIK OTOPARK,1,15,06:30-16:30
2026-07-20T13:05:17.779564+00:00,2026-07-20T16:05:17.779564+03:00,2808,Kadıköy Yeni Salı Pazarı PD Katlı Otoparkı,KADIKÖY,40.9969,29.0486,1350,487,863,KAPALI OTOPARK,1,15,24 Saat
2026-07-20T13:05:17.779564+00:00,2026-07-20T16:05:17.779564+03:00,2811,Kağıthane Harmantepe Zemin Altı Otoparkı,KAĞITHANE,41.0816,28.9907,200,0,200,KAPALI OTOPARK,1,0,24 Saat
2026-07-20T13:05:17.779564+00:00,2026-07-20T16:05:17.779564+03:00,1452,Kalamış Açık Otoparkı,KADIKÖY,40.9687,29.0363,173,94,79,AÇIK OTOPARK,1,15,24 Saat
2026-07-20T13:05:17.779564+00:00,2026-07-20T16:05:17.779564+03:00,1474,Kartal Hasan Doğan Spor Kompleksi,KARTAL,40.8918,29.1897,773,0,773,KAPALI OTOPARK,1,15,24 Saat
2026-07-20T13:05:17.779564+00:00,2026-07-20T16:05:17.779564+03:00,1105,Kartal İdo Açık Otoparkı,KARTAL,40.8874,29.1881,90,0,90,AÇIK OTOPARK,1,15,24 Saat
2026-07-20T13:05:17.779564+00:00,2026-07-20T16:05:17.779564+03:00,1550,Kartal Sahil Açık Otoparkı,KARTAL,40.8875,29.1901,75,0,75,AÇIK OTOPARK,1,5,24 Saat
2026-07-20T13:05:17.779564+00:00,2026-07-20T16:05:17.779564+03:00,3434,Kasımpaşa Sosyal Tesisler Otoparkı,BEYOĞLU,41.0296,28.9673,60,36,24,AÇIK OTOPARK,1,0,07:30-23:00
2026-07-20T13:05:17.779564+00:00,2026-07-20T16:05:17.779564+03:00,2827,Kayaşehir Meydan Zemin Altı Otoparkı,BAŞAKŞEHİR,41.1196,28.7718,1054,1,1053,KAPALI OTOPARK,1,0,10:00-17:00
2026-07-20T13:05:17.779564+00:00,2026-07-20T16:05:17.779564+03:00,1960,Kazlıçeşme Marmaray Açık Otoparkı,ZEYTİNBURNU,40.9922,28.917,700,547,153,AÇIK OTOPARK,1,15,24 Saat
2026-07-20T13:05:17.779564+00:00,2026-07-20T16:05:17.779564+03:00,2994,Kirazlı Metro Durağı PD Açık Otoparkı,BAĞCILAR,41.033,28.8429,112,13,99,AÇIK OTOPARK,1,5,24 Saat
2026-07-20T13:05:17.779564+00:00,2026-07-20T16:05:17.779564+03:00,1528,Kore Şehitleri Caddesi - Yüzbaşı Kaya Aldağon Sokak 1,ŞİŞLİ,41.0719,29.0139,40,1,39,YOL ÜSTÜ,0,15,07:00-16:00
2026-07-20T13:05:17.779564+00:00,2026-07-20T16:05:17.779564+03:00,2449,Kozyatağı Sebze-Meyve Hali,ATAŞEHİR,40.9787,29.1029,1500,1500,0,AÇIK OTOPARK,1,0,24 Saat
2026-07-20T13:05:17.779564+00:00,2026-07-20T16:05:17.779564+03:00,1206,Kutlugün Sokak 2,FATİH,41.0061,28.9801,200,1,199,YOL ÜSTÜ,1,0,08:00-18:00
2026-07-20T13:05:17.779564+00:00,2026-07-20T16:05:17.779564+03:00,3074,Küçük Çamlıca,ÜSKÜDAR,41.0204,29.0653,129,105,24,AÇIK OTOPARK,1,0,08:00-22:00
2026-07-20T13:05:17.779564+00:00,2026-07-20T16:05:17.779564+03:00,3127,Küçükçekmece Cennet Mahallesi Meydan Zemin Altı Otoparkı,KÜÇÜKÇEKMECE,40.9907,28.783,456,0,456,KAPALI OTOPARK,1,10,24 Saat
2026-07-20T13:05:17.779564+00:00,2026-07-20T16:05:17.779564+03:00,2554,Küçükçekmece Fevzi Çakmak Meydanı Zemin Altı Otoparkı,KÜÇÜKÇEKMECE,41.0076,28.7927,1000,537,463,KAPALI OTOPARK,1,10,24 Saat
2026-07-20T13:05:17.779564+00:00,2026-07-20T16:05:17.779564+03:00,2882,Küçüksu Kasrı Açık Otoparkı,BEYKOZ,41.0789,29.0657,98,91,7,AÇIK OTOPARK,1,0,07:00-23:00
2026-07-20T13:05:17.779564+00:00,2026-07-20T16:05:17.779564+03:00,220,Levent Hamidiye,BEŞİKTAŞ,41.0861,29.0076,100,1,99,AÇIK OTOPARK,1,0,08:00-19:00
2026-07-20T13:05:17.779564+00:00,2026-07-20T16:05:17.779564+03:00,1138,Levent Metro Yer Altı Otoparkı,BEŞİKTAŞ,41.0811,29.0105,100,100,0,AÇIK OTOPARK,1,5,07:30-19:30
2026-07-20T13:05:17.779564+00:00,2026-07-20T16:05:17.779564+03:00,2335,Maçka Açık Otoparkı,ŞİŞLİ,41.046,28.9908,75,75,0,AÇIK OTOPARK,1,0,24 Saat
2026-07-20T13:05:17.779564+00:00,2026-07-20T16:05:17.779564+03:00,1859,Maçka Katlı Otoparkı,ŞİŞLİ,41.0484,28.9903,508,0,508,KAPALI OTOPARK,1,0,24 Saat
2026-07-20T13:05:17.779564+00:00,2026-07-20T16:05:17.779564+03:00,3193,Maltepe Rıhtım Caddesi Açık Otoparkı,MALTEPE,40.9258,29.1241,76,47,29,AÇIK OTOPARK,1,0,24 Saat
2026-07-20T13:05:17.779564+00:00,2026-07-20T16:05:17.779564+03:00,2146,Maltepe Süreyyapaşa Çarşısı Açık Otoparkı,MALTEPE,40.9274,29.1225,156,93,63,AÇIK OTOPARK,1,0,24 Saat
2026-07-20T13:05:17.779564+00:00,2026-07-20T16:05:17.779564+03:00,1599,Maslak Açık Otoparkı,SARIYER,41.1166,29.024,150,74,76,AÇIK OTOPARK,1,10,24 Saat
2026-07-20T13:05:17.779564+00:00,2026-07-20T16:05:17.779564+03:00,2100,Matbaacılar Sitesi Yanı,ZEYTİNBURNU,41.0234,28.9187,250,131,119,AÇIK OTOPARK,1,5,24 Saat
2026-07-20T13:05:17.779564+00:00,2026-07-20T16:05:17.779564+03:00,920,Meclis-i Mebusan Yokuşu 2,BEYOĞLU,41.0326,28.9882,34,1,33,YOL ÜSTÜ,1,15,09:00-17:00
2026-07-20T13:05:17.779564+00:00,2026-07-20T16:05:17.779564+03:00,1546,Menekşe Plajı Açık Otoparkı,BAKIRKÖY,40.9761,28.7766,200,198,2,AÇIK OTOPARK,1,0,24 Saat
2026-07-20T13:05:17.779564+00:00,2026-07-20T16:05:17.779564+03:00,1376,Mercan Açık,FATİH,41.0136,28.9669,130,17,113,AÇIK OTOPARK,1,0,08:00-23:00
2026-07-20T13:05:17.779564+00:00,2026-07-20T16:05:17.779564+03:00,3309,Mercan Ali Paşa Sarayı Zemin Altı Otoparkı,FATİH,41.0136,28.967,196,1,195,KAPALI OTOPARK,1,0,07:00-21:00
2026-07-20T13:05:17.779564+00:00,2026-07-20T16:05:17.779564+03:00,1472,Merter Katlı Otoparkı,GÜNGÖREN,41.0092,28.8874,1000,858,142,KAPALI OTOPARK,1,10,24 Saat
2026-07-20T13:05:17.779564+00:00,2026-07-20T16:05:17.779564+03:00,2375,Merter Metro PD Zeminaltı Otoparkı,GÜNGÖREN,41.0037,28.8897,242,103,139,KAPALI OTOPARK,1,10,24 Saat
2026-07-20T13:05:17.779564+00:00,2026-07-20T16:05:17.779564+03:00,1568,Mete Caddesi 1,BEYOĞLU,41.0382,28.9879,31,1,30,YOL ÜSTÜ,1,15,08:00-23:00
2026-07-20T13:05:17.779564+00:00,2026-07-20T16:05:17.779564+03:00,1471,Mevlana Yeraltı Katlı Otoparkı,ZEYTİNBURNU,41.0072,28.9049,1000,862,138,KAPALI OTOPARK,1,5,24 Saat
2026-07-20T13:05:17.779564+00:00,2026-07-20T16:05:17.779564+03:00,2709,Millet Caddesi Açık Otoparkı,FATİH,41.01,28.9461,60,22,38,AÇIK OTOPARK,1,15,24 Saat
2026-07-20T13:05:17.779564+00:00,2026-07-20T16:05:17.779564+03:00,3152,Mimar Sinan Zemin Altı Otoparkı,ÜSKÜDAR,41.0222,29.0169,956,0,956,KAPALI OTOPARK,1,15,24 Saat
2026-07-20T13:05:17.779564+00:00,2026-07-20T16:05:17.779564+03:00,2870,Miniatürk Çadır Açık Otoparkı,BEYOĞLU,41.0594,28.9501,250,196,54,AÇIK OTOPARK,1,15,07:00-20:00
2026-07-20T13:05:17.779564+00:00,2026-07-20T16:05:17.779564+03:00,2556,Muallim Naci Açık Otoparkı,BEŞİKTAŞ,41.0561,29.0342,35,26,9,AÇIK OTOPARK,1,15,24 Saat
2026-07-20T13:05:17.779564+00:00,2026-07-20T16:05:17.779564+03:00,569,Oda Kule Önü 1,BEYOĞLU,41.0322,28.9751,24,1,23,YOL ÜSTÜ,1,0,07:00-01:00
2026-07-20T13:05:17.779564+00:00,2026-07-20T16:05:17.779564+03:00,1988,Orhangazi Şehir Parkı PD Açık Otoparkı,MALTEPE,40.9313,29.1161,5022,4614,408,AÇIK OTOPARK,1,15,24 Saat
2026-07-20T13:05:17.779564+00:00,2026-07-20T16:05:17.779564+03:00,152,Ortabahçe Caddesi 2,BEŞİKTAŞ,41.0428,29.0043,35,1,34,YOL ÜSTÜ,1,15,08:00-23:00
2026-07-20T13:05:17.779564+00:00,2026-07-20T16:05:17.779564+03:00,153,Ortabahçe Caddesi 3,BEŞİKTAŞ,41.043,29.0042,26,1,25,YOL ÜSTÜ,1,15,08:00-23:00
2026-07-20T13:05:17.779564+00:00,2026-07-20T16:05:17.779564+03:00,119,Ortaklar Caddesi 1,ŞİŞLİ,41.0638,28.9971,25,1,24,YOL ÜSTÜ,1,15,08:30-17:00
2026-07-20T13:05:17.779564+00:00,2026-07-20T16:05:17.779564+03:00,1343,Ortaköy Açık Otoparkı,BEŞİKTAŞ,41.0504,29.0326,170,136,34,AÇIK OTOPARK,1,0,24 Saat
2026-07-20T13:05:17.779564+00:00,2026-07-20T16:05:17.779564+03:00,572,Ortaköy Portakal Yokuşu 1,BEŞİKTAŞ,41.0503,29.0261,15,1,14,YOL ÜSTÜ,1,15,09:00-19:00
2026-07-20T13:05:17.779564+00:00,2026-07-20T16:05:17.779564+03:00,1039,Öğretmen Evi,AVCILAR,40.9723,28.714,80,42,38,AÇIK OTOPARK,1,0,11:00-23:00
2026-07-20T13:05:17.779564+00:00,2026-07-20T16:05:17.779564+03:00,1466,Pendik Katlı Otoparkı,PENDİK,40.8789,29.2342,120,0,120,KAPALI OTOPARK,1,15,24 Saat
2026-07-20T13:05:17.779564+00:00,2026-07-20T16:05:17.779564+03:00,3073,Pendik Kemal Kalkuz Parkı Zemin Altı Otoparkı,PENDİK,40.8885,29.2427,224,0,224,KAPALI OTOPARK,1,0,09:00-18:00
2026-07-20T13:05:17.779564+00:00,2026-07-20T16:05:17.779564+03:00,3019,Pendik Meydan Zemin Altı Otoparkı,PENDİK,40.8752,29.2324,937,0,937,KAPALI OTOPARK,1,0,24 Saat
2026-07-20T13:05:17.779564+00:00,2026-07-20T16:05:17.779564+03:00,2865,Pendik Sahil Engelliler Merkez Önü,PENDİK,40.8735,29.233,100,66,34,AÇIK OTOPARK,1,0,11:00-20:00
2026-07-20T13:05:17.779564+00:00,2026-07-20T16:05:17.779564+03:00,2434,Pendik Sahil İdo,PENDİK,40.8755,29.2369,100,0,100,AÇIK OTOPARK,1,0,07:00-23:00
2026-07-20T13:05:17.779564+00:00,2026-07-20T16:05:17.779564+03:00,248,Pendik Yenimahalle Açık 2 Otoparkı,PENDİK,40.864,29.2723,124,92,32,AÇIK OTOPARK,1,15,10:00-22:00
2026-07-20T13:05:17.779564+00:00,2026-07-20T16:05:17.779564+03:00,297,Perşembe Pazarı 1,BEYOĞLU,41.0252,28.9693,32,1,31,YOL ÜSTÜ,1,15,08:00-17:00
2026-07-20T13:05:17.779564+00:00,2026-07-20T16:05:17.779564+03:00,597,Pierre Loti Caddesi 3,FATİH,41.0069,28.9711,36,1,35,YOL ÜSTÜ,1,0,07:00-17:00
2026-07-20T13:05:17.779564+00:00,2026-07-20T16:05:17.779564+03:00,3263,Piyalepaşa Meydanı Zemin Altı Otoparkı,BEYOĞLU,41.0445,28.9674,560,300,260,KAPALI OTOPARK,1,0,24 Saat
2026-07-20T13:05:17.779564+00:00,2026-07-20T16:05:17.779564+03:00,423,Prof.Cemil Birsel Yokuşu 3,FATİH,41.0178,28.967,40,1,39,YOL ÜSTÜ,1,0,07:00-18:00
2026-07-20T13:05:17.779564+00:00,2026-07-20T16:05:17.779564+03:00,1900,Ragıp Gümüşpala Cad.(Sobacılar Önü),FATİH,41.0181,28.969,40,1,39,YOL ÜSTÜ,1,15,07:00-18:00
2026-07-20T13:05:17.779564+00:00,2026-07-20T16:05:17.779564+03:00,415,Ragıp Gümüşpala Camii Önü 1,FATİH,41.0211,28.9627,35,1,34,YOL ÜSTÜ,1,0,07:00-17:30
2026-07-20T13:05:17.779564+00:00,2026-07-20T16:05:17.779564+03:00,3268,Refik Saydam Caddesi 3,BEYOĞLU,41.032,28.9736,55,1,54,YOL ÜSTÜ,1,0,06:00-23:00
2026-07-20T13:05:17.779564+00:00,2026-07-20T16:05:17.779564+03:00,2307,Ressam Halim Sokak PD Açık Otoparkı,BAHÇELİEVLER,40.9967,28.8641,120,67,53,AÇIK OTOPARK,1,15,08:00-00:00
2026-07-20T13:05:17.779564+00:00,2026-07-20T16:05:17.779564+03:00,3082,Rumeli Hisarı Sahil Yolu Otoparkı,SARIYER,41.0854,29.0568,20,3,17,AÇIK OTOPARK,1,0,24 Saat
2026-07-20T13:05:17.779564+00:00,2026-07-20T16:05:17.779564+03:00,1595,Sabiha Gökçen Açık Otoparkı,PENDİK,40.925,29.308,1056,241,815,AÇIK OTOPARK,1,15,24 Saat
2026-07-20T13:05:17.779564+00:00,2026-07-20T16:05:17.779564+03:00,3239,Samatya Sahil Cep Otoparkı,FATİH,40.9954,28.932,113,107,6,AÇIK OTOPARK,1,15,24 Saat
2026-07-20T13:05:17.779564+00:00,2026-07-20T16:05:17.779564+03:00,3273,Sarıyer Büyükdere Fidanlığı,SARIYER,41.1548,29.0268,160,157,3,AÇIK OTOPARK,1,0,08:00-18:00
2026-07-20T13:05:17.779564+00:00,2026-07-20T16:05:17.779564+03:00,3299,Sariyer Ayazağa Mah Vadi İstanbul Önü Açık Otoparkı,SARIYER,41.1106,28.9881,100,97,3,AÇIK OTOPARK,1,0,08:00-20:00
2026-07-20T13:05:17.779564+00:00,2026-07-20T16:05:17.779564+03:00,1303,Seyrantepe Katlı (Arena Karşısı) 1,KAĞITHANE,41.101,28.9961,1897,1,1896,KAPALI OTOPARK,1,0,24 Saat
2026-07-20T13:05:17.779564+00:00,2026-07-20T16:05:17.779564+03:00,1628,Sıracevizler Caddesi Yol Üstü 5,ŞİŞLİ,41.0607,28.9841,45,1,44,YOL ÜSTÜ,1,15,09:00-17:00
2026-07-20T13:05:17.779564+00:00,2026-07-20T16:05:17.779564+03:00,464,Sirkeci Gar Önü,FATİH,41.015,28.9761,60,1,59,AÇIK OTOPARK,1,5,07:00-20:00
2026-07-20T13:05:17.779564+00:00,2026-07-20T16:05:17.779564+03:00,1486,Siyavuşpaşa Yer Altı Otoparkı,BAHÇELİEVLER,40.9965,28.8532,155,0,155,KAPALI OTOPARK,1,0,24 Saat
2026-07-20T13:05:17.779564+00:00,2026-07-20T16:05:17.779564+03:00,1958,Soğanlık Metro PD Açık Otoparkı,KARTAL,40.9131,29.1925,898,814,84,AÇIK OTOPARK,1,15,24 Saat
2026-07-20T13:05:17.779564+00:00,2026-07-20T16:05:17.779564+03:00,589,Su Terazisi Sokak,FATİH,41.0046,28.9727,22,1,21,YOL ÜSTÜ,1,0,07:30-17:00
2026-07-20T13:05:17.779564+00:00,2026-07-20T16:05:17.779564+03:00,1478,Suadiye Cep Açık Otoparkı,KADIKÖY,40.9586,29.0732,130,110,20,AÇIK OTOPARK,1,15,24 Saat
2026-07-20T13:05:17.779564+00:00,2026-07-20T16:05:17.779564+03:00,2948,Suadiye Sahil Açık Otoparkı,KADIKÖY,40.9562,29.0797,70,28,42,AÇIK OTOPARK,1,5,24 Saat
2026-07-20T13:05:17.779564+00:00,2026-07-20T16:05:17.779564+03:00,2799,Sultanbeyli Emir Caddesi Zemin Altı Otoparkı,SULTANBEYLİ,40.9707,29.2606,130,52,78,KAPALI OTOPARK,1,15,08:00-22:00
2026-07-20T13:05:17.779564+00:00,2026-07-20T16:05:17.779564+03:00,2372,Sultanbeyli Kent Meydanı Zemin Altı Otoparkı,SULTANBEYLİ,40.9667,29.2667,300,134,166,KAPALI OTOPARK,1,15,24 Saat
2026-07-20T13:05:17.779564+00:00,2026-07-20T16:05:17.779564+03:00,2410,Sultangazi Zemin Altı Otoparkı,SULTANGAZİ,41.0944,28.8649,104,0,104,KAPALI OTOPARK,1,10,24 Saat
2026-07-20T13:05:17.779564+00:00,2026-07-20T16:05:17.779564+03:00,2085,Süleyman Seba Caddesi 2,BEŞİKTAŞ,41.0426,28.9998,40,1,39,YOL ÜSTÜ,1,15,08:00-18:00
2026-07-20T13:05:17.779564+00:00,2026-07-20T16:05:17.779564+03:00,2088,Süleyman Seba Caddesi 5,BEŞİKTAŞ,41.0432,28.9978,40,1,39,YOL ÜSTÜ,1,15,08:00-18:00
2026-07-20T13:05:17.779564+00:00,2026-07-20T16:05:17.779564+03:00,2089,Süleyman Seba Caddesi 6,BEŞİKTAŞ,41.0435,28.9967,11,1,10,YOL ÜSTÜ,1,15,08:00-18:00
2026-07-20T13:05:17.779564+00:00,2026-07-20T16:05:17.779564+03:00,2391,Süleymaniye Cami Altı Açık Otoparkı,FATİH,41.0158,28.961,250,234,16,AÇIK OTOPARK,1,0,06:30-18:30
2026-07-20T13:05:17.779564+00:00,2026-07-20T16:05:17.779564+03:00,1730,Sütlüce Miniatürk Yanı,BEYOĞLU,41.057,28.95,320,234,86,AÇIK OTOPARK,1,15,24 Saat
2026-07-20T13:05:17.779564+00:00,2026-07-20T16:05:17.779564+03:00,36,Şakayık Sokak 4,ŞİŞLİ,41.0518,28.9936,50,1,49,YOL ÜSTÜ,0,15,08:00-16:00
2026-07-20T13:05:17.779564+00:00,2026-07-20T16:05:17.779564+03:00,1469,Şehit Volkan Duysak Katlı Otoparkı,ZEYTİNBURNU,40.9968,28.9039,1000,663,337,KAPALI OTOPARK,1,5,24 Saat
2026-07-20T13:05:17.779564+00:00,2026-07-20T16:05:17.779564+03:00,2385,Şehremini Açık Otoparkı 1,FATİH,41.0135,28.9333,60,1,59,AÇIK OTOPARK,1,0,08:30-20:30
2026-07-20T13:05:17.779564+00:00,2026-07-20T16:05:17.779564+03:00,2855,Şemsipaşa Açık Otoparkı,ÜSKÜDAR,41.0255,29.0097,80,31,49,AÇIK OTOPARK,1,0,24 Saat
2026-07-20T13:05:17.779564+00:00,2026-07-20T16:05:17.779564+03:00,2439,Şirinevler Meydan Zeminaltı Otoparkı,BAHÇELİEVLER,40.9925,28.8496,367,25,342,KAPALI OTOPARK,1,0,24 Saat
2026-07-20T13:05:17.779564+00:00,2026-07-20T16:05:17.779564+03:00,3400,Şişhane Refik Saydam Caddesi 2 Yol Üstü Otoparkı 1,BEYOĞLU,41.0326,28.9743,70,1,69,YOL ÜSTÜ,1,15,06:00-23:00
2026-07-20T13:05:17.779564+00:00,2026-07-20T16:05:17.779564+03:00,1017,Şişli Kadırgalar Caddesi 1,ŞİŞLİ,41.0429,28.9927,100,1,99,AÇIK OTOPARK,1,0,07:00-23:00
2026-07-20T13:05:17.779564+00:00,2026-07-20T16:05:17.779564+03:00,3441,Şişli Kuştepe Zemin Altı Otoparkı,ŞİŞLİ,41.072,28.9919,430,316,114,KAPALI OTOPARK,1,15,24 Saat
2026-07-20T13:05:17.779564+00:00,2026-07-20T16:05:17.779564+03:00,2816,Şişli Rumeli Caddesi Metro Yanı 1,ŞİŞLİ,41.0538,28.9868,45,1,44,YOL ÜSTÜ,1,15,08:00-20:00
2026-07-20T13:05:17.779564+00:00,2026-07-20T16:05:17.779564+03:00,2406,Şişli Zemin Altı Otoparkı,ŞİŞLİ,41.0641,28.9992,581,187,394,KAPALI OTOPARK,1,15,24 Saat
2026-07-20T13:05:17.779564+00:00,2026-07-20T16:05:17.779564+03:00,1993,Tuzla İdo,TUZLA,40.8149,29.3039,300,267,33,AÇIK OTOPARK,1,15,24 Saat
2026-07-20T13:05:17.779564+00:00,2026-07-20T16:05:17.779564+03:00,3332,Tuzla Sahil Cep,TUZLA,40.8168,29.2992,50,42,8,AÇIK OTOPARK,1,0,08:00-00:00
2026-07-20T13:05:17.779564+00:00,2026-07-20T16:05:17.779564+03:00,3057,Tuzla Sahil Zemin Altı Otoparkı,TUZLA,40.8181,29.3004,779,544,235,KAPALI OTOPARK,1,15,24 Saat
2026-07-20T13:05:17.779564+00:00,2026-07-20T16:05:17.779564+03:00,1811,Ulu Camii Açık Otoparkı,BAHÇELİEVLER,40.9982,28.8499,150,120,30,AÇIK OTOPARK,1,10,24 Saat
2026-07-20T13:05:17.779564+00:00,2026-07-20T16:05:17.779564+03:00,2424,Uzunçayır Açık Otoparkı,KADIKÖY,40.9988,29.0556,58,52,6,AÇIK OTOPARK,0,0,06:00-16:00
2026-07-20T13:05:17.779564+00:00,2026-07-20T16:05:17.779564+03:00,1468,Ümraniye Katlı Otoparkı,ÜMRANİYE,41.0261,29.0953,665,362,303,KAPALI OTOPARK,1,15,24 Saat
2026-07-20T13:05:17.779564+00:00,2026-07-20T16:05:17.779564+03:00,2898,Ümraniye Okan Sokak Zeminaltı Otoparkı,ÜMRANİYE,41.0284,29.0907,125,35,90,KAPALI OTOPARK,1,15,24 Saat
2026-07-20T13:05:17.779564+00:00,2026-07-20T16:05:17.779564+03:00,2345,Üsküdar Uzunçayır PD Açık Otoparkı,ÜSKÜDAR,40.9988,29.0577,90,57,33,AÇIK OTOPARK,1,15,06:00-22:00
2026-07-20T13:05:17.779564+00:00,2026-07-20T16:05:17.779564+03:00,1929,Üsküdar Ünalan Açık Otoparkı,ÜSKÜDAR,40.9979,29.0604,180,175,5,AÇIK OTOPARK,1,0,07:00-17:00
2026-07-20T13:05:17.779564+00:00,2026-07-20T16:05:17.779564+03:00,1487,Vatan Caddesi PD Açık Otoparkı,FATİH,41.0157,28.9405,397,239,158,AÇIK OTOPARK,1,5,24 Saat
2026-07-20T13:05:17.779564+00:00,2026-07-20T16:05:17.779564+03:00,1621,Veteriner Hilmi Sokak Yol Üstü 1,ŞİŞLİ,41.0603,28.9892,20,1,19,YOL ÜSTÜ,1,15,08:00-17:00
2026-07-20T13:05:17.779564+00:00,2026-07-20T16:05:17.779564+03:00,2441,Yalı Açık Otoparkı,MALTEPE,40.9095,29.137,85,82,3,AÇIK OTOPARK,1,0,07:30-22:00
2026-07-20T13:05:17.779564+00:00,2026-07-20T16:05:17.779564+03:00,459,Yalı Köşkü Caddesi 1,FATİH,41.0163,28.9759,61,1,60,YOL ÜSTÜ,1,5,07:00-21:00
2026-07-20T13:05:17.779564+00:00,2026-07-20T16:05:17.779564+03:00,2037,Yenikapı Marmaray Büyük Otoparkı,FATİH,41.0057,28.9505,324,94,230,AÇIK OTOPARK,1,15,24 Saat
2026-07-20T13:05:17.779564+00:00,2026-07-20T16:05:17.779564+03:00,2036,Yenikapı Marmaray Küçük Otoparkı,FATİH,41.0064,28.9504,200,139,61,AÇIK OTOPARK,1,15,07:00-22:00
2026-07-20T13:05:17.779564+00:00,2026-07-20T16:05:17.779564+03:00,2175,Yenikapı Spor ve Kültür Merkezi PD Açık Otoparkı,FATİH,41.0006,28.9519,4023,3826,197,AÇIK OTOPARK,1,15,24 Saat
2026-07-20T13:05:17.779564+00:00,2026-07-20T16:05:17.779564+03:00,2805,Yenikapı Tünel Üstü Açık Otoparkı,FATİH,41.0029,28.9534,700,439,261,AÇIK OTOPARK,1,10,24 Saat
2026-07-20T13:05:17.779564+00:00,2026-07-20T16:05:17.779564+03:00,3404,Yenimahalle Metro Zemin Altı PD Otoparkı,GAZİOSMANPAŞA,41.0839,28.8926,114,96,18,KAPALI OTOPARK,1,15,24 Saat
2026-07-20T13:05:17.779564+00:00,2026-07-20T16:05:17.779564+03:00,2920,Yeşilce Zemin Altı Katlı Otoparkı,KAĞITHANE,41.0938,29.0017,676,71,605,KAPALI OTOPARK,1,0,24 Saat
2026-07-20T13:05:17.779564+00:00,2026-07-20T16:05:17.779564+03:00,987,Yeşilköy İstasyon Caddesi 1,BAKIRKÖY,40.962,28.825,40,1,39,YOL ÜSTÜ,1,15,09:00-17:30
2026-07-20T13:05:17.779564+00:00,2026-07-20T16:05:17.779564+03:00,974,Yeşilköy Marina 1,BAKIRKÖY,40.9576,28.8233,145,1,144,YOL ÜSTÜ,1,0,12:00-23:00
2026-07-20T13:05:17.779564+00:00,2026-07-20T16:05:17.779564+03:00,3406,Yeşilpınar Metro Zemin Altı PD Otoparkı,EYÜP,41.081,28.9204,269,213,56,KAPALI OTOPARK,1,15,24 Saat
2026-07-20T13:05:17.779564+00:00,2026-07-20T16:05:17.779564+03:00,315,Yeşilyurt Çarşı 1,BAKIRKÖY,40.9643,28.8379,50,1,49,YOL ÜSTÜ,1,15,09:00-17:30
2026-07-20T13:05:17.779564+00:00,2026-07-20T16:05:17.779564+03:00,1133,Yıldız Korusu,BEŞİKTAŞ,41.0514,29.0165,500,1,499,AÇIK OTOPARK,1,0,08:00-22:00
2026-07-20T13:05:17.779564+00:00,2026-07-20T16:05:17.779564+03:00,3185,Zeytinburnu Sahil Cep Otoparkı,ZEYTİNBURNU,40.9798,28.8985,160,1,159,AÇIK OTOPARK,1,0,12:00-22:00
2026-07-20T15:49:25.597050+00:00,2026-07-20T18:49:25.597050+03:00,3068,15 Temmuz Şehitler Meydanı Zeminaltı Otoparkı,ÜMRANİYE,41.0246,29.0915,1029,551,478,KAPALI OTOPARK,1,15,24 Saat
2026-07-20T15:49:25.597050+00:00,2026-07-20T18:49:25.597050+03:00,2338,19 Mayıs Açık,ŞİŞLİ,41.0563,28.9941,65,0,65,AÇIK OTOPARK,1,0,24 Saat
2026-07-20T15:49:25.597050+00:00,2026-07-20T18:49:25.597050+03:00,1751,4.Levent PD Açık Otoparkı,KAĞITHANE,41.0836,29.0081,236,114,122,AÇIK OTOPARK,1,5,24 Saat
2026-07-20T15:49:25.597050+00:00,2026-07-20T18:49:25.597050+03:00,3328,4.Levent Servis ve Turizm Araçları Açık Otoparkı,ŞİŞLİ,41.0841,29.0054,300,149,151,AÇIK OTOPARK,1,15,24 Saat
2026-07-20T15:49:25.597050+00:00,2026-07-20T18:49:25.597050+03:00,3412,5. Levent Gaziosmanpaşa Adliyesi Yanı Açık Otoparkı,EYÜP,41.0927,28.9494,250,233,17,AÇIK OTOPARK,1,15,07:00-23:00
2026-07-20T15:49:25.597050+00:00,2026-07-20T18:49:25.597050+03:00,104,Abide-i Hürriyet Caddesi 5,ŞİŞLİ,41.0619,28.9876,40,1,39,YOL ÜSTÜ,0,15,08:00-17:00
2026-07-20T15:49:25.597050+00:00,2026-07-20T18:49:25.597050+03:00,2452,Acıbadem Açık Otoparkı,ÜSKÜDAR,41.0157,29.0574,100,87,13,AÇIK OTOPARK,0,0,06:30-16:00
2026-07-20T15:49:25.597050+00:00,2026-07-20T18:49:25.597050+03:00,346,Ada Karşısı Cep 2,BEŞİKTAŞ,41.072,29.045,30,1,29,YOL ÜSTÜ,1,15,08:00-23:00
2026-07-20T15:49:25.597050+00:00,2026-07-20T18:49:25.597050+03:00,1663,Akasyalı Sokak Tenis Kulubü Önü 2,BEŞİKTAŞ,41.0867,29.0109,45,1,44,YOL ÜSTÜ,0,15,08:30-17:30
2026-07-20T15:49:25.597050+00:00,2026-07-20T18:49:25.597050+03:00,828,Akdeniz Caddesi 4,FATİH,41.0175,28.9435,27,1,26,YOL ÜSTÜ,0,15,09:00-18:00
2026-07-20T15:49:25.597050+00:00,2026-07-20T18:49:25.597050+03:00,1913,Alibeyköy Cep Otogarı Açık Otoparkı,EYÜP,41.0879,28.9446,116,29,87,AÇIK OTOPARK,1,25,24 Saat
2026-07-20T15:49:25.597050+00:00,2026-07-20T18:49:25.597050+03:00,1912,Alibeyköy Cep Otogarı Otobüs Otoparkı,EYÜP,41.0875,28.9449,5000,4985,15,AÇIK OTOPARK,1,60,24 Saat
2026-07-20T15:49:25.597050+00:00,2026-07-20T18:49:25.597050+03:00,2562,Alibeyköy Yeşiltepe Zemin Altı Otoparkı,EYÜP,41.0797,28.938,159,67,92,KAPALI OTOPARK,1,15,24 Saat
2026-07-20T15:49:25.597050+00:00,2026-07-20T18:49:25.597050+03:00,3201,Altınboynuz Sosyal Tesisleri,EYÜP,41.058,28.9447,70,70,0,AÇIK OTOPARK,1,15,08:00-23:00
2026-07-20T15:49:25.597050+00:00,2026-07-20T18:49:25.597050+03:00,758,Arap Camii Açık Otoparkı,BEYOĞLU,41.0227,28.9723,30,1,29,AÇIK OTOPARK,0,0,09:00-17:00
2026-07-20T15:49:25.597050+00:00,2026-07-20T18:49:25.597050+03:00,1963,Aras Sokak 1,BÜYÜKÇEKMECE,41.0226,28.622,60,1,59,YOL ÜSTÜ,0,0,06:00-14:30
2026-07-20T15:49:25.597050+00:00,2026-07-20T18:49:25.597050+03:00,2802,Arnavutköy Zemin Altı Otoparkı,ARNAVUTKÖY,41.1838,28.7396,700,23,677,KAPALI OTOPARK,1,15,24 Saat
2026-07-20T15:49:25.597050+00:00,2026-07-20T18:49:25.597050+03:00,1797,Ataköy Atrium AVM,BAKIRKÖY,40.9881,28.8459,250,180,70,AÇIK OTOPARK,1,15,08:00-23:00
2026-07-20T15:49:25.597050+00:00,2026-07-20T18:49:25.597050+03:00,2824,Ataköy Metro Durağı Yanı PD Zemin Altı Otoparkı,BAKIRKÖY,40.9904,28.8456,150,90,60,KAPALI OTOPARK,1,0,24 Saat
2026-07-20T15:49:25.597050+00:00,2026-07-20T18:49:25.597050+03:00,3161,Ataşehir Topçu İbrahim Sokak,ATAŞEHİR,40.9736,29.101,42,1,41,YOL ÜSTÜ,0,15,07:00-16:00
2026-07-20T15:49:25.597050+00:00,2026-07-20T18:49:25.597050+03:00,359,Atatürk Bulvarı 1,FATİH,41.0112,28.9534,20,1,19,YOL ÜSTÜ,0,0,07:30-18:00
2026-07-20T15:49:25.597050+00:00,2026-07-20T18:49:25.597050+03:00,3087,Atatürk Kent Ormanı Otoparkı,SARIYER,41.136,29.0262,200,197,3,AÇIK OTOPARK,0,0,08:00-17:00
2026-07-20T15:49:25.597050+00:00,2026-07-20T18:49:25.597050+03:00,1088,Avcılar İdo,AVCILAR,40.9712,28.7185,270,263,7,AÇIK OTOPARK,1,0,13:00-07:00
2026-07-20T15:49:25.597050+00:00,2026-07-20T18:49:25.597050+03:00,2885,Azapkapı Haliç Metro Otoparkı,ŞİŞLİ,41.0245,28.9691,80,35,45,AÇIK OTOPARK,1,5,24 Saat
2026-07-20T15:49:25.597050+00:00,2026-07-20T18:49:25.597050+03:00,2455,Azerbaycan Dostluk Parkı Zemin Altı Otoparkı,BAĞCILAR,41.0444,28.854,400,191,209,KAPALI OTOPARK,1,10,24 Saat
2026-07-20T15:49:25.597050+00:00,2026-07-20T18:49:25.597050+03:00,2965,Bağcılar Çolakoğlu Zemin Altı Otoparkı,BAĞCILAR,41.0324,28.8345,106,0,106,KAPALI OTOPARK,1,5,24 Saat
2026-07-20T15:49:25.597050+00:00,2026-07-20T18:49:25.597050+03:00,2576,Bağcılar Demirkapı Zemin Altı Otoparkı,BAĞCILAR,41.0499,28.8327,343,155,188,KAPALI OTOPARK,1,5,24 Saat
2026-07-20T15:49:25.597050+00:00,2026-07-20T18:49:25.597050+03:00,3036,Bağcılar Devlet Hastanesi Yanı Zeminaltı Otoparkı,BAĞCILAR,41.0312,28.8696,1133,140,993,KAPALI OTOPARK,1,15,24 Saat
2026-07-20T15:49:25.597050+00:00,2026-07-20T18:49:25.597050+03:00,3071,Bağcılar Emniyet Müdürlüğü Yanı Açık Otoparkı,BAĞCILAR,41.0353,28.8598,100,29,71,AÇIK OTOPARK,1,0,24 Saat
2026-07-20T15:49:25.597050+00:00,2026-07-20T18:49:25.597050+03:00,2873,Bağcılar Göztepe Zemin Altı,BAĞCILAR,41.0567,28.8355,120,0,120,KAPALI OTOPARK,1,5,24 Saat
2026-07-20T15:49:25.597050+00:00,2026-07-20T18:49:25.597050+03:00,3187,Bağcılar Hürriyet Mahallesi Zemin Altı Otoparkı,BAĞCILAR,41.0291,28.8333,355,0,355,KAPALI OTOPARK,1,10,24 Saat
2026-07-20T15:49:25.597050+00:00,2026-07-20T18:49:25.597050+03:00,2916,Bağcılar Kent Meydanı PD Zemin Altı Otoparkı,BAĞCILAR,41.0339,28.8556,1162,0,1162,KAPALI OTOPARK,1,0,24 Saat
2026-07-20T15:49:25.597050+00:00,2026-07-20T18:49:25.597050+03:00,3261,Bağcılar Yenimahalle Zemin Altı Otoparkı,BAĞCILAR,41.0425,28.8395,525,275,250,KAPALI OTOPARK,1,15,24 Saat
2026-07-20T15:49:25.597050+00:00,2026-07-20T18:49:25.597050+03:00,2820,Bağcılar Yıldıztepe Katlı Otoparkı,BAĞCILAR,41.0294,28.8556,350,0,350,KAPALI OTOPARK,1,10,24 Saat
2026-07-20T15:49:25.597050+00:00,2026-07-20T18:49:25.597050+03:00,3447,Bahçelievler 23 Nisan Milli Egemenlik Zeminaltı Otoparkı,BAHÇELİEVLER,40.9988,28.8472,732,464,268,KAPALI OTOPARK,1,10,24 Saat
2026-07-20T15:49:25.597050+00:00,2026-07-20T18:49:25.597050+03:00,2993,Bahçelievler Cumhuriyet Zeminaltı Otoparkı,BAHÇELİEVLER,41.0149,28.859,663,0,663,KAPALI OTOPARK,1,10,24 Saat
2026-07-20T15:49:25.597050+00:00,2026-07-20T18:49:25.597050+03:00,2969,Bahçelievler Devlet Hastanesi Yanı Katlı Otoparkı,BAHÇELİEVLER,41.0072,28.8442,740,0,740,KAPALI OTOPARK,1,0,24 Saat
2026-07-20T15:49:25.597050+00:00,2026-07-20T18:49:25.597050+03:00,3051,Bahçelievler Zafer Mh. Zeminaltı Otoparkı,BAHÇELİEVLER,41.0036,28.8351,200,88,112,KAPALI OTOPARK,1,0,24 Saat
2026-07-20T15:49:25.597050+00:00,2026-07-20T18:49:25.597050+03:00,3118,Bahçeşehir Doğa Parkı Caddesi 3,BAŞAKŞEHİR,41.0683,28.6894,22,1,21,YOL ÜSTÜ,1,15,10:00-20:00
2026-07-20T15:49:25.597050+00:00,2026-07-20T18:49:25.597050+03:00,3236,Bahçeşehir Gölet Açık Otoparkı,BAŞAKŞEHİR,41.0719,28.6901,200,1,199,AÇIK OTOPARK,1,0,12:00-22:00
2026-07-20T15:49:25.597050+00:00,2026-07-20T18:49:25.597050+03:00,1465,Bakırköy İdo Açık Otoparkı,BAKIRKÖY,40.9739,28.8761,160,89,71,AÇIK OTOPARK,1,10,24 Saat
2026-07-20T15:49:25.597050+00:00,2026-07-20T18:49:25.597050+03:00,1104,Balmumcu Katlı Otoparkı,BEŞİKTAŞ,41.0636,29.0109,400,298,102,KAPALI OTOPARK,1,5,24 Saat
2026-07-20T15:49:25.597050+00:00,2026-07-20T18:49:25.597050+03:00,2796,Başakşehir Metro Açık Otoparkı,BAŞAKŞEHİR,41.107,28.801,125,1,124,AÇIK OTOPARK,0,0,07:00-16:00
2026-07-20T15:49:25.597050+00:00,2026-07-20T18:49:25.597050+03:00,2350,Bayrampaşa Adapark Katlı Otoparkı,BAYRAMPAŞA,41.0647,28.8875,650,0,650,KAPALI OTOPARK,1,15,24 Saat
2026-07-20T15:49:25.597050+00:00,2026-07-20T18:49:25.597050+03:00,2892,Bayrampaşa Altıntepsi Zemin  Altı Otoparkı,BAYRAMPAŞA,41.0393,28.9029,110,0,110,KAPALI OTOPARK,1,10,24 Saat
2026-07-20T15:49:25.597050+00:00,2026-07-20T18:49:25.597050+03:00,2909,Bayrampaşa Atatürk Parkı  Zemin Altı Otoparkı,BAYRAMPAŞA,41.0342,28.9123,442,0,442,KAPALI OTOPARK,1,10,24 Saat
2026-07-20T15:49:25.597050+00:00,2026-07-20T18:49:25.597050+03:00,2683,Bayrampaşa Devlet Hastanesi Cep Otoparkı,BAYRAMPAŞA,41.0414,28.9031,55,51,4,AÇIK OTOPARK,1,0,08:00-19:00
2026-07-20T15:49:25.597050+00:00,2026-07-20T18:49:25.597050+03:00,3301,Bayrampaşa Kocatepe Mahallesi Zemin Altı Otoparkı,BAYRAMPAŞA,41.0545,28.8964,241,0,241,KAPALI OTOPARK,1,10,24 Saat
2026-07-20T15:49:25.597050+00:00,2026-07-20T18:49:25.597050+03:00,2053,Bayrampaşa Muratpaşa Yer Altı Otoparkı,BAYRAMPAŞA,41.047,28.9082,300,9,291,KAPALI OTOPARK,1,15,24 Saat
2026-07-20T15:49:25.597050+00:00,2026-07-20T18:49:25.597050+03:00,3175,Bayrampaşa Spor Kompleksi Zemin Altı Otoparkı,BAYRAMPAŞA,41.0446,28.9106,205,0,205,KAPALI OTOPARK,1,15,24 Saat
2026-07-20T15:49:25.597050+00:00,2026-07-20T18:49:25.597050+03:00,3382,Bayrampaşa Şehit Kamil Balkan Zemin Altı Otoparkı,BAYRAMPAŞA,41.0604,28.9008,235,0,235,KAPALI OTOPARK,1,10,24 Saat
2026-07-20T15:49:25.597050+00:00,2026-07-20T18:49:25.597050+03:00,2428,Bayrampaşa Yenidoğan Mahallesi Zemin Altı Otoparkı,BAYRAMPAŞA,41.0395,28.9088,120,0,120,KAPALI OTOPARK,1,10,24 Saat
2026-07-20T15:49:25.597050+00:00,2026-07-20T18:49:25.597050+03:00,2468,Bebek Açık,BEŞİKTAŞ,41.077,29.0434,30,6,24,AÇIK OTOPARK,1,0,24 Saat
2026-07-20T15:49:25.597050+00:00,2026-07-20T18:49:25.597050+03:00,3479,Beşiktaş Halk Pazarı Açık Otoparkı,BEŞİKTAŞ,41.0496,29.0004,170,112,58,AÇIK OTOPARK,1,5,24 Saat
2026-07-20T15:49:25.597050+00:00,2026-07-20T18:49:25.597050+03:00,3257,Beykoz Sahil Cep Otoparkı,BEYKOZ,41.1286,29.0953,100,75,25,AÇIK OTOPARK,1,0,08:00-00:00
2026-07-20T15:49:25.597050+00:00,2026-07-20T18:49:25.597050+03:00,2273,Beykoz Sosyal Tesisleri,BEYKOZ,41.1143,29.0888,130,0,130,AÇIK OTOPARK,1,15,08:00-00:00
2026-07-20T15:49:25.597050+00:00,2026-07-20T18:49:25.597050+03:00,2999,Beyoğlu Gazhane Bostan Sokak 2,BEYOĞLU,41.0389,28.9903,35,1,34,YOL ÜSTÜ,0,0,07:30-16:30
2026-07-20T15:49:25.597050+00:00,2026-07-20T18:49:25.597050+03:00,3072,Beyoğlu Örnektepe Zemin Altı Otoparkı,BEYOĞLU,41.0543,28.9548,143,0,143,KAPALI OTOPARK,1,0,24 Saat
2026-07-20T15:49:25.597050+00:00,2026-07-20T18:49:25.597050+03:00,1455,Bostancı Açık,KADIKÖY,40.9523,29.0902,394,128,266,AÇIK OTOPARK,1,15,24 Saat
2026-07-20T15:49:25.597050+00:00,2026-07-20T18:49:25.597050+03:00,1456,Bostancı Sahil-Cep Açık Otoparkı,KADIKÖY,40.9545,29.0885,192,93,99,AÇIK OTOPARK,1,15,24 Saat
2026-07-20T15:49:25.597050+00:00,2026-07-20T18:49:25.597050+03:00,2150,Bostancı Vergi Dairesi Açık Otoparkı,ATAŞEHİR,40.9625,29.1083,155,0,155,AÇIK OTOPARK,1,5,08:00-20:00
2026-07-20T15:49:25.597050+00:00,2026-07-20T18:49:25.597050+03:00,2854,Bülent Ecevit Kültür Merkezi Açık Otoparkı,KARTAL,40.8852,29.1967,277,272,5,AÇIK OTOPARK,1,5,10:00-21:00
2026-07-20T15:49:25.597050+00:00,2026-07-20T18:49:25.597050+03:00,2866,Büyük İstanbul Otogarı,BAYRAMPAŞA,41.0402,28.8942,1000,0,1000,AÇIK OTOPARK,1,25,24 Saat
2026-07-20T15:49:25.597050+00:00,2026-07-20T18:49:25.597050+03:00,1192,Büyükçamlıca Korusu Sosyal Tesisleri Önü,ÜSKÜDAR,41.0264,29.0698,204,113,91,AÇIK OTOPARK,1,0,08:00-00:00
2026-07-20T15:49:25.597050+00:00,2026-07-20T18:49:25.597050+03:00,2960,Büyükçekmece Metrobüs Durağı Yanı PD Zemin Altı Otopark,BÜYÜKÇEKMECE,41.0221,28.624,448,173,275,KAPALI OTOPARK,1,0,24 Saat
2026-07-20T15:49:25.597050+00:00,2026-07-20T18:49:25.597050+03:00,1503,Cadde Bostan Açık Otoparkı,KADIKÖY,40.9636,29.0675,66,31,35,AÇIK OTOPARK,1,15,24 Saat
2026-07-20T15:49:25.597050+00:00,2026-07-20T18:49:25.597050+03:00,2933,Cemal Kamacı Spor Kompleksi Zemin Altı Otoparkı,KAĞITHANE,41.0536,28.9575,510,0,510,KAPALI OTOPARK,1,0,24 Saat
2026-07-20T15:49:25.597050+00:00,2026-07-20T18:49:25.597050+03:00,2207,Cengiz Topel Yer Altı Katlı Otoparkı,ESENLER,41.0588,28.8643,144,0,144,KAPALI OTOPARK,1,15,24 Saat
2026-07-20T15:49:25.597050+00:00,2026-07-20T18:49:25.597050+03:00,2787,Cevizli Açık Otoparkı,KARTAL,40.9179,29.1712,100,84,16,AÇIK OTOPARK,1,15,08:00-19:00
2026-07-20T15:49:25.597050+00:00,2026-07-20T18:49:25.597050+03:00,782,Cihangir Caddesi 2,BEYOĞLU,41.0319,28.9862,70,1,69,YOL ÜSTÜ,1,15,09:00-19:00
2026-07-20T15:49:25.597050+00:00,2026-07-20T18:49:25.597050+03:00,1467,Cihangir Katlı Otoparkı,BEYOĞLU,41.0318,28.9858,350,0,350,KAPALI OTOPARK,1,0,24 Saat
2026-07-20T15:49:25.597050+00:00,2026-07-20T18:49:25.597050+03:00,535,Cihannuma Yol Üstü 1,BEŞİKTAŞ,41.0454,29.0084,35,1,34,YOL ÜSTÜ,1,0,08:00-23:00
2026-07-20T15:49:25.597050+00:00,2026-07-20T18:49:25.597050+03:00,537,Cihannuma Yol Üstü 3,BEŞİKTAŞ,41.0459,29.0087,33,1,32,YOL ÜSTÜ,1,0,08:00-23:00
2026-07-20T15:49:25.597050+00:00,2026-07-20T18:49:25.597050+03:00,539,Cihannuma Yol Üstü 5,BEŞİKTAŞ,41.0489,29.0094,24,1,23,YOL ÜSTÜ,1,0,08:00-23:00
2026-07-20T15:49:25.597050+00:00,2026-07-20T18:49:25.597050+03:00,3184,Çam Sokak 6,GÜNGÖREN,41.0121,28.8882,50,1,49,YOL ÜSTÜ,0,15,08:00-17:00
2026-07-20T15:49:25.597050+00:00,2026-07-20T18:49:25.597050+03:00,3030,Çekmeköy Metro PD Zemin Altı Otoparkı,ÇEKMEKÖY,41.0147,29.1886,175,65,110,KAPALI OTOPARK,1,15,24 Saat
2026-07-20T15:49:25.597050+00:00,2026-07-20T18:49:25.597050+03:00,2905,Çeliktepe Açık Otoparkı,KAĞITHANE,41.0843,29.0056,200,50,150,AÇIK OTOPARK,1,5,24 Saat
2026-07-20T15:49:25.597050+00:00,2026-07-20T18:49:25.597050+03:00,1298,Çengelköy Açık Otoparkı,ÜSKÜDAR,41.0484,29.0533,500,0,500,AÇIK OTOPARK,1,15,24 Saat
2026-07-20T15:49:25.597050+00:00,2026-07-20T18:49:25.597050+03:00,502,Çınar Açık Otoparkı,BEŞİKTAŞ,41.0853,29.0088,65,1,64,AÇIK OTOPARK,0,0,08:00-18:00
2026-07-20T15:49:25.597050+00:00,2026-07-20T18:49:25.597050+03:00,777,Çırağan Sarayı Yol Üstü 1,BEŞİKTAŞ,41.0448,29.0165,40,1,39,YOL ÜSTÜ,1,15,08:00-23:00
2026-07-20T15:49:25.597050+00:00,2026-07-20T18:49:25.597050+03:00,778,Çırağan Sarayı Yol Üstü 2,BEŞİKTAŞ,41.0445,29.0156,40,1,39,YOL ÜSTÜ,1,15,08:00-23:00
2026-07-20T15:49:25.597050+00:00,2026-07-20T18:49:25.597050+03:00,2228,Çırpıcı Sosyal Tesisler,ZEYTİNBURNU,41,28.8926,128,0,128,AÇIK OTOPARK,1,15,07:00-00:00
2026-07-20T15:49:25.597050+00:00,2026-07-20T18:49:25.597050+03:00,1508,Çiroz Yeşilköy Halk Pazarı,BAKIRKÖY,40.9628,28.8129,471,1,470,AÇIK OTOPARK,0,0,08:00-18:00
2026-07-20T15:49:25.597050+00:00,2026-07-20T18:49:25.597050+03:00,2030,Dalyan Açık Otoparkı,KADIKÖY,40.9632,29.0651,92,0,92,AÇIK OTOPARK,1,15,24 Saat
2026-07-20T15:49:25.597050+00:00,2026-07-20T18:49:25.597050+03:00,2271,Damla Sokak 1,ŞİŞLİ,41.0672,29.0004,17,1,16,YOL ÜSTÜ,0,15,07:30-16:30
2026-07-20T15:49:25.597050+00:00,2026-07-20T18:49:25.597050+03:00,2164,Darüşşafaka Yeraltı Otoparkı,SARIYER,41.1292,29.0252,150,122,28,KAPALI OTOPARK,1,15,08:00-00:00
2026-07-20T15:49:25.597050+00:00,2026-07-20T18:49:25.597050+03:00,1653,Deniz Feneri Otoparkı,FATİH,41.0019,28.9773,175,84,91,AÇIK OTOPARK,1,5,24 Saat
2026-07-20T15:49:25.597050+00:00,2026-07-20T18:49:25.597050+03:00,595,Dostluk Yurdu 1,FATİH,41.0071,28.973,33,33,0,YOL ÜSTÜ,0,15,07:00-17:00
2026-07-20T15:49:25.597050+00:00,2026-07-20T18:49:25.597050+03:00,2237,Dragos Sosyal Tesisleri,KARTAL,40.9017,29.1458,100,29,71,AÇIK OTOPARK,1,15,24 Saat
2026-07-20T15:49:25.597050+00:00,2026-07-20T18:49:25.597050+03:00,3063,Dudullu Metro PD Zemin Altı Otoparkı,ÜMRANİYE,41.0156,29.1633,81,57,24,KAPALI OTOPARK,1,15,07:00-23:30
2026-07-20T15:49:25.597050+00:00,2026-07-20T18:49:25.597050+03:00,1522,Ebu Suut Caddesi 1,FATİH,41.0128,28.9766,35,1,34,YOL ÜSTÜ,0,0,08:00-18:00
2026-07-20T15:49:25.597050+00:00,2026-07-20T18:49:25.597050+03:00,2147,EGS Blokları Açık Otoparkı,BAKIRKÖY,40.9863,28.8354,350,109,241,AÇIK OTOPARK,1,60,09:00-19:30
2026-07-20T15:49:25.597050+00:00,2026-07-20T18:49:25.597050+03:00,2366,Esenler Adem Baştürk Kültür Merkezi Katlı,ESENLER,41.039,28.8846,460,35,425,KAPALI OTOPARK,1,15,24 Saat
2026-07-20T15:49:25.597050+00:00,2026-07-20T18:49:25.597050+03:00,3190,Esenler Havaalanı Mahallesi Zemin Altı Otoparkı,ESENLER,41.0562,28.8674,610,379,231,KAPALI OTOPARK,1,10,24 Saat
2026-07-20T15:49:25.597050+00:00,2026-07-20T18:49:25.597050+03:00,3011,Esenler Menderes Metro İstasyonu Yanı,ESENLER,41.0427,28.8783,68,0,68,AÇIK OTOPARK,1,5,24 Saat
2026-07-20T15:49:25.597050+00:00,2026-07-20T18:49:25.597050+03:00,2822,Esenler Menderes Parkı Zemin Altı Otoparkı,ESENLER,41.0412,28.8729,325,65,260,KAPALI OTOPARK,1,10,24 Saat
2026-07-20T15:49:25.597050+00:00,2026-07-20T18:49:25.597050+03:00,3303,Esenyurt Adile Naşit Bulvarı Zeminaltı Otoparkı,ESENYURT,41.0205,28.6859,367,294,73,KAPALI OTOPARK,1,15,24 Saat
2026-07-20T15:49:25.597050+00:00,2026-07-20T18:49:25.597050+03:00,1692,Eski Büyükdere Caddesi 1,KAĞITHANE,41.0891,29.0059,30,12,18,YOL ÜSTÜ,0,15,08:00-16:30
2026-07-20T15:49:25.597050+00:00,2026-07-20T18:49:25.597050+03:00,1328,Eski Salı Pazarı,KADIKÖY,40.9904,29.0338,760,0,760,AÇIK OTOPARK,1,15,24 Saat
2026-07-20T15:49:25.597050+00:00,2026-07-20T18:49:25.597050+03:00,904,Eyüp Pierloti Caddesi 1,EYÜP,41.0539,28.9329,40,1,39,YOL ÜSTÜ,1,0,09:00-22:00
2026-07-20T15:49:25.597050+00:00,2026-07-20T18:49:25.597050+03:00,2850,Eyüpsultan Akşemsettin Mahallesi Zemin Altı Otoparkı,EYÜP,41.085,28.9258,110,0,110,KAPALI OTOPARK,1,15,24 Saat
2026-07-20T15:49:25.597050+00:00,2026-07-20T18:49:25.597050+03:00,2215,Fatih Çeşmesi Tabiat Parkı Otoparkı,SARIYER,41.1686,28.9448,250,242,8,AÇIK OTOPARK,1,0,06:00-20:00
2026-07-20T15:49:25.597050+00:00,2026-07-20T18:49:25.597050+03:00,1475,Fatih Katlı Otoparkı,FATİH,41.0198,28.9396,118,0,118,KAPALI OTOPARK,1,10,24 Saat
2026-07-20T15:49:25.597050+00:00,2026-07-20T18:49:25.597050+03:00,1591,Feshane PD Açık Otoparkı,EYÜP,41.0463,28.9378,200,90,110,AÇIK OTOPARK,1,15,24 Saat
2026-07-20T15:49:25.597050+00:00,2026-07-20T18:49:25.597050+03:00,1005,Florya Havuzlu Bahçe,BAKIRKÖY,40.9764,28.7908,135,1,134,AÇIK OTOPARK,1,0,09:00-23:00
2026-07-20T15:49:25.597050+00:00,2026-07-20T18:49:25.597050+03:00,2238,Florya Sosyal Tesisleri,BAKIRKÖY,40.9614,28.8091,1074,791,283,AÇIK OTOPARK,1,15,24 Saat
2026-07-20T15:49:25.597050+00:00,2026-07-20T18:49:25.597050+03:00,3296,Gaziosmanpaşa Meydanı ve Yaşam Merkezi Zemin Altı Otoparkı,GAZİOSMANPAŞA,41.0606,28.9093,202,0,202,KAPALI OTOPARK,1,15,24 Saat
2026-07-20T15:49:25.597050+00:00,2026-07-20T18:49:25.597050+03:00,2971,Gaziosmanpaşa Zemin Altı Otoparkı,GAZİOSMANPAŞA,41.0796,28.8858,285,0,285,KAPALI OTOPARK,1,0,24 Saat
2026-07-20T15:49:25.597050+00:00,2026-07-20T18:49:25.597050+03:00,3401,Giyimkent Tekstilkent Metro Zemin Altı PD Otoparkı,ESENLER,41.0711,28.8666,203,189,14,KAPALI OTOPARK,1,10,24 Saat
2026-07-20T15:49:25.597050+00:00,2026-07-20T18:49:25.597050+03:00,2242,Gözdağı Sosyal Tesisler  Açık Otoparkı,PENDİK,40.893,29.2538,300,218,82,AÇIK OTOPARK,1,0,07:00-23:00
2026-07-20T15:49:25.597050+00:00,2026-07-20T18:49:25.597050+03:00,1879,Gülsuyu Metro PD Yer Altı Otoparkı,MALTEPE,40.9237,29.1548,76,0,76,KAPALI OTOPARK,1,15,08:00-00:00
2026-07-20T15:49:25.597050+00:00,2026-07-20T18:49:25.597050+03:00,1423,Güneş Plajı 1,BAKIRKÖY,40.9712,28.79,250,188,62,AÇIK OTOPARK,1,10,24 Saat
2026-07-20T15:49:25.597050+00:00,2026-07-20T18:49:25.597050+03:00,1461,Güneş Plajı 2,BAKIRKÖY,40.9692,28.7951,135,85,50,AÇIK OTOPARK,1,10,08:00-20:00
2026-07-20T15:49:25.597050+00:00,2026-07-20T18:49:25.597050+03:00,3053,Güngören Nikah Dairesi Zemin Altı otoparkı,GÜNGÖREN,41.0363,28.8718,147,0,147,KAPALI OTOPARK,1,10,24 Saat
2026-07-20T15:49:25.597050+00:00,2026-07-20T18:49:25.597050+03:00,2216,Gürpınar Balık Hali Otoparkı,BEYLİKDÜZÜ,40.9663,28.6019,1000,856,144,AÇIK OTOPARK,1,15,24 Saat
2026-07-20T15:49:25.597050+00:00,2026-07-20T18:49:25.597050+03:00,1525,Hacıosman Metro Yer Altı Otoparkı,SARIYER,41.14,29.0306,422,0,422,KAPALI OTOPARK,1,15,24 Saat
2026-07-20T15:49:25.597050+00:00,2026-07-20T18:49:25.597050+03:00,1470,Haldun Alagaş Katlı Otoparkı,ÜMRANİYE,41.0262,29.1052,197,141,56,KAPALI OTOPARK,1,15,24 Saat
2026-07-20T15:49:25.597050+00:00,2026-07-20T18:49:25.597050+03:00,3235,Haliç Sosyal Tesisleri Otoparkı,FATİH,41.0277,28.9572,60,17,43,AÇIK OTOPARK,1,15,07:00-00:00
2026-07-20T15:49:25.597050+00:00,2026-07-20T18:49:25.597050+03:00,2848,Halkalı Mahallesi Zemin Altı Otoparkı,KÜÇÜKÇEKMECE,41.0359,28.7848,347,267,80,KAPALI OTOPARK,1,15,24 Saat
2026-07-20T15:49:25.597050+00:00,2026-07-20T18:49:25.597050+03:00,2838,Hamidiye Mahallesi Katlı Otoparkı,KAĞITHANE,41.0949,28.971,450,210,240,KAPALI OTOPARK,1,15,24 Saat
2026-07-20T15:49:25.597050+00:00,2026-07-20T18:49:25.597050+03:00,1446,Harbiye Zemin Altı Otoparkı,BEYOĞLU,41.0408,28.9869,142,50,92,KAPALI OTOPARK,1,0,24 Saat
2026-07-20T15:49:25.597050+00:00,2026-07-20T18:49:25.597050+03:00,2332,Haydarpaşa Katlı Otoparkı,ÜSKÜDAR,41.0048,29.0251,840,678,162,KAPALI OTOPARK,1,15,24 Saat
2026-07-20T15:49:25.597050+00:00,2026-07-20T18:49:25.597050+03:00,1987,Haznedar Yer Altı Otoparkı,GÜNGÖREN,41.0083,28.8729,540,0,540,KAPALI OTOPARK,1,0,24 Saat
2026-07-20T15:49:25.597050+00:00,2026-07-20T18:49:25.597050+03:00,377,Hızır Külhani Sokak,FATİH,41.0202,28.9605,32,1,31,YOL ÜSTÜ,0,15,09:00-17:00
2026-07-20T15:49:25.597050+00:00,2026-07-20T18:49:25.597050+03:00,3173,Hürriyet Mahallesi Zeminaltı Otoparkı,GAZİOSMANPAŞA,41.0708,28.8951,190,0,190,KAPALI OTOPARK,1,15,24 Saat
2026-07-20T15:49:25.597050+00:00,2026-07-20T18:49:25.597050+03:00,157,Ihlamur Dere Caddesi 4,BEŞİKTAŞ,41.047,29.0023,27,1,26,YOL ÜSTÜ,0,15,09:00-17:00
2026-07-20T15:49:25.597050+00:00,2026-07-20T18:49:25.597050+03:00,1189,İçerenköy Sebze Meyve Hali Otoparkı,ATAŞEHİR,40.9766,29.1044,600,600,0,AÇIK OTOPARK,1,15,24 Saat
2026-07-20T15:49:25.597050+00:00,2026-07-20T18:49:25.597050+03:00,1127,İshakpaşa Caddesi,FATİH,41.0079,28.9814,200,1,199,YOL ÜSTÜ,0,0,08:00-18:00
2026-07-20T15:49:25.597050+00:00,2026-07-20T18:49:25.597050+03:00,3265,İspark İstanbul West Marina Açık Otoparkı 1,BEYLİKDÜZÜ,40.9636,28.6564,250,1,249,AÇIK OTOPARK,1,15,24 Saat
2026-07-20T15:49:25.597050+00:00,2026-07-20T18:49:25.597050+03:00,2793,İspark Merter Katlı Otoparkı,GÜNGÖREN,41.0097,28.89,900,366,534,KAPALI OTOPARK,1,10,24 Saat
2026-07-20T15:49:25.597050+00:00,2026-07-20T18:49:25.597050+03:00,2430,İspark West İstanbul Marina Açık Otoparkı,BEYLİKDÜZÜ,40.9639,28.6591,1600,1046,554,AÇIK OTOPARK,1,15,24 Saat
2026-07-20T15:49:25.597050+00:00,2026-07-20T18:49:25.597050+03:00,381,İstinye 4 ( Cami Önü ),SARIYER,41.1149,29.0571,25,1,24,YOL ÜSTÜ,0,15,08:30-17:30
2026-07-20T15:49:25.597050+00:00,2026-07-20T18:49:25.597050+03:00,1804,İtalyan Hastanesi Karşısı Açık Otoparkı 1,BEYOĞLU,41.028,28.9815,30,1,29,AÇIK OTOPARK,1,0,08:00-19:00
2026-07-20T15:49:25.597050+00:00,2026-07-20T18:49:25.597050+03:00,507,Kabasakal Medrese Önü,FATİH,41.0062,28.9789,65,1,64,AÇIK OTOPARK,0,0,08:00-18:30
2026-07-20T15:49:25.597050+00:00,2026-07-20T18:49:25.597050+03:00,3306,Kabataş Transfer Merkezi Turizm Otobüs Otoparkı,BEYOĞLU,41.0336,28.9923,160,36,124,KAPALI OTOPARK,1,20,24 Saat
2026-07-20T15:49:25.597050+00:00,2026-07-20T18:49:25.597050+03:00,2918,Kadıköy Hasanpaşa Gazhane Katlı Otoparkı,KADIKÖY,40.9972,29.0428,310,180,130,KAPALI OTOPARK,1,15,24 Saat
2026-07-20T15:49:25.597050+00:00,2026-07-20T18:49:25.597050+03:00,1447,Kadıköy İski Açık Otoparkı,KADIKÖY,40.9874,29.0207,124,13,111,AÇIK OTOPARK,1,15,24 Saat
2026-07-20T15:49:25.597050+00:00,2026-07-20T18:49:25.597050+03:00,1655,Kadıköy Metro Açık Otoparkı,KADIKÖY,40.9899,29.0217,74,1,73,AÇIK OTOPARK,1,15,24 Saat
2026-07-20T15:49:25.597050+00:00,2026-07-20T18:49:25.597050+03:00,3445,Kadıköy Uzunçayır PD Açık Otoparkı,KADIKÖY,40.9982,29.0569,70,48,22,AÇIK OTOPARK,0,15,06:30-16:30
2026-07-20T15:49:25.597050+00:00,2026-07-20T18:49:25.597050+03:00,2808,Kadıköy Yeni Salı Pazarı PD Katlı Otoparkı,KADIKÖY,40.9969,29.0486,1350,481,869,KAPALI OTOPARK,1,15,24 Saat
2026-07-20T15:49:25.597050+00:00,2026-07-20T18:49:25.597050+03:00,2811,Kağıthane Harmantepe Zemin Altı Otoparkı,KAĞITHANE,41.0816,28.9907,200,0,200,KAPALI OTOPARK,1,0,24 Saat
2026-07-20T15:49:25.597050+00:00,2026-07-20T18:49:25.597050+03:00,1452,Kalamış Açık Otoparkı,KADIKÖY,40.9687,29.0363,173,68,105,AÇIK OTOPARK,1,15,24 Saat
2026-07-20T15:49:25.597050+00:00,2026-07-20T18:49:25.597050+03:00,1474,Kartal Hasan Doğan Spor Kompleksi,KARTAL,40.8918,29.1897,773,0,773,KAPALI OTOPARK,1,15,24 Saat
2026-07-20T15:49:25.597050+00:00,2026-07-20T18:49:25.597050+03:00,1105,Kartal İdo Açık Otoparkı,KARTAL,40.8874,29.1881,90,0,90,AÇIK OTOPARK,1,15,24 Saat
2026-07-20T15:49:25.597050+00:00,2026-07-20T18:49:25.597050+03:00,1550,Kartal Sahil Açık Otoparkı,KARTAL,40.8875,29.1901,75,13,62,AÇIK OTOPARK,1,5,24 Saat
2026-07-20T15:49:25.597050+00:00,2026-07-20T18:49:25.597050+03:00,3434,Kasımpaşa Sosyal Tesisler Otoparkı,BEYOĞLU,41.0296,28.9673,60,35,25,AÇIK OTOPARK,1,0,07:30-23:00
2026-07-20T15:49:25.597050+00:00,2026-07-20T18:49:25.597050+03:00,2827,Kayaşehir Meydan Zemin Altı Otoparkı,BAŞAKŞEHİR,41.1196,28.7718,1054,1,1053,KAPALI OTOPARK,0,0,10:00-17:00
2026-07-20T15:49:25.597050+00:00,2026-07-20T18:49:25.597050+03:00,1960,Kazlıçeşme Marmaray Açık Otoparkı,ZEYTİNBURNU,40.9922,28.917,700,582,118,AÇIK OTOPARK,1,15,24 Saat
2026-07-20T15:49:25.597050+00:00,2026-07-20T18:49:25.597050+03:00,2994,Kirazlı Metro Durağı PD Açık Otoparkı,BAĞCILAR,41.033,28.8429,112,10,102,AÇIK OTOPARK,1,5,24 Saat
2026-07-20T15:49:25.597050+00:00,2026-07-20T18:49:25.597050+03:00,1528,Kore Şehitleri Caddesi - Yüzbaşı Kaya Aldağon Sokak 1,ŞİŞLİ,41.0719,29.0139,40,1,39,YOL ÜSTÜ,0,15,07:00-16:00
2026-07-20T15:49:25.597050+00:00,2026-07-20T18:49:25.597050+03:00,2449,Kozyatağı Sebze-Meyve Hali,ATAŞEHİR,40.9787,29.1029,1500,1500,0,AÇIK OTOPARK,1,0,24 Saat
2026-07-20T15:49:25.597050+00:00,2026-07-20T18:49:25.597050+03:00,1206,Kutlugün Sokak 2,FATİH,41.0061,28.9801,200,1,199,YOL ÜSTÜ,0,0,08:00-18:00
2026-07-20T15:49:25.597050+00:00,2026-07-20T18:49:25.597050+03:00,3074,Küçük Çamlıca,ÜSKÜDAR,41.0204,29.0653,129,105,24,AÇIK OTOPARK,1,0,08:00-22:00
2026-07-20T15:49:25.597050+00:00,2026-07-20T18:49:25.597050+03:00,3127,Küçükçekmece Cennet Mahallesi Meydan Zemin Altı Otoparkı,KÜÇÜKÇEKMECE,40.9907,28.783,456,0,456,KAPALI OTOPARK,1,10,24 Saat
2026-07-20T15:49:25.597050+00:00,2026-07-20T18:49:25.597050+03:00,2554,Küçükçekmece Fevzi Çakmak Meydanı Zemin Altı Otoparkı,KÜÇÜKÇEKMECE,41.0076,28.7927,1000,515,485,KAPALI OTOPARK,1,10,24 Saat
2026-07-20T15:49:25.597050+00:00,2026-07-20T18:49:25.597050+03:00,2882,Küçüksu Kasrı Açık Otoparkı,BEYKOZ,41.0789,29.0657,98,91,7,AÇIK OTOPARK,1,0,07:00-23:00
2026-07-20T15:49:25.597050+00:00,2026-07-20T18:49:25.597050+03:00,220,Levent Hamidiye,BEŞİKTAŞ,41.0861,29.0076,100,1,99,AÇIK OTOPARK,1,0,08:00-19:00
2026-07-20T15:49:25.597050+00:00,2026-07-20T18:49:25.597050+03:00,1138,Levent Metro Yer Altı Otoparkı,BEŞİKTAŞ,41.0811,29.0105,100,100,0,AÇIK OTOPARK,1,5,07:30-19:30
2026-07-20T15:49:25.597050+00:00,2026-07-20T18:49:25.597050+03:00,2335,Maçka Açık Otoparkı,ŞİŞLİ,41.046,28.9908,75,75,0,AÇIK OTOPARK,1,0,24 Saat
2026-07-20T15:49:25.597050+00:00,2026-07-20T18:49:25.597050+03:00,1859,Maçka Katlı Otoparkı,ŞİŞLİ,41.0484,28.9903,508,0,508,KAPALI OTOPARK,1,0,24 Saat
2026-07-20T15:49:25.597050+00:00,2026-07-20T18:49:25.597050+03:00,3193,Maltepe Rıhtım Caddesi Açık Otoparkı,MALTEPE,40.9258,29.1241,76,29,47,AÇIK OTOPARK,1,0,24 Saat
2026-07-20T15:49:25.597050+00:00,2026-07-20T18:49:25.597050+03:00,2146,Maltepe Süreyyapaşa Çarşısı Açık Otoparkı,MALTEPE,40.9274,29.1225,156,82,74,AÇIK OTOPARK,1,0,24 Saat
2026-07-20T15:49:25.597050+00:00,2026-07-20T18:49:25.597050+03:00,1599,Maslak Açık Otoparkı,SARIYER,41.1166,29.024,150,119,31,AÇIK OTOPARK,1,10,24 Saat
2026-07-20T15:49:25.597050+00:00,2026-07-20T18:49:25.597050+03:00,2100,Matbaacılar Sitesi Yanı,ZEYTİNBURNU,41.0234,28.9187,250,185,65,AÇIK OTOPARK,1,5,24 Saat
2026-07-20T15:49:25.597050+00:00,2026-07-20T18:49:25.597050+03:00,920,Meclis-i Mebusan Yokuşu 2,BEYOĞLU,41.0326,28.9882,34,1,33,YOL ÜSTÜ,0,15,09:00-17:00
2026-07-20T15:49:25.597050+00:00,2026-07-20T18:49:25.597050+03:00,1546,Menekşe Plajı Açık Otoparkı,BAKIRKÖY,40.9761,28.7766,200,199,1,AÇIK OTOPARK,1,0,24 Saat
2026-07-20T15:49:25.597050+00:00,2026-07-20T18:49:25.597050+03:00,1376,Mercan Açık,FATİH,41.0136,28.9669,130,85,45,AÇIK OTOPARK,1,0,08:00-23:00
2026-07-20T15:49:25.597050+00:00,2026-07-20T18:49:25.597050+03:00,3309,Mercan Ali Paşa Sarayı Zemin Altı Otoparkı,FATİH,41.0136,28.967,196,1,195,KAPALI OTOPARK,1,0,07:00-21:00
2026-07-20T15:49:25.597050+00:00,2026-07-20T18:49:25.597050+03:00,1472,Merter Katlı Otoparkı,GÜNGÖREN,41.0092,28.8874,1000,895,105,KAPALI OTOPARK,1,10,24 Saat
2026-07-20T15:49:25.597050+00:00,2026-07-20T18:49:25.597050+03:00,2375,Merter Metro PD Zeminaltı Otoparkı,GÜNGÖREN,41.0037,28.8897,242,111,131,KAPALI OTOPARK,1,10,24 Saat
2026-07-20T15:49:25.597050+00:00,2026-07-20T18:49:25.597050+03:00,1568,Mete Caddesi 1,BEYOĞLU,41.0382,28.9879,31,1,30,YOL ÜSTÜ,1,15,08:00-23:00
2026-07-20T15:49:25.597050+00:00,2026-07-20T18:49:25.597050+03:00,1471,Mevlana Yeraltı Katlı Otoparkı,ZEYTİNBURNU,41.0072,28.9049,1000,862,138,KAPALI OTOPARK,1,5,24 Saat
2026-07-20T15:49:25.597050+00:00,2026-07-20T18:49:25.597050+03:00,2709,Millet Caddesi Açık Otoparkı,FATİH,41.01,28.9461,60,29,31,AÇIK OTOPARK,1,15,24 Saat
2026-07-20T15:49:25.597050+00:00,2026-07-20T18:49:25.597050+03:00,3152,Mimar Sinan Zemin Altı Otoparkı,ÜSKÜDAR,41.0222,29.0169,956,99,857,KAPALI OTOPARK,1,15,24 Saat
2026-07-20T15:49:25.597050+00:00,2026-07-20T18:49:25.597050+03:00,2870,Miniatürk Çadır Açık Otoparkı,BEYOĞLU,41.0594,28.9501,250,211,39,AÇIK OTOPARK,1,15,07:00-20:00
2026-07-20T15:49:25.597050+00:00,2026-07-20T18:49:25.597050+03:00,2556,Muallim Naci Açık Otoparkı,BEŞİKTAŞ,41.0561,29.0342,35,26,9,AÇIK OTOPARK,1,15,24 Saat
2026-07-20T15:49:25.597050+00:00,2026-07-20T18:49:25.597050+03:00,569,Oda Kule Önü 1,BEYOĞLU,41.0322,28.9751,24,1,23,YOL ÜSTÜ,1,0,07:00-01:00
2026-07-20T15:49:25.597050+00:00,2026-07-20T18:49:25.597050+03:00,1988,Orhangazi Şehir Parkı PD Açık Otoparkı,MALTEPE,40.9313,29.1161,5022,4398,624,AÇIK OTOPARK,1,15,24 Saat
2026-07-20T15:49:25.597050+00:00,2026-07-20T18:49:25.597050+03:00,152,Ortabahçe Caddesi 2,BEŞİKTAŞ,41.0428,29.0043,35,1,34,YOL ÜSTÜ,1,15,08:00-23:00
2026-07-20T15:49:25.597050+00:00,2026-07-20T18:49:25.597050+03:00,153,Ortabahçe Caddesi 3,BEŞİKTAŞ,41.043,29.0042,26,1,25,YOL ÜSTÜ,1,15,08:00-23:00
2026-07-20T15:49:25.597050+00:00,2026-07-20T18:49:25.597050+03:00,119,Ortaklar Caddesi 1,ŞİŞLİ,41.0638,28.9971,25,1,24,YOL ÜSTÜ,0,15,08:30-17:00
2026-07-20T15:49:25.597050+00:00,2026-07-20T18:49:25.597050+03:00,1343,Ortaköy Açık Otoparkı,BEŞİKTAŞ,41.0504,29.0326,170,137,33,AÇIK OTOPARK,1,0,24 Saat
2026-07-20T15:49:25.597050+00:00,2026-07-20T18:49:25.597050+03:00,572,Ortaköy Portakal Yokuşu 1,BEŞİKTAŞ,41.0503,29.0261,15,1,14,YOL ÜSTÜ,1,15,09:00-19:00
2026-07-20T15:49:25.597050+00:00,2026-07-20T18:49:25.597050+03:00,1039,Öğretmen Evi,AVCILAR,40.9723,28.714,80,42,38,AÇIK OTOPARK,1,0,11:00-23:00
2026-07-20T15:49:25.597050+00:00,2026-07-20T18:49:25.597050+03:00,1466,Pendik Katlı Otoparkı,PENDİK,40.8789,29.2342,120,0,120,KAPALI OTOPARK,1,15,24 Saat
2026-07-20T15:49:25.597050+00:00,2026-07-20T18:49:25.597050+03:00,3073,Pendik Kemal Kalkuz Parkı Zemin Altı Otoparkı,PENDİK,40.8885,29.2427,224,0,224,KAPALI OTOPARK,0,0,09:00-18:00
2026-07-20T15:49:25.597050+00:00,2026-07-20T18:49:25.597050+03:00,3019,Pendik Meydan Zemin Altı Otoparkı,PENDİK,40.8752,29.2324,937,0,937,KAPALI OTOPARK,1,0,24 Saat
2026-07-20T15:49:25.597050+00:00,2026-07-20T18:49:25.597050+03:00,2865,Pendik Sahil Engelliler Merkez Önü,PENDİK,40.8735,29.233,100,66,34,AÇIK OTOPARK,1,0,11:00-20:00
2026-07-20T15:49:25.597050+00:00,2026-07-20T18:49:25.597050+03:00,2434,Pendik Sahil İdo,PENDİK,40.8755,29.2369,100,0,100,AÇIK OTOPARK,1,0,07:00-23:00
2026-07-20T15:49:25.597050+00:00,2026-07-20T18:49:25.597050+03:00,248,Pendik Yenimahalle Açık 2 Otoparkı,PENDİK,40.864,29.2723,124,113,11,AÇIK OTOPARK,1,15,10:00-22:00
2026-07-20T15:49:25.597050+00:00,2026-07-20T18:49:25.597050+03:00,297,Perşembe Pazarı 1,BEYOĞLU,41.0252,28.9693,32,1,31,YOL ÜSTÜ,0,15,08:00-17:00
2026-07-20T15:49:25.597050+00:00,2026-07-20T18:49:25.597050+03:00,597,Pierre Loti Caddesi 3,FATİH,41.0069,28.9711,36,1,35,YOL ÜSTÜ,0,0,07:00-17:00
2026-07-20T15:49:25.597050+00:00,2026-07-20T18:49:25.597050+03:00,3263,Piyalepaşa Meydanı Zemin Altı Otoparkı,BEYOĞLU,41.0445,28.9674,560,266,294,KAPALI OTOPARK,1,0,24 Saat
2026-07-20T15:49:25.597050+00:00,2026-07-20T18:49:25.597050+03:00,423,Prof.Cemil Birsel Yokuşu 3,FATİH,41.0178,28.967,40,1,39,YOL ÜSTÜ,0,0,07:00-18:00
2026-07-20T15:49:25.597050+00:00,2026-07-20T18:49:25.597050+03:00,1900,Ragıp Gümüşpala Cad.(Sobacılar Önü),FATİH,41.0181,28.969,40,1,39,YOL ÜSTÜ,0,15,07:00-18:00
2026-07-20T15:49:25.597050+00:00,2026-07-20T18:49:25.597050+03:00,415,Ragıp Gümüşpala Camii Önü 1,FATİH,41.0211,28.9627,35,1,34,YOL ÜSTÜ,0,0,07:00-17:30
2026-07-20T15:49:25.597050+00:00,2026-07-20T18:49:25.597050+03:00,3268,Refik Saydam Caddesi 3,BEYOĞLU,41.032,28.9736,55,1,54,YOL ÜSTÜ,1,0,06:00-23:00
2026-07-20T15:49:25.597050+00:00,2026-07-20T18:49:25.597050+03:00,2307,Ressam Halim Sokak PD Açık Otoparkı,BAHÇELİEVLER,40.9967,28.8641,120,88,32,AÇIK OTOPARK,1,15,08:00-00:00
2026-07-20T15:49:25.597050+00:00,2026-07-20T18:49:25.597050+03:00,3082,Rumeli Hisarı Sahil Yolu Otoparkı,SARIYER,41.0854,29.0568,20,1,19,AÇIK OTOPARK,1,0,24 Saat
2026-07-20T15:49:25.597050+00:00,2026-07-20T18:49:25.597050+03:00,1595,Sabiha Gökçen Açık Otoparkı,PENDİK,40.925,29.308,1056,268,788,AÇIK OTOPARK,1,15,24 Saat
2026-07-20T15:49:25.597050+00:00,2026-07-20T18:49:25.597050+03:00,3239,Samatya Sahil Cep Otoparkı,FATİH,40.9954,28.932,113,101,12,AÇIK OTOPARK,1,15,24 Saat
2026-07-20T15:49:25.597050+00:00,2026-07-20T18:49:25.597050+03:00,3273,Sarıyer Büyükdere Fidanlığı,SARIYER,41.1548,29.0268,160,157,3,AÇIK OTOPARK,0,0,08:00-18:00
2026-07-20T15:49:25.597050+00:00,2026-07-20T18:49:25.597050+03:00,3299,Sariyer Ayazağa Mah Vadi İstanbul Önü Açık Otoparkı,SARIYER,41.1106,28.9881,100,96,4,AÇIK OTOPARK,1,0,08:00-20:00
2026-07-20T15:49:25.597050+00:00,2026-07-20T18:49:25.597050+03:00,1303,Seyrantepe Katlı (Arena Karşısı) 1,KAĞITHANE,41.101,28.9961,1897,1,1896,KAPALI OTOPARK,1,0,24 Saat
2026-07-20T15:49:25.597050+00:00,2026-07-20T18:49:25.597050+03:00,1628,Sıracevizler Caddesi Yol Üstü 5,ŞİŞLİ,41.0607,28.9841,45,1,44,YOL ÜSTÜ,0,15,09:00-17:00
2026-07-20T15:49:25.597050+00:00,2026-07-20T18:49:25.597050+03:00,464,Sirkeci Gar Önü,FATİH,41.015,28.9761,60,1,59,AÇIK OTOPARK,1,5,07:00-20:00
2026-07-20T15:49:25.597050+00:00,2026-07-20T18:49:25.597050+03:00,1486,Siyavuşpaşa Yer Altı Otoparkı,BAHÇELİEVLER,40.9965,28.8532,155,0,155,KAPALI OTOPARK,1,0,24 Saat
2026-07-20T15:49:25.597050+00:00,2026-07-20T18:49:25.597050+03:00,1958,Soğanlık Metro PD Açık Otoparkı,KARTAL,40.9131,29.1925,898,832,66,AÇIK OTOPARK,1,15,24 Saat
2026-07-20T15:49:25.597050+00:00,2026-07-20T18:49:25.597050+03:00,589,Su Terazisi Sokak,FATİH,41.0046,28.9727,22,1,21,YOL ÜSTÜ,0,0,07:30-17:00
2026-07-20T15:49:25.597050+00:00,2026-07-20T18:49:25.597050+03:00,1478,Suadiye Cep Açık Otoparkı,KADIKÖY,40.9586,29.0732,130,93,37,AÇIK OTOPARK,1,15,24 Saat
2026-07-20T15:49:25.597050+00:00,2026-07-20T18:49:25.597050+03:00,2948,Suadiye Sahil Açık Otoparkı,KADIKÖY,40.9562,29.0797,70,9,61,AÇIK OTOPARK,1,5,24 Saat
2026-07-20T15:49:25.597050+00:00,2026-07-20T18:49:25.597050+03:00,2799,Sultanbeyli Emir Caddesi Zemin Altı Otoparkı,SULTANBEYLİ,40.9707,29.2606,130,102,28,KAPALI OTOPARK,1,15,08:00-22:00
2026-07-20T15:49:25.597050+00:00,2026-07-20T18:49:25.597050+03:00,2372,Sultanbeyli Kent Meydanı Zemin Altı Otoparkı,SULTANBEYLİ,40.9667,29.2667,300,159,141,KAPALI OTOPARK,1,15,24 Saat
2026-07-20T15:49:25.597050+00:00,2026-07-20T18:49:25.597050+03:00,2410,Sultangazi Zemin Altı Otoparkı,SULTANGAZİ,41.0944,28.8649,104,0,104,KAPALI OTOPARK,1,10,24 Saat
2026-07-20T15:49:25.597050+00:00,2026-07-20T18:49:25.597050+03:00,2085,Süleyman Seba Caddesi 2,BEŞİKTAŞ,41.0426,28.9998,40,1,39,YOL ÜSTÜ,0,15,08:00-18:00
2026-07-20T15:49:25.597050+00:00,2026-07-20T18:49:25.597050+03:00,2088,Süleyman Seba Caddesi 5,BEŞİKTAŞ,41.0432,28.9978,40,1,39,YOL ÜSTÜ,0,15,08:00-18:00
2026-07-20T15:49:25.597050+00:00,2026-07-20T18:49:25.597050+03:00,2089,Süleyman Seba Caddesi 6,BEŞİKTAŞ,41.0435,28.9967,11,1,10,YOL ÜSTÜ,0,15,08:00-18:00
2026-07-20T15:49:25.597050+00:00,2026-07-20T18:49:25.597050+03:00,2391,Süleymaniye Cami Altı Açık Otoparkı,FATİH,41.0158,28.961,250,235,15,AÇIK OTOPARK,0,0,06:30-18:30
2026-07-20T15:49:25.597050+00:00,2026-07-20T18:49:25.597050+03:00,1730,Sütlüce Miniatürk Yanı,BEYOĞLU,41.057,28.95,320,252,68,AÇIK OTOPARK,1,15,24 Saat
2026-07-20T15:49:25.597050+00:00,2026-07-20T18:49:25.597050+03:00,36,Şakayık Sokak 4,ŞİŞLİ,41.0518,28.9936,50,1,49,YOL ÜSTÜ,0,15,08:00-16:00
2026-07-20T15:49:25.597050+00:00,2026-07-20T18:49:25.597050+03:00,1469,Şehit Volkan Duysak Katlı Otoparkı,ZEYTİNBURNU,40.9968,28.9039,1000,664,336,KAPALI OTOPARK,1,5,24 Saat
2026-07-20T15:49:25.597050+00:00,2026-07-20T18:49:25.597050+03:00,2385,Şehremini Açık Otoparkı 1,FATİH,41.0135,28.9333,60,1,59,AÇIK OTOPARK,1,0,08:30-20:30
2026-07-20T15:49:25.597050+00:00,2026-07-20T18:49:25.597050+03:00,2855,Şemsipaşa Açık Otoparkı,ÜSKÜDAR,41.0255,29.0097,80,42,38,AÇIK OTOPARK,1,0,24 Saat
2026-07-20T15:49:25.597050+00:00,2026-07-20T18:49:25.597050+03:00,2439,Şirinevler Meydan Zeminaltı Otoparkı,BAHÇELİEVLER,40.9925,28.8496,367,48,319,KAPALI OTOPARK,1,0,24 Saat
2026-07-20T15:49:25.597050+00:00,2026-07-20T18:49:25.597050+03:00,3400,Şişhane Refik Saydam Caddesi 2 Yol Üstü Otoparkı 1,BEYOĞLU,41.0326,28.9743,70,1,69,YOL ÜSTÜ,1,15,06:00-23:00
2026-07-20T15:49:25.597050+00:00,2026-07-20T18:49:25.597050+03:00,1017,Şişli Kadırgalar Caddesi 1,ŞİŞLİ,41.0429,28.9927,100,1,99,AÇIK OTOPARK,1,0,07:00-23:00
2026-07-20T15:49:25.597050+00:00,2026-07-20T18:49:25.597050+03:00,3441,Şişli Kuştepe Zemin Altı Otoparkı,ŞİŞLİ,41.072,28.9919,430,319,111,KAPALI OTOPARK,1,15,24 Saat
2026-07-20T15:49:25.597050+00:00,2026-07-20T18:49:25.597050+03:00,2816,Şişli Rumeli Caddesi Metro Yanı 1,ŞİŞLİ,41.0538,28.9868,45,1,44,YOL ÜSTÜ,1,15,08:00-20:00
2026-07-20T15:49:25.597050+00:00,2026-07-20T18:49:25.597050+03:00,2406,Şişli Zemin Altı Otoparkı,ŞİŞLİ,41.0641,28.9992,581,352,229,KAPALI OTOPARK,1,15,24 Saat
2026-07-20T15:49:25.597050+00:00,2026-07-20T18:49:25.597050+03:00,1993,Tuzla İdo,TUZLA,40.8149,29.3039,300,239,61,AÇIK OTOPARK,1,15,24 Saat
2026-07-20T15:49:25.597050+00:00,2026-07-20T18:49:25.597050+03:00,3332,Tuzla Sahil Cep,TUZLA,40.8168,29.2992,50,42,8,AÇIK OTOPARK,1,0,08:00-00:00
2026-07-20T15:49:25.597050+00:00,2026-07-20T18:49:25.597050+03:00,3057,Tuzla Sahil Zemin Altı Otoparkı,TUZLA,40.8181,29.3004,779,536,243,KAPALI OTOPARK,1,15,24 Saat
2026-07-20T15:49:25.597050+00:00,2026-07-20T18:49:25.597050+03:00,1811,Ulu Camii Açık Otoparkı,BAHÇELİEVLER,40.9982,28.8499,150,116,34,AÇIK OTOPARK,1,10,24 Saat
2026-07-20T15:49:25.597050+00:00,2026-07-20T18:49:25.597050+03:00,2424,Uzunçayır Açık Otoparkı,KADIKÖY,40.9988,29.0556,58,52,6,AÇIK OTOPARK,0,0,06:00-16:00
2026-07-20T15:49:25.597050+00:00,2026-07-20T18:49:25.597050+03:00,1468,Ümraniye Katlı Otoparkı,ÜMRANİYE,41.0261,29.0953,665,426,239,KAPALI OTOPARK,1,15,24 Saat
2026-07-20T15:49:25.597050+00:00,2026-07-20T18:49:25.597050+03:00,2898,Ümraniye Okan Sokak Zeminaltı Otoparkı,ÜMRANİYE,41.0284,29.0907,125,25,100,KAPALI OTOPARK,1,15,24 Saat
2026-07-20T15:49:25.597050+00:00,2026-07-20T18:49:25.597050+03:00,2345,Üsküdar Uzunçayır PD Açık Otoparkı,ÜSKÜDAR,40.9988,29.0577,90,78,12,AÇIK OTOPARK,1,15,06:00-22:00
2026-07-20T15:49:25.597050+00:00,2026-07-20T18:49:25.597050+03:00,1929,Üsküdar Ünalan Açık Otoparkı,ÜSKÜDAR,40.9979,29.0604,180,174,6,AÇIK OTOPARK,0,0,07:00-17:00
2026-07-20T15:49:25.597050+00:00,2026-07-20T18:49:25.597050+03:00,1487,Vatan Caddesi PD Açık Otoparkı,FATİH,41.0157,28.9405,397,322,75,AÇIK OTOPARK,1,5,24 Saat
2026-07-20T15:49:25.597050+00:00,2026-07-20T18:49:25.597050+03:00,1621,Veteriner Hilmi Sokak Yol Üstü 1,ŞİŞLİ,41.0603,28.9892,20,1,19,YOL ÜSTÜ,0,15,08:00-17:00
2026-07-20T15:49:25.597050+00:00,2026-07-20T18:49:25.597050+03:00,2441,Yalı Açık Otoparkı,MALTEPE,40.9095,29.137,85,82,3,AÇIK OTOPARK,1,0,07:30-22:00
2026-07-20T15:49:25.597050+00:00,2026-07-20T18:49:25.597050+03:00,459,Yalı Köşkü Caddesi 1,FATİH,41.0163,28.9759,61,1,60,YOL ÜSTÜ,1,5,07:00-21:00
2026-07-20T15:49:25.597050+00:00,2026-07-20T18:49:25.597050+03:00,2037,Yenikapı Marmaray Büyük Otoparkı,FATİH,41.0057,28.9505,324,138,186,AÇIK OTOPARK,1,15,24 Saat
2026-07-20T15:49:25.597050+00:00,2026-07-20T18:49:25.597050+03:00,2036,Yenikapı Marmaray Küçük Otoparkı,FATİH,41.0064,28.9504,200,172,28,AÇIK OTOPARK,1,15,07:00-22:00
2026-07-20T15:49:25.597050+00:00,2026-07-20T18:49:25.597050+03:00,2175,Yenikapı Spor ve Kültür Merkezi PD Açık Otoparkı,FATİH,41.0006,28.9519,4023,3814,209,AÇIK OTOPARK,1,15,24 Saat
2026-07-20T15:49:25.597050+00:00,2026-07-20T18:49:25.597050+03:00,2805,Yenikapı Tünel Üstü Açık Otoparkı,FATİH,41.0029,28.9534,700,488,212,AÇIK OTOPARK,1,10,24 Saat
2026-07-20T15:49:25.597050+00:00,2026-07-20T18:49:25.597050+03:00,3404,Yenimahalle Metro Zemin Altı PD Otoparkı,GAZİOSMANPAŞA,41.0839,28.8926,114,94,20,KAPALI OTOPARK,1,15,24 Saat
2026-07-20T15:49:25.597050+00:00,2026-07-20T18:49:25.597050+03:00,2920,Yeşilce Zemin Altı Katlı Otoparkı,KAĞITHANE,41.0938,29.0017,676,134,542,KAPALI OTOPARK,1,0,24 Saat
2026-07-20T15:49:25.597050+00:00,2026-07-20T18:49:25.597050+03:00,987,Yeşilköy İstasyon Caddesi 1,BAKIRKÖY,40.962,28.825,40,1,39,YOL ÜSTÜ,0,15,09:00-17:30
2026-07-20T15:49:25.597050+00:00,2026-07-20T18:49:25.597050+03:00,974,Yeşilköy Marina 1,BAKIRKÖY,40.9576,28.8233,145,1,144,YOL ÜSTÜ,1,0,12:00-23:00
2026-07-20T15:49:25.597050+00:00,2026-07-20T18:49:25.597050+03:00,3406,Yeşilpınar Metro Zemin Altı PD Otoparkı,EYÜP,41.081,28.9204,269,204,65,KAPALI OTOPARK,1,15,24 Saat
2026-07-20T15:49:25.597050+00:00,2026-07-20T18:49:25.597050+03:00,315,Yeşilyurt Çarşı 1,BAKIRKÖY,40.9643,28.8379,50,1,49,YOL ÜSTÜ,0,15,09:00-17:30
2026-07-20T15:49:25.597050+00:00,2026-07-20T18:49:25.597050+03:00,1133,Yıldız Korusu,BEŞİKTAŞ,41.0514,29.0165,500,1,499,AÇIK OTOPARK,1,0,08:00-22:00
2026-07-20T15:49:25.597050+00:00,2026-07-20T18:49:25.597050+03:00,3185,Zeytinburnu Sahil Cep Otoparkı,ZEYTİNBURNU,40.9798,28.8985,160,1,159,AÇIK OTOPARK,1,0,12:00-22:00
2026-07-20T18:01:34.690841+00:00,2026-07-20T21:01:34.690841+03:00,3068,15 Temmuz Şehitler Meydanı Zeminaltı Otoparkı,ÜMRANİYE,41.0246,29.0915,1029,631,398,KAPALI OTOPARK,1,15,24 Saat
2026-07-20T18:01:34.690841+00:00,2026-07-20T21:01:34.690841+03:00,2338,19 Mayıs Açık,ŞİŞLİ,41.0563,28.9941,65,0,65,AÇIK OTOPARK,1,0,24 Saat
2026-07-20T18:01:34.690841+00:00,2026-07-20T21:01:34.690841+03:00,1751,4.Levent PD Açık Otoparkı,KAĞITHANE,41.0836,29.0081,236,137,99,AÇIK OTOPARK,1,5,24 Saat
2026-07-20T18:01:34.690841+00:00,2026-07-20T21:01:34.690841+03:00,3328,4.Levent Servis ve Turizm Araçları Açık Otoparkı,ŞİŞLİ,41.0841,29.0054,300,136,164,AÇIK OTOPARK,1,15,24 Saat
2026-07-20T18:01:34.690841+00:00,2026-07-20T21:01:34.690841+03:00,3412,5. Levent Gaziosmanpaşa Adliyesi Yanı Açık Otoparkı,EYÜP,41.0927,28.9494,250,238,12,AÇIK OTOPARK,1,15,07:00-23:00
2026-07-20T18:01:34.690841+00:00,2026-07-20T21:01:34.690841+03:00,104,Abide-i Hürriyet Caddesi 5,ŞİŞLİ,41.0619,28.9876,40,1,39,YOL ÜSTÜ,0,15,08:00-17:00
2026-07-20T18:01:34.690841+00:00,2026-07-20T21:01:34.690841+03:00,2452,Acıbadem Açık Otoparkı,ÜSKÜDAR,41.0157,29.0574,100,87,13,AÇIK OTOPARK,0,0,06:30-16:00
2026-07-20T18:01:34.690841+00:00,2026-07-20T21:01:34.690841+03:00,346,Ada Karşısı Cep 2,BEŞİKTAŞ,41.072,29.045,30,1,29,YOL ÜSTÜ,1,15,08:00-23:00
2026-07-20T18:01:34.690841+00:00,2026-07-20T21:01:34.690841+03:00,1663,Akasyalı Sokak Tenis Kulubü Önü 2,BEŞİKTAŞ,41.0867,29.0109,45,1,44,YOL ÜSTÜ,0,15,08:30-17:30
2026-07-20T18:01:34.690841+00:00,2026-07-20T21:01:34.690841+03:00,828,Akdeniz Caddesi 4,FATİH,41.0175,28.9435,27,1,26,YOL ÜSTÜ,0,15,09:00-18:00
2026-07-20T18:01:34.690841+00:00,2026-07-20T21:01:34.690841+03:00,1913,Alibeyköy Cep Otogarı Açık Otoparkı,EYÜP,41.0879,28.9446,116,2,114,AÇIK OTOPARK,1,25,24 Saat
2026-07-20T18:01:34.690841+00:00,2026-07-20T21:01:34.690841+03:00,1912,Alibeyköy Cep Otogarı Otobüs Otoparkı,EYÜP,41.0875,28.9449,5000,4977,23,AÇIK OTOPARK,1,60,24 Saat
2026-07-20T18:01:34.690841+00:00,2026-07-20T21:01:34.690841+03:00,2562,Alibeyköy Yeşiltepe Zemin Altı Otoparkı,EYÜP,41.0797,28.938,159,57,102,KAPALI OTOPARK,1,15,24 Saat
2026-07-20T18:01:34.690841+00:00,2026-07-20T21:01:34.690841+03:00,3201,Altınboynuz Sosyal Tesisleri,EYÜP,41.058,28.9447,70,70,0,AÇIK OTOPARK,1,15,08:00-23:00
2026-07-20T18:01:34.690841+00:00,2026-07-20T21:01:34.690841+03:00,758,Arap Camii Açık Otoparkı,BEYOĞLU,41.0227,28.9723,30,1,29,AÇIK OTOPARK,0,0,09:00-17:00
2026-07-20T18:01:34.690841+00:00,2026-07-20T21:01:34.690841+03:00,1963,Aras Sokak 1,BÜYÜKÇEKMECE,41.0226,28.622,60,1,59,YOL ÜSTÜ,0,0,06:00-14:30
2026-07-20T18:01:34.690841+00:00,2026-07-20T21:01:34.690841+03:00,2802,Arnavutköy Zemin Altı Otoparkı,ARNAVUTKÖY,41.1838,28.7396,700,31,669,KAPALI OTOPARK,1,15,24 Saat
2026-07-20T18:01:34.690841+00:00,2026-07-20T21:01:34.690841+03:00,1797,Ataköy Atrium AVM,BAKIRKÖY,40.9881,28.8459,250,189,61,AÇIK OTOPARK,1,15,08:00-23:00
2026-07-20T18:01:34.690841+00:00,2026-07-20T21:01:34.690841+03:00,2824,Ataköy Metro Durağı Yanı PD Zemin Altı Otoparkı,BAKIRKÖY,40.9904,28.8456,150,90,60,KAPALI OTOPARK,1,0,24 Saat
2026-07-20T18:01:34.690841+00:00,2026-07-20T21:01:34.690841+03:00,3161,Ataşehir Topçu İbrahim Sokak,ATAŞEHİR,40.9736,29.101,42,1,41,YOL ÜSTÜ,0,15,07:00-16:00
2026-07-20T18:01:34.690841+00:00,2026-07-20T21:01:34.690841+03:00,359,Atatürk Bulvarı 1,FATİH,41.0112,28.9534,20,1,19,YOL ÜSTÜ,0,0,07:30-18:00
2026-07-20T18:01:34.690841+00:00,2026-07-20T21:01:34.690841+03:00,3087,Atatürk Kent Ormanı Otoparkı,SARIYER,41.136,29.0262,200,197,3,AÇIK OTOPARK,0,0,08:00-17:00
2026-07-20T18:01:34.690841+00:00,2026-07-20T21:01:34.690841+03:00,1088,Avcılar İdo,AVCILAR,40.9712,28.7185,270,262,8,AÇIK OTOPARK,1,0,13:00-07:00
2026-07-20T18:01:34.690841+00:00,2026-07-20T21:01:34.690841+03:00,2885,Azapkapı Haliç Metro Otoparkı,ŞİŞLİ,41.0245,28.9691,80,19,61,AÇIK OTOPARK,1,5,24 Saat
2026-07-20T18:01:34.690841+00:00,2026-07-20T21:01:34.690841+03:00,2455,Azerbaycan Dostluk Parkı Zemin Altı Otoparkı,BAĞCILAR,41.0444,28.854,400,176,224,KAPALI OTOPARK,1,10,24 Saat
2026-07-20T18:01:34.690841+00:00,2026-07-20T21:01:34.690841+03:00,2965,Bağcılar Çolakoğlu Zemin Altı Otoparkı,BAĞCILAR,41.0324,28.8345,106,0,106,KAPALI OTOPARK,1,5,24 Saat
2026-07-20T18:01:34.690841+00:00,2026-07-20T21:01:34.690841+03:00,2576,Bağcılar Demirkapı Zemin Altı Otoparkı,BAĞCILAR,41.0499,28.8327,343,144,199,KAPALI OTOPARK,1,5,24 Saat
2026-07-20T18:01:34.690841+00:00,2026-07-20T21:01:34.690841+03:00,3036,Bağcılar Devlet Hastanesi Yanı Zeminaltı Otoparkı,BAĞCILAR,41.0312,28.8696,1133,130,1003,KAPALI OTOPARK,1,15,24 Saat
2026-07-20T18:01:34.690841+00:00,2026-07-20T21:01:34.690841+03:00,3071,Bağcılar Emniyet Müdürlüğü Yanı Açık Otoparkı,BAĞCILAR,41.0353,28.8598,100,28,72,AÇIK OTOPARK,1,0,24 Saat
2026-07-20T18:01:34.690841+00:00,2026-07-20T21:01:34.690841+03:00,2873,Bağcılar Göztepe Zemin Altı,BAĞCILAR,41.0567,28.8355,120,0,120,KAPALI OTOPARK,1,5,24 Saat
2026-07-20T18:01:34.690841+00:00,2026-07-20T21:01:34.690841+03:00,3187,Bağcılar Hürriyet Mahallesi Zemin Altı Otoparkı,BAĞCILAR,41.0291,28.8333,355,0,355,KAPALI OTOPARK,1,10,24 Saat
2026-07-20T18:01:34.690841+00:00,2026-07-20T21:01:34.690841+03:00,2916,Bağcılar Kent Meydanı PD Zemin Altı Otoparkı,BAĞCILAR,41.0339,28.8556,1162,0,1162,KAPALI OTOPARK,1,0,24 Saat
2026-07-20T18:01:34.690841+00:00,2026-07-20T21:01:34.690841+03:00,3261,Bağcılar Yenimahalle Zemin Altı Otoparkı,BAĞCILAR,41.0425,28.8395,525,269,256,KAPALI OTOPARK,1,15,24 Saat
2026-07-20T18:01:34.690841+00:00,2026-07-20T21:01:34.690841+03:00,2820,Bağcılar Yıldıztepe Katlı Otoparkı,BAĞCILAR,41.0294,28.8556,350,0,350,KAPALI OTOPARK,1,10,24 Saat
2026-07-20T18:01:34.690841+00:00,2026-07-20T21:01:34.690841+03:00,3447,Bahçelievler 23 Nisan Milli Egemenlik Zeminaltı Otoparkı,BAHÇELİEVLER,40.9988,28.8472,732,438,294,KAPALI OTOPARK,1,10,24 Saat
2026-07-20T18:01:34.690841+00:00,2026-07-20T21:01:34.690841+03:00,2993,Bahçelievler Cumhuriyet Zeminaltı Otoparkı,BAHÇELİEVLER,41.0149,28.859,663,0,663,KAPALI OTOPARK,1,10,24 Saat
2026-07-20T18:01:34.690841+00:00,2026-07-20T21:01:34.690841+03:00,2969,Bahçelievler Devlet Hastanesi Yanı Katlı Otoparkı,BAHÇELİEVLER,41.0072,28.8442,740,0,740,KAPALI OTOPARK,1,0,24 Saat
2026-07-20T18:01:34.690841+00:00,2026-07-20T21:01:34.690841+03:00,3051,Bahçelievler Zafer Mh. Zeminaltı Otoparkı,BAHÇELİEVLER,41.0036,28.8351,200,75,125,KAPALI OTOPARK,1,0,24 Saat
2026-07-20T18:01:34.690841+00:00,2026-07-20T21:01:34.690841+03:00,3118,Bahçeşehir Doğa Parkı Caddesi 3,BAŞAKŞEHİR,41.0683,28.6894,22,1,21,YOL ÜSTÜ,0,15,10:00-20:00
2026-07-20T18:01:34.690841+00:00,2026-07-20T21:01:34.690841+03:00,3236,Bahçeşehir Gölet Açık Otoparkı,BAŞAKŞEHİR,41.0719,28.6901,200,1,199,AÇIK OTOPARK,1,0,12:00-22:00
2026-07-20T18:01:34.690841+00:00,2026-07-20T21:01:34.690841+03:00,1465,Bakırköy İdo Açık Otoparkı,BAKIRKÖY,40.9739,28.8761,160,82,78,AÇIK OTOPARK,1,10,24 Saat
2026-07-20T18:01:34.690841+00:00,2026-07-20T21:01:34.690841+03:00,1104,Balmumcu Katlı Otoparkı,BEŞİKTAŞ,41.0636,29.0109,400,329,71,KAPALI OTOPARK,1,5,24 Saat
2026-07-20T18:01:34.690841+00:00,2026-07-20T21:01:34.690841+03:00,2796,Başakşehir Metro Açık Otoparkı,BAŞAKŞEHİR,41.107,28.801,125,1,124,AÇIK OTOPARK,0,0,07:00-16:00
2026-07-20T18:01:34.690841+00:00,2026-07-20T21:01:34.690841+03:00,2350,Bayrampaşa Adapark Katlı Otoparkı,BAYRAMPAŞA,41.0647,28.8875,650,0,650,KAPALI OTOPARK,1,15,24 Saat
2026-07-20T18:01:34.690841+00:00,2026-07-20T21:01:34.690841+03:00,2892,Bayrampaşa Altıntepsi Zemin  Altı Otoparkı,BAYRAMPAŞA,41.0393,28.9029,110,0,110,KAPALI OTOPARK,1,10,24 Saat
2026-07-20T18:01:34.690841+00:00,2026-07-20T21:01:34.690841+03:00,2909,Bayrampaşa Atatürk Parkı  Zemin Altı Otoparkı,BAYRAMPAŞA,41.0342,28.9123,442,0,442,KAPALI OTOPARK,1,10,24 Saat
2026-07-20T18:01:34.690841+00:00,2026-07-20T21:01:34.690841+03:00,2683,Bayrampaşa Devlet Hastanesi Cep Otoparkı,BAYRAMPAŞA,41.0414,28.9031,55,51,4,AÇIK OTOPARK,0,0,08:00-19:00
2026-07-20T18:01:34.690841+00:00,2026-07-20T21:01:34.690841+03:00,3301,Bayrampaşa Kocatepe Mahallesi Zemin Altı Otoparkı,BAYRAMPAŞA,41.0545,28.8964,241,0,241,KAPALI OTOPARK,1,10,24 Saat
2026-07-20T18:01:34.690841+00:00,2026-07-20T21:01:34.690841+03:00,2053,Bayrampaşa Muratpaşa Yer Altı Otoparkı,BAYRAMPAŞA,41.047,28.9082,300,0,300,KAPALI OTOPARK,1,15,24 Saat
2026-07-20T18:01:34.690841+00:00,2026-07-20T21:01:34.690841+03:00,3175,Bayrampaşa Spor Kompleksi Zemin Altı Otoparkı,BAYRAMPAŞA,41.0446,28.9106,205,0,205,KAPALI OTOPARK,1,15,24 Saat
2026-07-20T18:01:34.690841+00:00,2026-07-20T21:01:34.690841+03:00,3382,Bayrampaşa Şehit Kamil Balkan Zemin Altı Otoparkı,BAYRAMPAŞA,41.0604,28.9008,235,0,235,KAPALI OTOPARK,1,10,24 Saat
2026-07-20T18:01:34.690841+00:00,2026-07-20T21:01:34.690841+03:00,2428,Bayrampaşa Yenidoğan Mahallesi Zemin Altı Otoparkı,BAYRAMPAŞA,41.0395,28.9088,120,0,120,KAPALI OTOPARK,1,10,24 Saat
2026-07-20T18:01:34.690841+00:00,2026-07-20T21:01:34.690841+03:00,2468,Bebek Açık,BEŞİKTAŞ,41.077,29.0434,30,7,23,AÇIK OTOPARK,1,0,24 Saat
2026-07-20T18:01:34.690841+00:00,2026-07-20T21:01:34.690841+03:00,3479,Beşiktaş Halk Pazarı Açık Otoparkı,BEŞİKTAŞ,41.0496,29.0004,170,104,66,AÇIK OTOPARK,1,5,24 Saat
2026-07-20T18:01:34.690841+00:00,2026-07-20T21:01:34.690841+03:00,3257,Beykoz Sahil Cep Otoparkı,BEYKOZ,41.1286,29.0953,100,76,24,AÇIK OTOPARK,1,0,08:00-00:00
2026-07-20T18:01:34.690841+00:00,2026-07-20T21:01:34.690841+03:00,2273,Beykoz Sosyal Tesisleri,BEYKOZ,41.1143,29.0888,130,0,130,AÇIK OTOPARK,1,15,08:00-00:00
2026-07-20T18:01:34.690841+00:00,2026-07-20T21:01:34.690841+03:00,2999,Beyoğlu Gazhane Bostan Sokak 2,BEYOĞLU,41.0389,28.9903,35,1,34,YOL ÜSTÜ,0,0,07:30-16:30
2026-07-20T18:01:34.690841+00:00,2026-07-20T21:01:34.690841+03:00,3072,Beyoğlu Örnektepe Zemin Altı Otoparkı,BEYOĞLU,41.0543,28.9548,143,0,143,KAPALI OTOPARK,1,0,24 Saat
2026-07-20T18:01:34.690841+00:00,2026-07-20T21:01:34.690841+03:00,1455,Bostancı Açık,KADIKÖY,40.9523,29.0902,394,132,262,AÇIK OTOPARK,1,15,24 Saat
2026-07-20T18:01:34.690841+00:00,2026-07-20T21:01:34.690841+03:00,1456,Bostancı Sahil-Cep Açık Otoparkı,KADIKÖY,40.9545,29.0885,192,96,96,AÇIK OTOPARK,1,15,24 Saat
2026-07-20T18:01:34.690841+00:00,2026-07-20T21:01:34.690841+03:00,2150,Bostancı Vergi Dairesi Açık Otoparkı,ATAŞEHİR,40.9625,29.1083,155,0,155,AÇIK OTOPARK,0,5,08:00-20:00
2026-07-20T18:01:34.690841+00:00,2026-07-20T21:01:34.690841+03:00,2854,Bülent Ecevit Kültür Merkezi Açık Otoparkı,KARTAL,40.8852,29.1967,277,272,5,AÇIK OTOPARK,0,5,10:00-21:00
2026-07-20T18:01:34.690841+00:00,2026-07-20T21:01:34.690841+03:00,2866,Büyük İstanbul Otogarı,BAYRAMPAŞA,41.0402,28.8942,1000,0,1000,AÇIK OTOPARK,1,25,24 Saat
2026-07-20T18:01:34.690841+00:00,2026-07-20T21:01:34.690841+03:00,1192,Büyükçamlıca Korusu Sosyal Tesisleri Önü,ÜSKÜDAR,41.0264,29.0698,204,112,92,AÇIK OTOPARK,1,0,08:00-00:00
2026-07-20T18:01:34.690841+00:00,2026-07-20T21:01:34.690841+03:00,2960,Büyükçekmece Metrobüs Durağı Yanı PD Zemin Altı Otopark,BÜYÜKÇEKMECE,41.0221,28.624,448,234,214,KAPALI OTOPARK,1,0,24 Saat
2026-07-20T18:01:34.690841+00:00,2026-07-20T21:01:34.690841+03:00,1503,Cadde Bostan Açık Otoparkı,KADIKÖY,40.9636,29.0675,66,8,58,AÇIK OTOPARK,1,15,24 Saat
2026-07-20T18:01:34.690841+00:00,2026-07-20T21:01:34.690841+03:00,2933,Cemal Kamacı Spor Kompleksi Zemin Altı Otoparkı,KAĞITHANE,41.0536,28.9575,510,0,510,KAPALI OTOPARK,1,0,24 Saat
2026-07-20T18:01:34.690841+00:00,2026-07-20T21:01:34.690841+03:00,2207,Cengiz Topel Yer Altı Katlı Otoparkı,ESENLER,41.0588,28.8643,144,0,144,KAPALI OTOPARK,1,15,24 Saat
2026-07-20T18:01:34.690841+00:00,2026-07-20T21:01:34.690841+03:00,2787,Cevizli Açık Otoparkı,KARTAL,40.9179,29.1712,100,86,14,AÇIK OTOPARK,0,15,08:00-19:00
2026-07-20T18:01:34.690841+00:00,2026-07-20T21:01:34.690841+03:00,782,Cihangir Caddesi 2,BEYOĞLU,41.0319,28.9862,70,1,69,YOL ÜSTÜ,0,15,09:00-19:00
2026-07-20T18:01:34.690841+00:00,2026-07-20T21:01:34.690841+03:00,1467,Cihangir Katlı Otoparkı,BEYOĞLU,41.0318,28.9858,350,0,350,KAPALI OTOPARK,1,0,24 Saat
2026-07-20T18:01:34.690841+00:00,2026-07-20T21:01:34.690841+03:00,535,Cihannuma Yol Üstü 1,BEŞİKTAŞ,41.0454,29.0084,35,1,34,YOL ÜSTÜ,1,0,08:00-23:00
2026-07-20T18:01:34.690841+00:00,2026-07-20T21:01:34.690841+03:00,537,Cihannuma Yol Üstü 3,BEŞİKTAŞ,41.0459,29.0087,33,1,32,YOL ÜSTÜ,1,0,08:00-23:00
2026-07-20T18:01:34.690841+00:00,2026-07-20T21:01:34.690841+03:00,539,Cihannuma Yol Üstü 5,BEŞİKTAŞ,41.0489,29.0094,24,1,23,YOL ÜSTÜ,1,0,08:00-23:00
2026-07-20T18:01:34.690841+00:00,2026-07-20T21:01:34.690841+03:00,3184,Çam Sokak 6,GÜNGÖREN,41.0121,28.8882,50,1,49,YOL ÜSTÜ,0,15,08:00-17:00
2026-07-20T18:01:34.690841+00:00,2026-07-20T21:01:34.690841+03:00,3030,Çekmeköy Metro PD Zemin Altı Otoparkı,ÇEKMEKÖY,41.0147,29.1886,175,64,111,KAPALI OTOPARK,1,15,24 Saat
2026-07-20T18:01:34.690841+00:00,2026-07-20T21:01:34.690841+03:00,2905,Çeliktepe Açık Otoparkı,KAĞITHANE,41.0843,29.0056,200,56,144,AÇIK OTOPARK,1,5,24 Saat
2026-07-20T18:01:34.690841+00:00,2026-07-20T21:01:34.690841+03:00,1298,Çengelköy Açık Otoparkı,ÜSKÜDAR,41.0484,29.0533,500,0,500,AÇIK OTOPARK,1,15,24 Saat
2026-07-20T18:01:34.690841+00:00,2026-07-20T21:01:34.690841+03:00,502,Çınar Açık Otoparkı,BEŞİKTAŞ,41.0853,29.0088,65,1,64,AÇIK OTOPARK,0,0,08:00-18:00
2026-07-20T18:01:34.690841+00:00,2026-07-20T21:01:34.690841+03:00,777,Çırağan Sarayı Yol Üstü 1,BEŞİKTAŞ,41.0448,29.0165,40,1,39,YOL ÜSTÜ,1,15,08:00-23:00
2026-07-20T18:01:34.690841+00:00,2026-07-20T21:01:34.690841+03:00,778,Çırağan Sarayı Yol Üstü 2,BEŞİKTAŞ,41.0445,29.0156,40,1,39,YOL ÜSTÜ,1,15,08:00-23:00
2026-07-20T18:01:34.690841+00:00,2026-07-20T21:01:34.690841+03:00,2228,Çırpıcı Sosyal Tesisler,ZEYTİNBURNU,41,28.8926,128,0,128,AÇIK OTOPARK,1,15,07:00-00:00
2026-07-20T18:01:34.690841+00:00,2026-07-20T21:01:34.690841+03:00,1508,Çiroz Yeşilköy Halk Pazarı,BAKIRKÖY,40.9628,28.8129,471,1,470,AÇIK OTOPARK,0,0,08:00-18:00
2026-07-20T18:01:34.690841+00:00,2026-07-20T21:01:34.690841+03:00,2030,Dalyan Açık Otoparkı,KADIKÖY,40.9632,29.0651,92,0,92,AÇIK OTOPARK,1,15,24 Saat
2026-07-20T18:01:34.690841+00:00,2026-07-20T21:01:34.690841+03:00,2271,Damla Sokak 1,ŞİŞLİ,41.0672,29.0004,17,1,16,YOL ÜSTÜ,0,15,07:30-16:30
2026-07-20T18:01:34.690841+00:00,2026-07-20T21:01:34.690841+03:00,2164,Darüşşafaka Yeraltı Otoparkı,SARIYER,41.1292,29.0252,150,131,19,KAPALI OTOPARK,1,15,08:00-00:00
2026-07-20T18:01:34.690841+00:00,2026-07-20T21:01:34.690841+03:00,1653,Deniz Feneri Otoparkı,FATİH,41.0019,28.9773,175,48,127,AÇIK OTOPARK,1,5,24 Saat
2026-07-20T18:01:34.690841+00:00,2026-07-20T21:01:34.690841+03:00,595,Dostluk Yurdu 1,FATİH,41.0071,28.973,33,33,0,YOL ÜSTÜ,0,15,07:00-17:00
2026-07-20T18:01:34.690841+00:00,2026-07-20T21:01:34.690841+03:00,2237,Dragos Sosyal Tesisleri,KARTAL,40.9017,29.1458,100,0,100,AÇIK OTOPARK,1,15,24 Saat
2026-07-20T18:01:34.690841+00:00,2026-07-20T21:01:34.690841+03:00,3063,Dudullu Metro PD Zemin Altı Otoparkı,ÜMRANİYE,41.0156,29.1633,81,60,21,KAPALI OTOPARK,1,15,07:00-23:30
2026-07-20T18:01:34.690841+00:00,2026-07-20T21:01:34.690841+03:00,1522,Ebu Suut Caddesi 1,FATİH,41.0128,28.9766,35,1,34,YOL ÜSTÜ,0,0,08:00-18:00
2026-07-20T18:01:34.690841+00:00,2026-07-20T21:01:34.690841+03:00,2147,EGS Blokları Açık Otoparkı,BAKIRKÖY,40.9863,28.8354,350,118,232,AÇIK OTOPARK,0,60,09:00-19:30
2026-07-20T18:01:34.690841+00:00,2026-07-20T21:01:34.690841+03:00,2366,Esenler Adem Baştürk Kültür Merkezi Katlı,ESENLER,41.039,28.8846,460,6,454,KAPALI OTOPARK,1,15,24 Saat
2026-07-20T18:01:34.690841+00:00,2026-07-20T21:01:34.690841+03:00,3190,Esenler Havaalanı Mahallesi Zemin Altı Otoparkı,ESENLER,41.0562,28.8674,610,359,251,KAPALI OTOPARK,1,10,24 Saat
2026-07-20T18:01:34.690841+00:00,2026-07-20T21:01:34.690841+03:00,3011,Esenler Menderes Metro İstasyonu Yanı,ESENLER,41.0427,28.8783,68,0,68,AÇIK OTOPARK,1,5,24 Saat
2026-07-20T18:01:34.690841+00:00,2026-07-20T21:01:34.690841+03:00,2822,Esenler Menderes Parkı Zemin Altı Otoparkı,ESENLER,41.0412,28.8729,325,36,289,KAPALI OTOPARK,1,10,24 Saat
2026-07-20T18:01:34.690841+00:00,2026-07-20T21:01:34.690841+03:00,3303,Esenyurt Adile Naşit Bulvarı Zeminaltı Otoparkı,ESENYURT,41.0205,28.6859,367,298,69,KAPALI OTOPARK,1,15,24 Saat
2026-07-20T18:01:34.690841+00:00,2026-07-20T21:01:34.690841+03:00,1692,Eski Büyükdere Caddesi 1,KAĞITHANE,41.0891,29.0059,30,12,18,YOL ÜSTÜ,0,15,08:00-16:30
2026-07-20T18:01:34.690841+00:00,2026-07-20T21:01:34.690841+03:00,1328,Eski Salı Pazarı,KADIKÖY,40.9904,29.0338,760,0,760,AÇIK OTOPARK,1,15,24 Saat
2026-07-20T18:01:34.690841+00:00,2026-07-20T21:01:34.690841+03:00,904,Eyüp Pierloti Caddesi 1,EYÜP,41.0539,28.9329,40,1,39,YOL ÜSTÜ,1,0,09:00-22:00
2026-07-20T18:01:34.690841+00:00,2026-07-20T21:01:34.690841+03:00,2850,Eyüpsultan Akşemsettin Mahallesi Zemin Altı Otoparkı,EYÜP,41.085,28.9258,110,0,110,KAPALI OTOPARK,1,15,24 Saat
2026-07-20T18:01:34.690841+00:00,2026-07-20T21:01:34.690841+03:00,2215,Fatih Çeşmesi Tabiat Parkı Otoparkı,SARIYER,41.1686,28.9448,250,242,8,AÇIK OTOPARK,0,0,06:00-20:00
2026-07-20T18:01:34.690841+00:00,2026-07-20T21:01:34.690841+03:00,1475,Fatih Katlı Otoparkı,FATİH,41.0198,28.9396,118,0,118,KAPALI OTOPARK,1,10,24 Saat
2026-07-20T18:01:34.690841+00:00,2026-07-20T21:01:34.690841+03:00,1591,Feshane PD Açık Otoparkı,EYÜP,41.0463,28.9378,200,0,200,AÇIK OTOPARK,1,15,24 Saat
2026-07-20T18:01:34.690841+00:00,2026-07-20T21:01:34.690841+03:00,1005,Florya Havuzlu Bahçe,BAKIRKÖY,40.9764,28.7908,135,1,134,AÇIK OTOPARK,1,0,09:00-23:00
2026-07-20T18:01:34.690841+00:00,2026-07-20T21:01:34.690841+03:00,2238,Florya Sosyal Tesisleri,BAKIRKÖY,40.9614,28.8091,1074,647,427,AÇIK OTOPARK,1,15,24 Saat
2026-07-20T18:01:34.690841+00:00,2026-07-20T21:01:34.690841+03:00,3296,Gaziosmanpaşa Meydanı ve Yaşam Merkezi Zemin Altı Otoparkı,GAZİOSMANPAŞA,41.0606,28.9093,202,0,202,KAPALI OTOPARK,1,15,24 Saat
2026-07-20T18:01:34.690841+00:00,2026-07-20T21:01:34.690841+03:00,2971,Gaziosmanpaşa Zemin Altı Otoparkı,GAZİOSMANPAŞA,41.0796,28.8858,285,0,285,KAPALI OTOPARK,1,0,24 Saat
2026-07-20T18:01:34.690841+00:00,2026-07-20T21:01:34.690841+03:00,3401,Giyimkent Tekstilkent Metro Zemin Altı PD Otoparkı,ESENLER,41.0711,28.8666,203,187,16,KAPALI OTOPARK,1,10,24 Saat
2026-07-20T18:01:34.690841+00:00,2026-07-20T21:01:34.690841+03:00,2242,Gözdağı Sosyal Tesisler  Açık Otoparkı,PENDİK,40.893,29.2538,300,217,83,AÇIK OTOPARK,1,0,07:00-23:00
2026-07-20T18:01:34.690841+00:00,2026-07-20T21:01:34.690841+03:00,1879,Gülsuyu Metro PD Yer Altı Otoparkı,MALTEPE,40.9237,29.1548,76,0,76,KAPALI OTOPARK,1,15,08:00-00:00
2026-07-20T18:01:34.690841+00:00,2026-07-20T21:01:34.690841+03:00,1423,Güneş Plajı 1,BAKIRKÖY,40.9712,28.79,250,147,103,AÇIK OTOPARK,1,10,24 Saat
2026-07-20T18:01:34.690841+00:00,2026-07-20T21:01:34.690841+03:00,1461,Güneş Plajı 2,BAKIRKÖY,40.9692,28.7951,135,41,94,AÇIK OTOPARK,0,10,08:00-20:00
2026-07-20T18:01:34.690841+00:00,2026-07-20T21:01:34.690841+03:00,3053,Güngören Nikah Dairesi Zemin Altı otoparkı,GÜNGÖREN,41.0363,28.8718,147,0,147,KAPALI OTOPARK,1,10,24 Saat
2026-07-20T18:01:34.690841+00:00,2026-07-20T21:01:34.690841+03:00,2216,Gürpınar Balık Hali Otoparkı,BEYLİKDÜZÜ,40.9663,28.6019,1000,869,131,AÇIK OTOPARK,1,15,24 Saat
2026-07-20T18:01:34.690841+00:00,2026-07-20T21:01:34.690841+03:00,1525,Hacıosman Metro Yer Altı Otoparkı,SARIYER,41.14,29.0306,422,0,422,KAPALI OTOPARK,1,15,24 Saat
2026-07-20T18:01:34.690841+00:00,2026-07-20T21:01:34.690841+03:00,1470,Haldun Alagaş Katlı Otoparkı,ÜMRANİYE,41.0262,29.1052,197,139,58,KAPALI OTOPARK,1,15,24 Saat
2026-07-20T18:01:34.690841+00:00,2026-07-20T21:01:34.690841+03:00,3235,Haliç Sosyal Tesisleri Otoparkı,FATİH,41.0277,28.9572,60,16,44,AÇIK OTOPARK,1,15,07:00-00:00
2026-07-20T18:01:34.690841+00:00,2026-07-20T21:01:34.690841+03:00,2848,Halkalı Mahallesi Zemin Altı Otoparkı,KÜÇÜKÇEKMECE,41.0359,28.7848,347,270,77,KAPALI OTOPARK,1,15,24 Saat
2026-07-20T18:01:34.690841+00:00,2026-07-20T21:01:34.690841+03:00,2838,Hamidiye Mahallesi Katlı Otoparkı,KAĞITHANE,41.0949,28.971,450,200,250,KAPALI OTOPARK,1,15,24 Saat
2026-07-20T18:01:34.690841+00:00,2026-07-20T21:01:34.690841+03:00,1446,Harbiye Zemin Altı Otoparkı,BEYOĞLU,41.0408,28.9869,142,75,67,KAPALI OTOPARK,1,0,24 Saat
2026-07-20T18:01:34.690841+00:00,2026-07-20T21:01:34.690841+03:00,2332,Haydarpaşa Katlı Otoparkı,ÜSKÜDAR,41.0048,29.0251,840,716,124,KAPALI OTOPARK,1,15,24 Saat
2026-07-20T18:01:34.690841+00:00,2026-07-20T21:01:34.690841+03:00,1987,Haznedar Yer Altı Otoparkı,GÜNGÖREN,41.0083,28.8729,540,0,540,KAPALI OTOPARK,1,0,24 Saat
2026-07-20T18:01:34.690841+00:00,2026-07-20T21:01:34.690841+03:00,377,Hızır Külhani Sokak,FATİH,41.0202,28.9605,32,1,31,YOL ÜSTÜ,0,15,09:00-17:00
2026-07-20T18:01:34.690841+00:00,2026-07-20T21:01:34.690841+03:00,3173,Hürriyet Mahallesi Zeminaltı Otoparkı,GAZİOSMANPAŞA,41.0708,28.8951,190,0,190,KAPALI OTOPARK,1,15,24 Saat
2026-07-20T18:01:34.690841+00:00,2026-07-20T21:01:34.690841+03:00,157,Ihlamur Dere Caddesi 4,BEŞİKTAŞ,41.047,29.0023,27,1,26,YOL ÜSTÜ,0,15,09:00-17:00
2026-07-20T18:01:34.690841+00:00,2026-07-20T21:01:34.690841+03:00,1189,İçerenköy Sebze Meyve Hali Otoparkı,ATAŞEHİR,40.9766,29.1044,600,599,1,AÇIK OTOPARK,1,15,24 Saat
2026-07-20T18:01:34.690841+00:00,2026-07-20T21:01:34.690841+03:00,1127,İshakpaşa Caddesi,FATİH,41.0079,28.9814,200,1,199,YOL ÜSTÜ,0,0,08:00-18:00
2026-07-20T18:01:34.690841+00:00,2026-07-20T21:01:34.690841+03:00,3265,İspark İstanbul West Marina Açık Otoparkı 1,BEYLİKDÜZÜ,40.9636,28.6564,250,1,249,AÇIK OTOPARK,1,15,24 Saat
2026-07-20T18:01:34.690841+00:00,2026-07-20T21:01:34.690841+03:00,2793,İspark Merter Katlı Otoparkı,GÜNGÖREN,41.0097,28.89,900,446,454,KAPALI OTOPARK,1,10,24 Saat
2026-07-20T18:01:34.690841+00:00,2026-07-20T21:01:34.690841+03:00,2430,İspark West İstanbul Marina Açık Otoparkı,BEYLİKDÜZÜ,40.9639,28.6591,1600,924,676,AÇIK OTOPARK,1,15,24 Saat
2026-07-20T18:01:34.690841+00:00,2026-07-20T21:01:34.690841+03:00,381,İstinye 4 ( Cami Önü ),SARIYER,41.1149,29.0571,25,1,24,YOL ÜSTÜ,0,15,08:30-17:30
2026-07-20T18:01:34.690841+00:00,2026-07-20T21:01:34.690841+03:00,1804,İtalyan Hastanesi Karşısı Açık Otoparkı 1,BEYOĞLU,41.028,28.9815,30,1,29,AÇIK OTOPARK,0,0,08:00-19:00
2026-07-20T18:01:34.690841+00:00,2026-07-20T21:01:34.690841+03:00,507,Kabasakal Medrese Önü,FATİH,41.0062,28.9789,65,1,64,AÇIK OTOPARK,0,0,08:00-18:30
2026-07-20T18:01:34.690841+00:00,2026-07-20T21:01:34.690841+03:00,3306,Kabataş Transfer Merkezi Turizm Otobüs Otoparkı,BEYOĞLU,41.0336,28.9923,160,46,114,KAPALI OTOPARK,1,20,24 Saat
2026-07-20T18:01:34.690841+00:00,2026-07-20T21:01:34.690841+03:00,2918,Kadıköy Hasanpaşa Gazhane Katlı Otoparkı,KADIKÖY,40.9972,29.0428,310,178,132,KAPALI OTOPARK,1,15,24 Saat
2026-07-20T18:01:34.690841+00:00,2026-07-20T21:01:34.690841+03:00,1447,Kadıköy İski Açık Otoparkı,KADIKÖY,40.9874,29.0207,124,17,107,AÇIK OTOPARK,1,15,24 Saat
2026-07-20T18:01:34.690841+00:00,2026-07-20T21:01:34.690841+03:00,1655,Kadıköy Metro Açık Otoparkı,KADIKÖY,40.9899,29.0217,74,5,69,AÇIK OTOPARK,1,15,24 Saat
2026-07-20T18:01:34.690841+00:00,2026-07-20T21:01:34.690841+03:00,3445,Kadıköy Uzunçayır PD Açık Otoparkı,KADIKÖY,40.9982,29.0569,70,48,22,AÇIK OTOPARK,0,15,06:30-16:30
2026-07-20T18:01:34.690841+00:00,2026-07-20T21:01:34.690841+03:00,2808,Kadıköy Yeni Salı Pazarı PD Katlı Otoparkı,KADIKÖY,40.9969,29.0486,1350,478,872,KAPALI OTOPARK,1,15,24 Saat
2026-07-20T18:01:34.690841+00:00,2026-07-20T21:01:34.690841+03:00,2811,Kağıthane Harmantepe Zemin Altı Otoparkı,KAĞITHANE,41.0816,28.9907,200,0,200,KAPALI OTOPARK,1,0,24 Saat
2026-07-20T18:01:34.690841+00:00,2026-07-20T21:01:34.690841+03:00,1452,Kalamış Açık Otoparkı,KADIKÖY,40.9687,29.0363,173,22,151,AÇIK OTOPARK,1,15,24 Saat
2026-07-20T18:01:34.690841+00:00,2026-07-20T21:01:34.690841+03:00,1474,Kartal Hasan Doğan Spor Kompleksi,KARTAL,40.8918,29.1897,773,0,773,KAPALI OTOPARK,1,15,24 Saat
2026-07-20T18:01:34.690841+00:00,2026-07-20T21:01:34.690841+03:00,1105,Kartal İdo Açık Otoparkı,KARTAL,40.8874,29.1881,90,0,90,AÇIK OTOPARK,1,15,24 Saat
2026-07-20T18:01:34.690841+00:00,2026-07-20T21:01:34.690841+03:00,1550,Kartal Sahil Açık Otoparkı,KARTAL,40.8875,29.1901,75,31,44,AÇIK OTOPARK,1,5,24 Saat
2026-07-20T18:01:34.690841+00:00,2026-07-20T21:01:34.690841+03:00,3434,Kasımpaşa Sosyal Tesisler Otoparkı,BEYOĞLU,41.0296,28.9673,60,36,24,AÇIK OTOPARK,1,0,07:30-23:00
2026-07-20T18:01:34.690841+00:00,2026-07-20T21:01:34.690841+03:00,2827,Kayaşehir Meydan Zemin Altı Otoparkı,BAŞAKŞEHİR,41.1196,28.7718,1054,1,1053,KAPALI OTOPARK,0,0,10:00-17:00
2026-07-20T18:01:34.690841+00:00,2026-07-20T21:01:34.690841+03:00,1960,Kazlıçeşme Marmaray Açık Otoparkı,ZEYTİNBURNU,40.9922,28.917,700,634,66,AÇIK OTOPARK,1,15,24 Saat
2026-07-20T18:01:34.690841+00:00,2026-07-20T21:01:34.690841+03:00,2994,Kirazlı Metro Durağı PD Açık Otoparkı,BAĞCILAR,41.033,28.8429,112,0,112,AÇIK OTOPARK,1,5,24 Saat
2026-07-20T18:01:34.690841+00:00,2026-07-20T21:01:34.690841+03:00,1528,Kore Şehitleri Caddesi - Yüzbaşı Kaya Aldağon Sokak 1,ŞİŞLİ,41.0719,29.0139,40,1,39,YOL ÜSTÜ,0,15,07:00-16:00
2026-07-20T18:01:34.690841+00:00,2026-07-20T21:01:34.690841+03:00,2449,Kozyatağı Sebze-Meyve Hali,ATAŞEHİR,40.9787,29.1029,1500,1499,1,AÇIK OTOPARK,1,0,24 Saat
2026-07-20T18:01:34.690841+00:00,2026-07-20T21:01:34.690841+03:00,1206,Kutlugün Sokak 2,FATİH,41.0061,28.9801,200,1,199,YOL ÜSTÜ,0,0,08:00-18:00
2026-07-20T18:01:34.690841+00:00,2026-07-20T21:01:34.690841+03:00,3074,Küçük Çamlıca,ÜSKÜDAR,41.0204,29.0653,129,105,24,AÇIK OTOPARK,1,0,08:00-22:00
2026-07-20T18:01:34.690841+00:00,2026-07-20T21:01:34.690841+03:00,3127,Küçükçekmece Cennet Mahallesi Meydan Zemin Altı Otoparkı,KÜÇÜKÇEKMECE,40.9907,28.783,456,0,456,KAPALI OTOPARK,1,10,24 Saat
2026-07-20T18:01:34.690841+00:00,2026-07-20T21:01:34.690841+03:00,2554,Küçükçekmece Fevzi Çakmak Meydanı Zemin Altı Otoparkı,KÜÇÜKÇEKMECE,41.0076,28.7927,1000,503,497,KAPALI OTOPARK,1,10,24 Saat
2026-07-20T18:01:34.690841+00:00,2026-07-20T21:01:34.690841+03:00,2882,Küçüksu Kasrı Açık Otoparkı,BEYKOZ,41.0789,29.0657,98,91,7,AÇIK OTOPARK,1,0,07:00-23:00
2026-07-20T18:01:34.690841+00:00,2026-07-20T21:01:34.690841+03:00,220,Levent Hamidiye,BEŞİKTAŞ,41.0861,29.0076,100,1,99,AÇIK OTOPARK,0,0,08:00-19:00
2026-07-20T18:01:34.690841+00:00,2026-07-20T21:01:34.690841+03:00,1138,Levent Metro Yer Altı Otoparkı,BEŞİKTAŞ,41.0811,29.0105,100,100,0,AÇIK OTOPARK,0,5,07:30-19:30
2026-07-20T18:01:34.690841+00:00,2026-07-20T21:01:34.690841+03:00,2335,Maçka Açık Otoparkı,ŞİŞLİ,41.046,28.9908,75,75,0,AÇIK OTOPARK,1,0,24 Saat
2026-07-20T18:01:34.690841+00:00,2026-07-20T21:01:34.690841+03:00,1859,Maçka Katlı Otoparkı,ŞİŞLİ,41.0484,28.9903,508,0,508,KAPALI OTOPARK,1,0,24 Saat
2026-07-20T18:01:34.690841+00:00,2026-07-20T21:01:34.690841+03:00,3193,Maltepe Rıhtım Caddesi Açık Otoparkı,MALTEPE,40.9258,29.1241,76,0,76,AÇIK OTOPARK,1,0,24 Saat
2026-07-20T18:01:34.690841+00:00,2026-07-20T21:01:34.690841+03:00,2146,Maltepe Süreyyapaşa Çarşısı Açık Otoparkı,MALTEPE,40.9274,29.1225,156,23,133,AÇIK OTOPARK,1,0,24 Saat
2026-07-20T18:01:34.690841+00:00,2026-07-20T21:01:34.690841+03:00,1599,Maslak Açık Otoparkı,SARIYER,41.1166,29.024,150,139,11,AÇIK OTOPARK,1,10,24 Saat
2026-07-20T18:01:34.690841+00:00,2026-07-20T21:01:34.690841+03:00,2100,Matbaacılar Sitesi Yanı,ZEYTİNBURNU,41.0234,28.9187,250,216,34,AÇIK OTOPARK,1,5,24 Saat
2026-07-20T18:01:34.690841+00:00,2026-07-20T21:01:34.690841+03:00,920,Meclis-i Mebusan Yokuşu 2,BEYOĞLU,41.0326,28.9882,34,1,33,YOL ÜSTÜ,0,15,09:00-17:00
2026-07-20T18:01:34.690841+00:00,2026-07-20T21:01:34.690841+03:00,1546,Menekşe Plajı Açık Otoparkı,BAKIRKÖY,40.9761,28.7766,200,199,1,AÇIK OTOPARK,1,0,24 Saat
2026-07-20T18:01:34.690841+00:00,2026-07-20T21:01:34.690841+03:00,1376,Mercan Açık,FATİH,41.0136,28.9669,130,122,8,AÇIK OTOPARK,1,0,08:00-23:00
2026-07-20T18:01:34.690841+00:00,2026-07-20T21:01:34.690841+03:00,3309,Mercan Ali Paşa Sarayı Zemin Altı Otoparkı,FATİH,41.0136,28.967,196,1,195,KAPALI OTOPARK,0,0,07:00-21:00
2026-07-20T18:01:34.690841+00:00,2026-07-20T21:01:34.690841+03:00,1472,Merter Katlı Otoparkı,GÜNGÖREN,41.0092,28.8874,1000,914,86,KAPALI OTOPARK,1,10,24 Saat
2026-07-20T18:01:34.690841+00:00,2026-07-20T21:01:34.690841+03:00,2375,Merter Metro PD Zeminaltı Otoparkı,GÜNGÖREN,41.0037,28.8897,242,114,128,KAPALI OTOPARK,1,10,24 Saat
2026-07-20T18:01:34.690841+00:00,2026-07-20T21:01:34.690841+03:00,1568,Mete Caddesi 1,BEYOĞLU,41.0382,28.9879,31,1,30,YOL ÜSTÜ,1,15,08:00-23:00
2026-07-20T18:01:34.690841+00:00,2026-07-20T21:01:34.690841+03:00,1471,Mevlana Yeraltı Katlı Otoparkı,ZEYTİNBURNU,41.0072,28.9049,1000,864,136,KAPALI OTOPARK,1,5,24 Saat
2026-07-20T18:01:34.690841+00:00,2026-07-20T21:01:34.690841+03:00,2709,Millet Caddesi Açık Otoparkı,FATİH,41.01,28.9461,60,40,20,AÇIK OTOPARK,1,15,24 Saat
2026-07-20T18:01:34.690841+00:00,2026-07-20T21:01:34.690841+03:00,3152,Mimar Sinan Zemin Altı Otoparkı,ÜSKÜDAR,41.0222,29.0169,956,224,732,KAPALI OTOPARK,1,15,24 Saat
2026-07-20T18:01:34.690841+00:00,2026-07-20T21:01:34.690841+03:00,2870,Miniatürk Çadır Açık Otoparkı,BEYOĞLU,41.0594,28.9501,250,213,37,AÇIK OTOPARK,0,15,07:00-20:00
2026-07-20T18:01:34.690841+00:00,2026-07-20T21:01:34.690841+03:00,2556,Muallim Naci Açık Otoparkı,BEŞİKTAŞ,41.0561,29.0342,35,18,17,AÇIK OTOPARK,1,15,24 Saat
2026-07-20T18:01:34.690841+00:00,2026-07-20T21:01:34.690841+03:00,569,Oda Kule Önü 1,BEYOĞLU,41.0322,28.9751,24,1,23,YOL ÜSTÜ,1,0,07:00-01:00
2026-07-20T18:01:34.690841+00:00,2026-07-20T21:01:34.690841+03:00,1988,Orhangazi Şehir Parkı PD Açık Otoparkı,MALTEPE,40.9313,29.1161,5022,3539,1483,AÇIK OTOPARK,1,15,24 Saat
2026-07-20T18:01:34.690841+00:00,2026-07-20T21:01:34.690841+03:00,152,Ortabahçe Caddesi 2,BEŞİKTAŞ,41.0428,29.0043,35,1,34,YOL ÜSTÜ,1,15,08:00-23:00
2026-07-20T18:01:34.690841+00:00,2026-07-20T21:01:34.690841+03:00,153,Ortabahçe Caddesi 3,BEŞİKTAŞ,41.043,29.0042,26,1,25,YOL ÜSTÜ,1,15,08:00-23:00
2026-07-20T18:01:34.690841+00:00,2026-07-20T21:01:34.690841+03:00,119,Ortaklar Caddesi 1,ŞİŞLİ,41.0638,28.9971,25,1,24,YOL ÜSTÜ,0,15,08:30-17:00
2026-07-20T18:01:34.690841+00:00,2026-07-20T21:01:34.690841+03:00,1343,Ortaköy Açık Otoparkı,BEŞİKTAŞ,41.0504,29.0326,170,129,41,AÇIK OTOPARK,1,0,24 Saat
2026-07-20T18:01:34.690841+00:00,2026-07-20T21:01:34.690841+03:00,572,Ortaköy Portakal Yokuşu 1,BEŞİKTAŞ,41.0503,29.0261,15,1,14,YOL ÜSTÜ,0,15,09:00-19:00
2026-07-20T18:01:34.690841+00:00,2026-07-20T21:01:34.690841+03:00,1039,Öğretmen Evi,AVCILAR,40.9723,28.714,80,42,38,AÇIK OTOPARK,1,0,11:00-23:00
2026-07-20T18:01:34.690841+00:00,2026-07-20T21:01:34.690841+03:00,1466,Pendik Katlı Otoparkı,PENDİK,40.8789,29.2342,120,6,114,KAPALI OTOPARK,1,15,24 Saat
2026-07-20T18:01:34.690841+00:00,2026-07-20T21:01:34.690841+03:00,3073,Pendik Kemal Kalkuz Parkı Zemin Altı Otoparkı,PENDİK,40.8885,29.2427,224,0,224,KAPALI OTOPARK,0,0,09:00-18:00
2026-07-20T18:01:34.690841+00:00,2026-07-20T21:01:34.690841+03:00,3019,Pendik Meydan Zemin Altı Otoparkı,PENDİK,40.8752,29.2324,937,0,937,KAPALI OTOPARK,1,0,24 Saat
2026-07-20T18:01:34.690841+00:00,2026-07-20T21:01:34.690841+03:00,2865,Pendik Sahil Engelliler Merkez Önü,PENDİK,40.8735,29.233,100,66,34,AÇIK OTOPARK,0,0,11:00-20:00
2026-07-20T18:01:34.690841+00:00,2026-07-20T21:01:34.690841+03:00,2434,Pendik Sahil İdo,PENDİK,40.8755,29.2369,100,0,100,AÇIK OTOPARK,1,0,07:00-23:00
2026-07-20T18:01:34.690841+00:00,2026-07-20T21:01:34.690841+03:00,248,Pendik Yenimahalle Açık 2 Otoparkı,PENDİK,40.864,29.2723,124,113,11,AÇIK OTOPARK,1,15,10:00-22:00
2026-07-20T18:01:34.690841+00:00,2026-07-20T21:01:34.690841+03:00,297,Perşembe Pazarı 1,BEYOĞLU,41.0252,28.9693,32,1,31,YOL ÜSTÜ,0,15,08:00-17:00
2026-07-20T18:01:34.690841+00:00,2026-07-20T21:01:34.690841+03:00,597,Pierre Loti Caddesi 3,FATİH,41.0069,28.9711,36,1,35,YOL ÜSTÜ,0,0,07:00-17:00
2026-07-20T18:01:34.690841+00:00,2026-07-20T21:01:34.690841+03:00,3263,Piyalepaşa Meydanı Zemin Altı Otoparkı,BEYOĞLU,41.0445,28.9674,560,241,319,KAPALI OTOPARK,1,0,24 Saat
2026-07-20T18:01:34.690841+00:00,2026-07-20T21:01:34.690841+03:00,423,Prof.Cemil Birsel Yokuşu 3,FATİH,41.0178,28.967,40,1,39,YOL ÜSTÜ,0,0,07:00-18:00
2026-07-20T18:01:34.690841+00:00,2026-07-20T21:01:34.690841+03:00,1900,Ragıp Gümüşpala Cad.(Sobacılar Önü),FATİH,41.0181,28.969,40,1,39,YOL ÜSTÜ,0,15,07:00-18:00
2026-07-20T18:01:34.690841+00:00,2026-07-20T21:01:34.690841+03:00,415,Ragıp Gümüşpala Camii Önü 1,FATİH,41.0211,28.9627,35,1,34,YOL ÜSTÜ,0,0,07:00-17:30
2026-07-20T18:01:34.690841+00:00,2026-07-20T21:01:34.690841+03:00,3268,Refik Saydam Caddesi 3,BEYOĞLU,41.032,28.9736,55,1,54,YOL ÜSTÜ,1,0,06:00-23:00
2026-07-20T18:01:34.690841+00:00,2026-07-20T21:01:34.690841+03:00,2307,Ressam Halim Sokak PD Açık Otoparkı,BAHÇELİEVLER,40.9967,28.8641,120,99,21,AÇIK OTOPARK,1,15,08:00-00:00
2026-07-20T18:01:34.690841+00:00,2026-07-20T21:01:34.690841+03:00,3082,Rumeli Hisarı Sahil Yolu Otoparkı,SARIYER,41.0854,29.0568,20,1,19,AÇIK OTOPARK,1,0,24 Saat
2026-07-20T18:01:34.690841+00:00,2026-07-20T21:01:34.690841+03:00,1595,Sabiha Gökçen Açık Otoparkı,PENDİK,40.925,29.308,1056,293,763,AÇIK OTOPARK,1,15,24 Saat
2026-07-20T18:01:34.690841+00:00,2026-07-20T21:01:34.690841+03:00,3239,Samatya Sahil Cep Otoparkı,FATİH,40.9954,28.932,113,68,45,AÇIK OTOPARK,1,15,24 Saat
2026-07-20T18:01:34.690841+00:00,2026-07-20T21:01:34.690841+03:00,3273,Sarıyer Büyükdere Fidanlığı,SARIYER,41.1548,29.0268,160,157,3,AÇIK OTOPARK,0,0,08:00-18:00
2026-07-20T18:01:34.690841+00:00,2026-07-20T21:01:34.690841+03:00,3299,Sariyer Ayazağa Mah Vadi İstanbul Önü Açık Otoparkı,SARIYER,41.1106,28.9881,100,96,4,AÇIK OTOPARK,0,0,08:00-20:00
2026-07-20T18:01:34.690841+00:00,2026-07-20T21:01:34.690841+03:00,1303,Seyrantepe Katlı (Arena Karşısı) 1,KAĞITHANE,41.101,28.9961,1897,1,1896,KAPALI OTOPARK,1,0,24 Saat
2026-07-20T18:01:34.690841+00:00,2026-07-20T21:01:34.690841+03:00,1628,Sıracevizler Caddesi Yol Üstü 5,ŞİŞLİ,41.0607,28.9841,45,1,44,YOL ÜSTÜ,0,15,09:00-17:00
2026-07-20T18:01:34.690841+00:00,2026-07-20T21:01:34.690841+03:00,464,Sirkeci Gar Önü,FATİH,41.015,28.9761,60,1,59,AÇIK OTOPARK,0,5,07:00-20:00
2026-07-20T18:01:34.690841+00:00,2026-07-20T21:01:34.690841+03:00,1486,Siyavuşpaşa Yer Altı Otoparkı,BAHÇELİEVLER,40.9965,28.8532,155,0,155,KAPALI OTOPARK,1,0,24 Saat
2026-07-20T18:01:34.690841+00:00,2026-07-20T21:01:34.690841+03:00,1958,Soğanlık Metro PD Açık Otoparkı,KARTAL,40.9131,29.1925,898,848,50,AÇIK OTOPARK,1,15,24 Saat
2026-07-20T18:01:34.690841+00:00,2026-07-20T21:01:34.690841+03:00,589,Su Terazisi Sokak,FATİH,41.0046,28.9727,22,1,21,YOL ÜSTÜ,0,0,07:30-17:00
2026-07-20T18:01:34.690841+00:00,2026-07-20T21:01:34.690841+03:00,1478,Suadiye Cep Açık Otoparkı,KADIKÖY,40.9586,29.0732,130,46,84,AÇIK OTOPARK,1,15,24 Saat
2026-07-20T18:01:34.690841+00:00,2026-07-20T21:01:34.690841+03:00,2948,Suadiye Sahil Açık Otoparkı,KADIKÖY,40.9562,29.0797,70,3,67,AÇIK OTOPARK,1,5,24 Saat
2026-07-20T18:01:34.690841+00:00,2026-07-20T21:01:34.690841+03:00,2799,Sultanbeyli Emir Caddesi Zemin Altı Otoparkı,SULTANBEYLİ,40.9707,29.2606,130,112,18,KAPALI OTOPARK,1,15,08:00-22:00
2026-07-20T18:01:34.690841+00:00,2026-07-20T21:01:34.690841+03:00,2372,Sultanbeyli Kent Meydanı Zemin Altı Otoparkı,SULTANBEYLİ,40.9667,29.2667,300,186,114,KAPALI OTOPARK,1,15,24 Saat
2026-07-20T18:01:34.690841+00:00,2026-07-20T21:01:34.690841+03:00,2410,Sultangazi Zemin Altı Otoparkı,SULTANGAZİ,41.0944,28.8649,104,0,104,KAPALI OTOPARK,1,10,24 Saat
2026-07-20T18:01:34.690841+00:00,2026-07-20T21:01:34.690841+03:00,2085,Süleyman Seba Caddesi 2,BEŞİKTAŞ,41.0426,28.9998,40,1,39,YOL ÜSTÜ,0,15,08:00-18:00
2026-07-20T18:01:34.690841+00:00,2026-07-20T21:01:34.690841+03:00,2088,Süleyman Seba Caddesi 5,BEŞİKTAŞ,41.0432,28.9978,40,1,39,YOL ÜSTÜ,0,15,08:00-18:00
2026-07-20T18:01:34.690841+00:00,2026-07-20T21:01:34.690841+03:00,2089,Süleyman Seba Caddesi 6,BEŞİKTAŞ,41.0435,28.9967,11,1,10,YOL ÜSTÜ,0,15,08:00-18:00
2026-07-20T18:01:34.690841+00:00,2026-07-20T21:01:34.690841+03:00,2391,Süleymaniye Cami Altı Açık Otoparkı,FATİH,41.0158,28.961,250,235,15,AÇIK OTOPARK,0,0,06:30-18:30
2026-07-20T18:01:34.690841+00:00,2026-07-20T21:01:34.690841+03:00,1730,Sütlüce Miniatürk Yanı,BEYOĞLU,41.057,28.95,320,234,86,AÇIK OTOPARK,1,15,24 Saat
2026-07-20T18:01:34.690841+00:00,2026-07-20T21:01:34.690841+03:00,36,Şakayık Sokak 4,ŞİŞLİ,41.0518,28.9936,50,1,49,YOL ÜSTÜ,0,15,08:00-16:00
2026-07-20T18:01:34.690841+00:00,2026-07-20T21:01:34.690841+03:00,1469,Şehit Volkan Duysak Katlı Otoparkı,ZEYTİNBURNU,40.9968,28.9039,1000,664,336,KAPALI OTOPARK,1,5,24 Saat
2026-07-20T18:01:34.690841+00:00,2026-07-20T21:01:34.690841+03:00,2385,Şehremini Açık Otoparkı 1,FATİH,41.0135,28.9333,60,1,59,AÇIK OTOPARK,0,0,08:30-20:30
2026-07-20T18:01:34.690841+00:00,2026-07-20T21:01:34.690841+03:00,2855,Şemsipaşa Açık Otoparkı,ÜSKÜDAR,41.0255,29.0097,80,32,48,AÇIK OTOPARK,1,0,24 Saat
2026-07-20T18:01:34.690841+00:00,2026-07-20T21:01:34.690841+03:00,2439,Şirinevler Meydan Zeminaltı Otoparkı,BAHÇELİEVLER,40.9925,28.8496,367,74,293,KAPALI OTOPARK,1,0,24 Saat
2026-07-20T18:01:34.690841+00:00,2026-07-20T21:01:34.690841+03:00,3400,Şişhane Refik Saydam Caddesi 2 Yol Üstü Otoparkı 1,BEYOĞLU,41.0326,28.9743,70,1,69,YOL ÜSTÜ,1,15,06:00-23:00
2026-07-20T18:01:34.690841+00:00,2026-07-20T21:01:34.690841+03:00,1017,Şişli Kadırgalar Caddesi 1,ŞİŞLİ,41.0429,28.9927,100,1,99,AÇIK OTOPARK,1,0,07:00-23:00
2026-07-20T18:01:34.690841+00:00,2026-07-20T21:01:34.690841+03:00,3441,Şişli Kuştepe Zemin Altı Otoparkı,ŞİŞLİ,41.072,28.9919,430,314,116,KAPALI OTOPARK,1,15,24 Saat
2026-07-20T18:01:34.690841+00:00,2026-07-20T21:01:34.690841+03:00,2816,Şişli Rumeli Caddesi Metro Yanı 1,ŞİŞLİ,41.0538,28.9868,45,1,44,YOL ÜSTÜ,0,15,08:00-20:00
2026-07-20T18:01:34.690841+00:00,2026-07-20T21:01:34.690841+03:00,2406,Şişli Zemin Altı Otoparkı,ŞİŞLİ,41.0641,28.9992,581,389,192,KAPALI OTOPARK,1,15,24 Saat
2026-07-20T18:01:34.690841+00:00,2026-07-20T21:01:34.690841+03:00,1993,Tuzla İdo,TUZLA,40.8149,29.3039,300,79,221,AÇIK OTOPARK,1,15,24 Saat
2026-07-20T18:01:34.690841+00:00,2026-07-20T21:01:34.690841+03:00,3332,Tuzla Sahil Cep,TUZLA,40.8168,29.2992,50,42,8,AÇIK OTOPARK,1,0,08:00-00:00
2026-07-20T18:01:34.690841+00:00,2026-07-20T21:01:34.690841+03:00,3057,Tuzla Sahil Zemin Altı Otoparkı,TUZLA,40.8181,29.3004,779,516,263,KAPALI OTOPARK,1,15,24 Saat
2026-07-20T18:01:34.690841+00:00,2026-07-20T21:01:34.690841+03:00,1811,Ulu Camii Açık Otoparkı,BAHÇELİEVLER,40.9982,28.8499,150,108,42,AÇIK OTOPARK,1,10,24 Saat
2026-07-20T18:01:34.690841+00:00,2026-07-20T21:01:34.690841+03:00,2424,Uzunçayır Açık Otoparkı,KADIKÖY,40.9988,29.0556,58,52,6,AÇIK OTOPARK,0,0,06:00-16:00
2026-07-20T18:01:34.690841+00:00,2026-07-20T21:01:34.690841+03:00,1468,Ümraniye Katlı Otoparkı,ÜMRANİYE,41.0261,29.0953,665,484,181,KAPALI OTOPARK,1,15,24 Saat
2026-07-20T18:01:34.690841+00:00,2026-07-20T21:01:34.690841+03:00,2898,Ümraniye Okan Sokak Zeminaltı Otoparkı,ÜMRANİYE,41.0284,29.0907,125,27,98,KAPALI OTOPARK,1,15,24 Saat
2026-07-20T18:01:34.690841+00:00,2026-07-20T21:01:34.690841+03:00,2345,Üsküdar Uzunçayır PD Açık Otoparkı,ÜSKÜDAR,40.9988,29.0577,90,90,0,AÇIK OTOPARK,1,15,06:00-22:00
2026-07-20T18:01:34.690841+00:00,2026-07-20T21:01:34.690841+03:00,1929,Üsküdar Ünalan Açık Otoparkı,ÜSKÜDAR,40.9979,29.0604,180,174,6,AÇIK OTOPARK,0,0,07:00-17:00
2026-07-20T18:01:34.690841+00:00,2026-07-20T21:01:34.690841+03:00,1487,Vatan Caddesi PD Açık Otoparkı,FATİH,41.0157,28.9405,397,351,46,AÇIK OTOPARK,1,5,24 Saat
2026-07-20T18:01:34.690841+00:00,2026-07-20T21:01:34.690841+03:00,1621,Veteriner Hilmi Sokak Yol Üstü 1,ŞİŞLİ,41.0603,28.9892,20,1,19,YOL ÜSTÜ,0,15,08:00-17:00
2026-07-20T18:01:34.690841+00:00,2026-07-20T21:01:34.690841+03:00,2441,Yalı Açık Otoparkı,MALTEPE,40.9095,29.137,85,82,3,AÇIK OTOPARK,1,0,07:30-22:00
2026-07-20T18:01:34.690841+00:00,2026-07-20T21:01:34.690841+03:00,459,Yalı Köşkü Caddesi 1,FATİH,41.0163,28.9759,61,1,60,YOL ÜSTÜ,0,5,07:00-21:00
2026-07-20T18:01:34.690841+00:00,2026-07-20T21:01:34.690841+03:00,2037,Yenikapı Marmaray Büyük Otoparkı,FATİH,41.0057,28.9505,324,217,107,AÇIK OTOPARK,1,15,24 Saat
2026-07-20T18:01:34.690841+00:00,2026-07-20T21:01:34.690841+03:00,2036,Yenikapı Marmaray Küçük Otoparkı,FATİH,41.0064,28.9504,200,195,5,AÇIK OTOPARK,1,15,07:00-22:00
2026-07-20T18:01:34.690841+00:00,2026-07-20T21:01:34.690841+03:00,2175,Yenikapı Spor ve Kültür Merkezi PD Açık Otoparkı,FATİH,41.0006,28.9519,4023,3778,245,AÇIK OTOPARK,1,15,24 Saat
2026-07-20T18:01:34.690841+00:00,2026-07-20T21:01:34.690841+03:00,2805,Yenikapı Tünel Üstü Açık Otoparkı,FATİH,41.0029,28.9534,700,615,85,AÇIK OTOPARK,1,10,24 Saat
2026-07-20T18:01:34.690841+00:00,2026-07-20T21:01:34.690841+03:00,3404,Yenimahalle Metro Zemin Altı PD Otoparkı,GAZİOSMANPAŞA,41.0839,28.8926,114,89,25,KAPALI OTOPARK,1,15,24 Saat
2026-07-20T18:01:34.690841+00:00,2026-07-20T21:01:34.690841+03:00,2920,Yeşilce Zemin Altı Katlı Otoparkı,KAĞITHANE,41.0938,29.0017,676,173,503,KAPALI OTOPARK,1,0,24 Saat
2026-07-20T18:01:34.690841+00:00,2026-07-20T21:01:34.690841+03:00,987,Yeşilköy İstasyon Caddesi 1,BAKIRKÖY,40.962,28.825,40,1,39,YOL ÜSTÜ,0,15,09:00-17:30
2026-07-20T18:01:34.690841+00:00,2026-07-20T21:01:34.690841+03:00,974,Yeşilköy Marina 1,BAKIRKÖY,40.9576,28.8233,145,1,144,YOL ÜSTÜ,1,0,12:00-23:00
2026-07-20T18:01:34.690841+00:00,2026-07-20T21:01:34.690841+03:00,3406,Yeşilpınar Metro Zemin Altı PD Otoparkı,EYÜP,41.081,28.9204,269,199,70,KAPALI OTOPARK,1,15,24 Saat
2026-07-20T18:01:34.690841+00:00,2026-07-20T21:01:34.690841+03:00,315,Yeşilyurt Çarşı 1,BAKIRKÖY,40.9643,28.8379,50,1,49,YOL ÜSTÜ,0,15,09:00-17:30
2026-07-20T18:01:34.690841+00:00,2026-07-20T21:01:34.690841+03:00,1133,Yıldız Korusu,BEŞİKTAŞ,41.0514,29.0165,500,1,499,AÇIK OTOPARK,1,0,08:00-22:00
2026-07-20T18:01:34.690841+00:00,2026-07-20T21:01:34.690841+03:00,3185,Zeytinburnu Sahil Cep Otoparkı,ZEYTİNBURNU,40.9798,28.8985,160,1,159,AÇIK OTOPARK,1,0,12:00-22:00
2026-07-20T20:19:50.358845+00:00,2026-07-20T23:19:50.358845+03:00,3068,15 Temmuz Şehitler Meydanı Zeminaltı Otoparkı,ÜMRANİYE,41.0246,29.0915,1029,644,385,KAPALI OTOPARK,1,15,24 Saat
2026-07-20T20:19:50.358845+00:00,2026-07-20T23:19:50.358845+03:00,2338,19 Mayıs Açık,ŞİŞLİ,41.0563,28.9941,65,0,65,AÇIK OTOPARK,1,0,24 Saat
2026-07-20T20:19:50.358845+00:00,2026-07-20T23:19:50.358845+03:00,1751,4.Levent PD Açık Otoparkı,KAĞITHANE,41.0836,29.0081,236,142,94,AÇIK OTOPARK,1,5,24 Saat
2026-07-20T20:19:50.358845+00:00,2026-07-20T23:19:50.358845+03:00,3328,4.Levent Servis ve Turizm Araçları Açık Otoparkı,ŞİŞLİ,41.0841,29.0054,300,139,161,AÇIK OTOPARK,1,15,24 Saat
2026-07-20T20:19:50.358845+00:00,2026-07-20T23:19:50.358845+03:00,3412,5. Levent Gaziosmanpaşa Adliyesi Yanı Açık Otoparkı,EYÜP,41.0927,28.9494,250,238,12,AÇIK OTOPARK,0,15,07:00-23:00
2026-07-20T20:19:50.358845+00:00,2026-07-20T23:19:50.358845+03:00,104,Abide-i Hürriyet Caddesi 5,ŞİŞLİ,41.0619,28.9876,40,1,39,YOL ÜSTÜ,0,15,08:00-17:00
2026-07-20T20:19:50.358845+00:00,2026-07-20T23:19:50.358845+03:00,2452,Acıbadem Açık Otoparkı,ÜSKÜDAR,41.0157,29.0574,100,87,13,AÇIK OTOPARK,0,0,06:30-16:00
2026-07-20T20:19:50.358845+00:00,2026-07-20T23:19:50.358845+03:00,346,Ada Karşısı Cep 2,BEŞİKTAŞ,41.072,29.045,30,1,29,YOL ÜSTÜ,0,15,08:00-23:00
2026-07-20T20:19:50.358845+00:00,2026-07-20T23:19:50.358845+03:00,1663,Akasyalı Sokak Tenis Kulubü Önü 2,BEŞİKTAŞ,41.0867,29.0109,45,1,44,YOL ÜSTÜ,0,15,08:30-17:30
2026-07-20T20:19:50.358845+00:00,2026-07-20T23:19:50.358845+03:00,828,Akdeniz Caddesi 4,FATİH,41.0175,28.9435,27,1,26,YOL ÜSTÜ,0,15,09:00-18:00
2026-07-20T20:19:50.358845+00:00,2026-07-20T23:19:50.358845+03:00,1913,Alibeyköy Cep Otogarı Açık Otoparkı,EYÜP,41.0879,28.9446,116,0,116,AÇIK OTOPARK,1,25,24 Saat
2026-07-20T20:19:50.358845+00:00,2026-07-20T23:19:50.358845+03:00,1912,Alibeyköy Cep Otogarı Otobüs Otoparkı,EYÜP,41.0875,28.9449,5000,4980,20,AÇIK OTOPARK,1,60,24 Saat
2026-07-20T20:19:50.358845+00:00,2026-07-20T23:19:50.358845+03:00,2562,Alibeyköy Yeşiltepe Zemin Altı Otoparkı,EYÜP,41.0797,28.938,159,53,106,KAPALI OTOPARK,1,15,24 Saat
2026-07-20T20:19:50.358845+00:00,2026-07-20T23:19:50.358845+03:00,3201,Altınboynuz Sosyal Tesisleri,EYÜP,41.058,28.9447,70,70,0,AÇIK OTOPARK,0,15,08:00-23:00
2026-07-20T20:19:50.358845+00:00,2026-07-20T23:19:50.358845+03:00,758,Arap Camii Açık Otoparkı,BEYOĞLU,41.0227,28.9723,30,1,29,AÇIK OTOPARK,0,0,09:00-17:00
2026-07-20T20:19:50.358845+00:00,2026-07-20T23:19:50.358845+03:00,1963,Aras Sokak 1,BÜYÜKÇEKMECE,41.0226,28.622,60,1,59,YOL ÜSTÜ,0,0,06:00-14:30
2026-07-20T20:19:50.358845+00:00,2026-07-20T23:19:50.358845+03:00,2802,Arnavutköy Zemin Altı Otoparkı,ARNAVUTKÖY,41.1838,28.7396,700,18,682,KAPALI OTOPARK,1,15,24 Saat
2026-07-20T20:19:50.358845+00:00,2026-07-20T23:19:50.358845+03:00,1797,Ataköy Atrium AVM,BAKIRKÖY,40.9881,28.8459,250,193,57,AÇIK OTOPARK,0,15,08:00-23:00
2026-07-20T20:19:50.358845+00:00,2026-07-20T23:19:50.358845+03:00,2824,Ataköy Metro Durağı Yanı PD Zemin Altı Otoparkı,BAKIRKÖY,40.9904,28.8456,150,91,59,KAPALI OTOPARK,1,0,24 Saat
2026-07-20T20:19:50.358845+00:00,2026-07-20T23:19:50.358845+03:00,3161,Ataşehir Topçu İbrahim Sokak,ATAŞEHİR,40.9736,29.101,42,1,41,YOL ÜSTÜ,0,15,07:00-16:00
2026-07-20T20:19:50.358845+00:00,2026-07-20T23:19:50.358845+03:00,359,Atatürk Bulvarı 1,FATİH,41.0112,28.9534,20,1,19,YOL ÜSTÜ,0,0,07:30-18:00
2026-07-20T20:19:50.358845+00:00,2026-07-20T23:19:50.358845+03:00,3087,Atatürk Kent Ormanı Otoparkı,SARIYER,41.136,29.0262,200,197,3,AÇIK OTOPARK,0,0,08:00-17:00
2026-07-20T20:19:50.358845+00:00,2026-07-20T23:19:50.358845+03:00,1088,Avcılar İdo,AVCILAR,40.9712,28.7185,270,263,7,AÇIK OTOPARK,1,0,13:00-07:00
2026-07-20T20:19:50.358845+00:00,2026-07-20T23:19:50.358845+03:00,2885,Azapkapı Haliç Metro Otoparkı,ŞİŞLİ,41.0245,28.9691,80,41,39,AÇIK OTOPARK,1,5,24 Saat
2026-07-20T20:19:50.358845+00:00,2026-07-20T23:19:50.358845+03:00,2455,Azerbaycan Dostluk Parkı Zemin Altı Otoparkı,BAĞCILAR,41.0444,28.854,400,164,236,KAPALI OTOPARK,1,10,24 Saat
2026-07-20T20:19:50.358845+00:00,2026-07-20T23:19:50.358845+03:00,2965,Bağcılar Çolakoğlu Zemin Altı Otoparkı,BAĞCILAR,41.0324,28.8345,106,0,106,KAPALI OTOPARK,1,5,24 Saat
2026-07-20T20:19:50.358845+00:00,2026-07-20T23:19:50.358845+03:00,2576,Bağcılar Demirkapı Zemin Altı Otoparkı,BAĞCILAR,41.0499,28.8327,343,138,205,KAPALI OTOPARK,1,5,24 Saat
2026-07-20T20:19:50.358845+00:00,2026-07-20T23:19:50.358845+03:00,3036,Bağcılar Devlet Hastanesi Yanı Zeminaltı Otoparkı,BAĞCILAR,41.0312,28.8696,1133,119,1014,KAPALI OTOPARK,1,15,24 Saat
2026-07-20T20:19:50.358845+00:00,2026-07-20T23:19:50.358845+03:00,3071,Bağcılar Emniyet Müdürlüğü Yanı Açık Otoparkı,BAĞCILAR,41.0353,28.8598,100,34,66,AÇIK OTOPARK,1,0,24 Saat
2026-07-20T20:19:50.358845+00:00,2026-07-20T23:19:50.358845+03:00,2873,Bağcılar Göztepe Zemin Altı,BAĞCILAR,41.0567,28.8355,120,0,120,KAPALI OTOPARK,1,5,24 Saat
2026-07-20T20:19:50.358845+00:00,2026-07-20T23:19:50.358845+03:00,3187,Bağcılar Hürriyet Mahallesi Zemin Altı Otoparkı,BAĞCILAR,41.0291,28.8333,355,0,355,KAPALI OTOPARK,1,10,24 Saat
2026-07-20T20:19:50.358845+00:00,2026-07-20T23:19:50.358845+03:00,2916,Bağcılar Kent Meydanı PD Zemin Altı Otoparkı,BAĞCILAR,41.0339,28.8556,1162,0,1162,KAPALI OTOPARK,1,0,24 Saat
2026-07-20T20:19:50.358845+00:00,2026-07-20T23:19:50.358845+03:00,3261,Bağcılar Yenimahalle Zemin Altı Otoparkı,BAĞCILAR,41.0425,28.8395,525,262,263,KAPALI OTOPARK,1,15,24 Saat
2026-07-20T20:19:50.358845+00:00,2026-07-20T23:19:50.358845+03:00,2820,Bağcılar Yıldıztepe Katlı Otoparkı,BAĞCILAR,41.0294,28.8556,350,0,350,KAPALI OTOPARK,1,10,24 Saat
2026-07-20T20:19:50.358845+00:00,2026-07-20T23:19:50.358845+03:00,3447,Bahçelievler 23 Nisan Milli Egemenlik Zeminaltı Otoparkı,BAHÇELİEVLER,40.9988,28.8472,732,394,338,KAPALI OTOPARK,1,10,24 Saat
2026-07-20T20:19:50.358845+00:00,2026-07-20T23:19:50.358845+03:00,2993,Bahçelievler Cumhuriyet Zeminaltı Otoparkı,BAHÇELİEVLER,41.0149,28.859,663,0,663,KAPALI OTOPARK,1,10,24 Saat
2026-07-20T20:19:50.358845+00:00,2026-07-20T23:19:50.358845+03:00,2969,Bahçelievler Devlet Hastanesi Yanı Katlı Otoparkı,BAHÇELİEVLER,41.0072,28.8442,740,0,740,KAPALI OTOPARK,1,0,24 Saat
2026-07-20T20:19:50.358845+00:00,2026-07-20T23:19:50.358845+03:00,3051,Bahçelievler Zafer Mh. Zeminaltı Otoparkı,BAHÇELİEVLER,41.0036,28.8351,200,62,138,KAPALI OTOPARK,1,0,24 Saat
2026-07-20T20:19:50.358845+00:00,2026-07-20T23:19:50.358845+03:00,3118,Bahçeşehir Doğa Parkı Caddesi 3,BAŞAKŞEHİR,41.0683,28.6894,22,1,21,YOL ÜSTÜ,0,15,10:00-20:00
2026-07-20T20:19:50.358845+00:00,2026-07-20T23:19:50.358845+03:00,3236,Bahçeşehir Gölet Açık Otoparkı,BAŞAKŞEHİR,41.0719,28.6901,200,1,199,AÇIK OTOPARK,0,0,12:00-22:00
2026-07-20T20:19:50.358845+00:00,2026-07-20T23:19:50.358845+03:00,1465,Bakırköy İdo Açık Otoparkı,BAKIRKÖY,40.9739,28.8761,160,82,78,AÇIK OTOPARK,1,10,24 Saat
2026-07-20T20:19:50.358845+00:00,2026-07-20T23:19:50.358845+03:00,1104,Balmumcu Katlı Otoparkı,BEŞİKTAŞ,41.0636,29.0109,400,332,68,KAPALI OTOPARK,1,5,24 Saat
2026-07-20T20:19:50.358845+00:00,2026-07-20T23:19:50.358845+03:00,2796,Başakşehir Metro Açık Otoparkı,BAŞAKŞEHİR,41.107,28.801,125,1,124,AÇIK OTOPARK,0,0,07:00-16:00
2026-07-20T20:19:50.358845+00:00,2026-07-20T23:19:50.358845+03:00,2350,Bayrampaşa Adapark Katlı Otoparkı,BAYRAMPAŞA,41.0647,28.8875,650,0,650,KAPALI OTOPARK,1,15,24 Saat
2026-07-20T20:19:50.358845+00:00,2026-07-20T23:19:50.358845+03:00,2892,Bayrampaşa Altıntepsi Zemin  Altı Otoparkı,BAYRAMPAŞA,41.0393,28.9029,110,0,110,KAPALI OTOPARK,1,10,24 Saat
2026-07-20T20:19:50.358845+00:00,2026-07-20T23:19:50.358845+03:00,2909,Bayrampaşa Atatürk Parkı  Zemin Altı Otoparkı,BAYRAMPAŞA,41.0342,28.9123,442,0,442,KAPALI OTOPARK,1,10,24 Saat
2026-07-20T20:19:50.358845+00:00,2026-07-20T23:19:50.358845+03:00,2683,Bayrampaşa Devlet Hastanesi Cep Otoparkı,BAYRAMPAŞA,41.0414,28.9031,55,51,4,AÇIK OTOPARK,0,0,08:00-19:00
2026-07-20T20:19:50.358845+00:00,2026-07-20T23:19:50.358845+03:00,3301,Bayrampaşa Kocatepe Mahallesi Zemin Altı Otoparkı,BAYRAMPAŞA,41.0545,28.8964,241,0,241,KAPALI OTOPARK,1,10,24 Saat
2026-07-20T20:19:50.358845+00:00,2026-07-20T23:19:50.358845+03:00,2053,Bayrampaşa Muratpaşa Yer Altı Otoparkı,BAYRAMPAŞA,41.047,28.9082,300,0,300,KAPALI OTOPARK,1,15,24 Saat
2026-07-20T20:19:50.358845+00:00,2026-07-20T23:19:50.358845+03:00,3175,Bayrampaşa Spor Kompleksi Zemin Altı Otoparkı,BAYRAMPAŞA,41.0446,28.9106,205,0,205,KAPALI OTOPARK,1,15,24 Saat
2026-07-20T20:19:50.358845+00:00,2026-07-20T23:19:50.358845+03:00,3382,Bayrampaşa Şehit Kamil Balkan Zemin Altı Otoparkı,BAYRAMPAŞA,41.0604,28.9008,235,0,235,KAPALI OTOPARK,1,10,24 Saat
2026-07-20T20:19:50.358845+00:00,2026-07-20T23:19:50.358845+03:00,2428,Bayrampaşa Yenidoğan Mahallesi Zemin Altı Otoparkı,BAYRAMPAŞA,41.0395,28.9088,120,0,120,KAPALI OTOPARK,1,10,24 Saat
2026-07-20T20:19:50.358845+00:00,2026-07-20T23:19:50.358845+03:00,2468,Bebek Açık,BEŞİKTAŞ,41.077,29.0434,30,10,20,AÇIK OTOPARK,1,0,24 Saat
2026-07-20T20:19:50.358845+00:00,2026-07-20T23:19:50.358845+03:00,3479,Beşiktaş Halk Pazarı Açık Otoparkı,BEŞİKTAŞ,41.0496,29.0004,170,129,41,AÇIK OTOPARK,1,5,24 Saat
2026-07-20T20:19:50.358845+00:00,2026-07-20T23:19:50.358845+03:00,3257,Beykoz Sahil Cep Otoparkı,BEYKOZ,41.1286,29.0953,100,76,24,AÇIK OTOPARK,1,0,08:00-00:00
2026-07-20T20:19:50.358845+00:00,2026-07-20T23:19:50.358845+03:00,2273,Beykoz Sosyal Tesisleri,BEYKOZ,41.1143,29.0888,130,0,130,AÇIK OTOPARK,1,15,08:00-00:00
2026-07-20T20:19:50.358845+00:00,2026-07-20T23:19:50.358845+03:00,2999,Beyoğlu Gazhane Bostan Sokak 2,BEYOĞLU,41.0389,28.9903,35,1,34,YOL ÜSTÜ,0,0,07:30-16:30
2026-07-20T20:19:50.358845+00:00,2026-07-20T23:19:50.358845+03:00,3072,Beyoğlu Örnektepe Zemin Altı Otoparkı,BEYOĞLU,41.0543,28.9548,143,0,143,KAPALI OTOPARK,1,0,24 Saat
2026-07-20T20:19:50.358845+00:00,2026-07-20T23:19:50.358845+03:00,1455,Bostancı Açık,KADIKÖY,40.9523,29.0902,394,171,223,AÇIK OTOPARK,1,15,24 Saat
2026-07-20T20:19:50.358845+00:00,2026-07-20T23:19:50.358845+03:00,1456,Bostancı Sahil-Cep Açık Otoparkı,KADIKÖY,40.9545,29.0885,192,117,75,AÇIK OTOPARK,1,15,24 Saat
2026-07-20T20:19:50.358845+00:00,2026-07-20T23:19:50.358845+03:00,2150,Bostancı Vergi Dairesi Açık Otoparkı,ATAŞEHİR,40.9625,29.1083,155,0,155,AÇIK OTOPARK,0,5,08:00-20:00
2026-07-20T20:19:50.358845+00:00,2026-07-20T23:19:50.358845+03:00,2854,Bülent Ecevit Kültür Merkezi Açık Otoparkı,KARTAL,40.8852,29.1967,277,271,6,AÇIK OTOPARK,0,5,10:00-21:00
2026-07-20T20:19:50.358845+00:00,2026-07-20T23:19:50.358845+03:00,2866,Büyük İstanbul Otogarı,BAYRAMPAŞA,41.0402,28.8942,1000,0,1000,AÇIK OTOPARK,1,25,24 Saat
2026-07-20T20:19:50.358845+00:00,2026-07-20T23:19:50.358845+03:00,1192,Büyükçamlıca Korusu Sosyal Tesisleri Önü,ÜSKÜDAR,41.0264,29.0698,204,113,91,AÇIK OTOPARK,1,0,08:00-00:00
2026-07-20T20:19:50.358845+00:00,2026-07-20T23:19:50.358845+03:00,2960,Büyükçekmece Metrobüs Durağı Yanı PD Zemin Altı Otopark,BÜYÜKÇEKMECE,41.0221,28.624,448,248,200,KAPALI OTOPARK,1,0,24 Saat
2026-07-20T20:19:50.358845+00:00,2026-07-20T23:19:50.358845+03:00,1503,Cadde Bostan Açık Otoparkı,KADIKÖY,40.9636,29.0675,66,38,28,AÇIK OTOPARK,1,15,24 Saat
2026-07-20T20:19:50.358845+00:00,2026-07-20T23:19:50.358845+03:00,2933,Cemal Kamacı Spor Kompleksi Zemin Altı Otoparkı,KAĞITHANE,41.0536,28.9575,510,0,510,KAPALI OTOPARK,1,0,24 Saat
2026-07-20T20:19:50.358845+00:00,2026-07-20T23:19:50.358845+03:00,2207,Cengiz Topel Yer Altı Katlı Otoparkı,ESENLER,41.0588,28.8643,144,0,144,KAPALI OTOPARK,1,15,24 Saat
2026-07-20T20:19:50.358845+00:00,2026-07-20T23:19:50.358845+03:00,2787,Cevizli Açık Otoparkı,KARTAL,40.9179,29.1712,100,86,14,AÇIK OTOPARK,0,15,08:00-19:00
2026-07-20T20:19:50.358845+00:00,2026-07-20T23:19:50.358845+03:00,782,Cihangir Caddesi 2,BEYOĞLU,41.0319,28.9862,70,1,69,YOL ÜSTÜ,0,15,09:00-19:00
2026-07-20T20:19:50.358845+00:00,2026-07-20T23:19:50.358845+03:00,1467,Cihangir Katlı Otoparkı,BEYOĞLU,41.0318,28.9858,350,0,350,KAPALI OTOPARK,1,0,24 Saat
2026-07-20T20:19:50.358845+00:00,2026-07-20T23:19:50.358845+03:00,535,Cihannuma Yol Üstü 1,BEŞİKTAŞ,41.0454,29.0084,35,1,34,YOL ÜSTÜ,0,0,08:00-23:00
2026-07-20T20:19:50.358845+00:00,2026-07-20T23:19:50.358845+03:00,537,Cihannuma Yol Üstü 3,BEŞİKTAŞ,41.0459,29.0087,33,1,32,YOL ÜSTÜ,0,0,08:00-23:00
2026-07-20T20:19:50.358845+00:00,2026-07-20T23:19:50.358845+03:00,539,Cihannuma Yol Üstü 5,BEŞİKTAŞ,41.0489,29.0094,24,1,23,YOL ÜSTÜ,0,0,08:00-23:00
2026-07-20T20:19:50.358845+00:00,2026-07-20T23:19:50.358845+03:00,3184,Çam Sokak 6,GÜNGÖREN,41.0121,28.8882,50,1,49,YOL ÜSTÜ,0,15,08:00-17:00
2026-07-20T20:19:50.358845+00:00,2026-07-20T23:19:50.358845+03:00,3030,Çekmeköy Metro PD Zemin Altı Otoparkı,ÇEKMEKÖY,41.0147,29.1886,175,65,110,KAPALI OTOPARK,1,15,24 Saat
2026-07-20T20:19:50.358845+00:00,2026-07-20T23:19:50.358845+03:00,2905,Çeliktepe Açık Otoparkı,KAĞITHANE,41.0843,29.0056,200,57,143,AÇIK OTOPARK,1,5,24 Saat
2026-07-20T20:19:50.358845+00:00,2026-07-20T23:19:50.358845+03:00,1298,Çengelköy Açık Otoparkı,ÜSKÜDAR,41.0484,29.0533,500,0,500,AÇIK OTOPARK,1,15,24 Saat
2026-07-20T20:19:50.358845+00:00,2026-07-20T23:19:50.358845+03:00,502,Çınar Açık Otoparkı,BEŞİKTAŞ,41.0853,29.0088,65,1,64,AÇIK OTOPARK,0,0,08:00-18:00
2026-07-20T20:19:50.358845+00:00,2026-07-20T23:19:50.358845+03:00,777,Çırağan Sarayı Yol Üstü 1,BEŞİKTAŞ,41.0448,29.0165,40,1,39,YOL ÜSTÜ,0,15,08:00-23:00
2026-07-20T20:19:50.358845+00:00,2026-07-20T23:19:50.358845+03:00,778,Çırağan Sarayı Yol Üstü 2,BEŞİKTAŞ,41.0445,29.0156,40,1,39,YOL ÜSTÜ,0,15,08:00-23:00
2026-07-20T20:19:50.358845+00:00,2026-07-20T23:19:50.358845+03:00,2228,Çırpıcı Sosyal Tesisler,ZEYTİNBURNU,41,28.8926,128,0,128,AÇIK OTOPARK,1,15,07:00-00:00
2026-07-20T20:19:50.358845+00:00,2026-07-20T23:19:50.358845+03:00,1508,Çiroz Yeşilköy Halk Pazarı,BAKIRKÖY,40.9628,28.8129,471,1,470,AÇIK OTOPARK,0,0,08:00-18:00
2026-07-20T20:19:50.358845+00:00,2026-07-20T23:19:50.358845+03:00,2030,Dalyan Açık Otoparkı,KADIKÖY,40.9632,29.0651,92,7,85,AÇIK OTOPARK,1,15,24 Saat
2026-07-20T20:19:50.358845+00:00,2026-07-20T23:19:50.358845+03:00,2271,Damla Sokak 1,ŞİŞLİ,41.0672,29.0004,17,1,16,YOL ÜSTÜ,0,15,07:30-16:30
2026-07-20T20:19:50.358845+00:00,2026-07-20T23:19:50.358845+03:00,2164,Darüşşafaka Yeraltı Otoparkı,SARIYER,41.1292,29.0252,150,137,13,KAPALI OTOPARK,1,15,08:00-00:00
2026-07-20T20:19:50.358845+00:00,2026-07-20T23:19:50.358845+03:00,1653,Deniz Feneri Otoparkı,FATİH,41.0019,28.9773,175,68,107,AÇIK OTOPARK,1,5,24 Saat
2026-07-20T20:19:50.358845+00:00,2026-07-20T23:19:50.358845+03:00,595,Dostluk Yurdu 1,FATİH,41.0071,28.973,33,33,0,YOL ÜSTÜ,0,15,07:00-17:00
2026-07-20T20:19:50.358845+00:00,2026-07-20T23:19:50.358845+03:00,2237,Dragos Sosyal Tesisleri,KARTAL,40.9017,29.1458,100,33,67,AÇIK OTOPARK,1,15,24 Saat
2026-07-20T20:19:50.358845+00:00,2026-07-20T23:19:50.358845+03:00,3063,Dudullu Metro PD Zemin Altı Otoparkı,ÜMRANİYE,41.0156,29.1633,81,60,21,KAPALI OTOPARK,1,15,07:00-23:30
2026-07-20T20:19:50.358845+00:00,2026-07-20T23:19:50.358845+03:00,1522,Ebu Suut Caddesi 1,FATİH,41.0128,28.9766,35,1,34,YOL ÜSTÜ,0,0,08:00-18:00
2026-07-20T20:19:50.358845+00:00,2026-07-20T23:19:50.358845+03:00,2147,EGS Blokları Açık Otoparkı,BAKIRKÖY,40.9863,28.8354,350,118,232,AÇIK OTOPARK,0,60,09:00-19:30
2026-07-20T20:19:50.358845+00:00,2026-07-20T23:19:50.358845+03:00,2366,Esenler Adem Baştürk Kültür Merkezi Katlı,ESENLER,41.039,28.8846,460,0,460,KAPALI OTOPARK,1,15,24 Saat
2026-07-20T20:19:50.358845+00:00,2026-07-20T23:19:50.358845+03:00,3190,Esenler Havaalanı Mahallesi Zemin Altı Otoparkı,ESENLER,41.0562,28.8674,610,338,272,KAPALI OTOPARK,1,10,24 Saat
2026-07-20T20:19:50.358845+00:00,2026-07-20T23:19:50.358845+03:00,3011,Esenler Menderes Metro İstasyonu Yanı,ESENLER,41.0427,28.8783,68,0,68,AÇIK OTOPARK,1,5,24 Saat
2026-07-20T20:19:50.358845+00:00,2026-07-20T23:19:50.358845+03:00,2822,Esenler Menderes Parkı Zemin Altı Otoparkı,ESENLER,41.0412,28.8729,325,26,299,KAPALI OTOPARK,1,10,24 Saat
2026-07-20T20:19:50.358845+00:00,2026-07-20T23:19:50.358845+03:00,3303,Esenyurt Adile Naşit Bulvarı Zeminaltı Otoparkı,ESENYURT,41.0205,28.6859,367,295,72,KAPALI OTOPARK,1,15,24 Saat
2026-07-20T20:19:50.358845+00:00,2026-07-20T23:19:50.358845+03:00,1692,Eski Büyükdere Caddesi 1,KAĞITHANE,41.0891,29.0059,30,12,18,YOL ÜSTÜ,0,15,08:00-16:30
2026-07-20T20:19:50.358845+00:00,2026-07-20T23:19:50.358845+03:00,1328,Eski Salı Pazarı,KADIKÖY,40.9904,29.0338,760,0,760,AÇIK OTOPARK,1,15,24 Saat
2026-07-20T20:19:50.358845+00:00,2026-07-20T23:19:50.358845+03:00,904,Eyüp Pierloti Caddesi 1,EYÜP,41.0539,28.9329,40,1,39,YOL ÜSTÜ,0,0,09:00-22:00
2026-07-20T20:19:50.358845+00:00,2026-07-20T23:19:50.358845+03:00,2850,Eyüpsultan Akşemsettin Mahallesi Zemin Altı Otoparkı,EYÜP,41.085,28.9258,110,0,110,KAPALI OTOPARK,1,15,24 Saat
2026-07-20T20:19:50.358845+00:00,2026-07-20T23:19:50.358845+03:00,2215,Fatih Çeşmesi Tabiat Parkı Otoparkı,SARIYER,41.1686,28.9448,250,242,8,AÇIK OTOPARK,0,0,06:00-20:00
2026-07-20T20:19:50.358845+00:00,2026-07-20T23:19:50.358845+03:00,1475,Fatih Katlı Otoparkı,FATİH,41.0198,28.9396,118,0,118,KAPALI OTOPARK,1,10,24 Saat
2026-07-20T20:19:50.358845+00:00,2026-07-20T23:19:50.358845+03:00,1591,Feshane PD Açık Otoparkı,EYÜP,41.0463,28.9378,200,105,95,AÇIK OTOPARK,1,15,24 Saat
2026-07-20T20:19:50.358845+00:00,2026-07-20T23:19:50.358845+03:00,1005,Florya Havuzlu Bahçe,BAKIRKÖY,40.9764,28.7908,135,1,134,AÇIK OTOPARK,0,0,09:00-23:00
2026-07-20T20:19:50.358845+00:00,2026-07-20T23:19:50.358845+03:00,2238,Florya Sosyal Tesisleri,BAKIRKÖY,40.9614,28.8091,1074,788,286,AÇIK OTOPARK,1,15,24 Saat
2026-07-20T20:19:50.358845+00:00,2026-07-20T23:19:50.358845+03:00,3296,Gaziosmanpaşa Meydanı ve Yaşam Merkezi Zemin Altı Otoparkı,GAZİOSMANPAŞA,41.0606,28.9093,202,0,202,KAPALI OTOPARK,1,15,24 Saat
2026-07-20T20:19:50.358845+00:00,2026-07-20T23:19:50.358845+03:00,2971,Gaziosmanpaşa Zemin Altı Otoparkı,GAZİOSMANPAŞA,41.0796,28.8858,285,0,285,KAPALI OTOPARK,1,0,24 Saat
2026-07-20T20:19:50.358845+00:00,2026-07-20T23:19:50.358845+03:00,3401,Giyimkent Tekstilkent Metro Zemin Altı PD Otoparkı,ESENLER,41.0711,28.8666,203,188,15,KAPALI OTOPARK,1,10,24 Saat
2026-07-20T20:19:50.358845+00:00,2026-07-20T23:19:50.358845+03:00,2242,Gözdağı Sosyal Tesisler  Açık Otoparkı,PENDİK,40.893,29.2538,300,218,82,AÇIK OTOPARK,0,0,07:00-23:00
2026-07-20T20:19:50.358845+00:00,2026-07-20T23:19:50.358845+03:00,1879,Gülsuyu Metro PD Yer Altı Otoparkı,MALTEPE,40.9237,29.1548,76,0,76,KAPALI OTOPARK,1,15,08:00-00:00
2026-07-20T20:19:50.358845+00:00,2026-07-20T23:19:50.358845+03:00,1423,Güneş Plajı 1,BAKIRKÖY,40.9712,28.79,250,131,119,AÇIK OTOPARK,1,10,24 Saat
2026-07-20T20:19:50.358845+00:00,2026-07-20T23:19:50.358845+03:00,1461,Güneş Plajı 2,BAKIRKÖY,40.9692,28.7951,135,82,53,AÇIK OTOPARK,0,10,08:00-20:00
2026-07-20T20:19:50.358845+00:00,2026-07-20T23:19:50.358845+03:00,3053,Güngören Nikah Dairesi Zemin Altı otoparkı,GÜNGÖREN,41.0363,28.8718,147,0,147,KAPALI OTOPARK,1,10,24 Saat
2026-07-20T20:19:50.358845+00:00,2026-07-20T23:19:50.358845+03:00,2216,Gürpınar Balık Hali Otoparkı,BEYLİKDÜZÜ,40.9663,28.6019,1000,861,139,AÇIK OTOPARK,1,15,24 Saat
2026-07-20T20:19:50.358845+00:00,2026-07-20T23:19:50.358845+03:00,1525,Hacıosman Metro Yer Altı Otoparkı,SARIYER,41.14,29.0306,422,0,422,KAPALI OTOPARK,1,15,24 Saat
2026-07-20T20:19:50.358845+00:00,2026-07-20T23:19:50.358845+03:00,1470,Haldun Alagaş Katlı Otoparkı,ÜMRANİYE,41.0262,29.1052,197,144,53,KAPALI OTOPARK,1,15,24 Saat
2026-07-20T20:19:50.358845+00:00,2026-07-20T23:19:50.358845+03:00,3235,Haliç Sosyal Tesisleri Otoparkı,FATİH,41.0277,28.9572,60,37,23,AÇIK OTOPARK,1,15,07:00-00:00
2026-07-20T20:19:50.358845+00:00,2026-07-20T23:19:50.358845+03:00,2848,Halkalı Mahallesi Zemin Altı Otoparkı,KÜÇÜKÇEKMECE,41.0359,28.7848,347,273,74,KAPALI OTOPARK,1,15,24 Saat
2026-07-20T20:19:50.358845+00:00,2026-07-20T23:19:50.358845+03:00,2838,Hamidiye Mahallesi Katlı Otoparkı,KAĞITHANE,41.0949,28.971,450,204,246,KAPALI OTOPARK,1,15,24 Saat
2026-07-20T20:19:50.358845+00:00,2026-07-20T23:19:50.358845+03:00,1446,Harbiye Zemin Altı Otoparkı,BEYOĞLU,41.0408,28.9869,142,81,61,KAPALI OTOPARK,1,0,24 Saat
2026-07-20T20:19:50.358845+00:00,2026-07-20T23:19:50.358845+03:00,2332,Haydarpaşa Katlı Otoparkı,ÜSKÜDAR,41.0048,29.0251,840,739,101,KAPALI OTOPARK,1,15,24 Saat
2026-07-20T20:19:50.358845+00:00,2026-07-20T23:19:50.358845+03:00,1987,Haznedar Yer Altı Otoparkı,GÜNGÖREN,41.0083,28.8729,540,0,540,KAPALI OTOPARK,1,0,24 Saat
2026-07-20T20:19:50.358845+00:00,2026-07-20T23:19:50.358845+03:00,377,Hızır Külhani Sokak,FATİH,41.0202,28.9605,32,1,31,YOL ÜSTÜ,0,15,09:00-17:00
2026-07-20T20:19:50.358845+00:00,2026-07-20T23:19:50.358845+03:00,3173,Hürriyet Mahallesi Zeminaltı Otoparkı,GAZİOSMANPAŞA,41.0708,28.8951,190,0,190,KAPALI OTOPARK,1,15,24 Saat
2026-07-20T20:19:50.358845+00:00,2026-07-20T23:19:50.358845+03:00,157,Ihlamur Dere Caddesi 4,BEŞİKTAŞ,41.047,29.0023,27,1,26,YOL ÜSTÜ,0,15,09:00-17:00
2026-07-20T20:19:50.358845+00:00,2026-07-20T23:19:50.358845+03:00,1189,İçerenköy Sebze Meyve Hali Otoparkı,ATAŞEHİR,40.9766,29.1044,600,599,1,AÇIK OTOPARK,1,15,24 Saat
2026-07-20T20:19:50.358845+00:00,2026-07-20T23:19:50.358845+03:00,1127,İshakpaşa Caddesi,FATİH,41.0079,28.9814,200,1,199,YOL ÜSTÜ,0,0,08:00-18:00
2026-07-20T20:19:50.358845+00:00,2026-07-20T23:19:50.358845+03:00,3265,İspark İstanbul West Marina Açık Otoparkı 1,BEYLİKDÜZÜ,40.9636,28.6564,250,1,249,AÇIK OTOPARK,1,15,24 Saat
2026-07-20T20:19:50.358845+00:00,2026-07-20T23:19:50.358845+03:00,2793,İspark Merter Katlı Otoparkı,GÜNGÖREN,41.0097,28.89,900,447,453,KAPALI OTOPARK,1,10,24 Saat
2026-07-20T20:19:50.358845+00:00,2026-07-20T23:19:50.358845+03:00,2430,İspark West İstanbul Marina Açık Otoparkı,BEYLİKDÜZÜ,40.9639,28.6591,1600,1050,550,AÇIK OTOPARK,1,15,24 Saat
2026-07-20T20:19:50.358845+00:00,2026-07-20T23:19:50.358845+03:00,381,İstinye 4 ( Cami Önü ),SARIYER,41.1149,29.0571,25,1,24,YOL ÜSTÜ,0,15,08:30-17:30
2026-07-20T20:19:50.358845+00:00,2026-07-20T23:19:50.358845+03:00,1804,İtalyan Hastanesi Karşısı Açık Otoparkı 1,BEYOĞLU,41.028,28.9815,30,1,29,AÇIK OTOPARK,0,0,08:00-19:00
2026-07-20T20:19:50.358845+00:00,2026-07-20T23:19:50.358845+03:00,507,Kabasakal Medrese Önü,FATİH,41.0062,28.9789,65,1,64,AÇIK OTOPARK,0,0,08:00-18:30
2026-07-20T20:19:50.358845+00:00,2026-07-20T23:19:50.358845+03:00,3306,Kabataş Transfer Merkezi Turizm Otobüs Otoparkı,BEYOĞLU,41.0336,28.9923,160,91,69,KAPALI OTOPARK,1,20,24 Saat
2026-07-20T20:19:50.358845+00:00,2026-07-20T23:19:50.358845+03:00,2918,Kadıköy Hasanpaşa Gazhane Katlı Otoparkı,KADIKÖY,40.9972,29.0428,310,174,136,KAPALI OTOPARK,1,15,24 Saat
2026-07-20T20:19:50.358845+00:00,2026-07-20T23:19:50.358845+03:00,1447,Kadıköy İski Açık Otoparkı,KADIKÖY,40.9874,29.0207,124,73,51,AÇIK OTOPARK,1,15,24 Saat
2026-07-20T20:19:50.358845+00:00,2026-07-20T23:19:50.358845+03:00,1655,Kadıköy Metro Açık Otoparkı,KADIKÖY,40.9899,29.0217,74,38,36,AÇIK OTOPARK,1,15,24 Saat
2026-07-20T20:19:50.358845+00:00,2026-07-20T23:19:50.358845+03:00,3445,Kadıköy Uzunçayır PD Açık Otoparkı,KADIKÖY,40.9982,29.0569,70,48,22,AÇIK OTOPARK,0,15,06:30-16:30
2026-07-20T20:19:50.358845+00:00,2026-07-20T23:19:50.358845+03:00,2808,Kadıköy Yeni Salı Pazarı PD Katlı Otoparkı,KADIKÖY,40.9969,29.0486,1350,477,873,KAPALI OTOPARK,1,15,24 Saat
2026-07-20T20:19:50.358845+00:00,2026-07-20T23:19:50.358845+03:00,2811,Kağıthane Harmantepe Zemin Altı Otoparkı,KAĞITHANE,41.0816,28.9907,200,0,200,KAPALI OTOPARK,1,0,24 Saat
2026-07-20T20:19:50.358845+00:00,2026-07-20T23:19:50.358845+03:00,1452,Kalamış Açık Otoparkı,KADIKÖY,40.9687,29.0363,173,78,95,AÇIK OTOPARK,1,15,24 Saat
2026-07-20T20:19:50.358845+00:00,2026-07-20T23:19:50.358845+03:00,1474,Kartal Hasan Doğan Spor Kompleksi,KARTAL,40.8918,29.1897,773,0,773,KAPALI OTOPARK,1,15,24 Saat
2026-07-20T20:19:50.358845+00:00,2026-07-20T23:19:50.358845+03:00,1105,Kartal İdo Açık Otoparkı,KARTAL,40.8874,29.1881,90,0,90,AÇIK OTOPARK,1,15,24 Saat
2026-07-20T20:19:50.358845+00:00,2026-07-20T23:19:50.358845+03:00,1550,Kartal Sahil Açık Otoparkı,KARTAL,40.8875,29.1901,75,43,32,AÇIK OTOPARK,1,5,24 Saat
2026-07-20T20:19:50.358845+00:00,2026-07-20T23:19:50.358845+03:00,3434,Kasımpaşa Sosyal Tesisler Otoparkı,BEYOĞLU,41.0296,28.9673,60,35,25,AÇIK OTOPARK,0,0,07:30-23:00
2026-07-20T20:19:50.358845+00:00,2026-07-20T23:19:50.358845+03:00,2827,Kayaşehir Meydan Zemin Altı Otoparkı,BAŞAKŞEHİR,41.1196,28.7718,1054,1,1053,KAPALI OTOPARK,0,0,10:00-17:00
2026-07-20T20:19:50.358845+00:00,2026-07-20T23:19:50.358845+03:00,1960,Kazlıçeşme Marmaray Açık Otoparkı,ZEYTİNBURNU,40.9922,28.917,700,657,43,AÇIK OTOPARK,1,15,24 Saat
2026-07-20T20:19:50.358845+00:00,2026-07-20T23:19:50.358845+03:00,2994,Kirazlı Metro Durağı PD Açık Otoparkı,BAĞCILAR,41.033,28.8429,112,0,112,AÇIK OTOPARK,1,5,24 Saat
2026-07-20T20:19:50.358845+00:00,2026-07-20T23:19:50.358845+03:00,1528,Kore Şehitleri Caddesi - Yüzbaşı Kaya Aldağon Sokak 1,ŞİŞLİ,41.0719,29.0139,40,1,39,YOL ÜSTÜ,0,15,07:00-16:00
2026-07-20T20:19:50.358845+00:00,2026-07-20T23:19:50.358845+03:00,2449,Kozyatağı Sebze-Meyve Hali,ATAŞEHİR,40.9787,29.1029,1500,1500,0,AÇIK OTOPARK,1,0,24 Saat
2026-07-20T20:19:50.358845+00:00,2026-07-20T23:19:50.358845+03:00,1206,Kutlugün Sokak 2,FATİH,41.0061,28.9801,200,1,199,YOL ÜSTÜ,0,0,08:00-18:00
2026-07-20T20:19:50.358845+00:00,2026-07-20T23:19:50.358845+03:00,3074,Küçük Çamlıca,ÜSKÜDAR,41.0204,29.0653,129,105,24,AÇIK OTOPARK,0,0,08:00-22:00
2026-07-20T20:19:50.358845+00:00,2026-07-20T23:19:50.358845+03:00,3127,Küçükçekmece Cennet Mahallesi Meydan Zemin Altı Otoparkı,KÜÇÜKÇEKMECE,40.9907,28.783,456,0,456,KAPALI OTOPARK,1,10,24 Saat
2026-07-20T20:19:50.358845+00:00,2026-07-20T23:19:50.358845+03:00,2554,Küçükçekmece Fevzi Çakmak Meydanı Zemin Altı Otoparkı,KÜÇÜKÇEKMECE,41.0076,28.7927,1000,487,513,KAPALI OTOPARK,1,10,24 Saat
2026-07-20T20:19:50.358845+00:00,2026-07-20T23:19:50.358845+03:00,2882,Küçüksu Kasrı Açık Otoparkı,BEYKOZ,41.0789,29.0657,98,91,7,AÇIK OTOPARK,0,0,07:00-23:00
2026-07-20T20:19:50.358845+00:00,2026-07-20T23:19:50.358845+03:00,220,Levent Hamidiye,BEŞİKTAŞ,41.0861,29.0076,100,1,99,AÇIK OTOPARK,0,0,08:00-19:00
2026-07-20T20:19:50.358845+00:00,2026-07-20T23:19:50.358845+03:00,1138,Levent Metro Yer Altı Otoparkı,BEŞİKTAŞ,41.0811,29.0105,100,100,0,AÇIK OTOPARK,0,5,07:30-19:30
2026-07-20T20:19:50.358845+00:00,2026-07-20T23:19:50.358845+03:00,2335,Maçka Açık Otoparkı,ŞİŞLİ,41.046,28.9908,75,74,1,AÇIK OTOPARK,1,0,24 Saat
2026-07-20T20:19:50.358845+00:00,2026-07-20T23:19:50.358845+03:00,1859,Maçka Katlı Otoparkı,ŞİŞLİ,41.0484,28.9903,508,0,508,KAPALI OTOPARK,1,0,24 Saat
2026-07-20T20:19:50.358845+00:00,2026-07-20T23:19:50.358845+03:00,3193,Maltepe Rıhtım Caddesi Açık Otoparkı,MALTEPE,40.9258,29.1241,76,24,52,AÇIK OTOPARK,1,0,24 Saat
2026-07-20T20:19:50.358845+00:00,2026-07-20T23:19:50.358845+03:00,2146,Maltepe Süreyyapaşa Çarşısı Açık Otoparkı,MALTEPE,40.9274,29.1225,156,51,105,AÇIK OTOPARK,1,0,24 Saat
2026-07-20T20:19:50.358845+00:00,2026-07-20T23:19:50.358845+03:00,1599,Maslak Açık Otoparkı,SARIYER,41.1166,29.024,150,143,7,AÇIK OTOPARK,1,10,24 Saat
2026-07-20T20:19:50.358845+00:00,2026-07-20T23:19:50.358845+03:00,2100,Matbaacılar Sitesi Yanı,ZEYTİNBURNU,41.0234,28.9187,250,224,26,AÇIK OTOPARK,1,5,24 Saat
2026-07-20T20:19:50.358845+00:00,2026-07-20T23:19:50.358845+03:00,920,Meclis-i Mebusan Yokuşu 2,BEYOĞLU,41.0326,28.9882,34,1,33,YOL ÜSTÜ,0,15,09:00-17:00
2026-07-20T20:19:50.358845+00:00,2026-07-20T23:19:50.358845+03:00,1546,Menekşe Plajı Açık Otoparkı,BAKIRKÖY,40.9761,28.7766,200,199,1,AÇIK OTOPARK,1,0,24 Saat
2026-07-20T20:19:50.358845+00:00,2026-07-20T23:19:50.358845+03:00,1376,Mercan Açık,FATİH,41.0136,28.9669,130,129,1,AÇIK OTOPARK,0,0,08:00-23:00
2026-07-20T20:19:50.358845+00:00,2026-07-20T23:19:50.358845+03:00,3309,Mercan Ali Paşa Sarayı Zemin Altı Otoparkı,FATİH,41.0136,28.967,196,1,195,KAPALI OTOPARK,0,0,07:00-21:00
2026-07-20T20:19:50.358845+00:00,2026-07-20T23:19:50.358845+03:00,1472,Merter Katlı Otoparkı,GÜNGÖREN,41.0092,28.8874,1000,913,87,KAPALI OTOPARK,1,10,24 Saat
2026-07-20T20:19:50.358845+00:00,2026-07-20T23:19:50.358845+03:00,2375,Merter Metro PD Zeminaltı Otoparkı,GÜNGÖREN,41.0037,28.8897,242,110,132,KAPALI OTOPARK,1,10,24 Saat
2026-07-20T20:19:50.358845+00:00,2026-07-20T23:19:50.358845+03:00,1568,Mete Caddesi 1,BEYOĞLU,41.0382,28.9879,31,1,30,YOL ÜSTÜ,0,15,08:00-23:00
2026-07-20T20:19:50.358845+00:00,2026-07-20T23:19:50.358845+03:00,1471,Mevlana Yeraltı Katlı Otoparkı,ZEYTİNBURNU,41.0072,28.9049,1000,856,144,KAPALI OTOPARK,1,5,24 Saat
2026-07-20T20:19:50.358845+00:00,2026-07-20T23:19:50.358845+03:00,2709,Millet Caddesi Açık Otoparkı,FATİH,41.01,28.9461,60,49,11,AÇIK OTOPARK,1,15,24 Saat
2026-07-20T20:19:50.358845+00:00,2026-07-20T23:19:50.358845+03:00,3152,Mimar Sinan Zemin Altı Otoparkı,ÜSKÜDAR,41.0222,29.0169,956,396,560,KAPALI OTOPARK,1,15,24 Saat
2026-07-20T20:19:50.358845+00:00,2026-07-20T23:19:50.358845+03:00,2870,Miniatürk Çadır Açık Otoparkı,BEYOĞLU,41.0594,28.9501,250,212,38,AÇIK OTOPARK,0,15,07:00-20:00
2026-07-20T20:19:50.358845+00:00,2026-07-20T23:19:50.358845+03:00,2556,Muallim Naci Açık Otoparkı,BEŞİKTAŞ,41.0561,29.0342,35,16,19,AÇIK OTOPARK,1,15,24 Saat
2026-07-20T20:19:50.358845+00:00,2026-07-20T23:19:50.358845+03:00,569,Oda Kule Önü 1,BEYOĞLU,41.0322,28.9751,24,1,23,YOL ÜSTÜ,1,0,07:00-01:00
2026-07-20T20:19:50.358845+00:00,2026-07-20T23:19:50.358845+03:00,1988,Orhangazi Şehir Parkı PD Açık Otoparkı,MALTEPE,40.9313,29.1161,5022,3984,1038,AÇIK OTOPARK,1,15,24 Saat
2026-07-20T20:19:50.358845+00:00,2026-07-20T23:19:50.358845+03:00,152,Ortabahçe Caddesi 2,BEŞİKTAŞ,41.0428,29.0043,35,1,34,YOL ÜSTÜ,0,15,08:00-23:00
2026-07-20T20:19:50.358845+00:00,2026-07-20T23:19:50.358845+03:00,153,Ortabahçe Caddesi 3,BEŞİKTAŞ,41.043,29.0042,26,1,25,YOL ÜSTÜ,0,15,08:00-23:00
2026-07-20T20:19:50.358845+00:00,2026-07-20T23:19:50.358845+03:00,119,Ortaklar Caddesi 1,ŞİŞLİ,41.0638,28.9971,25,1,24,YOL ÜSTÜ,0,15,08:30-17:00
2026-07-20T20:19:50.358845+00:00,2026-07-20T23:19:50.358845+03:00,1343,Ortaköy Açık Otoparkı,BEŞİKTAŞ,41.0504,29.0326,170,145,25,AÇIK OTOPARK,1,0,24 Saat
2026-07-20T20:19:50.358845+00:00,2026-07-20T23:19:50.358845+03:00,572,Ortaköy Portakal Yokuşu 1,BEŞİKTAŞ,41.0503,29.0261,15,1,14,YOL ÜSTÜ,0,15,09:00-19:00
2026-07-20T20:19:50.358845+00:00,2026-07-20T23:19:50.358845+03:00,1039,Öğretmen Evi,AVCILAR,40.9723,28.714,80,42,38,AÇIK OTOPARK,0,0,11:00-23:00
2026-07-20T20:19:50.358845+00:00,2026-07-20T23:19:50.358845+03:00,1466,Pendik Katlı Otoparkı,PENDİK,40.8789,29.2342,120,29,91,KAPALI OTOPARK,1,15,24 Saat
2026-07-20T20:19:50.358845+00:00,2026-07-20T23:19:50.358845+03:00,3073,Pendik Kemal Kalkuz Parkı Zemin Altı Otoparkı,PENDİK,40.8885,29.2427,224,0,224,KAPALI OTOPARK,0,0,09:00-18:00
2026-07-20T20:19:50.358845+00:00,2026-07-20T23:19:50.358845+03:00,3019,Pendik Meydan Zemin Altı Otoparkı,PENDİK,40.8752,29.2324,937,0,937,KAPALI OTOPARK,1,0,24 Saat
2026-07-20T20:19:50.358845+00:00,2026-07-20T23:19:50.358845+03:00,2865,Pendik Sahil Engelliler Merkez Önü,PENDİK,40.8735,29.233,100,66,34,AÇIK OTOPARK,0,0,11:00-20:00
2026-07-20T20:19:50.358845+00:00,2026-07-20T23:19:50.358845+03:00,2434,Pendik Sahil İdo,PENDİK,40.8755,29.2369,100,0,100,AÇIK OTOPARK,0,0,07:00-23:00
2026-07-20T20:19:50.358845+00:00,2026-07-20T23:19:50.358845+03:00,248,Pendik Yenimahalle Açık 2 Otoparkı,PENDİK,40.864,29.2723,124,115,9,AÇIK OTOPARK,0,15,10:00-22:00
2026-07-20T20:19:50.358845+00:00,2026-07-20T23:19:50.358845+03:00,297,Perşembe Pazarı 1,BEYOĞLU,41.0252,28.9693,32,1,31,YOL ÜSTÜ,0,15,08:00-17:00
2026-07-20T20:19:50.358845+00:00,2026-07-20T23:19:50.358845+03:00,597,Pierre Loti Caddesi 3,FATİH,41.0069,28.9711,36,1,35,YOL ÜSTÜ,0,0,07:00-17:00
2026-07-20T20:19:50.358845+00:00,2026-07-20T23:19:50.358845+03:00,3263,Piyalepaşa Meydanı Zemin Altı Otoparkı,BEYOĞLU,41.0445,28.9674,560,220,340,KAPALI OTOPARK,1,0,24 Saat
2026-07-20T20:19:50.358845+00:00,2026-07-20T23:19:50.358845+03:00,423,Prof.Cemil Birsel Yokuşu 3,FATİH,41.0178,28.967,40,1,39,YOL ÜSTÜ,0,0,07:00-18:00
2026-07-20T20:19:50.358845+00:00,2026-07-20T23:19:50.358845+03:00,1900,Ragıp Gümüşpala Cad.(Sobacılar Önü),FATİH,41.0181,28.969,40,1,39,YOL ÜSTÜ,0,15,07:00-18:00
2026-07-20T20:19:50.358845+00:00,2026-07-20T23:19:50.358845+03:00,415,Ragıp Gümüşpala Camii Önü 1,FATİH,41.0211,28.9627,35,1,34,YOL ÜSTÜ,0,0,07:00-17:30
2026-07-20T20:19:50.358845+00:00,2026-07-20T23:19:50.358845+03:00,3268,Refik Saydam Caddesi 3,BEYOĞLU,41.032,28.9736,55,1,54,YOL ÜSTÜ,0,0,06:00-23:00
2026-07-20T20:19:50.358845+00:00,2026-07-20T23:19:50.358845+03:00,2307,Ressam Halim Sokak PD Açık Otoparkı,BAHÇELİEVLER,40.9967,28.8641,120,108,12,AÇIK OTOPARK,1,15,08:00-00:00
2026-07-20T20:19:50.358845+00:00,2026-07-20T23:19:50.358845+03:00,3082,Rumeli Hisarı Sahil Yolu Otoparkı,SARIYER,41.0854,29.0568,20,1,19,AÇIK OTOPARK,1,0,24 Saat
2026-07-20T20:19:50.358845+00:00,2026-07-20T23:19:50.358845+03:00,1595,Sabiha Gökçen Açık Otoparkı,PENDİK,40.925,29.308,1056,310,746,AÇIK OTOPARK,1,15,24 Saat
2026-07-20T20:19:50.358845+00:00,2026-07-20T23:19:50.358845+03:00,3239,Samatya Sahil Cep Otoparkı,FATİH,40.9954,28.932,113,74,39,AÇIK OTOPARK,1,15,24 Saat
2026-07-20T20:19:50.358845+00:00,2026-07-20T23:19:50.358845+03:00,3273,Sarıyer Büyükdere Fidanlığı,SARIYER,41.1548,29.0268,160,157,3,AÇIK OTOPARK,0,0,08:00-18:00
2026-07-20T20:19:50.358845+00:00,2026-07-20T23:19:50.358845+03:00,3299,Sariyer Ayazağa Mah Vadi İstanbul Önü Açık Otoparkı,SARIYER,41.1106,28.9881,100,96,4,AÇIK OTOPARK,0,0,08:00-20:00
2026-07-20T20:19:50.358845+00:00,2026-07-20T23:19:50.358845+03:00,1303,Seyrantepe Katlı (Arena Karşısı) 1,KAĞITHANE,41.101,28.9961,1897,1,1896,KAPALI OTOPARK,1,0,24 Saat
2026-07-20T20:19:50.358845+00:00,2026-07-20T23:19:50.358845+03:00,1628,Sıracevizler Caddesi Yol Üstü 5,ŞİŞLİ,41.0607,28.9841,45,1,44,YOL ÜSTÜ,0,15,09:00-17:00
2026-07-20T20:19:50.358845+00:00,2026-07-20T23:19:50.358845+03:00,464,Sirkeci Gar Önü,FATİH,41.015,28.9761,60,1,59,AÇIK OTOPARK,0,5,07:00-20:00
2026-07-20T20:19:50.358845+00:00,2026-07-20T23:19:50.358845+03:00,1486,Siyavuşpaşa Yer Altı Otoparkı,BAHÇELİEVLER,40.9965,28.8532,155,0,155,KAPALI OTOPARK,1,0,24 Saat
2026-07-20T20:19:50.358845+00:00,2026-07-20T23:19:50.358845+03:00,1958,Soğanlık Metro PD Açık Otoparkı,KARTAL,40.9131,29.1925,898,862,36,AÇIK OTOPARK,1,15,24 Saat
2026-07-20T20:19:50.358845+00:00,2026-07-20T23:19:50.358845+03:00,589,Su Terazisi Sokak,FATİH,41.0046,28.9727,22,1,21,YOL ÜSTÜ,0,0,07:30-17:00
2026-07-20T20:19:50.358845+00:00,2026-07-20T23:19:50.358845+03:00,1478,Suadiye Cep Açık Otoparkı,KADIKÖY,40.9586,29.0732,130,96,34,AÇIK OTOPARK,1,15,24 Saat
2026-07-20T20:19:50.358845+00:00,2026-07-20T23:19:50.358845+03:00,2948,Suadiye Sahil Açık Otoparkı,KADIKÖY,40.9562,29.0797,70,33,37,AÇIK OTOPARK,1,5,24 Saat
2026-07-20T20:19:50.358845+00:00,2026-07-20T23:19:50.358845+03:00,2799,Sultanbeyli Emir Caddesi Zemin Altı Otoparkı,SULTANBEYLİ,40.9707,29.2606,130,113,17,KAPALI OTOPARK,0,15,08:00-22:00
2026-07-20T20:19:50.358845+00:00,2026-07-20T23:19:50.358845+03:00,2372,Sultanbeyli Kent Meydanı Zemin Altı Otoparkı,SULTANBEYLİ,40.9667,29.2667,300,207,93,KAPALI OTOPARK,1,15,24 Saat
2026-07-20T20:19:50.358845+00:00,2026-07-20T23:19:50.358845+03:00,2410,Sultangazi Zemin Altı Otoparkı,SULTANGAZİ,41.0944,28.8649,104,0,104,KAPALI OTOPARK,1,10,24 Saat
2026-07-20T20:19:50.358845+00:00,2026-07-20T23:19:50.358845+03:00,2085,Süleyman Seba Caddesi 2,BEŞİKTAŞ,41.0426,28.9998,40,1,39,YOL ÜSTÜ,0,15,08:00-18:00
2026-07-20T20:19:50.358845+00:00,2026-07-20T23:19:50.358845+03:00,2088,Süleyman Seba Caddesi 5,BEŞİKTAŞ,41.0432,28.9978,40,1,39,YOL ÜSTÜ,0,15,08:00-18:00
2026-07-20T20:19:50.358845+00:00,2026-07-20T23:19:50.358845+03:00,2089,Süleyman Seba Caddesi 6,BEŞİKTAŞ,41.0435,28.9967,11,1,10,YOL ÜSTÜ,0,15,08:00-18:00
2026-07-20T20:19:50.358845+00:00,2026-07-20T23:19:50.358845+03:00,2391,Süleymaniye Cami Altı Açık Otoparkı,FATİH,41.0158,28.961,250,235,15,AÇIK OTOPARK,0,0,06:30-18:30
2026-07-20T20:19:50.358845+00:00,2026-07-20T23:19:50.358845+03:00,1730,Sütlüce Miniatürk Yanı,BEYOĞLU,41.057,28.95,320,247,73,AÇIK OTOPARK,1,15,24 Saat
2026-07-20T20:19:50.358845+00:00,2026-07-20T23:19:50.358845+03:00,36,Şakayık Sokak 4,ŞİŞLİ,41.0518,28.9936,50,1,49,YOL ÜSTÜ,0,15,08:00-16:00
2026-07-20T20:19:50.358845+00:00,2026-07-20T23:19:50.358845+03:00,1469,Şehit Volkan Duysak Katlı Otoparkı,ZEYTİNBURNU,40.9968,28.9039,1000,655,345,KAPALI OTOPARK,1,5,24 Saat
2026-07-20T20:19:50.358845+00:00,2026-07-20T23:19:50.358845+03:00,2385,Şehremini Açık Otoparkı 1,FATİH,41.0135,28.9333,60,1,59,AÇIK OTOPARK,0,0,08:30-20:30
2026-07-20T20:19:50.358845+00:00,2026-07-20T23:19:50.358845+03:00,2855,Şemsipaşa Açık Otoparkı,ÜSKÜDAR,41.0255,29.0097,80,45,35,AÇIK OTOPARK,1,0,24 Saat
2026-07-20T20:19:50.358845+00:00,2026-07-20T23:19:50.358845+03:00,2439,Şirinevler Meydan Zeminaltı Otoparkı,BAHÇELİEVLER,40.9925,28.8496,367,79,288,KAPALI OTOPARK,1,0,24 Saat
2026-07-20T20:19:50.358845+00:00,2026-07-20T23:19:50.358845+03:00,3400,Şişhane Refik Saydam Caddesi 2 Yol Üstü Otoparkı 1,BEYOĞLU,41.0326,28.9743,70,1,69,YOL ÜSTÜ,0,15,06:00-23:00
2026-07-20T20:19:50.358845+00:00,2026-07-20T23:19:50.358845+03:00,1017,Şişli Kadırgalar Caddesi 1,ŞİŞLİ,41.0429,28.9927,100,1,99,AÇIK OTOPARK,0,0,07:00-23:00
2026-07-20T20:19:50.358845+00:00,2026-07-20T23:19:50.358845+03:00,3441,Şişli Kuştepe Zemin Altı Otoparkı,ŞİŞLİ,41.072,28.9919,430,311,119,KAPALI OTOPARK,1,15,24 Saat
2026-07-20T20:19:50.358845+00:00,2026-07-20T23:19:50.358845+03:00,2816,Şişli Rumeli Caddesi Metro Yanı 1,ŞİŞLİ,41.0538,28.9868,45,1,44,YOL ÜSTÜ,0,15,08:00-20:00
2026-07-20T20:19:50.358845+00:00,2026-07-20T23:19:50.358845+03:00,2406,Şişli Zemin Altı Otoparkı,ŞİŞLİ,41.0641,28.9992,581,407,174,KAPALI OTOPARK,1,15,24 Saat
2026-07-20T20:19:50.358845+00:00,2026-07-20T23:19:50.358845+03:00,1993,Tuzla İdo,TUZLA,40.8149,29.3039,300,160,140,AÇIK OTOPARK,1,15,24 Saat
2026-07-20T20:19:50.358845+00:00,2026-07-20T23:19:50.358845+03:00,3332,Tuzla Sahil Cep,TUZLA,40.8168,29.2992,50,42,8,AÇIK OTOPARK,1,0,08:00-00:00
2026-07-20T20:19:50.358845+00:00,2026-07-20T23:19:50.358845+03:00,3057,Tuzla Sahil Zemin Altı Otoparkı,TUZLA,40.8181,29.3004,779,525,254,KAPALI OTOPARK,1,15,24 Saat
2026-07-20T20:19:50.358845+00:00,2026-07-20T23:19:50.358845+03:00,1811,Ulu Camii Açık Otoparkı,BAHÇELİEVLER,40.9982,28.8499,150,111,39,AÇIK OTOPARK,1,10,24 Saat
2026-07-20T20:19:50.358845+00:00,2026-07-20T23:19:50.358845+03:00,2424,Uzunçayır Açık Otoparkı,KADIKÖY,40.9988,29.0556,58,52,6,AÇIK OTOPARK,0,0,06:00-16:00
2026-07-20T20:19:50.358845+00:00,2026-07-20T23:19:50.358845+03:00,1468,Ümraniye Katlı Otoparkı,ÜMRANİYE,41.0261,29.0953,665,519,146,KAPALI OTOPARK,1,15,24 Saat
2026-07-20T20:19:50.358845+00:00,2026-07-20T23:19:50.358845+03:00,2898,Ümraniye Okan Sokak Zeminaltı Otoparkı,ÜMRANİYE,41.0284,29.0907,125,20,105,KAPALI OTOPARK,1,15,24 Saat
2026-07-20T20:19:50.358845+00:00,2026-07-20T23:19:50.358845+03:00,2345,Üsküdar Uzunçayır PD Açık Otoparkı,ÜSKÜDAR,40.9988,29.0577,90,90,0,AÇIK OTOPARK,0,15,06:00-22:00
2026-07-20T20:19:50.358845+00:00,2026-07-20T23:19:50.358845+03:00,1929,Üsküdar Ünalan Açık Otoparkı,ÜSKÜDAR,40.9979,29.0604,180,174,6,AÇIK OTOPARK,0,0,07:00-17:00
2026-07-20T20:19:50.358845+00:00,2026-07-20T23:19:50.358845+03:00,1487,Vatan Caddesi PD Açık Otoparkı,FATİH,41.0157,28.9405,397,361,36,AÇIK OTOPARK,1,5,24 Saat
2026-07-20T20:19:50.358845+00:00,2026-07-20T23:19:50.358845+03:00,1621,Veteriner Hilmi Sokak Yol Üstü 1,ŞİŞLİ,41.0603,28.9892,20,1,19,YOL ÜSTÜ,0,15,08:00-17:00
2026-07-20T20:19:50.358845+00:00,2026-07-20T23:19:50.358845+03:00,2441,Yalı Açık Otoparkı,MALTEPE,40.9095,29.137,85,82,3,AÇIK OTOPARK,0,0,07:30-22:00
2026-07-20T20:19:50.358845+00:00,2026-07-20T23:19:50.358845+03:00,459,Yalı Köşkü Caddesi 1,FATİH,41.0163,28.9759,61,1,60,YOL ÜSTÜ,0,5,07:00-21:00
2026-07-20T20:19:50.358845+00:00,2026-07-20T23:19:50.358845+03:00,2037,Yenikapı Marmaray Büyük Otoparkı,FATİH,41.0057,28.9505,324,252,72,AÇIK OTOPARK,1,15,24 Saat
2026-07-20T20:19:50.358845+00:00,2026-07-20T23:19:50.358845+03:00,2036,Yenikapı Marmaray Küçük Otoparkı,FATİH,41.0064,28.9504,200,200,0,AÇIK OTOPARK,0,15,07:00-22:00
2026-07-20T20:19:50.358845+00:00,2026-07-20T23:19:50.358845+03:00,2175,Yenikapı Spor ve Kültür Merkezi PD Açık Otoparkı,FATİH,41.0006,28.9519,4023,3808,215,AÇIK OTOPARK,1,15,24 Saat
2026-07-20T20:19:50.358845+00:00,2026-07-20T23:19:50.358845+03:00,2805,Yenikapı Tünel Üstü Açık Otoparkı,FATİH,41.0029,28.9534,700,636,64,AÇIK OTOPARK,1,10,24 Saat
2026-07-20T20:19:50.358845+00:00,2026-07-20T23:19:50.358845+03:00,3404,Yenimahalle Metro Zemin Altı PD Otoparkı,GAZİOSMANPAŞA,41.0839,28.8926,114,87,27,KAPALI OTOPARK,1,15,24 Saat
2026-07-20T20:19:50.358845+00:00,2026-07-20T23:19:50.358845+03:00,2920,Yeşilce Zemin Altı Katlı Otoparkı,KAĞITHANE,41.0938,29.0017,676,157,519,KAPALI OTOPARK,1,0,24 Saat
2026-07-20T20:19:50.358845+00:00,2026-07-20T23:19:50.358845+03:00,987,Yeşilköy İstasyon Caddesi 1,BAKIRKÖY,40.962,28.825,40,1,39,YOL ÜSTÜ,0,15,09:00-17:30
2026-07-20T20:19:50.358845+00:00,2026-07-20T23:19:50.358845+03:00,974,Yeşilköy Marina 1,BAKIRKÖY,40.9576,28.8233,145,1,144,YOL ÜSTÜ,0,0,12:00-23:00
2026-07-20T20:19:50.358845+00:00,2026-07-20T23:19:50.358845+03:00,3406,Yeşilpınar Metro Zemin Altı PD Otoparkı,EYÜP,41.081,28.9204,269,190,79,KAPALI OTOPARK,1,15,24 Saat
2026-07-20T20:19:50.358845+00:00,2026-07-20T23:19:50.358845+03:00,315,Yeşilyurt Çarşı 1,BAKIRKÖY,40.9643,28.8379,50,1,49,YOL ÜSTÜ,0,15,09:00-17:30
2026-07-20T20:19:50.358845+00:00,2026-07-20T23:19:50.358845+03:00,1133,Yıldız Korusu,BEŞİKTAŞ,41.0514,29.0165,500,1,499,AÇIK OTOPARK,0,0,08:00-22:00
2026-07-20T20:19:50.358845+00:00,2026-07-20T23:19:50.358845+03:00,3185,Zeytinburnu Sahil Cep Otoparkı,ZEYTİNBURNU,40.9798,28.8985,160,1,159,AÇIK OTOPARK,0,0,12:00-22:00
