fetch_utc,fetch_istanbul,parkID,parkName,district,lat,lng,capacity,emptyCapacity,occupancy,parkType,isOpen,freeTime,workHours
2026-07-17T21:53:19.311139+00:00,2026-07-18T00:53:19.311139+03:00,3068,15 Temmuz Şehitler Meydanı Zeminaltı Otoparkı,ÜMRANİYE,41.0246,29.0915,1029,689,340,KAPALI OTOPARK,0,15,24 Saat
2026-07-17T21:53:19.311139+00:00,2026-07-18T00:53:19.311139+03:00,2338,19 Mayıs Açık,ŞİŞLİ,41.0563,28.9941,65,0,65,AÇIK OTOPARK,1,0,24 Saat
2026-07-17T21:53:19.311139+00:00,2026-07-18T00:53:19.311139+03:00,1751,4.Levent PD Açık Otoparkı,KAĞITHANE,41.0836,29.0081,236,137,99,AÇIK OTOPARK,1,5,24 Saat
2026-07-17T21:53:19.311139+00:00,2026-07-18T00:53:19.311139+03:00,3328,4.Levent Servis ve Turizm Araçları Açık Otoparkı,ŞİŞLİ,41.0841,29.0054,300,152,148,AÇIK OTOPARK,1,15,24 Saat
2026-07-17T21:53:19.311139+00:00,2026-07-18T00:53:19.311139+03:00,3412,5. Levent Gaziosmanpaşa Adliyesi Yanı Açık Otoparkı,EYÜP,41.0927,28.9494,250,235,15,AÇIK OTOPARK,0,15,07:00-23:00
2026-07-17T21:53:19.311139+00:00,2026-07-18T00:53:19.311139+03:00,104,Abide-i Hürriyet Caddesi 5,ŞİŞLİ,41.0619,28.9876,40,1,39,YOL ÜSTÜ,0,15,08:00-17:00
2026-07-17T21:53:19.311139+00:00,2026-07-18T00:53:19.311139+03:00,2452,Acıbadem Açık Otoparkı,ÜSKÜDAR,41.0157,29.0574,100,87,13,AÇIK OTOPARK,0,0,06:30-16:00
2026-07-17T21:53:19.311139+00:00,2026-07-18T00:53:19.311139+03:00,346,Ada Karşısı Cep 2,BEŞİKTAŞ,41.072,29.045,30,1,29,YOL ÜSTÜ,0,15,08:00-23:00
2026-07-17T21:53:19.311139+00:00,2026-07-18T00:53:19.311139+03:00,1663,Akasyalı Sokak Tenis Kulubü Önü 2,BEŞİKTAŞ,41.0867,29.0109,45,1,44,YOL ÜSTÜ,0,15,08:30-17:30
2026-07-17T21:53:19.311139+00:00,2026-07-18T00:53:19.311139+03:00,828,Akdeniz Caddesi 4,FATİH,41.0175,28.9435,27,1,26,YOL ÜSTÜ,0,15,09:00-18:00
2026-07-17T21:53:19.311139+00:00,2026-07-18T00:53:19.311139+03:00,1913,Alibeyköy Cep Otogarı Açık Otoparkı,EYÜP,41.0879,28.9446,116,0,116,AÇIK OTOPARK,1,25,24 Saat
2026-07-17T21:53:19.311139+00:00,2026-07-18T00:53:19.311139+03:00,1912,Alibeyköy Cep Otogarı Otobüs Otoparkı,EYÜP,41.0875,28.9449,5000,4973,27,AÇIK OTOPARK,1,60,24 Saat
2026-07-17T21:53:19.311139+00:00,2026-07-18T00:53:19.311139+03:00,2562,Alibeyköy Yeşiltepe Zemin Altı Otoparkı,EYÜP,41.0797,28.938,159,49,110,KAPALI OTOPARK,0,15,24 Saat
2026-07-17T21:53:19.311139+00:00,2026-07-18T00:53:19.311139+03:00,3201,Altınboynuz Sosyal Tesisleri,EYÜP,41.058,28.9447,70,1,69,AÇIK OTOPARK,0,15,08:00-23:00
2026-07-17T21:53:19.311139+00:00,2026-07-18T00:53:19.311139+03:00,758,Arap Camii Açık Otoparkı,BEYOĞLU,41.0227,28.9723,30,1,29,AÇIK OTOPARK,0,0,09:00-17:00
2026-07-17T21:53:19.311139+00:00,2026-07-18T00:53:19.311139+03:00,2685,Aras Sokak 2,BÜYÜKÇEKMECE,41.023,28.6209,60,1,59,YOL ÜSTÜ,0,0,06:00-14:30
2026-07-17T21:53:19.311139+00:00,2026-07-18T00:53:19.311139+03:00,2802,Arnavutköy Zemin Altı Otoparkı,ARNAVUTKÖY,41.1838,28.7396,700,22,678,KAPALI OTOPARK,1,15,24 Saat
2026-07-17T21:53:19.311139+00:00,2026-07-18T00:53:19.311139+03:00,1797,Ataköy Atrium AVM,BAKIRKÖY,40.9881,28.8459,250,209,41,AÇIK OTOPARK,0,15,08:00-23:00
2026-07-17T21:53:19.311139+00:00,2026-07-18T00:53:19.311139+03:00,2824,Ataköy Metro Durağı Yanı PD Zemin Altı Otoparkı,BAKIRKÖY,40.9904,28.8456,150,94,56,KAPALI OTOPARK,1,0,24 Saat
2026-07-17T21:53:19.311139+00:00,2026-07-18T00:53:19.311139+03:00,3161,Ataşehir Topçu İbrahim Sokak,ATAŞEHİR,40.9736,29.101,42,1,41,YOL ÜSTÜ,0,15,07:00-16:00
2026-07-17T21:53:19.311139+00:00,2026-07-18T00:53:19.311139+03:00,359,Atatürk Bulvarı 1,FATİH,41.0112,28.9534,20,1,19,YOL ÜSTÜ,0,0,07:30-18:00
2026-07-17T21:53:19.311139+00:00,2026-07-18T00:53:19.311139+03:00,3087,Atatürk Kent Ormanı Otoparkı,SARIYER,41.136,29.0262,200,198,2,AÇIK OTOPARK,0,0,08:00-17:00
2026-07-17T21:53:19.311139+00:00,2026-07-18T00:53:19.311139+03:00,1088,Avcılar İdo,AVCILAR,40.9712,28.7185,270,264,6,AÇIK OTOPARK,0,0,13:00-07:00
2026-07-17T21:53:19.311139+00:00,2026-07-18T00:53:19.311139+03:00,2885,Azapkapı Haliç Metro Otoparkı,ŞİŞLİ,41.0245,28.9691,80,45,35,AÇIK OTOPARK,1,5,24 Saat
2026-07-17T21:53:19.311139+00:00,2026-07-18T00:53:19.311139+03:00,2455,Azerbaycan Dostluk Parkı Zemin Altı Otoparkı,BAĞCILAR,41.0444,28.854,400,180,220,KAPALI OTOPARK,0,10,24 Saat
2026-07-17T21:53:19.311139+00:00,2026-07-18T00:53:19.311139+03:00,2965,Bağcılar Çolakoğlu Zemin Altı Otoparkı,BAĞCILAR,41.0324,28.8345,106,0,106,KAPALI OTOPARK,1,5,24 Saat
2026-07-17T21:53:19.311139+00:00,2026-07-18T00:53:19.311139+03:00,2576,Bağcılar Demirkapı Zemin Altı Otoparkı,BAĞCILAR,41.0499,28.8327,343,135,208,KAPALI OTOPARK,1,5,24 Saat
2026-07-17T21:53:19.311139+00:00,2026-07-18T00:53:19.311139+03:00,3036,Bağcılar Devlet Hastanesi Yanı Zeminaltı Otoparkı,BAĞCILAR,41.0312,28.8696,1133,136,997,KAPALI OTOPARK,1,15,24 Saat
2026-07-17T21:53:19.311139+00:00,2026-07-18T00:53:19.311139+03:00,3071,Bağcılar Emniyet Müdürlüğü Yanı Açık Otoparkı,BAĞCILAR,41.0353,28.8598,100,42,58,AÇIK OTOPARK,1,0,24 Saat
2026-07-17T21:53:19.311139+00:00,2026-07-18T00:53:19.311139+03:00,2873,Bağcılar Göztepe Zemin Altı,BAĞCILAR,41.0567,28.8355,120,0,120,KAPALI OTOPARK,1,5,24 Saat
2026-07-17T21:53:19.311139+00:00,2026-07-18T00:53:19.311139+03:00,3187,Bağcılar Hürriyet Mahallesi Zemin Altı Otoparkı,BAĞCILAR,41.0291,28.8333,355,0,355,KAPALI OTOPARK,1,10,24 Saat
2026-07-17T21:53:19.311139+00:00,2026-07-18T00:53:19.311139+03:00,2916,Bağcılar Kent Meydanı PD Zemin Altı Otoparkı,BAĞCILAR,41.0339,28.8556,1162,0,1162,KAPALI OTOPARK,0,0,24 Saat
2026-07-17T21:53:19.311139+00:00,2026-07-18T00:53:19.311139+03:00,3261,Bağcılar Yenimahalle Zemin Altı Otoparkı,BAĞCILAR,41.0425,28.8395,525,266,259,KAPALI OTOPARK,1,15,24 Saat
2026-07-17T21:53:19.311139+00:00,2026-07-18T00:53:19.311139+03:00,2820,Bağcılar Yıldıztepe Katlı Otoparkı,BAĞCILAR,41.0294,28.8556,350,0,350,KAPALI OTOPARK,1,10,24 Saat
2026-07-17T21:53:19.311139+00:00,2026-07-18T00:53:19.311139+03:00,3447,Bahçelievler 23 Nisan Milli Egemenlik Zeminaltı Otoparkı,BAHÇELİEVLER,40.9988,28.8472,732,367,365,KAPALI OTOPARK,1,10,24 Saat
2026-07-17T21:53:19.311139+00:00,2026-07-18T00:53:19.311139+03:00,2993,Bahçelievler Cumhuriyet Zeminaltı Otoparkı,BAHÇELİEVLER,41.0149,28.859,663,0,663,KAPALI OTOPARK,0,10,24 Saat
2026-07-17T21:53:19.311139+00:00,2026-07-18T00:53:19.311139+03:00,2969,Bahçelievler Devlet Hastanesi Yanı Katlı Otoparkı,BAHÇELİEVLER,41.0072,28.8442,740,0,740,KAPALI OTOPARK,1,0,24 Saat
2026-07-17T21:53:19.311139+00:00,2026-07-18T00:53:19.311139+03:00,3051,Bahçelievler Zafer Mh. Zeminaltı Otoparkı,BAHÇELİEVLER,41.0036,28.8351,200,48,152,KAPALI OTOPARK,1,0,24 Saat
2026-07-17T21:53:19.311139+00:00,2026-07-18T00:53:19.311139+03:00,3118,Bahçeşehir Doğa Parkı Caddesi 3,BAŞAKŞEHİR,41.0683,28.6894,22,1,21,YOL ÜSTÜ,0,15,10:00-20:00
2026-07-17T21:53:19.311139+00:00,2026-07-18T00:53:19.311139+03:00,3236,Bahçeşehir Gölet Açık Otoparkı,BAŞAKŞEHİR,41.0719,28.6901,200,1,199,AÇIK OTOPARK,0,0,12:00-22:00
2026-07-17T21:53:19.311139+00:00,2026-07-18T00:53:19.311139+03:00,1465,Bakırköy İdo Açık Otoparkı,BAKIRKÖY,40.9739,28.8761,160,108,52,AÇIK OTOPARK,1,10,24 Saat
2026-07-17T21:53:19.311139+00:00,2026-07-18T00:53:19.311139+03:00,1104,Balmumcu Katlı Otoparkı,BEŞİKTAŞ,41.0636,29.0109,400,325,75,KAPALI OTOPARK,1,5,24 Saat
2026-07-17T21:53:19.311139+00:00,2026-07-18T00:53:19.311139+03:00,2796,Başakşehir Metro Açık Otoparkı,BAŞAKŞEHİR,41.107,28.801,125,1,124,AÇIK OTOPARK,0,0,07:00-16:00
2026-07-17T21:53:19.311139+00:00,2026-07-18T00:53:19.311139+03:00,2350,Bayrampaşa Adapark Katlı Otoparkı,BAYRAMPAŞA,41.0647,28.8875,650,0,650,KAPALI OTOPARK,0,15,24 Saat
2026-07-17T21:53:19.311139+00:00,2026-07-18T00:53:19.311139+03:00,2892,Bayrampaşa Altıntepsi Zemin  Altı Otoparkı,BAYRAMPAŞA,41.0393,28.9029,110,0,110,KAPALI OTOPARK,0,10,24 Saat
2026-07-17T21:53:19.311139+00:00,2026-07-18T00:53:19.311139+03:00,2909,Bayrampaşa Atatürk Parkı  Zemin Altı Otoparkı,BAYRAMPAŞA,41.0342,28.9123,442,9,433,KAPALI OTOPARK,0,10,24 Saat
2026-07-17T21:53:19.311139+00:00,2026-07-18T00:53:19.311139+03:00,2683,Bayrampaşa Devlet Hastanesi Cep Otoparkı,BAYRAMPAŞA,41.0414,28.9031,55,29,26,AÇIK OTOPARK,0,0,08:00-19:00
2026-07-17T21:53:19.311139+00:00,2026-07-18T00:53:19.311139+03:00,3301,Bayrampaşa Kocatepe Mahallesi Zemin Altı Otoparkı,BAYRAMPAŞA,41.0545,28.8964,241,0,241,KAPALI OTOPARK,1,10,24 Saat
2026-07-17T21:53:19.311139+00:00,2026-07-18T00:53:19.311139+03:00,2053,Bayrampaşa Muratpaşa Yer Altı Otoparkı,BAYRAMPAŞA,41.047,28.9082,300,0,300,KAPALI OTOPARK,0,15,24 Saat
2026-07-17T21:53:19.311139+00:00,2026-07-18T00:53:19.311139+03:00,3175,Bayrampaşa Spor Kompleksi Zemin Altı Otoparkı,BAYRAMPAŞA,41.0446,28.9106,205,0,205,KAPALI OTOPARK,1,15,24 Saat
2026-07-17T21:53:19.311139+00:00,2026-07-18T00:53:19.311139+03:00,3382,Bayrampaşa Şehit Kamil Balkan Zemin Altı Otoparkı,BAYRAMPAŞA,41.0604,28.9008,235,0,235,KAPALI OTOPARK,1,10,24 Saat
2026-07-17T21:53:19.311139+00:00,2026-07-18T00:53:19.311139+03:00,2428,Bayrampaşa Yenidoğan Mahallesi Zemin Altı Otoparkı,BAYRAMPAŞA,41.0395,28.9088,120,0,120,KAPALI OTOPARK,0,10,24 Saat
2026-07-17T21:53:19.311139+00:00,2026-07-18T00:53:19.311139+03:00,2468,Bebek Açık,BEŞİKTAŞ,41.077,29.0434,30,9,21,AÇIK OTOPARK,0,0,24 Saat
2026-07-17T21:53:19.311139+00:00,2026-07-18T00:53:19.311139+03:00,3479,Beşiktaş Halk Pazarı Açık Otoparkı,BEŞİKTAŞ,41.0496,29.0004,170,160,10,AÇIK OTOPARK,1,5,24 Saat
2026-07-17T21:53:19.311139+00:00,2026-07-18T00:53:19.311139+03:00,573,Beşiktaş Kadastro Önü 1,BEŞİKTAŞ,41.0503,29.0076,39,1,38,YOL ÜSTÜ,0,15,08:00-17:00
2026-07-17T21:53:19.311139+00:00,2026-07-18T00:53:19.311139+03:00,3257,Beykoz Sahil Cep Otoparkı,BEYKOZ,41.1286,29.0953,100,76,24,AÇIK OTOPARK,0,0,08:00-00:00
2026-07-17T21:53:19.311139+00:00,2026-07-18T00:53:19.311139+03:00,2273,Beykoz Sosyal Tesisleri,BEYKOZ,41.1143,29.0888,130,0,130,AÇIK OTOPARK,0,15,08:00-00:00
2026-07-17T21:53:19.311139+00:00,2026-07-18T00:53:19.311139+03:00,2999,Beyoğlu Gazhane Bostan Sokak 2,BEYOĞLU,41.0389,28.9903,35,1,34,YOL ÜSTÜ,0,0,07:30-16:30
2026-07-17T21:53:19.311139+00:00,2026-07-18T00:53:19.311139+03:00,3072,Beyoğlu Örnektepe Zemin Altı Otoparkı,BEYOĞLU,41.0543,28.9548,143,0,143,KAPALI OTOPARK,0,0,24 Saat
2026-07-17T21:53:19.311139+00:00,2026-07-18T00:53:19.311139+03:00,1455,Bostancı Açık,KADIKÖY,40.9523,29.0902,394,77,317,AÇIK OTOPARK,0,15,24 Saat
2026-07-17T21:53:19.311139+00:00,2026-07-18T00:53:19.311139+03:00,1456,Bostancı Sahil-Cep Açık Otoparkı,KADIKÖY,40.9545,29.0885,192,90,102,AÇIK OTOPARK,0,15,24 Saat
2026-07-17T21:53:19.311139+00:00,2026-07-18T00:53:19.311139+03:00,2150,Bostancı Vergi Dairesi Açık Otoparkı,ATAŞEHİR,40.9625,29.1083,155,0,155,AÇIK OTOPARK,0,5,08:00-20:00
2026-07-17T21:53:19.311139+00:00,2026-07-18T00:53:19.311139+03:00,2854,Bülent Ecevit Kültür Merkezi Açık Otoparkı,KARTAL,40.8852,29.1967,277,254,23,AÇIK OTOPARK,0,5,10:00-21:00
2026-07-17T21:53:19.311139+00:00,2026-07-18T00:53:19.311139+03:00,2866,Büyük İstanbul Otogarı,BAYRAMPAŞA,41.0402,28.8942,1000,0,1000,AÇIK OTOPARK,1,25,24 Saat
2026-07-17T21:53:19.311139+00:00,2026-07-18T00:53:19.311139+03:00,1192,Büyükçamlıca Korusu Sosyal Tesisleri Önü,ÜSKÜDAR,41.0264,29.0698,204,112,92,AÇIK OTOPARK,0,0,08:00-00:00
2026-07-17T21:53:19.311139+00:00,2026-07-18T00:53:19.311139+03:00,2960,Büyükçekmece Metrobüs Durağı Yanı PD Zemin Altı Otopark,BÜYÜKÇEKMECE,41.0221,28.624,448,264,184,KAPALI OTOPARK,0,0,24 Saat
2026-07-17T21:53:19.311139+00:00,2026-07-18T00:53:19.311139+03:00,1503,Cadde Bostan Açık Otoparkı,KADIKÖY,40.9636,29.0675,66,46,20,AÇIK OTOPARK,0,15,24 Saat
2026-07-17T21:53:19.311139+00:00,2026-07-18T00:53:19.311139+03:00,2933,Cemal Kamacı Spor Kompleksi Zemin Altı Otoparkı,KAĞITHANE,41.0536,28.9575,510,0,510,KAPALI OTOPARK,1,0,24 Saat
2026-07-17T21:53:19.311139+00:00,2026-07-18T00:53:19.311139+03:00,2207,Cengiz Topel Yer Altı Katlı Otoparkı,ESENLER,41.0588,28.8643,144,0,144,KAPALI OTOPARK,0,15,24 Saat
2026-07-17T21:53:19.311139+00:00,2026-07-18T00:53:19.311139+03:00,2787,Cevizli Açık Otoparkı,KARTAL,40.9179,29.1712,100,96,4,AÇIK OTOPARK,0,15,08:00-19:00
2026-07-17T21:53:19.311139+00:00,2026-07-18T00:53:19.311139+03:00,782,Cihangir Caddesi 2,BEYOĞLU,41.0319,28.9862,70,1,69,YOL ÜSTÜ,0,15,09:00-19:00
2026-07-17T21:53:19.311139+00:00,2026-07-18T00:53:19.311139+03:00,1467,Cihangir Katlı Otoparkı,BEYOĞLU,41.0318,28.9858,350,0,350,KAPALI OTOPARK,1,0,24 Saat
2026-07-17T21:53:19.311139+00:00,2026-07-18T00:53:19.311139+03:00,535,Cihannuma Yol Üstü 1,BEŞİKTAŞ,41.0454,29.0084,35,1,34,YOL ÜSTÜ,0,0,08:00-23:00
2026-07-17T21:53:19.311139+00:00,2026-07-18T00:53:19.311139+03:00,537,Cihannuma Yol Üstü 3,BEŞİKTAŞ,41.0459,29.0087,33,1,32,YOL ÜSTÜ,0,0,08:00-23:00
2026-07-17T21:53:19.311139+00:00,2026-07-18T00:53:19.311139+03:00,539,Cihannuma Yol Üstü 5,BEŞİKTAŞ,41.0489,29.0094,24,1,23,YOL ÜSTÜ,0,0,08:00-23:00
2026-07-17T21:53:19.311139+00:00,2026-07-18T00:53:19.311139+03:00,3184,Çam Sokak 6,GÜNGÖREN,41.0121,28.8882,50,1,49,YOL ÜSTÜ,0,15,08:00-17:00
2026-07-17T21:53:19.311139+00:00,2026-07-18T00:53:19.311139+03:00,3030,Çekmeköy Metro PD Zemin Altı Otoparkı,ÇEKMEKÖY,41.0147,29.1886,175,73,102,KAPALI OTOPARK,0,15,24 Saat
2026-07-17T21:53:19.311139+00:00,2026-07-18T00:53:19.311139+03:00,2905,Çeliktepe Açık Otoparkı,KAĞITHANE,41.0843,29.0056,200,77,123,AÇIK OTOPARK,1,5,24 Saat
2026-07-17T21:53:19.311139+00:00,2026-07-18T00:53:19.311139+03:00,1298,Çengelköy Açık Otoparkı,ÜSKÜDAR,41.0484,29.0533,500,0,500,AÇIK OTOPARK,0,15,24 Saat
2026-07-17T21:53:19.311139+00:00,2026-07-18T00:53:19.311139+03:00,502,Çınar Açık Otoparkı,BEŞİKTAŞ,41.0853,29.0088,65,1,64,AÇIK OTOPARK,0,0,08:00-18:00
2026-07-17T21:53:19.311139+00:00,2026-07-18T00:53:19.311139+03:00,777,Çırağan Sarayı Yol Üstü 1,BEŞİKTAŞ,41.0448,29.0165,40,1,39,YOL ÜSTÜ,0,15,08:00-23:00
2026-07-17T21:53:19.311139+00:00,2026-07-18T00:53:19.311139+03:00,778,Çırağan Sarayı Yol Üstü 2,BEŞİKTAŞ,41.0445,29.0156,40,1,39,YOL ÜSTÜ,0,15,08:00-23:00
2026-07-17T21:53:19.311139+00:00,2026-07-18T00:53:19.311139+03:00,2228,Çırpıcı Sosyal Tesisler,ZEYTİNBURNU,41,28.8926,128,0,128,AÇIK OTOPARK,0,15,07:00-00:00
2026-07-17T21:53:19.311139+00:00,2026-07-18T00:53:19.311139+03:00,1508,Çiroz Yeşilköy Halk Pazarı,BAKIRKÖY,40.9628,28.8129,471,1,470,AÇIK OTOPARK,0,0,08:00-18:00
2026-07-17T21:53:19.311139+00:00,2026-07-18T00:53:19.311139+03:00,2030,Dalyan Açık Otoparkı,KADIKÖY,40.9632,29.0651,92,38,54,AÇIK OTOPARK,0,15,24 Saat
2026-07-17T21:53:19.311139+00:00,2026-07-18T00:53:19.311139+03:00,2271,Damla Sokak 1,ŞİŞLİ,41.0672,29.0004,17,1,16,YOL ÜSTÜ,0,15,07:30-16:30
2026-07-17T21:53:19.311139+00:00,2026-07-18T00:53:19.311139+03:00,2164,Darüşşafaka Yeraltı Otoparkı,SARIYER,41.1292,29.0252,150,141,9,KAPALI OTOPARK,0,15,08:00-00:00
2026-07-17T21:53:19.311139+00:00,2026-07-18T00:53:19.311139+03:00,1653,Deniz Feneri Otoparkı,FATİH,41.0019,28.9773,175,62,113,AÇIK OTOPARK,0,5,24 Saat
2026-07-17T21:53:19.311139+00:00,2026-07-18T00:53:19.311139+03:00,595,Dostluk Yurdu 1,FATİH,41.0071,28.973,33,1,32,YOL ÜSTÜ,0,15,07:00-17:00
2026-07-17T21:53:19.311139+00:00,2026-07-18T00:53:19.311139+03:00,2237,Dragos Sosyal Tesisleri,KARTAL,40.9017,29.1458,100,53,47,AÇIK OTOPARK,1,15,24 Saat
2026-07-17T21:53:19.311139+00:00,2026-07-18T00:53:19.311139+03:00,3063,Dudullu Metro PD Zemin Altı Otoparkı,ÜMRANİYE,41.0156,29.1633,81,64,17,KAPALI OTOPARK,0,15,07:00-23:30
2026-07-17T21:53:19.311139+00:00,2026-07-18T00:53:19.311139+03:00,1522,Ebu Suut Caddesi 1,FATİH,41.0128,28.9766,35,1,34,YOL ÜSTÜ,0,0,08:00-18:00
2026-07-17T21:53:19.311139+00:00,2026-07-18T00:53:19.311139+03:00,2147,EGS Blokları Açık Otoparkı,BAKIRKÖY,40.9863,28.8354,350,117,233,AÇIK OTOPARK,0,60,09:00-19:30
2026-07-17T21:53:19.311139+00:00,2026-07-18T00:53:19.311139+03:00,2366,Esenler Adem Baştürk Kültür Merkezi Katlı,ESENLER,41.039,28.8846,460,0,460,KAPALI OTOPARK,1,15,24 Saat
2026-07-17T21:53:19.311139+00:00,2026-07-18T00:53:19.311139+03:00,3190,Esenler Havaalanı Mahallesi Zemin Altı Otoparkı,ESENLER,41.0562,28.8674,610,342,268,KAPALI OTOPARK,1,10,24 Saat
2026-07-17T21:53:19.311139+00:00,2026-07-18T00:53:19.311139+03:00,3011,Esenler Menderes Metro İstasyonu Yanı,ESENLER,41.0427,28.8783,68,0,68,AÇIK OTOPARK,1,5,24 Saat
2026-07-17T21:53:19.311139+00:00,2026-07-18T00:53:19.311139+03:00,2822,Esenler Menderes Parkı Zemin Altı Otoparkı,ESENLER,41.0412,28.8729,325,37,288,KAPALI OTOPARK,1,10,24 Saat
2026-07-17T21:53:19.311139+00:00,2026-07-18T00:53:19.311139+03:00,3303,Esenyurt Adile Naşit Bulvarı Zeminaltı Otoparkı,ESENYURT,41.0205,28.6859,367,302,65,KAPALI OTOPARK,1,15,24 Saat
2026-07-17T21:53:19.311139+00:00,2026-07-18T00:53:19.311139+03:00,1328,Eski Salı Pazarı,KADIKÖY,40.9904,29.0338,760,0,760,AÇIK OTOPARK,0,15,24 Saat
2026-07-17T21:53:19.311139+00:00,2026-07-18T00:53:19.311139+03:00,904,Eyüp Pierloti Caddesi 1,EYÜP,41.0539,28.9329,40,1,39,YOL ÜSTÜ,0,0,09:00-22:00
2026-07-17T21:53:19.311139+00:00,2026-07-18T00:53:19.311139+03:00,2850,Eyüpsultan Akşemsettin Mahallesi Zemin Altı Otoparkı,EYÜP,41.085,28.9258,110,0,110,KAPALI OTOPARK,0,15,24 Saat
2026-07-17T21:53:19.311139+00:00,2026-07-18T00:53:19.311139+03:00,2215,Fatih Çeşmesi Tabiat Parkı Otoparkı,SARIYER,41.1686,28.9448,250,1,249,AÇIK OTOPARK,0,0,06:00-20:00
2026-07-17T21:53:19.311139+00:00,2026-07-18T00:53:19.311139+03:00,1475,Fatih Katlı Otoparkı,FATİH,41.0198,28.9396,118,39,79,KAPALI OTOPARK,0,10,24 Saat
2026-07-17T21:53:19.311139+00:00,2026-07-18T00:53:19.311139+03:00,1591,Feshane PD Açık Otoparkı,EYÜP,41.0463,28.9378,200,164,36,AÇIK OTOPARK,1,15,24 Saat
2026-07-17T21:53:19.311139+00:00,2026-07-18T00:53:19.311139+03:00,1005,Florya Havuzlu Bahçe,BAKIRKÖY,40.9764,28.7908,135,1,134,AÇIK OTOPARK,0,0,09:00-23:00
2026-07-17T21:53:19.311139+00:00,2026-07-18T00:53:19.311139+03:00,2238,Florya Sosyal Tesisleri,BAKIRKÖY,40.9614,28.8091,1074,1012,62,AÇIK OTOPARK,0,15,24 Saat
2026-07-17T21:53:19.311139+00:00,2026-07-18T00:53:19.311139+03:00,3296,Gaziosmanpaşa Meydanı ve Yaşam Merkezi Zemin Altı Otoparkı,GAZİOSMANPAŞA,41.0606,28.9093,202,0,202,KAPALI OTOPARK,1,15,24 Saat
2026-07-17T21:53:19.311139+00:00,2026-07-18T00:53:19.311139+03:00,2971,Gaziosmanpaşa Zemin Altı Otoparkı,GAZİOSMANPAŞA,41.0796,28.8858,285,0,285,KAPALI OTOPARK,1,0,24 Saat
2026-07-17T21:53:19.311139+00:00,2026-07-18T00:53:19.311139+03:00,3401,Giyimkent Tekstilkent Metro Zemin Altı PD Otoparkı,ESENLER,41.0711,28.8666,203,187,16,KAPALI OTOPARK,0,10,24 Saat
2026-07-17T21:53:19.311139+00:00,2026-07-18T00:53:19.311139+03:00,2242,Gözdağı Sosyal Tesisler  Açık Otoparkı,PENDİK,40.893,29.2538,300,218,82,AÇIK OTOPARK,0,0,07:00-23:00
2026-07-17T21:53:19.311139+00:00,2026-07-18T00:53:19.311139+03:00,1879,Gülsuyu Metro PD Yer Altı Otoparkı,MALTEPE,40.9237,29.1548,76,0,76,KAPALI OTOPARK,0,15,08:00-00:00
2026-07-17T21:53:19.311139+00:00,2026-07-18T00:53:19.311139+03:00,1423,Güneş Plajı 1,BAKIRKÖY,40.9712,28.79,250,201,49,AÇIK OTOPARK,0,10,24 Saat
2026-07-17T21:53:19.311139+00:00,2026-07-18T00:53:19.311139+03:00,1461,Güneş Plajı 2,BAKIRKÖY,40.9692,28.7951,135,99,36,AÇIK OTOPARK,0,10,08:00-20:00
2026-07-17T21:53:19.311139+00:00,2026-07-18T00:53:19.311139+03:00,3053,Güngören Nikah Dairesi Zemin Altı otoparkı,GÜNGÖREN,41.0363,28.8718,147,0,147,KAPALI OTOPARK,1,10,24 Saat
2026-07-17T21:53:19.311139+00:00,2026-07-18T00:53:19.311139+03:00,2216,Gürpınar Balık Hali Otoparkı,BEYLİKDÜZÜ,40.9663,28.6019,1000,773,227,AÇIK OTOPARK,0,15,24 Saat
2026-07-17T21:53:19.311139+00:00,2026-07-18T00:53:19.311139+03:00,1525,Hacıosman Metro Yer Altı Otoparkı,SARIYER,41.14,29.0306,422,0,422,KAPALI OTOPARK,0,15,24 Saat
2026-07-17T21:53:19.311139+00:00,2026-07-18T00:53:19.311139+03:00,1470,Haldun Alagaş Katlı Otoparkı,ÜMRANİYE,41.0262,29.1052,197,161,36,KAPALI OTOPARK,1,15,24 Saat
2026-07-17T21:53:19.311139+00:00,2026-07-18T00:53:19.311139+03:00,3235,Haliç Sosyal Tesisleri Otoparkı,FATİH,41.0277,28.9572,60,42,18,AÇIK OTOPARK,0,15,07:00-00:00
2026-07-17T21:53:19.311139+00:00,2026-07-18T00:53:19.311139+03:00,2848,Halkalı Mahallesi Zemin Altı Otoparkı,KÜÇÜKÇEKMECE,41.0359,28.7848,347,292,55,KAPALI OTOPARK,0,15,24 Saat
2026-07-17T21:53:19.311139+00:00,2026-07-18T00:53:19.311139+03:00,2838,Hamidiye Mahallesi Katlı Otoparkı,KAĞITHANE,41.0949,28.971,450,209,241,KAPALI OTOPARK,1,15,24 Saat
2026-07-17T21:53:19.311139+00:00,2026-07-18T00:53:19.311139+03:00,1446,Harbiye Zemin Altı Otoparkı,BEYOĞLU,41.0408,28.9869,142,66,76,KAPALI OTOPARK,0,0,24 Saat
2026-07-17T21:53:19.311139+00:00,2026-07-18T00:53:19.311139+03:00,2332,Haydarpaşa Katlı Otoparkı,ÜSKÜDAR,41.0048,29.0251,840,736,104,KAPALI OTOPARK,1,15,24 Saat
2026-07-17T21:53:19.311139+00:00,2026-07-18T00:53:19.311139+03:00,1987,Haznedar Yer Altı Otoparkı,GÜNGÖREN,41.0083,28.8729,540,0,540,KAPALI OTOPARK,0,0,24 Saat
2026-07-17T21:53:19.311139+00:00,2026-07-18T00:53:19.311139+03:00,377,Hızır Külhani Sokak,FATİH,41.0202,28.9605,32,1,31,YOL ÜSTÜ,0,15,09:00-17:00
2026-07-17T21:53:19.311139+00:00,2026-07-18T00:53:19.311139+03:00,3173,Hürriyet Mahallesi Zeminaltı Otoparkı,GAZİOSMANPAŞA,41.0708,28.8951,190,0,190,KAPALI OTOPARK,1,15,24 Saat
2026-07-17T21:53:19.311139+00:00,2026-07-18T00:53:19.311139+03:00,157,Ihlamur Dere Caddesi 4,BEŞİKTAŞ,41.047,29.0023,27,1,26,YOL ÜSTÜ,0,15,09:00-17:00
2026-07-17T21:53:19.311139+00:00,2026-07-18T00:53:19.311139+03:00,1189,İçerenköy Sebze Meyve Hali Otoparkı,ATAŞEHİR,40.9766,29.1044,600,1,599,AÇIK OTOPARK,0,15,24 Saat
2026-07-17T21:53:19.311139+00:00,2026-07-18T00:53:19.311139+03:00,1127,İshakpaşa Caddesi,FATİH,41.0079,28.9814,200,1,199,YOL ÜSTÜ,0,0,08:00-18:00
2026-07-17T21:53:19.311139+00:00,2026-07-18T00:53:19.311139+03:00,3265,İspark İstanbul West Marina Açık Otoparkı 1,BEYLİKDÜZÜ,40.9636,28.6564,250,1,249,AÇIK OTOPARK,0,15,24 Saat
2026-07-17T21:53:19.311139+00:00,2026-07-18T00:53:19.311139+03:00,2793,İspark Merter Katlı Otoparkı,GÜNGÖREN,41.0097,28.89,900,470,430,KAPALI OTOPARK,1,10,24 Saat
2026-07-17T21:53:19.311139+00:00,2026-07-18T00:53:19.311139+03:00,2430,İspark West İstanbul Marina Açık Otoparkı,BEYLİKDÜZÜ,40.9639,28.6591,1600,1090,510,AÇIK OTOPARK,0,15,24 Saat
2026-07-17T21:53:19.311139+00:00,2026-07-18T00:53:19.311139+03:00,381,İstinye 4 ( Cami Önü ),SARIYER,41.1149,29.0571,25,1,24,YOL ÜSTÜ,0,15,08:30-17:30
2026-07-17T21:53:19.311139+00:00,2026-07-18T00:53:19.311139+03:00,1804,İtalyan Hastanesi Karşısı Açık Otoparkı 1,BEYOĞLU,41.028,28.9815,30,1,29,AÇIK OTOPARK,0,0,08:00-19:00
2026-07-17T21:53:19.311139+00:00,2026-07-18T00:53:19.311139+03:00,507,Kabasakal Medrese Önü,FATİH,41.0062,28.9789,65,1,64,AÇIK OTOPARK,0,0,08:00-18:30
2026-07-17T21:53:19.311139+00:00,2026-07-18T00:53:19.311139+03:00,3306,Kabataş Transfer Merkezi Turizm Otobüs Otoparkı,BEYOĞLU,41.0336,28.9923,160,78,82,KAPALI OTOPARK,1,20,24 Saat
2026-07-17T21:53:19.311139+00:00,2026-07-18T00:53:19.311139+03:00,2918,Kadıköy Hasanpaşa Gazhane Katlı Otoparkı,KADIKÖY,40.9972,29.0428,310,191,119,KAPALI OTOPARK,1,15,24 Saat
2026-07-17T21:53:19.311139+00:00,2026-07-18T00:53:19.311139+03:00,1447,Kadıköy İski Açık Otoparkı,KADIKÖY,40.9874,29.0207,124,49,75,AÇIK OTOPARK,0,15,24 Saat
2026-07-17T21:53:19.311139+00:00,2026-07-18T00:53:19.311139+03:00,1655,Kadıköy Metro Açık Otoparkı,KADIKÖY,40.9899,29.0217,74,19,55,AÇIK OTOPARK,0,15,24 Saat
2026-07-17T21:53:19.311139+00:00,2026-07-18T00:53:19.311139+03:00,3445,Kadıköy Uzunçayır PD Açık Otoparkı,KADIKÖY,40.9982,29.0569,70,49,21,AÇIK OTOPARK,0,15,06:30-16:30
2026-07-17T21:53:19.311139+00:00,2026-07-18T00:53:19.311139+03:00,2808,Kadıköy Yeni Salı Pazarı PD Katlı Otoparkı,KADIKÖY,40.9969,29.0486,1350,498,852,KAPALI OTOPARK,1,15,24 Saat
2026-07-17T21:53:19.311139+00:00,2026-07-18T00:53:19.311139+03:00,2811,Kağıthane Harmantepe Zemin Altı Otoparkı,KAĞITHANE,41.0816,28.9907,200,0,200,KAPALI OTOPARK,1,0,24 Saat
2026-07-17T21:53:19.311139+00:00,2026-07-18T00:53:19.311139+03:00,1452,Kalamış Açık Otoparkı,KADIKÖY,40.9687,29.0363,173,141,32,AÇIK OTOPARK,0,15,24 Saat
2026-07-17T21:53:19.311139+00:00,2026-07-18T00:53:19.311139+03:00,1474,Kartal Hasan Doğan Spor Kompleksi,KARTAL,40.8918,29.1897,773,0,773,KAPALI OTOPARK,0,15,24 Saat
2026-07-17T21:53:19.311139+00:00,2026-07-18T00:53:19.311139+03:00,1105,Kartal İdo Açık Otoparkı,KARTAL,40.8874,29.1881,90,0,90,AÇIK OTOPARK,0,15,24 Saat
2026-07-17T21:53:19.311139+00:00,2026-07-18T00:53:19.311139+03:00,1550,Kartal Sahil Açık Otoparkı,KARTAL,40.8875,29.1901,75,55,20,AÇIK OTOPARK,0,5,24 Saat
2026-07-17T21:53:19.311139+00:00,2026-07-18T00:53:19.311139+03:00,3434,Kasımpaşa Sosyal Tesisler Otoparkı,BEYOĞLU,41.0296,28.9673,60,36,24,AÇIK OTOPARK,0,0,07:30-23:00
2026-07-17T21:53:19.311139+00:00,2026-07-18T00:53:19.311139+03:00,2827,Kayaşehir Meydan Zemin Altı Otoparkı,BAŞAKŞEHİR,41.1196,28.7718,1054,1,1053,KAPALI OTOPARK,0,0,10:00-17:00
2026-07-17T21:53:19.311139+00:00,2026-07-18T00:53:19.311139+03:00,1960,Kazlıçeşme Marmaray Açık Otoparkı,ZEYTİNBURNU,40.9922,28.917,700,650,50,AÇIK OTOPARK,0,15,24 Saat
2026-07-17T21:53:19.311139+00:00,2026-07-18T00:53:19.311139+03:00,2994,Kirazlı Metro Durağı PD Açık Otoparkı,BAĞCILAR,41.033,28.8429,112,0,112,AÇIK OTOPARK,0,5,24 Saat
2026-07-17T21:53:19.311139+00:00,2026-07-18T00:53:19.311139+03:00,1528,Kore Şehitleri Caddesi - Yüzbaşı Kaya Aldağon Sokak 1,ŞİŞLİ,41.0719,29.0139,40,1,39,YOL ÜSTÜ,0,15,07:00-16:00
2026-07-17T21:53:19.311139+00:00,2026-07-18T00:53:19.311139+03:00,2449,Kozyatağı Sebze-Meyve Hali,ATAŞEHİR,40.9787,29.1029,1500,1,1499,AÇIK OTOPARK,1,0,24 Saat
2026-07-17T21:53:19.311139+00:00,2026-07-18T00:53:19.311139+03:00,1206,Kutlugün Sokak 2,FATİH,41.0061,28.9801,200,1,199,YOL ÜSTÜ,0,0,08:00-18:00
2026-07-17T21:53:19.311139+00:00,2026-07-18T00:53:19.311139+03:00,3074,Küçük Çamlıca,ÜSKÜDAR,41.0204,29.0653,129,106,23,AÇIK OTOPARK,0,0,08:00-22:00
2026-07-17T21:53:19.311139+00:00,2026-07-18T00:53:19.311139+03:00,3127,Küçükçekmece Cennet Mahallesi Meydan Zemin Altı Otoparkı,KÜÇÜKÇEKMECE,40.9907,28.783,456,0,456,KAPALI OTOPARK,0,10,24 Saat
2026-07-17T21:53:19.311139+00:00,2026-07-18T00:53:19.311139+03:00,2554,Küçükçekmece Fevzi Çakmak Meydanı Zemin Altı Otoparkı,KÜÇÜKÇEKMECE,41.0076,28.7927,1000,486,514,KAPALI OTOPARK,0,10,24 Saat
2026-07-17T21:53:19.311139+00:00,2026-07-18T00:53:19.311139+03:00,2882,Küçüksu Kasrı Açık Otoparkı,BEYKOZ,41.0789,29.0657,98,91,7,AÇIK OTOPARK,0,0,07:00-23:00
2026-07-17T21:53:19.311139+00:00,2026-07-18T00:53:19.311139+03:00,220,Levent Hamidiye,BEŞİKTAŞ,41.0861,29.0076,100,1,99,AÇIK OTOPARK,0,0,08:00-19:00
2026-07-17T21:53:19.311139+00:00,2026-07-18T00:53:19.311139+03:00,2335,Maçka Açık Otoparkı,ŞİŞLİ,41.046,28.9908,75,75,0,AÇIK OTOPARK,1,0,24 Saat
2026-07-17T21:53:19.311139+00:00,2026-07-18T00:53:19.311139+03:00,1859,Maçka Katlı Otoparkı,ŞİŞLİ,41.0484,28.9903,508,0,508,KAPALI OTOPARK,0,0,24 Saat
2026-07-17T21:53:19.311139+00:00,2026-07-18T00:53:19.311139+03:00,3193,Maltepe Rıhtım Caddesi Açık Otoparkı,MALTEPE,40.9258,29.1241,76,51,25,AÇIK OTOPARK,1,0,24 Saat
2026-07-17T21:53:19.311139+00:00,2026-07-18T00:53:19.311139+03:00,2146,Maltepe Süreyyapaşa Çarşısı Açık Otoparkı,MALTEPE,40.9274,29.1225,156,101,55,AÇIK OTOPARK,1,0,24 Saat
2026-07-17T21:53:19.311139+00:00,2026-07-18T00:53:19.311139+03:00,1599,Maslak Açık Otoparkı,SARIYER,41.1166,29.024,150,125,25,AÇIK OTOPARK,0,10,24 Saat
2026-07-17T21:53:19.311139+00:00,2026-07-18T00:53:19.311139+03:00,2100,Matbaacılar Sitesi Yanı,ZEYTİNBURNU,41.0234,28.9187,250,228,22,AÇIK OTOPARK,1,5,24 Saat
2026-07-17T21:53:19.311139+00:00,2026-07-18T00:53:19.311139+03:00,920,Meclis-i Mebusan Yokuşu 2,BEYOĞLU,41.0326,28.9882,34,1,33,YOL ÜSTÜ,0,15,09:00-17:00
2026-07-17T21:53:19.311139+00:00,2026-07-18T00:53:19.311139+03:00,1546,Menekşe Plajı Açık Otoparkı,BAKIRKÖY,40.9761,28.7766,200,200,0,AÇIK OTOPARK,0,0,24 Saat
2026-07-17T21:53:19.311139+00:00,2026-07-18T00:53:19.311139+03:00,1376,Mercan Açık,FATİH,41.0136,28.9669,130,128,2,AÇIK OTOPARK,0,0,08:00-23:00
2026-07-17T21:53:19.311139+00:00,2026-07-18T00:53:19.311139+03:00,3309,Mercan Ali Paşa Sarayı Zemin Altı Otoparkı,FATİH,41.0136,28.967,196,1,195,KAPALI OTOPARK,0,0,07:00-21:00
2026-07-17T21:53:19.311139+00:00,2026-07-18T00:53:19.311139+03:00,1472,Merter Katlı Otoparkı,GÜNGÖREN,41.0092,28.8874,1000,915,85,KAPALI OTOPARK,0,10,24 Saat
2026-07-17T21:53:19.311139+00:00,2026-07-18T00:53:19.311139+03:00,2375,Merter Metro PD Zeminaltı Otoparkı,GÜNGÖREN,41.0037,28.8897,242,102,140,KAPALI OTOPARK,1,10,24 Saat
2026-07-17T21:53:19.311139+00:00,2026-07-18T00:53:19.311139+03:00,1568,Mete Caddesi 1,BEYOĞLU,41.0382,28.9879,31,1,30,YOL ÜSTÜ,0,15,08:00-23:00
2026-07-17T21:53:19.311139+00:00,2026-07-18T00:53:19.311139+03:00,1471,Mevlana Yeraltı Katlı Otoparkı,ZEYTİNBURNU,41.0072,28.9049,1000,853,147,KAPALI OTOPARK,0,5,24 Saat
2026-07-17T21:53:19.311139+00:00,2026-07-18T00:53:19.311139+03:00,2709,Millet Caddesi Açık Otoparkı,FATİH,41.01,28.9461,60,48,12,AÇIK OTOPARK,0,15,24 Saat
2026-07-17T21:53:19.311139+00:00,2026-07-18T00:53:19.311139+03:00,3152,Mimar Sinan Zemin Altı Otoparkı,ÜSKÜDAR,41.0222,29.0169,956,541,415,KAPALI OTOPARK,0,15,24 Saat
2026-07-17T21:53:19.311139+00:00,2026-07-18T00:53:19.311139+03:00,2870,Miniatürk Çadır Açık Otoparkı,BEYOĞLU,41.0594,28.9501,250,209,41,AÇIK OTOPARK,0,15,07:00-20:00
2026-07-17T21:53:19.311139+00:00,2026-07-18T00:53:19.311139+03:00,2556,Muallim Naci Açık Otoparkı,BEŞİKTAŞ,41.0561,29.0342,35,0,35,AÇIK OTOPARK,1,15,24 Saat
2026-07-17T21:53:19.311139+00:00,2026-07-18T00:53:19.311139+03:00,569,Oda Kule Önü 1,BEYOĞLU,41.0322,28.9751,24,1,23,YOL ÜSTÜ,0,0,07:00-01:00
2026-07-17T21:53:19.311139+00:00,2026-07-18T00:53:19.311139+03:00,1988,Orhangazi Şehir Parkı PD Açık Otoparkı,MALTEPE,40.9313,29.1161,5022,4357,665,AÇIK OTOPARK,1,15,24 Saat
2026-07-17T21:53:19.311139+00:00,2026-07-18T00:53:19.311139+03:00,152,Ortabahçe Caddesi 2,BEŞİKTAŞ,41.0428,29.0043,35,1,34,YOL ÜSTÜ,0,15,08:00-23:00
2026-07-17T21:53:19.311139+00:00,2026-07-18T00:53:19.311139+03:00,153,Ortabahçe Caddesi 3,BEŞİKTAŞ,41.043,29.0042,26,1,25,YOL ÜSTÜ,0,15,08:00-23:00
2026-07-17T21:53:19.311139+00:00,2026-07-18T00:53:19.311139+03:00,119,Ortaklar Caddesi 1,ŞİŞLİ,41.0638,28.9971,25,1,24,YOL ÜSTÜ,0,15,08:30-17:00
2026-07-17T21:53:19.311139+00:00,2026-07-18T00:53:19.311139+03:00,1343,Ortaköy Açık Otoparkı,BEŞİKTAŞ,41.0504,29.0326,170,146,24,AÇIK OTOPARK,1,0,24 Saat
2026-07-17T21:53:19.311139+00:00,2026-07-18T00:53:19.311139+03:00,572,Ortaköy Portakal Yokuşu 1,BEŞİKTAŞ,41.0503,29.0261,15,1,14,YOL ÜSTÜ,0,15,09:00-19:00
2026-07-17T21:53:19.311139+00:00,2026-07-18T00:53:19.311139+03:00,1039,Öğretmen Evi,AVCILAR,40.9723,28.714,80,42,38,AÇIK OTOPARK,0,0,11:00-23:00
2026-07-17T21:53:19.311139+00:00,2026-07-18T00:53:19.311139+03:00,1466,Pendik Katlı Otoparkı,PENDİK,40.8789,29.2342,120,79,41,KAPALI OTOPARK,0,15,24 Saat
2026-07-17T21:53:19.311139+00:00,2026-07-18T00:53:19.311139+03:00,3073,Pendik Kemal Kalkuz Parkı Zemin Altı Otoparkı,PENDİK,40.8885,29.2427,224,1,223,KAPALI OTOPARK,0,0,09:00-18:00
2026-07-17T21:53:19.311139+00:00,2026-07-18T00:53:19.311139+03:00,3019,Pendik Meydan Zemin Altı Otoparkı,PENDİK,40.8752,29.2324,937,0,937,KAPALI OTOPARK,1,0,24 Saat
2026-07-17T21:53:19.311139+00:00,2026-07-18T00:53:19.311139+03:00,2865,Pendik Sahil Engelliler Merkez Önü,PENDİK,40.8735,29.233,100,66,34,AÇIK OTOPARK,0,0,11:00-20:00
2026-07-17T21:53:19.311139+00:00,2026-07-18T00:53:19.311139+03:00,2434,Pendik Sahil İdo,PENDİK,40.8755,29.2369,100,0,100,AÇIK OTOPARK,0,0,07:00-23:00
2026-07-17T21:53:19.311139+00:00,2026-07-18T00:53:19.311139+03:00,248,Pendik Yenimahalle Açık 2 Otoparkı,PENDİK,40.864,29.2723,124,111,13,AÇIK OTOPARK,0,15,10:00-22:00
2026-07-17T21:53:19.311139+00:00,2026-07-18T00:53:19.311139+03:00,297,Perşembe Pazarı 1,BEYOĞLU,41.0252,28.9693,32,1,31,YOL ÜSTÜ,0,15,08:00-17:00
2026-07-17T21:53:19.311139+00:00,2026-07-18T00:53:19.311139+03:00,597,Pierre Loti Caddesi 3,FATİH,41.0069,28.9711,36,1,35,YOL ÜSTÜ,0,0,07:00-17:00
2026-07-17T21:53:19.311139+00:00,2026-07-18T00:53:19.311139+03:00,3263,Piyalepaşa Meydanı Zemin Altı Otoparkı,BEYOĞLU,41.0445,28.9674,560,222,338,KAPALI OTOPARK,0,0,24 Saat
2026-07-17T21:53:19.311139+00:00,2026-07-18T00:53:19.311139+03:00,423,Prof.Cemil Birsel Yokuşu 3,FATİH,41.0178,28.967,40,1,39,YOL ÜSTÜ,0,0,07:00-18:00
2026-07-17T21:53:19.311139+00:00,2026-07-18T00:53:19.311139+03:00,1900,Ragıp Gümüşpala Cad.(Sobacılar Önü),FATİH,41.0181,28.969,40,1,39,YOL ÜSTÜ,0,15,07:00-18:00
2026-07-17T21:53:19.311139+00:00,2026-07-18T00:53:19.311139+03:00,415,Ragıp Gümüşpala Camii Önü 1,FATİH,41.0211,28.9627,35,1,34,YOL ÜSTÜ,0,0,07:00-17:30
2026-07-17T21:53:19.311139+00:00,2026-07-18T00:53:19.311139+03:00,3268,Refik Saydam Caddesi 3,BEYOĞLU,41.032,28.9736,55,1,54,YOL ÜSTÜ,0,0,06:00-23:00
2026-07-17T21:53:19.311139+00:00,2026-07-18T00:53:19.311139+03:00,2307,Ressam Halim Sokak PD Açık Otoparkı,BAHÇELİEVLER,40.9967,28.8641,120,111,9,AÇIK OTOPARK,0,15,08:00-00:00
2026-07-17T21:53:19.311139+00:00,2026-07-18T00:53:19.311139+03:00,3082,Rumeli Hisarı Sahil Yolu Otoparkı,SARIYER,41.0854,29.0568,20,3,17,AÇIK OTOPARK,1,0,24 Saat
2026-07-17T21:53:19.311139+00:00,2026-07-18T00:53:19.311139+03:00,1595,Sabiha Gökçen Açık Otoparkı,PENDİK,40.925,29.308,1056,31,1025,AÇIK OTOPARK,0,15,24 Saat
2026-07-17T21:53:19.311139+00:00,2026-07-18T00:53:19.311139+03:00,3239,Samatya Sahil Cep Otoparkı,FATİH,40.9954,28.932,113,72,41,AÇIK OTOPARK,1,15,24 Saat
2026-07-17T21:53:19.311139+00:00,2026-07-18T00:53:19.311139+03:00,3273,Sarıyer Büyükdere Fidanlığı,SARIYER,41.1548,29.0268,160,156,4,AÇIK OTOPARK,0,0,08:00-18:00
2026-07-17T21:53:19.311139+00:00,2026-07-18T00:53:19.311139+03:00,3299,Sariyer Ayazağa Mah Vadi İstanbul Önü Açık Otoparkı,SARIYER,41.1106,28.9881,100,97,3,AÇIK OTOPARK,0,0,08:00-20:00
2026-07-17T21:53:19.311139+00:00,2026-07-18T00:53:19.311139+03:00,1303,Seyrantepe Katlı (Arena Karşısı) 1,KAĞITHANE,41.101,28.9961,1897,1,1896,KAPALI OTOPARK,1,0,24 Saat
2026-07-17T21:53:19.311139+00:00,2026-07-18T00:53:19.311139+03:00,1628,Sıracevizler Caddesi Yol Üstü 5,ŞİŞLİ,41.0607,28.9841,45,1,44,YOL ÜSTÜ,0,15,09:00-17:00
2026-07-17T21:53:19.311139+00:00,2026-07-18T00:53:19.311139+03:00,464,Sirkeci Gar Önü,FATİH,41.015,28.9761,60,1,59,AÇIK OTOPARK,0,5,07:00-20:00
2026-07-17T21:53:19.311139+00:00,2026-07-18T00:53:19.311139+03:00,1486,Siyavuşpaşa Yer Altı Otoparkı,BAHÇELİEVLER,40.9965,28.8532,155,0,155,KAPALI OTOPARK,1,0,24 Saat
2026-07-17T21:53:19.311139+00:00,2026-07-18T00:53:19.311139+03:00,1958,Soğanlık Metro PD Açık Otoparkı,KARTAL,40.9131,29.1925,898,857,41,AÇIK OTOPARK,0,15,24 Saat
2026-07-17T21:53:19.311139+00:00,2026-07-18T00:53:19.311139+03:00,589,Su Terazisi Sokak,FATİH,41.0046,28.9727,22,1,21,YOL ÜSTÜ,0,0,07:30-17:00
2026-07-17T21:53:19.311139+00:00,2026-07-18T00:53:19.311139+03:00,1478,Suadiye Cep Açık Otoparkı,KADIKÖY,40.9586,29.0732,130,109,21,AÇIK OTOPARK,0,15,24 Saat
2026-07-17T21:53:19.311139+00:00,2026-07-18T00:53:19.311139+03:00,2948,Suadiye Sahil Açık Otoparkı,KADIKÖY,40.9562,29.0797,70,50,20,AÇIK OTOPARK,1,5,24 Saat
2026-07-17T21:53:19.311139+00:00,2026-07-18T00:53:19.311139+03:00,2799,Sultanbeyli Emir Caddesi Zemin Altı Otoparkı,SULTANBEYLİ,40.9707,29.2606,130,115,15,KAPALI OTOPARK,0,15,08:00-22:00
2026-07-17T21:53:19.311139+00:00,2026-07-18T00:53:19.311139+03:00,2372,Sultanbeyli Kent Meydanı Zemin Altı Otoparkı,SULTANBEYLİ,40.9667,29.2667,300,211,89,KAPALI OTOPARK,1,15,24 Saat
2026-07-17T21:53:19.311139+00:00,2026-07-18T00:53:19.311139+03:00,2410,Sultangazi Zemin Altı Otoparkı,SULTANGAZİ,41.0944,28.8649,104,0,104,KAPALI OTOPARK,1,10,24 Saat
2026-07-17T21:53:19.311139+00:00,2026-07-18T00:53:19.311139+03:00,2085,Süleyman Seba Caddesi 2,BEŞİKTAŞ,41.0426,28.9998,40,1,39,YOL ÜSTÜ,0,15,08:00-18:00
2026-07-17T21:53:19.311139+00:00,2026-07-18T00:53:19.311139+03:00,2088,Süleyman Seba Caddesi 5,BEŞİKTAŞ,41.0432,28.9978,40,1,39,YOL ÜSTÜ,0,15,08:00-18:00
2026-07-17T21:53:19.311139+00:00,2026-07-18T00:53:19.311139+03:00,2089,Süleyman Seba Caddesi 6,BEŞİKTAŞ,41.0435,28.9967,11,1,10,YOL ÜSTÜ,0,15,08:00-18:00
2026-07-17T21:53:19.311139+00:00,2026-07-18T00:53:19.311139+03:00,2391,Süleymaniye Cami Altı Açık Otoparkı,FATİH,41.0158,28.961,250,235,15,AÇIK OTOPARK,0,0,06:30-18:30
2026-07-17T21:53:19.311139+00:00,2026-07-18T00:53:19.311139+03:00,1730,Sütlüce Miniatürk Yanı,BEYOĞLU,41.057,28.95,320,217,103,AÇIK OTOPARK,1,15,24 Saat
2026-07-17T21:53:19.311139+00:00,2026-07-18T00:53:19.311139+03:00,36,Şakayık Sokak 4,ŞİŞLİ,41.0518,28.9936,50,1,49,YOL ÜSTÜ,0,15,08:00-16:00
2026-07-17T21:53:19.311139+00:00,2026-07-18T00:53:19.311139+03:00,1469,Şehit Volkan Duysak Katlı Otoparkı,ZEYTİNBURNU,40.9968,28.9039,1000,658,342,KAPALI OTOPARK,0,5,24 Saat
2026-07-17T21:53:19.311139+00:00,2026-07-18T00:53:19.311139+03:00,2385,Şehremini Açık Otoparkı 1,FATİH,41.0135,28.9333,60,1,59,AÇIK OTOPARK,0,0,08:30-20:30
2026-07-17T21:53:19.311139+00:00,2026-07-18T00:53:19.311139+03:00,2855,Şemsipaşa Açık Otoparkı,ÜSKÜDAR,41.0255,29.0097,80,67,13,AÇIK OTOPARK,1,0,24 Saat
2026-07-17T21:53:19.311139+00:00,2026-07-18T00:53:19.311139+03:00,2439,Şirinevler Meydan Zeminaltı Otoparkı,BAHÇELİEVLER,40.9925,28.8496,367,120,247,KAPALI OTOPARK,1,0,24 Saat
2026-07-17T21:53:19.311139+00:00,2026-07-18T00:53:19.311139+03:00,3400,Şişhane Refik Saydam Caddesi 2 Yol Üstü Otoparkı 1,BEYOĞLU,41.0326,28.9743,70,1,69,YOL ÜSTÜ,0,15,06:00-23:00
2026-07-17T21:53:19.311139+00:00,2026-07-18T00:53:19.311139+03:00,1017,Şişli Kadırgalar Caddesi 1,ŞİŞLİ,41.0429,28.9927,100,1,99,AÇIK OTOPARK,0,0,07:00-23:00
2026-07-17T21:53:19.311139+00:00,2026-07-18T00:53:19.311139+03:00,3441,Şişli Kuştepe Zemin Altı Otoparkı,ŞİŞLİ,41.072,28.9919,430,324,106,KAPALI OTOPARK,0,15,24 Saat
2026-07-17T21:53:19.311139+00:00,2026-07-18T00:53:19.311139+03:00,2816,Şişli Rumeli Caddesi Metro Yanı 1,ŞİŞLİ,41.0538,28.9868,45,1,44,YOL ÜSTÜ,0,15,08:00-20:00
2026-07-17T21:53:19.311139+00:00,2026-07-18T00:53:19.311139+03:00,2406,Şişli Zemin Altı Otoparkı,ŞİŞLİ,41.0641,28.9992,581,400,181,KAPALI OTOPARK,1,15,24 Saat
2026-07-17T21:53:19.311139+00:00,2026-07-18T00:53:19.311139+03:00,1993,Tuzla İdo,TUZLA,40.8149,29.3039,300,226,74,AÇIK OTOPARK,0,15,24 Saat
2026-07-17T21:53:19.311139+00:00,2026-07-18T00:53:19.311139+03:00,3332,Tuzla Sahil Cep,TUZLA,40.8168,29.2992,50,41,9,AÇIK OTOPARK,0,0,08:00-00:00
2026-07-17T21:53:19.311139+00:00,2026-07-18T00:53:19.311139+03:00,3057,Tuzla Sahil Zemin Altı Otoparkı,TUZLA,40.8181,29.3004,779,528,251,KAPALI OTOPARK,1,15,24 Saat
2026-07-17T21:53:19.311139+00:00,2026-07-18T00:53:19.311139+03:00,1811,Ulu Camii Açık Otoparkı,BAHÇELİEVLER,40.9982,28.8499,150,115,35,AÇIK OTOPARK,1,10,24 Saat
2026-07-17T21:53:19.311139+00:00,2026-07-18T00:53:19.311139+03:00,2424,Uzunçayır Açık Otoparkı,KADIKÖY,40.9988,29.0556,58,52,6,AÇIK OTOPARK,0,0,06:00-16:00
2026-07-17T21:53:19.311139+00:00,2026-07-18T00:53:19.311139+03:00,1468,Ümraniye Katlı Otoparkı,ÜMRANİYE,41.0261,29.0953,665,528,137,KAPALI OTOPARK,0,15,24 Saat
2026-07-17T21:53:19.311139+00:00,2026-07-18T00:53:19.311139+03:00,2898,Ümraniye Okan Sokak Zeminaltı Otoparkı,ÜMRANİYE,41.0284,29.0907,125,22,103,KAPALI OTOPARK,1,15,24 Saat
2026-07-17T21:53:19.311139+00:00,2026-07-18T00:53:19.311139+03:00,2345,Üsküdar Uzunçayır PD Açık Otoparkı,ÜSKÜDAR,40.9988,29.0577,90,80,10,AÇIK OTOPARK,0,15,06:00-22:00
2026-07-17T21:53:19.311139+00:00,2026-07-18T00:53:19.311139+03:00,1929,Üsküdar Ünalan Açık Otoparkı,ÜSKÜDAR,40.9979,29.0604,180,175,5,AÇIK OTOPARK,0,0,07:00-17:00
2026-07-17T21:53:19.311139+00:00,2026-07-18T00:53:19.311139+03:00,1487,Vatan Caddesi PD Açık Otoparkı,FATİH,41.0157,28.9405,397,361,36,AÇIK OTOPARK,0,5,24 Saat
2026-07-17T21:53:19.311139+00:00,2026-07-18T00:53:19.311139+03:00,1621,Veteriner Hilmi Sokak Yol Üstü 1,ŞİŞLİ,41.0603,28.9892,20,1,19,YOL ÜSTÜ,0,15,08:00-17:00
2026-07-17T21:53:19.311139+00:00,2026-07-18T00:53:19.311139+03:00,2441,Yalı Açık Otoparkı,MALTEPE,40.9095,29.137,85,82,3,AÇIK OTOPARK,0,0,07:30-22:00
2026-07-17T21:53:19.311139+00:00,2026-07-18T00:53:19.311139+03:00,459,Yalı Köşkü Caddesi 1,FATİH,41.0163,28.9759,61,1,60,YOL ÜSTÜ,0,5,07:00-21:00
2026-07-17T21:53:19.311139+00:00,2026-07-18T00:53:19.311139+03:00,2037,Yenikapı Marmaray Büyük Otoparkı,FATİH,41.0057,28.9505,324,257,67,AÇIK OTOPARK,1,15,24 Saat
2026-07-17T21:53:19.311139+00:00,2026-07-18T00:53:19.311139+03:00,2036,Yenikapı Marmaray Küçük Otoparkı,FATİH,41.0064,28.9504,200,200,0,AÇIK OTOPARK,0,15,07:00-22:00
2026-07-17T21:53:19.311139+00:00,2026-07-18T00:53:19.311139+03:00,2175,Yenikapı Spor ve Kültür Merkezi PD Açık Otoparkı,FATİH,41.0006,28.9519,4023,3819,204,AÇIK OTOPARK,0,15,24 Saat
2026-07-17T21:53:19.311139+00:00,2026-07-18T00:53:19.311139+03:00,2805,Yenikapı Tünel Üstü Açık Otoparkı,FATİH,41.0029,28.9534,700,589,111,AÇIK OTOPARK,1,10,24 Saat
2026-07-17T21:53:19.311139+00:00,2026-07-18T00:53:19.311139+03:00,3404,Yenimahalle Metro Zemin Altı PD Otoparkı,GAZİOSMANPAŞA,41.0839,28.8926,114,90,24,KAPALI OTOPARK,1,15,24 Saat
2026-07-17T21:53:19.311139+00:00,2026-07-18T00:53:19.311139+03:00,2920,Yeşilce Zemin Altı Katlı Otoparkı,KAĞITHANE,41.0938,29.0017,676,223,453,KAPALI OTOPARK,1,0,24 Saat
2026-07-17T21:53:19.311139+00:00,2026-07-18T00:53:19.311139+03:00,987,Yeşilköy İstasyon Caddesi 1,BAKIRKÖY,40.962,28.825,40,1,39,YOL ÜSTÜ,0,15,09:00-17:30
2026-07-17T21:53:19.311139+00:00,2026-07-18T00:53:19.311139+03:00,974,Yeşilköy Marina 1,BAKIRKÖY,40.9576,28.8233,145,1,144,YOL ÜSTÜ,0,0,12:00-23:00
2026-07-17T21:53:19.311139+00:00,2026-07-18T00:53:19.311139+03:00,3406,Yeşilpınar Metro Zemin Altı PD Otoparkı,EYÜP,41.081,28.9204,269,181,88,KAPALI OTOPARK,1,15,24 Saat
2026-07-17T21:53:19.311139+00:00,2026-07-18T00:53:19.311139+03:00,315,Yeşilyurt Çarşı 1,BAKIRKÖY,40.9643,28.8379,50,1,49,YOL ÜSTÜ,0,15,09:00-17:30
2026-07-17T21:53:19.311139+00:00,2026-07-18T00:53:19.311139+03:00,1133,Yıldız Korusu,BEŞİKTAŞ,41.0514,29.0165,500,1,499,AÇIK OTOPARK,0,0,08:00-22:00
2026-07-17T21:53:19.311139+00:00,2026-07-18T00:53:19.311139+03:00,882,Zeytinburnu 58. Bulvar 2,ZEYTİNBURNU,40.9932,28.9039,48,1,47,YOL ÜSTÜ,0,15,09:00-18:00
2026-07-17T21:53:19.311139+00:00,2026-07-18T00:53:19.311139+03:00,3185,Zeytinburnu Sahil Cep Otoparkı,ZEYTİNBURNU,40.9798,28.8985,160,1,159,AÇIK OTOPARK,0,0,12:00-22:00
2026-07-17T23:51:31.240876+00:00,2026-07-18T02:51:31.240876+03:00,3068,15 Temmuz Şehitler Meydanı Zeminaltı Otoparkı,ÜMRANİYE,41.0246,29.0915,1029,681,348,KAPALI OTOPARK,0,15,24 Saat
2026-07-17T23:51:31.240876+00:00,2026-07-18T02:51:31.240876+03:00,2338,19 Mayıs Açık,ŞİŞLİ,41.0563,28.9941,65,0,65,AÇIK OTOPARK,1,0,24 Saat
2026-07-17T23:51:31.240876+00:00,2026-07-18T02:51:31.240876+03:00,1751,4.Levent PD Açık Otoparkı,KAĞITHANE,41.0836,29.0081,236,139,97,AÇIK OTOPARK,1,5,24 Saat
2026-07-17T23:51:31.240876+00:00,2026-07-18T02:51:31.240876+03:00,3328,4.Levent Servis ve Turizm Araçları Açık Otoparkı,ŞİŞLİ,41.0841,29.0054,300,150,150,AÇIK OTOPARK,1,15,24 Saat
2026-07-17T23:51:31.240876+00:00,2026-07-18T02:51:31.240876+03:00,3412,5. Levent Gaziosmanpaşa Adliyesi Yanı Açık Otoparkı,EYÜP,41.0927,28.9494,250,235,15,AÇIK OTOPARK,0,15,07:00-23:00
2026-07-17T23:51:31.240876+00:00,2026-07-18T02:51:31.240876+03:00,104,Abide-i Hürriyet Caddesi 5,ŞİŞLİ,41.0619,28.9876,40,1,39,YOL ÜSTÜ,0,15,08:00-17:00
2026-07-17T23:51:31.240876+00:00,2026-07-18T02:51:31.240876+03:00,2452,Acıbadem Açık Otoparkı,ÜSKÜDAR,41.0157,29.0574,100,87,13,AÇIK OTOPARK,0,0,06:30-16:00
2026-07-17T23:51:31.240876+00:00,2026-07-18T02:51:31.240876+03:00,346,Ada Karşısı Cep 2,BEŞİKTAŞ,41.072,29.045,30,1,29,YOL ÜSTÜ,0,15,08:00-23:00
2026-07-17T23:51:31.240876+00:00,2026-07-18T02:51:31.240876+03:00,1663,Akasyalı Sokak Tenis Kulubü Önü 2,BEŞİKTAŞ,41.0867,29.0109,45,1,44,YOL ÜSTÜ,0,15,08:30-17:30
2026-07-17T23:51:31.240876+00:00,2026-07-18T02:51:31.240876+03:00,828,Akdeniz Caddesi 4,FATİH,41.0175,28.9435,27,1,26,YOL ÜSTÜ,0,15,09:00-18:00
2026-07-17T23:51:31.240876+00:00,2026-07-18T02:51:31.240876+03:00,1913,Alibeyköy Cep Otogarı Açık Otoparkı,EYÜP,41.0879,28.9446,116,38,78,AÇIK OTOPARK,1,25,24 Saat
2026-07-17T23:51:31.240876+00:00,2026-07-18T02:51:31.240876+03:00,1912,Alibeyköy Cep Otogarı Otobüs Otoparkı,EYÜP,41.0875,28.9449,5000,4985,15,AÇIK OTOPARK,1,60,24 Saat
2026-07-17T23:51:31.240876+00:00,2026-07-18T02:51:31.240876+03:00,2562,Alibeyköy Yeşiltepe Zemin Altı Otoparkı,EYÜP,41.0797,28.938,159,42,117,KAPALI OTOPARK,0,15,24 Saat
2026-07-17T23:51:31.240876+00:00,2026-07-18T02:51:31.240876+03:00,3201,Altınboynuz Sosyal Tesisleri,EYÜP,41.058,28.9447,70,1,69,AÇIK OTOPARK,0,15,08:00-23:00
2026-07-17T23:51:31.240876+00:00,2026-07-18T02:51:31.240876+03:00,758,Arap Camii Açık Otoparkı,BEYOĞLU,41.0227,28.9723,30,1,29,AÇIK OTOPARK,0,0,09:00-17:00
2026-07-17T23:51:31.240876+00:00,2026-07-18T02:51:31.240876+03:00,2685,Aras Sokak 2,BÜYÜKÇEKMECE,41.023,28.6209,60,1,59,YOL ÜSTÜ,0,0,06:00-14:30
2026-07-17T23:51:31.240876+00:00,2026-07-18T02:51:31.240876+03:00,2802,Arnavutköy Zemin Altı Otoparkı,ARNAVUTKÖY,41.1838,28.7396,700,17,683,KAPALI OTOPARK,1,15,24 Saat
2026-07-17T23:51:31.240876+00:00,2026-07-18T02:51:31.240876+03:00,1797,Ataköy Atrium AVM,BAKIRKÖY,40.9881,28.8459,250,209,41,AÇIK OTOPARK,0,15,08:00-23:00
2026-07-17T23:51:31.240876+00:00,2026-07-18T02:51:31.240876+03:00,2824,Ataköy Metro Durağı Yanı PD Zemin Altı Otoparkı,BAKIRKÖY,40.9904,28.8456,150,91,59,KAPALI OTOPARK,1,0,24 Saat
2026-07-17T23:51:31.240876+00:00,2026-07-18T02:51:31.240876+03:00,3161,Ataşehir Topçu İbrahim Sokak,ATAŞEHİR,40.9736,29.101,42,1,41,YOL ÜSTÜ,0,15,07:00-16:00
2026-07-17T23:51:31.240876+00:00,2026-07-18T02:51:31.240876+03:00,359,Atatürk Bulvarı 1,FATİH,41.0112,28.9534,20,1,19,YOL ÜSTÜ,0,0,07:30-18:00
2026-07-17T23:51:31.240876+00:00,2026-07-18T02:51:31.240876+03:00,3087,Atatürk Kent Ormanı Otoparkı,SARIYER,41.136,29.0262,200,198,2,AÇIK OTOPARK,0,0,08:00-17:00
2026-07-17T23:51:31.240876+00:00,2026-07-18T02:51:31.240876+03:00,1088,Avcılar İdo,AVCILAR,40.9712,28.7185,270,264,6,AÇIK OTOPARK,0,0,13:00-07:00
2026-07-17T23:51:31.240876+00:00,2026-07-18T02:51:31.240876+03:00,2885,Azapkapı Haliç Metro Otoparkı,ŞİŞLİ,41.0245,28.9691,80,62,18,AÇIK OTOPARK,1,5,24 Saat
2026-07-17T23:51:31.240876+00:00,2026-07-18T02:51:31.240876+03:00,2455,Azerbaycan Dostluk Parkı Zemin Altı Otoparkı,BAĞCILAR,41.0444,28.854,400,171,229,KAPALI OTOPARK,0,10,24 Saat
2026-07-17T23:51:31.240876+00:00,2026-07-18T02:51:31.240876+03:00,2965,Bağcılar Çolakoğlu Zemin Altı Otoparkı,BAĞCILAR,41.0324,28.8345,106,0,106,KAPALI OTOPARK,1,5,24 Saat
2026-07-17T23:51:31.240876+00:00,2026-07-18T02:51:31.240876+03:00,2576,Bağcılar Demirkapı Zemin Altı Otoparkı,BAĞCILAR,41.0499,28.8327,343,130,213,KAPALI OTOPARK,1,5,24 Saat
2026-07-17T23:51:31.240876+00:00,2026-07-18T02:51:31.240876+03:00,3036,Bağcılar Devlet Hastanesi Yanı Zeminaltı Otoparkı,BAĞCILAR,41.0312,28.8696,1133,130,1003,KAPALI OTOPARK,1,15,24 Saat
2026-07-17T23:51:31.240876+00:00,2026-07-18T02:51:31.240876+03:00,3071,Bağcılar Emniyet Müdürlüğü Yanı Açık Otoparkı,BAĞCILAR,41.0353,28.8598,100,43,57,AÇIK OTOPARK,1,0,24 Saat
2026-07-17T23:51:31.240876+00:00,2026-07-18T02:51:31.240876+03:00,2873,Bağcılar Göztepe Zemin Altı,BAĞCILAR,41.0567,28.8355,120,0,120,KAPALI OTOPARK,1,5,24 Saat
2026-07-17T23:51:31.240876+00:00,2026-07-18T02:51:31.240876+03:00,3187,Bağcılar Hürriyet Mahallesi Zemin Altı Otoparkı,BAĞCILAR,41.0291,28.8333,355,0,355,KAPALI OTOPARK,1,10,24 Saat
2026-07-17T23:51:31.240876+00:00,2026-07-18T02:51:31.240876+03:00,2916,Bağcılar Kent Meydanı PD Zemin Altı Otoparkı,BAĞCILAR,41.0339,28.8556,1162,0,1162,KAPALI OTOPARK,0,0,24 Saat
2026-07-17T23:51:31.240876+00:00,2026-07-18T02:51:31.240876+03:00,3261,Bağcılar Yenimahalle Zemin Altı Otoparkı,BAĞCILAR,41.0425,28.8395,525,257,268,KAPALI OTOPARK,1,15,24 Saat
2026-07-17T23:51:31.240876+00:00,2026-07-18T02:51:31.240876+03:00,2820,Bağcılar Yıldıztepe Katlı Otoparkı,BAĞCILAR,41.0294,28.8556,350,0,350,KAPALI OTOPARK,1,10,24 Saat
2026-07-17T23:51:31.240876+00:00,2026-07-18T02:51:31.240876+03:00,3447,Bahçelievler 23 Nisan Milli Egemenlik Zeminaltı Otoparkı,BAHÇELİEVLER,40.9988,28.8472,732,352,380,KAPALI OTOPARK,1,10,24 Saat
2026-07-17T23:51:31.240876+00:00,2026-07-18T02:51:31.240876+03:00,2993,Bahçelievler Cumhuriyet Zeminaltı Otoparkı,BAHÇELİEVLER,41.0149,28.859,663,0,663,KAPALI OTOPARK,0,10,24 Saat
2026-07-17T23:51:31.240876+00:00,2026-07-18T02:51:31.240876+03:00,2969,Bahçelievler Devlet Hastanesi Yanı Katlı Otoparkı,BAHÇELİEVLER,41.0072,28.8442,740,0,740,KAPALI OTOPARK,1,0,24 Saat
2026-07-17T23:51:31.240876+00:00,2026-07-18T02:51:31.240876+03:00,3051,Bahçelievler Zafer Mh. Zeminaltı Otoparkı,BAHÇELİEVLER,41.0036,28.8351,200,44,156,KAPALI OTOPARK,1,0,24 Saat
2026-07-17T23:51:31.240876+00:00,2026-07-18T02:51:31.240876+03:00,3118,Bahçeşehir Doğa Parkı Caddesi 3,BAŞAKŞEHİR,41.0683,28.6894,22,1,21,YOL ÜSTÜ,0,15,10:00-20:00
2026-07-17T23:51:31.240876+00:00,2026-07-18T02:51:31.240876+03:00,3236,Bahçeşehir Gölet Açık Otoparkı,BAŞAKŞEHİR,41.0719,28.6901,200,1,199,AÇIK OTOPARK,0,0,12:00-22:00
2026-07-17T23:51:31.240876+00:00,2026-07-18T02:51:31.240876+03:00,1465,Bakırköy İdo Açık Otoparkı,BAKIRKÖY,40.9739,28.8761,160,123,37,AÇIK OTOPARK,1,10,24 Saat
2026-07-17T23:51:31.240876+00:00,2026-07-18T02:51:31.240876+03:00,1104,Balmumcu Katlı Otoparkı,BEŞİKTAŞ,41.0636,29.0109,400,327,73,KAPALI OTOPARK,1,5,24 Saat
2026-07-17T23:51:31.240876+00:00,2026-07-18T02:51:31.240876+03:00,2796,Başakşehir Metro Açık Otoparkı,BAŞAKŞEHİR,41.107,28.801,125,1,124,AÇIK OTOPARK,0,0,07:00-16:00
2026-07-17T23:51:31.240876+00:00,2026-07-18T02:51:31.240876+03:00,2350,Bayrampaşa Adapark Katlı Otoparkı,BAYRAMPAŞA,41.0647,28.8875,650,0,650,KAPALI OTOPARK,0,15,24 Saat
2026-07-17T23:51:31.240876+00:00,2026-07-18T02:51:31.240876+03:00,2892,Bayrampaşa Altıntepsi Zemin  Altı Otoparkı,BAYRAMPAŞA,41.0393,28.9029,110,0,110,KAPALI OTOPARK,0,10,24 Saat
2026-07-17T23:51:31.240876+00:00,2026-07-18T02:51:31.240876+03:00,2909,Bayrampaşa Atatürk Parkı  Zemin Altı Otoparkı,BAYRAMPAŞA,41.0342,28.9123,442,5,437,KAPALI OTOPARK,0,10,24 Saat
2026-07-17T23:51:31.240876+00:00,2026-07-18T02:51:31.240876+03:00,2683,Bayrampaşa Devlet Hastanesi Cep Otoparkı,BAYRAMPAŞA,41.0414,28.9031,55,29,26,AÇIK OTOPARK,0,0,08:00-19:00
2026-07-17T23:51:31.240876+00:00,2026-07-18T02:51:31.240876+03:00,3301,Bayrampaşa Kocatepe Mahallesi Zemin Altı Otoparkı,BAYRAMPAŞA,41.0545,28.8964,241,0,241,KAPALI OTOPARK,1,10,24 Saat
2026-07-17T23:51:31.240876+00:00,2026-07-18T02:51:31.240876+03:00,2053,Bayrampaşa Muratpaşa Yer Altı Otoparkı,BAYRAMPAŞA,41.047,28.9082,300,0,300,KAPALI OTOPARK,0,15,24 Saat
2026-07-17T23:51:31.240876+00:00,2026-07-18T02:51:31.240876+03:00,3175,Bayrampaşa Spor Kompleksi Zemin Altı Otoparkı,BAYRAMPAŞA,41.0446,28.9106,205,0,205,KAPALI OTOPARK,1,15,24 Saat
2026-07-17T23:51:31.240876+00:00,2026-07-18T02:51:31.240876+03:00,3382,Bayrampaşa Şehit Kamil Balkan Zemin Altı Otoparkı,BAYRAMPAŞA,41.0604,28.9008,235,0,235,KAPALI OTOPARK,1,10,24 Saat
2026-07-17T23:51:31.240876+00:00,2026-07-18T02:51:31.240876+03:00,2428,Bayrampaşa Yenidoğan Mahallesi Zemin Altı Otoparkı,BAYRAMPAŞA,41.0395,28.9088,120,0,120,KAPALI OTOPARK,0,10,24 Saat
2026-07-17T23:51:31.240876+00:00,2026-07-18T02:51:31.240876+03:00,2468,Bebek Açık,BEŞİKTAŞ,41.077,29.0434,30,23,7,AÇIK OTOPARK,0,0,24 Saat
2026-07-17T23:51:31.240876+00:00,2026-07-18T02:51:31.240876+03:00,3479,Beşiktaş Halk Pazarı Açık Otoparkı,BEŞİKTAŞ,41.0496,29.0004,170,160,10,AÇIK OTOPARK,1,5,24 Saat
2026-07-17T23:51:31.240876+00:00,2026-07-18T02:51:31.240876+03:00,573,Beşiktaş Kadastro Önü 1,BEŞİKTAŞ,41.0503,29.0076,39,1,38,YOL ÜSTÜ,0,15,08:00-17:00
2026-07-17T23:51:31.240876+00:00,2026-07-18T02:51:31.240876+03:00,3257,Beykoz Sahil Cep Otoparkı,BEYKOZ,41.1286,29.0953,100,76,24,AÇIK OTOPARK,0,0,08:00-00:00
2026-07-17T23:51:31.240876+00:00,2026-07-18T02:51:31.240876+03:00,2273,Beykoz Sosyal Tesisleri,BEYKOZ,41.1143,29.0888,130,0,130,AÇIK OTOPARK,0,15,08:00-00:00
2026-07-17T23:51:31.240876+00:00,2026-07-18T02:51:31.240876+03:00,2999,Beyoğlu Gazhane Bostan Sokak 2,BEYOĞLU,41.0389,28.9903,35,1,34,YOL ÜSTÜ,0,0,07:30-16:30
2026-07-17T23:51:31.240876+00:00,2026-07-18T02:51:31.240876+03:00,3072,Beyoğlu Örnektepe Zemin Altı Otoparkı,BEYOĞLU,41.0543,28.9548,143,0,143,KAPALI OTOPARK,0,0,24 Saat
2026-07-17T23:51:31.240876+00:00,2026-07-18T02:51:31.240876+03:00,1455,Bostancı Açık,KADIKÖY,40.9523,29.0902,394,85,309,AÇIK OTOPARK,0,15,24 Saat
2026-07-17T23:51:31.240876+00:00,2026-07-18T02:51:31.240876+03:00,1456,Bostancı Sahil-Cep Açık Otoparkı,KADIKÖY,40.9545,29.0885,192,97,95,AÇIK OTOPARK,0,15,24 Saat
2026-07-17T23:51:31.240876+00:00,2026-07-18T02:51:31.240876+03:00,2150,Bostancı Vergi Dairesi Açık Otoparkı,ATAŞEHİR,40.9625,29.1083,155,0,155,AÇIK OTOPARK,0,5,08:00-20:00
2026-07-17T23:51:31.240876+00:00,2026-07-18T02:51:31.240876+03:00,2854,Bülent Ecevit Kültür Merkezi Açık Otoparkı,KARTAL,40.8852,29.1967,277,254,23,AÇIK OTOPARK,0,5,10:00-21:00
2026-07-17T23:51:31.240876+00:00,2026-07-18T02:51:31.240876+03:00,2866,Büyük İstanbul Otogarı,BAYRAMPAŞA,41.0402,28.8942,1000,0,1000,AÇIK OTOPARK,1,25,24 Saat
2026-07-17T23:51:31.240876+00:00,2026-07-18T02:51:31.240876+03:00,1192,Büyükçamlıca Korusu Sosyal Tesisleri Önü,ÜSKÜDAR,41.0264,29.0698,204,112,92,AÇIK OTOPARK,0,0,08:00-00:00
2026-07-17T23:51:31.240876+00:00,2026-07-18T02:51:31.240876+03:00,2960,Büyükçekmece Metrobüs Durağı Yanı PD Zemin Altı Otopark,BÜYÜKÇEKMECE,41.0221,28.624,448,266,182,KAPALI OTOPARK,0,0,24 Saat
2026-07-17T23:51:31.240876+00:00,2026-07-18T02:51:31.240876+03:00,1503,Cadde Bostan Açık Otoparkı,KADIKÖY,40.9636,29.0675,66,61,5,AÇIK OTOPARK,0,15,24 Saat
2026-07-17T23:51:31.240876+00:00,2026-07-18T02:51:31.240876+03:00,2933,Cemal Kamacı Spor Kompleksi Zemin Altı Otoparkı,KAĞITHANE,41.0536,28.9575,510,0,510,KAPALI OTOPARK,1,0,24 Saat
2026-07-17T23:51:31.240876+00:00,2026-07-18T02:51:31.240876+03:00,2207,Cengiz Topel Yer Altı Katlı Otoparkı,ESENLER,41.0588,28.8643,144,0,144,KAPALI OTOPARK,0,15,24 Saat
2026-07-17T23:51:31.240876+00:00,2026-07-18T02:51:31.240876+03:00,2787,Cevizli Açık Otoparkı,KARTAL,40.9179,29.1712,100,96,4,AÇIK OTOPARK,0,15,08:00-19:00
2026-07-17T23:51:31.240876+00:00,2026-07-18T02:51:31.240876+03:00,782,Cihangir Caddesi 2,BEYOĞLU,41.0319,28.9862,70,1,69,YOL ÜSTÜ,0,15,09:00-19:00
2026-07-17T23:51:31.240876+00:00,2026-07-18T02:51:31.240876+03:00,1467,Cihangir Katlı Otoparkı,BEYOĞLU,41.0318,28.9858,350,0,350,KAPALI OTOPARK,1,0,24 Saat
2026-07-17T23:51:31.240876+00:00,2026-07-18T02:51:31.240876+03:00,535,Cihannuma Yol Üstü 1,BEŞİKTAŞ,41.0454,29.0084,35,1,34,YOL ÜSTÜ,0,0,08:00-23:00
2026-07-17T23:51:31.240876+00:00,2026-07-18T02:51:31.240876+03:00,537,Cihannuma Yol Üstü 3,BEŞİKTAŞ,41.0459,29.0087,33,1,32,YOL ÜSTÜ,0,0,08:00-23:00
2026-07-17T23:51:31.240876+00:00,2026-07-18T02:51:31.240876+03:00,539,Cihannuma Yol Üstü 5,BEŞİKTAŞ,41.0489,29.0094,24,1,23,YOL ÜSTÜ,0,0,08:00-23:00
2026-07-17T23:51:31.240876+00:00,2026-07-18T02:51:31.240876+03:00,3184,Çam Sokak 6,GÜNGÖREN,41.0121,28.8882,50,1,49,YOL ÜSTÜ,0,15,08:00-17:00
2026-07-17T23:51:31.240876+00:00,2026-07-18T02:51:31.240876+03:00,3030,Çekmeköy Metro PD Zemin Altı Otoparkı,ÇEKMEKÖY,41.0147,29.1886,175,71,104,KAPALI OTOPARK,0,15,24 Saat
2026-07-17T23:51:31.240876+00:00,2026-07-18T02:51:31.240876+03:00,2905,Çeliktepe Açık Otoparkı,KAĞITHANE,41.0843,29.0056,200,69,131,AÇIK OTOPARK,1,5,24 Saat
2026-07-17T23:51:31.240876+00:00,2026-07-18T02:51:31.240876+03:00,1298,Çengelköy Açık Otoparkı,ÜSKÜDAR,41.0484,29.0533,500,105,395,AÇIK OTOPARK,0,15,24 Saat
2026-07-17T23:51:31.240876+00:00,2026-07-18T02:51:31.240876+03:00,502,Çınar Açık Otoparkı,BEŞİKTAŞ,41.0853,29.0088,65,1,64,AÇIK OTOPARK,0,0,08:00-18:00
2026-07-17T23:51:31.240876+00:00,2026-07-18T02:51:31.240876+03:00,777,Çırağan Sarayı Yol Üstü 1,BEŞİKTAŞ,41.0448,29.0165,40,1,39,YOL ÜSTÜ,0,15,08:00-23:00
2026-07-17T23:51:31.240876+00:00,2026-07-18T02:51:31.240876+03:00,778,Çırağan Sarayı Yol Üstü 2,BEŞİKTAŞ,41.0445,29.0156,40,1,39,YOL ÜSTÜ,0,15,08:00-23:00
2026-07-17T23:51:31.240876+00:00,2026-07-18T02:51:31.240876+03:00,2228,Çırpıcı Sosyal Tesisler,ZEYTİNBURNU,41,28.8926,128,0,128,AÇIK OTOPARK,0,15,07:00-00:00
2026-07-17T23:51:31.240876+00:00,2026-07-18T02:51:31.240876+03:00,1508,Çiroz Yeşilköy Halk Pazarı,BAKIRKÖY,40.9628,28.8129,471,1,470,AÇIK OTOPARK,0,0,08:00-18:00
2026-07-17T23:51:31.240876+00:00,2026-07-18T02:51:31.240876+03:00,2030,Dalyan Açık Otoparkı,KADIKÖY,40.9632,29.0651,92,70,22,AÇIK OTOPARK,0,15,24 Saat
2026-07-17T23:51:31.240876+00:00,2026-07-18T02:51:31.240876+03:00,2271,Damla Sokak 1,ŞİŞLİ,41.0672,29.0004,17,1,16,YOL ÜSTÜ,0,15,07:30-16:30
2026-07-17T23:51:31.240876+00:00,2026-07-18T02:51:31.240876+03:00,2164,Darüşşafaka Yeraltı Otoparkı,SARIYER,41.1292,29.0252,150,141,9,KAPALI OTOPARK,0,15,08:00-00:00
2026-07-17T23:51:31.240876+00:00,2026-07-18T02:51:31.240876+03:00,1653,Deniz Feneri Otoparkı,FATİH,41.0019,28.9773,175,107,68,AÇIK OTOPARK,0,5,24 Saat
2026-07-17T23:51:31.240876+00:00,2026-07-18T02:51:31.240876+03:00,595,Dostluk Yurdu 1,FATİH,41.0071,28.973,33,1,32,YOL ÜSTÜ,0,15,07:00-17:00
2026-07-17T23:51:31.240876+00:00,2026-07-18T02:51:31.240876+03:00,2237,Dragos Sosyal Tesisleri,KARTAL,40.9017,29.1458,100,62,38,AÇIK OTOPARK,1,15,24 Saat
2026-07-17T23:51:31.240876+00:00,2026-07-18T02:51:31.240876+03:00,3063,Dudullu Metro PD Zemin Altı Otoparkı,ÜMRANİYE,41.0156,29.1633,81,64,17,KAPALI OTOPARK,0,15,07:00-23:30
2026-07-17T23:51:31.240876+00:00,2026-07-18T02:51:31.240876+03:00,1522,Ebu Suut Caddesi 1,FATİH,41.0128,28.9766,35,1,34,YOL ÜSTÜ,0,0,08:00-18:00
2026-07-17T23:51:31.240876+00:00,2026-07-18T02:51:31.240876+03:00,2147,EGS Blokları Açık Otoparkı,BAKIRKÖY,40.9863,28.8354,350,117,233,AÇIK OTOPARK,0,60,09:00-19:30
2026-07-17T23:51:31.240876+00:00,2026-07-18T02:51:31.240876+03:00,2366,Esenler Adem Baştürk Kültür Merkezi Katlı,ESENLER,41.039,28.8846,460,0,460,KAPALI OTOPARK,1,15,24 Saat
2026-07-17T23:51:31.240876+00:00,2026-07-18T02:51:31.240876+03:00,3190,Esenler Havaalanı Mahallesi Zemin Altı Otoparkı,ESENLER,41.0562,28.8674,610,328,282,KAPALI OTOPARK,1,10,24 Saat
2026-07-17T23:51:31.240876+00:00,2026-07-18T02:51:31.240876+03:00,3011,Esenler Menderes Metro İstasyonu Yanı,ESENLER,41.0427,28.8783,68,0,68,AÇIK OTOPARK,1,5,24 Saat
2026-07-17T23:51:31.240876+00:00,2026-07-18T02:51:31.240876+03:00,2822,Esenler Menderes Parkı Zemin Altı Otoparkı,ESENLER,41.0412,28.8729,325,19,306,KAPALI OTOPARK,1,10,24 Saat
2026-07-17T23:51:31.240876+00:00,2026-07-18T02:51:31.240876+03:00,3303,Esenyurt Adile Naşit Bulvarı Zeminaltı Otoparkı,ESENYURT,41.0205,28.6859,367,301,66,KAPALI OTOPARK,1,15,24 Saat
2026-07-17T23:51:31.240876+00:00,2026-07-18T02:51:31.240876+03:00,1328,Eski Salı Pazarı,KADIKÖY,40.9904,29.0338,760,16,744,AÇIK OTOPARK,0,15,24 Saat
2026-07-17T23:51:31.240876+00:00,2026-07-18T02:51:31.240876+03:00,904,Eyüp Pierloti Caddesi 1,EYÜP,41.0539,28.9329,40,1,39,YOL ÜSTÜ,0,0,09:00-22:00
2026-07-17T23:51:31.240876+00:00,2026-07-18T02:51:31.240876+03:00,2850,Eyüpsultan Akşemsettin Mahallesi Zemin Altı Otoparkı,EYÜP,41.085,28.9258,110,0,110,KAPALI OTOPARK,0,15,24 Saat
2026-07-17T23:51:31.240876+00:00,2026-07-18T02:51:31.240876+03:00,2215,Fatih Çeşmesi Tabiat Parkı Otoparkı,SARIYER,41.1686,28.9448,250,1,249,AÇIK OTOPARK,0,0,06:00-20:00
2026-07-17T23:51:31.240876+00:00,2026-07-18T02:51:31.240876+03:00,1475,Fatih Katlı Otoparkı,FATİH,41.0198,28.9396,118,41,77,KAPALI OTOPARK,0,10,24 Saat
2026-07-17T23:51:31.240876+00:00,2026-07-18T02:51:31.240876+03:00,1591,Feshane PD Açık Otoparkı,EYÜP,41.0463,28.9378,200,175,25,AÇIK OTOPARK,1,15,24 Saat
2026-07-17T23:51:31.240876+00:00,2026-07-18T02:51:31.240876+03:00,1005,Florya Havuzlu Bahçe,BAKIRKÖY,40.9764,28.7908,135,1,134,AÇIK OTOPARK,0,0,09:00-23:00
2026-07-17T23:51:31.240876+00:00,2026-07-18T02:51:31.240876+03:00,2238,Florya Sosyal Tesisleri,BAKIRKÖY,40.9614,28.8091,1074,1055,19,AÇIK OTOPARK,0,15,24 Saat
2026-07-17T23:51:31.240876+00:00,2026-07-18T02:51:31.240876+03:00,3296,Gaziosmanpaşa Meydanı ve Yaşam Merkezi Zemin Altı Otoparkı,GAZİOSMANPAŞA,41.0606,28.9093,202,0,202,KAPALI OTOPARK,1,15,24 Saat
2026-07-17T23:51:31.240876+00:00,2026-07-18T02:51:31.240876+03:00,2971,Gaziosmanpaşa Zemin Altı Otoparkı,GAZİOSMANPAŞA,41.0796,28.8858,285,0,285,KAPALI OTOPARK,1,0,24 Saat
2026-07-17T23:51:31.240876+00:00,2026-07-18T02:51:31.240876+03:00,3401,Giyimkent Tekstilkent Metro Zemin Altı PD Otoparkı,ESENLER,41.0711,28.8666,203,187,16,KAPALI OTOPARK,0,10,24 Saat
2026-07-17T23:51:31.240876+00:00,2026-07-18T02:51:31.240876+03:00,2242,Gözdağı Sosyal Tesisler  Açık Otoparkı,PENDİK,40.893,29.2538,300,218,82,AÇIK OTOPARK,0,0,07:00-23:00
2026-07-17T23:51:31.240876+00:00,2026-07-18T02:51:31.240876+03:00,1879,Gülsuyu Metro PD Yer Altı Otoparkı,MALTEPE,40.9237,29.1548,76,0,76,KAPALI OTOPARK,0,15,08:00-00:00
2026-07-17T23:51:31.240876+00:00,2026-07-18T02:51:31.240876+03:00,1423,Güneş Plajı 1,BAKIRKÖY,40.9712,28.79,250,242,8,AÇIK OTOPARK,0,10,24 Saat
2026-07-17T23:51:31.240876+00:00,2026-07-18T02:51:31.240876+03:00,1461,Güneş Plajı 2,BAKIRKÖY,40.9692,28.7951,135,127,8,AÇIK OTOPARK,0,10,08:00-20:00
2026-07-17T23:51:31.240876+00:00,2026-07-18T02:51:31.240876+03:00,3053,Güngören Nikah Dairesi Zemin Altı otoparkı,GÜNGÖREN,41.0363,28.8718,147,0,147,KAPALI OTOPARK,1,10,24 Saat
2026-07-17T23:51:31.240876+00:00,2026-07-18T02:51:31.240876+03:00,2216,Gürpınar Balık Hali Otoparkı,BEYLİKDÜZÜ,40.9663,28.6019,1000,726,274,AÇIK OTOPARK,0,15,24 Saat
2026-07-17T23:51:31.240876+00:00,2026-07-18T02:51:31.240876+03:00,1525,Hacıosman Metro Yer Altı Otoparkı,SARIYER,41.14,29.0306,422,0,422,KAPALI OTOPARK,0,15,24 Saat
2026-07-17T23:51:31.240876+00:00,2026-07-18T02:51:31.240876+03:00,1470,Haldun Alagaş Katlı Otoparkı,ÜMRANİYE,41.0262,29.1052,197,160,37,KAPALI OTOPARK,1,15,24 Saat
2026-07-17T23:51:31.240876+00:00,2026-07-18T02:51:31.240876+03:00,3235,Haliç Sosyal Tesisleri Otoparkı,FATİH,41.0277,28.9572,60,41,19,AÇIK OTOPARK,0,15,07:00-00:00
2026-07-17T23:51:31.240876+00:00,2026-07-18T02:51:31.240876+03:00,2848,Halkalı Mahallesi Zemin Altı Otoparkı,KÜÇÜKÇEKMECE,41.0359,28.7848,347,292,55,KAPALI OTOPARK,0,15,24 Saat
2026-07-17T23:51:31.240876+00:00,2026-07-18T02:51:31.240876+03:00,2838,Hamidiye Mahallesi Katlı Otoparkı,KAĞITHANE,41.0949,28.971,450,203,247,KAPALI OTOPARK,1,15,24 Saat
2026-07-17T23:51:31.240876+00:00,2026-07-18T02:51:31.240876+03:00,1446,Harbiye Zemin Altı Otoparkı,BEYOĞLU,41.0408,28.9869,142,65,77,KAPALI OTOPARK,0,0,24 Saat
2026-07-17T23:51:31.240876+00:00,2026-07-18T02:51:31.240876+03:00,2332,Haydarpaşa Katlı Otoparkı,ÜSKÜDAR,41.0048,29.0251,840,749,91,KAPALI OTOPARK,1,15,24 Saat
2026-07-17T23:51:31.240876+00:00,2026-07-18T02:51:31.240876+03:00,1987,Haznedar Yer Altı Otoparkı,GÜNGÖREN,41.0083,28.8729,540,0,540,KAPALI OTOPARK,0,0,24 Saat
2026-07-17T23:51:31.240876+00:00,2026-07-18T02:51:31.240876+03:00,377,Hızır Külhani Sokak,FATİH,41.0202,28.9605,32,1,31,YOL ÜSTÜ,0,15,09:00-17:00
2026-07-17T23:51:31.240876+00:00,2026-07-18T02:51:31.240876+03:00,3173,Hürriyet Mahallesi Zeminaltı Otoparkı,GAZİOSMANPAŞA,41.0708,28.8951,190,0,190,KAPALI OTOPARK,1,15,24 Saat
2026-07-17T23:51:31.240876+00:00,2026-07-18T02:51:31.240876+03:00,157,Ihlamur Dere Caddesi 4,BEŞİKTAŞ,41.047,29.0023,27,1,26,YOL ÜSTÜ,0,15,09:00-17:00
2026-07-17T23:51:31.240876+00:00,2026-07-18T02:51:31.240876+03:00,1189,İçerenköy Sebze Meyve Hali Otoparkı,ATAŞEHİR,40.9766,29.1044,600,599,1,AÇIK OTOPARK,0,15,24 Saat
2026-07-17T23:51:31.240876+00:00,2026-07-18T02:51:31.240876+03:00,1127,İshakpaşa Caddesi,FATİH,41.0079,28.9814,200,1,199,YOL ÜSTÜ,0,0,08:00-18:00
2026-07-17T23:51:31.240876+00:00,2026-07-18T02:51:31.240876+03:00,3265,İspark İstanbul West Marina Açık Otoparkı 1,BEYLİKDÜZÜ,40.9636,28.6564,250,1,249,AÇIK OTOPARK,0,15,24 Saat
2026-07-17T23:51:31.240876+00:00,2026-07-18T02:51:31.240876+03:00,2793,İspark Merter Katlı Otoparkı,GÜNGÖREN,41.0097,28.89,900,470,430,KAPALI OTOPARK,1,10,24 Saat
2026-07-17T23:51:31.240876+00:00,2026-07-18T02:51:31.240876+03:00,2430,İspark West İstanbul Marina Açık Otoparkı,BEYLİKDÜZÜ,40.9639,28.6591,1600,1325,275,AÇIK OTOPARK,0,15,24 Saat
2026-07-17T23:51:31.240876+00:00,2026-07-18T02:51:31.240876+03:00,381,İstinye 4 ( Cami Önü ),SARIYER,41.1149,29.0571,25,1,24,YOL ÜSTÜ,0,15,08:30-17:30
2026-07-17T23:51:31.240876+00:00,2026-07-18T02:51:31.240876+03:00,1804,İtalyan Hastanesi Karşısı Açık Otoparkı 1,BEYOĞLU,41.028,28.9815,30,1,29,AÇIK OTOPARK,0,0,08:00-19:00
2026-07-17T23:51:31.240876+00:00,2026-07-18T02:51:31.240876+03:00,507,Kabasakal Medrese Önü,FATİH,41.0062,28.9789,65,1,64,AÇIK OTOPARK,0,0,08:00-18:30
2026-07-17T23:51:31.240876+00:00,2026-07-18T02:51:31.240876+03:00,3306,Kabataş Transfer Merkezi Turizm Otobüs Otoparkı,BEYOĞLU,41.0336,28.9923,160,100,60,KAPALI OTOPARK,1,20,24 Saat
2026-07-17T23:51:31.240876+00:00,2026-07-18T02:51:31.240876+03:00,2918,Kadıköy Hasanpaşa Gazhane Katlı Otoparkı,KADIKÖY,40.9972,29.0428,310,187,123,KAPALI OTOPARK,1,15,24 Saat
2026-07-17T23:51:31.240876+00:00,2026-07-18T02:51:31.240876+03:00,1447,Kadıköy İski Açık Otoparkı,KADIKÖY,40.9874,29.0207,124,86,38,AÇIK OTOPARK,0,15,24 Saat
2026-07-17T23:51:31.240876+00:00,2026-07-18T02:51:31.240876+03:00,1655,Kadıköy Metro Açık Otoparkı,KADIKÖY,40.9899,29.0217,74,46,28,AÇIK OTOPARK,0,15,24 Saat
2026-07-17T23:51:31.240876+00:00,2026-07-18T02:51:31.240876+03:00,3445,Kadıköy Uzunçayır PD Açık Otoparkı,KADIKÖY,40.9982,29.0569,70,49,21,AÇIK OTOPARK,0,15,06:30-16:30
2026-07-17T23:51:31.240876+00:00,2026-07-18T02:51:31.240876+03:00,2808,Kadıköy Yeni Salı Pazarı PD Katlı Otoparkı,KADIKÖY,40.9969,29.0486,1350,500,850,KAPALI OTOPARK,1,15,24 Saat
2026-07-17T23:51:31.240876+00:00,2026-07-18T02:51:31.240876+03:00,2811,Kağıthane Harmantepe Zemin Altı Otoparkı,KAĞITHANE,41.0816,28.9907,200,0,200,KAPALI OTOPARK,1,0,24 Saat
2026-07-17T23:51:31.240876+00:00,2026-07-18T02:51:31.240876+03:00,1452,Kalamış Açık Otoparkı,KADIKÖY,40.9687,29.0363,173,163,10,AÇIK OTOPARK,0,15,24 Saat
2026-07-17T23:51:31.240876+00:00,2026-07-18T02:51:31.240876+03:00,1474,Kartal Hasan Doğan Spor Kompleksi,KARTAL,40.8918,29.1897,773,0,773,KAPALI OTOPARK,0,15,24 Saat
2026-07-17T23:51:31.240876+00:00,2026-07-18T02:51:31.240876+03:00,1105,Kartal İdo Açık Otoparkı,KARTAL,40.8874,29.1881,90,0,90,AÇIK OTOPARK,0,15,24 Saat
2026-07-17T23:51:31.240876+00:00,2026-07-18T02:51:31.240876+03:00,1550,Kartal Sahil Açık Otoparkı,KARTAL,40.8875,29.1901,75,56,19,AÇIK OTOPARK,0,5,24 Saat
2026-07-17T23:51:31.240876+00:00,2026-07-18T02:51:31.240876+03:00,3434,Kasımpaşa Sosyal Tesisler Otoparkı,BEYOĞLU,41.0296,28.9673,60,36,24,AÇIK OTOPARK,0,0,07:30-23:00
2026-07-17T23:51:31.240876+00:00,2026-07-18T02:51:31.240876+03:00,2827,Kayaşehir Meydan Zemin Altı Otoparkı,BAŞAKŞEHİR,41.1196,28.7718,1054,1,1053,KAPALI OTOPARK,0,0,10:00-17:00
2026-07-17T23:51:31.240876+00:00,2026-07-18T02:51:31.240876+03:00,1960,Kazlıçeşme Marmaray Açık Otoparkı,ZEYTİNBURNU,40.9922,28.917,700,656,44,AÇIK OTOPARK,0,15,24 Saat
2026-07-17T23:51:31.240876+00:00,2026-07-18T02:51:31.240876+03:00,2994,Kirazlı Metro Durağı PD Açık Otoparkı,BAĞCILAR,41.033,28.8429,112,0,112,AÇIK OTOPARK,0,5,24 Saat
2026-07-17T23:51:31.240876+00:00,2026-07-18T02:51:31.240876+03:00,1528,Kore Şehitleri Caddesi - Yüzbaşı Kaya Aldağon Sokak 1,ŞİŞLİ,41.0719,29.0139,40,1,39,YOL ÜSTÜ,0,15,07:00-16:00
2026-07-17T23:51:31.240876+00:00,2026-07-18T02:51:31.240876+03:00,2449,Kozyatağı Sebze-Meyve Hali,ATAŞEHİR,40.9787,29.1029,1500,1,1499,AÇIK OTOPARK,1,0,24 Saat
2026-07-17T23:51:31.240876+00:00,2026-07-18T02:51:31.240876+03:00,1206,Kutlugün Sokak 2,FATİH,41.0061,28.9801,200,1,199,YOL ÜSTÜ,0,0,08:00-18:00
2026-07-17T23:51:31.240876+00:00,2026-07-18T02:51:31.240876+03:00,3074,Küçük Çamlıca,ÜSKÜDAR,41.0204,29.0653,129,106,23,AÇIK OTOPARK,0,0,08:00-22:00
2026-07-17T23:51:31.240876+00:00,2026-07-18T02:51:31.240876+03:00,3127,Küçükçekmece Cennet Mahallesi Meydan Zemin Altı Otoparkı,KÜÇÜKÇEKMECE,40.9907,28.783,456,0,456,KAPALI OTOPARK,0,10,24 Saat
2026-07-17T23:51:31.240876+00:00,2026-07-18T02:51:31.240876+03:00,2554,Küçükçekmece Fevzi Çakmak Meydanı Zemin Altı Otoparkı,KÜÇÜKÇEKMECE,41.0076,28.7927,1000,479,521,KAPALI OTOPARK,0,10,24 Saat
2026-07-17T23:51:31.240876+00:00,2026-07-18T02:51:31.240876+03:00,2882,Küçüksu Kasrı Açık Otoparkı,BEYKOZ,41.0789,29.0657,98,91,7,AÇIK OTOPARK,0,0,07:00-23:00
2026-07-17T23:51:31.240876+00:00,2026-07-18T02:51:31.240876+03:00,220,Levent Hamidiye,BEŞİKTAŞ,41.0861,29.0076,100,1,99,AÇIK OTOPARK,0,0,08:00-19:00
2026-07-17T23:51:31.240876+00:00,2026-07-18T02:51:31.240876+03:00,2335,Maçka Açık Otoparkı,ŞİŞLİ,41.046,28.9908,75,75,0,AÇIK OTOPARK,1,0,24 Saat
2026-07-17T23:51:31.240876+00:00,2026-07-18T02:51:31.240876+03:00,1859,Maçka Katlı Otoparkı,ŞİŞLİ,41.0484,28.9903,508,0,508,KAPALI OTOPARK,0,0,24 Saat
2026-07-17T23:51:31.240876+00:00,2026-07-18T02:51:31.240876+03:00,3193,Maltepe Rıhtım Caddesi Açık Otoparkı,MALTEPE,40.9258,29.1241,76,73,3,AÇIK OTOPARK,1,0,24 Saat
2026-07-17T23:51:31.240876+00:00,2026-07-18T02:51:31.240876+03:00,2146,Maltepe Süreyyapaşa Çarşısı Açık Otoparkı,MALTEPE,40.9274,29.1225,156,134,22,AÇIK OTOPARK,1,0,24 Saat
2026-07-17T23:51:31.240876+00:00,2026-07-18T02:51:31.240876+03:00,1599,Maslak Açık Otoparkı,SARIYER,41.1166,29.024,150,127,23,AÇIK OTOPARK,0,10,24 Saat
2026-07-17T23:51:31.240876+00:00,2026-07-18T02:51:31.240876+03:00,2100,Matbaacılar Sitesi Yanı,ZEYTİNBURNU,41.0234,28.9187,250,230,20,AÇIK OTOPARK,1,5,24 Saat
2026-07-17T23:51:31.240876+00:00,2026-07-18T02:51:31.240876+03:00,920,Meclis-i Mebusan Yokuşu 2,BEYOĞLU,41.0326,28.9882,34,1,33,YOL ÜSTÜ,0,15,09:00-17:00
2026-07-17T23:51:31.240876+00:00,2026-07-18T02:51:31.240876+03:00,1546,Menekşe Plajı Açık Otoparkı,BAKIRKÖY,40.9761,28.7766,200,200,0,AÇIK OTOPARK,0,0,24 Saat
2026-07-17T23:51:31.240876+00:00,2026-07-18T02:51:31.240876+03:00,1376,Mercan Açık,FATİH,41.0136,28.9669,130,128,2,AÇIK OTOPARK,0,0,08:00-23:00
2026-07-17T23:51:31.240876+00:00,2026-07-18T02:51:31.240876+03:00,3309,Mercan Ali Paşa Sarayı Zemin Altı Otoparkı,FATİH,41.0136,28.967,196,1,195,KAPALI OTOPARK,0,0,07:00-21:00
2026-07-17T23:51:31.240876+00:00,2026-07-18T02:51:31.240876+03:00,1472,Merter Katlı Otoparkı,GÜNGÖREN,41.0092,28.8874,1000,915,85,KAPALI OTOPARK,0,10,24 Saat
2026-07-17T23:51:31.240876+00:00,2026-07-18T02:51:31.240876+03:00,2375,Merter Metro PD Zeminaltı Otoparkı,GÜNGÖREN,41.0037,28.8897,242,101,141,KAPALI OTOPARK,1,10,24 Saat
2026-07-17T23:51:31.240876+00:00,2026-07-18T02:51:31.240876+03:00,1568,Mete Caddesi 1,BEYOĞLU,41.0382,28.9879,31,1,30,YOL ÜSTÜ,0,15,08:00-23:00
2026-07-17T23:51:31.240876+00:00,2026-07-18T02:51:31.240876+03:00,1471,Mevlana Yeraltı Katlı Otoparkı,ZEYTİNBURNU,41.0072,28.9049,1000,846,154,KAPALI OTOPARK,0,5,24 Saat
2026-07-17T23:51:31.240876+00:00,2026-07-18T02:51:31.240876+03:00,2709,Millet Caddesi Açık Otoparkı,FATİH,41.01,28.9461,60,53,7,AÇIK OTOPARK,0,15,24 Saat
2026-07-17T23:51:31.240876+00:00,2026-07-18T02:51:31.240876+03:00,3152,Mimar Sinan Zemin Altı Otoparkı,ÜSKÜDAR,41.0222,29.0169,956,599,357,KAPALI OTOPARK,0,15,24 Saat
2026-07-17T23:51:31.240876+00:00,2026-07-18T02:51:31.240876+03:00,2870,Miniatürk Çadır Açık Otoparkı,BEYOĞLU,41.0594,28.9501,250,209,41,AÇIK OTOPARK,0,15,07:00-20:00
2026-07-17T23:51:31.240876+00:00,2026-07-18T02:51:31.240876+03:00,2556,Muallim Naci Açık Otoparkı,BEŞİKTAŞ,41.0561,29.0342,35,8,27,AÇIK OTOPARK,1,15,24 Saat
2026-07-17T23:51:31.240876+00:00,2026-07-18T02:51:31.240876+03:00,569,Oda Kule Önü 1,BEYOĞLU,41.0322,28.9751,24,1,23,YOL ÜSTÜ,0,0,07:00-01:00
2026-07-17T23:51:31.240876+00:00,2026-07-18T02:51:31.240876+03:00,1988,Orhangazi Şehir Parkı PD Açık Otoparkı,MALTEPE,40.9313,29.1161,5022,4743,279,AÇIK OTOPARK,1,15,24 Saat
2026-07-17T23:51:31.240876+00:00,2026-07-18T02:51:31.240876+03:00,152,Ortabahçe Caddesi 2,BEŞİKTAŞ,41.0428,29.0043,35,1,34,YOL ÜSTÜ,0,15,08:00-23:00
2026-07-17T23:51:31.240876+00:00,2026-07-18T02:51:31.240876+03:00,153,Ortabahçe Caddesi 3,BEŞİKTAŞ,41.043,29.0042,26,1,25,YOL ÜSTÜ,0,15,08:00-23:00
2026-07-17T23:51:31.240876+00:00,2026-07-18T02:51:31.240876+03:00,119,Ortaklar Caddesi 1,ŞİŞLİ,41.0638,28.9971,25,1,24,YOL ÜSTÜ,0,15,08:30-17:00
2026-07-17T23:51:31.240876+00:00,2026-07-18T02:51:31.240876+03:00,1343,Ortaköy Açık Otoparkı,BEŞİKTAŞ,41.0504,29.0326,170,160,10,AÇIK OTOPARK,1,0,24 Saat
2026-07-17T23:51:31.240876+00:00,2026-07-18T02:51:31.240876+03:00,572,Ortaköy Portakal Yokuşu 1,BEŞİKTAŞ,41.0503,29.0261,15,1,14,YOL ÜSTÜ,0,15,09:00-19:00
2026-07-17T23:51:31.240876+00:00,2026-07-18T02:51:31.240876+03:00,1039,Öğretmen Evi,AVCILAR,40.9723,28.714,80,42,38,AÇIK OTOPARK,0,0,11:00-23:00
2026-07-17T23:51:31.240876+00:00,2026-07-18T02:51:31.240876+03:00,1466,Pendik Katlı Otoparkı,PENDİK,40.8789,29.2342,120,81,39,KAPALI OTOPARK,0,15,24 Saat
2026-07-17T23:51:31.240876+00:00,2026-07-18T02:51:31.240876+03:00,3073,Pendik Kemal Kalkuz Parkı Zemin Altı Otoparkı,PENDİK,40.8885,29.2427,224,1,223,KAPALI OTOPARK,0,0,09:00-18:00
2026-07-17T23:51:31.240876+00:00,2026-07-18T02:51:31.240876+03:00,3019,Pendik Meydan Zemin Altı Otoparkı,PENDİK,40.8752,29.2324,937,0,937,KAPALI OTOPARK,1,0,24 Saat
2026-07-17T23:51:31.240876+00:00,2026-07-18T02:51:31.240876+03:00,2865,Pendik Sahil Engelliler Merkez Önü,PENDİK,40.8735,29.233,100,66,34,AÇIK OTOPARK,0,0,11:00-20:00
2026-07-17T23:51:31.240876+00:00,2026-07-18T02:51:31.240876+03:00,2434,Pendik Sahil İdo,PENDİK,40.8755,29.2369,100,0,100,AÇIK OTOPARK,0,0,07:00-23:00
2026-07-17T23:51:31.240876+00:00,2026-07-18T02:51:31.240876+03:00,248,Pendik Yenimahalle Açık 2 Otoparkı,PENDİK,40.864,29.2723,124,111,13,AÇIK OTOPARK,0,15,10:00-22:00
2026-07-17T23:51:31.240876+00:00,2026-07-18T02:51:31.240876+03:00,297,Perşembe Pazarı 1,BEYOĞLU,41.0252,28.9693,32,1,31,YOL ÜSTÜ,0,15,08:00-17:00
2026-07-17T23:51:31.240876+00:00,2026-07-18T02:51:31.240876+03:00,597,Pierre Loti Caddesi 3,FATİH,41.0069,28.9711,36,1,35,YOL ÜSTÜ,0,0,07:00-17:00
2026-07-17T23:51:31.240876+00:00,2026-07-18T02:51:31.240876+03:00,3263,Piyalepaşa Meydanı Zemin Altı Otoparkı,BEYOĞLU,41.0445,28.9674,560,211,349,KAPALI OTOPARK,0,0,24 Saat
2026-07-17T23:51:31.240876+00:00,2026-07-18T02:51:31.240876+03:00,423,Prof.Cemil Birsel Yokuşu 3,FATİH,41.0178,28.967,40,1,39,YOL ÜSTÜ,0,0,07:00-18:00
2026-07-17T23:51:31.240876+00:00,2026-07-18T02:51:31.240876+03:00,1900,Ragıp Gümüşpala Cad.(Sobacılar Önü),FATİH,41.0181,28.969,40,1,39,YOL ÜSTÜ,0,15,07:00-18:00
2026-07-17T23:51:31.240876+00:00,2026-07-18T02:51:31.240876+03:00,415,Ragıp Gümüşpala Camii Önü 1,FATİH,41.0211,28.9627,35,1,34,YOL ÜSTÜ,0,0,07:00-17:30
2026-07-17T23:51:31.240876+00:00,2026-07-18T02:51:31.240876+03:00,3268,Refik Saydam Caddesi 3,BEYOĞLU,41.032,28.9736,55,1,54,YOL ÜSTÜ,0,0,06:00-23:00
2026-07-17T23:51:31.240876+00:00,2026-07-18T02:51:31.240876+03:00,2307,Ressam Halim Sokak PD Açık Otoparkı,BAHÇELİEVLER,40.9967,28.8641,120,111,9,AÇIK OTOPARK,0,15,08:00-00:00
2026-07-17T23:51:31.240876+00:00,2026-07-18T02:51:31.240876+03:00,3082,Rumeli Hisarı Sahil Yolu Otoparkı,SARIYER,41.0854,29.0568,20,15,5,AÇIK OTOPARK,1,0,24 Saat
2026-07-17T23:51:31.240876+00:00,2026-07-18T02:51:31.240876+03:00,1595,Sabiha Gökçen Açık Otoparkı,PENDİK,40.925,29.308,1056,48,1008,AÇIK OTOPARK,0,15,24 Saat
2026-07-17T23:51:31.240876+00:00,2026-07-18T02:51:31.240876+03:00,3239,Samatya Sahil Cep Otoparkı,FATİH,40.9954,28.932,113,87,26,AÇIK OTOPARK,1,15,24 Saat
2026-07-17T23:51:31.240876+00:00,2026-07-18T02:51:31.240876+03:00,3273,Sarıyer Büyükdere Fidanlığı,SARIYER,41.1548,29.0268,160,156,4,AÇIK OTOPARK,0,0,08:00-18:00
2026-07-17T23:51:31.240876+00:00,2026-07-18T02:51:31.240876+03:00,3299,Sariyer Ayazağa Mah Vadi İstanbul Önü Açık Otoparkı,SARIYER,41.1106,28.9881,100,97,3,AÇIK OTOPARK,0,0,08:00-20:00
2026-07-17T23:51:31.240876+00:00,2026-07-18T02:51:31.240876+03:00,1303,Seyrantepe Katlı (Arena Karşısı) 1,KAĞITHANE,41.101,28.9961,1897,1,1896,KAPALI OTOPARK,1,0,24 Saat
2026-07-17T23:51:31.240876+00:00,2026-07-18T02:51:31.240876+03:00,1628,Sıracevizler Caddesi Yol Üstü 5,ŞİŞLİ,41.0607,28.9841,45,1,44,YOL ÜSTÜ,0,15,09:00-17:00
2026-07-17T23:51:31.240876+00:00,2026-07-18T02:51:31.240876+03:00,464,Sirkeci Gar Önü,FATİH,41.015,28.9761,60,1,59,AÇIK OTOPARK,0,5,07:00-20:00
2026-07-17T23:51:31.240876+00:00,2026-07-18T02:51:31.240876+03:00,1486,Siyavuşpaşa Yer Altı Otoparkı,BAHÇELİEVLER,40.9965,28.8532,155,0,155,KAPALI OTOPARK,1,0,24 Saat
2026-07-17T23:51:31.240876+00:00,2026-07-18T02:51:31.240876+03:00,1958,Soğanlık Metro PD Açık Otoparkı,KARTAL,40.9131,29.1925,898,862,36,AÇIK OTOPARK,0,15,24 Saat
2026-07-17T23:51:31.240876+00:00,2026-07-18T02:51:31.240876+03:00,589,Su Terazisi Sokak,FATİH,41.0046,28.9727,22,1,21,YOL ÜSTÜ,0,0,07:30-17:00
2026-07-17T23:51:31.240876+00:00,2026-07-18T02:51:31.240876+03:00,1478,Suadiye Cep Açık Otoparkı,KADIKÖY,40.9586,29.0732,130,123,7,AÇIK OTOPARK,0,15,24 Saat
2026-07-17T23:51:31.240876+00:00,2026-07-18T02:51:31.240876+03:00,2948,Suadiye Sahil Açık Otoparkı,KADIKÖY,40.9562,29.0797,70,62,8,AÇIK OTOPARK,1,5,24 Saat
2026-07-17T23:51:31.240876+00:00,2026-07-18T02:51:31.240876+03:00,2799,Sultanbeyli Emir Caddesi Zemin Altı Otoparkı,SULTANBEYLİ,40.9707,29.2606,130,115,15,KAPALI OTOPARK,0,15,08:00-22:00
2026-07-17T23:51:31.240876+00:00,2026-07-18T02:51:31.240876+03:00,2372,Sultanbeyli Kent Meydanı Zemin Altı Otoparkı,SULTANBEYLİ,40.9667,29.2667,300,211,89,KAPALI OTOPARK,1,15,24 Saat
2026-07-17T23:51:31.240876+00:00,2026-07-18T02:51:31.240876+03:00,2410,Sultangazi Zemin Altı Otoparkı,SULTANGAZİ,41.0944,28.8649,104,0,104,KAPALI OTOPARK,1,10,24 Saat
2026-07-17T23:51:31.240876+00:00,2026-07-18T02:51:31.240876+03:00,2085,Süleyman Seba Caddesi 2,BEŞİKTAŞ,41.0426,28.9998,40,1,39,YOL ÜSTÜ,0,15,08:00-18:00
2026-07-17T23:51:31.240876+00:00,2026-07-18T02:51:31.240876+03:00,2088,Süleyman Seba Caddesi 5,BEŞİKTAŞ,41.0432,28.9978,40,1,39,YOL ÜSTÜ,0,15,08:00-18:00
2026-07-17T23:51:31.240876+00:00,2026-07-18T02:51:31.240876+03:00,2089,Süleyman Seba Caddesi 6,BEŞİKTAŞ,41.0435,28.9967,11,1,10,YOL ÜSTÜ,0,15,08:00-18:00
2026-07-17T23:51:31.240876+00:00,2026-07-18T02:51:31.240876+03:00,2391,Süleymaniye Cami Altı Açık Otoparkı,FATİH,41.0158,28.961,250,235,15,AÇIK OTOPARK,0,0,06:30-18:30
2026-07-17T23:51:31.240876+00:00,2026-07-18T02:51:31.240876+03:00,1730,Sütlüce Miniatürk Yanı,BEYOĞLU,41.057,28.95,320,225,95,AÇIK OTOPARK,1,15,24 Saat
2026-07-17T23:51:31.240876+00:00,2026-07-18T02:51:31.240876+03:00,36,Şakayık Sokak 4,ŞİŞLİ,41.0518,28.9936,50,1,49,YOL ÜSTÜ,0,15,08:00-16:00
2026-07-17T23:51:31.240876+00:00,2026-07-18T02:51:31.240876+03:00,1469,Şehit Volkan Duysak Katlı Otoparkı,ZEYTİNBURNU,40.9968,28.9039,1000,658,342,KAPALI OTOPARK,0,5,24 Saat
2026-07-17T23:51:31.240876+00:00,2026-07-18T02:51:31.240876+03:00,2385,Şehremini Açık Otoparkı 1,FATİH,41.0135,28.9333,60,1,59,AÇIK OTOPARK,0,0,08:30-20:30
2026-07-17T23:51:31.240876+00:00,2026-07-18T02:51:31.240876+03:00,2855,Şemsipaşa Açık Otoparkı,ÜSKÜDAR,41.0255,29.0097,80,77,3,AÇIK OTOPARK,1,0,24 Saat
2026-07-17T23:51:31.240876+00:00,2026-07-18T02:51:31.240876+03:00,2439,Şirinevler Meydan Zeminaltı Otoparkı,BAHÇELİEVLER,40.9925,28.8496,367,120,247,KAPALI OTOPARK,1,0,24 Saat
2026-07-17T23:51:31.240876+00:00,2026-07-18T02:51:31.240876+03:00,3400,Şişhane Refik Saydam Caddesi 2 Yol Üstü Otoparkı 1,BEYOĞLU,41.0326,28.9743,70,1,69,YOL ÜSTÜ,0,15,06:00-23:00
2026-07-17T23:51:31.240876+00:00,2026-07-18T02:51:31.240876+03:00,1017,Şişli Kadırgalar Caddesi 1,ŞİŞLİ,41.0429,28.9927,100,1,99,AÇIK OTOPARK,0,0,07:00-23:00
2026-07-17T23:51:31.240876+00:00,2026-07-18T02:51:31.240876+03:00,3441,Şişli Kuştepe Zemin Altı Otoparkı,ŞİŞLİ,41.072,28.9919,430,320,110,KAPALI OTOPARK,0,15,24 Saat
2026-07-17T23:51:31.240876+00:00,2026-07-18T02:51:31.240876+03:00,2816,Şişli Rumeli Caddesi Metro Yanı 1,ŞİŞLİ,41.0538,28.9868,45,1,44,YOL ÜSTÜ,0,15,08:00-20:00
2026-07-17T23:51:31.240876+00:00,2026-07-18T02:51:31.240876+03:00,2406,Şişli Zemin Altı Otoparkı,ŞİŞLİ,41.0641,28.9992,581,403,178,KAPALI OTOPARK,1,15,24 Saat
2026-07-17T23:51:31.240876+00:00,2026-07-18T02:51:31.240876+03:00,1993,Tuzla İdo,TUZLA,40.8149,29.3039,300,275,25,AÇIK OTOPARK,0,15,24 Saat
2026-07-17T23:51:31.240876+00:00,2026-07-18T02:51:31.240876+03:00,3332,Tuzla Sahil Cep,TUZLA,40.8168,29.2992,50,41,9,AÇIK OTOPARK,0,0,08:00-00:00
2026-07-17T23:51:31.240876+00:00,2026-07-18T02:51:31.240876+03:00,3057,Tuzla Sahil Zemin Altı Otoparkı,TUZLA,40.8181,29.3004,779,543,236,KAPALI OTOPARK,1,15,24 Saat
2026-07-17T23:51:31.240876+00:00,2026-07-18T02:51:31.240876+03:00,1811,Ulu Camii Açık Otoparkı,BAHÇELİEVLER,40.9982,28.8499,150,114,36,AÇIK OTOPARK,1,10,24 Saat
2026-07-17T23:51:31.240876+00:00,2026-07-18T02:51:31.240876+03:00,2424,Uzunçayır Açık Otoparkı,KADIKÖY,40.9988,29.0556,58,52,6,AÇIK OTOPARK,0,0,06:00-16:00
2026-07-17T23:51:31.240876+00:00,2026-07-18T02:51:31.240876+03:00,1468,Ümraniye Katlı Otoparkı,ÜMRANİYE,41.0261,29.0953,665,528,137,KAPALI OTOPARK,0,15,24 Saat
2026-07-17T23:51:31.240876+00:00,2026-07-18T02:51:31.240876+03:00,2898,Ümraniye Okan Sokak Zeminaltı Otoparkı,ÜMRANİYE,41.0284,29.0907,125,18,107,KAPALI OTOPARK,1,15,24 Saat
2026-07-17T23:51:31.240876+00:00,2026-07-18T02:51:31.240876+03:00,2345,Üsküdar Uzunçayır PD Açık Otoparkı,ÜSKÜDAR,40.9988,29.0577,90,79,11,AÇIK OTOPARK,0,15,06:00-22:00
2026-07-17T23:51:31.240876+00:00,2026-07-18T02:51:31.240876+03:00,1929,Üsküdar Ünalan Açık Otoparkı,ÜSKÜDAR,40.9979,29.0604,180,175,5,AÇIK OTOPARK,0,0,07:00-17:00
2026-07-17T23:51:31.240876+00:00,2026-07-18T02:51:31.240876+03:00,1487,Vatan Caddesi PD Açık Otoparkı,FATİH,41.0157,28.9405,397,363,34,AÇIK OTOPARK,0,5,24 Saat
2026-07-17T23:51:31.240876+00:00,2026-07-18T02:51:31.240876+03:00,1621,Veteriner Hilmi Sokak Yol Üstü 1,ŞİŞLİ,41.0603,28.9892,20,1,19,YOL ÜSTÜ,0,15,08:00-17:00
2026-07-17T23:51:31.240876+00:00,2026-07-18T02:51:31.240876+03:00,2441,Yalı Açık Otoparkı,MALTEPE,40.9095,29.137,85,82,3,AÇIK OTOPARK,0,0,07:30-22:00
2026-07-17T23:51:31.240876+00:00,2026-07-18T02:51:31.240876+03:00,459,Yalı Köşkü Caddesi 1,FATİH,41.0163,28.9759,61,1,60,YOL ÜSTÜ,0,5,07:00-21:00
2026-07-17T23:51:31.240876+00:00,2026-07-18T02:51:31.240876+03:00,2037,Yenikapı Marmaray Büyük Otoparkı,FATİH,41.0057,28.9505,324,256,68,AÇIK OTOPARK,1,15,24 Saat
2026-07-17T23:51:31.240876+00:00,2026-07-18T02:51:31.240876+03:00,2036,Yenikapı Marmaray Küçük Otoparkı,FATİH,41.0064,28.9504,200,200,0,AÇIK OTOPARK,0,15,07:00-22:00
2026-07-17T23:51:31.240876+00:00,2026-07-18T02:51:31.240876+03:00,2175,Yenikapı Spor ve Kültür Merkezi PD Açık Otoparkı,FATİH,41.0006,28.9519,4023,3837,186,AÇIK OTOPARK,0,15,24 Saat
2026-07-17T23:51:31.240876+00:00,2026-07-18T02:51:31.240876+03:00,2805,Yenikapı Tünel Üstü Açık Otoparkı,FATİH,41.0029,28.9534,700,589,111,AÇIK OTOPARK,1,10,24 Saat
2026-07-17T23:51:31.240876+00:00,2026-07-18T02:51:31.240876+03:00,3404,Yenimahalle Metro Zemin Altı PD Otoparkı,GAZİOSMANPAŞA,41.0839,28.8926,114,87,27,KAPALI OTOPARK,1,15,24 Saat
2026-07-17T23:51:31.240876+00:00,2026-07-18T02:51:31.240876+03:00,2920,Yeşilce Zemin Altı Katlı Otoparkı,KAĞITHANE,41.0938,29.0017,676,206,470,KAPALI OTOPARK,1,0,24 Saat
2026-07-17T23:51:31.240876+00:00,2026-07-18T02:51:31.240876+03:00,987,Yeşilköy İstasyon Caddesi 1,BAKIRKÖY,40.962,28.825,40,1,39,YOL ÜSTÜ,0,15,09:00-17:30
2026-07-17T23:51:31.240876+00:00,2026-07-18T02:51:31.240876+03:00,974,Yeşilköy Marina 1,BAKIRKÖY,40.9576,28.8233,145,1,144,YOL ÜSTÜ,0,0,12:00-23:00
2026-07-17T23:51:31.240876+00:00,2026-07-18T02:51:31.240876+03:00,3406,Yeşilpınar Metro Zemin Altı PD Otoparkı,EYÜP,41.081,28.9204,269,178,91,KAPALI OTOPARK,1,15,24 Saat
2026-07-17T23:51:31.240876+00:00,2026-07-18T02:51:31.240876+03:00,315,Yeşilyurt Çarşı 1,BAKIRKÖY,40.9643,28.8379,50,1,49,YOL ÜSTÜ,0,15,09:00-17:30
2026-07-17T23:51:31.240876+00:00,2026-07-18T02:51:31.240876+03:00,1133,Yıldız Korusu,BEŞİKTAŞ,41.0514,29.0165,500,1,499,AÇIK OTOPARK,0,0,08:00-22:00
2026-07-17T23:51:31.240876+00:00,2026-07-18T02:51:31.240876+03:00,882,Zeytinburnu 58. Bulvar 2,ZEYTİNBURNU,40.9932,28.9039,48,1,47,YOL ÜSTÜ,0,15,09:00-18:00
2026-07-17T23:51:31.240876+00:00,2026-07-18T02:51:31.240876+03:00,3185,Zeytinburnu Sahil Cep Otoparkı,ZEYTİNBURNU,40.9798,28.8985,160,1,159,AÇIK OTOPARK,0,0,12:00-22:00
2026-07-18T02:25:13.610461+00:00,2026-07-18T05:25:13.610461+03:00,3068,15 Temmuz Şehitler Meydanı Zeminaltı Otoparkı,ÜMRANİYE,41.0246,29.0915,1029,681,348,KAPALI OTOPARK,0,15,24 Saat
2026-07-18T02:25:13.610461+00:00,2026-07-18T05:25:13.610461+03:00,2338,19 Mayıs Açık,ŞİŞLİ,41.0563,28.9941,65,0,65,AÇIK OTOPARK,1,0,24 Saat
2026-07-18T02:25:13.610461+00:00,2026-07-18T05:25:13.610461+03:00,1751,4.Levent PD Açık Otoparkı,KAĞITHANE,41.0836,29.0081,236,141,95,AÇIK OTOPARK,1,5,24 Saat
2026-07-18T02:25:13.610461+00:00,2026-07-18T05:25:13.610461+03:00,3328,4.Levent Servis ve Turizm Araçları Açık Otoparkı,ŞİŞLİ,41.0841,29.0054,300,150,150,AÇIK OTOPARK,1,15,24 Saat
2026-07-18T02:25:13.610461+00:00,2026-07-18T05:25:13.610461+03:00,3412,5. Levent Gaziosmanpaşa Adliyesi Yanı Açık Otoparkı,EYÜP,41.0927,28.9494,250,235,15,AÇIK OTOPARK,0,15,07:00-23:00
2026-07-18T02:25:13.610461+00:00,2026-07-18T05:25:13.610461+03:00,104,Abide-i Hürriyet Caddesi 5,ŞİŞLİ,41.0619,28.9876,40,1,39,YOL ÜSTÜ,0,15,08:00-17:00
2026-07-18T02:25:13.610461+00:00,2026-07-18T05:25:13.610461+03:00,2452,Acıbadem Açık Otoparkı,ÜSKÜDAR,41.0157,29.0574,100,87,13,AÇIK OTOPARK,0,0,06:30-16:00
2026-07-18T02:25:13.610461+00:00,2026-07-18T05:25:13.610461+03:00,346,Ada Karşısı Cep 2,BEŞİKTAŞ,41.072,29.045,30,1,29,YOL ÜSTÜ,0,15,08:00-23:00
2026-07-18T02:25:13.610461+00:00,2026-07-18T05:25:13.610461+03:00,1663,Akasyalı Sokak Tenis Kulubü Önü 2,BEŞİKTAŞ,41.0867,29.0109,45,1,44,YOL ÜSTÜ,0,15,08:30-17:30
2026-07-18T02:25:13.610461+00:00,2026-07-18T05:25:13.610461+03:00,828,Akdeniz Caddesi 4,FATİH,41.0175,28.9435,27,1,26,YOL ÜSTÜ,0,15,09:00-18:00
2026-07-18T02:25:13.610461+00:00,2026-07-18T05:25:13.610461+03:00,1913,Alibeyköy Cep Otogarı Açık Otoparkı,EYÜP,41.0879,28.9446,116,39,77,AÇIK OTOPARK,1,25,24 Saat
2026-07-18T02:25:13.610461+00:00,2026-07-18T05:25:13.610461+03:00,1912,Alibeyköy Cep Otogarı Otobüs Otoparkı,EYÜP,41.0875,28.9449,5000,4983,17,AÇIK OTOPARK,1,60,24 Saat
2026-07-18T02:25:13.610461+00:00,2026-07-18T05:25:13.610461+03:00,2562,Alibeyköy Yeşiltepe Zemin Altı Otoparkı,EYÜP,41.0797,28.938,159,41,118,KAPALI OTOPARK,0,15,24 Saat
2026-07-18T02:25:13.610461+00:00,2026-07-18T05:25:13.610461+03:00,3201,Altınboynuz Sosyal Tesisleri,EYÜP,41.058,28.9447,70,1,69,AÇIK OTOPARK,0,15,08:00-23:00
2026-07-18T02:25:13.610461+00:00,2026-07-18T05:25:13.610461+03:00,758,Arap Camii Açık Otoparkı,BEYOĞLU,41.0227,28.9723,30,1,29,AÇIK OTOPARK,0,0,09:00-17:00
2026-07-18T02:25:13.610461+00:00,2026-07-18T05:25:13.610461+03:00,2685,Aras Sokak 2,BÜYÜKÇEKMECE,41.023,28.6209,60,1,59,YOL ÜSTÜ,0,0,06:00-14:30
2026-07-18T02:25:13.610461+00:00,2026-07-18T05:25:13.610461+03:00,2802,Arnavutköy Zemin Altı Otoparkı,ARNAVUTKÖY,41.1838,28.7396,700,16,684,KAPALI OTOPARK,1,15,24 Saat
2026-07-18T02:25:13.610461+00:00,2026-07-18T05:25:13.610461+03:00,1797,Ataköy Atrium AVM,BAKIRKÖY,40.9881,28.8459,250,209,41,AÇIK OTOPARK,0,15,08:00-23:00
2026-07-18T02:25:13.610461+00:00,2026-07-18T05:25:13.610461+03:00,2824,Ataköy Metro Durağı Yanı PD Zemin Altı Otoparkı,BAKIRKÖY,40.9904,28.8456,150,89,61,KAPALI OTOPARK,1,0,24 Saat
2026-07-18T02:25:13.610461+00:00,2026-07-18T05:25:13.610461+03:00,3161,Ataşehir Topçu İbrahim Sokak,ATAŞEHİR,40.9736,29.101,42,1,41,YOL ÜSTÜ,0,15,07:00-16:00
2026-07-18T02:25:13.610461+00:00,2026-07-18T05:25:13.610461+03:00,359,Atatürk Bulvarı 1,FATİH,41.0112,28.9534,20,1,19,YOL ÜSTÜ,0,0,07:30-18:00
2026-07-18T02:25:13.610461+00:00,2026-07-18T05:25:13.610461+03:00,3087,Atatürk Kent Ormanı Otoparkı,SARIYER,41.136,29.0262,200,198,2,AÇIK OTOPARK,0,0,08:00-17:00
2026-07-18T02:25:13.610461+00:00,2026-07-18T05:25:13.610461+03:00,1088,Avcılar İdo,AVCILAR,40.9712,28.7185,270,264,6,AÇIK OTOPARK,0,0,13:00-07:00
2026-07-18T02:25:13.610461+00:00,2026-07-18T05:25:13.610461+03:00,2885,Azapkapı Haliç Metro Otoparkı,ŞİŞLİ,41.0245,28.9691,80,67,13,AÇIK OTOPARK,1,5,24 Saat
2026-07-18T02:25:13.610461+00:00,2026-07-18T05:25:13.610461+03:00,2455,Azerbaycan Dostluk Parkı Zemin Altı Otoparkı,BAĞCILAR,41.0444,28.854,400,167,233,KAPALI OTOPARK,0,10,24 Saat
2026-07-18T02:25:13.610461+00:00,2026-07-18T05:25:13.610461+03:00,2965,Bağcılar Çolakoğlu Zemin Altı Otoparkı,BAĞCILAR,41.0324,28.8345,106,0,106,KAPALI OTOPARK,1,5,24 Saat
2026-07-18T02:25:13.610461+00:00,2026-07-18T05:25:13.610461+03:00,2576,Bağcılar Demirkapı Zemin Altı Otoparkı,BAĞCILAR,41.0499,28.8327,343,130,213,KAPALI OTOPARK,1,5,24 Saat
2026-07-18T02:25:13.610461+00:00,2026-07-18T05:25:13.610461+03:00,3036,Bağcılar Devlet Hastanesi Yanı Zeminaltı Otoparkı,BAĞCILAR,41.0312,28.8696,1133,133,1000,KAPALI OTOPARK,1,15,24 Saat
2026-07-18T02:25:13.610461+00:00,2026-07-18T05:25:13.610461+03:00,3071,Bağcılar Emniyet Müdürlüğü Yanı Açık Otoparkı,BAĞCILAR,41.0353,28.8598,100,42,58,AÇIK OTOPARK,1,0,24 Saat
2026-07-18T02:25:13.610461+00:00,2026-07-18T05:25:13.610461+03:00,2873,Bağcılar Göztepe Zemin Altı,BAĞCILAR,41.0567,28.8355,120,0,120,KAPALI OTOPARK,1,5,24 Saat
2026-07-18T02:25:13.610461+00:00,2026-07-18T05:25:13.610461+03:00,3187,Bağcılar Hürriyet Mahallesi Zemin Altı Otoparkı,BAĞCILAR,41.0291,28.8333,355,0,355,KAPALI OTOPARK,1,10,24 Saat
2026-07-18T02:25:13.610461+00:00,2026-07-18T05:25:13.610461+03:00,2916,Bağcılar Kent Meydanı PD Zemin Altı Otoparkı,BAĞCILAR,41.0339,28.8556,1162,0,1162,KAPALI OTOPARK,0,0,24 Saat
2026-07-18T02:25:13.610461+00:00,2026-07-18T05:25:13.610461+03:00,3261,Bağcılar Yenimahalle Zemin Altı Otoparkı,BAĞCILAR,41.0425,28.8395,525,258,267,KAPALI OTOPARK,1,15,24 Saat
2026-07-18T02:25:13.610461+00:00,2026-07-18T05:25:13.610461+03:00,2820,Bağcılar Yıldıztepe Katlı Otoparkı,BAĞCILAR,41.0294,28.8556,350,0,350,KAPALI OTOPARK,1,10,24 Saat
2026-07-18T02:25:13.610461+00:00,2026-07-18T05:25:13.610461+03:00,3447,Bahçelievler 23 Nisan Milli Egemenlik Zeminaltı Otoparkı,BAHÇELİEVLER,40.9988,28.8472,732,355,377,KAPALI OTOPARK,1,10,24 Saat
2026-07-18T02:25:13.610461+00:00,2026-07-18T05:25:13.610461+03:00,2993,Bahçelievler Cumhuriyet Zeminaltı Otoparkı,BAHÇELİEVLER,41.0149,28.859,663,0,663,KAPALI OTOPARK,0,10,24 Saat
2026-07-18T02:25:13.610461+00:00,2026-07-18T05:25:13.610461+03:00,2969,Bahçelievler Devlet Hastanesi Yanı Katlı Otoparkı,BAHÇELİEVLER,41.0072,28.8442,740,0,740,KAPALI OTOPARK,1,0,24 Saat
2026-07-18T02:25:13.610461+00:00,2026-07-18T05:25:13.610461+03:00,3051,Bahçelievler Zafer Mh. Zeminaltı Otoparkı,BAHÇELİEVLER,41.0036,28.8351,200,41,159,KAPALI OTOPARK,1,0,24 Saat
2026-07-18T02:25:13.610461+00:00,2026-07-18T05:25:13.610461+03:00,3118,Bahçeşehir Doğa Parkı Caddesi 3,BAŞAKŞEHİR,41.0683,28.6894,22,1,21,YOL ÜSTÜ,0,15,10:00-20:00
2026-07-18T02:25:13.610461+00:00,2026-07-18T05:25:13.610461+03:00,3236,Bahçeşehir Gölet Açık Otoparkı,BAŞAKŞEHİR,41.0719,28.6901,200,1,199,AÇIK OTOPARK,0,0,12:00-22:00
2026-07-18T02:25:13.610461+00:00,2026-07-18T05:25:13.610461+03:00,1465,Bakırköy İdo Açık Otoparkı,BAKIRKÖY,40.9739,28.8761,160,126,34,AÇIK OTOPARK,1,10,24 Saat
2026-07-18T02:25:13.610461+00:00,2026-07-18T05:25:13.610461+03:00,1104,Balmumcu Katlı Otoparkı,BEŞİKTAŞ,41.0636,29.0109,400,328,72,KAPALI OTOPARK,1,5,24 Saat
2026-07-18T02:25:13.610461+00:00,2026-07-18T05:25:13.610461+03:00,2796,Başakşehir Metro Açık Otoparkı,BAŞAKŞEHİR,41.107,28.801,125,1,124,AÇIK OTOPARK,0,0,07:00-16:00
2026-07-18T02:25:13.610461+00:00,2026-07-18T05:25:13.610461+03:00,2350,Bayrampaşa Adapark Katlı Otoparkı,BAYRAMPAŞA,41.0647,28.8875,650,0,650,KAPALI OTOPARK,0,15,24 Saat
2026-07-18T02:25:13.610461+00:00,2026-07-18T05:25:13.610461+03:00,2892,Bayrampaşa Altıntepsi Zemin  Altı Otoparkı,BAYRAMPAŞA,41.0393,28.9029,110,0,110,KAPALI OTOPARK,0,10,24 Saat
2026-07-18T02:25:13.610461+00:00,2026-07-18T05:25:13.610461+03:00,2909,Bayrampaşa Atatürk Parkı  Zemin Altı Otoparkı,BAYRAMPAŞA,41.0342,28.9123,442,4,438,KAPALI OTOPARK,0,10,24 Saat
2026-07-18T02:25:13.610461+00:00,2026-07-18T05:25:13.610461+03:00,2683,Bayrampaşa Devlet Hastanesi Cep Otoparkı,BAYRAMPAŞA,41.0414,28.9031,55,29,26,AÇIK OTOPARK,0,0,08:00-19:00
2026-07-18T02:25:13.610461+00:00,2026-07-18T05:25:13.610461+03:00,3301,Bayrampaşa Kocatepe Mahallesi Zemin Altı Otoparkı,BAYRAMPAŞA,41.0545,28.8964,241,0,241,KAPALI OTOPARK,1,10,24 Saat
2026-07-18T02:25:13.610461+00:00,2026-07-18T05:25:13.610461+03:00,2053,Bayrampaşa Muratpaşa Yer Altı Otoparkı,BAYRAMPAŞA,41.047,28.9082,300,0,300,KAPALI OTOPARK,0,15,24 Saat
2026-07-18T02:25:13.610461+00:00,2026-07-18T05:25:13.610461+03:00,3175,Bayrampaşa Spor Kompleksi Zemin Altı Otoparkı,BAYRAMPAŞA,41.0446,28.9106,205,0,205,KAPALI OTOPARK,1,15,24 Saat
2026-07-18T02:25:13.610461+00:00,2026-07-18T05:25:13.610461+03:00,3382,Bayrampaşa Şehit Kamil Balkan Zemin Altı Otoparkı,BAYRAMPAŞA,41.0604,28.9008,235,0,235,KAPALI OTOPARK,1,10,24 Saat
2026-07-18T02:25:13.610461+00:00,2026-07-18T05:25:13.610461+03:00,2428,Bayrampaşa Yenidoğan Mahallesi Zemin Altı Otoparkı,BAYRAMPAŞA,41.0395,28.9088,120,0,120,KAPALI OTOPARK,0,10,24 Saat
2026-07-18T02:25:13.610461+00:00,2026-07-18T05:25:13.610461+03:00,2468,Bebek Açık,BEŞİKTAŞ,41.077,29.0434,30,26,4,AÇIK OTOPARK,0,0,24 Saat
2026-07-18T02:25:13.610461+00:00,2026-07-18T05:25:13.610461+03:00,3479,Beşiktaş Halk Pazarı Açık Otoparkı,BEŞİKTAŞ,41.0496,29.0004,170,160,10,AÇIK OTOPARK,1,5,24 Saat
2026-07-18T02:25:13.610461+00:00,2026-07-18T05:25:13.610461+03:00,573,Beşiktaş Kadastro Önü 1,BEŞİKTAŞ,41.0503,29.0076,39,1,38,YOL ÜSTÜ,0,15,08:00-17:00
2026-07-18T02:25:13.610461+00:00,2026-07-18T05:25:13.610461+03:00,3257,Beykoz Sahil Cep Otoparkı,BEYKOZ,41.1286,29.0953,100,76,24,AÇIK OTOPARK,0,0,08:00-00:00
2026-07-18T02:25:13.610461+00:00,2026-07-18T05:25:13.610461+03:00,2273,Beykoz Sosyal Tesisleri,BEYKOZ,41.1143,29.0888,130,0,130,AÇIK OTOPARK,0,15,08:00-00:00
2026-07-18T02:25:13.610461+00:00,2026-07-18T05:25:13.610461+03:00,2999,Beyoğlu Gazhane Bostan Sokak 2,BEYOĞLU,41.0389,28.9903,35,1,34,YOL ÜSTÜ,0,0,07:30-16:30
2026-07-18T02:25:13.610461+00:00,2026-07-18T05:25:13.610461+03:00,3072,Beyoğlu Örnektepe Zemin Altı Otoparkı,BEYOĞLU,41.0543,28.9548,143,0,143,KAPALI OTOPARK,0,0,24 Saat
2026-07-18T02:25:13.610461+00:00,2026-07-18T05:25:13.610461+03:00,1455,Bostancı Açık,KADIKÖY,40.9523,29.0902,394,82,312,AÇIK OTOPARK,0,15,24 Saat
2026-07-18T02:25:13.610461+00:00,2026-07-18T05:25:13.610461+03:00,1456,Bostancı Sahil-Cep Açık Otoparkı,KADIKÖY,40.9545,29.0885,192,98,94,AÇIK OTOPARK,0,15,24 Saat
2026-07-18T02:25:13.610461+00:00,2026-07-18T05:25:13.610461+03:00,2150,Bostancı Vergi Dairesi Açık Otoparkı,ATAŞEHİR,40.9625,29.1083,155,0,155,AÇIK OTOPARK,0,5,08:00-20:00
2026-07-18T02:25:13.610461+00:00,2026-07-18T05:25:13.610461+03:00,2854,Bülent Ecevit Kültür Merkezi Açık Otoparkı,KARTAL,40.8852,29.1967,277,254,23,AÇIK OTOPARK,0,5,10:00-21:00
2026-07-18T02:25:13.610461+00:00,2026-07-18T05:25:13.610461+03:00,2866,Büyük İstanbul Otogarı,BAYRAMPAŞA,41.0402,28.8942,1000,0,1000,AÇIK OTOPARK,1,25,24 Saat
2026-07-18T02:25:13.610461+00:00,2026-07-18T05:25:13.610461+03:00,1192,Büyükçamlıca Korusu Sosyal Tesisleri Önü,ÜSKÜDAR,41.0264,29.0698,204,112,92,AÇIK OTOPARK,0,0,08:00-00:00
2026-07-18T02:25:13.610461+00:00,2026-07-18T05:25:13.610461+03:00,2960,Büyükçekmece Metrobüs Durağı Yanı PD Zemin Altı Otopark,BÜYÜKÇEKMECE,41.0221,28.624,448,266,182,KAPALI OTOPARK,0,0,24 Saat
2026-07-18T02:25:13.610461+00:00,2026-07-18T05:25:13.610461+03:00,1503,Cadde Bostan Açık Otoparkı,KADIKÖY,40.9636,29.0675,66,62,4,AÇIK OTOPARK,0,15,24 Saat
2026-07-18T02:25:13.610461+00:00,2026-07-18T05:25:13.610461+03:00,2933,Cemal Kamacı Spor Kompleksi Zemin Altı Otoparkı,KAĞITHANE,41.0536,28.9575,510,0,510,KAPALI OTOPARK,1,0,24 Saat
2026-07-18T02:25:13.610461+00:00,2026-07-18T05:25:13.610461+03:00,2207,Cengiz Topel Yer Altı Katlı Otoparkı,ESENLER,41.0588,28.8643,144,0,144,KAPALI OTOPARK,0,15,24 Saat
2026-07-18T02:25:13.610461+00:00,2026-07-18T05:25:13.610461+03:00,2787,Cevizli Açık Otoparkı,KARTAL,40.9179,29.1712,100,96,4,AÇIK OTOPARK,0,15,08:00-19:00
2026-07-18T02:25:13.610461+00:00,2026-07-18T05:25:13.610461+03:00,782,Cihangir Caddesi 2,BEYOĞLU,41.0319,28.9862,70,1,69,YOL ÜSTÜ,0,15,09:00-19:00
2026-07-18T02:25:13.610461+00:00,2026-07-18T05:25:13.610461+03:00,1467,Cihangir Katlı Otoparkı,BEYOĞLU,41.0318,28.9858,350,0,350,KAPALI OTOPARK,1,0,24 Saat
2026-07-18T02:25:13.610461+00:00,2026-07-18T05:25:13.610461+03:00,535,Cihannuma Yol Üstü 1,BEŞİKTAŞ,41.0454,29.0084,35,1,34,YOL ÜSTÜ,0,0,08:00-23:00
2026-07-18T02:25:13.610461+00:00,2026-07-18T05:25:13.610461+03:00,537,Cihannuma Yol Üstü 3,BEŞİKTAŞ,41.0459,29.0087,33,1,32,YOL ÜSTÜ,0,0,08:00-23:00
2026-07-18T02:25:13.610461+00:00,2026-07-18T05:25:13.610461+03:00,539,Cihannuma Yol Üstü 5,BEŞİKTAŞ,41.0489,29.0094,24,1,23,YOL ÜSTÜ,0,0,08:00-23:00
2026-07-18T02:25:13.610461+00:00,2026-07-18T05:25:13.610461+03:00,3184,Çam Sokak 6,GÜNGÖREN,41.0121,28.8882,50,1,49,YOL ÜSTÜ,0,15,08:00-17:00
2026-07-18T02:25:13.610461+00:00,2026-07-18T05:25:13.610461+03:00,3030,Çekmeköy Metro PD Zemin Altı Otoparkı,ÇEKMEKÖY,41.0147,29.1886,175,71,104,KAPALI OTOPARK,0,15,24 Saat
2026-07-18T02:25:13.610461+00:00,2026-07-18T05:25:13.610461+03:00,2905,Çeliktepe Açık Otoparkı,KAĞITHANE,41.0843,29.0056,200,69,131,AÇIK OTOPARK,1,5,24 Saat
2026-07-18T02:25:13.610461+00:00,2026-07-18T05:25:13.610461+03:00,1298,Çengelköy Açık Otoparkı,ÜSKÜDAR,41.0484,29.0533,500,134,366,AÇIK OTOPARK,0,15,24 Saat
2026-07-18T02:25:13.610461+00:00,2026-07-18T05:25:13.610461+03:00,502,Çınar Açık Otoparkı,BEŞİKTAŞ,41.0853,29.0088,65,1,64,AÇIK OTOPARK,0,0,08:00-18:00
2026-07-18T02:25:13.610461+00:00,2026-07-18T05:25:13.610461+03:00,777,Çırağan Sarayı Yol Üstü 1,BEŞİKTAŞ,41.0448,29.0165,40,1,39,YOL ÜSTÜ,0,15,08:00-23:00
2026-07-18T02:25:13.610461+00:00,2026-07-18T05:25:13.610461+03:00,778,Çırağan Sarayı Yol Üstü 2,BEŞİKTAŞ,41.0445,29.0156,40,1,39,YOL ÜSTÜ,0,15,08:00-23:00
2026-07-18T02:25:13.610461+00:00,2026-07-18T05:25:13.610461+03:00,2228,Çırpıcı Sosyal Tesisler,ZEYTİNBURNU,41,28.8926,128,0,128,AÇIK OTOPARK,0,15,07:00-00:00
2026-07-18T02:25:13.610461+00:00,2026-07-18T05:25:13.610461+03:00,1508,Çiroz Yeşilköy Halk Pazarı,BAKIRKÖY,40.9628,28.8129,471,1,470,AÇIK OTOPARK,0,0,08:00-18:00
2026-07-18T02:25:13.610461+00:00,2026-07-18T05:25:13.610461+03:00,2030,Dalyan Açık Otoparkı,KADIKÖY,40.9632,29.0651,92,80,12,AÇIK OTOPARK,0,15,24 Saat
2026-07-18T02:25:13.610461+00:00,2026-07-18T05:25:13.610461+03:00,2271,Damla Sokak 1,ŞİŞLİ,41.0672,29.0004,17,1,16,YOL ÜSTÜ,0,15,07:30-16:30
2026-07-18T02:25:13.610461+00:00,2026-07-18T05:25:13.610461+03:00,2164,Darüşşafaka Yeraltı Otoparkı,SARIYER,41.1292,29.0252,150,141,9,KAPALI OTOPARK,0,15,08:00-00:00
2026-07-18T02:25:13.610461+00:00,2026-07-18T05:25:13.610461+03:00,1653,Deniz Feneri Otoparkı,FATİH,41.0019,28.9773,175,141,34,AÇIK OTOPARK,0,5,24 Saat
2026-07-18T02:25:13.610461+00:00,2026-07-18T05:25:13.610461+03:00,595,Dostluk Yurdu 1,FATİH,41.0071,28.973,33,1,32,YOL ÜSTÜ,0,15,07:00-17:00
2026-07-18T02:25:13.610461+00:00,2026-07-18T05:25:13.610461+03:00,2237,Dragos Sosyal Tesisleri,KARTAL,40.9017,29.1458,100,64,36,AÇIK OTOPARK,1,15,24 Saat
2026-07-18T02:25:13.610461+00:00,2026-07-18T05:25:13.610461+03:00,3063,Dudullu Metro PD Zemin Altı Otoparkı,ÜMRANİYE,41.0156,29.1633,81,64,17,KAPALI OTOPARK,0,15,07:00-23:30
2026-07-18T02:25:13.610461+00:00,2026-07-18T05:25:13.610461+03:00,1522,Ebu Suut Caddesi 1,FATİH,41.0128,28.9766,35,1,34,YOL ÜSTÜ,0,0,08:00-18:00
2026-07-18T02:25:13.610461+00:00,2026-07-18T05:25:13.610461+03:00,2147,EGS Blokları Açık Otoparkı,BAKIRKÖY,40.9863,28.8354,350,117,233,AÇIK OTOPARK,0,60,09:00-19:30
2026-07-18T02:25:13.610461+00:00,2026-07-18T05:25:13.610461+03:00,2366,Esenler Adem Baştürk Kültür Merkezi Katlı,ESENLER,41.039,28.8846,460,0,460,KAPALI OTOPARK,1,15,24 Saat
2026-07-18T02:25:13.610461+00:00,2026-07-18T05:25:13.610461+03:00,3190,Esenler Havaalanı Mahallesi Zemin Altı Otoparkı,ESENLER,41.0562,28.8674,610,324,286,KAPALI OTOPARK,1,10,24 Saat
2026-07-18T02:25:13.610461+00:00,2026-07-18T05:25:13.610461+03:00,3011,Esenler Menderes Metro İstasyonu Yanı,ESENLER,41.0427,28.8783,68,0,68,AÇIK OTOPARK,1,5,24 Saat
2026-07-18T02:25:13.610461+00:00,2026-07-18T05:25:13.610461+03:00,2822,Esenler Menderes Parkı Zemin Altı Otoparkı,ESENLER,41.0412,28.8729,325,19,306,KAPALI OTOPARK,1,10,24 Saat
2026-07-18T02:25:13.610461+00:00,2026-07-18T05:25:13.610461+03:00,3303,Esenyurt Adile Naşit Bulvarı Zeminaltı Otoparkı,ESENYURT,41.0205,28.6859,367,300,67,KAPALI OTOPARK,1,15,24 Saat
2026-07-18T02:25:13.610461+00:00,2026-07-18T05:25:13.610461+03:00,1328,Eski Salı Pazarı,KADIKÖY,40.9904,29.0338,760,38,722,AÇIK OTOPARK,0,15,24 Saat
2026-07-18T02:25:13.610461+00:00,2026-07-18T05:25:13.610461+03:00,904,Eyüp Pierloti Caddesi 1,EYÜP,41.0539,28.9329,40,1,39,YOL ÜSTÜ,0,0,09:00-22:00
2026-07-18T02:25:13.610461+00:00,2026-07-18T05:25:13.610461+03:00,2850,Eyüpsultan Akşemsettin Mahallesi Zemin Altı Otoparkı,EYÜP,41.085,28.9258,110,0,110,KAPALI OTOPARK,0,15,24 Saat
2026-07-18T02:25:13.610461+00:00,2026-07-18T05:25:13.610461+03:00,2215,Fatih Çeşmesi Tabiat Parkı Otoparkı,SARIYER,41.1686,28.9448,250,1,249,AÇIK OTOPARK,0,0,06:00-20:00
2026-07-18T02:25:13.610461+00:00,2026-07-18T05:25:13.610461+03:00,1475,Fatih Katlı Otoparkı,FATİH,41.0198,28.9396,118,38,80,KAPALI OTOPARK,0,10,24 Saat
2026-07-18T02:25:13.610461+00:00,2026-07-18T05:25:13.610461+03:00,1591,Feshane PD Açık Otoparkı,EYÜP,41.0463,28.9378,200,169,31,AÇIK OTOPARK,1,15,24 Saat
2026-07-18T02:25:13.610461+00:00,2026-07-18T05:25:13.610461+03:00,1005,Florya Havuzlu Bahçe,BAKIRKÖY,40.9764,28.7908,135,1,134,AÇIK OTOPARK,0,0,09:00-23:00
2026-07-18T02:25:13.610461+00:00,2026-07-18T05:25:13.610461+03:00,2238,Florya Sosyal Tesisleri,BAKIRKÖY,40.9614,28.8091,1074,1062,12,AÇIK OTOPARK,0,15,24 Saat
2026-07-18T02:25:13.610461+00:00,2026-07-18T05:25:13.610461+03:00,3296,Gaziosmanpaşa Meydanı ve Yaşam Merkezi Zemin Altı Otoparkı,GAZİOSMANPAŞA,41.0606,28.9093,202,0,202,KAPALI OTOPARK,1,15,24 Saat
2026-07-18T02:25:13.610461+00:00,2026-07-18T05:25:13.610461+03:00,2971,Gaziosmanpaşa Zemin Altı Otoparkı,GAZİOSMANPAŞA,41.0796,28.8858,285,0,285,KAPALI OTOPARK,1,0,24 Saat
2026-07-18T02:25:13.610461+00:00,2026-07-18T05:25:13.610461+03:00,3401,Giyimkent Tekstilkent Metro Zemin Altı PD Otoparkı,ESENLER,41.0711,28.8666,203,187,16,KAPALI OTOPARK,0,10,24 Saat
2026-07-18T02:25:13.610461+00:00,2026-07-18T05:25:13.610461+03:00,2242,Gözdağı Sosyal Tesisler  Açık Otoparkı,PENDİK,40.893,29.2538,300,218,82,AÇIK OTOPARK,0,0,07:00-23:00
2026-07-18T02:25:13.610461+00:00,2026-07-18T05:25:13.610461+03:00,1879,Gülsuyu Metro PD Yer Altı Otoparkı,MALTEPE,40.9237,29.1548,76,0,76,KAPALI OTOPARK,0,15,08:00-00:00
2026-07-18T02:25:13.610461+00:00,2026-07-18T05:25:13.610461+03:00,1423,Güneş Plajı 1,BAKIRKÖY,40.9712,28.79,250,244,6,AÇIK OTOPARK,0,10,24 Saat
2026-07-18T02:25:13.610461+00:00,2026-07-18T05:25:13.610461+03:00,1461,Güneş Plajı 2,BAKIRKÖY,40.9692,28.7951,135,135,0,AÇIK OTOPARK,0,10,08:00-20:00
2026-07-18T02:25:13.610461+00:00,2026-07-18T05:25:13.610461+03:00,3053,Güngören Nikah Dairesi Zemin Altı otoparkı,GÜNGÖREN,41.0363,28.8718,147,0,147,KAPALI OTOPARK,1,10,24 Saat
2026-07-18T02:25:13.610461+00:00,2026-07-18T05:25:13.610461+03:00,2216,Gürpınar Balık Hali Otoparkı,BEYLİKDÜZÜ,40.9663,28.6019,1000,836,164,AÇIK OTOPARK,0,15,24 Saat
2026-07-18T02:25:13.610461+00:00,2026-07-18T05:25:13.610461+03:00,1525,Hacıosman Metro Yer Altı Otoparkı,SARIYER,41.14,29.0306,422,0,422,KAPALI OTOPARK,0,15,24 Saat
2026-07-18T02:25:13.610461+00:00,2026-07-18T05:25:13.610461+03:00,1470,Haldun Alagaş Katlı Otoparkı,ÜMRANİYE,41.0262,29.1052,197,159,38,KAPALI OTOPARK,1,15,24 Saat
2026-07-18T02:25:13.610461+00:00,2026-07-18T05:25:13.610461+03:00,3235,Haliç Sosyal Tesisleri Otoparkı,FATİH,41.0277,28.9572,60,41,19,AÇIK OTOPARK,0,15,07:00-00:00
2026-07-18T02:25:13.610461+00:00,2026-07-18T05:25:13.610461+03:00,2848,Halkalı Mahallesi Zemin Altı Otoparkı,KÜÇÜKÇEKMECE,41.0359,28.7848,347,292,55,KAPALI OTOPARK,0,15,24 Saat
2026-07-18T02:25:13.610461+00:00,2026-07-18T05:25:13.610461+03:00,2838,Hamidiye Mahallesi Katlı Otoparkı,KAĞITHANE,41.0949,28.971,450,201,249,KAPALI OTOPARK,1,15,24 Saat
2026-07-18T02:25:13.610461+00:00,2026-07-18T05:25:13.610461+03:00,1446,Harbiye Zemin Altı Otoparkı,BEYOĞLU,41.0408,28.9869,142,67,75,KAPALI OTOPARK,0,0,24 Saat
2026-07-18T02:25:13.610461+00:00,2026-07-18T05:25:13.610461+03:00,2332,Haydarpaşa Katlı Otoparkı,ÜSKÜDAR,41.0048,29.0251,840,754,86,KAPALI OTOPARK,1,15,24 Saat
2026-07-18T02:25:13.610461+00:00,2026-07-18T05:25:13.610461+03:00,1987,Haznedar Yer Altı Otoparkı,GÜNGÖREN,41.0083,28.8729,540,0,540,KAPALI OTOPARK,0,0,24 Saat
2026-07-18T02:25:13.610461+00:00,2026-07-18T05:25:13.610461+03:00,377,Hızır Külhani Sokak,FATİH,41.0202,28.9605,32,1,31,YOL ÜSTÜ,0,15,09:00-17:00
2026-07-18T02:25:13.610461+00:00,2026-07-18T05:25:13.610461+03:00,3173,Hürriyet Mahallesi Zeminaltı Otoparkı,GAZİOSMANPAŞA,41.0708,28.8951,190,0,190,KAPALI OTOPARK,1,15,24 Saat
2026-07-18T02:25:13.610461+00:00,2026-07-18T05:25:13.610461+03:00,157,Ihlamur Dere Caddesi 4,BEŞİKTAŞ,41.047,29.0023,27,1,26,YOL ÜSTÜ,0,15,09:00-17:00
2026-07-18T02:25:13.610461+00:00,2026-07-18T05:25:13.610461+03:00,1189,İçerenköy Sebze Meyve Hali Otoparkı,ATAŞEHİR,40.9766,29.1044,600,600,0,AÇIK OTOPARK,0,15,24 Saat
2026-07-18T02:25:13.610461+00:00,2026-07-18T05:25:13.610461+03:00,1127,İshakpaşa Caddesi,FATİH,41.0079,28.9814,200,1,199,YOL ÜSTÜ,0,0,08:00-18:00
2026-07-18T02:25:13.610461+00:00,2026-07-18T05:25:13.610461+03:00,3265,İspark İstanbul West Marina Açık Otoparkı 1,BEYLİKDÜZÜ,40.9636,28.6564,250,1,249,AÇIK OTOPARK,0,15,24 Saat
2026-07-18T02:25:13.610461+00:00,2026-07-18T05:25:13.610461+03:00,2793,İspark Merter Katlı Otoparkı,GÜNGÖREN,41.0097,28.89,900,471,429,KAPALI OTOPARK,1,10,24 Saat
2026-07-18T02:25:13.610461+00:00,2026-07-18T05:25:13.610461+03:00,2430,İspark West İstanbul Marina Açık Otoparkı,BEYLİKDÜZÜ,40.9639,28.6591,1600,1383,217,AÇIK OTOPARK,0,15,24 Saat
2026-07-18T02:25:13.610461+00:00,2026-07-18T05:25:13.610461+03:00,381,İstinye 4 ( Cami Önü ),SARIYER,41.1149,29.0571,25,1,24,YOL ÜSTÜ,0,15,08:30-17:30
2026-07-18T02:25:13.610461+00:00,2026-07-18T05:25:13.610461+03:00,1804,İtalyan Hastanesi Karşısı Açık Otoparkı 1,BEYOĞLU,41.028,28.9815,30,1,29,AÇIK OTOPARK,0,0,08:00-19:00
2026-07-18T02:25:13.610461+00:00,2026-07-18T05:25:13.610461+03:00,507,Kabasakal Medrese Önü,FATİH,41.0062,28.9789,65,1,64,AÇIK OTOPARK,0,0,08:00-18:30
2026-07-18T02:25:13.610461+00:00,2026-07-18T05:25:13.610461+03:00,3306,Kabataş Transfer Merkezi Turizm Otobüs Otoparkı,BEYOĞLU,41.0336,28.9923,160,103,57,KAPALI OTOPARK,1,20,24 Saat
2026-07-18T02:25:13.610461+00:00,2026-07-18T05:25:13.610461+03:00,2918,Kadıköy Hasanpaşa Gazhane Katlı Otoparkı,KADIKÖY,40.9972,29.0428,310,185,125,KAPALI OTOPARK,1,15,24 Saat
2026-07-18T02:25:13.610461+00:00,2026-07-18T05:25:13.610461+03:00,1447,Kadıköy İski Açık Otoparkı,KADIKÖY,40.9874,29.0207,124,97,27,AÇIK OTOPARK,0,15,24 Saat
2026-07-18T02:25:13.610461+00:00,2026-07-18T05:25:13.610461+03:00,1655,Kadıköy Metro Açık Otoparkı,KADIKÖY,40.9899,29.0217,74,57,17,AÇIK OTOPARK,0,15,24 Saat
2026-07-18T02:25:13.610461+00:00,2026-07-18T05:25:13.610461+03:00,3445,Kadıköy Uzunçayır PD Açık Otoparkı,KADIKÖY,40.9982,29.0569,70,49,21,AÇIK OTOPARK,0,15,06:30-16:30
2026-07-18T02:25:13.610461+00:00,2026-07-18T05:25:13.610461+03:00,2808,Kadıköy Yeni Salı Pazarı PD Katlı Otoparkı,KADIKÖY,40.9969,29.0486,1350,500,850,KAPALI OTOPARK,1,15,24 Saat
2026-07-18T02:25:13.610461+00:00,2026-07-18T05:25:13.610461+03:00,2811,Kağıthane Harmantepe Zemin Altı Otoparkı,KAĞITHANE,41.0816,28.9907,200,0,200,KAPALI OTOPARK,1,0,24 Saat
2026-07-18T02:25:13.610461+00:00,2026-07-18T05:25:13.610461+03:00,1452,Kalamış Açık Otoparkı,KADIKÖY,40.9687,29.0363,173,165,8,AÇIK OTOPARK,0,15,24 Saat
2026-07-18T02:25:13.610461+00:00,2026-07-18T05:25:13.610461+03:00,1474,Kartal Hasan Doğan Spor Kompleksi,KARTAL,40.8918,29.1897,773,0,773,KAPALI OTOPARK,0,15,24 Saat
2026-07-18T02:25:13.610461+00:00,2026-07-18T05:25:13.610461+03:00,1105,Kartal İdo Açık Otoparkı,KARTAL,40.8874,29.1881,90,0,90,AÇIK OTOPARK,0,15,24 Saat
2026-07-18T02:25:13.610461+00:00,2026-07-18T05:25:13.610461+03:00,1550,Kartal Sahil Açık Otoparkı,KARTAL,40.8875,29.1901,75,56,19,AÇIK OTOPARK,0,5,24 Saat
2026-07-18T02:25:13.610461+00:00,2026-07-18T05:25:13.610461+03:00,3434,Kasımpaşa Sosyal Tesisler Otoparkı,BEYOĞLU,41.0296,28.9673,60,36,24,AÇIK OTOPARK,0,0,07:30-23:00
2026-07-18T02:25:13.610461+00:00,2026-07-18T05:25:13.610461+03:00,2827,Kayaşehir Meydan Zemin Altı Otoparkı,BAŞAKŞEHİR,41.1196,28.7718,1054,1,1053,KAPALI OTOPARK,0,0,10:00-17:00
2026-07-18T02:25:13.610461+00:00,2026-07-18T05:25:13.610461+03:00,1960,Kazlıçeşme Marmaray Açık Otoparkı,ZEYTİNBURNU,40.9922,28.917,700,660,40,AÇIK OTOPARK,0,15,24 Saat
2026-07-18T02:25:13.610461+00:00,2026-07-18T05:25:13.610461+03:00,2994,Kirazlı Metro Durağı PD Açık Otoparkı,BAĞCILAR,41.033,28.8429,112,0,112,AÇIK OTOPARK,0,5,24 Saat
2026-07-18T02:25:13.610461+00:00,2026-07-18T05:25:13.610461+03:00,1528,Kore Şehitleri Caddesi - Yüzbaşı Kaya Aldağon Sokak 1,ŞİŞLİ,41.0719,29.0139,40,1,39,YOL ÜSTÜ,0,15,07:00-16:00
2026-07-18T02:25:13.610461+00:00,2026-07-18T05:25:13.610461+03:00,2449,Kozyatağı Sebze-Meyve Hali,ATAŞEHİR,40.9787,29.1029,1500,1,1499,AÇIK OTOPARK,1,0,24 Saat
2026-07-18T02:25:13.610461+00:00,2026-07-18T05:25:13.610461+03:00,1206,Kutlugün Sokak 2,FATİH,41.0061,28.9801,200,1,199,YOL ÜSTÜ,0,0,08:00-18:00
2026-07-18T02:25:13.610461+00:00,2026-07-18T05:25:13.610461+03:00,3074,Küçük Çamlıca,ÜSKÜDAR,41.0204,29.0653,129,106,23,AÇIK OTOPARK,0,0,08:00-22:00
2026-07-18T02:25:13.610461+00:00,2026-07-18T05:25:13.610461+03:00,3127,Küçükçekmece Cennet Mahallesi Meydan Zemin Altı Otoparkı,KÜÇÜKÇEKMECE,40.9907,28.783,456,0,456,KAPALI OTOPARK,0,10,24 Saat
2026-07-18T02:25:13.610461+00:00,2026-07-18T05:25:13.610461+03:00,2554,Küçükçekmece Fevzi Çakmak Meydanı Zemin Altı Otoparkı,KÜÇÜKÇEKMECE,41.0076,28.7927,1000,475,525,KAPALI OTOPARK,0,10,24 Saat
2026-07-18T02:25:13.610461+00:00,2026-07-18T05:25:13.610461+03:00,2882,Küçüksu Kasrı Açık Otoparkı,BEYKOZ,41.0789,29.0657,98,91,7,AÇIK OTOPARK,0,0,07:00-23:00
2026-07-18T02:25:13.610461+00:00,2026-07-18T05:25:13.610461+03:00,220,Levent Hamidiye,BEŞİKTAŞ,41.0861,29.0076,100,1,99,AÇIK OTOPARK,0,0,08:00-19:00
2026-07-18T02:25:13.610461+00:00,2026-07-18T05:25:13.610461+03:00,2335,Maçka Açık Otoparkı,ŞİŞLİ,41.046,28.9908,75,74,1,AÇIK OTOPARK,1,0,24 Saat
2026-07-18T02:25:13.610461+00:00,2026-07-18T05:25:13.610461+03:00,1859,Maçka Katlı Otoparkı,ŞİŞLİ,41.0484,28.9903,508,0,508,KAPALI OTOPARK,0,0,24 Saat
2026-07-18T02:25:13.610461+00:00,2026-07-18T05:25:13.610461+03:00,3193,Maltepe Rıhtım Caddesi Açık Otoparkı,MALTEPE,40.9258,29.1241,76,75,1,AÇIK OTOPARK,1,0,24 Saat
2026-07-18T02:25:13.610461+00:00,2026-07-18T05:25:13.610461+03:00,2146,Maltepe Süreyyapaşa Çarşısı Açık Otoparkı,MALTEPE,40.9274,29.1225,156,143,13,AÇIK OTOPARK,1,0,24 Saat
2026-07-18T02:25:13.610461+00:00,2026-07-18T05:25:13.610461+03:00,1599,Maslak Açık Otoparkı,SARIYER,41.1166,29.024,150,133,17,AÇIK OTOPARK,0,10,24 Saat
2026-07-18T02:25:13.610461+00:00,2026-07-18T05:25:13.610461+03:00,2100,Matbaacılar Sitesi Yanı,ZEYTİNBURNU,41.0234,28.9187,250,230,20,AÇIK OTOPARK,1,5,24 Saat
2026-07-18T02:25:13.610461+00:00,2026-07-18T05:25:13.610461+03:00,920,Meclis-i Mebusan Yokuşu 2,BEYOĞLU,41.0326,28.9882,34,1,33,YOL ÜSTÜ,0,15,09:00-17:00
2026-07-18T02:25:13.610461+00:00,2026-07-18T05:25:13.610461+03:00,1546,Menekşe Plajı Açık Otoparkı,BAKIRKÖY,40.9761,28.7766,200,200,0,AÇIK OTOPARK,0,0,24 Saat
2026-07-18T02:25:13.610461+00:00,2026-07-18T05:25:13.610461+03:00,1376,Mercan Açık,FATİH,41.0136,28.9669,130,128,2,AÇIK OTOPARK,0,0,08:00-23:00
2026-07-18T02:25:13.610461+00:00,2026-07-18T05:25:13.610461+03:00,3309,Mercan Ali Paşa Sarayı Zemin Altı Otoparkı,FATİH,41.0136,28.967,196,1,195,KAPALI OTOPARK,0,0,07:00-21:00
2026-07-18T02:25:13.610461+00:00,2026-07-18T05:25:13.610461+03:00,1472,Merter Katlı Otoparkı,GÜNGÖREN,41.0092,28.8874,1000,916,84,KAPALI OTOPARK,0,10,24 Saat
2026-07-18T02:25:13.610461+00:00,2026-07-18T05:25:13.610461+03:00,2375,Merter Metro PD Zeminaltı Otoparkı,GÜNGÖREN,41.0037,28.8897,242,100,142,KAPALI OTOPARK,1,10,24 Saat
2026-07-18T02:25:13.610461+00:00,2026-07-18T05:25:13.610461+03:00,1568,Mete Caddesi 1,BEYOĞLU,41.0382,28.9879,31,1,30,YOL ÜSTÜ,0,15,08:00-23:00
2026-07-18T02:25:13.610461+00:00,2026-07-18T05:25:13.610461+03:00,1471,Mevlana Yeraltı Katlı Otoparkı,ZEYTİNBURNU,41.0072,28.9049,1000,842,158,KAPALI OTOPARK,0,5,24 Saat
2026-07-18T02:25:13.610461+00:00,2026-07-18T05:25:13.610461+03:00,2709,Millet Caddesi Açık Otoparkı,FATİH,41.01,28.9461,60,52,8,AÇIK OTOPARK,0,15,24 Saat
2026-07-18T02:25:13.610461+00:00,2026-07-18T05:25:13.610461+03:00,3152,Mimar Sinan Zemin Altı Otoparkı,ÜSKÜDAR,41.0222,29.0169,956,608,348,KAPALI OTOPARK,0,15,24 Saat
2026-07-18T02:25:13.610461+00:00,2026-07-18T05:25:13.610461+03:00,2870,Miniatürk Çadır Açık Otoparkı,BEYOĞLU,41.0594,28.9501,250,209,41,AÇIK OTOPARK,0,15,07:00-20:00
2026-07-18T02:25:13.610461+00:00,2026-07-18T05:25:13.610461+03:00,2556,Muallim Naci Açık Otoparkı,BEŞİKTAŞ,41.0561,29.0342,35,23,12,AÇIK OTOPARK,1,15,24 Saat
2026-07-18T02:25:13.610461+00:00,2026-07-18T05:25:13.610461+03:00,569,Oda Kule Önü 1,BEYOĞLU,41.0322,28.9751,24,1,23,YOL ÜSTÜ,0,0,07:00-01:00
2026-07-18T02:25:13.610461+00:00,2026-07-18T05:25:13.610461+03:00,1988,Orhangazi Şehir Parkı PD Açık Otoparkı,MALTEPE,40.9313,29.1161,5022,4779,243,AÇIK OTOPARK,1,15,24 Saat
2026-07-18T02:25:13.610461+00:00,2026-07-18T05:25:13.610461+03:00,152,Ortabahçe Caddesi 2,BEŞİKTAŞ,41.0428,29.0043,35,1,34,YOL ÜSTÜ,0,15,08:00-23:00
2026-07-18T02:25:13.610461+00:00,2026-07-18T05:25:13.610461+03:00,153,Ortabahçe Caddesi 3,BEŞİKTAŞ,41.043,29.0042,26,1,25,YOL ÜSTÜ,0,15,08:00-23:00
2026-07-18T02:25:13.610461+00:00,2026-07-18T05:25:13.610461+03:00,119,Ortaklar Caddesi 1,ŞİŞLİ,41.0638,28.9971,25,1,24,YOL ÜSTÜ,0,15,08:30-17:00
2026-07-18T02:25:13.610461+00:00,2026-07-18T05:25:13.610461+03:00,1343,Ortaköy Açık Otoparkı,BEŞİKTAŞ,41.0504,29.0326,170,161,9,AÇIK OTOPARK,1,0,24 Saat
2026-07-18T02:25:13.610461+00:00,2026-07-18T05:25:13.610461+03:00,572,Ortaköy Portakal Yokuşu 1,BEŞİKTAŞ,41.0503,29.0261,15,1,14,YOL ÜSTÜ,0,15,09:00-19:00
2026-07-18T02:25:13.610461+00:00,2026-07-18T05:25:13.610461+03:00,1039,Öğretmen Evi,AVCILAR,40.9723,28.714,80,42,38,AÇIK OTOPARK,0,0,11:00-23:00
2026-07-18T02:25:13.610461+00:00,2026-07-18T05:25:13.610461+03:00,1466,Pendik Katlı Otoparkı,PENDİK,40.8789,29.2342,120,81,39,KAPALI OTOPARK,0,15,24 Saat
2026-07-18T02:25:13.610461+00:00,2026-07-18T05:25:13.610461+03:00,3073,Pendik Kemal Kalkuz Parkı Zemin Altı Otoparkı,PENDİK,40.8885,29.2427,224,1,223,KAPALI OTOPARK,0,0,09:00-18:00
2026-07-18T02:25:13.610461+00:00,2026-07-18T05:25:13.610461+03:00,3019,Pendik Meydan Zemin Altı Otoparkı,PENDİK,40.8752,29.2324,937,0,937,KAPALI OTOPARK,1,0,24 Saat
2026-07-18T02:25:13.610461+00:00,2026-07-18T05:25:13.610461+03:00,2865,Pendik Sahil Engelliler Merkez Önü,PENDİK,40.8735,29.233,100,66,34,AÇIK OTOPARK,0,0,11:00-20:00
2026-07-18T02:25:13.610461+00:00,2026-07-18T05:25:13.610461+03:00,2434,Pendik Sahil İdo,PENDİK,40.8755,29.2369,100,0,100,AÇIK OTOPARK,0,0,07:00-23:00
2026-07-18T02:25:13.610461+00:00,2026-07-18T05:25:13.610461+03:00,248,Pendik Yenimahalle Açık 2 Otoparkı,PENDİK,40.864,29.2723,124,111,13,AÇIK OTOPARK,0,15,10:00-22:00
2026-07-18T02:25:13.610461+00:00,2026-07-18T05:25:13.610461+03:00,297,Perşembe Pazarı 1,BEYOĞLU,41.0252,28.9693,32,1,31,YOL ÜSTÜ,0,15,08:00-17:00
2026-07-18T02:25:13.610461+00:00,2026-07-18T05:25:13.610461+03:00,597,Pierre Loti Caddesi 3,FATİH,41.0069,28.9711,36,1,35,YOL ÜSTÜ,0,0,07:00-17:00
2026-07-18T02:25:13.610461+00:00,2026-07-18T05:25:13.610461+03:00,3263,Piyalepaşa Meydanı Zemin Altı Otoparkı,BEYOĞLU,41.0445,28.9674,560,211,349,KAPALI OTOPARK,0,0,24 Saat
2026-07-18T02:25:13.610461+00:00,2026-07-18T05:25:13.610461+03:00,423,Prof.Cemil Birsel Yokuşu 3,FATİH,41.0178,28.967,40,1,39,YOL ÜSTÜ,0,0,07:00-18:00
2026-07-18T02:25:13.610461+00:00,2026-07-18T05:25:13.610461+03:00,1900,Ragıp Gümüşpala Cad.(Sobacılar Önü),FATİH,41.0181,28.969,40,1,39,YOL ÜSTÜ,0,15,07:00-18:00
2026-07-18T02:25:13.610461+00:00,2026-07-18T05:25:13.610461+03:00,415,Ragıp Gümüşpala Camii Önü 1,FATİH,41.0211,28.9627,35,1,34,YOL ÜSTÜ,0,0,07:00-17:30
2026-07-18T02:25:13.610461+00:00,2026-07-18T05:25:13.610461+03:00,3268,Refik Saydam Caddesi 3,BEYOĞLU,41.032,28.9736,55,1,54,YOL ÜSTÜ,0,0,06:00-23:00
2026-07-18T02:25:13.610461+00:00,2026-07-18T05:25:13.610461+03:00,2307,Ressam Halim Sokak PD Açık Otoparkı,BAHÇELİEVLER,40.9967,28.8641,120,111,9,AÇIK OTOPARK,0,15,08:00-00:00
2026-07-18T02:25:13.610461+00:00,2026-07-18T05:25:13.610461+03:00,3082,Rumeli Hisarı Sahil Yolu Otoparkı,SARIYER,41.0854,29.0568,20,17,3,AÇIK OTOPARK,1,0,24 Saat
2026-07-18T02:25:13.610461+00:00,2026-07-18T05:25:13.610461+03:00,1595,Sabiha Gökçen Açık Otoparkı,PENDİK,40.925,29.308,1056,13,1043,AÇIK OTOPARK,0,15,24 Saat
2026-07-18T02:25:13.610461+00:00,2026-07-18T05:25:13.610461+03:00,3239,Samatya Sahil Cep Otoparkı,FATİH,40.9954,28.932,113,96,17,AÇIK OTOPARK,1,15,24 Saat
2026-07-18T02:25:13.610461+00:00,2026-07-18T05:25:13.610461+03:00,3273,Sarıyer Büyükdere Fidanlığı,SARIYER,41.1548,29.0268,160,156,4,AÇIK OTOPARK,0,0,08:00-18:00
2026-07-18T02:25:13.610461+00:00,2026-07-18T05:25:13.610461+03:00,3299,Sariyer Ayazağa Mah Vadi İstanbul Önü Açık Otoparkı,SARIYER,41.1106,28.9881,100,97,3,AÇIK OTOPARK,0,0,08:00-20:00
2026-07-18T02:25:13.610461+00:00,2026-07-18T05:25:13.610461+03:00,1303,Seyrantepe Katlı (Arena Karşısı) 1,KAĞITHANE,41.101,28.9961,1897,1,1896,KAPALI OTOPARK,1,0,24 Saat
2026-07-18T02:25:13.610461+00:00,2026-07-18T05:25:13.610461+03:00,1628,Sıracevizler Caddesi Yol Üstü 5,ŞİŞLİ,41.0607,28.9841,45,1,44,YOL ÜSTÜ,0,15,09:00-17:00
2026-07-18T02:25:13.610461+00:00,2026-07-18T05:25:13.610461+03:00,464,Sirkeci Gar Önü,FATİH,41.015,28.9761,60,1,59,AÇIK OTOPARK,0,5,07:00-20:00
2026-07-18T02:25:13.610461+00:00,2026-07-18T05:25:13.610461+03:00,1486,Siyavuşpaşa Yer Altı Otoparkı,BAHÇELİEVLER,40.9965,28.8532,155,0,155,KAPALI OTOPARK,1,0,24 Saat
2026-07-18T02:25:13.610461+00:00,2026-07-18T05:25:13.610461+03:00,1958,Soğanlık Metro PD Açık Otoparkı,KARTAL,40.9131,29.1925,898,864,34,AÇIK OTOPARK,0,15,24 Saat
2026-07-18T02:25:13.610461+00:00,2026-07-18T05:25:13.610461+03:00,589,Su Terazisi Sokak,FATİH,41.0046,28.9727,22,1,21,YOL ÜSTÜ,0,0,07:30-17:00
2026-07-18T02:25:13.610461+00:00,2026-07-18T05:25:13.610461+03:00,1478,Suadiye Cep Açık Otoparkı,KADIKÖY,40.9586,29.0732,130,124,6,AÇIK OTOPARK,0,15,24 Saat
2026-07-18T02:25:13.610461+00:00,2026-07-18T05:25:13.610461+03:00,2948,Suadiye Sahil Açık Otoparkı,KADIKÖY,40.9562,29.0797,70,63,7,AÇIK OTOPARK,1,5,24 Saat
2026-07-18T02:25:13.610461+00:00,2026-07-18T05:25:13.610461+03:00,2799,Sultanbeyli Emir Caddesi Zemin Altı Otoparkı,SULTANBEYLİ,40.9707,29.2606,130,115,15,KAPALI OTOPARK,0,15,08:00-22:00
2026-07-18T02:25:13.610461+00:00,2026-07-18T05:25:13.610461+03:00,2372,Sultanbeyli Kent Meydanı Zemin Altı Otoparkı,SULTANBEYLİ,40.9667,29.2667,300,211,89,KAPALI OTOPARK,1,15,24 Saat
2026-07-18T02:25:13.610461+00:00,2026-07-18T05:25:13.610461+03:00,2410,Sultangazi Zemin Altı Otoparkı,SULTANGAZİ,41.0944,28.8649,104,0,104,KAPALI OTOPARK,1,10,24 Saat
2026-07-18T02:25:13.610461+00:00,2026-07-18T05:25:13.610461+03:00,2085,Süleyman Seba Caddesi 2,BEŞİKTAŞ,41.0426,28.9998,40,1,39,YOL ÜSTÜ,0,15,08:00-18:00
2026-07-18T02:25:13.610461+00:00,2026-07-18T05:25:13.610461+03:00,2088,Süleyman Seba Caddesi 5,BEŞİKTAŞ,41.0432,28.9978,40,1,39,YOL ÜSTÜ,0,15,08:00-18:00
2026-07-18T02:25:13.610461+00:00,2026-07-18T05:25:13.610461+03:00,2089,Süleyman Seba Caddesi 6,BEŞİKTAŞ,41.0435,28.9967,11,1,10,YOL ÜSTÜ,0,15,08:00-18:00
2026-07-18T02:25:13.610461+00:00,2026-07-18T05:25:13.610461+03:00,2391,Süleymaniye Cami Altı Açık Otoparkı,FATİH,41.0158,28.961,250,235,15,AÇIK OTOPARK,0,0,06:30-18:30
2026-07-18T02:25:13.610461+00:00,2026-07-18T05:25:13.610461+03:00,1730,Sütlüce Miniatürk Yanı,BEYOĞLU,41.057,28.95,320,227,93,AÇIK OTOPARK,1,15,24 Saat
2026-07-18T02:25:13.610461+00:00,2026-07-18T05:25:13.610461+03:00,36,Şakayık Sokak 4,ŞİŞLİ,41.0518,28.9936,50,1,49,YOL ÜSTÜ,0,15,08:00-16:00
2026-07-18T02:25:13.610461+00:00,2026-07-18T05:25:13.610461+03:00,1469,Şehit Volkan Duysak Katlı Otoparkı,ZEYTİNBURNU,40.9968,28.9039,1000,659,341,KAPALI OTOPARK,0,5,24 Saat
2026-07-18T02:25:13.610461+00:00,2026-07-18T05:25:13.610461+03:00,2385,Şehremini Açık Otoparkı 1,FATİH,41.0135,28.9333,60,1,59,AÇIK OTOPARK,0,0,08:30-20:30
2026-07-18T02:25:13.610461+00:00,2026-07-18T05:25:13.610461+03:00,2855,Şemsipaşa Açık Otoparkı,ÜSKÜDAR,41.0255,29.0097,80,77,3,AÇIK OTOPARK,1,0,24 Saat
2026-07-18T02:25:13.610461+00:00,2026-07-18T05:25:13.610461+03:00,2439,Şirinevler Meydan Zeminaltı Otoparkı,BAHÇELİEVLER,40.9925,28.8496,367,120,247,KAPALI OTOPARK,1,0,24 Saat
2026-07-18T02:25:13.610461+00:00,2026-07-18T05:25:13.610461+03:00,3400,Şişhane Refik Saydam Caddesi 2 Yol Üstü Otoparkı 1,BEYOĞLU,41.0326,28.9743,70,1,69,YOL ÜSTÜ,0,15,06:00-23:00
2026-07-18T02:25:13.610461+00:00,2026-07-18T05:25:13.610461+03:00,1017,Şişli Kadırgalar Caddesi 1,ŞİŞLİ,41.0429,28.9927,100,1,99,AÇIK OTOPARK,0,0,07:00-23:00
2026-07-18T02:25:13.610461+00:00,2026-07-18T05:25:13.610461+03:00,3441,Şişli Kuştepe Zemin Altı Otoparkı,ŞİŞLİ,41.072,28.9919,430,320,110,KAPALI OTOPARK,0,15,24 Saat
2026-07-18T02:25:13.610461+00:00,2026-07-18T05:25:13.610461+03:00,2816,Şişli Rumeli Caddesi Metro Yanı 1,ŞİŞLİ,41.0538,28.9868,45,1,44,YOL ÜSTÜ,0,15,08:00-20:00
2026-07-18T02:25:13.610461+00:00,2026-07-18T05:25:13.610461+03:00,2406,Şişli Zemin Altı Otoparkı,ŞİŞLİ,41.0641,28.9992,581,403,178,KAPALI OTOPARK,1,15,24 Saat
2026-07-18T02:25:13.610461+00:00,2026-07-18T05:25:13.610461+03:00,1993,Tuzla İdo,TUZLA,40.8149,29.3039,300,277,23,AÇIK OTOPARK,0,15,24 Saat
2026-07-18T02:25:13.610461+00:00,2026-07-18T05:25:13.610461+03:00,3332,Tuzla Sahil Cep,TUZLA,40.8168,29.2992,50,41,9,AÇIK OTOPARK,0,0,08:00-00:00
2026-07-18T02:25:13.610461+00:00,2026-07-18T05:25:13.610461+03:00,3057,Tuzla Sahil Zemin Altı Otoparkı,TUZLA,40.8181,29.3004,779,543,236,KAPALI OTOPARK,1,15,24 Saat
2026-07-18T02:25:13.610461+00:00,2026-07-18T05:25:13.610461+03:00,1811,Ulu Camii Açık Otoparkı,BAHÇELİEVLER,40.9982,28.8499,150,116,34,AÇIK OTOPARK,1,10,24 Saat
2026-07-18T02:25:13.610461+00:00,2026-07-18T05:25:13.610461+03:00,2424,Uzunçayır Açık Otoparkı,KADIKÖY,40.9988,29.0556,58,52,6,AÇIK OTOPARK,0,0,06:00-16:00
2026-07-18T02:25:13.610461+00:00,2026-07-18T05:25:13.610461+03:00,1468,Ümraniye Katlı Otoparkı,ÜMRANİYE,41.0261,29.0953,665,524,141,KAPALI OTOPARK,0,15,24 Saat
2026-07-18T02:25:13.610461+00:00,2026-07-18T05:25:13.610461+03:00,2898,Ümraniye Okan Sokak Zeminaltı Otoparkı,ÜMRANİYE,41.0284,29.0907,125,16,109,KAPALI OTOPARK,1,15,24 Saat
2026-07-18T02:25:13.610461+00:00,2026-07-18T05:25:13.610461+03:00,2345,Üsküdar Uzunçayır PD Açık Otoparkı,ÜSKÜDAR,40.9988,29.0577,90,79,11,AÇIK OTOPARK,0,15,06:00-22:00
2026-07-18T02:25:13.610461+00:00,2026-07-18T05:25:13.610461+03:00,1929,Üsküdar Ünalan Açık Otoparkı,ÜSKÜDAR,40.9979,29.0604,180,175,5,AÇIK OTOPARK,0,0,07:00-17:00
2026-07-18T02:25:13.610461+00:00,2026-07-18T05:25:13.610461+03:00,1487,Vatan Caddesi PD Açık Otoparkı,FATİH,41.0157,28.9405,397,364,33,AÇIK OTOPARK,0,5,24 Saat
2026-07-18T02:25:13.610461+00:00,2026-07-18T05:25:13.610461+03:00,1621,Veteriner Hilmi Sokak Yol Üstü 1,ŞİŞLİ,41.0603,28.9892,20,1,19,YOL ÜSTÜ,0,15,08:00-17:00
2026-07-18T02:25:13.610461+00:00,2026-07-18T05:25:13.610461+03:00,2441,Yalı Açık Otoparkı,MALTEPE,40.9095,29.137,85,82,3,AÇIK OTOPARK,0,0,07:30-22:00
2026-07-18T02:25:13.610461+00:00,2026-07-18T05:25:13.610461+03:00,459,Yalı Köşkü Caddesi 1,FATİH,41.0163,28.9759,61,1,60,YOL ÜSTÜ,0,5,07:00-21:00
2026-07-18T02:25:13.610461+00:00,2026-07-18T05:25:13.610461+03:00,2037,Yenikapı Marmaray Büyük Otoparkı,FATİH,41.0057,28.9505,324,257,67,AÇIK OTOPARK,1,15,24 Saat
2026-07-18T02:25:13.610461+00:00,2026-07-18T05:25:13.610461+03:00,2036,Yenikapı Marmaray Küçük Otoparkı,FATİH,41.0064,28.9504,200,200,0,AÇIK OTOPARK,0,15,07:00-22:00
2026-07-18T02:25:13.610461+00:00,2026-07-18T05:25:13.610461+03:00,2175,Yenikapı Spor ve Kültür Merkezi PD Açık Otoparkı,FATİH,41.0006,28.9519,4023,3840,183,AÇIK OTOPARK,0,15,24 Saat
2026-07-18T02:25:13.610461+00:00,2026-07-18T05:25:13.610461+03:00,2805,Yenikapı Tünel Üstü Açık Otoparkı,FATİH,41.0029,28.9534,700,590,110,AÇIK OTOPARK,1,10,24 Saat
2026-07-18T02:25:13.610461+00:00,2026-07-18T05:25:13.610461+03:00,3404,Yenimahalle Metro Zemin Altı PD Otoparkı,GAZİOSMANPAŞA,41.0839,28.8926,114,87,27,KAPALI OTOPARK,1,15,24 Saat
2026-07-18T02:25:13.610461+00:00,2026-07-18T05:25:13.610461+03:00,2920,Yeşilce Zemin Altı Katlı Otoparkı,KAĞITHANE,41.0938,29.0017,676,208,468,KAPALI OTOPARK,1,0,24 Saat
2026-07-18T02:25:13.610461+00:00,2026-07-18T05:25:13.610461+03:00,987,Yeşilköy İstasyon Caddesi 1,BAKIRKÖY,40.962,28.825,40,1,39,YOL ÜSTÜ,0,15,09:00-17:30
2026-07-18T02:25:13.610461+00:00,2026-07-18T05:25:13.610461+03:00,974,Yeşilköy Marina 1,BAKIRKÖY,40.9576,28.8233,145,1,144,YOL ÜSTÜ,0,0,12:00-23:00
2026-07-18T02:25:13.610461+00:00,2026-07-18T05:25:13.610461+03:00,3406,Yeşilpınar Metro Zemin Altı PD Otoparkı,EYÜP,41.081,28.9204,269,180,89,KAPALI OTOPARK,1,15,24 Saat
2026-07-18T02:25:13.610461+00:00,2026-07-18T05:25:13.610461+03:00,315,Yeşilyurt Çarşı 1,BAKIRKÖY,40.9643,28.8379,50,1,49,YOL ÜSTÜ,0,15,09:00-17:30
2026-07-18T02:25:13.610461+00:00,2026-07-18T05:25:13.610461+03:00,1133,Yıldız Korusu,BEŞİKTAŞ,41.0514,29.0165,500,1,499,AÇIK OTOPARK,0,0,08:00-22:00
2026-07-18T02:25:13.610461+00:00,2026-07-18T05:25:13.610461+03:00,882,Zeytinburnu 58. Bulvar 2,ZEYTİNBURNU,40.9932,28.9039,48,1,47,YOL ÜSTÜ,0,15,09:00-18:00
2026-07-18T02:25:13.610461+00:00,2026-07-18T05:25:13.610461+03:00,3185,Zeytinburnu Sahil Cep Otoparkı,ZEYTİNBURNU,40.9798,28.8985,160,1,159,AÇIK OTOPARK,0,0,12:00-22:00
2026-07-18T05:24:55.439225+00:00,2026-07-18T08:24:55.439225+03:00,3068,15 Temmuz Şehitler Meydanı Zeminaltı Otoparkı,ÜMRANİYE,41.0246,29.0915,1029,682,347,KAPALI OTOPARK,1,15,24 Saat
2026-07-18T05:24:55.439225+00:00,2026-07-18T08:24:55.439225+03:00,2338,19 Mayıs Açık,ŞİŞLİ,41.0563,28.9941,65,0,65,AÇIK OTOPARK,1,0,24 Saat
2026-07-18T05:24:55.439225+00:00,2026-07-18T08:24:55.439225+03:00,1751,4.Levent PD Açık Otoparkı,KAĞITHANE,41.0836,29.0081,236,146,90,AÇIK OTOPARK,1,5,24 Saat
2026-07-18T05:24:55.439225+00:00,2026-07-18T08:24:55.439225+03:00,3328,4.Levent Servis ve Turizm Araçları Açık Otoparkı,ŞİŞLİ,41.0841,29.0054,300,157,143,AÇIK OTOPARK,1,15,24 Saat
2026-07-18T05:24:55.439225+00:00,2026-07-18T08:24:55.439225+03:00,3412,5. Levent Gaziosmanpaşa Adliyesi Yanı Açık Otoparkı,EYÜP,41.0927,28.9494,250,235,15,AÇIK OTOPARK,1,15,07:00-23:00
2026-07-18T05:24:55.439225+00:00,2026-07-18T08:24:55.439225+03:00,104,Abide-i Hürriyet Caddesi 5,ŞİŞLİ,41.0619,28.9876,40,1,39,YOL ÜSTÜ,1,15,08:00-17:00
2026-07-18T05:24:55.439225+00:00,2026-07-18T08:24:55.439225+03:00,2452,Acıbadem Açık Otoparkı,ÜSKÜDAR,41.0157,29.0574,100,87,13,AÇIK OTOPARK,1,0,06:30-16:00
2026-07-18T05:24:55.439225+00:00,2026-07-18T08:24:55.439225+03:00,346,Ada Karşısı Cep 2,BEŞİKTAŞ,41.072,29.045,30,1,29,YOL ÜSTÜ,1,15,08:00-23:00
2026-07-18T05:24:55.439225+00:00,2026-07-18T08:24:55.439225+03:00,1663,Akasyalı Sokak Tenis Kulubü Önü 2,BEŞİKTAŞ,41.0867,29.0109,45,1,44,YOL ÜSTÜ,0,15,08:30-17:30
2026-07-18T05:24:55.439225+00:00,2026-07-18T08:24:55.439225+03:00,828,Akdeniz Caddesi 4,FATİH,41.0175,28.9435,27,1,26,YOL ÜSTÜ,0,15,09:00-18:00
2026-07-18T05:24:55.439225+00:00,2026-07-18T08:24:55.439225+03:00,1913,Alibeyköy Cep Otogarı Açık Otoparkı,EYÜP,41.0879,28.9446,116,22,94,AÇIK OTOPARK,1,25,24 Saat
2026-07-18T05:24:55.439225+00:00,2026-07-18T08:24:55.439225+03:00,1912,Alibeyköy Cep Otogarı Otobüs Otoparkı,EYÜP,41.0875,28.9449,5000,4976,24,AÇIK OTOPARK,1,60,24 Saat
2026-07-18T05:24:55.439225+00:00,2026-07-18T08:24:55.439225+03:00,2562,Alibeyköy Yeşiltepe Zemin Altı Otoparkı,EYÜP,41.0797,28.938,159,52,107,KAPALI OTOPARK,1,15,24 Saat
2026-07-18T05:24:55.439225+00:00,2026-07-18T08:24:55.439225+03:00,3201,Altınboynuz Sosyal Tesisleri,EYÜP,41.058,28.9447,70,1,69,AÇIK OTOPARK,1,15,08:00-23:00
2026-07-18T05:24:55.439225+00:00,2026-07-18T08:24:55.439225+03:00,758,Arap Camii Açık Otoparkı,BEYOĞLU,41.0227,28.9723,30,1,29,AÇIK OTOPARK,0,0,09:00-17:00
2026-07-18T05:24:55.439225+00:00,2026-07-18T08:24:55.439225+03:00,2685,Aras Sokak 2,BÜYÜKÇEKMECE,41.023,28.6209,60,1,59,YOL ÜSTÜ,1,0,06:00-14:30
2026-07-18T05:24:55.439225+00:00,2026-07-18T08:24:55.439225+03:00,2802,Arnavutköy Zemin Altı Otoparkı,ARNAVUTKÖY,41.1838,28.7396,700,26,674,KAPALI OTOPARK,1,15,24 Saat
2026-07-18T05:24:55.439225+00:00,2026-07-18T08:24:55.439225+03:00,1797,Ataköy Atrium AVM,BAKIRKÖY,40.9881,28.8459,250,209,41,AÇIK OTOPARK,1,15,08:00-23:00
2026-07-18T05:24:55.439225+00:00,2026-07-18T08:24:55.439225+03:00,2824,Ataköy Metro Durağı Yanı PD Zemin Altı Otoparkı,BAKIRKÖY,40.9904,28.8456,150,90,60,KAPALI OTOPARK,1,0,24 Saat
2026-07-18T05:24:55.439225+00:00,2026-07-18T08:24:55.439225+03:00,3161,Ataşehir Topçu İbrahim Sokak,ATAŞEHİR,40.9736,29.101,42,1,41,YOL ÜSTÜ,1,15,07:00-16:00
2026-07-18T05:24:55.439225+00:00,2026-07-18T08:24:55.439225+03:00,359,Atatürk Bulvarı 1,FATİH,41.0112,28.9534,20,1,19,YOL ÜSTÜ,1,0,07:30-18:00
2026-07-18T05:24:55.439225+00:00,2026-07-18T08:24:55.439225+03:00,3087,Atatürk Kent Ormanı Otoparkı,SARIYER,41.136,29.0262,200,198,2,AÇIK OTOPARK,1,0,08:00-17:00
2026-07-18T05:24:55.439225+00:00,2026-07-18T08:24:55.439225+03:00,1088,Avcılar İdo,AVCILAR,40.9712,28.7185,270,264,6,AÇIK OTOPARK,0,0,13:00-07:00
2026-07-18T05:24:55.439225+00:00,2026-07-18T08:24:55.439225+03:00,2885,Azapkapı Haliç Metro Otoparkı,ŞİŞLİ,41.0245,28.9691,80,43,37,AÇIK OTOPARK,1,5,24 Saat
2026-07-18T05:24:55.439225+00:00,2026-07-18T08:24:55.439225+03:00,2455,Azerbaycan Dostluk Parkı Zemin Altı Otoparkı,BAĞCILAR,41.0444,28.854,400,184,216,KAPALI OTOPARK,1,10,24 Saat
2026-07-18T05:24:55.439225+00:00,2026-07-18T08:24:55.439225+03:00,2965,Bağcılar Çolakoğlu Zemin Altı Otoparkı,BAĞCILAR,41.0324,28.8345,106,0,106,KAPALI OTOPARK,1,5,24 Saat
2026-07-18T05:24:55.439225+00:00,2026-07-18T08:24:55.439225+03:00,2576,Bağcılar Demirkapı Zemin Altı Otoparkı,BAĞCILAR,41.0499,28.8327,343,150,193,KAPALI OTOPARK,1,5,24 Saat
2026-07-18T05:24:55.439225+00:00,2026-07-18T08:24:55.439225+03:00,3036,Bağcılar Devlet Hastanesi Yanı Zeminaltı Otoparkı,BAĞCILAR,41.0312,28.8696,1133,153,980,KAPALI OTOPARK,1,15,24 Saat
2026-07-18T05:24:55.439225+00:00,2026-07-18T08:24:55.439225+03:00,3071,Bağcılar Emniyet Müdürlüğü Yanı Açık Otoparkı,BAĞCILAR,41.0353,28.8598,100,43,57,AÇIK OTOPARK,1,0,24 Saat
2026-07-18T05:24:55.439225+00:00,2026-07-18T08:24:55.439225+03:00,2873,Bağcılar Göztepe Zemin Altı,BAĞCILAR,41.0567,28.8355,120,0,120,KAPALI OTOPARK,1,5,24 Saat
2026-07-18T05:24:55.439225+00:00,2026-07-18T08:24:55.439225+03:00,3187,Bağcılar Hürriyet Mahallesi Zemin Altı Otoparkı,BAĞCILAR,41.0291,28.8333,355,0,355,KAPALI OTOPARK,1,10,24 Saat
2026-07-18T05:24:55.439225+00:00,2026-07-18T08:24:55.439225+03:00,2916,Bağcılar Kent Meydanı PD Zemin Altı Otoparkı,BAĞCILAR,41.0339,28.8556,1162,0,1162,KAPALI OTOPARK,1,0,24 Saat
2026-07-18T05:24:55.439225+00:00,2026-07-18T08:24:55.439225+03:00,3261,Bağcılar Yenimahalle Zemin Altı Otoparkı,BAĞCILAR,41.0425,28.8395,525,274,251,KAPALI OTOPARK,1,15,24 Saat
2026-07-18T05:24:55.439225+00:00,2026-07-18T08:24:55.439225+03:00,2820,Bağcılar Yıldıztepe Katlı Otoparkı,BAĞCILAR,41.0294,28.8556,350,0,350,KAPALI OTOPARK,1,10,24 Saat
2026-07-18T05:24:55.439225+00:00,2026-07-18T08:24:55.439225+03:00,3447,Bahçelievler 23 Nisan Milli Egemenlik Zeminaltı Otoparkı,BAHÇELİEVLER,40.9988,28.8472,732,376,356,KAPALI OTOPARK,1,10,24 Saat
2026-07-18T05:24:55.439225+00:00,2026-07-18T08:24:55.439225+03:00,2993,Bahçelievler Cumhuriyet Zeminaltı Otoparkı,BAHÇELİEVLER,41.0149,28.859,663,0,663,KAPALI OTOPARK,1,10,24 Saat
2026-07-18T05:24:55.439225+00:00,2026-07-18T08:24:55.439225+03:00,2969,Bahçelievler Devlet Hastanesi Yanı Katlı Otoparkı,BAHÇELİEVLER,41.0072,28.8442,740,0,740,KAPALI OTOPARK,1,0,24 Saat
2026-07-18T05:24:55.439225+00:00,2026-07-18T08:24:55.439225+03:00,3051,Bahçelievler Zafer Mh. Zeminaltı Otoparkı,BAHÇELİEVLER,41.0036,28.8351,200,53,147,KAPALI OTOPARK,1,0,24 Saat
2026-07-18T05:24:55.439225+00:00,2026-07-18T08:24:55.439225+03:00,3118,Bahçeşehir Doğa Parkı Caddesi 3,BAŞAKŞEHİR,41.0683,28.6894,22,1,21,YOL ÜSTÜ,0,15,10:00-20:00
2026-07-18T05:24:55.439225+00:00,2026-07-18T08:24:55.439225+03:00,3236,Bahçeşehir Gölet Açık Otoparkı,BAŞAKŞEHİR,41.0719,28.6901,200,1,199,AÇIK OTOPARK,0,0,12:00-22:00
2026-07-18T05:24:55.439225+00:00,2026-07-18T08:24:55.439225+03:00,1465,Bakırköy İdo Açık Otoparkı,BAKIRKÖY,40.9739,28.8761,160,125,35,AÇIK OTOPARK,1,10,24 Saat
2026-07-18T05:24:55.439225+00:00,2026-07-18T08:24:55.439225+03:00,1104,Balmumcu Katlı Otoparkı,BEŞİKTAŞ,41.0636,29.0109,400,327,73,KAPALI OTOPARK,1,5,24 Saat
2026-07-18T05:24:55.439225+00:00,2026-07-18T08:24:55.439225+03:00,2796,Başakşehir Metro Açık Otoparkı,BAŞAKŞEHİR,41.107,28.801,125,1,124,AÇIK OTOPARK,1,0,07:00-16:00
2026-07-18T05:24:55.439225+00:00,2026-07-18T08:24:55.439225+03:00,2350,Bayrampaşa Adapark Katlı Otoparkı,BAYRAMPAŞA,41.0647,28.8875,650,0,650,KAPALI OTOPARK,1,15,24 Saat
2026-07-18T05:24:55.439225+00:00,2026-07-18T08:24:55.439225+03:00,2892,Bayrampaşa Altıntepsi Zemin  Altı Otoparkı,BAYRAMPAŞA,41.0393,28.9029,110,0,110,KAPALI OTOPARK,1,10,24 Saat
2026-07-18T05:24:55.439225+00:00,2026-07-18T08:24:55.439225+03:00,2909,Bayrampaşa Atatürk Parkı  Zemin Altı Otoparkı,BAYRAMPAŞA,41.0342,28.9123,442,16,426,KAPALI OTOPARK,1,10,24 Saat
2026-07-18T05:24:55.439225+00:00,2026-07-18T08:24:55.439225+03:00,2683,Bayrampaşa Devlet Hastanesi Cep Otoparkı,BAYRAMPAŞA,41.0414,28.9031,55,29,26,AÇIK OTOPARK,1,0,08:00-19:00
2026-07-18T05:24:55.439225+00:00,2026-07-18T08:24:55.439225+03:00,3301,Bayrampaşa Kocatepe Mahallesi Zemin Altı Otoparkı,BAYRAMPAŞA,41.0545,28.8964,241,0,241,KAPALI OTOPARK,1,10,24 Saat
2026-07-18T05:24:55.439225+00:00,2026-07-18T08:24:55.439225+03:00,2053,Bayrampaşa Muratpaşa Yer Altı Otoparkı,BAYRAMPAŞA,41.047,28.9082,300,0,300,KAPALI OTOPARK,1,15,24 Saat
2026-07-18T05:24:55.439225+00:00,2026-07-18T08:24:55.439225+03:00,3175,Bayrampaşa Spor Kompleksi Zemin Altı Otoparkı,BAYRAMPAŞA,41.0446,28.9106,205,0,205,KAPALI OTOPARK,1,15,24 Saat
2026-07-18T05:24:55.439225+00:00,2026-07-18T08:24:55.439225+03:00,3382,Bayrampaşa Şehit Kamil Balkan Zemin Altı Otoparkı,BAYRAMPAŞA,41.0604,28.9008,235,0,235,KAPALI OTOPARK,1,10,24 Saat
2026-07-18T05:24:55.439225+00:00,2026-07-18T08:24:55.439225+03:00,2428,Bayrampaşa Yenidoğan Mahallesi Zemin Altı Otoparkı,BAYRAMPAŞA,41.0395,28.9088,120,0,120,KAPALI OTOPARK,1,10,24 Saat
2026-07-18T05:24:55.439225+00:00,2026-07-18T08:24:55.439225+03:00,2468,Bebek Açık,BEŞİKTAŞ,41.077,29.0434,30,1,29,AÇIK OTOPARK,1,0,24 Saat
2026-07-18T05:24:55.439225+00:00,2026-07-18T08:24:55.439225+03:00,3479,Beşiktaş Halk Pazarı Açık Otoparkı,BEŞİKTAŞ,41.0496,29.0004,170,170,0,AÇIK OTOPARK,1,5,24 Saat
2026-07-18T05:24:55.439225+00:00,2026-07-18T08:24:55.439225+03:00,573,Beşiktaş Kadastro Önü 1,BEŞİKTAŞ,41.0503,29.0076,39,1,38,YOL ÜSTÜ,1,15,08:00-17:00
2026-07-18T05:24:55.439225+00:00,2026-07-18T08:24:55.439225+03:00,3257,Beykoz Sahil Cep Otoparkı,BEYKOZ,41.1286,29.0953,100,76,24,AÇIK OTOPARK,1,0,08:00-00:00
2026-07-18T05:24:55.439225+00:00,2026-07-18T08:24:55.439225+03:00,2273,Beykoz Sosyal Tesisleri,BEYKOZ,41.1143,29.0888,130,118,12,AÇIK OTOPARK,1,15,08:00-00:00
2026-07-18T05:24:55.439225+00:00,2026-07-18T08:24:55.439225+03:00,2999,Beyoğlu Gazhane Bostan Sokak 2,BEYOĞLU,41.0389,28.9903,35,1,34,YOL ÜSTÜ,1,0,07:30-16:30
2026-07-18T05:24:55.439225+00:00,2026-07-18T08:24:55.439225+03:00,3072,Beyoğlu Örnektepe Zemin Altı Otoparkı,BEYOĞLU,41.0543,28.9548,143,0,143,KAPALI OTOPARK,1,0,24 Saat
2026-07-18T05:24:55.439225+00:00,2026-07-18T08:24:55.439225+03:00,1455,Bostancı Açık,KADIKÖY,40.9523,29.0902,394,33,361,AÇIK OTOPARK,1,15,24 Saat
2026-07-18T05:24:55.439225+00:00,2026-07-18T08:24:55.439225+03:00,1456,Bostancı Sahil-Cep Açık Otoparkı,KADIKÖY,40.9545,29.0885,192,66,126,AÇIK OTOPARK,1,15,24 Saat
2026-07-18T05:24:55.439225+00:00,2026-07-18T08:24:55.439225+03:00,2150,Bostancı Vergi Dairesi Açık Otoparkı,ATAŞEHİR,40.9625,29.1083,155,0,155,AÇIK OTOPARK,1,5,08:00-20:00
2026-07-18T05:24:55.439225+00:00,2026-07-18T08:24:55.439225+03:00,2854,Bülent Ecevit Kültür Merkezi Açık Otoparkı,KARTAL,40.8852,29.1967,277,254,23,AÇIK OTOPARK,0,5,10:00-21:00
2026-07-18T05:24:55.439225+00:00,2026-07-18T08:24:55.439225+03:00,2866,Büyük İstanbul Otogarı,BAYRAMPAŞA,41.0402,28.8942,1000,0,1000,AÇIK OTOPARK,1,25,24 Saat
2026-07-18T05:24:55.439225+00:00,2026-07-18T08:24:55.439225+03:00,1192,Büyükçamlıca Korusu Sosyal Tesisleri Önü,ÜSKÜDAR,41.0264,29.0698,204,113,91,AÇIK OTOPARK,1,0,08:00-00:00
2026-07-18T05:24:55.439225+00:00,2026-07-18T08:24:55.439225+03:00,2960,Büyükçekmece Metrobüs Durağı Yanı PD Zemin Altı Otopark,BÜYÜKÇEKMECE,41.0221,28.624,448,246,202,KAPALI OTOPARK,1,0,24 Saat
2026-07-18T05:24:55.439225+00:00,2026-07-18T08:24:55.439225+03:00,1503,Cadde Bostan Açık Otoparkı,KADIKÖY,40.9636,29.0675,66,50,16,AÇIK OTOPARK,1,15,24 Saat
2026-07-18T05:24:55.439225+00:00,2026-07-18T08:24:55.439225+03:00,2933,Cemal Kamacı Spor Kompleksi Zemin Altı Otoparkı,KAĞITHANE,41.0536,28.9575,510,0,510,KAPALI OTOPARK,1,0,24 Saat
2026-07-18T05:24:55.439225+00:00,2026-07-18T08:24:55.439225+03:00,2207,Cengiz Topel Yer Altı Katlı Otoparkı,ESENLER,41.0588,28.8643,144,0,144,KAPALI OTOPARK,1,15,24 Saat
2026-07-18T05:24:55.439225+00:00,2026-07-18T08:24:55.439225+03:00,2787,Cevizli Açık Otoparkı,KARTAL,40.9179,29.1712,100,96,4,AÇIK OTOPARK,1,15,08:00-19:00
2026-07-18T05:24:55.439225+00:00,2026-07-18T08:24:55.439225+03:00,782,Cihangir Caddesi 2,BEYOĞLU,41.0319,28.9862,70,1,69,YOL ÜSTÜ,0,15,09:00-19:00
2026-07-18T05:24:55.439225+00:00,2026-07-18T08:24:55.439225+03:00,1467,Cihangir Katlı Otoparkı,BEYOĞLU,41.0318,28.9858,350,0,350,KAPALI OTOPARK,1,0,24 Saat
2026-07-18T05:24:55.439225+00:00,2026-07-18T08:24:55.439225+03:00,535,Cihannuma Yol Üstü 1,BEŞİKTAŞ,41.0454,29.0084,35,1,34,YOL ÜSTÜ,1,0,08:00-23:00
2026-07-18T05:24:55.439225+00:00,2026-07-18T08:24:55.439225+03:00,537,Cihannuma Yol Üstü 3,BEŞİKTAŞ,41.0459,29.0087,33,1,32,YOL ÜSTÜ,1,0,08:00-23:00
2026-07-18T05:24:55.439225+00:00,2026-07-18T08:24:55.439225+03:00,539,Cihannuma Yol Üstü 5,BEŞİKTAŞ,41.0489,29.0094,24,1,23,YOL ÜSTÜ,1,0,08:00-23:00
2026-07-18T05:24:55.439225+00:00,2026-07-18T08:24:55.439225+03:00,3184,Çam Sokak 6,GÜNGÖREN,41.0121,28.8882,50,1,49,YOL ÜSTÜ,1,15,08:00-17:00
2026-07-18T05:24:55.439225+00:00,2026-07-18T08:24:55.439225+03:00,3030,Çekmeköy Metro PD Zemin Altı Otoparkı,ÇEKMEKÖY,41.0147,29.1886,175,72,103,KAPALI OTOPARK,1,15,24 Saat
2026-07-18T05:24:55.439225+00:00,2026-07-18T08:24:55.439225+03:00,2905,Çeliktepe Açık Otoparkı,KAĞITHANE,41.0843,29.0056,200,75,125,AÇIK OTOPARK,1,5,24 Saat
2026-07-18T05:24:55.439225+00:00,2026-07-18T08:24:55.439225+03:00,1298,Çengelköy Açık Otoparkı,ÜSKÜDAR,41.0484,29.0533,500,111,389,AÇIK OTOPARK,1,15,24 Saat
2026-07-18T05:24:55.439225+00:00,2026-07-18T08:24:55.439225+03:00,502,Çınar Açık Otoparkı,BEŞİKTAŞ,41.0853,29.0088,65,1,64,AÇIK OTOPARK,1,0,08:00-18:00
2026-07-18T05:24:55.439225+00:00,2026-07-18T08:24:55.439225+03:00,777,Çırağan Sarayı Yol Üstü 1,BEŞİKTAŞ,41.0448,29.0165,40,1,39,YOL ÜSTÜ,1,15,08:00-23:00
2026-07-18T05:24:55.439225+00:00,2026-07-18T08:24:55.439225+03:00,778,Çırağan Sarayı Yol Üstü 2,BEŞİKTAŞ,41.0445,29.0156,40,1,39,YOL ÜSTÜ,1,15,08:00-23:00
2026-07-18T05:24:55.439225+00:00,2026-07-18T08:24:55.439225+03:00,2228,Çırpıcı Sosyal Tesisler,ZEYTİNBURNU,41,28.8926,128,0,128,AÇIK OTOPARK,1,15,07:00-00:00
2026-07-18T05:24:55.439225+00:00,2026-07-18T08:24:55.439225+03:00,1508,Çiroz Yeşilköy Halk Pazarı,BAKIRKÖY,40.9628,28.8129,471,1,470,AÇIK OTOPARK,1,0,08:00-18:00
2026-07-18T05:24:55.439225+00:00,2026-07-18T08:24:55.439225+03:00,2030,Dalyan Açık Otoparkı,KADIKÖY,40.9632,29.0651,92,2,90,AÇIK OTOPARK,1,15,24 Saat
2026-07-18T05:24:55.439225+00:00,2026-07-18T08:24:55.439225+03:00,2271,Damla Sokak 1,ŞİŞLİ,41.0672,29.0004,17,1,16,YOL ÜSTÜ,1,15,07:30-16:30
2026-07-18T05:24:55.439225+00:00,2026-07-18T08:24:55.439225+03:00,2164,Darüşşafaka Yeraltı Otoparkı,SARIYER,41.1292,29.0252,150,139,11,KAPALI OTOPARK,1,15,08:00-00:00
2026-07-18T05:24:55.439225+00:00,2026-07-18T08:24:55.439225+03:00,1653,Deniz Feneri Otoparkı,FATİH,41.0019,28.9773,175,135,40,AÇIK OTOPARK,1,5,24 Saat
2026-07-18T05:24:55.439225+00:00,2026-07-18T08:24:55.439225+03:00,595,Dostluk Yurdu 1,FATİH,41.0071,28.973,33,1,32,YOL ÜSTÜ,1,15,07:00-17:00
2026-07-18T05:24:55.439225+00:00,2026-07-18T08:24:55.439225+03:00,2237,Dragos Sosyal Tesisleri,KARTAL,40.9017,29.1458,100,54,46,AÇIK OTOPARK,1,15,24 Saat
2026-07-18T05:24:55.439225+00:00,2026-07-18T08:24:55.439225+03:00,3063,Dudullu Metro PD Zemin Altı Otoparkı,ÜMRANİYE,41.0156,29.1633,81,63,18,KAPALI OTOPARK,1,15,07:00-23:30
2026-07-18T05:24:55.439225+00:00,2026-07-18T08:24:55.439225+03:00,1522,Ebu Suut Caddesi 1,FATİH,41.0128,28.9766,35,1,34,YOL ÜSTÜ,1,0,08:00-18:00
2026-07-18T05:24:55.439225+00:00,2026-07-18T08:24:55.439225+03:00,2147,EGS Blokları Açık Otoparkı,BAKIRKÖY,40.9863,28.8354,350,117,233,AÇIK OTOPARK,0,60,09:00-19:30
2026-07-18T05:24:55.439225+00:00,2026-07-18T08:24:55.439225+03:00,2366,Esenler Adem Baştürk Kültür Merkezi Katlı,ESENLER,41.039,28.8846,460,0,460,KAPALI OTOPARK,1,15,24 Saat
2026-07-18T05:24:55.439225+00:00,2026-07-18T08:24:55.439225+03:00,3190,Esenler Havaalanı Mahallesi Zemin Altı Otoparkı,ESENLER,41.0562,28.8674,610,360,250,KAPALI OTOPARK,1,10,24 Saat
2026-07-18T05:24:55.439225+00:00,2026-07-18T08:24:55.439225+03:00,3011,Esenler Menderes Metro İstasyonu Yanı,ESENLER,41.0427,28.8783,68,0,68,AÇIK OTOPARK,1,5,24 Saat
2026-07-18T05:24:55.439225+00:00,2026-07-18T08:24:55.439225+03:00,2822,Esenler Menderes Parkı Zemin Altı Otoparkı,ESENLER,41.0412,28.8729,325,37,288,KAPALI OTOPARK,1,10,24 Saat
2026-07-18T05:24:55.439225+00:00,2026-07-18T08:24:55.439225+03:00,3303,Esenyurt Adile Naşit Bulvarı Zeminaltı Otoparkı,ESENYURT,41.0205,28.6859,367,300,67,KAPALI OTOPARK,1,15,24 Saat
2026-07-18T05:24:55.439225+00:00,2026-07-18T08:24:55.439225+03:00,1328,Eski Salı Pazarı,KADIKÖY,40.9904,29.0338,760,21,739,AÇIK OTOPARK,1,15,24 Saat
2026-07-18T05:24:55.439225+00:00,2026-07-18T08:24:55.439225+03:00,904,Eyüp Pierloti Caddesi 1,EYÜP,41.0539,28.9329,40,1,39,YOL ÜSTÜ,0,0,09:00-22:00
2026-07-18T05:24:55.439225+00:00,2026-07-18T08:24:55.439225+03:00,2850,Eyüpsultan Akşemsettin Mahallesi Zemin Altı Otoparkı,EYÜP,41.085,28.9258,110,0,110,KAPALI OTOPARK,1,15,24 Saat
2026-07-18T05:24:55.439225+00:00,2026-07-18T08:24:55.439225+03:00,2215,Fatih Çeşmesi Tabiat Parkı Otoparkı,SARIYER,41.1686,28.9448,250,1,249,AÇIK OTOPARK,1,0,06:00-20:00
2026-07-18T05:24:55.439225+00:00,2026-07-18T08:24:55.439225+03:00,1475,Fatih Katlı Otoparkı,FATİH,41.0198,28.9396,118,43,75,KAPALI OTOPARK,1,10,24 Saat
2026-07-18T05:24:55.439225+00:00,2026-07-18T08:24:55.439225+03:00,1591,Feshane PD Açık Otoparkı,EYÜP,41.0463,28.9378,200,158,42,AÇIK OTOPARK,1,15,24 Saat
2026-07-18T05:24:55.439225+00:00,2026-07-18T08:24:55.439225+03:00,1005,Florya Havuzlu Bahçe,BAKIRKÖY,40.9764,28.7908,135,1,134,AÇIK OTOPARK,0,0,09:00-23:00
2026-07-18T05:24:55.439225+00:00,2026-07-18T08:24:55.439225+03:00,2238,Florya Sosyal Tesisleri,BAKIRKÖY,40.9614,28.8091,1074,1029,45,AÇIK OTOPARK,1,15,24 Saat
2026-07-18T05:24:55.439225+00:00,2026-07-18T08:24:55.439225+03:00,3296,Gaziosmanpaşa Meydanı ve Yaşam Merkezi Zemin Altı Otoparkı,GAZİOSMANPAŞA,41.0606,28.9093,202,0,202,KAPALI OTOPARK,1,15,24 Saat
2026-07-18T05:24:55.439225+00:00,2026-07-18T08:24:55.439225+03:00,2971,Gaziosmanpaşa Zemin Altı Otoparkı,GAZİOSMANPAŞA,41.0796,28.8858,285,0,285,KAPALI OTOPARK,1,0,24 Saat
2026-07-18T05:24:55.439225+00:00,2026-07-18T08:24:55.439225+03:00,3401,Giyimkent Tekstilkent Metro Zemin Altı PD Otoparkı,ESENLER,41.0711,28.8666,203,187,16,KAPALI OTOPARK,1,10,24 Saat
2026-07-18T05:24:55.439225+00:00,2026-07-18T08:24:55.439225+03:00,2242,Gözdağı Sosyal Tesisler  Açık Otoparkı,PENDİK,40.893,29.2538,300,218,82,AÇIK OTOPARK,1,0,07:00-23:00
2026-07-18T05:24:55.439225+00:00,2026-07-18T08:24:55.439225+03:00,1879,Gülsuyu Metro PD Yer Altı Otoparkı,MALTEPE,40.9237,29.1548,76,0,76,KAPALI OTOPARK,1,15,08:00-00:00
2026-07-18T05:24:55.439225+00:00,2026-07-18T08:24:55.439225+03:00,1423,Güneş Plajı 1,BAKIRKÖY,40.9712,28.79,250,218,32,AÇIK OTOPARK,1,10,24 Saat
2026-07-18T05:24:55.439225+00:00,2026-07-18T08:24:55.439225+03:00,1461,Güneş Plajı 2,BAKIRKÖY,40.9692,28.7951,135,129,6,AÇIK OTOPARK,1,10,08:00-20:00
2026-07-18T05:24:55.439225+00:00,2026-07-18T08:24:55.439225+03:00,3053,Güngören Nikah Dairesi Zemin Altı otoparkı,GÜNGÖREN,41.0363,28.8718,147,0,147,KAPALI OTOPARK,1,10,24 Saat
2026-07-18T05:24:55.439225+00:00,2026-07-18T08:24:55.439225+03:00,2216,Gürpınar Balık Hali Otoparkı,BEYLİKDÜZÜ,40.9663,28.6019,1000,840,160,AÇIK OTOPARK,1,15,24 Saat
2026-07-18T05:24:55.439225+00:00,2026-07-18T08:24:55.439225+03:00,1525,Hacıosman Metro Yer Altı Otoparkı,SARIYER,41.14,29.0306,422,0,422,KAPALI OTOPARK,1,15,24 Saat
2026-07-18T05:24:55.439225+00:00,2026-07-18T08:24:55.439225+03:00,1470,Haldun Alagaş Katlı Otoparkı,ÜMRANİYE,41.0262,29.1052,197,158,39,KAPALI OTOPARK,1,15,24 Saat
2026-07-18T05:24:55.439225+00:00,2026-07-18T08:24:55.439225+03:00,3235,Haliç Sosyal Tesisleri Otoparkı,FATİH,41.0277,28.9572,60,51,9,AÇIK OTOPARK,1,15,07:00-00:00
2026-07-18T05:24:55.439225+00:00,2026-07-18T08:24:55.439225+03:00,2848,Halkalı Mahallesi Zemin Altı Otoparkı,KÜÇÜKÇEKMECE,41.0359,28.7848,347,290,57,KAPALI OTOPARK,1,15,24 Saat
2026-07-18T05:24:55.439225+00:00,2026-07-18T08:24:55.439225+03:00,2838,Hamidiye Mahallesi Katlı Otoparkı,KAĞITHANE,41.0949,28.971,450,207,243,KAPALI OTOPARK,1,15,24 Saat
2026-07-18T05:24:55.439225+00:00,2026-07-18T08:24:55.439225+03:00,1446,Harbiye Zemin Altı Otoparkı,BEYOĞLU,41.0408,28.9869,142,62,80,KAPALI OTOPARK,1,0,24 Saat
2026-07-18T05:24:55.439225+00:00,2026-07-18T08:24:55.439225+03:00,2332,Haydarpaşa Katlı Otoparkı,ÜSKÜDAR,41.0048,29.0251,840,746,94,KAPALI OTOPARK,1,15,24 Saat
2026-07-18T05:24:55.439225+00:00,2026-07-18T08:24:55.439225+03:00,1987,Haznedar Yer Altı Otoparkı,GÜNGÖREN,41.0083,28.8729,540,0,540,KAPALI OTOPARK,1,0,24 Saat
2026-07-18T05:24:55.439225+00:00,2026-07-18T08:24:55.439225+03:00,377,Hızır Külhani Sokak,FATİH,41.0202,28.9605,32,1,31,YOL ÜSTÜ,0,15,09:00-17:00
2026-07-18T05:24:55.439225+00:00,2026-07-18T08:24:55.439225+03:00,3173,Hürriyet Mahallesi Zeminaltı Otoparkı,GAZİOSMANPAŞA,41.0708,28.8951,190,0,190,KAPALI OTOPARK,1,15,24 Saat
2026-07-18T05:24:55.439225+00:00,2026-07-18T08:24:55.439225+03:00,157,Ihlamur Dere Caddesi 4,BEŞİKTAŞ,41.047,29.0023,27,1,26,YOL ÜSTÜ,0,15,09:00-17:00
2026-07-18T05:24:55.439225+00:00,2026-07-18T08:24:55.439225+03:00,1189,İçerenköy Sebze Meyve Hali Otoparkı,ATAŞEHİR,40.9766,29.1044,600,600,0,AÇIK OTOPARK,1,15,24 Saat
2026-07-18T05:24:55.439225+00:00,2026-07-18T08:24:55.439225+03:00,1127,İshakpaşa Caddesi,FATİH,41.0079,28.9814,200,1,199,YOL ÜSTÜ,1,0,08:00-18:00
2026-07-18T05:24:55.439225+00:00,2026-07-18T08:24:55.439225+03:00,3265,İspark İstanbul West Marina Açık Otoparkı 1,BEYLİKDÜZÜ,40.9636,28.6564,250,1,249,AÇIK OTOPARK,1,15,24 Saat
2026-07-18T05:24:55.439225+00:00,2026-07-18T08:24:55.439225+03:00,2793,İspark Merter Katlı Otoparkı,GÜNGÖREN,41.0097,28.89,900,463,437,KAPALI OTOPARK,1,10,24 Saat
2026-07-18T05:24:55.439225+00:00,2026-07-18T08:24:55.439225+03:00,2430,İspark West İstanbul Marina Açık Otoparkı,BEYLİKDÜZÜ,40.9639,28.6591,1600,1362,238,AÇIK OTOPARK,1,15,24 Saat
2026-07-18T05:24:55.439225+00:00,2026-07-18T08:24:55.439225+03:00,381,İstinye 4 ( Cami Önü ),SARIYER,41.1149,29.0571,25,1,24,YOL ÜSTÜ,0,15,08:30-17:30
2026-07-18T05:24:55.439225+00:00,2026-07-18T08:24:55.439225+03:00,1804,İtalyan Hastanesi Karşısı Açık Otoparkı 1,BEYOĞLU,41.028,28.9815,30,1,29,AÇIK OTOPARK,1,0,08:00-19:00
2026-07-18T05:24:55.439225+00:00,2026-07-18T08:24:55.439225+03:00,507,Kabasakal Medrese Önü,FATİH,41.0062,28.9789,65,1,64,AÇIK OTOPARK,1,0,08:00-18:30
2026-07-18T05:24:55.439225+00:00,2026-07-18T08:24:55.439225+03:00,3306,Kabataş Transfer Merkezi Turizm Otobüs Otoparkı,BEYOĞLU,41.0336,28.9923,160,81,79,KAPALI OTOPARK,1,20,24 Saat
2026-07-18T05:24:55.439225+00:00,2026-07-18T08:24:55.439225+03:00,2918,Kadıköy Hasanpaşa Gazhane Katlı Otoparkı,KADIKÖY,40.9972,29.0428,310,185,125,KAPALI OTOPARK,1,15,24 Saat
2026-07-18T05:24:55.439225+00:00,2026-07-18T08:24:55.439225+03:00,1447,Kadıköy İski Açık Otoparkı,KADIKÖY,40.9874,29.0207,124,102,22,AÇIK OTOPARK,1,15,24 Saat
2026-07-18T05:24:55.439225+00:00,2026-07-18T08:24:55.439225+03:00,1655,Kadıköy Metro Açık Otoparkı,KADIKÖY,40.9899,29.0217,74,54,20,AÇIK OTOPARK,1,15,24 Saat
2026-07-18T05:24:55.439225+00:00,2026-07-18T08:24:55.439225+03:00,3445,Kadıköy Uzunçayır PD Açık Otoparkı,KADIKÖY,40.9982,29.0569,70,49,21,AÇIK OTOPARK,1,15,06:30-16:30
2026-07-18T05:24:55.439225+00:00,2026-07-18T08:24:55.439225+03:00,2808,Kadıköy Yeni Salı Pazarı PD Katlı Otoparkı,KADIKÖY,40.9969,29.0486,1350,501,849,KAPALI OTOPARK,1,15,24 Saat
2026-07-18T05:24:55.439225+00:00,2026-07-18T08:24:55.439225+03:00,2811,Kağıthane Harmantepe Zemin Altı Otoparkı,KAĞITHANE,41.0816,28.9907,200,0,200,KAPALI OTOPARK,1,0,24 Saat
2026-07-18T05:24:55.439225+00:00,2026-07-18T08:24:55.439225+03:00,1452,Kalamış Açık Otoparkı,KADIKÖY,40.9687,29.0363,173,164,9,AÇIK OTOPARK,1,15,24 Saat
2026-07-18T05:24:55.439225+00:00,2026-07-18T08:24:55.439225+03:00,1474,Kartal Hasan Doğan Spor Kompleksi,KARTAL,40.8918,29.1897,773,0,773,KAPALI OTOPARK,1,15,24 Saat
2026-07-18T05:24:55.439225+00:00,2026-07-18T08:24:55.439225+03:00,1105,Kartal İdo Açık Otoparkı,KARTAL,40.8874,29.1881,90,0,90,AÇIK OTOPARK,1,15,24 Saat
2026-07-18T05:24:55.439225+00:00,2026-07-18T08:24:55.439225+03:00,1550,Kartal Sahil Açık Otoparkı,KARTAL,40.8875,29.1901,75,47,28,AÇIK OTOPARK,1,5,24 Saat
2026-07-18T05:24:55.439225+00:00,2026-07-18T08:24:55.439225+03:00,3434,Kasımpaşa Sosyal Tesisler Otoparkı,BEYOĞLU,41.0296,28.9673,60,36,24,AÇIK OTOPARK,1,0,07:30-23:00
2026-07-18T05:24:55.439225+00:00,2026-07-18T08:24:55.439225+03:00,2827,Kayaşehir Meydan Zemin Altı Otoparkı,BAŞAKŞEHİR,41.1196,28.7718,1054,1,1053,KAPALI OTOPARK,0,0,10:00-17:00
2026-07-18T05:24:55.439225+00:00,2026-07-18T08:24:55.439225+03:00,1960,Kazlıçeşme Marmaray Açık Otoparkı,ZEYTİNBURNU,40.9922,28.917,700,641,59,AÇIK OTOPARK,1,15,24 Saat
2026-07-18T05:24:55.439225+00:00,2026-07-18T08:24:55.439225+03:00,2994,Kirazlı Metro Durağı PD Açık Otoparkı,BAĞCILAR,41.033,28.8429,112,0,112,AÇIK OTOPARK,1,5,24 Saat
2026-07-18T05:24:55.439225+00:00,2026-07-18T08:24:55.439225+03:00,1528,Kore Şehitleri Caddesi - Yüzbaşı Kaya Aldağon Sokak 1,ŞİŞLİ,41.0719,29.0139,40,1,39,YOL ÜSTÜ,1,15,07:00-16:00
2026-07-18T05:24:55.439225+00:00,2026-07-18T08:24:55.439225+03:00,2449,Kozyatağı Sebze-Meyve Hali,ATAŞEHİR,40.9787,29.1029,1500,1500,0,AÇIK OTOPARK,1,0,24 Saat
2026-07-18T05:24:55.439225+00:00,2026-07-18T08:24:55.439225+03:00,1206,Kutlugün Sokak 2,FATİH,41.0061,28.9801,200,1,199,YOL ÜSTÜ,1,0,08:00-18:00
2026-07-18T05:24:55.439225+00:00,2026-07-18T08:24:55.439225+03:00,3074,Küçük Çamlıca,ÜSKÜDAR,41.0204,29.0653,129,106,23,AÇIK OTOPARK,1,0,08:00-22:00
2026-07-18T05:24:55.439225+00:00,2026-07-18T08:24:55.439225+03:00,3127,Küçükçekmece Cennet Mahallesi Meydan Zemin Altı Otoparkı,KÜÇÜKÇEKMECE,40.9907,28.783,456,0,456,KAPALI OTOPARK,1,10,24 Saat
2026-07-18T05:24:55.439225+00:00,2026-07-18T08:24:55.439225+03:00,2554,Küçükçekmece Fevzi Çakmak Meydanı Zemin Altı Otoparkı,KÜÇÜKÇEKMECE,41.0076,28.7927,1000,502,498,KAPALI OTOPARK,1,10,24 Saat
2026-07-18T05:24:55.439225+00:00,2026-07-18T08:24:55.439225+03:00,2882,Küçüksu Kasrı Açık Otoparkı,BEYKOZ,41.0789,29.0657,98,91,7,AÇIK OTOPARK,1,0,07:00-23:00
2026-07-18T05:24:55.439225+00:00,2026-07-18T08:24:55.439225+03:00,220,Levent Hamidiye,BEŞİKTAŞ,41.0861,29.0076,100,1,99,AÇIK OTOPARK,1,0,08:00-19:00
2026-07-18T05:24:55.439225+00:00,2026-07-18T08:24:55.439225+03:00,2335,Maçka Açık Otoparkı,ŞİŞLİ,41.046,28.9908,75,75,0,AÇIK OTOPARK,1,0,24 Saat
2026-07-18T05:24:55.439225+00:00,2026-07-18T08:24:55.439225+03:00,1859,Maçka Katlı Otoparkı,ŞİŞLİ,41.0484,28.9903,508,0,508,KAPALI OTOPARK,1,0,24 Saat
2026-07-18T05:24:55.439225+00:00,2026-07-18T08:24:55.439225+03:00,3193,Maltepe Rıhtım Caddesi Açık Otoparkı,MALTEPE,40.9258,29.1241,76,71,5,AÇIK OTOPARK,1,0,24 Saat
2026-07-18T05:24:55.439225+00:00,2026-07-18T08:24:55.439225+03:00,2146,Maltepe Süreyyapaşa Çarşısı Açık Otoparkı,MALTEPE,40.9274,29.1225,156,141,15,AÇIK OTOPARK,1,0,24 Saat
2026-07-18T05:24:55.439225+00:00,2026-07-18T08:24:55.439225+03:00,1599,Maslak Açık Otoparkı,SARIYER,41.1166,29.024,150,132,18,AÇIK OTOPARK,1,10,24 Saat
2026-07-18T05:24:55.439225+00:00,2026-07-18T08:24:55.439225+03:00,2100,Matbaacılar Sitesi Yanı,ZEYTİNBURNU,41.0234,28.9187,250,204,46,AÇIK OTOPARK,1,5,24 Saat
2026-07-18T05:24:55.439225+00:00,2026-07-18T08:24:55.439225+03:00,920,Meclis-i Mebusan Yokuşu 2,BEYOĞLU,41.0326,28.9882,34,1,33,YOL ÜSTÜ,0,15,09:00-17:00
2026-07-18T05:24:55.439225+00:00,2026-07-18T08:24:55.439225+03:00,1546,Menekşe Plajı Açık Otoparkı,BAKIRKÖY,40.9761,28.7766,200,200,0,AÇIK OTOPARK,1,0,24 Saat
2026-07-18T05:24:55.439225+00:00,2026-07-18T08:24:55.439225+03:00,1376,Mercan Açık,FATİH,41.0136,28.9669,130,105,25,AÇIK OTOPARK,1,0,08:00-23:00
2026-07-18T05:24:55.439225+00:00,2026-07-18T08:24:55.439225+03:00,3309,Mercan Ali Paşa Sarayı Zemin Altı Otoparkı,FATİH,41.0136,28.967,196,1,195,KAPALI OTOPARK,1,0,07:00-21:00
2026-07-18T05:24:55.439225+00:00,2026-07-18T08:24:55.439225+03:00,1472,Merter Katlı Otoparkı,GÜNGÖREN,41.0092,28.8874,1000,917,83,KAPALI OTOPARK,1,10,24 Saat
2026-07-18T05:24:55.439225+00:00,2026-07-18T08:24:55.439225+03:00,2375,Merter Metro PD Zeminaltı Otoparkı,GÜNGÖREN,41.0037,28.8897,242,101,141,KAPALI OTOPARK,1,10,24 Saat
2026-07-18T05:24:55.439225+00:00,2026-07-18T08:24:55.439225+03:00,1568,Mete Caddesi 1,BEYOĞLU,41.0382,28.9879,31,1,30,YOL ÜSTÜ,1,15,08:00-23:00
2026-07-18T05:24:55.439225+00:00,2026-07-18T08:24:55.439225+03:00,1471,Mevlana Yeraltı Katlı Otoparkı,ZEYTİNBURNU,41.0072,28.9049,1000,850,150,KAPALI OTOPARK,1,5,24 Saat
2026-07-18T05:24:55.439225+00:00,2026-07-18T08:24:55.439225+03:00,2709,Millet Caddesi Açık Otoparkı,FATİH,41.01,28.9461,60,47,13,AÇIK OTOPARK,1,15,24 Saat
2026-07-18T05:24:55.439225+00:00,2026-07-18T08:24:55.439225+03:00,3152,Mimar Sinan Zemin Altı Otoparkı,ÜSKÜDAR,41.0222,29.0169,956,580,376,KAPALI OTOPARK,1,15,24 Saat
2026-07-18T05:24:55.439225+00:00,2026-07-18T08:24:55.439225+03:00,2870,Miniatürk Çadır Açık Otoparkı,BEYOĞLU,41.0594,28.9501,250,203,47,AÇIK OTOPARK,1,15,07:00-20:00
2026-07-18T05:24:55.439225+00:00,2026-07-18T08:24:55.439225+03:00,2556,Muallim Naci Açık Otoparkı,BEŞİKTAŞ,41.0561,29.0342,35,25,10,AÇIK OTOPARK,1,15,24 Saat
2026-07-18T05:24:55.439225+00:00,2026-07-18T08:24:55.439225+03:00,569,Oda Kule Önü 1,BEYOĞLU,41.0322,28.9751,24,1,23,YOL ÜSTÜ,1,0,07:00-01:00
2026-07-18T05:24:55.439225+00:00,2026-07-18T08:24:55.439225+03:00,1988,Orhangazi Şehir Parkı PD Açık Otoparkı,MALTEPE,40.9313,29.1161,5022,4682,340,AÇIK OTOPARK,1,15,24 Saat
2026-07-18T05:24:55.439225+00:00,2026-07-18T08:24:55.439225+03:00,152,Ortabahçe Caddesi 2,BEŞİKTAŞ,41.0428,29.0043,35,1,34,YOL ÜSTÜ,1,15,08:00-23:00
2026-07-18T05:24:55.439225+00:00,2026-07-18T08:24:55.439225+03:00,153,Ortabahçe Caddesi 3,BEŞİKTAŞ,41.043,29.0042,26,1,25,YOL ÜSTÜ,1,15,08:00-23:00
2026-07-18T05:24:55.439225+00:00,2026-07-18T08:24:55.439225+03:00,119,Ortaklar Caddesi 1,ŞİŞLİ,41.0638,28.9971,25,1,24,YOL ÜSTÜ,0,15,08:30-17:00
2026-07-18T05:24:55.439225+00:00,2026-07-18T08:24:55.439225+03:00,1343,Ortaköy Açık Otoparkı,BEŞİKTAŞ,41.0504,29.0326,170,161,9,AÇIK OTOPARK,1,0,24 Saat
2026-07-18T05:24:55.439225+00:00,2026-07-18T08:24:55.439225+03:00,572,Ortaköy Portakal Yokuşu 1,BEŞİKTAŞ,41.0503,29.0261,15,1,14,YOL ÜSTÜ,0,15,09:00-19:00
2026-07-18T05:24:55.439225+00:00,2026-07-18T08:24:55.439225+03:00,1039,Öğretmen Evi,AVCILAR,40.9723,28.714,80,42,38,AÇIK OTOPARK,0,0,11:00-23:00
2026-07-18T05:24:55.439225+00:00,2026-07-18T08:24:55.439225+03:00,1466,Pendik Katlı Otoparkı,PENDİK,40.8789,29.2342,120,73,47,KAPALI OTOPARK,1,15,24 Saat
2026-07-18T05:24:55.439225+00:00,2026-07-18T08:24:55.439225+03:00,3073,Pendik Kemal Kalkuz Parkı Zemin Altı Otoparkı,PENDİK,40.8885,29.2427,224,0,224,KAPALI OTOPARK,0,0,09:00-18:00
2026-07-18T05:24:55.439225+00:00,2026-07-18T08:24:55.439225+03:00,3019,Pendik Meydan Zemin Altı Otoparkı,PENDİK,40.8752,29.2324,937,0,937,KAPALI OTOPARK,1,0,24 Saat
2026-07-18T05:24:55.439225+00:00,2026-07-18T08:24:55.439225+03:00,2865,Pendik Sahil Engelliler Merkez Önü,PENDİK,40.8735,29.233,100,66,34,AÇIK OTOPARK,0,0,11:00-20:00
2026-07-18T05:24:55.439225+00:00,2026-07-18T08:24:55.439225+03:00,2434,Pendik Sahil İdo,PENDİK,40.8755,29.2369,100,0,100,AÇIK OTOPARK,1,0,07:00-23:00
2026-07-18T05:24:55.439225+00:00,2026-07-18T08:24:55.439225+03:00,248,Pendik Yenimahalle Açık 2 Otoparkı,PENDİK,40.864,29.2723,124,110,14,AÇIK OTOPARK,0,15,10:00-22:00
2026-07-18T05:24:55.439225+00:00,2026-07-18T08:24:55.439225+03:00,297,Perşembe Pazarı 1,BEYOĞLU,41.0252,28.9693,32,1,31,YOL ÜSTÜ,1,15,08:00-17:00
2026-07-18T05:24:55.439225+00:00,2026-07-18T08:24:55.439225+03:00,597,Pierre Loti Caddesi 3,FATİH,41.0069,28.9711,36,1,35,YOL ÜSTÜ,1,0,07:00-17:00
2026-07-18T05:24:55.439225+00:00,2026-07-18T08:24:55.439225+03:00,3263,Piyalepaşa Meydanı Zemin Altı Otoparkı,BEYOĞLU,41.0445,28.9674,560,231,329,KAPALI OTOPARK,1,0,24 Saat
2026-07-18T05:24:55.439225+00:00,2026-07-18T08:24:55.439225+03:00,423,Prof.Cemil Birsel Yokuşu 3,FATİH,41.0178,28.967,40,1,39,YOL ÜSTÜ,1,0,07:00-18:00
2026-07-18T05:24:55.439225+00:00,2026-07-18T08:24:55.439225+03:00,1900,Ragıp Gümüşpala Cad.(Sobacılar Önü),FATİH,41.0181,28.969,40,1,39,YOL ÜSTÜ,1,15,07:00-18:00
2026-07-18T05:24:55.439225+00:00,2026-07-18T08:24:55.439225+03:00,415,Ragıp Gümüşpala Camii Önü 1,FATİH,41.0211,28.9627,35,1,34,YOL ÜSTÜ,1,0,07:00-17:30
2026-07-18T05:24:55.439225+00:00,2026-07-18T08:24:55.439225+03:00,3268,Refik Saydam Caddesi 3,BEYOĞLU,41.032,28.9736,55,1,54,YOL ÜSTÜ,1,0,06:00-23:00
2026-07-18T05:24:55.439225+00:00,2026-07-18T08:24:55.439225+03:00,2307,Ressam Halim Sokak PD Açık Otoparkı,BAHÇELİEVLER,40.9967,28.8641,120,109,11,AÇIK OTOPARK,1,15,08:00-00:00
2026-07-18T05:24:55.439225+00:00,2026-07-18T08:24:55.439225+03:00,3082,Rumeli Hisarı Sahil Yolu Otoparkı,SARIYER,41.0854,29.0568,20,6,14,AÇIK OTOPARK,1,0,24 Saat
2026-07-18T05:24:55.439225+00:00,2026-07-18T08:24:55.439225+03:00,1595,Sabiha Gökçen Açık Otoparkı,PENDİK,40.925,29.308,1056,0,1056,AÇIK OTOPARK,1,15,24 Saat
2026-07-18T05:24:55.439225+00:00,2026-07-18T08:24:55.439225+03:00,3239,Samatya Sahil Cep Otoparkı,FATİH,40.9954,28.932,113,103,10,AÇIK OTOPARK,1,15,24 Saat
2026-07-18T05:24:55.439225+00:00,2026-07-18T08:24:55.439225+03:00,3273,Sarıyer Büyükdere Fidanlığı,SARIYER,41.1548,29.0268,160,157,3,AÇIK OTOPARK,1,0,08:00-18:00
2026-07-18T05:24:55.439225+00:00,2026-07-18T08:24:55.439225+03:00,3299,Sariyer Ayazağa Mah Vadi İstanbul Önü Açık Otoparkı,SARIYER,41.1106,28.9881,100,97,3,AÇIK OTOPARK,1,0,08:00-20:00
2026-07-18T05:24:55.439225+00:00,2026-07-18T08:24:55.439225+03:00,1303,Seyrantepe Katlı (Arena Karşısı) 1,KAĞITHANE,41.101,28.9961,1897,1,1896,KAPALI OTOPARK,1,0,24 Saat
2026-07-18T05:24:55.439225+00:00,2026-07-18T08:24:55.439225+03:00,1628,Sıracevizler Caddesi Yol Üstü 5,ŞİŞLİ,41.0607,28.9841,45,1,44,YOL ÜSTÜ,0,15,09:00-17:00
2026-07-18T05:24:55.439225+00:00,2026-07-18T08:24:55.439225+03:00,464,Sirkeci Gar Önü,FATİH,41.015,28.9761,60,1,59,AÇIK OTOPARK,1,5,07:00-20:00
2026-07-18T05:24:55.439225+00:00,2026-07-18T08:24:55.439225+03:00,1486,Siyavuşpaşa Yer Altı Otoparkı,BAHÇELİEVLER,40.9965,28.8532,155,0,155,KAPALI OTOPARK,1,0,24 Saat
2026-07-18T05:24:55.439225+00:00,2026-07-18T08:24:55.439225+03:00,1958,Soğanlık Metro PD Açık Otoparkı,KARTAL,40.9131,29.1925,898,861,37,AÇIK OTOPARK,1,15,24 Saat
2026-07-18T05:24:55.439225+00:00,2026-07-18T08:24:55.439225+03:00,589,Su Terazisi Sokak,FATİH,41.0046,28.9727,22,1,21,YOL ÜSTÜ,1,0,07:30-17:00
2026-07-18T05:24:55.439225+00:00,2026-07-18T08:24:55.439225+03:00,1478,Suadiye Cep Açık Otoparkı,KADIKÖY,40.9586,29.0732,130,119,11,AÇIK OTOPARK,1,15,24 Saat
2026-07-18T05:24:55.439225+00:00,2026-07-18T08:24:55.439225+03:00,2948,Suadiye Sahil Açık Otoparkı,KADIKÖY,40.9562,29.0797,70,55,15,AÇIK OTOPARK,1,5,24 Saat
2026-07-18T05:24:55.439225+00:00,2026-07-18T08:24:55.439225+03:00,2799,Sultanbeyli Emir Caddesi Zemin Altı Otoparkı,SULTANBEYLİ,40.9707,29.2606,130,115,15,KAPALI OTOPARK,1,15,08:00-22:00
2026-07-18T05:24:55.439225+00:00,2026-07-18T08:24:55.439225+03:00,2372,Sultanbeyli Kent Meydanı Zemin Altı Otoparkı,SULTANBEYLİ,40.9667,29.2667,300,215,85,KAPALI OTOPARK,1,15,24 Saat
2026-07-18T05:24:55.439225+00:00,2026-07-18T08:24:55.439225+03:00,2410,Sultangazi Zemin Altı Otoparkı,SULTANGAZİ,41.0944,28.8649,104,0,104,KAPALI OTOPARK,1,10,24 Saat
2026-07-18T05:24:55.439225+00:00,2026-07-18T08:24:55.439225+03:00,2085,Süleyman Seba Caddesi 2,BEŞİKTAŞ,41.0426,28.9998,40,1,39,YOL ÜSTÜ,1,15,08:00-18:00
2026-07-18T05:24:55.439225+00:00,2026-07-18T08:24:55.439225+03:00,2088,Süleyman Seba Caddesi 5,BEŞİKTAŞ,41.0432,28.9978,40,1,39,YOL ÜSTÜ,1,15,08:00-18:00
2026-07-18T05:24:55.439225+00:00,2026-07-18T08:24:55.439225+03:00,2089,Süleyman Seba Caddesi 6,BEŞİKTAŞ,41.0435,28.9967,11,1,10,YOL ÜSTÜ,1,15,08:00-18:00
2026-07-18T05:24:55.439225+00:00,2026-07-18T08:24:55.439225+03:00,2391,Süleymaniye Cami Altı Açık Otoparkı,FATİH,41.0158,28.961,250,235,15,AÇIK OTOPARK,1,0,06:30-18:30
2026-07-18T05:24:55.439225+00:00,2026-07-18T08:24:55.439225+03:00,1730,Sütlüce Miniatürk Yanı,BEYOĞLU,41.057,28.95,320,231,89,AÇIK OTOPARK,1,15,24 Saat
2026-07-18T05:24:55.439225+00:00,2026-07-18T08:24:55.439225+03:00,36,Şakayık Sokak 4,ŞİŞLİ,41.0518,28.9936,50,1,49,YOL ÜSTÜ,1,15,08:00-16:00
2026-07-18T05:24:55.439225+00:00,2026-07-18T08:24:55.439225+03:00,1469,Şehit Volkan Duysak Katlı Otoparkı,ZEYTİNBURNU,40.9968,28.9039,1000,668,332,KAPALI OTOPARK,1,5,24 Saat
2026-07-18T05:24:55.439225+00:00,2026-07-18T08:24:55.439225+03:00,2385,Şehremini Açık Otoparkı 1,FATİH,41.0135,28.9333,60,1,59,AÇIK OTOPARK,0,0,08:30-20:30
2026-07-18T05:24:55.439225+00:00,2026-07-18T08:24:55.439225+03:00,2855,Şemsipaşa Açık Otoparkı,ÜSKÜDAR,41.0255,29.0097,80,67,13,AÇIK OTOPARK,1,0,24 Saat
2026-07-18T05:24:55.439225+00:00,2026-07-18T08:24:55.439225+03:00,2439,Şirinevler Meydan Zeminaltı Otoparkı,BAHÇELİEVLER,40.9925,28.8496,367,125,242,KAPALI OTOPARK,1,0,24 Saat
2026-07-18T05:24:55.439225+00:00,2026-07-18T08:24:55.439225+03:00,3400,Şişhane Refik Saydam Caddesi 2 Yol Üstü Otoparkı 1,BEYOĞLU,41.0326,28.9743,70,1,69,YOL ÜSTÜ,1,15,06:00-23:00
2026-07-18T05:24:55.439225+00:00,2026-07-18T08:24:55.439225+03:00,1017,Şişli Kadırgalar Caddesi 1,ŞİŞLİ,41.0429,28.9927,100,1,99,AÇIK OTOPARK,1,0,07:00-23:00
2026-07-18T05:24:55.439225+00:00,2026-07-18T08:24:55.439225+03:00,3441,Şişli Kuştepe Zemin Altı Otoparkı,ŞİŞLİ,41.072,28.9919,430,328,102,KAPALI OTOPARK,1,15,24 Saat
2026-07-18T05:24:55.439225+00:00,2026-07-18T08:24:55.439225+03:00,2816,Şişli Rumeli Caddesi Metro Yanı 1,ŞİŞLİ,41.0538,28.9868,45,1,44,YOL ÜSTÜ,1,15,08:00-20:00
2026-07-18T05:24:55.439225+00:00,2026-07-18T08:24:55.439225+03:00,2406,Şişli Zemin Altı Otoparkı,ŞİŞLİ,41.0641,28.9992,581,399,182,KAPALI OTOPARK,1,15,24 Saat
2026-07-18T05:24:55.439225+00:00,2026-07-18T08:24:55.439225+03:00,1993,Tuzla İdo,TUZLA,40.8149,29.3039,300,275,25,AÇIK OTOPARK,1,15,24 Saat
2026-07-18T05:24:55.439225+00:00,2026-07-18T08:24:55.439225+03:00,3332,Tuzla Sahil Cep,TUZLA,40.8168,29.2992,50,42,8,AÇIK OTOPARK,1,0,08:00-00:00
2026-07-18T05:24:55.439225+00:00,2026-07-18T08:24:55.439225+03:00,3057,Tuzla Sahil Zemin Altı Otoparkı,TUZLA,40.8181,29.3004,779,541,238,KAPALI OTOPARK,1,15,24 Saat
2026-07-18T05:24:55.439225+00:00,2026-07-18T08:24:55.439225+03:00,1811,Ulu Camii Açık Otoparkı,BAHÇELİEVLER,40.9982,28.8499,150,120,30,AÇIK OTOPARK,1,10,24 Saat
2026-07-18T05:24:55.439225+00:00,2026-07-18T08:24:55.439225+03:00,2424,Uzunçayır Açık Otoparkı,KADIKÖY,40.9988,29.0556,58,52,6,AÇIK OTOPARK,1,0,06:00-16:00
2026-07-18T05:24:55.439225+00:00,2026-07-18T08:24:55.439225+03:00,1468,Ümraniye Katlı Otoparkı,ÜMRANİYE,41.0261,29.0953,665,529,136,KAPALI OTOPARK,1,15,24 Saat
2026-07-18T05:24:55.439225+00:00,2026-07-18T08:24:55.439225+03:00,2898,Ümraniye Okan Sokak Zeminaltı Otoparkı,ÜMRANİYE,41.0284,29.0907,125,25,100,KAPALI OTOPARK,1,15,24 Saat
2026-07-18T05:24:55.439225+00:00,2026-07-18T08:24:55.439225+03:00,2345,Üsküdar Uzunçayır PD Açık Otoparkı,ÜSKÜDAR,40.9988,29.0577,90,78,12,AÇIK OTOPARK,1,15,06:00-22:00
2026-07-18T05:24:55.439225+00:00,2026-07-18T08:24:55.439225+03:00,1929,Üsküdar Ünalan Açık Otoparkı,ÜSKÜDAR,40.9979,29.0604,180,175,5,AÇIK OTOPARK,1,0,07:00-17:00
2026-07-18T05:24:55.439225+00:00,2026-07-18T08:24:55.439225+03:00,1487,Vatan Caddesi PD Açık Otoparkı,FATİH,41.0157,28.9405,397,364,33,AÇIK OTOPARK,1,5,24 Saat
2026-07-18T05:24:55.439225+00:00,2026-07-18T08:24:55.439225+03:00,1621,Veteriner Hilmi Sokak Yol Üstü 1,ŞİŞLİ,41.0603,28.9892,20,1,19,YOL ÜSTÜ,1,15,08:00-17:00
2026-07-18T05:24:55.439225+00:00,2026-07-18T08:24:55.439225+03:00,2441,Yalı Açık Otoparkı,MALTEPE,40.9095,29.137,85,82,3,AÇIK OTOPARK,1,0,07:30-22:00
2026-07-18T05:24:55.439225+00:00,2026-07-18T08:24:55.439225+03:00,459,Yalı Köşkü Caddesi 1,FATİH,41.0163,28.9759,61,1,60,YOL ÜSTÜ,1,5,07:00-21:00
2026-07-18T05:24:55.439225+00:00,2026-07-18T08:24:55.439225+03:00,2037,Yenikapı Marmaray Büyük Otoparkı,FATİH,41.0057,28.9505,324,242,82,AÇIK OTOPARK,1,15,24 Saat
2026-07-18T05:24:55.439225+00:00,2026-07-18T08:24:55.439225+03:00,2036,Yenikapı Marmaray Küçük Otoparkı,FATİH,41.0064,28.9504,200,196,4,AÇIK OTOPARK,1,15,07:00-22:00
2026-07-18T05:24:55.439225+00:00,2026-07-18T08:24:55.439225+03:00,2175,Yenikapı Spor ve Kültür Merkezi PD Açık Otoparkı,FATİH,41.0006,28.9519,4023,3834,189,AÇIK OTOPARK,1,15,24 Saat
2026-07-18T05:24:55.439225+00:00,2026-07-18T08:24:55.439225+03:00,2805,Yenikapı Tünel Üstü Açık Otoparkı,FATİH,41.0029,28.9534,700,571,129,AÇIK OTOPARK,1,10,24 Saat
2026-07-18T05:24:55.439225+00:00,2026-07-18T08:24:55.439225+03:00,3404,Yenimahalle Metro Zemin Altı PD Otoparkı,GAZİOSMANPAŞA,41.0839,28.8926,114,87,27,KAPALI OTOPARK,1,15,24 Saat
2026-07-18T05:24:55.439225+00:00,2026-07-18T08:24:55.439225+03:00,2920,Yeşilce Zemin Altı Katlı Otoparkı,KAĞITHANE,41.0938,29.0017,676,242,434,KAPALI OTOPARK,1,0,24 Saat
2026-07-18T05:24:55.439225+00:00,2026-07-18T08:24:55.439225+03:00,987,Yeşilköy İstasyon Caddesi 1,BAKIRKÖY,40.962,28.825,40,1,39,YOL ÜSTÜ,0,15,09:00-17:30
2026-07-18T05:24:55.439225+00:00,2026-07-18T08:24:55.439225+03:00,974,Yeşilköy Marina 1,BAKIRKÖY,40.9576,28.8233,145,1,144,YOL ÜSTÜ,0,0,12:00-23:00
2026-07-18T05:24:55.439225+00:00,2026-07-18T08:24:55.439225+03:00,3406,Yeşilpınar Metro Zemin Altı PD Otoparkı,EYÜP,41.081,28.9204,269,183,86,KAPALI OTOPARK,1,15,24 Saat
2026-07-18T05:24:55.439225+00:00,2026-07-18T08:24:55.439225+03:00,315,Yeşilyurt Çarşı 1,BAKIRKÖY,40.9643,28.8379,50,1,49,YOL ÜSTÜ,0,15,09:00-17:30
2026-07-18T05:24:55.439225+00:00,2026-07-18T08:24:55.439225+03:00,1133,Yıldız Korusu,BEŞİKTAŞ,41.0514,29.0165,500,1,499,AÇIK OTOPARK,1,0,08:00-22:00
2026-07-18T05:24:55.439225+00:00,2026-07-18T08:24:55.439225+03:00,882,Zeytinburnu 58. Bulvar 2,ZEYTİNBURNU,40.9932,28.9039,48,1,47,YOL ÜSTÜ,0,15,09:00-18:00
2026-07-18T05:24:55.439225+00:00,2026-07-18T08:24:55.439225+03:00,3185,Zeytinburnu Sahil Cep Otoparkı,ZEYTİNBURNU,40.9798,28.8985,160,1,159,AÇIK OTOPARK,0,0,12:00-22:00
2026-07-18T07:47:58.502211+00:00,2026-07-18T10:47:58.502211+03:00,3068,15 Temmuz Şehitler Meydanı Zeminaltı Otoparkı,ÜMRANİYE,41.0246,29.0915,1029,639,390,KAPALI OTOPARK,1,15,24 Saat
2026-07-18T07:47:58.502211+00:00,2026-07-18T10:47:58.502211+03:00,2338,19 Mayıs Açık,ŞİŞLİ,41.0563,28.9941,65,0,65,AÇIK OTOPARK,1,0,24 Saat
2026-07-18T07:47:58.502211+00:00,2026-07-18T10:47:58.502211+03:00,1751,4.Levent PD Açık Otoparkı,KAĞITHANE,41.0836,29.0081,236,142,94,AÇIK OTOPARK,1,5,24 Saat
2026-07-18T07:47:58.502211+00:00,2026-07-18T10:47:58.502211+03:00,3328,4.Levent Servis ve Turizm Araçları Açık Otoparkı,ŞİŞLİ,41.0841,29.0054,300,169,131,AÇIK OTOPARK,1,15,24 Saat
2026-07-18T07:47:58.502211+00:00,2026-07-18T10:47:58.502211+03:00,3412,5. Levent Gaziosmanpaşa Adliyesi Yanı Açık Otoparkı,EYÜP,41.0927,28.9494,250,235,15,AÇIK OTOPARK,1,15,07:00-23:00
2026-07-18T07:47:58.502211+00:00,2026-07-18T10:47:58.502211+03:00,104,Abide-i Hürriyet Caddesi 5,ŞİŞLİ,41.0619,28.9876,40,1,39,YOL ÜSTÜ,1,15,08:00-17:00
2026-07-18T07:47:58.502211+00:00,2026-07-18T10:47:58.502211+03:00,2452,Acıbadem Açık Otoparkı,ÜSKÜDAR,41.0157,29.0574,100,87,13,AÇIK OTOPARK,1,0,06:30-16:00
2026-07-18T07:47:58.502211+00:00,2026-07-18T10:47:58.502211+03:00,346,Ada Karşısı Cep 2,BEŞİKTAŞ,41.072,29.045,30,1,29,YOL ÜSTÜ,1,15,08:00-23:00
2026-07-18T07:47:58.502211+00:00,2026-07-18T10:47:58.502211+03:00,1663,Akasyalı Sokak Tenis Kulubü Önü 2,BEŞİKTAŞ,41.0867,29.0109,45,1,44,YOL ÜSTÜ,1,15,08:30-17:30
2026-07-18T07:47:58.502211+00:00,2026-07-18T10:47:58.502211+03:00,828,Akdeniz Caddesi 4,FATİH,41.0175,28.9435,27,1,26,YOL ÜSTÜ,1,15,09:00-18:00
2026-07-18T07:47:58.502211+00:00,2026-07-18T10:47:58.502211+03:00,1913,Alibeyköy Cep Otogarı Açık Otoparkı,EYÜP,41.0879,28.9446,116,20,96,AÇIK OTOPARK,1,25,24 Saat
2026-07-18T07:47:58.502211+00:00,2026-07-18T10:47:58.502211+03:00,1912,Alibeyköy Cep Otogarı Otobüs Otoparkı,EYÜP,41.0875,28.9449,5000,4983,17,AÇIK OTOPARK,1,60,24 Saat
2026-07-18T07:47:58.502211+00:00,2026-07-18T10:47:58.502211+03:00,2562,Alibeyköy Yeşiltepe Zemin Altı Otoparkı,EYÜP,41.0797,28.938,159,54,105,KAPALI OTOPARK,1,15,24 Saat
2026-07-18T07:47:58.502211+00:00,2026-07-18T10:47:58.502211+03:00,3201,Altınboynuz Sosyal Tesisleri,EYÜP,41.058,28.9447,70,1,69,AÇIK OTOPARK,1,15,08:00-23:00
2026-07-18T07:47:58.502211+00:00,2026-07-18T10:47:58.502211+03:00,758,Arap Camii Açık Otoparkı,BEYOĞLU,41.0227,28.9723,30,1,29,AÇIK OTOPARK,1,0,09:00-17:00
2026-07-18T07:47:58.502211+00:00,2026-07-18T10:47:58.502211+03:00,2685,Aras Sokak 2,BÜYÜKÇEKMECE,41.023,28.6209,60,1,59,YOL ÜSTÜ,1,0,06:00-14:30
2026-07-18T07:47:58.502211+00:00,2026-07-18T10:47:58.502211+03:00,2802,Arnavutköy Zemin Altı Otoparkı,ARNAVUTKÖY,41.1838,28.7396,700,31,669,KAPALI OTOPARK,1,15,24 Saat
2026-07-18T07:47:58.502211+00:00,2026-07-18T10:47:58.502211+03:00,1797,Ataköy Atrium AVM,BAKIRKÖY,40.9881,28.8459,250,204,46,AÇIK OTOPARK,1,15,08:00-23:00
2026-07-18T07:47:58.502211+00:00,2026-07-18T10:47:58.502211+03:00,2824,Ataköy Metro Durağı Yanı PD Zemin Altı Otoparkı,BAKIRKÖY,40.9904,28.8456,150,93,57,KAPALI OTOPARK,1,0,24 Saat
2026-07-18T07:47:58.502211+00:00,2026-07-18T10:47:58.502211+03:00,3161,Ataşehir Topçu İbrahim Sokak,ATAŞEHİR,40.9736,29.101,42,1,41,YOL ÜSTÜ,1,15,07:00-16:00
2026-07-18T07:47:58.502211+00:00,2026-07-18T10:47:58.502211+03:00,359,Atatürk Bulvarı 1,FATİH,41.0112,28.9534,20,1,19,YOL ÜSTÜ,1,0,07:30-18:00
2026-07-18T07:47:58.502211+00:00,2026-07-18T10:47:58.502211+03:00,3087,Atatürk Kent Ormanı Otoparkı,SARIYER,41.136,29.0262,200,197,3,AÇIK OTOPARK,1,0,08:00-17:00
2026-07-18T07:47:58.502211+00:00,2026-07-18T10:47:58.502211+03:00,1088,Avcılar İdo,AVCILAR,40.9712,28.7185,270,264,6,AÇIK OTOPARK,0,0,13:00-07:00
2026-07-18T07:47:58.502211+00:00,2026-07-18T10:47:58.502211+03:00,2885,Azapkapı Haliç Metro Otoparkı,ŞİŞLİ,41.0245,28.9691,80,9,71,AÇIK OTOPARK,1,5,24 Saat
2026-07-18T07:47:58.502211+00:00,2026-07-18T10:47:58.502211+03:00,2455,Azerbaycan Dostluk Parkı Zemin Altı Otoparkı,BAĞCILAR,41.0444,28.854,400,200,200,KAPALI OTOPARK,1,10,24 Saat
2026-07-18T07:47:58.502211+00:00,2026-07-18T10:47:58.502211+03:00,2965,Bağcılar Çolakoğlu Zemin Altı Otoparkı,BAĞCILAR,41.0324,28.8345,106,0,106,KAPALI OTOPARK,1,5,24 Saat
2026-07-18T07:47:58.502211+00:00,2026-07-18T10:47:58.502211+03:00,2576,Bağcılar Demirkapı Zemin Altı Otoparkı,BAĞCILAR,41.0499,28.8327,343,161,182,KAPALI OTOPARK,1,5,24 Saat
2026-07-18T07:47:58.502211+00:00,2026-07-18T10:47:58.502211+03:00,3036,Bağcılar Devlet Hastanesi Yanı Zeminaltı Otoparkı,BAĞCILAR,41.0312,28.8696,1133,155,978,KAPALI OTOPARK,1,15,24 Saat
2026-07-18T07:47:58.502211+00:00,2026-07-18T10:47:58.502211+03:00,3071,Bağcılar Emniyet Müdürlüğü Yanı Açık Otoparkı,BAĞCILAR,41.0353,28.8598,100,47,53,AÇIK OTOPARK,1,0,24 Saat
2026-07-18T07:47:58.502211+00:00,2026-07-18T10:47:58.502211+03:00,2873,Bağcılar Göztepe Zemin Altı,BAĞCILAR,41.0567,28.8355,120,0,120,KAPALI OTOPARK,1,5,24 Saat
2026-07-18T07:47:58.502211+00:00,2026-07-18T10:47:58.502211+03:00,3187,Bağcılar Hürriyet Mahallesi Zemin Altı Otoparkı,BAĞCILAR,41.0291,28.8333,355,0,355,KAPALI OTOPARK,1,10,24 Saat
2026-07-18T07:47:58.502211+00:00,2026-07-18T10:47:58.502211+03:00,2916,Bağcılar Kent Meydanı PD Zemin Altı Otoparkı,BAĞCILAR,41.0339,28.8556,1162,0,1162,KAPALI OTOPARK,1,0,24 Saat
2026-07-18T07:47:58.502211+00:00,2026-07-18T10:47:58.502211+03:00,3261,Bağcılar Yenimahalle Zemin Altı Otoparkı,BAĞCILAR,41.0425,28.8395,525,288,237,KAPALI OTOPARK,1,15,24 Saat
2026-07-18T07:47:58.502211+00:00,2026-07-18T10:47:58.502211+03:00,2820,Bağcılar Yıldıztepe Katlı Otoparkı,BAĞCILAR,41.0294,28.8556,350,0,350,KAPALI OTOPARK,1,10,24 Saat
2026-07-18T07:47:58.502211+00:00,2026-07-18T10:47:58.502211+03:00,3447,Bahçelievler 23 Nisan Milli Egemenlik Zeminaltı Otoparkı,BAHÇELİEVLER,40.9988,28.8472,732,430,302,KAPALI OTOPARK,1,10,24 Saat
2026-07-18T07:47:58.502211+00:00,2026-07-18T10:47:58.502211+03:00,2993,Bahçelievler Cumhuriyet Zeminaltı Otoparkı,BAHÇELİEVLER,41.0149,28.859,663,0,663,KAPALI OTOPARK,1,10,24 Saat
2026-07-18T07:47:58.502211+00:00,2026-07-18T10:47:58.502211+03:00,2969,Bahçelievler Devlet Hastanesi Yanı Katlı Otoparkı,BAHÇELİEVLER,41.0072,28.8442,740,0,740,KAPALI OTOPARK,1,0,24 Saat
2026-07-18T07:47:58.502211+00:00,2026-07-18T10:47:58.502211+03:00,3051,Bahçelievler Zafer Mh. Zeminaltı Otoparkı,BAHÇELİEVLER,41.0036,28.8351,200,70,130,KAPALI OTOPARK,1,0,24 Saat
2026-07-18T07:47:58.502211+00:00,2026-07-18T10:47:58.502211+03:00,3118,Bahçeşehir Doğa Parkı Caddesi 3,BAŞAKŞEHİR,41.0683,28.6894,22,1,21,YOL ÜSTÜ,1,15,10:00-20:00
2026-07-18T07:47:58.502211+00:00,2026-07-18T10:47:58.502211+03:00,3236,Bahçeşehir Gölet Açık Otoparkı,BAŞAKŞEHİR,41.0719,28.6901,200,1,199,AÇIK OTOPARK,0,0,12:00-22:00
2026-07-18T07:47:58.502211+00:00,2026-07-18T10:47:58.502211+03:00,1465,Bakırköy İdo Açık Otoparkı,BAKIRKÖY,40.9739,28.8761,160,104,56,AÇIK OTOPARK,1,10,24 Saat
2026-07-18T07:47:58.502211+00:00,2026-07-18T10:47:58.502211+03:00,1104,Balmumcu Katlı Otoparkı,BEŞİKTAŞ,41.0636,29.0109,400,327,73,KAPALI OTOPARK,1,5,24 Saat
2026-07-18T07:47:58.502211+00:00,2026-07-18T10:47:58.502211+03:00,2796,Başakşehir Metro Açık Otoparkı,BAŞAKŞEHİR,41.107,28.801,125,1,124,AÇIK OTOPARK,1,0,07:00-16:00
2026-07-18T07:47:58.502211+00:00,2026-07-18T10:47:58.502211+03:00,2350,Bayrampaşa Adapark Katlı Otoparkı,BAYRAMPAŞA,41.0647,28.8875,650,0,650,KAPALI OTOPARK,1,15,24 Saat
2026-07-18T07:47:58.502211+00:00,2026-07-18T10:47:58.502211+03:00,2892,Bayrampaşa Altıntepsi Zemin  Altı Otoparkı,BAYRAMPAŞA,41.0393,28.9029,110,0,110,KAPALI OTOPARK,1,10,24 Saat
2026-07-18T07:47:58.502211+00:00,2026-07-18T10:47:58.502211+03:00,2909,Bayrampaşa Atatürk Parkı  Zemin Altı Otoparkı,BAYRAMPAŞA,41.0342,28.9123,442,1,441,KAPALI OTOPARK,1,10,24 Saat
2026-07-18T07:47:58.502211+00:00,2026-07-18T10:47:58.502211+03:00,2683,Bayrampaşa Devlet Hastanesi Cep Otoparkı,BAYRAMPAŞA,41.0414,28.9031,55,26,29,AÇIK OTOPARK,1,0,08:00-19:00
2026-07-18T07:47:58.502211+00:00,2026-07-18T10:47:58.502211+03:00,3301,Bayrampaşa Kocatepe Mahallesi Zemin Altı Otoparkı,BAYRAMPAŞA,41.0545,28.8964,241,0,241,KAPALI OTOPARK,1,10,24 Saat
2026-07-18T07:47:58.502211+00:00,2026-07-18T10:47:58.502211+03:00,2053,Bayrampaşa Muratpaşa Yer Altı Otoparkı,BAYRAMPAŞA,41.047,28.9082,300,10,290,KAPALI OTOPARK,1,15,24 Saat
2026-07-18T07:47:58.502211+00:00,2026-07-18T10:47:58.502211+03:00,3175,Bayrampaşa Spor Kompleksi Zemin Altı Otoparkı,BAYRAMPAŞA,41.0446,28.9106,205,0,205,KAPALI OTOPARK,1,15,24 Saat
2026-07-18T07:47:58.502211+00:00,2026-07-18T10:47:58.502211+03:00,3382,Bayrampaşa Şehit Kamil Balkan Zemin Altı Otoparkı,BAYRAMPAŞA,41.0604,28.9008,235,0,235,KAPALI OTOPARK,1,10,24 Saat
2026-07-18T07:47:58.502211+00:00,2026-07-18T10:47:58.502211+03:00,2428,Bayrampaşa Yenidoğan Mahallesi Zemin Altı Otoparkı,BAYRAMPAŞA,41.0395,28.9088,120,0,120,KAPALI OTOPARK,1,10,24 Saat
2026-07-18T07:47:58.502211+00:00,2026-07-18T10:47:58.502211+03:00,2468,Bebek Açık,BEŞİKTAŞ,41.077,29.0434,30,8,22,AÇIK OTOPARK,1,0,24 Saat
2026-07-18T07:47:58.502211+00:00,2026-07-18T10:47:58.502211+03:00,3479,Beşiktaş Halk Pazarı Açık Otoparkı,BEŞİKTAŞ,41.0496,29.0004,170,170,0,AÇIK OTOPARK,1,5,24 Saat
2026-07-18T07:47:58.502211+00:00,2026-07-18T10:47:58.502211+03:00,573,Beşiktaş Kadastro Önü 1,BEŞİKTAŞ,41.0503,29.0076,39,1,38,YOL ÜSTÜ,1,15,08:00-17:00
2026-07-18T07:47:58.502211+00:00,2026-07-18T10:47:58.502211+03:00,3257,Beykoz Sahil Cep Otoparkı,BEYKOZ,41.1286,29.0953,100,76,24,AÇIK OTOPARK,1,0,08:00-00:00
2026-07-18T07:47:58.502211+00:00,2026-07-18T10:47:58.502211+03:00,2273,Beykoz Sosyal Tesisleri,BEYKOZ,41.1143,29.0888,130,34,96,AÇIK OTOPARK,1,15,08:00-00:00
2026-07-18T07:47:58.502211+00:00,2026-07-18T10:47:58.502211+03:00,2999,Beyoğlu Gazhane Bostan Sokak 2,BEYOĞLU,41.0389,28.9903,35,1,34,YOL ÜSTÜ,1,0,07:30-16:30
2026-07-18T07:47:58.502211+00:00,2026-07-18T10:47:58.502211+03:00,3072,Beyoğlu Örnektepe Zemin Altı Otoparkı,BEYOĞLU,41.0543,28.9548,143,0,143,KAPALI OTOPARK,1,0,24 Saat
2026-07-18T07:47:58.502211+00:00,2026-07-18T10:47:58.502211+03:00,1455,Bostancı Açık,KADIKÖY,40.9523,29.0902,394,0,394,AÇIK OTOPARK,1,15,24 Saat
2026-07-18T07:47:58.502211+00:00,2026-07-18T10:47:58.502211+03:00,1456,Bostancı Sahil-Cep Açık Otoparkı,KADIKÖY,40.9545,29.0885,192,0,192,AÇIK OTOPARK,1,15,24 Saat
2026-07-18T07:47:58.502211+00:00,2026-07-18T10:47:58.502211+03:00,2150,Bostancı Vergi Dairesi Açık Otoparkı,ATAŞEHİR,40.9625,29.1083,155,0,155,AÇIK OTOPARK,1,5,08:00-20:00
2026-07-18T07:47:58.502211+00:00,2026-07-18T10:47:58.502211+03:00,2854,Bülent Ecevit Kültür Merkezi Açık Otoparkı,KARTAL,40.8852,29.1967,277,277,0,AÇIK OTOPARK,1,5,10:00-21:00
2026-07-18T07:47:58.502211+00:00,2026-07-18T10:47:58.502211+03:00,2866,Büyük İstanbul Otogarı,BAYRAMPAŞA,41.0402,28.8942,1000,0,1000,AÇIK OTOPARK,1,25,24 Saat
2026-07-18T07:47:58.502211+00:00,2026-07-18T10:47:58.502211+03:00,1192,Büyükçamlıca Korusu Sosyal Tesisleri Önü,ÜSKÜDAR,41.0264,29.0698,204,113,91,AÇIK OTOPARK,1,0,08:00-00:00
2026-07-18T07:47:58.502211+00:00,2026-07-18T10:47:58.502211+03:00,2960,Büyükçekmece Metrobüs Durağı Yanı PD Zemin Altı Otopark,BÜYÜKÇEKMECE,41.0221,28.624,448,228,220,KAPALI OTOPARK,1,0,24 Saat
2026-07-18T07:47:58.502211+00:00,2026-07-18T10:47:58.502211+03:00,1503,Cadde Bostan Açık Otoparkı,KADIKÖY,40.9636,29.0675,66,27,39,AÇIK OTOPARK,1,15,24 Saat
2026-07-18T07:47:58.502211+00:00,2026-07-18T10:47:58.502211+03:00,2933,Cemal Kamacı Spor Kompleksi Zemin Altı Otoparkı,KAĞITHANE,41.0536,28.9575,510,0,510,KAPALI OTOPARK,1,0,24 Saat
2026-07-18T07:47:58.502211+00:00,2026-07-18T10:47:58.502211+03:00,2207,Cengiz Topel Yer Altı Katlı Otoparkı,ESENLER,41.0588,28.8643,144,0,144,KAPALI OTOPARK,1,15,24 Saat
2026-07-18T07:47:58.502211+00:00,2026-07-18T10:47:58.502211+03:00,2787,Cevizli Açık Otoparkı,KARTAL,40.9179,29.1712,100,93,7,AÇIK OTOPARK,1,15,08:00-19:00
2026-07-18T07:47:58.502211+00:00,2026-07-18T10:47:58.502211+03:00,782,Cihangir Caddesi 2,BEYOĞLU,41.0319,28.9862,70,1,69,YOL ÜSTÜ,1,15,09:00-19:00
2026-07-18T07:47:58.502211+00:00,2026-07-18T10:47:58.502211+03:00,1467,Cihangir Katlı Otoparkı,BEYOĞLU,41.0318,28.9858,350,0,350,KAPALI OTOPARK,1,0,24 Saat
2026-07-18T07:47:58.502211+00:00,2026-07-18T10:47:58.502211+03:00,535,Cihannuma Yol Üstü 1,BEŞİKTAŞ,41.0454,29.0084,35,1,34,YOL ÜSTÜ,1,0,08:00-23:00
2026-07-18T07:47:58.502211+00:00,2026-07-18T10:47:58.502211+03:00,537,Cihannuma Yol Üstü 3,BEŞİKTAŞ,41.0459,29.0087,33,1,32,YOL ÜSTÜ,1,0,08:00-23:00
2026-07-18T07:47:58.502211+00:00,2026-07-18T10:47:58.502211+03:00,539,Cihannuma Yol Üstü 5,BEŞİKTAŞ,41.0489,29.0094,24,1,23,YOL ÜSTÜ,1,0,08:00-23:00
2026-07-18T07:47:58.502211+00:00,2026-07-18T10:47:58.502211+03:00,3184,Çam Sokak 6,GÜNGÖREN,41.0121,28.8882,50,1,49,YOL ÜSTÜ,1,15,08:00-17:00
2026-07-18T07:47:58.502211+00:00,2026-07-18T10:47:58.502211+03:00,3030,Çekmeköy Metro PD Zemin Altı Otoparkı,ÇEKMEKÖY,41.0147,29.1886,175,67,108,KAPALI OTOPARK,1,15,24 Saat
2026-07-18T07:47:58.502211+00:00,2026-07-18T10:47:58.502211+03:00,2905,Çeliktepe Açık Otoparkı,KAĞITHANE,41.0843,29.0056,200,85,115,AÇIK OTOPARK,1,5,24 Saat
2026-07-18T07:47:58.502211+00:00,2026-07-18T10:47:58.502211+03:00,1298,Çengelköy Açık Otoparkı,ÜSKÜDAR,41.0484,29.0533,500,0,500,AÇIK OTOPARK,1,15,24 Saat
2026-07-18T07:47:58.502211+00:00,2026-07-18T10:47:58.502211+03:00,502,Çınar Açık Otoparkı,BEŞİKTAŞ,41.0853,29.0088,65,1,64,AÇIK OTOPARK,1,0,08:00-18:00
2026-07-18T07:47:58.502211+00:00,2026-07-18T10:47:58.502211+03:00,777,Çırağan Sarayı Yol Üstü 1,BEŞİKTAŞ,41.0448,29.0165,40,1,39,YOL ÜSTÜ,1,15,08:00-23:00
2026-07-18T07:47:58.502211+00:00,2026-07-18T10:47:58.502211+03:00,778,Çırağan Sarayı Yol Üstü 2,BEŞİKTAŞ,41.0445,29.0156,40,1,39,YOL ÜSTÜ,1,15,08:00-23:00
2026-07-18T07:47:58.502211+00:00,2026-07-18T10:47:58.502211+03:00,2228,Çırpıcı Sosyal Tesisler,ZEYTİNBURNU,41,28.8926,128,0,128,AÇIK OTOPARK,1,15,07:00-00:00
2026-07-18T07:47:58.502211+00:00,2026-07-18T10:47:58.502211+03:00,1508,Çiroz Yeşilköy Halk Pazarı,BAKIRKÖY,40.9628,28.8129,471,1,470,AÇIK OTOPARK,1,0,08:00-18:00
2026-07-18T07:47:58.502211+00:00,2026-07-18T10:47:58.502211+03:00,2030,Dalyan Açık Otoparkı,KADIKÖY,40.9632,29.0651,92,0,92,AÇIK OTOPARK,1,15,24 Saat
2026-07-18T07:47:58.502211+00:00,2026-07-18T10:47:58.502211+03:00,2271,Damla Sokak 1,ŞİŞLİ,41.0672,29.0004,17,1,16,YOL ÜSTÜ,1,15,07:30-16:30
2026-07-18T07:47:58.502211+00:00,2026-07-18T10:47:58.502211+03:00,2164,Darüşşafaka Yeraltı Otoparkı,SARIYER,41.1292,29.0252,150,134,16,KAPALI OTOPARK,1,15,08:00-00:00
2026-07-18T07:47:58.502211+00:00,2026-07-18T10:47:58.502211+03:00,1653,Deniz Feneri Otoparkı,FATİH,41.0019,28.9773,175,119,56,AÇIK OTOPARK,1,5,24 Saat
2026-07-18T07:47:58.502211+00:00,2026-07-18T10:47:58.502211+03:00,595,Dostluk Yurdu 1,FATİH,41.0071,28.973,33,1,32,YOL ÜSTÜ,1,15,07:00-17:00
2026-07-18T07:47:58.502211+00:00,2026-07-18T10:47:58.502211+03:00,2237,Dragos Sosyal Tesisleri,KARTAL,40.9017,29.1458,100,20,80,AÇIK OTOPARK,1,15,24 Saat
2026-07-18T07:47:58.502211+00:00,2026-07-18T10:47:58.502211+03:00,3063,Dudullu Metro PD Zemin Altı Otoparkı,ÜMRANİYE,41.0156,29.1633,81,63,18,KAPALI OTOPARK,1,15,07:00-23:30
2026-07-18T07:47:58.502211+00:00,2026-07-18T10:47:58.502211+03:00,1522,Ebu Suut Caddesi 1,FATİH,41.0128,28.9766,35,1,34,YOL ÜSTÜ,1,0,08:00-18:00
2026-07-18T07:47:58.502211+00:00,2026-07-18T10:47:58.502211+03:00,2147,EGS Blokları Açık Otoparkı,BAKIRKÖY,40.9863,28.8354,350,117,233,AÇIK OTOPARK,1,60,09:00-19:30
2026-07-18T07:47:58.502211+00:00,2026-07-18T10:47:58.502211+03:00,2366,Esenler Adem Baştürk Kültür Merkezi Katlı,ESENLER,41.039,28.8846,460,0,460,KAPALI OTOPARK,1,15,24 Saat
2026-07-18T07:47:58.502211+00:00,2026-07-18T10:47:58.502211+03:00,3190,Esenler Havaalanı Mahallesi Zemin Altı Otoparkı,ESENLER,41.0562,28.8674,610,395,215,KAPALI OTOPARK,1,10,24 Saat
2026-07-18T07:47:58.502211+00:00,2026-07-18T10:47:58.502211+03:00,3011,Esenler Menderes Metro İstasyonu Yanı,ESENLER,41.0427,28.8783,68,0,68,AÇIK OTOPARK,1,5,24 Saat
2026-07-18T07:47:58.502211+00:00,2026-07-18T10:47:58.502211+03:00,2822,Esenler Menderes Parkı Zemin Altı Otoparkı,ESENLER,41.0412,28.8729,325,79,246,KAPALI OTOPARK,1,10,24 Saat
2026-07-18T07:47:58.502211+00:00,2026-07-18T10:47:58.502211+03:00,3303,Esenyurt Adile Naşit Bulvarı Zeminaltı Otoparkı,ESENYURT,41.0205,28.6859,367,303,64,KAPALI OTOPARK,1,15,24 Saat
2026-07-18T07:47:58.502211+00:00,2026-07-18T10:47:58.502211+03:00,1328,Eski Salı Pazarı,KADIKÖY,40.9904,29.0338,760,0,760,AÇIK OTOPARK,1,15,24 Saat
2026-07-18T07:47:58.502211+00:00,2026-07-18T10:47:58.502211+03:00,904,Eyüp Pierloti Caddesi 1,EYÜP,41.0539,28.9329,40,1,39,YOL ÜSTÜ,1,0,09:00-22:00
2026-07-18T07:47:58.502211+00:00,2026-07-18T10:47:58.502211+03:00,2850,Eyüpsultan Akşemsettin Mahallesi Zemin Altı Otoparkı,EYÜP,41.085,28.9258,110,0,110,KAPALI OTOPARK,1,15,24 Saat
2026-07-18T07:47:58.502211+00:00,2026-07-18T10:47:58.502211+03:00,2215,Fatih Çeşmesi Tabiat Parkı Otoparkı,SARIYER,41.1686,28.9448,250,1,249,AÇIK OTOPARK,1,0,06:00-20:00
2026-07-18T07:47:58.502211+00:00,2026-07-18T10:47:58.502211+03:00,1475,Fatih Katlı Otoparkı,FATİH,41.0198,28.9396,118,32,86,KAPALI OTOPARK,1,10,24 Saat
2026-07-18T07:47:58.502211+00:00,2026-07-18T10:47:58.502211+03:00,1591,Feshane PD Açık Otoparkı,EYÜP,41.0463,28.9378,200,133,67,AÇIK OTOPARK,1,15,24 Saat
2026-07-18T07:47:58.502211+00:00,2026-07-18T10:47:58.502211+03:00,1005,Florya Havuzlu Bahçe,BAKIRKÖY,40.9764,28.7908,135,1,134,AÇIK OTOPARK,1,0,09:00-23:00
2026-07-18T07:47:58.502211+00:00,2026-07-18T10:47:58.502211+03:00,2238,Florya Sosyal Tesisleri,BAKIRKÖY,40.9614,28.8091,1074,826,248,AÇIK OTOPARK,1,15,24 Saat
2026-07-18T07:47:58.502211+00:00,2026-07-18T10:47:58.502211+03:00,3296,Gaziosmanpaşa Meydanı ve Yaşam Merkezi Zemin Altı Otoparkı,GAZİOSMANPAŞA,41.0606,28.9093,202,0,202,KAPALI OTOPARK,1,15,24 Saat
2026-07-18T07:47:58.502211+00:00,2026-07-18T10:47:58.502211+03:00,2971,Gaziosmanpaşa Zemin Altı Otoparkı,GAZİOSMANPAŞA,41.0796,28.8858,285,0,285,KAPALI OTOPARK,1,0,24 Saat
2026-07-18T07:47:58.502211+00:00,2026-07-18T10:47:58.502211+03:00,3401,Giyimkent Tekstilkent Metro Zemin Altı PD Otoparkı,ESENLER,41.0711,28.8666,203,189,14,KAPALI OTOPARK,1,10,24 Saat
2026-07-18T07:47:58.502211+00:00,2026-07-18T10:47:58.502211+03:00,2242,Gözdağı Sosyal Tesisler  Açık Otoparkı,PENDİK,40.893,29.2538,300,218,82,AÇIK OTOPARK,1,0,07:00-23:00
2026-07-18T07:47:58.502211+00:00,2026-07-18T10:47:58.502211+03:00,1879,Gülsuyu Metro PD Yer Altı Otoparkı,MALTEPE,40.9237,29.1548,76,0,76,KAPALI OTOPARK,1,15,08:00-00:00
2026-07-18T07:47:58.502211+00:00,2026-07-18T10:47:58.502211+03:00,1423,Güneş Plajı 1,BAKIRKÖY,40.9712,28.79,250,120,130,AÇIK OTOPARK,1,10,24 Saat
2026-07-18T07:47:58.502211+00:00,2026-07-18T10:47:58.502211+03:00,1461,Güneş Plajı 2,BAKIRKÖY,40.9692,28.7951,135,100,35,AÇIK OTOPARK,1,10,08:00-20:00
2026-07-18T07:47:58.502211+00:00,2026-07-18T10:47:58.502211+03:00,3053,Güngören Nikah Dairesi Zemin Altı otoparkı,GÜNGÖREN,41.0363,28.8718,147,0,147,KAPALI OTOPARK,1,10,24 Saat
2026-07-18T07:47:58.502211+00:00,2026-07-18T10:47:58.502211+03:00,2216,Gürpınar Balık Hali Otoparkı,BEYLİKDÜZÜ,40.9663,28.6019,1000,836,164,AÇIK OTOPARK,1,15,24 Saat
2026-07-18T07:47:58.502211+00:00,2026-07-18T10:47:58.502211+03:00,1525,Hacıosman Metro Yer Altı Otoparkı,SARIYER,41.14,29.0306,422,0,422,KAPALI OTOPARK,1,15,24 Saat
2026-07-18T07:47:58.502211+00:00,2026-07-18T10:47:58.502211+03:00,1470,Haldun Alagaş Katlı Otoparkı,ÜMRANİYE,41.0262,29.1052,197,143,54,KAPALI OTOPARK,1,15,24 Saat
2026-07-18T07:47:58.502211+00:00,2026-07-18T10:47:58.502211+03:00,3235,Haliç Sosyal Tesisleri Otoparkı,FATİH,41.0277,28.9572,60,16,44,AÇIK OTOPARK,1,15,07:00-00:00
2026-07-18T07:47:58.502211+00:00,2026-07-18T10:47:58.502211+03:00,2848,Halkalı Mahallesi Zemin Altı Otoparkı,KÜÇÜKÇEKMECE,41.0359,28.7848,347,293,54,KAPALI OTOPARK,1,15,24 Saat
2026-07-18T07:47:58.502211+00:00,2026-07-18T10:47:58.502211+03:00,2838,Hamidiye Mahallesi Katlı Otoparkı,KAĞITHANE,41.0949,28.971,450,221,229,KAPALI OTOPARK,1,15,24 Saat
2026-07-18T07:47:58.502211+00:00,2026-07-18T10:47:58.502211+03:00,1446,Harbiye Zemin Altı Otoparkı,BEYOĞLU,41.0408,28.9869,142,51,91,KAPALI OTOPARK,1,0,24 Saat
2026-07-18T07:47:58.502211+00:00,2026-07-18T10:47:58.502211+03:00,2332,Haydarpaşa Katlı Otoparkı,ÜSKÜDAR,41.0048,29.0251,840,737,103,KAPALI OTOPARK,1,15,24 Saat
2026-07-18T07:47:58.502211+00:00,2026-07-18T10:47:58.502211+03:00,1987,Haznedar Yer Altı Otoparkı,GÜNGÖREN,41.0083,28.8729,540,0,540,KAPALI OTOPARK,1,0,24 Saat
2026-07-18T07:47:58.502211+00:00,2026-07-18T10:47:58.502211+03:00,377,Hızır Külhani Sokak,FATİH,41.0202,28.9605,32,1,31,YOL ÜSTÜ,1,15,09:00-17:00
2026-07-18T07:47:58.502211+00:00,2026-07-18T10:47:58.502211+03:00,3173,Hürriyet Mahallesi Zeminaltı Otoparkı,GAZİOSMANPAŞA,41.0708,28.8951,190,0,190,KAPALI OTOPARK,1,15,24 Saat
2026-07-18T07:47:58.502211+00:00,2026-07-18T10:47:58.502211+03:00,157,Ihlamur Dere Caddesi 4,BEŞİKTAŞ,41.047,29.0023,27,1,26,YOL ÜSTÜ,1,15,09:00-17:00
2026-07-18T07:47:58.502211+00:00,2026-07-18T10:47:58.502211+03:00,1189,İçerenköy Sebze Meyve Hali Otoparkı,ATAŞEHİR,40.9766,29.1044,600,600,0,AÇIK OTOPARK,1,15,24 Saat
2026-07-18T07:47:58.502211+00:00,2026-07-18T10:47:58.502211+03:00,1127,İshakpaşa Caddesi,FATİH,41.0079,28.9814,200,1,199,YOL ÜSTÜ,1,0,08:00-18:00
2026-07-18T07:47:58.502211+00:00,2026-07-18T10:47:58.502211+03:00,3265,İspark İstanbul West Marina Açık Otoparkı 1,BEYLİKDÜZÜ,40.9636,28.6564,250,1,249,AÇIK OTOPARK,1,15,24 Saat
2026-07-18T07:47:58.502211+00:00,2026-07-18T10:47:58.502211+03:00,2793,İspark Merter Katlı Otoparkı,GÜNGÖREN,41.0097,28.89,900,385,515,KAPALI OTOPARK,1,10,24 Saat
2026-07-18T07:47:58.502211+00:00,2026-07-18T10:47:58.502211+03:00,2430,İspark West İstanbul Marina Açık Otoparkı,BEYLİKDÜZÜ,40.9639,28.6591,1600,1285,315,AÇIK OTOPARK,1,15,24 Saat
2026-07-18T07:47:58.502211+00:00,2026-07-18T10:47:58.502211+03:00,381,İstinye 4 ( Cami Önü ),SARIYER,41.1149,29.0571,25,1,24,YOL ÜSTÜ,1,15,08:30-17:30
2026-07-18T07:47:58.502211+00:00,2026-07-18T10:47:58.502211+03:00,1804,İtalyan Hastanesi Karşısı Açık Otoparkı 1,BEYOĞLU,41.028,28.9815,30,1,29,AÇIK OTOPARK,1,0,08:00-19:00
2026-07-18T07:47:58.502211+00:00,2026-07-18T10:47:58.502211+03:00,507,Kabasakal Medrese Önü,FATİH,41.0062,28.9789,65,1,64,AÇIK OTOPARK,1,0,08:00-18:30
2026-07-18T07:47:58.502211+00:00,2026-07-18T10:47:58.502211+03:00,3306,Kabataş Transfer Merkezi Turizm Otobüs Otoparkı,BEYOĞLU,41.0336,28.9923,160,21,139,KAPALI OTOPARK,1,20,24 Saat
2026-07-18T07:47:58.502211+00:00,2026-07-18T10:47:58.502211+03:00,2918,Kadıköy Hasanpaşa Gazhane Katlı Otoparkı,KADIKÖY,40.9972,29.0428,310,191,119,KAPALI OTOPARK,1,15,24 Saat
2026-07-18T07:47:58.502211+00:00,2026-07-18T10:47:58.502211+03:00,1447,Kadıköy İski Açık Otoparkı,KADIKÖY,40.9874,29.0207,124,63,61,AÇIK OTOPARK,1,15,24 Saat
2026-07-18T07:47:58.502211+00:00,2026-07-18T10:47:58.502211+03:00,1655,Kadıköy Metro Açık Otoparkı,KADIKÖY,40.9899,29.0217,74,0,74,AÇIK OTOPARK,1,15,24 Saat
2026-07-18T07:47:58.502211+00:00,2026-07-18T10:47:58.502211+03:00,3445,Kadıköy Uzunçayır PD Açık Otoparkı,KADIKÖY,40.9982,29.0569,70,49,21,AÇIK OTOPARK,1,15,06:30-16:30
2026-07-18T07:47:58.502211+00:00,2026-07-18T10:47:58.502211+03:00,2808,Kadıköy Yeni Salı Pazarı PD Katlı Otoparkı,KADIKÖY,40.9969,29.0486,1350,502,848,KAPALI OTOPARK,1,15,24 Saat
2026-07-18T07:47:58.502211+00:00,2026-07-18T10:47:58.502211+03:00,2811,Kağıthane Harmantepe Zemin Altı Otoparkı,KAĞITHANE,41.0816,28.9907,200,0,200,KAPALI OTOPARK,1,0,24 Saat
2026-07-18T07:47:58.502211+00:00,2026-07-18T10:47:58.502211+03:00,1452,Kalamış Açık Otoparkı,KADIKÖY,40.9687,29.0363,173,120,53,AÇIK OTOPARK,1,15,24 Saat
2026-07-18T07:47:58.502211+00:00,2026-07-18T10:47:58.502211+03:00,1474,Kartal Hasan Doğan Spor Kompleksi,KARTAL,40.8918,29.1897,773,0,773,KAPALI OTOPARK,1,15,24 Saat
2026-07-18T07:47:58.502211+00:00,2026-07-18T10:47:58.502211+03:00,1105,Kartal İdo Açık Otoparkı,KARTAL,40.8874,29.1881,90,0,90,AÇIK OTOPARK,1,15,24 Saat
2026-07-18T07:47:58.502211+00:00,2026-07-18T10:47:58.502211+03:00,1550,Kartal Sahil Açık Otoparkı,KARTAL,40.8875,29.1901,75,5,70,AÇIK OTOPARK,1,5,24 Saat
2026-07-18T07:47:58.502211+00:00,2026-07-18T10:47:58.502211+03:00,3434,Kasımpaşa Sosyal Tesisler Otoparkı,BEYOĞLU,41.0296,28.9673,60,36,24,AÇIK OTOPARK,1,0,07:30-23:00
2026-07-18T07:47:58.502211+00:00,2026-07-18T10:47:58.502211+03:00,2827,Kayaşehir Meydan Zemin Altı Otoparkı,BAŞAKŞEHİR,41.1196,28.7718,1054,1,1053,KAPALI OTOPARK,1,0,10:00-17:00
2026-07-18T07:47:58.502211+00:00,2026-07-18T10:47:58.502211+03:00,1960,Kazlıçeşme Marmaray Açık Otoparkı,ZEYTİNBURNU,40.9922,28.917,700,594,106,AÇIK OTOPARK,1,15,24 Saat
2026-07-18T07:47:58.502211+00:00,2026-07-18T10:47:58.502211+03:00,2994,Kirazlı Metro Durağı PD Açık Otoparkı,BAĞCILAR,41.033,28.8429,112,0,112,AÇIK OTOPARK,1,5,24 Saat
2026-07-18T07:47:58.502211+00:00,2026-07-18T10:47:58.502211+03:00,1528,Kore Şehitleri Caddesi - Yüzbaşı Kaya Aldağon Sokak 1,ŞİŞLİ,41.0719,29.0139,40,1,39,YOL ÜSTÜ,1,15,07:00-16:00
2026-07-18T07:47:58.502211+00:00,2026-07-18T10:47:58.502211+03:00,2449,Kozyatağı Sebze-Meyve Hali,ATAŞEHİR,40.9787,29.1029,1500,1500,0,AÇIK OTOPARK,1,0,24 Saat
2026-07-18T07:47:58.502211+00:00,2026-07-18T10:47:58.502211+03:00,1206,Kutlugün Sokak 2,FATİH,41.0061,28.9801,200,1,199,YOL ÜSTÜ,1,0,08:00-18:00
2026-07-18T07:47:58.502211+00:00,2026-07-18T10:47:58.502211+03:00,3074,Küçük Çamlıca,ÜSKÜDAR,41.0204,29.0653,129,106,23,AÇIK OTOPARK,1,0,08:00-22:00
2026-07-18T07:47:58.502211+00:00,2026-07-18T10:47:58.502211+03:00,3127,Küçükçekmece Cennet Mahallesi Meydan Zemin Altı Otoparkı,KÜÇÜKÇEKMECE,40.9907,28.783,456,0,456,KAPALI OTOPARK,1,10,24 Saat
2026-07-18T07:47:58.502211+00:00,2026-07-18T10:47:58.502211+03:00,2554,Küçükçekmece Fevzi Çakmak Meydanı Zemin Altı Otoparkı,KÜÇÜKÇEKMECE,41.0076,28.7927,1000,514,486,KAPALI OTOPARK,1,10,24 Saat
2026-07-18T07:47:58.502211+00:00,2026-07-18T10:47:58.502211+03:00,2882,Küçüksu Kasrı Açık Otoparkı,BEYKOZ,41.0789,29.0657,98,91,7,AÇIK OTOPARK,1,0,07:00-23:00
2026-07-18T07:47:58.502211+00:00,2026-07-18T10:47:58.502211+03:00,220,Levent Hamidiye,BEŞİKTAŞ,41.0861,29.0076,100,1,99,AÇIK OTOPARK,1,0,08:00-19:00
2026-07-18T07:47:58.502211+00:00,2026-07-18T10:47:58.502211+03:00,2335,Maçka Açık Otoparkı,ŞİŞLİ,41.046,28.9908,75,75,0,AÇIK OTOPARK,1,0,24 Saat
2026-07-18T07:47:58.502211+00:00,2026-07-18T10:47:58.502211+03:00,1859,Maçka Katlı Otoparkı,ŞİŞLİ,41.0484,28.9903,508,0,508,KAPALI OTOPARK,1,0,24 Saat
2026-07-18T07:47:58.502211+00:00,2026-07-18T10:47:58.502211+03:00,3193,Maltepe Rıhtım Caddesi Açık Otoparkı,MALTEPE,40.9258,29.1241,76,67,9,AÇIK OTOPARK,1,0,24 Saat
2026-07-18T07:47:58.502211+00:00,2026-07-18T10:47:58.502211+03:00,2146,Maltepe Süreyyapaşa Çarşısı Açık Otoparkı,MALTEPE,40.9274,29.1225,156,129,27,AÇIK OTOPARK,1,0,24 Saat
2026-07-18T07:47:58.502211+00:00,2026-07-18T10:47:58.502211+03:00,1599,Maslak Açık Otoparkı,SARIYER,41.1166,29.024,150,125,25,AÇIK OTOPARK,1,10,24 Saat
2026-07-18T07:47:58.502211+00:00,2026-07-18T10:47:58.502211+03:00,2100,Matbaacılar Sitesi Yanı,ZEYTİNBURNU,41.0234,28.9187,250,153,97,AÇIK OTOPARK,1,5,24 Saat
2026-07-18T07:47:58.502211+00:00,2026-07-18T10:47:58.502211+03:00,920,Meclis-i Mebusan Yokuşu 2,BEYOĞLU,41.0326,28.9882,34,1,33,YOL ÜSTÜ,1,15,09:00-17:00
2026-07-18T07:47:58.502211+00:00,2026-07-18T10:47:58.502211+03:00,1546,Menekşe Plajı Açık Otoparkı,BAKIRKÖY,40.9761,28.7766,200,200,0,AÇIK OTOPARK,1,0,24 Saat
2026-07-18T07:47:58.502211+00:00,2026-07-18T10:47:58.502211+03:00,1376,Mercan Açık,FATİH,41.0136,28.9669,130,39,91,AÇIK OTOPARK,1,0,08:00-23:00
2026-07-18T07:47:58.502211+00:00,2026-07-18T10:47:58.502211+03:00,3309,Mercan Ali Paşa Sarayı Zemin Altı Otoparkı,FATİH,41.0136,28.967,196,1,195,KAPALI OTOPARK,1,0,07:00-21:00
2026-07-18T07:47:58.502211+00:00,2026-07-18T10:47:58.502211+03:00,1472,Merter Katlı Otoparkı,GÜNGÖREN,41.0092,28.8874,1000,905,95,KAPALI OTOPARK,1,10,24 Saat
2026-07-18T07:47:58.502211+00:00,2026-07-18T10:47:58.502211+03:00,2375,Merter Metro PD Zeminaltı Otoparkı,GÜNGÖREN,41.0037,28.8897,242,102,140,KAPALI OTOPARK,1,10,24 Saat
2026-07-18T07:47:58.502211+00:00,2026-07-18T10:47:58.502211+03:00,1568,Mete Caddesi 1,BEYOĞLU,41.0382,28.9879,31,1,30,YOL ÜSTÜ,1,15,08:00-23:00
2026-07-18T07:47:58.502211+00:00,2026-07-18T10:47:58.502211+03:00,1471,Mevlana Yeraltı Katlı Otoparkı,ZEYTİNBURNU,41.0072,28.9049,1000,857,143,KAPALI OTOPARK,1,5,24 Saat
2026-07-18T07:47:58.502211+00:00,2026-07-18T10:47:58.502211+03:00,2709,Millet Caddesi Açık Otoparkı,FATİH,41.01,28.9461,60,35,25,AÇIK OTOPARK,1,15,24 Saat
2026-07-18T07:47:58.502211+00:00,2026-07-18T10:47:58.502211+03:00,3152,Mimar Sinan Zemin Altı Otoparkı,ÜSKÜDAR,41.0222,29.0169,956,390,566,KAPALI OTOPARK,1,15,24 Saat
2026-07-18T07:47:58.502211+00:00,2026-07-18T10:47:58.502211+03:00,2870,Miniatürk Çadır Açık Otoparkı,BEYOĞLU,41.0594,28.9501,250,174,76,AÇIK OTOPARK,1,15,07:00-20:00
2026-07-18T07:47:58.502211+00:00,2026-07-18T10:47:58.502211+03:00,2556,Muallim Naci Açık Otoparkı,BEŞİKTAŞ,41.0561,29.0342,35,25,10,AÇIK OTOPARK,1,15,24 Saat
2026-07-18T07:47:58.502211+00:00,2026-07-18T10:47:58.502211+03:00,569,Oda Kule Önü 1,BEYOĞLU,41.0322,28.9751,24,1,23,YOL ÜSTÜ,1,0,07:00-01:00
2026-07-18T07:47:58.502211+00:00,2026-07-18T10:47:58.502211+03:00,1988,Orhangazi Şehir Parkı PD Açık Otoparkı,MALTEPE,40.9313,29.1161,5022,4338,684,AÇIK OTOPARK,1,15,24 Saat
2026-07-18T07:47:58.502211+00:00,2026-07-18T10:47:58.502211+03:00,152,Ortabahçe Caddesi 2,BEŞİKTAŞ,41.0428,29.0043,35,1,34,YOL ÜSTÜ,1,15,08:00-23:00
2026-07-18T07:47:58.502211+00:00,2026-07-18T10:47:58.502211+03:00,153,Ortabahçe Caddesi 3,BEŞİKTAŞ,41.043,29.0042,26,1,25,YOL ÜSTÜ,1,15,08:00-23:00
2026-07-18T07:47:58.502211+00:00,2026-07-18T10:47:58.502211+03:00,119,Ortaklar Caddesi 1,ŞİŞLİ,41.0638,28.9971,25,1,24,YOL ÜSTÜ,1,15,08:30-17:00
2026-07-18T07:47:58.502211+00:00,2026-07-18T10:47:58.502211+03:00,1343,Ortaköy Açık Otoparkı,BEŞİKTAŞ,41.0504,29.0326,170,153,17,AÇIK OTOPARK,1,0,24 Saat
2026-07-18T07:47:58.502211+00:00,2026-07-18T10:47:58.502211+03:00,572,Ortaköy Portakal Yokuşu 1,BEŞİKTAŞ,41.0503,29.0261,15,1,14,YOL ÜSTÜ,1,15,09:00-19:00
2026-07-18T07:47:58.502211+00:00,2026-07-18T10:47:58.502211+03:00,1039,Öğretmen Evi,AVCILAR,40.9723,28.714,80,42,38,AÇIK OTOPARK,0,0,11:00-23:00
2026-07-18T07:47:58.502211+00:00,2026-07-18T10:47:58.502211+03:00,1466,Pendik Katlı Otoparkı,PENDİK,40.8789,29.2342,120,25,95,KAPALI OTOPARK,1,15,24 Saat
2026-07-18T07:47:58.502211+00:00,2026-07-18T10:47:58.502211+03:00,3073,Pendik Kemal Kalkuz Parkı Zemin Altı Otoparkı,PENDİK,40.8885,29.2427,224,0,224,KAPALI OTOPARK,1,0,09:00-18:00
2026-07-18T07:47:58.502211+00:00,2026-07-18T10:47:58.502211+03:00,3019,Pendik Meydan Zemin Altı Otoparkı,PENDİK,40.8752,29.2324,937,0,937,KAPALI OTOPARK,1,0,24 Saat
2026-07-18T07:47:58.502211+00:00,2026-07-18T10:47:58.502211+03:00,2865,Pendik Sahil Engelliler Merkez Önü,PENDİK,40.8735,29.233,100,66,34,AÇIK OTOPARK,0,0,11:00-20:00
2026-07-18T07:47:58.502211+00:00,2026-07-18T10:47:58.502211+03:00,2434,Pendik Sahil İdo,PENDİK,40.8755,29.2369,100,0,100,AÇIK OTOPARK,1,0,07:00-23:00
2026-07-18T07:47:58.502211+00:00,2026-07-18T10:47:58.502211+03:00,248,Pendik Yenimahalle Açık 2 Otoparkı,PENDİK,40.864,29.2723,124,102,22,AÇIK OTOPARK,1,15,10:00-22:00
2026-07-18T07:47:58.502211+00:00,2026-07-18T10:47:58.502211+03:00,297,Perşembe Pazarı 1,BEYOĞLU,41.0252,28.9693,32,1,31,YOL ÜSTÜ,1,15,08:00-17:00
2026-07-18T07:47:58.502211+00:00,2026-07-18T10:47:58.502211+03:00,597,Pierre Loti Caddesi 3,FATİH,41.0069,28.9711,36,1,35,YOL ÜSTÜ,1,0,07:00-17:00
2026-07-18T07:47:58.502211+00:00,2026-07-18T10:47:58.502211+03:00,3263,Piyalepaşa Meydanı Zemin Altı Otoparkı,BEYOĞLU,41.0445,28.9674,560,258,302,KAPALI OTOPARK,1,0,24 Saat
2026-07-18T07:47:58.502211+00:00,2026-07-18T10:47:58.502211+03:00,423,Prof.Cemil Birsel Yokuşu 3,FATİH,41.0178,28.967,40,1,39,YOL ÜSTÜ,1,0,07:00-18:00
2026-07-18T07:47:58.502211+00:00,2026-07-18T10:47:58.502211+03:00,1900,Ragıp Gümüşpala Cad.(Sobacılar Önü),FATİH,41.0181,28.969,40,1,39,YOL ÜSTÜ,1,15,07:00-18:00
2026-07-18T07:47:58.502211+00:00,2026-07-18T10:47:58.502211+03:00,415,Ragıp Gümüşpala Camii Önü 1,FATİH,41.0211,28.9627,35,1,34,YOL ÜSTÜ,1,0,07:00-17:30
2026-07-18T07:47:58.502211+00:00,2026-07-18T10:47:58.502211+03:00,3268,Refik Saydam Caddesi 3,BEYOĞLU,41.032,28.9736,55,1,54,YOL ÜSTÜ,1,0,06:00-23:00
2026-07-18T07:47:58.502211+00:00,2026-07-18T10:47:58.502211+03:00,2307,Ressam Halim Sokak PD Açık Otoparkı,BAHÇELİEVLER,40.9967,28.8641,120,71,49,AÇIK OTOPARK,1,15,08:00-00:00
2026-07-18T07:47:58.502211+00:00,2026-07-18T10:47:58.502211+03:00,3082,Rumeli Hisarı Sahil Yolu Otoparkı,SARIYER,41.0854,29.0568,20,2,18,AÇIK OTOPARK,1,0,24 Saat
2026-07-18T07:47:58.502211+00:00,2026-07-18T10:47:58.502211+03:00,1595,Sabiha Gökçen Açık Otoparkı,PENDİK,40.925,29.308,1056,0,1056,AÇIK OTOPARK,1,15,24 Saat
2026-07-18T07:47:58.502211+00:00,2026-07-18T10:47:58.502211+03:00,3239,Samatya Sahil Cep Otoparkı,FATİH,40.9954,28.932,113,103,10,AÇIK OTOPARK,1,15,24 Saat
2026-07-18T07:47:58.502211+00:00,2026-07-18T10:47:58.502211+03:00,3273,Sarıyer Büyükdere Fidanlığı,SARIYER,41.1548,29.0268,160,157,3,AÇIK OTOPARK,1,0,08:00-18:00
2026-07-18T07:47:58.502211+00:00,2026-07-18T10:47:58.502211+03:00,3299,Sariyer Ayazağa Mah Vadi İstanbul Önü Açık Otoparkı,SARIYER,41.1106,28.9881,100,97,3,AÇIK OTOPARK,1,0,08:00-20:00
2026-07-18T07:47:58.502211+00:00,2026-07-18T10:47:58.502211+03:00,1303,Seyrantepe Katlı (Arena Karşısı) 1,KAĞITHANE,41.101,28.9961,1897,1,1896,KAPALI OTOPARK,1,0,24 Saat
2026-07-18T07:47:58.502211+00:00,2026-07-18T10:47:58.502211+03:00,1628,Sıracevizler Caddesi Yol Üstü 5,ŞİŞLİ,41.0607,28.9841,45,1,44,YOL ÜSTÜ,1,15,09:00-17:00
2026-07-18T07:47:58.502211+00:00,2026-07-18T10:47:58.502211+03:00,464,Sirkeci Gar Önü,FATİH,41.015,28.9761,60,1,59,AÇIK OTOPARK,1,5,07:00-20:00
2026-07-18T07:47:58.502211+00:00,2026-07-18T10:47:58.502211+03:00,1486,Siyavuşpaşa Yer Altı Otoparkı,BAHÇELİEVLER,40.9965,28.8532,155,0,155,KAPALI OTOPARK,1,0,24 Saat
2026-07-18T07:47:58.502211+00:00,2026-07-18T10:47:58.502211+03:00,1958,Soğanlık Metro PD Açık Otoparkı,KARTAL,40.9131,29.1925,898,851,47,AÇIK OTOPARK,1,15,24 Saat
2026-07-18T07:47:58.502211+00:00,2026-07-18T10:47:58.502211+03:00,589,Su Terazisi Sokak,FATİH,41.0046,28.9727,22,1,21,YOL ÜSTÜ,1,0,07:30-17:00
2026-07-18T07:47:58.502211+00:00,2026-07-18T10:47:58.502211+03:00,1478,Suadiye Cep Açık Otoparkı,KADIKÖY,40.9586,29.0732,130,98,32,AÇIK OTOPARK,1,15,24 Saat
2026-07-18T07:47:58.502211+00:00,2026-07-18T10:47:58.502211+03:00,2948,Suadiye Sahil Açık Otoparkı,KADIKÖY,40.9562,29.0797,70,29,41,AÇIK OTOPARK,1,5,24 Saat
2026-07-18T07:47:58.502211+00:00,2026-07-18T10:47:58.502211+03:00,2799,Sultanbeyli Emir Caddesi Zemin Altı Otoparkı,SULTANBEYLİ,40.9707,29.2606,130,114,16,KAPALI OTOPARK,1,15,08:00-22:00
2026-07-18T07:47:58.502211+00:00,2026-07-18T10:47:58.502211+03:00,2372,Sultanbeyli Kent Meydanı Zemin Altı Otoparkı,SULTANBEYLİ,40.9667,29.2667,300,184,116,KAPALI OTOPARK,1,15,24 Saat
2026-07-18T07:47:58.502211+00:00,2026-07-18T10:47:58.502211+03:00,2410,Sultangazi Zemin Altı Otoparkı,SULTANGAZİ,41.0944,28.8649,104,0,104,KAPALI OTOPARK,1,10,24 Saat
2026-07-18T07:47:58.502211+00:00,2026-07-18T10:47:58.502211+03:00,2085,Süleyman Seba Caddesi 2,BEŞİKTAŞ,41.0426,28.9998,40,1,39,YOL ÜSTÜ,1,15,08:00-18:00
2026-07-18T07:47:58.502211+00:00,2026-07-18T10:47:58.502211+03:00,2088,Süleyman Seba Caddesi 5,BEŞİKTAŞ,41.0432,28.9978,40,1,39,YOL ÜSTÜ,1,15,08:00-18:00
2026-07-18T07:47:58.502211+00:00,2026-07-18T10:47:58.502211+03:00,2089,Süleyman Seba Caddesi 6,BEŞİKTAŞ,41.0435,28.9967,11,1,10,YOL ÜSTÜ,1,15,08:00-18:00
2026-07-18T07:47:58.502211+00:00,2026-07-18T10:47:58.502211+03:00,2391,Süleymaniye Cami Altı Açık Otoparkı,FATİH,41.0158,28.961,250,235,15,AÇIK OTOPARK,1,0,06:30-18:30
2026-07-18T07:47:58.502211+00:00,2026-07-18T10:47:58.502211+03:00,1730,Sütlüce Miniatürk Yanı,BEYOĞLU,41.057,28.95,320,224,96,AÇIK OTOPARK,1,15,24 Saat
2026-07-18T07:47:58.502211+00:00,2026-07-18T10:47:58.502211+03:00,36,Şakayık Sokak 4,ŞİŞLİ,41.0518,28.9936,50,1,49,YOL ÜSTÜ,1,15,08:00-16:00
2026-07-18T07:47:58.502211+00:00,2026-07-18T10:47:58.502211+03:00,1469,Şehit Volkan Duysak Katlı Otoparkı,ZEYTİNBURNU,40.9968,28.9039,1000,682,318,KAPALI OTOPARK,1,5,24 Saat
2026-07-18T07:47:58.502211+00:00,2026-07-18T10:47:58.502211+03:00,2385,Şehremini Açık Otoparkı 1,FATİH,41.0135,28.9333,60,1,59,AÇIK OTOPARK,1,0,08:30-20:30
2026-07-18T07:47:58.502211+00:00,2026-07-18T10:47:58.502211+03:00,2855,Şemsipaşa Açık Otoparkı,ÜSKÜDAR,41.0255,29.0097,80,32,48,AÇIK OTOPARK,1,0,24 Saat
2026-07-18T07:47:58.502211+00:00,2026-07-18T10:47:58.502211+03:00,2439,Şirinevler Meydan Zeminaltı Otoparkı,BAHÇELİEVLER,40.9925,28.8496,367,113,254,KAPALI OTOPARK,1,0,24 Saat
2026-07-18T07:47:58.502211+00:00,2026-07-18T10:47:58.502211+03:00,3400,Şişhane Refik Saydam Caddesi 2 Yol Üstü Otoparkı 1,BEYOĞLU,41.0326,28.9743,70,1,69,YOL ÜSTÜ,1,15,06:00-23:00
2026-07-18T07:47:58.502211+00:00,2026-07-18T10:47:58.502211+03:00,1017,Şişli Kadırgalar Caddesi 1,ŞİŞLİ,41.0429,28.9927,100,1,99,AÇIK OTOPARK,1,0,07:00-23:00
2026-07-18T07:47:58.502211+00:00,2026-07-18T10:47:58.502211+03:00,3441,Şişli Kuştepe Zemin Altı Otoparkı,ŞİŞLİ,41.072,28.9919,430,330,100,KAPALI OTOPARK,1,15,24 Saat
2026-07-18T07:47:58.502211+00:00,2026-07-18T10:47:58.502211+03:00,2816,Şişli Rumeli Caddesi Metro Yanı 1,ŞİŞLİ,41.0538,28.9868,45,1,44,YOL ÜSTÜ,1,15,08:00-20:00
2026-07-18T07:47:58.502211+00:00,2026-07-18T10:47:58.502211+03:00,2406,Şişli Zemin Altı Otoparkı,ŞİŞLİ,41.0641,28.9992,581,373,208,KAPALI OTOPARK,1,15,24 Saat
2026-07-18T07:47:58.502211+00:00,2026-07-18T10:47:58.502211+03:00,1993,Tuzla İdo,TUZLA,40.8149,29.3039,300,264,36,AÇIK OTOPARK,1,15,24 Saat
2026-07-18T07:47:58.502211+00:00,2026-07-18T10:47:58.502211+03:00,3332,Tuzla Sahil Cep,TUZLA,40.8168,29.2992,50,42,8,AÇIK OTOPARK,1,0,08:00-00:00
2026-07-18T07:47:58.502211+00:00,2026-07-18T10:47:58.502211+03:00,3057,Tuzla Sahil Zemin Altı Otoparkı,TUZLA,40.8181,29.3004,779,539,240,KAPALI OTOPARK,1,15,24 Saat
2026-07-18T07:47:58.502211+00:00,2026-07-18T10:47:58.502211+03:00,1811,Ulu Camii Açık Otoparkı,BAHÇELİEVLER,40.9982,28.8499,150,122,28,AÇIK OTOPARK,1,10,24 Saat
2026-07-18T07:47:58.502211+00:00,2026-07-18T10:47:58.502211+03:00,2424,Uzunçayır Açık Otoparkı,KADIKÖY,40.9988,29.0556,58,52,6,AÇIK OTOPARK,1,0,06:00-16:00
2026-07-18T07:47:58.502211+00:00,2026-07-18T10:47:58.502211+03:00,1468,Ümraniye Katlı Otoparkı,ÜMRANİYE,41.0261,29.0953,665,460,205,KAPALI OTOPARK,1,15,24 Saat
2026-07-18T07:47:58.502211+00:00,2026-07-18T10:47:58.502211+03:00,2898,Ümraniye Okan Sokak Zeminaltı Otoparkı,ÜMRANİYE,41.0284,29.0907,125,33,92,KAPALI OTOPARK,1,15,24 Saat
2026-07-18T07:47:58.502211+00:00,2026-07-18T10:47:58.502211+03:00,2345,Üsküdar Uzunçayır PD Açık Otoparkı,ÜSKÜDAR,40.9988,29.0577,90,79,11,AÇIK OTOPARK,1,15,06:00-22:00
2026-07-18T07:47:58.502211+00:00,2026-07-18T10:47:58.502211+03:00,1929,Üsküdar Ünalan Açık Otoparkı,ÜSKÜDAR,40.9979,29.0604,180,175,5,AÇIK OTOPARK,1,0,07:00-17:00
2026-07-18T07:47:58.502211+00:00,2026-07-18T10:47:58.502211+03:00,1487,Vatan Caddesi PD Açık Otoparkı,FATİH,41.0157,28.9405,397,353,44,AÇIK OTOPARK,1,5,24 Saat
2026-07-18T07:47:58.502211+00:00,2026-07-18T10:47:58.502211+03:00,1621,Veteriner Hilmi Sokak Yol Üstü 1,ŞİŞLİ,41.0603,28.9892,20,1,19,YOL ÜSTÜ,1,15,08:00-17:00
2026-07-18T07:47:58.502211+00:00,2026-07-18T10:47:58.502211+03:00,2441,Yalı Açık Otoparkı,MALTEPE,40.9095,29.137,85,82,3,AÇIK OTOPARK,1,0,07:30-22:00
2026-07-18T07:47:58.502211+00:00,2026-07-18T10:47:58.502211+03:00,459,Yalı Köşkü Caddesi 1,FATİH,41.0163,28.9759,61,1,60,YOL ÜSTÜ,1,5,07:00-21:00
2026-07-18T07:47:58.502211+00:00,2026-07-18T10:47:58.502211+03:00,2037,Yenikapı Marmaray Büyük Otoparkı,FATİH,41.0057,28.9505,324,160,164,AÇIK OTOPARK,1,15,24 Saat
2026-07-18T07:47:58.502211+00:00,2026-07-18T10:47:58.502211+03:00,2036,Yenikapı Marmaray Küçük Otoparkı,FATİH,41.0064,28.9504,200,175,25,AÇIK OTOPARK,1,15,07:00-22:00
2026-07-18T07:47:58.502211+00:00,2026-07-18T10:47:58.502211+03:00,2175,Yenikapı Spor ve Kültür Merkezi PD Açık Otoparkı,FATİH,41.0006,28.9519,4023,3824,199,AÇIK OTOPARK,1,15,24 Saat
2026-07-18T07:47:58.502211+00:00,2026-07-18T10:47:58.502211+03:00,2805,Yenikapı Tünel Üstü Açık Otoparkı,FATİH,41.0029,28.9534,700,482,218,AÇIK OTOPARK,1,10,24 Saat
2026-07-18T07:47:58.502211+00:00,2026-07-18T10:47:58.502211+03:00,3404,Yenimahalle Metro Zemin Altı PD Otoparkı,GAZİOSMANPAŞA,41.0839,28.8926,114,92,22,KAPALI OTOPARK,1,15,24 Saat
2026-07-18T07:47:58.502211+00:00,2026-07-18T10:47:58.502211+03:00,2920,Yeşilce Zemin Altı Katlı Otoparkı,KAĞITHANE,41.0938,29.0017,676,275,401,KAPALI OTOPARK,1,0,24 Saat
2026-07-18T07:47:58.502211+00:00,2026-07-18T10:47:58.502211+03:00,987,Yeşilköy İstasyon Caddesi 1,BAKIRKÖY,40.962,28.825,40,1,39,YOL ÜSTÜ,1,15,09:00-17:30
2026-07-18T07:47:58.502211+00:00,2026-07-18T10:47:58.502211+03:00,974,Yeşilköy Marina 1,BAKIRKÖY,40.9576,28.8233,145,1,144,YOL ÜSTÜ,0,0,12:00-23:00
2026-07-18T07:47:58.502211+00:00,2026-07-18T10:47:58.502211+03:00,3406,Yeşilpınar Metro Zemin Altı PD Otoparkı,EYÜP,41.081,28.9204,269,193,76,KAPALI OTOPARK,1,15,24 Saat
2026-07-18T07:47:58.502211+00:00,2026-07-18T10:47:58.502211+03:00,315,Yeşilyurt Çarşı 1,BAKIRKÖY,40.9643,28.8379,50,1,49,YOL ÜSTÜ,1,15,09:00-17:30
2026-07-18T07:47:58.502211+00:00,2026-07-18T10:47:58.502211+03:00,1133,Yıldız Korusu,BEŞİKTAŞ,41.0514,29.0165,500,1,499,AÇIK OTOPARK,1,0,08:00-22:00
2026-07-18T07:47:58.502211+00:00,2026-07-18T10:47:58.502211+03:00,882,Zeytinburnu 58. Bulvar 2,ZEYTİNBURNU,40.9932,28.9039,48,1,47,YOL ÜSTÜ,1,15,09:00-18:00
2026-07-18T07:47:58.502211+00:00,2026-07-18T10:47:58.502211+03:00,3185,Zeytinburnu Sahil Cep Otoparkı,ZEYTİNBURNU,40.9798,28.8985,160,1,159,AÇIK OTOPARK,0,0,12:00-22:00
2026-07-18T09:24:15.497695+00:00,2026-07-18T12:24:15.497695+03:00,3068,15 Temmuz Şehitler Meydanı Zeminaltı Otoparkı,ÜMRANİYE,41.0246,29.0915,1029,572,457,KAPALI OTOPARK,1,15,24 Saat
2026-07-18T09:24:15.497695+00:00,2026-07-18T12:24:15.497695+03:00,2338,19 Mayıs Açık,ŞİŞLİ,41.0563,28.9941,65,0,65,AÇIK OTOPARK,1,0,24 Saat
2026-07-18T09:24:15.497695+00:00,2026-07-18T12:24:15.497695+03:00,1751,4.Levent PD Açık Otoparkı,KAĞITHANE,41.0836,29.0081,236,139,97,AÇIK OTOPARK,1,5,24 Saat
2026-07-18T09:24:15.497695+00:00,2026-07-18T12:24:15.497695+03:00,3328,4.Levent Servis ve Turizm Araçları Açık Otoparkı,ŞİŞLİ,41.0841,29.0054,300,173,127,AÇIK OTOPARK,1,15,24 Saat
2026-07-18T09:24:15.497695+00:00,2026-07-18T12:24:15.497695+03:00,3412,5. Levent Gaziosmanpaşa Adliyesi Yanı Açık Otoparkı,EYÜP,41.0927,28.9494,250,235,15,AÇIK OTOPARK,1,15,07:00-23:00
2026-07-18T09:24:15.497695+00:00,2026-07-18T12:24:15.497695+03:00,104,Abide-i Hürriyet Caddesi 5,ŞİŞLİ,41.0619,28.9876,40,1,39,YOL ÜSTÜ,1,15,08:00-17:00
2026-07-18T09:24:15.497695+00:00,2026-07-18T12:24:15.497695+03:00,2452,Acıbadem Açık Otoparkı,ÜSKÜDAR,41.0157,29.0574,100,87,13,AÇIK OTOPARK,1,0,06:30-16:00
2026-07-18T09:24:15.497695+00:00,2026-07-18T12:24:15.497695+03:00,346,Ada Karşısı Cep 2,BEŞİKTAŞ,41.072,29.045,30,1,29,YOL ÜSTÜ,1,15,08:00-23:00
2026-07-18T09:24:15.497695+00:00,2026-07-18T12:24:15.497695+03:00,1663,Akasyalı Sokak Tenis Kulubü Önü 2,BEŞİKTAŞ,41.0867,29.0109,45,1,44,YOL ÜSTÜ,1,15,08:30-17:30
2026-07-18T09:24:15.497695+00:00,2026-07-18T12:24:15.497695+03:00,828,Akdeniz Caddesi 4,FATİH,41.0175,28.9435,27,1,26,YOL ÜSTÜ,1,15,09:00-18:00
2026-07-18T09:24:15.497695+00:00,2026-07-18T12:24:15.497695+03:00,1913,Alibeyköy Cep Otogarı Açık Otoparkı,EYÜP,41.0879,28.9446,116,13,103,AÇIK OTOPARK,1,25,24 Saat
2026-07-18T09:24:15.497695+00:00,2026-07-18T12:24:15.497695+03:00,1912,Alibeyköy Cep Otogarı Otobüs Otoparkı,EYÜP,41.0875,28.9449,5000,4980,20,AÇIK OTOPARK,1,60,24 Saat
2026-07-18T09:24:15.497695+00:00,2026-07-18T12:24:15.497695+03:00,2562,Alibeyköy Yeşiltepe Zemin Altı Otoparkı,EYÜP,41.0797,28.938,159,60,99,KAPALI OTOPARK,1,15,24 Saat
2026-07-18T09:24:15.497695+00:00,2026-07-18T12:24:15.497695+03:00,3201,Altınboynuz Sosyal Tesisleri,EYÜP,41.058,28.9447,70,1,69,AÇIK OTOPARK,1,15,08:00-23:00
2026-07-18T09:24:15.497695+00:00,2026-07-18T12:24:15.497695+03:00,758,Arap Camii Açık Otoparkı,BEYOĞLU,41.0227,28.9723,30,1,29,AÇIK OTOPARK,1,0,09:00-17:00
2026-07-18T09:24:15.497695+00:00,2026-07-18T12:24:15.497695+03:00,2685,Aras Sokak 2,BÜYÜKÇEKMECE,41.023,28.6209,60,1,59,YOL ÜSTÜ,1,0,06:00-14:30
2026-07-18T09:24:15.497695+00:00,2026-07-18T12:24:15.497695+03:00,2802,Arnavutköy Zemin Altı Otoparkı,ARNAVUTKÖY,41.1838,28.7396,700,31,669,KAPALI OTOPARK,1,15,24 Saat
2026-07-18T09:24:15.497695+00:00,2026-07-18T12:24:15.497695+03:00,1797,Ataköy Atrium AVM,BAKIRKÖY,40.9881,28.8459,250,201,49,AÇIK OTOPARK,1,15,08:00-23:00
2026-07-18T09:24:15.497695+00:00,2026-07-18T12:24:15.497695+03:00,2824,Ataköy Metro Durağı Yanı PD Zemin Altı Otoparkı,BAKIRKÖY,40.9904,28.8456,150,91,59,KAPALI OTOPARK,1,0,24 Saat
2026-07-18T09:24:15.497695+00:00,2026-07-18T12:24:15.497695+03:00,3161,Ataşehir Topçu İbrahim Sokak,ATAŞEHİR,40.9736,29.101,42,1,41,YOL ÜSTÜ,1,15,07:00-16:00
2026-07-18T09:24:15.497695+00:00,2026-07-18T12:24:15.497695+03:00,359,Atatürk Bulvarı 1,FATİH,41.0112,28.9534,20,1,19,YOL ÜSTÜ,1,0,07:30-18:00
2026-07-18T09:24:15.497695+00:00,2026-07-18T12:24:15.497695+03:00,3087,Atatürk Kent Ormanı Otoparkı,SARIYER,41.136,29.0262,200,198,2,AÇIK OTOPARK,1,0,08:00-17:00
2026-07-18T09:24:15.497695+00:00,2026-07-18T12:24:15.497695+03:00,1088,Avcılar İdo,AVCILAR,40.9712,28.7185,270,264,6,AÇIK OTOPARK,0,0,13:00-07:00
2026-07-18T09:24:15.497695+00:00,2026-07-18T12:24:15.497695+03:00,2885,Azapkapı Haliç Metro Otoparkı,ŞİŞLİ,41.0245,28.9691,80,3,77,AÇIK OTOPARK,1,5,24 Saat
2026-07-18T09:24:15.497695+00:00,2026-07-18T12:24:15.497695+03:00,2455,Azerbaycan Dostluk Parkı Zemin Altı Otoparkı,BAĞCILAR,41.0444,28.854,400,204,196,KAPALI OTOPARK,1,10,24 Saat
2026-07-18T09:24:15.497695+00:00,2026-07-18T12:24:15.497695+03:00,2965,Bağcılar Çolakoğlu Zemin Altı Otoparkı,BAĞCILAR,41.0324,28.8345,106,0,106,KAPALI OTOPARK,1,5,24 Saat
2026-07-18T09:24:15.497695+00:00,2026-07-18T12:24:15.497695+03:00,2576,Bağcılar Demirkapı Zemin Altı Otoparkı,BAĞCILAR,41.0499,28.8327,343,164,179,KAPALI OTOPARK,1,5,24 Saat
2026-07-18T09:24:15.497695+00:00,2026-07-18T12:24:15.497695+03:00,3036,Bağcılar Devlet Hastanesi Yanı Zeminaltı Otoparkı,BAĞCILAR,41.0312,28.8696,1133,161,972,KAPALI OTOPARK,1,15,24 Saat
2026-07-18T09:24:15.497695+00:00,2026-07-18T12:24:15.497695+03:00,3071,Bağcılar Emniyet Müdürlüğü Yanı Açık Otoparkı,BAĞCILAR,41.0353,28.8598,100,49,51,AÇIK OTOPARK,1,0,24 Saat
2026-07-18T09:24:15.497695+00:00,2026-07-18T12:24:15.497695+03:00,2873,Bağcılar Göztepe Zemin Altı,BAĞCILAR,41.0567,28.8355,120,0,120,KAPALI OTOPARK,1,5,24 Saat
2026-07-18T09:24:15.497695+00:00,2026-07-18T12:24:15.497695+03:00,3187,Bağcılar Hürriyet Mahallesi Zemin Altı Otoparkı,BAĞCILAR,41.0291,28.8333,355,0,355,KAPALI OTOPARK,1,10,24 Saat
2026-07-18T09:24:15.497695+00:00,2026-07-18T12:24:15.497695+03:00,2916,Bağcılar Kent Meydanı PD Zemin Altı Otoparkı,BAĞCILAR,41.0339,28.8556,1162,0,1162,KAPALI OTOPARK,1,0,24 Saat
2026-07-18T09:24:15.497695+00:00,2026-07-18T12:24:15.497695+03:00,3261,Bağcılar Yenimahalle Zemin Altı Otoparkı,BAĞCILAR,41.0425,28.8395,525,290,235,KAPALI OTOPARK,1,15,24 Saat
2026-07-18T09:24:15.497695+00:00,2026-07-18T12:24:15.497695+03:00,2820,Bağcılar Yıldıztepe Katlı Otoparkı,BAĞCILAR,41.0294,28.8556,350,0,350,KAPALI OTOPARK,1,10,24 Saat
2026-07-18T09:24:15.497695+00:00,2026-07-18T12:24:15.497695+03:00,3447,Bahçelievler 23 Nisan Milli Egemenlik Zeminaltı Otoparkı,BAHÇELİEVLER,40.9988,28.8472,732,448,284,KAPALI OTOPARK,1,10,24 Saat
2026-07-18T09:24:15.497695+00:00,2026-07-18T12:24:15.497695+03:00,2993,Bahçelievler Cumhuriyet Zeminaltı Otoparkı,BAHÇELİEVLER,41.0149,28.859,663,0,663,KAPALI OTOPARK,1,10,24 Saat
2026-07-18T09:24:15.497695+00:00,2026-07-18T12:24:15.497695+03:00,2969,Bahçelievler Devlet Hastanesi Yanı Katlı Otoparkı,BAHÇELİEVLER,41.0072,28.8442,740,0,740,KAPALI OTOPARK,1,0,24 Saat
2026-07-18T09:24:15.497695+00:00,2026-07-18T12:24:15.497695+03:00,3051,Bahçelievler Zafer Mh. Zeminaltı Otoparkı,BAHÇELİEVLER,41.0036,28.8351,200,79,121,KAPALI OTOPARK,1,0,24 Saat
2026-07-18T09:24:15.497695+00:00,2026-07-18T12:24:15.497695+03:00,3118,Bahçeşehir Doğa Parkı Caddesi 3,BAŞAKŞEHİR,41.0683,28.6894,22,1,21,YOL ÜSTÜ,1,15,10:00-20:00
2026-07-18T09:24:15.497695+00:00,2026-07-18T12:24:15.497695+03:00,3236,Bahçeşehir Gölet Açık Otoparkı,BAŞAKŞEHİR,41.0719,28.6901,200,1,199,AÇIK OTOPARK,1,0,12:00-22:00
2026-07-18T09:24:15.497695+00:00,2026-07-18T12:24:15.497695+03:00,1465,Bakırköy İdo Açık Otoparkı,BAKIRKÖY,40.9739,28.8761,160,98,62,AÇIK OTOPARK,1,10,24 Saat
2026-07-18T09:24:15.497695+00:00,2026-07-18T12:24:15.497695+03:00,1104,Balmumcu Katlı Otoparkı,BEŞİKTAŞ,41.0636,29.0109,400,327,73,KAPALI OTOPARK,1,5,24 Saat
2026-07-18T09:24:15.497695+00:00,2026-07-18T12:24:15.497695+03:00,2796,Başakşehir Metro Açık Otoparkı,BAŞAKŞEHİR,41.107,28.801,125,1,124,AÇIK OTOPARK,1,0,07:00-16:00
2026-07-18T09:24:15.497695+00:00,2026-07-18T12:24:15.497695+03:00,2350,Bayrampaşa Adapark Katlı Otoparkı,BAYRAMPAŞA,41.0647,28.8875,650,0,650,KAPALI OTOPARK,1,15,24 Saat
2026-07-18T09:24:15.497695+00:00,2026-07-18T12:24:15.497695+03:00,2892,Bayrampaşa Altıntepsi Zemin  Altı Otoparkı,BAYRAMPAŞA,41.0393,28.9029,110,0,110,KAPALI OTOPARK,1,10,24 Saat
2026-07-18T09:24:15.497695+00:00,2026-07-18T12:24:15.497695+03:00,2909,Bayrampaşa Atatürk Parkı  Zemin Altı Otoparkı,BAYRAMPAŞA,41.0342,28.9123,442,7,435,KAPALI OTOPARK,1,10,24 Saat
2026-07-18T09:24:15.497695+00:00,2026-07-18T12:24:15.497695+03:00,2683,Bayrampaşa Devlet Hastanesi Cep Otoparkı,BAYRAMPAŞA,41.0414,28.9031,55,22,33,AÇIK OTOPARK,1,0,08:00-19:00
2026-07-18T09:24:15.497695+00:00,2026-07-18T12:24:15.497695+03:00,3301,Bayrampaşa Kocatepe Mahallesi Zemin Altı Otoparkı,BAYRAMPAŞA,41.0545,28.8964,241,0,241,KAPALI OTOPARK,1,10,24 Saat
2026-07-18T09:24:15.497695+00:00,2026-07-18T12:24:15.497695+03:00,2053,Bayrampaşa Muratpaşa Yer Altı Otoparkı,BAYRAMPAŞA,41.047,28.9082,300,22,278,KAPALI OTOPARK,1,15,24 Saat
2026-07-18T09:24:15.497695+00:00,2026-07-18T12:24:15.497695+03:00,3175,Bayrampaşa Spor Kompleksi Zemin Altı Otoparkı,BAYRAMPAŞA,41.0446,28.9106,205,0,205,KAPALI OTOPARK,1,15,24 Saat
2026-07-18T09:24:15.497695+00:00,2026-07-18T12:24:15.497695+03:00,3382,Bayrampaşa Şehit Kamil Balkan Zemin Altı Otoparkı,BAYRAMPAŞA,41.0604,28.9008,235,0,235,KAPALI OTOPARK,1,10,24 Saat
2026-07-18T09:24:15.497695+00:00,2026-07-18T12:24:15.497695+03:00,2428,Bayrampaşa Yenidoğan Mahallesi Zemin Altı Otoparkı,BAYRAMPAŞA,41.0395,28.9088,120,0,120,KAPALI OTOPARK,1,10,24 Saat
2026-07-18T09:24:15.497695+00:00,2026-07-18T12:24:15.497695+03:00,2468,Bebek Açık,BEŞİKTAŞ,41.077,29.0434,30,3,27,AÇIK OTOPARK,1,0,24 Saat
2026-07-18T09:24:15.497695+00:00,2026-07-18T12:24:15.497695+03:00,3479,Beşiktaş Halk Pazarı Açık Otoparkı,BEŞİKTAŞ,41.0496,29.0004,170,170,0,AÇIK OTOPARK,1,5,24 Saat
2026-07-18T09:24:15.497695+00:00,2026-07-18T12:24:15.497695+03:00,573,Beşiktaş Kadastro Önü 1,BEŞİKTAŞ,41.0503,29.0076,39,1,38,YOL ÜSTÜ,1,15,08:00-17:00
2026-07-18T09:24:15.497695+00:00,2026-07-18T12:24:15.497695+03:00,3257,Beykoz Sahil Cep Otoparkı,BEYKOZ,41.1286,29.0953,100,76,24,AÇIK OTOPARK,1,0,08:00-00:00
2026-07-18T09:24:15.497695+00:00,2026-07-18T12:24:15.497695+03:00,2273,Beykoz Sosyal Tesisleri,BEYKOZ,41.1143,29.0888,130,6,124,AÇIK OTOPARK,1,15,08:00-00:00
2026-07-18T09:24:15.497695+00:00,2026-07-18T12:24:15.497695+03:00,2999,Beyoğlu Gazhane Bostan Sokak 2,BEYOĞLU,41.0389,28.9903,35,1,34,YOL ÜSTÜ,1,0,07:30-16:30
2026-07-18T09:24:15.497695+00:00,2026-07-18T12:24:15.497695+03:00,3072,Beyoğlu Örnektepe Zemin Altı Otoparkı,BEYOĞLU,41.0543,28.9548,143,0,143,KAPALI OTOPARK,1,0,24 Saat
2026-07-18T09:24:15.497695+00:00,2026-07-18T12:24:15.497695+03:00,1455,Bostancı Açık,KADIKÖY,40.9523,29.0902,394,0,394,AÇIK OTOPARK,1,15,24 Saat
2026-07-18T09:24:15.497695+00:00,2026-07-18T12:24:15.497695+03:00,1456,Bostancı Sahil-Cep Açık Otoparkı,KADIKÖY,40.9545,29.0885,192,0,192,AÇIK OTOPARK,1,15,24 Saat
2026-07-18T09:24:15.497695+00:00,2026-07-18T12:24:15.497695+03:00,2150,Bostancı Vergi Dairesi Açık Otoparkı,ATAŞEHİR,40.9625,29.1083,155,0,155,AÇIK OTOPARK,1,5,08:00-20:00
2026-07-18T09:24:15.497695+00:00,2026-07-18T12:24:15.497695+03:00,2854,Bülent Ecevit Kültür Merkezi Açık Otoparkı,KARTAL,40.8852,29.1967,277,276,1,AÇIK OTOPARK,1,5,10:00-21:00
2026-07-18T09:24:15.497695+00:00,2026-07-18T12:24:15.497695+03:00,2866,Büyük İstanbul Otogarı,BAYRAMPAŞA,41.0402,28.8942,1000,0,1000,AÇIK OTOPARK,1,25,24 Saat
2026-07-18T09:24:15.497695+00:00,2026-07-18T12:24:15.497695+03:00,1192,Büyükçamlıca Korusu Sosyal Tesisleri Önü,ÜSKÜDAR,41.0264,29.0698,204,113,91,AÇIK OTOPARK,1,0,08:00-00:00
2026-07-18T09:24:15.497695+00:00,2026-07-18T12:24:15.497695+03:00,2960,Büyükçekmece Metrobüs Durağı Yanı PD Zemin Altı Otopark,BÜYÜKÇEKMECE,41.0221,28.624,448,220,228,KAPALI OTOPARK,1,0,24 Saat
2026-07-18T09:24:15.497695+00:00,2026-07-18T12:24:15.497695+03:00,1503,Cadde Bostan Açık Otoparkı,KADIKÖY,40.9636,29.0675,66,6,60,AÇIK OTOPARK,1,15,24 Saat
2026-07-18T09:24:15.497695+00:00,2026-07-18T12:24:15.497695+03:00,2933,Cemal Kamacı Spor Kompleksi Zemin Altı Otoparkı,KAĞITHANE,41.0536,28.9575,510,0,510,KAPALI OTOPARK,1,0,24 Saat
2026-07-18T09:24:15.497695+00:00,2026-07-18T12:24:15.497695+03:00,2207,Cengiz Topel Yer Altı Katlı Otoparkı,ESENLER,41.0588,28.8643,144,0,144,KAPALI OTOPARK,1,15,24 Saat
2026-07-18T09:24:15.497695+00:00,2026-07-18T12:24:15.497695+03:00,2787,Cevizli Açık Otoparkı,KARTAL,40.9179,29.1712,100,92,8,AÇIK OTOPARK,1,15,08:00-19:00
2026-07-18T09:24:15.497695+00:00,2026-07-18T12:24:15.497695+03:00,782,Cihangir Caddesi 2,BEYOĞLU,41.0319,28.9862,70,1,69,YOL ÜSTÜ,1,15,09:00-19:00
2026-07-18T09:24:15.497695+00:00,2026-07-18T12:24:15.497695+03:00,1467,Cihangir Katlı Otoparkı,BEYOĞLU,41.0318,28.9858,350,0,350,KAPALI OTOPARK,1,0,24 Saat
2026-07-18T09:24:15.497695+00:00,2026-07-18T12:24:15.497695+03:00,535,Cihannuma Yol Üstü 1,BEŞİKTAŞ,41.0454,29.0084,35,1,34,YOL ÜSTÜ,1,0,08:00-23:00
2026-07-18T09:24:15.497695+00:00,2026-07-18T12:24:15.497695+03:00,537,Cihannuma Yol Üstü 3,BEŞİKTAŞ,41.0459,29.0087,33,1,32,YOL ÜSTÜ,1,0,08:00-23:00
2026-07-18T09:24:15.497695+00:00,2026-07-18T12:24:15.497695+03:00,539,Cihannuma Yol Üstü 5,BEŞİKTAŞ,41.0489,29.0094,24,1,23,YOL ÜSTÜ,1,0,08:00-23:00
2026-07-18T09:24:15.497695+00:00,2026-07-18T12:24:15.497695+03:00,3184,Çam Sokak 6,GÜNGÖREN,41.0121,28.8882,50,1,49,YOL ÜSTÜ,1,15,08:00-17:00
2026-07-18T09:24:15.497695+00:00,2026-07-18T12:24:15.497695+03:00,3030,Çekmeköy Metro PD Zemin Altı Otoparkı,ÇEKMEKÖY,41.0147,29.1886,175,71,104,KAPALI OTOPARK,1,15,24 Saat
2026-07-18T09:24:15.497695+00:00,2026-07-18T12:24:15.497695+03:00,2905,Çeliktepe Açık Otoparkı,KAĞITHANE,41.0843,29.0056,200,84,116,AÇIK OTOPARK,1,5,24 Saat
2026-07-18T09:24:15.497695+00:00,2026-07-18T12:24:15.497695+03:00,1298,Çengelköy Açık Otoparkı,ÜSKÜDAR,41.0484,29.0533,500,0,500,AÇIK OTOPARK,1,15,24 Saat
2026-07-18T09:24:15.497695+00:00,2026-07-18T12:24:15.497695+03:00,502,Çınar Açık Otoparkı,BEŞİKTAŞ,41.0853,29.0088,65,1,64,AÇIK OTOPARK,1,0,08:00-18:00
2026-07-18T09:24:15.497695+00:00,2026-07-18T12:24:15.497695+03:00,777,Çırağan Sarayı Yol Üstü 1,BEŞİKTAŞ,41.0448,29.0165,40,1,39,YOL ÜSTÜ,1,15,08:00-23:00
2026-07-18T09:24:15.497695+00:00,2026-07-18T12:24:15.497695+03:00,778,Çırağan Sarayı Yol Üstü 2,BEŞİKTAŞ,41.0445,29.0156,40,1,39,YOL ÜSTÜ,1,15,08:00-23:00
2026-07-18T09:24:15.497695+00:00,2026-07-18T12:24:15.497695+03:00,2228,Çırpıcı Sosyal Tesisler,ZEYTİNBURNU,41,28.8926,128,0,128,AÇIK OTOPARK,1,15,07:00-00:00
2026-07-18T09:24:15.497695+00:00,2026-07-18T12:24:15.497695+03:00,1508,Çiroz Yeşilköy Halk Pazarı,BAKIRKÖY,40.9628,28.8129,471,1,470,AÇIK OTOPARK,1,0,08:00-18:00
2026-07-18T09:24:15.497695+00:00,2026-07-18T12:24:15.497695+03:00,2030,Dalyan Açık Otoparkı,KADIKÖY,40.9632,29.0651,92,0,92,AÇIK OTOPARK,1,15,24 Saat
2026-07-18T09:24:15.497695+00:00,2026-07-18T12:24:15.497695+03:00,2271,Damla Sokak 1,ŞİŞLİ,41.0672,29.0004,17,1,16,YOL ÜSTÜ,1,15,07:30-16:30
2026-07-18T09:24:15.497695+00:00,2026-07-18T12:24:15.497695+03:00,2164,Darüşşafaka Yeraltı Otoparkı,SARIYER,41.1292,29.0252,150,134,16,KAPALI OTOPARK,1,15,08:00-00:00
2026-07-18T09:24:15.497695+00:00,2026-07-18T12:24:15.497695+03:00,1653,Deniz Feneri Otoparkı,FATİH,41.0019,28.9773,175,102,73,AÇIK OTOPARK,1,5,24 Saat
2026-07-18T09:24:15.497695+00:00,2026-07-18T12:24:15.497695+03:00,595,Dostluk Yurdu 1,FATİH,41.0071,28.973,33,1,32,YOL ÜSTÜ,1,15,07:00-17:00
2026-07-18T09:24:15.497695+00:00,2026-07-18T12:24:15.497695+03:00,2237,Dragos Sosyal Tesisleri,KARTAL,40.9017,29.1458,100,10,90,AÇIK OTOPARK,1,15,24 Saat
2026-07-18T09:24:15.497695+00:00,2026-07-18T12:24:15.497695+03:00,3063,Dudullu Metro PD Zemin Altı Otoparkı,ÜMRANİYE,41.0156,29.1633,81,61,20,KAPALI OTOPARK,1,15,07:00-23:30
2026-07-18T09:24:15.497695+00:00,2026-07-18T12:24:15.497695+03:00,1522,Ebu Suut Caddesi 1,FATİH,41.0128,28.9766,35,1,34,YOL ÜSTÜ,1,0,08:00-18:00
2026-07-18T09:24:15.497695+00:00,2026-07-18T12:24:15.497695+03:00,2147,EGS Blokları Açık Otoparkı,BAKIRKÖY,40.9863,28.8354,350,118,232,AÇIK OTOPARK,1,60,09:00-19:30
2026-07-18T09:24:15.497695+00:00,2026-07-18T12:24:15.497695+03:00,2366,Esenler Adem Baştürk Kültür Merkezi Katlı,ESENLER,41.039,28.8846,460,12,448,KAPALI OTOPARK,1,15,24 Saat
2026-07-18T09:24:15.497695+00:00,2026-07-18T12:24:15.497695+03:00,3190,Esenler Havaalanı Mahallesi Zemin Altı Otoparkı,ESENLER,41.0562,28.8674,610,404,206,KAPALI OTOPARK,1,10,24 Saat
2026-07-18T09:24:15.497695+00:00,2026-07-18T12:24:15.497695+03:00,3011,Esenler Menderes Metro İstasyonu Yanı,ESENLER,41.0427,28.8783,68,0,68,AÇIK OTOPARK,1,5,24 Saat
2026-07-18T09:24:15.497695+00:00,2026-07-18T12:24:15.497695+03:00,2822,Esenler Menderes Parkı Zemin Altı Otoparkı,ESENLER,41.0412,28.8729,325,97,228,KAPALI OTOPARK,1,10,24 Saat
2026-07-18T09:24:15.497695+00:00,2026-07-18T12:24:15.497695+03:00,3303,Esenyurt Adile Naşit Bulvarı Zeminaltı Otoparkı,ESENYURT,41.0205,28.6859,367,303,64,KAPALI OTOPARK,1,15,24 Saat
2026-07-18T09:24:15.497695+00:00,2026-07-18T12:24:15.497695+03:00,1328,Eski Salı Pazarı,KADIKÖY,40.9904,29.0338,760,0,760,AÇIK OTOPARK,1,15,24 Saat
2026-07-18T09:24:15.497695+00:00,2026-07-18T12:24:15.497695+03:00,904,Eyüp Pierloti Caddesi 1,EYÜP,41.0539,28.9329,40,1,39,YOL ÜSTÜ,1,0,09:00-22:00
2026-07-18T09:24:15.497695+00:00,2026-07-18T12:24:15.497695+03:00,2850,Eyüpsultan Akşemsettin Mahallesi Zemin Altı Otoparkı,EYÜP,41.085,28.9258,110,0,110,KAPALI OTOPARK,1,15,24 Saat
2026-07-18T09:24:15.497695+00:00,2026-07-18T12:24:15.497695+03:00,2215,Fatih Çeşmesi Tabiat Parkı Otoparkı,SARIYER,41.1686,28.9448,250,1,249,AÇIK OTOPARK,1,0,06:00-20:00
2026-07-18T09:24:15.497695+00:00,2026-07-18T12:24:15.497695+03:00,1475,Fatih Katlı Otoparkı,FATİH,41.0198,28.9396,118,21,97,KAPALI OTOPARK,1,10,24 Saat
2026-07-18T09:24:15.497695+00:00,2026-07-18T12:24:15.497695+03:00,1591,Feshane PD Açık Otoparkı,EYÜP,41.0463,28.9378,200,104,96,AÇIK OTOPARK,1,15,24 Saat
2026-07-18T09:24:15.497695+00:00,2026-07-18T12:24:15.497695+03:00,1005,Florya Havuzlu Bahçe,BAKIRKÖY,40.9764,28.7908,135,1,134,AÇIK OTOPARK,1,0,09:00-23:00
2026-07-18T09:24:15.497695+00:00,2026-07-18T12:24:15.497695+03:00,2238,Florya Sosyal Tesisleri,BAKIRKÖY,40.9614,28.8091,1074,757,317,AÇIK OTOPARK,1,15,24 Saat
2026-07-18T09:24:15.497695+00:00,2026-07-18T12:24:15.497695+03:00,3296,Gaziosmanpaşa Meydanı ve Yaşam Merkezi Zemin Altı Otoparkı,GAZİOSMANPAŞA,41.0606,28.9093,202,0,202,KAPALI OTOPARK,1,15,24 Saat
2026-07-18T09:24:15.497695+00:00,2026-07-18T12:24:15.497695+03:00,2971,Gaziosmanpaşa Zemin Altı Otoparkı,GAZİOSMANPAŞA,41.0796,28.8858,285,0,285,KAPALI OTOPARK,1,0,24 Saat
2026-07-18T09:24:15.497695+00:00,2026-07-18T12:24:15.497695+03:00,3401,Giyimkent Tekstilkent Metro Zemin Altı PD Otoparkı,ESENLER,41.0711,28.8666,203,192,11,KAPALI OTOPARK,1,10,24 Saat
2026-07-18T09:24:15.497695+00:00,2026-07-18T12:24:15.497695+03:00,2242,Gözdağı Sosyal Tesisler  Açık Otoparkı,PENDİK,40.893,29.2538,300,218,82,AÇIK OTOPARK,1,0,07:00-23:00
2026-07-18T09:24:15.497695+00:00,2026-07-18T12:24:15.497695+03:00,1879,Gülsuyu Metro PD Yer Altı Otoparkı,MALTEPE,40.9237,29.1548,76,0,76,KAPALI OTOPARK,1,15,08:00-00:00
2026-07-18T09:24:15.497695+00:00,2026-07-18T12:24:15.497695+03:00,1423,Güneş Plajı 1,BAKIRKÖY,40.9712,28.79,250,56,194,AÇIK OTOPARK,1,10,24 Saat
2026-07-18T09:24:15.497695+00:00,2026-07-18T12:24:15.497695+03:00,1461,Güneş Plajı 2,BAKIRKÖY,40.9692,28.7951,135,85,50,AÇIK OTOPARK,1,10,08:00-20:00
2026-07-18T09:24:15.497695+00:00,2026-07-18T12:24:15.497695+03:00,3053,Güngören Nikah Dairesi Zemin Altı otoparkı,GÜNGÖREN,41.0363,28.8718,147,0,147,KAPALI OTOPARK,1,10,24 Saat
2026-07-18T09:24:15.497695+00:00,2026-07-18T12:24:15.497695+03:00,2216,Gürpınar Balık Hali Otoparkı,BEYLİKDÜZÜ,40.9663,28.6019,1000,841,159,AÇIK OTOPARK,1,15,24 Saat
2026-07-18T09:24:15.497695+00:00,2026-07-18T12:24:15.497695+03:00,1525,Hacıosman Metro Yer Altı Otoparkı,SARIYER,41.14,29.0306,422,0,422,KAPALI OTOPARK,1,15,24 Saat
2026-07-18T09:24:15.497695+00:00,2026-07-18T12:24:15.497695+03:00,1470,Haldun Alagaş Katlı Otoparkı,ÜMRANİYE,41.0262,29.1052,197,145,52,KAPALI OTOPARK,1,15,24 Saat
2026-07-18T09:24:15.497695+00:00,2026-07-18T12:24:15.497695+03:00,3235,Haliç Sosyal Tesisleri Otoparkı,FATİH,41.0277,28.9572,60,17,43,AÇIK OTOPARK,1,15,07:00-00:00
2026-07-18T09:24:15.497695+00:00,2026-07-18T12:24:15.497695+03:00,2848,Halkalı Mahallesi Zemin Altı Otoparkı,KÜÇÜKÇEKMECE,41.0359,28.7848,347,289,58,KAPALI OTOPARK,1,15,24 Saat
2026-07-18T09:24:15.497695+00:00,2026-07-18T12:24:15.497695+03:00,2838,Hamidiye Mahallesi Katlı Otoparkı,KAĞITHANE,41.0949,28.971,450,230,220,KAPALI OTOPARK,1,15,24 Saat
2026-07-18T09:24:15.497695+00:00,2026-07-18T12:24:15.497695+03:00,1446,Harbiye Zemin Altı Otoparkı,BEYOĞLU,41.0408,28.9869,142,50,92,KAPALI OTOPARK,1,0,24 Saat
2026-07-18T09:24:15.497695+00:00,2026-07-18T12:24:15.497695+03:00,2332,Haydarpaşa Katlı Otoparkı,ÜSKÜDAR,41.0048,29.0251,840,733,107,KAPALI OTOPARK,1,15,24 Saat
2026-07-18T09:24:15.497695+00:00,2026-07-18T12:24:15.497695+03:00,1987,Haznedar Yer Altı Otoparkı,GÜNGÖREN,41.0083,28.8729,540,0,540,KAPALI OTOPARK,1,0,24 Saat
2026-07-18T09:24:15.497695+00:00,2026-07-18T12:24:15.497695+03:00,377,Hızır Külhani Sokak,FATİH,41.0202,28.9605,32,1,31,YOL ÜSTÜ,1,15,09:00-17:00
2026-07-18T09:24:15.497695+00:00,2026-07-18T12:24:15.497695+03:00,3173,Hürriyet Mahallesi Zeminaltı Otoparkı,GAZİOSMANPAŞA,41.0708,28.8951,190,0,190,KAPALI OTOPARK,1,15,24 Saat
2026-07-18T09:24:15.497695+00:00,2026-07-18T12:24:15.497695+03:00,157,Ihlamur Dere Caddesi 4,BEŞİKTAŞ,41.047,29.0023,27,1,26,YOL ÜSTÜ,1,15,09:00-17:00
2026-07-18T09:24:15.497695+00:00,2026-07-18T12:24:15.497695+03:00,1189,İçerenköy Sebze Meyve Hali Otoparkı,ATAŞEHİR,40.9766,29.1044,600,600,0,AÇIK OTOPARK,1,15,24 Saat
2026-07-18T09:24:15.497695+00:00,2026-07-18T12:24:15.497695+03:00,1127,İshakpaşa Caddesi,FATİH,41.0079,28.9814,200,1,199,YOL ÜSTÜ,1,0,08:00-18:00
2026-07-18T09:24:15.497695+00:00,2026-07-18T12:24:15.497695+03:00,3265,İspark İstanbul West Marina Açık Otoparkı 1,BEYLİKDÜZÜ,40.9636,28.6564,250,1,249,AÇIK OTOPARK,1,15,24 Saat
2026-07-18T09:24:15.497695+00:00,2026-07-18T12:24:15.497695+03:00,2793,İspark Merter Katlı Otoparkı,GÜNGÖREN,41.0097,28.89,900,383,517,KAPALI OTOPARK,1,10,24 Saat
2026-07-18T09:24:15.497695+00:00,2026-07-18T12:24:15.497695+03:00,2430,İspark West İstanbul Marina Açık Otoparkı,BEYLİKDÜZÜ,40.9639,28.6591,1600,1174,426,AÇIK OTOPARK,1,15,24 Saat
2026-07-18T09:24:15.497695+00:00,2026-07-18T12:24:15.497695+03:00,381,İstinye 4 ( Cami Önü ),SARIYER,41.1149,29.0571,25,1,24,YOL ÜSTÜ,1,15,08:30-17:30
2026-07-18T09:24:15.497695+00:00,2026-07-18T12:24:15.497695+03:00,1804,İtalyan Hastanesi Karşısı Açık Otoparkı 1,BEYOĞLU,41.028,28.9815,30,1,29,AÇIK OTOPARK,1,0,08:00-19:00
2026-07-18T09:24:15.497695+00:00,2026-07-18T12:24:15.497695+03:00,507,Kabasakal Medrese Önü,FATİH,41.0062,28.9789,65,1,64,AÇIK OTOPARK,1,0,08:00-18:30
2026-07-18T09:24:15.497695+00:00,2026-07-18T12:24:15.497695+03:00,3306,Kabataş Transfer Merkezi Turizm Otobüs Otoparkı,BEYOĞLU,41.0336,28.9923,160,0,160,KAPALI OTOPARK,1,20,24 Saat
2026-07-18T09:24:15.497695+00:00,2026-07-18T12:24:15.497695+03:00,2918,Kadıköy Hasanpaşa Gazhane Katlı Otoparkı,KADIKÖY,40.9972,29.0428,310,188,122,KAPALI OTOPARK,1,15,24 Saat
2026-07-18T09:24:15.497695+00:00,2026-07-18T12:24:15.497695+03:00,1447,Kadıköy İski Açık Otoparkı,KADIKÖY,40.9874,29.0207,124,11,113,AÇIK OTOPARK,1,15,24 Saat
2026-07-18T09:24:15.497695+00:00,2026-07-18T12:24:15.497695+03:00,1655,Kadıköy Metro Açık Otoparkı,KADIKÖY,40.9899,29.0217,74,0,74,AÇIK OTOPARK,1,15,24 Saat
2026-07-18T09:24:15.497695+00:00,2026-07-18T12:24:15.497695+03:00,3445,Kadıköy Uzunçayır PD Açık Otoparkı,KADIKÖY,40.9982,29.0569,70,49,21,AÇIK OTOPARK,1,15,06:30-16:30
2026-07-18T09:24:15.497695+00:00,2026-07-18T12:24:15.497695+03:00,2808,Kadıköy Yeni Salı Pazarı PD Katlı Otoparkı,KADIKÖY,40.9969,29.0486,1350,501,849,KAPALI OTOPARK,1,15,24 Saat
2026-07-18T09:24:15.497695+00:00,2026-07-18T12:24:15.497695+03:00,2811,Kağıthane Harmantepe Zemin Altı Otoparkı,KAĞITHANE,41.0816,28.9907,200,0,200,KAPALI OTOPARK,1,0,24 Saat
2026-07-18T09:24:15.497695+00:00,2026-07-18T12:24:15.497695+03:00,1452,Kalamış Açık Otoparkı,KADIKÖY,40.9687,29.0363,173,85,88,AÇIK OTOPARK,1,15,24 Saat
2026-07-18T09:24:15.497695+00:00,2026-07-18T12:24:15.497695+03:00,1474,Kartal Hasan Doğan Spor Kompleksi,KARTAL,40.8918,29.1897,773,0,773,KAPALI OTOPARK,1,15,24 Saat
2026-07-18T09:24:15.497695+00:00,2026-07-18T12:24:15.497695+03:00,1105,Kartal İdo Açık Otoparkı,KARTAL,40.8874,29.1881,90,0,90,AÇIK OTOPARK,1,15,24 Saat
2026-07-18T09:24:15.497695+00:00,2026-07-18T12:24:15.497695+03:00,1550,Kartal Sahil Açık Otoparkı,KARTAL,40.8875,29.1901,75,0,75,AÇIK OTOPARK,1,5,24 Saat
2026-07-18T09:24:15.497695+00:00,2026-07-18T12:24:15.497695+03:00,3434,Kasımpaşa Sosyal Tesisler Otoparkı,BEYOĞLU,41.0296,28.9673,60,35,25,AÇIK OTOPARK,1,0,07:30-23:00
2026-07-18T09:24:15.497695+00:00,2026-07-18T12:24:15.497695+03:00,2827,Kayaşehir Meydan Zemin Altı Otoparkı,BAŞAKŞEHİR,41.1196,28.7718,1054,1,1053,KAPALI OTOPARK,1,0,10:00-17:00
2026-07-18T09:24:15.497695+00:00,2026-07-18T12:24:15.497695+03:00,1960,Kazlıçeşme Marmaray Açık Otoparkı,ZEYTİNBURNU,40.9922,28.917,700,556,144,AÇIK OTOPARK,1,15,24 Saat
2026-07-18T09:24:15.497695+00:00,2026-07-18T12:24:15.497695+03:00,2994,Kirazlı Metro Durağı PD Açık Otoparkı,BAĞCILAR,41.033,28.8429,112,0,112,AÇIK OTOPARK,1,5,24 Saat
2026-07-18T09:24:15.497695+00:00,2026-07-18T12:24:15.497695+03:00,1528,Kore Şehitleri Caddesi - Yüzbaşı Kaya Aldağon Sokak 1,ŞİŞLİ,41.0719,29.0139,40,1,39,YOL ÜSTÜ,1,15,07:00-16:00
2026-07-18T09:24:15.497695+00:00,2026-07-18T12:24:15.497695+03:00,2449,Kozyatağı Sebze-Meyve Hali,ATAŞEHİR,40.9787,29.1029,1500,1500,0,AÇIK OTOPARK,1,0,24 Saat
2026-07-18T09:24:15.497695+00:00,2026-07-18T12:24:15.497695+03:00,1206,Kutlugün Sokak 2,FATİH,41.0061,28.9801,200,1,199,YOL ÜSTÜ,1,0,08:00-18:00
2026-07-18T09:24:15.497695+00:00,2026-07-18T12:24:15.497695+03:00,3074,Küçük Çamlıca,ÜSKÜDAR,41.0204,29.0653,129,106,23,AÇIK OTOPARK,1,0,08:00-22:00
2026-07-18T09:24:15.497695+00:00,2026-07-18T12:24:15.497695+03:00,3127,Küçükçekmece Cennet Mahallesi Meydan Zemin Altı Otoparkı,KÜÇÜKÇEKMECE,40.9907,28.783,456,0,456,KAPALI OTOPARK,1,10,24 Saat
2026-07-18T09:24:15.497695+00:00,2026-07-18T12:24:15.497695+03:00,2554,Küçükçekmece Fevzi Çakmak Meydanı Zemin Altı Otoparkı,KÜÇÜKÇEKMECE,41.0076,28.7927,1000,533,467,KAPALI OTOPARK,1,10,24 Saat
2026-07-18T09:24:15.497695+00:00,2026-07-18T12:24:15.497695+03:00,2882,Küçüksu Kasrı Açık Otoparkı,BEYKOZ,41.0789,29.0657,98,91,7,AÇIK OTOPARK,1,0,07:00-23:00
2026-07-18T09:24:15.497695+00:00,2026-07-18T12:24:15.497695+03:00,220,Levent Hamidiye,BEŞİKTAŞ,41.0861,29.0076,100,1,99,AÇIK OTOPARK,1,0,08:00-19:00
2026-07-18T09:24:15.497695+00:00,2026-07-18T12:24:15.497695+03:00,2335,Maçka Açık Otoparkı,ŞİŞLİ,41.046,28.9908,75,75,0,AÇIK OTOPARK,1,0,24 Saat
2026-07-18T09:24:15.497695+00:00,2026-07-18T12:24:15.497695+03:00,1859,Maçka Katlı Otoparkı,ŞİŞLİ,41.0484,28.9903,508,0,508,KAPALI OTOPARK,1,0,24 Saat
2026-07-18T09:24:15.497695+00:00,2026-07-18T12:24:15.497695+03:00,3193,Maltepe Rıhtım Caddesi Açık Otoparkı,MALTEPE,40.9258,29.1241,76,51,25,AÇIK OTOPARK,1,0,24 Saat
2026-07-18T09:24:15.497695+00:00,2026-07-18T12:24:15.497695+03:00,2146,Maltepe Süreyyapaşa Çarşısı Açık Otoparkı,MALTEPE,40.9274,29.1225,156,127,29,AÇIK OTOPARK,1,0,24 Saat
2026-07-18T09:24:15.497695+00:00,2026-07-18T12:24:15.497695+03:00,1599,Maslak Açık Otoparkı,SARIYER,41.1166,29.024,150,120,30,AÇIK OTOPARK,1,10,24 Saat
2026-07-18T09:24:15.497695+00:00,2026-07-18T12:24:15.497695+03:00,2100,Matbaacılar Sitesi Yanı,ZEYTİNBURNU,41.0234,28.9187,250,145,105,AÇIK OTOPARK,1,5,24 Saat
2026-07-18T09:24:15.497695+00:00,2026-07-18T12:24:15.497695+03:00,920,Meclis-i Mebusan Yokuşu 2,BEYOĞLU,41.0326,28.9882,34,1,33,YOL ÜSTÜ,1,15,09:00-17:00
2026-07-18T09:24:15.497695+00:00,2026-07-18T12:24:15.497695+03:00,1546,Menekşe Plajı Açık Otoparkı,BAKIRKÖY,40.9761,28.7766,200,200,0,AÇIK OTOPARK,1,0,24 Saat
2026-07-18T09:24:15.497695+00:00,2026-07-18T12:24:15.497695+03:00,1376,Mercan Açık,FATİH,41.0136,28.9669,130,25,105,AÇIK OTOPARK,1,0,08:00-23:00
2026-07-18T09:24:15.497695+00:00,2026-07-18T12:24:15.497695+03:00,3309,Mercan Ali Paşa Sarayı Zemin Altı Otoparkı,FATİH,41.0136,28.967,196,1,195,KAPALI OTOPARK,1,0,07:00-21:00
2026-07-18T09:24:15.497695+00:00,2026-07-18T12:24:15.497695+03:00,1472,Merter Katlı Otoparkı,GÜNGÖREN,41.0092,28.8874,1000,898,102,KAPALI OTOPARK,1,10,24 Saat
2026-07-18T09:24:15.497695+00:00,2026-07-18T12:24:15.497695+03:00,2375,Merter Metro PD Zeminaltı Otoparkı,GÜNGÖREN,41.0037,28.8897,242,104,138,KAPALI OTOPARK,1,10,24 Saat
2026-07-18T09:24:15.497695+00:00,2026-07-18T12:24:15.497695+03:00,1568,Mete Caddesi 1,BEYOĞLU,41.0382,28.9879,31,1,30,YOL ÜSTÜ,1,15,08:00-23:00
2026-07-18T09:24:15.497695+00:00,2026-07-18T12:24:15.497695+03:00,1471,Mevlana Yeraltı Katlı Otoparkı,ZEYTİNBURNU,41.0072,28.9049,1000,863,137,KAPALI OTOPARK,1,5,24 Saat
2026-07-18T09:24:15.497695+00:00,2026-07-18T12:24:15.497695+03:00,2709,Millet Caddesi Açık Otoparkı,FATİH,41.01,28.9461,60,31,29,AÇIK OTOPARK,1,15,24 Saat
2026-07-18T09:24:15.497695+00:00,2026-07-18T12:24:15.497695+03:00,3152,Mimar Sinan Zemin Altı Otoparkı,ÜSKÜDAR,41.0222,29.0169,956,208,748,KAPALI OTOPARK,1,15,24 Saat
2026-07-18T09:24:15.497695+00:00,2026-07-18T12:24:15.497695+03:00,2870,Miniatürk Çadır Açık Otoparkı,BEYOĞLU,41.0594,28.9501,250,168,82,AÇIK OTOPARK,1,15,07:00-20:00
2026-07-18T09:24:15.497695+00:00,2026-07-18T12:24:15.497695+03:00,2556,Muallim Naci Açık Otoparkı,BEŞİKTAŞ,41.0561,29.0342,35,20,15,AÇIK OTOPARK,1,15,24 Saat
2026-07-18T09:24:15.497695+00:00,2026-07-18T12:24:15.497695+03:00,569,Oda Kule Önü 1,BEYOĞLU,41.0322,28.9751,24,1,23,YOL ÜSTÜ,1,0,07:00-01:00
2026-07-18T09:24:15.497695+00:00,2026-07-18T12:24:15.497695+03:00,1988,Orhangazi Şehir Parkı PD Açık Otoparkı,MALTEPE,40.9313,29.1161,5022,4126,896,AÇIK OTOPARK,1,15,24 Saat
2026-07-18T09:24:15.497695+00:00,2026-07-18T12:24:15.497695+03:00,152,Ortabahçe Caddesi 2,BEŞİKTAŞ,41.0428,29.0043,35,1,34,YOL ÜSTÜ,1,15,08:00-23:00
2026-07-18T09:24:15.497695+00:00,2026-07-18T12:24:15.497695+03:00,153,Ortabahçe Caddesi 3,BEŞİKTAŞ,41.043,29.0042,26,1,25,YOL ÜSTÜ,1,15,08:00-23:00
2026-07-18T09:24:15.497695+00:00,2026-07-18T12:24:15.497695+03:00,119,Ortaklar Caddesi 1,ŞİŞLİ,41.0638,28.9971,25,1,24,YOL ÜSTÜ,1,15,08:30-17:00
2026-07-18T09:24:15.497695+00:00,2026-07-18T12:24:15.497695+03:00,1343,Ortaköy Açık Otoparkı,BEŞİKTAŞ,41.0504,29.0326,170,150,20,AÇIK OTOPARK,1,0,24 Saat
2026-07-18T09:24:15.497695+00:00,2026-07-18T12:24:15.497695+03:00,572,Ortaköy Portakal Yokuşu 1,BEŞİKTAŞ,41.0503,29.0261,15,1,14,YOL ÜSTÜ,1,15,09:00-19:00
2026-07-18T09:24:15.497695+00:00,2026-07-18T12:24:15.497695+03:00,1039,Öğretmen Evi,AVCILAR,40.9723,28.714,80,42,38,AÇIK OTOPARK,1,0,11:00-23:00
2026-07-18T09:24:15.497695+00:00,2026-07-18T12:24:15.497695+03:00,1466,Pendik Katlı Otoparkı,PENDİK,40.8789,29.2342,120,2,118,KAPALI OTOPARK,1,15,24 Saat
2026-07-18T09:24:15.497695+00:00,2026-07-18T12:24:15.497695+03:00,3073,Pendik Kemal Kalkuz Parkı Zemin Altı Otoparkı,PENDİK,40.8885,29.2427,224,0,224,KAPALI OTOPARK,1,0,09:00-18:00
2026-07-18T09:24:15.497695+00:00,2026-07-18T12:24:15.497695+03:00,3019,Pendik Meydan Zemin Altı Otoparkı,PENDİK,40.8752,29.2324,937,0,937,KAPALI OTOPARK,1,0,24 Saat
2026-07-18T09:24:15.497695+00:00,2026-07-18T12:24:15.497695+03:00,2865,Pendik Sahil Engelliler Merkez Önü,PENDİK,40.8735,29.233,100,66,34,AÇIK OTOPARK,1,0,11:00-20:00
2026-07-18T09:24:15.497695+00:00,2026-07-18T12:24:15.497695+03:00,2434,Pendik Sahil İdo,PENDİK,40.8755,29.2369,100,0,100,AÇIK OTOPARK,1,0,07:00-23:00
2026-07-18T09:24:15.497695+00:00,2026-07-18T12:24:15.497695+03:00,248,Pendik Yenimahalle Açık 2 Otoparkı,PENDİK,40.864,29.2723,124,116,8,AÇIK OTOPARK,1,15,10:00-22:00
2026-07-18T09:24:15.497695+00:00,2026-07-18T12:24:15.497695+03:00,297,Perşembe Pazarı 1,BEYOĞLU,41.0252,28.9693,32,1,31,YOL ÜSTÜ,1,15,08:00-17:00
2026-07-18T09:24:15.497695+00:00,2026-07-18T12:24:15.497695+03:00,597,Pierre Loti Caddesi 3,FATİH,41.0069,28.9711,36,1,35,YOL ÜSTÜ,1,0,07:00-17:00
2026-07-18T09:24:15.497695+00:00,2026-07-18T12:24:15.497695+03:00,3263,Piyalepaşa Meydanı Zemin Altı Otoparkı,BEYOĞLU,41.0445,28.9674,560,265,295,KAPALI OTOPARK,1,0,24 Saat
2026-07-18T09:24:15.497695+00:00,2026-07-18T12:24:15.497695+03:00,423,Prof.Cemil Birsel Yokuşu 3,FATİH,41.0178,28.967,40,1,39,YOL ÜSTÜ,1,0,07:00-18:00
2026-07-18T09:24:15.497695+00:00,2026-07-18T12:24:15.497695+03:00,1900,Ragıp Gümüşpala Cad.(Sobacılar Önü),FATİH,41.0181,28.969,40,1,39,YOL ÜSTÜ,1,15,07:00-18:00
2026-07-18T09:24:15.497695+00:00,2026-07-18T12:24:15.497695+03:00,415,Ragıp Gümüşpala Camii Önü 1,FATİH,41.0211,28.9627,35,1,34,YOL ÜSTÜ,1,0,07:00-17:30
2026-07-18T09:24:15.497695+00:00,2026-07-18T12:24:15.497695+03:00,3268,Refik Saydam Caddesi 3,BEYOĞLU,41.032,28.9736,55,1,54,YOL ÜSTÜ,1,0,06:00-23:00
2026-07-18T09:24:15.497695+00:00,2026-07-18T12:24:15.497695+03:00,2307,Ressam Halim Sokak PD Açık Otoparkı,BAHÇELİEVLER,40.9967,28.8641,120,69,51,AÇIK OTOPARK,1,15,08:00-00:00
2026-07-18T09:24:15.497695+00:00,2026-07-18T12:24:15.497695+03:00,3082,Rumeli Hisarı Sahil Yolu Otoparkı,SARIYER,41.0854,29.0568,20,1,19,AÇIK OTOPARK,1,0,24 Saat
2026-07-18T09:24:15.497695+00:00,2026-07-18T12:24:15.497695+03:00,1595,Sabiha Gökçen Açık Otoparkı,PENDİK,40.925,29.308,1056,0,1056,AÇIK OTOPARK,1,15,24 Saat
2026-07-18T09:24:15.497695+00:00,2026-07-18T12:24:15.497695+03:00,3239,Samatya Sahil Cep Otoparkı,FATİH,40.9954,28.932,113,98,15,AÇIK OTOPARK,1,15,24 Saat
2026-07-18T09:24:15.497695+00:00,2026-07-18T12:24:15.497695+03:00,3273,Sarıyer Büyükdere Fidanlığı,SARIYER,41.1548,29.0268,160,157,3,AÇIK OTOPARK,1,0,08:00-18:00
2026-07-18T09:24:15.497695+00:00,2026-07-18T12:24:15.497695+03:00,3299,Sariyer Ayazağa Mah Vadi İstanbul Önü Açık Otoparkı,SARIYER,41.1106,28.9881,100,97,3,AÇIK OTOPARK,1,0,08:00-20:00
2026-07-18T09:24:15.497695+00:00,2026-07-18T12:24:15.497695+03:00,1303,Seyrantepe Katlı (Arena Karşısı) 1,KAĞITHANE,41.101,28.9961,1897,1,1896,KAPALI OTOPARK,1,0,24 Saat
2026-07-18T09:24:15.497695+00:00,2026-07-18T12:24:15.497695+03:00,1628,Sıracevizler Caddesi Yol Üstü 5,ŞİŞLİ,41.0607,28.9841,45,1,44,YOL ÜSTÜ,1,15,09:00-17:00
2026-07-18T09:24:15.497695+00:00,2026-07-18T12:24:15.497695+03:00,464,Sirkeci Gar Önü,FATİH,41.015,28.9761,60,1,59,AÇIK OTOPARK,1,5,07:00-20:00
2026-07-18T09:24:15.497695+00:00,2026-07-18T12:24:15.497695+03:00,1486,Siyavuşpaşa Yer Altı Otoparkı,BAHÇELİEVLER,40.9965,28.8532,155,0,155,KAPALI OTOPARK,1,0,24 Saat
2026-07-18T09:24:15.497695+00:00,2026-07-18T12:24:15.497695+03:00,1958,Soğanlık Metro PD Açık Otoparkı,KARTAL,40.9131,29.1925,898,842,56,AÇIK OTOPARK,1,15,24 Saat
2026-07-18T09:24:15.497695+00:00,2026-07-18T12:24:15.497695+03:00,589,Su Terazisi Sokak,FATİH,41.0046,28.9727,22,1,21,YOL ÜSTÜ,1,0,07:30-17:00
2026-07-18T09:24:15.497695+00:00,2026-07-18T12:24:15.497695+03:00,1478,Suadiye Cep Açık Otoparkı,KADIKÖY,40.9586,29.0732,130,81,49,AÇIK OTOPARK,1,15,24 Saat
2026-07-18T09:24:15.497695+00:00,2026-07-18T12:24:15.497695+03:00,2948,Suadiye Sahil Açık Otoparkı,KADIKÖY,40.9562,29.0797,70,1,69,AÇIK OTOPARK,1,5,24 Saat
2026-07-18T09:24:15.497695+00:00,2026-07-18T12:24:15.497695+03:00,2799,Sultanbeyli Emir Caddesi Zemin Altı Otoparkı,SULTANBEYLİ,40.9707,29.2606,130,112,18,KAPALI OTOPARK,1,15,08:00-22:00
2026-07-18T09:24:15.497695+00:00,2026-07-18T12:24:15.497695+03:00,2372,Sultanbeyli Kent Meydanı Zemin Altı Otoparkı,SULTANBEYLİ,40.9667,29.2667,300,164,136,KAPALI OTOPARK,1,15,24 Saat
2026-07-18T09:24:15.497695+00:00,2026-07-18T12:24:15.497695+03:00,2410,Sultangazi Zemin Altı Otoparkı,SULTANGAZİ,41.0944,28.8649,104,0,104,KAPALI OTOPARK,1,10,24 Saat
2026-07-18T09:24:15.497695+00:00,2026-07-18T12:24:15.497695+03:00,2085,Süleyman Seba Caddesi 2,BEŞİKTAŞ,41.0426,28.9998,40,1,39,YOL ÜSTÜ,1,15,08:00-18:00
2026-07-18T09:24:15.497695+00:00,2026-07-18T12:24:15.497695+03:00,2088,Süleyman Seba Caddesi 5,BEŞİKTAŞ,41.0432,28.9978,40,1,39,YOL ÜSTÜ,1,15,08:00-18:00
2026-07-18T09:24:15.497695+00:00,2026-07-18T12:24:15.497695+03:00,2089,Süleyman Seba Caddesi 6,BEŞİKTAŞ,41.0435,28.9967,11,1,10,YOL ÜSTÜ,1,15,08:00-18:00
2026-07-18T09:24:15.497695+00:00,2026-07-18T12:24:15.497695+03:00,2391,Süleymaniye Cami Altı Açık Otoparkı,FATİH,41.0158,28.961,250,235,15,AÇIK OTOPARK,1,0,06:30-18:30
2026-07-18T09:24:15.497695+00:00,2026-07-18T12:24:15.497695+03:00,1730,Sütlüce Miniatürk Yanı,BEYOĞLU,41.057,28.95,320,225,95,AÇIK OTOPARK,1,15,24 Saat
2026-07-18T09:24:15.497695+00:00,2026-07-18T12:24:15.497695+03:00,36,Şakayık Sokak 4,ŞİŞLİ,41.0518,28.9936,50,1,49,YOL ÜSTÜ,1,15,08:00-16:00
2026-07-18T09:24:15.497695+00:00,2026-07-18T12:24:15.497695+03:00,1469,Şehit Volkan Duysak Katlı Otoparkı,ZEYTİNBURNU,40.9968,28.9039,1000,683,317,KAPALI OTOPARK,1,5,24 Saat
2026-07-18T09:24:15.497695+00:00,2026-07-18T12:24:15.497695+03:00,2385,Şehremini Açık Otoparkı 1,FATİH,41.0135,28.9333,60,1,59,AÇIK OTOPARK,1,0,08:30-20:30
2026-07-18T09:24:15.497695+00:00,2026-07-18T12:24:15.497695+03:00,2855,Şemsipaşa Açık Otoparkı,ÜSKÜDAR,41.0255,29.0097,80,31,49,AÇIK OTOPARK,1,0,24 Saat
2026-07-18T09:24:15.497695+00:00,2026-07-18T12:24:15.497695+03:00,2439,Şirinevler Meydan Zeminaltı Otoparkı,BAHÇELİEVLER,40.9925,28.8496,367,105,262,KAPALI OTOPARK,1,0,24 Saat
2026-07-18T09:24:15.497695+00:00,2026-07-18T12:24:15.497695+03:00,3400,Şişhane Refik Saydam Caddesi 2 Yol Üstü Otoparkı 1,BEYOĞLU,41.0326,28.9743,70,1,69,YOL ÜSTÜ,1,15,06:00-23:00
2026-07-18T09:24:15.497695+00:00,2026-07-18T12:24:15.497695+03:00,1017,Şişli Kadırgalar Caddesi 1,ŞİŞLİ,41.0429,28.9927,100,1,99,AÇIK OTOPARK,1,0,07:00-23:00
2026-07-18T09:24:15.497695+00:00,2026-07-18T12:24:15.497695+03:00,3441,Şişli Kuştepe Zemin Altı Otoparkı,ŞİŞLİ,41.072,28.9919,430,332,98,KAPALI OTOPARK,1,15,24 Saat
2026-07-18T09:24:15.497695+00:00,2026-07-18T12:24:15.497695+03:00,2816,Şişli Rumeli Caddesi Metro Yanı 1,ŞİŞLİ,41.0538,28.9868,45,1,44,YOL ÜSTÜ,1,15,08:00-20:00
2026-07-18T09:24:15.497695+00:00,2026-07-18T12:24:15.497695+03:00,2406,Şişli Zemin Altı Otoparkı,ŞİŞLİ,41.0641,28.9992,581,370,211,KAPALI OTOPARK,1,15,24 Saat
2026-07-18T09:24:15.497695+00:00,2026-07-18T12:24:15.497695+03:00,1993,Tuzla İdo,TUZLA,40.8149,29.3039,300,237,63,AÇIK OTOPARK,1,15,24 Saat
2026-07-18T09:24:15.497695+00:00,2026-07-18T12:24:15.497695+03:00,3332,Tuzla Sahil Cep,TUZLA,40.8168,29.2992,50,42,8,AÇIK OTOPARK,1,0,08:00-00:00
2026-07-18T09:24:15.497695+00:00,2026-07-18T12:24:15.497695+03:00,3057,Tuzla Sahil Zemin Altı Otoparkı,TUZLA,40.8181,29.3004,779,535,244,KAPALI OTOPARK,1,15,24 Saat
2026-07-18T09:24:15.497695+00:00,2026-07-18T12:24:15.497695+03:00,1811,Ulu Camii Açık Otoparkı,BAHÇELİEVLER,40.9982,28.8499,150,127,23,AÇIK OTOPARK,1,10,24 Saat
2026-07-18T09:24:15.497695+00:00,2026-07-18T12:24:15.497695+03:00,2424,Uzunçayır Açık Otoparkı,KADIKÖY,40.9988,29.0556,58,52,6,AÇIK OTOPARK,1,0,06:00-16:00
2026-07-18T09:24:15.497695+00:00,2026-07-18T12:24:15.497695+03:00,1468,Ümraniye Katlı Otoparkı,ÜMRANİYE,41.0261,29.0953,665,387,278,KAPALI OTOPARK,1,15,24 Saat
2026-07-18T09:24:15.497695+00:00,2026-07-18T12:24:15.497695+03:00,2898,Ümraniye Okan Sokak Zeminaltı Otoparkı,ÜMRANİYE,41.0284,29.0907,125,33,92,KAPALI OTOPARK,1,15,24 Saat
2026-07-18T09:24:15.497695+00:00,2026-07-18T12:24:15.497695+03:00,2345,Üsküdar Uzunçayır PD Açık Otoparkı,ÜSKÜDAR,40.9988,29.0577,90,77,13,AÇIK OTOPARK,1,15,06:00-22:00
2026-07-18T09:24:15.497695+00:00,2026-07-18T12:24:15.497695+03:00,1929,Üsküdar Ünalan Açık Otoparkı,ÜSKÜDAR,40.9979,29.0604,180,175,5,AÇIK OTOPARK,1,0,07:00-17:00
2026-07-18T09:24:15.497695+00:00,2026-07-18T12:24:15.497695+03:00,1487,Vatan Caddesi PD Açık Otoparkı,FATİH,41.0157,28.9405,397,337,60,AÇIK OTOPARK,1,5,24 Saat
2026-07-18T09:24:15.497695+00:00,2026-07-18T12:24:15.497695+03:00,1621,Veteriner Hilmi Sokak Yol Üstü 1,ŞİŞLİ,41.0603,28.9892,20,1,19,YOL ÜSTÜ,1,15,08:00-17:00
2026-07-18T09:24:15.497695+00:00,2026-07-18T12:24:15.497695+03:00,2441,Yalı Açık Otoparkı,MALTEPE,40.9095,29.137,85,82,3,AÇIK OTOPARK,1,0,07:30-22:00
2026-07-18T09:24:15.497695+00:00,2026-07-18T12:24:15.497695+03:00,459,Yalı Köşkü Caddesi 1,FATİH,41.0163,28.9759,61,1,60,YOL ÜSTÜ,1,5,07:00-21:00
2026-07-18T09:24:15.497695+00:00,2026-07-18T12:24:15.497695+03:00,2037,Yenikapı Marmaray Büyük Otoparkı,FATİH,41.0057,28.9505,324,133,191,AÇIK OTOPARK,1,15,24 Saat
2026-07-18T09:24:15.497695+00:00,2026-07-18T12:24:15.497695+03:00,2036,Yenikapı Marmaray Küçük Otoparkı,FATİH,41.0064,28.9504,200,167,33,AÇIK OTOPARK,1,15,07:00-22:00
2026-07-18T09:24:15.497695+00:00,2026-07-18T12:24:15.497695+03:00,2175,Yenikapı Spor ve Kültür Merkezi PD Açık Otoparkı,FATİH,41.0006,28.9519,4023,3818,205,AÇIK OTOPARK,1,15,24 Saat
2026-07-18T09:24:15.497695+00:00,2026-07-18T12:24:15.497695+03:00,2805,Yenikapı Tünel Üstü Açık Otoparkı,FATİH,41.0029,28.9534,700,461,239,AÇIK OTOPARK,1,10,24 Saat
2026-07-18T09:24:15.497695+00:00,2026-07-18T12:24:15.497695+03:00,3404,Yenimahalle Metro Zemin Altı PD Otoparkı,GAZİOSMANPAŞA,41.0839,28.8926,114,96,18,KAPALI OTOPARK,1,15,24 Saat
2026-07-18T09:24:15.497695+00:00,2026-07-18T12:24:15.497695+03:00,2920,Yeşilce Zemin Altı Katlı Otoparkı,KAĞITHANE,41.0938,29.0017,676,280,396,KAPALI OTOPARK,1,0,24 Saat
2026-07-18T09:24:15.497695+00:00,2026-07-18T12:24:15.497695+03:00,987,Yeşilköy İstasyon Caddesi 1,BAKIRKÖY,40.962,28.825,40,1,39,YOL ÜSTÜ,1,15,09:00-17:30
2026-07-18T09:24:15.497695+00:00,2026-07-18T12:24:15.497695+03:00,974,Yeşilköy Marina 1,BAKIRKÖY,40.9576,28.8233,145,1,144,YOL ÜSTÜ,1,0,12:00-23:00
2026-07-18T09:24:15.497695+00:00,2026-07-18T12:24:15.497695+03:00,3406,Yeşilpınar Metro Zemin Altı PD Otoparkı,EYÜP,41.081,28.9204,269,195,74,KAPALI OTOPARK,1,15,24 Saat
2026-07-18T09:24:15.497695+00:00,2026-07-18T12:24:15.497695+03:00,315,Yeşilyurt Çarşı 1,BAKIRKÖY,40.9643,28.8379,50,1,49,YOL ÜSTÜ,1,15,09:00-17:30
2026-07-18T09:24:15.497695+00:00,2026-07-18T12:24:15.497695+03:00,1133,Yıldız Korusu,BEŞİKTAŞ,41.0514,29.0165,500,1,499,AÇIK OTOPARK,1,0,08:00-22:00
2026-07-18T09:24:15.497695+00:00,2026-07-18T12:24:15.497695+03:00,882,Zeytinburnu 58. Bulvar 2,ZEYTİNBURNU,40.9932,28.9039,48,1,47,YOL ÜSTÜ,1,15,09:00-18:00
2026-07-18T09:24:15.497695+00:00,2026-07-18T12:24:15.497695+03:00,3185,Zeytinburnu Sahil Cep Otoparkı,ZEYTİNBURNU,40.9798,28.8985,160,1,159,AÇIK OTOPARK,1,0,12:00-22:00
2026-07-18T11:02:31.893817+00:00,2026-07-18T14:02:31.893817+03:00,3068,15 Temmuz Şehitler Meydanı Zeminaltı Otoparkı,ÜMRANİYE,41.0246,29.0915,1029,520,509,KAPALI OTOPARK,1,15,24 Saat
2026-07-18T11:02:31.893817+00:00,2026-07-18T14:02:31.893817+03:00,2338,19 Mayıs Açık,ŞİŞLİ,41.0563,28.9941,65,0,65,AÇIK OTOPARK,1,0,24 Saat
2026-07-18T11:02:31.893817+00:00,2026-07-18T14:02:31.893817+03:00,1751,4.Levent PD Açık Otoparkı,KAĞITHANE,41.0836,29.0081,236,135,101,AÇIK OTOPARK,1,5,24 Saat
2026-07-18T11:02:31.893817+00:00,2026-07-18T14:02:31.893817+03:00,3328,4.Levent Servis ve Turizm Araçları Açık Otoparkı,ŞİŞLİ,41.0841,29.0054,300,176,124,AÇIK OTOPARK,1,15,24 Saat
2026-07-18T11:02:31.893817+00:00,2026-07-18T14:02:31.893817+03:00,3412,5. Levent Gaziosmanpaşa Adliyesi Yanı Açık Otoparkı,EYÜP,41.0927,28.9494,250,235,15,AÇIK OTOPARK,1,15,07:00-23:00
2026-07-18T11:02:31.893817+00:00,2026-07-18T14:02:31.893817+03:00,104,Abide-i Hürriyet Caddesi 5,ŞİŞLİ,41.0619,28.9876,40,1,39,YOL ÜSTÜ,1,15,08:00-17:00
2026-07-18T11:02:31.893817+00:00,2026-07-18T14:02:31.893817+03:00,2452,Acıbadem Açık Otoparkı,ÜSKÜDAR,41.0157,29.0574,100,87,13,AÇIK OTOPARK,1,0,06:30-16:00
2026-07-18T11:02:31.893817+00:00,2026-07-18T14:02:31.893817+03:00,346,Ada Karşısı Cep 2,BEŞİKTAŞ,41.072,29.045,30,1,29,YOL ÜSTÜ,1,15,08:00-23:00
2026-07-18T11:02:31.893817+00:00,2026-07-18T14:02:31.893817+03:00,1663,Akasyalı Sokak Tenis Kulubü Önü 2,BEŞİKTAŞ,41.0867,29.0109,45,1,44,YOL ÜSTÜ,1,15,08:30-17:30
2026-07-18T11:02:31.893817+00:00,2026-07-18T14:02:31.893817+03:00,828,Akdeniz Caddesi 4,FATİH,41.0175,28.9435,27,1,26,YOL ÜSTÜ,1,15,09:00-18:00
2026-07-18T11:02:31.893817+00:00,2026-07-18T14:02:31.893817+03:00,1913,Alibeyköy Cep Otogarı Açık Otoparkı,EYÜP,41.0879,28.9446,116,27,89,AÇIK OTOPARK,1,25,24 Saat
2026-07-18T11:02:31.893817+00:00,2026-07-18T14:02:31.893817+03:00,1912,Alibeyköy Cep Otogarı Otobüs Otoparkı,EYÜP,41.0875,28.9449,5000,4981,19,AÇIK OTOPARK,1,60,24 Saat
2026-07-18T11:02:31.893817+00:00,2026-07-18T14:02:31.893817+03:00,2562,Alibeyköy Yeşiltepe Zemin Altı Otoparkı,EYÜP,41.0797,28.938,159,65,94,KAPALI OTOPARK,1,15,24 Saat
2026-07-18T11:02:31.893817+00:00,2026-07-18T14:02:31.893817+03:00,3201,Altınboynuz Sosyal Tesisleri,EYÜP,41.058,28.9447,70,1,69,AÇIK OTOPARK,1,15,08:00-23:00
2026-07-18T11:02:31.893817+00:00,2026-07-18T14:02:31.893817+03:00,758,Arap Camii Açık Otoparkı,BEYOĞLU,41.0227,28.9723,30,1,29,AÇIK OTOPARK,1,0,09:00-17:00
2026-07-18T11:02:31.893817+00:00,2026-07-18T14:02:31.893817+03:00,2685,Aras Sokak 2,BÜYÜKÇEKMECE,41.023,28.6209,60,1,59,YOL ÜSTÜ,1,0,06:00-14:30
2026-07-18T11:02:31.893817+00:00,2026-07-18T14:02:31.893817+03:00,2802,Arnavutköy Zemin Altı Otoparkı,ARNAVUTKÖY,41.1838,28.7396,700,25,675,KAPALI OTOPARK,1,15,24 Saat
2026-07-18T11:02:31.893817+00:00,2026-07-18T14:02:31.893817+03:00,1797,Ataköy Atrium AVM,BAKIRKÖY,40.9881,28.8459,250,199,51,AÇIK OTOPARK,1,15,08:00-23:00
2026-07-18T11:02:31.893817+00:00,2026-07-18T14:02:31.893817+03:00,2824,Ataköy Metro Durağı Yanı PD Zemin Altı Otoparkı,BAKIRKÖY,40.9904,28.8456,150,93,57,KAPALI OTOPARK,1,0,24 Saat
2026-07-18T11:02:31.893817+00:00,2026-07-18T14:02:31.893817+03:00,3161,Ataşehir Topçu İbrahim Sokak,ATAŞEHİR,40.9736,29.101,42,1,41,YOL ÜSTÜ,1,15,07:00-16:00
2026-07-18T11:02:31.893817+00:00,2026-07-18T14:02:31.893817+03:00,359,Atatürk Bulvarı 1,FATİH,41.0112,28.9534,20,1,19,YOL ÜSTÜ,1,0,07:30-18:00
2026-07-18T11:02:31.893817+00:00,2026-07-18T14:02:31.893817+03:00,3087,Atatürk Kent Ormanı Otoparkı,SARIYER,41.136,29.0262,200,198,2,AÇIK OTOPARK,1,0,08:00-17:00
2026-07-18T11:02:31.893817+00:00,2026-07-18T14:02:31.893817+03:00,1088,Avcılar İdo,AVCILAR,40.9712,28.7185,270,264,6,AÇIK OTOPARK,1,0,13:00-07:00
2026-07-18T11:02:31.893817+00:00,2026-07-18T14:02:31.893817+03:00,2885,Azapkapı Haliç Metro Otoparkı,ŞİŞLİ,41.0245,28.9691,80,5,75,AÇIK OTOPARK,1,5,24 Saat
2026-07-18T11:02:31.893817+00:00,2026-07-18T14:02:31.893817+03:00,2455,Azerbaycan Dostluk Parkı Zemin Altı Otoparkı,BAĞCILAR,41.0444,28.854,400,219,181,KAPALI OTOPARK,1,10,24 Saat
2026-07-18T11:02:31.893817+00:00,2026-07-18T14:02:31.893817+03:00,2965,Bağcılar Çolakoğlu Zemin Altı Otoparkı,BAĞCILAR,41.0324,28.8345,106,0,106,KAPALI OTOPARK,1,5,24 Saat
2026-07-18T11:02:31.893817+00:00,2026-07-18T14:02:31.893817+03:00,2576,Bağcılar Demirkapı Zemin Altı Otoparkı,BAĞCILAR,41.0499,28.8327,343,174,169,KAPALI OTOPARK,1,5,24 Saat
2026-07-18T11:02:31.893817+00:00,2026-07-18T14:02:31.893817+03:00,3036,Bağcılar Devlet Hastanesi Yanı Zeminaltı Otoparkı,BAĞCILAR,41.0312,28.8696,1133,166,967,KAPALI OTOPARK,1,15,24 Saat
2026-07-18T11:02:31.893817+00:00,2026-07-18T14:02:31.893817+03:00,3071,Bağcılar Emniyet Müdürlüğü Yanı Açık Otoparkı,BAĞCILAR,41.0353,28.8598,100,51,49,AÇIK OTOPARK,1,0,24 Saat
2026-07-18T11:02:31.893817+00:00,2026-07-18T14:02:31.893817+03:00,2873,Bağcılar Göztepe Zemin Altı,BAĞCILAR,41.0567,28.8355,120,0,120,KAPALI OTOPARK,1,5,24 Saat
2026-07-18T11:02:31.893817+00:00,2026-07-18T14:02:31.893817+03:00,3187,Bağcılar Hürriyet Mahallesi Zemin Altı Otoparkı,BAĞCILAR,41.0291,28.8333,355,0,355,KAPALI OTOPARK,1,10,24 Saat
2026-07-18T11:02:31.893817+00:00,2026-07-18T14:02:31.893817+03:00,2916,Bağcılar Kent Meydanı PD Zemin Altı Otoparkı,BAĞCILAR,41.0339,28.8556,1162,0,1162,KAPALI OTOPARK,1,0,24 Saat
2026-07-18T11:02:31.893817+00:00,2026-07-18T14:02:31.893817+03:00,3261,Bağcılar Yenimahalle Zemin Altı Otoparkı,BAĞCILAR,41.0425,28.8395,525,290,235,KAPALI OTOPARK,1,15,24 Saat
2026-07-18T11:02:31.893817+00:00,2026-07-18T14:02:31.893817+03:00,2820,Bağcılar Yıldıztepe Katlı Otoparkı,BAĞCILAR,41.0294,28.8556,350,0,350,KAPALI OTOPARK,1,10,24 Saat
2026-07-18T11:02:31.893817+00:00,2026-07-18T14:02:31.893817+03:00,3447,Bahçelievler 23 Nisan Milli Egemenlik Zeminaltı Otoparkı,BAHÇELİEVLER,40.9988,28.8472,732,463,269,KAPALI OTOPARK,1,10,24 Saat
2026-07-18T11:02:31.893817+00:00,2026-07-18T14:02:31.893817+03:00,2993,Bahçelievler Cumhuriyet Zeminaltı Otoparkı,BAHÇELİEVLER,41.0149,28.859,663,0,663,KAPALI OTOPARK,1,10,24 Saat
2026-07-18T11:02:31.893817+00:00,2026-07-18T14:02:31.893817+03:00,2969,Bahçelievler Devlet Hastanesi Yanı Katlı Otoparkı,BAHÇELİEVLER,41.0072,28.8442,740,0,740,KAPALI OTOPARK,1,0,24 Saat
2026-07-18T11:02:31.893817+00:00,2026-07-18T14:02:31.893817+03:00,3051,Bahçelievler Zafer Mh. Zeminaltı Otoparkı,BAHÇELİEVLER,41.0036,28.8351,200,88,112,KAPALI OTOPARK,1,0,24 Saat
2026-07-18T11:02:31.893817+00:00,2026-07-18T14:02:31.893817+03:00,3118,Bahçeşehir Doğa Parkı Caddesi 3,BAŞAKŞEHİR,41.0683,28.6894,22,1,21,YOL ÜSTÜ,1,15,10:00-20:00
2026-07-18T11:02:31.893817+00:00,2026-07-18T14:02:31.893817+03:00,3236,Bahçeşehir Gölet Açık Otoparkı,BAŞAKŞEHİR,41.0719,28.6901,200,1,199,AÇIK OTOPARK,1,0,12:00-22:00
2026-07-18T11:02:31.893817+00:00,2026-07-18T14:02:31.893817+03:00,1465,Bakırköy İdo Açık Otoparkı,BAKIRKÖY,40.9739,28.8761,160,82,78,AÇIK OTOPARK,1,10,24 Saat
2026-07-18T11:02:31.893817+00:00,2026-07-18T14:02:31.893817+03:00,1104,Balmumcu Katlı Otoparkı,BEŞİKTAŞ,41.0636,29.0109,400,328,72,KAPALI OTOPARK,1,5,24 Saat
2026-07-18T11:02:31.893817+00:00,2026-07-18T14:02:31.893817+03:00,2796,Başakşehir Metro Açık Otoparkı,BAŞAKŞEHİR,41.107,28.801,125,1,124,AÇIK OTOPARK,1,0,07:00-16:00
2026-07-18T11:02:31.893817+00:00,2026-07-18T14:02:31.893817+03:00,2350,Bayrampaşa Adapark Katlı Otoparkı,BAYRAMPAŞA,41.0647,28.8875,650,0,650,KAPALI OTOPARK,1,15,24 Saat
2026-07-18T11:02:31.893817+00:00,2026-07-18T14:02:31.893817+03:00,2892,Bayrampaşa Altıntepsi Zemin  Altı Otoparkı,BAYRAMPAŞA,41.0393,28.9029,110,0,110,KAPALI OTOPARK,1,10,24 Saat
2026-07-18T11:02:31.893817+00:00,2026-07-18T14:02:31.893817+03:00,2909,Bayrampaşa Atatürk Parkı  Zemin Altı Otoparkı,BAYRAMPAŞA,41.0342,28.9123,442,6,436,KAPALI OTOPARK,1,10,24 Saat
2026-07-18T11:02:31.893817+00:00,2026-07-18T14:02:31.893817+03:00,2683,Bayrampaşa Devlet Hastanesi Cep Otoparkı,BAYRAMPAŞA,41.0414,28.9031,55,22,33,AÇIK OTOPARK,1,0,08:00-19:00
2026-07-18T11:02:31.893817+00:00,2026-07-18T14:02:31.893817+03:00,3301,Bayrampaşa Kocatepe Mahallesi Zemin Altı Otoparkı,BAYRAMPAŞA,41.0545,28.8964,241,0,241,KAPALI OTOPARK,1,10,24 Saat
2026-07-18T11:02:31.893817+00:00,2026-07-18T14:02:31.893817+03:00,2053,Bayrampaşa Muratpaşa Yer Altı Otoparkı,BAYRAMPAŞA,41.047,28.9082,300,32,268,KAPALI OTOPARK,1,15,24 Saat
2026-07-18T11:02:31.893817+00:00,2026-07-18T14:02:31.893817+03:00,3175,Bayrampaşa Spor Kompleksi Zemin Altı Otoparkı,BAYRAMPAŞA,41.0446,28.9106,205,0,205,KAPALI OTOPARK,1,15,24 Saat
2026-07-18T11:02:31.893817+00:00,2026-07-18T14:02:31.893817+03:00,3382,Bayrampaşa Şehit Kamil Balkan Zemin Altı Otoparkı,BAYRAMPAŞA,41.0604,28.9008,235,0,235,KAPALI OTOPARK,1,10,24 Saat
2026-07-18T11:02:31.893817+00:00,2026-07-18T14:02:31.893817+03:00,2428,Bayrampaşa Yenidoğan Mahallesi Zemin Altı Otoparkı,BAYRAMPAŞA,41.0395,28.9088,120,0,120,KAPALI OTOPARK,1,10,24 Saat
2026-07-18T11:02:31.893817+00:00,2026-07-18T14:02:31.893817+03:00,2468,Bebek Açık,BEŞİKTAŞ,41.077,29.0434,30,6,24,AÇIK OTOPARK,1,0,24 Saat
2026-07-18T11:02:31.893817+00:00,2026-07-18T14:02:31.893817+03:00,3479,Beşiktaş Halk Pazarı Açık Otoparkı,BEŞİKTAŞ,41.0496,29.0004,170,170,0,AÇIK OTOPARK,1,5,24 Saat
2026-07-18T11:02:31.893817+00:00,2026-07-18T14:02:31.893817+03:00,573,Beşiktaş Kadastro Önü 1,BEŞİKTAŞ,41.0503,29.0076,39,1,38,YOL ÜSTÜ,1,15,08:00-17:00
2026-07-18T11:02:31.893817+00:00,2026-07-18T14:02:31.893817+03:00,3257,Beykoz Sahil Cep Otoparkı,BEYKOZ,41.1286,29.0953,100,76,24,AÇIK OTOPARK,1,0,08:00-00:00
2026-07-18T11:02:31.893817+00:00,2026-07-18T14:02:31.893817+03:00,2273,Beykoz Sosyal Tesisleri,BEYKOZ,41.1143,29.0888,130,0,130,AÇIK OTOPARK,1,15,08:00-00:00
2026-07-18T11:02:31.893817+00:00,2026-07-18T14:02:31.893817+03:00,2999,Beyoğlu Gazhane Bostan Sokak 2,BEYOĞLU,41.0389,28.9903,35,1,34,YOL ÜSTÜ,1,0,07:30-16:30
2026-07-18T11:02:31.893817+00:00,2026-07-18T14:02:31.893817+03:00,3072,Beyoğlu Örnektepe Zemin Altı Otoparkı,BEYOĞLU,41.0543,28.9548,143,0,143,KAPALI OTOPARK,1,0,24 Saat
2026-07-18T11:02:31.893817+00:00,2026-07-18T14:02:31.893817+03:00,1455,Bostancı Açık,KADIKÖY,40.9523,29.0902,394,0,394,AÇIK OTOPARK,1,15,24 Saat
2026-07-18T11:02:31.893817+00:00,2026-07-18T14:02:31.893817+03:00,1456,Bostancı Sahil-Cep Açık Otoparkı,KADIKÖY,40.9545,29.0885,192,0,192,AÇIK OTOPARK,1,15,24 Saat
2026-07-18T11:02:31.893817+00:00,2026-07-18T14:02:31.893817+03:00,2150,Bostancı Vergi Dairesi Açık Otoparkı,ATAŞEHİR,40.9625,29.1083,155,0,155,AÇIK OTOPARK,1,5,08:00-20:00
2026-07-18T11:02:31.893817+00:00,2026-07-18T14:02:31.893817+03:00,2854,Bülent Ecevit Kültür Merkezi Açık Otoparkı,KARTAL,40.8852,29.1967,277,268,9,AÇIK OTOPARK,1,5,10:00-21:00
2026-07-18T11:02:31.893817+00:00,2026-07-18T14:02:31.893817+03:00,2866,Büyük İstanbul Otogarı,BAYRAMPAŞA,41.0402,28.8942,1000,0,1000,AÇIK OTOPARK,1,25,24 Saat
2026-07-18T11:02:31.893817+00:00,2026-07-18T14:02:31.893817+03:00,1192,Büyükçamlıca Korusu Sosyal Tesisleri Önü,ÜSKÜDAR,41.0264,29.0698,204,113,91,AÇIK OTOPARK,1,0,08:00-00:00
2026-07-18T11:02:31.893817+00:00,2026-07-18T14:02:31.893817+03:00,2960,Büyükçekmece Metrobüs Durağı Yanı PD Zemin Altı Otopark,BÜYÜKÇEKMECE,41.0221,28.624,448,216,232,KAPALI OTOPARK,1,0,24 Saat
2026-07-18T11:02:31.893817+00:00,2026-07-18T14:02:31.893817+03:00,1503,Cadde Bostan Açık Otoparkı,KADIKÖY,40.9636,29.0675,66,6,60,AÇIK OTOPARK,1,15,24 Saat
2026-07-18T11:02:31.893817+00:00,2026-07-18T14:02:31.893817+03:00,2933,Cemal Kamacı Spor Kompleksi Zemin Altı Otoparkı,KAĞITHANE,41.0536,28.9575,510,0,510,KAPALI OTOPARK,1,0,24 Saat
2026-07-18T11:02:31.893817+00:00,2026-07-18T14:02:31.893817+03:00,2207,Cengiz Topel Yer Altı Katlı Otoparkı,ESENLER,41.0588,28.8643,144,0,144,KAPALI OTOPARK,1,15,24 Saat
2026-07-18T11:02:31.893817+00:00,2026-07-18T14:02:31.893817+03:00,2787,Cevizli Açık Otoparkı,KARTAL,40.9179,29.1712,100,91,9,AÇIK OTOPARK,1,15,08:00-19:00
2026-07-18T11:02:31.893817+00:00,2026-07-18T14:02:31.893817+03:00,782,Cihangir Caddesi 2,BEYOĞLU,41.0319,28.9862,70,1,69,YOL ÜSTÜ,1,15,09:00-19:00
2026-07-18T11:02:31.893817+00:00,2026-07-18T14:02:31.893817+03:00,1467,Cihangir Katlı Otoparkı,BEYOĞLU,41.0318,28.9858,350,0,350,KAPALI OTOPARK,1,0,24 Saat
2026-07-18T11:02:31.893817+00:00,2026-07-18T14:02:31.893817+03:00,535,Cihannuma Yol Üstü 1,BEŞİKTAŞ,41.0454,29.0084,35,1,34,YOL ÜSTÜ,1,0,08:00-23:00
2026-07-18T11:02:31.893817+00:00,2026-07-18T14:02:31.893817+03:00,537,Cihannuma Yol Üstü 3,BEŞİKTAŞ,41.0459,29.0087,33,1,32,YOL ÜSTÜ,1,0,08:00-23:00
2026-07-18T11:02:31.893817+00:00,2026-07-18T14:02:31.893817+03:00,539,Cihannuma Yol Üstü 5,BEŞİKTAŞ,41.0489,29.0094,24,1,23,YOL ÜSTÜ,1,0,08:00-23:00
2026-07-18T11:02:31.893817+00:00,2026-07-18T14:02:31.893817+03:00,3184,Çam Sokak 6,GÜNGÖREN,41.0121,28.8882,50,1,49,YOL ÜSTÜ,1,15,08:00-17:00
2026-07-18T11:02:31.893817+00:00,2026-07-18T14:02:31.893817+03:00,3030,Çekmeköy Metro PD Zemin Altı Otoparkı,ÇEKMEKÖY,41.0147,29.1886,175,68,107,KAPALI OTOPARK,1,15,24 Saat
2026-07-18T11:02:31.893817+00:00,2026-07-18T14:02:31.893817+03:00,2905,Çeliktepe Açık Otoparkı,KAĞITHANE,41.0843,29.0056,200,83,117,AÇIK OTOPARK,1,5,24 Saat
2026-07-18T11:02:31.893817+00:00,2026-07-18T14:02:31.893817+03:00,1298,Çengelköy Açık Otoparkı,ÜSKÜDAR,41.0484,29.0533,500,0,500,AÇIK OTOPARK,1,15,24 Saat
2026-07-18T11:02:31.893817+00:00,2026-07-18T14:02:31.893817+03:00,502,Çınar Açık Otoparkı,BEŞİKTAŞ,41.0853,29.0088,65,1,64,AÇIK OTOPARK,1,0,08:00-18:00
2026-07-18T11:02:31.893817+00:00,2026-07-18T14:02:31.893817+03:00,777,Çırağan Sarayı Yol Üstü 1,BEŞİKTAŞ,41.0448,29.0165,40,1,39,YOL ÜSTÜ,1,15,08:00-23:00
2026-07-18T11:02:31.893817+00:00,2026-07-18T14:02:31.893817+03:00,778,Çırağan Sarayı Yol Üstü 2,BEŞİKTAŞ,41.0445,29.0156,40,1,39,YOL ÜSTÜ,1,15,08:00-23:00
2026-07-18T11:02:31.893817+00:00,2026-07-18T14:02:31.893817+03:00,2228,Çırpıcı Sosyal Tesisler,ZEYTİNBURNU,41,28.8926,128,0,128,AÇIK OTOPARK,1,15,07:00-00:00
2026-07-18T11:02:31.893817+00:00,2026-07-18T14:02:31.893817+03:00,1508,Çiroz Yeşilköy Halk Pazarı,BAKIRKÖY,40.9628,28.8129,471,1,470,AÇIK OTOPARK,1,0,08:00-18:00
2026-07-18T11:02:31.893817+00:00,2026-07-18T14:02:31.893817+03:00,2030,Dalyan Açık Otoparkı,KADIKÖY,40.9632,29.0651,92,0,92,AÇIK OTOPARK,1,15,24 Saat
2026-07-18T11:02:31.893817+00:00,2026-07-18T14:02:31.893817+03:00,2271,Damla Sokak 1,ŞİŞLİ,41.0672,29.0004,17,1,16,YOL ÜSTÜ,1,15,07:30-16:30
2026-07-18T11:02:31.893817+00:00,2026-07-18T14:02:31.893817+03:00,2164,Darüşşafaka Yeraltı Otoparkı,SARIYER,41.1292,29.0252,150,131,19,KAPALI OTOPARK,1,15,08:00-00:00
2026-07-18T11:02:31.893817+00:00,2026-07-18T14:02:31.893817+03:00,1653,Deniz Feneri Otoparkı,FATİH,41.0019,28.9773,175,73,102,AÇIK OTOPARK,1,5,24 Saat
2026-07-18T11:02:31.893817+00:00,2026-07-18T14:02:31.893817+03:00,595,Dostluk Yurdu 1,FATİH,41.0071,28.973,33,1,32,YOL ÜSTÜ,1,15,07:00-17:00
2026-07-18T11:02:31.893817+00:00,2026-07-18T14:02:31.893817+03:00,2237,Dragos Sosyal Tesisleri,KARTAL,40.9017,29.1458,100,23,77,AÇIK OTOPARK,1,15,24 Saat
2026-07-18T11:02:31.893817+00:00,2026-07-18T14:02:31.893817+03:00,3063,Dudullu Metro PD Zemin Altı Otoparkı,ÜMRANİYE,41.0156,29.1633,81,58,23,KAPALI OTOPARK,1,15,07:00-23:30
2026-07-18T11:02:31.893817+00:00,2026-07-18T14:02:31.893817+03:00,1522,Ebu Suut Caddesi 1,FATİH,41.0128,28.9766,35,1,34,YOL ÜSTÜ,1,0,08:00-18:00
2026-07-18T11:02:31.893817+00:00,2026-07-18T14:02:31.893817+03:00,2147,EGS Blokları Açık Otoparkı,BAKIRKÖY,40.9863,28.8354,350,117,233,AÇIK OTOPARK,1,60,09:00-19:30
2026-07-18T11:02:31.893817+00:00,2026-07-18T14:02:31.893817+03:00,2366,Esenler Adem Baştürk Kültür Merkezi Katlı,ESENLER,41.039,28.8846,460,0,460,KAPALI OTOPARK,1,15,24 Saat
2026-07-18T11:02:31.893817+00:00,2026-07-18T14:02:31.893817+03:00,3190,Esenler Havaalanı Mahallesi Zemin Altı Otoparkı,ESENLER,41.0562,28.8674,610,406,204,KAPALI OTOPARK,1,10,24 Saat
2026-07-18T11:02:31.893817+00:00,2026-07-18T14:02:31.893817+03:00,3011,Esenler Menderes Metro İstasyonu Yanı,ESENLER,41.0427,28.8783,68,0,68,AÇIK OTOPARK,1,5,24 Saat
2026-07-18T11:02:31.893817+00:00,2026-07-18T14:02:31.893817+03:00,2822,Esenler Menderes Parkı Zemin Altı Otoparkı,ESENLER,41.0412,28.8729,325,105,220,KAPALI OTOPARK,1,10,24 Saat
2026-07-18T11:02:31.893817+00:00,2026-07-18T14:02:31.893817+03:00,3303,Esenyurt Adile Naşit Bulvarı Zeminaltı Otoparkı,ESENYURT,41.0205,28.6859,367,300,67,KAPALI OTOPARK,1,15,24 Saat
2026-07-18T11:02:31.893817+00:00,2026-07-18T14:02:31.893817+03:00,1328,Eski Salı Pazarı,KADIKÖY,40.9904,29.0338,760,0,760,AÇIK OTOPARK,1,15,24 Saat
2026-07-18T11:02:31.893817+00:00,2026-07-18T14:02:31.893817+03:00,904,Eyüp Pierloti Caddesi 1,EYÜP,41.0539,28.9329,40,1,39,YOL ÜSTÜ,1,0,09:00-22:00
2026-07-18T11:02:31.893817+00:00,2026-07-18T14:02:31.893817+03:00,2850,Eyüpsultan Akşemsettin Mahallesi Zemin Altı Otoparkı,EYÜP,41.085,28.9258,110,0,110,KAPALI OTOPARK,1,15,24 Saat
2026-07-18T11:02:31.893817+00:00,2026-07-18T14:02:31.893817+03:00,2215,Fatih Çeşmesi Tabiat Parkı Otoparkı,SARIYER,41.1686,28.9448,250,1,249,AÇIK OTOPARK,1,0,06:00-20:00
2026-07-18T11:02:31.893817+00:00,2026-07-18T14:02:31.893817+03:00,1475,Fatih Katlı Otoparkı,FATİH,41.0198,28.9396,118,10,108,KAPALI OTOPARK,1,10,24 Saat
2026-07-18T11:02:31.893817+00:00,2026-07-18T14:02:31.893817+03:00,1591,Feshane PD Açık Otoparkı,EYÜP,41.0463,28.9378,200,51,149,AÇIK OTOPARK,1,15,24 Saat
2026-07-18T11:02:31.893817+00:00,2026-07-18T14:02:31.893817+03:00,1005,Florya Havuzlu Bahçe,BAKIRKÖY,40.9764,28.7908,135,1,134,AÇIK OTOPARK,1,0,09:00-23:00
2026-07-18T11:02:31.893817+00:00,2026-07-18T14:02:31.893817+03:00,2238,Florya Sosyal Tesisleri,BAKIRKÖY,40.9614,28.8091,1074,783,291,AÇIK OTOPARK,1,15,24 Saat
2026-07-18T11:02:31.893817+00:00,2026-07-18T14:02:31.893817+03:00,3296,Gaziosmanpaşa Meydanı ve Yaşam Merkezi Zemin Altı Otoparkı,GAZİOSMANPAŞA,41.0606,28.9093,202,0,202,KAPALI OTOPARK,1,15,24 Saat
2026-07-18T11:02:31.893817+00:00,2026-07-18T14:02:31.893817+03:00,2971,Gaziosmanpaşa Zemin Altı Otoparkı,GAZİOSMANPAŞA,41.0796,28.8858,285,0,285,KAPALI OTOPARK,1,0,24 Saat
2026-07-18T11:02:31.893817+00:00,2026-07-18T14:02:31.893817+03:00,3401,Giyimkent Tekstilkent Metro Zemin Altı PD Otoparkı,ESENLER,41.0711,28.8666,203,192,11,KAPALI OTOPARK,1,10,24 Saat
2026-07-18T11:02:31.893817+00:00,2026-07-18T14:02:31.893817+03:00,2242,Gözdağı Sosyal Tesisler  Açık Otoparkı,PENDİK,40.893,29.2538,300,218,82,AÇIK OTOPARK,1,0,07:00-23:00
2026-07-18T11:02:31.893817+00:00,2026-07-18T14:02:31.893817+03:00,1879,Gülsuyu Metro PD Yer Altı Otoparkı,MALTEPE,40.9237,29.1548,76,0,76,KAPALI OTOPARK,1,15,08:00-00:00
2026-07-18T11:02:31.893817+00:00,2026-07-18T14:02:31.893817+03:00,1423,Güneş Plajı 1,BAKIRKÖY,40.9712,28.79,250,40,210,AÇIK OTOPARK,1,10,24 Saat
2026-07-18T11:02:31.893817+00:00,2026-07-18T14:02:31.893817+03:00,1461,Güneş Plajı 2,BAKIRKÖY,40.9692,28.7951,135,66,69,AÇIK OTOPARK,1,10,08:00-20:00
2026-07-18T11:02:31.893817+00:00,2026-07-18T14:02:31.893817+03:00,3053,Güngören Nikah Dairesi Zemin Altı otoparkı,GÜNGÖREN,41.0363,28.8718,147,0,147,KAPALI OTOPARK,1,10,24 Saat
2026-07-18T11:02:31.893817+00:00,2026-07-18T14:02:31.893817+03:00,2216,Gürpınar Balık Hali Otoparkı,BEYLİKDÜZÜ,40.9663,28.6019,1000,842,158,AÇIK OTOPARK,1,15,24 Saat
2026-07-18T11:02:31.893817+00:00,2026-07-18T14:02:31.893817+03:00,1525,Hacıosman Metro Yer Altı Otoparkı,SARIYER,41.14,29.0306,422,0,422,KAPALI OTOPARK,1,15,24 Saat
2026-07-18T11:02:31.893817+00:00,2026-07-18T14:02:31.893817+03:00,1470,Haldun Alagaş Katlı Otoparkı,ÜMRANİYE,41.0262,29.1052,197,144,53,KAPALI OTOPARK,1,15,24 Saat
2026-07-18T11:02:31.893817+00:00,2026-07-18T14:02:31.893817+03:00,3235,Haliç Sosyal Tesisleri Otoparkı,FATİH,41.0277,28.9572,60,16,44,AÇIK OTOPARK,1,15,07:00-00:00
2026-07-18T11:02:31.893817+00:00,2026-07-18T14:02:31.893817+03:00,2848,Halkalı Mahallesi Zemin Altı Otoparkı,KÜÇÜKÇEKMECE,41.0359,28.7848,347,290,57,KAPALI OTOPARK,1,15,24 Saat
2026-07-18T11:02:31.893817+00:00,2026-07-18T14:02:31.893817+03:00,2838,Hamidiye Mahallesi Katlı Otoparkı,KAĞITHANE,41.0949,28.971,450,238,212,KAPALI OTOPARK,1,15,24 Saat
2026-07-18T11:02:31.893817+00:00,2026-07-18T14:02:31.893817+03:00,1446,Harbiye Zemin Altı Otoparkı,BEYOĞLU,41.0408,28.9869,142,58,84,KAPALI OTOPARK,1,0,24 Saat
2026-07-18T11:02:31.893817+00:00,2026-07-18T14:02:31.893817+03:00,2332,Haydarpaşa Katlı Otoparkı,ÜSKÜDAR,41.0048,29.0251,840,717,123,KAPALI OTOPARK,1,15,24 Saat
2026-07-18T11:02:31.893817+00:00,2026-07-18T14:02:31.893817+03:00,1987,Haznedar Yer Altı Otoparkı,GÜNGÖREN,41.0083,28.8729,540,0,540,KAPALI OTOPARK,1,0,24 Saat
2026-07-18T11:02:31.893817+00:00,2026-07-18T14:02:31.893817+03:00,377,Hızır Külhani Sokak,FATİH,41.0202,28.9605,32,1,31,YOL ÜSTÜ,1,15,09:00-17:00
2026-07-18T11:02:31.893817+00:00,2026-07-18T14:02:31.893817+03:00,3173,Hürriyet Mahallesi Zeminaltı Otoparkı,GAZİOSMANPAŞA,41.0708,28.8951,190,0,190,KAPALI OTOPARK,1,15,24 Saat
2026-07-18T11:02:31.893817+00:00,2026-07-18T14:02:31.893817+03:00,157,Ihlamur Dere Caddesi 4,BEŞİKTAŞ,41.047,29.0023,27,1,26,YOL ÜSTÜ,1,15,09:00-17:00
2026-07-18T11:02:31.893817+00:00,2026-07-18T14:02:31.893817+03:00,1189,İçerenköy Sebze Meyve Hali Otoparkı,ATAŞEHİR,40.9766,29.1044,600,600,0,AÇIK OTOPARK,1,15,24 Saat
2026-07-18T11:02:31.893817+00:00,2026-07-18T14:02:31.893817+03:00,1127,İshakpaşa Caddesi,FATİH,41.0079,28.9814,200,1,199,YOL ÜSTÜ,1,0,08:00-18:00
2026-07-18T11:02:31.893817+00:00,2026-07-18T14:02:31.893817+03:00,3265,İspark İstanbul West Marina Açık Otoparkı 1,BEYLİKDÜZÜ,40.9636,28.6564,250,1,249,AÇIK OTOPARK,1,15,24 Saat
2026-07-18T11:02:31.893817+00:00,2026-07-18T14:02:31.893817+03:00,2793,İspark Merter Katlı Otoparkı,GÜNGÖREN,41.0097,28.89,900,442,458,KAPALI OTOPARK,1,10,24 Saat
2026-07-18T11:02:31.893817+00:00,2026-07-18T14:02:31.893817+03:00,2430,İspark West İstanbul Marina Açık Otoparkı,BEYLİKDÜZÜ,40.9639,28.6591,1600,1142,458,AÇIK OTOPARK,1,15,24 Saat
2026-07-18T11:02:31.893817+00:00,2026-07-18T14:02:31.893817+03:00,381,İstinye 4 ( Cami Önü ),SARIYER,41.1149,29.0571,25,1,24,YOL ÜSTÜ,1,15,08:30-17:30
2026-07-18T11:02:31.893817+00:00,2026-07-18T14:02:31.893817+03:00,1804,İtalyan Hastanesi Karşısı Açık Otoparkı 1,BEYOĞLU,41.028,28.9815,30,1,29,AÇIK OTOPARK,1,0,08:00-19:00
2026-07-18T11:02:31.893817+00:00,2026-07-18T14:02:31.893817+03:00,507,Kabasakal Medrese Önü,FATİH,41.0062,28.9789,65,1,64,AÇIK OTOPARK,1,0,08:00-18:30
2026-07-18T11:02:31.893817+00:00,2026-07-18T14:02:31.893817+03:00,3306,Kabataş Transfer Merkezi Turizm Otobüs Otoparkı,BEYOĞLU,41.0336,28.9923,160,0,160,KAPALI OTOPARK,1,20,24 Saat
2026-07-18T11:02:31.893817+00:00,2026-07-18T14:02:31.893817+03:00,2918,Kadıköy Hasanpaşa Gazhane Katlı Otoparkı,KADIKÖY,40.9972,29.0428,310,183,127,KAPALI OTOPARK,1,15,24 Saat
2026-07-18T11:02:31.893817+00:00,2026-07-18T14:02:31.893817+03:00,1447,Kadıköy İski Açık Otoparkı,KADIKÖY,40.9874,29.0207,124,0,124,AÇIK OTOPARK,1,15,24 Saat
2026-07-18T11:02:31.893817+00:00,2026-07-18T14:02:31.893817+03:00,1655,Kadıköy Metro Açık Otoparkı,KADIKÖY,40.9899,29.0217,74,0,74,AÇIK OTOPARK,1,15,24 Saat
2026-07-18T11:02:31.893817+00:00,2026-07-18T14:02:31.893817+03:00,3445,Kadıköy Uzunçayır PD Açık Otoparkı,KADIKÖY,40.9982,29.0569,70,49,21,AÇIK OTOPARK,1,15,06:30-16:30
2026-07-18T11:02:31.893817+00:00,2026-07-18T14:02:31.893817+03:00,2808,Kadıköy Yeni Salı Pazarı PD Katlı Otoparkı,KADIKÖY,40.9969,29.0486,1350,497,853,KAPALI OTOPARK,1,15,24 Saat
2026-07-18T11:02:31.893817+00:00,2026-07-18T14:02:31.893817+03:00,2811,Kağıthane Harmantepe Zemin Altı Otoparkı,KAĞITHANE,41.0816,28.9907,200,0,200,KAPALI OTOPARK,1,0,24 Saat
2026-07-18T11:02:31.893817+00:00,2026-07-18T14:02:31.893817+03:00,1452,Kalamış Açık Otoparkı,KADIKÖY,40.9687,29.0363,173,68,105,AÇIK OTOPARK,1,15,24 Saat
2026-07-18T11:02:31.893817+00:00,2026-07-18T14:02:31.893817+03:00,1474,Kartal Hasan Doğan Spor Kompleksi,KARTAL,40.8918,29.1897,773,0,773,KAPALI OTOPARK,1,15,24 Saat
2026-07-18T11:02:31.893817+00:00,2026-07-18T14:02:31.893817+03:00,1105,Kartal İdo Açık Otoparkı,KARTAL,40.8874,29.1881,90,0,90,AÇIK OTOPARK,1,15,24 Saat
2026-07-18T11:02:31.893817+00:00,2026-07-18T14:02:31.893817+03:00,1550,Kartal Sahil Açık Otoparkı,KARTAL,40.8875,29.1901,75,0,75,AÇIK OTOPARK,1,5,24 Saat
2026-07-18T11:02:31.893817+00:00,2026-07-18T14:02:31.893817+03:00,3434,Kasımpaşa Sosyal Tesisler Otoparkı,BEYOĞLU,41.0296,28.9673,60,35,25,AÇIK OTOPARK,1,0,07:30-23:00
2026-07-18T11:02:31.893817+00:00,2026-07-18T14:02:31.893817+03:00,2827,Kayaşehir Meydan Zemin Altı Otoparkı,BAŞAKŞEHİR,41.1196,28.7718,1054,1,1053,KAPALI OTOPARK,1,0,10:00-17:00
2026-07-18T11:02:31.893817+00:00,2026-07-18T14:02:31.893817+03:00,1960,Kazlıçeşme Marmaray Açık Otoparkı,ZEYTİNBURNU,40.9922,28.917,700,535,165,AÇIK OTOPARK,1,15,24 Saat
2026-07-18T11:02:31.893817+00:00,2026-07-18T14:02:31.893817+03:00,2994,Kirazlı Metro Durağı PD Açık Otoparkı,BAĞCILAR,41.033,28.8429,112,1,111,AÇIK OTOPARK,1,5,24 Saat
2026-07-18T11:02:31.893817+00:00,2026-07-18T14:02:31.893817+03:00,1528,Kore Şehitleri Caddesi - Yüzbaşı Kaya Aldağon Sokak 1,ŞİŞLİ,41.0719,29.0139,40,1,39,YOL ÜSTÜ,1,15,07:00-16:00
2026-07-18T11:02:31.893817+00:00,2026-07-18T14:02:31.893817+03:00,2449,Kozyatağı Sebze-Meyve Hali,ATAŞEHİR,40.9787,29.1029,1500,1500,0,AÇIK OTOPARK,1,0,24 Saat
2026-07-18T11:02:31.893817+00:00,2026-07-18T14:02:31.893817+03:00,1206,Kutlugün Sokak 2,FATİH,41.0061,28.9801,200,1,199,YOL ÜSTÜ,1,0,08:00-18:00
2026-07-18T11:02:31.893817+00:00,2026-07-18T14:02:31.893817+03:00,3074,Küçük Çamlıca,ÜSKÜDAR,41.0204,29.0653,129,106,23,AÇIK OTOPARK,1,0,08:00-22:00
2026-07-18T11:02:31.893817+00:00,2026-07-18T14:02:31.893817+03:00,3127,Küçükçekmece Cennet Mahallesi Meydan Zemin Altı Otoparkı,KÜÇÜKÇEKMECE,40.9907,28.783,456,0,456,KAPALI OTOPARK,1,10,24 Saat
2026-07-18T11:02:31.893817+00:00,2026-07-18T14:02:31.893817+03:00,2554,Küçükçekmece Fevzi Çakmak Meydanı Zemin Altı Otoparkı,KÜÇÜKÇEKMECE,41.0076,28.7927,1000,526,474,KAPALI OTOPARK,1,10,24 Saat
2026-07-18T11:02:31.893817+00:00,2026-07-18T14:02:31.893817+03:00,2882,Küçüksu Kasrı Açık Otoparkı,BEYKOZ,41.0789,29.0657,98,91,7,AÇIK OTOPARK,1,0,07:00-23:00
2026-07-18T11:02:31.893817+00:00,2026-07-18T14:02:31.893817+03:00,220,Levent Hamidiye,BEŞİKTAŞ,41.0861,29.0076,100,1,99,AÇIK OTOPARK,1,0,08:00-19:00
2026-07-18T11:02:31.893817+00:00,2026-07-18T14:02:31.893817+03:00,2335,Maçka Açık Otoparkı,ŞİŞLİ,41.046,28.9908,75,75,0,AÇIK OTOPARK,1,0,24 Saat
2026-07-18T11:02:31.893817+00:00,2026-07-18T14:02:31.893817+03:00,1859,Maçka Katlı Otoparkı,ŞİŞLİ,41.0484,28.9903,508,0,508,KAPALI OTOPARK,1,0,24 Saat
2026-07-18T11:02:31.893817+00:00,2026-07-18T14:02:31.893817+03:00,3193,Maltepe Rıhtım Caddesi Açık Otoparkı,MALTEPE,40.9258,29.1241,76,50,26,AÇIK OTOPARK,1,0,24 Saat
2026-07-18T11:02:31.893817+00:00,2026-07-18T14:02:31.893817+03:00,2146,Maltepe Süreyyapaşa Çarşısı Açık Otoparkı,MALTEPE,40.9274,29.1225,156,116,40,AÇIK OTOPARK,1,0,24 Saat
2026-07-18T11:02:31.893817+00:00,2026-07-18T14:02:31.893817+03:00,1599,Maslak Açık Otoparkı,SARIYER,41.1166,29.024,150,126,24,AÇIK OTOPARK,1,10,24 Saat
2026-07-18T11:02:31.893817+00:00,2026-07-18T14:02:31.893817+03:00,2100,Matbaacılar Sitesi Yanı,ZEYTİNBURNU,41.0234,28.9187,250,189,61,AÇIK OTOPARK,1,5,24 Saat
2026-07-18T11:02:31.893817+00:00,2026-07-18T14:02:31.893817+03:00,920,Meclis-i Mebusan Yokuşu 2,BEYOĞLU,41.0326,28.9882,34,1,33,YOL ÜSTÜ,1,15,09:00-17:00
2026-07-18T11:02:31.893817+00:00,2026-07-18T14:02:31.893817+03:00,1546,Menekşe Plajı Açık Otoparkı,BAKIRKÖY,40.9761,28.7766,200,200,0,AÇIK OTOPARK,1,0,24 Saat
2026-07-18T11:02:31.893817+00:00,2026-07-18T14:02:31.893817+03:00,1376,Mercan Açık,FATİH,41.0136,28.9669,130,26,104,AÇIK OTOPARK,1,0,08:00-23:00
2026-07-18T11:02:31.893817+00:00,2026-07-18T14:02:31.893817+03:00,3309,Mercan Ali Paşa Sarayı Zemin Altı Otoparkı,FATİH,41.0136,28.967,196,1,195,KAPALI OTOPARK,1,0,07:00-21:00
2026-07-18T11:02:31.893817+00:00,2026-07-18T14:02:31.893817+03:00,1472,Merter Katlı Otoparkı,GÜNGÖREN,41.0092,28.8874,1000,913,87,KAPALI OTOPARK,1,10,24 Saat
2026-07-18T11:02:31.893817+00:00,2026-07-18T14:02:31.893817+03:00,2375,Merter Metro PD Zeminaltı Otoparkı,GÜNGÖREN,41.0037,28.8897,242,106,136,KAPALI OTOPARK,1,10,24 Saat
2026-07-18T11:02:31.893817+00:00,2026-07-18T14:02:31.893817+03:00,1568,Mete Caddesi 1,BEYOĞLU,41.0382,28.9879,31,1,30,YOL ÜSTÜ,1,15,08:00-23:00
2026-07-18T11:02:31.893817+00:00,2026-07-18T14:02:31.893817+03:00,1471,Mevlana Yeraltı Katlı Otoparkı,ZEYTİNBURNU,41.0072,28.9049,1000,870,130,KAPALI OTOPARK,1,5,24 Saat
2026-07-18T11:02:31.893817+00:00,2026-07-18T14:02:31.893817+03:00,2709,Millet Caddesi Açık Otoparkı,FATİH,41.01,28.9461,60,27,33,AÇIK OTOPARK,1,15,24 Saat
2026-07-18T11:02:31.893817+00:00,2026-07-18T14:02:31.893817+03:00,3152,Mimar Sinan Zemin Altı Otoparkı,ÜSKÜDAR,41.0222,29.0169,956,21,935,KAPALI OTOPARK,1,15,24 Saat
2026-07-18T11:02:31.893817+00:00,2026-07-18T14:02:31.893817+03:00,2870,Miniatürk Çadır Açık Otoparkı,BEYOĞLU,41.0594,28.9501,250,148,102,AÇIK OTOPARK,1,15,07:00-20:00
2026-07-18T11:02:31.893817+00:00,2026-07-18T14:02:31.893817+03:00,2556,Muallim Naci Açık Otoparkı,BEŞİKTAŞ,41.0561,29.0342,35,19,16,AÇIK OTOPARK,1,15,24 Saat
2026-07-18T11:02:31.893817+00:00,2026-07-18T14:02:31.893817+03:00,569,Oda Kule Önü 1,BEYOĞLU,41.0322,28.9751,24,1,23,YOL ÜSTÜ,1,0,07:00-01:00
2026-07-18T11:02:31.893817+00:00,2026-07-18T14:02:31.893817+03:00,1988,Orhangazi Şehir Parkı PD Açık Otoparkı,MALTEPE,40.9313,29.1161,5022,4071,951,AÇIK OTOPARK,1,15,24 Saat
2026-07-18T11:02:31.893817+00:00,2026-07-18T14:02:31.893817+03:00,152,Ortabahçe Caddesi 2,BEŞİKTAŞ,41.0428,29.0043,35,1,34,YOL ÜSTÜ,1,15,08:00-23:00
2026-07-18T11:02:31.893817+00:00,2026-07-18T14:02:31.893817+03:00,153,Ortabahçe Caddesi 3,BEŞİKTAŞ,41.043,29.0042,26,1,25,YOL ÜSTÜ,1,15,08:00-23:00
2026-07-18T11:02:31.893817+00:00,2026-07-18T14:02:31.893817+03:00,119,Ortaklar Caddesi 1,ŞİŞLİ,41.0638,28.9971,25,1,24,YOL ÜSTÜ,1,15,08:30-17:00
2026-07-18T11:02:31.893817+00:00,2026-07-18T14:02:31.893817+03:00,1343,Ortaköy Açık Otoparkı,BEŞİKTAŞ,41.0504,29.0326,170,147,23,AÇIK OTOPARK,1,0,24 Saat
2026-07-18T11:02:31.893817+00:00,2026-07-18T14:02:31.893817+03:00,572,Ortaköy Portakal Yokuşu 1,BEŞİKTAŞ,41.0503,29.0261,15,1,14,YOL ÜSTÜ,1,15,09:00-19:00
2026-07-18T11:02:31.893817+00:00,2026-07-18T14:02:31.893817+03:00,1039,Öğretmen Evi,AVCILAR,40.9723,28.714,80,42,38,AÇIK OTOPARK,1,0,11:00-23:00
2026-07-18T11:02:31.893817+00:00,2026-07-18T14:02:31.893817+03:00,1466,Pendik Katlı Otoparkı,PENDİK,40.8789,29.2342,120,0,120,KAPALI OTOPARK,1,15,24 Saat
2026-07-18T11:02:31.893817+00:00,2026-07-18T14:02:31.893817+03:00,3073,Pendik Kemal Kalkuz Parkı Zemin Altı Otoparkı,PENDİK,40.8885,29.2427,224,0,224,KAPALI OTOPARK,1,0,09:00-18:00
2026-07-18T11:02:31.893817+00:00,2026-07-18T14:02:31.893817+03:00,3019,Pendik Meydan Zemin Altı Otoparkı,PENDİK,40.8752,29.2324,937,0,937,KAPALI OTOPARK,1,0,24 Saat
2026-07-18T11:02:31.893817+00:00,2026-07-18T14:02:31.893817+03:00,2865,Pendik Sahil Engelliler Merkez Önü,PENDİK,40.8735,29.233,100,66,34,AÇIK OTOPARK,1,0,11:00-20:00
2026-07-18T11:02:31.893817+00:00,2026-07-18T14:02:31.893817+03:00,2434,Pendik Sahil İdo,PENDİK,40.8755,29.2369,100,0,100,AÇIK OTOPARK,1,0,07:00-23:00
2026-07-18T11:02:31.893817+00:00,2026-07-18T14:02:31.893817+03:00,248,Pendik Yenimahalle Açık 2 Otoparkı,PENDİK,40.864,29.2723,124,101,23,AÇIK OTOPARK,1,15,10:00-22:00
2026-07-18T11:02:31.893817+00:00,2026-07-18T14:02:31.893817+03:00,297,Perşembe Pazarı 1,BEYOĞLU,41.0252,28.9693,32,1,31,YOL ÜSTÜ,1,15,08:00-17:00
2026-07-18T11:02:31.893817+00:00,2026-07-18T14:02:31.893817+03:00,597,Pierre Loti Caddesi 3,FATİH,41.0069,28.9711,36,1,35,YOL ÜSTÜ,1,0,07:00-17:00
2026-07-18T11:02:31.893817+00:00,2026-07-18T14:02:31.893817+03:00,3263,Piyalepaşa Meydanı Zemin Altı Otoparkı,BEYOĞLU,41.0445,28.9674,560,271,289,KAPALI OTOPARK,1,0,24 Saat
2026-07-18T11:02:31.893817+00:00,2026-07-18T14:02:31.893817+03:00,423,Prof.Cemil Birsel Yokuşu 3,FATİH,41.0178,28.967,40,1,39,YOL ÜSTÜ,1,0,07:00-18:00
2026-07-18T11:02:31.893817+00:00,2026-07-18T14:02:31.893817+03:00,1900,Ragıp Gümüşpala Cad.(Sobacılar Önü),FATİH,41.0181,28.969,40,1,39,YOL ÜSTÜ,1,15,07:00-18:00
2026-07-18T11:02:31.893817+00:00,2026-07-18T14:02:31.893817+03:00,415,Ragıp Gümüşpala Camii Önü 1,FATİH,41.0211,28.9627,35,1,34,YOL ÜSTÜ,1,0,07:00-17:30
2026-07-18T11:02:31.893817+00:00,2026-07-18T14:02:31.893817+03:00,3268,Refik Saydam Caddesi 3,BEYOĞLU,41.032,28.9736,55,1,54,YOL ÜSTÜ,1,0,06:00-23:00
2026-07-18T11:02:31.893817+00:00,2026-07-18T14:02:31.893817+03:00,2307,Ressam Halim Sokak PD Açık Otoparkı,BAHÇELİEVLER,40.9967,28.8641,120,69,51,AÇIK OTOPARK,1,15,08:00-00:00
2026-07-18T11:02:31.893817+00:00,2026-07-18T14:02:31.893817+03:00,3082,Rumeli Hisarı Sahil Yolu Otoparkı,SARIYER,41.0854,29.0568,20,1,19,AÇIK OTOPARK,1,0,24 Saat
2026-07-18T11:02:31.893817+00:00,2026-07-18T14:02:31.893817+03:00,1595,Sabiha Gökçen Açık Otoparkı,PENDİK,40.925,29.308,1056,0,1056,AÇIK OTOPARK,1,15,24 Saat
2026-07-18T11:02:31.893817+00:00,2026-07-18T14:02:31.893817+03:00,3239,Samatya Sahil Cep Otoparkı,FATİH,40.9954,28.932,113,95,18,AÇIK OTOPARK,1,15,24 Saat
2026-07-18T11:02:31.893817+00:00,2026-07-18T14:02:31.893817+03:00,3273,Sarıyer Büyükdere Fidanlığı,SARIYER,41.1548,29.0268,160,157,3,AÇIK OTOPARK,1,0,08:00-18:00
2026-07-18T11:02:31.893817+00:00,2026-07-18T14:02:31.893817+03:00,3299,Sariyer Ayazağa Mah Vadi İstanbul Önü Açık Otoparkı,SARIYER,41.1106,28.9881,100,97,3,AÇIK OTOPARK,1,0,08:00-20:00
2026-07-18T11:02:31.893817+00:00,2026-07-18T14:02:31.893817+03:00,1303,Seyrantepe Katlı (Arena Karşısı) 1,KAĞITHANE,41.101,28.9961,1897,1,1896,KAPALI OTOPARK,1,0,24 Saat
2026-07-18T11:02:31.893817+00:00,2026-07-18T14:02:31.893817+03:00,1628,Sıracevizler Caddesi Yol Üstü 5,ŞİŞLİ,41.0607,28.9841,45,1,44,YOL ÜSTÜ,1,15,09:00-17:00
2026-07-18T11:02:31.893817+00:00,2026-07-18T14:02:31.893817+03:00,464,Sirkeci Gar Önü,FATİH,41.015,28.9761,60,1,59,AÇIK OTOPARK,1,5,07:00-20:00
2026-07-18T11:02:31.893817+00:00,2026-07-18T14:02:31.893817+03:00,1486,Siyavuşpaşa Yer Altı Otoparkı,BAHÇELİEVLER,40.9965,28.8532,155,0,155,KAPALI OTOPARK,1,0,24 Saat
2026-07-18T11:02:31.893817+00:00,2026-07-18T14:02:31.893817+03:00,1958,Soğanlık Metro PD Açık Otoparkı,KARTAL,40.9131,29.1925,898,835,63,AÇIK OTOPARK,1,15,24 Saat
2026-07-18T11:02:31.893817+00:00,2026-07-18T14:02:31.893817+03:00,589,Su Terazisi Sokak,FATİH,41.0046,28.9727,22,1,21,YOL ÜSTÜ,1,0,07:30-17:00
2026-07-18T11:02:31.893817+00:00,2026-07-18T14:02:31.893817+03:00,1478,Suadiye Cep Açık Otoparkı,KADIKÖY,40.9586,29.0732,130,57,73,AÇIK OTOPARK,1,15,24 Saat
2026-07-18T11:02:31.893817+00:00,2026-07-18T14:02:31.893817+03:00,2948,Suadiye Sahil Açık Otoparkı,KADIKÖY,40.9562,29.0797,70,0,70,AÇIK OTOPARK,1,5,24 Saat
2026-07-18T11:02:31.893817+00:00,2026-07-18T14:02:31.893817+03:00,2799,Sultanbeyli Emir Caddesi Zemin Altı Otoparkı,SULTANBEYLİ,40.9707,29.2606,130,111,19,KAPALI OTOPARK,1,15,08:00-22:00
2026-07-18T11:02:31.893817+00:00,2026-07-18T14:02:31.893817+03:00,2372,Sultanbeyli Kent Meydanı Zemin Altı Otoparkı,SULTANBEYLİ,40.9667,29.2667,300,145,155,KAPALI OTOPARK,1,15,24 Saat
2026-07-18T11:02:31.893817+00:00,2026-07-18T14:02:31.893817+03:00,2410,Sultangazi Zemin Altı Otoparkı,SULTANGAZİ,41.0944,28.8649,104,0,104,KAPALI OTOPARK,1,10,24 Saat
2026-07-18T11:02:31.893817+00:00,2026-07-18T14:02:31.893817+03:00,2085,Süleyman Seba Caddesi 2,BEŞİKTAŞ,41.0426,28.9998,40,1,39,YOL ÜSTÜ,1,15,08:00-18:00
2026-07-18T11:02:31.893817+00:00,2026-07-18T14:02:31.893817+03:00,2088,Süleyman Seba Caddesi 5,BEŞİKTAŞ,41.0432,28.9978,40,1,39,YOL ÜSTÜ,1,15,08:00-18:00
2026-07-18T11:02:31.893817+00:00,2026-07-18T14:02:31.893817+03:00,2089,Süleyman Seba Caddesi 6,BEŞİKTAŞ,41.0435,28.9967,11,1,10,YOL ÜSTÜ,1,15,08:00-18:00
2026-07-18T11:02:31.893817+00:00,2026-07-18T14:02:31.893817+03:00,2391,Süleymaniye Cami Altı Açık Otoparkı,FATİH,41.0158,28.961,250,235,15,AÇIK OTOPARK,1,0,06:30-18:30
2026-07-18T11:02:31.893817+00:00,2026-07-18T14:02:31.893817+03:00,1730,Sütlüce Miniatürk Yanı,BEYOĞLU,41.057,28.95,320,225,95,AÇIK OTOPARK,1,15,24 Saat
2026-07-18T11:02:31.893817+00:00,2026-07-18T14:02:31.893817+03:00,36,Şakayık Sokak 4,ŞİŞLİ,41.0518,28.9936,50,1,49,YOL ÜSTÜ,1,15,08:00-16:00
2026-07-18T11:02:31.893817+00:00,2026-07-18T14:02:31.893817+03:00,1469,Şehit Volkan Duysak Katlı Otoparkı,ZEYTİNBURNU,40.9968,28.9039,1000,694,306,KAPALI OTOPARK,1,5,24 Saat
2026-07-18T11:02:31.893817+00:00,2026-07-18T14:02:31.893817+03:00,2385,Şehremini Açık Otoparkı 1,FATİH,41.0135,28.9333,60,1,59,AÇIK OTOPARK,1,0,08:30-20:30
2026-07-18T11:02:31.893817+00:00,2026-07-18T14:02:31.893817+03:00,2855,Şemsipaşa Açık Otoparkı,ÜSKÜDAR,41.0255,29.0097,80,31,49,AÇIK OTOPARK,1,0,24 Saat
2026-07-18T11:02:31.893817+00:00,2026-07-18T14:02:31.893817+03:00,2439,Şirinevler Meydan Zeminaltı Otoparkı,BAHÇELİEVLER,40.9925,28.8496,367,92,275,KAPALI OTOPARK,1,0,24 Saat
2026-07-18T11:02:31.893817+00:00,2026-07-18T14:02:31.893817+03:00,3400,Şişhane Refik Saydam Caddesi 2 Yol Üstü Otoparkı 1,BEYOĞLU,41.0326,28.9743,70,1,69,YOL ÜSTÜ,1,15,06:00-23:00
2026-07-18T11:02:31.893817+00:00,2026-07-18T14:02:31.893817+03:00,1017,Şişli Kadırgalar Caddesi 1,ŞİŞLİ,41.0429,28.9927,100,1,99,AÇIK OTOPARK,1,0,07:00-23:00
2026-07-18T11:02:31.893817+00:00,2026-07-18T14:02:31.893817+03:00,3441,Şişli Kuştepe Zemin Altı Otoparkı,ŞİŞLİ,41.072,28.9919,430,331,99,KAPALI OTOPARK,1,15,24 Saat
2026-07-18T11:02:31.893817+00:00,2026-07-18T14:02:31.893817+03:00,2816,Şişli Rumeli Caddesi Metro Yanı 1,ŞİŞLİ,41.0538,28.9868,45,1,44,YOL ÜSTÜ,1,15,08:00-20:00
2026-07-18T11:02:31.893817+00:00,2026-07-18T14:02:31.893817+03:00,2406,Şişli Zemin Altı Otoparkı,ŞİŞLİ,41.0641,28.9992,581,367,214,KAPALI OTOPARK,1,15,24 Saat
2026-07-18T11:02:31.893817+00:00,2026-07-18T14:02:31.893817+03:00,1993,Tuzla İdo,TUZLA,40.8149,29.3039,300,238,62,AÇIK OTOPARK,1,15,24 Saat
2026-07-18T11:02:31.893817+00:00,2026-07-18T14:02:31.893817+03:00,3332,Tuzla Sahil Cep,TUZLA,40.8168,29.2992,50,42,8,AÇIK OTOPARK,1,0,08:00-00:00
2026-07-18T11:02:31.893817+00:00,2026-07-18T14:02:31.893817+03:00,3057,Tuzla Sahil Zemin Altı Otoparkı,TUZLA,40.8181,29.3004,779,531,248,KAPALI OTOPARK,1,15,24 Saat
2026-07-18T11:02:31.893817+00:00,2026-07-18T14:02:31.893817+03:00,1811,Ulu Camii Açık Otoparkı,BAHÇELİEVLER,40.9982,28.8499,150,128,22,AÇIK OTOPARK,1,10,24 Saat
2026-07-18T11:02:31.893817+00:00,2026-07-18T14:02:31.893817+03:00,2424,Uzunçayır Açık Otoparkı,KADIKÖY,40.9988,29.0556,58,52,6,AÇIK OTOPARK,1,0,06:00-16:00
2026-07-18T11:02:31.893817+00:00,2026-07-18T14:02:31.893817+03:00,1468,Ümraniye Katlı Otoparkı,ÜMRANİYE,41.0261,29.0953,665,334,331,KAPALI OTOPARK,1,15,24 Saat
2026-07-18T11:02:31.893817+00:00,2026-07-18T14:02:31.893817+03:00,2898,Ümraniye Okan Sokak Zeminaltı Otoparkı,ÜMRANİYE,41.0284,29.0907,125,24,101,KAPALI OTOPARK,1,15,24 Saat
2026-07-18T11:02:31.893817+00:00,2026-07-18T14:02:31.893817+03:00,2345,Üsküdar Uzunçayır PD Açık Otoparkı,ÜSKÜDAR,40.9988,29.0577,90,76,14,AÇIK OTOPARK,1,15,06:00-22:00
2026-07-18T11:02:31.893817+00:00,2026-07-18T14:02:31.893817+03:00,1929,Üsküdar Ünalan Açık Otoparkı,ÜSKÜDAR,40.9979,29.0604,180,175,5,AÇIK OTOPARK,1,0,07:00-17:00
2026-07-18T11:02:31.893817+00:00,2026-07-18T14:02:31.893817+03:00,1487,Vatan Caddesi PD Açık Otoparkı,FATİH,41.0157,28.9405,397,341,56,AÇIK OTOPARK,1,5,24 Saat
2026-07-18T11:02:31.893817+00:00,2026-07-18T14:02:31.893817+03:00,1621,Veteriner Hilmi Sokak Yol Üstü 1,ŞİŞLİ,41.0603,28.9892,20,1,19,YOL ÜSTÜ,1,15,08:00-17:00
2026-07-18T11:02:31.893817+00:00,2026-07-18T14:02:31.893817+03:00,2441,Yalı Açık Otoparkı,MALTEPE,40.9095,29.137,85,82,3,AÇIK OTOPARK,1,0,07:30-22:00
2026-07-18T11:02:31.893817+00:00,2026-07-18T14:02:31.893817+03:00,459,Yalı Köşkü Caddesi 1,FATİH,41.0163,28.9759,61,1,60,YOL ÜSTÜ,1,5,07:00-21:00
2026-07-18T11:02:31.893817+00:00,2026-07-18T14:02:31.893817+03:00,2037,Yenikapı Marmaray Büyük Otoparkı,FATİH,41.0057,28.9505,324,128,196,AÇIK OTOPARK,1,15,24 Saat
2026-07-18T11:02:31.893817+00:00,2026-07-18T14:02:31.893817+03:00,2036,Yenikapı Marmaray Küçük Otoparkı,FATİH,41.0064,28.9504,200,164,36,AÇIK OTOPARK,1,15,07:00-22:00
2026-07-18T11:02:31.893817+00:00,2026-07-18T14:02:31.893817+03:00,2175,Yenikapı Spor ve Kültür Merkezi PD Açık Otoparkı,FATİH,41.0006,28.9519,4023,3817,206,AÇIK OTOPARK,1,15,24 Saat
2026-07-18T11:02:31.893817+00:00,2026-07-18T14:02:31.893817+03:00,2805,Yenikapı Tünel Üstü Açık Otoparkı,FATİH,41.0029,28.9534,700,447,253,AÇIK OTOPARK,1,10,24 Saat
2026-07-18T11:02:31.893817+00:00,2026-07-18T14:02:31.893817+03:00,3404,Yenimahalle Metro Zemin Altı PD Otoparkı,GAZİOSMANPAŞA,41.0839,28.8926,114,98,16,KAPALI OTOPARK,1,15,24 Saat
2026-07-18T11:02:31.893817+00:00,2026-07-18T14:02:31.893817+03:00,2920,Yeşilce Zemin Altı Katlı Otoparkı,KAĞITHANE,41.0938,29.0017,676,283,393,KAPALI OTOPARK,1,0,24 Saat
2026-07-18T11:02:31.893817+00:00,2026-07-18T14:02:31.893817+03:00,987,Yeşilköy İstasyon Caddesi 1,BAKIRKÖY,40.962,28.825,40,1,39,YOL ÜSTÜ,1,15,09:00-17:30
2026-07-18T11:02:31.893817+00:00,2026-07-18T14:02:31.893817+03:00,974,Yeşilköy Marina 1,BAKIRKÖY,40.9576,28.8233,145,1,144,YOL ÜSTÜ,1,0,12:00-23:00
2026-07-18T11:02:31.893817+00:00,2026-07-18T14:02:31.893817+03:00,3406,Yeşilpınar Metro Zemin Altı PD Otoparkı,EYÜP,41.081,28.9204,269,201,68,KAPALI OTOPARK,1,15,24 Saat
2026-07-18T11:02:31.893817+00:00,2026-07-18T14:02:31.893817+03:00,315,Yeşilyurt Çarşı 1,BAKIRKÖY,40.9643,28.8379,50,1,49,YOL ÜSTÜ,1,15,09:00-17:30
2026-07-18T11:02:31.893817+00:00,2026-07-18T14:02:31.893817+03:00,1133,Yıldız Korusu,BEŞİKTAŞ,41.0514,29.0165,500,1,499,AÇIK OTOPARK,1,0,08:00-22:00
2026-07-18T11:02:31.893817+00:00,2026-07-18T14:02:31.893817+03:00,882,Zeytinburnu 58. Bulvar 2,ZEYTİNBURNU,40.9932,28.9039,48,1,47,YOL ÜSTÜ,1,15,09:00-18:00
2026-07-18T11:02:31.893817+00:00,2026-07-18T14:02:31.893817+03:00,3185,Zeytinburnu Sahil Cep Otoparkı,ZEYTİNBURNU,40.9798,28.8985,160,1,159,AÇIK OTOPARK,1,0,12:00-22:00
2026-07-18T13:12:49.698876+00:00,2026-07-18T16:12:49.698876+03:00,3068,15 Temmuz Şehitler Meydanı Zeminaltı Otoparkı,ÜMRANİYE,41.0246,29.0915,1029,473,556,KAPALI OTOPARK,1,15,24 Saat
2026-07-18T13:12:49.698876+00:00,2026-07-18T16:12:49.698876+03:00,2338,19 Mayıs Açık,ŞİŞLİ,41.0563,28.9941,65,0,65,AÇIK OTOPARK,1,0,24 Saat
2026-07-18T13:12:49.698876+00:00,2026-07-18T16:12:49.698876+03:00,1751,4.Levent PD Açık Otoparkı,KAĞITHANE,41.0836,29.0081,236,136,100,AÇIK OTOPARK,1,5,24 Saat
2026-07-18T13:12:49.698876+00:00,2026-07-18T16:12:49.698876+03:00,3328,4.Levent Servis ve Turizm Araçları Açık Otoparkı,ŞİŞLİ,41.0841,29.0054,300,182,118,AÇIK OTOPARK,1,15,24 Saat
2026-07-18T13:12:49.698876+00:00,2026-07-18T16:12:49.698876+03:00,3412,5. Levent Gaziosmanpaşa Adliyesi Yanı Açık Otoparkı,EYÜP,41.0927,28.9494,250,235,15,AÇIK OTOPARK,1,15,07:00-23:00
2026-07-18T13:12:49.698876+00:00,2026-07-18T16:12:49.698876+03:00,104,Abide-i Hürriyet Caddesi 5,ŞİŞLİ,41.0619,28.9876,40,1,39,YOL ÜSTÜ,1,15,08:00-17:00
2026-07-18T13:12:49.698876+00:00,2026-07-18T16:12:49.698876+03:00,2452,Acıbadem Açık Otoparkı,ÜSKÜDAR,41.0157,29.0574,100,87,13,AÇIK OTOPARK,0,0,06:30-16:00
2026-07-18T13:12:49.698876+00:00,2026-07-18T16:12:49.698876+03:00,346,Ada Karşısı Cep 2,BEŞİKTAŞ,41.072,29.045,30,1,29,YOL ÜSTÜ,1,15,08:00-23:00
2026-07-18T13:12:49.698876+00:00,2026-07-18T16:12:49.698876+03:00,1663,Akasyalı Sokak Tenis Kulubü Önü 2,BEŞİKTAŞ,41.0867,29.0109,45,1,44,YOL ÜSTÜ,1,15,08:30-17:30
2026-07-18T13:12:49.698876+00:00,2026-07-18T16:12:49.698876+03:00,828,Akdeniz Caddesi 4,FATİH,41.0175,28.9435,27,1,26,YOL ÜSTÜ,1,15,09:00-18:00
2026-07-18T13:12:49.698876+00:00,2026-07-18T16:12:49.698876+03:00,1913,Alibeyköy Cep Otogarı Açık Otoparkı,EYÜP,41.0879,28.9446,116,11,105,AÇIK OTOPARK,1,25,24 Saat
2026-07-18T13:12:49.698876+00:00,2026-07-18T16:12:49.698876+03:00,1912,Alibeyköy Cep Otogarı Otobüs Otoparkı,EYÜP,41.0875,28.9449,5000,4980,20,AÇIK OTOPARK,1,60,24 Saat
2026-07-18T13:12:49.698876+00:00,2026-07-18T16:12:49.698876+03:00,2562,Alibeyköy Yeşiltepe Zemin Altı Otoparkı,EYÜP,41.0797,28.938,159,69,90,KAPALI OTOPARK,1,15,24 Saat
2026-07-18T13:12:49.698876+00:00,2026-07-18T16:12:49.698876+03:00,3201,Altınboynuz Sosyal Tesisleri,EYÜP,41.058,28.9447,70,1,69,AÇIK OTOPARK,1,15,08:00-23:00
2026-07-18T13:12:49.698876+00:00,2026-07-18T16:12:49.698876+03:00,758,Arap Camii Açık Otoparkı,BEYOĞLU,41.0227,28.9723,30,1,29,AÇIK OTOPARK,1,0,09:00-17:00
2026-07-18T13:12:49.698876+00:00,2026-07-18T16:12:49.698876+03:00,2685,Aras Sokak 2,BÜYÜKÇEKMECE,41.023,28.6209,60,1,59,YOL ÜSTÜ,0,0,06:00-14:30
2026-07-18T13:12:49.698876+00:00,2026-07-18T16:12:49.698876+03:00,2802,Arnavutköy Zemin Altı Otoparkı,ARNAVUTKÖY,41.1838,28.7396,700,24,676,KAPALI OTOPARK,1,15,24 Saat
2026-07-18T13:12:49.698876+00:00,2026-07-18T16:12:49.698876+03:00,1797,Ataköy Atrium AVM,BAKIRKÖY,40.9881,28.8459,250,195,55,AÇIK OTOPARK,1,15,08:00-23:00
2026-07-18T13:12:49.698876+00:00,2026-07-18T16:12:49.698876+03:00,2824,Ataköy Metro Durağı Yanı PD Zemin Altı Otoparkı,BAKIRKÖY,40.9904,28.8456,150,94,56,KAPALI OTOPARK,1,0,24 Saat
2026-07-18T13:12:49.698876+00:00,2026-07-18T16:12:49.698876+03:00,3161,Ataşehir Topçu İbrahim Sokak,ATAŞEHİR,40.9736,29.101,42,1,41,YOL ÜSTÜ,0,15,07:00-16:00
2026-07-18T13:12:49.698876+00:00,2026-07-18T16:12:49.698876+03:00,359,Atatürk Bulvarı 1,FATİH,41.0112,28.9534,20,1,19,YOL ÜSTÜ,1,0,07:30-18:00
2026-07-18T13:12:49.698876+00:00,2026-07-18T16:12:49.698876+03:00,3087,Atatürk Kent Ormanı Otoparkı,SARIYER,41.136,29.0262,200,197,3,AÇIK OTOPARK,1,0,08:00-17:00
2026-07-18T13:12:49.698876+00:00,2026-07-18T16:12:49.698876+03:00,2243,Avcılar Denizköşkler Toplantı ve Davet Salonu Açık Otoparkı,AVCILAR,40.9746,28.7435,200,1,199,AÇIK OTOPARK,1,15,13:00-07:00
2026-07-18T13:12:49.698876+00:00,2026-07-18T16:12:49.698876+03:00,1088,Avcılar İdo,AVCILAR,40.9712,28.7185,270,262,8,AÇIK OTOPARK,1,0,13:00-07:00
2026-07-18T13:12:49.698876+00:00,2026-07-18T16:12:49.698876+03:00,2885,Azapkapı Haliç Metro Otoparkı,ŞİŞLİ,41.0245,28.9691,80,2,78,AÇIK OTOPARK,1,5,24 Saat
2026-07-18T13:12:49.698876+00:00,2026-07-18T16:12:49.698876+03:00,2455,Azerbaycan Dostluk Parkı Zemin Altı Otoparkı,BAĞCILAR,41.0444,28.854,400,229,171,KAPALI OTOPARK,1,10,24 Saat
2026-07-18T13:12:49.698876+00:00,2026-07-18T16:12:49.698876+03:00,2965,Bağcılar Çolakoğlu Zemin Altı Otoparkı,BAĞCILAR,41.0324,28.8345,106,0,106,KAPALI OTOPARK,1,5,24 Saat
2026-07-18T13:12:49.698876+00:00,2026-07-18T16:12:49.698876+03:00,2576,Bağcılar Demirkapı Zemin Altı Otoparkı,BAĞCILAR,41.0499,28.8327,343,180,163,KAPALI OTOPARK,1,5,24 Saat
2026-07-18T13:12:49.698876+00:00,2026-07-18T16:12:49.698876+03:00,3036,Bağcılar Devlet Hastanesi Yanı Zeminaltı Otoparkı,BAĞCILAR,41.0312,28.8696,1133,173,960,KAPALI OTOPARK,1,15,24 Saat
2026-07-18T13:12:49.698876+00:00,2026-07-18T16:12:49.698876+03:00,3071,Bağcılar Emniyet Müdürlüğü Yanı Açık Otoparkı,BAĞCILAR,41.0353,28.8598,100,52,48,AÇIK OTOPARK,1,0,24 Saat
2026-07-18T13:12:49.698876+00:00,2026-07-18T16:12:49.698876+03:00,2873,Bağcılar Göztepe Zemin Altı,BAĞCILAR,41.0567,28.8355,120,0,120,KAPALI OTOPARK,1,5,24 Saat
2026-07-18T13:12:49.698876+00:00,2026-07-18T16:12:49.698876+03:00,3187,Bağcılar Hürriyet Mahallesi Zemin Altı Otoparkı,BAĞCILAR,41.0291,28.8333,355,0,355,KAPALI OTOPARK,1,10,24 Saat
2026-07-18T13:12:49.698876+00:00,2026-07-18T16:12:49.698876+03:00,2916,Bağcılar Kent Meydanı PD Zemin Altı Otoparkı,BAĞCILAR,41.0339,28.8556,1162,0,1162,KAPALI OTOPARK,1,0,24 Saat
2026-07-18T13:12:49.698876+00:00,2026-07-18T16:12:49.698876+03:00,3261,Bağcılar Yenimahalle Zemin Altı Otoparkı,BAĞCILAR,41.0425,28.8395,525,296,229,KAPALI OTOPARK,1,15,24 Saat
2026-07-18T13:12:49.698876+00:00,2026-07-18T16:12:49.698876+03:00,2820,Bağcılar Yıldıztepe Katlı Otoparkı,BAĞCILAR,41.0294,28.8556,350,0,350,KAPALI OTOPARK,1,10,24 Saat
2026-07-18T13:12:49.698876+00:00,2026-07-18T16:12:49.698876+03:00,3447,Bahçelievler 23 Nisan Milli Egemenlik Zeminaltı Otoparkı,BAHÇELİEVLER,40.9988,28.8472,732,456,276,KAPALI OTOPARK,1,10,24 Saat
2026-07-18T13:12:49.698876+00:00,2026-07-18T16:12:49.698876+03:00,2993,Bahçelievler Cumhuriyet Zeminaltı Otoparkı,BAHÇELİEVLER,41.0149,28.859,663,0,663,KAPALI OTOPARK,1,10,24 Saat
2026-07-18T13:12:49.698876+00:00,2026-07-18T16:12:49.698876+03:00,2969,Bahçelievler Devlet Hastanesi Yanı Katlı Otoparkı,BAHÇELİEVLER,41.0072,28.8442,740,0,740,KAPALI OTOPARK,1,0,24 Saat
2026-07-18T13:12:49.698876+00:00,2026-07-18T16:12:49.698876+03:00,3051,Bahçelievler Zafer Mh. Zeminaltı Otoparkı,BAHÇELİEVLER,41.0036,28.8351,200,95,105,KAPALI OTOPARK,1,0,24 Saat
2026-07-18T13:12:49.698876+00:00,2026-07-18T16:12:49.698876+03:00,3118,Bahçeşehir Doğa Parkı Caddesi 3,BAŞAKŞEHİR,41.0683,28.6894,22,1,21,YOL ÜSTÜ,1,15,10:00-20:00
2026-07-18T13:12:49.698876+00:00,2026-07-18T16:12:49.698876+03:00,3236,Bahçeşehir Gölet Açık Otoparkı,BAŞAKŞEHİR,41.0719,28.6901,200,1,199,AÇIK OTOPARK,1,0,12:00-22:00
2026-07-18T13:12:49.698876+00:00,2026-07-18T16:12:49.698876+03:00,1465,Bakırköy İdo Açık Otoparkı,BAKIRKÖY,40.9739,28.8761,160,67,93,AÇIK OTOPARK,1,10,24 Saat
2026-07-18T13:12:49.698876+00:00,2026-07-18T16:12:49.698876+03:00,1104,Balmumcu Katlı Otoparkı,BEŞİKTAŞ,41.0636,29.0109,400,327,73,KAPALI OTOPARK,1,5,24 Saat
2026-07-18T13:12:49.698876+00:00,2026-07-18T16:12:49.698876+03:00,2796,Başakşehir Metro Açık Otoparkı,BAŞAKŞEHİR,41.107,28.801,125,1,124,AÇIK OTOPARK,0,0,07:00-16:00
2026-07-18T13:12:49.698876+00:00,2026-07-18T16:12:49.698876+03:00,2350,Bayrampaşa Adapark Katlı Otoparkı,BAYRAMPAŞA,41.0647,28.8875,650,0,650,KAPALI OTOPARK,1,15,24 Saat
2026-07-18T13:12:49.698876+00:00,2026-07-18T16:12:49.698876+03:00,2892,Bayrampaşa Altıntepsi Zemin  Altı Otoparkı,BAYRAMPAŞA,41.0393,28.9029,110,0,110,KAPALI OTOPARK,1,10,24 Saat
2026-07-18T13:12:49.698876+00:00,2026-07-18T16:12:49.698876+03:00,2909,Bayrampaşa Atatürk Parkı  Zemin Altı Otoparkı,BAYRAMPAŞA,41.0342,28.9123,442,25,417,KAPALI OTOPARK,1,10,24 Saat
2026-07-18T13:12:49.698876+00:00,2026-07-18T16:12:49.698876+03:00,2683,Bayrampaşa Devlet Hastanesi Cep Otoparkı,BAYRAMPAŞA,41.0414,28.9031,55,27,28,AÇIK OTOPARK,1,0,08:00-19:00
2026-07-18T13:12:49.698876+00:00,2026-07-18T16:12:49.698876+03:00,3301,Bayrampaşa Kocatepe Mahallesi Zemin Altı Otoparkı,BAYRAMPAŞA,41.0545,28.8964,241,0,241,KAPALI OTOPARK,1,10,24 Saat
2026-07-18T13:12:49.698876+00:00,2026-07-18T16:12:49.698876+03:00,2053,Bayrampaşa Muratpaşa Yer Altı Otoparkı,BAYRAMPAŞA,41.047,28.9082,300,34,266,KAPALI OTOPARK,1,15,24 Saat
2026-07-18T13:12:49.698876+00:00,2026-07-18T16:12:49.698876+03:00,3175,Bayrampaşa Spor Kompleksi Zemin Altı Otoparkı,BAYRAMPAŞA,41.0446,28.9106,205,0,205,KAPALI OTOPARK,1,15,24 Saat
2026-07-18T13:12:49.698876+00:00,2026-07-18T16:12:49.698876+03:00,3382,Bayrampaşa Şehit Kamil Balkan Zemin Altı Otoparkı,BAYRAMPAŞA,41.0604,28.9008,235,0,235,KAPALI OTOPARK,1,10,24 Saat
2026-07-18T13:12:49.698876+00:00,2026-07-18T16:12:49.698876+03:00,2428,Bayrampaşa Yenidoğan Mahallesi Zemin Altı Otoparkı,BAYRAMPAŞA,41.0395,28.9088,120,0,120,KAPALI OTOPARK,1,10,24 Saat
2026-07-18T13:12:49.698876+00:00,2026-07-18T16:12:49.698876+03:00,2468,Bebek Açık,BEŞİKTAŞ,41.077,29.0434,30,1,29,AÇIK OTOPARK,1,0,24 Saat
2026-07-18T13:12:49.698876+00:00,2026-07-18T16:12:49.698876+03:00,3479,Beşiktaş Halk Pazarı Açık Otoparkı,BEŞİKTAŞ,41.0496,29.0004,170,170,0,AÇIK OTOPARK,1,5,24 Saat
2026-07-18T13:12:49.698876+00:00,2026-07-18T16:12:49.698876+03:00,573,Beşiktaş Kadastro Önü 1,BEŞİKTAŞ,41.0503,29.0076,39,1,38,YOL ÜSTÜ,1,15,08:00-17:00
2026-07-18T13:12:49.698876+00:00,2026-07-18T16:12:49.698876+03:00,3257,Beykoz Sahil Cep Otoparkı,BEYKOZ,41.1286,29.0953,100,76,24,AÇIK OTOPARK,1,0,08:00-00:00
2026-07-18T13:12:49.698876+00:00,2026-07-18T16:12:49.698876+03:00,2273,Beykoz Sosyal Tesisleri,BEYKOZ,41.1143,29.0888,130,0,130,AÇIK OTOPARK,1,15,08:00-00:00
2026-07-18T13:12:49.698876+00:00,2026-07-18T16:12:49.698876+03:00,2999,Beyoğlu Gazhane Bostan Sokak 2,BEYOĞLU,41.0389,28.9903,35,1,34,YOL ÜSTÜ,1,0,07:30-16:30
2026-07-18T13:12:49.698876+00:00,2026-07-18T16:12:49.698876+03:00,3072,Beyoğlu Örnektepe Zemin Altı Otoparkı,BEYOĞLU,41.0543,28.9548,143,0,143,KAPALI OTOPARK,1,0,24 Saat
2026-07-18T13:12:49.698876+00:00,2026-07-18T16:12:49.698876+03:00,1455,Bostancı Açık,KADIKÖY,40.9523,29.0902,394,0,394,AÇIK OTOPARK,1,15,24 Saat
2026-07-18T13:12:49.698876+00:00,2026-07-18T16:12:49.698876+03:00,1456,Bostancı Sahil-Cep Açık Otoparkı,KADIKÖY,40.9545,29.0885,192,0,192,AÇIK OTOPARK,1,15,24 Saat
2026-07-18T13:12:49.698876+00:00,2026-07-18T16:12:49.698876+03:00,2150,Bostancı Vergi Dairesi Açık Otoparkı,ATAŞEHİR,40.9625,29.1083,155,0,155,AÇIK OTOPARK,1,5,08:00-20:00
2026-07-18T13:12:49.698876+00:00,2026-07-18T16:12:49.698876+03:00,2854,Bülent Ecevit Kültür Merkezi Açık Otoparkı,KARTAL,40.8852,29.1967,277,256,21,AÇIK OTOPARK,1,5,10:00-21:00
2026-07-18T13:12:49.698876+00:00,2026-07-18T16:12:49.698876+03:00,2866,Büyük İstanbul Otogarı,BAYRAMPAŞA,41.0402,28.8942,1000,0,1000,AÇIK OTOPARK,1,25,24 Saat
2026-07-18T13:12:49.698876+00:00,2026-07-18T16:12:49.698876+03:00,1192,Büyükçamlıca Korusu Sosyal Tesisleri Önü,ÜSKÜDAR,41.0264,29.0698,204,113,91,AÇIK OTOPARK,1,0,08:00-00:00
2026-07-18T13:12:49.698876+00:00,2026-07-18T16:12:49.698876+03:00,2960,Büyükçekmece Metrobüs Durağı Yanı PD Zemin Altı Otopark,BÜYÜKÇEKMECE,41.0221,28.624,448,209,239,KAPALI OTOPARK,1,0,24 Saat
2026-07-18T13:12:49.698876+00:00,2026-07-18T16:12:49.698876+03:00,1503,Cadde Bostan Açık Otoparkı,KADIKÖY,40.9636,29.0675,66,7,59,AÇIK OTOPARK,1,15,24 Saat
2026-07-18T13:12:49.698876+00:00,2026-07-18T16:12:49.698876+03:00,2933,Cemal Kamacı Spor Kompleksi Zemin Altı Otoparkı,KAĞITHANE,41.0536,28.9575,510,0,510,KAPALI OTOPARK,1,0,24 Saat
2026-07-18T13:12:49.698876+00:00,2026-07-18T16:12:49.698876+03:00,2207,Cengiz Topel Yer Altı Katlı Otoparkı,ESENLER,41.0588,28.8643,144,0,144,KAPALI OTOPARK,1,15,24 Saat
2026-07-18T13:12:49.698876+00:00,2026-07-18T16:12:49.698876+03:00,2787,Cevizli Açık Otoparkı,KARTAL,40.9179,29.1712,100,91,9,AÇIK OTOPARK,1,15,08:00-19:00
2026-07-18T13:12:49.698876+00:00,2026-07-18T16:12:49.698876+03:00,782,Cihangir Caddesi 2,BEYOĞLU,41.0319,28.9862,70,1,69,YOL ÜSTÜ,1,15,09:00-19:00
2026-07-18T13:12:49.698876+00:00,2026-07-18T16:12:49.698876+03:00,1467,Cihangir Katlı Otoparkı,BEYOĞLU,41.0318,28.9858,350,0,350,KAPALI OTOPARK,1,0,24 Saat
2026-07-18T13:12:49.698876+00:00,2026-07-18T16:12:49.698876+03:00,535,Cihannuma Yol Üstü 1,BEŞİKTAŞ,41.0454,29.0084,35,1,34,YOL ÜSTÜ,1,0,08:00-23:00
2026-07-18T13:12:49.698876+00:00,2026-07-18T16:12:49.698876+03:00,537,Cihannuma Yol Üstü 3,BEŞİKTAŞ,41.0459,29.0087,33,1,32,YOL ÜSTÜ,1,0,08:00-23:00
2026-07-18T13:12:49.698876+00:00,2026-07-18T16:12:49.698876+03:00,539,Cihannuma Yol Üstü 5,BEŞİKTAŞ,41.0489,29.0094,24,1,23,YOL ÜSTÜ,1,0,08:00-23:00
2026-07-18T13:12:49.698876+00:00,2026-07-18T16:12:49.698876+03:00,3184,Çam Sokak 6,GÜNGÖREN,41.0121,28.8882,50,1,49,YOL ÜSTÜ,1,15,08:00-17:00
2026-07-18T13:12:49.698876+00:00,2026-07-18T16:12:49.698876+03:00,3030,Çekmeköy Metro PD Zemin Altı Otoparkı,ÇEKMEKÖY,41.0147,29.1886,175,63,112,KAPALI OTOPARK,1,15,24 Saat
2026-07-18T13:12:49.698876+00:00,2026-07-18T16:12:49.698876+03:00,2905,Çeliktepe Açık Otoparkı,KAĞITHANE,41.0843,29.0056,200,77,123,AÇIK OTOPARK,1,5,24 Saat
2026-07-18T13:12:49.698876+00:00,2026-07-18T16:12:49.698876+03:00,1298,Çengelköy Açık Otoparkı,ÜSKÜDAR,41.0484,29.0533,500,0,500,AÇIK OTOPARK,1,15,24 Saat
2026-07-18T13:12:49.698876+00:00,2026-07-18T16:12:49.698876+03:00,502,Çınar Açık Otoparkı,BEŞİKTAŞ,41.0853,29.0088,65,1,64,AÇIK OTOPARK,1,0,08:00-18:00
2026-07-18T13:12:49.698876+00:00,2026-07-18T16:12:49.698876+03:00,777,Çırağan Sarayı Yol Üstü 1,BEŞİKTAŞ,41.0448,29.0165,40,1,39,YOL ÜSTÜ,1,15,08:00-23:00
2026-07-18T13:12:49.698876+00:00,2026-07-18T16:12:49.698876+03:00,778,Çırağan Sarayı Yol Üstü 2,BEŞİKTAŞ,41.0445,29.0156,40,1,39,YOL ÜSTÜ,1,15,08:00-23:00
2026-07-18T13:12:49.698876+00:00,2026-07-18T16:12:49.698876+03:00,2228,Çırpıcı Sosyal Tesisler,ZEYTİNBURNU,41,28.8926,128,0,128,AÇIK OTOPARK,1,15,07:00-00:00
2026-07-18T13:12:49.698876+00:00,2026-07-18T16:12:49.698876+03:00,1508,Çiroz Yeşilköy Halk Pazarı,BAKIRKÖY,40.9628,28.8129,471,1,470,AÇIK OTOPARK,1,0,08:00-18:00
2026-07-18T13:12:49.698876+00:00,2026-07-18T16:12:49.698876+03:00,2030,Dalyan Açık Otoparkı,KADIKÖY,40.9632,29.0651,92,0,92,AÇIK OTOPARK,1,15,24 Saat
2026-07-18T13:12:49.698876+00:00,2026-07-18T16:12:49.698876+03:00,2271,Damla Sokak 1,ŞİŞLİ,41.0672,29.0004,17,1,16,YOL ÜSTÜ,1,15,07:30-16:30
2026-07-18T13:12:49.698876+00:00,2026-07-18T16:12:49.698876+03:00,2164,Darüşşafaka Yeraltı Otoparkı,SARIYER,41.1292,29.0252,150,112,38,KAPALI OTOPARK,1,15,08:00-00:00
2026-07-18T13:12:49.698876+00:00,2026-07-18T16:12:49.698876+03:00,1653,Deniz Feneri Otoparkı,FATİH,41.0019,28.9773,175,36,139,AÇIK OTOPARK,1,5,24 Saat
2026-07-18T13:12:49.698876+00:00,2026-07-18T16:12:49.698876+03:00,595,Dostluk Yurdu 1,FATİH,41.0071,28.973,33,1,32,YOL ÜSTÜ,1,15,07:00-17:00
2026-07-18T13:12:49.698876+00:00,2026-07-18T16:12:49.698876+03:00,2237,Dragos Sosyal Tesisleri,KARTAL,40.9017,29.1458,100,12,88,AÇIK OTOPARK,1,15,24 Saat
2026-07-18T13:12:49.698876+00:00,2026-07-18T16:12:49.698876+03:00,3063,Dudullu Metro PD Zemin Altı Otoparkı,ÜMRANİYE,41.0156,29.1633,81,55,26,KAPALI OTOPARK,1,15,07:00-23:30
2026-07-18T13:12:49.698876+00:00,2026-07-18T16:12:49.698876+03:00,1522,Ebu Suut Caddesi 1,FATİH,41.0128,28.9766,35,1,34,YOL ÜSTÜ,1,0,08:00-18:00
2026-07-18T13:12:49.698876+00:00,2026-07-18T16:12:49.698876+03:00,2147,EGS Blokları Açık Otoparkı,BAKIRKÖY,40.9863,28.8354,350,120,230,AÇIK OTOPARK,1,60,09:00-19:30
2026-07-18T13:12:49.698876+00:00,2026-07-18T16:12:49.698876+03:00,2366,Esenler Adem Baştürk Kültür Merkezi Katlı,ESENLER,41.039,28.8846,460,10,450,KAPALI OTOPARK,1,15,24 Saat
2026-07-18T13:12:49.698876+00:00,2026-07-18T16:12:49.698876+03:00,3190,Esenler Havaalanı Mahallesi Zemin Altı Otoparkı,ESENLER,41.0562,28.8674,610,408,202,KAPALI OTOPARK,1,10,24 Saat
2026-07-18T13:12:49.698876+00:00,2026-07-18T16:12:49.698876+03:00,3011,Esenler Menderes Metro İstasyonu Yanı,ESENLER,41.0427,28.8783,68,0,68,AÇIK OTOPARK,1,5,24 Saat
2026-07-18T13:12:49.698876+00:00,2026-07-18T16:12:49.698876+03:00,2822,Esenler Menderes Parkı Zemin Altı Otoparkı,ESENLER,41.0412,28.8729,325,108,217,KAPALI OTOPARK,1,10,24 Saat
2026-07-18T13:12:49.698876+00:00,2026-07-18T16:12:49.698876+03:00,3303,Esenyurt Adile Naşit Bulvarı Zeminaltı Otoparkı,ESENYURT,41.0205,28.6859,367,300,67,KAPALI OTOPARK,1,15,24 Saat
2026-07-18T13:12:49.698876+00:00,2026-07-18T16:12:49.698876+03:00,1328,Eski Salı Pazarı,KADIKÖY,40.9904,29.0338,760,0,760,AÇIK OTOPARK,1,15,24 Saat
2026-07-18T13:12:49.698876+00:00,2026-07-18T16:12:49.698876+03:00,904,Eyüp Pierloti Caddesi 1,EYÜP,41.0539,28.9329,40,1,39,YOL ÜSTÜ,1,0,09:00-22:00
2026-07-18T13:12:49.698876+00:00,2026-07-18T16:12:49.698876+03:00,2850,Eyüpsultan Akşemsettin Mahallesi Zemin Altı Otoparkı,EYÜP,41.085,28.9258,110,0,110,KAPALI OTOPARK,1,15,24 Saat
2026-07-18T13:12:49.698876+00:00,2026-07-18T16:12:49.698876+03:00,2215,Fatih Çeşmesi Tabiat Parkı Otoparkı,SARIYER,41.1686,28.9448,250,1,249,AÇIK OTOPARK,1,0,06:00-20:00
2026-07-18T13:12:49.698876+00:00,2026-07-18T16:12:49.698876+03:00,1475,Fatih Katlı Otoparkı,FATİH,41.0198,28.9396,118,29,89,KAPALI OTOPARK,1,10,24 Saat
2026-07-18T13:12:49.698876+00:00,2026-07-18T16:12:49.698876+03:00,1591,Feshane PD Açık Otoparkı,EYÜP,41.0463,28.9378,200,39,161,AÇIK OTOPARK,1,15,24 Saat
2026-07-18T13:12:49.698876+00:00,2026-07-18T16:12:49.698876+03:00,1005,Florya Havuzlu Bahçe,BAKIRKÖY,40.9764,28.7908,135,1,134,AÇIK OTOPARK,1,0,09:00-23:00
2026-07-18T13:12:49.698876+00:00,2026-07-18T16:12:49.698876+03:00,2238,Florya Sosyal Tesisleri,BAKIRKÖY,40.9614,28.8091,1074,669,405,AÇIK OTOPARK,1,15,24 Saat
2026-07-18T13:12:49.698876+00:00,2026-07-18T16:12:49.698876+03:00,3296,Gaziosmanpaşa Meydanı ve Yaşam Merkezi Zemin Altı Otoparkı,GAZİOSMANPAŞA,41.0606,28.9093,202,0,202,KAPALI OTOPARK,1,15,24 Saat
2026-07-18T13:12:49.698876+00:00,2026-07-18T16:12:49.698876+03:00,2971,Gaziosmanpaşa Zemin Altı Otoparkı,GAZİOSMANPAŞA,41.0796,28.8858,285,0,285,KAPALI OTOPARK,1,0,24 Saat
2026-07-18T13:12:49.698876+00:00,2026-07-18T16:12:49.698876+03:00,3401,Giyimkent Tekstilkent Metro Zemin Altı PD Otoparkı,ESENLER,41.0711,28.8666,203,194,9,KAPALI OTOPARK,1,10,24 Saat
2026-07-18T13:12:49.698876+00:00,2026-07-18T16:12:49.698876+03:00,2242,Gözdağı Sosyal Tesisler  Açık Otoparkı,PENDİK,40.893,29.2538,300,218,82,AÇIK OTOPARK,1,0,07:00-23:00
2026-07-18T13:12:49.698876+00:00,2026-07-18T16:12:49.698876+03:00,1879,Gülsuyu Metro PD Yer Altı Otoparkı,MALTEPE,40.9237,29.1548,76,0,76,KAPALI OTOPARK,1,15,08:00-00:00
2026-07-18T13:12:49.698876+00:00,2026-07-18T16:12:49.698876+03:00,1423,Güneş Plajı 1,BAKIRKÖY,40.9712,28.79,250,45,205,AÇIK OTOPARK,1,10,24 Saat
2026-07-18T13:12:49.698876+00:00,2026-07-18T16:12:49.698876+03:00,1461,Güneş Plajı 2,BAKIRKÖY,40.9692,28.7951,135,57,78,AÇIK OTOPARK,1,10,08:00-20:00
2026-07-18T13:12:49.698876+00:00,2026-07-18T16:12:49.698876+03:00,3053,Güngören Nikah Dairesi Zemin Altı otoparkı,GÜNGÖREN,41.0363,28.8718,147,0,147,KAPALI OTOPARK,1,10,24 Saat
2026-07-18T13:12:49.698876+00:00,2026-07-18T16:12:49.698876+03:00,2216,Gürpınar Balık Hali Otoparkı,BEYLİKDÜZÜ,40.9663,28.6019,1000,853,147,AÇIK OTOPARK,1,15,24 Saat
2026-07-18T13:12:49.698876+00:00,2026-07-18T16:12:49.698876+03:00,1525,Hacıosman Metro Yer Altı Otoparkı,SARIYER,41.14,29.0306,422,0,422,KAPALI OTOPARK,1,15,24 Saat
2026-07-18T13:12:49.698876+00:00,2026-07-18T16:12:49.698876+03:00,1470,Haldun Alagaş Katlı Otoparkı,ÜMRANİYE,41.0262,29.1052,197,147,50,KAPALI OTOPARK,1,15,24 Saat
2026-07-18T13:12:49.698876+00:00,2026-07-18T16:12:49.698876+03:00,3235,Haliç Sosyal Tesisleri Otoparkı,FATİH,41.0277,28.9572,60,19,41,AÇIK OTOPARK,1,15,07:00-00:00
2026-07-18T13:12:49.698876+00:00,2026-07-18T16:12:49.698876+03:00,2848,Halkalı Mahallesi Zemin Altı Otoparkı,KÜÇÜKÇEKMECE,41.0359,28.7848,347,289,58,KAPALI OTOPARK,1,15,24 Saat
2026-07-18T13:12:49.698876+00:00,2026-07-18T16:12:49.698876+03:00,2838,Hamidiye Mahallesi Katlı Otoparkı,KAĞITHANE,41.0949,28.971,450,246,204,KAPALI OTOPARK,1,15,24 Saat
2026-07-18T13:12:49.698876+00:00,2026-07-18T16:12:49.698876+03:00,1446,Harbiye Zemin Altı Otoparkı,BEYOĞLU,41.0408,28.9869,142,61,81,KAPALI OTOPARK,1,0,24 Saat
2026-07-18T13:12:49.698876+00:00,2026-07-18T16:12:49.698876+03:00,2332,Haydarpaşa Katlı Otoparkı,ÜSKÜDAR,41.0048,29.0251,840,701,139,KAPALI OTOPARK,1,15,24 Saat
2026-07-18T13:12:49.698876+00:00,2026-07-18T16:12:49.698876+03:00,1987,Haznedar Yer Altı Otoparkı,GÜNGÖREN,41.0083,28.8729,540,0,540,KAPALI OTOPARK,1,0,24 Saat
2026-07-18T13:12:49.698876+00:00,2026-07-18T16:12:49.698876+03:00,377,Hızır Külhani Sokak,FATİH,41.0202,28.9605,32,1,31,YOL ÜSTÜ,1,15,09:00-17:00
2026-07-18T13:12:49.698876+00:00,2026-07-18T16:12:49.698876+03:00,3173,Hürriyet Mahallesi Zeminaltı Otoparkı,GAZİOSMANPAŞA,41.0708,28.8951,190,0,190,KAPALI OTOPARK,1,15,24 Saat
2026-07-18T13:12:49.698876+00:00,2026-07-18T16:12:49.698876+03:00,157,Ihlamur Dere Caddesi 4,BEŞİKTAŞ,41.047,29.0023,27,1,26,YOL ÜSTÜ,1,15,09:00-17:00
2026-07-18T13:12:49.698876+00:00,2026-07-18T16:12:49.698876+03:00,1189,İçerenköy Sebze Meyve Hali Otoparkı,ATAŞEHİR,40.9766,29.1044,600,600,0,AÇIK OTOPARK,1,15,24 Saat
2026-07-18T13:12:49.698876+00:00,2026-07-18T16:12:49.698876+03:00,1127,İshakpaşa Caddesi,FATİH,41.0079,28.9814,200,1,199,YOL ÜSTÜ,1,0,08:00-18:00
2026-07-18T13:12:49.698876+00:00,2026-07-18T16:12:49.698876+03:00,3265,İspark İstanbul West Marina Açık Otoparkı 1,BEYLİKDÜZÜ,40.9636,28.6564,250,1,249,AÇIK OTOPARK,1,15,24 Saat
2026-07-18T13:12:49.698876+00:00,2026-07-18T16:12:49.698876+03:00,2793,İspark Merter Katlı Otoparkı,GÜNGÖREN,41.0097,28.89,900,466,434,KAPALI OTOPARK,1,10,24 Saat
2026-07-18T13:12:49.698876+00:00,2026-07-18T16:12:49.698876+03:00,2430,İspark West İstanbul Marina Açık Otoparkı,BEYLİKDÜZÜ,40.9639,28.6591,1600,1087,513,AÇIK OTOPARK,1,15,24 Saat
2026-07-18T13:12:49.698876+00:00,2026-07-18T16:12:49.698876+03:00,381,İstinye 4 ( Cami Önü ),SARIYER,41.1149,29.0571,25,1,24,YOL ÜSTÜ,1,15,08:30-17:30
2026-07-18T13:12:49.698876+00:00,2026-07-18T16:12:49.698876+03:00,1804,İtalyan Hastanesi Karşısı Açık Otoparkı 1,BEYOĞLU,41.028,28.9815,30,1,29,AÇIK OTOPARK,1,0,08:00-19:00
2026-07-18T13:12:49.698876+00:00,2026-07-18T16:12:49.698876+03:00,507,Kabasakal Medrese Önü,FATİH,41.0062,28.9789,65,1,64,AÇIK OTOPARK,1,0,08:00-18:30
2026-07-18T13:12:49.698876+00:00,2026-07-18T16:12:49.698876+03:00,3306,Kabataş Transfer Merkezi Turizm Otobüs Otoparkı,BEYOĞLU,41.0336,28.9923,160,0,160,KAPALI OTOPARK,1,20,24 Saat
2026-07-18T13:12:49.698876+00:00,2026-07-18T16:12:49.698876+03:00,2918,Kadıköy Hasanpaşa Gazhane Katlı Otoparkı,KADIKÖY,40.9972,29.0428,310,173,137,KAPALI OTOPARK,1,15,24 Saat
2026-07-18T13:12:49.698876+00:00,2026-07-18T16:12:49.698876+03:00,1447,Kadıköy İski Açık Otoparkı,KADIKÖY,40.9874,29.0207,124,0,124,AÇIK OTOPARK,1,15,24 Saat
2026-07-18T13:12:49.698876+00:00,2026-07-18T16:12:49.698876+03:00,1655,Kadıköy Metro Açık Otoparkı,KADIKÖY,40.9899,29.0217,74,0,74,AÇIK OTOPARK,1,15,24 Saat
2026-07-18T13:12:49.698876+00:00,2026-07-18T16:12:49.698876+03:00,3445,Kadıköy Uzunçayır PD Açık Otoparkı,KADIKÖY,40.9982,29.0569,70,49,21,AÇIK OTOPARK,1,15,06:30-16:30
2026-07-18T13:12:49.698876+00:00,2026-07-18T16:12:49.698876+03:00,2808,Kadıköy Yeni Salı Pazarı PD Katlı Otoparkı,KADIKÖY,40.9969,29.0486,1350,499,851,KAPALI OTOPARK,1,15,24 Saat
2026-07-18T13:12:49.698876+00:00,2026-07-18T16:12:49.698876+03:00,2811,Kağıthane Harmantepe Zemin Altı Otoparkı,KAĞITHANE,41.0816,28.9907,200,0,200,KAPALI OTOPARK,1,0,24 Saat
2026-07-18T13:12:49.698876+00:00,2026-07-18T16:12:49.698876+03:00,1452,Kalamış Açık Otoparkı,KADIKÖY,40.9687,29.0363,173,58,115,AÇIK OTOPARK,1,15,24 Saat
2026-07-18T13:12:49.698876+00:00,2026-07-18T16:12:49.698876+03:00,1474,Kartal Hasan Doğan Spor Kompleksi,KARTAL,40.8918,29.1897,773,0,773,KAPALI OTOPARK,1,15,24 Saat
2026-07-18T13:12:49.698876+00:00,2026-07-18T16:12:49.698876+03:00,1105,Kartal İdo Açık Otoparkı,KARTAL,40.8874,29.1881,90,0,90,AÇIK OTOPARK,1,15,24 Saat
2026-07-18T13:12:49.698876+00:00,2026-07-18T16:12:49.698876+03:00,1550,Kartal Sahil Açık Otoparkı,KARTAL,40.8875,29.1901,75,0,75,AÇIK OTOPARK,1,5,24 Saat
2026-07-18T13:12:49.698876+00:00,2026-07-18T16:12:49.698876+03:00,3434,Kasımpaşa Sosyal Tesisler Otoparkı,BEYOĞLU,41.0296,28.9673,60,36,24,AÇIK OTOPARK,1,0,07:30-23:00
2026-07-18T13:12:49.698876+00:00,2026-07-18T16:12:49.698876+03:00,2827,Kayaşehir Meydan Zemin Altı Otoparkı,BAŞAKŞEHİR,41.1196,28.7718,1054,1,1053,KAPALI OTOPARK,1,0,10:00-17:00
2026-07-18T13:12:49.698876+00:00,2026-07-18T16:12:49.698876+03:00,1960,Kazlıçeşme Marmaray Açık Otoparkı,ZEYTİNBURNU,40.9922,28.917,700,499,201,AÇIK OTOPARK,1,15,24 Saat
2026-07-18T13:12:49.698876+00:00,2026-07-18T16:12:49.698876+03:00,2994,Kirazlı Metro Durağı PD Açık Otoparkı,BAĞCILAR,41.033,28.8429,112,0,112,AÇIK OTOPARK,1,5,24 Saat
2026-07-18T13:12:49.698876+00:00,2026-07-18T16:12:49.698876+03:00,1528,Kore Şehitleri Caddesi - Yüzbaşı Kaya Aldağon Sokak 1,ŞİŞLİ,41.0719,29.0139,40,1,39,YOL ÜSTÜ,0,15,07:00-16:00
2026-07-18T13:12:49.698876+00:00,2026-07-18T16:12:49.698876+03:00,2449,Kozyatağı Sebze-Meyve Hali,ATAŞEHİR,40.9787,29.1029,1500,1500,0,AÇIK OTOPARK,1,0,24 Saat
2026-07-18T13:12:49.698876+00:00,2026-07-18T16:12:49.698876+03:00,1206,Kutlugün Sokak 2,FATİH,41.0061,28.9801,200,1,199,YOL ÜSTÜ,1,0,08:00-18:00
2026-07-18T13:12:49.698876+00:00,2026-07-18T16:12:49.698876+03:00,3074,Küçük Çamlıca,ÜSKÜDAR,41.0204,29.0653,129,105,24,AÇIK OTOPARK,1,0,08:00-22:00
2026-07-18T13:12:49.698876+00:00,2026-07-18T16:12:49.698876+03:00,3127,Küçükçekmece Cennet Mahallesi Meydan Zemin Altı Otoparkı,KÜÇÜKÇEKMECE,40.9907,28.783,456,0,456,KAPALI OTOPARK,1,10,24 Saat
2026-07-18T13:12:49.698876+00:00,2026-07-18T16:12:49.698876+03:00,2554,Küçükçekmece Fevzi Çakmak Meydanı Zemin Altı Otoparkı,KÜÇÜKÇEKMECE,41.0076,28.7927,1000,529,471,KAPALI OTOPARK,1,10,24 Saat
2026-07-18T13:12:49.698876+00:00,2026-07-18T16:12:49.698876+03:00,2882,Küçüksu Kasrı Açık Otoparkı,BEYKOZ,41.0789,29.0657,98,91,7,AÇIK OTOPARK,1,0,07:00-23:00
2026-07-18T13:12:49.698876+00:00,2026-07-18T16:12:49.698876+03:00,220,Levent Hamidiye,BEŞİKTAŞ,41.0861,29.0076,100,1,99,AÇIK OTOPARK,1,0,08:00-19:00
2026-07-18T13:12:49.698876+00:00,2026-07-18T16:12:49.698876+03:00,2335,Maçka Açık Otoparkı,ŞİŞLİ,41.046,28.9908,75,75,0,AÇIK OTOPARK,1,0,24 Saat
2026-07-18T13:12:49.698876+00:00,2026-07-18T16:12:49.698876+03:00,1859,Maçka Katlı Otoparkı,ŞİŞLİ,41.0484,28.9903,508,0,508,KAPALI OTOPARK,1,0,24 Saat
2026-07-18T13:12:49.698876+00:00,2026-07-18T16:12:49.698876+03:00,3193,Maltepe Rıhtım Caddesi Açık Otoparkı,MALTEPE,40.9258,29.1241,76,42,34,AÇIK OTOPARK,1,0,24 Saat
2026-07-18T13:12:49.698876+00:00,2026-07-18T16:12:49.698876+03:00,2146,Maltepe Süreyyapaşa Çarşısı Açık Otoparkı,MALTEPE,40.9274,29.1225,156,97,59,AÇIK OTOPARK,1,0,24 Saat
2026-07-18T13:12:49.698876+00:00,2026-07-18T16:12:49.698876+03:00,1599,Maslak Açık Otoparkı,SARIYER,41.1166,29.024,150,127,23,AÇIK OTOPARK,1,10,24 Saat
2026-07-18T13:12:49.698876+00:00,2026-07-18T16:12:49.698876+03:00,2100,Matbaacılar Sitesi Yanı,ZEYTİNBURNU,41.0234,28.9187,250,204,46,AÇIK OTOPARK,1,5,24 Saat
2026-07-18T13:12:49.698876+00:00,2026-07-18T16:12:49.698876+03:00,920,Meclis-i Mebusan Yokuşu 2,BEYOĞLU,41.0326,28.9882,34,1,33,YOL ÜSTÜ,1,15,09:00-17:00
2026-07-18T13:12:49.698876+00:00,2026-07-18T16:12:49.698876+03:00,1546,Menekşe Plajı Açık Otoparkı,BAKIRKÖY,40.9761,28.7766,200,200,0,AÇIK OTOPARK,1,0,24 Saat
2026-07-18T13:12:49.698876+00:00,2026-07-18T16:12:49.698876+03:00,1376,Mercan Açık,FATİH,41.0136,28.9669,130,33,97,AÇIK OTOPARK,1,0,08:00-23:00
2026-07-18T13:12:49.698876+00:00,2026-07-18T16:12:49.698876+03:00,3309,Mercan Ali Paşa Sarayı Zemin Altı Otoparkı,FATİH,41.0136,28.967,196,1,195,KAPALI OTOPARK,1,0,07:00-21:00
2026-07-18T13:12:49.698876+00:00,2026-07-18T16:12:49.698876+03:00,1472,Merter Katlı Otoparkı,GÜNGÖREN,41.0092,28.8874,1000,920,80,KAPALI OTOPARK,1,10,24 Saat
2026-07-18T13:12:49.698876+00:00,2026-07-18T16:12:49.698876+03:00,2375,Merter Metro PD Zeminaltı Otoparkı,GÜNGÖREN,41.0037,28.8897,242,113,129,KAPALI OTOPARK,1,10,24 Saat
2026-07-18T13:12:49.698876+00:00,2026-07-18T16:12:49.698876+03:00,1568,Mete Caddesi 1,BEYOĞLU,41.0382,28.9879,31,1,30,YOL ÜSTÜ,1,15,08:00-23:00
2026-07-18T13:12:49.698876+00:00,2026-07-18T16:12:49.698876+03:00,1471,Mevlana Yeraltı Katlı Otoparkı,ZEYTİNBURNU,41.0072,28.9049,1000,880,120,KAPALI OTOPARK,1,5,24 Saat
2026-07-18T13:12:49.698876+00:00,2026-07-18T16:12:49.698876+03:00,2709,Millet Caddesi Açık Otoparkı,FATİH,41.01,28.9461,60,29,31,AÇIK OTOPARK,1,15,24 Saat
2026-07-18T13:12:49.698876+00:00,2026-07-18T16:12:49.698876+03:00,3152,Mimar Sinan Zemin Altı Otoparkı,ÜSKÜDAR,41.0222,29.0169,956,0,956,KAPALI OTOPARK,1,15,24 Saat
2026-07-18T13:12:49.698876+00:00,2026-07-18T16:12:49.698876+03:00,2870,Miniatürk Çadır Açık Otoparkı,BEYOĞLU,41.0594,28.9501,250,157,93,AÇIK OTOPARK,1,15,07:00-20:00
2026-07-18T13:12:49.698876+00:00,2026-07-18T16:12:49.698876+03:00,2556,Muallim Naci Açık Otoparkı,BEŞİKTAŞ,41.0561,29.0342,35,12,23,AÇIK OTOPARK,1,15,24 Saat
2026-07-18T13:12:49.698876+00:00,2026-07-18T16:12:49.698876+03:00,569,Oda Kule Önü 1,BEYOĞLU,41.0322,28.9751,24,1,23,YOL ÜSTÜ,1,0,07:00-01:00
2026-07-18T13:12:49.698876+00:00,2026-07-18T16:12:49.698876+03:00,1988,Orhangazi Şehir Parkı PD Açık Otoparkı,MALTEPE,40.9313,29.1161,5022,3868,1154,AÇIK OTOPARK,1,15,24 Saat
2026-07-18T13:12:49.698876+00:00,2026-07-18T16:12:49.698876+03:00,152,Ortabahçe Caddesi 2,BEŞİKTAŞ,41.0428,29.0043,35,1,34,YOL ÜSTÜ,1,15,08:00-23:00
2026-07-18T13:12:49.698876+00:00,2026-07-18T16:12:49.698876+03:00,153,Ortabahçe Caddesi 3,BEŞİKTAŞ,41.043,29.0042,26,1,25,YOL ÜSTÜ,1,15,08:00-23:00
2026-07-18T13:12:49.698876+00:00,2026-07-18T16:12:49.698876+03:00,119,Ortaklar Caddesi 1,ŞİŞLİ,41.0638,28.9971,25,1,24,YOL ÜSTÜ,1,15,08:30-17:00
2026-07-18T13:12:49.698876+00:00,2026-07-18T16:12:49.698876+03:00,1343,Ortaköy Açık Otoparkı,BEŞİKTAŞ,41.0504,29.0326,170,123,47,AÇIK OTOPARK,1,0,24 Saat
2026-07-18T13:12:49.698876+00:00,2026-07-18T16:12:49.698876+03:00,572,Ortaköy Portakal Yokuşu 1,BEŞİKTAŞ,41.0503,29.0261,15,1,14,YOL ÜSTÜ,1,15,09:00-19:00
2026-07-18T13:12:49.698876+00:00,2026-07-18T16:12:49.698876+03:00,1039,Öğretmen Evi,AVCILAR,40.9723,28.714,80,42,38,AÇIK OTOPARK,1,0,11:00-23:00
2026-07-18T13:12:49.698876+00:00,2026-07-18T16:12:49.698876+03:00,1466,Pendik Katlı Otoparkı,PENDİK,40.8789,29.2342,120,0,120,KAPALI OTOPARK,1,15,24 Saat
2026-07-18T13:12:49.698876+00:00,2026-07-18T16:12:49.698876+03:00,3073,Pendik Kemal Kalkuz Parkı Zemin Altı Otoparkı,PENDİK,40.8885,29.2427,224,0,224,KAPALI OTOPARK,1,0,09:00-18:00
2026-07-18T13:12:49.698876+00:00,2026-07-18T16:12:49.698876+03:00,3019,Pendik Meydan Zemin Altı Otoparkı,PENDİK,40.8752,29.2324,937,0,937,KAPALI OTOPARK,1,0,24 Saat
2026-07-18T13:12:49.698876+00:00,2026-07-18T16:12:49.698876+03:00,2865,Pendik Sahil Engelliler Merkez Önü,PENDİK,40.8735,29.233,100,66,34,AÇIK OTOPARK,1,0,11:00-20:00
2026-07-18T13:12:49.698876+00:00,2026-07-18T16:12:49.698876+03:00,2434,Pendik Sahil İdo,PENDİK,40.8755,29.2369,100,0,100,AÇIK OTOPARK,1,0,07:00-23:00
2026-07-18T13:12:49.698876+00:00,2026-07-18T16:12:49.698876+03:00,248,Pendik Yenimahalle Açık 2 Otoparkı,PENDİK,40.864,29.2723,124,97,27,AÇIK OTOPARK,1,15,10:00-22:00
2026-07-18T13:12:49.698876+00:00,2026-07-18T16:12:49.698876+03:00,297,Perşembe Pazarı 1,BEYOĞLU,41.0252,28.9693,32,1,31,YOL ÜSTÜ,1,15,08:00-17:00
2026-07-18T13:12:49.698876+00:00,2026-07-18T16:12:49.698876+03:00,597,Pierre Loti Caddesi 3,FATİH,41.0069,28.9711,36,1,35,YOL ÜSTÜ,1,0,07:00-17:00
2026-07-18T13:12:49.698876+00:00,2026-07-18T16:12:49.698876+03:00,3263,Piyalepaşa Meydanı Zemin Altı Otoparkı,BEYOĞLU,41.0445,28.9674,560,280,280,KAPALI OTOPARK,1,0,24 Saat
2026-07-18T13:12:49.698876+00:00,2026-07-18T16:12:49.698876+03:00,423,Prof.Cemil Birsel Yokuşu 3,FATİH,41.0178,28.967,40,1,39,YOL ÜSTÜ,1,0,07:00-18:00
2026-07-18T13:12:49.698876+00:00,2026-07-18T16:12:49.698876+03:00,1900,Ragıp Gümüşpala Cad.(Sobacılar Önü),FATİH,41.0181,28.969,40,1,39,YOL ÜSTÜ,1,15,07:00-18:00
2026-07-18T13:12:49.698876+00:00,2026-07-18T16:12:49.698876+03:00,415,Ragıp Gümüşpala Camii Önü 1,FATİH,41.0211,28.9627,35,1,34,YOL ÜSTÜ,1,0,07:00-17:30
2026-07-18T13:12:49.698876+00:00,2026-07-18T16:12:49.698876+03:00,3268,Refik Saydam Caddesi 3,BEYOĞLU,41.032,28.9736,55,1,54,YOL ÜSTÜ,1,0,06:00-23:00
2026-07-18T13:12:49.698876+00:00,2026-07-18T16:12:49.698876+03:00,2307,Ressam Halim Sokak PD Açık Otoparkı,BAHÇELİEVLER,40.9967,28.8641,120,84,36,AÇIK OTOPARK,1,15,08:00-00:00
2026-07-18T13:12:49.698876+00:00,2026-07-18T16:12:49.698876+03:00,3082,Rumeli Hisarı Sahil Yolu Otoparkı,SARIYER,41.0854,29.0568,20,1,19,AÇIK OTOPARK,1,0,24 Saat
2026-07-18T13:12:49.698876+00:00,2026-07-18T16:12:49.698876+03:00,1595,Sabiha Gökçen Açık Otoparkı,PENDİK,40.925,29.308,1056,0,1056,AÇIK OTOPARK,1,15,24 Saat
2026-07-18T13:12:49.698876+00:00,2026-07-18T16:12:49.698876+03:00,3239,Samatya Sahil Cep Otoparkı,FATİH,40.9954,28.932,113,95,18,AÇIK OTOPARK,1,15,24 Saat
2026-07-18T13:12:49.698876+00:00,2026-07-18T16:12:49.698876+03:00,3273,Sarıyer Büyükdere Fidanlığı,SARIYER,41.1548,29.0268,160,157,3,AÇIK OTOPARK,1,0,08:00-18:00
2026-07-18T13:12:49.698876+00:00,2026-07-18T16:12:49.698876+03:00,3299,Sariyer Ayazağa Mah Vadi İstanbul Önü Açık Otoparkı,SARIYER,41.1106,28.9881,100,97,3,AÇIK OTOPARK,1,0,08:00-20:00
2026-07-18T13:12:49.698876+00:00,2026-07-18T16:12:49.698876+03:00,1303,Seyrantepe Katlı (Arena Karşısı) 1,KAĞITHANE,41.101,28.9961,1897,1,1896,KAPALI OTOPARK,1,0,24 Saat
2026-07-18T13:12:49.698876+00:00,2026-07-18T16:12:49.698876+03:00,1628,Sıracevizler Caddesi Yol Üstü 5,ŞİŞLİ,41.0607,28.9841,45,1,44,YOL ÜSTÜ,1,15,09:00-17:00
2026-07-18T13:12:49.698876+00:00,2026-07-18T16:12:49.698876+03:00,464,Sirkeci Gar Önü,FATİH,41.015,28.9761,60,1,59,AÇIK OTOPARK,1,5,07:00-20:00
2026-07-18T13:12:49.698876+00:00,2026-07-18T16:12:49.698876+03:00,1486,Siyavuşpaşa Yer Altı Otoparkı,BAHÇELİEVLER,40.9965,28.8532,155,0,155,KAPALI OTOPARK,1,0,24 Saat
2026-07-18T13:12:49.698876+00:00,2026-07-18T16:12:49.698876+03:00,1958,Soğanlık Metro PD Açık Otoparkı,KARTAL,40.9131,29.1925,898,831,67,AÇIK OTOPARK,1,15,24 Saat
2026-07-18T13:12:49.698876+00:00,2026-07-18T16:12:49.698876+03:00,589,Su Terazisi Sokak,FATİH,41.0046,28.9727,22,1,21,YOL ÜSTÜ,1,0,07:30-17:00
2026-07-18T13:12:49.698876+00:00,2026-07-18T16:12:49.698876+03:00,1478,Suadiye Cep Açık Otoparkı,KADIKÖY,40.9586,29.0732,130,25,105,AÇIK OTOPARK,1,15,24 Saat
2026-07-18T13:12:49.698876+00:00,2026-07-18T16:12:49.698876+03:00,2948,Suadiye Sahil Açık Otoparkı,KADIKÖY,40.9562,29.0797,70,1,69,AÇIK OTOPARK,1,5,24 Saat
2026-07-18T13:12:49.698876+00:00,2026-07-18T16:12:49.698876+03:00,2799,Sultanbeyli Emir Caddesi Zemin Altı Otoparkı,SULTANBEYLİ,40.9707,29.2606,130,108,22,KAPALI OTOPARK,1,15,08:00-22:00
2026-07-18T13:12:49.698876+00:00,2026-07-18T16:12:49.698876+03:00,2372,Sultanbeyli Kent Meydanı Zemin Altı Otoparkı,SULTANBEYLİ,40.9667,29.2667,300,119,181,KAPALI OTOPARK,1,15,24 Saat
2026-07-18T13:12:49.698876+00:00,2026-07-18T16:12:49.698876+03:00,2410,Sultangazi Zemin Altı Otoparkı,SULTANGAZİ,41.0944,28.8649,104,0,104,KAPALI OTOPARK,1,10,24 Saat
2026-07-18T13:12:49.698876+00:00,2026-07-18T16:12:49.698876+03:00,2085,Süleyman Seba Caddesi 2,BEŞİKTAŞ,41.0426,28.9998,40,1,39,YOL ÜSTÜ,1,15,08:00-18:00
2026-07-18T13:12:49.698876+00:00,2026-07-18T16:12:49.698876+03:00,2088,Süleyman Seba Caddesi 5,BEŞİKTAŞ,41.0432,28.9978,40,1,39,YOL ÜSTÜ,1,15,08:00-18:00
2026-07-18T13:12:49.698876+00:00,2026-07-18T16:12:49.698876+03:00,2089,Süleyman Seba Caddesi 6,BEŞİKTAŞ,41.0435,28.9967,11,1,10,YOL ÜSTÜ,1,15,08:00-18:00
2026-07-18T13:12:49.698876+00:00,2026-07-18T16:12:49.698876+03:00,2391,Süleymaniye Cami Altı Açık Otoparkı,FATİH,41.0158,28.961,250,235,15,AÇIK OTOPARK,1,0,06:30-18:30
2026-07-18T13:12:49.698876+00:00,2026-07-18T16:12:49.698876+03:00,1730,Sütlüce Miniatürk Yanı,BEYOĞLU,41.057,28.95,320,214,106,AÇIK OTOPARK,1,15,24 Saat
2026-07-18T13:12:49.698876+00:00,2026-07-18T16:12:49.698876+03:00,36,Şakayık Sokak 4,ŞİŞLİ,41.0518,28.9936,50,1,49,YOL ÜSTÜ,0,15,08:00-16:00
2026-07-18T13:12:49.698876+00:00,2026-07-18T16:12:49.698876+03:00,1469,Şehit Volkan Duysak Katlı Otoparkı,ZEYTİNBURNU,40.9968,28.9039,1000,696,304,KAPALI OTOPARK,1,5,24 Saat
2026-07-18T13:12:49.698876+00:00,2026-07-18T16:12:49.698876+03:00,2385,Şehremini Açık Otoparkı 1,FATİH,41.0135,28.9333,60,1,59,AÇIK OTOPARK,1,0,08:30-20:30
2026-07-18T13:12:49.698876+00:00,2026-07-18T16:12:49.698876+03:00,2855,Şemsipaşa Açık Otoparkı,ÜSKÜDAR,41.0255,29.0097,80,31,49,AÇIK OTOPARK,1,0,24 Saat
2026-07-18T13:12:49.698876+00:00,2026-07-18T16:12:49.698876+03:00,2439,Şirinevler Meydan Zeminaltı Otoparkı,BAHÇELİEVLER,40.9925,28.8496,367,95,272,KAPALI OTOPARK,1,0,24 Saat
2026-07-18T13:12:49.698876+00:00,2026-07-18T16:12:49.698876+03:00,3400,Şişhane Refik Saydam Caddesi 2 Yol Üstü Otoparkı 1,BEYOĞLU,41.0326,28.9743,70,1,69,YOL ÜSTÜ,1,15,06:00-23:00
2026-07-18T13:12:49.698876+00:00,2026-07-18T16:12:49.698876+03:00,1017,Şişli Kadırgalar Caddesi 1,ŞİŞLİ,41.0429,28.9927,100,1,99,AÇIK OTOPARK,1,0,07:00-23:00
2026-07-18T13:12:49.698876+00:00,2026-07-18T16:12:49.698876+03:00,3441,Şişli Kuştepe Zemin Altı Otoparkı,ŞİŞLİ,41.072,28.9919,430,328,102,KAPALI OTOPARK,1,15,24 Saat
2026-07-18T13:12:49.698876+00:00,2026-07-18T16:12:49.698876+03:00,2816,Şişli Rumeli Caddesi Metro Yanı 1,ŞİŞLİ,41.0538,28.9868,45,1,44,YOL ÜSTÜ,1,15,08:00-20:00
2026-07-18T13:12:49.698876+00:00,2026-07-18T16:12:49.698876+03:00,2406,Şişli Zemin Altı Otoparkı,ŞİŞLİ,41.0641,28.9992,581,383,198,KAPALI OTOPARK,1,15,24 Saat
2026-07-18T13:12:49.698876+00:00,2026-07-18T16:12:49.698876+03:00,1993,Tuzla İdo,TUZLA,40.8149,29.3039,300,242,58,AÇIK OTOPARK,1,15,24 Saat
2026-07-18T13:12:49.698876+00:00,2026-07-18T16:12:49.698876+03:00,3332,Tuzla Sahil Cep,TUZLA,40.8168,29.2992,50,42,8,AÇIK OTOPARK,1,0,08:00-00:00
2026-07-18T13:12:49.698876+00:00,2026-07-18T16:12:49.698876+03:00,3057,Tuzla Sahil Zemin Altı Otoparkı,TUZLA,40.8181,29.3004,779,524,255,KAPALI OTOPARK,1,15,24 Saat
2026-07-18T13:12:49.698876+00:00,2026-07-18T16:12:49.698876+03:00,1811,Ulu Camii Açık Otoparkı,BAHÇELİEVLER,40.9982,28.8499,150,122,28,AÇIK OTOPARK,1,10,24 Saat
2026-07-18T13:12:49.698876+00:00,2026-07-18T16:12:49.698876+03:00,2424,Uzunçayır Açık Otoparkı,KADIKÖY,40.9988,29.0556,58,52,6,AÇIK OTOPARK,0,0,06:00-16:00
2026-07-18T13:12:49.698876+00:00,2026-07-18T16:12:49.698876+03:00,1468,Ümraniye Katlı Otoparkı,ÜMRANİYE,41.0261,29.0953,665,260,405,KAPALI OTOPARK,1,15,24 Saat
2026-07-18T13:12:49.698876+00:00,2026-07-18T16:12:49.698876+03:00,2898,Ümraniye Okan Sokak Zeminaltı Otoparkı,ÜMRANİYE,41.0284,29.0907,125,26,99,KAPALI OTOPARK,1,15,24 Saat
2026-07-18T13:12:49.698876+00:00,2026-07-18T16:12:49.698876+03:00,2345,Üsküdar Uzunçayır PD Açık Otoparkı,ÜSKÜDAR,40.9988,29.0577,90,76,14,AÇIK OTOPARK,1,15,06:00-22:00
2026-07-18T13:12:49.698876+00:00,2026-07-18T16:12:49.698876+03:00,1929,Üsküdar Ünalan Açık Otoparkı,ÜSKÜDAR,40.9979,29.0604,180,175,5,AÇIK OTOPARK,1,0,07:00-17:00
2026-07-18T13:12:49.698876+00:00,2026-07-18T16:12:49.698876+03:00,1487,Vatan Caddesi PD Açık Otoparkı,FATİH,41.0157,28.9405,397,342,55,AÇIK OTOPARK,1,5,24 Saat
2026-07-18T13:12:49.698876+00:00,2026-07-18T16:12:49.698876+03:00,1621,Veteriner Hilmi Sokak Yol Üstü 1,ŞİŞLİ,41.0603,28.9892,20,1,19,YOL ÜSTÜ,1,15,08:00-17:00
2026-07-18T13:12:49.698876+00:00,2026-07-18T16:12:49.698876+03:00,2441,Yalı Açık Otoparkı,MALTEPE,40.9095,29.137,85,82,3,AÇIK OTOPARK,1,0,07:30-22:00
2026-07-18T13:12:49.698876+00:00,2026-07-18T16:12:49.698876+03:00,459,Yalı Köşkü Caddesi 1,FATİH,41.0163,28.9759,61,1,60,YOL ÜSTÜ,1,5,07:00-21:00
2026-07-18T13:12:49.698876+00:00,2026-07-18T16:12:49.698876+03:00,2037,Yenikapı Marmaray Büyük Otoparkı,FATİH,41.0057,28.9505,324,125,199,AÇIK OTOPARK,1,15,24 Saat
2026-07-18T13:12:49.698876+00:00,2026-07-18T16:12:49.698876+03:00,2036,Yenikapı Marmaray Küçük Otoparkı,FATİH,41.0064,28.9504,200,166,34,AÇIK OTOPARK,1,15,07:00-22:00
2026-07-18T13:12:49.698876+00:00,2026-07-18T16:12:49.698876+03:00,2175,Yenikapı Spor ve Kültür Merkezi PD Açık Otoparkı,FATİH,41.0006,28.9519,4023,3804,219,AÇIK OTOPARK,1,15,24 Saat
2026-07-18T13:12:49.698876+00:00,2026-07-18T16:12:49.698876+03:00,2805,Yenikapı Tünel Üstü Açık Otoparkı,FATİH,41.0029,28.9534,700,411,289,AÇIK OTOPARK,1,10,24 Saat
2026-07-18T13:12:49.698876+00:00,2026-07-18T16:12:49.698876+03:00,3404,Yenimahalle Metro Zemin Altı PD Otoparkı,GAZİOSMANPAŞA,41.0839,28.8926,114,97,17,KAPALI OTOPARK,1,15,24 Saat
2026-07-18T13:12:49.698876+00:00,2026-07-18T16:12:49.698876+03:00,2920,Yeşilce Zemin Altı Katlı Otoparkı,KAĞITHANE,41.0938,29.0017,676,296,380,KAPALI OTOPARK,1,0,24 Saat
2026-07-18T13:12:49.698876+00:00,2026-07-18T16:12:49.698876+03:00,987,Yeşilköy İstasyon Caddesi 1,BAKIRKÖY,40.962,28.825,40,1,39,YOL ÜSTÜ,1,15,09:00-17:30
2026-07-18T13:12:49.698876+00:00,2026-07-18T16:12:49.698876+03:00,974,Yeşilköy Marina 1,BAKIRKÖY,40.9576,28.8233,145,1,144,YOL ÜSTÜ,1,0,12:00-23:00
2026-07-18T13:12:49.698876+00:00,2026-07-18T16:12:49.698876+03:00,3406,Yeşilpınar Metro Zemin Altı PD Otoparkı,EYÜP,41.081,28.9204,269,201,68,KAPALI OTOPARK,1,15,24 Saat
2026-07-18T13:12:49.698876+00:00,2026-07-18T16:12:49.698876+03:00,315,Yeşilyurt Çarşı 1,BAKIRKÖY,40.9643,28.8379,50,1,49,YOL ÜSTÜ,1,15,09:00-17:30
2026-07-18T13:12:49.698876+00:00,2026-07-18T16:12:49.698876+03:00,1133,Yıldız Korusu,BEŞİKTAŞ,41.0514,29.0165,500,1,499,AÇIK OTOPARK,1,0,08:00-22:00
2026-07-18T13:12:49.698876+00:00,2026-07-18T16:12:49.698876+03:00,882,Zeytinburnu 58. Bulvar 2,ZEYTİNBURNU,40.9932,28.9039,48,1,47,YOL ÜSTÜ,1,15,09:00-18:00
2026-07-18T13:12:49.698876+00:00,2026-07-18T16:12:49.698876+03:00,3185,Zeytinburnu Sahil Cep Otoparkı,ZEYTİNBURNU,40.9798,28.8985,160,1,159,AÇIK OTOPARK,1,0,12:00-22:00
2026-07-18T14:51:28.524021+00:00,2026-07-18T17:51:28.524021+03:00,3068,15 Temmuz Şehitler Meydanı Zeminaltı Otoparkı,ÜMRANİYE,41.0246,29.0915,1029,504,525,KAPALI OTOPARK,1,15,24 Saat
2026-07-18T14:51:28.524021+00:00,2026-07-18T17:51:28.524021+03:00,2338,19 Mayıs Açık,ŞİŞLİ,41.0563,28.9941,65,0,65,AÇIK OTOPARK,1,0,24 Saat
2026-07-18T14:51:28.524021+00:00,2026-07-18T17:51:28.524021+03:00,1751,4.Levent PD Açık Otoparkı,KAĞITHANE,41.0836,29.0081,236,152,84,AÇIK OTOPARK,1,5,24 Saat
2026-07-18T14:51:28.524021+00:00,2026-07-18T17:51:28.524021+03:00,3328,4.Levent Servis ve Turizm Araçları Açık Otoparkı,ŞİŞLİ,41.0841,29.0054,300,177,123,AÇIK OTOPARK,1,15,24 Saat
2026-07-18T14:51:28.524021+00:00,2026-07-18T17:51:28.524021+03:00,3412,5. Levent Gaziosmanpaşa Adliyesi Yanı Açık Otoparkı,EYÜP,41.0927,28.9494,250,235,15,AÇIK OTOPARK,1,15,07:00-23:00
2026-07-18T14:51:28.524021+00:00,2026-07-18T17:51:28.524021+03:00,104,Abide-i Hürriyet Caddesi 5,ŞİŞLİ,41.0619,28.9876,40,1,39,YOL ÜSTÜ,0,15,08:00-17:00
2026-07-18T14:51:28.524021+00:00,2026-07-18T17:51:28.524021+03:00,2452,Acıbadem Açık Otoparkı,ÜSKÜDAR,41.0157,29.0574,100,87,13,AÇIK OTOPARK,0,0,06:30-16:00
2026-07-18T14:51:28.524021+00:00,2026-07-18T17:51:28.524021+03:00,346,Ada Karşısı Cep 2,BEŞİKTAŞ,41.072,29.045,30,1,29,YOL ÜSTÜ,1,15,08:00-23:00
2026-07-18T14:51:28.524021+00:00,2026-07-18T17:51:28.524021+03:00,1663,Akasyalı Sokak Tenis Kulubü Önü 2,BEŞİKTAŞ,41.0867,29.0109,45,1,44,YOL ÜSTÜ,0,15,08:30-17:30
2026-07-18T14:51:28.524021+00:00,2026-07-18T17:51:28.524021+03:00,828,Akdeniz Caddesi 4,FATİH,41.0175,28.9435,27,1,26,YOL ÜSTÜ,1,15,09:00-18:00
2026-07-18T14:51:28.524021+00:00,2026-07-18T17:51:28.524021+03:00,1913,Alibeyköy Cep Otogarı Açık Otoparkı,EYÜP,41.0879,28.9446,116,0,116,AÇIK OTOPARK,1,25,24 Saat
2026-07-18T14:51:28.524021+00:00,2026-07-18T17:51:28.524021+03:00,1912,Alibeyköy Cep Otogarı Otobüs Otoparkı,EYÜP,41.0875,28.9449,5000,4983,17,AÇIK OTOPARK,1,60,24 Saat
2026-07-18T14:51:28.524021+00:00,2026-07-18T17:51:28.524021+03:00,2562,Alibeyköy Yeşiltepe Zemin Altı Otoparkı,EYÜP,41.0797,28.938,159,66,93,KAPALI OTOPARK,1,15,24 Saat
2026-07-18T14:51:28.524021+00:00,2026-07-18T17:51:28.524021+03:00,3201,Altınboynuz Sosyal Tesisleri,EYÜP,41.058,28.9447,70,1,69,AÇIK OTOPARK,1,15,08:00-23:00
2026-07-18T14:51:28.524021+00:00,2026-07-18T17:51:28.524021+03:00,758,Arap Camii Açık Otoparkı,BEYOĞLU,41.0227,28.9723,30,1,29,AÇIK OTOPARK,0,0,09:00-17:00
2026-07-18T14:51:28.524021+00:00,2026-07-18T17:51:28.524021+03:00,2685,Aras Sokak 2,BÜYÜKÇEKMECE,41.023,28.6209,60,1,59,YOL ÜSTÜ,0,0,06:00-14:30
2026-07-18T14:51:28.524021+00:00,2026-07-18T17:51:28.524021+03:00,2802,Arnavutköy Zemin Altı Otoparkı,ARNAVUTKÖY,41.1838,28.7396,700,25,675,KAPALI OTOPARK,1,15,24 Saat
2026-07-18T14:51:28.524021+00:00,2026-07-18T17:51:28.524021+03:00,1797,Ataköy Atrium AVM,BAKIRKÖY,40.9881,28.8459,250,196,54,AÇIK OTOPARK,1,15,08:00-23:00
2026-07-18T14:51:28.524021+00:00,2026-07-18T17:51:28.524021+03:00,2824,Ataköy Metro Durağı Yanı PD Zemin Altı Otoparkı,BAKIRKÖY,40.9904,28.8456,150,93,57,KAPALI OTOPARK,1,0,24 Saat
2026-07-18T14:51:28.524021+00:00,2026-07-18T17:51:28.524021+03:00,3161,Ataşehir Topçu İbrahim Sokak,ATAŞEHİR,40.9736,29.101,42,1,41,YOL ÜSTÜ,0,15,07:00-16:00
2026-07-18T14:51:28.524021+00:00,2026-07-18T17:51:28.524021+03:00,359,Atatürk Bulvarı 1,FATİH,41.0112,28.9534,20,1,19,YOL ÜSTÜ,1,0,07:30-18:00
2026-07-18T14:51:28.524021+00:00,2026-07-18T17:51:28.524021+03:00,3087,Atatürk Kent Ormanı Otoparkı,SARIYER,41.136,29.0262,200,197,3,AÇIK OTOPARK,0,0,08:00-17:00
2026-07-18T14:51:28.524021+00:00,2026-07-18T17:51:28.524021+03:00,2243,Avcılar Denizköşkler Toplantı ve Davet Salonu Açık Otoparkı,AVCILAR,40.9746,28.7435,200,1,199,AÇIK OTOPARK,1,15,13:00-07:00
2026-07-18T14:51:28.524021+00:00,2026-07-18T17:51:28.524021+03:00,1088,Avcılar İdo,AVCILAR,40.9712,28.7185,270,262,8,AÇIK OTOPARK,1,0,13:00-07:00
2026-07-18T14:51:28.524021+00:00,2026-07-18T17:51:28.524021+03:00,2885,Azapkapı Haliç Metro Otoparkı,ŞİŞLİ,41.0245,28.9691,80,4,76,AÇIK OTOPARK,1,5,24 Saat
2026-07-18T14:51:28.524021+00:00,2026-07-18T17:51:28.524021+03:00,2455,Azerbaycan Dostluk Parkı Zemin Altı Otoparkı,BAĞCILAR,41.0444,28.854,400,232,168,KAPALI OTOPARK,1,10,24 Saat
2026-07-18T14:51:28.524021+00:00,2026-07-18T17:51:28.524021+03:00,2965,Bağcılar Çolakoğlu Zemin Altı Otoparkı,BAĞCILAR,41.0324,28.8345,106,0,106,KAPALI OTOPARK,1,5,24 Saat
2026-07-18T14:51:28.524021+00:00,2026-07-18T17:51:28.524021+03:00,2576,Bağcılar Demirkapı Zemin Altı Otoparkı,BAĞCILAR,41.0499,28.8327,343,178,165,KAPALI OTOPARK,1,5,24 Saat
2026-07-18T14:51:28.524021+00:00,2026-07-18T17:51:28.524021+03:00,3036,Bağcılar Devlet Hastanesi Yanı Zeminaltı Otoparkı,BAĞCILAR,41.0312,28.8696,1133,181,952,KAPALI OTOPARK,1,15,24 Saat
2026-07-18T14:51:28.524021+00:00,2026-07-18T17:51:28.524021+03:00,3071,Bağcılar Emniyet Müdürlüğü Yanı Açık Otoparkı,BAĞCILAR,41.0353,28.8598,100,46,54,AÇIK OTOPARK,1,0,24 Saat
2026-07-18T14:51:28.524021+00:00,2026-07-18T17:51:28.524021+03:00,2873,Bağcılar Göztepe Zemin Altı,BAĞCILAR,41.0567,28.8355,120,0,120,KAPALI OTOPARK,1,5,24 Saat
2026-07-18T14:51:28.524021+00:00,2026-07-18T17:51:28.524021+03:00,3187,Bağcılar Hürriyet Mahallesi Zemin Altı Otoparkı,BAĞCILAR,41.0291,28.8333,355,0,355,KAPALI OTOPARK,1,10,24 Saat
2026-07-18T14:51:28.524021+00:00,2026-07-18T17:51:28.524021+03:00,2916,Bağcılar Kent Meydanı PD Zemin Altı Otoparkı,BAĞCILAR,41.0339,28.8556,1162,0,1162,KAPALI OTOPARK,1,0,24 Saat
2026-07-18T14:51:28.524021+00:00,2026-07-18T17:51:28.524021+03:00,3261,Bağcılar Yenimahalle Zemin Altı Otoparkı,BAĞCILAR,41.0425,28.8395,525,299,226,KAPALI OTOPARK,1,15,24 Saat
2026-07-18T14:51:28.524021+00:00,2026-07-18T17:51:28.524021+03:00,2820,Bağcılar Yıldıztepe Katlı Otoparkı,BAĞCILAR,41.0294,28.8556,350,0,350,KAPALI OTOPARK,1,10,24 Saat
2026-07-18T14:51:28.524021+00:00,2026-07-18T17:51:28.524021+03:00,3447,Bahçelievler 23 Nisan Milli Egemenlik Zeminaltı Otoparkı,BAHÇELİEVLER,40.9988,28.8472,732,457,275,KAPALI OTOPARK,1,10,24 Saat
2026-07-18T14:51:28.524021+00:00,2026-07-18T17:51:28.524021+03:00,2993,Bahçelievler Cumhuriyet Zeminaltı Otoparkı,BAHÇELİEVLER,41.0149,28.859,663,0,663,KAPALI OTOPARK,1,10,24 Saat
2026-07-18T14:51:28.524021+00:00,2026-07-18T17:51:28.524021+03:00,2969,Bahçelievler Devlet Hastanesi Yanı Katlı Otoparkı,BAHÇELİEVLER,41.0072,28.8442,740,0,740,KAPALI OTOPARK,1,0,24 Saat
2026-07-18T14:51:28.524021+00:00,2026-07-18T17:51:28.524021+03:00,3051,Bahçelievler Zafer Mh. Zeminaltı Otoparkı,BAHÇELİEVLER,41.0036,28.8351,200,93,107,KAPALI OTOPARK,1,0,24 Saat
2026-07-18T14:51:28.524021+00:00,2026-07-18T17:51:28.524021+03:00,3118,Bahçeşehir Doğa Parkı Caddesi 3,BAŞAKŞEHİR,41.0683,28.6894,22,1,21,YOL ÜSTÜ,1,15,10:00-20:00
2026-07-18T14:51:28.524021+00:00,2026-07-18T17:51:28.524021+03:00,3236,Bahçeşehir Gölet Açık Otoparkı,BAŞAKŞEHİR,41.0719,28.6901,200,1,199,AÇIK OTOPARK,1,0,12:00-22:00
2026-07-18T14:51:28.524021+00:00,2026-07-18T17:51:28.524021+03:00,1465,Bakırköy İdo Açık Otoparkı,BAKIRKÖY,40.9739,28.8761,160,53,107,AÇIK OTOPARK,1,10,24 Saat
2026-07-18T14:51:28.524021+00:00,2026-07-18T17:51:28.524021+03:00,1104,Balmumcu Katlı Otoparkı,BEŞİKTAŞ,41.0636,29.0109,400,328,72,KAPALI OTOPARK,1,5,24 Saat
2026-07-18T14:51:28.524021+00:00,2026-07-18T17:51:28.524021+03:00,2796,Başakşehir Metro Açık Otoparkı,BAŞAKŞEHİR,41.107,28.801,125,1,124,AÇIK OTOPARK,0,0,07:00-16:00
2026-07-18T14:51:28.524021+00:00,2026-07-18T17:51:28.524021+03:00,2350,Bayrampaşa Adapark Katlı Otoparkı,BAYRAMPAŞA,41.0647,28.8875,650,0,650,KAPALI OTOPARK,1,15,24 Saat
2026-07-18T14:51:28.524021+00:00,2026-07-18T17:51:28.524021+03:00,2892,Bayrampaşa Altıntepsi Zemin  Altı Otoparkı,BAYRAMPAŞA,41.0393,28.9029,110,0,110,KAPALI OTOPARK,1,10,24 Saat
2026-07-18T14:51:28.524021+00:00,2026-07-18T17:51:28.524021+03:00,2909,Bayrampaşa Atatürk Parkı  Zemin Altı Otoparkı,BAYRAMPAŞA,41.0342,28.9123,442,30,412,KAPALI OTOPARK,1,10,24 Saat
2026-07-18T14:51:28.524021+00:00,2026-07-18T17:51:28.524021+03:00,2683,Bayrampaşa Devlet Hastanesi Cep Otoparkı,BAYRAMPAŞA,41.0414,28.9031,55,27,28,AÇIK OTOPARK,1,0,08:00-19:00
2026-07-18T14:51:28.524021+00:00,2026-07-18T17:51:28.524021+03:00,3301,Bayrampaşa Kocatepe Mahallesi Zemin Altı Otoparkı,BAYRAMPAŞA,41.0545,28.8964,241,0,241,KAPALI OTOPARK,1,10,24 Saat
2026-07-18T14:51:28.524021+00:00,2026-07-18T17:51:28.524021+03:00,2053,Bayrampaşa Muratpaşa Yer Altı Otoparkı,BAYRAMPAŞA,41.047,28.9082,300,37,263,KAPALI OTOPARK,1,15,24 Saat
2026-07-18T14:51:28.524021+00:00,2026-07-18T17:51:28.524021+03:00,3175,Bayrampaşa Spor Kompleksi Zemin Altı Otoparkı,BAYRAMPAŞA,41.0446,28.9106,205,0,205,KAPALI OTOPARK,1,15,24 Saat
2026-07-18T14:51:28.524021+00:00,2026-07-18T17:51:28.524021+03:00,3382,Bayrampaşa Şehit Kamil Balkan Zemin Altı Otoparkı,BAYRAMPAŞA,41.0604,28.9008,235,0,235,KAPALI OTOPARK,1,10,24 Saat
2026-07-18T14:51:28.524021+00:00,2026-07-18T17:51:28.524021+03:00,2428,Bayrampaşa Yenidoğan Mahallesi Zemin Altı Otoparkı,BAYRAMPAŞA,41.0395,28.9088,120,0,120,KAPALI OTOPARK,1,10,24 Saat
2026-07-18T14:51:28.524021+00:00,2026-07-18T17:51:28.524021+03:00,2468,Bebek Açık,BEŞİKTAŞ,41.077,29.0434,30,0,30,AÇIK OTOPARK,1,0,24 Saat
2026-07-18T14:51:28.524021+00:00,2026-07-18T17:51:28.524021+03:00,3479,Beşiktaş Halk Pazarı Açık Otoparkı,BEŞİKTAŞ,41.0496,29.0004,170,170,0,AÇIK OTOPARK,1,5,24 Saat
2026-07-18T14:51:28.524021+00:00,2026-07-18T17:51:28.524021+03:00,573,Beşiktaş Kadastro Önü 1,BEŞİKTAŞ,41.0503,29.0076,39,1,38,YOL ÜSTÜ,0,15,08:00-17:00
2026-07-18T14:51:28.524021+00:00,2026-07-18T17:51:28.524021+03:00,3257,Beykoz Sahil Cep Otoparkı,BEYKOZ,41.1286,29.0953,100,75,25,AÇIK OTOPARK,1,0,08:00-00:00
2026-07-18T14:51:28.524021+00:00,2026-07-18T17:51:28.524021+03:00,2273,Beykoz Sosyal Tesisleri,BEYKOZ,41.1143,29.0888,130,0,130,AÇIK OTOPARK,1,15,08:00-00:00
2026-07-18T14:51:28.524021+00:00,2026-07-18T17:51:28.524021+03:00,2999,Beyoğlu Gazhane Bostan Sokak 2,BEYOĞLU,41.0389,28.9903,35,1,34,YOL ÜSTÜ,0,0,07:30-16:30
2026-07-18T14:51:28.524021+00:00,2026-07-18T17:51:28.524021+03:00,3072,Beyoğlu Örnektepe Zemin Altı Otoparkı,BEYOĞLU,41.0543,28.9548,143,0,143,KAPALI OTOPARK,1,0,24 Saat
2026-07-18T14:51:28.524021+00:00,2026-07-18T17:51:28.524021+03:00,1455,Bostancı Açık,KADIKÖY,40.9523,29.0902,394,0,394,AÇIK OTOPARK,1,15,24 Saat
2026-07-18T14:51:28.524021+00:00,2026-07-18T17:51:28.524021+03:00,1456,Bostancı Sahil-Cep Açık Otoparkı,KADIKÖY,40.9545,29.0885,192,0,192,AÇIK OTOPARK,1,15,24 Saat
2026-07-18T14:51:28.524021+00:00,2026-07-18T17:51:28.524021+03:00,2150,Bostancı Vergi Dairesi Açık Otoparkı,ATAŞEHİR,40.9625,29.1083,155,0,155,AÇIK OTOPARK,1,5,08:00-20:00
2026-07-18T14:51:28.524021+00:00,2026-07-18T17:51:28.524021+03:00,2854,Bülent Ecevit Kültür Merkezi Açık Otoparkı,KARTAL,40.8852,29.1967,277,250,27,AÇIK OTOPARK,1,5,10:00-21:00
2026-07-18T14:51:28.524021+00:00,2026-07-18T17:51:28.524021+03:00,2866,Büyük İstanbul Otogarı,BAYRAMPAŞA,41.0402,28.8942,1000,0,1000,AÇIK OTOPARK,1,25,24 Saat
2026-07-18T14:51:28.524021+00:00,2026-07-18T17:51:28.524021+03:00,1192,Büyükçamlıca Korusu Sosyal Tesisleri Önü,ÜSKÜDAR,41.0264,29.0698,204,113,91,AÇIK OTOPARK,1,0,08:00-00:00
2026-07-18T14:51:28.524021+00:00,2026-07-18T17:51:28.524021+03:00,2960,Büyükçekmece Metrobüs Durağı Yanı PD Zemin Altı Otopark,BÜYÜKÇEKMECE,41.0221,28.624,448,212,236,KAPALI OTOPARK,1,0,24 Saat
2026-07-18T14:51:28.524021+00:00,2026-07-18T17:51:28.524021+03:00,1503,Cadde Bostan Açık Otoparkı,KADIKÖY,40.9636,29.0675,66,5,61,AÇIK OTOPARK,1,15,24 Saat
2026-07-18T14:51:28.524021+00:00,2026-07-18T17:51:28.524021+03:00,2933,Cemal Kamacı Spor Kompleksi Zemin Altı Otoparkı,KAĞITHANE,41.0536,28.9575,510,0,510,KAPALI OTOPARK,1,0,24 Saat
2026-07-18T14:51:28.524021+00:00,2026-07-18T17:51:28.524021+03:00,2207,Cengiz Topel Yer Altı Katlı Otoparkı,ESENLER,41.0588,28.8643,144,0,144,KAPALI OTOPARK,1,15,24 Saat
2026-07-18T14:51:28.524021+00:00,2026-07-18T17:51:28.524021+03:00,2787,Cevizli Açık Otoparkı,KARTAL,40.9179,29.1712,100,91,9,AÇIK OTOPARK,1,15,08:00-19:00
2026-07-18T14:51:28.524021+00:00,2026-07-18T17:51:28.524021+03:00,782,Cihangir Caddesi 2,BEYOĞLU,41.0319,28.9862,70,1,69,YOL ÜSTÜ,1,15,09:00-19:00
2026-07-18T14:51:28.524021+00:00,2026-07-18T17:51:28.524021+03:00,1467,Cihangir Katlı Otoparkı,BEYOĞLU,41.0318,28.9858,350,0,350,KAPALI OTOPARK,1,0,24 Saat
2026-07-18T14:51:28.524021+00:00,2026-07-18T17:51:28.524021+03:00,535,Cihannuma Yol Üstü 1,BEŞİKTAŞ,41.0454,29.0084,35,1,34,YOL ÜSTÜ,1,0,08:00-23:00
2026-07-18T14:51:28.524021+00:00,2026-07-18T17:51:28.524021+03:00,537,Cihannuma Yol Üstü 3,BEŞİKTAŞ,41.0459,29.0087,33,1,32,YOL ÜSTÜ,1,0,08:00-23:00
2026-07-18T14:51:28.524021+00:00,2026-07-18T17:51:28.524021+03:00,539,Cihannuma Yol Üstü 5,BEŞİKTAŞ,41.0489,29.0094,24,1,23,YOL ÜSTÜ,1,0,08:00-23:00
2026-07-18T14:51:28.524021+00:00,2026-07-18T17:51:28.524021+03:00,3184,Çam Sokak 6,GÜNGÖREN,41.0121,28.8882,50,1,49,YOL ÜSTÜ,0,15,08:00-17:00
2026-07-18T14:51:28.524021+00:00,2026-07-18T17:51:28.524021+03:00,3030,Çekmeköy Metro PD Zemin Altı Otoparkı,ÇEKMEKÖY,41.0147,29.1886,175,63,112,KAPALI OTOPARK,1,15,24 Saat
2026-07-18T14:51:28.524021+00:00,2026-07-18T17:51:28.524021+03:00,2905,Çeliktepe Açık Otoparkı,KAĞITHANE,41.0843,29.0056,200,79,121,AÇIK OTOPARK,1,5,24 Saat
2026-07-18T14:51:28.524021+00:00,2026-07-18T17:51:28.524021+03:00,1298,Çengelköy Açık Otoparkı,ÜSKÜDAR,41.0484,29.0533,500,0,500,AÇIK OTOPARK,1,15,24 Saat
2026-07-18T14:51:28.524021+00:00,2026-07-18T17:51:28.524021+03:00,502,Çınar Açık Otoparkı,BEŞİKTAŞ,41.0853,29.0088,65,1,64,AÇIK OTOPARK,1,0,08:00-18:00
2026-07-18T14:51:28.524021+00:00,2026-07-18T17:51:28.524021+03:00,777,Çırağan Sarayı Yol Üstü 1,BEŞİKTAŞ,41.0448,29.0165,40,1,39,YOL ÜSTÜ,1,15,08:00-23:00
2026-07-18T14:51:28.524021+00:00,2026-07-18T17:51:28.524021+03:00,778,Çırağan Sarayı Yol Üstü 2,BEŞİKTAŞ,41.0445,29.0156,40,1,39,YOL ÜSTÜ,1,15,08:00-23:00
2026-07-18T14:51:28.524021+00:00,2026-07-18T17:51:28.524021+03:00,2228,Çırpıcı Sosyal Tesisler,ZEYTİNBURNU,41,28.8926,128,0,128,AÇIK OTOPARK,1,15,07:00-00:00
2026-07-18T14:51:28.524021+00:00,2026-07-18T17:51:28.524021+03:00,1508,Çiroz Yeşilköy Halk Pazarı,BAKIRKÖY,40.9628,28.8129,471,1,470,AÇIK OTOPARK,1,0,08:00-18:00
2026-07-18T14:51:28.524021+00:00,2026-07-18T17:51:28.524021+03:00,2030,Dalyan Açık Otoparkı,KADIKÖY,40.9632,29.0651,92,0,92,AÇIK OTOPARK,1,15,24 Saat
2026-07-18T14:51:28.524021+00:00,2026-07-18T17:51:28.524021+03:00,2271,Damla Sokak 1,ŞİŞLİ,41.0672,29.0004,17,1,16,YOL ÜSTÜ,0,15,07:30-16:30
2026-07-18T14:51:28.524021+00:00,2026-07-18T17:51:28.524021+03:00,2164,Darüşşafaka Yeraltı Otoparkı,SARIYER,41.1292,29.0252,150,133,17,KAPALI OTOPARK,1,15,08:00-00:00
2026-07-18T14:51:28.524021+00:00,2026-07-18T17:51:28.524021+03:00,1653,Deniz Feneri Otoparkı,FATİH,41.0019,28.9773,175,25,150,AÇIK OTOPARK,1,5,24 Saat
2026-07-18T14:51:28.524021+00:00,2026-07-18T17:51:28.524021+03:00,595,Dostluk Yurdu 1,FATİH,41.0071,28.973,33,1,32,YOL ÜSTÜ,0,15,07:00-17:00
2026-07-18T14:51:28.524021+00:00,2026-07-18T17:51:28.524021+03:00,2237,Dragos Sosyal Tesisleri,KARTAL,40.9017,29.1458,100,5,95,AÇIK OTOPARK,1,15,24 Saat
2026-07-18T14:51:28.524021+00:00,2026-07-18T17:51:28.524021+03:00,3063,Dudullu Metro PD Zemin Altı Otoparkı,ÜMRANİYE,41.0156,29.1633,81,56,25,KAPALI OTOPARK,1,15,07:00-23:30
2026-07-18T14:51:28.524021+00:00,2026-07-18T17:51:28.524021+03:00,1522,Ebu Suut Caddesi 1,FATİH,41.0128,28.9766,35,1,34,YOL ÜSTÜ,1,0,08:00-18:00
2026-07-18T14:51:28.524021+00:00,2026-07-18T17:51:28.524021+03:00,2147,EGS Blokları Açık Otoparkı,BAKIRKÖY,40.9863,28.8354,350,118,232,AÇIK OTOPARK,1,60,09:00-19:30
2026-07-18T14:51:28.524021+00:00,2026-07-18T17:51:28.524021+03:00,2366,Esenler Adem Baştürk Kültür Merkezi Katlı,ESENLER,41.039,28.8846,460,24,436,KAPALI OTOPARK,1,15,24 Saat
2026-07-18T14:51:28.524021+00:00,2026-07-18T17:51:28.524021+03:00,3190,Esenler Havaalanı Mahallesi Zemin Altı Otoparkı,ESENLER,41.0562,28.8674,610,414,196,KAPALI OTOPARK,1,10,24 Saat
2026-07-18T14:51:28.524021+00:00,2026-07-18T17:51:28.524021+03:00,3011,Esenler Menderes Metro İstasyonu Yanı,ESENLER,41.0427,28.8783,68,0,68,AÇIK OTOPARK,1,5,24 Saat
2026-07-18T14:51:28.524021+00:00,2026-07-18T17:51:28.524021+03:00,2822,Esenler Menderes Parkı Zemin Altı Otoparkı,ESENLER,41.0412,28.8729,325,109,216,KAPALI OTOPARK,1,10,24 Saat
2026-07-18T14:51:28.524021+00:00,2026-07-18T17:51:28.524021+03:00,3303,Esenyurt Adile Naşit Bulvarı Zeminaltı Otoparkı,ESENYURT,41.0205,28.6859,367,299,68,KAPALI OTOPARK,1,15,24 Saat
2026-07-18T14:51:28.524021+00:00,2026-07-18T17:51:28.524021+03:00,1328,Eski Salı Pazarı,KADIKÖY,40.9904,29.0338,760,0,760,AÇIK OTOPARK,1,15,24 Saat
2026-07-18T14:51:28.524021+00:00,2026-07-18T17:51:28.524021+03:00,904,Eyüp Pierloti Caddesi 1,EYÜP,41.0539,28.9329,40,1,39,YOL ÜSTÜ,1,0,09:00-22:00
2026-07-18T14:51:28.524021+00:00,2026-07-18T17:51:28.524021+03:00,2850,Eyüpsultan Akşemsettin Mahallesi Zemin Altı Otoparkı,EYÜP,41.085,28.9258,110,0,110,KAPALI OTOPARK,1,15,24 Saat
2026-07-18T14:51:28.524021+00:00,2026-07-18T17:51:28.524021+03:00,2215,Fatih Çeşmesi Tabiat Parkı Otoparkı,SARIYER,41.1686,28.9448,250,1,249,AÇIK OTOPARK,1,0,06:00-20:00
2026-07-18T14:51:28.524021+00:00,2026-07-18T17:51:28.524021+03:00,1475,Fatih Katlı Otoparkı,FATİH,41.0198,28.9396,118,30,88,KAPALI OTOPARK,1,10,24 Saat
2026-07-18T14:51:28.524021+00:00,2026-07-18T17:51:28.524021+03:00,1591,Feshane PD Açık Otoparkı,EYÜP,41.0463,28.9378,200,12,188,AÇIK OTOPARK,1,15,24 Saat
2026-07-18T14:51:28.524021+00:00,2026-07-18T17:51:28.524021+03:00,1005,Florya Havuzlu Bahçe,BAKIRKÖY,40.9764,28.7908,135,1,134,AÇIK OTOPARK,1,0,09:00-23:00
2026-07-18T14:51:28.524021+00:00,2026-07-18T17:51:28.524021+03:00,2238,Florya Sosyal Tesisleri,BAKIRKÖY,40.9614,28.8091,1074,537,537,AÇIK OTOPARK,1,15,24 Saat
2026-07-18T14:51:28.524021+00:00,2026-07-18T17:51:28.524021+03:00,3296,Gaziosmanpaşa Meydanı ve Yaşam Merkezi Zemin Altı Otoparkı,GAZİOSMANPAŞA,41.0606,28.9093,202,0,202,KAPALI OTOPARK,1,15,24 Saat
2026-07-18T14:51:28.524021+00:00,2026-07-18T17:51:28.524021+03:00,2971,Gaziosmanpaşa Zemin Altı Otoparkı,GAZİOSMANPAŞA,41.0796,28.8858,285,0,285,KAPALI OTOPARK,1,0,24 Saat
2026-07-18T14:51:28.524021+00:00,2026-07-18T17:51:28.524021+03:00,3401,Giyimkent Tekstilkent Metro Zemin Altı PD Otoparkı,ESENLER,41.0711,28.8666,203,194,9,KAPALI OTOPARK,1,10,24 Saat
2026-07-18T14:51:28.524021+00:00,2026-07-18T17:51:28.524021+03:00,2242,Gözdağı Sosyal Tesisler  Açık Otoparkı,PENDİK,40.893,29.2538,300,217,83,AÇIK OTOPARK,1,0,07:00-23:00
2026-07-18T14:51:28.524021+00:00,2026-07-18T17:51:28.524021+03:00,1879,Gülsuyu Metro PD Yer Altı Otoparkı,MALTEPE,40.9237,29.1548,76,0,76,KAPALI OTOPARK,1,15,08:00-00:00
2026-07-18T14:51:28.524021+00:00,2026-07-18T17:51:28.524021+03:00,1423,Güneş Plajı 1,BAKIRKÖY,40.9712,28.79,250,84,166,AÇIK OTOPARK,1,10,24 Saat
2026-07-18T14:51:28.524021+00:00,2026-07-18T17:51:28.524021+03:00,1461,Güneş Plajı 2,BAKIRKÖY,40.9692,28.7951,135,20,115,AÇIK OTOPARK,1,10,08:00-20:00
2026-07-18T14:51:28.524021+00:00,2026-07-18T17:51:28.524021+03:00,3053,Güngören Nikah Dairesi Zemin Altı otoparkı,GÜNGÖREN,41.0363,28.8718,147,0,147,KAPALI OTOPARK,1,10,24 Saat
2026-07-18T14:51:28.524021+00:00,2026-07-18T17:51:28.524021+03:00,2216,Gürpınar Balık Hali Otoparkı,BEYLİKDÜZÜ,40.9663,28.6019,1000,864,136,AÇIK OTOPARK,1,15,24 Saat
2026-07-18T14:51:28.524021+00:00,2026-07-18T17:51:28.524021+03:00,1525,Hacıosman Metro Yer Altı Otoparkı,SARIYER,41.14,29.0306,422,0,422,KAPALI OTOPARK,1,15,24 Saat
2026-07-18T14:51:28.524021+00:00,2026-07-18T17:51:28.524021+03:00,1470,Haldun Alagaş Katlı Otoparkı,ÜMRANİYE,41.0262,29.1052,197,144,53,KAPALI OTOPARK,1,15,24 Saat
2026-07-18T14:51:28.524021+00:00,2026-07-18T17:51:28.524021+03:00,3235,Haliç Sosyal Tesisleri Otoparkı,FATİH,41.0277,28.9572,60,18,42,AÇIK OTOPARK,1,15,07:00-00:00
2026-07-18T14:51:28.524021+00:00,2026-07-18T17:51:28.524021+03:00,2848,Halkalı Mahallesi Zemin Altı Otoparkı,KÜÇÜKÇEKMECE,41.0359,28.7848,347,292,55,KAPALI OTOPARK,1,15,24 Saat
2026-07-18T14:51:28.524021+00:00,2026-07-18T17:51:28.524021+03:00,2838,Hamidiye Mahallesi Katlı Otoparkı,KAĞITHANE,41.0949,28.971,450,244,206,KAPALI OTOPARK,1,15,24 Saat
2026-07-18T14:51:28.524021+00:00,2026-07-18T17:51:28.524021+03:00,1446,Harbiye Zemin Altı Otoparkı,BEYOĞLU,41.0408,28.9869,142,58,84,KAPALI OTOPARK,1,0,24 Saat
2026-07-18T14:51:28.524021+00:00,2026-07-18T17:51:28.524021+03:00,2332,Haydarpaşa Katlı Otoparkı,ÜSKÜDAR,41.0048,29.0251,840,707,133,KAPALI OTOPARK,1,15,24 Saat
2026-07-18T14:51:28.524021+00:00,2026-07-18T17:51:28.524021+03:00,1987,Haznedar Yer Altı Otoparkı,GÜNGÖREN,41.0083,28.8729,540,0,540,KAPALI OTOPARK,1,0,24 Saat
2026-07-18T14:51:28.524021+00:00,2026-07-18T17:51:28.524021+03:00,377,Hızır Külhani Sokak,FATİH,41.0202,28.9605,32,1,31,YOL ÜSTÜ,0,15,09:00-17:00
2026-07-18T14:51:28.524021+00:00,2026-07-18T17:51:28.524021+03:00,3173,Hürriyet Mahallesi Zeminaltı Otoparkı,GAZİOSMANPAŞA,41.0708,28.8951,190,0,190,KAPALI OTOPARK,1,15,24 Saat
2026-07-18T14:51:28.524021+00:00,2026-07-18T17:51:28.524021+03:00,157,Ihlamur Dere Caddesi 4,BEŞİKTAŞ,41.047,29.0023,27,1,26,YOL ÜSTÜ,0,15,09:00-17:00
2026-07-18T14:51:28.524021+00:00,2026-07-18T17:51:28.524021+03:00,1189,İçerenköy Sebze Meyve Hali Otoparkı,ATAŞEHİR,40.9766,29.1044,600,600,0,AÇIK OTOPARK,1,15,24 Saat
2026-07-18T14:51:28.524021+00:00,2026-07-18T17:51:28.524021+03:00,1127,İshakpaşa Caddesi,FATİH,41.0079,28.9814,200,1,199,YOL ÜSTÜ,1,0,08:00-18:00
2026-07-18T14:51:28.524021+00:00,2026-07-18T17:51:28.524021+03:00,3265,İspark İstanbul West Marina Açık Otoparkı 1,BEYLİKDÜZÜ,40.9636,28.6564,250,1,249,AÇIK OTOPARK,1,15,24 Saat
2026-07-18T14:51:28.524021+00:00,2026-07-18T17:51:28.524021+03:00,2793,İspark Merter Katlı Otoparkı,GÜNGÖREN,41.0097,28.89,900,477,423,KAPALI OTOPARK,1,10,24 Saat
2026-07-18T14:51:28.524021+00:00,2026-07-18T17:51:28.524021+03:00,2430,İspark West İstanbul Marina Açık Otoparkı,BEYLİKDÜZÜ,40.9639,28.6591,1600,1008,592,AÇIK OTOPARK,1,15,24 Saat
2026-07-18T14:51:28.524021+00:00,2026-07-18T17:51:28.524021+03:00,381,İstinye 4 ( Cami Önü ),SARIYER,41.1149,29.0571,25,1,24,YOL ÜSTÜ,0,15,08:30-17:30
2026-07-18T14:51:28.524021+00:00,2026-07-18T17:51:28.524021+03:00,1804,İtalyan Hastanesi Karşısı Açık Otoparkı 1,BEYOĞLU,41.028,28.9815,30,1,29,AÇIK OTOPARK,1,0,08:00-19:00
2026-07-18T14:51:28.524021+00:00,2026-07-18T17:51:28.524021+03:00,507,Kabasakal Medrese Önü,FATİH,41.0062,28.9789,65,1,64,AÇIK OTOPARK,1,0,08:00-18:30
2026-07-18T14:51:28.524021+00:00,2026-07-18T17:51:28.524021+03:00,3306,Kabataş Transfer Merkezi Turizm Otobüs Otoparkı,BEYOĞLU,41.0336,28.9923,160,0,160,KAPALI OTOPARK,1,20,24 Saat
2026-07-18T14:51:28.524021+00:00,2026-07-18T17:51:28.524021+03:00,2918,Kadıköy Hasanpaşa Gazhane Katlı Otoparkı,KADIKÖY,40.9972,29.0428,310,166,144,KAPALI OTOPARK,1,15,24 Saat
2026-07-18T14:51:28.524021+00:00,2026-07-18T17:51:28.524021+03:00,1447,Kadıköy İski Açık Otoparkı,KADIKÖY,40.9874,29.0207,124,0,124,AÇIK OTOPARK,1,15,24 Saat
2026-07-18T14:51:28.524021+00:00,2026-07-18T17:51:28.524021+03:00,1655,Kadıköy Metro Açık Otoparkı,KADIKÖY,40.9899,29.0217,74,0,74,AÇIK OTOPARK,1,15,24 Saat
2026-07-18T14:51:28.524021+00:00,2026-07-18T17:51:28.524021+03:00,3445,Kadıköy Uzunçayır PD Açık Otoparkı,KADIKÖY,40.9982,29.0569,70,49,21,AÇIK OTOPARK,0,15,06:30-16:30
2026-07-18T14:51:28.524021+00:00,2026-07-18T17:51:28.524021+03:00,2808,Kadıköy Yeni Salı Pazarı PD Katlı Otoparkı,KADIKÖY,40.9969,29.0486,1350,498,852,KAPALI OTOPARK,1,15,24 Saat
2026-07-18T14:51:28.524021+00:00,2026-07-18T17:51:28.524021+03:00,2811,Kağıthane Harmantepe Zemin Altı Otoparkı,KAĞITHANE,41.0816,28.9907,200,0,200,KAPALI OTOPARK,1,0,24 Saat
2026-07-18T14:51:28.524021+00:00,2026-07-18T17:51:28.524021+03:00,1452,Kalamış Açık Otoparkı,KADIKÖY,40.9687,29.0363,173,42,131,AÇIK OTOPARK,1,15,24 Saat
2026-07-18T14:51:28.524021+00:00,2026-07-18T17:51:28.524021+03:00,1474,Kartal Hasan Doğan Spor Kompleksi,KARTAL,40.8918,29.1897,773,0,773,KAPALI OTOPARK,1,15,24 Saat
2026-07-18T14:51:28.524021+00:00,2026-07-18T17:51:28.524021+03:00,1105,Kartal İdo Açık Otoparkı,KARTAL,40.8874,29.1881,90,0,90,AÇIK OTOPARK,1,15,24 Saat
2026-07-18T14:51:28.524021+00:00,2026-07-18T17:51:28.524021+03:00,1550,Kartal Sahil Açık Otoparkı,KARTAL,40.8875,29.1901,75,0,75,AÇIK OTOPARK,1,5,24 Saat
2026-07-18T14:51:28.524021+00:00,2026-07-18T17:51:28.524021+03:00,3434,Kasımpaşa Sosyal Tesisler Otoparkı,BEYOĞLU,41.0296,28.9673,60,35,25,AÇIK OTOPARK,1,0,07:30-23:00
2026-07-18T14:51:28.524021+00:00,2026-07-18T17:51:28.524021+03:00,2827,Kayaşehir Meydan Zemin Altı Otoparkı,BAŞAKŞEHİR,41.1196,28.7718,1054,1,1053,KAPALI OTOPARK,0,0,10:00-17:00
2026-07-18T14:51:28.524021+00:00,2026-07-18T17:51:28.524021+03:00,1960,Kazlıçeşme Marmaray Açık Otoparkı,ZEYTİNBURNU,40.9922,28.917,700,523,177,AÇIK OTOPARK,1,15,24 Saat
2026-07-18T14:51:28.524021+00:00,2026-07-18T17:51:28.524021+03:00,2994,Kirazlı Metro Durağı PD Açık Otoparkı,BAĞCILAR,41.033,28.8429,112,0,112,AÇIK OTOPARK,1,5,24 Saat
2026-07-18T14:51:28.524021+00:00,2026-07-18T17:51:28.524021+03:00,1528,Kore Şehitleri Caddesi - Yüzbaşı Kaya Aldağon Sokak 1,ŞİŞLİ,41.0719,29.0139,40,1,39,YOL ÜSTÜ,0,15,07:00-16:00
2026-07-18T14:51:28.524021+00:00,2026-07-18T17:51:28.524021+03:00,2449,Kozyatağı Sebze-Meyve Hali,ATAŞEHİR,40.9787,29.1029,1500,1500,0,AÇIK OTOPARK,1,0,24 Saat
2026-07-18T14:51:28.524021+00:00,2026-07-18T17:51:28.524021+03:00,1206,Kutlugün Sokak 2,FATİH,41.0061,28.9801,200,1,199,YOL ÜSTÜ,1,0,08:00-18:00
2026-07-18T14:51:28.524021+00:00,2026-07-18T17:51:28.524021+03:00,3074,Küçük Çamlıca,ÜSKÜDAR,41.0204,29.0653,129,106,23,AÇIK OTOPARK,1,0,08:00-22:00
2026-07-18T14:51:28.524021+00:00,2026-07-18T17:51:28.524021+03:00,3127,Küçükçekmece Cennet Mahallesi Meydan Zemin Altı Otoparkı,KÜÇÜKÇEKMECE,40.9907,28.783,456,0,456,KAPALI OTOPARK,1,10,24 Saat
2026-07-18T14:51:28.524021+00:00,2026-07-18T17:51:28.524021+03:00,2554,Küçükçekmece Fevzi Çakmak Meydanı Zemin Altı Otoparkı,KÜÇÜKÇEKMECE,41.0076,28.7927,1000,532,468,KAPALI OTOPARK,1,10,24 Saat
2026-07-18T14:51:28.524021+00:00,2026-07-18T17:51:28.524021+03:00,2882,Küçüksu Kasrı Açık Otoparkı,BEYKOZ,41.0789,29.0657,98,90,8,AÇIK OTOPARK,1,0,07:00-23:00
2026-07-18T14:51:28.524021+00:00,2026-07-18T17:51:28.524021+03:00,220,Levent Hamidiye,BEŞİKTAŞ,41.0861,29.0076,100,1,99,AÇIK OTOPARK,1,0,08:00-19:00
2026-07-18T14:51:28.524021+00:00,2026-07-18T17:51:28.524021+03:00,2335,Maçka Açık Otoparkı,ŞİŞLİ,41.046,28.9908,75,75,0,AÇIK OTOPARK,1,0,24 Saat
2026-07-18T14:51:28.524021+00:00,2026-07-18T17:51:28.524021+03:00,1859,Maçka Katlı Otoparkı,ŞİŞLİ,41.0484,28.9903,508,0,508,KAPALI OTOPARK,1,0,24 Saat
2026-07-18T14:51:28.524021+00:00,2026-07-18T17:51:28.524021+03:00,3193,Maltepe Rıhtım Caddesi Açık Otoparkı,MALTEPE,40.9258,29.1241,76,19,57,AÇIK OTOPARK,1,0,24 Saat
2026-07-18T14:51:28.524021+00:00,2026-07-18T17:51:28.524021+03:00,2146,Maltepe Süreyyapaşa Çarşısı Açık Otoparkı,MALTEPE,40.9274,29.1225,156,78,78,AÇIK OTOPARK,1,0,24 Saat
2026-07-18T14:51:28.524021+00:00,2026-07-18T17:51:28.524021+03:00,1599,Maslak Açık Otoparkı,SARIYER,41.1166,29.024,150,135,15,AÇIK OTOPARK,1,10,24 Saat
2026-07-18T14:51:28.524021+00:00,2026-07-18T17:51:28.524021+03:00,2100,Matbaacılar Sitesi Yanı,ZEYTİNBURNU,41.0234,28.9187,250,212,38,AÇIK OTOPARK,1,5,24 Saat
2026-07-18T14:51:28.524021+00:00,2026-07-18T17:51:28.524021+03:00,920,Meclis-i Mebusan Yokuşu 2,BEYOĞLU,41.0326,28.9882,34,1,33,YOL ÜSTÜ,0,15,09:00-17:00
2026-07-18T14:51:28.524021+00:00,2026-07-18T17:51:28.524021+03:00,1546,Menekşe Plajı Açık Otoparkı,BAKIRKÖY,40.9761,28.7766,200,199,1,AÇIK OTOPARK,1,0,24 Saat
2026-07-18T14:51:28.524021+00:00,2026-07-18T17:51:28.524021+03:00,1376,Mercan Açık,FATİH,41.0136,28.9669,130,59,71,AÇIK OTOPARK,1,0,08:00-23:00
2026-07-18T14:51:28.524021+00:00,2026-07-18T17:51:28.524021+03:00,3309,Mercan Ali Paşa Sarayı Zemin Altı Otoparkı,FATİH,41.0136,28.967,196,1,195,KAPALI OTOPARK,1,0,07:00-21:00
2026-07-18T14:51:28.524021+00:00,2026-07-18T17:51:28.524021+03:00,1472,Merter Katlı Otoparkı,GÜNGÖREN,41.0092,28.8874,1000,919,81,KAPALI OTOPARK,1,10,24 Saat
2026-07-18T14:51:28.524021+00:00,2026-07-18T17:51:28.524021+03:00,2375,Merter Metro PD Zeminaltı Otoparkı,GÜNGÖREN,41.0037,28.8897,242,111,131,KAPALI OTOPARK,1,10,24 Saat
2026-07-18T14:51:28.524021+00:00,2026-07-18T17:51:28.524021+03:00,1568,Mete Caddesi 1,BEYOĞLU,41.0382,28.9879,31,1,30,YOL ÜSTÜ,1,15,08:00-23:00
2026-07-18T14:51:28.524021+00:00,2026-07-18T17:51:28.524021+03:00,1471,Mevlana Yeraltı Katlı Otoparkı,ZEYTİNBURNU,41.0072,28.9049,1000,882,118,KAPALI OTOPARK,1,5,24 Saat
2026-07-18T14:51:28.524021+00:00,2026-07-18T17:51:28.524021+03:00,2709,Millet Caddesi Açık Otoparkı,FATİH,41.01,28.9461,60,30,30,AÇIK OTOPARK,1,15,24 Saat
2026-07-18T14:51:28.524021+00:00,2026-07-18T17:51:28.524021+03:00,3152,Mimar Sinan Zemin Altı Otoparkı,ÜSKÜDAR,41.0222,29.0169,956,0,956,KAPALI OTOPARK,1,15,24 Saat
2026-07-18T14:51:28.524021+00:00,2026-07-18T17:51:28.524021+03:00,2870,Miniatürk Çadır Açık Otoparkı,BEYOĞLU,41.0594,28.9501,250,162,88,AÇIK OTOPARK,1,15,07:00-20:00
2026-07-18T14:51:28.524021+00:00,2026-07-18T17:51:28.524021+03:00,2556,Muallim Naci Açık Otoparkı,BEŞİKTAŞ,41.0561,29.0342,35,12,23,AÇIK OTOPARK,1,15,24 Saat
2026-07-18T14:51:28.524021+00:00,2026-07-18T17:51:28.524021+03:00,569,Oda Kule Önü 1,BEYOĞLU,41.0322,28.9751,24,1,23,YOL ÜSTÜ,1,0,07:00-01:00
2026-07-18T14:51:28.524021+00:00,2026-07-18T17:51:28.524021+03:00,1988,Orhangazi Şehir Parkı PD Açık Otoparkı,MALTEPE,40.9313,29.1161,5022,3395,1627,AÇIK OTOPARK,1,15,24 Saat
2026-07-18T14:51:28.524021+00:00,2026-07-18T17:51:28.524021+03:00,152,Ortabahçe Caddesi 2,BEŞİKTAŞ,41.0428,29.0043,35,1,34,YOL ÜSTÜ,1,15,08:00-23:00
2026-07-18T14:51:28.524021+00:00,2026-07-18T17:51:28.524021+03:00,153,Ortabahçe Caddesi 3,BEŞİKTAŞ,41.043,29.0042,26,1,25,YOL ÜSTÜ,1,15,08:00-23:00
2026-07-18T14:51:28.524021+00:00,2026-07-18T17:51:28.524021+03:00,119,Ortaklar Caddesi 1,ŞİŞLİ,41.0638,28.9971,25,1,24,YOL ÜSTÜ,0,15,08:30-17:00
2026-07-18T14:51:28.524021+00:00,2026-07-18T17:51:28.524021+03:00,1343,Ortaköy Açık Otoparkı,BEŞİKTAŞ,41.0504,29.0326,170,85,85,AÇIK OTOPARK,1,0,24 Saat
2026-07-18T14:51:28.524021+00:00,2026-07-18T17:51:28.524021+03:00,572,Ortaköy Portakal Yokuşu 1,BEŞİKTAŞ,41.0503,29.0261,15,1,14,YOL ÜSTÜ,1,15,09:00-19:00
2026-07-18T14:51:28.524021+00:00,2026-07-18T17:51:28.524021+03:00,1039,Öğretmen Evi,AVCILAR,40.9723,28.714,80,42,38,AÇIK OTOPARK,1,0,11:00-23:00
2026-07-18T14:51:28.524021+00:00,2026-07-18T17:51:28.524021+03:00,1466,Pendik Katlı Otoparkı,PENDİK,40.8789,29.2342,120,0,120,KAPALI OTOPARK,1,15,24 Saat
2026-07-18T14:51:28.524021+00:00,2026-07-18T17:51:28.524021+03:00,3073,Pendik Kemal Kalkuz Parkı Zemin Altı Otoparkı,PENDİK,40.8885,29.2427,224,0,224,KAPALI OTOPARK,1,0,09:00-18:00
2026-07-18T14:51:28.524021+00:00,2026-07-18T17:51:28.524021+03:00,3019,Pendik Meydan Zemin Altı Otoparkı,PENDİK,40.8752,29.2324,937,0,937,KAPALI OTOPARK,1,0,24 Saat
2026-07-18T14:51:28.524021+00:00,2026-07-18T17:51:28.524021+03:00,2865,Pendik Sahil Engelliler Merkez Önü,PENDİK,40.8735,29.233,100,66,34,AÇIK OTOPARK,1,0,11:00-20:00
2026-07-18T14:51:28.524021+00:00,2026-07-18T17:51:28.524021+03:00,2434,Pendik Sahil İdo,PENDİK,40.8755,29.2369,100,0,100,AÇIK OTOPARK,1,0,07:00-23:00
2026-07-18T14:51:28.524021+00:00,2026-07-18T17:51:28.524021+03:00,248,Pendik Yenimahalle Açık 2 Otoparkı,PENDİK,40.864,29.2723,124,98,26,AÇIK OTOPARK,1,15,10:00-22:00
2026-07-18T14:51:28.524021+00:00,2026-07-18T17:51:28.524021+03:00,297,Perşembe Pazarı 1,BEYOĞLU,41.0252,28.9693,32,1,31,YOL ÜSTÜ,0,15,08:00-17:00
2026-07-18T14:51:28.524021+00:00,2026-07-18T17:51:28.524021+03:00,597,Pierre Loti Caddesi 3,FATİH,41.0069,28.9711,36,1,35,YOL ÜSTÜ,0,0,07:00-17:00
2026-07-18T14:51:28.524021+00:00,2026-07-18T17:51:28.524021+03:00,3263,Piyalepaşa Meydanı Zemin Altı Otoparkı,BEYOĞLU,41.0445,28.9674,560,284,276,KAPALI OTOPARK,1,0,24 Saat
2026-07-18T14:51:28.524021+00:00,2026-07-18T17:51:28.524021+03:00,423,Prof.Cemil Birsel Yokuşu 3,FATİH,41.0178,28.967,40,1,39,YOL ÜSTÜ,1,0,07:00-18:00
2026-07-18T14:51:28.524021+00:00,2026-07-18T17:51:28.524021+03:00,1900,Ragıp Gümüşpala Cad.(Sobacılar Önü),FATİH,41.0181,28.969,40,1,39,YOL ÜSTÜ,1,15,07:00-18:00
2026-07-18T14:51:28.524021+00:00,2026-07-18T17:51:28.524021+03:00,415,Ragıp Gümüşpala Camii Önü 1,FATİH,41.0211,28.9627,35,1,34,YOL ÜSTÜ,0,0,07:00-17:30
2026-07-18T14:51:28.524021+00:00,2026-07-18T17:51:28.524021+03:00,3268,Refik Saydam Caddesi 3,BEYOĞLU,41.032,28.9736,55,1,54,YOL ÜSTÜ,1,0,06:00-23:00
2026-07-18T14:51:28.524021+00:00,2026-07-18T17:51:28.524021+03:00,2307,Ressam Halim Sokak PD Açık Otoparkı,BAHÇELİEVLER,40.9967,28.8641,120,99,21,AÇIK OTOPARK,1,15,08:00-00:00
2026-07-18T14:51:28.524021+00:00,2026-07-18T17:51:28.524021+03:00,3082,Rumeli Hisarı Sahil Yolu Otoparkı,SARIYER,41.0854,29.0568,20,1,19,AÇIK OTOPARK,1,0,24 Saat
2026-07-18T14:51:28.524021+00:00,2026-07-18T17:51:28.524021+03:00,1595,Sabiha Gökçen Açık Otoparkı,PENDİK,40.925,29.308,1056,0,1056,AÇIK OTOPARK,1,15,24 Saat
2026-07-18T14:51:28.524021+00:00,2026-07-18T17:51:28.524021+03:00,3239,Samatya Sahil Cep Otoparkı,FATİH,40.9954,28.932,113,91,22,AÇIK OTOPARK,1,15,24 Saat
2026-07-18T14:51:28.524021+00:00,2026-07-18T17:51:28.524021+03:00,3273,Sarıyer Büyükdere Fidanlığı,SARIYER,41.1548,29.0268,160,156,4,AÇIK OTOPARK,1,0,08:00-18:00
2026-07-18T14:51:28.524021+00:00,2026-07-18T17:51:28.524021+03:00,3299,Sariyer Ayazağa Mah Vadi İstanbul Önü Açık Otoparkı,SARIYER,41.1106,28.9881,100,97,3,AÇIK OTOPARK,1,0,08:00-20:00
2026-07-18T14:51:28.524021+00:00,2026-07-18T17:51:28.524021+03:00,1303,Seyrantepe Katlı (Arena Karşısı) 1,KAĞITHANE,41.101,28.9961,1897,1,1896,KAPALI OTOPARK,1,0,24 Saat
2026-07-18T14:51:28.524021+00:00,2026-07-18T17:51:28.524021+03:00,1628,Sıracevizler Caddesi Yol Üstü 5,ŞİŞLİ,41.0607,28.9841,45,1,44,YOL ÜSTÜ,0,15,09:00-17:00
2026-07-18T14:51:28.524021+00:00,2026-07-18T17:51:28.524021+03:00,464,Sirkeci Gar Önü,FATİH,41.015,28.9761,60,1,59,AÇIK OTOPARK,1,5,07:00-20:00
2026-07-18T14:51:28.524021+00:00,2026-07-18T17:51:28.524021+03:00,1486,Siyavuşpaşa Yer Altı Otoparkı,BAHÇELİEVLER,40.9965,28.8532,155,0,155,KAPALI OTOPARK,1,0,24 Saat
2026-07-18T14:51:28.524021+00:00,2026-07-18T17:51:28.524021+03:00,1958,Soğanlık Metro PD Açık Otoparkı,KARTAL,40.9131,29.1925,898,829,69,AÇIK OTOPARK,1,15,24 Saat
2026-07-18T14:51:28.524021+00:00,2026-07-18T17:51:28.524021+03:00,589,Su Terazisi Sokak,FATİH,41.0046,28.9727,22,1,21,YOL ÜSTÜ,0,0,07:30-17:00
2026-07-18T14:51:28.524021+00:00,2026-07-18T17:51:28.524021+03:00,1478,Suadiye Cep Açık Otoparkı,KADIKÖY,40.9586,29.0732,130,0,130,AÇIK OTOPARK,1,15,24 Saat
2026-07-18T14:51:28.524021+00:00,2026-07-18T17:51:28.524021+03:00,2948,Suadiye Sahil Açık Otoparkı,KADIKÖY,40.9562,29.0797,70,0,70,AÇIK OTOPARK,1,5,24 Saat
2026-07-18T14:51:28.524021+00:00,2026-07-18T17:51:28.524021+03:00,2799,Sultanbeyli Emir Caddesi Zemin Altı Otoparkı,SULTANBEYLİ,40.9707,29.2606,130,109,21,KAPALI OTOPARK,1,15,08:00-22:00
2026-07-18T14:51:28.524021+00:00,2026-07-18T17:51:28.524021+03:00,2372,Sultanbeyli Kent Meydanı Zemin Altı Otoparkı,SULTANBEYLİ,40.9667,29.2667,300,140,160,KAPALI OTOPARK,1,15,24 Saat
2026-07-18T14:51:28.524021+00:00,2026-07-18T17:51:28.524021+03:00,2410,Sultangazi Zemin Altı Otoparkı,SULTANGAZİ,41.0944,28.8649,104,0,104,KAPALI OTOPARK,1,10,24 Saat
2026-07-18T14:51:28.524021+00:00,2026-07-18T17:51:28.524021+03:00,2085,Süleyman Seba Caddesi 2,BEŞİKTAŞ,41.0426,28.9998,40,1,39,YOL ÜSTÜ,1,15,08:00-18:00
2026-07-18T14:51:28.524021+00:00,2026-07-18T17:51:28.524021+03:00,2088,Süleyman Seba Caddesi 5,BEŞİKTAŞ,41.0432,28.9978,40,1,39,YOL ÜSTÜ,1,15,08:00-18:00
2026-07-18T14:51:28.524021+00:00,2026-07-18T17:51:28.524021+03:00,2089,Süleyman Seba Caddesi 6,BEŞİKTAŞ,41.0435,28.9967,11,1,10,YOL ÜSTÜ,1,15,08:00-18:00
2026-07-18T14:51:28.524021+00:00,2026-07-18T17:51:28.524021+03:00,2391,Süleymaniye Cami Altı Açık Otoparkı,FATİH,41.0158,28.961,250,233,17,AÇIK OTOPARK,1,0,06:30-18:30
2026-07-18T14:51:28.524021+00:00,2026-07-18T17:51:28.524021+03:00,1730,Sütlüce Miniatürk Yanı,BEYOĞLU,41.057,28.95,320,219,101,AÇIK OTOPARK,1,15,24 Saat
2026-07-18T14:51:28.524021+00:00,2026-07-18T17:51:28.524021+03:00,36,Şakayık Sokak 4,ŞİŞLİ,41.0518,28.9936,50,1,49,YOL ÜSTÜ,0,15,08:00-16:00
2026-07-18T14:51:28.524021+00:00,2026-07-18T17:51:28.524021+03:00,1469,Şehit Volkan Duysak Katlı Otoparkı,ZEYTİNBURNU,40.9968,28.9039,1000,691,309,KAPALI OTOPARK,1,5,24 Saat
2026-07-18T14:51:28.524021+00:00,2026-07-18T17:51:28.524021+03:00,2385,Şehremini Açık Otoparkı 1,FATİH,41.0135,28.9333,60,1,59,AÇIK OTOPARK,1,0,08:30-20:30
2026-07-18T14:51:28.524021+00:00,2026-07-18T17:51:28.524021+03:00,2855,Şemsipaşa Açık Otoparkı,ÜSKÜDAR,41.0255,29.0097,80,31,49,AÇIK OTOPARK,1,0,24 Saat
2026-07-18T14:51:28.524021+00:00,2026-07-18T17:51:28.524021+03:00,2439,Şirinevler Meydan Zeminaltı Otoparkı,BAHÇELİEVLER,40.9925,28.8496,367,109,258,KAPALI OTOPARK,1,0,24 Saat
2026-07-18T14:51:28.524021+00:00,2026-07-18T17:51:28.524021+03:00,3400,Şişhane Refik Saydam Caddesi 2 Yol Üstü Otoparkı 1,BEYOĞLU,41.0326,28.9743,70,1,69,YOL ÜSTÜ,1,15,06:00-23:00
2026-07-18T14:51:28.524021+00:00,2026-07-18T17:51:28.524021+03:00,1017,Şişli Kadırgalar Caddesi 1,ŞİŞLİ,41.0429,28.9927,100,1,99,AÇIK OTOPARK,1,0,07:00-23:00
2026-07-18T14:51:28.524021+00:00,2026-07-18T17:51:28.524021+03:00,3441,Şişli Kuştepe Zemin Altı Otoparkı,ŞİŞLİ,41.072,28.9919,430,328,102,KAPALI OTOPARK,1,15,24 Saat
2026-07-18T14:51:28.524021+00:00,2026-07-18T17:51:28.524021+03:00,2816,Şişli Rumeli Caddesi Metro Yanı 1,ŞİŞLİ,41.0538,28.9868,45,1,44,YOL ÜSTÜ,1,15,08:00-20:00
2026-07-18T14:51:28.524021+00:00,2026-07-18T17:51:28.524021+03:00,2406,Şişli Zemin Altı Otoparkı,ŞİŞLİ,41.0641,28.9992,581,386,195,KAPALI OTOPARK,1,15,24 Saat
2026-07-18T14:51:28.524021+00:00,2026-07-18T17:51:28.524021+03:00,1993,Tuzla İdo,TUZLA,40.8149,29.3039,300,212,88,AÇIK OTOPARK,1,15,24 Saat
2026-07-18T14:51:28.524021+00:00,2026-07-18T17:51:28.524021+03:00,3332,Tuzla Sahil Cep,TUZLA,40.8168,29.2992,50,41,9,AÇIK OTOPARK,1,0,08:00-00:00
2026-07-18T14:51:28.524021+00:00,2026-07-18T17:51:28.524021+03:00,3057,Tuzla Sahil Zemin Altı Otoparkı,TUZLA,40.8181,29.3004,779,528,251,KAPALI OTOPARK,1,15,24 Saat
2026-07-18T14:51:28.524021+00:00,2026-07-18T17:51:28.524021+03:00,1811,Ulu Camii Açık Otoparkı,BAHÇELİEVLER,40.9982,28.8499,150,126,24,AÇIK OTOPARK,1,10,24 Saat
2026-07-18T14:51:28.524021+00:00,2026-07-18T17:51:28.524021+03:00,2424,Uzunçayır Açık Otoparkı,KADIKÖY,40.9988,29.0556,58,52,6,AÇIK OTOPARK,0,0,06:00-16:00
2026-07-18T14:51:28.524021+00:00,2026-07-18T17:51:28.524021+03:00,1468,Ümraniye Katlı Otoparkı,ÜMRANİYE,41.0261,29.0953,665,272,393,KAPALI OTOPARK,1,15,24 Saat
2026-07-18T14:51:28.524021+00:00,2026-07-18T17:51:28.524021+03:00,2898,Ümraniye Okan Sokak Zeminaltı Otoparkı,ÜMRANİYE,41.0284,29.0907,125,25,100,KAPALI OTOPARK,1,15,24 Saat
2026-07-18T14:51:28.524021+00:00,2026-07-18T17:51:28.524021+03:00,2345,Üsküdar Uzunçayır PD Açık Otoparkı,ÜSKÜDAR,40.9988,29.0577,90,74,16,AÇIK OTOPARK,1,15,06:00-22:00
2026-07-18T14:51:28.524021+00:00,2026-07-18T17:51:28.524021+03:00,1929,Üsküdar Ünalan Açık Otoparkı,ÜSKÜDAR,40.9979,29.0604,180,175,5,AÇIK OTOPARK,0,0,07:00-17:00
2026-07-18T14:51:28.524021+00:00,2026-07-18T17:51:28.524021+03:00,1487,Vatan Caddesi PD Açık Otoparkı,FATİH,41.0157,28.9405,397,349,48,AÇIK OTOPARK,1,5,24 Saat
2026-07-18T14:51:28.524021+00:00,2026-07-18T17:51:28.524021+03:00,1621,Veteriner Hilmi Sokak Yol Üstü 1,ŞİŞLİ,41.0603,28.9892,20,1,19,YOL ÜSTÜ,0,15,08:00-17:00
2026-07-18T14:51:28.524021+00:00,2026-07-18T17:51:28.524021+03:00,2441,Yalı Açık Otoparkı,MALTEPE,40.9095,29.137,85,81,4,AÇIK OTOPARK,1,0,07:30-22:00
2026-07-18T14:51:28.524021+00:00,2026-07-18T17:51:28.524021+03:00,459,Yalı Köşkü Caddesi 1,FATİH,41.0163,28.9759,61,1,60,YOL ÜSTÜ,1,5,07:00-21:00
2026-07-18T14:51:28.524021+00:00,2026-07-18T17:51:28.524021+03:00,2037,Yenikapı Marmaray Büyük Otoparkı,FATİH,41.0057,28.9505,324,102,222,AÇIK OTOPARK,1,15,24 Saat
2026-07-18T14:51:28.524021+00:00,2026-07-18T17:51:28.524021+03:00,2036,Yenikapı Marmaray Küçük Otoparkı,FATİH,41.0064,28.9504,200,182,18,AÇIK OTOPARK,1,15,07:00-22:00
2026-07-18T14:51:28.524021+00:00,2026-07-18T17:51:28.524021+03:00,2175,Yenikapı Spor ve Kültür Merkezi PD Açık Otoparkı,FATİH,41.0006,28.9519,4023,3761,262,AÇIK OTOPARK,1,15,24 Saat
2026-07-18T14:51:28.524021+00:00,2026-07-18T17:51:28.524021+03:00,2805,Yenikapı Tünel Üstü Açık Otoparkı,FATİH,41.0029,28.9534,700,425,275,AÇIK OTOPARK,1,10,24 Saat
2026-07-18T14:51:28.524021+00:00,2026-07-18T17:51:28.524021+03:00,3404,Yenimahalle Metro Zemin Altı PD Otoparkı,GAZİOSMANPAŞA,41.0839,28.8926,114,95,19,KAPALI OTOPARK,1,15,24 Saat
2026-07-18T14:51:28.524021+00:00,2026-07-18T17:51:28.524021+03:00,2920,Yeşilce Zemin Altı Katlı Otoparkı,KAĞITHANE,41.0938,29.0017,676,313,363,KAPALI OTOPARK,1,0,24 Saat
2026-07-18T14:51:28.524021+00:00,2026-07-18T17:51:28.524021+03:00,987,Yeşilköy İstasyon Caddesi 1,BAKIRKÖY,40.962,28.825,40,1,39,YOL ÜSTÜ,0,15,09:00-17:30
2026-07-18T14:51:28.524021+00:00,2026-07-18T17:51:28.524021+03:00,974,Yeşilköy Marina 1,BAKIRKÖY,40.9576,28.8233,145,1,144,YOL ÜSTÜ,1,0,12:00-23:00
2026-07-18T14:51:28.524021+00:00,2026-07-18T17:51:28.524021+03:00,3406,Yeşilpınar Metro Zemin Altı PD Otoparkı,EYÜP,41.081,28.9204,269,205,64,KAPALI OTOPARK,1,15,24 Saat
2026-07-18T14:51:28.524021+00:00,2026-07-18T17:51:28.524021+03:00,315,Yeşilyurt Çarşı 1,BAKIRKÖY,40.9643,28.8379,50,1,49,YOL ÜSTÜ,0,15,09:00-17:30
2026-07-18T14:51:28.524021+00:00,2026-07-18T17:51:28.524021+03:00,1133,Yıldız Korusu,BEŞİKTAŞ,41.0514,29.0165,500,1,499,AÇIK OTOPARK,1,0,08:00-22:00
2026-07-18T14:51:28.524021+00:00,2026-07-18T17:51:28.524021+03:00,882,Zeytinburnu 58. Bulvar 2,ZEYTİNBURNU,40.9932,28.9039,48,1,47,YOL ÜSTÜ,1,15,09:00-18:00
2026-07-18T14:51:28.524021+00:00,2026-07-18T17:51:28.524021+03:00,3185,Zeytinburnu Sahil Cep Otoparkı,ZEYTİNBURNU,40.9798,28.8985,160,1,159,AÇIK OTOPARK,1,0,12:00-22:00
2026-07-18T15:56:35.144992+00:00,2026-07-18T18:56:35.144992+03:00,3068,15 Temmuz Şehitler Meydanı Zeminaltı Otoparkı,ÜMRANİYE,41.0246,29.0915,1029,547,482,KAPALI OTOPARK,1,15,24 Saat
2026-07-18T15:56:35.144992+00:00,2026-07-18T18:56:35.144992+03:00,2338,19 Mayıs Açık,ŞİŞLİ,41.0563,28.9941,65,0,65,AÇIK OTOPARK,1,0,24 Saat
2026-07-18T15:56:35.144992+00:00,2026-07-18T18:56:35.144992+03:00,1751,4.Levent PD Açık Otoparkı,KAĞITHANE,41.0836,29.0081,236,152,84,AÇIK OTOPARK,1,5,24 Saat
2026-07-18T15:56:35.144992+00:00,2026-07-18T18:56:35.144992+03:00,3328,4.Levent Servis ve Turizm Araçları Açık Otoparkı,ŞİŞLİ,41.0841,29.0054,300,173,127,AÇIK OTOPARK,1,15,24 Saat
2026-07-18T15:56:35.144992+00:00,2026-07-18T18:56:35.144992+03:00,3412,5. Levent Gaziosmanpaşa Adliyesi Yanı Açık Otoparkı,EYÜP,41.0927,28.9494,250,235,15,AÇIK OTOPARK,1,15,07:00-23:00
2026-07-18T15:56:35.144992+00:00,2026-07-18T18:56:35.144992+03:00,104,Abide-i Hürriyet Caddesi 5,ŞİŞLİ,41.0619,28.9876,40,1,39,YOL ÜSTÜ,0,15,08:00-17:00
2026-07-18T15:56:35.144992+00:00,2026-07-18T18:56:35.144992+03:00,2452,Acıbadem Açık Otoparkı,ÜSKÜDAR,41.0157,29.0574,100,87,13,AÇIK OTOPARK,0,0,06:30-16:00
2026-07-18T15:56:35.144992+00:00,2026-07-18T18:56:35.144992+03:00,346,Ada Karşısı Cep 2,BEŞİKTAŞ,41.072,29.045,30,1,29,YOL ÜSTÜ,1,15,08:00-23:00
2026-07-18T15:56:35.144992+00:00,2026-07-18T18:56:35.144992+03:00,1663,Akasyalı Sokak Tenis Kulubü Önü 2,BEŞİKTAŞ,41.0867,29.0109,45,1,44,YOL ÜSTÜ,0,15,08:30-17:30
2026-07-18T15:56:35.144992+00:00,2026-07-18T18:56:35.144992+03:00,828,Akdeniz Caddesi 4,FATİH,41.0175,28.9435,27,1,26,YOL ÜSTÜ,0,15,09:00-18:00
2026-07-18T15:56:35.144992+00:00,2026-07-18T18:56:35.144992+03:00,1913,Alibeyköy Cep Otogarı Açık Otoparkı,EYÜP,41.0879,28.9446,116,0,116,AÇIK OTOPARK,1,25,24 Saat
2026-07-18T15:56:35.144992+00:00,2026-07-18T18:56:35.144992+03:00,1912,Alibeyköy Cep Otogarı Otobüs Otoparkı,EYÜP,41.0875,28.9449,5000,4982,18,AÇIK OTOPARK,1,60,24 Saat
2026-07-18T15:56:35.144992+00:00,2026-07-18T18:56:35.144992+03:00,2562,Alibeyköy Yeşiltepe Zemin Altı Otoparkı,EYÜP,41.0797,28.938,159,64,95,KAPALI OTOPARK,1,15,24 Saat
2026-07-18T15:56:35.144992+00:00,2026-07-18T18:56:35.144992+03:00,3201,Altınboynuz Sosyal Tesisleri,EYÜP,41.058,28.9447,70,1,69,AÇIK OTOPARK,1,15,08:00-23:00
2026-07-18T15:56:35.144992+00:00,2026-07-18T18:56:35.144992+03:00,758,Arap Camii Açık Otoparkı,BEYOĞLU,41.0227,28.9723,30,1,29,AÇIK OTOPARK,0,0,09:00-17:00
2026-07-18T15:56:35.144992+00:00,2026-07-18T18:56:35.144992+03:00,2685,Aras Sokak 2,BÜYÜKÇEKMECE,41.023,28.6209,60,1,59,YOL ÜSTÜ,0,0,06:00-14:30
2026-07-18T15:56:35.144992+00:00,2026-07-18T18:56:35.144992+03:00,2802,Arnavutköy Zemin Altı Otoparkı,ARNAVUTKÖY,41.1838,28.7396,700,40,660,KAPALI OTOPARK,1,15,24 Saat
2026-07-18T15:56:35.144992+00:00,2026-07-18T18:56:35.144992+03:00,1797,Ataköy Atrium AVM,BAKIRKÖY,40.9881,28.8459,250,200,50,AÇIK OTOPARK,1,15,08:00-23:00
2026-07-18T15:56:35.144992+00:00,2026-07-18T18:56:35.144992+03:00,2824,Ataköy Metro Durağı Yanı PD Zemin Altı Otoparkı,BAKIRKÖY,40.9904,28.8456,150,90,60,KAPALI OTOPARK,1,0,24 Saat
2026-07-18T15:56:35.144992+00:00,2026-07-18T18:56:35.144992+03:00,3161,Ataşehir Topçu İbrahim Sokak,ATAŞEHİR,40.9736,29.101,42,1,41,YOL ÜSTÜ,0,15,07:00-16:00
2026-07-18T15:56:35.144992+00:00,2026-07-18T18:56:35.144992+03:00,359,Atatürk Bulvarı 1,FATİH,41.0112,28.9534,20,1,19,YOL ÜSTÜ,0,0,07:30-18:00
2026-07-18T15:56:35.144992+00:00,2026-07-18T18:56:35.144992+03:00,3087,Atatürk Kent Ormanı Otoparkı,SARIYER,41.136,29.0262,200,197,3,AÇIK OTOPARK,0,0,08:00-17:00
2026-07-18T15:56:35.144992+00:00,2026-07-18T18:56:35.144992+03:00,2243,Avcılar Denizköşkler Toplantı ve Davet Salonu Açık Otoparkı,AVCILAR,40.9746,28.7435,200,1,199,AÇIK OTOPARK,1,15,13:00-07:00
2026-07-18T15:56:35.144992+00:00,2026-07-18T18:56:35.144992+03:00,1088,Avcılar İdo,AVCILAR,40.9712,28.7185,270,263,7,AÇIK OTOPARK,1,0,13:00-07:00
2026-07-18T15:56:35.144992+00:00,2026-07-18T18:56:35.144992+03:00,2885,Azapkapı Haliç Metro Otoparkı,ŞİŞLİ,41.0245,28.9691,80,0,80,AÇIK OTOPARK,1,5,24 Saat
2026-07-18T15:56:35.144992+00:00,2026-07-18T18:56:35.144992+03:00,2455,Azerbaycan Dostluk Parkı Zemin Altı Otoparkı,BAĞCILAR,41.0444,28.854,400,230,170,KAPALI OTOPARK,1,10,24 Saat
2026-07-18T15:56:35.144992+00:00,2026-07-18T18:56:35.144992+03:00,2965,Bağcılar Çolakoğlu Zemin Altı Otoparkı,BAĞCILAR,41.0324,28.8345,106,0,106,KAPALI OTOPARK,1,5,24 Saat
2026-07-18T15:56:35.144992+00:00,2026-07-18T18:56:35.144992+03:00,2576,Bağcılar Demirkapı Zemin Altı Otoparkı,BAĞCILAR,41.0499,28.8327,343,168,175,KAPALI OTOPARK,1,5,24 Saat
2026-07-18T15:56:35.144992+00:00,2026-07-18T18:56:35.144992+03:00,3036,Bağcılar Devlet Hastanesi Yanı Zeminaltı Otoparkı,BAĞCILAR,41.0312,28.8696,1133,176,957,KAPALI OTOPARK,1,15,24 Saat
2026-07-18T15:56:35.144992+00:00,2026-07-18T18:56:35.144992+03:00,3071,Bağcılar Emniyet Müdürlüğü Yanı Açık Otoparkı,BAĞCILAR,41.0353,28.8598,100,45,55,AÇIK OTOPARK,1,0,24 Saat
2026-07-18T15:56:35.144992+00:00,2026-07-18T18:56:35.144992+03:00,2873,Bağcılar Göztepe Zemin Altı,BAĞCILAR,41.0567,28.8355,120,0,120,KAPALI OTOPARK,1,5,24 Saat
2026-07-18T15:56:35.144992+00:00,2026-07-18T18:56:35.144992+03:00,3187,Bağcılar Hürriyet Mahallesi Zemin Altı Otoparkı,BAĞCILAR,41.0291,28.8333,355,0,355,KAPALI OTOPARK,1,10,24 Saat
2026-07-18T15:56:35.144992+00:00,2026-07-18T18:56:35.144992+03:00,2916,Bağcılar Kent Meydanı PD Zemin Altı Otoparkı,BAĞCILAR,41.0339,28.8556,1162,0,1162,KAPALI OTOPARK,1,0,24 Saat
2026-07-18T15:56:35.144992+00:00,2026-07-18T18:56:35.144992+03:00,3261,Bağcılar Yenimahalle Zemin Altı Otoparkı,BAĞCILAR,41.0425,28.8395,525,294,231,KAPALI OTOPARK,1,15,24 Saat
2026-07-18T15:56:35.144992+00:00,2026-07-18T18:56:35.144992+03:00,2820,Bağcılar Yıldıztepe Katlı Otoparkı,BAĞCILAR,41.0294,28.8556,350,0,350,KAPALI OTOPARK,1,10,24 Saat
2026-07-18T15:56:35.144992+00:00,2026-07-18T18:56:35.144992+03:00,3447,Bahçelievler 23 Nisan Milli Egemenlik Zeminaltı Otoparkı,BAHÇELİEVLER,40.9988,28.8472,732,462,270,KAPALI OTOPARK,1,10,24 Saat
2026-07-18T15:56:35.144992+00:00,2026-07-18T18:56:35.144992+03:00,2993,Bahçelievler Cumhuriyet Zeminaltı Otoparkı,BAHÇELİEVLER,41.0149,28.859,663,0,663,KAPALI OTOPARK,1,10,24 Saat
2026-07-18T15:56:35.144992+00:00,2026-07-18T18:56:35.144992+03:00,2969,Bahçelievler Devlet Hastanesi Yanı Katlı Otoparkı,BAHÇELİEVLER,41.0072,28.8442,740,0,740,KAPALI OTOPARK,1,0,24 Saat
2026-07-18T15:56:35.144992+00:00,2026-07-18T18:56:35.144992+03:00,3051,Bahçelievler Zafer Mh. Zeminaltı Otoparkı,BAHÇELİEVLER,41.0036,28.8351,200,92,108,KAPALI OTOPARK,1,0,24 Saat
2026-07-18T15:56:35.144992+00:00,2026-07-18T18:56:35.144992+03:00,3118,Bahçeşehir Doğa Parkı Caddesi 3,BAŞAKŞEHİR,41.0683,28.6894,22,1,21,YOL ÜSTÜ,1,15,10:00-20:00
2026-07-18T15:56:35.144992+00:00,2026-07-18T18:56:35.144992+03:00,3236,Bahçeşehir Gölet Açık Otoparkı,BAŞAKŞEHİR,41.0719,28.6901,200,1,199,AÇIK OTOPARK,1,0,12:00-22:00
2026-07-18T15:56:35.144992+00:00,2026-07-18T18:56:35.144992+03:00,1465,Bakırköy İdo Açık Otoparkı,BAKIRKÖY,40.9739,28.8761,160,43,117,AÇIK OTOPARK,1,10,24 Saat
2026-07-18T15:56:35.144992+00:00,2026-07-18T18:56:35.144992+03:00,1104,Balmumcu Katlı Otoparkı,BEŞİKTAŞ,41.0636,29.0109,400,325,75,KAPALI OTOPARK,1,5,24 Saat
2026-07-18T15:56:35.144992+00:00,2026-07-18T18:56:35.144992+03:00,2796,Başakşehir Metro Açık Otoparkı,BAŞAKŞEHİR,41.107,28.801,125,1,124,AÇIK OTOPARK,0,0,07:00-16:00
2026-07-18T15:56:35.144992+00:00,2026-07-18T18:56:35.144992+03:00,2350,Bayrampaşa Adapark Katlı Otoparkı,BAYRAMPAŞA,41.0647,28.8875,650,0,650,KAPALI OTOPARK,1,15,24 Saat
2026-07-18T15:56:35.144992+00:00,2026-07-18T18:56:35.144992+03:00,2892,Bayrampaşa Altıntepsi Zemin  Altı Otoparkı,BAYRAMPAŞA,41.0393,28.9029,110,0,110,KAPALI OTOPARK,1,10,24 Saat
2026-07-18T15:56:35.144992+00:00,2026-07-18T18:56:35.144992+03:00,2909,Bayrampaşa Atatürk Parkı  Zemin Altı Otoparkı,BAYRAMPAŞA,41.0342,28.9123,442,26,416,KAPALI OTOPARK,1,10,24 Saat
2026-07-18T15:56:35.144992+00:00,2026-07-18T18:56:35.144992+03:00,2683,Bayrampaşa Devlet Hastanesi Cep Otoparkı,BAYRAMPAŞA,41.0414,28.9031,55,27,28,AÇIK OTOPARK,1,0,08:00-19:00
2026-07-18T15:56:35.144992+00:00,2026-07-18T18:56:35.144992+03:00,3301,Bayrampaşa Kocatepe Mahallesi Zemin Altı Otoparkı,BAYRAMPAŞA,41.0545,28.8964,241,0,241,KAPALI OTOPARK,1,10,24 Saat
2026-07-18T15:56:35.144992+00:00,2026-07-18T18:56:35.144992+03:00,2053,Bayrampaşa Muratpaşa Yer Altı Otoparkı,BAYRAMPAŞA,41.047,28.9082,300,41,259,KAPALI OTOPARK,1,15,24 Saat
2026-07-18T15:56:35.144992+00:00,2026-07-18T18:56:35.144992+03:00,3175,Bayrampaşa Spor Kompleksi Zemin Altı Otoparkı,BAYRAMPAŞA,41.0446,28.9106,205,0,205,KAPALI OTOPARK,1,15,24 Saat
2026-07-18T15:56:35.144992+00:00,2026-07-18T18:56:35.144992+03:00,3382,Bayrampaşa Şehit Kamil Balkan Zemin Altı Otoparkı,BAYRAMPAŞA,41.0604,28.9008,235,0,235,KAPALI OTOPARK,1,10,24 Saat
2026-07-18T15:56:35.144992+00:00,2026-07-18T18:56:35.144992+03:00,2428,Bayrampaşa Yenidoğan Mahallesi Zemin Altı Otoparkı,BAYRAMPAŞA,41.0395,28.9088,120,0,120,KAPALI OTOPARK,1,10,24 Saat
2026-07-18T15:56:35.144992+00:00,2026-07-18T18:56:35.144992+03:00,2468,Bebek Açık,BEŞİKTAŞ,41.077,29.0434,30,1,29,AÇIK OTOPARK,1,0,24 Saat
2026-07-18T15:56:35.144992+00:00,2026-07-18T18:56:35.144992+03:00,3479,Beşiktaş Halk Pazarı Açık Otoparkı,BEŞİKTAŞ,41.0496,29.0004,170,170,0,AÇIK OTOPARK,1,5,24 Saat
2026-07-18T15:56:35.144992+00:00,2026-07-18T18:56:35.144992+03:00,573,Beşiktaş Kadastro Önü 1,BEŞİKTAŞ,41.0503,29.0076,39,1,38,YOL ÜSTÜ,0,15,08:00-17:00
2026-07-18T15:56:35.144992+00:00,2026-07-18T18:56:35.144992+03:00,3257,Beykoz Sahil Cep Otoparkı,BEYKOZ,41.1286,29.0953,100,75,25,AÇIK OTOPARK,1,0,08:00-00:00
2026-07-18T15:56:35.144992+00:00,2026-07-18T18:56:35.144992+03:00,2273,Beykoz Sosyal Tesisleri,BEYKOZ,41.1143,29.0888,130,0,130,AÇIK OTOPARK,1,15,08:00-00:00
2026-07-18T15:56:35.144992+00:00,2026-07-18T18:56:35.144992+03:00,2999,Beyoğlu Gazhane Bostan Sokak 2,BEYOĞLU,41.0389,28.9903,35,1,34,YOL ÜSTÜ,0,0,07:30-16:30
2026-07-18T15:56:35.144992+00:00,2026-07-18T18:56:35.144992+03:00,3072,Beyoğlu Örnektepe Zemin Altı Otoparkı,BEYOĞLU,41.0543,28.9548,143,0,143,KAPALI OTOPARK,1,0,24 Saat
2026-07-18T15:56:35.144992+00:00,2026-07-18T18:56:35.144992+03:00,1455,Bostancı Açık,KADIKÖY,40.9523,29.0902,394,0,394,AÇIK OTOPARK,1,15,24 Saat
2026-07-18T15:56:35.144992+00:00,2026-07-18T18:56:35.144992+03:00,1456,Bostancı Sahil-Cep Açık Otoparkı,KADIKÖY,40.9545,29.0885,192,0,192,AÇIK OTOPARK,1,15,24 Saat
2026-07-18T15:56:35.144992+00:00,2026-07-18T18:56:35.144992+03:00,2150,Bostancı Vergi Dairesi Açık Otoparkı,ATAŞEHİR,40.9625,29.1083,155,0,155,AÇIK OTOPARK,1,5,08:00-20:00
2026-07-18T15:56:35.144992+00:00,2026-07-18T18:56:35.144992+03:00,2854,Bülent Ecevit Kültür Merkezi Açık Otoparkı,KARTAL,40.8852,29.1967,277,246,31,AÇIK OTOPARK,1,5,10:00-21:00
2026-07-18T15:56:35.144992+00:00,2026-07-18T18:56:35.144992+03:00,2866,Büyük İstanbul Otogarı,BAYRAMPAŞA,41.0402,28.8942,1000,0,1000,AÇIK OTOPARK,1,25,24 Saat
2026-07-18T15:56:35.144992+00:00,2026-07-18T18:56:35.144992+03:00,1192,Büyükçamlıca Korusu Sosyal Tesisleri Önü,ÜSKÜDAR,41.0264,29.0698,204,113,91,AÇIK OTOPARK,1,0,08:00-00:00
2026-07-18T15:56:35.144992+00:00,2026-07-18T18:56:35.144992+03:00,2960,Büyükçekmece Metrobüs Durağı Yanı PD Zemin Altı Otopark,BÜYÜKÇEKMECE,41.0221,28.624,448,212,236,KAPALI OTOPARK,1,0,24 Saat
2026-07-18T15:56:35.144992+00:00,2026-07-18T18:56:35.144992+03:00,1503,Cadde Bostan Açık Otoparkı,KADIKÖY,40.9636,29.0675,66,6,60,AÇIK OTOPARK,1,15,24 Saat
2026-07-18T15:56:35.144992+00:00,2026-07-18T18:56:35.144992+03:00,2933,Cemal Kamacı Spor Kompleksi Zemin Altı Otoparkı,KAĞITHANE,41.0536,28.9575,510,0,510,KAPALI OTOPARK,1,0,24 Saat
2026-07-18T15:56:35.144992+00:00,2026-07-18T18:56:35.144992+03:00,2207,Cengiz Topel Yer Altı Katlı Otoparkı,ESENLER,41.0588,28.8643,144,0,144,KAPALI OTOPARK,1,15,24 Saat
2026-07-18T15:56:35.144992+00:00,2026-07-18T18:56:35.144992+03:00,2787,Cevizli Açık Otoparkı,KARTAL,40.9179,29.1712,100,91,9,AÇIK OTOPARK,1,15,08:00-19:00
2026-07-18T15:56:35.144992+00:00,2026-07-18T18:56:35.144992+03:00,782,Cihangir Caddesi 2,BEYOĞLU,41.0319,28.9862,70,1,69,YOL ÜSTÜ,1,15,09:00-19:00
2026-07-18T15:56:35.144992+00:00,2026-07-18T18:56:35.144992+03:00,1467,Cihangir Katlı Otoparkı,BEYOĞLU,41.0318,28.9858,350,0,350,KAPALI OTOPARK,1,0,24 Saat
2026-07-18T15:56:35.144992+00:00,2026-07-18T18:56:35.144992+03:00,535,Cihannuma Yol Üstü 1,BEŞİKTAŞ,41.0454,29.0084,35,1,34,YOL ÜSTÜ,1,0,08:00-23:00
2026-07-18T15:56:35.144992+00:00,2026-07-18T18:56:35.144992+03:00,537,Cihannuma Yol Üstü 3,BEŞİKTAŞ,41.0459,29.0087,33,1,32,YOL ÜSTÜ,1,0,08:00-23:00
2026-07-18T15:56:35.144992+00:00,2026-07-18T18:56:35.144992+03:00,539,Cihannuma Yol Üstü 5,BEŞİKTAŞ,41.0489,29.0094,24,1,23,YOL ÜSTÜ,1,0,08:00-23:00
2026-07-18T15:56:35.144992+00:00,2026-07-18T18:56:35.144992+03:00,3184,Çam Sokak 6,GÜNGÖREN,41.0121,28.8882,50,1,49,YOL ÜSTÜ,0,15,08:00-17:00
2026-07-18T15:56:35.144992+00:00,2026-07-18T18:56:35.144992+03:00,3030,Çekmeköy Metro PD Zemin Altı Otoparkı,ÇEKMEKÖY,41.0147,29.1886,175,67,108,KAPALI OTOPARK,1,15,24 Saat
2026-07-18T15:56:35.144992+00:00,2026-07-18T18:56:35.144992+03:00,2905,Çeliktepe Açık Otoparkı,KAĞITHANE,41.0843,29.0056,200,82,118,AÇIK OTOPARK,1,5,24 Saat
2026-07-18T15:56:35.144992+00:00,2026-07-18T18:56:35.144992+03:00,1298,Çengelköy Açık Otoparkı,ÜSKÜDAR,41.0484,29.0533,500,0,500,AÇIK OTOPARK,1,15,24 Saat
2026-07-18T15:56:35.144992+00:00,2026-07-18T18:56:35.144992+03:00,502,Çınar Açık Otoparkı,BEŞİKTAŞ,41.0853,29.0088,65,1,64,AÇIK OTOPARK,0,0,08:00-18:00
2026-07-18T15:56:35.144992+00:00,2026-07-18T18:56:35.144992+03:00,777,Çırağan Sarayı Yol Üstü 1,BEŞİKTAŞ,41.0448,29.0165,40,1,39,YOL ÜSTÜ,1,15,08:00-23:00
2026-07-18T15:56:35.144992+00:00,2026-07-18T18:56:35.144992+03:00,778,Çırağan Sarayı Yol Üstü 2,BEŞİKTAŞ,41.0445,29.0156,40,1,39,YOL ÜSTÜ,1,15,08:00-23:00
2026-07-18T15:56:35.144992+00:00,2026-07-18T18:56:35.144992+03:00,2228,Çırpıcı Sosyal Tesisler,ZEYTİNBURNU,41,28.8926,128,0,128,AÇIK OTOPARK,1,15,07:00-00:00
2026-07-18T15:56:35.144992+00:00,2026-07-18T18:56:35.144992+03:00,1508,Çiroz Yeşilköy Halk Pazarı,BAKIRKÖY,40.9628,28.8129,471,1,470,AÇIK OTOPARK,0,0,08:00-18:00
2026-07-18T15:56:35.144992+00:00,2026-07-18T18:56:35.144992+03:00,2030,Dalyan Açık Otoparkı,KADIKÖY,40.9632,29.0651,92,0,92,AÇIK OTOPARK,1,15,24 Saat
2026-07-18T15:56:35.144992+00:00,2026-07-18T18:56:35.144992+03:00,2271,Damla Sokak 1,ŞİŞLİ,41.0672,29.0004,17,1,16,YOL ÜSTÜ,0,15,07:30-16:30
2026-07-18T15:56:35.144992+00:00,2026-07-18T18:56:35.144992+03:00,2164,Darüşşafaka Yeraltı Otoparkı,SARIYER,41.1292,29.0252,150,134,16,KAPALI OTOPARK,1,15,08:00-00:00
2026-07-18T15:56:35.144992+00:00,2026-07-18T18:56:35.144992+03:00,1653,Deniz Feneri Otoparkı,FATİH,41.0019,28.9773,175,14,161,AÇIK OTOPARK,1,5,24 Saat
2026-07-18T15:56:35.144992+00:00,2026-07-18T18:56:35.144992+03:00,595,Dostluk Yurdu 1,FATİH,41.0071,28.973,33,1,32,YOL ÜSTÜ,0,15,07:00-17:00
2026-07-18T15:56:35.144992+00:00,2026-07-18T18:56:35.144992+03:00,2237,Dragos Sosyal Tesisleri,KARTAL,40.9017,29.1458,100,0,100,AÇIK OTOPARK,1,15,24 Saat
2026-07-18T15:56:35.144992+00:00,2026-07-18T18:56:35.144992+03:00,3063,Dudullu Metro PD Zemin Altı Otoparkı,ÜMRANİYE,41.0156,29.1633,81,59,22,KAPALI OTOPARK,1,15,07:00-23:30
2026-07-18T15:56:35.144992+00:00,2026-07-18T18:56:35.144992+03:00,1522,Ebu Suut Caddesi 1,FATİH,41.0128,28.9766,35,1,34,YOL ÜSTÜ,0,0,08:00-18:00
2026-07-18T15:56:35.144992+00:00,2026-07-18T18:56:35.144992+03:00,2147,EGS Blokları Açık Otoparkı,BAKIRKÖY,40.9863,28.8354,350,119,231,AÇIK OTOPARK,1,60,09:00-19:30
2026-07-18T15:56:35.144992+00:00,2026-07-18T18:56:35.144992+03:00,2366,Esenler Adem Baştürk Kültür Merkezi Katlı,ESENLER,41.039,28.8846,460,45,415,KAPALI OTOPARK,1,15,24 Saat
2026-07-18T15:56:35.144992+00:00,2026-07-18T18:56:35.144992+03:00,3190,Esenler Havaalanı Mahallesi Zemin Altı Otoparkı,ESENLER,41.0562,28.8674,610,411,199,KAPALI OTOPARK,1,10,24 Saat
2026-07-18T15:56:35.144992+00:00,2026-07-18T18:56:35.144992+03:00,3011,Esenler Menderes Metro İstasyonu Yanı,ESENLER,41.0427,28.8783,68,0,68,AÇIK OTOPARK,1,5,24 Saat
2026-07-18T15:56:35.144992+00:00,2026-07-18T18:56:35.144992+03:00,2822,Esenler Menderes Parkı Zemin Altı Otoparkı,ESENLER,41.0412,28.8729,325,99,226,KAPALI OTOPARK,1,10,24 Saat
2026-07-18T15:56:35.144992+00:00,2026-07-18T18:56:35.144992+03:00,3303,Esenyurt Adile Naşit Bulvarı Zeminaltı Otoparkı,ESENYURT,41.0205,28.6859,367,300,67,KAPALI OTOPARK,1,15,24 Saat
2026-07-18T15:56:35.144992+00:00,2026-07-18T18:56:35.144992+03:00,1328,Eski Salı Pazarı,KADIKÖY,40.9904,29.0338,760,0,760,AÇIK OTOPARK,1,15,24 Saat
2026-07-18T15:56:35.144992+00:00,2026-07-18T18:56:35.144992+03:00,904,Eyüp Pierloti Caddesi 1,EYÜP,41.0539,28.9329,40,1,39,YOL ÜSTÜ,1,0,09:00-22:00
2026-07-18T15:56:35.144992+00:00,2026-07-18T18:56:35.144992+03:00,2850,Eyüpsultan Akşemsettin Mahallesi Zemin Altı Otoparkı,EYÜP,41.085,28.9258,110,0,110,KAPALI OTOPARK,1,15,24 Saat
2026-07-18T15:56:35.144992+00:00,2026-07-18T18:56:35.144992+03:00,2215,Fatih Çeşmesi Tabiat Parkı Otoparkı,SARIYER,41.1686,28.9448,250,1,249,AÇIK OTOPARK,1,0,06:00-20:00
2026-07-18T15:56:35.144992+00:00,2026-07-18T18:56:35.144992+03:00,1475,Fatih Katlı Otoparkı,FATİH,41.0198,28.9396,118,33,85,KAPALI OTOPARK,1,10,24 Saat
2026-07-18T15:56:35.144992+00:00,2026-07-18T18:56:35.144992+03:00,1591,Feshane PD Açık Otoparkı,EYÜP,41.0463,28.9378,200,2,198,AÇIK OTOPARK,1,15,24 Saat
2026-07-18T15:56:35.144992+00:00,2026-07-18T18:56:35.144992+03:00,1005,Florya Havuzlu Bahçe,BAKIRKÖY,40.9764,28.7908,135,1,134,AÇIK OTOPARK,1,0,09:00-23:00
2026-07-18T15:56:35.144992+00:00,2026-07-18T18:56:35.144992+03:00,2238,Florya Sosyal Tesisleri,BAKIRKÖY,40.9614,28.8091,1074,354,720,AÇIK OTOPARK,1,15,24 Saat
2026-07-18T15:56:35.144992+00:00,2026-07-18T18:56:35.144992+03:00,3296,Gaziosmanpaşa Meydanı ve Yaşam Merkezi Zemin Altı Otoparkı,GAZİOSMANPAŞA,41.0606,28.9093,202,0,202,KAPALI OTOPARK,1,15,24 Saat
2026-07-18T15:56:35.144992+00:00,2026-07-18T18:56:35.144992+03:00,2971,Gaziosmanpaşa Zemin Altı Otoparkı,GAZİOSMANPAŞA,41.0796,28.8858,285,0,285,KAPALI OTOPARK,1,0,24 Saat
2026-07-18T15:56:35.144992+00:00,2026-07-18T18:56:35.144992+03:00,3401,Giyimkent Tekstilkent Metro Zemin Altı PD Otoparkı,ESENLER,41.0711,28.8666,203,192,11,KAPALI OTOPARK,1,10,24 Saat
2026-07-18T15:56:35.144992+00:00,2026-07-18T18:56:35.144992+03:00,2242,Gözdağı Sosyal Tesisler  Açık Otoparkı,PENDİK,40.893,29.2538,300,217,83,AÇIK OTOPARK,1,0,07:00-23:00
2026-07-18T15:56:35.144992+00:00,2026-07-18T18:56:35.144992+03:00,1879,Gülsuyu Metro PD Yer Altı Otoparkı,MALTEPE,40.9237,29.1548,76,0,76,KAPALI OTOPARK,1,15,08:00-00:00
2026-07-18T15:56:35.144992+00:00,2026-07-18T18:56:35.144992+03:00,1423,Güneş Plajı 1,BAKIRKÖY,40.9712,28.79,250,109,141,AÇIK OTOPARK,1,10,24 Saat
2026-07-18T15:56:35.144992+00:00,2026-07-18T18:56:35.144992+03:00,1461,Güneş Plajı 2,BAKIRKÖY,40.9692,28.7951,135,0,135,AÇIK OTOPARK,1,10,08:00-20:00
2026-07-18T15:56:35.144992+00:00,2026-07-18T18:56:35.144992+03:00,3053,Güngören Nikah Dairesi Zemin Altı otoparkı,GÜNGÖREN,41.0363,28.8718,147,0,147,KAPALI OTOPARK,1,10,24 Saat
2026-07-18T15:56:35.144992+00:00,2026-07-18T18:56:35.144992+03:00,2216,Gürpınar Balık Hali Otoparkı,BEYLİKDÜZÜ,40.9663,28.6019,1000,864,136,AÇIK OTOPARK,1,15,24 Saat
2026-07-18T15:56:35.144992+00:00,2026-07-18T18:56:35.144992+03:00,1525,Hacıosman Metro Yer Altı Otoparkı,SARIYER,41.14,29.0306,422,0,422,KAPALI OTOPARK,1,15,24 Saat
2026-07-18T15:56:35.144992+00:00,2026-07-18T18:56:35.144992+03:00,1470,Haldun Alagaş Katlı Otoparkı,ÜMRANİYE,41.0262,29.1052,197,145,52,KAPALI OTOPARK,1,15,24 Saat
2026-07-18T15:56:35.144992+00:00,2026-07-18T18:56:35.144992+03:00,3235,Haliç Sosyal Tesisleri Otoparkı,FATİH,41.0277,28.9572,60,18,42,AÇIK OTOPARK,1,15,07:00-00:00
2026-07-18T15:56:35.144992+00:00,2026-07-18T18:56:35.144992+03:00,2848,Halkalı Mahallesi Zemin Altı Otoparkı,KÜÇÜKÇEKMECE,41.0359,28.7848,347,290,57,KAPALI OTOPARK,1,15,24 Saat
2026-07-18T15:56:35.144992+00:00,2026-07-18T18:56:35.144992+03:00,2838,Hamidiye Mahallesi Katlı Otoparkı,KAĞITHANE,41.0949,28.971,450,238,212,KAPALI OTOPARK,1,15,24 Saat
2026-07-18T15:56:35.144992+00:00,2026-07-18T18:56:35.144992+03:00,1446,Harbiye Zemin Altı Otoparkı,BEYOĞLU,41.0408,28.9869,142,46,96,KAPALI OTOPARK,1,0,24 Saat
2026-07-18T15:56:35.144992+00:00,2026-07-18T18:56:35.144992+03:00,2332,Haydarpaşa Katlı Otoparkı,ÜSKÜDAR,41.0048,29.0251,840,742,98,KAPALI OTOPARK,1,15,24 Saat
2026-07-18T15:56:35.144992+00:00,2026-07-18T18:56:35.144992+03:00,1987,Haznedar Yer Altı Otoparkı,GÜNGÖREN,41.0083,28.8729,540,0,540,KAPALI OTOPARK,1,0,24 Saat
2026-07-18T15:56:35.144992+00:00,2026-07-18T18:56:35.144992+03:00,377,Hızır Külhani Sokak,FATİH,41.0202,28.9605,32,1,31,YOL ÜSTÜ,0,15,09:00-17:00
2026-07-18T15:56:35.144992+00:00,2026-07-18T18:56:35.144992+03:00,3173,Hürriyet Mahallesi Zeminaltı Otoparkı,GAZİOSMANPAŞA,41.0708,28.8951,190,0,190,KAPALI OTOPARK,1,15,24 Saat
2026-07-18T15:56:35.144992+00:00,2026-07-18T18:56:35.144992+03:00,157,Ihlamur Dere Caddesi 4,BEŞİKTAŞ,41.047,29.0023,27,1,26,YOL ÜSTÜ,0,15,09:00-17:00
2026-07-18T15:56:35.144992+00:00,2026-07-18T18:56:35.144992+03:00,1189,İçerenköy Sebze Meyve Hali Otoparkı,ATAŞEHİR,40.9766,29.1044,600,600,0,AÇIK OTOPARK,1,15,24 Saat
2026-07-18T15:56:35.144992+00:00,2026-07-18T18:56:35.144992+03:00,1127,İshakpaşa Caddesi,FATİH,41.0079,28.9814,200,1,199,YOL ÜSTÜ,0,0,08:00-18:00
2026-07-18T15:56:35.144992+00:00,2026-07-18T18:56:35.144992+03:00,3265,İspark İstanbul West Marina Açık Otoparkı 1,BEYLİKDÜZÜ,40.9636,28.6564,250,1,249,AÇIK OTOPARK,1,15,24 Saat
2026-07-18T15:56:35.144992+00:00,2026-07-18T18:56:35.144992+03:00,2793,İspark Merter Katlı Otoparkı,GÜNGÖREN,41.0097,28.89,900,477,423,KAPALI OTOPARK,1,10,24 Saat
2026-07-18T15:56:35.144992+00:00,2026-07-18T18:56:35.144992+03:00,2430,İspark West İstanbul Marina Açık Otoparkı,BEYLİKDÜZÜ,40.9639,28.6591,1600,960,640,AÇIK OTOPARK,1,15,24 Saat
2026-07-18T15:56:35.144992+00:00,2026-07-18T18:56:35.144992+03:00,381,İstinye 4 ( Cami Önü ),SARIYER,41.1149,29.0571,25,1,24,YOL ÜSTÜ,0,15,08:30-17:30
2026-07-18T15:56:35.144992+00:00,2026-07-18T18:56:35.144992+03:00,1804,İtalyan Hastanesi Karşısı Açık Otoparkı 1,BEYOĞLU,41.028,28.9815,30,1,29,AÇIK OTOPARK,1,0,08:00-19:00
2026-07-18T15:56:35.144992+00:00,2026-07-18T18:56:35.144992+03:00,507,Kabasakal Medrese Önü,FATİH,41.0062,28.9789,65,1,64,AÇIK OTOPARK,0,0,08:00-18:30
2026-07-18T15:56:35.144992+00:00,2026-07-18T18:56:35.144992+03:00,3306,Kabataş Transfer Merkezi Turizm Otobüs Otoparkı,BEYOĞLU,41.0336,28.9923,160,0,160,KAPALI OTOPARK,1,20,24 Saat
2026-07-18T15:56:35.144992+00:00,2026-07-18T18:56:35.144992+03:00,2918,Kadıköy Hasanpaşa Gazhane Katlı Otoparkı,KADIKÖY,40.9972,29.0428,310,173,137,KAPALI OTOPARK,1,15,24 Saat
2026-07-18T15:56:35.144992+00:00,2026-07-18T18:56:35.144992+03:00,1447,Kadıköy İski Açık Otoparkı,KADIKÖY,40.9874,29.0207,124,0,124,AÇIK OTOPARK,1,15,24 Saat
2026-07-18T15:56:35.144992+00:00,2026-07-18T18:56:35.144992+03:00,1655,Kadıköy Metro Açık Otoparkı,KADIKÖY,40.9899,29.0217,74,0,74,AÇIK OTOPARK,1,15,24 Saat
2026-07-18T15:56:35.144992+00:00,2026-07-18T18:56:35.144992+03:00,3445,Kadıköy Uzunçayır PD Açık Otoparkı,KADIKÖY,40.9982,29.0569,70,49,21,AÇIK OTOPARK,0,15,06:30-16:30
2026-07-18T15:56:35.144992+00:00,2026-07-18T18:56:35.144992+03:00,2808,Kadıköy Yeni Salı Pazarı PD Katlı Otoparkı,KADIKÖY,40.9969,29.0486,1350,498,852,KAPALI OTOPARK,1,15,24 Saat
2026-07-18T15:56:35.144992+00:00,2026-07-18T18:56:35.144992+03:00,2811,Kağıthane Harmantepe Zemin Altı Otoparkı,KAĞITHANE,41.0816,28.9907,200,0,200,KAPALI OTOPARK,1,0,24 Saat
2026-07-18T15:56:35.144992+00:00,2026-07-18T18:56:35.144992+03:00,1452,Kalamış Açık Otoparkı,KADIKÖY,40.9687,29.0363,173,30,143,AÇIK OTOPARK,1,15,24 Saat
2026-07-18T15:56:35.144992+00:00,2026-07-18T18:56:35.144992+03:00,1474,Kartal Hasan Doğan Spor Kompleksi,KARTAL,40.8918,29.1897,773,0,773,KAPALI OTOPARK,1,15,24 Saat
2026-07-18T15:56:35.144992+00:00,2026-07-18T18:56:35.144992+03:00,1105,Kartal İdo Açık Otoparkı,KARTAL,40.8874,29.1881,90,0,90,AÇIK OTOPARK,1,15,24 Saat
2026-07-18T15:56:35.144992+00:00,2026-07-18T18:56:35.144992+03:00,1550,Kartal Sahil Açık Otoparkı,KARTAL,40.8875,29.1901,75,0,75,AÇIK OTOPARK,1,5,24 Saat
2026-07-18T15:56:35.144992+00:00,2026-07-18T18:56:35.144992+03:00,3434,Kasımpaşa Sosyal Tesisler Otoparkı,BEYOĞLU,41.0296,28.9673,60,35,25,AÇIK OTOPARK,1,0,07:30-23:00
2026-07-18T15:56:35.144992+00:00,2026-07-18T18:56:35.144992+03:00,2827,Kayaşehir Meydan Zemin Altı Otoparkı,BAŞAKŞEHİR,41.1196,28.7718,1054,1,1053,KAPALI OTOPARK,0,0,10:00-17:00
2026-07-18T15:56:35.144992+00:00,2026-07-18T18:56:35.144992+03:00,1960,Kazlıçeşme Marmaray Açık Otoparkı,ZEYTİNBURNU,40.9922,28.917,700,529,171,AÇIK OTOPARK,1,15,24 Saat
2026-07-18T15:56:35.144992+00:00,2026-07-18T18:56:35.144992+03:00,2994,Kirazlı Metro Durağı PD Açık Otoparkı,BAĞCILAR,41.033,28.8429,112,0,112,AÇIK OTOPARK,1,5,24 Saat
2026-07-18T15:56:35.144992+00:00,2026-07-18T18:56:35.144992+03:00,1528,Kore Şehitleri Caddesi - Yüzbaşı Kaya Aldağon Sokak 1,ŞİŞLİ,41.0719,29.0139,40,1,39,YOL ÜSTÜ,0,15,07:00-16:00
2026-07-18T15:56:35.144992+00:00,2026-07-18T18:56:35.144992+03:00,2449,Kozyatağı Sebze-Meyve Hali,ATAŞEHİR,40.9787,29.1029,1500,1500,0,AÇIK OTOPARK,1,0,24 Saat
2026-07-18T15:56:35.144992+00:00,2026-07-18T18:56:35.144992+03:00,1206,Kutlugün Sokak 2,FATİH,41.0061,28.9801,200,1,199,YOL ÜSTÜ,0,0,08:00-18:00
2026-07-18T15:56:35.144992+00:00,2026-07-18T18:56:35.144992+03:00,3074,Küçük Çamlıca,ÜSKÜDAR,41.0204,29.0653,129,106,23,AÇIK OTOPARK,1,0,08:00-22:00
2026-07-18T15:56:35.144992+00:00,2026-07-18T18:56:35.144992+03:00,3127,Küçükçekmece Cennet Mahallesi Meydan Zemin Altı Otoparkı,KÜÇÜKÇEKMECE,40.9907,28.783,456,0,456,KAPALI OTOPARK,1,10,24 Saat
2026-07-18T15:56:35.144992+00:00,2026-07-18T18:56:35.144992+03:00,2554,Küçükçekmece Fevzi Çakmak Meydanı Zemin Altı Otoparkı,KÜÇÜKÇEKMECE,41.0076,28.7927,1000,528,472,KAPALI OTOPARK,1,10,24 Saat
2026-07-18T15:56:35.144992+00:00,2026-07-18T18:56:35.144992+03:00,2882,Küçüksu Kasrı Açık Otoparkı,BEYKOZ,41.0789,29.0657,98,91,7,AÇIK OTOPARK,1,0,07:00-23:00
2026-07-18T15:56:35.144992+00:00,2026-07-18T18:56:35.144992+03:00,220,Levent Hamidiye,BEŞİKTAŞ,41.0861,29.0076,100,1,99,AÇIK OTOPARK,1,0,08:00-19:00
2026-07-18T15:56:35.144992+00:00,2026-07-18T18:56:35.144992+03:00,2335,Maçka Açık Otoparkı,ŞİŞLİ,41.046,28.9908,75,74,1,AÇIK OTOPARK,1,0,24 Saat
2026-07-18T15:56:35.144992+00:00,2026-07-18T18:56:35.144992+03:00,1859,Maçka Katlı Otoparkı,ŞİŞLİ,41.0484,28.9903,508,0,508,KAPALI OTOPARK,1,0,24 Saat
2026-07-18T15:56:35.144992+00:00,2026-07-18T18:56:35.144992+03:00,3193,Maltepe Rıhtım Caddesi Açık Otoparkı,MALTEPE,40.9258,29.1241,76,4,72,AÇIK OTOPARK,1,0,24 Saat
2026-07-18T15:56:35.144992+00:00,2026-07-18T18:56:35.144992+03:00,2146,Maltepe Süreyyapaşa Çarşısı Açık Otoparkı,MALTEPE,40.9274,29.1225,156,64,92,AÇIK OTOPARK,1,0,24 Saat
2026-07-18T15:56:35.144992+00:00,2026-07-18T18:56:35.144992+03:00,1599,Maslak Açık Otoparkı,SARIYER,41.1166,29.024,150,136,14,AÇIK OTOPARK,1,10,24 Saat
2026-07-18T15:56:35.144992+00:00,2026-07-18T18:56:35.144992+03:00,2100,Matbaacılar Sitesi Yanı,ZEYTİNBURNU,41.0234,28.9187,250,215,35,AÇIK OTOPARK,1,5,24 Saat
2026-07-18T15:56:35.144992+00:00,2026-07-18T18:56:35.144992+03:00,920,Meclis-i Mebusan Yokuşu 2,BEYOĞLU,41.0326,28.9882,34,1,33,YOL ÜSTÜ,0,15,09:00-17:00
2026-07-18T15:56:35.144992+00:00,2026-07-18T18:56:35.144992+03:00,1546,Menekşe Plajı Açık Otoparkı,BAKIRKÖY,40.9761,28.7766,200,200,0,AÇIK OTOPARK,1,0,24 Saat
2026-07-18T15:56:35.144992+00:00,2026-07-18T18:56:35.144992+03:00,1376,Mercan Açık,FATİH,41.0136,28.9669,130,81,49,AÇIK OTOPARK,1,0,08:00-23:00
2026-07-18T15:56:35.144992+00:00,2026-07-18T18:56:35.144992+03:00,3309,Mercan Ali Paşa Sarayı Zemin Altı Otoparkı,FATİH,41.0136,28.967,196,1,195,KAPALI OTOPARK,1,0,07:00-21:00
2026-07-18T15:56:35.144992+00:00,2026-07-18T18:56:35.144992+03:00,1472,Merter Katlı Otoparkı,GÜNGÖREN,41.0092,28.8874,1000,921,79,KAPALI OTOPARK,1,10,24 Saat
2026-07-18T15:56:35.144992+00:00,2026-07-18T18:56:35.144992+03:00,2375,Merter Metro PD Zeminaltı Otoparkı,GÜNGÖREN,41.0037,28.8897,242,113,129,KAPALI OTOPARK,1,10,24 Saat
2026-07-18T15:56:35.144992+00:00,2026-07-18T18:56:35.144992+03:00,1568,Mete Caddesi 1,BEYOĞLU,41.0382,28.9879,31,1,30,YOL ÜSTÜ,1,15,08:00-23:00
2026-07-18T15:56:35.144992+00:00,2026-07-18T18:56:35.144992+03:00,1471,Mevlana Yeraltı Katlı Otoparkı,ZEYTİNBURNU,41.0072,28.9049,1000,883,117,KAPALI OTOPARK,1,5,24 Saat
2026-07-18T15:56:35.144992+00:00,2026-07-18T18:56:35.144992+03:00,2709,Millet Caddesi Açık Otoparkı,FATİH,41.01,28.9461,60,31,29,AÇIK OTOPARK,1,15,24 Saat
2026-07-18T15:56:35.144992+00:00,2026-07-18T18:56:35.144992+03:00,3152,Mimar Sinan Zemin Altı Otoparkı,ÜSKÜDAR,41.0222,29.0169,956,0,956,KAPALI OTOPARK,1,15,24 Saat
2026-07-18T15:56:35.144992+00:00,2026-07-18T18:56:35.144992+03:00,2870,Miniatürk Çadır Açık Otoparkı,BEYOĞLU,41.0594,28.9501,250,186,64,AÇIK OTOPARK,1,15,07:00-20:00
2026-07-18T15:56:35.144992+00:00,2026-07-18T18:56:35.144992+03:00,2556,Muallim Naci Açık Otoparkı,BEŞİKTAŞ,41.0561,29.0342,35,11,24,AÇIK OTOPARK,1,15,24 Saat
2026-07-18T15:56:35.144992+00:00,2026-07-18T18:56:35.144992+03:00,569,Oda Kule Önü 1,BEYOĞLU,41.0322,28.9751,24,1,23,YOL ÜSTÜ,1,0,07:00-01:00
2026-07-18T15:56:35.144992+00:00,2026-07-18T18:56:35.144992+03:00,1988,Orhangazi Şehir Parkı PD Açık Otoparkı,MALTEPE,40.9313,29.1161,5022,2738,2284,AÇIK OTOPARK,1,15,24 Saat
2026-07-18T15:56:35.144992+00:00,2026-07-18T18:56:35.144992+03:00,152,Ortabahçe Caddesi 2,BEŞİKTAŞ,41.0428,29.0043,35,1,34,YOL ÜSTÜ,1,15,08:00-23:00
2026-07-18T15:56:35.144992+00:00,2026-07-18T18:56:35.144992+03:00,153,Ortabahçe Caddesi 3,BEŞİKTAŞ,41.043,29.0042,26,1,25,YOL ÜSTÜ,1,15,08:00-23:00
2026-07-18T15:56:35.144992+00:00,2026-07-18T18:56:35.144992+03:00,119,Ortaklar Caddesi 1,ŞİŞLİ,41.0638,28.9971,25,1,24,YOL ÜSTÜ,0,15,08:30-17:00
2026-07-18T15:56:35.144992+00:00,2026-07-18T18:56:35.144992+03:00,1343,Ortaköy Açık Otoparkı,BEŞİKTAŞ,41.0504,29.0326,170,66,104,AÇIK OTOPARK,1,0,24 Saat
2026-07-18T15:56:35.144992+00:00,2026-07-18T18:56:35.144992+03:00,572,Ortaköy Portakal Yokuşu 1,BEŞİKTAŞ,41.0503,29.0261,15,1,14,YOL ÜSTÜ,1,15,09:00-19:00
2026-07-18T15:56:35.144992+00:00,2026-07-18T18:56:35.144992+03:00,1039,Öğretmen Evi,AVCILAR,40.9723,28.714,80,42,38,AÇIK OTOPARK,1,0,11:00-23:00
2026-07-18T15:56:35.144992+00:00,2026-07-18T18:56:35.144992+03:00,1466,Pendik Katlı Otoparkı,PENDİK,40.8789,29.2342,120,0,120,KAPALI OTOPARK,1,15,24 Saat
2026-07-18T15:56:35.144992+00:00,2026-07-18T18:56:35.144992+03:00,3073,Pendik Kemal Kalkuz Parkı Zemin Altı Otoparkı,PENDİK,40.8885,29.2427,224,0,224,KAPALI OTOPARK,0,0,09:00-18:00
2026-07-18T15:56:35.144992+00:00,2026-07-18T18:56:35.144992+03:00,3019,Pendik Meydan Zemin Altı Otoparkı,PENDİK,40.8752,29.2324,937,0,937,KAPALI OTOPARK,1,0,24 Saat
2026-07-18T15:56:35.144992+00:00,2026-07-18T18:56:35.144992+03:00,2865,Pendik Sahil Engelliler Merkez Önü,PENDİK,40.8735,29.233,100,66,34,AÇIK OTOPARK,1,0,11:00-20:00
2026-07-18T15:56:35.144992+00:00,2026-07-18T18:56:35.144992+03:00,2434,Pendik Sahil İdo,PENDİK,40.8755,29.2369,100,0,100,AÇIK OTOPARK,1,0,07:00-23:00
2026-07-18T15:56:35.144992+00:00,2026-07-18T18:56:35.144992+03:00,248,Pendik Yenimahalle Açık 2 Otoparkı,PENDİK,40.864,29.2723,124,108,16,AÇIK OTOPARK,1,15,10:00-22:00
2026-07-18T15:56:35.144992+00:00,2026-07-18T18:56:35.144992+03:00,297,Perşembe Pazarı 1,BEYOĞLU,41.0252,28.9693,32,1,31,YOL ÜSTÜ,0,15,08:00-17:00
2026-07-18T15:56:35.144992+00:00,2026-07-18T18:56:35.144992+03:00,597,Pierre Loti Caddesi 3,FATİH,41.0069,28.9711,36,1,35,YOL ÜSTÜ,0,0,07:00-17:00
2026-07-18T15:56:35.144992+00:00,2026-07-18T18:56:35.144992+03:00,3263,Piyalepaşa Meydanı Zemin Altı Otoparkı,BEYOĞLU,41.0445,28.9674,560,284,276,KAPALI OTOPARK,1,0,24 Saat
2026-07-18T15:56:35.144992+00:00,2026-07-18T18:56:35.144992+03:00,423,Prof.Cemil Birsel Yokuşu 3,FATİH,41.0178,28.967,40,1,39,YOL ÜSTÜ,0,0,07:00-18:00
2026-07-18T15:56:35.144992+00:00,2026-07-18T18:56:35.144992+03:00,1900,Ragıp Gümüşpala Cad.(Sobacılar Önü),FATİH,41.0181,28.969,40,1,39,YOL ÜSTÜ,0,15,07:00-18:00
2026-07-18T15:56:35.144992+00:00,2026-07-18T18:56:35.144992+03:00,415,Ragıp Gümüşpala Camii Önü 1,FATİH,41.0211,28.9627,35,1,34,YOL ÜSTÜ,0,0,07:00-17:30
2026-07-18T15:56:35.144992+00:00,2026-07-18T18:56:35.144992+03:00,3268,Refik Saydam Caddesi 3,BEYOĞLU,41.032,28.9736,55,1,54,YOL ÜSTÜ,1,0,06:00-23:00
2026-07-18T15:56:35.144992+00:00,2026-07-18T18:56:35.144992+03:00,2307,Ressam Halim Sokak PD Açık Otoparkı,BAHÇELİEVLER,40.9967,28.8641,120,106,14,AÇIK OTOPARK,1,15,08:00-00:00
2026-07-18T15:56:35.144992+00:00,2026-07-18T18:56:35.144992+03:00,3082,Rumeli Hisarı Sahil Yolu Otoparkı,SARIYER,41.0854,29.0568,20,1,19,AÇIK OTOPARK,1,0,24 Saat
2026-07-18T15:56:35.144992+00:00,2026-07-18T18:56:35.144992+03:00,1595,Sabiha Gökçen Açık Otoparkı,PENDİK,40.925,29.308,1056,0,1056,AÇIK OTOPARK,1,15,24 Saat
2026-07-18T15:56:35.144992+00:00,2026-07-18T18:56:35.144992+03:00,3239,Samatya Sahil Cep Otoparkı,FATİH,40.9954,28.932,113,59,54,AÇIK OTOPARK,1,15,24 Saat
2026-07-18T15:56:35.144992+00:00,2026-07-18T18:56:35.144992+03:00,3273,Sarıyer Büyükdere Fidanlığı,SARIYER,41.1548,29.0268,160,156,4,AÇIK OTOPARK,0,0,08:00-18:00
2026-07-18T15:56:35.144992+00:00,2026-07-18T18:56:35.144992+03:00,3299,Sariyer Ayazağa Mah Vadi İstanbul Önü Açık Otoparkı,SARIYER,41.1106,28.9881,100,97,3,AÇIK OTOPARK,1,0,08:00-20:00
2026-07-18T15:56:35.144992+00:00,2026-07-18T18:56:35.144992+03:00,1303,Seyrantepe Katlı (Arena Karşısı) 1,KAĞITHANE,41.101,28.9961,1897,1,1896,KAPALI OTOPARK,1,0,24 Saat
2026-07-18T15:56:35.144992+00:00,2026-07-18T18:56:35.144992+03:00,1628,Sıracevizler Caddesi Yol Üstü 5,ŞİŞLİ,41.0607,28.9841,45,1,44,YOL ÜSTÜ,0,15,09:00-17:00
2026-07-18T15:56:35.144992+00:00,2026-07-18T18:56:35.144992+03:00,464,Sirkeci Gar Önü,FATİH,41.015,28.9761,60,1,59,AÇIK OTOPARK,1,5,07:00-20:00
2026-07-18T15:56:35.144992+00:00,2026-07-18T18:56:35.144992+03:00,1486,Siyavuşpaşa Yer Altı Otoparkı,BAHÇELİEVLER,40.9965,28.8532,155,0,155,KAPALI OTOPARK,1,0,24 Saat
2026-07-18T15:56:35.144992+00:00,2026-07-18T18:56:35.144992+03:00,1958,Soğanlık Metro PD Açık Otoparkı,KARTAL,40.9131,29.1925,898,832,66,AÇIK OTOPARK,1,15,24 Saat
2026-07-18T15:56:35.144992+00:00,2026-07-18T18:56:35.144992+03:00,589,Su Terazisi Sokak,FATİH,41.0046,28.9727,22,1,21,YOL ÜSTÜ,0,0,07:30-17:00
2026-07-18T15:56:35.144992+00:00,2026-07-18T18:56:35.144992+03:00,1478,Suadiye Cep Açık Otoparkı,KADIKÖY,40.9586,29.0732,130,1,129,AÇIK OTOPARK,1,15,24 Saat
2026-07-18T15:56:35.144992+00:00,2026-07-18T18:56:35.144992+03:00,2948,Suadiye Sahil Açık Otoparkı,KADIKÖY,40.9562,29.0797,70,0,70,AÇIK OTOPARK,1,5,24 Saat
2026-07-18T15:56:35.144992+00:00,2026-07-18T18:56:35.144992+03:00,2799,Sultanbeyli Emir Caddesi Zemin Altı Otoparkı,SULTANBEYLİ,40.9707,29.2606,130,114,16,KAPALI OTOPARK,1,15,08:00-22:00
2026-07-18T15:56:35.144992+00:00,2026-07-18T18:56:35.144992+03:00,2372,Sultanbeyli Kent Meydanı Zemin Altı Otoparkı,SULTANBEYLİ,40.9667,29.2667,300,150,150,KAPALI OTOPARK,1,15,24 Saat
2026-07-18T15:56:35.144992+00:00,2026-07-18T18:56:35.144992+03:00,2410,Sultangazi Zemin Altı Otoparkı,SULTANGAZİ,41.0944,28.8649,104,0,104,KAPALI OTOPARK,1,10,24 Saat
2026-07-18T15:56:35.144992+00:00,2026-07-18T18:56:35.144992+03:00,2085,Süleyman Seba Caddesi 2,BEŞİKTAŞ,41.0426,28.9998,40,1,39,YOL ÜSTÜ,0,15,08:00-18:00
2026-07-18T15:56:35.144992+00:00,2026-07-18T18:56:35.144992+03:00,2088,Süleyman Seba Caddesi 5,BEŞİKTAŞ,41.0432,28.9978,40,1,39,YOL ÜSTÜ,0,15,08:00-18:00
2026-07-18T15:56:35.144992+00:00,2026-07-18T18:56:35.144992+03:00,2089,Süleyman Seba Caddesi 6,BEŞİKTAŞ,41.0435,28.9967,11,1,10,YOL ÜSTÜ,0,15,08:00-18:00
2026-07-18T15:56:35.144992+00:00,2026-07-18T18:56:35.144992+03:00,2391,Süleymaniye Cami Altı Açık Otoparkı,FATİH,41.0158,28.961,250,234,16,AÇIK OTOPARK,0,0,06:30-18:30
2026-07-18T15:56:35.144992+00:00,2026-07-18T18:56:35.144992+03:00,1730,Sütlüce Miniatürk Yanı,BEYOĞLU,41.057,28.95,320,212,108,AÇIK OTOPARK,1,15,24 Saat
2026-07-18T15:56:35.144992+00:00,2026-07-18T18:56:35.144992+03:00,36,Şakayık Sokak 4,ŞİŞLİ,41.0518,28.9936,50,1,49,YOL ÜSTÜ,0,15,08:00-16:00
2026-07-18T15:56:35.144992+00:00,2026-07-18T18:56:35.144992+03:00,1469,Şehit Volkan Duysak Katlı Otoparkı,ZEYTİNBURNU,40.9968,28.9039,1000,691,309,KAPALI OTOPARK,1,5,24 Saat
2026-07-18T15:56:35.144992+00:00,2026-07-18T18:56:35.144992+03:00,2385,Şehremini Açık Otoparkı 1,FATİH,41.0135,28.9333,60,1,59,AÇIK OTOPARK,1,0,08:30-20:30
2026-07-18T15:56:35.144992+00:00,2026-07-18T18:56:35.144992+03:00,2855,Şemsipaşa Açık Otoparkı,ÜSKÜDAR,41.0255,29.0097,80,31,49,AÇIK OTOPARK,1,0,24 Saat
2026-07-18T15:56:35.144992+00:00,2026-07-18T18:56:35.144992+03:00,2439,Şirinevler Meydan Zeminaltı Otoparkı,BAHÇELİEVLER,40.9925,28.8496,367,120,247,KAPALI OTOPARK,1,0,24 Saat
2026-07-18T15:56:35.144992+00:00,2026-07-18T18:56:35.144992+03:00,3400,Şişhane Refik Saydam Caddesi 2 Yol Üstü Otoparkı 1,BEYOĞLU,41.0326,28.9743,70,1,69,YOL ÜSTÜ,1,15,06:00-23:00
2026-07-18T15:56:35.144992+00:00,2026-07-18T18:56:35.144992+03:00,1017,Şişli Kadırgalar Caddesi 1,ŞİŞLİ,41.0429,28.9927,100,1,99,AÇIK OTOPARK,1,0,07:00-23:00
2026-07-18T15:56:35.144992+00:00,2026-07-18T18:56:35.144992+03:00,3441,Şişli Kuştepe Zemin Altı Otoparkı,ŞİŞLİ,41.072,28.9919,430,325,105,KAPALI OTOPARK,1,15,24 Saat
2026-07-18T15:56:35.144992+00:00,2026-07-18T18:56:35.144992+03:00,2816,Şişli Rumeli Caddesi Metro Yanı 1,ŞİŞLİ,41.0538,28.9868,45,1,44,YOL ÜSTÜ,1,15,08:00-20:00
2026-07-18T15:56:35.144992+00:00,2026-07-18T18:56:35.144992+03:00,2406,Şişli Zemin Altı Otoparkı,ŞİŞLİ,41.0641,28.9992,581,395,186,KAPALI OTOPARK,1,15,24 Saat
2026-07-18T15:56:35.144992+00:00,2026-07-18T18:56:35.144992+03:00,1993,Tuzla İdo,TUZLA,40.8149,29.3039,300,137,163,AÇIK OTOPARK,1,15,24 Saat
2026-07-18T15:56:35.144992+00:00,2026-07-18T18:56:35.144992+03:00,3332,Tuzla Sahil Cep,TUZLA,40.8168,29.2992,50,41,9,AÇIK OTOPARK,1,0,08:00-00:00
2026-07-18T15:56:35.144992+00:00,2026-07-18T18:56:35.144992+03:00,3057,Tuzla Sahil Zemin Altı Otoparkı,TUZLA,40.8181,29.3004,779,520,259,KAPALI OTOPARK,1,15,24 Saat
2026-07-18T15:56:35.144992+00:00,2026-07-18T18:56:35.144992+03:00,1811,Ulu Camii Açık Otoparkı,BAHÇELİEVLER,40.9982,28.8499,150,123,27,AÇIK OTOPARK,1,10,24 Saat
2026-07-18T15:56:35.144992+00:00,2026-07-18T18:56:35.144992+03:00,2424,Uzunçayır Açık Otoparkı,KADIKÖY,40.9988,29.0556,58,52,6,AÇIK OTOPARK,0,0,06:00-16:00
2026-07-18T15:56:35.144992+00:00,2026-07-18T18:56:35.144992+03:00,1468,Ümraniye Katlı Otoparkı,ÜMRANİYE,41.0261,29.0953,665,322,343,KAPALI OTOPARK,1,15,24 Saat
2026-07-18T15:56:35.144992+00:00,2026-07-18T18:56:35.144992+03:00,2898,Ümraniye Okan Sokak Zeminaltı Otoparkı,ÜMRANİYE,41.0284,29.0907,125,25,100,KAPALI OTOPARK,1,15,24 Saat
2026-07-18T15:56:35.144992+00:00,2026-07-18T18:56:35.144992+03:00,2345,Üsküdar Uzunçayır PD Açık Otoparkı,ÜSKÜDAR,40.9988,29.0577,90,74,16,AÇIK OTOPARK,1,15,06:00-22:00
2026-07-18T15:56:35.144992+00:00,2026-07-18T18:56:35.144992+03:00,1929,Üsküdar Ünalan Açık Otoparkı,ÜSKÜDAR,40.9979,29.0604,180,175,5,AÇIK OTOPARK,0,0,07:00-17:00
2026-07-18T15:56:35.144992+00:00,2026-07-18T18:56:35.144992+03:00,1487,Vatan Caddesi PD Açık Otoparkı,FATİH,41.0157,28.9405,397,355,42,AÇIK OTOPARK,1,5,24 Saat
2026-07-18T15:56:35.144992+00:00,2026-07-18T18:56:35.144992+03:00,1621,Veteriner Hilmi Sokak Yol Üstü 1,ŞİŞLİ,41.0603,28.9892,20,1,19,YOL ÜSTÜ,0,15,08:00-17:00
2026-07-18T15:56:35.144992+00:00,2026-07-18T18:56:35.144992+03:00,2441,Yalı Açık Otoparkı,MALTEPE,40.9095,29.137,85,81,4,AÇIK OTOPARK,1,0,07:30-22:00
2026-07-18T15:56:35.144992+00:00,2026-07-18T18:56:35.144992+03:00,459,Yalı Köşkü Caddesi 1,FATİH,41.0163,28.9759,61,1,60,YOL ÜSTÜ,1,5,07:00-21:00
2026-07-18T15:56:35.144992+00:00,2026-07-18T18:56:35.144992+03:00,2037,Yenikapı Marmaray Büyük Otoparkı,FATİH,41.0057,28.9505,324,98,226,AÇIK OTOPARK,1,15,24 Saat
2026-07-18T15:56:35.144992+00:00,2026-07-18T18:56:35.144992+03:00,2036,Yenikapı Marmaray Küçük Otoparkı,FATİH,41.0064,28.9504,200,190,10,AÇIK OTOPARK,1,15,07:00-22:00
2026-07-18T15:56:35.144992+00:00,2026-07-18T18:56:35.144992+03:00,2175,Yenikapı Spor ve Kültür Merkezi PD Açık Otoparkı,FATİH,41.0006,28.9519,4023,3727,296,AÇIK OTOPARK,1,15,24 Saat
2026-07-18T15:56:35.144992+00:00,2026-07-18T18:56:35.144992+03:00,2805,Yenikapı Tünel Üstü Açık Otoparkı,FATİH,41.0029,28.9534,700,404,296,AÇIK OTOPARK,1,10,24 Saat
2026-07-18T15:56:35.144992+00:00,2026-07-18T18:56:35.144992+03:00,3404,Yenimahalle Metro Zemin Altı PD Otoparkı,GAZİOSMANPAŞA,41.0839,28.8926,114,95,19,KAPALI OTOPARK,1,15,24 Saat
2026-07-18T15:56:35.144992+00:00,2026-07-18T18:56:35.144992+03:00,2920,Yeşilce Zemin Altı Katlı Otoparkı,KAĞITHANE,41.0938,29.0017,676,314,362,KAPALI OTOPARK,1,0,24 Saat
2026-07-18T15:56:35.144992+00:00,2026-07-18T18:56:35.144992+03:00,987,Yeşilköy İstasyon Caddesi 1,BAKIRKÖY,40.962,28.825,40,1,39,YOL ÜSTÜ,0,15,09:00-17:30
2026-07-18T15:56:35.144992+00:00,2026-07-18T18:56:35.144992+03:00,974,Yeşilköy Marina 1,BAKIRKÖY,40.9576,28.8233,145,1,144,YOL ÜSTÜ,1,0,12:00-23:00
2026-07-18T15:56:35.144992+00:00,2026-07-18T18:56:35.144992+03:00,3406,Yeşilpınar Metro Zemin Altı PD Otoparkı,EYÜP,41.081,28.9204,269,201,68,KAPALI OTOPARK,1,15,24 Saat
2026-07-18T15:56:35.144992+00:00,2026-07-18T18:56:35.144992+03:00,315,Yeşilyurt Çarşı 1,BAKIRKÖY,40.9643,28.8379,50,1,49,YOL ÜSTÜ,0,15,09:00-17:30
2026-07-18T15:56:35.144992+00:00,2026-07-18T18:56:35.144992+03:00,1133,Yıldız Korusu,BEŞİKTAŞ,41.0514,29.0165,500,1,499,AÇIK OTOPARK,1,0,08:00-22:00
2026-07-18T15:56:35.144992+00:00,2026-07-18T18:56:35.144992+03:00,882,Zeytinburnu 58. Bulvar 2,ZEYTİNBURNU,40.9932,28.9039,48,1,47,YOL ÜSTÜ,0,15,09:00-18:00
2026-07-18T15:56:35.144992+00:00,2026-07-18T18:56:35.144992+03:00,3185,Zeytinburnu Sahil Cep Otoparkı,ZEYTİNBURNU,40.9798,28.8985,160,1,159,AÇIK OTOPARK,1,0,12:00-22:00
2026-07-18T17:00:27.436248+00:00,2026-07-18T20:00:27.436248+03:00,3068,15 Temmuz Şehitler Meydanı Zeminaltı Otoparkı,ÜMRANİYE,41.0246,29.0915,1029,619,410,KAPALI OTOPARK,1,15,24 Saat
2026-07-18T17:00:27.436248+00:00,2026-07-18T20:00:27.436248+03:00,2338,19 Mayıs Açık,ŞİŞLİ,41.0563,28.9941,65,0,65,AÇIK OTOPARK,1,0,24 Saat
2026-07-18T17:00:27.436248+00:00,2026-07-18T20:00:27.436248+03:00,1751,4.Levent PD Açık Otoparkı,KAĞITHANE,41.0836,29.0081,236,151,85,AÇIK OTOPARK,1,5,24 Saat
2026-07-18T17:00:27.436248+00:00,2026-07-18T20:00:27.436248+03:00,3328,4.Levent Servis ve Turizm Araçları Açık Otoparkı,ŞİŞLİ,41.0841,29.0054,300,172,128,AÇIK OTOPARK,1,15,24 Saat
2026-07-18T17:00:27.436248+00:00,2026-07-18T20:00:27.436248+03:00,3412,5. Levent Gaziosmanpaşa Adliyesi Yanı Açık Otoparkı,EYÜP,41.0927,28.9494,250,235,15,AÇIK OTOPARK,1,15,07:00-23:00
2026-07-18T17:00:27.436248+00:00,2026-07-18T20:00:27.436248+03:00,104,Abide-i Hürriyet Caddesi 5,ŞİŞLİ,41.0619,28.9876,40,1,39,YOL ÜSTÜ,0,15,08:00-17:00
2026-07-18T17:00:27.436248+00:00,2026-07-18T20:00:27.436248+03:00,2452,Acıbadem Açık Otoparkı,ÜSKÜDAR,41.0157,29.0574,100,87,13,AÇIK OTOPARK,0,0,06:30-16:00
2026-07-18T17:00:27.436248+00:00,2026-07-18T20:00:27.436248+03:00,346,Ada Karşısı Cep 2,BEŞİKTAŞ,41.072,29.045,30,1,29,YOL ÜSTÜ,1,15,08:00-23:00
2026-07-18T17:00:27.436248+00:00,2026-07-18T20:00:27.436248+03:00,1663,Akasyalı Sokak Tenis Kulubü Önü 2,BEŞİKTAŞ,41.0867,29.0109,45,1,44,YOL ÜSTÜ,0,15,08:30-17:30
2026-07-18T17:00:27.436248+00:00,2026-07-18T20:00:27.436248+03:00,828,Akdeniz Caddesi 4,FATİH,41.0175,28.9435,27,1,26,YOL ÜSTÜ,0,15,09:00-18:00
2026-07-18T17:00:27.436248+00:00,2026-07-18T20:00:27.436248+03:00,1913,Alibeyköy Cep Otogarı Açık Otoparkı,EYÜP,41.0879,28.9446,116,0,116,AÇIK OTOPARK,1,25,24 Saat
2026-07-18T17:00:27.436248+00:00,2026-07-18T20:00:27.436248+03:00,1912,Alibeyköy Cep Otogarı Otobüs Otoparkı,EYÜP,41.0875,28.9449,5000,4978,22,AÇIK OTOPARK,1,60,24 Saat
2026-07-18T17:00:27.436248+00:00,2026-07-18T20:00:27.436248+03:00,2562,Alibeyköy Yeşiltepe Zemin Altı Otoparkı,EYÜP,41.0797,28.938,159,63,96,KAPALI OTOPARK,1,15,24 Saat
2026-07-18T17:00:27.436248+00:00,2026-07-18T20:00:27.436248+03:00,3201,Altınboynuz Sosyal Tesisleri,EYÜP,41.058,28.9447,70,1,69,AÇIK OTOPARK,1,15,08:00-23:00
2026-07-18T17:00:27.436248+00:00,2026-07-18T20:00:27.436248+03:00,758,Arap Camii Açık Otoparkı,BEYOĞLU,41.0227,28.9723,30,1,29,AÇIK OTOPARK,0,0,09:00-17:00
2026-07-18T17:00:27.436248+00:00,2026-07-18T20:00:27.436248+03:00,2685,Aras Sokak 2,BÜYÜKÇEKMECE,41.023,28.6209,60,1,59,YOL ÜSTÜ,0,0,06:00-14:30
2026-07-18T17:00:27.436248+00:00,2026-07-18T20:00:27.436248+03:00,2802,Arnavutköy Zemin Altı Otoparkı,ARNAVUTKÖY,41.1838,28.7396,700,46,654,KAPALI OTOPARK,1,15,24 Saat
2026-07-18T17:00:27.436248+00:00,2026-07-18T20:00:27.436248+03:00,1797,Ataköy Atrium AVM,BAKIRKÖY,40.9881,28.8459,250,205,45,AÇIK OTOPARK,1,15,08:00-23:00
2026-07-18T17:00:27.436248+00:00,2026-07-18T20:00:27.436248+03:00,2824,Ataköy Metro Durağı Yanı PD Zemin Altı Otoparkı,BAKIRKÖY,40.9904,28.8456,150,90,60,KAPALI OTOPARK,1,0,24 Saat
2026-07-18T17:00:27.436248+00:00,2026-07-18T20:00:27.436248+03:00,3161,Ataşehir Topçu İbrahim Sokak,ATAŞEHİR,40.9736,29.101,42,1,41,YOL ÜSTÜ,0,15,07:00-16:00
2026-07-18T17:00:27.436248+00:00,2026-07-18T20:00:27.436248+03:00,359,Atatürk Bulvarı 1,FATİH,41.0112,28.9534,20,1,19,YOL ÜSTÜ,0,0,07:30-18:00
2026-07-18T17:00:27.436248+00:00,2026-07-18T20:00:27.436248+03:00,3087,Atatürk Kent Ormanı Otoparkı,SARIYER,41.136,29.0262,200,197,3,AÇIK OTOPARK,0,0,08:00-17:00
2026-07-18T17:00:27.436248+00:00,2026-07-18T20:00:27.436248+03:00,2243,Avcılar Denizköşkler Toplantı ve Davet Salonu Açık Otoparkı,AVCILAR,40.9746,28.7435,200,1,199,AÇIK OTOPARK,1,15,13:00-07:00
2026-07-18T17:00:27.436248+00:00,2026-07-18T20:00:27.436248+03:00,1088,Avcılar İdo,AVCILAR,40.9712,28.7185,270,263,7,AÇIK OTOPARK,1,0,13:00-07:00
2026-07-18T17:00:27.436248+00:00,2026-07-18T20:00:27.436248+03:00,2885,Azapkapı Haliç Metro Otoparkı,ŞİŞLİ,41.0245,28.9691,80,2,78,AÇIK OTOPARK,1,5,24 Saat
2026-07-18T17:00:27.436248+00:00,2026-07-18T20:00:27.436248+03:00,2455,Azerbaycan Dostluk Parkı Zemin Altı Otoparkı,BAĞCILAR,41.0444,28.854,400,225,175,KAPALI OTOPARK,1,10,24 Saat
2026-07-18T17:00:27.436248+00:00,2026-07-18T20:00:27.436248+03:00,2965,Bağcılar Çolakoğlu Zemin Altı Otoparkı,BAĞCILAR,41.0324,28.8345,106,0,106,KAPALI OTOPARK,1,5,24 Saat
2026-07-18T17:00:27.436248+00:00,2026-07-18T20:00:27.436248+03:00,2576,Bağcılar Demirkapı Zemin Altı Otoparkı,BAĞCILAR,41.0499,28.8327,343,166,177,KAPALI OTOPARK,1,5,24 Saat
2026-07-18T17:00:27.436248+00:00,2026-07-18T20:00:27.436248+03:00,3036,Bağcılar Devlet Hastanesi Yanı Zeminaltı Otoparkı,BAĞCILAR,41.0312,28.8696,1133,185,948,KAPALI OTOPARK,1,15,24 Saat
2026-07-18T17:00:27.436248+00:00,2026-07-18T20:00:27.436248+03:00,3071,Bağcılar Emniyet Müdürlüğü Yanı Açık Otoparkı,BAĞCILAR,41.0353,28.8598,100,49,51,AÇIK OTOPARK,1,0,24 Saat
2026-07-18T17:00:27.436248+00:00,2026-07-18T20:00:27.436248+03:00,2873,Bağcılar Göztepe Zemin Altı,BAĞCILAR,41.0567,28.8355,120,0,120,KAPALI OTOPARK,1,5,24 Saat
2026-07-18T17:00:27.436248+00:00,2026-07-18T20:00:27.436248+03:00,3187,Bağcılar Hürriyet Mahallesi Zemin Altı Otoparkı,BAĞCILAR,41.0291,28.8333,355,0,355,KAPALI OTOPARK,1,10,24 Saat
2026-07-18T17:00:27.436248+00:00,2026-07-18T20:00:27.436248+03:00,2916,Bağcılar Kent Meydanı PD Zemin Altı Otoparkı,BAĞCILAR,41.0339,28.8556,1162,0,1162,KAPALI OTOPARK,1,0,24 Saat
2026-07-18T17:00:27.436248+00:00,2026-07-18T20:00:27.436248+03:00,3261,Bağcılar Yenimahalle Zemin Altı Otoparkı,BAĞCILAR,41.0425,28.8395,525,290,235,KAPALI OTOPARK,1,15,24 Saat
2026-07-18T17:00:27.436248+00:00,2026-07-18T20:00:27.436248+03:00,2820,Bağcılar Yıldıztepe Katlı Otoparkı,BAĞCILAR,41.0294,28.8556,350,0,350,KAPALI OTOPARK,1,10,24 Saat
2026-07-18T17:00:27.436248+00:00,2026-07-18T20:00:27.436248+03:00,3447,Bahçelievler 23 Nisan Milli Egemenlik Zeminaltı Otoparkı,BAHÇELİEVLER,40.9988,28.8472,732,458,274,KAPALI OTOPARK,1,10,24 Saat
2026-07-18T17:00:27.436248+00:00,2026-07-18T20:00:27.436248+03:00,2993,Bahçelievler Cumhuriyet Zeminaltı Otoparkı,BAHÇELİEVLER,41.0149,28.859,663,0,663,KAPALI OTOPARK,1,10,24 Saat
2026-07-18T17:00:27.436248+00:00,2026-07-18T20:00:27.436248+03:00,2969,Bahçelievler Devlet Hastanesi Yanı Katlı Otoparkı,BAHÇELİEVLER,41.0072,28.8442,740,0,740,KAPALI OTOPARK,1,0,24 Saat
2026-07-18T17:00:27.436248+00:00,2026-07-18T20:00:27.436248+03:00,3051,Bahçelievler Zafer Mh. Zeminaltı Otoparkı,BAHÇELİEVLER,41.0036,28.8351,200,93,107,KAPALI OTOPARK,1,0,24 Saat
2026-07-18T17:00:27.436248+00:00,2026-07-18T20:00:27.436248+03:00,3118,Bahçeşehir Doğa Parkı Caddesi 3,BAŞAKŞEHİR,41.0683,28.6894,22,1,21,YOL ÜSTÜ,0,15,10:00-20:00
2026-07-18T17:00:27.436248+00:00,2026-07-18T20:00:27.436248+03:00,3236,Bahçeşehir Gölet Açık Otoparkı,BAŞAKŞEHİR,41.0719,28.6901,200,1,199,AÇIK OTOPARK,1,0,12:00-22:00
2026-07-18T17:00:27.436248+00:00,2026-07-18T20:00:27.436248+03:00,1465,Bakırköy İdo Açık Otoparkı,BAKIRKÖY,40.9739,28.8761,160,29,131,AÇIK OTOPARK,1,10,24 Saat
2026-07-18T17:00:27.436248+00:00,2026-07-18T20:00:27.436248+03:00,1104,Balmumcu Katlı Otoparkı,BEŞİKTAŞ,41.0636,29.0109,400,328,72,KAPALI OTOPARK,1,5,24 Saat
2026-07-18T17:00:27.436248+00:00,2026-07-18T20:00:27.436248+03:00,2796,Başakşehir Metro Açık Otoparkı,BAŞAKŞEHİR,41.107,28.801,125,1,124,AÇIK OTOPARK,0,0,07:00-16:00
2026-07-18T17:00:27.436248+00:00,2026-07-18T20:00:27.436248+03:00,2350,Bayrampaşa Adapark Katlı Otoparkı,BAYRAMPAŞA,41.0647,28.8875,650,0,650,KAPALI OTOPARK,1,15,24 Saat
2026-07-18T17:00:27.436248+00:00,2026-07-18T20:00:27.436248+03:00,2892,Bayrampaşa Altıntepsi Zemin  Altı Otoparkı,BAYRAMPAŞA,41.0393,28.9029,110,0,110,KAPALI OTOPARK,1,10,24 Saat
2026-07-18T17:00:27.436248+00:00,2026-07-18T20:00:27.436248+03:00,2909,Bayrampaşa Atatürk Parkı  Zemin Altı Otoparkı,BAYRAMPAŞA,41.0342,28.9123,442,22,420,KAPALI OTOPARK,1,10,24 Saat
2026-07-18T17:00:27.436248+00:00,2026-07-18T20:00:27.436248+03:00,2683,Bayrampaşa Devlet Hastanesi Cep Otoparkı,BAYRAMPAŞA,41.0414,28.9031,55,27,28,AÇIK OTOPARK,0,0,08:00-19:00
2026-07-18T17:00:27.436248+00:00,2026-07-18T20:00:27.436248+03:00,3301,Bayrampaşa Kocatepe Mahallesi Zemin Altı Otoparkı,BAYRAMPAŞA,41.0545,28.8964,241,0,241,KAPALI OTOPARK,1,10,24 Saat
2026-07-18T17:00:27.436248+00:00,2026-07-18T20:00:27.436248+03:00,2053,Bayrampaşa Muratpaşa Yer Altı Otoparkı,BAYRAMPAŞA,41.047,28.9082,300,38,262,KAPALI OTOPARK,1,15,24 Saat
2026-07-18T17:00:27.436248+00:00,2026-07-18T20:00:27.436248+03:00,3175,Bayrampaşa Spor Kompleksi Zemin Altı Otoparkı,BAYRAMPAŞA,41.0446,28.9106,205,0,205,KAPALI OTOPARK,1,15,24 Saat
2026-07-18T17:00:27.436248+00:00,2026-07-18T20:00:27.436248+03:00,3382,Bayrampaşa Şehit Kamil Balkan Zemin Altı Otoparkı,BAYRAMPAŞA,41.0604,28.9008,235,0,235,KAPALI OTOPARK,1,10,24 Saat
2026-07-18T17:00:27.436248+00:00,2026-07-18T20:00:27.436248+03:00,2428,Bayrampaşa Yenidoğan Mahallesi Zemin Altı Otoparkı,BAYRAMPAŞA,41.0395,28.9088,120,0,120,KAPALI OTOPARK,1,10,24 Saat
2026-07-18T17:00:27.436248+00:00,2026-07-18T20:00:27.436248+03:00,2468,Bebek Açık,BEŞİKTAŞ,41.077,29.0434,30,1,29,AÇIK OTOPARK,1,0,24 Saat
2026-07-18T17:00:27.436248+00:00,2026-07-18T20:00:27.436248+03:00,3479,Beşiktaş Halk Pazarı Açık Otoparkı,BEŞİKTAŞ,41.0496,29.0004,170,170,0,AÇIK OTOPARK,1,5,24 Saat
2026-07-18T17:00:27.436248+00:00,2026-07-18T20:00:27.436248+03:00,573,Beşiktaş Kadastro Önü 1,BEŞİKTAŞ,41.0503,29.0076,39,1,38,YOL ÜSTÜ,0,15,08:00-17:00
2026-07-18T17:00:27.436248+00:00,2026-07-18T20:00:27.436248+03:00,3257,Beykoz Sahil Cep Otoparkı,BEYKOZ,41.1286,29.0953,100,75,25,AÇIK OTOPARK,1,0,08:00-00:00
2026-07-18T17:00:27.436248+00:00,2026-07-18T20:00:27.436248+03:00,2273,Beykoz Sosyal Tesisleri,BEYKOZ,41.1143,29.0888,130,0,130,AÇIK OTOPARK,1,15,08:00-00:00
2026-07-18T17:00:27.436248+00:00,2026-07-18T20:00:27.436248+03:00,2999,Beyoğlu Gazhane Bostan Sokak 2,BEYOĞLU,41.0389,28.9903,35,1,34,YOL ÜSTÜ,0,0,07:30-16:30
2026-07-18T17:00:27.436248+00:00,2026-07-18T20:00:27.436248+03:00,3072,Beyoğlu Örnektepe Zemin Altı Otoparkı,BEYOĞLU,41.0543,28.9548,143,0,143,KAPALI OTOPARK,1,0,24 Saat
2026-07-18T17:00:27.436248+00:00,2026-07-18T20:00:27.436248+03:00,1455,Bostancı Açık,KADIKÖY,40.9523,29.0902,394,0,394,AÇIK OTOPARK,1,15,24 Saat
2026-07-18T17:00:27.436248+00:00,2026-07-18T20:00:27.436248+03:00,1456,Bostancı Sahil-Cep Açık Otoparkı,KADIKÖY,40.9545,29.0885,192,0,192,AÇIK OTOPARK,1,15,24 Saat
2026-07-18T17:00:27.436248+00:00,2026-07-18T20:00:27.436248+03:00,2150,Bostancı Vergi Dairesi Açık Otoparkı,ATAŞEHİR,40.9625,29.1083,155,0,155,AÇIK OTOPARK,0,5,08:00-20:00
2026-07-18T17:00:27.436248+00:00,2026-07-18T20:00:27.436248+03:00,2854,Bülent Ecevit Kültür Merkezi Açık Otoparkı,KARTAL,40.8852,29.1967,277,244,33,AÇIK OTOPARK,1,5,10:00-21:00
2026-07-18T17:00:27.436248+00:00,2026-07-18T20:00:27.436248+03:00,2866,Büyük İstanbul Otogarı,BAYRAMPAŞA,41.0402,28.8942,1000,0,1000,AÇIK OTOPARK,1,25,24 Saat
2026-07-18T17:00:27.436248+00:00,2026-07-18T20:00:27.436248+03:00,1192,Büyükçamlıca Korusu Sosyal Tesisleri Önü,ÜSKÜDAR,41.0264,29.0698,204,112,92,AÇIK OTOPARK,1,0,08:00-00:00
2026-07-18T17:00:27.436248+00:00,2026-07-18T20:00:27.436248+03:00,2960,Büyükçekmece Metrobüs Durağı Yanı PD Zemin Altı Otopark,BÜYÜKÇEKMECE,41.0221,28.624,448,214,234,KAPALI OTOPARK,1,0,24 Saat
2026-07-18T17:00:27.436248+00:00,2026-07-18T20:00:27.436248+03:00,1503,Cadde Bostan Açık Otoparkı,KADIKÖY,40.9636,29.0675,66,5,61,AÇIK OTOPARK,1,15,24 Saat
2026-07-18T17:00:27.436248+00:00,2026-07-18T20:00:27.436248+03:00,2933,Cemal Kamacı Spor Kompleksi Zemin Altı Otoparkı,KAĞITHANE,41.0536,28.9575,510,0,510,KAPALI OTOPARK,1,0,24 Saat
2026-07-18T17:00:27.436248+00:00,2026-07-18T20:00:27.436248+03:00,2207,Cengiz Topel Yer Altı Katlı Otoparkı,ESENLER,41.0588,28.8643,144,0,144,KAPALI OTOPARK,1,15,24 Saat
2026-07-18T17:00:27.436248+00:00,2026-07-18T20:00:27.436248+03:00,2787,Cevizli Açık Otoparkı,KARTAL,40.9179,29.1712,100,91,9,AÇIK OTOPARK,0,15,08:00-19:00
2026-07-18T17:00:27.436248+00:00,2026-07-18T20:00:27.436248+03:00,782,Cihangir Caddesi 2,BEYOĞLU,41.0319,28.9862,70,1,69,YOL ÜSTÜ,0,15,09:00-19:00
2026-07-18T17:00:27.436248+00:00,2026-07-18T20:00:27.436248+03:00,1467,Cihangir Katlı Otoparkı,BEYOĞLU,41.0318,28.9858,350,0,350,KAPALI OTOPARK,1,0,24 Saat
2026-07-18T17:00:27.436248+00:00,2026-07-18T20:00:27.436248+03:00,535,Cihannuma Yol Üstü 1,BEŞİKTAŞ,41.0454,29.0084,35,1,34,YOL ÜSTÜ,1,0,08:00-23:00
2026-07-18T17:00:27.436248+00:00,2026-07-18T20:00:27.436248+03:00,537,Cihannuma Yol Üstü 3,BEŞİKTAŞ,41.0459,29.0087,33,1,32,YOL ÜSTÜ,1,0,08:00-23:00
2026-07-18T17:00:27.436248+00:00,2026-07-18T20:00:27.436248+03:00,539,Cihannuma Yol Üstü 5,BEŞİKTAŞ,41.0489,29.0094,24,1,23,YOL ÜSTÜ,1,0,08:00-23:00
2026-07-18T17:00:27.436248+00:00,2026-07-18T20:00:27.436248+03:00,3184,Çam Sokak 6,GÜNGÖREN,41.0121,28.8882,50,1,49,YOL ÜSTÜ,0,15,08:00-17:00
2026-07-18T17:00:27.436248+00:00,2026-07-18T20:00:27.436248+03:00,3030,Çekmeköy Metro PD Zemin Altı Otoparkı,ÇEKMEKÖY,41.0147,29.1886,175,69,106,KAPALI OTOPARK,1,15,24 Saat
2026-07-18T17:00:27.436248+00:00,2026-07-18T20:00:27.436248+03:00,2905,Çeliktepe Açık Otoparkı,KAĞITHANE,41.0843,29.0056,200,74,126,AÇIK OTOPARK,1,5,24 Saat
2026-07-18T17:00:27.436248+00:00,2026-07-18T20:00:27.436248+03:00,1298,Çengelköy Açık Otoparkı,ÜSKÜDAR,41.0484,29.0533,500,0,500,AÇIK OTOPARK,1,15,24 Saat
2026-07-18T17:00:27.436248+00:00,2026-07-18T20:00:27.436248+03:00,502,Çınar Açık Otoparkı,BEŞİKTAŞ,41.0853,29.0088,65,1,64,AÇIK OTOPARK,0,0,08:00-18:00
2026-07-18T17:00:27.436248+00:00,2026-07-18T20:00:27.436248+03:00,777,Çırağan Sarayı Yol Üstü 1,BEŞİKTAŞ,41.0448,29.0165,40,1,39,YOL ÜSTÜ,1,15,08:00-23:00
2026-07-18T17:00:27.436248+00:00,2026-07-18T20:00:27.436248+03:00,778,Çırağan Sarayı Yol Üstü 2,BEŞİKTAŞ,41.0445,29.0156,40,1,39,YOL ÜSTÜ,1,15,08:00-23:00
2026-07-18T17:00:27.436248+00:00,2026-07-18T20:00:27.436248+03:00,2228,Çırpıcı Sosyal Tesisler,ZEYTİNBURNU,41,28.8926,128,0,128,AÇIK OTOPARK,1,15,07:00-00:00
2026-07-18T17:00:27.436248+00:00,2026-07-18T20:00:27.436248+03:00,1508,Çiroz Yeşilköy Halk Pazarı,BAKIRKÖY,40.9628,28.8129,471,1,470,AÇIK OTOPARK,0,0,08:00-18:00
2026-07-18T17:00:27.436248+00:00,2026-07-18T20:00:27.436248+03:00,2030,Dalyan Açık Otoparkı,KADIKÖY,40.9632,29.0651,92,0,92,AÇIK OTOPARK,1,15,24 Saat
2026-07-18T17:00:27.436248+00:00,2026-07-18T20:00:27.436248+03:00,2271,Damla Sokak 1,ŞİŞLİ,41.0672,29.0004,17,1,16,YOL ÜSTÜ,0,15,07:30-16:30
2026-07-18T17:00:27.436248+00:00,2026-07-18T20:00:27.436248+03:00,2164,Darüşşafaka Yeraltı Otoparkı,SARIYER,41.1292,29.0252,150,136,14,KAPALI OTOPARK,1,15,08:00-00:00
2026-07-18T17:00:27.436248+00:00,2026-07-18T20:00:27.436248+03:00,1653,Deniz Feneri Otoparkı,FATİH,41.0019,28.9773,175,2,173,AÇIK OTOPARK,1,5,24 Saat
2026-07-18T17:00:27.436248+00:00,2026-07-18T20:00:27.436248+03:00,595,Dostluk Yurdu 1,FATİH,41.0071,28.973,33,1,32,YOL ÜSTÜ,0,15,07:00-17:00
2026-07-18T17:00:27.436248+00:00,2026-07-18T20:00:27.436248+03:00,2237,Dragos Sosyal Tesisleri,KARTAL,40.9017,29.1458,100,0,100,AÇIK OTOPARK,1,15,24 Saat
2026-07-18T17:00:27.436248+00:00,2026-07-18T20:00:27.436248+03:00,3063,Dudullu Metro PD Zemin Altı Otoparkı,ÜMRANİYE,41.0156,29.1633,81,63,18,KAPALI OTOPARK,1,15,07:00-23:30
2026-07-18T17:00:27.436248+00:00,2026-07-18T20:00:27.436248+03:00,1522,Ebu Suut Caddesi 1,FATİH,41.0128,28.9766,35,1,34,YOL ÜSTÜ,0,0,08:00-18:00
2026-07-18T17:00:27.436248+00:00,2026-07-18T20:00:27.436248+03:00,2147,EGS Blokları Açık Otoparkı,BAKIRKÖY,40.9863,28.8354,350,120,230,AÇIK OTOPARK,0,60,09:00-19:30
2026-07-18T17:00:27.436248+00:00,2026-07-18T20:00:27.436248+03:00,2366,Esenler Adem Baştürk Kültür Merkezi Katlı,ESENLER,41.039,28.8846,460,52,408,KAPALI OTOPARK,1,15,24 Saat
2026-07-18T17:00:27.436248+00:00,2026-07-18T20:00:27.436248+03:00,3190,Esenler Havaalanı Mahallesi Zemin Altı Otoparkı,ESENLER,41.0562,28.8674,610,407,203,KAPALI OTOPARK,1,10,24 Saat
2026-07-18T17:00:27.436248+00:00,2026-07-18T20:00:27.436248+03:00,3011,Esenler Menderes Metro İstasyonu Yanı,ESENLER,41.0427,28.8783,68,0,68,AÇIK OTOPARK,1,5,24 Saat
2026-07-18T17:00:27.436248+00:00,2026-07-18T20:00:27.436248+03:00,2822,Esenler Menderes Parkı Zemin Altı Otoparkı,ESENLER,41.0412,28.8729,325,97,228,KAPALI OTOPARK,1,10,24 Saat
2026-07-18T17:00:27.436248+00:00,2026-07-18T20:00:27.436248+03:00,3303,Esenyurt Adile Naşit Bulvarı Zeminaltı Otoparkı,ESENYURT,41.0205,28.6859,367,300,67,KAPALI OTOPARK,1,15,24 Saat
2026-07-18T17:00:27.436248+00:00,2026-07-18T20:00:27.436248+03:00,1328,Eski Salı Pazarı,KADIKÖY,40.9904,29.0338,760,0,760,AÇIK OTOPARK,1,15,24 Saat
2026-07-18T17:00:27.436248+00:00,2026-07-18T20:00:27.436248+03:00,904,Eyüp Pierloti Caddesi 1,EYÜP,41.0539,28.9329,40,1,39,YOL ÜSTÜ,1,0,09:00-22:00
2026-07-18T17:00:27.436248+00:00,2026-07-18T20:00:27.436248+03:00,2850,Eyüpsultan Akşemsettin Mahallesi Zemin Altı Otoparkı,EYÜP,41.085,28.9258,110,0,110,KAPALI OTOPARK,1,15,24 Saat
2026-07-18T17:00:27.436248+00:00,2026-07-18T20:00:27.436248+03:00,2215,Fatih Çeşmesi Tabiat Parkı Otoparkı,SARIYER,41.1686,28.9448,250,1,249,AÇIK OTOPARK,0,0,06:00-20:00
2026-07-18T17:00:27.436248+00:00,2026-07-18T20:00:27.436248+03:00,1475,Fatih Katlı Otoparkı,FATİH,41.0198,28.9396,118,40,78,KAPALI OTOPARK,1,10,24 Saat
2026-07-18T17:00:27.436248+00:00,2026-07-18T20:00:27.436248+03:00,1591,Feshane PD Açık Otoparkı,EYÜP,41.0463,28.9378,200,0,200,AÇIK OTOPARK,1,15,24 Saat
2026-07-18T17:00:27.436248+00:00,2026-07-18T20:00:27.436248+03:00,1005,Florya Havuzlu Bahçe,BAKIRKÖY,40.9764,28.7908,135,1,134,AÇIK OTOPARK,1,0,09:00-23:00
2026-07-18T17:00:27.436248+00:00,2026-07-18T20:00:27.436248+03:00,2238,Florya Sosyal Tesisleri,BAKIRKÖY,40.9614,28.8091,1074,187,887,AÇIK OTOPARK,1,15,24 Saat
2026-07-18T17:00:27.436248+00:00,2026-07-18T20:00:27.436248+03:00,3296,Gaziosmanpaşa Meydanı ve Yaşam Merkezi Zemin Altı Otoparkı,GAZİOSMANPAŞA,41.0606,28.9093,202,0,202,KAPALI OTOPARK,1,15,24 Saat
2026-07-18T17:00:27.436248+00:00,2026-07-18T20:00:27.436248+03:00,2971,Gaziosmanpaşa Zemin Altı Otoparkı,GAZİOSMANPAŞA,41.0796,28.8858,285,0,285,KAPALI OTOPARK,1,0,24 Saat
2026-07-18T17:00:27.436248+00:00,2026-07-18T20:00:27.436248+03:00,3401,Giyimkent Tekstilkent Metro Zemin Altı PD Otoparkı,ESENLER,41.0711,28.8666,203,192,11,KAPALI OTOPARK,1,10,24 Saat
2026-07-18T17:00:27.436248+00:00,2026-07-18T20:00:27.436248+03:00,2242,Gözdağı Sosyal Tesisler  Açık Otoparkı,PENDİK,40.893,29.2538,300,218,82,AÇIK OTOPARK,1,0,07:00-23:00
2026-07-18T17:00:27.436248+00:00,2026-07-18T20:00:27.436248+03:00,1879,Gülsuyu Metro PD Yer Altı Otoparkı,MALTEPE,40.9237,29.1548,76,0,76,KAPALI OTOPARK,1,15,08:00-00:00
2026-07-18T17:00:27.436248+00:00,2026-07-18T20:00:27.436248+03:00,1423,Güneş Plajı 1,BAKIRKÖY,40.9712,28.79,250,46,204,AÇIK OTOPARK,1,10,24 Saat
2026-07-18T17:00:27.436248+00:00,2026-07-18T20:00:27.436248+03:00,1461,Güneş Plajı 2,BAKIRKÖY,40.9692,28.7951,135,0,135,AÇIK OTOPARK,0,10,08:00-20:00
2026-07-18T17:00:27.436248+00:00,2026-07-18T20:00:27.436248+03:00,3053,Güngören Nikah Dairesi Zemin Altı otoparkı,GÜNGÖREN,41.0363,28.8718,147,0,147,KAPALI OTOPARK,1,10,24 Saat
2026-07-18T17:00:27.436248+00:00,2026-07-18T20:00:27.436248+03:00,2216,Gürpınar Balık Hali Otoparkı,BEYLİKDÜZÜ,40.9663,28.6019,1000,869,131,AÇIK OTOPARK,1,15,24 Saat
2026-07-18T17:00:27.436248+00:00,2026-07-18T20:00:27.436248+03:00,1525,Hacıosman Metro Yer Altı Otoparkı,SARIYER,41.14,29.0306,422,0,422,KAPALI OTOPARK,1,15,24 Saat
2026-07-18T17:00:27.436248+00:00,2026-07-18T20:00:27.436248+03:00,1470,Haldun Alagaş Katlı Otoparkı,ÜMRANİYE,41.0262,29.1052,197,147,50,KAPALI OTOPARK,1,15,24 Saat
2026-07-18T17:00:27.436248+00:00,2026-07-18T20:00:27.436248+03:00,3235,Haliç Sosyal Tesisleri Otoparkı,FATİH,41.0277,28.9572,60,18,42,AÇIK OTOPARK,1,15,07:00-00:00
2026-07-18T17:00:27.436248+00:00,2026-07-18T20:00:27.436248+03:00,2848,Halkalı Mahallesi Zemin Altı Otoparkı,KÜÇÜKÇEKMECE,41.0359,28.7848,347,290,57,KAPALI OTOPARK,1,15,24 Saat
2026-07-18T17:00:27.436248+00:00,2026-07-18T20:00:27.436248+03:00,2838,Hamidiye Mahallesi Katlı Otoparkı,KAĞITHANE,41.0949,28.971,450,235,215,KAPALI OTOPARK,1,15,24 Saat
2026-07-18T17:00:27.436248+00:00,2026-07-18T20:00:27.436248+03:00,1446,Harbiye Zemin Altı Otoparkı,BEYOĞLU,41.0408,28.9869,142,47,95,KAPALI OTOPARK,1,0,24 Saat
2026-07-18T17:00:27.436248+00:00,2026-07-18T20:00:27.436248+03:00,2332,Haydarpaşa Katlı Otoparkı,ÜSKÜDAR,41.0048,29.0251,840,762,78,KAPALI OTOPARK,1,15,24 Saat
2026-07-18T17:00:27.436248+00:00,2026-07-18T20:00:27.436248+03:00,1987,Haznedar Yer Altı Otoparkı,GÜNGÖREN,41.0083,28.8729,540,0,540,KAPALI OTOPARK,1,0,24 Saat
2026-07-18T17:00:27.436248+00:00,2026-07-18T20:00:27.436248+03:00,377,Hızır Külhani Sokak,FATİH,41.0202,28.9605,32,1,31,YOL ÜSTÜ,0,15,09:00-17:00
2026-07-18T17:00:27.436248+00:00,2026-07-18T20:00:27.436248+03:00,3173,Hürriyet Mahallesi Zeminaltı Otoparkı,GAZİOSMANPAŞA,41.0708,28.8951,190,0,190,KAPALI OTOPARK,1,15,24 Saat
2026-07-18T17:00:27.436248+00:00,2026-07-18T20:00:27.436248+03:00,157,Ihlamur Dere Caddesi 4,BEŞİKTAŞ,41.047,29.0023,27,1,26,YOL ÜSTÜ,0,15,09:00-17:00
2026-07-18T17:00:27.436248+00:00,2026-07-18T20:00:27.436248+03:00,1189,İçerenköy Sebze Meyve Hali Otoparkı,ATAŞEHİR,40.9766,29.1044,600,600,0,AÇIK OTOPARK,1,15,24 Saat
2026-07-18T17:00:27.436248+00:00,2026-07-18T20:00:27.436248+03:00,1127,İshakpaşa Caddesi,FATİH,41.0079,28.9814,200,1,199,YOL ÜSTÜ,0,0,08:00-18:00
2026-07-18T17:00:27.436248+00:00,2026-07-18T20:00:27.436248+03:00,3265,İspark İstanbul West Marina Açık Otoparkı 1,BEYLİKDÜZÜ,40.9636,28.6564,250,1,249,AÇIK OTOPARK,1,15,24 Saat
2026-07-18T17:00:27.436248+00:00,2026-07-18T20:00:27.436248+03:00,2793,İspark Merter Katlı Otoparkı,GÜNGÖREN,41.0097,28.89,900,479,421,KAPALI OTOPARK,1,10,24 Saat
2026-07-18T17:00:27.436248+00:00,2026-07-18T20:00:27.436248+03:00,2430,İspark West İstanbul Marina Açık Otoparkı,BEYLİKDÜZÜ,40.9639,28.6591,1600,878,722,AÇIK OTOPARK,1,15,24 Saat
2026-07-18T17:00:27.436248+00:00,2026-07-18T20:00:27.436248+03:00,381,İstinye 4 ( Cami Önü ),SARIYER,41.1149,29.0571,25,1,24,YOL ÜSTÜ,0,15,08:30-17:30
2026-07-18T17:00:27.436248+00:00,2026-07-18T20:00:27.436248+03:00,1804,İtalyan Hastanesi Karşısı Açık Otoparkı 1,BEYOĞLU,41.028,28.9815,30,1,29,AÇIK OTOPARK,0,0,08:00-19:00
2026-07-18T17:00:27.436248+00:00,2026-07-18T20:00:27.436248+03:00,507,Kabasakal Medrese Önü,FATİH,41.0062,28.9789,65,1,64,AÇIK OTOPARK,0,0,08:00-18:30
2026-07-18T17:00:27.436248+00:00,2026-07-18T20:00:27.436248+03:00,3306,Kabataş Transfer Merkezi Turizm Otobüs Otoparkı,BEYOĞLU,41.0336,28.9923,160,0,160,KAPALI OTOPARK,1,20,24 Saat
2026-07-18T17:00:27.436248+00:00,2026-07-18T20:00:27.436248+03:00,2918,Kadıköy Hasanpaşa Gazhane Katlı Otoparkı,KADIKÖY,40.9972,29.0428,310,175,135,KAPALI OTOPARK,1,15,24 Saat
2026-07-18T17:00:27.436248+00:00,2026-07-18T20:00:27.436248+03:00,1447,Kadıköy İski Açık Otoparkı,KADIKÖY,40.9874,29.0207,124,0,124,AÇIK OTOPARK,1,15,24 Saat
2026-07-18T17:00:27.436248+00:00,2026-07-18T20:00:27.436248+03:00,1655,Kadıköy Metro Açık Otoparkı,KADIKÖY,40.9899,29.0217,74,1,73,AÇIK OTOPARK,1,15,24 Saat
2026-07-18T17:00:27.436248+00:00,2026-07-18T20:00:27.436248+03:00,3445,Kadıköy Uzunçayır PD Açık Otoparkı,KADIKÖY,40.9982,29.0569,70,49,21,AÇIK OTOPARK,0,15,06:30-16:30
2026-07-18T17:00:27.436248+00:00,2026-07-18T20:00:27.436248+03:00,2808,Kadıköy Yeni Salı Pazarı PD Katlı Otoparkı,KADIKÖY,40.9969,29.0486,1350,498,852,KAPALI OTOPARK,1,15,24 Saat
2026-07-18T17:00:27.436248+00:00,2026-07-18T20:00:27.436248+03:00,2811,Kağıthane Harmantepe Zemin Altı Otoparkı,KAĞITHANE,41.0816,28.9907,200,0,200,KAPALI OTOPARK,1,0,24 Saat
2026-07-18T17:00:27.436248+00:00,2026-07-18T20:00:27.436248+03:00,1452,Kalamış Açık Otoparkı,KADIKÖY,40.9687,29.0363,173,29,144,AÇIK OTOPARK,1,15,24 Saat
2026-07-18T17:00:27.436248+00:00,2026-07-18T20:00:27.436248+03:00,1474,Kartal Hasan Doğan Spor Kompleksi,KARTAL,40.8918,29.1897,773,0,773,KAPALI OTOPARK,1,15,24 Saat
2026-07-18T17:00:27.436248+00:00,2026-07-18T20:00:27.436248+03:00,1105,Kartal İdo Açık Otoparkı,KARTAL,40.8874,29.1881,90,0,90,AÇIK OTOPARK,1,15,24 Saat
2026-07-18T17:00:27.436248+00:00,2026-07-18T20:00:27.436248+03:00,1550,Kartal Sahil Açık Otoparkı,KARTAL,40.8875,29.1901,75,11,64,AÇIK OTOPARK,1,5,24 Saat
2026-07-18T17:00:27.436248+00:00,2026-07-18T20:00:27.436248+03:00,3434,Kasımpaşa Sosyal Tesisler Otoparkı,BEYOĞLU,41.0296,28.9673,60,36,24,AÇIK OTOPARK,1,0,07:30-23:00
2026-07-18T17:00:27.436248+00:00,2026-07-18T20:00:27.436248+03:00,2827,Kayaşehir Meydan Zemin Altı Otoparkı,BAŞAKŞEHİR,41.1196,28.7718,1054,1,1053,KAPALI OTOPARK,0,0,10:00-17:00
2026-07-18T17:00:27.436248+00:00,2026-07-18T20:00:27.436248+03:00,1960,Kazlıçeşme Marmaray Açık Otoparkı,ZEYTİNBURNU,40.9922,28.917,700,529,171,AÇIK OTOPARK,1,15,24 Saat
2026-07-18T17:00:27.436248+00:00,2026-07-18T20:00:27.436248+03:00,2994,Kirazlı Metro Durağı PD Açık Otoparkı,BAĞCILAR,41.033,28.8429,112,2,110,AÇIK OTOPARK,1,5,24 Saat
2026-07-18T17:00:27.436248+00:00,2026-07-18T20:00:27.436248+03:00,1528,Kore Şehitleri Caddesi - Yüzbaşı Kaya Aldağon Sokak 1,ŞİŞLİ,41.0719,29.0139,40,1,39,YOL ÜSTÜ,0,15,07:00-16:00
2026-07-18T17:00:27.436248+00:00,2026-07-18T20:00:27.436248+03:00,2449,Kozyatağı Sebze-Meyve Hali,ATAŞEHİR,40.9787,29.1029,1500,1500,0,AÇIK OTOPARK,1,0,24 Saat
2026-07-18T17:00:27.436248+00:00,2026-07-18T20:00:27.436248+03:00,1206,Kutlugün Sokak 2,FATİH,41.0061,28.9801,200,1,199,YOL ÜSTÜ,0,0,08:00-18:00
2026-07-18T17:00:27.436248+00:00,2026-07-18T20:00:27.436248+03:00,3074,Küçük Çamlıca,ÜSKÜDAR,41.0204,29.0653,129,105,24,AÇIK OTOPARK,1,0,08:00-22:00
2026-07-18T17:00:27.436248+00:00,2026-07-18T20:00:27.436248+03:00,3127,Küçükçekmece Cennet Mahallesi Meydan Zemin Altı Otoparkı,KÜÇÜKÇEKMECE,40.9907,28.783,456,0,456,KAPALI OTOPARK,1,10,24 Saat
2026-07-18T17:00:27.436248+00:00,2026-07-18T20:00:27.436248+03:00,2554,Küçükçekmece Fevzi Çakmak Meydanı Zemin Altı Otoparkı,KÜÇÜKÇEKMECE,41.0076,28.7927,1000,493,507,KAPALI OTOPARK,1,10,24 Saat
2026-07-18T17:00:27.436248+00:00,2026-07-18T20:00:27.436248+03:00,2882,Küçüksu Kasrı Açık Otoparkı,BEYKOZ,41.0789,29.0657,98,90,8,AÇIK OTOPARK,1,0,07:00-23:00
2026-07-18T17:00:27.436248+00:00,2026-07-18T20:00:27.436248+03:00,220,Levent Hamidiye,BEŞİKTAŞ,41.0861,29.0076,100,1,99,AÇIK OTOPARK,0,0,08:00-19:00
2026-07-18T17:00:27.436248+00:00,2026-07-18T20:00:27.436248+03:00,2335,Maçka Açık Otoparkı,ŞİŞLİ,41.046,28.9908,75,75,0,AÇIK OTOPARK,1,0,24 Saat
2026-07-18T17:00:27.436248+00:00,2026-07-18T20:00:27.436248+03:00,1859,Maçka Katlı Otoparkı,ŞİŞLİ,41.0484,28.9903,508,0,508,KAPALI OTOPARK,1,0,24 Saat
2026-07-18T17:00:27.436248+00:00,2026-07-18T20:00:27.436248+03:00,3193,Maltepe Rıhtım Caddesi Açık Otoparkı,MALTEPE,40.9258,29.1241,76,0,76,AÇIK OTOPARK,1,0,24 Saat
2026-07-18T17:00:27.436248+00:00,2026-07-18T20:00:27.436248+03:00,2146,Maltepe Süreyyapaşa Çarşısı Açık Otoparkı,MALTEPE,40.9274,29.1225,156,10,146,AÇIK OTOPARK,1,0,24 Saat
2026-07-18T17:00:27.436248+00:00,2026-07-18T20:00:27.436248+03:00,1599,Maslak Açık Otoparkı,SARIYER,41.1166,29.024,150,137,13,AÇIK OTOPARK,1,10,24 Saat
2026-07-18T17:00:27.436248+00:00,2026-07-18T20:00:27.436248+03:00,2100,Matbaacılar Sitesi Yanı,ZEYTİNBURNU,41.0234,28.9187,250,218,32,AÇIK OTOPARK,1,5,24 Saat
2026-07-18T17:00:27.436248+00:00,2026-07-18T20:00:27.436248+03:00,920,Meclis-i Mebusan Yokuşu 2,BEYOĞLU,41.0326,28.9882,34,1,33,YOL ÜSTÜ,0,15,09:00-17:00
2026-07-18T17:00:27.436248+00:00,2026-07-18T20:00:27.436248+03:00,1546,Menekşe Plajı Açık Otoparkı,BAKIRKÖY,40.9761,28.7766,200,200,0,AÇIK OTOPARK,1,0,24 Saat
2026-07-18T17:00:27.436248+00:00,2026-07-18T20:00:27.436248+03:00,1376,Mercan Açık,FATİH,41.0136,28.9669,130,106,24,AÇIK OTOPARK,1,0,08:00-23:00
2026-07-18T17:00:27.436248+00:00,2026-07-18T20:00:27.436248+03:00,3309,Mercan Ali Paşa Sarayı Zemin Altı Otoparkı,FATİH,41.0136,28.967,196,1,195,KAPALI OTOPARK,1,0,07:00-21:00
2026-07-18T17:00:27.436248+00:00,2026-07-18T20:00:27.436248+03:00,1472,Merter Katlı Otoparkı,GÜNGÖREN,41.0092,28.8874,1000,919,81,KAPALI OTOPARK,1,10,24 Saat
2026-07-18T17:00:27.436248+00:00,2026-07-18T20:00:27.436248+03:00,2375,Merter Metro PD Zeminaltı Otoparkı,GÜNGÖREN,41.0037,28.8897,242,110,132,KAPALI OTOPARK,1,10,24 Saat
2026-07-18T17:00:27.436248+00:00,2026-07-18T20:00:27.436248+03:00,1568,Mete Caddesi 1,BEYOĞLU,41.0382,28.9879,31,1,30,YOL ÜSTÜ,1,15,08:00-23:00
2026-07-18T17:00:27.436248+00:00,2026-07-18T20:00:27.436248+03:00,1471,Mevlana Yeraltı Katlı Otoparkı,ZEYTİNBURNU,41.0072,28.9049,1000,888,112,KAPALI OTOPARK,1,5,24 Saat
2026-07-18T17:00:27.436248+00:00,2026-07-18T20:00:27.436248+03:00,2709,Millet Caddesi Açık Otoparkı,FATİH,41.01,28.9461,60,36,24,AÇIK OTOPARK,1,15,24 Saat
2026-07-18T17:00:27.436248+00:00,2026-07-18T20:00:27.436248+03:00,3152,Mimar Sinan Zemin Altı Otoparkı,ÜSKÜDAR,41.0222,29.0169,956,0,956,KAPALI OTOPARK,1,15,24 Saat
2026-07-18T17:00:27.436248+00:00,2026-07-18T20:00:27.436248+03:00,2870,Miniatürk Çadır Açık Otoparkı,BEYOĞLU,41.0594,28.9501,250,182,68,AÇIK OTOPARK,0,15,07:00-20:00
2026-07-18T17:00:27.436248+00:00,2026-07-18T20:00:27.436248+03:00,2556,Muallim Naci Açık Otoparkı,BEŞİKTAŞ,41.0561,29.0342,35,11,24,AÇIK OTOPARK,1,15,24 Saat
2026-07-18T17:00:27.436248+00:00,2026-07-18T20:00:27.436248+03:00,569,Oda Kule Önü 1,BEYOĞLU,41.0322,28.9751,24,1,23,YOL ÜSTÜ,1,0,07:00-01:00
2026-07-18T17:00:27.436248+00:00,2026-07-18T20:00:27.436248+03:00,1988,Orhangazi Şehir Parkı PD Açık Otoparkı,MALTEPE,40.9313,29.1161,5022,1845,3177,AÇIK OTOPARK,1,15,24 Saat
2026-07-18T17:00:27.436248+00:00,2026-07-18T20:00:27.436248+03:00,152,Ortabahçe Caddesi 2,BEŞİKTAŞ,41.0428,29.0043,35,1,34,YOL ÜSTÜ,1,15,08:00-23:00
2026-07-18T17:00:27.436248+00:00,2026-07-18T20:00:27.436248+03:00,153,Ortabahçe Caddesi 3,BEŞİKTAŞ,41.043,29.0042,26,1,25,YOL ÜSTÜ,1,15,08:00-23:00
2026-07-18T17:00:27.436248+00:00,2026-07-18T20:00:27.436248+03:00,119,Ortaklar Caddesi 1,ŞİŞLİ,41.0638,28.9971,25,1,24,YOL ÜSTÜ,0,15,08:30-17:00
2026-07-18T17:00:27.436248+00:00,2026-07-18T20:00:27.436248+03:00,1343,Ortaköy Açık Otoparkı,BEŞİKTAŞ,41.0504,29.0326,170,58,112,AÇIK OTOPARK,1,0,24 Saat
2026-07-18T17:00:27.436248+00:00,2026-07-18T20:00:27.436248+03:00,572,Ortaköy Portakal Yokuşu 1,BEŞİKTAŞ,41.0503,29.0261,15,1,14,YOL ÜSTÜ,0,15,09:00-19:00
2026-07-18T17:00:27.436248+00:00,2026-07-18T20:00:27.436248+03:00,1039,Öğretmen Evi,AVCILAR,40.9723,28.714,80,41,39,AÇIK OTOPARK,1,0,11:00-23:00
2026-07-18T17:00:27.436248+00:00,2026-07-18T20:00:27.436248+03:00,1466,Pendik Katlı Otoparkı,PENDİK,40.8789,29.2342,120,0,120,KAPALI OTOPARK,1,15,24 Saat
2026-07-18T17:00:27.436248+00:00,2026-07-18T20:00:27.436248+03:00,3073,Pendik Kemal Kalkuz Parkı Zemin Altı Otoparkı,PENDİK,40.8885,29.2427,224,0,224,KAPALI OTOPARK,0,0,09:00-18:00
2026-07-18T17:00:27.436248+00:00,2026-07-18T20:00:27.436248+03:00,3019,Pendik Meydan Zemin Altı Otoparkı,PENDİK,40.8752,29.2324,937,0,937,KAPALI OTOPARK,1,0,24 Saat
2026-07-18T17:00:27.436248+00:00,2026-07-18T20:00:27.436248+03:00,2865,Pendik Sahil Engelliler Merkez Önü,PENDİK,40.8735,29.233,100,66,34,AÇIK OTOPARK,0,0,11:00-20:00
2026-07-18T17:00:27.436248+00:00,2026-07-18T20:00:27.436248+03:00,2434,Pendik Sahil İdo,PENDİK,40.8755,29.2369,100,0,100,AÇIK OTOPARK,1,0,07:00-23:00
2026-07-18T17:00:27.436248+00:00,2026-07-18T20:00:27.436248+03:00,248,Pendik Yenimahalle Açık 2 Otoparkı,PENDİK,40.864,29.2723,124,103,21,AÇIK OTOPARK,1,15,10:00-22:00
2026-07-18T17:00:27.436248+00:00,2026-07-18T20:00:27.436248+03:00,297,Perşembe Pazarı 1,BEYOĞLU,41.0252,28.9693,32,1,31,YOL ÜSTÜ,0,15,08:00-17:00
2026-07-18T17:00:27.436248+00:00,2026-07-18T20:00:27.436248+03:00,597,Pierre Loti Caddesi 3,FATİH,41.0069,28.9711,36,1,35,YOL ÜSTÜ,0,0,07:00-17:00
2026-07-18T17:00:27.436248+00:00,2026-07-18T20:00:27.436248+03:00,3263,Piyalepaşa Meydanı Zemin Altı Otoparkı,BEYOĞLU,41.0445,28.9674,560,285,275,KAPALI OTOPARK,1,0,24 Saat
2026-07-18T17:00:27.436248+00:00,2026-07-18T20:00:27.436248+03:00,423,Prof.Cemil Birsel Yokuşu 3,FATİH,41.0178,28.967,40,1,39,YOL ÜSTÜ,0,0,07:00-18:00
2026-07-18T17:00:27.436248+00:00,2026-07-18T20:00:27.436248+03:00,1900,Ragıp Gümüşpala Cad.(Sobacılar Önü),FATİH,41.0181,28.969,40,1,39,YOL ÜSTÜ,0,15,07:00-18:00
2026-07-18T17:00:27.436248+00:00,2026-07-18T20:00:27.436248+03:00,415,Ragıp Gümüşpala Camii Önü 1,FATİH,41.0211,28.9627,35,1,34,YOL ÜSTÜ,0,0,07:00-17:30
2026-07-18T17:00:27.436248+00:00,2026-07-18T20:00:27.436248+03:00,3268,Refik Saydam Caddesi 3,BEYOĞLU,41.032,28.9736,55,1,54,YOL ÜSTÜ,1,0,06:00-23:00
2026-07-18T17:00:27.436248+00:00,2026-07-18T20:00:27.436248+03:00,2307,Ressam Halim Sokak PD Açık Otoparkı,BAHÇELİEVLER,40.9967,28.8641,120,102,18,AÇIK OTOPARK,1,15,08:00-00:00
2026-07-18T17:00:27.436248+00:00,2026-07-18T20:00:27.436248+03:00,3082,Rumeli Hisarı Sahil Yolu Otoparkı,SARIYER,41.0854,29.0568,20,1,19,AÇIK OTOPARK,1,0,24 Saat
2026-07-18T17:00:27.436248+00:00,2026-07-18T20:00:27.436248+03:00,1595,Sabiha Gökçen Açık Otoparkı,PENDİK,40.925,29.308,1056,13,1043,AÇIK OTOPARK,1,15,24 Saat
2026-07-18T17:00:27.436248+00:00,2026-07-18T20:00:27.436248+03:00,3239,Samatya Sahil Cep Otoparkı,FATİH,40.9954,28.932,113,25,88,AÇIK OTOPARK,1,15,24 Saat
2026-07-18T17:00:27.436248+00:00,2026-07-18T20:00:27.436248+03:00,3273,Sarıyer Büyükdere Fidanlığı,SARIYER,41.1548,29.0268,160,156,4,AÇIK OTOPARK,0,0,08:00-18:00
2026-07-18T17:00:27.436248+00:00,2026-07-18T20:00:27.436248+03:00,3299,Sariyer Ayazağa Mah Vadi İstanbul Önü Açık Otoparkı,SARIYER,41.1106,28.9881,100,97,3,AÇIK OTOPARK,0,0,08:00-20:00
2026-07-18T17:00:27.436248+00:00,2026-07-18T20:00:27.436248+03:00,1303,Seyrantepe Katlı (Arena Karşısı) 1,KAĞITHANE,41.101,28.9961,1897,1,1896,KAPALI OTOPARK,1,0,24 Saat
2026-07-18T17:00:27.436248+00:00,2026-07-18T20:00:27.436248+03:00,1628,Sıracevizler Caddesi Yol Üstü 5,ŞİŞLİ,41.0607,28.9841,45,1,44,YOL ÜSTÜ,0,15,09:00-17:00
2026-07-18T17:00:27.436248+00:00,2026-07-18T20:00:27.436248+03:00,464,Sirkeci Gar Önü,FATİH,41.015,28.9761,60,1,59,AÇIK OTOPARK,0,5,07:00-20:00
2026-07-18T17:00:27.436248+00:00,2026-07-18T20:00:27.436248+03:00,1486,Siyavuşpaşa Yer Altı Otoparkı,BAHÇELİEVLER,40.9965,28.8532,155,0,155,KAPALI OTOPARK,1,0,24 Saat
2026-07-18T17:00:27.436248+00:00,2026-07-18T20:00:27.436248+03:00,1958,Soğanlık Metro PD Açık Otoparkı,KARTAL,40.9131,29.1925,898,833,65,AÇIK OTOPARK,1,15,24 Saat
2026-07-18T17:00:27.436248+00:00,2026-07-18T20:00:27.436248+03:00,589,Su Terazisi Sokak,FATİH,41.0046,28.9727,22,1,21,YOL ÜSTÜ,0,0,07:30-17:00
2026-07-18T17:00:27.436248+00:00,2026-07-18T20:00:27.436248+03:00,1478,Suadiye Cep Açık Otoparkı,KADIKÖY,40.9586,29.0732,130,1,129,AÇIK OTOPARK,1,15,24 Saat
2026-07-18T17:00:27.436248+00:00,2026-07-18T20:00:27.436248+03:00,2948,Suadiye Sahil Açık Otoparkı,KADIKÖY,40.9562,29.0797,70,0,70,AÇIK OTOPARK,1,5,24 Saat
2026-07-18T17:00:27.436248+00:00,2026-07-18T20:00:27.436248+03:00,2799,Sultanbeyli Emir Caddesi Zemin Altı Otoparkı,SULTANBEYLİ,40.9707,29.2606,130,115,15,KAPALI OTOPARK,1,15,08:00-22:00
2026-07-18T17:00:27.436248+00:00,2026-07-18T20:00:27.436248+03:00,2372,Sultanbeyli Kent Meydanı Zemin Altı Otoparkı,SULTANBEYLİ,40.9667,29.2667,300,173,127,KAPALI OTOPARK,1,15,24 Saat
2026-07-18T17:00:27.436248+00:00,2026-07-18T20:00:27.436248+03:00,2410,Sultangazi Zemin Altı Otoparkı,SULTANGAZİ,41.0944,28.8649,104,0,104,KAPALI OTOPARK,1,10,24 Saat
2026-07-18T17:00:27.436248+00:00,2026-07-18T20:00:27.436248+03:00,2085,Süleyman Seba Caddesi 2,BEŞİKTAŞ,41.0426,28.9998,40,1,39,YOL ÜSTÜ,0,15,08:00-18:00
2026-07-18T17:00:27.436248+00:00,2026-07-18T20:00:27.436248+03:00,2088,Süleyman Seba Caddesi 5,BEŞİKTAŞ,41.0432,28.9978,40,1,39,YOL ÜSTÜ,0,15,08:00-18:00
2026-07-18T17:00:27.436248+00:00,2026-07-18T20:00:27.436248+03:00,2089,Süleyman Seba Caddesi 6,BEŞİKTAŞ,41.0435,28.9967,11,1,10,YOL ÜSTÜ,0,15,08:00-18:00
2026-07-18T17:00:27.436248+00:00,2026-07-18T20:00:27.436248+03:00,2391,Süleymaniye Cami Altı Açık Otoparkı,FATİH,41.0158,28.961,250,234,16,AÇIK OTOPARK,0,0,06:30-18:30
2026-07-18T17:00:27.436248+00:00,2026-07-18T20:00:27.436248+03:00,1730,Sütlüce Miniatürk Yanı,BEYOĞLU,41.057,28.95,320,201,119,AÇIK OTOPARK,1,15,24 Saat
2026-07-18T17:00:27.436248+00:00,2026-07-18T20:00:27.436248+03:00,36,Şakayık Sokak 4,ŞİŞLİ,41.0518,28.9936,50,1,49,YOL ÜSTÜ,0,15,08:00-16:00
2026-07-18T17:00:27.436248+00:00,2026-07-18T20:00:27.436248+03:00,1469,Şehit Volkan Duysak Katlı Otoparkı,ZEYTİNBURNU,40.9968,28.9039,1000,692,308,KAPALI OTOPARK,1,5,24 Saat
2026-07-18T17:00:27.436248+00:00,2026-07-18T20:00:27.436248+03:00,2385,Şehremini Açık Otoparkı 1,FATİH,41.0135,28.9333,60,1,59,AÇIK OTOPARK,1,0,08:30-20:30
2026-07-18T17:00:27.436248+00:00,2026-07-18T20:00:27.436248+03:00,2855,Şemsipaşa Açık Otoparkı,ÜSKÜDAR,41.0255,29.0097,80,31,49,AÇIK OTOPARK,1,0,24 Saat
2026-07-18T17:00:27.436248+00:00,2026-07-18T20:00:27.436248+03:00,2439,Şirinevler Meydan Zeminaltı Otoparkı,BAHÇELİEVLER,40.9925,28.8496,367,124,243,KAPALI OTOPARK,1,0,24 Saat
2026-07-18T17:00:27.436248+00:00,2026-07-18T20:00:27.436248+03:00,3400,Şişhane Refik Saydam Caddesi 2 Yol Üstü Otoparkı 1,BEYOĞLU,41.0326,28.9743,70,1,69,YOL ÜSTÜ,1,15,06:00-23:00
2026-07-18T17:00:27.436248+00:00,2026-07-18T20:00:27.436248+03:00,1017,Şişli Kadırgalar Caddesi 1,ŞİŞLİ,41.0429,28.9927,100,1,99,AÇIK OTOPARK,1,0,07:00-23:00
2026-07-18T17:00:27.436248+00:00,2026-07-18T20:00:27.436248+03:00,3441,Şişli Kuştepe Zemin Altı Otoparkı,ŞİŞLİ,41.072,28.9919,430,328,102,KAPALI OTOPARK,1,15,24 Saat
2026-07-18T17:00:27.436248+00:00,2026-07-18T20:00:27.436248+03:00,2816,Şişli Rumeli Caddesi Metro Yanı 1,ŞİŞLİ,41.0538,28.9868,45,1,44,YOL ÜSTÜ,0,15,08:00-20:00
2026-07-18T17:00:27.436248+00:00,2026-07-18T20:00:27.436248+03:00,2406,Şişli Zemin Altı Otoparkı,ŞİŞLİ,41.0641,28.9992,581,392,189,KAPALI OTOPARK,1,15,24 Saat
2026-07-18T17:00:27.436248+00:00,2026-07-18T20:00:27.436248+03:00,1993,Tuzla İdo,TUZLA,40.8149,29.3039,300,78,222,AÇIK OTOPARK,1,15,24 Saat
2026-07-18T17:00:27.436248+00:00,2026-07-18T20:00:27.436248+03:00,3332,Tuzla Sahil Cep,TUZLA,40.8168,29.2992,50,41,9,AÇIK OTOPARK,1,0,08:00-00:00
2026-07-18T17:00:27.436248+00:00,2026-07-18T20:00:27.436248+03:00,3057,Tuzla Sahil Zemin Altı Otoparkı,TUZLA,40.8181,29.3004,779,484,295,KAPALI OTOPARK,1,15,24 Saat
2026-07-18T17:00:27.436248+00:00,2026-07-18T20:00:27.436248+03:00,1811,Ulu Camii Açık Otoparkı,BAHÇELİEVLER,40.9982,28.8499,150,121,29,AÇIK OTOPARK,1,10,24 Saat
2026-07-18T17:00:27.436248+00:00,2026-07-18T20:00:27.436248+03:00,2424,Uzunçayır Açık Otoparkı,KADIKÖY,40.9988,29.0556,58,52,6,AÇIK OTOPARK,0,0,06:00-16:00
2026-07-18T17:00:27.436248+00:00,2026-07-18T20:00:27.436248+03:00,1468,Ümraniye Katlı Otoparkı,ÜMRANİYE,41.0261,29.0953,665,399,266,KAPALI OTOPARK,1,15,24 Saat
2026-07-18T17:00:27.436248+00:00,2026-07-18T20:00:27.436248+03:00,2898,Ümraniye Okan Sokak Zeminaltı Otoparkı,ÜMRANİYE,41.0284,29.0907,125,34,91,KAPALI OTOPARK,1,15,24 Saat
2026-07-18T17:00:27.436248+00:00,2026-07-18T20:00:27.436248+03:00,2345,Üsküdar Uzunçayır PD Açık Otoparkı,ÜSKÜDAR,40.9988,29.0577,90,73,17,AÇIK OTOPARK,1,15,06:00-22:00
2026-07-18T17:00:27.436248+00:00,2026-07-18T20:00:27.436248+03:00,1929,Üsküdar Ünalan Açık Otoparkı,ÜSKÜDAR,40.9979,29.0604,180,175,5,AÇIK OTOPARK,0,0,07:00-17:00
2026-07-18T17:00:27.436248+00:00,2026-07-18T20:00:27.436248+03:00,1487,Vatan Caddesi PD Açık Otoparkı,FATİH,41.0157,28.9405,397,357,40,AÇIK OTOPARK,1,5,24 Saat
2026-07-18T17:00:27.436248+00:00,2026-07-18T20:00:27.436248+03:00,1621,Veteriner Hilmi Sokak Yol Üstü 1,ŞİŞLİ,41.0603,28.9892,20,1,19,YOL ÜSTÜ,0,15,08:00-17:00
2026-07-18T17:00:27.436248+00:00,2026-07-18T20:00:27.436248+03:00,2441,Yalı Açık Otoparkı,MALTEPE,40.9095,29.137,85,82,3,AÇIK OTOPARK,1,0,07:30-22:00
2026-07-18T17:00:27.436248+00:00,2026-07-18T20:00:27.436248+03:00,459,Yalı Köşkü Caddesi 1,FATİH,41.0163,28.9759,61,1,60,YOL ÜSTÜ,1,5,07:00-21:00
2026-07-18T17:00:27.436248+00:00,2026-07-18T20:00:27.436248+03:00,2037,Yenikapı Marmaray Büyük Otoparkı,FATİH,41.0057,28.9505,324,93,231,AÇIK OTOPARK,1,15,24 Saat
2026-07-18T17:00:27.436248+00:00,2026-07-18T20:00:27.436248+03:00,2036,Yenikapı Marmaray Küçük Otoparkı,FATİH,41.0064,28.9504,200,192,8,AÇIK OTOPARK,1,15,07:00-22:00
2026-07-18T17:00:27.436248+00:00,2026-07-18T20:00:27.436248+03:00,2175,Yenikapı Spor ve Kültür Merkezi PD Açık Otoparkı,FATİH,41.0006,28.9519,4023,3679,344,AÇIK OTOPARK,1,15,24 Saat
2026-07-18T17:00:27.436248+00:00,2026-07-18T20:00:27.436248+03:00,2805,Yenikapı Tünel Üstü Açık Otoparkı,FATİH,41.0029,28.9534,700,359,341,AÇIK OTOPARK,1,10,24 Saat
2026-07-18T17:00:27.436248+00:00,2026-07-18T20:00:27.436248+03:00,3404,Yenimahalle Metro Zemin Altı PD Otoparkı,GAZİOSMANPAŞA,41.0839,28.8926,114,94,20,KAPALI OTOPARK,1,15,24 Saat
2026-07-18T17:00:27.436248+00:00,2026-07-18T20:00:27.436248+03:00,2920,Yeşilce Zemin Altı Katlı Otoparkı,KAĞITHANE,41.0938,29.0017,676,307,369,KAPALI OTOPARK,1,0,24 Saat
2026-07-18T17:00:27.436248+00:00,2026-07-18T20:00:27.436248+03:00,987,Yeşilköy İstasyon Caddesi 1,BAKIRKÖY,40.962,28.825,40,1,39,YOL ÜSTÜ,0,15,09:00-17:30
2026-07-18T17:00:27.436248+00:00,2026-07-18T20:00:27.436248+03:00,974,Yeşilköy Marina 1,BAKIRKÖY,40.9576,28.8233,145,1,144,YOL ÜSTÜ,1,0,12:00-23:00
2026-07-18T17:00:27.436248+00:00,2026-07-18T20:00:27.436248+03:00,3406,Yeşilpınar Metro Zemin Altı PD Otoparkı,EYÜP,41.081,28.9204,269,196,73,KAPALI OTOPARK,1,15,24 Saat
2026-07-18T17:00:27.436248+00:00,2026-07-18T20:00:27.436248+03:00,315,Yeşilyurt Çarşı 1,BAKIRKÖY,40.9643,28.8379,50,1,49,YOL ÜSTÜ,0,15,09:00-17:30
2026-07-18T17:00:27.436248+00:00,2026-07-18T20:00:27.436248+03:00,1133,Yıldız Korusu,BEŞİKTAŞ,41.0514,29.0165,500,1,499,AÇIK OTOPARK,1,0,08:00-22:00
2026-07-18T17:00:27.436248+00:00,2026-07-18T20:00:27.436248+03:00,882,Zeytinburnu 58. Bulvar 2,ZEYTİNBURNU,40.9932,28.9039,48,1,47,YOL ÜSTÜ,0,15,09:00-18:00
2026-07-18T17:00:27.436248+00:00,2026-07-18T20:00:27.436248+03:00,3185,Zeytinburnu Sahil Cep Otoparkı,ZEYTİNBURNU,40.9798,28.8985,160,1,159,AÇIK OTOPARK,1,0,12:00-22:00
