fetch_utc,fetch_istanbul,parkID,parkName,district,lat,lng,capacity,emptyCapacity,occupancy,parkType,isOpen,freeTime,workHours
2026-07-15T23:57:05.288071+00:00,2026-07-16T02:57:05.288071+03:00,3068,15 Temmuz Şehitler Meydanı Zeminaltı Otoparkı,ÜMRANİYE,41.0246,29.0915,1029,689,340,KAPALI OTOPARK,0,15,24 Saat
2026-07-15T23:57:05.288071+00:00,2026-07-16T02:57:05.288071+03:00,2338,19 Mayıs Açık,ŞİŞLİ,41.0563,28.9941,65,0,65,AÇIK OTOPARK,1,0,24 Saat
2026-07-15T23:57:05.288071+00:00,2026-07-16T02:57:05.288071+03:00,1751,4.Levent PD Açık Otoparkı,KAĞITHANE,41.0836,29.0081,236,137,99,AÇIK OTOPARK,1,5,24 Saat
2026-07-15T23:57:05.288071+00:00,2026-07-16T02:57:05.288071+03:00,3328,4.Levent Servis ve Turizm Araçları Açık Otoparkı,ŞİŞLİ,41.0841,29.0054,300,149,151,AÇIK OTOPARK,1,15,24 Saat
2026-07-15T23:57:05.288071+00:00,2026-07-16T02:57:05.288071+03:00,3412,5. Levent Gaziosmanpaşa Adliyesi Yanı Açık Otoparkı,EYÜP,41.0927,28.9494,250,231,19,AÇIK OTOPARK,0,15,07:00-23:00
2026-07-15T23:57:05.288071+00:00,2026-07-16T02:57:05.288071+03:00,104,Abide-i Hürriyet Caddesi 5,ŞİŞLİ,41.0619,28.9876,40,1,39,YOL ÜSTÜ,0,15,08:00-17:00
2026-07-15T23:57:05.288071+00:00,2026-07-16T02:57:05.288071+03:00,2452,Acıbadem Açık Otoparkı,ÜSKÜDAR,41.0157,29.0574,100,87,13,AÇIK OTOPARK,0,0,06:30-16:00
2026-07-15T23:57:05.288071+00:00,2026-07-16T02:57:05.288071+03:00,346,Ada Karşısı Cep 2,BEŞİKTAŞ,41.072,29.045,30,1,29,YOL ÜSTÜ,0,15,08:00-23:00
2026-07-15T23:57:05.288071+00:00,2026-07-16T02:57:05.288071+03:00,1663,Akasyalı Sokak Tenis Kulubü Önü 2,BEŞİKTAŞ,41.0867,29.0109,45,1,44,YOL ÜSTÜ,0,15,08:30-17:30
2026-07-15T23:57:05.288071+00:00,2026-07-16T02:57:05.288071+03:00,828,Akdeniz Caddesi 4,FATİH,41.0175,28.9435,27,1,26,YOL ÜSTÜ,0,15,09:00-18:00
2026-07-15T23:57:05.288071+00:00,2026-07-16T02:57:05.288071+03:00,1913,Alibeyköy Cep Otogarı Açık Otoparkı,EYÜP,41.0879,28.9446,116,57,59,AÇIK OTOPARK,1,25,24 Saat
2026-07-15T23:57:05.288071+00:00,2026-07-16T02:57:05.288071+03:00,1912,Alibeyköy Cep Otogarı Otobüs Otoparkı,EYÜP,41.0875,28.9449,5000,4985,15,AÇIK OTOPARK,1,60,24 Saat
2026-07-15T23:57:05.288071+00:00,2026-07-16T02:57:05.288071+03:00,2562,Alibeyköy Yeşiltepe Zemin Altı Otoparkı,EYÜP,41.0797,28.938,159,41,118,KAPALI OTOPARK,0,15,24 Saat
2026-07-15T23:57:05.288071+00:00,2026-07-16T02:57:05.288071+03:00,3201,Altınboynuz Sosyal Tesisleri,EYÜP,41.058,28.9447,70,1,69,AÇIK OTOPARK,0,15,08:00-23:00
2026-07-15T23:57:05.288071+00:00,2026-07-16T02:57:05.288071+03:00,758,Arap Camii Açık Otoparkı,BEYOĞLU,41.0227,28.9723,30,1,29,AÇIK OTOPARK,0,0,09:00-17:00
2026-07-15T23:57:05.288071+00:00,2026-07-16T02:57:05.288071+03:00,2685,Aras Sokak 2,BÜYÜKÇEKMECE,41.023,28.6209,60,1,59,YOL ÜSTÜ,0,0,06:00-14:30
2026-07-15T23:57:05.288071+00:00,2026-07-16T02:57:05.288071+03:00,2802,Arnavutköy Zemin Altı Otoparkı,ARNAVUTKÖY,41.1838,28.7396,700,2,698,KAPALI OTOPARK,1,15,24 Saat
2026-07-15T23:57:05.288071+00:00,2026-07-16T02:57:05.288071+03:00,1797,Ataköy Atrium AVM,BAKIRKÖY,40.9881,28.8459,250,203,47,AÇIK OTOPARK,0,15,08:00-23:00
2026-07-15T23:57:05.288071+00:00,2026-07-16T02:57:05.288071+03:00,2824,Ataköy Metro Durağı Yanı PD Zemin Altı Otoparkı,BAKIRKÖY,40.9904,28.8456,150,88,62,KAPALI OTOPARK,1,0,24 Saat
2026-07-15T23:57:05.288071+00:00,2026-07-16T02:57:05.288071+03:00,3161,Ataşehir Topçu İbrahim Sokak,ATAŞEHİR,40.9736,29.101,42,1,41,YOL ÜSTÜ,0,15,07:00-16:00
2026-07-15T23:57:05.288071+00:00,2026-07-16T02:57:05.288071+03:00,359,Atatürk Bulvarı 1,FATİH,41.0112,28.9534,20,1,19,YOL ÜSTÜ,0,0,07:30-18:00
2026-07-15T23:57:05.288071+00:00,2026-07-16T02:57:05.288071+03:00,3087,Atatürk Kent Ormanı Otoparkı,SARIYER,41.136,29.0262,200,198,2,AÇIK OTOPARK,0,0,08:00-17:00
2026-07-15T23:57:05.288071+00:00,2026-07-16T02:57:05.288071+03:00,1088,Avcılar İdo,AVCILAR,40.9712,28.7185,270,262,8,AÇIK OTOPARK,0,0,13:00-07:00
2026-07-15T23:57:05.288071+00:00,2026-07-16T02:57:05.288071+03:00,2885,Azapkapı Haliç Metro Otoparkı,ŞİŞLİ,41.0245,28.9691,80,72,8,AÇIK OTOPARK,1,5,24 Saat
2026-07-15T23:57:05.288071+00:00,2026-07-16T02:57:05.288071+03:00,2455,Azerbaycan Dostluk Parkı Zemin Altı Otoparkı,BAĞCILAR,41.0444,28.854,400,167,233,KAPALI OTOPARK,0,10,24 Saat
2026-07-15T23:57:05.288071+00:00,2026-07-16T02:57:05.288071+03:00,2965,Bağcılar Çolakoğlu Zemin Altı Otoparkı,BAĞCILAR,41.0324,28.8345,106,0,106,KAPALI OTOPARK,1,5,24 Saat
2026-07-15T23:57:05.288071+00:00,2026-07-16T02:57:05.288071+03:00,2576,Bağcılar Demirkapı Zemin Altı Otoparkı,BAĞCILAR,41.0499,28.8327,343,119,224,KAPALI OTOPARK,1,5,24 Saat
2026-07-15T23:57:05.288071+00:00,2026-07-16T02:57:05.288071+03:00,3036,Bağcılar Devlet Hastanesi Yanı Zeminaltı Otoparkı,BAĞCILAR,41.0312,28.8696,1133,110,1023,KAPALI OTOPARK,1,15,24 Saat
2026-07-15T23:57:05.288071+00:00,2026-07-16T02:57:05.288071+03:00,3071,Bağcılar Emniyet Müdürlüğü Yanı Açık Otoparkı,BAĞCILAR,41.0353,28.8598,100,53,47,AÇIK OTOPARK,1,0,24 Saat
2026-07-15T23:57:05.288071+00:00,2026-07-16T02:57:05.288071+03:00,2873,Bağcılar Göztepe Zemin Altı,BAĞCILAR,41.0567,28.8355,120,0,120,KAPALI OTOPARK,1,5,24 Saat
2026-07-15T23:57:05.288071+00:00,2026-07-16T02:57:05.288071+03:00,3187,Bağcılar Hürriyet Mahallesi Zemin Altı Otoparkı,BAĞCILAR,41.0291,28.8333,355,0,355,KAPALI OTOPARK,1,10,24 Saat
2026-07-15T23:57:05.288071+00:00,2026-07-16T02:57:05.288071+03:00,2916,Bağcılar Kent Meydanı PD Zemin Altı Otoparkı,BAĞCILAR,41.0339,28.8556,1162,0,1162,KAPALI OTOPARK,0,0,24 Saat
2026-07-15T23:57:05.288071+00:00,2026-07-16T02:57:05.288071+03:00,3261,Bağcılar Yenimahalle Zemin Altı Otoparkı,BAĞCILAR,41.0425,28.8395,525,254,271,KAPALI OTOPARK,1,15,24 Saat
2026-07-15T23:57:05.288071+00:00,2026-07-16T02:57:05.288071+03:00,2820,Bağcılar Yıldıztepe Katlı Otoparkı,BAĞCILAR,41.0294,28.8556,350,0,350,KAPALI OTOPARK,1,10,24 Saat
2026-07-15T23:57:05.288071+00:00,2026-07-16T02:57:05.288071+03:00,3447,Bahçelievler 23 Nisan Milli Egemenlik Zeminaltı Otoparkı,BAHÇELİEVLER,40.9988,28.8472,732,382,350,KAPALI OTOPARK,1,10,24 Saat
2026-07-15T23:57:05.288071+00:00,2026-07-16T02:57:05.288071+03:00,2993,Bahçelievler Cumhuriyet Zeminaltı Otoparkı,BAHÇELİEVLER,41.0149,28.859,663,0,663,KAPALI OTOPARK,0,10,24 Saat
2026-07-15T23:57:05.288071+00:00,2026-07-16T02:57:05.288071+03:00,2969,Bahçelievler Devlet Hastanesi Yanı Katlı Otoparkı,BAHÇELİEVLER,41.0072,28.8442,740,0,740,KAPALI OTOPARK,1,0,24 Saat
2026-07-15T23:57:05.288071+00:00,2026-07-16T02:57:05.288071+03:00,3051,Bahçelievler Zafer Mh. Zeminaltı Otoparkı,BAHÇELİEVLER,41.0036,28.8351,200,44,156,KAPALI OTOPARK,1,0,24 Saat
2026-07-15T23:57:05.288071+00:00,2026-07-16T02:57:05.288071+03:00,3118,Bahçeşehir Doğa Parkı Caddesi 3,BAŞAKŞEHİR,41.0683,28.6894,22,1,21,YOL ÜSTÜ,0,15,10:00-20:00
2026-07-15T23:57:05.288071+00:00,2026-07-16T02:57:05.288071+03:00,3236,Bahçeşehir Gölet Açık Otoparkı,BAŞAKŞEHİR,41.0719,28.6901,200,1,199,AÇIK OTOPARK,0,0,12:00-22:00
2026-07-15T23:57:05.288071+00:00,2026-07-16T02:57:05.288071+03:00,1465,Bakırköy İdo Açık Otoparkı,BAKIRKÖY,40.9739,28.8761,160,132,28,AÇIK OTOPARK,1,10,24 Saat
2026-07-15T23:57:05.288071+00:00,2026-07-16T02:57:05.288071+03:00,1104,Balmumcu Katlı Otoparkı,BEŞİKTAŞ,41.0636,29.0109,400,330,70,KAPALI OTOPARK,1,5,24 Saat
2026-07-15T23:57:05.288071+00:00,2026-07-16T02:57:05.288071+03:00,2796,Başakşehir Metro Açık Otoparkı,BAŞAKŞEHİR,41.107,28.801,125,1,124,AÇIK OTOPARK,0,0,07:00-16:00
2026-07-15T23:57:05.288071+00:00,2026-07-16T02:57:05.288071+03:00,2350,Bayrampaşa Adapark Katlı Otoparkı,BAYRAMPAŞA,41.0647,28.8875,650,0,650,KAPALI OTOPARK,0,15,24 Saat
2026-07-15T23:57:05.288071+00:00,2026-07-16T02:57:05.288071+03:00,2892,Bayrampaşa Altıntepsi Zemin  Altı Otoparkı,BAYRAMPAŞA,41.0393,28.9029,110,0,110,KAPALI OTOPARK,0,10,24 Saat
2026-07-15T23:57:05.288071+00:00,2026-07-16T02:57:05.288071+03:00,2909,Bayrampaşa Atatürk Parkı  Zemin Altı Otoparkı,BAYRAMPAŞA,41.0342,28.9123,442,4,438,KAPALI OTOPARK,0,10,24 Saat
2026-07-15T23:57:05.288071+00:00,2026-07-16T02:57:05.288071+03:00,2683,Bayrampaşa Devlet Hastanesi Cep Otoparkı,BAYRAMPAŞA,41.0414,28.9031,55,32,23,AÇIK OTOPARK,0,0,08:00-19:00
2026-07-15T23:57:05.288071+00:00,2026-07-16T02:57:05.288071+03:00,3301,Bayrampaşa Kocatepe Mahallesi Zemin Altı Otoparkı,BAYRAMPAŞA,41.0545,28.8964,241,0,241,KAPALI OTOPARK,1,10,24 Saat
2026-07-15T23:57:05.288071+00:00,2026-07-16T02:57:05.288071+03:00,2053,Bayrampaşa Muratpaşa Yer Altı Otoparkı,BAYRAMPAŞA,41.047,28.9082,300,0,300,KAPALI OTOPARK,0,15,24 Saat
2026-07-15T23:57:05.288071+00:00,2026-07-16T02:57:05.288071+03:00,3175,Bayrampaşa Spor Kompleksi Zemin Altı Otoparkı,BAYRAMPAŞA,41.0446,28.9106,205,0,205,KAPALI OTOPARK,1,15,24 Saat
2026-07-15T23:57:05.288071+00:00,2026-07-16T02:57:05.288071+03:00,3382,Bayrampaşa Şehit Kamil Balkan Zemin Altı Otoparkı,BAYRAMPAŞA,41.0604,28.9008,235,0,235,KAPALI OTOPARK,1,10,24 Saat
2026-07-15T23:57:05.288071+00:00,2026-07-16T02:57:05.288071+03:00,2428,Bayrampaşa Yenidoğan Mahallesi Zemin Altı Otoparkı,BAYRAMPAŞA,41.0395,28.9088,120,0,120,KAPALI OTOPARK,0,10,24 Saat
2026-07-15T23:57:05.288071+00:00,2026-07-16T02:57:05.288071+03:00,2468,Bebek Açık,BEŞİKTAŞ,41.077,29.0434,30,0,30,AÇIK OTOPARK,0,0,24 Saat
2026-07-15T23:57:05.288071+00:00,2026-07-16T02:57:05.288071+03:00,3479,Beşiktaş Halk Pazarı Açık Otoparkı,BEŞİKTAŞ,41.0496,29.0004,170,121,49,AÇIK OTOPARK,1,5,24 Saat
2026-07-15T23:57:05.288071+00:00,2026-07-16T02:57:05.288071+03:00,573,Beşiktaş Kadastro Önü 1,BEŞİKTAŞ,41.0503,29.0076,39,1,38,YOL ÜSTÜ,0,15,08:00-17:00
2026-07-15T23:57:05.288071+00:00,2026-07-16T02:57:05.288071+03:00,3257,Beykoz Sahil Cep Otoparkı,BEYKOZ,41.1286,29.0953,100,75,25,AÇIK OTOPARK,0,0,08:00-00:00
2026-07-15T23:57:05.288071+00:00,2026-07-16T02:57:05.288071+03:00,2273,Beykoz Sosyal Tesisleri,BEYKOZ,41.1143,29.0888,130,0,130,AÇIK OTOPARK,0,15,08:00-00:00
2026-07-15T23:57:05.288071+00:00,2026-07-16T02:57:05.288071+03:00,2999,Beyoğlu Gazhane Bostan Sokak 2,BEYOĞLU,41.0389,28.9903,35,1,34,YOL ÜSTÜ,0,0,07:30-16:30
2026-07-15T23:57:05.288071+00:00,2026-07-16T02:57:05.288071+03:00,3072,Beyoğlu Örnektepe Zemin Altı Otoparkı,BEYOĞLU,41.0543,28.9548,143,0,143,KAPALI OTOPARK,0,0,24 Saat
2026-07-15T23:57:05.288071+00:00,2026-07-16T02:57:05.288071+03:00,1455,Bostancı Açık,KADIKÖY,40.9523,29.0902,394,164,230,AÇIK OTOPARK,0,15,24 Saat
2026-07-15T23:57:05.288071+00:00,2026-07-16T02:57:05.288071+03:00,1456,Bostancı Sahil-Cep Açık Otoparkı,KADIKÖY,40.9545,29.0885,192,139,53,AÇIK OTOPARK,0,15,24 Saat
2026-07-15T23:57:05.288071+00:00,2026-07-16T02:57:05.288071+03:00,2150,Bostancı Vergi Dairesi Açık Otoparkı,ATAŞEHİR,40.9625,29.1083,155,0,155,AÇIK OTOPARK,0,5,08:00-20:00
2026-07-15T23:57:05.288071+00:00,2026-07-16T02:57:05.288071+03:00,2854,Bülent Ecevit Kültür Merkezi Açık Otoparkı,KARTAL,40.8852,29.1967,277,265,12,AÇIK OTOPARK,0,5,10:00-21:00
2026-07-15T23:57:05.288071+00:00,2026-07-16T02:57:05.288071+03:00,2866,Büyük İstanbul Otogarı,BAYRAMPAŞA,41.0402,28.8942,1000,0,1000,AÇIK OTOPARK,1,25,24 Saat
2026-07-15T23:57:05.288071+00:00,2026-07-16T02:57:05.288071+03:00,1192,Büyükçamlıca Korusu Sosyal Tesisleri Önü,ÜSKÜDAR,41.0264,29.0698,204,112,92,AÇIK OTOPARK,0,0,08:00-00:00
2026-07-15T23:57:05.288071+00:00,2026-07-16T02:57:05.288071+03:00,2960,Büyükçekmece Metrobüs Durağı Yanı PD Zemin Altı Otopark,BÜYÜKÇEKMECE,41.0221,28.624,448,278,170,KAPALI OTOPARK,0,0,24 Saat
2026-07-15T23:57:05.288071+00:00,2026-07-16T02:57:05.288071+03:00,1503,Cadde Bostan Açık Otoparkı,KADIKÖY,40.9636,29.0675,66,63,3,AÇIK OTOPARK,0,15,24 Saat
2026-07-15T23:57:05.288071+00:00,2026-07-16T02:57:05.288071+03:00,2933,Cemal Kamacı Spor Kompleksi Zemin Altı Otoparkı,KAĞITHANE,41.0536,28.9575,510,0,510,KAPALI OTOPARK,1,0,24 Saat
2026-07-15T23:57:05.288071+00:00,2026-07-16T02:57:05.288071+03:00,2207,Cengiz Topel Yer Altı Katlı Otoparkı,ESENLER,41.0588,28.8643,144,0,144,KAPALI OTOPARK,0,15,24 Saat
2026-07-15T23:57:05.288071+00:00,2026-07-16T02:57:05.288071+03:00,2787,Cevizli Açık Otoparkı,KARTAL,40.9179,29.1712,100,87,13,AÇIK OTOPARK,0,15,08:00-19:00
2026-07-15T23:57:05.288071+00:00,2026-07-16T02:57:05.288071+03:00,782,Cihangir Caddesi 2,BEYOĞLU,41.0319,28.9862,70,1,69,YOL ÜSTÜ,0,15,09:00-19:00
2026-07-15T23:57:05.288071+00:00,2026-07-16T02:57:05.288071+03:00,1467,Cihangir Katlı Otoparkı,BEYOĞLU,41.0318,28.9858,350,0,350,KAPALI OTOPARK,1,0,24 Saat
2026-07-15T23:57:05.288071+00:00,2026-07-16T02:57:05.288071+03:00,535,Cihannuma Yol Üstü 1,BEŞİKTAŞ,41.0454,29.0084,35,1,34,YOL ÜSTÜ,0,0,08:00-23:00
2026-07-15T23:57:05.288071+00:00,2026-07-16T02:57:05.288071+03:00,537,Cihannuma Yol Üstü 3,BEŞİKTAŞ,41.0459,29.0087,33,1,32,YOL ÜSTÜ,0,0,08:00-23:00
2026-07-15T23:57:05.288071+00:00,2026-07-16T02:57:05.288071+03:00,539,Cihannuma Yol Üstü 5,BEŞİKTAŞ,41.0489,29.0094,24,1,23,YOL ÜSTÜ,0,0,08:00-23:00
2026-07-15T23:57:05.288071+00:00,2026-07-16T02:57:05.288071+03:00,3184,Çam Sokak 6,GÜNGÖREN,41.0121,28.8882,50,1,49,YOL ÜSTÜ,0,15,08:00-17:00
2026-07-15T23:57:05.288071+00:00,2026-07-16T02:57:05.288071+03:00,2003,Çatalca İnceğiz Mesire Alanı,ÇATALCA,41.1827,28.4041,1000,1,999,AÇIK OTOPARK,0,0,06:00-20:00
2026-07-15T23:57:05.288071+00:00,2026-07-16T02:57:05.288071+03:00,3030,Çekmeköy Metro PD Zemin Altı Otoparkı,ÇEKMEKÖY,41.0147,29.1886,175,57,118,KAPALI OTOPARK,0,15,24 Saat
2026-07-15T23:57:05.288071+00:00,2026-07-16T02:57:05.288071+03:00,2905,Çeliktepe Açık Otoparkı,KAĞITHANE,41.0843,29.0056,200,75,125,AÇIK OTOPARK,1,5,24 Saat
2026-07-15T23:57:05.288071+00:00,2026-07-16T02:57:05.288071+03:00,1298,Çengelköy Açık Otoparkı,ÜSKÜDAR,41.0484,29.0533,500,268,232,AÇIK OTOPARK,0,15,24 Saat
2026-07-15T23:57:05.288071+00:00,2026-07-16T02:57:05.288071+03:00,502,Çınar Açık Otoparkı,BEŞİKTAŞ,41.0853,29.0088,65,1,64,AÇIK OTOPARK,0,0,08:00-18:00
2026-07-15T23:57:05.288071+00:00,2026-07-16T02:57:05.288071+03:00,777,Çırağan Sarayı Yol Üstü 1,BEŞİKTAŞ,41.0448,29.0165,40,1,39,YOL ÜSTÜ,0,15,08:00-23:00
2026-07-15T23:57:05.288071+00:00,2026-07-16T02:57:05.288071+03:00,778,Çırağan Sarayı Yol Üstü 2,BEŞİKTAŞ,41.0445,29.0156,40,1,39,YOL ÜSTÜ,0,15,08:00-23:00
2026-07-15T23:57:05.288071+00:00,2026-07-16T02:57:05.288071+03:00,2228,Çırpıcı Sosyal Tesisler,ZEYTİNBURNU,41,28.8926,128,0,128,AÇIK OTOPARK,0,15,07:00-00:00
2026-07-15T23:57:05.288071+00:00,2026-07-16T02:57:05.288071+03:00,1508,Çiroz Yeşilköy Halk Pazarı,BAKIRKÖY,40.9628,28.8129,471,1,470,AÇIK OTOPARK,0,0,08:00-18:00
2026-07-15T23:57:05.288071+00:00,2026-07-16T02:57:05.288071+03:00,2030,Dalyan Açık Otoparkı,KADIKÖY,40.9632,29.0651,92,73,19,AÇIK OTOPARK,0,15,24 Saat
2026-07-15T23:57:05.288071+00:00,2026-07-16T02:57:05.288071+03:00,2271,Damla Sokak 1,ŞİŞLİ,41.0672,29.0004,17,1,16,YOL ÜSTÜ,0,15,07:30-16:30
2026-07-15T23:57:05.288071+00:00,2026-07-16T02:57:05.288071+03:00,2164,Darüşşafaka Yeraltı Otoparkı,SARIYER,41.1292,29.0252,150,148,2,KAPALI OTOPARK,0,15,08:00-00:00
2026-07-15T23:57:05.288071+00:00,2026-07-16T02:57:05.288071+03:00,1653,Deniz Feneri Otoparkı,FATİH,41.0019,28.9773,175,131,44,AÇIK OTOPARK,0,5,24 Saat
2026-07-15T23:57:05.288071+00:00,2026-07-16T02:57:05.288071+03:00,595,Dostluk Yurdu 1,FATİH,41.0071,28.973,33,1,32,YOL ÜSTÜ,0,15,07:00-17:00
2026-07-15T23:57:05.288071+00:00,2026-07-16T02:57:05.288071+03:00,2237,Dragos Sosyal Tesisleri,KARTAL,40.9017,29.1458,100,74,26,AÇIK OTOPARK,1,15,24 Saat
2026-07-15T23:57:05.288071+00:00,2026-07-16T02:57:05.288071+03:00,3063,Dudullu Metro PD Zemin Altı Otoparkı,ÜMRANİYE,41.0156,29.1633,81,61,20,KAPALI OTOPARK,0,15,07:00-23:30
2026-07-15T23:57:05.288071+00:00,2026-07-16T02:57:05.288071+03:00,1522,Ebu Suut Caddesi 1,FATİH,41.0128,28.9766,35,1,34,YOL ÜSTÜ,0,0,08:00-18:00
2026-07-15T23:57:05.288071+00:00,2026-07-16T02:57:05.288071+03:00,2147,EGS Blokları Açık Otoparkı,BAKIRKÖY,40.9863,28.8354,350,124,226,AÇIK OTOPARK,0,60,09:00-19:30
2026-07-15T23:57:05.288071+00:00,2026-07-16T02:57:05.288071+03:00,2366,Esenler Adem Baştürk Kültür Merkezi Katlı,ESENLER,41.039,28.8846,460,0,460,KAPALI OTOPARK,1,15,24 Saat
2026-07-15T23:57:05.288071+00:00,2026-07-16T02:57:05.288071+03:00,3190,Esenler Havaalanı Mahallesi Zemin Altı Otoparkı,ESENLER,41.0562,28.8674,610,317,293,KAPALI OTOPARK,1,10,24 Saat
2026-07-15T23:57:05.288071+00:00,2026-07-16T02:57:05.288071+03:00,3011,Esenler Menderes Metro İstasyonu Yanı,ESENLER,41.0427,28.8783,68,0,68,AÇIK OTOPARK,1,5,24 Saat
2026-07-15T23:57:05.288071+00:00,2026-07-16T02:57:05.288071+03:00,2822,Esenler Menderes Parkı Zemin Altı Otoparkı,ESENLER,41.0412,28.8729,325,9,316,KAPALI OTOPARK,1,10,24 Saat
2026-07-15T23:57:05.288071+00:00,2026-07-16T02:57:05.288071+03:00,3303,Esenyurt Adile Naşit Bulvarı Zeminaltı Otoparkı,ESENYURT,41.0205,28.6859,367,300,67,KAPALI OTOPARK,1,15,24 Saat
2026-07-15T23:57:05.288071+00:00,2026-07-16T02:57:05.288071+03:00,1328,Eski Salı Pazarı,KADIKÖY,40.9904,29.0338,760,178,582,AÇIK OTOPARK,0,15,24 Saat
2026-07-15T23:57:05.288071+00:00,2026-07-16T02:57:05.288071+03:00,904,Eyüp Pierloti Caddesi 1,EYÜP,41.0539,28.9329,40,1,39,YOL ÜSTÜ,0,0,09:00-22:00
2026-07-15T23:57:05.288071+00:00,2026-07-16T02:57:05.288071+03:00,2850,Eyüpsultan Akşemsettin Mahallesi Zemin Altı Otoparkı,EYÜP,41.085,28.9258,110,0,110,KAPALI OTOPARK,0,15,24 Saat
2026-07-15T23:57:05.288071+00:00,2026-07-16T02:57:05.288071+03:00,2215,Fatih Çeşmesi Tabiat Parkı Otoparkı,SARIYER,41.1686,28.9448,250,1,249,AÇIK OTOPARK,0,0,06:00-20:00
2026-07-15T23:57:05.288071+00:00,2026-07-16T02:57:05.288071+03:00,1475,Fatih Katlı Otoparkı,FATİH,41.0198,28.9396,118,18,100,KAPALI OTOPARK,0,10,24 Saat
2026-07-15T23:57:05.288071+00:00,2026-07-16T02:57:05.288071+03:00,1591,Feshane PD Açık Otoparkı,EYÜP,41.0463,28.9378,200,161,39,AÇIK OTOPARK,1,15,24 Saat
2026-07-15T23:57:05.288071+00:00,2026-07-16T02:57:05.288071+03:00,1005,Florya Havuzlu Bahçe,BAKIRKÖY,40.9764,28.7908,135,1,134,AÇIK OTOPARK,0,0,09:00-23:00
2026-07-15T23:57:05.288071+00:00,2026-07-16T02:57:05.288071+03:00,2238,Florya Sosyal Tesisleri,BAKIRKÖY,40.9614,28.8091,1074,1066,8,AÇIK OTOPARK,0,15,24 Saat
2026-07-15T23:57:05.288071+00:00,2026-07-16T02:57:05.288071+03:00,3296,Gaziosmanpaşa Meydanı ve Yaşam Merkezi Zemin Altı Otoparkı,GAZİOSMANPAŞA,41.0606,28.9093,202,0,202,KAPALI OTOPARK,1,15,24 Saat
2026-07-15T23:57:05.288071+00:00,2026-07-16T02:57:05.288071+03:00,2971,Gaziosmanpaşa Zemin Altı Otoparkı,GAZİOSMANPAŞA,41.0796,28.8858,285,0,285,KAPALI OTOPARK,1,0,24 Saat
2026-07-15T23:57:05.288071+00:00,2026-07-16T02:57:05.288071+03:00,3401,Giyimkent Tekstilkent Metro Zemin Altı PD Otoparkı,ESENLER,41.0711,28.8666,203,190,13,KAPALI OTOPARK,0,10,24 Saat
2026-07-15T23:57:05.288071+00:00,2026-07-16T02:57:05.288071+03:00,2242,Gözdağı Sosyal Tesisler  Açık Otoparkı,PENDİK,40.893,29.2538,300,218,82,AÇIK OTOPARK,0,0,07:00-23:00
2026-07-15T23:57:05.288071+00:00,2026-07-16T02:57:05.288071+03:00,1879,Gülsuyu Metro PD Yer Altı Otoparkı,MALTEPE,40.9237,29.1548,76,0,76,KAPALI OTOPARK,0,15,08:00-00:00
2026-07-15T23:57:05.288071+00:00,2026-07-16T02:57:05.288071+03:00,1423,Güneş Plajı 1,BAKIRKÖY,40.9712,28.79,250,243,7,AÇIK OTOPARK,0,10,24 Saat
2026-07-15T23:57:05.288071+00:00,2026-07-16T02:57:05.288071+03:00,1461,Güneş Plajı 2,BAKIRKÖY,40.9692,28.7951,135,126,9,AÇIK OTOPARK,0,10,08:00-20:00
2026-07-15T23:57:05.288071+00:00,2026-07-16T02:57:05.288071+03:00,3053,Güngören Nikah Dairesi Zemin Altı otoparkı,GÜNGÖREN,41.0363,28.8718,147,0,147,KAPALI OTOPARK,1,10,24 Saat
2026-07-15T23:57:05.288071+00:00,2026-07-16T02:57:05.288071+03:00,2216,Gürpınar Balık Hali Otoparkı,BEYLİKDÜZÜ,40.9663,28.6019,1000,712,288,AÇIK OTOPARK,0,15,24 Saat
2026-07-15T23:57:05.288071+00:00,2026-07-16T02:57:05.288071+03:00,1525,Hacıosman Metro Yer Altı Otoparkı,SARIYER,41.14,29.0306,422,0,422,KAPALI OTOPARK,0,15,24 Saat
2026-07-15T23:57:05.288071+00:00,2026-07-16T02:57:05.288071+03:00,1470,Haldun Alagaş Katlı Otoparkı,ÜMRANİYE,41.0262,29.1052,197,107,90,KAPALI OTOPARK,1,15,24 Saat
2026-07-15T23:57:05.288071+00:00,2026-07-16T02:57:05.288071+03:00,3235,Haliç Sosyal Tesisleri Otoparkı,FATİH,41.0277,28.9572,60,41,19,AÇIK OTOPARK,0,15,07:00-00:00
2026-07-15T23:57:05.288071+00:00,2026-07-16T02:57:05.288071+03:00,2848,Halkalı Mahallesi Zemin Altı Otoparkı,KÜÇÜKÇEKMECE,41.0359,28.7848,347,292,55,KAPALI OTOPARK,0,15,24 Saat
2026-07-15T23:57:05.288071+00:00,2026-07-16T02:57:05.288071+03:00,2838,Hamidiye Mahallesi Katlı Otoparkı,KAĞITHANE,41.0949,28.971,450,195,255,KAPALI OTOPARK,1,15,24 Saat
2026-07-15T23:57:05.288071+00:00,2026-07-16T02:57:05.288071+03:00,1446,Harbiye Zemin Altı Otoparkı,BEYOĞLU,41.0408,28.9869,142,86,56,KAPALI OTOPARK,0,0,24 Saat
2026-07-15T23:57:05.288071+00:00,2026-07-16T02:57:05.288071+03:00,2332,Haydarpaşa Katlı Otoparkı,ÜSKÜDAR,41.0048,29.0251,840,771,69,KAPALI OTOPARK,1,15,24 Saat
2026-07-15T23:57:05.288071+00:00,2026-07-16T02:57:05.288071+03:00,1987,Haznedar Yer Altı Otoparkı,GÜNGÖREN,41.0083,28.8729,540,0,540,KAPALI OTOPARK,0,0,24 Saat
2026-07-15T23:57:05.288071+00:00,2026-07-16T02:57:05.288071+03:00,377,Hızır Külhani Sokak,FATİH,41.0202,28.9605,32,1,31,YOL ÜSTÜ,0,15,09:00-17:00
2026-07-15T23:57:05.288071+00:00,2026-07-16T02:57:05.288071+03:00,3173,Hürriyet Mahallesi Zeminaltı Otoparkı,GAZİOSMANPAŞA,41.0708,28.8951,190,0,190,KAPALI OTOPARK,1,15,24 Saat
2026-07-15T23:57:05.288071+00:00,2026-07-16T02:57:05.288071+03:00,157,Ihlamur Dere Caddesi 4,BEŞİKTAŞ,41.047,29.0023,27,1,26,YOL ÜSTÜ,0,15,09:00-17:00
2026-07-15T23:57:05.288071+00:00,2026-07-16T02:57:05.288071+03:00,1189,İçerenköy Sebze Meyve Hali Otoparkı,ATAŞEHİR,40.9766,29.1044,600,1,599,AÇIK OTOPARK,0,15,24 Saat
2026-07-15T23:57:05.288071+00:00,2026-07-16T02:57:05.288071+03:00,1127,İshakpaşa Caddesi,FATİH,41.0079,28.9814,200,1,199,YOL ÜSTÜ,0,0,08:00-18:00
2026-07-15T23:57:05.288071+00:00,2026-07-16T02:57:05.288071+03:00,3265,İspark İstanbul West Marina Açık Otoparkı 1,BEYLİKDÜZÜ,40.9636,28.6564,250,1,249,AÇIK OTOPARK,0,15,24 Saat
2026-07-15T23:57:05.288071+00:00,2026-07-16T02:57:05.288071+03:00,2793,İspark Merter Katlı Otoparkı,GÜNGÖREN,41.0097,28.89,900,503,397,KAPALI OTOPARK,1,10,24 Saat
2026-07-15T23:57:05.288071+00:00,2026-07-16T02:57:05.288071+03:00,2430,İspark West İstanbul Marina Açık Otoparkı,BEYLİKDÜZÜ,40.9639,28.6591,1600,1245,355,AÇIK OTOPARK,0,15,24 Saat
2026-07-15T23:57:05.288071+00:00,2026-07-16T02:57:05.288071+03:00,381,İstinye 4 ( Cami Önü ),SARIYER,41.1149,29.0571,25,1,24,YOL ÜSTÜ,0,15,08:30-17:30
2026-07-15T23:57:05.288071+00:00,2026-07-16T02:57:05.288071+03:00,1804,İtalyan Hastanesi Karşısı Açık Otoparkı 1,BEYOĞLU,41.028,28.9815,30,1,29,AÇIK OTOPARK,0,0,08:00-19:00
2026-07-15T23:57:05.288071+00:00,2026-07-16T02:57:05.288071+03:00,507,Kabasakal Medrese Önü,FATİH,41.0062,28.9789,65,1,64,AÇIK OTOPARK,0,0,08:00-18:30
2026-07-15T23:57:05.288071+00:00,2026-07-16T02:57:05.288071+03:00,3306,Kabataş Transfer Merkezi Turizm Otobüs Otoparkı,BEYOĞLU,41.0336,28.9923,160,108,52,KAPALI OTOPARK,1,20,24 Saat
2026-07-15T23:57:05.288071+00:00,2026-07-16T02:57:05.288071+03:00,2918,Kadıköy Hasanpaşa Gazhane Katlı Otoparkı,KADIKÖY,40.9972,29.0428,310,186,124,KAPALI OTOPARK,1,15,24 Saat
2026-07-15T23:57:05.288071+00:00,2026-07-16T02:57:05.288071+03:00,1447,Kadıköy İski Açık Otoparkı,KADIKÖY,40.9874,29.0207,124,116,8,AÇIK OTOPARK,0,15,24 Saat
2026-07-15T23:57:05.288071+00:00,2026-07-16T02:57:05.288071+03:00,1655,Kadıköy Metro Açık Otoparkı,KADIKÖY,40.9899,29.0217,74,65,9,AÇIK OTOPARK,0,15,24 Saat
2026-07-15T23:57:05.288071+00:00,2026-07-16T02:57:05.288071+03:00,3445,Kadıköy Uzunçayır PD Açık Otoparkı,KADIKÖY,40.9982,29.0569,70,51,19,AÇIK OTOPARK,0,15,06:30-16:30
2026-07-15T23:57:05.288071+00:00,2026-07-16T02:57:05.288071+03:00,2808,Kadıköy Yeni Salı Pazarı PD Katlı Otoparkı,KADIKÖY,40.9969,29.0486,1350,365,985,KAPALI OTOPARK,1,15,24 Saat
2026-07-15T23:57:05.288071+00:00,2026-07-16T02:57:05.288071+03:00,2811,Kağıthane Harmantepe Zemin Altı Otoparkı,KAĞITHANE,41.0816,28.9907,200,0,200,KAPALI OTOPARK,1,0,24 Saat
2026-07-15T23:57:05.288071+00:00,2026-07-16T02:57:05.288071+03:00,1452,Kalamış Açık Otoparkı,KADIKÖY,40.9687,29.0363,173,163,10,AÇIK OTOPARK,0,15,24 Saat
2026-07-15T23:57:05.288071+00:00,2026-07-16T02:57:05.288071+03:00,1474,Kartal Hasan Doğan Spor Kompleksi,KARTAL,40.8918,29.1897,773,0,773,KAPALI OTOPARK,0,15,24 Saat
2026-07-15T23:57:05.288071+00:00,2026-07-16T02:57:05.288071+03:00,1105,Kartal İdo Açık Otoparkı,KARTAL,40.8874,29.1881,90,0,90,AÇIK OTOPARK,0,15,24 Saat
2026-07-15T23:57:05.288071+00:00,2026-07-16T02:57:05.288071+03:00,1550,Kartal Sahil Açık Otoparkı,KARTAL,40.8875,29.1901,75,63,12,AÇIK OTOPARK,0,5,24 Saat
2026-07-15T23:57:05.288071+00:00,2026-07-16T02:57:05.288071+03:00,3434,Kasımpaşa Sosyal Tesisler Otoparkı,BEYOĞLU,41.0296,28.9673,60,36,24,AÇIK OTOPARK,0,0,07:30-23:00
2026-07-15T23:57:05.288071+00:00,2026-07-16T02:57:05.288071+03:00,2827,Kayaşehir Meydan Zemin Altı Otoparkı,BAŞAKŞEHİR,41.1196,28.7718,1054,1,1053,KAPALI OTOPARK,0,0,10:00-17:00
2026-07-15T23:57:05.288071+00:00,2026-07-16T02:57:05.288071+03:00,1960,Kazlıçeşme Marmaray Açık Otoparkı,ZEYTİNBURNU,40.9922,28.917,700,661,39,AÇIK OTOPARK,0,15,24 Saat
2026-07-15T23:57:05.288071+00:00,2026-07-16T02:57:05.288071+03:00,2994,Kirazlı Metro Durağı PD Açık Otoparkı,BAĞCILAR,41.033,28.8429,112,0,112,AÇIK OTOPARK,0,5,24 Saat
2026-07-15T23:57:05.288071+00:00,2026-07-16T02:57:05.288071+03:00,1528,Kore Şehitleri Caddesi - Yüzbaşı Kaya Aldağon Sokak 1,ŞİŞLİ,41.0719,29.0139,40,1,39,YOL ÜSTÜ,0,15,07:00-16:00
2026-07-15T23:57:05.288071+00:00,2026-07-16T02:57:05.288071+03:00,2449,Kozyatağı Sebze-Meyve Hali,ATAŞEHİR,40.9787,29.1029,1500,1,1499,AÇIK OTOPARK,1,0,24 Saat
2026-07-15T23:57:05.288071+00:00,2026-07-16T02:57:05.288071+03:00,1206,Kutlugün Sokak 2,FATİH,41.0061,28.9801,200,1,199,YOL ÜSTÜ,0,0,08:00-18:00
2026-07-15T23:57:05.288071+00:00,2026-07-16T02:57:05.288071+03:00,3074,Küçük Çamlıca,ÜSKÜDAR,41.0204,29.0653,129,105,24,AÇIK OTOPARK,0,0,08:00-22:00
2026-07-15T23:57:05.288071+00:00,2026-07-16T02:57:05.288071+03:00,3127,Küçükçekmece Cennet Mahallesi Meydan Zemin Altı Otoparkı,KÜÇÜKÇEKMECE,40.9907,28.783,456,0,456,KAPALI OTOPARK,0,10,24 Saat
2026-07-15T23:57:05.288071+00:00,2026-07-16T02:57:05.288071+03:00,2554,Küçükçekmece Fevzi Çakmak Meydanı Zemin Altı Otoparkı,KÜÇÜKÇEKMECE,41.0076,28.7927,1000,478,522,KAPALI OTOPARK,0,10,24 Saat
2026-07-15T23:57:05.288071+00:00,2026-07-16T02:57:05.288071+03:00,2882,Küçüksu Kasrı Açık Otoparkı,BEYKOZ,41.0789,29.0657,98,92,6,AÇIK OTOPARK,0,0,07:00-23:00
2026-07-15T23:57:05.288071+00:00,2026-07-16T02:57:05.288071+03:00,220,Levent Hamidiye,BEŞİKTAŞ,41.0861,29.0076,100,1,99,AÇIK OTOPARK,0,0,08:00-19:00
2026-07-15T23:57:05.288071+00:00,2026-07-16T02:57:05.288071+03:00,1138,Levent Metro Yer Altı Otoparkı,BEŞİKTAŞ,41.0811,29.0105,100,1,99,AÇIK OTOPARK,0,5,07:30-19:30
2026-07-15T23:57:05.288071+00:00,2026-07-16T02:57:05.288071+03:00,2335,Maçka Açık Otoparkı,ŞİŞLİ,41.046,28.9908,75,74,1,AÇIK OTOPARK,1,0,24 Saat
2026-07-15T23:57:05.288071+00:00,2026-07-16T02:57:05.288071+03:00,1859,Maçka Katlı Otoparkı,ŞİŞLİ,41.0484,28.9903,508,0,508,KAPALI OTOPARK,0,0,24 Saat
2026-07-15T23:57:05.288071+00:00,2026-07-16T02:57:05.288071+03:00,3193,Maltepe Rıhtım Caddesi Açık Otoparkı,MALTEPE,40.9258,29.1241,76,74,2,AÇIK OTOPARK,1,0,24 Saat
2026-07-15T23:57:05.288071+00:00,2026-07-16T02:57:05.288071+03:00,2146,Maltepe Süreyyapaşa Çarşısı Açık Otoparkı,MALTEPE,40.9274,29.1225,156,137,19,AÇIK OTOPARK,1,0,24 Saat
2026-07-15T23:57:05.288071+00:00,2026-07-16T02:57:05.288071+03:00,1599,Maslak Açık Otoparkı,SARIYER,41.1166,29.024,150,137,13,AÇIK OTOPARK,0,10,24 Saat
2026-07-15T23:57:05.288071+00:00,2026-07-16T02:57:05.288071+03:00,2100,Matbaacılar Sitesi Yanı,ZEYTİNBURNU,41.0234,28.9187,250,225,25,AÇIK OTOPARK,1,5,24 Saat
2026-07-15T23:57:05.288071+00:00,2026-07-16T02:57:05.288071+03:00,920,Meclis-i Mebusan Yokuşu 2,BEYOĞLU,41.0326,28.9882,34,1,33,YOL ÜSTÜ,0,15,09:00-17:00
2026-07-15T23:57:05.288071+00:00,2026-07-16T02:57:05.288071+03:00,1546,Menekşe Plajı Açık Otoparkı,BAKIRKÖY,40.9761,28.7766,200,200,0,AÇIK OTOPARK,0,0,24 Saat
2026-07-15T23:57:05.288071+00:00,2026-07-16T02:57:05.288071+03:00,1376,Mercan Açık,FATİH,41.0136,28.9669,130,128,2,AÇIK OTOPARK,0,0,08:00-23:00
2026-07-15T23:57:05.288071+00:00,2026-07-16T02:57:05.288071+03:00,3309,Mercan Ali Paşa Sarayı Zemin Altı Otoparkı,FATİH,41.0136,28.967,196,1,195,KAPALI OTOPARK,0,0,07:00-21:00
2026-07-15T23:57:05.288071+00:00,2026-07-16T02:57:05.288071+03:00,1472,Merter Katlı Otoparkı,GÜNGÖREN,41.0092,28.8874,1000,896,104,KAPALI OTOPARK,0,10,24 Saat
2026-07-15T23:57:05.288071+00:00,2026-07-16T02:57:05.288071+03:00,2375,Merter Metro PD Zeminaltı Otoparkı,GÜNGÖREN,41.0037,28.8897,242,99,143,KAPALI OTOPARK,1,10,24 Saat
2026-07-15T23:57:05.288071+00:00,2026-07-16T02:57:05.288071+03:00,1568,Mete Caddesi 1,BEYOĞLU,41.0382,28.9879,31,1,30,YOL ÜSTÜ,0,15,08:00-23:00
2026-07-15T23:57:05.288071+00:00,2026-07-16T02:57:05.288071+03:00,1471,Mevlana Yeraltı Katlı Otoparkı,ZEYTİNBURNU,41.0072,28.9049,1000,840,160,KAPALI OTOPARK,0,5,24 Saat
2026-07-15T23:57:05.288071+00:00,2026-07-16T02:57:05.288071+03:00,2709,Millet Caddesi Açık Otoparkı,FATİH,41.01,28.9461,60,57,3,AÇIK OTOPARK,0,15,24 Saat
2026-07-15T23:57:05.288071+00:00,2026-07-16T02:57:05.288071+03:00,3152,Mimar Sinan Zemin Altı Otoparkı,ÜSKÜDAR,41.0222,29.0169,956,693,263,KAPALI OTOPARK,0,15,24 Saat
2026-07-15T23:57:05.288071+00:00,2026-07-16T02:57:05.288071+03:00,2870,Miniatürk Çadır Açık Otoparkı,BEYOĞLU,41.0594,28.9501,250,163,87,AÇIK OTOPARK,0,15,07:00-20:00
2026-07-15T23:57:05.288071+00:00,2026-07-16T02:57:05.288071+03:00,2556,Muallim Naci Açık Otoparkı,BEŞİKTAŞ,41.0561,29.0342,35,22,13,AÇIK OTOPARK,1,15,24 Saat
2026-07-15T23:57:05.288071+00:00,2026-07-16T02:57:05.288071+03:00,569,Oda Kule Önü 1,BEYOĞLU,41.0322,28.9751,24,1,23,YOL ÜSTÜ,0,0,07:00-01:00
2026-07-15T23:57:05.288071+00:00,2026-07-16T02:57:05.288071+03:00,1988,Orhangazi Şehir Parkı PD Açık Otoparkı,MALTEPE,40.9313,29.1161,5022,4784,238,AÇIK OTOPARK,1,15,24 Saat
2026-07-15T23:57:05.288071+00:00,2026-07-16T02:57:05.288071+03:00,152,Ortabahçe Caddesi 2,BEŞİKTAŞ,41.0428,29.0043,35,1,34,YOL ÜSTÜ,0,15,08:00-23:00
2026-07-15T23:57:05.288071+00:00,2026-07-16T02:57:05.288071+03:00,153,Ortabahçe Caddesi 3,BEŞİKTAŞ,41.043,29.0042,26,1,25,YOL ÜSTÜ,0,15,08:00-23:00
2026-07-15T23:57:05.288071+00:00,2026-07-16T02:57:05.288071+03:00,119,Ortaklar Caddesi 1,ŞİŞLİ,41.0638,28.9971,25,1,24,YOL ÜSTÜ,0,15,08:30-17:00
2026-07-15T23:57:05.288071+00:00,2026-07-16T02:57:05.288071+03:00,1343,Ortaköy Açık Otoparkı,BEŞİKTAŞ,41.0504,29.0326,170,159,11,AÇIK OTOPARK,1,0,24 Saat
2026-07-15T23:57:05.288071+00:00,2026-07-16T02:57:05.288071+03:00,572,Ortaköy Portakal Yokuşu 1,BEŞİKTAŞ,41.0503,29.0261,15,1,14,YOL ÜSTÜ,0,15,09:00-19:00
2026-07-15T23:57:05.288071+00:00,2026-07-16T02:57:05.288071+03:00,1039,Öğretmen Evi,AVCILAR,40.9723,28.714,80,42,38,AÇIK OTOPARK,0,0,11:00-23:00
2026-07-15T23:57:05.288071+00:00,2026-07-16T02:57:05.288071+03:00,1466,Pendik Katlı Otoparkı,PENDİK,40.8789,29.2342,120,0,120,KAPALI OTOPARK,0,15,24 Saat
2026-07-15T23:57:05.288071+00:00,2026-07-16T02:57:05.288071+03:00,3073,Pendik Kemal Kalkuz Parkı Zemin Altı Otoparkı,PENDİK,40.8885,29.2427,224,1,223,KAPALI OTOPARK,0,0,09:00-18:00
2026-07-15T23:57:05.288071+00:00,2026-07-16T02:57:05.288071+03:00,3019,Pendik Meydan Zemin Altı Otoparkı,PENDİK,40.8752,29.2324,937,0,937,KAPALI OTOPARK,1,0,24 Saat
2026-07-15T23:57:05.288071+00:00,2026-07-16T02:57:05.288071+03:00,2865,Pendik Sahil Engelliler Merkez Önü,PENDİK,40.8735,29.233,100,66,34,AÇIK OTOPARK,0,0,11:00-20:00
2026-07-15T23:57:05.288071+00:00,2026-07-16T02:57:05.288071+03:00,2434,Pendik Sahil İdo,PENDİK,40.8755,29.2369,100,0,100,AÇIK OTOPARK,0,0,07:00-23:00
2026-07-15T23:57:05.288071+00:00,2026-07-16T02:57:05.288071+03:00,248,Pendik Yenimahalle Açık 2 Otoparkı,PENDİK,40.864,29.2723,124,112,12,AÇIK OTOPARK,0,15,10:00-22:00
2026-07-15T23:57:05.288071+00:00,2026-07-16T02:57:05.288071+03:00,297,Perşembe Pazarı 1,BEYOĞLU,41.0252,28.9693,32,1,31,YOL ÜSTÜ,0,15,08:00-17:00
2026-07-15T23:57:05.288071+00:00,2026-07-16T02:57:05.288071+03:00,597,Pierre Loti Caddesi 3,FATİH,41.0069,28.9711,36,1,35,YOL ÜSTÜ,0,0,07:00-17:00
2026-07-15T23:57:05.288071+00:00,2026-07-16T02:57:05.288071+03:00,3263,Piyalepaşa Meydanı Zemin Altı Otoparkı,BEYOĞLU,41.0445,28.9674,560,221,339,KAPALI OTOPARK,0,0,24 Saat
2026-07-15T23:57:05.288071+00:00,2026-07-16T02:57:05.288071+03:00,423,Prof.Cemil Birsel Yokuşu 3,FATİH,41.0178,28.967,40,1,39,YOL ÜSTÜ,0,0,07:00-18:00
2026-07-15T23:57:05.288071+00:00,2026-07-16T02:57:05.288071+03:00,1900,Ragıp Gümüşpala Cad.(Sobacılar Önü),FATİH,41.0181,28.969,40,1,39,YOL ÜSTÜ,0,15,07:00-18:00
2026-07-15T23:57:05.288071+00:00,2026-07-16T02:57:05.288071+03:00,415,Ragıp Gümüşpala Camii Önü 1,FATİH,41.0211,28.9627,35,1,34,YOL ÜSTÜ,0,0,07:00-17:30
2026-07-15T23:57:05.288071+00:00,2026-07-16T02:57:05.288071+03:00,3268,Refik Saydam Caddesi 3,BEYOĞLU,41.032,28.9736,55,1,54,YOL ÜSTÜ,0,0,06:00-23:00
2026-07-15T23:57:05.288071+00:00,2026-07-16T02:57:05.288071+03:00,2307,Ressam Halim Sokak PD Açık Otoparkı,BAHÇELİEVLER,40.9967,28.8641,120,107,13,AÇIK OTOPARK,0,15,08:00-00:00
2026-07-15T23:57:05.288071+00:00,2026-07-16T02:57:05.288071+03:00,3082,Rumeli Hisarı Sahil Yolu Otoparkı,SARIYER,41.0854,29.0568,20,13,7,AÇIK OTOPARK,1,0,24 Saat
2026-07-15T23:57:05.288071+00:00,2026-07-16T02:57:05.288071+03:00,1595,Sabiha Gökçen Açık Otoparkı,PENDİK,40.925,29.308,1056,112,944,AÇIK OTOPARK,0,15,24 Saat
2026-07-15T23:57:05.288071+00:00,2026-07-16T02:57:05.288071+03:00,3239,Samatya Sahil Cep Otoparkı,FATİH,40.9954,28.932,113,93,20,AÇIK OTOPARK,1,15,24 Saat
2026-07-15T23:57:05.288071+00:00,2026-07-16T02:57:05.288071+03:00,3273,Sarıyer Büyükdere Fidanlığı,SARIYER,41.1548,29.0268,160,156,4,AÇIK OTOPARK,0,0,08:00-18:00
2026-07-15T23:57:05.288071+00:00,2026-07-16T02:57:05.288071+03:00,3299,Sariyer Ayazağa Mah Vadi İstanbul Önü Açık Otoparkı,SARIYER,41.1106,28.9881,100,97,3,AÇIK OTOPARK,0,0,08:00-20:00
2026-07-15T23:57:05.288071+00:00,2026-07-16T02:57:05.288071+03:00,1303,Seyrantepe Katlı (Arena Karşısı) 1,KAĞITHANE,41.101,28.9961,1897,1,1896,KAPALI OTOPARK,1,0,24 Saat
2026-07-15T23:57:05.288071+00:00,2026-07-16T02:57:05.288071+03:00,1628,Sıracevizler Caddesi Yol Üstü 5,ŞİŞLİ,41.0607,28.9841,45,1,44,YOL ÜSTÜ,0,15,09:00-17:00
2026-07-15T23:57:05.288071+00:00,2026-07-16T02:57:05.288071+03:00,464,Sirkeci Gar Önü,FATİH,41.015,28.9761,60,1,59,AÇIK OTOPARK,0,5,07:00-20:00
2026-07-15T23:57:05.288071+00:00,2026-07-16T02:57:05.288071+03:00,1486,Siyavuşpaşa Yer Altı Otoparkı,BAHÇELİEVLER,40.9965,28.8532,155,0,155,KAPALI OTOPARK,1,0,24 Saat
2026-07-15T23:57:05.288071+00:00,2026-07-16T02:57:05.288071+03:00,1958,Soğanlık Metro PD Açık Otoparkı,KARTAL,40.9131,29.1925,898,863,35,AÇIK OTOPARK,0,15,24 Saat
2026-07-15T23:57:05.288071+00:00,2026-07-16T02:57:05.288071+03:00,589,Su Terazisi Sokak,FATİH,41.0046,28.9727,22,1,21,YOL ÜSTÜ,0,0,07:30-17:00
2026-07-15T23:57:05.288071+00:00,2026-07-16T02:57:05.288071+03:00,1478,Suadiye Cep Açık Otoparkı,KADIKÖY,40.9586,29.0732,130,125,5,AÇIK OTOPARK,0,15,24 Saat
2026-07-15T23:57:05.288071+00:00,2026-07-16T02:57:05.288071+03:00,2948,Suadiye Sahil Açık Otoparkı,KADIKÖY,40.9562,29.0797,70,64,6,AÇIK OTOPARK,1,5,24 Saat
2026-07-15T23:57:05.288071+00:00,2026-07-16T02:57:05.288071+03:00,2799,Sultanbeyli Emir Caddesi Zemin Altı Otoparkı,SULTANBEYLİ,40.9707,29.2606,130,116,14,KAPALI OTOPARK,0,15,08:00-22:00
2026-07-15T23:57:05.288071+00:00,2026-07-16T02:57:05.288071+03:00,2372,Sultanbeyli Kent Meydanı Zemin Altı Otoparkı,SULTANBEYLİ,40.9667,29.2667,300,214,86,KAPALI OTOPARK,1,15,24 Saat
2026-07-15T23:57:05.288071+00:00,2026-07-16T02:57:05.288071+03:00,2410,Sultangazi Zemin Altı Otoparkı,SULTANGAZİ,41.0944,28.8649,104,0,104,KAPALI OTOPARK,1,10,24 Saat
2026-07-15T23:57:05.288071+00:00,2026-07-16T02:57:05.288071+03:00,2085,Süleyman Seba Caddesi 2,BEŞİKTAŞ,41.0426,28.9998,40,1,39,YOL ÜSTÜ,0,15,08:00-18:00
2026-07-15T23:57:05.288071+00:00,2026-07-16T02:57:05.288071+03:00,2088,Süleyman Seba Caddesi 5,BEŞİKTAŞ,41.0432,28.9978,40,1,39,YOL ÜSTÜ,0,15,08:00-18:00
2026-07-15T23:57:05.288071+00:00,2026-07-16T02:57:05.288071+03:00,2089,Süleyman Seba Caddesi 6,BEŞİKTAŞ,41.0435,28.9967,11,1,10,YOL ÜSTÜ,0,15,08:00-18:00
2026-07-15T23:57:05.288071+00:00,2026-07-16T02:57:05.288071+03:00,2391,Süleymaniye Cami Altı Açık Otoparkı,FATİH,41.0158,28.961,250,234,16,AÇIK OTOPARK,0,0,06:30-18:30
2026-07-15T23:57:05.288071+00:00,2026-07-16T02:57:05.288071+03:00,1730,Sütlüce Miniatürk Yanı,BEYOĞLU,41.057,28.95,320,248,72,AÇIK OTOPARK,1,15,24 Saat
2026-07-15T23:57:05.288071+00:00,2026-07-16T02:57:05.288071+03:00,36,Şakayık Sokak 4,ŞİŞLİ,41.0518,28.9936,50,1,49,YOL ÜSTÜ,0,15,08:00-16:00
2026-07-15T23:57:05.288071+00:00,2026-07-16T02:57:05.288071+03:00,1469,Şehit Volkan Duysak Katlı Otoparkı,ZEYTİNBURNU,40.9968,28.9039,1000,648,352,KAPALI OTOPARK,0,5,24 Saat
2026-07-15T23:57:05.288071+00:00,2026-07-16T02:57:05.288071+03:00,2907,Şehremini Açık Otoparkı 2,FATİH,41.0135,28.9333,60,1,59,AÇIK OTOPARK,0,0,08:30-20:30
2026-07-15T23:57:05.288071+00:00,2026-07-16T02:57:05.288071+03:00,2855,Şemsipaşa Açık Otoparkı,ÜSKÜDAR,41.0255,29.0097,80,79,1,AÇIK OTOPARK,1,0,24 Saat
2026-07-15T23:57:05.288071+00:00,2026-07-16T02:57:05.288071+03:00,2439,Şirinevler Meydan Zeminaltı Otoparkı,BAHÇELİEVLER,40.9925,28.8496,367,107,260,KAPALI OTOPARK,1,0,24 Saat
2026-07-15T23:57:05.288071+00:00,2026-07-16T02:57:05.288071+03:00,3400,Şişhane Refik Saydam Caddesi 2 Yol Üstü Otoparkı 1,BEYOĞLU,41.0326,28.9743,70,1,69,YOL ÜSTÜ,0,15,06:00-23:00
2026-07-15T23:57:05.288071+00:00,2026-07-16T02:57:05.288071+03:00,1017,Şişli Kadırgalar Caddesi 1,ŞİŞLİ,41.0429,28.9927,100,1,99,AÇIK OTOPARK,0,0,07:00-23:00
2026-07-15T23:57:05.288071+00:00,2026-07-16T02:57:05.288071+03:00,3441,Şişli Kuştepe Zemin Altı Otoparkı,ŞİŞLİ,41.072,28.9919,430,336,94,KAPALI OTOPARK,0,15,24 Saat
2026-07-15T23:57:05.288071+00:00,2026-07-16T02:57:05.288071+03:00,2816,Şişli Rumeli Caddesi Metro Yanı 1,ŞİŞLİ,41.0538,28.9868,45,1,44,YOL ÜSTÜ,0,15,08:00-20:00
2026-07-15T23:57:05.288071+00:00,2026-07-16T02:57:05.288071+03:00,2406,Şişli Zemin Altı Otoparkı,ŞİŞLİ,41.0641,28.9992,581,421,160,KAPALI OTOPARK,1,15,24 Saat
2026-07-15T23:57:05.288071+00:00,2026-07-16T02:57:05.288071+03:00,1993,Tuzla İdo,TUZLA,40.8149,29.3039,300,283,17,AÇIK OTOPARK,0,15,24 Saat
2026-07-15T23:57:05.288071+00:00,2026-07-16T02:57:05.288071+03:00,3332,Tuzla Sahil Cep,TUZLA,40.8168,29.2992,50,42,8,AÇIK OTOPARK,0,0,08:00-00:00
2026-07-15T23:57:05.288071+00:00,2026-07-16T02:57:05.288071+03:00,3057,Tuzla Sahil Zemin Altı Otoparkı,TUZLA,40.8181,29.3004,779,538,241,KAPALI OTOPARK,1,15,24 Saat
2026-07-15T23:57:05.288071+00:00,2026-07-16T02:57:05.288071+03:00,1811,Ulu Camii Açık Otoparkı,BAHÇELİEVLER,40.9982,28.8499,150,98,52,AÇIK OTOPARK,1,10,24 Saat
2026-07-15T23:57:05.288071+00:00,2026-07-16T02:57:05.288071+03:00,2424,Uzunçayır Açık Otoparkı,KADIKÖY,40.9988,29.0556,58,52,6,AÇIK OTOPARK,0,0,06:00-16:00
2026-07-15T23:57:05.288071+00:00,2026-07-16T02:57:05.288071+03:00,1468,Ümraniye Katlı Otoparkı,ÜMRANİYE,41.0261,29.0953,665,529,136,KAPALI OTOPARK,0,15,24 Saat
2026-07-15T23:57:05.288071+00:00,2026-07-16T02:57:05.288071+03:00,2898,Ümraniye Okan Sokak Zeminaltı Otoparkı,ÜMRANİYE,41.0284,29.0907,125,21,104,KAPALI OTOPARK,1,15,24 Saat
2026-07-15T23:57:05.288071+00:00,2026-07-16T02:57:05.288071+03:00,2345,Üsküdar Uzunçayır PD Açık Otoparkı,ÜSKÜDAR,40.9988,29.0577,90,81,9,AÇIK OTOPARK,0,15,06:00-22:00
2026-07-15T23:57:05.288071+00:00,2026-07-16T02:57:05.288071+03:00,1929,Üsküdar Ünalan Açık Otoparkı,ÜSKÜDAR,40.9979,29.0604,180,175,5,AÇIK OTOPARK,0,0,07:00-17:00
2026-07-15T23:57:05.288071+00:00,2026-07-16T02:57:05.288071+03:00,1487,Vatan Caddesi PD Açık Otoparkı,FATİH,41.0157,28.9405,397,369,28,AÇIK OTOPARK,0,5,24 Saat
2026-07-15T23:57:05.288071+00:00,2026-07-16T02:57:05.288071+03:00,1621,Veteriner Hilmi Sokak Yol Üstü 1,ŞİŞLİ,41.0603,28.9892,20,1,19,YOL ÜSTÜ,0,15,08:00-17:00
2026-07-15T23:57:05.288071+00:00,2026-07-16T02:57:05.288071+03:00,2441,Yalı Açık Otoparkı,MALTEPE,40.9095,29.137,85,82,3,AÇIK OTOPARK,0,0,07:30-22:00
2026-07-15T23:57:05.288071+00:00,2026-07-16T02:57:05.288071+03:00,459,Yalı Köşkü Caddesi 1,FATİH,41.0163,28.9759,61,1,60,YOL ÜSTÜ,0,5,07:00-21:00
2026-07-15T23:57:05.288071+00:00,2026-07-16T02:57:05.288071+03:00,2037,Yenikapı Marmaray Büyük Otoparkı,FATİH,41.0057,28.9505,324,272,52,AÇIK OTOPARK,1,15,24 Saat
2026-07-15T23:57:05.288071+00:00,2026-07-16T02:57:05.288071+03:00,2036,Yenikapı Marmaray Küçük Otoparkı,FATİH,41.0064,28.9504,200,200,0,AÇIK OTOPARK,0,15,07:00-22:00
2026-07-15T23:57:05.288071+00:00,2026-07-16T02:57:05.288071+03:00,2175,Yenikapı Spor ve Kültür Merkezi PD Açık Otoparkı,FATİH,41.0006,28.9519,4023,3813,210,AÇIK OTOPARK,0,15,24 Saat
2026-07-15T23:57:05.288071+00:00,2026-07-16T02:57:05.288071+03:00,2805,Yenikapı Tünel Üstü Açık Otoparkı,FATİH,41.0029,28.9534,700,584,116,AÇIK OTOPARK,1,10,24 Saat
2026-07-15T23:57:05.288071+00:00,2026-07-16T02:57:05.288071+03:00,3404,Yenimahalle Metro Zemin Altı PD Otoparkı,GAZİOSMANPAŞA,41.0839,28.8926,114,94,20,KAPALI OTOPARK,1,15,24 Saat
2026-07-15T23:57:05.288071+00:00,2026-07-16T02:57:05.288071+03:00,2920,Yeşilce Zemin Altı Katlı Otoparkı,KAĞITHANE,41.0938,29.0017,676,283,393,KAPALI OTOPARK,1,0,24 Saat
2026-07-15T23:57:05.288071+00:00,2026-07-16T02:57:05.288071+03:00,987,Yeşilköy İstasyon Caddesi 1,BAKIRKÖY,40.962,28.825,40,1,39,YOL ÜSTÜ,0,15,09:00-17:30
2026-07-15T23:57:05.288071+00:00,2026-07-16T02:57:05.288071+03:00,974,Yeşilköy Marina 1,BAKIRKÖY,40.9576,28.8233,145,1,144,YOL ÜSTÜ,0,0,12:00-23:00
2026-07-15T23:57:05.288071+00:00,2026-07-16T02:57:05.288071+03:00,3406,Yeşilpınar Metro Zemin Altı PD Otoparkı,EYÜP,41.081,28.9204,269,182,87,KAPALI OTOPARK,1,15,24 Saat
2026-07-15T23:57:05.288071+00:00,2026-07-16T02:57:05.288071+03:00,315,Yeşilyurt Çarşı 1,BAKIRKÖY,40.9643,28.8379,50,1,49,YOL ÜSTÜ,0,15,09:00-17:30
2026-07-15T23:57:05.288071+00:00,2026-07-16T02:57:05.288071+03:00,1133,Yıldız Korusu,BEŞİKTAŞ,41.0514,29.0165,500,1,499,AÇIK OTOPARK,0,0,08:00-22:00
2026-07-15T23:57:05.288071+00:00,2026-07-16T02:57:05.288071+03:00,882,Zeytinburnu 58. Bulvar 2,ZEYTİNBURNU,40.9932,28.9039,48,1,47,YOL ÜSTÜ,0,15,09:00-18:00
2026-07-15T23:57:05.288071+00:00,2026-07-16T02:57:05.288071+03:00,3185,Zeytinburnu Sahil Cep Otoparkı,ZEYTİNBURNU,40.9798,28.8985,160,1,159,AÇIK OTOPARK,0,0,12:00-22:00
2026-07-16T02:54:16.418654+00:00,2026-07-16T05:54:16.418654+03:00,3068,15 Temmuz Şehitler Meydanı Zeminaltı Otoparkı,ÜMRANİYE,41.0246,29.0915,1029,689,340,KAPALI OTOPARK,0,15,24 Saat
2026-07-16T02:54:16.418654+00:00,2026-07-16T05:54:16.418654+03:00,2338,19 Mayıs Açık,ŞİŞLİ,41.0563,28.9941,65,0,65,AÇIK OTOPARK,1,0,24 Saat
2026-07-16T02:54:16.418654+00:00,2026-07-16T05:54:16.418654+03:00,1751,4.Levent PD Açık Otoparkı,KAĞITHANE,41.0836,29.0081,236,137,99,AÇIK OTOPARK,1,5,24 Saat
2026-07-16T02:54:16.418654+00:00,2026-07-16T05:54:16.418654+03:00,3328,4.Levent Servis ve Turizm Araçları Açık Otoparkı,ŞİŞLİ,41.0841,29.0054,300,150,150,AÇIK OTOPARK,1,15,24 Saat
2026-07-16T02:54:16.418654+00:00,2026-07-16T05:54:16.418654+03:00,3412,5. Levent Gaziosmanpaşa Adliyesi Yanı Açık Otoparkı,EYÜP,41.0927,28.9494,250,231,19,AÇIK OTOPARK,0,15,07:00-23:00
2026-07-16T02:54:16.418654+00:00,2026-07-16T05:54:16.418654+03:00,104,Abide-i Hürriyet Caddesi 5,ŞİŞLİ,41.0619,28.9876,40,1,39,YOL ÜSTÜ,0,15,08:00-17:00
2026-07-16T02:54:16.418654+00:00,2026-07-16T05:54:16.418654+03:00,2452,Acıbadem Açık Otoparkı,ÜSKÜDAR,41.0157,29.0574,100,87,13,AÇIK OTOPARK,0,0,06:30-16:00
2026-07-16T02:54:16.418654+00:00,2026-07-16T05:54:16.418654+03:00,346,Ada Karşısı Cep 2,BEŞİKTAŞ,41.072,29.045,30,1,29,YOL ÜSTÜ,0,15,08:00-23:00
2026-07-16T02:54:16.418654+00:00,2026-07-16T05:54:16.418654+03:00,1663,Akasyalı Sokak Tenis Kulubü Önü 2,BEŞİKTAŞ,41.0867,29.0109,45,1,44,YOL ÜSTÜ,0,15,08:30-17:30
2026-07-16T02:54:16.418654+00:00,2026-07-16T05:54:16.418654+03:00,828,Akdeniz Caddesi 4,FATİH,41.0175,28.9435,27,1,26,YOL ÜSTÜ,0,15,09:00-18:00
2026-07-16T02:54:16.418654+00:00,2026-07-16T05:54:16.418654+03:00,1913,Alibeyköy Cep Otogarı Açık Otoparkı,EYÜP,41.0879,28.9446,116,48,68,AÇIK OTOPARK,1,25,24 Saat
2026-07-16T02:54:16.418654+00:00,2026-07-16T05:54:16.418654+03:00,1912,Alibeyköy Cep Otogarı Otobüs Otoparkı,EYÜP,41.0875,28.9449,5000,4978,22,AÇIK OTOPARK,1,60,24 Saat
2026-07-16T02:54:16.418654+00:00,2026-07-16T05:54:16.418654+03:00,2562,Alibeyköy Yeşiltepe Zemin Altı Otoparkı,EYÜP,41.0797,28.938,159,40,119,KAPALI OTOPARK,0,15,24 Saat
2026-07-16T02:54:16.418654+00:00,2026-07-16T05:54:16.418654+03:00,3201,Altınboynuz Sosyal Tesisleri,EYÜP,41.058,28.9447,70,1,69,AÇIK OTOPARK,0,15,08:00-23:00
2026-07-16T02:54:16.418654+00:00,2026-07-16T05:54:16.418654+03:00,758,Arap Camii Açık Otoparkı,BEYOĞLU,41.0227,28.9723,30,1,29,AÇIK OTOPARK,0,0,09:00-17:00
2026-07-16T02:54:16.418654+00:00,2026-07-16T05:54:16.418654+03:00,2685,Aras Sokak 2,BÜYÜKÇEKMECE,41.023,28.6209,60,1,59,YOL ÜSTÜ,0,0,06:00-14:30
2026-07-16T02:54:16.418654+00:00,2026-07-16T05:54:16.418654+03:00,2802,Arnavutköy Zemin Altı Otoparkı,ARNAVUTKÖY,41.1838,28.7396,700,6,694,KAPALI OTOPARK,1,15,24 Saat
2026-07-16T02:54:16.418654+00:00,2026-07-16T05:54:16.418654+03:00,1797,Ataköy Atrium AVM,BAKIRKÖY,40.9881,28.8459,250,203,47,AÇIK OTOPARK,0,15,08:00-23:00
2026-07-16T02:54:16.418654+00:00,2026-07-16T05:54:16.418654+03:00,2824,Ataköy Metro Durağı Yanı PD Zemin Altı Otoparkı,BAKIRKÖY,40.9904,28.8456,150,88,62,KAPALI OTOPARK,1,0,24 Saat
2026-07-16T02:54:16.418654+00:00,2026-07-16T05:54:16.418654+03:00,3161,Ataşehir Topçu İbrahim Sokak,ATAŞEHİR,40.9736,29.101,42,1,41,YOL ÜSTÜ,0,15,07:00-16:00
2026-07-16T02:54:16.418654+00:00,2026-07-16T05:54:16.418654+03:00,359,Atatürk Bulvarı 1,FATİH,41.0112,28.9534,20,1,19,YOL ÜSTÜ,0,0,07:30-18:00
2026-07-16T02:54:16.418654+00:00,2026-07-16T05:54:16.418654+03:00,3087,Atatürk Kent Ormanı Otoparkı,SARIYER,41.136,29.0262,200,198,2,AÇIK OTOPARK,0,0,08:00-17:00
2026-07-16T02:54:16.418654+00:00,2026-07-16T05:54:16.418654+03:00,1088,Avcılar İdo,AVCILAR,40.9712,28.7185,270,262,8,AÇIK OTOPARK,0,0,13:00-07:00
2026-07-16T02:54:16.418654+00:00,2026-07-16T05:54:16.418654+03:00,2885,Azapkapı Haliç Metro Otoparkı,ŞİŞLİ,41.0245,28.9691,80,71,9,AÇIK OTOPARK,1,5,24 Saat
2026-07-16T02:54:16.418654+00:00,2026-07-16T05:54:16.418654+03:00,2455,Azerbaycan Dostluk Parkı Zemin Altı Otoparkı,BAĞCILAR,41.0444,28.854,400,168,232,KAPALI OTOPARK,0,10,24 Saat
2026-07-16T02:54:16.418654+00:00,2026-07-16T05:54:16.418654+03:00,2965,Bağcılar Çolakoğlu Zemin Altı Otoparkı,BAĞCILAR,41.0324,28.8345,106,0,106,KAPALI OTOPARK,1,5,24 Saat
2026-07-16T02:54:16.418654+00:00,2026-07-16T05:54:16.418654+03:00,2576,Bağcılar Demirkapı Zemin Altı Otoparkı,BAĞCILAR,41.0499,28.8327,343,119,224,KAPALI OTOPARK,1,5,24 Saat
2026-07-16T02:54:16.418654+00:00,2026-07-16T05:54:16.418654+03:00,3036,Bağcılar Devlet Hastanesi Yanı Zeminaltı Otoparkı,BAĞCILAR,41.0312,28.8696,1133,109,1024,KAPALI OTOPARK,1,15,24 Saat
2026-07-16T02:54:16.418654+00:00,2026-07-16T05:54:16.418654+03:00,3071,Bağcılar Emniyet Müdürlüğü Yanı Açık Otoparkı,BAĞCILAR,41.0353,28.8598,100,52,48,AÇIK OTOPARK,1,0,24 Saat
2026-07-16T02:54:16.418654+00:00,2026-07-16T05:54:16.418654+03:00,2873,Bağcılar Göztepe Zemin Altı,BAĞCILAR,41.0567,28.8355,120,0,120,KAPALI OTOPARK,1,5,24 Saat
2026-07-16T02:54:16.418654+00:00,2026-07-16T05:54:16.418654+03:00,3187,Bağcılar Hürriyet Mahallesi Zemin Altı Otoparkı,BAĞCILAR,41.0291,28.8333,355,0,355,KAPALI OTOPARK,1,10,24 Saat
2026-07-16T02:54:16.418654+00:00,2026-07-16T05:54:16.418654+03:00,2916,Bağcılar Kent Meydanı PD Zemin Altı Otoparkı,BAĞCILAR,41.0339,28.8556,1162,0,1162,KAPALI OTOPARK,0,0,24 Saat
2026-07-16T02:54:16.418654+00:00,2026-07-16T05:54:16.418654+03:00,3261,Bağcılar Yenimahalle Zemin Altı Otoparkı,BAĞCILAR,41.0425,28.8395,525,254,271,KAPALI OTOPARK,1,15,24 Saat
2026-07-16T02:54:16.418654+00:00,2026-07-16T05:54:16.418654+03:00,2820,Bağcılar Yıldıztepe Katlı Otoparkı,BAĞCILAR,41.0294,28.8556,350,0,350,KAPALI OTOPARK,1,10,24 Saat
2026-07-16T02:54:16.418654+00:00,2026-07-16T05:54:16.418654+03:00,3447,Bahçelievler 23 Nisan Milli Egemenlik Zeminaltı Otoparkı,BAHÇELİEVLER,40.9988,28.8472,732,380,352,KAPALI OTOPARK,1,10,24 Saat
2026-07-16T02:54:16.418654+00:00,2026-07-16T05:54:16.418654+03:00,2993,Bahçelievler Cumhuriyet Zeminaltı Otoparkı,BAHÇELİEVLER,41.0149,28.859,663,0,663,KAPALI OTOPARK,0,10,24 Saat
2026-07-16T02:54:16.418654+00:00,2026-07-16T05:54:16.418654+03:00,2969,Bahçelievler Devlet Hastanesi Yanı Katlı Otoparkı,BAHÇELİEVLER,41.0072,28.8442,740,0,740,KAPALI OTOPARK,1,0,24 Saat
2026-07-16T02:54:16.418654+00:00,2026-07-16T05:54:16.418654+03:00,3051,Bahçelievler Zafer Mh. Zeminaltı Otoparkı,BAHÇELİEVLER,41.0036,28.8351,200,43,157,KAPALI OTOPARK,1,0,24 Saat
2026-07-16T02:54:16.418654+00:00,2026-07-16T05:54:16.418654+03:00,3118,Bahçeşehir Doğa Parkı Caddesi 3,BAŞAKŞEHİR,41.0683,28.6894,22,1,21,YOL ÜSTÜ,0,15,10:00-20:00
2026-07-16T02:54:16.418654+00:00,2026-07-16T05:54:16.418654+03:00,3236,Bahçeşehir Gölet Açık Otoparkı,BAŞAKŞEHİR,41.0719,28.6901,200,1,199,AÇIK OTOPARK,0,0,12:00-22:00
2026-07-16T02:54:16.418654+00:00,2026-07-16T05:54:16.418654+03:00,1465,Bakırköy İdo Açık Otoparkı,BAKIRKÖY,40.9739,28.8761,160,132,28,AÇIK OTOPARK,1,10,24 Saat
2026-07-16T02:54:16.418654+00:00,2026-07-16T05:54:16.418654+03:00,1104,Balmumcu Katlı Otoparkı,BEŞİKTAŞ,41.0636,29.0109,400,330,70,KAPALI OTOPARK,1,5,24 Saat
2026-07-16T02:54:16.418654+00:00,2026-07-16T05:54:16.418654+03:00,2796,Başakşehir Metro Açık Otoparkı,BAŞAKŞEHİR,41.107,28.801,125,1,124,AÇIK OTOPARK,0,0,07:00-16:00
2026-07-16T02:54:16.418654+00:00,2026-07-16T05:54:16.418654+03:00,2350,Bayrampaşa Adapark Katlı Otoparkı,BAYRAMPAŞA,41.0647,28.8875,650,0,650,KAPALI OTOPARK,0,15,24 Saat
2026-07-16T02:54:16.418654+00:00,2026-07-16T05:54:16.418654+03:00,2892,Bayrampaşa Altıntepsi Zemin  Altı Otoparkı,BAYRAMPAŞA,41.0393,28.9029,110,0,110,KAPALI OTOPARK,0,10,24 Saat
2026-07-16T02:54:16.418654+00:00,2026-07-16T05:54:16.418654+03:00,2909,Bayrampaşa Atatürk Parkı  Zemin Altı Otoparkı,BAYRAMPAŞA,41.0342,28.9123,442,3,439,KAPALI OTOPARK,0,10,24 Saat
2026-07-16T02:54:16.418654+00:00,2026-07-16T05:54:16.418654+03:00,2683,Bayrampaşa Devlet Hastanesi Cep Otoparkı,BAYRAMPAŞA,41.0414,28.9031,55,32,23,AÇIK OTOPARK,0,0,08:00-19:00
2026-07-16T02:54:16.418654+00:00,2026-07-16T05:54:16.418654+03:00,3301,Bayrampaşa Kocatepe Mahallesi Zemin Altı Otoparkı,BAYRAMPAŞA,41.0545,28.8964,241,0,241,KAPALI OTOPARK,1,10,24 Saat
2026-07-16T02:54:16.418654+00:00,2026-07-16T05:54:16.418654+03:00,2053,Bayrampaşa Muratpaşa Yer Altı Otoparkı,BAYRAMPAŞA,41.047,28.9082,300,0,300,KAPALI OTOPARK,0,15,24 Saat
2026-07-16T02:54:16.418654+00:00,2026-07-16T05:54:16.418654+03:00,3175,Bayrampaşa Spor Kompleksi Zemin Altı Otoparkı,BAYRAMPAŞA,41.0446,28.9106,205,0,205,KAPALI OTOPARK,1,15,24 Saat
2026-07-16T02:54:16.418654+00:00,2026-07-16T05:54:16.418654+03:00,3382,Bayrampaşa Şehit Kamil Balkan Zemin Altı Otoparkı,BAYRAMPAŞA,41.0604,28.9008,235,0,235,KAPALI OTOPARK,1,10,24 Saat
2026-07-16T02:54:16.418654+00:00,2026-07-16T05:54:16.418654+03:00,2428,Bayrampaşa Yenidoğan Mahallesi Zemin Altı Otoparkı,BAYRAMPAŞA,41.0395,28.9088,120,0,120,KAPALI OTOPARK,0,10,24 Saat
2026-07-16T02:54:16.418654+00:00,2026-07-16T05:54:16.418654+03:00,2468,Bebek Açık,BEŞİKTAŞ,41.077,29.0434,30,0,30,AÇIK OTOPARK,0,0,24 Saat
2026-07-16T02:54:16.418654+00:00,2026-07-16T05:54:16.418654+03:00,3479,Beşiktaş Halk Pazarı Açık Otoparkı,BEŞİKTAŞ,41.0496,29.0004,170,123,47,AÇIK OTOPARK,1,5,24 Saat
2026-07-16T02:54:16.418654+00:00,2026-07-16T05:54:16.418654+03:00,573,Beşiktaş Kadastro Önü 1,BEŞİKTAŞ,41.0503,29.0076,39,1,38,YOL ÜSTÜ,0,15,08:00-17:00
2026-07-16T02:54:16.418654+00:00,2026-07-16T05:54:16.418654+03:00,3257,Beykoz Sahil Cep Otoparkı,BEYKOZ,41.1286,29.0953,100,75,25,AÇIK OTOPARK,0,0,08:00-00:00
2026-07-16T02:54:16.418654+00:00,2026-07-16T05:54:16.418654+03:00,2273,Beykoz Sosyal Tesisleri,BEYKOZ,41.1143,29.0888,130,0,130,AÇIK OTOPARK,0,15,08:00-00:00
2026-07-16T02:54:16.418654+00:00,2026-07-16T05:54:16.418654+03:00,2999,Beyoğlu Gazhane Bostan Sokak 2,BEYOĞLU,41.0389,28.9903,35,1,34,YOL ÜSTÜ,0,0,07:30-16:30
2026-07-16T02:54:16.418654+00:00,2026-07-16T05:54:16.418654+03:00,3072,Beyoğlu Örnektepe Zemin Altı Otoparkı,BEYOĞLU,41.0543,28.9548,143,0,143,KAPALI OTOPARK,0,0,24 Saat
2026-07-16T02:54:16.418654+00:00,2026-07-16T05:54:16.418654+03:00,1455,Bostancı Açık,KADIKÖY,40.9523,29.0902,394,162,232,AÇIK OTOPARK,0,15,24 Saat
2026-07-16T02:54:16.418654+00:00,2026-07-16T05:54:16.418654+03:00,1456,Bostancı Sahil-Cep Açık Otoparkı,KADIKÖY,40.9545,29.0885,192,141,51,AÇIK OTOPARK,0,15,24 Saat
2026-07-16T02:54:16.418654+00:00,2026-07-16T05:54:16.418654+03:00,2150,Bostancı Vergi Dairesi Açık Otoparkı,ATAŞEHİR,40.9625,29.1083,155,0,155,AÇIK OTOPARK,0,5,08:00-20:00
2026-07-16T02:54:16.418654+00:00,2026-07-16T05:54:16.418654+03:00,2854,Bülent Ecevit Kültür Merkezi Açık Otoparkı,KARTAL,40.8852,29.1967,277,265,12,AÇIK OTOPARK,0,5,10:00-21:00
2026-07-16T02:54:16.418654+00:00,2026-07-16T05:54:16.418654+03:00,2866,Büyük İstanbul Otogarı,BAYRAMPAŞA,41.0402,28.8942,1000,0,1000,AÇIK OTOPARK,1,25,24 Saat
2026-07-16T02:54:16.418654+00:00,2026-07-16T05:54:16.418654+03:00,1192,Büyükçamlıca Korusu Sosyal Tesisleri Önü,ÜSKÜDAR,41.0264,29.0698,204,112,92,AÇIK OTOPARK,0,0,08:00-00:00
2026-07-16T02:54:16.418654+00:00,2026-07-16T05:54:16.418654+03:00,2960,Büyükçekmece Metrobüs Durağı Yanı PD Zemin Altı Otopark,BÜYÜKÇEKMECE,41.0221,28.624,448,269,179,KAPALI OTOPARK,0,0,24 Saat
2026-07-16T02:54:16.418654+00:00,2026-07-16T05:54:16.418654+03:00,1503,Cadde Bostan Açık Otoparkı,KADIKÖY,40.9636,29.0675,66,63,3,AÇIK OTOPARK,0,15,24 Saat
2026-07-16T02:54:16.418654+00:00,2026-07-16T05:54:16.418654+03:00,2933,Cemal Kamacı Spor Kompleksi Zemin Altı Otoparkı,KAĞITHANE,41.0536,28.9575,510,0,510,KAPALI OTOPARK,1,0,24 Saat
2026-07-16T02:54:16.418654+00:00,2026-07-16T05:54:16.418654+03:00,2207,Cengiz Topel Yer Altı Katlı Otoparkı,ESENLER,41.0588,28.8643,144,0,144,KAPALI OTOPARK,0,15,24 Saat
2026-07-16T02:54:16.418654+00:00,2026-07-16T05:54:16.418654+03:00,2787,Cevizli Açık Otoparkı,KARTAL,40.9179,29.1712,100,87,13,AÇIK OTOPARK,0,15,08:00-19:00
2026-07-16T02:54:16.418654+00:00,2026-07-16T05:54:16.418654+03:00,782,Cihangir Caddesi 2,BEYOĞLU,41.0319,28.9862,70,1,69,YOL ÜSTÜ,0,15,09:00-19:00
2026-07-16T02:54:16.418654+00:00,2026-07-16T05:54:16.418654+03:00,1467,Cihangir Katlı Otoparkı,BEYOĞLU,41.0318,28.9858,350,0,350,KAPALI OTOPARK,1,0,24 Saat
2026-07-16T02:54:16.418654+00:00,2026-07-16T05:54:16.418654+03:00,535,Cihannuma Yol Üstü 1,BEŞİKTAŞ,41.0454,29.0084,35,1,34,YOL ÜSTÜ,0,0,08:00-23:00
2026-07-16T02:54:16.418654+00:00,2026-07-16T05:54:16.418654+03:00,537,Cihannuma Yol Üstü 3,BEŞİKTAŞ,41.0459,29.0087,33,1,32,YOL ÜSTÜ,0,0,08:00-23:00
2026-07-16T02:54:16.418654+00:00,2026-07-16T05:54:16.418654+03:00,539,Cihannuma Yol Üstü 5,BEŞİKTAŞ,41.0489,29.0094,24,1,23,YOL ÜSTÜ,0,0,08:00-23:00
2026-07-16T02:54:16.418654+00:00,2026-07-16T05:54:16.418654+03:00,3184,Çam Sokak 6,GÜNGÖREN,41.0121,28.8882,50,1,49,YOL ÜSTÜ,0,15,08:00-17:00
2026-07-16T02:54:16.418654+00:00,2026-07-16T05:54:16.418654+03:00,2003,Çatalca İnceğiz Mesire Alanı,ÇATALCA,41.1827,28.4041,1000,1,999,AÇIK OTOPARK,0,0,06:00-20:00
2026-07-16T02:54:16.418654+00:00,2026-07-16T05:54:16.418654+03:00,3030,Çekmeköy Metro PD Zemin Altı Otoparkı,ÇEKMEKÖY,41.0147,29.1886,175,55,120,KAPALI OTOPARK,0,15,24 Saat
2026-07-16T02:54:16.418654+00:00,2026-07-16T05:54:16.418654+03:00,2905,Çeliktepe Açık Otoparkı,KAĞITHANE,41.0843,29.0056,200,70,130,AÇIK OTOPARK,1,5,24 Saat
2026-07-16T02:54:16.418654+00:00,2026-07-16T05:54:16.418654+03:00,1298,Çengelköy Açık Otoparkı,ÜSKÜDAR,41.0484,29.0533,500,280,220,AÇIK OTOPARK,0,15,24 Saat
2026-07-16T02:54:16.418654+00:00,2026-07-16T05:54:16.418654+03:00,502,Çınar Açık Otoparkı,BEŞİKTAŞ,41.0853,29.0088,65,1,64,AÇIK OTOPARK,0,0,08:00-18:00
2026-07-16T02:54:16.418654+00:00,2026-07-16T05:54:16.418654+03:00,777,Çırağan Sarayı Yol Üstü 1,BEŞİKTAŞ,41.0448,29.0165,40,1,39,YOL ÜSTÜ,0,15,08:00-23:00
2026-07-16T02:54:16.418654+00:00,2026-07-16T05:54:16.418654+03:00,778,Çırağan Sarayı Yol Üstü 2,BEŞİKTAŞ,41.0445,29.0156,40,1,39,YOL ÜSTÜ,0,15,08:00-23:00
2026-07-16T02:54:16.418654+00:00,2026-07-16T05:54:16.418654+03:00,2228,Çırpıcı Sosyal Tesisler,ZEYTİNBURNU,41,28.8926,128,0,128,AÇIK OTOPARK,0,15,07:00-00:00
2026-07-16T02:54:16.418654+00:00,2026-07-16T05:54:16.418654+03:00,1508,Çiroz Yeşilköy Halk Pazarı,BAKIRKÖY,40.9628,28.8129,471,1,470,AÇIK OTOPARK,0,0,08:00-18:00
2026-07-16T02:54:16.418654+00:00,2026-07-16T05:54:16.418654+03:00,2030,Dalyan Açık Otoparkı,KADIKÖY,40.9632,29.0651,92,76,16,AÇIK OTOPARK,0,15,24 Saat
2026-07-16T02:54:16.418654+00:00,2026-07-16T05:54:16.418654+03:00,2271,Damla Sokak 1,ŞİŞLİ,41.0672,29.0004,17,1,16,YOL ÜSTÜ,0,15,07:30-16:30
2026-07-16T02:54:16.418654+00:00,2026-07-16T05:54:16.418654+03:00,2164,Darüşşafaka Yeraltı Otoparkı,SARIYER,41.1292,29.0252,150,148,2,KAPALI OTOPARK,0,15,08:00-00:00
2026-07-16T02:54:16.418654+00:00,2026-07-16T05:54:16.418654+03:00,1653,Deniz Feneri Otoparkı,FATİH,41.0019,28.9773,175,149,26,AÇIK OTOPARK,0,5,24 Saat
2026-07-16T02:54:16.418654+00:00,2026-07-16T05:54:16.418654+03:00,595,Dostluk Yurdu 1,FATİH,41.0071,28.973,33,1,32,YOL ÜSTÜ,0,15,07:00-17:00
2026-07-16T02:54:16.418654+00:00,2026-07-16T05:54:16.418654+03:00,2237,Dragos Sosyal Tesisleri,KARTAL,40.9017,29.1458,100,73,27,AÇIK OTOPARK,1,15,24 Saat
2026-07-16T02:54:16.418654+00:00,2026-07-16T05:54:16.418654+03:00,3063,Dudullu Metro PD Zemin Altı Otoparkı,ÜMRANİYE,41.0156,29.1633,81,61,20,KAPALI OTOPARK,0,15,07:00-23:30
2026-07-16T02:54:16.418654+00:00,2026-07-16T05:54:16.418654+03:00,1522,Ebu Suut Caddesi 1,FATİH,41.0128,28.9766,35,1,34,YOL ÜSTÜ,0,0,08:00-18:00
2026-07-16T02:54:16.418654+00:00,2026-07-16T05:54:16.418654+03:00,2147,EGS Blokları Açık Otoparkı,BAKIRKÖY,40.9863,28.8354,350,123,227,AÇIK OTOPARK,0,60,09:00-19:30
2026-07-16T02:54:16.418654+00:00,2026-07-16T05:54:16.418654+03:00,2366,Esenler Adem Baştürk Kültür Merkezi Katlı,ESENLER,41.039,28.8846,460,0,460,KAPALI OTOPARK,1,15,24 Saat
2026-07-16T02:54:16.418654+00:00,2026-07-16T05:54:16.418654+03:00,3190,Esenler Havaalanı Mahallesi Zemin Altı Otoparkı,ESENLER,41.0562,28.8674,610,317,293,KAPALI OTOPARK,1,10,24 Saat
2026-07-16T02:54:16.418654+00:00,2026-07-16T05:54:16.418654+03:00,3011,Esenler Menderes Metro İstasyonu Yanı,ESENLER,41.0427,28.8783,68,0,68,AÇIK OTOPARK,1,5,24 Saat
2026-07-16T02:54:16.418654+00:00,2026-07-16T05:54:16.418654+03:00,2822,Esenler Menderes Parkı Zemin Altı Otoparkı,ESENLER,41.0412,28.8729,325,5,320,KAPALI OTOPARK,1,10,24 Saat
2026-07-16T02:54:16.418654+00:00,2026-07-16T05:54:16.418654+03:00,3303,Esenyurt Adile Naşit Bulvarı Zeminaltı Otoparkı,ESENYURT,41.0205,28.6859,367,300,67,KAPALI OTOPARK,1,15,24 Saat
2026-07-16T02:54:16.418654+00:00,2026-07-16T05:54:16.418654+03:00,1328,Eski Salı Pazarı,KADIKÖY,40.9904,29.0338,760,179,581,AÇIK OTOPARK,0,15,24 Saat
2026-07-16T02:54:16.418654+00:00,2026-07-16T05:54:16.418654+03:00,904,Eyüp Pierloti Caddesi 1,EYÜP,41.0539,28.9329,40,1,39,YOL ÜSTÜ,0,0,09:00-22:00
2026-07-16T02:54:16.418654+00:00,2026-07-16T05:54:16.418654+03:00,2850,Eyüpsultan Akşemsettin Mahallesi Zemin Altı Otoparkı,EYÜP,41.085,28.9258,110,0,110,KAPALI OTOPARK,0,15,24 Saat
2026-07-16T02:54:16.418654+00:00,2026-07-16T05:54:16.418654+03:00,2215,Fatih Çeşmesi Tabiat Parkı Otoparkı,SARIYER,41.1686,28.9448,250,1,249,AÇIK OTOPARK,0,0,06:00-20:00
2026-07-16T02:54:16.418654+00:00,2026-07-16T05:54:16.418654+03:00,1475,Fatih Katlı Otoparkı,FATİH,41.0198,28.9396,118,17,101,KAPALI OTOPARK,0,10,24 Saat
2026-07-16T02:54:16.418654+00:00,2026-07-16T05:54:16.418654+03:00,1591,Feshane PD Açık Otoparkı,EYÜP,41.0463,28.9378,200,162,38,AÇIK OTOPARK,1,15,24 Saat
2026-07-16T02:54:16.418654+00:00,2026-07-16T05:54:16.418654+03:00,1005,Florya Havuzlu Bahçe,BAKIRKÖY,40.9764,28.7908,135,1,134,AÇIK OTOPARK,0,0,09:00-23:00
2026-07-16T02:54:16.418654+00:00,2026-07-16T05:54:16.418654+03:00,2238,Florya Sosyal Tesisleri,BAKIRKÖY,40.9614,28.8091,1074,1069,5,AÇIK OTOPARK,0,15,24 Saat
2026-07-16T02:54:16.418654+00:00,2026-07-16T05:54:16.418654+03:00,3296,Gaziosmanpaşa Meydanı ve Yaşam Merkezi Zemin Altı Otoparkı,GAZİOSMANPAŞA,41.0606,28.9093,202,0,202,KAPALI OTOPARK,1,15,24 Saat
2026-07-16T02:54:16.418654+00:00,2026-07-16T05:54:16.418654+03:00,2971,Gaziosmanpaşa Zemin Altı Otoparkı,GAZİOSMANPAŞA,41.0796,28.8858,285,0,285,KAPALI OTOPARK,1,0,24 Saat
2026-07-16T02:54:16.418654+00:00,2026-07-16T05:54:16.418654+03:00,3401,Giyimkent Tekstilkent Metro Zemin Altı PD Otoparkı,ESENLER,41.0711,28.8666,203,190,13,KAPALI OTOPARK,0,10,24 Saat
2026-07-16T02:54:16.418654+00:00,2026-07-16T05:54:16.418654+03:00,2242,Gözdağı Sosyal Tesisler  Açık Otoparkı,PENDİK,40.893,29.2538,300,218,82,AÇIK OTOPARK,0,0,07:00-23:00
2026-07-16T02:54:16.418654+00:00,2026-07-16T05:54:16.418654+03:00,1879,Gülsuyu Metro PD Yer Altı Otoparkı,MALTEPE,40.9237,29.1548,76,0,76,KAPALI OTOPARK,0,15,08:00-00:00
2026-07-16T02:54:16.418654+00:00,2026-07-16T05:54:16.418654+03:00,1423,Güneş Plajı 1,BAKIRKÖY,40.9712,28.79,250,246,4,AÇIK OTOPARK,0,10,24 Saat
2026-07-16T02:54:16.418654+00:00,2026-07-16T05:54:16.418654+03:00,1461,Güneş Plajı 2,BAKIRKÖY,40.9692,28.7951,135,134,1,AÇIK OTOPARK,0,10,08:00-20:00
2026-07-16T02:54:16.418654+00:00,2026-07-16T05:54:16.418654+03:00,3053,Güngören Nikah Dairesi Zemin Altı otoparkı,GÜNGÖREN,41.0363,28.8718,147,0,147,KAPALI OTOPARK,1,10,24 Saat
2026-07-16T02:54:16.418654+00:00,2026-07-16T05:54:16.418654+03:00,2216,Gürpınar Balık Hali Otoparkı,BEYLİKDÜZÜ,40.9663,28.6019,1000,819,181,AÇIK OTOPARK,0,15,24 Saat
2026-07-16T02:54:16.418654+00:00,2026-07-16T05:54:16.418654+03:00,1525,Hacıosman Metro Yer Altı Otoparkı,SARIYER,41.14,29.0306,422,0,422,KAPALI OTOPARK,0,15,24 Saat
2026-07-16T02:54:16.418654+00:00,2026-07-16T05:54:16.418654+03:00,1470,Haldun Alagaş Katlı Otoparkı,ÜMRANİYE,41.0262,29.1052,197,106,91,KAPALI OTOPARK,1,15,24 Saat
2026-07-16T02:54:16.418654+00:00,2026-07-16T05:54:16.418654+03:00,3235,Haliç Sosyal Tesisleri Otoparkı,FATİH,41.0277,28.9572,60,41,19,AÇIK OTOPARK,0,15,07:00-00:00
2026-07-16T02:54:16.418654+00:00,2026-07-16T05:54:16.418654+03:00,2848,Halkalı Mahallesi Zemin Altı Otoparkı,KÜÇÜKÇEKMECE,41.0359,28.7848,347,292,55,KAPALI OTOPARK,0,15,24 Saat
2026-07-16T02:54:16.418654+00:00,2026-07-16T05:54:16.418654+03:00,2838,Hamidiye Mahallesi Katlı Otoparkı,KAĞITHANE,41.0949,28.971,450,196,254,KAPALI OTOPARK,1,15,24 Saat
2026-07-16T02:54:16.418654+00:00,2026-07-16T05:54:16.418654+03:00,1446,Harbiye Zemin Altı Otoparkı,BEYOĞLU,41.0408,28.9869,142,87,55,KAPALI OTOPARK,0,0,24 Saat
2026-07-16T02:54:16.418654+00:00,2026-07-16T05:54:16.418654+03:00,2332,Haydarpaşa Katlı Otoparkı,ÜSKÜDAR,41.0048,29.0251,840,764,76,KAPALI OTOPARK,1,15,24 Saat
2026-07-16T02:54:16.418654+00:00,2026-07-16T05:54:16.418654+03:00,1987,Haznedar Yer Altı Otoparkı,GÜNGÖREN,41.0083,28.8729,540,0,540,KAPALI OTOPARK,0,0,24 Saat
2026-07-16T02:54:16.418654+00:00,2026-07-16T05:54:16.418654+03:00,377,Hızır Külhani Sokak,FATİH,41.0202,28.9605,32,1,31,YOL ÜSTÜ,0,15,09:00-17:00
2026-07-16T02:54:16.418654+00:00,2026-07-16T05:54:16.418654+03:00,3173,Hürriyet Mahallesi Zeminaltı Otoparkı,GAZİOSMANPAŞA,41.0708,28.8951,190,0,190,KAPALI OTOPARK,1,15,24 Saat
2026-07-16T02:54:16.418654+00:00,2026-07-16T05:54:16.418654+03:00,157,Ihlamur Dere Caddesi 4,BEŞİKTAŞ,41.047,29.0023,27,1,26,YOL ÜSTÜ,0,15,09:00-17:00
2026-07-16T02:54:16.418654+00:00,2026-07-16T05:54:16.418654+03:00,1189,İçerenköy Sebze Meyve Hali Otoparkı,ATAŞEHİR,40.9766,29.1044,600,1,599,AÇIK OTOPARK,0,15,24 Saat
2026-07-16T02:54:16.418654+00:00,2026-07-16T05:54:16.418654+03:00,1127,İshakpaşa Caddesi,FATİH,41.0079,28.9814,200,1,199,YOL ÜSTÜ,0,0,08:00-18:00
2026-07-16T02:54:16.418654+00:00,2026-07-16T05:54:16.418654+03:00,3265,İspark İstanbul West Marina Açık Otoparkı 1,BEYLİKDÜZÜ,40.9636,28.6564,250,1,249,AÇIK OTOPARK,0,15,24 Saat
2026-07-16T02:54:16.418654+00:00,2026-07-16T05:54:16.418654+03:00,2793,İspark Merter Katlı Otoparkı,GÜNGÖREN,41.0097,28.89,900,501,399,KAPALI OTOPARK,1,10,24 Saat
2026-07-16T02:54:16.418654+00:00,2026-07-16T05:54:16.418654+03:00,2430,İspark West İstanbul Marina Açık Otoparkı,BEYLİKDÜZÜ,40.9639,28.6591,1600,1526,74,AÇIK OTOPARK,0,15,24 Saat
2026-07-16T02:54:16.418654+00:00,2026-07-16T05:54:16.418654+03:00,381,İstinye 4 ( Cami Önü ),SARIYER,41.1149,29.0571,25,1,24,YOL ÜSTÜ,0,15,08:30-17:30
2026-07-16T02:54:16.418654+00:00,2026-07-16T05:54:16.418654+03:00,1804,İtalyan Hastanesi Karşısı Açık Otoparkı 1,BEYOĞLU,41.028,28.9815,30,1,29,AÇIK OTOPARK,0,0,08:00-19:00
2026-07-16T02:54:16.418654+00:00,2026-07-16T05:54:16.418654+03:00,507,Kabasakal Medrese Önü,FATİH,41.0062,28.9789,65,1,64,AÇIK OTOPARK,0,0,08:00-18:30
2026-07-16T02:54:16.418654+00:00,2026-07-16T05:54:16.418654+03:00,3306,Kabataş Transfer Merkezi Turizm Otobüs Otoparkı,BEYOĞLU,41.0336,28.9923,160,108,52,KAPALI OTOPARK,1,20,24 Saat
2026-07-16T02:54:16.418654+00:00,2026-07-16T05:54:16.418654+03:00,2918,Kadıköy Hasanpaşa Gazhane Katlı Otoparkı,KADIKÖY,40.9972,29.0428,310,185,125,KAPALI OTOPARK,1,15,24 Saat
2026-07-16T02:54:16.418654+00:00,2026-07-16T05:54:16.418654+03:00,1447,Kadıköy İski Açık Otoparkı,KADIKÖY,40.9874,29.0207,124,116,8,AÇIK OTOPARK,0,15,24 Saat
2026-07-16T02:54:16.418654+00:00,2026-07-16T05:54:16.418654+03:00,1655,Kadıköy Metro Açık Otoparkı,KADIKÖY,40.9899,29.0217,74,65,9,AÇIK OTOPARK,0,15,24 Saat
2026-07-16T02:54:16.418654+00:00,2026-07-16T05:54:16.418654+03:00,3445,Kadıköy Uzunçayır PD Açık Otoparkı,KADIKÖY,40.9982,29.0569,70,51,19,AÇIK OTOPARK,0,15,06:30-16:30
2026-07-16T02:54:16.418654+00:00,2026-07-16T05:54:16.418654+03:00,2808,Kadıköy Yeni Salı Pazarı PD Katlı Otoparkı,KADIKÖY,40.9969,29.0486,1350,364,986,KAPALI OTOPARK,1,15,24 Saat
2026-07-16T02:54:16.418654+00:00,2026-07-16T05:54:16.418654+03:00,2811,Kağıthane Harmantepe Zemin Altı Otoparkı,KAĞITHANE,41.0816,28.9907,200,0,200,KAPALI OTOPARK,1,0,24 Saat
2026-07-16T02:54:16.418654+00:00,2026-07-16T05:54:16.418654+03:00,1452,Kalamış Açık Otoparkı,KADIKÖY,40.9687,29.0363,173,160,13,AÇIK OTOPARK,0,15,24 Saat
2026-07-16T02:54:16.418654+00:00,2026-07-16T05:54:16.418654+03:00,1474,Kartal Hasan Doğan Spor Kompleksi,KARTAL,40.8918,29.1897,773,0,773,KAPALI OTOPARK,0,15,24 Saat
2026-07-16T02:54:16.418654+00:00,2026-07-16T05:54:16.418654+03:00,1105,Kartal İdo Açık Otoparkı,KARTAL,40.8874,29.1881,90,0,90,AÇIK OTOPARK,0,15,24 Saat
2026-07-16T02:54:16.418654+00:00,2026-07-16T05:54:16.418654+03:00,1550,Kartal Sahil Açık Otoparkı,KARTAL,40.8875,29.1901,75,63,12,AÇIK OTOPARK,0,5,24 Saat
2026-07-16T02:54:16.418654+00:00,2026-07-16T05:54:16.418654+03:00,3434,Kasımpaşa Sosyal Tesisler Otoparkı,BEYOĞLU,41.0296,28.9673,60,36,24,AÇIK OTOPARK,0,0,07:30-23:00
2026-07-16T02:54:16.418654+00:00,2026-07-16T05:54:16.418654+03:00,2827,Kayaşehir Meydan Zemin Altı Otoparkı,BAŞAKŞEHİR,41.1196,28.7718,1054,1,1053,KAPALI OTOPARK,0,0,10:00-17:00
2026-07-16T02:54:16.418654+00:00,2026-07-16T05:54:16.418654+03:00,1960,Kazlıçeşme Marmaray Açık Otoparkı,ZEYTİNBURNU,40.9922,28.917,700,662,38,AÇIK OTOPARK,0,15,24 Saat
2026-07-16T02:54:16.418654+00:00,2026-07-16T05:54:16.418654+03:00,2994,Kirazlı Metro Durağı PD Açık Otoparkı,BAĞCILAR,41.033,28.8429,112,0,112,AÇIK OTOPARK,0,5,24 Saat
2026-07-16T02:54:16.418654+00:00,2026-07-16T05:54:16.418654+03:00,1528,Kore Şehitleri Caddesi - Yüzbaşı Kaya Aldağon Sokak 1,ŞİŞLİ,41.0719,29.0139,40,1,39,YOL ÜSTÜ,0,15,07:00-16:00
2026-07-16T02:54:16.418654+00:00,2026-07-16T05:54:16.418654+03:00,2449,Kozyatağı Sebze-Meyve Hali,ATAŞEHİR,40.9787,29.1029,1500,1,1499,AÇIK OTOPARK,1,0,24 Saat
2026-07-16T02:54:16.418654+00:00,2026-07-16T05:54:16.418654+03:00,1206,Kutlugün Sokak 2,FATİH,41.0061,28.9801,200,1,199,YOL ÜSTÜ,0,0,08:00-18:00
2026-07-16T02:54:16.418654+00:00,2026-07-16T05:54:16.418654+03:00,3074,Küçük Çamlıca,ÜSKÜDAR,41.0204,29.0653,129,105,24,AÇIK OTOPARK,0,0,08:00-22:00
2026-07-16T02:54:16.418654+00:00,2026-07-16T05:54:16.418654+03:00,3127,Küçükçekmece Cennet Mahallesi Meydan Zemin Altı Otoparkı,KÜÇÜKÇEKMECE,40.9907,28.783,456,0,456,KAPALI OTOPARK,0,10,24 Saat
2026-07-16T02:54:16.418654+00:00,2026-07-16T05:54:16.418654+03:00,2554,Küçükçekmece Fevzi Çakmak Meydanı Zemin Altı Otoparkı,KÜÇÜKÇEKMECE,41.0076,28.7927,1000,477,523,KAPALI OTOPARK,0,10,24 Saat
2026-07-16T02:54:16.418654+00:00,2026-07-16T05:54:16.418654+03:00,2882,Küçüksu Kasrı Açık Otoparkı,BEYKOZ,41.0789,29.0657,98,92,6,AÇIK OTOPARK,0,0,07:00-23:00
2026-07-16T02:54:16.418654+00:00,2026-07-16T05:54:16.418654+03:00,220,Levent Hamidiye,BEŞİKTAŞ,41.0861,29.0076,100,1,99,AÇIK OTOPARK,0,0,08:00-19:00
2026-07-16T02:54:16.418654+00:00,2026-07-16T05:54:16.418654+03:00,1138,Levent Metro Yer Altı Otoparkı,BEŞİKTAŞ,41.0811,29.0105,100,1,99,AÇIK OTOPARK,0,5,07:30-19:30
2026-07-16T02:54:16.418654+00:00,2026-07-16T05:54:16.418654+03:00,2335,Maçka Açık Otoparkı,ŞİŞLİ,41.046,28.9908,75,74,1,AÇIK OTOPARK,1,0,24 Saat
2026-07-16T02:54:16.418654+00:00,2026-07-16T05:54:16.418654+03:00,1859,Maçka Katlı Otoparkı,ŞİŞLİ,41.0484,28.9903,508,0,508,KAPALI OTOPARK,0,0,24 Saat
2026-07-16T02:54:16.418654+00:00,2026-07-16T05:54:16.418654+03:00,3193,Maltepe Rıhtım Caddesi Açık Otoparkı,MALTEPE,40.9258,29.1241,76,74,2,AÇIK OTOPARK,1,0,24 Saat
2026-07-16T02:54:16.418654+00:00,2026-07-16T05:54:16.418654+03:00,2146,Maltepe Süreyyapaşa Çarşısı Açık Otoparkı,MALTEPE,40.9274,29.1225,156,139,17,AÇIK OTOPARK,1,0,24 Saat
2026-07-16T02:54:16.418654+00:00,2026-07-16T05:54:16.418654+03:00,1599,Maslak Açık Otoparkı,SARIYER,41.1166,29.024,150,137,13,AÇIK OTOPARK,0,10,24 Saat
2026-07-16T02:54:16.418654+00:00,2026-07-16T05:54:16.418654+03:00,2100,Matbaacılar Sitesi Yanı,ZEYTİNBURNU,41.0234,28.9187,250,226,24,AÇIK OTOPARK,1,5,24 Saat
2026-07-16T02:54:16.418654+00:00,2026-07-16T05:54:16.418654+03:00,920,Meclis-i Mebusan Yokuşu 2,BEYOĞLU,41.0326,28.9882,34,1,33,YOL ÜSTÜ,0,15,09:00-17:00
2026-07-16T02:54:16.418654+00:00,2026-07-16T05:54:16.418654+03:00,1546,Menekşe Plajı Açık Otoparkı,BAKIRKÖY,40.9761,28.7766,200,200,0,AÇIK OTOPARK,0,0,24 Saat
2026-07-16T02:54:16.418654+00:00,2026-07-16T05:54:16.418654+03:00,1376,Mercan Açık,FATİH,41.0136,28.9669,130,128,2,AÇIK OTOPARK,0,0,08:00-23:00
2026-07-16T02:54:16.418654+00:00,2026-07-16T05:54:16.418654+03:00,3309,Mercan Ali Paşa Sarayı Zemin Altı Otoparkı,FATİH,41.0136,28.967,196,1,195,KAPALI OTOPARK,0,0,07:00-21:00
2026-07-16T02:54:16.418654+00:00,2026-07-16T05:54:16.418654+03:00,1472,Merter Katlı Otoparkı,GÜNGÖREN,41.0092,28.8874,1000,896,104,KAPALI OTOPARK,0,10,24 Saat
2026-07-16T02:54:16.418654+00:00,2026-07-16T05:54:16.418654+03:00,2375,Merter Metro PD Zeminaltı Otoparkı,GÜNGÖREN,41.0037,28.8897,242,99,143,KAPALI OTOPARK,1,10,24 Saat
2026-07-16T02:54:16.418654+00:00,2026-07-16T05:54:16.418654+03:00,1568,Mete Caddesi 1,BEYOĞLU,41.0382,28.9879,31,1,30,YOL ÜSTÜ,0,15,08:00-23:00
2026-07-16T02:54:16.418654+00:00,2026-07-16T05:54:16.418654+03:00,1471,Mevlana Yeraltı Katlı Otoparkı,ZEYTİNBURNU,41.0072,28.9049,1000,841,159,KAPALI OTOPARK,0,5,24 Saat
2026-07-16T02:54:16.418654+00:00,2026-07-16T05:54:16.418654+03:00,2709,Millet Caddesi Açık Otoparkı,FATİH,41.01,28.9461,60,57,3,AÇIK OTOPARK,0,15,24 Saat
2026-07-16T02:54:16.418654+00:00,2026-07-16T05:54:16.418654+03:00,3152,Mimar Sinan Zemin Altı Otoparkı,ÜSKÜDAR,41.0222,29.0169,956,694,262,KAPALI OTOPARK,0,15,24 Saat
2026-07-16T02:54:16.418654+00:00,2026-07-16T05:54:16.418654+03:00,2870,Miniatürk Çadır Açık Otoparkı,BEYOĞLU,41.0594,28.9501,250,163,87,AÇIK OTOPARK,0,15,07:00-20:00
2026-07-16T02:54:16.418654+00:00,2026-07-16T05:54:16.418654+03:00,2556,Muallim Naci Açık Otoparkı,BEŞİKTAŞ,41.0561,29.0342,35,26,9,AÇIK OTOPARK,1,15,24 Saat
2026-07-16T02:54:16.418654+00:00,2026-07-16T05:54:16.418654+03:00,569,Oda Kule Önü 1,BEYOĞLU,41.0322,28.9751,24,1,23,YOL ÜSTÜ,0,0,07:00-01:00
2026-07-16T02:54:16.418654+00:00,2026-07-16T05:54:16.418654+03:00,1988,Orhangazi Şehir Parkı PD Açık Otoparkı,MALTEPE,40.9313,29.1161,5022,4792,230,AÇIK OTOPARK,1,15,24 Saat
2026-07-16T02:54:16.418654+00:00,2026-07-16T05:54:16.418654+03:00,152,Ortabahçe Caddesi 2,BEŞİKTAŞ,41.0428,29.0043,35,1,34,YOL ÜSTÜ,0,15,08:00-23:00
2026-07-16T02:54:16.418654+00:00,2026-07-16T05:54:16.418654+03:00,153,Ortabahçe Caddesi 3,BEŞİKTAŞ,41.043,29.0042,26,1,25,YOL ÜSTÜ,0,15,08:00-23:00
2026-07-16T02:54:16.418654+00:00,2026-07-16T05:54:16.418654+03:00,119,Ortaklar Caddesi 1,ŞİŞLİ,41.0638,28.9971,25,1,24,YOL ÜSTÜ,0,15,08:30-17:00
2026-07-16T02:54:16.418654+00:00,2026-07-16T05:54:16.418654+03:00,1343,Ortaköy Açık Otoparkı,BEŞİKTAŞ,41.0504,29.0326,170,160,10,AÇIK OTOPARK,1,0,24 Saat
2026-07-16T02:54:16.418654+00:00,2026-07-16T05:54:16.418654+03:00,572,Ortaköy Portakal Yokuşu 1,BEŞİKTAŞ,41.0503,29.0261,15,1,14,YOL ÜSTÜ,0,15,09:00-19:00
2026-07-16T02:54:16.418654+00:00,2026-07-16T05:54:16.418654+03:00,1039,Öğretmen Evi,AVCILAR,40.9723,28.714,80,42,38,AÇIK OTOPARK,0,0,11:00-23:00
2026-07-16T02:54:16.418654+00:00,2026-07-16T05:54:16.418654+03:00,1466,Pendik Katlı Otoparkı,PENDİK,40.8789,29.2342,120,0,120,KAPALI OTOPARK,0,15,24 Saat
2026-07-16T02:54:16.418654+00:00,2026-07-16T05:54:16.418654+03:00,3073,Pendik Kemal Kalkuz Parkı Zemin Altı Otoparkı,PENDİK,40.8885,29.2427,224,1,223,KAPALI OTOPARK,0,0,09:00-18:00
2026-07-16T02:54:16.418654+00:00,2026-07-16T05:54:16.418654+03:00,3019,Pendik Meydan Zemin Altı Otoparkı,PENDİK,40.8752,29.2324,937,0,937,KAPALI OTOPARK,1,0,24 Saat
2026-07-16T02:54:16.418654+00:00,2026-07-16T05:54:16.418654+03:00,2865,Pendik Sahil Engelliler Merkez Önü,PENDİK,40.8735,29.233,100,66,34,AÇIK OTOPARK,0,0,11:00-20:00
2026-07-16T02:54:16.418654+00:00,2026-07-16T05:54:16.418654+03:00,2434,Pendik Sahil İdo,PENDİK,40.8755,29.2369,100,0,100,AÇIK OTOPARK,0,0,07:00-23:00
2026-07-16T02:54:16.418654+00:00,2026-07-16T05:54:16.418654+03:00,248,Pendik Yenimahalle Açık 2 Otoparkı,PENDİK,40.864,29.2723,124,111,13,AÇIK OTOPARK,0,15,10:00-22:00
2026-07-16T02:54:16.418654+00:00,2026-07-16T05:54:16.418654+03:00,297,Perşembe Pazarı 1,BEYOĞLU,41.0252,28.9693,32,1,31,YOL ÜSTÜ,0,15,08:00-17:00
2026-07-16T02:54:16.418654+00:00,2026-07-16T05:54:16.418654+03:00,597,Pierre Loti Caddesi 3,FATİH,41.0069,28.9711,36,1,35,YOL ÜSTÜ,0,0,07:00-17:00
2026-07-16T02:54:16.418654+00:00,2026-07-16T05:54:16.418654+03:00,3263,Piyalepaşa Meydanı Zemin Altı Otoparkı,BEYOĞLU,41.0445,28.9674,560,223,337,KAPALI OTOPARK,0,0,24 Saat
2026-07-16T02:54:16.418654+00:00,2026-07-16T05:54:16.418654+03:00,423,Prof.Cemil Birsel Yokuşu 3,FATİH,41.0178,28.967,40,1,39,YOL ÜSTÜ,0,0,07:00-18:00
2026-07-16T02:54:16.418654+00:00,2026-07-16T05:54:16.418654+03:00,1900,Ragıp Gümüşpala Cad.(Sobacılar Önü),FATİH,41.0181,28.969,40,1,39,YOL ÜSTÜ,0,15,07:00-18:00
2026-07-16T02:54:16.418654+00:00,2026-07-16T05:54:16.418654+03:00,415,Ragıp Gümüşpala Camii Önü 1,FATİH,41.0211,28.9627,35,1,34,YOL ÜSTÜ,0,0,07:00-17:30
2026-07-16T02:54:16.418654+00:00,2026-07-16T05:54:16.418654+03:00,3268,Refik Saydam Caddesi 3,BEYOĞLU,41.032,28.9736,55,1,54,YOL ÜSTÜ,0,0,06:00-23:00
2026-07-16T02:54:16.418654+00:00,2026-07-16T05:54:16.418654+03:00,2307,Ressam Halim Sokak PD Açık Otoparkı,BAHÇELİEVLER,40.9967,28.8641,120,107,13,AÇIK OTOPARK,0,15,08:00-00:00
2026-07-16T02:54:16.418654+00:00,2026-07-16T05:54:16.418654+03:00,3082,Rumeli Hisarı Sahil Yolu Otoparkı,SARIYER,41.0854,29.0568,20,19,1,AÇIK OTOPARK,1,0,24 Saat
2026-07-16T02:54:16.418654+00:00,2026-07-16T05:54:16.418654+03:00,1595,Sabiha Gökçen Açık Otoparkı,PENDİK,40.925,29.308,1056,39,1017,AÇIK OTOPARK,0,15,24 Saat
2026-07-16T02:54:16.418654+00:00,2026-07-16T05:54:16.418654+03:00,3239,Samatya Sahil Cep Otoparkı,FATİH,40.9954,28.932,113,98,15,AÇIK OTOPARK,1,15,24 Saat
2026-07-16T02:54:16.418654+00:00,2026-07-16T05:54:16.418654+03:00,3273,Sarıyer Büyükdere Fidanlığı,SARIYER,41.1548,29.0268,160,156,4,AÇIK OTOPARK,0,0,08:00-18:00
2026-07-16T02:54:16.418654+00:00,2026-07-16T05:54:16.418654+03:00,3299,Sariyer Ayazağa Mah Vadi İstanbul Önü Açık Otoparkı,SARIYER,41.1106,28.9881,100,97,3,AÇIK OTOPARK,0,0,08:00-20:00
2026-07-16T02:54:16.418654+00:00,2026-07-16T05:54:16.418654+03:00,1303,Seyrantepe Katlı (Arena Karşısı) 1,KAĞITHANE,41.101,28.9961,1897,1,1896,KAPALI OTOPARK,1,0,24 Saat
2026-07-16T02:54:16.418654+00:00,2026-07-16T05:54:16.418654+03:00,1628,Sıracevizler Caddesi Yol Üstü 5,ŞİŞLİ,41.0607,28.9841,45,1,44,YOL ÜSTÜ,0,15,09:00-17:00
2026-07-16T02:54:16.418654+00:00,2026-07-16T05:54:16.418654+03:00,464,Sirkeci Gar Önü,FATİH,41.015,28.9761,60,1,59,AÇIK OTOPARK,0,5,07:00-20:00
2026-07-16T02:54:16.418654+00:00,2026-07-16T05:54:16.418654+03:00,1486,Siyavuşpaşa Yer Altı Otoparkı,BAHÇELİEVLER,40.9965,28.8532,155,0,155,KAPALI OTOPARK,1,0,24 Saat
2026-07-16T02:54:16.418654+00:00,2026-07-16T05:54:16.418654+03:00,1958,Soğanlık Metro PD Açık Otoparkı,KARTAL,40.9131,29.1925,898,862,36,AÇIK OTOPARK,0,15,24 Saat
2026-07-16T02:54:16.418654+00:00,2026-07-16T05:54:16.418654+03:00,589,Su Terazisi Sokak,FATİH,41.0046,28.9727,22,1,21,YOL ÜSTÜ,0,0,07:30-17:00
2026-07-16T02:54:16.418654+00:00,2026-07-16T05:54:16.418654+03:00,1478,Suadiye Cep Açık Otoparkı,KADIKÖY,40.9586,29.0732,130,125,5,AÇIK OTOPARK,0,15,24 Saat
2026-07-16T02:54:16.418654+00:00,2026-07-16T05:54:16.418654+03:00,2948,Suadiye Sahil Açık Otoparkı,KADIKÖY,40.9562,29.0797,70,64,6,AÇIK OTOPARK,1,5,24 Saat
2026-07-16T02:54:16.418654+00:00,2026-07-16T05:54:16.418654+03:00,2799,Sultanbeyli Emir Caddesi Zemin Altı Otoparkı,SULTANBEYLİ,40.9707,29.2606,130,116,14,KAPALI OTOPARK,0,15,08:00-22:00
2026-07-16T02:54:16.418654+00:00,2026-07-16T05:54:16.418654+03:00,2372,Sultanbeyli Kent Meydanı Zemin Altı Otoparkı,SULTANBEYLİ,40.9667,29.2667,300,213,87,KAPALI OTOPARK,1,15,24 Saat
2026-07-16T02:54:16.418654+00:00,2026-07-16T05:54:16.418654+03:00,2410,Sultangazi Zemin Altı Otoparkı,SULTANGAZİ,41.0944,28.8649,104,0,104,KAPALI OTOPARK,1,10,24 Saat
2026-07-16T02:54:16.418654+00:00,2026-07-16T05:54:16.418654+03:00,2085,Süleyman Seba Caddesi 2,BEŞİKTAŞ,41.0426,28.9998,40,1,39,YOL ÜSTÜ,0,15,08:00-18:00
2026-07-16T02:54:16.418654+00:00,2026-07-16T05:54:16.418654+03:00,2088,Süleyman Seba Caddesi 5,BEŞİKTAŞ,41.0432,28.9978,40,1,39,YOL ÜSTÜ,0,15,08:00-18:00
2026-07-16T02:54:16.418654+00:00,2026-07-16T05:54:16.418654+03:00,2089,Süleyman Seba Caddesi 6,BEŞİKTAŞ,41.0435,28.9967,11,1,10,YOL ÜSTÜ,0,15,08:00-18:00
2026-07-16T02:54:16.418654+00:00,2026-07-16T05:54:16.418654+03:00,2391,Süleymaniye Cami Altı Açık Otoparkı,FATİH,41.0158,28.961,250,234,16,AÇIK OTOPARK,0,0,06:30-18:30
2026-07-16T02:54:16.418654+00:00,2026-07-16T05:54:16.418654+03:00,1730,Sütlüce Miniatürk Yanı,BEYOĞLU,41.057,28.95,320,249,71,AÇIK OTOPARK,1,15,24 Saat
2026-07-16T02:54:16.418654+00:00,2026-07-16T05:54:16.418654+03:00,36,Şakayık Sokak 4,ŞİŞLİ,41.0518,28.9936,50,1,49,YOL ÜSTÜ,0,15,08:00-16:00
2026-07-16T02:54:16.418654+00:00,2026-07-16T05:54:16.418654+03:00,1469,Şehit Volkan Duysak Katlı Otoparkı,ZEYTİNBURNU,40.9968,28.9039,1000,648,352,KAPALI OTOPARK,0,5,24 Saat
2026-07-16T02:54:16.418654+00:00,2026-07-16T05:54:16.418654+03:00,2907,Şehremini Açık Otoparkı 2,FATİH,41.0135,28.9333,60,60,0,AÇIK OTOPARK,0,0,08:30-20:30
2026-07-16T02:54:16.418654+00:00,2026-07-16T05:54:16.418654+03:00,2855,Şemsipaşa Açık Otoparkı,ÜSKÜDAR,41.0255,29.0097,80,79,1,AÇIK OTOPARK,1,0,24 Saat
2026-07-16T02:54:16.418654+00:00,2026-07-16T05:54:16.418654+03:00,2439,Şirinevler Meydan Zeminaltı Otoparkı,BAHÇELİEVLER,40.9925,28.8496,367,106,261,KAPALI OTOPARK,1,0,24 Saat
2026-07-16T02:54:16.418654+00:00,2026-07-16T05:54:16.418654+03:00,3400,Şişhane Refik Saydam Caddesi 2 Yol Üstü Otoparkı 1,BEYOĞLU,41.0326,28.9743,70,1,69,YOL ÜSTÜ,0,15,06:00-23:00
2026-07-16T02:54:16.418654+00:00,2026-07-16T05:54:16.418654+03:00,1017,Şişli Kadırgalar Caddesi 1,ŞİŞLİ,41.0429,28.9927,100,1,99,AÇIK OTOPARK,0,0,07:00-23:00
2026-07-16T02:54:16.418654+00:00,2026-07-16T05:54:16.418654+03:00,3441,Şişli Kuştepe Zemin Altı Otoparkı,ŞİŞLİ,41.072,28.9919,430,336,94,KAPALI OTOPARK,0,15,24 Saat
2026-07-16T02:54:16.418654+00:00,2026-07-16T05:54:16.418654+03:00,2816,Şişli Rumeli Caddesi Metro Yanı 1,ŞİŞLİ,41.0538,28.9868,45,1,44,YOL ÜSTÜ,0,15,08:00-20:00
2026-07-16T02:54:16.418654+00:00,2026-07-16T05:54:16.418654+03:00,2406,Şişli Zemin Altı Otoparkı,ŞİŞLİ,41.0641,28.9992,581,421,160,KAPALI OTOPARK,1,15,24 Saat
2026-07-16T02:54:16.418654+00:00,2026-07-16T05:54:16.418654+03:00,1993,Tuzla İdo,TUZLA,40.8149,29.3039,300,284,16,AÇIK OTOPARK,0,15,24 Saat
2026-07-16T02:54:16.418654+00:00,2026-07-16T05:54:16.418654+03:00,3332,Tuzla Sahil Cep,TUZLA,40.8168,29.2992,50,42,8,AÇIK OTOPARK,0,0,08:00-00:00
2026-07-16T02:54:16.418654+00:00,2026-07-16T05:54:16.418654+03:00,3057,Tuzla Sahil Zemin Altı Otoparkı,TUZLA,40.8181,29.3004,779,539,240,KAPALI OTOPARK,1,15,24 Saat
2026-07-16T02:54:16.418654+00:00,2026-07-16T05:54:16.418654+03:00,1811,Ulu Camii Açık Otoparkı,BAHÇELİEVLER,40.9982,28.8499,150,97,53,AÇIK OTOPARK,1,10,24 Saat
2026-07-16T02:54:16.418654+00:00,2026-07-16T05:54:16.418654+03:00,2424,Uzunçayır Açık Otoparkı,KADIKÖY,40.9988,29.0556,58,52,6,AÇIK OTOPARK,0,0,06:00-16:00
2026-07-16T02:54:16.418654+00:00,2026-07-16T05:54:16.418654+03:00,1468,Ümraniye Katlı Otoparkı,ÜMRANİYE,41.0261,29.0953,665,527,138,KAPALI OTOPARK,0,15,24 Saat
2026-07-16T02:54:16.418654+00:00,2026-07-16T05:54:16.418654+03:00,2898,Ümraniye Okan Sokak Zeminaltı Otoparkı,ÜMRANİYE,41.0284,29.0907,125,20,105,KAPALI OTOPARK,1,15,24 Saat
2026-07-16T02:54:16.418654+00:00,2026-07-16T05:54:16.418654+03:00,2345,Üsküdar Uzunçayır PD Açık Otoparkı,ÜSKÜDAR,40.9988,29.0577,90,81,9,AÇIK OTOPARK,0,15,06:00-22:00
2026-07-16T02:54:16.418654+00:00,2026-07-16T05:54:16.418654+03:00,1929,Üsküdar Ünalan Açık Otoparkı,ÜSKÜDAR,40.9979,29.0604,180,175,5,AÇIK OTOPARK,0,0,07:00-17:00
2026-07-16T02:54:16.418654+00:00,2026-07-16T05:54:16.418654+03:00,1487,Vatan Caddesi PD Açık Otoparkı,FATİH,41.0157,28.9405,397,366,31,AÇIK OTOPARK,0,5,24 Saat
2026-07-16T02:54:16.418654+00:00,2026-07-16T05:54:16.418654+03:00,1621,Veteriner Hilmi Sokak Yol Üstü 1,ŞİŞLİ,41.0603,28.9892,20,1,19,YOL ÜSTÜ,0,15,08:00-17:00
2026-07-16T02:54:16.418654+00:00,2026-07-16T05:54:16.418654+03:00,2441,Yalı Açık Otoparkı,MALTEPE,40.9095,29.137,85,82,3,AÇIK OTOPARK,0,0,07:30-22:00
2026-07-16T02:54:16.418654+00:00,2026-07-16T05:54:16.418654+03:00,459,Yalı Köşkü Caddesi 1,FATİH,41.0163,28.9759,61,1,60,YOL ÜSTÜ,0,5,07:00-21:00
2026-07-16T02:54:16.418654+00:00,2026-07-16T05:54:16.418654+03:00,2037,Yenikapı Marmaray Büyük Otoparkı,FATİH,41.0057,28.9505,324,270,54,AÇIK OTOPARK,1,15,24 Saat
2026-07-16T02:54:16.418654+00:00,2026-07-16T05:54:16.418654+03:00,2036,Yenikapı Marmaray Küçük Otoparkı,FATİH,41.0064,28.9504,200,200,0,AÇIK OTOPARK,0,15,07:00-22:00
2026-07-16T02:54:16.418654+00:00,2026-07-16T05:54:16.418654+03:00,2175,Yenikapı Spor ve Kültür Merkezi PD Açık Otoparkı,FATİH,41.0006,28.9519,4023,3811,212,AÇIK OTOPARK,0,15,24 Saat
2026-07-16T02:54:16.418654+00:00,2026-07-16T05:54:16.418654+03:00,2805,Yenikapı Tünel Üstü Açık Otoparkı,FATİH,41.0029,28.9534,700,584,116,AÇIK OTOPARK,1,10,24 Saat
2026-07-16T02:54:16.418654+00:00,2026-07-16T05:54:16.418654+03:00,3404,Yenimahalle Metro Zemin Altı PD Otoparkı,GAZİOSMANPAŞA,41.0839,28.8926,114,93,21,KAPALI OTOPARK,1,15,24 Saat
2026-07-16T02:54:16.418654+00:00,2026-07-16T05:54:16.418654+03:00,2920,Yeşilce Zemin Altı Katlı Otoparkı,KAĞITHANE,41.0938,29.0017,676,286,390,KAPALI OTOPARK,1,0,24 Saat
2026-07-16T02:54:16.418654+00:00,2026-07-16T05:54:16.418654+03:00,987,Yeşilköy İstasyon Caddesi 1,BAKIRKÖY,40.962,28.825,40,1,39,YOL ÜSTÜ,0,15,09:00-17:30
2026-07-16T02:54:16.418654+00:00,2026-07-16T05:54:16.418654+03:00,974,Yeşilköy Marina 1,BAKIRKÖY,40.9576,28.8233,145,1,144,YOL ÜSTÜ,0,0,12:00-23:00
2026-07-16T02:54:16.418654+00:00,2026-07-16T05:54:16.418654+03:00,3406,Yeşilpınar Metro Zemin Altı PD Otoparkı,EYÜP,41.081,28.9204,269,181,88,KAPALI OTOPARK,1,15,24 Saat
2026-07-16T02:54:16.418654+00:00,2026-07-16T05:54:16.418654+03:00,315,Yeşilyurt Çarşı 1,BAKIRKÖY,40.9643,28.8379,50,1,49,YOL ÜSTÜ,0,15,09:00-17:30
2026-07-16T02:54:16.418654+00:00,2026-07-16T05:54:16.418654+03:00,1133,Yıldız Korusu,BEŞİKTAŞ,41.0514,29.0165,500,1,499,AÇIK OTOPARK,0,0,08:00-22:00
2026-07-16T02:54:16.418654+00:00,2026-07-16T05:54:16.418654+03:00,882,Zeytinburnu 58. Bulvar 2,ZEYTİNBURNU,40.9932,28.9039,48,1,47,YOL ÜSTÜ,0,15,09:00-18:00
2026-07-16T02:54:16.418654+00:00,2026-07-16T05:54:16.418654+03:00,3185,Zeytinburnu Sahil Cep Otoparkı,ZEYTİNBURNU,40.9798,28.8985,160,1,159,AÇIK OTOPARK,0,0,12:00-22:00
2026-07-16T05:40:13.252486+00:00,2026-07-16T08:40:13.252486+03:00,3068,15 Temmuz Şehitler Meydanı Zeminaltı Otoparkı,ÜMRANİYE,41.0246,29.0915,1029,690,339,KAPALI OTOPARK,1,15,24 Saat
2026-07-16T05:40:13.252486+00:00,2026-07-16T08:40:13.252486+03:00,2338,19 Mayıs Açık,ŞİŞLİ,41.0563,28.9941,65,0,65,AÇIK OTOPARK,1,0,24 Saat
2026-07-16T05:40:13.252486+00:00,2026-07-16T08:40:13.252486+03:00,1751,4.Levent PD Açık Otoparkı,KAĞITHANE,41.0836,29.0081,236,122,114,AÇIK OTOPARK,1,5,24 Saat
2026-07-16T05:40:13.252486+00:00,2026-07-16T08:40:13.252486+03:00,3328,4.Levent Servis ve Turizm Araçları Açık Otoparkı,ŞİŞLİ,41.0841,29.0054,300,165,135,AÇIK OTOPARK,1,15,24 Saat
2026-07-16T05:40:13.252486+00:00,2026-07-16T08:40:13.252486+03:00,3412,5. Levent Gaziosmanpaşa Adliyesi Yanı Açık Otoparkı,EYÜP,41.0927,28.9494,250,213,37,AÇIK OTOPARK,1,15,07:00-23:00
2026-07-16T05:40:13.252486+00:00,2026-07-16T08:40:13.252486+03:00,104,Abide-i Hürriyet Caddesi 5,ŞİŞLİ,41.0619,28.9876,40,1,39,YOL ÜSTÜ,1,15,08:00-17:00
2026-07-16T05:40:13.252486+00:00,2026-07-16T08:40:13.252486+03:00,2452,Acıbadem Açık Otoparkı,ÜSKÜDAR,41.0157,29.0574,100,86,14,AÇIK OTOPARK,1,0,06:30-16:00
2026-07-16T05:40:13.252486+00:00,2026-07-16T08:40:13.252486+03:00,346,Ada Karşısı Cep 2,BEŞİKTAŞ,41.072,29.045,30,1,29,YOL ÜSTÜ,1,15,08:00-23:00
2026-07-16T05:40:13.252486+00:00,2026-07-16T08:40:13.252486+03:00,1663,Akasyalı Sokak Tenis Kulubü Önü 2,BEŞİKTAŞ,41.0867,29.0109,45,1,44,YOL ÜSTÜ,1,15,08:30-17:30
2026-07-16T05:40:13.252486+00:00,2026-07-16T08:40:13.252486+03:00,828,Akdeniz Caddesi 4,FATİH,41.0175,28.9435,27,1,26,YOL ÜSTÜ,0,15,09:00-18:00
2026-07-16T05:40:13.252486+00:00,2026-07-16T08:40:13.252486+03:00,1913,Alibeyköy Cep Otogarı Açık Otoparkı,EYÜP,41.0879,28.9446,116,47,69,AÇIK OTOPARK,1,25,24 Saat
2026-07-16T05:40:13.252486+00:00,2026-07-16T08:40:13.252486+03:00,1912,Alibeyköy Cep Otogarı Otobüs Otoparkı,EYÜP,41.0875,28.9449,5000,4980,20,AÇIK OTOPARK,1,60,24 Saat
2026-07-16T05:40:13.252486+00:00,2026-07-16T08:40:13.252486+03:00,2562,Alibeyköy Yeşiltepe Zemin Altı Otoparkı,EYÜP,41.0797,28.938,159,50,109,KAPALI OTOPARK,1,15,24 Saat
2026-07-16T05:40:13.252486+00:00,2026-07-16T08:40:13.252486+03:00,3201,Altınboynuz Sosyal Tesisleri,EYÜP,41.058,28.9447,70,1,69,AÇIK OTOPARK,1,15,08:00-23:00
2026-07-16T05:40:13.252486+00:00,2026-07-16T08:40:13.252486+03:00,758,Arap Camii Açık Otoparkı,BEYOĞLU,41.0227,28.9723,30,1,29,AÇIK OTOPARK,0,0,09:00-17:00
2026-07-16T05:40:13.252486+00:00,2026-07-16T08:40:13.252486+03:00,2685,Aras Sokak 2,BÜYÜKÇEKMECE,41.023,28.6209,60,1,59,YOL ÜSTÜ,1,0,06:00-14:30
2026-07-16T05:40:13.252486+00:00,2026-07-16T08:40:13.252486+03:00,2802,Arnavutköy Zemin Altı Otoparkı,ARNAVUTKÖY,41.1838,28.7396,700,22,678,KAPALI OTOPARK,1,15,24 Saat
2026-07-16T05:40:13.252486+00:00,2026-07-16T08:40:13.252486+03:00,1797,Ataköy Atrium AVM,BAKIRKÖY,40.9881,28.8459,250,197,53,AÇIK OTOPARK,1,15,08:00-23:00
2026-07-16T05:40:13.252486+00:00,2026-07-16T08:40:13.252486+03:00,2824,Ataköy Metro Durağı Yanı PD Zemin Altı Otoparkı,BAKIRKÖY,40.9904,28.8456,150,92,58,KAPALI OTOPARK,1,0,24 Saat
2026-07-16T05:40:13.252486+00:00,2026-07-16T08:40:13.252486+03:00,3161,Ataşehir Topçu İbrahim Sokak,ATAŞEHİR,40.9736,29.101,42,1,41,YOL ÜSTÜ,1,15,07:00-16:00
2026-07-16T05:40:13.252486+00:00,2026-07-16T08:40:13.252486+03:00,359,Atatürk Bulvarı 1,FATİH,41.0112,28.9534,20,1,19,YOL ÜSTÜ,1,0,07:30-18:00
2026-07-16T05:40:13.252486+00:00,2026-07-16T08:40:13.252486+03:00,3087,Atatürk Kent Ormanı Otoparkı,SARIYER,41.136,29.0262,200,197,3,AÇIK OTOPARK,1,0,08:00-17:00
2026-07-16T05:40:13.252486+00:00,2026-07-16T08:40:13.252486+03:00,1088,Avcılar İdo,AVCILAR,40.9712,28.7185,270,262,8,AÇIK OTOPARK,0,0,13:00-07:00
2026-07-16T05:40:13.252486+00:00,2026-07-16T08:40:13.252486+03:00,2885,Azapkapı Haliç Metro Otoparkı,ŞİŞLİ,41.0245,28.9691,80,16,64,AÇIK OTOPARK,1,5,24 Saat
2026-07-16T05:40:13.252486+00:00,2026-07-16T08:40:13.252486+03:00,2455,Azerbaycan Dostluk Parkı Zemin Altı Otoparkı,BAĞCILAR,41.0444,28.854,400,193,207,KAPALI OTOPARK,1,10,24 Saat
2026-07-16T05:40:13.252486+00:00,2026-07-16T08:40:13.252486+03:00,2965,Bağcılar Çolakoğlu Zemin Altı Otoparkı,BAĞCILAR,41.0324,28.8345,106,0,106,KAPALI OTOPARK,1,5,24 Saat
2026-07-16T05:40:13.252486+00:00,2026-07-16T08:40:13.252486+03:00,2576,Bağcılar Demirkapı Zemin Altı Otoparkı,BAĞCILAR,41.0499,28.8327,343,155,188,KAPALI OTOPARK,1,5,24 Saat
2026-07-16T05:40:13.252486+00:00,2026-07-16T08:40:13.252486+03:00,3036,Bağcılar Devlet Hastanesi Yanı Zeminaltı Otoparkı,BAĞCILAR,41.0312,28.8696,1133,92,1041,KAPALI OTOPARK,1,15,24 Saat
2026-07-16T05:40:13.252486+00:00,2026-07-16T08:40:13.252486+03:00,3071,Bağcılar Emniyet Müdürlüğü Yanı Açık Otoparkı,BAĞCILAR,41.0353,28.8598,100,57,43,AÇIK OTOPARK,1,0,24 Saat
2026-07-16T05:40:13.252486+00:00,2026-07-16T08:40:13.252486+03:00,2873,Bağcılar Göztepe Zemin Altı,BAĞCILAR,41.0567,28.8355,120,0,120,KAPALI OTOPARK,1,5,24 Saat
2026-07-16T05:40:13.252486+00:00,2026-07-16T08:40:13.252486+03:00,3187,Bağcılar Hürriyet Mahallesi Zemin Altı Otoparkı,BAĞCILAR,41.0291,28.8333,355,0,355,KAPALI OTOPARK,1,10,24 Saat
2026-07-16T05:40:13.252486+00:00,2026-07-16T08:40:13.252486+03:00,2916,Bağcılar Kent Meydanı PD Zemin Altı Otoparkı,BAĞCILAR,41.0339,28.8556,1162,0,1162,KAPALI OTOPARK,1,0,24 Saat
2026-07-16T05:40:13.252486+00:00,2026-07-16T08:40:13.252486+03:00,3261,Bağcılar Yenimahalle Zemin Altı Otoparkı,BAĞCILAR,41.0425,28.8395,525,278,247,KAPALI OTOPARK,1,15,24 Saat
2026-07-16T05:40:13.252486+00:00,2026-07-16T08:40:13.252486+03:00,2820,Bağcılar Yıldıztepe Katlı Otoparkı,BAĞCILAR,41.0294,28.8556,350,0,350,KAPALI OTOPARK,1,10,24 Saat
2026-07-16T05:40:13.252486+00:00,2026-07-16T08:40:13.252486+03:00,3447,Bahçelievler 23 Nisan Milli Egemenlik Zeminaltı Otoparkı,BAHÇELİEVLER,40.9988,28.8472,732,386,346,KAPALI OTOPARK,1,10,24 Saat
2026-07-16T05:40:13.252486+00:00,2026-07-16T08:40:13.252486+03:00,2993,Bahçelievler Cumhuriyet Zeminaltı Otoparkı,BAHÇELİEVLER,41.0149,28.859,663,0,663,KAPALI OTOPARK,1,10,24 Saat
2026-07-16T05:40:13.252486+00:00,2026-07-16T08:40:13.252486+03:00,2969,Bahçelievler Devlet Hastanesi Yanı Katlı Otoparkı,BAHÇELİEVLER,41.0072,28.8442,740,0,740,KAPALI OTOPARK,1,0,24 Saat
2026-07-16T05:40:13.252486+00:00,2026-07-16T08:40:13.252486+03:00,3051,Bahçelievler Zafer Mh. Zeminaltı Otoparkı,BAHÇELİEVLER,41.0036,28.8351,200,72,128,KAPALI OTOPARK,1,0,24 Saat
2026-07-16T05:40:13.252486+00:00,2026-07-16T08:40:13.252486+03:00,3118,Bahçeşehir Doğa Parkı Caddesi 3,BAŞAKŞEHİR,41.0683,28.6894,22,1,21,YOL ÜSTÜ,0,15,10:00-20:00
2026-07-16T05:40:13.252486+00:00,2026-07-16T08:40:13.252486+03:00,3236,Bahçeşehir Gölet Açık Otoparkı,BAŞAKŞEHİR,41.0719,28.6901,200,1,199,AÇIK OTOPARK,0,0,12:00-22:00
2026-07-16T05:40:13.252486+00:00,2026-07-16T08:40:13.252486+03:00,1465,Bakırköy İdo Açık Otoparkı,BAKIRKÖY,40.9739,28.8761,160,125,35,AÇIK OTOPARK,1,10,24 Saat
2026-07-16T05:40:13.252486+00:00,2026-07-16T08:40:13.252486+03:00,1104,Balmumcu Katlı Otoparkı,BEŞİKTAŞ,41.0636,29.0109,400,285,115,KAPALI OTOPARK,1,5,24 Saat
2026-07-16T05:40:13.252486+00:00,2026-07-16T08:40:13.252486+03:00,2796,Başakşehir Metro Açık Otoparkı,BAŞAKŞEHİR,41.107,28.801,125,1,124,AÇIK OTOPARK,1,0,07:00-16:00
2026-07-16T05:40:13.252486+00:00,2026-07-16T08:40:13.252486+03:00,2350,Bayrampaşa Adapark Katlı Otoparkı,BAYRAMPAŞA,41.0647,28.8875,650,0,650,KAPALI OTOPARK,1,15,24 Saat
2026-07-16T05:40:13.252486+00:00,2026-07-16T08:40:13.252486+03:00,2892,Bayrampaşa Altıntepsi Zemin  Altı Otoparkı,BAYRAMPAŞA,41.0393,28.9029,110,0,110,KAPALI OTOPARK,1,10,24 Saat
2026-07-16T05:40:13.252486+00:00,2026-07-16T08:40:13.252486+03:00,2909,Bayrampaşa Atatürk Parkı  Zemin Altı Otoparkı,BAYRAMPAŞA,41.0342,28.9123,442,0,442,KAPALI OTOPARK,1,10,24 Saat
2026-07-16T05:40:13.252486+00:00,2026-07-16T08:40:13.252486+03:00,2683,Bayrampaşa Devlet Hastanesi Cep Otoparkı,BAYRAMPAŞA,41.0414,28.9031,55,20,35,AÇIK OTOPARK,1,0,08:00-19:00
2026-07-16T05:40:13.252486+00:00,2026-07-16T08:40:13.252486+03:00,3301,Bayrampaşa Kocatepe Mahallesi Zemin Altı Otoparkı,BAYRAMPAŞA,41.0545,28.8964,241,0,241,KAPALI OTOPARK,1,10,24 Saat
2026-07-16T05:40:13.252486+00:00,2026-07-16T08:40:13.252486+03:00,2053,Bayrampaşa Muratpaşa Yer Altı Otoparkı,BAYRAMPAŞA,41.047,28.9082,300,0,300,KAPALI OTOPARK,1,15,24 Saat
2026-07-16T05:40:13.252486+00:00,2026-07-16T08:40:13.252486+03:00,3175,Bayrampaşa Spor Kompleksi Zemin Altı Otoparkı,BAYRAMPAŞA,41.0446,28.9106,205,0,205,KAPALI OTOPARK,1,15,24 Saat
2026-07-16T05:40:13.252486+00:00,2026-07-16T08:40:13.252486+03:00,3382,Bayrampaşa Şehit Kamil Balkan Zemin Altı Otoparkı,BAYRAMPAŞA,41.0604,28.9008,235,0,235,KAPALI OTOPARK,1,10,24 Saat
2026-07-16T05:40:13.252486+00:00,2026-07-16T08:40:13.252486+03:00,2428,Bayrampaşa Yenidoğan Mahallesi Zemin Altı Otoparkı,BAYRAMPAŞA,41.0395,28.9088,120,0,120,KAPALI OTOPARK,1,10,24 Saat
2026-07-16T05:40:13.252486+00:00,2026-07-16T08:40:13.252486+03:00,2468,Bebek Açık,BEŞİKTAŞ,41.077,29.0434,30,0,30,AÇIK OTOPARK,1,0,24 Saat
2026-07-16T05:40:13.252486+00:00,2026-07-16T08:40:13.252486+03:00,3479,Beşiktaş Halk Pazarı Açık Otoparkı,BEŞİKTAŞ,41.0496,29.0004,170,122,48,AÇIK OTOPARK,1,5,24 Saat
2026-07-16T05:40:13.252486+00:00,2026-07-16T08:40:13.252486+03:00,573,Beşiktaş Kadastro Önü 1,BEŞİKTAŞ,41.0503,29.0076,39,1,38,YOL ÜSTÜ,1,15,08:00-17:00
2026-07-16T05:40:13.252486+00:00,2026-07-16T08:40:13.252486+03:00,3257,Beykoz Sahil Cep Otoparkı,BEYKOZ,41.1286,29.0953,100,75,25,AÇIK OTOPARK,1,0,08:00-00:00
2026-07-16T05:40:13.252486+00:00,2026-07-16T08:40:13.252486+03:00,2273,Beykoz Sosyal Tesisleri,BEYKOZ,41.1143,29.0888,130,122,8,AÇIK OTOPARK,1,15,08:00-00:00
2026-07-16T05:40:13.252486+00:00,2026-07-16T08:40:13.252486+03:00,2999,Beyoğlu Gazhane Bostan Sokak 2,BEYOĞLU,41.0389,28.9903,35,1,34,YOL ÜSTÜ,1,0,07:30-16:30
2026-07-16T05:40:13.252486+00:00,2026-07-16T08:40:13.252486+03:00,3072,Beyoğlu Örnektepe Zemin Altı Otoparkı,BEYOĞLU,41.0543,28.9548,143,0,143,KAPALI OTOPARK,1,0,24 Saat
2026-07-16T05:40:13.252486+00:00,2026-07-16T08:40:13.252486+03:00,1455,Bostancı Açık,KADIKÖY,40.9523,29.0902,394,187,207,AÇIK OTOPARK,1,15,24 Saat
2026-07-16T05:40:13.252486+00:00,2026-07-16T08:40:13.252486+03:00,1456,Bostancı Sahil-Cep Açık Otoparkı,KADIKÖY,40.9545,29.0885,192,142,50,AÇIK OTOPARK,1,15,24 Saat
2026-07-16T05:40:13.252486+00:00,2026-07-16T08:40:13.252486+03:00,2150,Bostancı Vergi Dairesi Açık Otoparkı,ATAŞEHİR,40.9625,29.1083,155,0,155,AÇIK OTOPARK,1,5,08:00-20:00
2026-07-16T05:40:13.252486+00:00,2026-07-16T08:40:13.252486+03:00,2854,Bülent Ecevit Kültür Merkezi Açık Otoparkı,KARTAL,40.8852,29.1967,277,265,12,AÇIK OTOPARK,0,5,10:00-21:00
2026-07-16T05:40:13.252486+00:00,2026-07-16T08:40:13.252486+03:00,2866,Büyük İstanbul Otogarı,BAYRAMPAŞA,41.0402,28.8942,1000,0,1000,AÇIK OTOPARK,1,25,24 Saat
2026-07-16T05:40:13.252486+00:00,2026-07-16T08:40:13.252486+03:00,1192,Büyükçamlıca Korusu Sosyal Tesisleri Önü,ÜSKÜDAR,41.0264,29.0698,204,113,91,AÇIK OTOPARK,1,0,08:00-00:00
2026-07-16T05:40:13.252486+00:00,2026-07-16T08:40:13.252486+03:00,2960,Büyükçekmece Metrobüs Durağı Yanı PD Zemin Altı Otopark,BÜYÜKÇEKMECE,41.0221,28.624,448,176,272,KAPALI OTOPARK,1,0,24 Saat
2026-07-16T05:40:13.252486+00:00,2026-07-16T08:40:13.252486+03:00,1503,Cadde Bostan Açık Otoparkı,KADIKÖY,40.9636,29.0675,66,60,6,AÇIK OTOPARK,1,15,24 Saat
2026-07-16T05:40:13.252486+00:00,2026-07-16T08:40:13.252486+03:00,2933,Cemal Kamacı Spor Kompleksi Zemin Altı Otoparkı,KAĞITHANE,41.0536,28.9575,510,0,510,KAPALI OTOPARK,1,0,24 Saat
2026-07-16T05:40:13.252486+00:00,2026-07-16T08:40:13.252486+03:00,2207,Cengiz Topel Yer Altı Katlı Otoparkı,ESENLER,41.0588,28.8643,144,0,144,KAPALI OTOPARK,1,15,24 Saat
2026-07-16T05:40:13.252486+00:00,2026-07-16T08:40:13.252486+03:00,2787,Cevizli Açık Otoparkı,KARTAL,40.9179,29.1712,100,65,35,AÇIK OTOPARK,1,15,08:00-19:00
2026-07-16T05:40:13.252486+00:00,2026-07-16T08:40:13.252486+03:00,782,Cihangir Caddesi 2,BEYOĞLU,41.0319,28.9862,70,1,69,YOL ÜSTÜ,0,15,09:00-19:00
2026-07-16T05:40:13.252486+00:00,2026-07-16T08:40:13.252486+03:00,1467,Cihangir Katlı Otoparkı,BEYOĞLU,41.0318,28.9858,350,0,350,KAPALI OTOPARK,1,0,24 Saat
2026-07-16T05:40:13.252486+00:00,2026-07-16T08:40:13.252486+03:00,535,Cihannuma Yol Üstü 1,BEŞİKTAŞ,41.0454,29.0084,35,1,34,YOL ÜSTÜ,1,0,08:00-23:00
2026-07-16T05:40:13.252486+00:00,2026-07-16T08:40:13.252486+03:00,537,Cihannuma Yol Üstü 3,BEŞİKTAŞ,41.0459,29.0087,33,1,32,YOL ÜSTÜ,1,0,08:00-23:00
2026-07-16T05:40:13.252486+00:00,2026-07-16T08:40:13.252486+03:00,539,Cihannuma Yol Üstü 5,BEŞİKTAŞ,41.0489,29.0094,24,1,23,YOL ÜSTÜ,1,0,08:00-23:00
2026-07-16T05:40:13.252486+00:00,2026-07-16T08:40:13.252486+03:00,3184,Çam Sokak 6,GÜNGÖREN,41.0121,28.8882,50,1,49,YOL ÜSTÜ,1,15,08:00-17:00
2026-07-16T05:40:13.252486+00:00,2026-07-16T08:40:13.252486+03:00,2003,Çatalca İnceğiz Mesire Alanı,ÇATALCA,41.1827,28.4041,1000,1,999,AÇIK OTOPARK,1,0,06:00-20:00
2026-07-16T05:40:13.252486+00:00,2026-07-16T08:40:13.252486+03:00,3030,Çekmeköy Metro PD Zemin Altı Otoparkı,ÇEKMEKÖY,41.0147,29.1886,175,59,116,KAPALI OTOPARK,1,15,24 Saat
2026-07-16T05:40:13.252486+00:00,2026-07-16T08:40:13.252486+03:00,2905,Çeliktepe Açık Otoparkı,KAĞITHANE,41.0843,29.0056,200,86,114,AÇIK OTOPARK,1,5,24 Saat
2026-07-16T05:40:13.252486+00:00,2026-07-16T08:40:13.252486+03:00,1298,Çengelköy Açık Otoparkı,ÜSKÜDAR,41.0484,29.0533,500,253,247,AÇIK OTOPARK,1,15,24 Saat
2026-07-16T05:40:13.252486+00:00,2026-07-16T08:40:13.252486+03:00,502,Çınar Açık Otoparkı,BEŞİKTAŞ,41.0853,29.0088,65,1,64,AÇIK OTOPARK,1,0,08:00-18:00
2026-07-16T05:40:13.252486+00:00,2026-07-16T08:40:13.252486+03:00,777,Çırağan Sarayı Yol Üstü 1,BEŞİKTAŞ,41.0448,29.0165,40,1,39,YOL ÜSTÜ,1,15,08:00-23:00
2026-07-16T05:40:13.252486+00:00,2026-07-16T08:40:13.252486+03:00,778,Çırağan Sarayı Yol Üstü 2,BEŞİKTAŞ,41.0445,29.0156,40,1,39,YOL ÜSTÜ,1,15,08:00-23:00
2026-07-16T05:40:13.252486+00:00,2026-07-16T08:40:13.252486+03:00,2228,Çırpıcı Sosyal Tesisler,ZEYTİNBURNU,41,28.8926,128,0,128,AÇIK OTOPARK,1,15,07:00-00:00
2026-07-16T05:40:13.252486+00:00,2026-07-16T08:40:13.252486+03:00,1508,Çiroz Yeşilköy Halk Pazarı,BAKIRKÖY,40.9628,28.8129,471,1,470,AÇIK OTOPARK,1,0,08:00-18:00
2026-07-16T05:40:13.252486+00:00,2026-07-16T08:40:13.252486+03:00,2030,Dalyan Açık Otoparkı,KADIKÖY,40.9632,29.0651,92,63,29,AÇIK OTOPARK,1,15,24 Saat
2026-07-16T05:40:13.252486+00:00,2026-07-16T08:40:13.252486+03:00,2271,Damla Sokak 1,ŞİŞLİ,41.0672,29.0004,17,1,16,YOL ÜSTÜ,1,15,07:30-16:30
2026-07-16T05:40:13.252486+00:00,2026-07-16T08:40:13.252486+03:00,2164,Darüşşafaka Yeraltı Otoparkı,SARIYER,41.1292,29.0252,150,142,8,KAPALI OTOPARK,1,15,08:00-00:00
2026-07-16T05:40:13.252486+00:00,2026-07-16T08:40:13.252486+03:00,1653,Deniz Feneri Otoparkı,FATİH,41.0019,28.9773,175,133,42,AÇIK OTOPARK,1,5,24 Saat
2026-07-16T05:40:13.252486+00:00,2026-07-16T08:40:13.252486+03:00,595,Dostluk Yurdu 1,FATİH,41.0071,28.973,33,1,32,YOL ÜSTÜ,1,15,07:00-17:00
2026-07-16T05:40:13.252486+00:00,2026-07-16T08:40:13.252486+03:00,2237,Dragos Sosyal Tesisleri,KARTAL,40.9017,29.1458,100,63,37,AÇIK OTOPARK,1,15,24 Saat
2026-07-16T05:40:13.252486+00:00,2026-07-16T08:40:13.252486+03:00,3063,Dudullu Metro PD Zemin Altı Otoparkı,ÜMRANİYE,41.0156,29.1633,81,60,21,KAPALI OTOPARK,1,15,07:00-23:30
2026-07-16T05:40:13.252486+00:00,2026-07-16T08:40:13.252486+03:00,1522,Ebu Suut Caddesi 1,FATİH,41.0128,28.9766,35,1,34,YOL ÜSTÜ,1,0,08:00-18:00
2026-07-16T05:40:13.252486+00:00,2026-07-16T08:40:13.252486+03:00,2147,EGS Blokları Açık Otoparkı,BAKIRKÖY,40.9863,28.8354,350,84,266,AÇIK OTOPARK,0,60,09:00-19:30
2026-07-16T05:40:13.252486+00:00,2026-07-16T08:40:13.252486+03:00,2366,Esenler Adem Baştürk Kültür Merkezi Katlı,ESENLER,41.039,28.8846,460,22,438,KAPALI OTOPARK,1,15,24 Saat
2026-07-16T05:40:13.252486+00:00,2026-07-16T08:40:13.252486+03:00,3190,Esenler Havaalanı Mahallesi Zemin Altı Otoparkı,ESENLER,41.0562,28.8674,610,372,238,KAPALI OTOPARK,1,10,24 Saat
2026-07-16T05:40:13.252486+00:00,2026-07-16T08:40:13.252486+03:00,3011,Esenler Menderes Metro İstasyonu Yanı,ESENLER,41.0427,28.8783,68,0,68,AÇIK OTOPARK,1,5,24 Saat
2026-07-16T05:40:13.252486+00:00,2026-07-16T08:40:13.252486+03:00,2822,Esenler Menderes Parkı Zemin Altı Otoparkı,ESENLER,41.0412,28.8729,325,48,277,KAPALI OTOPARK,1,10,24 Saat
2026-07-16T05:40:13.252486+00:00,2026-07-16T08:40:13.252486+03:00,3303,Esenyurt Adile Naşit Bulvarı Zeminaltı Otoparkı,ESENYURT,41.0205,28.6859,367,300,67,KAPALI OTOPARK,1,15,24 Saat
2026-07-16T05:40:13.252486+00:00,2026-07-16T08:40:13.252486+03:00,1328,Eski Salı Pazarı,KADIKÖY,40.9904,29.0338,760,155,605,AÇIK OTOPARK,1,15,24 Saat
2026-07-16T05:40:13.252486+00:00,2026-07-16T08:40:13.252486+03:00,904,Eyüp Pierloti Caddesi 1,EYÜP,41.0539,28.9329,40,1,39,YOL ÜSTÜ,0,0,09:00-22:00
2026-07-16T05:40:13.252486+00:00,2026-07-16T08:40:13.252486+03:00,2850,Eyüpsultan Akşemsettin Mahallesi Zemin Altı Otoparkı,EYÜP,41.085,28.9258,110,0,110,KAPALI OTOPARK,1,15,24 Saat
2026-07-16T05:40:13.252486+00:00,2026-07-16T08:40:13.252486+03:00,2215,Fatih Çeşmesi Tabiat Parkı Otoparkı,SARIYER,41.1686,28.9448,250,1,249,AÇIK OTOPARK,1,0,06:00-20:00
2026-07-16T05:40:13.252486+00:00,2026-07-16T08:40:13.252486+03:00,1475,Fatih Katlı Otoparkı,FATİH,41.0198,28.9396,118,4,114,KAPALI OTOPARK,1,10,24 Saat
2026-07-16T05:40:13.252486+00:00,2026-07-16T08:40:13.252486+03:00,1591,Feshane PD Açık Otoparkı,EYÜP,41.0463,28.9378,200,181,19,AÇIK OTOPARK,1,15,24 Saat
2026-07-16T05:40:13.252486+00:00,2026-07-16T08:40:13.252486+03:00,1005,Florya Havuzlu Bahçe,BAKIRKÖY,40.9764,28.7908,135,1,134,AÇIK OTOPARK,0,0,09:00-23:00
2026-07-16T05:40:13.252486+00:00,2026-07-16T08:40:13.252486+03:00,2238,Florya Sosyal Tesisleri,BAKIRKÖY,40.9614,28.8091,1074,1062,12,AÇIK OTOPARK,1,15,24 Saat
2026-07-16T05:40:13.252486+00:00,2026-07-16T08:40:13.252486+03:00,3296,Gaziosmanpaşa Meydanı ve Yaşam Merkezi Zemin Altı Otoparkı,GAZİOSMANPAŞA,41.0606,28.9093,202,0,202,KAPALI OTOPARK,1,15,24 Saat
2026-07-16T05:40:13.252486+00:00,2026-07-16T08:40:13.252486+03:00,2971,Gaziosmanpaşa Zemin Altı Otoparkı,GAZİOSMANPAŞA,41.0796,28.8858,285,0,285,KAPALI OTOPARK,1,0,24 Saat
2026-07-16T05:40:13.252486+00:00,2026-07-16T08:40:13.252486+03:00,3401,Giyimkent Tekstilkent Metro Zemin Altı PD Otoparkı,ESENLER,41.0711,28.8666,203,188,15,KAPALI OTOPARK,1,10,24 Saat
2026-07-16T05:40:13.252486+00:00,2026-07-16T08:40:13.252486+03:00,2242,Gözdağı Sosyal Tesisler  Açık Otoparkı,PENDİK,40.893,29.2538,300,218,82,AÇIK OTOPARK,1,0,07:00-23:00
2026-07-16T05:40:13.252486+00:00,2026-07-16T08:40:13.252486+03:00,1879,Gülsuyu Metro PD Yer Altı Otoparkı,MALTEPE,40.9237,29.1548,76,0,76,KAPALI OTOPARK,1,15,08:00-00:00
2026-07-16T05:40:13.252486+00:00,2026-07-16T08:40:13.252486+03:00,1423,Güneş Plajı 1,BAKIRKÖY,40.9712,28.79,250,230,20,AÇIK OTOPARK,1,10,24 Saat
2026-07-16T05:40:13.252486+00:00,2026-07-16T08:40:13.252486+03:00,1461,Güneş Plajı 2,BAKIRKÖY,40.9692,28.7951,135,134,1,AÇIK OTOPARK,1,10,08:00-20:00
2026-07-16T05:40:13.252486+00:00,2026-07-16T08:40:13.252486+03:00,3053,Güngören Nikah Dairesi Zemin Altı otoparkı,GÜNGÖREN,41.0363,28.8718,147,0,147,KAPALI OTOPARK,1,10,24 Saat
2026-07-16T05:40:13.252486+00:00,2026-07-16T08:40:13.252486+03:00,2216,Gürpınar Balık Hali Otoparkı,BEYLİKDÜZÜ,40.9663,28.6019,1000,798,202,AÇIK OTOPARK,1,15,24 Saat
2026-07-16T05:40:13.252486+00:00,2026-07-16T08:40:13.252486+03:00,1525,Hacıosman Metro Yer Altı Otoparkı,SARIYER,41.14,29.0306,422,0,422,KAPALI OTOPARK,1,15,24 Saat
2026-07-16T05:40:13.252486+00:00,2026-07-16T08:40:13.252486+03:00,1470,Haldun Alagaş Katlı Otoparkı,ÜMRANİYE,41.0262,29.1052,197,40,157,KAPALI OTOPARK,1,15,24 Saat
2026-07-16T05:40:13.252486+00:00,2026-07-16T08:40:13.252486+03:00,3235,Haliç Sosyal Tesisleri Otoparkı,FATİH,41.0277,28.9572,60,54,6,AÇIK OTOPARK,1,15,07:00-00:00
2026-07-16T05:40:13.252486+00:00,2026-07-16T08:40:13.252486+03:00,2848,Halkalı Mahallesi Zemin Altı Otoparkı,KÜÇÜKÇEKMECE,41.0359,28.7848,347,216,131,KAPALI OTOPARK,1,15,24 Saat
2026-07-16T05:40:13.252486+00:00,2026-07-16T08:40:13.252486+03:00,2838,Hamidiye Mahallesi Katlı Otoparkı,KAĞITHANE,41.0949,28.971,450,217,233,KAPALI OTOPARK,1,15,24 Saat
2026-07-16T05:40:13.252486+00:00,2026-07-16T08:40:13.252486+03:00,1446,Harbiye Zemin Altı Otoparkı,BEYOĞLU,41.0408,28.9869,142,68,74,KAPALI OTOPARK,1,0,24 Saat
2026-07-16T05:40:13.252486+00:00,2026-07-16T08:40:13.252486+03:00,2332,Haydarpaşa Katlı Otoparkı,ÜSKÜDAR,41.0048,29.0251,840,399,441,KAPALI OTOPARK,1,15,24 Saat
2026-07-16T05:40:13.252486+00:00,2026-07-16T08:40:13.252486+03:00,1987,Haznedar Yer Altı Otoparkı,GÜNGÖREN,41.0083,28.8729,540,0,540,KAPALI OTOPARK,1,0,24 Saat
2026-07-16T05:40:13.252486+00:00,2026-07-16T08:40:13.252486+03:00,377,Hızır Külhani Sokak,FATİH,41.0202,28.9605,32,1,31,YOL ÜSTÜ,0,15,09:00-17:00
2026-07-16T05:40:13.252486+00:00,2026-07-16T08:40:13.252486+03:00,3173,Hürriyet Mahallesi Zeminaltı Otoparkı,GAZİOSMANPAŞA,41.0708,28.8951,190,0,190,KAPALI OTOPARK,1,15,24 Saat
2026-07-16T05:40:13.252486+00:00,2026-07-16T08:40:13.252486+03:00,157,Ihlamur Dere Caddesi 4,BEŞİKTAŞ,41.047,29.0023,27,1,26,YOL ÜSTÜ,0,15,09:00-17:00
2026-07-16T05:40:13.252486+00:00,2026-07-16T08:40:13.252486+03:00,1189,İçerenköy Sebze Meyve Hali Otoparkı,ATAŞEHİR,40.9766,29.1044,600,1,599,AÇIK OTOPARK,1,15,24 Saat
2026-07-16T05:40:13.252486+00:00,2026-07-16T08:40:13.252486+03:00,1127,İshakpaşa Caddesi,FATİH,41.0079,28.9814,200,1,199,YOL ÜSTÜ,1,0,08:00-18:00
2026-07-16T05:40:13.252486+00:00,2026-07-16T08:40:13.252486+03:00,3265,İspark İstanbul West Marina Açık Otoparkı 1,BEYLİKDÜZÜ,40.9636,28.6564,250,1,249,AÇIK OTOPARK,1,15,24 Saat
2026-07-16T05:40:13.252486+00:00,2026-07-16T08:40:13.252486+03:00,2793,İspark Merter Katlı Otoparkı,GÜNGÖREN,41.0097,28.89,900,459,441,KAPALI OTOPARK,1,10,24 Saat
2026-07-16T05:40:13.252486+00:00,2026-07-16T08:40:13.252486+03:00,2430,İspark West İstanbul Marina Açık Otoparkı,BEYLİKDÜZÜ,40.9639,28.6591,1600,1482,118,AÇIK OTOPARK,1,15,24 Saat
2026-07-16T05:40:13.252486+00:00,2026-07-16T08:40:13.252486+03:00,381,İstinye 4 ( Cami Önü ),SARIYER,41.1149,29.0571,25,1,24,YOL ÜSTÜ,1,15,08:30-17:30
2026-07-16T05:40:13.252486+00:00,2026-07-16T08:40:13.252486+03:00,1804,İtalyan Hastanesi Karşısı Açık Otoparkı 1,BEYOĞLU,41.028,28.9815,30,1,29,AÇIK OTOPARK,1,0,08:00-19:00
2026-07-16T05:40:13.252486+00:00,2026-07-16T08:40:13.252486+03:00,507,Kabasakal Medrese Önü,FATİH,41.0062,28.9789,65,1,64,AÇIK OTOPARK,1,0,08:00-18:30
2026-07-16T05:40:13.252486+00:00,2026-07-16T08:40:13.252486+03:00,3306,Kabataş Transfer Merkezi Turizm Otobüs Otoparkı,BEYOĞLU,41.0336,28.9923,160,76,84,KAPALI OTOPARK,1,20,24 Saat
2026-07-16T05:40:13.252486+00:00,2026-07-16T08:40:13.252486+03:00,2918,Kadıköy Hasanpaşa Gazhane Katlı Otoparkı,KADIKÖY,40.9972,29.0428,310,190,120,KAPALI OTOPARK,1,15,24 Saat
2026-07-16T05:40:13.252486+00:00,2026-07-16T08:40:13.252486+03:00,1447,Kadıköy İski Açık Otoparkı,KADIKÖY,40.9874,29.0207,124,116,8,AÇIK OTOPARK,1,15,24 Saat
2026-07-16T05:40:13.252486+00:00,2026-07-16T08:40:13.252486+03:00,1655,Kadıköy Metro Açık Otoparkı,KADIKÖY,40.9899,29.0217,74,36,38,AÇIK OTOPARK,1,15,24 Saat
2026-07-16T05:40:13.252486+00:00,2026-07-16T08:40:13.252486+03:00,3445,Kadıköy Uzunçayır PD Açık Otoparkı,KADIKÖY,40.9982,29.0569,70,51,19,AÇIK OTOPARK,1,15,06:30-16:30
2026-07-16T05:40:13.252486+00:00,2026-07-16T08:40:13.252486+03:00,2808,Kadıköy Yeni Salı Pazarı PD Katlı Otoparkı,KADIKÖY,40.9969,29.0486,1350,365,985,KAPALI OTOPARK,1,15,24 Saat
2026-07-16T05:40:13.252486+00:00,2026-07-16T08:40:13.252486+03:00,2811,Kağıthane Harmantepe Zemin Altı Otoparkı,KAĞITHANE,41.0816,28.9907,200,0,200,KAPALI OTOPARK,1,0,24 Saat
2026-07-16T05:40:13.252486+00:00,2026-07-16T08:40:13.252486+03:00,1452,Kalamış Açık Otoparkı,KADIKÖY,40.9687,29.0363,173,150,23,AÇIK OTOPARK,1,15,24 Saat
2026-07-16T05:40:13.252486+00:00,2026-07-16T08:40:13.252486+03:00,1474,Kartal Hasan Doğan Spor Kompleksi,KARTAL,40.8918,29.1897,773,0,773,KAPALI OTOPARK,1,15,24 Saat
2026-07-16T05:40:13.252486+00:00,2026-07-16T08:40:13.252486+03:00,1105,Kartal İdo Açık Otoparkı,KARTAL,40.8874,29.1881,90,0,90,AÇIK OTOPARK,1,15,24 Saat
2026-07-16T05:40:13.252486+00:00,2026-07-16T08:40:13.252486+03:00,1550,Kartal Sahil Açık Otoparkı,KARTAL,40.8875,29.1901,75,54,21,AÇIK OTOPARK,1,5,24 Saat
2026-07-16T05:40:13.252486+00:00,2026-07-16T08:40:13.252486+03:00,3434,Kasımpaşa Sosyal Tesisler Otoparkı,BEYOĞLU,41.0296,28.9673,60,36,24,AÇIK OTOPARK,1,0,07:30-23:00
2026-07-16T05:40:13.252486+00:00,2026-07-16T08:40:13.252486+03:00,2827,Kayaşehir Meydan Zemin Altı Otoparkı,BAŞAKŞEHİR,41.1196,28.7718,1054,1,1053,KAPALI OTOPARK,0,0,10:00-17:00
2026-07-16T05:40:13.252486+00:00,2026-07-16T08:40:13.252486+03:00,1960,Kazlıçeşme Marmaray Açık Otoparkı,ZEYTİNBURNU,40.9922,28.917,700,639,61,AÇIK OTOPARK,1,15,24 Saat
2026-07-16T05:40:13.252486+00:00,2026-07-16T08:40:13.252486+03:00,2994,Kirazlı Metro Durağı PD Açık Otoparkı,BAĞCILAR,41.033,28.8429,112,0,112,AÇIK OTOPARK,1,5,24 Saat
2026-07-16T05:40:13.252486+00:00,2026-07-16T08:40:13.252486+03:00,1528,Kore Şehitleri Caddesi - Yüzbaşı Kaya Aldağon Sokak 1,ŞİŞLİ,41.0719,29.0139,40,1,39,YOL ÜSTÜ,1,15,07:00-16:00
2026-07-16T05:40:13.252486+00:00,2026-07-16T08:40:13.252486+03:00,2449,Kozyatağı Sebze-Meyve Hali,ATAŞEHİR,40.9787,29.1029,1500,1,1499,AÇIK OTOPARK,1,0,24 Saat
2026-07-16T05:40:13.252486+00:00,2026-07-16T08:40:13.252486+03:00,1206,Kutlugün Sokak 2,FATİH,41.0061,28.9801,200,1,199,YOL ÜSTÜ,1,0,08:00-18:00
2026-07-16T05:40:13.252486+00:00,2026-07-16T08:40:13.252486+03:00,3074,Küçük Çamlıca,ÜSKÜDAR,41.0204,29.0653,129,106,23,AÇIK OTOPARK,1,0,08:00-22:00
2026-07-16T05:40:13.252486+00:00,2026-07-16T08:40:13.252486+03:00,3127,Küçükçekmece Cennet Mahallesi Meydan Zemin Altı Otoparkı,KÜÇÜKÇEKMECE,40.9907,28.783,456,0,456,KAPALI OTOPARK,1,10,24 Saat
2026-07-16T05:40:13.252486+00:00,2026-07-16T08:40:13.252486+03:00,2554,Küçükçekmece Fevzi Çakmak Meydanı Zemin Altı Otoparkı,KÜÇÜKÇEKMECE,41.0076,28.7927,1000,511,489,KAPALI OTOPARK,1,10,24 Saat
2026-07-16T05:40:13.252486+00:00,2026-07-16T08:40:13.252486+03:00,2882,Küçüksu Kasrı Açık Otoparkı,BEYKOZ,41.0789,29.0657,98,91,7,AÇIK OTOPARK,1,0,07:00-23:00
2026-07-16T05:40:13.252486+00:00,2026-07-16T08:40:13.252486+03:00,220,Levent Hamidiye,BEŞİKTAŞ,41.0861,29.0076,100,1,99,AÇIK OTOPARK,1,0,08:00-19:00
2026-07-16T05:40:13.252486+00:00,2026-07-16T08:40:13.252486+03:00,1138,Levent Metro Yer Altı Otoparkı,BEŞİKTAŞ,41.0811,29.0105,100,1,99,AÇIK OTOPARK,1,5,07:30-19:30
2026-07-16T05:40:13.252486+00:00,2026-07-16T08:40:13.252486+03:00,2335,Maçka Açık Otoparkı,ŞİŞLİ,41.046,28.9908,75,75,0,AÇIK OTOPARK,1,0,24 Saat
2026-07-16T05:40:13.252486+00:00,2026-07-16T08:40:13.252486+03:00,1859,Maçka Katlı Otoparkı,ŞİŞLİ,41.0484,28.9903,508,0,508,KAPALI OTOPARK,1,0,24 Saat
2026-07-16T05:40:13.252486+00:00,2026-07-16T08:40:13.252486+03:00,3193,Maltepe Rıhtım Caddesi Açık Otoparkı,MALTEPE,40.9258,29.1241,76,73,3,AÇIK OTOPARK,1,0,24 Saat
2026-07-16T05:40:13.252486+00:00,2026-07-16T08:40:13.252486+03:00,2146,Maltepe Süreyyapaşa Çarşısı Açık Otoparkı,MALTEPE,40.9274,29.1225,156,131,25,AÇIK OTOPARK,1,0,24 Saat
2026-07-16T05:40:13.252486+00:00,2026-07-16T08:40:13.252486+03:00,1599,Maslak Açık Otoparkı,SARIYER,41.1166,29.024,150,106,44,AÇIK OTOPARK,1,10,24 Saat
2026-07-16T05:40:13.252486+00:00,2026-07-16T08:40:13.252486+03:00,2100,Matbaacılar Sitesi Yanı,ZEYTİNBURNU,41.0234,28.9187,250,156,94,AÇIK OTOPARK,1,5,24 Saat
2026-07-16T05:40:13.252486+00:00,2026-07-16T08:40:13.252486+03:00,920,Meclis-i Mebusan Yokuşu 2,BEYOĞLU,41.0326,28.9882,34,1,33,YOL ÜSTÜ,0,15,09:00-17:00
2026-07-16T05:40:13.252486+00:00,2026-07-16T08:40:13.252486+03:00,1546,Menekşe Plajı Açık Otoparkı,BAKIRKÖY,40.9761,28.7766,200,200,0,AÇIK OTOPARK,1,0,24 Saat
2026-07-16T05:40:13.252486+00:00,2026-07-16T08:40:13.252486+03:00,1376,Mercan Açık,FATİH,41.0136,28.9669,130,96,34,AÇIK OTOPARK,1,0,08:00-23:00
2026-07-16T05:40:13.252486+00:00,2026-07-16T08:40:13.252486+03:00,3309,Mercan Ali Paşa Sarayı Zemin Altı Otoparkı,FATİH,41.0136,28.967,196,1,195,KAPALI OTOPARK,1,0,07:00-21:00
2026-07-16T05:40:13.252486+00:00,2026-07-16T08:40:13.252486+03:00,1472,Merter Katlı Otoparkı,GÜNGÖREN,41.0092,28.8874,1000,892,108,KAPALI OTOPARK,1,10,24 Saat
2026-07-16T05:40:13.252486+00:00,2026-07-16T08:40:13.252486+03:00,2375,Merter Metro PD Zeminaltı Otoparkı,GÜNGÖREN,41.0037,28.8897,242,89,153,KAPALI OTOPARK,1,10,24 Saat
2026-07-16T05:40:13.252486+00:00,2026-07-16T08:40:13.252486+03:00,1568,Mete Caddesi 1,BEYOĞLU,41.0382,28.9879,31,1,30,YOL ÜSTÜ,1,15,08:00-23:00
2026-07-16T05:40:13.252486+00:00,2026-07-16T08:40:13.252486+03:00,1471,Mevlana Yeraltı Katlı Otoparkı,ZEYTİNBURNU,41.0072,28.9049,1000,854,146,KAPALI OTOPARK,1,5,24 Saat
2026-07-16T05:40:13.252486+00:00,2026-07-16T08:40:13.252486+03:00,2709,Millet Caddesi Açık Otoparkı,FATİH,41.01,28.9461,60,43,17,AÇIK OTOPARK,1,15,24 Saat
2026-07-16T05:40:13.252486+00:00,2026-07-16T08:40:13.252486+03:00,3152,Mimar Sinan Zemin Altı Otoparkı,ÜSKÜDAR,41.0222,29.0169,956,630,326,KAPALI OTOPARK,1,15,24 Saat
2026-07-16T05:40:13.252486+00:00,2026-07-16T08:40:13.252486+03:00,2870,Miniatürk Çadır Açık Otoparkı,BEYOĞLU,41.0594,28.9501,250,148,102,AÇIK OTOPARK,1,15,07:00-20:00
2026-07-16T05:40:13.252486+00:00,2026-07-16T08:40:13.252486+03:00,2556,Muallim Naci Açık Otoparkı,BEŞİKTAŞ,41.0561,29.0342,35,23,12,AÇIK OTOPARK,1,15,24 Saat
2026-07-16T05:40:13.252486+00:00,2026-07-16T08:40:13.252486+03:00,569,Oda Kule Önü 1,BEYOĞLU,41.0322,28.9751,24,1,23,YOL ÜSTÜ,1,0,07:00-01:00
2026-07-16T05:40:13.252486+00:00,2026-07-16T08:40:13.252486+03:00,1988,Orhangazi Şehir Parkı PD Açık Otoparkı,MALTEPE,40.9313,29.1161,5022,4754,268,AÇIK OTOPARK,1,15,24 Saat
2026-07-16T05:40:13.252486+00:00,2026-07-16T08:40:13.252486+03:00,152,Ortabahçe Caddesi 2,BEŞİKTAŞ,41.0428,29.0043,35,1,34,YOL ÜSTÜ,1,15,08:00-23:00
2026-07-16T05:40:13.252486+00:00,2026-07-16T08:40:13.252486+03:00,153,Ortabahçe Caddesi 3,BEŞİKTAŞ,41.043,29.0042,26,1,25,YOL ÜSTÜ,1,15,08:00-23:00
2026-07-16T05:40:13.252486+00:00,2026-07-16T08:40:13.252486+03:00,119,Ortaklar Caddesi 1,ŞİŞLİ,41.0638,28.9971,25,1,24,YOL ÜSTÜ,1,15,08:30-17:00
2026-07-16T05:40:13.252486+00:00,2026-07-16T08:40:13.252486+03:00,1343,Ortaköy Açık Otoparkı,BEŞİKTAŞ,41.0504,29.0326,170,156,14,AÇIK OTOPARK,1,0,24 Saat
2026-07-16T05:40:13.252486+00:00,2026-07-16T08:40:13.252486+03:00,572,Ortaköy Portakal Yokuşu 1,BEŞİKTAŞ,41.0503,29.0261,15,1,14,YOL ÜSTÜ,0,15,09:00-19:00
2026-07-16T05:40:13.252486+00:00,2026-07-16T08:40:13.252486+03:00,1039,Öğretmen Evi,AVCILAR,40.9723,28.714,80,42,38,AÇIK OTOPARK,0,0,11:00-23:00
2026-07-16T05:40:13.252486+00:00,2026-07-16T08:40:13.252486+03:00,1466,Pendik Katlı Otoparkı,PENDİK,40.8789,29.2342,120,0,120,KAPALI OTOPARK,1,15,24 Saat
2026-07-16T05:40:13.252486+00:00,2026-07-16T08:40:13.252486+03:00,3073,Pendik Kemal Kalkuz Parkı Zemin Altı Otoparkı,PENDİK,40.8885,29.2427,224,0,224,KAPALI OTOPARK,0,0,09:00-18:00
2026-07-16T05:40:13.252486+00:00,2026-07-16T08:40:13.252486+03:00,3019,Pendik Meydan Zemin Altı Otoparkı,PENDİK,40.8752,29.2324,937,0,937,KAPALI OTOPARK,1,0,24 Saat
2026-07-16T05:40:13.252486+00:00,2026-07-16T08:40:13.252486+03:00,2865,Pendik Sahil Engelliler Merkez Önü,PENDİK,40.8735,29.233,100,66,34,AÇIK OTOPARK,0,0,11:00-20:00
2026-07-16T05:40:13.252486+00:00,2026-07-16T08:40:13.252486+03:00,2434,Pendik Sahil İdo,PENDİK,40.8755,29.2369,100,0,100,AÇIK OTOPARK,1,0,07:00-23:00
2026-07-16T05:40:13.252486+00:00,2026-07-16T08:40:13.252486+03:00,248,Pendik Yenimahalle Açık 2 Otoparkı,PENDİK,40.864,29.2723,124,88,36,AÇIK OTOPARK,0,15,10:00-22:00
2026-07-16T05:40:13.252486+00:00,2026-07-16T08:40:13.252486+03:00,297,Perşembe Pazarı 1,BEYOĞLU,41.0252,28.9693,32,1,31,YOL ÜSTÜ,1,15,08:00-17:00
2026-07-16T05:40:13.252486+00:00,2026-07-16T08:40:13.252486+03:00,597,Pierre Loti Caddesi 3,FATİH,41.0069,28.9711,36,1,35,YOL ÜSTÜ,1,0,07:00-17:00
2026-07-16T05:40:13.252486+00:00,2026-07-16T08:40:13.252486+03:00,3263,Piyalepaşa Meydanı Zemin Altı Otoparkı,BEYOĞLU,41.0445,28.9674,560,273,287,KAPALI OTOPARK,1,0,24 Saat
2026-07-16T05:40:13.252486+00:00,2026-07-16T08:40:13.252486+03:00,423,Prof.Cemil Birsel Yokuşu 3,FATİH,41.0178,28.967,40,1,39,YOL ÜSTÜ,1,0,07:00-18:00
2026-07-16T05:40:13.252486+00:00,2026-07-16T08:40:13.252486+03:00,1900,Ragıp Gümüşpala Cad.(Sobacılar Önü),FATİH,41.0181,28.969,40,1,39,YOL ÜSTÜ,1,15,07:00-18:00
2026-07-16T05:40:13.252486+00:00,2026-07-16T08:40:13.252486+03:00,415,Ragıp Gümüşpala Camii Önü 1,FATİH,41.0211,28.9627,35,1,34,YOL ÜSTÜ,1,0,07:00-17:30
2026-07-16T05:40:13.252486+00:00,2026-07-16T08:40:13.252486+03:00,3268,Refik Saydam Caddesi 3,BEYOĞLU,41.032,28.9736,55,1,54,YOL ÜSTÜ,1,0,06:00-23:00
2026-07-16T05:40:13.252486+00:00,2026-07-16T08:40:13.252486+03:00,2307,Ressam Halim Sokak PD Açık Otoparkı,BAHÇELİEVLER,40.9967,28.8641,120,98,22,AÇIK OTOPARK,1,15,08:00-00:00
2026-07-16T05:40:13.252486+00:00,2026-07-16T08:40:13.252486+03:00,3082,Rumeli Hisarı Sahil Yolu Otoparkı,SARIYER,41.0854,29.0568,20,16,4,AÇIK OTOPARK,1,0,24 Saat
2026-07-16T05:40:13.252486+00:00,2026-07-16T08:40:13.252486+03:00,1595,Sabiha Gökçen Açık Otoparkı,PENDİK,40.925,29.308,1056,0,1056,AÇIK OTOPARK,1,15,24 Saat
2026-07-16T05:40:13.252486+00:00,2026-07-16T08:40:13.252486+03:00,3239,Samatya Sahil Cep Otoparkı,FATİH,40.9954,28.932,113,99,14,AÇIK OTOPARK,1,15,24 Saat
2026-07-16T05:40:13.252486+00:00,2026-07-16T08:40:13.252486+03:00,3273,Sarıyer Büyükdere Fidanlığı,SARIYER,41.1548,29.0268,160,156,4,AÇIK OTOPARK,1,0,08:00-18:00
2026-07-16T05:40:13.252486+00:00,2026-07-16T08:40:13.252486+03:00,3299,Sariyer Ayazağa Mah Vadi İstanbul Önü Açık Otoparkı,SARIYER,41.1106,28.9881,100,97,3,AÇIK OTOPARK,1,0,08:00-20:00
2026-07-16T05:40:13.252486+00:00,2026-07-16T08:40:13.252486+03:00,1303,Seyrantepe Katlı (Arena Karşısı) 1,KAĞITHANE,41.101,28.9961,1897,1,1896,KAPALI OTOPARK,1,0,24 Saat
2026-07-16T05:40:13.252486+00:00,2026-07-16T08:40:13.252486+03:00,1628,Sıracevizler Caddesi Yol Üstü 5,ŞİŞLİ,41.0607,28.9841,45,1,44,YOL ÜSTÜ,0,15,09:00-17:00
2026-07-16T05:40:13.252486+00:00,2026-07-16T08:40:13.252486+03:00,464,Sirkeci Gar Önü,FATİH,41.015,28.9761,60,1,59,AÇIK OTOPARK,1,5,07:00-20:00
2026-07-16T05:40:13.252486+00:00,2026-07-16T08:40:13.252486+03:00,1486,Siyavuşpaşa Yer Altı Otoparkı,BAHÇELİEVLER,40.9965,28.8532,155,0,155,KAPALI OTOPARK,1,0,24 Saat
2026-07-16T05:40:13.252486+00:00,2026-07-16T08:40:13.252486+03:00,1958,Soğanlık Metro PD Açık Otoparkı,KARTAL,40.9131,29.1925,898,833,65,AÇIK OTOPARK,1,15,24 Saat
2026-07-16T05:40:13.252486+00:00,2026-07-16T08:40:13.252486+03:00,589,Su Terazisi Sokak,FATİH,41.0046,28.9727,22,1,21,YOL ÜSTÜ,1,0,07:30-17:00
2026-07-16T05:40:13.252486+00:00,2026-07-16T08:40:13.252486+03:00,1478,Suadiye Cep Açık Otoparkı,KADIKÖY,40.9586,29.0732,130,124,6,AÇIK OTOPARK,1,15,24 Saat
2026-07-16T05:40:13.252486+00:00,2026-07-16T08:40:13.252486+03:00,2948,Suadiye Sahil Açık Otoparkı,KADIKÖY,40.9562,29.0797,70,56,14,AÇIK OTOPARK,1,5,24 Saat
2026-07-16T05:40:13.252486+00:00,2026-07-16T08:40:13.252486+03:00,2799,Sultanbeyli Emir Caddesi Zemin Altı Otoparkı,SULTANBEYLİ,40.9707,29.2606,130,102,28,KAPALI OTOPARK,1,15,08:00-22:00
2026-07-16T05:40:13.252486+00:00,2026-07-16T08:40:13.252486+03:00,2372,Sultanbeyli Kent Meydanı Zemin Altı Otoparkı,SULTANBEYLİ,40.9667,29.2667,300,201,99,KAPALI OTOPARK,1,15,24 Saat
2026-07-16T05:40:13.252486+00:00,2026-07-16T08:40:13.252486+03:00,2410,Sultangazi Zemin Altı Otoparkı,SULTANGAZİ,41.0944,28.8649,104,0,104,KAPALI OTOPARK,1,10,24 Saat
2026-07-16T05:40:13.252486+00:00,2026-07-16T08:40:13.252486+03:00,2085,Süleyman Seba Caddesi 2,BEŞİKTAŞ,41.0426,28.9998,40,1,39,YOL ÜSTÜ,1,15,08:00-18:00
2026-07-16T05:40:13.252486+00:00,2026-07-16T08:40:13.252486+03:00,2088,Süleyman Seba Caddesi 5,BEŞİKTAŞ,41.0432,28.9978,40,1,39,YOL ÜSTÜ,1,15,08:00-18:00
2026-07-16T05:40:13.252486+00:00,2026-07-16T08:40:13.252486+03:00,2089,Süleyman Seba Caddesi 6,BEŞİKTAŞ,41.0435,28.9967,11,1,10,YOL ÜSTÜ,1,15,08:00-18:00
2026-07-16T05:40:13.252486+00:00,2026-07-16T08:40:13.252486+03:00,2391,Süleymaniye Cami Altı Açık Otoparkı,FATİH,41.0158,28.961,250,234,16,AÇIK OTOPARK,1,0,06:30-18:30
2026-07-16T05:40:13.252486+00:00,2026-07-16T08:40:13.252486+03:00,1730,Sütlüce Miniatürk Yanı,BEYOĞLU,41.057,28.95,320,233,87,AÇIK OTOPARK,1,15,24 Saat
2026-07-16T05:40:13.252486+00:00,2026-07-16T08:40:13.252486+03:00,36,Şakayık Sokak 4,ŞİŞLİ,41.0518,28.9936,50,1,49,YOL ÜSTÜ,1,15,08:00-16:00
2026-07-16T05:40:13.252486+00:00,2026-07-16T08:40:13.252486+03:00,1469,Şehit Volkan Duysak Katlı Otoparkı,ZEYTİNBURNU,40.9968,28.9039,1000,657,343,KAPALI OTOPARK,1,5,24 Saat
2026-07-16T05:40:13.252486+00:00,2026-07-16T08:40:13.252486+03:00,2907,Şehremini Açık Otoparkı 2,FATİH,41.0135,28.9333,60,60,0,AÇIK OTOPARK,1,0,08:30-20:30
2026-07-16T05:40:13.252486+00:00,2026-07-16T08:40:13.252486+03:00,2855,Şemsipaşa Açık Otoparkı,ÜSKÜDAR,41.0255,29.0097,80,64,16,AÇIK OTOPARK,1,0,24 Saat
2026-07-16T05:40:13.252486+00:00,2026-07-16T08:40:13.252486+03:00,2439,Şirinevler Meydan Zeminaltı Otoparkı,BAHÇELİEVLER,40.9925,28.8496,367,108,259,KAPALI OTOPARK,1,0,24 Saat
2026-07-16T05:40:13.252486+00:00,2026-07-16T08:40:13.252486+03:00,3400,Şişhane Refik Saydam Caddesi 2 Yol Üstü Otoparkı 1,BEYOĞLU,41.0326,28.9743,70,1,69,YOL ÜSTÜ,1,15,06:00-23:00
2026-07-16T05:40:13.252486+00:00,2026-07-16T08:40:13.252486+03:00,1017,Şişli Kadırgalar Caddesi 1,ŞİŞLİ,41.0429,28.9927,100,1,99,AÇIK OTOPARK,1,0,07:00-23:00
2026-07-16T05:40:13.252486+00:00,2026-07-16T08:40:13.252486+03:00,3441,Şişli Kuştepe Zemin Altı Otoparkı,ŞİŞLİ,41.072,28.9919,430,331,99,KAPALI OTOPARK,1,15,24 Saat
2026-07-16T05:40:13.252486+00:00,2026-07-16T08:40:13.252486+03:00,2816,Şişli Rumeli Caddesi Metro Yanı 1,ŞİŞLİ,41.0538,28.9868,45,1,44,YOL ÜSTÜ,1,15,08:00-20:00
2026-07-16T05:40:13.252486+00:00,2026-07-16T08:40:13.252486+03:00,2406,Şişli Zemin Altı Otoparkı,ŞİŞLİ,41.0641,28.9992,581,356,225,KAPALI OTOPARK,1,15,24 Saat
2026-07-16T05:40:13.252486+00:00,2026-07-16T08:40:13.252486+03:00,1993,Tuzla İdo,TUZLA,40.8149,29.3039,300,283,17,AÇIK OTOPARK,1,15,24 Saat
2026-07-16T05:40:13.252486+00:00,2026-07-16T08:40:13.252486+03:00,3332,Tuzla Sahil Cep,TUZLA,40.8168,29.2992,50,42,8,AÇIK OTOPARK,1,0,08:00-00:00
2026-07-16T05:40:13.252486+00:00,2026-07-16T08:40:13.252486+03:00,3057,Tuzla Sahil Zemin Altı Otoparkı,TUZLA,40.8181,29.3004,779,540,239,KAPALI OTOPARK,1,15,24 Saat
2026-07-16T05:40:13.252486+00:00,2026-07-16T08:40:13.252486+03:00,1811,Ulu Camii Açık Otoparkı,BAHÇELİEVLER,40.9982,28.8499,150,112,38,AÇIK OTOPARK,1,10,24 Saat
2026-07-16T05:40:13.252486+00:00,2026-07-16T08:40:13.252486+03:00,2424,Uzunçayır Açık Otoparkı,KADIKÖY,40.9988,29.0556,58,52,6,AÇIK OTOPARK,1,0,06:00-16:00
2026-07-16T05:40:13.252486+00:00,2026-07-16T08:40:13.252486+03:00,1468,Ümraniye Katlı Otoparkı,ÜMRANİYE,41.0261,29.0953,665,525,140,KAPALI OTOPARK,1,15,24 Saat
2026-07-16T05:40:13.252486+00:00,2026-07-16T08:40:13.252486+03:00,2898,Ümraniye Okan Sokak Zeminaltı Otoparkı,ÜMRANİYE,41.0284,29.0907,125,35,90,KAPALI OTOPARK,1,15,24 Saat
2026-07-16T05:40:13.252486+00:00,2026-07-16T08:40:13.252486+03:00,2345,Üsküdar Uzunçayır PD Açık Otoparkı,ÜSKÜDAR,40.9988,29.0577,90,64,26,AÇIK OTOPARK,1,15,06:00-22:00
2026-07-16T05:40:13.252486+00:00,2026-07-16T08:40:13.252486+03:00,1929,Üsküdar Ünalan Açık Otoparkı,ÜSKÜDAR,40.9979,29.0604,180,175,5,AÇIK OTOPARK,1,0,07:00-17:00
2026-07-16T05:40:13.252486+00:00,2026-07-16T08:40:13.252486+03:00,1487,Vatan Caddesi PD Açık Otoparkı,FATİH,41.0157,28.9405,397,240,157,AÇIK OTOPARK,1,5,24 Saat
2026-07-16T05:40:13.252486+00:00,2026-07-16T08:40:13.252486+03:00,1621,Veteriner Hilmi Sokak Yol Üstü 1,ŞİŞLİ,41.0603,28.9892,20,1,19,YOL ÜSTÜ,1,15,08:00-17:00
2026-07-16T05:40:13.252486+00:00,2026-07-16T08:40:13.252486+03:00,2441,Yalı Açık Otoparkı,MALTEPE,40.9095,29.137,85,82,3,AÇIK OTOPARK,1,0,07:30-22:00
2026-07-16T05:40:13.252486+00:00,2026-07-16T08:40:13.252486+03:00,459,Yalı Köşkü Caddesi 1,FATİH,41.0163,28.9759,61,1,60,YOL ÜSTÜ,1,5,07:00-21:00
2026-07-16T05:40:13.252486+00:00,2026-07-16T08:40:13.252486+03:00,2037,Yenikapı Marmaray Büyük Otoparkı,FATİH,41.0057,28.9505,324,234,90,AÇIK OTOPARK,1,15,24 Saat
2026-07-16T05:40:13.252486+00:00,2026-07-16T08:40:13.252486+03:00,2036,Yenikapı Marmaray Küçük Otoparkı,FATİH,41.0064,28.9504,200,192,8,AÇIK OTOPARK,1,15,07:00-22:00
2026-07-16T05:40:13.252486+00:00,2026-07-16T08:40:13.252486+03:00,2175,Yenikapı Spor ve Kültür Merkezi PD Açık Otoparkı,FATİH,41.0006,28.9519,4023,3810,213,AÇIK OTOPARK,1,15,24 Saat
2026-07-16T05:40:13.252486+00:00,2026-07-16T08:40:13.252486+03:00,2805,Yenikapı Tünel Üstü Açık Otoparkı,FATİH,41.0029,28.9534,700,524,176,AÇIK OTOPARK,1,10,24 Saat
2026-07-16T05:40:13.252486+00:00,2026-07-16T08:40:13.252486+03:00,3404,Yenimahalle Metro Zemin Altı PD Otoparkı,GAZİOSMANPAŞA,41.0839,28.8926,114,99,15,KAPALI OTOPARK,1,15,24 Saat
2026-07-16T05:40:13.252486+00:00,2026-07-16T08:40:13.252486+03:00,2920,Yeşilce Zemin Altı Katlı Otoparkı,KAĞITHANE,41.0938,29.0017,676,286,390,KAPALI OTOPARK,1,0,24 Saat
2026-07-16T05:40:13.252486+00:00,2026-07-16T08:40:13.252486+03:00,987,Yeşilköy İstasyon Caddesi 1,BAKIRKÖY,40.962,28.825,40,1,39,YOL ÜSTÜ,0,15,09:00-17:30
2026-07-16T05:40:13.252486+00:00,2026-07-16T08:40:13.252486+03:00,974,Yeşilköy Marina 1,BAKIRKÖY,40.9576,28.8233,145,1,144,YOL ÜSTÜ,0,0,12:00-23:00
2026-07-16T05:40:13.252486+00:00,2026-07-16T08:40:13.252486+03:00,3406,Yeşilpınar Metro Zemin Altı PD Otoparkı,EYÜP,41.081,28.9204,269,198,71,KAPALI OTOPARK,1,15,24 Saat
2026-07-16T05:40:13.252486+00:00,2026-07-16T08:40:13.252486+03:00,315,Yeşilyurt Çarşı 1,BAKIRKÖY,40.9643,28.8379,50,1,49,YOL ÜSTÜ,0,15,09:00-17:30
2026-07-16T05:40:13.252486+00:00,2026-07-16T08:40:13.252486+03:00,1133,Yıldız Korusu,BEŞİKTAŞ,41.0514,29.0165,500,1,499,AÇIK OTOPARK,1,0,08:00-22:00
2026-07-16T05:40:13.252486+00:00,2026-07-16T08:40:13.252486+03:00,882,Zeytinburnu 58. Bulvar 2,ZEYTİNBURNU,40.9932,28.9039,48,1,47,YOL ÜSTÜ,0,15,09:00-18:00
2026-07-16T05:40:13.252486+00:00,2026-07-16T08:40:13.252486+03:00,3185,Zeytinburnu Sahil Cep Otoparkı,ZEYTİNBURNU,40.9798,28.8985,160,1,159,AÇIK OTOPARK,0,0,12:00-22:00
2026-07-16T08:11:47.332937+00:00,2026-07-16T11:11:47.332937+03:00,3068,15 Temmuz Şehitler Meydanı Zeminaltı Otoparkı,ÜMRANİYE,41.0246,29.0915,1029,645,384,KAPALI OTOPARK,1,15,24 Saat
2026-07-16T08:11:47.332937+00:00,2026-07-16T11:11:47.332937+03:00,2338,19 Mayıs Açık,ŞİŞLİ,41.0563,28.9941,65,0,65,AÇIK OTOPARK,1,0,24 Saat
2026-07-16T08:11:47.332937+00:00,2026-07-16T11:11:47.332937+03:00,1751,4.Levent PD Açık Otoparkı,KAĞITHANE,41.0836,29.0081,236,102,134,AÇIK OTOPARK,1,5,24 Saat
2026-07-16T08:11:47.332937+00:00,2026-07-16T11:11:47.332937+03:00,3328,4.Levent Servis ve Turizm Araçları Açık Otoparkı,ŞİŞLİ,41.0841,29.0054,300,166,134,AÇIK OTOPARK,1,15,24 Saat
2026-07-16T08:11:47.332937+00:00,2026-07-16T11:11:47.332937+03:00,3412,5. Levent Gaziosmanpaşa Adliyesi Yanı Açık Otoparkı,EYÜP,41.0927,28.9494,250,60,190,AÇIK OTOPARK,1,15,07:00-23:00
2026-07-16T08:11:47.332937+00:00,2026-07-16T11:11:47.332937+03:00,104,Abide-i Hürriyet Caddesi 5,ŞİŞLİ,41.0619,28.9876,40,1,39,YOL ÜSTÜ,1,15,08:00-17:00
2026-07-16T08:11:47.332937+00:00,2026-07-16T11:11:47.332937+03:00,2452,Acıbadem Açık Otoparkı,ÜSKÜDAR,41.0157,29.0574,100,87,13,AÇIK OTOPARK,1,0,06:30-16:00
2026-07-16T08:11:47.332937+00:00,2026-07-16T11:11:47.332937+03:00,346,Ada Karşısı Cep 2,BEŞİKTAŞ,41.072,29.045,30,1,29,YOL ÜSTÜ,1,15,08:00-23:00
2026-07-16T08:11:47.332937+00:00,2026-07-16T11:11:47.332937+03:00,1663,Akasyalı Sokak Tenis Kulubü Önü 2,BEŞİKTAŞ,41.0867,29.0109,45,1,44,YOL ÜSTÜ,1,15,08:30-17:30
2026-07-16T08:11:47.332937+00:00,2026-07-16T11:11:47.332937+03:00,828,Akdeniz Caddesi 4,FATİH,41.0175,28.9435,27,1,26,YOL ÜSTÜ,1,15,09:00-18:00
2026-07-16T08:11:47.332937+00:00,2026-07-16T11:11:47.332937+03:00,1913,Alibeyköy Cep Otogarı Açık Otoparkı,EYÜP,41.0879,28.9446,116,38,78,AÇIK OTOPARK,1,25,24 Saat
2026-07-16T08:11:47.332937+00:00,2026-07-16T11:11:47.332937+03:00,1912,Alibeyköy Cep Otogarı Otobüs Otoparkı,EYÜP,41.0875,28.9449,5000,4984,16,AÇIK OTOPARK,1,60,24 Saat
2026-07-16T08:11:47.332937+00:00,2026-07-16T11:11:47.332937+03:00,2562,Alibeyköy Yeşiltepe Zemin Altı Otoparkı,EYÜP,41.0797,28.938,159,56,103,KAPALI OTOPARK,1,15,24 Saat
2026-07-16T08:11:47.332937+00:00,2026-07-16T11:11:47.332937+03:00,3201,Altınboynuz Sosyal Tesisleri,EYÜP,41.058,28.9447,70,70,0,AÇIK OTOPARK,1,15,08:00-23:00
2026-07-16T08:11:47.332937+00:00,2026-07-16T11:11:47.332937+03:00,758,Arap Camii Açık Otoparkı,BEYOĞLU,41.0227,28.9723,30,1,29,AÇIK OTOPARK,1,0,09:00-17:00
2026-07-16T08:11:47.332937+00:00,2026-07-16T11:11:47.332937+03:00,2685,Aras Sokak 2,BÜYÜKÇEKMECE,41.023,28.6209,60,1,59,YOL ÜSTÜ,1,0,06:00-14:30
2026-07-16T08:11:47.332937+00:00,2026-07-16T11:11:47.332937+03:00,2802,Arnavutköy Zemin Altı Otoparkı,ARNAVUTKÖY,41.1838,28.7396,700,27,673,KAPALI OTOPARK,1,15,24 Saat
2026-07-16T08:11:47.332937+00:00,2026-07-16T11:11:47.332937+03:00,1797,Ataköy Atrium AVM,BAKIRKÖY,40.9881,28.8459,250,195,55,AÇIK OTOPARK,1,15,08:00-23:00
2026-07-16T08:11:47.332937+00:00,2026-07-16T11:11:47.332937+03:00,2824,Ataköy Metro Durağı Yanı PD Zemin Altı Otoparkı,BAKIRKÖY,40.9904,28.8456,150,92,58,KAPALI OTOPARK,1,0,24 Saat
2026-07-16T08:11:47.332937+00:00,2026-07-16T11:11:47.332937+03:00,3161,Ataşehir Topçu İbrahim Sokak,ATAŞEHİR,40.9736,29.101,42,1,41,YOL ÜSTÜ,1,15,07:00-16:00
2026-07-16T08:11:47.332937+00:00,2026-07-16T11:11:47.332937+03:00,359,Atatürk Bulvarı 1,FATİH,41.0112,28.9534,20,1,19,YOL ÜSTÜ,1,0,07:30-18:00
2026-07-16T08:11:47.332937+00:00,2026-07-16T11:11:47.332937+03:00,3087,Atatürk Kent Ormanı Otoparkı,SARIYER,41.136,29.0262,200,198,2,AÇIK OTOPARK,1,0,08:00-17:00
2026-07-16T08:11:47.332937+00:00,2026-07-16T11:11:47.332937+03:00,1088,Avcılar İdo,AVCILAR,40.9712,28.7185,270,262,8,AÇIK OTOPARK,0,0,13:00-07:00
2026-07-16T08:11:47.332937+00:00,2026-07-16T11:11:47.332937+03:00,2885,Azapkapı Haliç Metro Otoparkı,ŞİŞLİ,41.0245,28.9691,80,0,80,AÇIK OTOPARK,1,5,24 Saat
2026-07-16T08:11:47.332937+00:00,2026-07-16T11:11:47.332937+03:00,2455,Azerbaycan Dostluk Parkı Zemin Altı Otoparkı,BAĞCILAR,41.0444,28.854,400,208,192,KAPALI OTOPARK,1,10,24 Saat
2026-07-16T08:11:47.332937+00:00,2026-07-16T11:11:47.332937+03:00,2965,Bağcılar Çolakoğlu Zemin Altı Otoparkı,BAĞCILAR,41.0324,28.8345,106,0,106,KAPALI OTOPARK,1,5,24 Saat
2026-07-16T08:11:47.332937+00:00,2026-07-16T11:11:47.332937+03:00,2576,Bağcılar Demirkapı Zemin Altı Otoparkı,BAĞCILAR,41.0499,28.8327,343,172,171,KAPALI OTOPARK,1,5,24 Saat
2026-07-16T08:11:47.332937+00:00,2026-07-16T11:11:47.332937+03:00,3036,Bağcılar Devlet Hastanesi Yanı Zeminaltı Otoparkı,BAĞCILAR,41.0312,28.8696,1133,64,1069,KAPALI OTOPARK,1,15,24 Saat
2026-07-16T08:11:47.332937+00:00,2026-07-16T11:11:47.332937+03:00,3071,Bağcılar Emniyet Müdürlüğü Yanı Açık Otoparkı,BAĞCILAR,41.0353,28.8598,100,54,46,AÇIK OTOPARK,1,0,24 Saat
2026-07-16T08:11:47.332937+00:00,2026-07-16T11:11:47.332937+03:00,2873,Bağcılar Göztepe Zemin Altı,BAĞCILAR,41.0567,28.8355,120,0,120,KAPALI OTOPARK,1,5,24 Saat
2026-07-16T08:11:47.332937+00:00,2026-07-16T11:11:47.332937+03:00,3187,Bağcılar Hürriyet Mahallesi Zemin Altı Otoparkı,BAĞCILAR,41.0291,28.8333,355,0,355,KAPALI OTOPARK,1,10,24 Saat
2026-07-16T08:11:47.332937+00:00,2026-07-16T11:11:47.332937+03:00,2916,Bağcılar Kent Meydanı PD Zemin Altı Otoparkı,BAĞCILAR,41.0339,28.8556,1162,0,1162,KAPALI OTOPARK,1,0,24 Saat
2026-07-16T08:11:47.332937+00:00,2026-07-16T11:11:47.332937+03:00,3261,Bağcılar Yenimahalle Zemin Altı Otoparkı,BAĞCILAR,41.0425,28.8395,525,286,239,KAPALI OTOPARK,1,15,24 Saat
2026-07-16T08:11:47.332937+00:00,2026-07-16T11:11:47.332937+03:00,2820,Bağcılar Yıldıztepe Katlı Otoparkı,BAĞCILAR,41.0294,28.8556,350,0,350,KAPALI OTOPARK,1,10,24 Saat
2026-07-16T08:11:47.332937+00:00,2026-07-16T11:11:47.332937+03:00,3447,Bahçelievler 23 Nisan Milli Egemenlik Zeminaltı Otoparkı,BAHÇELİEVLER,40.9988,28.8472,732,381,351,KAPALI OTOPARK,1,10,24 Saat
2026-07-16T08:11:47.332937+00:00,2026-07-16T11:11:47.332937+03:00,2993,Bahçelievler Cumhuriyet Zeminaltı Otoparkı,BAHÇELİEVLER,41.0149,28.859,663,0,663,KAPALI OTOPARK,1,10,24 Saat
2026-07-16T08:11:47.332937+00:00,2026-07-16T11:11:47.332937+03:00,2969,Bahçelievler Devlet Hastanesi Yanı Katlı Otoparkı,BAHÇELİEVLER,41.0072,28.8442,740,0,740,KAPALI OTOPARK,1,0,24 Saat
2026-07-16T08:11:47.332937+00:00,2026-07-16T11:11:47.332937+03:00,3051,Bahçelievler Zafer Mh. Zeminaltı Otoparkı,BAHÇELİEVLER,41.0036,28.8351,200,85,115,KAPALI OTOPARK,1,0,24 Saat
2026-07-16T08:11:47.332937+00:00,2026-07-16T11:11:47.332937+03:00,3118,Bahçeşehir Doğa Parkı Caddesi 3,BAŞAKŞEHİR,41.0683,28.6894,22,1,21,YOL ÜSTÜ,1,15,10:00-20:00
2026-07-16T08:11:47.332937+00:00,2026-07-16T11:11:47.332937+03:00,3236,Bahçeşehir Gölet Açık Otoparkı,BAŞAKŞEHİR,41.0719,28.6901,200,1,199,AÇIK OTOPARK,0,0,12:00-22:00
2026-07-16T08:11:47.332937+00:00,2026-07-16T11:11:47.332937+03:00,1465,Bakırköy İdo Açık Otoparkı,BAKIRKÖY,40.9739,28.8761,160,120,40,AÇIK OTOPARK,1,10,24 Saat
2026-07-16T08:11:47.332937+00:00,2026-07-16T11:11:47.332937+03:00,1104,Balmumcu Katlı Otoparkı,BEŞİKTAŞ,41.0636,29.0109,400,240,160,KAPALI OTOPARK,1,5,24 Saat
2026-07-16T08:11:47.332937+00:00,2026-07-16T11:11:47.332937+03:00,2796,Başakşehir Metro Açık Otoparkı,BAŞAKŞEHİR,41.107,28.801,125,1,124,AÇIK OTOPARK,1,0,07:00-16:00
2026-07-16T08:11:47.332937+00:00,2026-07-16T11:11:47.332937+03:00,2350,Bayrampaşa Adapark Katlı Otoparkı,BAYRAMPAŞA,41.0647,28.8875,650,0,650,KAPALI OTOPARK,1,15,24 Saat
2026-07-16T08:11:47.332937+00:00,2026-07-16T11:11:47.332937+03:00,2892,Bayrampaşa Altıntepsi Zemin  Altı Otoparkı,BAYRAMPAŞA,41.0393,28.9029,110,0,110,KAPALI OTOPARK,1,10,24 Saat
2026-07-16T08:11:47.332937+00:00,2026-07-16T11:11:47.332937+03:00,2909,Bayrampaşa Atatürk Parkı  Zemin Altı Otoparkı,BAYRAMPAŞA,41.0342,28.9123,442,0,442,KAPALI OTOPARK,1,10,24 Saat
2026-07-16T08:11:47.332937+00:00,2026-07-16T11:11:47.332937+03:00,2683,Bayrampaşa Devlet Hastanesi Cep Otoparkı,BAYRAMPAŞA,41.0414,28.9031,55,13,42,AÇIK OTOPARK,1,0,08:00-19:00
2026-07-16T08:11:47.332937+00:00,2026-07-16T11:11:47.332937+03:00,3301,Bayrampaşa Kocatepe Mahallesi Zemin Altı Otoparkı,BAYRAMPAŞA,41.0545,28.8964,241,0,241,KAPALI OTOPARK,1,10,24 Saat
2026-07-16T08:11:47.332937+00:00,2026-07-16T11:11:47.332937+03:00,2053,Bayrampaşa Muratpaşa Yer Altı Otoparkı,BAYRAMPAŞA,41.047,28.9082,300,23,277,KAPALI OTOPARK,1,15,24 Saat
2026-07-16T08:11:47.332937+00:00,2026-07-16T11:11:47.332937+03:00,3175,Bayrampaşa Spor Kompleksi Zemin Altı Otoparkı,BAYRAMPAŞA,41.0446,28.9106,205,0,205,KAPALI OTOPARK,1,15,24 Saat
2026-07-16T08:11:47.332937+00:00,2026-07-16T11:11:47.332937+03:00,3382,Bayrampaşa Şehit Kamil Balkan Zemin Altı Otoparkı,BAYRAMPAŞA,41.0604,28.9008,235,0,235,KAPALI OTOPARK,1,10,24 Saat
2026-07-16T08:11:47.332937+00:00,2026-07-16T11:11:47.332937+03:00,2428,Bayrampaşa Yenidoğan Mahallesi Zemin Altı Otoparkı,BAYRAMPAŞA,41.0395,28.9088,120,0,120,KAPALI OTOPARK,1,10,24 Saat
2026-07-16T08:11:47.332937+00:00,2026-07-16T11:11:47.332937+03:00,2468,Bebek Açık,BEŞİKTAŞ,41.077,29.0434,30,0,30,AÇIK OTOPARK,1,0,24 Saat
2026-07-16T08:11:47.332937+00:00,2026-07-16T11:11:47.332937+03:00,3479,Beşiktaş Halk Pazarı Açık Otoparkı,BEŞİKTAŞ,41.0496,29.0004,170,122,48,AÇIK OTOPARK,1,5,24 Saat
2026-07-16T08:11:47.332937+00:00,2026-07-16T11:11:47.332937+03:00,573,Beşiktaş Kadastro Önü 1,BEŞİKTAŞ,41.0503,29.0076,39,1,38,YOL ÜSTÜ,1,15,08:00-17:00
2026-07-16T08:11:47.332937+00:00,2026-07-16T11:11:47.332937+03:00,3257,Beykoz Sahil Cep Otoparkı,BEYKOZ,41.1286,29.0953,100,75,25,AÇIK OTOPARK,1,0,08:00-00:00
2026-07-16T08:11:47.332937+00:00,2026-07-16T11:11:47.332937+03:00,2273,Beykoz Sosyal Tesisleri,BEYKOZ,41.1143,29.0888,130,68,62,AÇIK OTOPARK,1,15,08:00-00:00
2026-07-16T08:11:47.332937+00:00,2026-07-16T11:11:47.332937+03:00,2999,Beyoğlu Gazhane Bostan Sokak 2,BEYOĞLU,41.0389,28.9903,35,1,34,YOL ÜSTÜ,1,0,07:30-16:30
2026-07-16T08:11:47.332937+00:00,2026-07-16T11:11:47.332937+03:00,3072,Beyoğlu Örnektepe Zemin Altı Otoparkı,BEYOĞLU,41.0543,28.9548,143,0,143,KAPALI OTOPARK,1,0,24 Saat
2026-07-16T08:11:47.332937+00:00,2026-07-16T11:11:47.332937+03:00,1455,Bostancı Açık,KADIKÖY,40.9523,29.0902,394,134,260,AÇIK OTOPARK,1,15,24 Saat
2026-07-16T08:11:47.332937+00:00,2026-07-16T11:11:47.332937+03:00,1456,Bostancı Sahil-Cep Açık Otoparkı,KADIKÖY,40.9545,29.0885,192,126,66,AÇIK OTOPARK,1,15,24 Saat
2026-07-16T08:11:47.332937+00:00,2026-07-16T11:11:47.332937+03:00,2150,Bostancı Vergi Dairesi Açık Otoparkı,ATAŞEHİR,40.9625,29.1083,155,0,155,AÇIK OTOPARK,1,5,08:00-20:00
2026-07-16T08:11:47.332937+00:00,2026-07-16T11:11:47.332937+03:00,2854,Bülent Ecevit Kültür Merkezi Açık Otoparkı,KARTAL,40.8852,29.1967,277,273,4,AÇIK OTOPARK,1,5,10:00-21:00
2026-07-16T08:11:47.332937+00:00,2026-07-16T11:11:47.332937+03:00,2866,Büyük İstanbul Otogarı,BAYRAMPAŞA,41.0402,28.8942,1000,0,1000,AÇIK OTOPARK,1,25,24 Saat
2026-07-16T08:11:47.332937+00:00,2026-07-16T11:11:47.332937+03:00,1192,Büyükçamlıca Korusu Sosyal Tesisleri Önü,ÜSKÜDAR,41.0264,29.0698,204,113,91,AÇIK OTOPARK,1,0,08:00-00:00
2026-07-16T08:11:47.332937+00:00,2026-07-16T11:11:47.332937+03:00,2960,Büyükçekmece Metrobüs Durağı Yanı PD Zemin Altı Otopark,BÜYÜKÇEKMECE,41.0221,28.624,448,134,314,KAPALI OTOPARK,1,0,24 Saat
2026-07-16T08:11:47.332937+00:00,2026-07-16T11:11:47.332937+03:00,1503,Cadde Bostan Açık Otoparkı,KADIKÖY,40.9636,29.0675,66,37,29,AÇIK OTOPARK,1,15,24 Saat
2026-07-16T08:11:47.332937+00:00,2026-07-16T11:11:47.332937+03:00,2933,Cemal Kamacı Spor Kompleksi Zemin Altı Otoparkı,KAĞITHANE,41.0536,28.9575,510,0,510,KAPALI OTOPARK,1,0,24 Saat
2026-07-16T08:11:47.332937+00:00,2026-07-16T11:11:47.332937+03:00,2207,Cengiz Topel Yer Altı Katlı Otoparkı,ESENLER,41.0588,28.8643,144,0,144,KAPALI OTOPARK,1,15,24 Saat
2026-07-16T08:11:47.332937+00:00,2026-07-16T11:11:47.332937+03:00,2787,Cevizli Açık Otoparkı,KARTAL,40.9179,29.1712,100,30,70,AÇIK OTOPARK,1,15,08:00-19:00
2026-07-16T08:11:47.332937+00:00,2026-07-16T11:11:47.332937+03:00,782,Cihangir Caddesi 2,BEYOĞLU,41.0319,28.9862,70,1,69,YOL ÜSTÜ,1,15,09:00-19:00
2026-07-16T08:11:47.332937+00:00,2026-07-16T11:11:47.332937+03:00,1467,Cihangir Katlı Otoparkı,BEYOĞLU,41.0318,28.9858,350,0,350,KAPALI OTOPARK,1,0,24 Saat
2026-07-16T08:11:47.332937+00:00,2026-07-16T11:11:47.332937+03:00,535,Cihannuma Yol Üstü 1,BEŞİKTAŞ,41.0454,29.0084,35,1,34,YOL ÜSTÜ,1,0,08:00-23:00
2026-07-16T08:11:47.332937+00:00,2026-07-16T11:11:47.332937+03:00,537,Cihannuma Yol Üstü 3,BEŞİKTAŞ,41.0459,29.0087,33,1,32,YOL ÜSTÜ,1,0,08:00-23:00
2026-07-16T08:11:47.332937+00:00,2026-07-16T11:11:47.332937+03:00,539,Cihannuma Yol Üstü 5,BEŞİKTAŞ,41.0489,29.0094,24,1,23,YOL ÜSTÜ,1,0,08:00-23:00
2026-07-16T08:11:47.332937+00:00,2026-07-16T11:11:47.332937+03:00,3184,Çam Sokak 6,GÜNGÖREN,41.0121,28.8882,50,1,49,YOL ÜSTÜ,1,15,08:00-17:00
2026-07-16T08:11:47.332937+00:00,2026-07-16T11:11:47.332937+03:00,2003,Çatalca İnceğiz Mesire Alanı,ÇATALCA,41.1827,28.4041,1000,1,999,AÇIK OTOPARK,1,0,06:00-20:00
2026-07-16T08:11:47.332937+00:00,2026-07-16T11:11:47.332937+03:00,3030,Çekmeköy Metro PD Zemin Altı Otoparkı,ÇEKMEKÖY,41.0147,29.1886,175,54,121,KAPALI OTOPARK,1,15,24 Saat
2026-07-16T08:11:47.332937+00:00,2026-07-16T11:11:47.332937+03:00,2905,Çeliktepe Açık Otoparkı,KAĞITHANE,41.0843,29.0056,200,84,116,AÇIK OTOPARK,1,5,24 Saat
2026-07-16T08:11:47.332937+00:00,2026-07-16T11:11:47.332937+03:00,1298,Çengelköy Açık Otoparkı,ÜSKÜDAR,41.0484,29.0533,500,159,341,AÇIK OTOPARK,1,15,24 Saat
2026-07-16T08:11:47.332937+00:00,2026-07-16T11:11:47.332937+03:00,502,Çınar Açık Otoparkı,BEŞİKTAŞ,41.0853,29.0088,65,1,64,AÇIK OTOPARK,1,0,08:00-18:00
2026-07-16T08:11:47.332937+00:00,2026-07-16T11:11:47.332937+03:00,777,Çırağan Sarayı Yol Üstü 1,BEŞİKTAŞ,41.0448,29.0165,40,1,39,YOL ÜSTÜ,1,15,08:00-23:00
2026-07-16T08:11:47.332937+00:00,2026-07-16T11:11:47.332937+03:00,778,Çırağan Sarayı Yol Üstü 2,BEŞİKTAŞ,41.0445,29.0156,40,1,39,YOL ÜSTÜ,1,15,08:00-23:00
2026-07-16T08:11:47.332937+00:00,2026-07-16T11:11:47.332937+03:00,2228,Çırpıcı Sosyal Tesisler,ZEYTİNBURNU,41,28.8926,128,0,128,AÇIK OTOPARK,1,15,07:00-00:00
2026-07-16T08:11:47.332937+00:00,2026-07-16T11:11:47.332937+03:00,1508,Çiroz Yeşilköy Halk Pazarı,BAKIRKÖY,40.9628,28.8129,471,1,470,AÇIK OTOPARK,1,0,08:00-18:00
2026-07-16T08:11:47.332937+00:00,2026-07-16T11:11:47.332937+03:00,2030,Dalyan Açık Otoparkı,KADIKÖY,40.9632,29.0651,92,17,75,AÇIK OTOPARK,1,15,24 Saat
2026-07-16T08:11:47.332937+00:00,2026-07-16T11:11:47.332937+03:00,2271,Damla Sokak 1,ŞİŞLİ,41.0672,29.0004,17,1,16,YOL ÜSTÜ,1,15,07:30-16:30
2026-07-16T08:11:47.332937+00:00,2026-07-16T11:11:47.332937+03:00,2164,Darüşşafaka Yeraltı Otoparkı,SARIYER,41.1292,29.0252,150,115,35,KAPALI OTOPARK,1,15,08:00-00:00
2026-07-16T08:11:47.332937+00:00,2026-07-16T11:11:47.332937+03:00,1653,Deniz Feneri Otoparkı,FATİH,41.0019,28.9773,175,116,59,AÇIK OTOPARK,1,5,24 Saat
2026-07-16T08:11:47.332937+00:00,2026-07-16T11:11:47.332937+03:00,595,Dostluk Yurdu 1,FATİH,41.0071,28.973,33,1,32,YOL ÜSTÜ,1,15,07:00-17:00
2026-07-16T08:11:47.332937+00:00,2026-07-16T11:11:47.332937+03:00,2237,Dragos Sosyal Tesisleri,KARTAL,40.9017,29.1458,100,43,57,AÇIK OTOPARK,1,15,24 Saat
2026-07-16T08:11:47.332937+00:00,2026-07-16T11:11:47.332937+03:00,3063,Dudullu Metro PD Zemin Altı Otoparkı,ÜMRANİYE,41.0156,29.1633,81,56,25,KAPALI OTOPARK,1,15,07:00-23:30
2026-07-16T08:11:47.332937+00:00,2026-07-16T11:11:47.332937+03:00,1522,Ebu Suut Caddesi 1,FATİH,41.0128,28.9766,35,1,34,YOL ÜSTÜ,1,0,08:00-18:00
2026-07-16T08:11:47.332937+00:00,2026-07-16T11:11:47.332937+03:00,2147,EGS Blokları Açık Otoparkı,BAKIRKÖY,40.9863,28.8354,350,1,349,AÇIK OTOPARK,1,60,09:00-19:30
2026-07-16T08:11:47.332937+00:00,2026-07-16T11:11:47.332937+03:00,2366,Esenler Adem Baştürk Kültür Merkezi Katlı,ESENLER,41.039,28.8846,460,46,414,KAPALI OTOPARK,1,15,24 Saat
2026-07-16T08:11:47.332937+00:00,2026-07-16T11:11:47.332937+03:00,3190,Esenler Havaalanı Mahallesi Zemin Altı Otoparkı,ESENLER,41.0562,28.8674,610,401,209,KAPALI OTOPARK,1,10,24 Saat
2026-07-16T08:11:47.332937+00:00,2026-07-16T11:11:47.332937+03:00,3011,Esenler Menderes Metro İstasyonu Yanı,ESENLER,41.0427,28.8783,68,0,68,AÇIK OTOPARK,1,5,24 Saat
2026-07-16T08:11:47.332937+00:00,2026-07-16T11:11:47.332937+03:00,2822,Esenler Menderes Parkı Zemin Altı Otoparkı,ESENLER,41.0412,28.8729,325,97,228,KAPALI OTOPARK,1,10,24 Saat
2026-07-16T08:11:47.332937+00:00,2026-07-16T11:11:47.332937+03:00,3303,Esenyurt Adile Naşit Bulvarı Zeminaltı Otoparkı,ESENYURT,41.0205,28.6859,367,298,69,KAPALI OTOPARK,1,15,24 Saat
2026-07-16T08:11:47.332937+00:00,2026-07-16T11:11:47.332937+03:00,1328,Eski Salı Pazarı,KADIKÖY,40.9904,29.0338,760,0,760,AÇIK OTOPARK,1,15,24 Saat
2026-07-16T08:11:47.332937+00:00,2026-07-16T11:11:47.332937+03:00,904,Eyüp Pierloti Caddesi 1,EYÜP,41.0539,28.9329,40,1,39,YOL ÜSTÜ,1,0,09:00-22:00
2026-07-16T08:11:47.332937+00:00,2026-07-16T11:11:47.332937+03:00,2850,Eyüpsultan Akşemsettin Mahallesi Zemin Altı Otoparkı,EYÜP,41.085,28.9258,110,0,110,KAPALI OTOPARK,1,15,24 Saat
2026-07-16T08:11:47.332937+00:00,2026-07-16T11:11:47.332937+03:00,2215,Fatih Çeşmesi Tabiat Parkı Otoparkı,SARIYER,41.1686,28.9448,250,1,249,AÇIK OTOPARK,1,0,06:00-20:00
2026-07-16T08:11:47.332937+00:00,2026-07-16T11:11:47.332937+03:00,1475,Fatih Katlı Otoparkı,FATİH,41.0198,28.9396,118,0,118,KAPALI OTOPARK,1,10,24 Saat
2026-07-16T08:11:47.332937+00:00,2026-07-16T11:11:47.332937+03:00,1591,Feshane PD Açık Otoparkı,EYÜP,41.0463,28.9378,200,143,57,AÇIK OTOPARK,1,15,24 Saat
2026-07-16T08:11:47.332937+00:00,2026-07-16T11:11:47.332937+03:00,1005,Florya Havuzlu Bahçe,BAKIRKÖY,40.9764,28.7908,135,1,134,AÇIK OTOPARK,1,0,09:00-23:00
2026-07-16T08:11:47.332937+00:00,2026-07-16T11:11:47.332937+03:00,2238,Florya Sosyal Tesisleri,BAKIRKÖY,40.9614,28.8091,1074,927,147,AÇIK OTOPARK,1,15,24 Saat
2026-07-16T08:11:47.332937+00:00,2026-07-16T11:11:47.332937+03:00,3296,Gaziosmanpaşa Meydanı ve Yaşam Merkezi Zemin Altı Otoparkı,GAZİOSMANPAŞA,41.0606,28.9093,202,0,202,KAPALI OTOPARK,1,15,24 Saat
2026-07-16T08:11:47.332937+00:00,2026-07-16T11:11:47.332937+03:00,2971,Gaziosmanpaşa Zemin Altı Otoparkı,GAZİOSMANPAŞA,41.0796,28.8858,285,0,285,KAPALI OTOPARK,1,0,24 Saat
2026-07-16T08:11:47.332937+00:00,2026-07-16T11:11:47.332937+03:00,3401,Giyimkent Tekstilkent Metro Zemin Altı PD Otoparkı,ESENLER,41.0711,28.8666,203,175,28,KAPALI OTOPARK,1,10,24 Saat
2026-07-16T08:11:47.332937+00:00,2026-07-16T11:11:47.332937+03:00,2242,Gözdağı Sosyal Tesisler  Açık Otoparkı,PENDİK,40.893,29.2538,300,217,83,AÇIK OTOPARK,1,0,07:00-23:00
2026-07-16T08:11:47.332937+00:00,2026-07-16T11:11:47.332937+03:00,1879,Gülsuyu Metro PD Yer Altı Otoparkı,MALTEPE,40.9237,29.1548,76,0,76,KAPALI OTOPARK,1,15,08:00-00:00
2026-07-16T08:11:47.332937+00:00,2026-07-16T11:11:47.332937+03:00,1423,Güneş Plajı 1,BAKIRKÖY,40.9712,28.79,250,166,84,AÇIK OTOPARK,1,10,24 Saat
2026-07-16T08:11:47.332937+00:00,2026-07-16T11:11:47.332937+03:00,1461,Güneş Plajı 2,BAKIRKÖY,40.9692,28.7951,135,118,17,AÇIK OTOPARK,1,10,08:00-20:00
2026-07-16T08:11:47.332937+00:00,2026-07-16T11:11:47.332937+03:00,3053,Güngören Nikah Dairesi Zemin Altı otoparkı,GÜNGÖREN,41.0363,28.8718,147,0,147,KAPALI OTOPARK,1,10,24 Saat
2026-07-16T08:11:47.332937+00:00,2026-07-16T11:11:47.332937+03:00,2216,Gürpınar Balık Hali Otoparkı,BEYLİKDÜZÜ,40.9663,28.6019,1000,787,213,AÇIK OTOPARK,1,15,24 Saat
2026-07-16T08:11:47.332937+00:00,2026-07-16T11:11:47.332937+03:00,1525,Hacıosman Metro Yer Altı Otoparkı,SARIYER,41.14,29.0306,422,0,422,KAPALI OTOPARK,1,15,24 Saat
2026-07-16T08:11:47.332937+00:00,2026-07-16T11:11:47.332937+03:00,1470,Haldun Alagaş Katlı Otoparkı,ÜMRANİYE,41.0262,29.1052,197,35,162,KAPALI OTOPARK,1,15,24 Saat
2026-07-16T08:11:47.332937+00:00,2026-07-16T11:11:47.332937+03:00,3235,Haliç Sosyal Tesisleri Otoparkı,FATİH,41.0277,28.9572,60,25,35,AÇIK OTOPARK,1,15,07:00-00:00
2026-07-16T08:11:47.332937+00:00,2026-07-16T11:11:47.332937+03:00,2848,Halkalı Mahallesi Zemin Altı Otoparkı,KÜÇÜKÇEKMECE,41.0359,28.7848,347,200,147,KAPALI OTOPARK,1,15,24 Saat
2026-07-16T08:11:47.332937+00:00,2026-07-16T11:11:47.332937+03:00,2838,Hamidiye Mahallesi Katlı Otoparkı,KAĞITHANE,41.0949,28.971,450,229,221,KAPALI OTOPARK,1,15,24 Saat
2026-07-16T08:11:47.332937+00:00,2026-07-16T11:11:47.332937+03:00,1446,Harbiye Zemin Altı Otoparkı,BEYOĞLU,41.0408,28.9869,142,6,136,KAPALI OTOPARK,1,0,24 Saat
2026-07-16T08:11:47.332937+00:00,2026-07-16T11:11:47.332937+03:00,2332,Haydarpaşa Katlı Otoparkı,ÜSKÜDAR,41.0048,29.0251,840,339,501,KAPALI OTOPARK,1,15,24 Saat
2026-07-16T08:11:47.332937+00:00,2026-07-16T11:11:47.332937+03:00,1987,Haznedar Yer Altı Otoparkı,GÜNGÖREN,41.0083,28.8729,540,0,540,KAPALI OTOPARK,1,0,24 Saat
2026-07-16T08:11:47.332937+00:00,2026-07-16T11:11:47.332937+03:00,377,Hızır Külhani Sokak,FATİH,41.0202,28.9605,32,1,31,YOL ÜSTÜ,1,15,09:00-17:00
2026-07-16T08:11:47.332937+00:00,2026-07-16T11:11:47.332937+03:00,3173,Hürriyet Mahallesi Zeminaltı Otoparkı,GAZİOSMANPAŞA,41.0708,28.8951,190,0,190,KAPALI OTOPARK,1,15,24 Saat
2026-07-16T08:11:47.332937+00:00,2026-07-16T11:11:47.332937+03:00,157,Ihlamur Dere Caddesi 4,BEŞİKTAŞ,41.047,29.0023,27,1,26,YOL ÜSTÜ,1,15,09:00-17:00
2026-07-16T08:11:47.332937+00:00,2026-07-16T11:11:47.332937+03:00,1189,İçerenköy Sebze Meyve Hali Otoparkı,ATAŞEHİR,40.9766,29.1044,600,1,599,AÇIK OTOPARK,1,15,24 Saat
2026-07-16T08:11:47.332937+00:00,2026-07-16T11:11:47.332937+03:00,1127,İshakpaşa Caddesi,FATİH,41.0079,28.9814,200,1,199,YOL ÜSTÜ,1,0,08:00-18:00
2026-07-16T08:11:47.332937+00:00,2026-07-16T11:11:47.332937+03:00,3265,İspark İstanbul West Marina Açık Otoparkı 1,BEYLİKDÜZÜ,40.9636,28.6564,250,1,249,AÇIK OTOPARK,1,15,24 Saat
2026-07-16T08:11:47.332937+00:00,2026-07-16T11:11:47.332937+03:00,2793,İspark Merter Katlı Otoparkı,GÜNGÖREN,41.0097,28.89,900,305,595,KAPALI OTOPARK,1,10,24 Saat
2026-07-16T08:11:47.332937+00:00,2026-07-16T11:11:47.332937+03:00,2430,İspark West İstanbul Marina Açık Otoparkı,BEYLİKDÜZÜ,40.9639,28.6591,1600,1393,207,AÇIK OTOPARK,1,15,24 Saat
2026-07-16T08:11:47.332937+00:00,2026-07-16T11:11:47.332937+03:00,381,İstinye 4 ( Cami Önü ),SARIYER,41.1149,29.0571,25,1,24,YOL ÜSTÜ,1,15,08:30-17:30
2026-07-16T08:11:47.332937+00:00,2026-07-16T11:11:47.332937+03:00,1804,İtalyan Hastanesi Karşısı Açık Otoparkı 1,BEYOĞLU,41.028,28.9815,30,1,29,AÇIK OTOPARK,1,0,08:00-19:00
2026-07-16T08:11:47.332937+00:00,2026-07-16T11:11:47.332937+03:00,507,Kabasakal Medrese Önü,FATİH,41.0062,28.9789,65,1,64,AÇIK OTOPARK,1,0,08:00-18:30
2026-07-16T08:11:47.332937+00:00,2026-07-16T11:11:47.332937+03:00,3306,Kabataş Transfer Merkezi Turizm Otobüs Otoparkı,BEYOĞLU,41.0336,28.9923,160,12,148,KAPALI OTOPARK,1,20,24 Saat
2026-07-16T08:11:47.332937+00:00,2026-07-16T11:11:47.332937+03:00,2918,Kadıköy Hasanpaşa Gazhane Katlı Otoparkı,KADIKÖY,40.9972,29.0428,310,198,112,KAPALI OTOPARK,1,15,24 Saat
2026-07-16T08:11:47.332937+00:00,2026-07-16T11:11:47.332937+03:00,1447,Kadıköy İski Açık Otoparkı,KADIKÖY,40.9874,29.0207,124,54,70,AÇIK OTOPARK,1,15,24 Saat
2026-07-16T08:11:47.332937+00:00,2026-07-16T11:11:47.332937+03:00,1655,Kadıköy Metro Açık Otoparkı,KADIKÖY,40.9899,29.0217,74,0,74,AÇIK OTOPARK,1,15,24 Saat
2026-07-16T08:11:47.332937+00:00,2026-07-16T11:11:47.332937+03:00,3445,Kadıköy Uzunçayır PD Açık Otoparkı,KADIKÖY,40.9982,29.0569,70,51,19,AÇIK OTOPARK,1,15,06:30-16:30
2026-07-16T08:11:47.332937+00:00,2026-07-16T11:11:47.332937+03:00,2808,Kadıköy Yeni Salı Pazarı PD Katlı Otoparkı,KADIKÖY,40.9969,29.0486,1350,387,963,KAPALI OTOPARK,1,15,24 Saat
2026-07-16T08:11:47.332937+00:00,2026-07-16T11:11:47.332937+03:00,2811,Kağıthane Harmantepe Zemin Altı Otoparkı,KAĞITHANE,41.0816,28.9907,200,0,200,KAPALI OTOPARK,1,0,24 Saat
2026-07-16T08:11:47.332937+00:00,2026-07-16T11:11:47.332937+03:00,1452,Kalamış Açık Otoparkı,KADIKÖY,40.9687,29.0363,173,124,49,AÇIK OTOPARK,1,15,24 Saat
2026-07-16T08:11:47.332937+00:00,2026-07-16T11:11:47.332937+03:00,1474,Kartal Hasan Doğan Spor Kompleksi,KARTAL,40.8918,29.1897,773,0,773,KAPALI OTOPARK,1,15,24 Saat
2026-07-16T08:11:47.332937+00:00,2026-07-16T11:11:47.332937+03:00,1105,Kartal İdo Açık Otoparkı,KARTAL,40.8874,29.1881,90,0,90,AÇIK OTOPARK,1,15,24 Saat
2026-07-16T08:11:47.332937+00:00,2026-07-16T11:11:47.332937+03:00,1550,Kartal Sahil Açık Otoparkı,KARTAL,40.8875,29.1901,75,25,50,AÇIK OTOPARK,1,5,24 Saat
2026-07-16T08:11:47.332937+00:00,2026-07-16T11:11:47.332937+03:00,3434,Kasımpaşa Sosyal Tesisler Otoparkı,BEYOĞLU,41.0296,28.9673,60,36,24,AÇIK OTOPARK,1,0,07:30-23:00
2026-07-16T08:11:47.332937+00:00,2026-07-16T11:11:47.332937+03:00,2827,Kayaşehir Meydan Zemin Altı Otoparkı,BAŞAKŞEHİR,41.1196,28.7718,1054,1,1053,KAPALI OTOPARK,1,0,10:00-17:00
2026-07-16T08:11:47.332937+00:00,2026-07-16T11:11:47.332937+03:00,1960,Kazlıçeşme Marmaray Açık Otoparkı,ZEYTİNBURNU,40.9922,28.917,700,587,113,AÇIK OTOPARK,1,15,24 Saat
2026-07-16T08:11:47.332937+00:00,2026-07-16T11:11:47.332937+03:00,2994,Kirazlı Metro Durağı PD Açık Otoparkı,BAĞCILAR,41.033,28.8429,112,0,112,AÇIK OTOPARK,1,5,24 Saat
2026-07-16T08:11:47.332937+00:00,2026-07-16T11:11:47.332937+03:00,1528,Kore Şehitleri Caddesi - Yüzbaşı Kaya Aldağon Sokak 1,ŞİŞLİ,41.0719,29.0139,40,1,39,YOL ÜSTÜ,1,15,07:00-16:00
2026-07-16T08:11:47.332937+00:00,2026-07-16T11:11:47.332937+03:00,2449,Kozyatağı Sebze-Meyve Hali,ATAŞEHİR,40.9787,29.1029,1500,1,1499,AÇIK OTOPARK,1,0,24 Saat
2026-07-16T08:11:47.332937+00:00,2026-07-16T11:11:47.332937+03:00,1206,Kutlugün Sokak 2,FATİH,41.0061,28.9801,200,1,199,YOL ÜSTÜ,1,0,08:00-18:00
2026-07-16T08:11:47.332937+00:00,2026-07-16T11:11:47.332937+03:00,3074,Küçük Çamlıca,ÜSKÜDAR,41.0204,29.0653,129,106,23,AÇIK OTOPARK,1,0,08:00-22:00
2026-07-16T08:11:47.332937+00:00,2026-07-16T11:11:47.332937+03:00,3127,Küçükçekmece Cennet Mahallesi Meydan Zemin Altı Otoparkı,KÜÇÜKÇEKMECE,40.9907,28.783,456,0,456,KAPALI OTOPARK,1,10,24 Saat
2026-07-16T08:11:47.332937+00:00,2026-07-16T11:11:47.332937+03:00,2554,Küçükçekmece Fevzi Çakmak Meydanı Zemin Altı Otoparkı,KÜÇÜKÇEKMECE,41.0076,28.7927,1000,529,471,KAPALI OTOPARK,1,10,24 Saat
2026-07-16T08:11:47.332937+00:00,2026-07-16T11:11:47.332937+03:00,2882,Küçüksu Kasrı Açık Otoparkı,BEYKOZ,41.0789,29.0657,98,91,7,AÇIK OTOPARK,1,0,07:00-23:00
2026-07-16T08:11:47.332937+00:00,2026-07-16T11:11:47.332937+03:00,220,Levent Hamidiye,BEŞİKTAŞ,41.0861,29.0076,100,1,99,AÇIK OTOPARK,1,0,08:00-19:00
2026-07-16T08:11:47.332937+00:00,2026-07-16T11:11:47.332937+03:00,1138,Levent Metro Yer Altı Otoparkı,BEŞİKTAŞ,41.0811,29.0105,100,1,99,AÇIK OTOPARK,1,5,07:30-19:30
2026-07-16T08:11:47.332937+00:00,2026-07-16T11:11:47.332937+03:00,2335,Maçka Açık Otoparkı,ŞİŞLİ,41.046,28.9908,75,75,0,AÇIK OTOPARK,1,0,24 Saat
2026-07-16T08:11:47.332937+00:00,2026-07-16T11:11:47.332937+03:00,1859,Maçka Katlı Otoparkı,ŞİŞLİ,41.0484,28.9903,508,0,508,KAPALI OTOPARK,1,0,24 Saat
2026-07-16T08:11:47.332937+00:00,2026-07-16T11:11:47.332937+03:00,3193,Maltepe Rıhtım Caddesi Açık Otoparkı,MALTEPE,40.9258,29.1241,76,60,16,AÇIK OTOPARK,1,0,24 Saat
2026-07-16T08:11:47.332937+00:00,2026-07-16T11:11:47.332937+03:00,2146,Maltepe Süreyyapaşa Çarşısı Açık Otoparkı,MALTEPE,40.9274,29.1225,156,121,35,AÇIK OTOPARK,1,0,24 Saat
2026-07-16T08:11:47.332937+00:00,2026-07-16T11:11:47.332937+03:00,1599,Maslak Açık Otoparkı,SARIYER,41.1166,29.024,150,69,81,AÇIK OTOPARK,1,10,24 Saat
2026-07-16T08:11:47.332937+00:00,2026-07-16T11:11:47.332937+03:00,2100,Matbaacılar Sitesi Yanı,ZEYTİNBURNU,41.0234,28.9187,250,124,126,AÇIK OTOPARK,1,5,24 Saat
2026-07-16T08:11:47.332937+00:00,2026-07-16T11:11:47.332937+03:00,920,Meclis-i Mebusan Yokuşu 2,BEYOĞLU,41.0326,28.9882,34,1,33,YOL ÜSTÜ,1,15,09:00-17:00
2026-07-16T08:11:47.332937+00:00,2026-07-16T11:11:47.332937+03:00,1546,Menekşe Plajı Açık Otoparkı,BAKIRKÖY,40.9761,28.7766,200,200,0,AÇIK OTOPARK,1,0,24 Saat
2026-07-16T08:11:47.332937+00:00,2026-07-16T11:11:47.332937+03:00,1376,Mercan Açık,FATİH,41.0136,28.9669,130,23,107,AÇIK OTOPARK,1,0,08:00-23:00
2026-07-16T08:11:47.332937+00:00,2026-07-16T11:11:47.332937+03:00,3309,Mercan Ali Paşa Sarayı Zemin Altı Otoparkı,FATİH,41.0136,28.967,196,1,195,KAPALI OTOPARK,1,0,07:00-21:00
2026-07-16T08:11:47.332937+00:00,2026-07-16T11:11:47.332937+03:00,1472,Merter Katlı Otoparkı,GÜNGÖREN,41.0092,28.8874,1000,866,134,KAPALI OTOPARK,1,10,24 Saat
2026-07-16T08:11:47.332937+00:00,2026-07-16T11:11:47.332937+03:00,2375,Merter Metro PD Zeminaltı Otoparkı,GÜNGÖREN,41.0037,28.8897,242,88,154,KAPALI OTOPARK,1,10,24 Saat
2026-07-16T08:11:47.332937+00:00,2026-07-16T11:11:47.332937+03:00,1568,Mete Caddesi 1,BEYOĞLU,41.0382,28.9879,31,1,30,YOL ÜSTÜ,1,15,08:00-23:00
2026-07-16T08:11:47.332937+00:00,2026-07-16T11:11:47.332937+03:00,1471,Mevlana Yeraltı Katlı Otoparkı,ZEYTİNBURNU,41.0072,28.9049,1000,867,133,KAPALI OTOPARK,1,5,24 Saat
2026-07-16T08:11:47.332937+00:00,2026-07-16T11:11:47.332937+03:00,2709,Millet Caddesi Açık Otoparkı,FATİH,41.01,28.9461,60,24,36,AÇIK OTOPARK,1,15,24 Saat
2026-07-16T08:11:47.332937+00:00,2026-07-16T11:11:47.332937+03:00,3152,Mimar Sinan Zemin Altı Otoparkı,ÜSKÜDAR,41.0222,29.0169,956,392,564,KAPALI OTOPARK,1,15,24 Saat
2026-07-16T08:11:47.332937+00:00,2026-07-16T11:11:47.332937+03:00,2870,Miniatürk Çadır Açık Otoparkı,BEYOĞLU,41.0594,28.9501,250,102,148,AÇIK OTOPARK,1,15,07:00-20:00
2026-07-16T08:11:47.332937+00:00,2026-07-16T11:11:47.332937+03:00,2556,Muallim Naci Açık Otoparkı,BEŞİKTAŞ,41.0561,29.0342,35,23,12,AÇIK OTOPARK,1,15,24 Saat
2026-07-16T08:11:47.332937+00:00,2026-07-16T11:11:47.332937+03:00,569,Oda Kule Önü 1,BEYOĞLU,41.0322,28.9751,24,1,23,YOL ÜSTÜ,1,0,07:00-01:00
2026-07-16T08:11:47.332937+00:00,2026-07-16T11:11:47.332937+03:00,1988,Orhangazi Şehir Parkı PD Açık Otoparkı,MALTEPE,40.9313,29.1161,5022,4646,376,AÇIK OTOPARK,1,15,24 Saat
2026-07-16T08:11:47.332937+00:00,2026-07-16T11:11:47.332937+03:00,152,Ortabahçe Caddesi 2,BEŞİKTAŞ,41.0428,29.0043,35,1,34,YOL ÜSTÜ,1,15,08:00-23:00
2026-07-16T08:11:47.332937+00:00,2026-07-16T11:11:47.332937+03:00,153,Ortabahçe Caddesi 3,BEŞİKTAŞ,41.043,29.0042,26,1,25,YOL ÜSTÜ,1,15,08:00-23:00
2026-07-16T08:11:47.332937+00:00,2026-07-16T11:11:47.332937+03:00,119,Ortaklar Caddesi 1,ŞİŞLİ,41.0638,28.9971,25,1,24,YOL ÜSTÜ,1,15,08:30-17:00
2026-07-16T08:11:47.332937+00:00,2026-07-16T11:11:47.332937+03:00,1343,Ortaköy Açık Otoparkı,BEŞİKTAŞ,41.0504,29.0326,170,151,19,AÇIK OTOPARK,1,0,24 Saat
2026-07-16T08:11:47.332937+00:00,2026-07-16T11:11:47.332937+03:00,572,Ortaköy Portakal Yokuşu 1,BEŞİKTAŞ,41.0503,29.0261,15,1,14,YOL ÜSTÜ,1,15,09:00-19:00
2026-07-16T08:11:47.332937+00:00,2026-07-16T11:11:47.332937+03:00,1039,Öğretmen Evi,AVCILAR,40.9723,28.714,80,42,38,AÇIK OTOPARK,1,0,11:00-23:00
2026-07-16T08:11:47.332937+00:00,2026-07-16T11:11:47.332937+03:00,1466,Pendik Katlı Otoparkı,PENDİK,40.8789,29.2342,120,0,120,KAPALI OTOPARK,1,15,24 Saat
2026-07-16T08:11:47.332937+00:00,2026-07-16T11:11:47.332937+03:00,3073,Pendik Kemal Kalkuz Parkı Zemin Altı Otoparkı,PENDİK,40.8885,29.2427,224,0,224,KAPALI OTOPARK,1,0,09:00-18:00
2026-07-16T08:11:47.332937+00:00,2026-07-16T11:11:47.332937+03:00,3019,Pendik Meydan Zemin Altı Otoparkı,PENDİK,40.8752,29.2324,937,0,937,KAPALI OTOPARK,1,0,24 Saat
2026-07-16T08:11:47.332937+00:00,2026-07-16T11:11:47.332937+03:00,2865,Pendik Sahil Engelliler Merkez Önü,PENDİK,40.8735,29.233,100,66,34,AÇIK OTOPARK,1,0,11:00-20:00
2026-07-16T08:11:47.332937+00:00,2026-07-16T11:11:47.332937+03:00,2434,Pendik Sahil İdo,PENDİK,40.8755,29.2369,100,0,100,AÇIK OTOPARK,1,0,07:00-23:00
2026-07-16T08:11:47.332937+00:00,2026-07-16T11:11:47.332937+03:00,248,Pendik Yenimahalle Açık 2 Otoparkı,PENDİK,40.864,29.2723,124,91,33,AÇIK OTOPARK,1,15,10:00-22:00
2026-07-16T08:11:47.332937+00:00,2026-07-16T11:11:47.332937+03:00,297,Perşembe Pazarı 1,BEYOĞLU,41.0252,28.9693,32,1,31,YOL ÜSTÜ,1,15,08:00-17:00
2026-07-16T08:11:47.332937+00:00,2026-07-16T11:11:47.332937+03:00,597,Pierre Loti Caddesi 3,FATİH,41.0069,28.9711,36,1,35,YOL ÜSTÜ,1,0,07:00-17:00
2026-07-16T08:11:47.332937+00:00,2026-07-16T11:11:47.332937+03:00,3263,Piyalepaşa Meydanı Zemin Altı Otoparkı,BEYOĞLU,41.0445,28.9674,560,291,269,KAPALI OTOPARK,1,0,24 Saat
2026-07-16T08:11:47.332937+00:00,2026-07-16T11:11:47.332937+03:00,423,Prof.Cemil Birsel Yokuşu 3,FATİH,41.0178,28.967,40,1,39,YOL ÜSTÜ,1,0,07:00-18:00
2026-07-16T08:11:47.332937+00:00,2026-07-16T11:11:47.332937+03:00,1900,Ragıp Gümüşpala Cad.(Sobacılar Önü),FATİH,41.0181,28.969,40,1,39,YOL ÜSTÜ,1,15,07:00-18:00
2026-07-16T08:11:47.332937+00:00,2026-07-16T11:11:47.332937+03:00,415,Ragıp Gümüşpala Camii Önü 1,FATİH,41.0211,28.9627,35,1,34,YOL ÜSTÜ,1,0,07:00-17:30
2026-07-16T08:11:47.332937+00:00,2026-07-16T11:11:47.332937+03:00,3268,Refik Saydam Caddesi 3,BEYOĞLU,41.032,28.9736,55,1,54,YOL ÜSTÜ,1,0,06:00-23:00
2026-07-16T08:11:47.332937+00:00,2026-07-16T11:11:47.332937+03:00,2307,Ressam Halim Sokak PD Açık Otoparkı,BAHÇELİEVLER,40.9967,28.8641,120,72,48,AÇIK OTOPARK,1,15,08:00-00:00
2026-07-16T08:11:47.332937+00:00,2026-07-16T11:11:47.332937+03:00,3082,Rumeli Hisarı Sahil Yolu Otoparkı,SARIYER,41.0854,29.0568,20,9,11,AÇIK OTOPARK,1,0,24 Saat
2026-07-16T08:11:47.332937+00:00,2026-07-16T11:11:47.332937+03:00,1595,Sabiha Gökçen Açık Otoparkı,PENDİK,40.925,29.308,1056,0,1056,AÇIK OTOPARK,1,15,24 Saat
2026-07-16T08:11:47.332937+00:00,2026-07-16T11:11:47.332937+03:00,3239,Samatya Sahil Cep Otoparkı,FATİH,40.9954,28.932,113,97,16,AÇIK OTOPARK,1,15,24 Saat
2026-07-16T08:11:47.332937+00:00,2026-07-16T11:11:47.332937+03:00,3273,Sarıyer Büyükdere Fidanlığı,SARIYER,41.1548,29.0268,160,156,4,AÇIK OTOPARK,1,0,08:00-18:00
2026-07-16T08:11:47.332937+00:00,2026-07-16T11:11:47.332937+03:00,3299,Sariyer Ayazağa Mah Vadi İstanbul Önü Açık Otoparkı,SARIYER,41.1106,28.9881,100,97,3,AÇIK OTOPARK,1,0,08:00-20:00
2026-07-16T08:11:47.332937+00:00,2026-07-16T11:11:47.332937+03:00,1303,Seyrantepe Katlı (Arena Karşısı) 1,KAĞITHANE,41.101,28.9961,1897,1,1896,KAPALI OTOPARK,1,0,24 Saat
2026-07-16T08:11:47.332937+00:00,2026-07-16T11:11:47.332937+03:00,1628,Sıracevizler Caddesi Yol Üstü 5,ŞİŞLİ,41.0607,28.9841,45,1,44,YOL ÜSTÜ,1,15,09:00-17:00
2026-07-16T08:11:47.332937+00:00,2026-07-16T11:11:47.332937+03:00,464,Sirkeci Gar Önü,FATİH,41.015,28.9761,60,1,59,AÇIK OTOPARK,1,5,07:00-20:00
2026-07-16T08:11:47.332937+00:00,2026-07-16T11:11:47.332937+03:00,1486,Siyavuşpaşa Yer Altı Otoparkı,BAHÇELİEVLER,40.9965,28.8532,155,0,155,KAPALI OTOPARK,1,0,24 Saat
2026-07-16T08:11:47.332937+00:00,2026-07-16T11:11:47.332937+03:00,1958,Soğanlık Metro PD Açık Otoparkı,KARTAL,40.9131,29.1925,898,823,75,AÇIK OTOPARK,1,15,24 Saat
2026-07-16T08:11:47.332937+00:00,2026-07-16T11:11:47.332937+03:00,589,Su Terazisi Sokak,FATİH,41.0046,28.9727,22,1,21,YOL ÜSTÜ,1,0,07:30-17:00
2026-07-16T08:11:47.332937+00:00,2026-07-16T11:11:47.332937+03:00,1478,Suadiye Cep Açık Otoparkı,KADIKÖY,40.9586,29.0732,130,122,8,AÇIK OTOPARK,1,15,24 Saat
2026-07-16T08:11:47.332937+00:00,2026-07-16T11:11:47.332937+03:00,2948,Suadiye Sahil Açık Otoparkı,KADIKÖY,40.9562,29.0797,70,36,34,AÇIK OTOPARK,1,5,24 Saat
2026-07-16T08:11:47.332937+00:00,2026-07-16T11:11:47.332937+03:00,2799,Sultanbeyli Emir Caddesi Zemin Altı Otoparkı,SULTANBEYLİ,40.9707,29.2606,130,43,87,KAPALI OTOPARK,1,15,08:00-22:00
2026-07-16T08:11:47.332937+00:00,2026-07-16T11:11:47.332937+03:00,2372,Sultanbeyli Kent Meydanı Zemin Altı Otoparkı,SULTANBEYLİ,40.9667,29.2667,300,151,149,KAPALI OTOPARK,1,15,24 Saat
2026-07-16T08:11:47.332937+00:00,2026-07-16T11:11:47.332937+03:00,2410,Sultangazi Zemin Altı Otoparkı,SULTANGAZİ,41.0944,28.8649,104,0,104,KAPALI OTOPARK,1,10,24 Saat
2026-07-16T08:11:47.332937+00:00,2026-07-16T11:11:47.332937+03:00,2085,Süleyman Seba Caddesi 2,BEŞİKTAŞ,41.0426,28.9998,40,1,39,YOL ÜSTÜ,1,15,08:00-18:00
2026-07-16T08:11:47.332937+00:00,2026-07-16T11:11:47.332937+03:00,2088,Süleyman Seba Caddesi 5,BEŞİKTAŞ,41.0432,28.9978,40,1,39,YOL ÜSTÜ,1,15,08:00-18:00
2026-07-16T08:11:47.332937+00:00,2026-07-16T11:11:47.332937+03:00,2089,Süleyman Seba Caddesi 6,BEŞİKTAŞ,41.0435,28.9967,11,1,10,YOL ÜSTÜ,1,15,08:00-18:00
2026-07-16T08:11:47.332937+00:00,2026-07-16T11:11:47.332937+03:00,2391,Süleymaniye Cami Altı Açık Otoparkı,FATİH,41.0158,28.961,250,235,15,AÇIK OTOPARK,1,0,06:30-18:30
2026-07-16T08:11:47.332937+00:00,2026-07-16T11:11:47.332937+03:00,1730,Sütlüce Miniatürk Yanı,BEYOĞLU,41.057,28.95,320,225,95,AÇIK OTOPARK,1,15,24 Saat
2026-07-16T08:11:47.332937+00:00,2026-07-16T11:11:47.332937+03:00,36,Şakayık Sokak 4,ŞİŞLİ,41.0518,28.9936,50,1,49,YOL ÜSTÜ,1,15,08:00-16:00
2026-07-16T08:11:47.332937+00:00,2026-07-16T11:11:47.332937+03:00,1469,Şehit Volkan Duysak Katlı Otoparkı,ZEYTİNBURNU,40.9968,28.9039,1000,664,336,KAPALI OTOPARK,1,5,24 Saat
2026-07-16T08:11:47.332937+00:00,2026-07-16T11:11:47.332937+03:00,2907,Şehremini Açık Otoparkı 2,FATİH,41.0135,28.9333,60,60,0,AÇIK OTOPARK,1,0,08:30-20:30
2026-07-16T08:11:47.332937+00:00,2026-07-16T11:11:47.332937+03:00,2855,Şemsipaşa Açık Otoparkı,ÜSKÜDAR,41.0255,29.0097,80,34,46,AÇIK OTOPARK,1,0,24 Saat
2026-07-16T08:11:47.332937+00:00,2026-07-16T11:11:47.332937+03:00,2439,Şirinevler Meydan Zeminaltı Otoparkı,BAHÇELİEVLER,40.9925,28.8496,367,77,290,KAPALI OTOPARK,1,0,24 Saat
2026-07-16T08:11:47.332937+00:00,2026-07-16T11:11:47.332937+03:00,3400,Şişhane Refik Saydam Caddesi 2 Yol Üstü Otoparkı 1,BEYOĞLU,41.0326,28.9743,70,1,69,YOL ÜSTÜ,1,15,06:00-23:00
2026-07-16T08:11:47.332937+00:00,2026-07-16T11:11:47.332937+03:00,1017,Şişli Kadırgalar Caddesi 1,ŞİŞLİ,41.0429,28.9927,100,1,99,AÇIK OTOPARK,1,0,07:00-23:00
2026-07-16T08:11:47.332937+00:00,2026-07-16T11:11:47.332937+03:00,3441,Şişli Kuştepe Zemin Altı Otoparkı,ŞİŞLİ,41.072,28.9919,430,313,117,KAPALI OTOPARK,1,15,24 Saat
2026-07-16T08:11:47.332937+00:00,2026-07-16T11:11:47.332937+03:00,2816,Şişli Rumeli Caddesi Metro Yanı 1,ŞİŞLİ,41.0538,28.9868,45,1,44,YOL ÜSTÜ,1,15,08:00-20:00
2026-07-16T08:11:47.332937+00:00,2026-07-16T11:11:47.332937+03:00,2406,Şişli Zemin Altı Otoparkı,ŞİŞLİ,41.0641,28.9992,581,255,326,KAPALI OTOPARK,1,15,24 Saat
2026-07-16T08:11:47.332937+00:00,2026-07-16T11:11:47.332937+03:00,1993,Tuzla İdo,TUZLA,40.8149,29.3039,300,272,28,AÇIK OTOPARK,1,15,24 Saat
2026-07-16T08:11:47.332937+00:00,2026-07-16T11:11:47.332937+03:00,3332,Tuzla Sahil Cep,TUZLA,40.8168,29.2992,50,42,8,AÇIK OTOPARK,1,0,08:00-00:00
2026-07-16T08:11:47.332937+00:00,2026-07-16T11:11:47.332937+03:00,3057,Tuzla Sahil Zemin Altı Otoparkı,TUZLA,40.8181,29.3004,779,537,242,KAPALI OTOPARK,1,15,24 Saat
2026-07-16T08:11:47.332937+00:00,2026-07-16T11:11:47.332937+03:00,1811,Ulu Camii Açık Otoparkı,BAHÇELİEVLER,40.9982,28.8499,150,125,25,AÇIK OTOPARK,1,10,24 Saat
2026-07-16T08:11:47.332937+00:00,2026-07-16T11:11:47.332937+03:00,2424,Uzunçayır Açık Otoparkı,KADIKÖY,40.9988,29.0556,58,52,6,AÇIK OTOPARK,1,0,06:00-16:00
2026-07-16T08:11:47.332937+00:00,2026-07-16T11:11:47.332937+03:00,1468,Ümraniye Katlı Otoparkı,ÜMRANİYE,41.0261,29.0953,665,450,215,KAPALI OTOPARK,1,15,24 Saat
2026-07-16T08:11:47.332937+00:00,2026-07-16T11:11:47.332937+03:00,2898,Ümraniye Okan Sokak Zeminaltı Otoparkı,ÜMRANİYE,41.0284,29.0907,125,47,78,KAPALI OTOPARK,1,15,24 Saat
2026-07-16T08:11:47.332937+00:00,2026-07-16T11:11:47.332937+03:00,2345,Üsküdar Uzunçayır PD Açık Otoparkı,ÜSKÜDAR,40.9988,29.0577,90,51,39,AÇIK OTOPARK,1,15,06:00-22:00
2026-07-16T08:11:47.332937+00:00,2026-07-16T11:11:47.332937+03:00,1929,Üsküdar Ünalan Açık Otoparkı,ÜSKÜDAR,40.9979,29.0604,180,175,5,AÇIK OTOPARK,1,0,07:00-17:00
2026-07-16T08:11:47.332937+00:00,2026-07-16T11:11:47.332937+03:00,1487,Vatan Caddesi PD Açık Otoparkı,FATİH,41.0157,28.9405,397,89,308,AÇIK OTOPARK,1,5,24 Saat
2026-07-16T08:11:47.332937+00:00,2026-07-16T11:11:47.332937+03:00,1621,Veteriner Hilmi Sokak Yol Üstü 1,ŞİŞLİ,41.0603,28.9892,20,1,19,YOL ÜSTÜ,1,15,08:00-17:00
2026-07-16T08:11:47.332937+00:00,2026-07-16T11:11:47.332937+03:00,2441,Yalı Açık Otoparkı,MALTEPE,40.9095,29.137,85,82,3,AÇIK OTOPARK,1,0,07:30-22:00
2026-07-16T08:11:47.332937+00:00,2026-07-16T11:11:47.332937+03:00,459,Yalı Köşkü Caddesi 1,FATİH,41.0163,28.9759,61,1,60,YOL ÜSTÜ,1,5,07:00-21:00
2026-07-16T08:11:47.332937+00:00,2026-07-16T11:11:47.332937+03:00,2037,Yenikapı Marmaray Büyük Otoparkı,FATİH,41.0057,28.9505,324,138,186,AÇIK OTOPARK,1,15,24 Saat
2026-07-16T08:11:47.332937+00:00,2026-07-16T11:11:47.332937+03:00,2036,Yenikapı Marmaray Küçük Otoparkı,FATİH,41.0064,28.9504,200,153,47,AÇIK OTOPARK,1,15,07:00-22:00
2026-07-16T08:11:47.332937+00:00,2026-07-16T11:11:47.332937+03:00,2175,Yenikapı Spor ve Kültür Merkezi PD Açık Otoparkı,FATİH,41.0006,28.9519,4023,3791,232,AÇIK OTOPARK,1,15,24 Saat
2026-07-16T08:11:47.332937+00:00,2026-07-16T11:11:47.332937+03:00,2805,Yenikapı Tünel Üstü Açık Otoparkı,FATİH,41.0029,28.9534,700,426,274,AÇIK OTOPARK,1,10,24 Saat
2026-07-16T08:11:47.332937+00:00,2026-07-16T11:11:47.332937+03:00,3404,Yenimahalle Metro Zemin Altı PD Otoparkı,GAZİOSMANPAŞA,41.0839,28.8926,114,99,15,KAPALI OTOPARK,1,15,24 Saat
2026-07-16T08:11:47.332937+00:00,2026-07-16T11:11:47.332937+03:00,2920,Yeşilce Zemin Altı Katlı Otoparkı,KAĞITHANE,41.0938,29.0017,676,286,390,KAPALI OTOPARK,1,0,24 Saat
2026-07-16T08:11:47.332937+00:00,2026-07-16T11:11:47.332937+03:00,987,Yeşilköy İstasyon Caddesi 1,BAKIRKÖY,40.962,28.825,40,1,39,YOL ÜSTÜ,1,15,09:00-17:30
2026-07-16T08:11:47.332937+00:00,2026-07-16T11:11:47.332937+03:00,974,Yeşilköy Marina 1,BAKIRKÖY,40.9576,28.8233,145,1,144,YOL ÜSTÜ,0,0,12:00-23:00
2026-07-16T08:11:47.332937+00:00,2026-07-16T11:11:47.332937+03:00,3406,Yeşilpınar Metro Zemin Altı PD Otoparkı,EYÜP,41.081,28.9204,269,205,64,KAPALI OTOPARK,1,15,24 Saat
2026-07-16T08:11:47.332937+00:00,2026-07-16T11:11:47.332937+03:00,315,Yeşilyurt Çarşı 1,BAKIRKÖY,40.9643,28.8379,50,1,49,YOL ÜSTÜ,1,15,09:00-17:30
2026-07-16T08:11:47.332937+00:00,2026-07-16T11:11:47.332937+03:00,1133,Yıldız Korusu,BEŞİKTAŞ,41.0514,29.0165,500,1,499,AÇIK OTOPARK,1,0,08:00-22:00
2026-07-16T08:11:47.332937+00:00,2026-07-16T11:11:47.332937+03:00,882,Zeytinburnu 58. Bulvar 2,ZEYTİNBURNU,40.9932,28.9039,48,1,47,YOL ÜSTÜ,1,15,09:00-18:00
2026-07-16T08:11:47.332937+00:00,2026-07-16T11:11:47.332937+03:00,3185,Zeytinburnu Sahil Cep Otoparkı,ZEYTİNBURNU,40.9798,28.8985,160,1,159,AÇIK OTOPARK,0,0,12:00-22:00
2026-07-16T10:59:04.560175+00:00,2026-07-16T13:59:04.560175+03:00,3068,15 Temmuz Şehitler Meydanı Zeminaltı Otoparkı,ÜMRANİYE,41.0246,29.0915,1029,563,466,KAPALI OTOPARK,1,15,24 Saat
2026-07-16T10:59:04.560175+00:00,2026-07-16T13:59:04.560175+03:00,2338,19 Mayıs Açık,ŞİŞLİ,41.0563,28.9941,65,0,65,AÇIK OTOPARK,1,0,24 Saat
2026-07-16T10:59:04.560175+00:00,2026-07-16T13:59:04.560175+03:00,1751,4.Levent PD Açık Otoparkı,KAĞITHANE,41.0836,29.0081,236,105,131,AÇIK OTOPARK,1,5,24 Saat
2026-07-16T10:59:04.560175+00:00,2026-07-16T13:59:04.560175+03:00,3328,4.Levent Servis ve Turizm Araçları Açık Otoparkı,ŞİŞLİ,41.0841,29.0054,300,164,136,AÇIK OTOPARK,1,15,24 Saat
2026-07-16T10:59:04.560175+00:00,2026-07-16T13:59:04.560175+03:00,3412,5. Levent Gaziosmanpaşa Adliyesi Yanı Açık Otoparkı,EYÜP,41.0927,28.9494,250,143,107,AÇIK OTOPARK,1,15,07:00-23:00
2026-07-16T10:59:04.560175+00:00,2026-07-16T13:59:04.560175+03:00,104,Abide-i Hürriyet Caddesi 5,ŞİŞLİ,41.0619,28.9876,40,1,39,YOL ÜSTÜ,1,15,08:00-17:00
2026-07-16T10:59:04.560175+00:00,2026-07-16T13:59:04.560175+03:00,2452,Acıbadem Açık Otoparkı,ÜSKÜDAR,41.0157,29.0574,100,87,13,AÇIK OTOPARK,1,0,06:30-16:00
2026-07-16T10:59:04.560175+00:00,2026-07-16T13:59:04.560175+03:00,346,Ada Karşısı Cep 2,BEŞİKTAŞ,41.072,29.045,30,1,29,YOL ÜSTÜ,1,15,08:00-23:00
2026-07-16T10:59:04.560175+00:00,2026-07-16T13:59:04.560175+03:00,1663,Akasyalı Sokak Tenis Kulubü Önü 2,BEŞİKTAŞ,41.0867,29.0109,45,1,44,YOL ÜSTÜ,1,15,08:30-17:30
2026-07-16T10:59:04.560175+00:00,2026-07-16T13:59:04.560175+03:00,828,Akdeniz Caddesi 4,FATİH,41.0175,28.9435,27,1,26,YOL ÜSTÜ,1,15,09:00-18:00
2026-07-16T10:59:04.560175+00:00,2026-07-16T13:59:04.560175+03:00,1913,Alibeyköy Cep Otogarı Açık Otoparkı,EYÜP,41.0879,28.9446,116,41,75,AÇIK OTOPARK,1,25,24 Saat
2026-07-16T10:59:04.560175+00:00,2026-07-16T13:59:04.560175+03:00,1912,Alibeyköy Cep Otogarı Otobüs Otoparkı,EYÜP,41.0875,28.9449,5000,4986,14,AÇIK OTOPARK,1,60,24 Saat
2026-07-16T10:59:04.560175+00:00,2026-07-16T13:59:04.560175+03:00,2562,Alibeyköy Yeşiltepe Zemin Altı Otoparkı,EYÜP,41.0797,28.938,159,65,94,KAPALI OTOPARK,1,15,24 Saat
2026-07-16T10:59:04.560175+00:00,2026-07-16T13:59:04.560175+03:00,3201,Altınboynuz Sosyal Tesisleri,EYÜP,41.058,28.9447,70,70,0,AÇIK OTOPARK,1,15,08:00-23:00
2026-07-16T10:59:04.560175+00:00,2026-07-16T13:59:04.560175+03:00,758,Arap Camii Açık Otoparkı,BEYOĞLU,41.0227,28.9723,30,1,29,AÇIK OTOPARK,1,0,09:00-17:00
2026-07-16T10:59:04.560175+00:00,2026-07-16T13:59:04.560175+03:00,2685,Aras Sokak 2,BÜYÜKÇEKMECE,41.023,28.6209,60,60,0,YOL ÜSTÜ,1,0,06:00-14:30
2026-07-16T10:59:04.560175+00:00,2026-07-16T13:59:04.560175+03:00,2802,Arnavutköy Zemin Altı Otoparkı,ARNAVUTKÖY,41.1838,28.7396,700,19,681,KAPALI OTOPARK,1,15,24 Saat
2026-07-16T10:59:04.560175+00:00,2026-07-16T13:59:04.560175+03:00,1797,Ataköy Atrium AVM,BAKIRKÖY,40.9881,28.8459,250,190,60,AÇIK OTOPARK,1,15,08:00-23:00
2026-07-16T10:59:04.560175+00:00,2026-07-16T13:59:04.560175+03:00,2824,Ataköy Metro Durağı Yanı PD Zemin Altı Otoparkı,BAKIRKÖY,40.9904,28.8456,150,95,55,KAPALI OTOPARK,1,0,24 Saat
2026-07-16T10:59:04.560175+00:00,2026-07-16T13:59:04.560175+03:00,3161,Ataşehir Topçu İbrahim Sokak,ATAŞEHİR,40.9736,29.101,42,1,41,YOL ÜSTÜ,1,15,07:00-16:00
2026-07-16T10:59:04.560175+00:00,2026-07-16T13:59:04.560175+03:00,359,Atatürk Bulvarı 1,FATİH,41.0112,28.9534,20,1,19,YOL ÜSTÜ,1,0,07:30-18:00
2026-07-16T10:59:04.560175+00:00,2026-07-16T13:59:04.560175+03:00,3087,Atatürk Kent Ormanı Otoparkı,SARIYER,41.136,29.0262,200,198,2,AÇIK OTOPARK,1,0,08:00-17:00
2026-07-16T10:59:04.560175+00:00,2026-07-16T13:59:04.560175+03:00,1088,Avcılar İdo,AVCILAR,40.9712,28.7185,270,262,8,AÇIK OTOPARK,1,0,13:00-07:00
2026-07-16T10:59:04.560175+00:00,2026-07-16T13:59:04.560175+03:00,2885,Azapkapı Haliç Metro Otoparkı,ŞİŞLİ,41.0245,28.9691,80,0,80,AÇIK OTOPARK,1,5,24 Saat
2026-07-16T10:59:04.560175+00:00,2026-07-16T13:59:04.560175+03:00,2455,Azerbaycan Dostluk Parkı Zemin Altı Otoparkı,BAĞCILAR,41.0444,28.854,400,212,188,KAPALI OTOPARK,1,10,24 Saat
2026-07-16T10:59:04.560175+00:00,2026-07-16T13:59:04.560175+03:00,2965,Bağcılar Çolakoğlu Zemin Altı Otoparkı,BAĞCILAR,41.0324,28.8345,106,0,106,KAPALI OTOPARK,1,5,24 Saat
2026-07-16T10:59:04.560175+00:00,2026-07-16T13:59:04.560175+03:00,2576,Bağcılar Demirkapı Zemin Altı Otoparkı,BAĞCILAR,41.0499,28.8327,343,174,169,KAPALI OTOPARK,1,5,24 Saat
2026-07-16T10:59:04.560175+00:00,2026-07-16T13:59:04.560175+03:00,3036,Bağcılar Devlet Hastanesi Yanı Zeminaltı Otoparkı,BAĞCILAR,41.0312,28.8696,1133,93,1040,KAPALI OTOPARK,1,15,24 Saat
2026-07-16T10:59:04.560175+00:00,2026-07-16T13:59:04.560175+03:00,3071,Bağcılar Emniyet Müdürlüğü Yanı Açık Otoparkı,BAĞCILAR,41.0353,28.8598,100,52,48,AÇIK OTOPARK,1,0,24 Saat
2026-07-16T10:59:04.560175+00:00,2026-07-16T13:59:04.560175+03:00,2873,Bağcılar Göztepe Zemin Altı,BAĞCILAR,41.0567,28.8355,120,0,120,KAPALI OTOPARK,1,5,24 Saat
2026-07-16T10:59:04.560175+00:00,2026-07-16T13:59:04.560175+03:00,3187,Bağcılar Hürriyet Mahallesi Zemin Altı Otoparkı,BAĞCILAR,41.0291,28.8333,355,0,355,KAPALI OTOPARK,1,10,24 Saat
2026-07-16T10:59:04.560175+00:00,2026-07-16T13:59:04.560175+03:00,2916,Bağcılar Kent Meydanı PD Zemin Altı Otoparkı,BAĞCILAR,41.0339,28.8556,1162,0,1162,KAPALI OTOPARK,1,0,24 Saat
2026-07-16T10:59:04.560175+00:00,2026-07-16T13:59:04.560175+03:00,3261,Bağcılar Yenimahalle Zemin Altı Otoparkı,BAĞCILAR,41.0425,28.8395,525,293,232,KAPALI OTOPARK,1,15,24 Saat
2026-07-16T10:59:04.560175+00:00,2026-07-16T13:59:04.560175+03:00,2820,Bağcılar Yıldıztepe Katlı Otoparkı,BAĞCILAR,41.0294,28.8556,350,0,350,KAPALI OTOPARK,1,10,24 Saat
2026-07-16T10:59:04.560175+00:00,2026-07-16T13:59:04.560175+03:00,3447,Bahçelievler 23 Nisan Milli Egemenlik Zeminaltı Otoparkı,BAHÇELİEVLER,40.9988,28.8472,732,377,355,KAPALI OTOPARK,1,10,24 Saat
2026-07-16T10:59:04.560175+00:00,2026-07-16T13:59:04.560175+03:00,2993,Bahçelievler Cumhuriyet Zeminaltı Otoparkı,BAHÇELİEVLER,41.0149,28.859,663,0,663,KAPALI OTOPARK,1,10,24 Saat
2026-07-16T10:59:04.560175+00:00,2026-07-16T13:59:04.560175+03:00,2969,Bahçelievler Devlet Hastanesi Yanı Katlı Otoparkı,BAHÇELİEVLER,41.0072,28.8442,740,0,740,KAPALI OTOPARK,1,0,24 Saat
2026-07-16T10:59:04.560175+00:00,2026-07-16T13:59:04.560175+03:00,3051,Bahçelievler Zafer Mh. Zeminaltı Otoparkı,BAHÇELİEVLER,41.0036,28.8351,200,93,107,KAPALI OTOPARK,1,0,24 Saat
2026-07-16T10:59:04.560175+00:00,2026-07-16T13:59:04.560175+03:00,3118,Bahçeşehir Doğa Parkı Caddesi 3,BAŞAKŞEHİR,41.0683,28.6894,22,1,21,YOL ÜSTÜ,1,15,10:00-20:00
2026-07-16T10:59:04.560175+00:00,2026-07-16T13:59:04.560175+03:00,3236,Bahçeşehir Gölet Açık Otoparkı,BAŞAKŞEHİR,41.0719,28.6901,200,1,199,AÇIK OTOPARK,1,0,12:00-22:00
2026-07-16T10:59:04.560175+00:00,2026-07-16T13:59:04.560175+03:00,1465,Bakırköy İdo Açık Otoparkı,BAKIRKÖY,40.9739,28.8761,160,110,50,AÇIK OTOPARK,1,10,24 Saat
2026-07-16T10:59:04.560175+00:00,2026-07-16T13:59:04.560175+03:00,1104,Balmumcu Katlı Otoparkı,BEŞİKTAŞ,41.0636,29.0109,400,234,166,KAPALI OTOPARK,1,5,24 Saat
2026-07-16T10:59:04.560175+00:00,2026-07-16T13:59:04.560175+03:00,2796,Başakşehir Metro Açık Otoparkı,BAŞAKŞEHİR,41.107,28.801,125,1,124,AÇIK OTOPARK,1,0,07:00-16:00
2026-07-16T10:59:04.560175+00:00,2026-07-16T13:59:04.560175+03:00,2350,Bayrampaşa Adapark Katlı Otoparkı,BAYRAMPAŞA,41.0647,28.8875,650,0,650,KAPALI OTOPARK,1,15,24 Saat
2026-07-16T10:59:04.560175+00:00,2026-07-16T13:59:04.560175+03:00,2892,Bayrampaşa Altıntepsi Zemin  Altı Otoparkı,BAYRAMPAŞA,41.0393,28.9029,110,0,110,KAPALI OTOPARK,1,10,24 Saat
2026-07-16T10:59:04.560175+00:00,2026-07-16T13:59:04.560175+03:00,2909,Bayrampaşa Atatürk Parkı  Zemin Altı Otoparkı,BAYRAMPAŞA,41.0342,28.9123,442,0,442,KAPALI OTOPARK,1,10,24 Saat
2026-07-16T10:59:04.560175+00:00,2026-07-16T13:59:04.560175+03:00,2683,Bayrampaşa Devlet Hastanesi Cep Otoparkı,BAYRAMPAŞA,41.0414,28.9031,55,2,53,AÇIK OTOPARK,1,0,08:00-19:00
2026-07-16T10:59:04.560175+00:00,2026-07-16T13:59:04.560175+03:00,3301,Bayrampaşa Kocatepe Mahallesi Zemin Altı Otoparkı,BAYRAMPAŞA,41.0545,28.8964,241,0,241,KAPALI OTOPARK,1,10,24 Saat
2026-07-16T10:59:04.560175+00:00,2026-07-16T13:59:04.560175+03:00,2053,Bayrampaşa Muratpaşa Yer Altı Otoparkı,BAYRAMPAŞA,41.047,28.9082,300,33,267,KAPALI OTOPARK,1,15,24 Saat
2026-07-16T10:59:04.560175+00:00,2026-07-16T13:59:04.560175+03:00,3175,Bayrampaşa Spor Kompleksi Zemin Altı Otoparkı,BAYRAMPAŞA,41.0446,28.9106,205,0,205,KAPALI OTOPARK,1,15,24 Saat
2026-07-16T10:59:04.560175+00:00,2026-07-16T13:59:04.560175+03:00,3382,Bayrampaşa Şehit Kamil Balkan Zemin Altı Otoparkı,BAYRAMPAŞA,41.0604,28.9008,235,0,235,KAPALI OTOPARK,1,10,24 Saat
2026-07-16T10:59:04.560175+00:00,2026-07-16T13:59:04.560175+03:00,2428,Bayrampaşa Yenidoğan Mahallesi Zemin Altı Otoparkı,BAYRAMPAŞA,41.0395,28.9088,120,0,120,KAPALI OTOPARK,1,10,24 Saat
2026-07-16T10:59:04.560175+00:00,2026-07-16T13:59:04.560175+03:00,2468,Bebek Açık,BEŞİKTAŞ,41.077,29.0434,30,0,30,AÇIK OTOPARK,1,0,24 Saat
2026-07-16T10:59:04.560175+00:00,2026-07-16T13:59:04.560175+03:00,3479,Beşiktaş Halk Pazarı Açık Otoparkı,BEŞİKTAŞ,41.0496,29.0004,170,115,55,AÇIK OTOPARK,1,5,24 Saat
2026-07-16T10:59:04.560175+00:00,2026-07-16T13:59:04.560175+03:00,573,Beşiktaş Kadastro Önü 1,BEŞİKTAŞ,41.0503,29.0076,39,1,38,YOL ÜSTÜ,1,15,08:00-17:00
2026-07-16T10:59:04.560175+00:00,2026-07-16T13:59:04.560175+03:00,3257,Beykoz Sahil Cep Otoparkı,BEYKOZ,41.1286,29.0953,100,76,24,AÇIK OTOPARK,1,0,08:00-00:00
2026-07-16T10:59:04.560175+00:00,2026-07-16T13:59:04.560175+03:00,2273,Beykoz Sosyal Tesisleri,BEYKOZ,41.1143,29.0888,130,34,96,AÇIK OTOPARK,1,15,08:00-00:00
2026-07-16T10:59:04.560175+00:00,2026-07-16T13:59:04.560175+03:00,2999,Beyoğlu Gazhane Bostan Sokak 2,BEYOĞLU,41.0389,28.9903,35,1,34,YOL ÜSTÜ,1,0,07:30-16:30
2026-07-16T10:59:04.560175+00:00,2026-07-16T13:59:04.560175+03:00,3072,Beyoğlu Örnektepe Zemin Altı Otoparkı,BEYOĞLU,41.0543,28.9548,143,0,143,KAPALI OTOPARK,1,0,24 Saat
2026-07-16T10:59:04.560175+00:00,2026-07-16T13:59:04.560175+03:00,1455,Bostancı Açık,KADIKÖY,40.9523,29.0902,394,90,304,AÇIK OTOPARK,1,15,24 Saat
2026-07-16T10:59:04.560175+00:00,2026-07-16T13:59:04.560175+03:00,1456,Bostancı Sahil-Cep Açık Otoparkı,KADIKÖY,40.9545,29.0885,192,105,87,AÇIK OTOPARK,1,15,24 Saat
2026-07-16T10:59:04.560175+00:00,2026-07-16T13:59:04.560175+03:00,2150,Bostancı Vergi Dairesi Açık Otoparkı,ATAŞEHİR,40.9625,29.1083,155,0,155,AÇIK OTOPARK,1,5,08:00-20:00
2026-07-16T10:59:04.560175+00:00,2026-07-16T13:59:04.560175+03:00,2854,Bülent Ecevit Kültür Merkezi Açık Otoparkı,KARTAL,40.8852,29.1967,277,268,9,AÇIK OTOPARK,1,5,10:00-21:00
2026-07-16T10:59:04.560175+00:00,2026-07-16T13:59:04.560175+03:00,2866,Büyük İstanbul Otogarı,BAYRAMPAŞA,41.0402,28.8942,1000,0,1000,AÇIK OTOPARK,1,25,24 Saat
2026-07-16T10:59:04.560175+00:00,2026-07-16T13:59:04.560175+03:00,1192,Büyükçamlıca Korusu Sosyal Tesisleri Önü,ÜSKÜDAR,41.0264,29.0698,204,113,91,AÇIK OTOPARK,1,0,08:00-00:00
2026-07-16T10:59:04.560175+00:00,2026-07-16T13:59:04.560175+03:00,2960,Büyükçekmece Metrobüs Durağı Yanı PD Zemin Altı Otopark,BÜYÜKÇEKMECE,41.0221,28.624,448,124,324,KAPALI OTOPARK,1,0,24 Saat
2026-07-16T10:59:04.560175+00:00,2026-07-16T13:59:04.560175+03:00,1503,Cadde Bostan Açık Otoparkı,KADIKÖY,40.9636,29.0675,66,23,43,AÇIK OTOPARK,1,15,24 Saat
2026-07-16T10:59:04.560175+00:00,2026-07-16T13:59:04.560175+03:00,2933,Cemal Kamacı Spor Kompleksi Zemin Altı Otoparkı,KAĞITHANE,41.0536,28.9575,510,0,510,KAPALI OTOPARK,1,0,24 Saat
2026-07-16T10:59:04.560175+00:00,2026-07-16T13:59:04.560175+03:00,2207,Cengiz Topel Yer Altı Katlı Otoparkı,ESENLER,41.0588,28.8643,144,0,144,KAPALI OTOPARK,1,15,24 Saat
2026-07-16T10:59:04.560175+00:00,2026-07-16T13:59:04.560175+03:00,2787,Cevizli Açık Otoparkı,KARTAL,40.9179,29.1712,100,38,62,AÇIK OTOPARK,1,15,08:00-19:00
2026-07-16T10:59:04.560175+00:00,2026-07-16T13:59:04.560175+03:00,782,Cihangir Caddesi 2,BEYOĞLU,41.0319,28.9862,70,1,69,YOL ÜSTÜ,1,15,09:00-19:00
2026-07-16T10:59:04.560175+00:00,2026-07-16T13:59:04.560175+03:00,1467,Cihangir Katlı Otoparkı,BEYOĞLU,41.0318,28.9858,350,0,350,KAPALI OTOPARK,1,0,24 Saat
2026-07-16T10:59:04.560175+00:00,2026-07-16T13:59:04.560175+03:00,535,Cihannuma Yol Üstü 1,BEŞİKTAŞ,41.0454,29.0084,35,1,34,YOL ÜSTÜ,1,0,08:00-23:00
2026-07-16T10:59:04.560175+00:00,2026-07-16T13:59:04.560175+03:00,537,Cihannuma Yol Üstü 3,BEŞİKTAŞ,41.0459,29.0087,33,1,32,YOL ÜSTÜ,1,0,08:00-23:00
2026-07-16T10:59:04.560175+00:00,2026-07-16T13:59:04.560175+03:00,539,Cihannuma Yol Üstü 5,BEŞİKTAŞ,41.0489,29.0094,24,1,23,YOL ÜSTÜ,1,0,08:00-23:00
2026-07-16T10:59:04.560175+00:00,2026-07-16T13:59:04.560175+03:00,3184,Çam Sokak 6,GÜNGÖREN,41.0121,28.8882,50,1,49,YOL ÜSTÜ,1,15,08:00-17:00
2026-07-16T10:59:04.560175+00:00,2026-07-16T13:59:04.560175+03:00,2003,Çatalca İnceğiz Mesire Alanı,ÇATALCA,41.1827,28.4041,1000,1,999,AÇIK OTOPARK,1,0,06:00-20:00
2026-07-16T10:59:04.560175+00:00,2026-07-16T13:59:04.560175+03:00,3030,Çekmeköy Metro PD Zemin Altı Otoparkı,ÇEKMEKÖY,41.0147,29.1886,175,51,124,KAPALI OTOPARK,1,15,24 Saat
2026-07-16T10:59:04.560175+00:00,2026-07-16T13:59:04.560175+03:00,2905,Çeliktepe Açık Otoparkı,KAĞITHANE,41.0843,29.0056,200,80,120,AÇIK OTOPARK,1,5,24 Saat
2026-07-16T10:59:04.560175+00:00,2026-07-16T13:59:04.560175+03:00,1298,Çengelköy Açık Otoparkı,ÜSKÜDAR,41.0484,29.0533,500,101,399,AÇIK OTOPARK,1,15,24 Saat
2026-07-16T10:59:04.560175+00:00,2026-07-16T13:59:04.560175+03:00,502,Çınar Açık Otoparkı,BEŞİKTAŞ,41.0853,29.0088,65,1,64,AÇIK OTOPARK,1,0,08:00-18:00
2026-07-16T10:59:04.560175+00:00,2026-07-16T13:59:04.560175+03:00,777,Çırağan Sarayı Yol Üstü 1,BEŞİKTAŞ,41.0448,29.0165,40,1,39,YOL ÜSTÜ,1,15,08:00-23:00
2026-07-16T10:59:04.560175+00:00,2026-07-16T13:59:04.560175+03:00,778,Çırağan Sarayı Yol Üstü 2,BEŞİKTAŞ,41.0445,29.0156,40,1,39,YOL ÜSTÜ,1,15,08:00-23:00
2026-07-16T10:59:04.560175+00:00,2026-07-16T13:59:04.560175+03:00,2228,Çırpıcı Sosyal Tesisler,ZEYTİNBURNU,41,28.8926,128,0,128,AÇIK OTOPARK,1,15,07:00-00:00
2026-07-16T10:59:04.560175+00:00,2026-07-16T13:59:04.560175+03:00,1508,Çiroz Yeşilköy Halk Pazarı,BAKIRKÖY,40.9628,28.8129,471,1,470,AÇIK OTOPARK,1,0,08:00-18:00
2026-07-16T10:59:04.560175+00:00,2026-07-16T13:59:04.560175+03:00,2030,Dalyan Açık Otoparkı,KADIKÖY,40.9632,29.0651,92,0,92,AÇIK OTOPARK,1,15,24 Saat
2026-07-16T10:59:04.560175+00:00,2026-07-16T13:59:04.560175+03:00,2271,Damla Sokak 1,ŞİŞLİ,41.0672,29.0004,17,1,16,YOL ÜSTÜ,1,15,07:30-16:30
2026-07-16T10:59:04.560175+00:00,2026-07-16T13:59:04.560175+03:00,2164,Darüşşafaka Yeraltı Otoparkı,SARIYER,41.1292,29.0252,150,100,50,KAPALI OTOPARK,1,15,08:00-00:00
2026-07-16T10:59:04.560175+00:00,2026-07-16T13:59:04.560175+03:00,1653,Deniz Feneri Otoparkı,FATİH,41.0019,28.9773,175,83,92,AÇIK OTOPARK,1,5,24 Saat
2026-07-16T10:59:04.560175+00:00,2026-07-16T13:59:04.560175+03:00,595,Dostluk Yurdu 1,FATİH,41.0071,28.973,33,1,32,YOL ÜSTÜ,1,15,07:00-17:00
2026-07-16T10:59:04.560175+00:00,2026-07-16T13:59:04.560175+03:00,2237,Dragos Sosyal Tesisleri,KARTAL,40.9017,29.1458,100,41,59,AÇIK OTOPARK,1,15,24 Saat
2026-07-16T10:59:04.560175+00:00,2026-07-16T13:59:04.560175+03:00,3063,Dudullu Metro PD Zemin Altı Otoparkı,ÜMRANİYE,41.0156,29.1633,81,54,27,KAPALI OTOPARK,1,15,07:00-23:30
2026-07-16T10:59:04.560175+00:00,2026-07-16T13:59:04.560175+03:00,1522,Ebu Suut Caddesi 1,FATİH,41.0128,28.9766,35,1,34,YOL ÜSTÜ,1,0,08:00-18:00
2026-07-16T10:59:04.560175+00:00,2026-07-16T13:59:04.560175+03:00,2147,EGS Blokları Açık Otoparkı,BAKIRKÖY,40.9863,28.8354,350,15,335,AÇIK OTOPARK,1,60,09:00-19:30
2026-07-16T10:59:04.560175+00:00,2026-07-16T13:59:04.560175+03:00,2366,Esenler Adem Baştürk Kültür Merkezi Katlı,ESENLER,41.039,28.8846,460,72,388,KAPALI OTOPARK,1,15,24 Saat
2026-07-16T10:59:04.560175+00:00,2026-07-16T13:59:04.560175+03:00,3190,Esenler Havaalanı Mahallesi Zemin Altı Otoparkı,ESENLER,41.0562,28.8674,610,402,208,KAPALI OTOPARK,1,10,24 Saat
2026-07-16T10:59:04.560175+00:00,2026-07-16T13:59:04.560175+03:00,3011,Esenler Menderes Metro İstasyonu Yanı,ESENLER,41.0427,28.8783,68,0,68,AÇIK OTOPARK,1,5,24 Saat
2026-07-16T10:59:04.560175+00:00,2026-07-16T13:59:04.560175+03:00,2822,Esenler Menderes Parkı Zemin Altı Otoparkı,ESENLER,41.0412,28.8729,325,107,218,KAPALI OTOPARK,1,10,24 Saat
2026-07-16T10:59:04.560175+00:00,2026-07-16T13:59:04.560175+03:00,3303,Esenyurt Adile Naşit Bulvarı Zeminaltı Otoparkı,ESENYURT,41.0205,28.6859,367,299,68,KAPALI OTOPARK,1,15,24 Saat
2026-07-16T10:59:04.560175+00:00,2026-07-16T13:59:04.560175+03:00,1328,Eski Salı Pazarı,KADIKÖY,40.9904,29.0338,760,0,760,AÇIK OTOPARK,1,15,24 Saat
2026-07-16T10:59:04.560175+00:00,2026-07-16T13:59:04.560175+03:00,904,Eyüp Pierloti Caddesi 1,EYÜP,41.0539,28.9329,40,1,39,YOL ÜSTÜ,1,0,09:00-22:00
2026-07-16T10:59:04.560175+00:00,2026-07-16T13:59:04.560175+03:00,2850,Eyüpsultan Akşemsettin Mahallesi Zemin Altı Otoparkı,EYÜP,41.085,28.9258,110,0,110,KAPALI OTOPARK,1,15,24 Saat
2026-07-16T10:59:04.560175+00:00,2026-07-16T13:59:04.560175+03:00,2215,Fatih Çeşmesi Tabiat Parkı Otoparkı,SARIYER,41.1686,28.9448,250,1,249,AÇIK OTOPARK,1,0,06:00-20:00
2026-07-16T10:59:04.560175+00:00,2026-07-16T13:59:04.560175+03:00,1475,Fatih Katlı Otoparkı,FATİH,41.0198,28.9396,118,0,118,KAPALI OTOPARK,1,10,24 Saat
2026-07-16T10:59:04.560175+00:00,2026-07-16T13:59:04.560175+03:00,1591,Feshane PD Açık Otoparkı,EYÜP,41.0463,28.9378,200,112,88,AÇIK OTOPARK,1,15,24 Saat
2026-07-16T10:59:04.560175+00:00,2026-07-16T13:59:04.560175+03:00,1005,Florya Havuzlu Bahçe,BAKIRKÖY,40.9764,28.7908,135,1,134,AÇIK OTOPARK,1,0,09:00-23:00
2026-07-16T10:59:04.560175+00:00,2026-07-16T13:59:04.560175+03:00,2238,Florya Sosyal Tesisleri,BAKIRKÖY,40.9614,28.8091,1074,902,172,AÇIK OTOPARK,1,15,24 Saat
2026-07-16T10:59:04.560175+00:00,2026-07-16T13:59:04.560175+03:00,3296,Gaziosmanpaşa Meydanı ve Yaşam Merkezi Zemin Altı Otoparkı,GAZİOSMANPAŞA,41.0606,28.9093,202,0,202,KAPALI OTOPARK,1,15,24 Saat
2026-07-16T10:59:04.560175+00:00,2026-07-16T13:59:04.560175+03:00,2971,Gaziosmanpaşa Zemin Altı Otoparkı,GAZİOSMANPAŞA,41.0796,28.8858,285,0,285,KAPALI OTOPARK,1,0,24 Saat
2026-07-16T10:59:04.560175+00:00,2026-07-16T13:59:04.560175+03:00,3401,Giyimkent Tekstilkent Metro Zemin Altı PD Otoparkı,ESENLER,41.0711,28.8666,203,176,27,KAPALI OTOPARK,1,10,24 Saat
2026-07-16T10:59:04.560175+00:00,2026-07-16T13:59:04.560175+03:00,2242,Gözdağı Sosyal Tesisler  Açık Otoparkı,PENDİK,40.893,29.2538,300,218,82,AÇIK OTOPARK,1,0,07:00-23:00
2026-07-16T10:59:04.560175+00:00,2026-07-16T13:59:04.560175+03:00,1879,Gülsuyu Metro PD Yer Altı Otoparkı,MALTEPE,40.9237,29.1548,76,0,76,KAPALI OTOPARK,1,15,08:00-00:00
2026-07-16T10:59:04.560175+00:00,2026-07-16T13:59:04.560175+03:00,1423,Güneş Plajı 1,BAKIRKÖY,40.9712,28.79,250,95,155,AÇIK OTOPARK,1,10,24 Saat
2026-07-16T10:59:04.560175+00:00,2026-07-16T13:59:04.560175+03:00,1461,Güneş Plajı 2,BAKIRKÖY,40.9692,28.7951,135,114,21,AÇIK OTOPARK,1,10,08:00-20:00
2026-07-16T10:59:04.560175+00:00,2026-07-16T13:59:04.560175+03:00,3053,Güngören Nikah Dairesi Zemin Altı otoparkı,GÜNGÖREN,41.0363,28.8718,147,0,147,KAPALI OTOPARK,1,10,24 Saat
2026-07-16T10:59:04.560175+00:00,2026-07-16T13:59:04.560175+03:00,2216,Gürpınar Balık Hali Otoparkı,BEYLİKDÜZÜ,40.9663,28.6019,1000,803,197,AÇIK OTOPARK,1,15,24 Saat
2026-07-16T10:59:04.560175+00:00,2026-07-16T13:59:04.560175+03:00,1525,Hacıosman Metro Yer Altı Otoparkı,SARIYER,41.14,29.0306,422,0,422,KAPALI OTOPARK,1,15,24 Saat
2026-07-16T10:59:04.560175+00:00,2026-07-16T13:59:04.560175+03:00,1470,Haldun Alagaş Katlı Otoparkı,ÜMRANİYE,41.0262,29.1052,197,39,158,KAPALI OTOPARK,1,15,24 Saat
2026-07-16T10:59:04.560175+00:00,2026-07-16T13:59:04.560175+03:00,3235,Haliç Sosyal Tesisleri Otoparkı,FATİH,41.0277,28.9572,60,19,41,AÇIK OTOPARK,1,15,07:00-00:00
2026-07-16T10:59:04.560175+00:00,2026-07-16T13:59:04.560175+03:00,2848,Halkalı Mahallesi Zemin Altı Otoparkı,KÜÇÜKÇEKMECE,41.0359,28.7848,347,200,147,KAPALI OTOPARK,1,15,24 Saat
2026-07-16T10:59:04.560175+00:00,2026-07-16T13:59:04.560175+03:00,2838,Hamidiye Mahallesi Katlı Otoparkı,KAĞITHANE,41.0949,28.971,450,235,215,KAPALI OTOPARK,1,15,24 Saat
2026-07-16T10:59:04.560175+00:00,2026-07-16T13:59:04.560175+03:00,1446,Harbiye Zemin Altı Otoparkı,BEYOĞLU,41.0408,28.9869,142,0,142,KAPALI OTOPARK,1,0,24 Saat
2026-07-16T10:59:04.560175+00:00,2026-07-16T13:59:04.560175+03:00,2332,Haydarpaşa Katlı Otoparkı,ÜSKÜDAR,41.0048,29.0251,840,351,489,KAPALI OTOPARK,1,15,24 Saat
2026-07-16T10:59:04.560175+00:00,2026-07-16T13:59:04.560175+03:00,1987,Haznedar Yer Altı Otoparkı,GÜNGÖREN,41.0083,28.8729,540,0,540,KAPALI OTOPARK,1,0,24 Saat
2026-07-16T10:59:04.560175+00:00,2026-07-16T13:59:04.560175+03:00,377,Hızır Külhani Sokak,FATİH,41.0202,28.9605,32,1,31,YOL ÜSTÜ,1,15,09:00-17:00
2026-07-16T10:59:04.560175+00:00,2026-07-16T13:59:04.560175+03:00,3173,Hürriyet Mahallesi Zeminaltı Otoparkı,GAZİOSMANPAŞA,41.0708,28.8951,190,0,190,KAPALI OTOPARK,1,15,24 Saat
2026-07-16T10:59:04.560175+00:00,2026-07-16T13:59:04.560175+03:00,157,Ihlamur Dere Caddesi 4,BEŞİKTAŞ,41.047,29.0023,27,1,26,YOL ÜSTÜ,1,15,09:00-17:00
2026-07-16T10:59:04.560175+00:00,2026-07-16T13:59:04.560175+03:00,1189,İçerenköy Sebze Meyve Hali Otoparkı,ATAŞEHİR,40.9766,29.1044,600,1,599,AÇIK OTOPARK,1,15,24 Saat
2026-07-16T10:59:04.560175+00:00,2026-07-16T13:59:04.560175+03:00,1127,İshakpaşa Caddesi,FATİH,41.0079,28.9814,200,1,199,YOL ÜSTÜ,1,0,08:00-18:00
2026-07-16T10:59:04.560175+00:00,2026-07-16T13:59:04.560175+03:00,3265,İspark İstanbul West Marina Açık Otoparkı 1,BEYLİKDÜZÜ,40.9636,28.6564,250,1,249,AÇIK OTOPARK,1,15,24 Saat
2026-07-16T10:59:04.560175+00:00,2026-07-16T13:59:04.560175+03:00,2793,İspark Merter Katlı Otoparkı,GÜNGÖREN,41.0097,28.89,900,242,658,KAPALI OTOPARK,1,10,24 Saat
2026-07-16T10:59:04.560175+00:00,2026-07-16T13:59:04.560175+03:00,2430,İspark West İstanbul Marina Açık Otoparkı,BEYLİKDÜZÜ,40.9639,28.6591,1600,1338,262,AÇIK OTOPARK,1,15,24 Saat
2026-07-16T10:59:04.560175+00:00,2026-07-16T13:59:04.560175+03:00,381,İstinye 4 ( Cami Önü ),SARIYER,41.1149,29.0571,25,1,24,YOL ÜSTÜ,1,15,08:30-17:30
2026-07-16T10:59:04.560175+00:00,2026-07-16T13:59:04.560175+03:00,1804,İtalyan Hastanesi Karşısı Açık Otoparkı 1,BEYOĞLU,41.028,28.9815,30,1,29,AÇIK OTOPARK,1,0,08:00-19:00
2026-07-16T10:59:04.560175+00:00,2026-07-16T13:59:04.560175+03:00,507,Kabasakal Medrese Önü,FATİH,41.0062,28.9789,65,1,64,AÇIK OTOPARK,1,0,08:00-18:30
2026-07-16T10:59:04.560175+00:00,2026-07-16T13:59:04.560175+03:00,3306,Kabataş Transfer Merkezi Turizm Otobüs Otoparkı,BEYOĞLU,41.0336,28.9923,160,0,160,KAPALI OTOPARK,1,20,24 Saat
2026-07-16T10:59:04.560175+00:00,2026-07-16T13:59:04.560175+03:00,2918,Kadıköy Hasanpaşa Gazhane Katlı Otoparkı,KADIKÖY,40.9972,29.0428,310,201,109,KAPALI OTOPARK,1,15,24 Saat
2026-07-16T10:59:04.560175+00:00,2026-07-16T13:59:04.560175+03:00,1447,Kadıköy İski Açık Otoparkı,KADIKÖY,40.9874,29.0207,124,1,123,AÇIK OTOPARK,1,15,24 Saat
2026-07-16T10:59:04.560175+00:00,2026-07-16T13:59:04.560175+03:00,1655,Kadıköy Metro Açık Otoparkı,KADIKÖY,40.9899,29.0217,74,1,73,AÇIK OTOPARK,1,15,24 Saat
2026-07-16T10:59:04.560175+00:00,2026-07-16T13:59:04.560175+03:00,3445,Kadıköy Uzunçayır PD Açık Otoparkı,KADIKÖY,40.9982,29.0569,70,51,19,AÇIK OTOPARK,1,15,06:30-16:30
2026-07-16T10:59:04.560175+00:00,2026-07-16T13:59:04.560175+03:00,2808,Kadıköy Yeni Salı Pazarı PD Katlı Otoparkı,KADIKÖY,40.9969,29.0486,1350,399,951,KAPALI OTOPARK,1,15,24 Saat
2026-07-16T10:59:04.560175+00:00,2026-07-16T13:59:04.560175+03:00,2811,Kağıthane Harmantepe Zemin Altı Otoparkı,KAĞITHANE,41.0816,28.9907,200,0,200,KAPALI OTOPARK,1,0,24 Saat
2026-07-16T10:59:04.560175+00:00,2026-07-16T13:59:04.560175+03:00,1452,Kalamış Açık Otoparkı,KADIKÖY,40.9687,29.0363,173,104,69,AÇIK OTOPARK,1,15,24 Saat
2026-07-16T10:59:04.560175+00:00,2026-07-16T13:59:04.560175+03:00,1474,Kartal Hasan Doğan Spor Kompleksi,KARTAL,40.8918,29.1897,773,0,773,KAPALI OTOPARK,1,15,24 Saat
2026-07-16T10:59:04.560175+00:00,2026-07-16T13:59:04.560175+03:00,1105,Kartal İdo Açık Otoparkı,KARTAL,40.8874,29.1881,90,0,90,AÇIK OTOPARK,1,15,24 Saat
2026-07-16T10:59:04.560175+00:00,2026-07-16T13:59:04.560175+03:00,1550,Kartal Sahil Açık Otoparkı,KARTAL,40.8875,29.1901,75,14,61,AÇIK OTOPARK,1,5,24 Saat
2026-07-16T10:59:04.560175+00:00,2026-07-16T13:59:04.560175+03:00,3434,Kasımpaşa Sosyal Tesisler Otoparkı,BEYOĞLU,41.0296,28.9673,60,36,24,AÇIK OTOPARK,1,0,07:30-23:00
2026-07-16T10:59:04.560175+00:00,2026-07-16T13:59:04.560175+03:00,2827,Kayaşehir Meydan Zemin Altı Otoparkı,BAŞAKŞEHİR,41.1196,28.7718,1054,1,1053,KAPALI OTOPARK,1,0,10:00-17:00
2026-07-16T10:59:04.560175+00:00,2026-07-16T13:59:04.560175+03:00,1960,Kazlıçeşme Marmaray Açık Otoparkı,ZEYTİNBURNU,40.9922,28.917,700,539,161,AÇIK OTOPARK,1,15,24 Saat
2026-07-16T10:59:04.560175+00:00,2026-07-16T13:59:04.560175+03:00,2994,Kirazlı Metro Durağı PD Açık Otoparkı,BAĞCILAR,41.033,28.8429,112,7,105,AÇIK OTOPARK,1,5,24 Saat
2026-07-16T10:59:04.560175+00:00,2026-07-16T13:59:04.560175+03:00,1528,Kore Şehitleri Caddesi - Yüzbaşı Kaya Aldağon Sokak 1,ŞİŞLİ,41.0719,29.0139,40,1,39,YOL ÜSTÜ,1,15,07:00-16:00
2026-07-16T10:59:04.560175+00:00,2026-07-16T13:59:04.560175+03:00,2449,Kozyatağı Sebze-Meyve Hali,ATAŞEHİR,40.9787,29.1029,1500,1,1499,AÇIK OTOPARK,1,0,24 Saat
2026-07-16T10:59:04.560175+00:00,2026-07-16T13:59:04.560175+03:00,1206,Kutlugün Sokak 2,FATİH,41.0061,28.9801,200,1,199,YOL ÜSTÜ,1,0,08:00-18:00
2026-07-16T10:59:04.560175+00:00,2026-07-16T13:59:04.560175+03:00,3074,Küçük Çamlıca,ÜSKÜDAR,41.0204,29.0653,129,106,23,AÇIK OTOPARK,1,0,08:00-22:00
2026-07-16T10:59:04.560175+00:00,2026-07-16T13:59:04.560175+03:00,3127,Küçükçekmece Cennet Mahallesi Meydan Zemin Altı Otoparkı,KÜÇÜKÇEKMECE,40.9907,28.783,456,0,456,KAPALI OTOPARK,1,10,24 Saat
2026-07-16T10:59:04.560175+00:00,2026-07-16T13:59:04.560175+03:00,2554,Küçükçekmece Fevzi Çakmak Meydanı Zemin Altı Otoparkı,KÜÇÜKÇEKMECE,41.0076,28.7927,1000,531,469,KAPALI OTOPARK,1,10,24 Saat
2026-07-16T10:59:04.560175+00:00,2026-07-16T13:59:04.560175+03:00,2882,Küçüksu Kasrı Açık Otoparkı,BEYKOZ,41.0789,29.0657,98,91,7,AÇIK OTOPARK,1,0,07:00-23:00
2026-07-16T10:59:04.560175+00:00,2026-07-16T13:59:04.560175+03:00,220,Levent Hamidiye,BEŞİKTAŞ,41.0861,29.0076,100,1,99,AÇIK OTOPARK,1,0,08:00-19:00
2026-07-16T10:59:04.560175+00:00,2026-07-16T13:59:04.560175+03:00,1138,Levent Metro Yer Altı Otoparkı,BEŞİKTAŞ,41.0811,29.0105,100,1,99,AÇIK OTOPARK,1,5,07:30-19:30
2026-07-16T10:59:04.560175+00:00,2026-07-16T13:59:04.560175+03:00,2335,Maçka Açık Otoparkı,ŞİŞLİ,41.046,28.9908,75,75,0,AÇIK OTOPARK,1,0,24 Saat
2026-07-16T10:59:04.560175+00:00,2026-07-16T13:59:04.560175+03:00,1859,Maçka Katlı Otoparkı,ŞİŞLİ,41.0484,28.9903,508,0,508,KAPALI OTOPARK,1,0,24 Saat
2026-07-16T10:59:04.560175+00:00,2026-07-16T13:59:04.560175+03:00,3193,Maltepe Rıhtım Caddesi Açık Otoparkı,MALTEPE,40.9258,29.1241,76,52,24,AÇIK OTOPARK,1,0,24 Saat
2026-07-16T10:59:04.560175+00:00,2026-07-16T13:59:04.560175+03:00,2146,Maltepe Süreyyapaşa Çarşısı Açık Otoparkı,MALTEPE,40.9274,29.1225,156,102,54,AÇIK OTOPARK,1,0,24 Saat
2026-07-16T10:59:04.560175+00:00,2026-07-16T13:59:04.560175+03:00,1599,Maslak Açık Otoparkı,SARIYER,41.1166,29.024,150,58,92,AÇIK OTOPARK,1,10,24 Saat
2026-07-16T10:59:04.560175+00:00,2026-07-16T13:59:04.560175+03:00,2100,Matbaacılar Sitesi Yanı,ZEYTİNBURNU,41.0234,28.9187,250,116,134,AÇIK OTOPARK,1,5,24 Saat
2026-07-16T10:59:04.560175+00:00,2026-07-16T13:59:04.560175+03:00,920,Meclis-i Mebusan Yokuşu 2,BEYOĞLU,41.0326,28.9882,34,1,33,YOL ÜSTÜ,1,15,09:00-17:00
2026-07-16T10:59:04.560175+00:00,2026-07-16T13:59:04.560175+03:00,1376,Mercan Açık,FATİH,41.0136,28.9669,130,6,124,AÇIK OTOPARK,1,0,08:00-23:00
2026-07-16T10:59:04.560175+00:00,2026-07-16T13:59:04.560175+03:00,3309,Mercan Ali Paşa Sarayı Zemin Altı Otoparkı,FATİH,41.0136,28.967,196,1,195,KAPALI OTOPARK,1,0,07:00-21:00
2026-07-16T10:59:04.560175+00:00,2026-07-16T13:59:04.560175+03:00,1472,Merter Katlı Otoparkı,GÜNGÖREN,41.0092,28.8874,1000,858,142,KAPALI OTOPARK,1,10,24 Saat
2026-07-16T10:59:04.560175+00:00,2026-07-16T13:59:04.560175+03:00,2375,Merter Metro PD Zeminaltı Otoparkı,GÜNGÖREN,41.0037,28.8897,242,91,151,KAPALI OTOPARK,1,10,24 Saat
2026-07-16T10:59:04.560175+00:00,2026-07-16T13:59:04.560175+03:00,1568,Mete Caddesi 1,BEYOĞLU,41.0382,28.9879,31,1,30,YOL ÜSTÜ,1,15,08:00-23:00
2026-07-16T10:59:04.560175+00:00,2026-07-16T13:59:04.560175+03:00,1471,Mevlana Yeraltı Katlı Otoparkı,ZEYTİNBURNU,41.0072,28.9049,1000,865,135,KAPALI OTOPARK,1,5,24 Saat
2026-07-16T10:59:04.560175+00:00,2026-07-16T13:59:04.560175+03:00,2709,Millet Caddesi Açık Otoparkı,FATİH,41.01,28.9461,60,23,37,AÇIK OTOPARK,1,15,24 Saat
2026-07-16T10:59:04.560175+00:00,2026-07-16T13:59:04.560175+03:00,3152,Mimar Sinan Zemin Altı Otoparkı,ÜSKÜDAR,41.0222,29.0169,956,87,869,KAPALI OTOPARK,1,15,24 Saat
2026-07-16T10:59:04.560175+00:00,2026-07-16T13:59:04.560175+03:00,2870,Miniatürk Çadır Açık Otoparkı,BEYOĞLU,41.0594,28.9501,250,84,166,AÇIK OTOPARK,1,15,07:00-20:00
2026-07-16T10:59:04.560175+00:00,2026-07-16T13:59:04.560175+03:00,2556,Muallim Naci Açık Otoparkı,BEŞİKTAŞ,41.0561,29.0342,35,21,14,AÇIK OTOPARK,1,15,24 Saat
2026-07-16T10:59:04.560175+00:00,2026-07-16T13:59:04.560175+03:00,569,Oda Kule Önü 1,BEYOĞLU,41.0322,28.9751,24,1,23,YOL ÜSTÜ,1,0,07:00-01:00
2026-07-16T10:59:04.560175+00:00,2026-07-16T13:59:04.560175+03:00,1988,Orhangazi Şehir Parkı PD Açık Otoparkı,MALTEPE,40.9313,29.1161,5022,4556,466,AÇIK OTOPARK,1,15,24 Saat
2026-07-16T10:59:04.560175+00:00,2026-07-16T13:59:04.560175+03:00,152,Ortabahçe Caddesi 2,BEŞİKTAŞ,41.0428,29.0043,35,1,34,YOL ÜSTÜ,1,15,08:00-23:00
2026-07-16T10:59:04.560175+00:00,2026-07-16T13:59:04.560175+03:00,153,Ortabahçe Caddesi 3,BEŞİKTAŞ,41.043,29.0042,26,1,25,YOL ÜSTÜ,1,15,08:00-23:00
2026-07-16T10:59:04.560175+00:00,2026-07-16T13:59:04.560175+03:00,119,Ortaklar Caddesi 1,ŞİŞLİ,41.0638,28.9971,25,1,24,YOL ÜSTÜ,1,15,08:30-17:00
2026-07-16T10:59:04.560175+00:00,2026-07-16T13:59:04.560175+03:00,1343,Ortaköy Açık Otoparkı,BEŞİKTAŞ,41.0504,29.0326,170,145,25,AÇIK OTOPARK,1,0,24 Saat
2026-07-16T10:59:04.560175+00:00,2026-07-16T13:59:04.560175+03:00,572,Ortaköy Portakal Yokuşu 1,BEŞİKTAŞ,41.0503,29.0261,15,1,14,YOL ÜSTÜ,1,15,09:00-19:00
2026-07-16T10:59:04.560175+00:00,2026-07-16T13:59:04.560175+03:00,1039,Öğretmen Evi,AVCILAR,40.9723,28.714,80,42,38,AÇIK OTOPARK,1,0,11:00-23:00
2026-07-16T10:59:04.560175+00:00,2026-07-16T13:59:04.560175+03:00,1466,Pendik Katlı Otoparkı,PENDİK,40.8789,29.2342,120,0,120,KAPALI OTOPARK,1,15,24 Saat
2026-07-16T10:59:04.560175+00:00,2026-07-16T13:59:04.560175+03:00,3073,Pendik Kemal Kalkuz Parkı Zemin Altı Otoparkı,PENDİK,40.8885,29.2427,224,0,224,KAPALI OTOPARK,1,0,09:00-18:00
2026-07-16T10:59:04.560175+00:00,2026-07-16T13:59:04.560175+03:00,3019,Pendik Meydan Zemin Altı Otoparkı,PENDİK,40.8752,29.2324,937,0,937,KAPALI OTOPARK,1,0,24 Saat
2026-07-16T10:59:04.560175+00:00,2026-07-16T13:59:04.560175+03:00,2865,Pendik Sahil Engelliler Merkez Önü,PENDİK,40.8735,29.233,100,66,34,AÇIK OTOPARK,1,0,11:00-20:00
2026-07-16T10:59:04.560175+00:00,2026-07-16T13:59:04.560175+03:00,2434,Pendik Sahil İdo,PENDİK,40.8755,29.2369,100,0,100,AÇIK OTOPARK,1,0,07:00-23:00
2026-07-16T10:59:04.560175+00:00,2026-07-16T13:59:04.560175+03:00,248,Pendik Yenimahalle Açık 2 Otoparkı,PENDİK,40.864,29.2723,124,87,37,AÇIK OTOPARK,1,15,10:00-22:00
2026-07-16T10:59:04.560175+00:00,2026-07-16T13:59:04.560175+03:00,297,Perşembe Pazarı 1,BEYOĞLU,41.0252,28.9693,32,1,31,YOL ÜSTÜ,1,15,08:00-17:00
2026-07-16T10:59:04.560175+00:00,2026-07-16T13:59:04.560175+03:00,597,Pierre Loti Caddesi 3,FATİH,41.0069,28.9711,36,1,35,YOL ÜSTÜ,1,0,07:00-17:00
2026-07-16T10:59:04.560175+00:00,2026-07-16T13:59:04.560175+03:00,3263,Piyalepaşa Meydanı Zemin Altı Otoparkı,BEYOĞLU,41.0445,28.9674,560,299,261,KAPALI OTOPARK,1,0,24 Saat
2026-07-16T10:59:04.560175+00:00,2026-07-16T13:59:04.560175+03:00,423,Prof.Cemil Birsel Yokuşu 3,FATİH,41.0178,28.967,40,1,39,YOL ÜSTÜ,1,0,07:00-18:00
2026-07-16T10:59:04.560175+00:00,2026-07-16T13:59:04.560175+03:00,1900,Ragıp Gümüşpala Cad.(Sobacılar Önü),FATİH,41.0181,28.969,40,1,39,YOL ÜSTÜ,1,15,07:00-18:00
2026-07-16T10:59:04.560175+00:00,2026-07-16T13:59:04.560175+03:00,415,Ragıp Gümüşpala Camii Önü 1,FATİH,41.0211,28.9627,35,1,34,YOL ÜSTÜ,1,0,07:00-17:30
2026-07-16T10:59:04.560175+00:00,2026-07-16T13:59:04.560175+03:00,3268,Refik Saydam Caddesi 3,BEYOĞLU,41.032,28.9736,55,1,54,YOL ÜSTÜ,1,0,06:00-23:00
2026-07-16T10:59:04.560175+00:00,2026-07-16T13:59:04.560175+03:00,2307,Ressam Halim Sokak PD Açık Otoparkı,BAHÇELİEVLER,40.9967,28.8641,120,75,45,AÇIK OTOPARK,1,15,08:00-00:00
2026-07-16T10:59:04.560175+00:00,2026-07-16T13:59:04.560175+03:00,3082,Rumeli Hisarı Sahil Yolu Otoparkı,SARIYER,41.0854,29.0568,20,3,17,AÇIK OTOPARK,1,0,24 Saat
2026-07-16T10:59:04.560175+00:00,2026-07-16T13:59:04.560175+03:00,1595,Sabiha Gökçen Açık Otoparkı,PENDİK,40.925,29.308,1056,0,1056,AÇIK OTOPARK,1,15,24 Saat
2026-07-16T10:59:04.560175+00:00,2026-07-16T13:59:04.560175+03:00,3239,Samatya Sahil Cep Otoparkı,FATİH,40.9954,28.932,113,99,14,AÇIK OTOPARK,1,15,24 Saat
2026-07-16T10:59:04.560175+00:00,2026-07-16T13:59:04.560175+03:00,3273,Sarıyer Büyükdere Fidanlığı,SARIYER,41.1548,29.0268,160,156,4,AÇIK OTOPARK,1,0,08:00-18:00
2026-07-16T10:59:04.560175+00:00,2026-07-16T13:59:04.560175+03:00,3299,Sariyer Ayazağa Mah Vadi İstanbul Önü Açık Otoparkı,SARIYER,41.1106,28.9881,100,97,3,AÇIK OTOPARK,1,0,08:00-20:00
2026-07-16T10:59:04.560175+00:00,2026-07-16T13:59:04.560175+03:00,1303,Seyrantepe Katlı (Arena Karşısı) 1,KAĞITHANE,41.101,28.9961,1897,1,1896,KAPALI OTOPARK,1,0,24 Saat
2026-07-16T10:59:04.560175+00:00,2026-07-16T13:59:04.560175+03:00,1628,Sıracevizler Caddesi Yol Üstü 5,ŞİŞLİ,41.0607,28.9841,45,1,44,YOL ÜSTÜ,1,15,09:00-17:00
2026-07-16T10:59:04.560175+00:00,2026-07-16T13:59:04.560175+03:00,464,Sirkeci Gar Önü,FATİH,41.015,28.9761,60,1,59,AÇIK OTOPARK,1,5,07:00-20:00
2026-07-16T10:59:04.560175+00:00,2026-07-16T13:59:04.560175+03:00,1486,Siyavuşpaşa Yer Altı Otoparkı,BAHÇELİEVLER,40.9965,28.8532,155,0,155,KAPALI OTOPARK,1,0,24 Saat
2026-07-16T10:59:04.560175+00:00,2026-07-16T13:59:04.560175+03:00,1958,Soğanlık Metro PD Açık Otoparkı,KARTAL,40.9131,29.1925,898,813,85,AÇIK OTOPARK,1,15,24 Saat
2026-07-16T10:59:04.560175+00:00,2026-07-16T13:59:04.560175+03:00,589,Su Terazisi Sokak,FATİH,41.0046,28.9727,22,1,21,YOL ÜSTÜ,1,0,07:30-17:00
2026-07-16T10:59:04.560175+00:00,2026-07-16T13:59:04.560175+03:00,1478,Suadiye Cep Açık Otoparkı,KADIKÖY,40.9586,29.0732,130,110,20,AÇIK OTOPARK,1,15,24 Saat
2026-07-16T10:59:04.560175+00:00,2026-07-16T13:59:04.560175+03:00,2948,Suadiye Sahil Açık Otoparkı,KADIKÖY,40.9562,29.0797,70,16,54,AÇIK OTOPARK,1,5,24 Saat
2026-07-16T10:59:04.560175+00:00,2026-07-16T13:59:04.560175+03:00,2799,Sultanbeyli Emir Caddesi Zemin Altı Otoparkı,SULTANBEYLİ,40.9707,29.2606,130,27,103,KAPALI OTOPARK,1,15,08:00-22:00
2026-07-16T10:59:04.560175+00:00,2026-07-16T13:59:04.560175+03:00,2372,Sultanbeyli Kent Meydanı Zemin Altı Otoparkı,SULTANBEYLİ,40.9667,29.2667,300,122,178,KAPALI OTOPARK,1,15,24 Saat
2026-07-16T10:59:04.560175+00:00,2026-07-16T13:59:04.560175+03:00,2410,Sultangazi Zemin Altı Otoparkı,SULTANGAZİ,41.0944,28.8649,104,0,104,KAPALI OTOPARK,1,10,24 Saat
2026-07-16T10:59:04.560175+00:00,2026-07-16T13:59:04.560175+03:00,2085,Süleyman Seba Caddesi 2,BEŞİKTAŞ,41.0426,28.9998,40,1,39,YOL ÜSTÜ,1,15,08:00-18:00
2026-07-16T10:59:04.560175+00:00,2026-07-16T13:59:04.560175+03:00,2088,Süleyman Seba Caddesi 5,BEŞİKTAŞ,41.0432,28.9978,40,1,39,YOL ÜSTÜ,1,15,08:00-18:00
2026-07-16T10:59:04.560175+00:00,2026-07-16T13:59:04.560175+03:00,2089,Süleyman Seba Caddesi 6,BEŞİKTAŞ,41.0435,28.9967,11,1,10,YOL ÜSTÜ,1,15,08:00-18:00
2026-07-16T10:59:04.560175+00:00,2026-07-16T13:59:04.560175+03:00,2391,Süleymaniye Cami Altı Açık Otoparkı,FATİH,41.0158,28.961,250,234,16,AÇIK OTOPARK,1,0,06:30-18:30
2026-07-16T10:59:04.560175+00:00,2026-07-16T13:59:04.560175+03:00,1730,Sütlüce Miniatürk Yanı,BEYOĞLU,41.057,28.95,320,230,90,AÇIK OTOPARK,1,15,24 Saat
2026-07-16T10:59:04.560175+00:00,2026-07-16T13:59:04.560175+03:00,36,Şakayık Sokak 4,ŞİŞLİ,41.0518,28.9936,50,1,49,YOL ÜSTÜ,1,15,08:00-16:00
2026-07-16T10:59:04.560175+00:00,2026-07-16T13:59:04.560175+03:00,1469,Şehit Volkan Duysak Katlı Otoparkı,ZEYTİNBURNU,40.9968,28.9039,1000,680,320,KAPALI OTOPARK,1,5,24 Saat
2026-07-16T10:59:04.560175+00:00,2026-07-16T13:59:04.560175+03:00,2907,Şehremini Açık Otoparkı 2,FATİH,41.0135,28.9333,60,60,0,AÇIK OTOPARK,1,0,08:30-20:30
2026-07-16T10:59:04.560175+00:00,2026-07-16T13:59:04.560175+03:00,2855,Şemsipaşa Açık Otoparkı,ÜSKÜDAR,41.0255,29.0097,80,32,48,AÇIK OTOPARK,1,0,24 Saat
2026-07-16T10:59:04.560175+00:00,2026-07-16T13:59:04.560175+03:00,2439,Şirinevler Meydan Zeminaltı Otoparkı,BAHÇELİEVLER,40.9925,28.8496,367,47,320,KAPALI OTOPARK,1,0,24 Saat
2026-07-16T10:59:04.560175+00:00,2026-07-16T13:59:04.560175+03:00,3400,Şişhane Refik Saydam Caddesi 2 Yol Üstü Otoparkı 1,BEYOĞLU,41.0326,28.9743,70,1,69,YOL ÜSTÜ,1,15,06:00-23:00
2026-07-16T10:59:04.560175+00:00,2026-07-16T13:59:04.560175+03:00,1017,Şişli Kadırgalar Caddesi 1,ŞİŞLİ,41.0429,28.9927,100,1,99,AÇIK OTOPARK,1,0,07:00-23:00
2026-07-16T10:59:04.560175+00:00,2026-07-16T13:59:04.560175+03:00,3441,Şişli Kuştepe Zemin Altı Otoparkı,ŞİŞLİ,41.072,28.9919,430,314,116,KAPALI OTOPARK,1,15,24 Saat
2026-07-16T10:59:04.560175+00:00,2026-07-16T13:59:04.560175+03:00,2816,Şişli Rumeli Caddesi Metro Yanı 1,ŞİŞLİ,41.0538,28.9868,45,1,44,YOL ÜSTÜ,1,15,08:00-20:00
2026-07-16T10:59:04.560175+00:00,2026-07-16T13:59:04.560175+03:00,2406,Şişli Zemin Altı Otoparkı,ŞİŞLİ,41.0641,28.9992,581,255,326,KAPALI OTOPARK,1,15,24 Saat
2026-07-16T10:59:04.560175+00:00,2026-07-16T13:59:04.560175+03:00,1993,Tuzla İdo,TUZLA,40.8149,29.3039,300,265,35,AÇIK OTOPARK,1,15,24 Saat
2026-07-16T10:59:04.560175+00:00,2026-07-16T13:59:04.560175+03:00,3332,Tuzla Sahil Cep,TUZLA,40.8168,29.2992,50,42,8,AÇIK OTOPARK,1,0,08:00-00:00
2026-07-16T10:59:04.560175+00:00,2026-07-16T13:59:04.560175+03:00,3057,Tuzla Sahil Zemin Altı Otoparkı,TUZLA,40.8181,29.3004,779,539,240,KAPALI OTOPARK,1,15,24 Saat
2026-07-16T10:59:04.560175+00:00,2026-07-16T13:59:04.560175+03:00,1811,Ulu Camii Açık Otoparkı,BAHÇELİEVLER,40.9982,28.8499,150,129,21,AÇIK OTOPARK,1,10,24 Saat
2026-07-16T10:59:04.560175+00:00,2026-07-16T13:59:04.560175+03:00,2424,Uzunçayır Açık Otoparkı,KADIKÖY,40.9988,29.0556,58,52,6,AÇIK OTOPARK,1,0,06:00-16:00
2026-07-16T10:59:04.560175+00:00,2026-07-16T13:59:04.560175+03:00,1468,Ümraniye Katlı Otoparkı,ÜMRANİYE,41.0261,29.0953,665,372,293,KAPALI OTOPARK,1,15,24 Saat
2026-07-16T10:59:04.560175+00:00,2026-07-16T13:59:04.560175+03:00,2898,Ümraniye Okan Sokak Zeminaltı Otoparkı,ÜMRANİYE,41.0284,29.0907,125,37,88,KAPALI OTOPARK,1,15,24 Saat
2026-07-16T10:59:04.560175+00:00,2026-07-16T13:59:04.560175+03:00,2345,Üsküdar Uzunçayır PD Açık Otoparkı,ÜSKÜDAR,40.9988,29.0577,90,47,43,AÇIK OTOPARK,1,15,06:00-22:00
2026-07-16T10:59:04.560175+00:00,2026-07-16T13:59:04.560175+03:00,1929,Üsküdar Ünalan Açık Otoparkı,ÜSKÜDAR,40.9979,29.0604,180,175,5,AÇIK OTOPARK,1,0,07:00-17:00
2026-07-16T10:59:04.560175+00:00,2026-07-16T13:59:04.560175+03:00,1487,Vatan Caddesi PD Açık Otoparkı,FATİH,41.0157,28.9405,397,146,251,AÇIK OTOPARK,1,5,24 Saat
2026-07-16T10:59:04.560175+00:00,2026-07-16T13:59:04.560175+03:00,1621,Veteriner Hilmi Sokak Yol Üstü 1,ŞİŞLİ,41.0603,28.9892,20,1,19,YOL ÜSTÜ,1,15,08:00-17:00
2026-07-16T10:59:04.560175+00:00,2026-07-16T13:59:04.560175+03:00,2441,Yalı Açık Otoparkı,MALTEPE,40.9095,29.137,85,82,3,AÇIK OTOPARK,1,0,07:30-22:00
2026-07-16T10:59:04.560175+00:00,2026-07-16T13:59:04.560175+03:00,459,Yalı Köşkü Caddesi 1,FATİH,41.0163,28.9759,61,1,60,YOL ÜSTÜ,1,5,07:00-21:00
2026-07-16T10:59:04.560175+00:00,2026-07-16T13:59:04.560175+03:00,2037,Yenikapı Marmaray Büyük Otoparkı,FATİH,41.0057,28.9505,324,83,241,AÇIK OTOPARK,1,15,24 Saat
2026-07-16T10:59:04.560175+00:00,2026-07-16T13:59:04.560175+03:00,2036,Yenikapı Marmaray Küçük Otoparkı,FATİH,41.0064,28.9504,200,136,64,AÇIK OTOPARK,1,15,07:00-22:00
2026-07-16T10:59:04.560175+00:00,2026-07-16T13:59:04.560175+03:00,2175,Yenikapı Spor ve Kültür Merkezi PD Açık Otoparkı,FATİH,41.0006,28.9519,4023,3796,227,AÇIK OTOPARK,1,15,24 Saat
2026-07-16T10:59:04.560175+00:00,2026-07-16T13:59:04.560175+03:00,2805,Yenikapı Tünel Üstü Açık Otoparkı,FATİH,41.0029,28.9534,700,387,313,AÇIK OTOPARK,1,10,24 Saat
2026-07-16T10:59:04.560175+00:00,2026-07-16T13:59:04.560175+03:00,3404,Yenimahalle Metro Zemin Altı PD Otoparkı,GAZİOSMANPAŞA,41.0839,28.8926,114,99,15,KAPALI OTOPARK,1,15,24 Saat
2026-07-16T10:59:04.560175+00:00,2026-07-16T13:59:04.560175+03:00,2920,Yeşilce Zemin Altı Katlı Otoparkı,KAĞITHANE,41.0938,29.0017,676,286,390,KAPALI OTOPARK,1,0,24 Saat
2026-07-16T10:59:04.560175+00:00,2026-07-16T13:59:04.560175+03:00,987,Yeşilköy İstasyon Caddesi 1,BAKIRKÖY,40.962,28.825,40,1,39,YOL ÜSTÜ,1,15,09:00-17:30
2026-07-16T10:59:04.560175+00:00,2026-07-16T13:59:04.560175+03:00,974,Yeşilköy Marina 1,BAKIRKÖY,40.9576,28.8233,145,1,144,YOL ÜSTÜ,1,0,12:00-23:00
2026-07-16T10:59:04.560175+00:00,2026-07-16T13:59:04.560175+03:00,3406,Yeşilpınar Metro Zemin Altı PD Otoparkı,EYÜP,41.081,28.9204,269,205,64,KAPALI OTOPARK,1,15,24 Saat
2026-07-16T10:59:04.560175+00:00,2026-07-16T13:59:04.560175+03:00,315,Yeşilyurt Çarşı 1,BAKIRKÖY,40.9643,28.8379,50,1,49,YOL ÜSTÜ,1,15,09:00-17:30
2026-07-16T10:59:04.560175+00:00,2026-07-16T13:59:04.560175+03:00,1133,Yıldız Korusu,BEŞİKTAŞ,41.0514,29.0165,500,1,499,AÇIK OTOPARK,1,0,08:00-22:00
2026-07-16T10:59:04.560175+00:00,2026-07-16T13:59:04.560175+03:00,882,Zeytinburnu 58. Bulvar 2,ZEYTİNBURNU,40.9932,28.9039,48,1,47,YOL ÜSTÜ,1,15,09:00-18:00
2026-07-16T10:59:04.560175+00:00,2026-07-16T13:59:04.560175+03:00,3185,Zeytinburnu Sahil Cep Otoparkı,ZEYTİNBURNU,40.9798,28.8985,160,1,159,AÇIK OTOPARK,1,0,12:00-22:00
2026-07-16T12:25:55.794550+00:00,2026-07-16T15:25:55.794550+03:00,3068,15 Temmuz Şehitler Meydanı Zeminaltı Otoparkı,ÜMRANİYE,41.0246,29.0915,1029,558,471,KAPALI OTOPARK,1,15,24 Saat
2026-07-16T12:25:55.794550+00:00,2026-07-16T15:25:55.794550+03:00,2338,19 Mayıs Açık,ŞİŞLİ,41.0563,28.9941,65,0,65,AÇIK OTOPARK,1,0,24 Saat
2026-07-16T12:25:55.794550+00:00,2026-07-16T15:25:55.794550+03:00,1751,4.Levent PD Açık Otoparkı,KAĞITHANE,41.0836,29.0081,236,108,128,AÇIK OTOPARK,1,5,24 Saat
2026-07-16T12:25:55.794550+00:00,2026-07-16T15:25:55.794550+03:00,3328,4.Levent Servis ve Turizm Araçları Açık Otoparkı,ŞİŞLİ,41.0841,29.0054,300,167,133,AÇIK OTOPARK,1,15,24 Saat
2026-07-16T12:25:55.794550+00:00,2026-07-16T15:25:55.794550+03:00,3412,5. Levent Gaziosmanpaşa Adliyesi Yanı Açık Otoparkı,EYÜP,41.0927,28.9494,250,179,71,AÇIK OTOPARK,1,15,07:00-23:00
2026-07-16T12:25:55.794550+00:00,2026-07-16T15:25:55.794550+03:00,104,Abide-i Hürriyet Caddesi 5,ŞİŞLİ,41.0619,28.9876,40,1,39,YOL ÜSTÜ,1,15,08:00-17:00
2026-07-16T12:25:55.794550+00:00,2026-07-16T15:25:55.794550+03:00,2452,Acıbadem Açık Otoparkı,ÜSKÜDAR,41.0157,29.0574,100,87,13,AÇIK OTOPARK,1,0,06:30-16:00
2026-07-16T12:25:55.794550+00:00,2026-07-16T15:25:55.794550+03:00,346,Ada Karşısı Cep 2,BEŞİKTAŞ,41.072,29.045,30,1,29,YOL ÜSTÜ,1,15,08:00-23:00
2026-07-16T12:25:55.794550+00:00,2026-07-16T15:25:55.794550+03:00,1663,Akasyalı Sokak Tenis Kulubü Önü 2,BEŞİKTAŞ,41.0867,29.0109,45,1,44,YOL ÜSTÜ,1,15,08:30-17:30
2026-07-16T12:25:55.794550+00:00,2026-07-16T15:25:55.794550+03:00,828,Akdeniz Caddesi 4,FATİH,41.0175,28.9435,27,1,26,YOL ÜSTÜ,1,15,09:00-18:00
2026-07-16T12:25:55.794550+00:00,2026-07-16T15:25:55.794550+03:00,1913,Alibeyköy Cep Otogarı Açık Otoparkı,EYÜP,41.0879,28.9446,116,29,87,AÇIK OTOPARK,1,25,24 Saat
2026-07-16T12:25:55.794550+00:00,2026-07-16T15:25:55.794550+03:00,1912,Alibeyköy Cep Otogarı Otobüs Otoparkı,EYÜP,41.0875,28.9449,5000,4988,12,AÇIK OTOPARK,1,60,24 Saat
2026-07-16T12:25:55.794550+00:00,2026-07-16T15:25:55.794550+03:00,2562,Alibeyköy Yeşiltepe Zemin Altı Otoparkı,EYÜP,41.0797,28.938,159,65,94,KAPALI OTOPARK,1,15,24 Saat
2026-07-16T12:25:55.794550+00:00,2026-07-16T15:25:55.794550+03:00,3201,Altınboynuz Sosyal Tesisleri,EYÜP,41.058,28.9447,70,70,0,AÇIK OTOPARK,1,15,08:00-23:00
2026-07-16T12:25:55.794550+00:00,2026-07-16T15:25:55.794550+03:00,758,Arap Camii Açık Otoparkı,BEYOĞLU,41.0227,28.9723,30,1,29,AÇIK OTOPARK,1,0,09:00-17:00
2026-07-16T12:25:55.794550+00:00,2026-07-16T15:25:55.794550+03:00,2685,Aras Sokak 2,BÜYÜKÇEKMECE,41.023,28.6209,60,60,0,YOL ÜSTÜ,0,0,06:00-14:30
2026-07-16T12:25:55.794550+00:00,2026-07-16T15:25:55.794550+03:00,2802,Arnavutköy Zemin Altı Otoparkı,ARNAVUTKÖY,41.1838,28.7396,700,17,683,KAPALI OTOPARK,1,15,24 Saat
2026-07-16T12:25:55.794550+00:00,2026-07-16T15:25:55.794550+03:00,1797,Ataköy Atrium AVM,BAKIRKÖY,40.9881,28.8459,250,188,62,AÇIK OTOPARK,1,15,08:00-23:00
2026-07-16T12:25:55.794550+00:00,2026-07-16T15:25:55.794550+03:00,2824,Ataköy Metro Durağı Yanı PD Zemin Altı Otoparkı,BAKIRKÖY,40.9904,28.8456,150,94,56,KAPALI OTOPARK,1,0,24 Saat
2026-07-16T12:25:55.794550+00:00,2026-07-16T15:25:55.794550+03:00,3161,Ataşehir Topçu İbrahim Sokak,ATAŞEHİR,40.9736,29.101,42,1,41,YOL ÜSTÜ,1,15,07:00-16:00
2026-07-16T12:25:55.794550+00:00,2026-07-16T15:25:55.794550+03:00,359,Atatürk Bulvarı 1,FATİH,41.0112,28.9534,20,1,19,YOL ÜSTÜ,1,0,07:30-18:00
2026-07-16T12:25:55.794550+00:00,2026-07-16T15:25:55.794550+03:00,3087,Atatürk Kent Ormanı Otoparkı,SARIYER,41.136,29.0262,200,198,2,AÇIK OTOPARK,1,0,08:00-17:00
2026-07-16T12:25:55.794550+00:00,2026-07-16T15:25:55.794550+03:00,1088,Avcılar İdo,AVCILAR,40.9712,28.7185,270,263,7,AÇIK OTOPARK,1,0,13:00-07:00
2026-07-16T12:25:55.794550+00:00,2026-07-16T15:25:55.794550+03:00,2885,Azapkapı Haliç Metro Otoparkı,ŞİŞLİ,41.0245,28.9691,80,0,80,AÇIK OTOPARK,1,5,24 Saat
2026-07-16T12:25:55.794550+00:00,2026-07-16T15:25:55.794550+03:00,2455,Azerbaycan Dostluk Parkı Zemin Altı Otoparkı,BAĞCILAR,41.0444,28.854,400,218,182,KAPALI OTOPARK,1,10,24 Saat
2026-07-16T12:25:55.794550+00:00,2026-07-16T15:25:55.794550+03:00,2965,Bağcılar Çolakoğlu Zemin Altı Otoparkı,BAĞCILAR,41.0324,28.8345,106,0,106,KAPALI OTOPARK,1,5,24 Saat
2026-07-16T12:25:55.794550+00:00,2026-07-16T15:25:55.794550+03:00,2576,Bağcılar Demirkapı Zemin Altı Otoparkı,BAĞCILAR,41.0499,28.8327,343,178,165,KAPALI OTOPARK,1,5,24 Saat
2026-07-16T12:25:55.794550+00:00,2026-07-16T15:25:55.794550+03:00,3036,Bağcılar Devlet Hastanesi Yanı Zeminaltı Otoparkı,BAĞCILAR,41.0312,28.8696,1133,109,1024,KAPALI OTOPARK,1,15,24 Saat
2026-07-16T12:25:55.794550+00:00,2026-07-16T15:25:55.794550+03:00,3071,Bağcılar Emniyet Müdürlüğü Yanı Açık Otoparkı,BAĞCILAR,41.0353,28.8598,100,50,50,AÇIK OTOPARK,1,0,24 Saat
2026-07-16T12:25:55.794550+00:00,2026-07-16T15:25:55.794550+03:00,2873,Bağcılar Göztepe Zemin Altı,BAĞCILAR,41.0567,28.8355,120,0,120,KAPALI OTOPARK,1,5,24 Saat
2026-07-16T12:25:55.794550+00:00,2026-07-16T15:25:55.794550+03:00,3187,Bağcılar Hürriyet Mahallesi Zemin Altı Otoparkı,BAĞCILAR,41.0291,28.8333,355,0,355,KAPALI OTOPARK,1,10,24 Saat
2026-07-16T12:25:55.794550+00:00,2026-07-16T15:25:55.794550+03:00,2916,Bağcılar Kent Meydanı PD Zemin Altı Otoparkı,BAĞCILAR,41.0339,28.8556,1162,0,1162,KAPALI OTOPARK,1,0,24 Saat
2026-07-16T12:25:55.794550+00:00,2026-07-16T15:25:55.794550+03:00,3261,Bağcılar Yenimahalle Zemin Altı Otoparkı,BAĞCILAR,41.0425,28.8395,525,293,232,KAPALI OTOPARK,1,15,24 Saat
2026-07-16T12:25:55.794550+00:00,2026-07-16T15:25:55.794550+03:00,2820,Bağcılar Yıldıztepe Katlı Otoparkı,BAĞCILAR,41.0294,28.8556,350,0,350,KAPALI OTOPARK,1,10,24 Saat
2026-07-16T12:25:55.794550+00:00,2026-07-16T15:25:55.794550+03:00,3447,Bahçelievler 23 Nisan Milli Egemenlik Zeminaltı Otoparkı,BAHÇELİEVLER,40.9988,28.8472,732,372,360,KAPALI OTOPARK,1,10,24 Saat
2026-07-16T12:25:55.794550+00:00,2026-07-16T15:25:55.794550+03:00,2993,Bahçelievler Cumhuriyet Zeminaltı Otoparkı,BAHÇELİEVLER,41.0149,28.859,663,0,663,KAPALI OTOPARK,1,10,24 Saat
2026-07-16T12:25:55.794550+00:00,2026-07-16T15:25:55.794550+03:00,2969,Bahçelievler Devlet Hastanesi Yanı Katlı Otoparkı,BAHÇELİEVLER,41.0072,28.8442,740,0,740,KAPALI OTOPARK,1,0,24 Saat
2026-07-16T12:25:55.794550+00:00,2026-07-16T15:25:55.794550+03:00,3051,Bahçelievler Zafer Mh. Zeminaltı Otoparkı,BAHÇELİEVLER,41.0036,28.8351,200,90,110,KAPALI OTOPARK,1,0,24 Saat
2026-07-16T12:25:55.794550+00:00,2026-07-16T15:25:55.794550+03:00,3118,Bahçeşehir Doğa Parkı Caddesi 3,BAŞAKŞEHİR,41.0683,28.6894,22,1,21,YOL ÜSTÜ,1,15,10:00-20:00
2026-07-16T12:25:55.794550+00:00,2026-07-16T15:25:55.794550+03:00,3236,Bahçeşehir Gölet Açık Otoparkı,BAŞAKŞEHİR,41.0719,28.6901,200,1,199,AÇIK OTOPARK,1,0,12:00-22:00
2026-07-16T12:25:55.794550+00:00,2026-07-16T15:25:55.794550+03:00,1465,Bakırköy İdo Açık Otoparkı,BAKIRKÖY,40.9739,28.8761,160,103,57,AÇIK OTOPARK,1,10,24 Saat
2026-07-16T12:25:55.794550+00:00,2026-07-16T15:25:55.794550+03:00,1104,Balmumcu Katlı Otoparkı,BEŞİKTAŞ,41.0636,29.0109,400,237,163,KAPALI OTOPARK,1,5,24 Saat
2026-07-16T12:25:55.794550+00:00,2026-07-16T15:25:55.794550+03:00,2796,Başakşehir Metro Açık Otoparkı,BAŞAKŞEHİR,41.107,28.801,125,1,124,AÇIK OTOPARK,1,0,07:00-16:00
2026-07-16T12:25:55.794550+00:00,2026-07-16T15:25:55.794550+03:00,2350,Bayrampaşa Adapark Katlı Otoparkı,BAYRAMPAŞA,41.0647,28.8875,650,0,650,KAPALI OTOPARK,1,15,24 Saat
2026-07-16T12:25:55.794550+00:00,2026-07-16T15:25:55.794550+03:00,2892,Bayrampaşa Altıntepsi Zemin  Altı Otoparkı,BAYRAMPAŞA,41.0393,28.9029,110,0,110,KAPALI OTOPARK,1,10,24 Saat
2026-07-16T12:25:55.794550+00:00,2026-07-16T15:25:55.794550+03:00,2909,Bayrampaşa Atatürk Parkı  Zemin Altı Otoparkı,BAYRAMPAŞA,41.0342,28.9123,442,0,442,KAPALI OTOPARK,1,10,24 Saat
2026-07-16T12:25:55.794550+00:00,2026-07-16T15:25:55.794550+03:00,2683,Bayrampaşa Devlet Hastanesi Cep Otoparkı,BAYRAMPAŞA,41.0414,28.9031,55,5,50,AÇIK OTOPARK,1,0,08:00-19:00
2026-07-16T12:25:55.794550+00:00,2026-07-16T15:25:55.794550+03:00,3301,Bayrampaşa Kocatepe Mahallesi Zemin Altı Otoparkı,BAYRAMPAŞA,41.0545,28.8964,241,0,241,KAPALI OTOPARK,1,10,24 Saat
2026-07-16T12:25:55.794550+00:00,2026-07-16T15:25:55.794550+03:00,2053,Bayrampaşa Muratpaşa Yer Altı Otoparkı,BAYRAMPAŞA,41.047,28.9082,300,29,271,KAPALI OTOPARK,1,15,24 Saat
2026-07-16T12:25:55.794550+00:00,2026-07-16T15:25:55.794550+03:00,3175,Bayrampaşa Spor Kompleksi Zemin Altı Otoparkı,BAYRAMPAŞA,41.0446,28.9106,205,0,205,KAPALI OTOPARK,1,15,24 Saat
2026-07-16T12:25:55.794550+00:00,2026-07-16T15:25:55.794550+03:00,3382,Bayrampaşa Şehit Kamil Balkan Zemin Altı Otoparkı,BAYRAMPAŞA,41.0604,28.9008,235,0,235,KAPALI OTOPARK,1,10,24 Saat
2026-07-16T12:25:55.794550+00:00,2026-07-16T15:25:55.794550+03:00,2428,Bayrampaşa Yenidoğan Mahallesi Zemin Altı Otoparkı,BAYRAMPAŞA,41.0395,28.9088,120,0,120,KAPALI OTOPARK,1,10,24 Saat
2026-07-16T12:25:55.794550+00:00,2026-07-16T15:25:55.794550+03:00,2468,Bebek Açık,BEŞİKTAŞ,41.077,29.0434,30,1,29,AÇIK OTOPARK,1,0,24 Saat
2026-07-16T12:25:55.794550+00:00,2026-07-16T15:25:55.794550+03:00,3479,Beşiktaş Halk Pazarı Açık Otoparkı,BEŞİKTAŞ,41.0496,29.0004,170,101,69,AÇIK OTOPARK,1,5,24 Saat
2026-07-16T12:25:55.794550+00:00,2026-07-16T15:25:55.794550+03:00,573,Beşiktaş Kadastro Önü 1,BEŞİKTAŞ,41.0503,29.0076,39,1,38,YOL ÜSTÜ,1,15,08:00-17:00
2026-07-16T12:25:55.794550+00:00,2026-07-16T15:25:55.794550+03:00,3257,Beykoz Sahil Cep Otoparkı,BEYKOZ,41.1286,29.0953,100,76,24,AÇIK OTOPARK,1,0,08:00-00:00
2026-07-16T12:25:55.794550+00:00,2026-07-16T15:25:55.794550+03:00,2273,Beykoz Sosyal Tesisleri,BEYKOZ,41.1143,29.0888,130,15,115,AÇIK OTOPARK,1,15,08:00-00:00
2026-07-16T12:25:55.794550+00:00,2026-07-16T15:25:55.794550+03:00,2999,Beyoğlu Gazhane Bostan Sokak 2,BEYOĞLU,41.0389,28.9903,35,1,34,YOL ÜSTÜ,1,0,07:30-16:30
2026-07-16T12:25:55.794550+00:00,2026-07-16T15:25:55.794550+03:00,3072,Beyoğlu Örnektepe Zemin Altı Otoparkı,BEYOĞLU,41.0543,28.9548,143,0,143,KAPALI OTOPARK,1,0,24 Saat
2026-07-16T12:25:55.794550+00:00,2026-07-16T15:25:55.794550+03:00,1455,Bostancı Açık,KADIKÖY,40.9523,29.0902,394,78,316,AÇIK OTOPARK,1,15,24 Saat
2026-07-16T12:25:55.794550+00:00,2026-07-16T15:25:55.794550+03:00,1456,Bostancı Sahil-Cep Açık Otoparkı,KADIKÖY,40.9545,29.0885,192,100,92,AÇIK OTOPARK,1,15,24 Saat
2026-07-16T12:25:55.794550+00:00,2026-07-16T15:25:55.794550+03:00,2150,Bostancı Vergi Dairesi Açık Otoparkı,ATAŞEHİR,40.9625,29.1083,155,0,155,AÇIK OTOPARK,1,5,08:00-20:00
2026-07-16T12:25:55.794550+00:00,2026-07-16T15:25:55.794550+03:00,2854,Bülent Ecevit Kültür Merkezi Açık Otoparkı,KARTAL,40.8852,29.1967,277,270,7,AÇIK OTOPARK,1,5,10:00-21:00
2026-07-16T12:25:55.794550+00:00,2026-07-16T15:25:55.794550+03:00,2866,Büyük İstanbul Otogarı,BAYRAMPAŞA,41.0402,28.8942,1000,0,1000,AÇIK OTOPARK,1,25,24 Saat
2026-07-16T12:25:55.794550+00:00,2026-07-16T15:25:55.794550+03:00,1192,Büyükçamlıca Korusu Sosyal Tesisleri Önü,ÜSKÜDAR,41.0264,29.0698,204,113,91,AÇIK OTOPARK,1,0,08:00-00:00
2026-07-16T12:25:55.794550+00:00,2026-07-16T15:25:55.794550+03:00,2960,Büyükçekmece Metrobüs Durağı Yanı PD Zemin Altı Otopark,BÜYÜKÇEKMECE,41.0221,28.624,448,125,323,KAPALI OTOPARK,1,0,24 Saat
2026-07-16T12:25:55.794550+00:00,2026-07-16T15:25:55.794550+03:00,1503,Cadde Bostan Açık Otoparkı,KADIKÖY,40.9636,29.0675,66,19,47,AÇIK OTOPARK,1,15,24 Saat
2026-07-16T12:25:55.794550+00:00,2026-07-16T15:25:55.794550+03:00,2933,Cemal Kamacı Spor Kompleksi Zemin Altı Otoparkı,KAĞITHANE,41.0536,28.9575,510,0,510,KAPALI OTOPARK,1,0,24 Saat
2026-07-16T12:25:55.794550+00:00,2026-07-16T15:25:55.794550+03:00,2207,Cengiz Topel Yer Altı Katlı Otoparkı,ESENLER,41.0588,28.8643,144,0,144,KAPALI OTOPARK,1,15,24 Saat
2026-07-16T12:25:55.794550+00:00,2026-07-16T15:25:55.794550+03:00,2787,Cevizli Açık Otoparkı,KARTAL,40.9179,29.1712,100,41,59,AÇIK OTOPARK,1,15,08:00-19:00
2026-07-16T12:25:55.794550+00:00,2026-07-16T15:25:55.794550+03:00,782,Cihangir Caddesi 2,BEYOĞLU,41.0319,28.9862,70,1,69,YOL ÜSTÜ,1,15,09:00-19:00
2026-07-16T12:25:55.794550+00:00,2026-07-16T15:25:55.794550+03:00,1467,Cihangir Katlı Otoparkı,BEYOĞLU,41.0318,28.9858,350,0,350,KAPALI OTOPARK,1,0,24 Saat
2026-07-16T12:25:55.794550+00:00,2026-07-16T15:25:55.794550+03:00,535,Cihannuma Yol Üstü 1,BEŞİKTAŞ,41.0454,29.0084,35,1,34,YOL ÜSTÜ,1,0,08:00-23:00
2026-07-16T12:25:55.794550+00:00,2026-07-16T15:25:55.794550+03:00,537,Cihannuma Yol Üstü 3,BEŞİKTAŞ,41.0459,29.0087,33,1,32,YOL ÜSTÜ,1,0,08:00-23:00
2026-07-16T12:25:55.794550+00:00,2026-07-16T15:25:55.794550+03:00,539,Cihannuma Yol Üstü 5,BEŞİKTAŞ,41.0489,29.0094,24,1,23,YOL ÜSTÜ,1,0,08:00-23:00
2026-07-16T12:25:55.794550+00:00,2026-07-16T15:25:55.794550+03:00,3184,Çam Sokak 6,GÜNGÖREN,41.0121,28.8882,50,1,49,YOL ÜSTÜ,1,15,08:00-17:00
2026-07-16T12:25:55.794550+00:00,2026-07-16T15:25:55.794550+03:00,2003,Çatalca İnceğiz Mesire Alanı,ÇATALCA,41.1827,28.4041,1000,1,999,AÇIK OTOPARK,1,0,06:00-20:00
2026-07-16T12:25:55.794550+00:00,2026-07-16T15:25:55.794550+03:00,3030,Çekmeköy Metro PD Zemin Altı Otoparkı,ÇEKMEKÖY,41.0147,29.1886,175,49,126,KAPALI OTOPARK,1,15,24 Saat
2026-07-16T12:25:55.794550+00:00,2026-07-16T15:25:55.794550+03:00,2905,Çeliktepe Açık Otoparkı,KAĞITHANE,41.0843,29.0056,200,87,113,AÇIK OTOPARK,1,5,24 Saat
2026-07-16T12:25:55.794550+00:00,2026-07-16T15:25:55.794550+03:00,1298,Çengelköy Açık Otoparkı,ÜSKÜDAR,41.0484,29.0533,500,114,386,AÇIK OTOPARK,1,15,24 Saat
2026-07-16T12:25:55.794550+00:00,2026-07-16T15:25:55.794550+03:00,502,Çınar Açık Otoparkı,BEŞİKTAŞ,41.0853,29.0088,65,1,64,AÇIK OTOPARK,1,0,08:00-18:00
2026-07-16T12:25:55.794550+00:00,2026-07-16T15:25:55.794550+03:00,777,Çırağan Sarayı Yol Üstü 1,BEŞİKTAŞ,41.0448,29.0165,40,1,39,YOL ÜSTÜ,1,15,08:00-23:00
2026-07-16T12:25:55.794550+00:00,2026-07-16T15:25:55.794550+03:00,778,Çırağan Sarayı Yol Üstü 2,BEŞİKTAŞ,41.0445,29.0156,40,1,39,YOL ÜSTÜ,1,15,08:00-23:00
2026-07-16T12:25:55.794550+00:00,2026-07-16T15:25:55.794550+03:00,2228,Çırpıcı Sosyal Tesisler,ZEYTİNBURNU,41,28.8926,128,0,128,AÇIK OTOPARK,1,15,07:00-00:00
2026-07-16T12:25:55.794550+00:00,2026-07-16T15:25:55.794550+03:00,1508,Çiroz Yeşilköy Halk Pazarı,BAKIRKÖY,40.9628,28.8129,471,1,470,AÇIK OTOPARK,1,0,08:00-18:00
2026-07-16T12:25:55.794550+00:00,2026-07-16T15:25:55.794550+03:00,2030,Dalyan Açık Otoparkı,KADIKÖY,40.9632,29.0651,92,0,92,AÇIK OTOPARK,1,15,24 Saat
2026-07-16T12:25:55.794550+00:00,2026-07-16T15:25:55.794550+03:00,2271,Damla Sokak 1,ŞİŞLİ,41.0672,29.0004,17,1,16,YOL ÜSTÜ,1,15,07:30-16:30
2026-07-16T12:25:55.794550+00:00,2026-07-16T15:25:55.794550+03:00,2164,Darüşşafaka Yeraltı Otoparkı,SARIYER,41.1292,29.0252,150,102,48,KAPALI OTOPARK,1,15,08:00-00:00
2026-07-16T12:25:55.794550+00:00,2026-07-16T15:25:55.794550+03:00,1653,Deniz Feneri Otoparkı,FATİH,41.0019,28.9773,175,68,107,AÇIK OTOPARK,1,5,24 Saat
2026-07-16T12:25:55.794550+00:00,2026-07-16T15:25:55.794550+03:00,595,Dostluk Yurdu 1,FATİH,41.0071,28.973,33,1,32,YOL ÜSTÜ,1,15,07:00-17:00
2026-07-16T12:25:55.794550+00:00,2026-07-16T15:25:55.794550+03:00,2237,Dragos Sosyal Tesisleri,KARTAL,40.9017,29.1458,100,42,58,AÇIK OTOPARK,1,15,24 Saat
2026-07-16T12:25:55.794550+00:00,2026-07-16T15:25:55.794550+03:00,3063,Dudullu Metro PD Zemin Altı Otoparkı,ÜMRANİYE,41.0156,29.1633,81,53,28,KAPALI OTOPARK,1,15,07:00-23:30
2026-07-16T12:25:55.794550+00:00,2026-07-16T15:25:55.794550+03:00,1522,Ebu Suut Caddesi 1,FATİH,41.0128,28.9766,35,1,34,YOL ÜSTÜ,1,0,08:00-18:00
2026-07-16T12:25:55.794550+00:00,2026-07-16T15:25:55.794550+03:00,2147,EGS Blokları Açık Otoparkı,BAKIRKÖY,40.9863,28.8354,350,17,333,AÇIK OTOPARK,1,60,09:00-19:30
2026-07-16T12:25:55.794550+00:00,2026-07-16T15:25:55.794550+03:00,2366,Esenler Adem Baştürk Kültür Merkezi Katlı,ESENLER,41.039,28.8846,460,75,385,KAPALI OTOPARK,1,15,24 Saat
2026-07-16T12:25:55.794550+00:00,2026-07-16T15:25:55.794550+03:00,3190,Esenler Havaalanı Mahallesi Zemin Altı Otoparkı,ESENLER,41.0562,28.8674,610,402,208,KAPALI OTOPARK,1,10,24 Saat
2026-07-16T12:25:55.794550+00:00,2026-07-16T15:25:55.794550+03:00,3011,Esenler Menderes Metro İstasyonu Yanı,ESENLER,41.0427,28.8783,68,0,68,AÇIK OTOPARK,1,5,24 Saat
2026-07-16T12:25:55.794550+00:00,2026-07-16T15:25:55.794550+03:00,2822,Esenler Menderes Parkı Zemin Altı Otoparkı,ESENLER,41.0412,28.8729,325,109,216,KAPALI OTOPARK,1,10,24 Saat
2026-07-16T12:25:55.794550+00:00,2026-07-16T15:25:55.794550+03:00,3303,Esenyurt Adile Naşit Bulvarı Zeminaltı Otoparkı,ESENYURT,41.0205,28.6859,367,299,68,KAPALI OTOPARK,1,15,24 Saat
2026-07-16T12:25:55.794550+00:00,2026-07-16T15:25:55.794550+03:00,1328,Eski Salı Pazarı,KADIKÖY,40.9904,29.0338,760,0,760,AÇIK OTOPARK,1,15,24 Saat
2026-07-16T12:25:55.794550+00:00,2026-07-16T15:25:55.794550+03:00,904,Eyüp Pierloti Caddesi 1,EYÜP,41.0539,28.9329,40,1,39,YOL ÜSTÜ,1,0,09:00-22:00
2026-07-16T12:25:55.794550+00:00,2026-07-16T15:25:55.794550+03:00,2850,Eyüpsultan Akşemsettin Mahallesi Zemin Altı Otoparkı,EYÜP,41.085,28.9258,110,0,110,KAPALI OTOPARK,1,15,24 Saat
2026-07-16T12:25:55.794550+00:00,2026-07-16T15:25:55.794550+03:00,2215,Fatih Çeşmesi Tabiat Parkı Otoparkı,SARIYER,41.1686,28.9448,250,1,249,AÇIK OTOPARK,1,0,06:00-20:00
2026-07-16T12:25:55.794550+00:00,2026-07-16T15:25:55.794550+03:00,1475,Fatih Katlı Otoparkı,FATİH,41.0198,28.9396,118,0,118,KAPALI OTOPARK,1,10,24 Saat
2026-07-16T12:25:55.794550+00:00,2026-07-16T15:25:55.794550+03:00,1591,Feshane PD Açık Otoparkı,EYÜP,41.0463,28.9378,200,111,89,AÇIK OTOPARK,1,15,24 Saat
2026-07-16T12:25:55.794550+00:00,2026-07-16T15:25:55.794550+03:00,1005,Florya Havuzlu Bahçe,BAKIRKÖY,40.9764,28.7908,135,1,134,AÇIK OTOPARK,1,0,09:00-23:00
2026-07-16T12:25:55.794550+00:00,2026-07-16T15:25:55.794550+03:00,2238,Florya Sosyal Tesisleri,BAKIRKÖY,40.9614,28.8091,1074,900,174,AÇIK OTOPARK,1,15,24 Saat
2026-07-16T12:25:55.794550+00:00,2026-07-16T15:25:55.794550+03:00,3296,Gaziosmanpaşa Meydanı ve Yaşam Merkezi Zemin Altı Otoparkı,GAZİOSMANPAŞA,41.0606,28.9093,202,0,202,KAPALI OTOPARK,1,15,24 Saat
2026-07-16T12:25:55.794550+00:00,2026-07-16T15:25:55.794550+03:00,2971,Gaziosmanpaşa Zemin Altı Otoparkı,GAZİOSMANPAŞA,41.0796,28.8858,285,0,285,KAPALI OTOPARK,1,0,24 Saat
2026-07-16T12:25:55.794550+00:00,2026-07-16T15:25:55.794550+03:00,3401,Giyimkent Tekstilkent Metro Zemin Altı PD Otoparkı,ESENLER,41.0711,28.8666,203,175,28,KAPALI OTOPARK,1,10,24 Saat
2026-07-16T12:25:55.794550+00:00,2026-07-16T15:25:55.794550+03:00,2242,Gözdağı Sosyal Tesisler  Açık Otoparkı,PENDİK,40.893,29.2538,300,217,83,AÇIK OTOPARK,1,0,07:00-23:00
2026-07-16T12:25:55.794550+00:00,2026-07-16T15:25:55.794550+03:00,1879,Gülsuyu Metro PD Yer Altı Otoparkı,MALTEPE,40.9237,29.1548,76,0,76,KAPALI OTOPARK,1,15,08:00-00:00
2026-07-16T12:25:55.794550+00:00,2026-07-16T15:25:55.794550+03:00,1423,Güneş Plajı 1,BAKIRKÖY,40.9712,28.79,250,93,157,AÇIK OTOPARK,1,10,24 Saat
2026-07-16T12:25:55.794550+00:00,2026-07-16T15:25:55.794550+03:00,1461,Güneş Plajı 2,BAKIRKÖY,40.9692,28.7951,135,106,29,AÇIK OTOPARK,1,10,08:00-20:00
2026-07-16T12:25:55.794550+00:00,2026-07-16T15:25:55.794550+03:00,3053,Güngören Nikah Dairesi Zemin Altı otoparkı,GÜNGÖREN,41.0363,28.8718,147,0,147,KAPALI OTOPARK,1,10,24 Saat
2026-07-16T12:25:55.794550+00:00,2026-07-16T15:25:55.794550+03:00,2216,Gürpınar Balık Hali Otoparkı,BEYLİKDÜZÜ,40.9663,28.6019,1000,804,196,AÇIK OTOPARK,1,15,24 Saat
2026-07-16T12:25:55.794550+00:00,2026-07-16T15:25:55.794550+03:00,1525,Hacıosman Metro Yer Altı Otoparkı,SARIYER,41.14,29.0306,422,0,422,KAPALI OTOPARK,1,15,24 Saat
2026-07-16T12:25:55.794550+00:00,2026-07-16T15:25:55.794550+03:00,1470,Haldun Alagaş Katlı Otoparkı,ÜMRANİYE,41.0262,29.1052,197,28,169,KAPALI OTOPARK,1,15,24 Saat
2026-07-16T12:25:55.794550+00:00,2026-07-16T15:25:55.794550+03:00,3235,Haliç Sosyal Tesisleri Otoparkı,FATİH,41.0277,28.9572,60,19,41,AÇIK OTOPARK,1,15,07:00-00:00
2026-07-16T12:25:55.794550+00:00,2026-07-16T15:25:55.794550+03:00,2848,Halkalı Mahallesi Zemin Altı Otoparkı,KÜÇÜKÇEKMECE,41.0359,28.7848,347,204,143,KAPALI OTOPARK,1,15,24 Saat
2026-07-16T12:25:55.794550+00:00,2026-07-16T15:25:55.794550+03:00,2838,Hamidiye Mahallesi Katlı Otoparkı,KAĞITHANE,41.0949,28.971,450,240,210,KAPALI OTOPARK,1,15,24 Saat
2026-07-16T12:25:55.794550+00:00,2026-07-16T15:25:55.794550+03:00,1446,Harbiye Zemin Altı Otoparkı,BEYOĞLU,41.0408,28.9869,142,0,142,KAPALI OTOPARK,1,0,24 Saat
2026-07-16T12:25:55.794550+00:00,2026-07-16T15:25:55.794550+03:00,2332,Haydarpaşa Katlı Otoparkı,ÜSKÜDAR,41.0048,29.0251,840,442,398,KAPALI OTOPARK,1,15,24 Saat
2026-07-16T12:25:55.794550+00:00,2026-07-16T15:25:55.794550+03:00,1987,Haznedar Yer Altı Otoparkı,GÜNGÖREN,41.0083,28.8729,540,0,540,KAPALI OTOPARK,1,0,24 Saat
2026-07-16T12:25:55.794550+00:00,2026-07-16T15:25:55.794550+03:00,377,Hızır Külhani Sokak,FATİH,41.0202,28.9605,32,1,31,YOL ÜSTÜ,1,15,09:00-17:00
2026-07-16T12:25:55.794550+00:00,2026-07-16T15:25:55.794550+03:00,3173,Hürriyet Mahallesi Zeminaltı Otoparkı,GAZİOSMANPAŞA,41.0708,28.8951,190,0,190,KAPALI OTOPARK,1,15,24 Saat
2026-07-16T12:25:55.794550+00:00,2026-07-16T15:25:55.794550+03:00,157,Ihlamur Dere Caddesi 4,BEŞİKTAŞ,41.047,29.0023,27,1,26,YOL ÜSTÜ,1,15,09:00-17:00
2026-07-16T12:25:55.794550+00:00,2026-07-16T15:25:55.794550+03:00,1189,İçerenköy Sebze Meyve Hali Otoparkı,ATAŞEHİR,40.9766,29.1044,600,1,599,AÇIK OTOPARK,1,15,24 Saat
2026-07-16T12:25:55.794550+00:00,2026-07-16T15:25:55.794550+03:00,1127,İshakpaşa Caddesi,FATİH,41.0079,28.9814,200,1,199,YOL ÜSTÜ,1,0,08:00-18:00
2026-07-16T12:25:55.794550+00:00,2026-07-16T15:25:55.794550+03:00,3265,İspark İstanbul West Marina Açık Otoparkı 1,BEYLİKDÜZÜ,40.9636,28.6564,250,1,249,AÇIK OTOPARK,1,15,24 Saat
2026-07-16T12:25:55.794550+00:00,2026-07-16T15:25:55.794550+03:00,2793,İspark Merter Katlı Otoparkı,GÜNGÖREN,41.0097,28.89,900,270,630,KAPALI OTOPARK,1,10,24 Saat
2026-07-16T12:25:55.794550+00:00,2026-07-16T15:25:55.794550+03:00,2430,İspark West İstanbul Marina Açık Otoparkı,BEYLİKDÜZÜ,40.9639,28.6591,1600,1273,327,AÇIK OTOPARK,1,15,24 Saat
2026-07-16T12:25:55.794550+00:00,2026-07-16T15:25:55.794550+03:00,381,İstinye 4 ( Cami Önü ),SARIYER,41.1149,29.0571,25,1,24,YOL ÜSTÜ,1,15,08:30-17:30
2026-07-16T12:25:55.794550+00:00,2026-07-16T15:25:55.794550+03:00,1804,İtalyan Hastanesi Karşısı Açık Otoparkı 1,BEYOĞLU,41.028,28.9815,30,1,29,AÇIK OTOPARK,1,0,08:00-19:00
2026-07-16T12:25:55.794550+00:00,2026-07-16T15:25:55.794550+03:00,507,Kabasakal Medrese Önü,FATİH,41.0062,28.9789,65,1,64,AÇIK OTOPARK,1,0,08:00-18:30
2026-07-16T12:25:55.794550+00:00,2026-07-16T15:25:55.794550+03:00,3306,Kabataş Transfer Merkezi Turizm Otobüs Otoparkı,BEYOĞLU,41.0336,28.9923,160,0,160,KAPALI OTOPARK,1,20,24 Saat
2026-07-16T12:25:55.794550+00:00,2026-07-16T15:25:55.794550+03:00,2918,Kadıköy Hasanpaşa Gazhane Katlı Otoparkı,KADIKÖY,40.9972,29.0428,310,199,111,KAPALI OTOPARK,1,15,24 Saat
2026-07-16T12:25:55.794550+00:00,2026-07-16T15:25:55.794550+03:00,1447,Kadıköy İski Açık Otoparkı,KADIKÖY,40.9874,29.0207,124,2,122,AÇIK OTOPARK,1,15,24 Saat
2026-07-16T12:25:55.794550+00:00,2026-07-16T15:25:55.794550+03:00,1655,Kadıköy Metro Açık Otoparkı,KADIKÖY,40.9899,29.0217,74,0,74,AÇIK OTOPARK,1,15,24 Saat
2026-07-16T12:25:55.794550+00:00,2026-07-16T15:25:55.794550+03:00,3445,Kadıköy Uzunçayır PD Açık Otoparkı,KADIKÖY,40.9982,29.0569,70,51,19,AÇIK OTOPARK,1,15,06:30-16:30
2026-07-16T12:25:55.794550+00:00,2026-07-16T15:25:55.794550+03:00,2808,Kadıköy Yeni Salı Pazarı PD Katlı Otoparkı,KADIKÖY,40.9969,29.0486,1350,420,930,KAPALI OTOPARK,1,15,24 Saat
2026-07-16T12:25:55.794550+00:00,2026-07-16T15:25:55.794550+03:00,2811,Kağıthane Harmantepe Zemin Altı Otoparkı,KAĞITHANE,41.0816,28.9907,200,0,200,KAPALI OTOPARK,1,0,24 Saat
2026-07-16T12:25:55.794550+00:00,2026-07-16T15:25:55.794550+03:00,1452,Kalamış Açık Otoparkı,KADIKÖY,40.9687,29.0363,173,97,76,AÇIK OTOPARK,1,15,24 Saat
2026-07-16T12:25:55.794550+00:00,2026-07-16T15:25:55.794550+03:00,1474,Kartal Hasan Doğan Spor Kompleksi,KARTAL,40.8918,29.1897,773,0,773,KAPALI OTOPARK,1,15,24 Saat
2026-07-16T12:25:55.794550+00:00,2026-07-16T15:25:55.794550+03:00,1105,Kartal İdo Açık Otoparkı,KARTAL,40.8874,29.1881,90,0,90,AÇIK OTOPARK,1,15,24 Saat
2026-07-16T12:25:55.794550+00:00,2026-07-16T15:25:55.794550+03:00,1550,Kartal Sahil Açık Otoparkı,KARTAL,40.8875,29.1901,75,13,62,AÇIK OTOPARK,1,5,24 Saat
2026-07-16T12:25:55.794550+00:00,2026-07-16T15:25:55.794550+03:00,3434,Kasımpaşa Sosyal Tesisler Otoparkı,BEYOĞLU,41.0296,28.9673,60,36,24,AÇIK OTOPARK,1,0,07:30-23:00
2026-07-16T12:25:55.794550+00:00,2026-07-16T15:25:55.794550+03:00,2827,Kayaşehir Meydan Zemin Altı Otoparkı,BAŞAKŞEHİR,41.1196,28.7718,1054,1,1053,KAPALI OTOPARK,1,0,10:00-17:00
2026-07-16T12:25:55.794550+00:00,2026-07-16T15:25:55.794550+03:00,1960,Kazlıçeşme Marmaray Açık Otoparkı,ZEYTİNBURNU,40.9922,28.917,700,537,163,AÇIK OTOPARK,1,15,24 Saat
2026-07-16T12:25:55.794550+00:00,2026-07-16T15:25:55.794550+03:00,2994,Kirazlı Metro Durağı PD Açık Otoparkı,BAĞCILAR,41.033,28.8429,112,12,100,AÇIK OTOPARK,1,5,24 Saat
2026-07-16T12:25:55.794550+00:00,2026-07-16T15:25:55.794550+03:00,1528,Kore Şehitleri Caddesi - Yüzbaşı Kaya Aldağon Sokak 1,ŞİŞLİ,41.0719,29.0139,40,1,39,YOL ÜSTÜ,1,15,07:00-16:00
2026-07-16T12:25:55.794550+00:00,2026-07-16T15:25:55.794550+03:00,2449,Kozyatağı Sebze-Meyve Hali,ATAŞEHİR,40.9787,29.1029,1500,1,1499,AÇIK OTOPARK,1,0,24 Saat
2026-07-16T12:25:55.794550+00:00,2026-07-16T15:25:55.794550+03:00,1206,Kutlugün Sokak 2,FATİH,41.0061,28.9801,200,1,199,YOL ÜSTÜ,1,0,08:00-18:00
2026-07-16T12:25:55.794550+00:00,2026-07-16T15:25:55.794550+03:00,3074,Küçük Çamlıca,ÜSKÜDAR,41.0204,29.0653,129,106,23,AÇIK OTOPARK,1,0,08:00-22:00
2026-07-16T12:25:55.794550+00:00,2026-07-16T15:25:55.794550+03:00,3127,Küçükçekmece Cennet Mahallesi Meydan Zemin Altı Otoparkı,KÜÇÜKÇEKMECE,40.9907,28.783,456,0,456,KAPALI OTOPARK,1,10,24 Saat
2026-07-16T12:25:55.794550+00:00,2026-07-16T15:25:55.794550+03:00,2554,Küçükçekmece Fevzi Çakmak Meydanı Zemin Altı Otoparkı,KÜÇÜKÇEKMECE,41.0076,28.7927,1000,532,468,KAPALI OTOPARK,1,10,24 Saat
2026-07-16T12:25:55.794550+00:00,2026-07-16T15:25:55.794550+03:00,2882,Küçüksu Kasrı Açık Otoparkı,BEYKOZ,41.0789,29.0657,98,91,7,AÇIK OTOPARK,1,0,07:00-23:00
2026-07-16T12:25:55.794550+00:00,2026-07-16T15:25:55.794550+03:00,220,Levent Hamidiye,BEŞİKTAŞ,41.0861,29.0076,100,1,99,AÇIK OTOPARK,1,0,08:00-19:00
2026-07-16T12:25:55.794550+00:00,2026-07-16T15:25:55.794550+03:00,1138,Levent Metro Yer Altı Otoparkı,BEŞİKTAŞ,41.0811,29.0105,100,1,99,AÇIK OTOPARK,1,5,07:30-19:30
2026-07-16T12:25:55.794550+00:00,2026-07-16T15:25:55.794550+03:00,2335,Maçka Açık Otoparkı,ŞİŞLİ,41.046,28.9908,75,75,0,AÇIK OTOPARK,1,0,24 Saat
2026-07-16T12:25:55.794550+00:00,2026-07-16T15:25:55.794550+03:00,1859,Maçka Katlı Otoparkı,ŞİŞLİ,41.0484,28.9903,508,0,508,KAPALI OTOPARK,1,0,24 Saat
2026-07-16T12:25:55.794550+00:00,2026-07-16T15:25:55.794550+03:00,3193,Maltepe Rıhtım Caddesi Açık Otoparkı,MALTEPE,40.9258,29.1241,76,42,34,AÇIK OTOPARK,1,0,24 Saat
2026-07-16T12:25:55.794550+00:00,2026-07-16T15:25:55.794550+03:00,2146,Maltepe Süreyyapaşa Çarşısı Açık Otoparkı,MALTEPE,40.9274,29.1225,156,93,63,AÇIK OTOPARK,1,0,24 Saat
2026-07-16T12:25:55.794550+00:00,2026-07-16T15:25:55.794550+03:00,1599,Maslak Açık Otoparkı,SARIYER,41.1166,29.024,150,60,90,AÇIK OTOPARK,1,10,24 Saat
2026-07-16T12:25:55.794550+00:00,2026-07-16T15:25:55.794550+03:00,2100,Matbaacılar Sitesi Yanı,ZEYTİNBURNU,41.0234,28.9187,250,123,127,AÇIK OTOPARK,1,5,24 Saat
2026-07-16T12:25:55.794550+00:00,2026-07-16T15:25:55.794550+03:00,920,Meclis-i Mebusan Yokuşu 2,BEYOĞLU,41.0326,28.9882,34,1,33,YOL ÜSTÜ,1,15,09:00-17:00
2026-07-16T12:25:55.794550+00:00,2026-07-16T15:25:55.794550+03:00,1546,Menekşe Plajı Açık Otoparkı,BAKIRKÖY,40.9761,28.7766,200,200,0,AÇIK OTOPARK,1,0,24 Saat
2026-07-16T12:25:55.794550+00:00,2026-07-16T15:25:55.794550+03:00,1376,Mercan Açık,FATİH,41.0136,28.9669,130,9,121,AÇIK OTOPARK,1,0,08:00-23:00
2026-07-16T12:25:55.794550+00:00,2026-07-16T15:25:55.794550+03:00,3309,Mercan Ali Paşa Sarayı Zemin Altı Otoparkı,FATİH,41.0136,28.967,196,1,195,KAPALI OTOPARK,1,0,07:00-21:00
2026-07-16T12:25:55.794550+00:00,2026-07-16T15:25:55.794550+03:00,1472,Merter Katlı Otoparkı,GÜNGÖREN,41.0092,28.8874,1000,866,134,KAPALI OTOPARK,1,10,24 Saat
2026-07-16T12:25:55.794550+00:00,2026-07-16T15:25:55.794550+03:00,2375,Merter Metro PD Zeminaltı Otoparkı,GÜNGÖREN,41.0037,28.8897,242,96,146,KAPALI OTOPARK,1,10,24 Saat
2026-07-16T12:25:55.794550+00:00,2026-07-16T15:25:55.794550+03:00,1568,Mete Caddesi 1,BEYOĞLU,41.0382,28.9879,31,1,30,YOL ÜSTÜ,1,15,08:00-23:00
2026-07-16T12:25:55.794550+00:00,2026-07-16T15:25:55.794550+03:00,1471,Mevlana Yeraltı Katlı Otoparkı,ZEYTİNBURNU,41.0072,28.9049,1000,864,136,KAPALI OTOPARK,1,5,24 Saat
2026-07-16T12:25:55.794550+00:00,2026-07-16T15:25:55.794550+03:00,2709,Millet Caddesi Açık Otoparkı,FATİH,41.01,28.9461,60,22,38,AÇIK OTOPARK,1,15,24 Saat
2026-07-16T12:25:55.794550+00:00,2026-07-16T15:25:55.794550+03:00,3152,Mimar Sinan Zemin Altı Otoparkı,ÜSKÜDAR,41.0222,29.0169,956,0,956,KAPALI OTOPARK,1,15,24 Saat
2026-07-16T12:25:55.794550+00:00,2026-07-16T15:25:55.794550+03:00,2870,Miniatürk Çadır Açık Otoparkı,BEYOĞLU,41.0594,28.9501,250,74,176,AÇIK OTOPARK,1,15,07:00-20:00
2026-07-16T12:25:55.794550+00:00,2026-07-16T15:25:55.794550+03:00,2556,Muallim Naci Açık Otoparkı,BEŞİKTAŞ,41.0561,29.0342,35,20,15,AÇIK OTOPARK,1,15,24 Saat
2026-07-16T12:25:55.794550+00:00,2026-07-16T15:25:55.794550+03:00,569,Oda Kule Önü 1,BEYOĞLU,41.0322,28.9751,24,1,23,YOL ÜSTÜ,1,0,07:00-01:00
2026-07-16T12:25:55.794550+00:00,2026-07-16T15:25:55.794550+03:00,1988,Orhangazi Şehir Parkı PD Açık Otoparkı,MALTEPE,40.9313,29.1161,5022,4523,499,AÇIK OTOPARK,1,15,24 Saat
2026-07-16T12:25:55.794550+00:00,2026-07-16T15:25:55.794550+03:00,152,Ortabahçe Caddesi 2,BEŞİKTAŞ,41.0428,29.0043,35,1,34,YOL ÜSTÜ,1,15,08:00-23:00
2026-07-16T12:25:55.794550+00:00,2026-07-16T15:25:55.794550+03:00,153,Ortabahçe Caddesi 3,BEŞİKTAŞ,41.043,29.0042,26,1,25,YOL ÜSTÜ,1,15,08:00-23:00
2026-07-16T12:25:55.794550+00:00,2026-07-16T15:25:55.794550+03:00,119,Ortaklar Caddesi 1,ŞİŞLİ,41.0638,28.9971,25,1,24,YOL ÜSTÜ,1,15,08:30-17:00
2026-07-16T12:25:55.794550+00:00,2026-07-16T15:25:55.794550+03:00,1343,Ortaköy Açık Otoparkı,BEŞİKTAŞ,41.0504,29.0326,170,137,33,AÇIK OTOPARK,1,0,24 Saat
2026-07-16T12:25:55.794550+00:00,2026-07-16T15:25:55.794550+03:00,572,Ortaköy Portakal Yokuşu 1,BEŞİKTAŞ,41.0503,29.0261,15,1,14,YOL ÜSTÜ,1,15,09:00-19:00
2026-07-16T12:25:55.794550+00:00,2026-07-16T15:25:55.794550+03:00,1039,Öğretmen Evi,AVCILAR,40.9723,28.714,80,42,38,AÇIK OTOPARK,1,0,11:00-23:00
2026-07-16T12:25:55.794550+00:00,2026-07-16T15:25:55.794550+03:00,1466,Pendik Katlı Otoparkı,PENDİK,40.8789,29.2342,120,0,120,KAPALI OTOPARK,1,15,24 Saat
2026-07-16T12:25:55.794550+00:00,2026-07-16T15:25:55.794550+03:00,3073,Pendik Kemal Kalkuz Parkı Zemin Altı Otoparkı,PENDİK,40.8885,29.2427,224,0,224,KAPALI OTOPARK,1,0,09:00-18:00
2026-07-16T12:25:55.794550+00:00,2026-07-16T15:25:55.794550+03:00,3019,Pendik Meydan Zemin Altı Otoparkı,PENDİK,40.8752,29.2324,937,0,937,KAPALI OTOPARK,1,0,24 Saat
2026-07-16T12:25:55.794550+00:00,2026-07-16T15:25:55.794550+03:00,2865,Pendik Sahil Engelliler Merkez Önü,PENDİK,40.8735,29.233,100,66,34,AÇIK OTOPARK,1,0,11:00-20:00
2026-07-16T12:25:55.794550+00:00,2026-07-16T15:25:55.794550+03:00,2434,Pendik Sahil İdo,PENDİK,40.8755,29.2369,100,0,100,AÇIK OTOPARK,1,0,07:00-23:00
2026-07-16T12:25:55.794550+00:00,2026-07-16T15:25:55.794550+03:00,248,Pendik Yenimahalle Açık 2 Otoparkı,PENDİK,40.864,29.2723,124,82,42,AÇIK OTOPARK,1,15,10:00-22:00
2026-07-16T12:25:55.794550+00:00,2026-07-16T15:25:55.794550+03:00,297,Perşembe Pazarı 1,BEYOĞLU,41.0252,28.9693,32,1,31,YOL ÜSTÜ,1,15,08:00-17:00
2026-07-16T12:25:55.794550+00:00,2026-07-16T15:25:55.794550+03:00,597,Pierre Loti Caddesi 3,FATİH,41.0069,28.9711,36,1,35,YOL ÜSTÜ,1,0,07:00-17:00
2026-07-16T12:25:55.794550+00:00,2026-07-16T15:25:55.794550+03:00,3263,Piyalepaşa Meydanı Zemin Altı Otoparkı,BEYOĞLU,41.0445,28.9674,560,306,254,KAPALI OTOPARK,1,0,24 Saat
2026-07-16T12:25:55.794550+00:00,2026-07-16T15:25:55.794550+03:00,423,Prof.Cemil Birsel Yokuşu 3,FATİH,41.0178,28.967,40,1,39,YOL ÜSTÜ,1,0,07:00-18:00
2026-07-16T12:25:55.794550+00:00,2026-07-16T15:25:55.794550+03:00,1900,Ragıp Gümüşpala Cad.(Sobacılar Önü),FATİH,41.0181,28.969,40,1,39,YOL ÜSTÜ,1,15,07:00-18:00
2026-07-16T12:25:55.794550+00:00,2026-07-16T15:25:55.794550+03:00,415,Ragıp Gümüşpala Camii Önü 1,FATİH,41.0211,28.9627,35,1,34,YOL ÜSTÜ,1,0,07:00-17:30
2026-07-16T12:25:55.794550+00:00,2026-07-16T15:25:55.794550+03:00,3268,Refik Saydam Caddesi 3,BEYOĞLU,41.032,28.9736,55,1,54,YOL ÜSTÜ,1,0,06:00-23:00
2026-07-16T12:25:55.794550+00:00,2026-07-16T15:25:55.794550+03:00,2307,Ressam Halim Sokak PD Açık Otoparkı,BAHÇELİEVLER,40.9967,28.8641,120,86,34,AÇIK OTOPARK,1,15,08:00-00:00
2026-07-16T12:25:55.794550+00:00,2026-07-16T15:25:55.794550+03:00,3082,Rumeli Hisarı Sahil Yolu Otoparkı,SARIYER,41.0854,29.0568,20,1,19,AÇIK OTOPARK,1,0,24 Saat
2026-07-16T12:25:55.794550+00:00,2026-07-16T15:25:55.794550+03:00,1595,Sabiha Gökçen Açık Otoparkı,PENDİK,40.925,29.308,1056,0,1056,AÇIK OTOPARK,1,15,24 Saat
2026-07-16T12:25:55.794550+00:00,2026-07-16T15:25:55.794550+03:00,3239,Samatya Sahil Cep Otoparkı,FATİH,40.9954,28.932,113,98,15,AÇIK OTOPARK,1,15,24 Saat
2026-07-16T12:25:55.794550+00:00,2026-07-16T15:25:55.794550+03:00,3273,Sarıyer Büyükdere Fidanlığı,SARIYER,41.1548,29.0268,160,157,3,AÇIK OTOPARK,1,0,08:00-18:00
2026-07-16T12:25:55.794550+00:00,2026-07-16T15:25:55.794550+03:00,3299,Sariyer Ayazağa Mah Vadi İstanbul Önü Açık Otoparkı,SARIYER,41.1106,28.9881,100,97,3,AÇIK OTOPARK,1,0,08:00-20:00
2026-07-16T12:25:55.794550+00:00,2026-07-16T15:25:55.794550+03:00,1303,Seyrantepe Katlı (Arena Karşısı) 1,KAĞITHANE,41.101,28.9961,1897,1,1896,KAPALI OTOPARK,1,0,24 Saat
2026-07-16T12:25:55.794550+00:00,2026-07-16T15:25:55.794550+03:00,1628,Sıracevizler Caddesi Yol Üstü 5,ŞİŞLİ,41.0607,28.9841,45,1,44,YOL ÜSTÜ,1,15,09:00-17:00
2026-07-16T12:25:55.794550+00:00,2026-07-16T15:25:55.794550+03:00,464,Sirkeci Gar Önü,FATİH,41.015,28.9761,60,1,59,AÇIK OTOPARK,1,5,07:00-20:00
2026-07-16T12:25:55.794550+00:00,2026-07-16T15:25:55.794550+03:00,1486,Siyavuşpaşa Yer Altı Otoparkı,BAHÇELİEVLER,40.9965,28.8532,155,0,155,KAPALI OTOPARK,1,0,24 Saat
2026-07-16T12:25:55.794550+00:00,2026-07-16T15:25:55.794550+03:00,1958,Soğanlık Metro PD Açık Otoparkı,KARTAL,40.9131,29.1925,898,810,88,AÇIK OTOPARK,1,15,24 Saat
2026-07-16T12:25:55.794550+00:00,2026-07-16T15:25:55.794550+03:00,589,Su Terazisi Sokak,FATİH,41.0046,28.9727,22,1,21,YOL ÜSTÜ,1,0,07:30-17:00
2026-07-16T12:25:55.794550+00:00,2026-07-16T15:25:55.794550+03:00,1478,Suadiye Cep Açık Otoparkı,KADIKÖY,40.9586,29.0732,130,107,23,AÇIK OTOPARK,1,15,24 Saat
2026-07-16T12:25:55.794550+00:00,2026-07-16T15:25:55.794550+03:00,2948,Suadiye Sahil Açık Otoparkı,KADIKÖY,40.9562,29.0797,70,9,61,AÇIK OTOPARK,1,5,24 Saat
2026-07-16T12:25:55.794550+00:00,2026-07-16T15:25:55.794550+03:00,2799,Sultanbeyli Emir Caddesi Zemin Altı Otoparkı,SULTANBEYLİ,40.9707,29.2606,130,40,90,KAPALI OTOPARK,1,15,08:00-22:00
2026-07-16T12:25:55.794550+00:00,2026-07-16T15:25:55.794550+03:00,2372,Sultanbeyli Kent Meydanı Zemin Altı Otoparkı,SULTANBEYLİ,40.9667,29.2667,300,125,175,KAPALI OTOPARK,1,15,24 Saat
2026-07-16T12:25:55.794550+00:00,2026-07-16T15:25:55.794550+03:00,2410,Sultangazi Zemin Altı Otoparkı,SULTANGAZİ,41.0944,28.8649,104,0,104,KAPALI OTOPARK,1,10,24 Saat
2026-07-16T12:25:55.794550+00:00,2026-07-16T15:25:55.794550+03:00,2085,Süleyman Seba Caddesi 2,BEŞİKTAŞ,41.0426,28.9998,40,1,39,YOL ÜSTÜ,1,15,08:00-18:00
2026-07-16T12:25:55.794550+00:00,2026-07-16T15:25:55.794550+03:00,2088,Süleyman Seba Caddesi 5,BEŞİKTAŞ,41.0432,28.9978,40,1,39,YOL ÜSTÜ,1,15,08:00-18:00
2026-07-16T12:25:55.794550+00:00,2026-07-16T15:25:55.794550+03:00,2089,Süleyman Seba Caddesi 6,BEŞİKTAŞ,41.0435,28.9967,11,1,10,YOL ÜSTÜ,1,15,08:00-18:00
2026-07-16T12:25:55.794550+00:00,2026-07-16T15:25:55.794550+03:00,2391,Süleymaniye Cami Altı Açık Otoparkı,FATİH,41.0158,28.961,250,234,16,AÇIK OTOPARK,1,0,06:30-18:30
2026-07-16T12:25:55.794550+00:00,2026-07-16T15:25:55.794550+03:00,1730,Sütlüce Miniatürk Yanı,BEYOĞLU,41.057,28.95,320,238,82,AÇIK OTOPARK,1,15,24 Saat
2026-07-16T12:25:55.794550+00:00,2026-07-16T15:25:55.794550+03:00,36,Şakayık Sokak 4,ŞİŞLİ,41.0518,28.9936,50,1,49,YOL ÜSTÜ,1,15,08:00-16:00
2026-07-16T12:25:55.794550+00:00,2026-07-16T15:25:55.794550+03:00,1469,Şehit Volkan Duysak Katlı Otoparkı,ZEYTİNBURNU,40.9968,28.9039,1000,672,328,KAPALI OTOPARK,1,5,24 Saat
2026-07-16T12:25:55.794550+00:00,2026-07-16T15:25:55.794550+03:00,2907,Şehremini Açık Otoparkı 2,FATİH,41.0135,28.9333,60,60,0,AÇIK OTOPARK,1,0,08:30-20:30
2026-07-16T12:25:55.794550+00:00,2026-07-16T15:25:55.794550+03:00,2855,Şemsipaşa Açık Otoparkı,ÜSKÜDAR,41.0255,29.0097,80,32,48,AÇIK OTOPARK,1,0,24 Saat
2026-07-16T12:25:55.794550+00:00,2026-07-16T15:25:55.794550+03:00,2439,Şirinevler Meydan Zeminaltı Otoparkı,BAHÇELİEVLER,40.9925,28.8496,367,47,320,KAPALI OTOPARK,1,0,24 Saat
2026-07-16T12:25:55.794550+00:00,2026-07-16T15:25:55.794550+03:00,3400,Şişhane Refik Saydam Caddesi 2 Yol Üstü Otoparkı 1,BEYOĞLU,41.0326,28.9743,70,1,69,YOL ÜSTÜ,1,15,06:00-23:00
2026-07-16T12:25:55.794550+00:00,2026-07-16T15:25:55.794550+03:00,1017,Şişli Kadırgalar Caddesi 1,ŞİŞLİ,41.0429,28.9927,100,1,99,AÇIK OTOPARK,1,0,07:00-23:00
2026-07-16T12:25:55.794550+00:00,2026-07-16T15:25:55.794550+03:00,3441,Şişli Kuştepe Zemin Altı Otoparkı,ŞİŞLİ,41.072,28.9919,430,348,82,KAPALI OTOPARK,1,15,24 Saat
2026-07-16T12:25:55.794550+00:00,2026-07-16T15:25:55.794550+03:00,2816,Şişli Rumeli Caddesi Metro Yanı 1,ŞİŞLİ,41.0538,28.9868,45,1,44,YOL ÜSTÜ,1,15,08:00-20:00
2026-07-16T12:25:55.794550+00:00,2026-07-16T15:25:55.794550+03:00,2406,Şişli Zemin Altı Otoparkı,ŞİŞLİ,41.0641,28.9992,581,264,317,KAPALI OTOPARK,1,15,24 Saat
2026-07-16T12:25:55.794550+00:00,2026-07-16T15:25:55.794550+03:00,1993,Tuzla İdo,TUZLA,40.8149,29.3039,300,260,40,AÇIK OTOPARK,1,15,24 Saat
2026-07-16T12:25:55.794550+00:00,2026-07-16T15:25:55.794550+03:00,3332,Tuzla Sahil Cep,TUZLA,40.8168,29.2992,50,42,8,AÇIK OTOPARK,1,0,08:00-00:00
2026-07-16T12:25:55.794550+00:00,2026-07-16T15:25:55.794550+03:00,3057,Tuzla Sahil Zemin Altı Otoparkı,TUZLA,40.8181,29.3004,779,540,239,KAPALI OTOPARK,1,15,24 Saat
2026-07-16T12:25:55.794550+00:00,2026-07-16T15:25:55.794550+03:00,1811,Ulu Camii Açık Otoparkı,BAHÇELİEVLER,40.9982,28.8499,150,123,27,AÇIK OTOPARK,1,10,24 Saat
2026-07-16T12:25:55.794550+00:00,2026-07-16T15:25:55.794550+03:00,2424,Uzunçayır Açık Otoparkı,KADIKÖY,40.9988,29.0556,58,52,6,AÇIK OTOPARK,1,0,06:00-16:00
2026-07-16T12:25:55.794550+00:00,2026-07-16T15:25:55.794550+03:00,1468,Ümraniye Katlı Otoparkı,ÜMRANİYE,41.0261,29.0953,665,357,308,KAPALI OTOPARK,1,15,24 Saat
2026-07-16T12:25:55.794550+00:00,2026-07-16T15:25:55.794550+03:00,2898,Ümraniye Okan Sokak Zeminaltı Otoparkı,ÜMRANİYE,41.0284,29.0907,125,37,88,KAPALI OTOPARK,1,15,24 Saat
2026-07-16T12:25:55.794550+00:00,2026-07-16T15:25:55.794550+03:00,2345,Üsküdar Uzunçayır PD Açık Otoparkı,ÜSKÜDAR,40.9988,29.0577,90,51,39,AÇIK OTOPARK,1,15,06:00-22:00
2026-07-16T12:25:55.794550+00:00,2026-07-16T15:25:55.794550+03:00,1929,Üsküdar Ünalan Açık Otoparkı,ÜSKÜDAR,40.9979,29.0604,180,175,5,AÇIK OTOPARK,1,0,07:00-17:00
2026-07-16T12:25:55.794550+00:00,2026-07-16T15:25:55.794550+03:00,1487,Vatan Caddesi PD Açık Otoparkı,FATİH,41.0157,28.9405,397,173,224,AÇIK OTOPARK,1,5,24 Saat
2026-07-16T12:25:55.794550+00:00,2026-07-16T15:25:55.794550+03:00,1621,Veteriner Hilmi Sokak Yol Üstü 1,ŞİŞLİ,41.0603,28.9892,20,1,19,YOL ÜSTÜ,1,15,08:00-17:00
2026-07-16T12:25:55.794550+00:00,2026-07-16T15:25:55.794550+03:00,2441,Yalı Açık Otoparkı,MALTEPE,40.9095,29.137,85,82,3,AÇIK OTOPARK,1,0,07:30-22:00
2026-07-16T12:25:55.794550+00:00,2026-07-16T15:25:55.794550+03:00,459,Yalı Köşkü Caddesi 1,FATİH,41.0163,28.9759,61,1,60,YOL ÜSTÜ,1,5,07:00-21:00
2026-07-16T12:25:55.794550+00:00,2026-07-16T15:25:55.794550+03:00,2037,Yenikapı Marmaray Büyük Otoparkı,FATİH,41.0057,28.9505,324,77,247,AÇIK OTOPARK,1,15,24 Saat
2026-07-16T12:25:55.794550+00:00,2026-07-16T15:25:55.794550+03:00,2036,Yenikapı Marmaray Küçük Otoparkı,FATİH,41.0064,28.9504,200,132,68,AÇIK OTOPARK,1,15,07:00-22:00
2026-07-16T12:25:55.794550+00:00,2026-07-16T15:25:55.794550+03:00,2175,Yenikapı Spor ve Kültür Merkezi PD Açık Otoparkı,FATİH,41.0006,28.9519,4023,3795,228,AÇIK OTOPARK,1,15,24 Saat
2026-07-16T12:25:55.794550+00:00,2026-07-16T15:25:55.794550+03:00,2805,Yenikapı Tünel Üstü Açık Otoparkı,FATİH,41.0029,28.9534,700,374,326,AÇIK OTOPARK,1,10,24 Saat
2026-07-16T12:25:55.794550+00:00,2026-07-16T15:25:55.794550+03:00,3404,Yenimahalle Metro Zemin Altı PD Otoparkı,GAZİOSMANPAŞA,41.0839,28.8926,114,99,15,KAPALI OTOPARK,1,15,24 Saat
2026-07-16T12:25:55.794550+00:00,2026-07-16T15:25:55.794550+03:00,2920,Yeşilce Zemin Altı Katlı Otoparkı,KAĞITHANE,41.0938,29.0017,676,286,390,KAPALI OTOPARK,1,0,24 Saat
2026-07-16T12:25:55.794550+00:00,2026-07-16T15:25:55.794550+03:00,987,Yeşilköy İstasyon Caddesi 1,BAKIRKÖY,40.962,28.825,40,1,39,YOL ÜSTÜ,1,15,09:00-17:30
2026-07-16T12:25:55.794550+00:00,2026-07-16T15:25:55.794550+03:00,974,Yeşilköy Marina 1,BAKIRKÖY,40.9576,28.8233,145,1,144,YOL ÜSTÜ,1,0,12:00-23:00
2026-07-16T12:25:55.794550+00:00,2026-07-16T15:25:55.794550+03:00,3406,Yeşilpınar Metro Zemin Altı PD Otoparkı,EYÜP,41.081,28.9204,269,205,64,KAPALI OTOPARK,1,15,24 Saat
2026-07-16T12:25:55.794550+00:00,2026-07-16T15:25:55.794550+03:00,315,Yeşilyurt Çarşı 1,BAKIRKÖY,40.9643,28.8379,50,1,49,YOL ÜSTÜ,1,15,09:00-17:30
2026-07-16T12:25:55.794550+00:00,2026-07-16T15:25:55.794550+03:00,1133,Yıldız Korusu,BEŞİKTAŞ,41.0514,29.0165,500,1,499,AÇIK OTOPARK,1,0,08:00-22:00
2026-07-16T12:25:55.794550+00:00,2026-07-16T15:25:55.794550+03:00,882,Zeytinburnu 58. Bulvar 2,ZEYTİNBURNU,40.9932,28.9039,48,1,47,YOL ÜSTÜ,1,15,09:00-18:00
2026-07-16T12:25:55.794550+00:00,2026-07-16T15:25:55.794550+03:00,3185,Zeytinburnu Sahil Cep Otoparkı,ZEYTİNBURNU,40.9798,28.8985,160,1,159,AÇIK OTOPARK,1,0,12:00-22:00
2026-07-16T15:01:20.985835+00:00,2026-07-16T18:01:20.985835+03:00,3068,15 Temmuz Şehitler Meydanı Zeminaltı Otoparkı,ÜMRANİYE,41.0246,29.0915,1029,589,440,KAPALI OTOPARK,1,15,24 Saat
2026-07-16T15:01:20.985835+00:00,2026-07-16T18:01:20.985835+03:00,2338,19 Mayıs Açık,ŞİŞLİ,41.0563,28.9941,65,0,65,AÇIK OTOPARK,1,0,24 Saat
2026-07-16T15:01:20.985835+00:00,2026-07-16T18:01:20.985835+03:00,1751,4.Levent PD Açık Otoparkı,KAĞITHANE,41.0836,29.0081,236,117,119,AÇIK OTOPARK,1,5,24 Saat
2026-07-16T15:01:20.985835+00:00,2026-07-16T18:01:20.985835+03:00,3328,4.Levent Servis ve Turizm Araçları Açık Otoparkı,ŞİŞLİ,41.0841,29.0054,300,172,128,AÇIK OTOPARK,1,15,24 Saat
2026-07-16T15:01:20.985835+00:00,2026-07-16T18:01:20.985835+03:00,3412,5. Levent Gaziosmanpaşa Adliyesi Yanı Açık Otoparkı,EYÜP,41.0927,28.9494,250,219,31,AÇIK OTOPARK,1,15,07:00-23:00
2026-07-16T15:01:20.985835+00:00,2026-07-16T18:01:20.985835+03:00,104,Abide-i Hürriyet Caddesi 5,ŞİŞLİ,41.0619,28.9876,40,1,39,YOL ÜSTÜ,0,15,08:00-17:00
2026-07-16T15:01:20.985835+00:00,2026-07-16T18:01:20.985835+03:00,2452,Acıbadem Açık Otoparkı,ÜSKÜDAR,41.0157,29.0574,100,87,13,AÇIK OTOPARK,0,0,06:30-16:00
2026-07-16T15:01:20.985835+00:00,2026-07-16T18:01:20.985835+03:00,346,Ada Karşısı Cep 2,BEŞİKTAŞ,41.072,29.045,30,1,29,YOL ÜSTÜ,1,15,08:00-23:00
2026-07-16T15:01:20.985835+00:00,2026-07-16T18:01:20.985835+03:00,1663,Akasyalı Sokak Tenis Kulubü Önü 2,BEŞİKTAŞ,41.0867,29.0109,45,1,44,YOL ÜSTÜ,0,15,08:30-17:30
2026-07-16T15:01:20.985835+00:00,2026-07-16T18:01:20.985835+03:00,828,Akdeniz Caddesi 4,FATİH,41.0175,28.9435,27,1,26,YOL ÜSTÜ,0,15,09:00-18:00
2026-07-16T15:01:20.985835+00:00,2026-07-16T18:01:20.985835+03:00,1913,Alibeyköy Cep Otogarı Açık Otoparkı,EYÜP,41.0879,28.9446,116,15,101,AÇIK OTOPARK,1,25,24 Saat
2026-07-16T15:01:20.985835+00:00,2026-07-16T18:01:20.985835+03:00,1912,Alibeyköy Cep Otogarı Otobüs Otoparkı,EYÜP,41.0875,28.9449,5000,4984,16,AÇIK OTOPARK,1,60,24 Saat
2026-07-16T15:01:20.985835+00:00,2026-07-16T18:01:20.985835+03:00,2562,Alibeyköy Yeşiltepe Zemin Altı Otoparkı,EYÜP,41.0797,28.938,159,67,92,KAPALI OTOPARK,1,15,24 Saat
2026-07-16T15:01:20.985835+00:00,2026-07-16T18:01:20.985835+03:00,3201,Altınboynuz Sosyal Tesisleri,EYÜP,41.058,28.9447,70,70,0,AÇIK OTOPARK,1,15,08:00-23:00
2026-07-16T15:01:20.985835+00:00,2026-07-16T18:01:20.985835+03:00,758,Arap Camii Açık Otoparkı,BEYOĞLU,41.0227,28.9723,30,1,29,AÇIK OTOPARK,0,0,09:00-17:00
2026-07-16T15:01:20.985835+00:00,2026-07-16T18:01:20.985835+03:00,2685,Aras Sokak 2,BÜYÜKÇEKMECE,41.023,28.6209,60,60,0,YOL ÜSTÜ,0,0,06:00-14:30
2026-07-16T15:01:20.985835+00:00,2026-07-16T18:01:20.985835+03:00,2802,Arnavutköy Zemin Altı Otoparkı,ARNAVUTKÖY,41.1838,28.7396,700,20,680,KAPALI OTOPARK,1,15,24 Saat
2026-07-16T15:01:20.985835+00:00,2026-07-16T18:01:20.985835+03:00,1797,Ataköy Atrium AVM,BAKIRKÖY,40.9881,28.8459,250,197,53,AÇIK OTOPARK,1,15,08:00-23:00
2026-07-16T15:01:20.985835+00:00,2026-07-16T18:01:20.985835+03:00,2824,Ataköy Metro Durağı Yanı PD Zemin Altı Otoparkı,BAKIRKÖY,40.9904,28.8456,150,90,60,KAPALI OTOPARK,1,0,24 Saat
2026-07-16T15:01:20.985835+00:00,2026-07-16T18:01:20.985835+03:00,3161,Ataşehir Topçu İbrahim Sokak,ATAŞEHİR,40.9736,29.101,42,1,41,YOL ÜSTÜ,0,15,07:00-16:00
2026-07-16T15:01:20.985835+00:00,2026-07-16T18:01:20.985835+03:00,359,Atatürk Bulvarı 1,FATİH,41.0112,28.9534,20,1,19,YOL ÜSTÜ,0,0,07:30-18:00
2026-07-16T15:01:20.985835+00:00,2026-07-16T18:01:20.985835+03:00,3087,Atatürk Kent Ormanı Otoparkı,SARIYER,41.136,29.0262,200,197,3,AÇIK OTOPARK,0,0,08:00-17:00
2026-07-16T15:01:20.985835+00:00,2026-07-16T18:01:20.985835+03:00,1088,Avcılar İdo,AVCILAR,40.9712,28.7185,270,264,6,AÇIK OTOPARK,1,0,13:00-07:00
2026-07-16T15:01:20.985835+00:00,2026-07-16T18:01:20.985835+03:00,2885,Azapkapı Haliç Metro Otoparkı,ŞİŞLİ,41.0245,28.9691,80,11,69,AÇIK OTOPARK,1,5,24 Saat
2026-07-16T15:01:20.985835+00:00,2026-07-16T18:01:20.985835+03:00,2455,Azerbaycan Dostluk Parkı Zemin Altı Otoparkı,BAĞCILAR,41.0444,28.854,400,209,191,KAPALI OTOPARK,1,10,24 Saat
2026-07-16T15:01:20.985835+00:00,2026-07-16T18:01:20.985835+03:00,2965,Bağcılar Çolakoğlu Zemin Altı Otoparkı,BAĞCILAR,41.0324,28.8345,106,0,106,KAPALI OTOPARK,1,5,24 Saat
2026-07-16T15:01:20.985835+00:00,2026-07-16T18:01:20.985835+03:00,2576,Bağcılar Demirkapı Zemin Altı Otoparkı,BAĞCILAR,41.0499,28.8327,343,175,168,KAPALI OTOPARK,1,5,24 Saat
2026-07-16T15:01:20.985835+00:00,2026-07-16T18:01:20.985835+03:00,3036,Bağcılar Devlet Hastanesi Yanı Zeminaltı Otoparkı,BAĞCILAR,41.0312,28.8696,1133,141,992,KAPALI OTOPARK,1,15,24 Saat
2026-07-16T15:01:20.985835+00:00,2026-07-16T18:01:20.985835+03:00,3071,Bağcılar Emniyet Müdürlüğü Yanı Açık Otoparkı,BAĞCILAR,41.0353,28.8598,100,57,43,AÇIK OTOPARK,1,0,24 Saat
2026-07-16T15:01:20.985835+00:00,2026-07-16T18:01:20.985835+03:00,2873,Bağcılar Göztepe Zemin Altı,BAĞCILAR,41.0567,28.8355,120,0,120,KAPALI OTOPARK,1,5,24 Saat
2026-07-16T15:01:20.985835+00:00,2026-07-16T18:01:20.985835+03:00,3187,Bağcılar Hürriyet Mahallesi Zemin Altı Otoparkı,BAĞCILAR,41.0291,28.8333,355,0,355,KAPALI OTOPARK,1,10,24 Saat
2026-07-16T15:01:20.985835+00:00,2026-07-16T18:01:20.985835+03:00,2916,Bağcılar Kent Meydanı PD Zemin Altı Otoparkı,BAĞCILAR,41.0339,28.8556,1162,0,1162,KAPALI OTOPARK,1,0,24 Saat
2026-07-16T15:01:20.985835+00:00,2026-07-16T18:01:20.985835+03:00,3261,Bağcılar Yenimahalle Zemin Altı Otoparkı,BAĞCILAR,41.0425,28.8395,525,284,241,KAPALI OTOPARK,1,15,24 Saat
2026-07-16T15:01:20.985835+00:00,2026-07-16T18:01:20.985835+03:00,2820,Bağcılar Yıldıztepe Katlı Otoparkı,BAĞCILAR,41.0294,28.8556,350,0,350,KAPALI OTOPARK,1,10,24 Saat
2026-07-16T15:01:20.985835+00:00,2026-07-16T18:01:20.985835+03:00,3447,Bahçelievler 23 Nisan Milli Egemenlik Zeminaltı Otoparkı,BAHÇELİEVLER,40.9988,28.8472,732,359,373,KAPALI OTOPARK,1,10,24 Saat
2026-07-16T15:01:20.985835+00:00,2026-07-16T18:01:20.985835+03:00,2993,Bahçelievler Cumhuriyet Zeminaltı Otoparkı,BAHÇELİEVLER,41.0149,28.859,663,0,663,KAPALI OTOPARK,1,10,24 Saat
2026-07-16T15:01:20.985835+00:00,2026-07-16T18:01:20.985835+03:00,2969,Bahçelievler Devlet Hastanesi Yanı Katlı Otoparkı,BAHÇELİEVLER,41.0072,28.8442,740,0,740,KAPALI OTOPARK,1,0,24 Saat
2026-07-16T15:01:20.985835+00:00,2026-07-16T18:01:20.985835+03:00,3051,Bahçelievler Zafer Mh. Zeminaltı Otoparkı,BAHÇELİEVLER,41.0036,28.8351,200,86,114,KAPALI OTOPARK,1,0,24 Saat
2026-07-16T15:01:20.985835+00:00,2026-07-16T18:01:20.985835+03:00,3118,Bahçeşehir Doğa Parkı Caddesi 3,BAŞAKŞEHİR,41.0683,28.6894,22,1,21,YOL ÜSTÜ,1,15,10:00-20:00
2026-07-16T15:01:20.985835+00:00,2026-07-16T18:01:20.985835+03:00,3236,Bahçeşehir Gölet Açık Otoparkı,BAŞAKŞEHİR,41.0719,28.6901,200,1,199,AÇIK OTOPARK,1,0,12:00-22:00
2026-07-16T15:01:20.985835+00:00,2026-07-16T18:01:20.985835+03:00,1465,Bakırköy İdo Açık Otoparkı,BAKIRKÖY,40.9739,28.8761,160,99,61,AÇIK OTOPARK,1,10,24 Saat
2026-07-16T15:01:20.985835+00:00,2026-07-16T18:01:20.985835+03:00,1104,Balmumcu Katlı Otoparkı,BEŞİKTAŞ,41.0636,29.0109,400,287,113,KAPALI OTOPARK,1,5,24 Saat
2026-07-16T15:01:20.985835+00:00,2026-07-16T18:01:20.985835+03:00,2796,Başakşehir Metro Açık Otoparkı,BAŞAKŞEHİR,41.107,28.801,125,1,124,AÇIK OTOPARK,0,0,07:00-16:00
2026-07-16T15:01:20.985835+00:00,2026-07-16T18:01:20.985835+03:00,2350,Bayrampaşa Adapark Katlı Otoparkı,BAYRAMPAŞA,41.0647,28.8875,650,0,650,KAPALI OTOPARK,1,15,24 Saat
2026-07-16T15:01:20.985835+00:00,2026-07-16T18:01:20.985835+03:00,2892,Bayrampaşa Altıntepsi Zemin  Altı Otoparkı,BAYRAMPAŞA,41.0393,28.9029,110,0,110,KAPALI OTOPARK,1,10,24 Saat
2026-07-16T15:01:20.985835+00:00,2026-07-16T18:01:20.985835+03:00,2909,Bayrampaşa Atatürk Parkı  Zemin Altı Otoparkı,BAYRAMPAŞA,41.0342,28.9123,442,0,442,KAPALI OTOPARK,1,10,24 Saat
2026-07-16T15:01:20.985835+00:00,2026-07-16T18:01:20.985835+03:00,2683,Bayrampaşa Devlet Hastanesi Cep Otoparkı,BAYRAMPAŞA,41.0414,28.9031,55,31,24,AÇIK OTOPARK,1,0,08:00-19:00
2026-07-16T15:01:20.985835+00:00,2026-07-16T18:01:20.985835+03:00,3301,Bayrampaşa Kocatepe Mahallesi Zemin Altı Otoparkı,BAYRAMPAŞA,41.0545,28.8964,241,0,241,KAPALI OTOPARK,1,10,24 Saat
2026-07-16T15:01:20.985835+00:00,2026-07-16T18:01:20.985835+03:00,2053,Bayrampaşa Muratpaşa Yer Altı Otoparkı,BAYRAMPAŞA,41.047,28.9082,300,22,278,KAPALI OTOPARK,1,15,24 Saat
2026-07-16T15:01:20.985835+00:00,2026-07-16T18:01:20.985835+03:00,3175,Bayrampaşa Spor Kompleksi Zemin Altı Otoparkı,BAYRAMPAŞA,41.0446,28.9106,205,0,205,KAPALI OTOPARK,1,15,24 Saat
2026-07-16T15:01:20.985835+00:00,2026-07-16T18:01:20.985835+03:00,3382,Bayrampaşa Şehit Kamil Balkan Zemin Altı Otoparkı,BAYRAMPAŞA,41.0604,28.9008,235,0,235,KAPALI OTOPARK,1,10,24 Saat
2026-07-16T15:01:20.985835+00:00,2026-07-16T18:01:20.985835+03:00,2428,Bayrampaşa Yenidoğan Mahallesi Zemin Altı Otoparkı,BAYRAMPAŞA,41.0395,28.9088,120,0,120,KAPALI OTOPARK,1,10,24 Saat
2026-07-16T15:01:20.985835+00:00,2026-07-16T18:01:20.985835+03:00,2468,Bebek Açık,BEŞİKTAŞ,41.077,29.0434,30,5,25,AÇIK OTOPARK,1,0,24 Saat
2026-07-16T15:01:20.985835+00:00,2026-07-16T18:01:20.985835+03:00,3479,Beşiktaş Halk Pazarı Açık Otoparkı,BEŞİKTAŞ,41.0496,29.0004,170,111,59,AÇIK OTOPARK,1,5,24 Saat
2026-07-16T15:01:20.985835+00:00,2026-07-16T18:01:20.985835+03:00,573,Beşiktaş Kadastro Önü 1,BEŞİKTAŞ,41.0503,29.0076,39,1,38,YOL ÜSTÜ,0,15,08:00-17:00
2026-07-16T15:01:20.985835+00:00,2026-07-16T18:01:20.985835+03:00,3257,Beykoz Sahil Cep Otoparkı,BEYKOZ,41.1286,29.0953,100,75,25,AÇIK OTOPARK,1,0,08:00-00:00
2026-07-16T15:01:20.985835+00:00,2026-07-16T18:01:20.985835+03:00,2273,Beykoz Sosyal Tesisleri,BEYKOZ,41.1143,29.0888,130,0,130,AÇIK OTOPARK,1,15,08:00-00:00
2026-07-16T15:01:20.985835+00:00,2026-07-16T18:01:20.985835+03:00,2999,Beyoğlu Gazhane Bostan Sokak 2,BEYOĞLU,41.0389,28.9903,35,1,34,YOL ÜSTÜ,0,0,07:30-16:30
2026-07-16T15:01:20.985835+00:00,2026-07-16T18:01:20.985835+03:00,3072,Beyoğlu Örnektepe Zemin Altı Otoparkı,BEYOĞLU,41.0543,28.9548,143,0,143,KAPALI OTOPARK,1,0,24 Saat
2026-07-16T15:01:20.985835+00:00,2026-07-16T18:01:20.985835+03:00,1455,Bostancı Açık,KADIKÖY,40.9523,29.0902,394,54,340,AÇIK OTOPARK,1,15,24 Saat
2026-07-16T15:01:20.985835+00:00,2026-07-16T18:01:20.985835+03:00,1456,Bostancı Sahil-Cep Açık Otoparkı,KADIKÖY,40.9545,29.0885,192,93,99,AÇIK OTOPARK,1,15,24 Saat
2026-07-16T15:01:20.985835+00:00,2026-07-16T18:01:20.985835+03:00,2150,Bostancı Vergi Dairesi Açık Otoparkı,ATAŞEHİR,40.9625,29.1083,155,0,155,AÇIK OTOPARK,1,5,08:00-20:00
2026-07-16T15:01:20.985835+00:00,2026-07-16T18:01:20.985835+03:00,2854,Bülent Ecevit Kültür Merkezi Açık Otoparkı,KARTAL,40.8852,29.1967,277,270,7,AÇIK OTOPARK,1,5,10:00-21:00
2026-07-16T15:01:20.985835+00:00,2026-07-16T18:01:20.985835+03:00,2866,Büyük İstanbul Otogarı,BAYRAMPAŞA,41.0402,28.8942,1000,0,1000,AÇIK OTOPARK,1,25,24 Saat
2026-07-16T15:01:20.985835+00:00,2026-07-16T18:01:20.985835+03:00,1192,Büyükçamlıca Korusu Sosyal Tesisleri Önü,ÜSKÜDAR,41.0264,29.0698,204,113,91,AÇIK OTOPARK,1,0,08:00-00:00
2026-07-16T15:01:20.985835+00:00,2026-07-16T18:01:20.985835+03:00,2960,Büyükçekmece Metrobüs Durağı Yanı PD Zemin Altı Otopark,BÜYÜKÇEKMECE,41.0221,28.624,448,160,288,KAPALI OTOPARK,1,0,24 Saat
2026-07-16T15:01:20.985835+00:00,2026-07-16T18:01:20.985835+03:00,1503,Cadde Bostan Açık Otoparkı,KADIKÖY,40.9636,29.0675,66,12,54,AÇIK OTOPARK,1,15,24 Saat
2026-07-16T15:01:20.985835+00:00,2026-07-16T18:01:20.985835+03:00,2933,Cemal Kamacı Spor Kompleksi Zemin Altı Otoparkı,KAĞITHANE,41.0536,28.9575,510,0,510,KAPALI OTOPARK,1,0,24 Saat
2026-07-16T15:01:20.985835+00:00,2026-07-16T18:01:20.985835+03:00,2207,Cengiz Topel Yer Altı Katlı Otoparkı,ESENLER,41.0588,28.8643,144,0,144,KAPALI OTOPARK,1,15,24 Saat
2026-07-16T15:01:20.985835+00:00,2026-07-16T18:01:20.985835+03:00,2787,Cevizli Açık Otoparkı,KARTAL,40.9179,29.1712,100,66,34,AÇIK OTOPARK,1,15,08:00-19:00
2026-07-16T15:01:20.985835+00:00,2026-07-16T18:01:20.985835+03:00,782,Cihangir Caddesi 2,BEYOĞLU,41.0319,28.9862,70,1,69,YOL ÜSTÜ,1,15,09:00-19:00
2026-07-16T15:01:20.985835+00:00,2026-07-16T18:01:20.985835+03:00,1467,Cihangir Katlı Otoparkı,BEYOĞLU,41.0318,28.9858,350,0,350,KAPALI OTOPARK,1,0,24 Saat
2026-07-16T15:01:20.985835+00:00,2026-07-16T18:01:20.985835+03:00,535,Cihannuma Yol Üstü 1,BEŞİKTAŞ,41.0454,29.0084,35,1,34,YOL ÜSTÜ,1,0,08:00-23:00
2026-07-16T15:01:20.985835+00:00,2026-07-16T18:01:20.985835+03:00,537,Cihannuma Yol Üstü 3,BEŞİKTAŞ,41.0459,29.0087,33,1,32,YOL ÜSTÜ,1,0,08:00-23:00
2026-07-16T15:01:20.985835+00:00,2026-07-16T18:01:20.985835+03:00,539,Cihannuma Yol Üstü 5,BEŞİKTAŞ,41.0489,29.0094,24,1,23,YOL ÜSTÜ,1,0,08:00-23:00
2026-07-16T15:01:20.985835+00:00,2026-07-16T18:01:20.985835+03:00,3184,Çam Sokak 6,GÜNGÖREN,41.0121,28.8882,50,1,49,YOL ÜSTÜ,0,15,08:00-17:00
2026-07-16T15:01:20.985835+00:00,2026-07-16T18:01:20.985835+03:00,2003,Çatalca İnceğiz Mesire Alanı,ÇATALCA,41.1827,28.4041,1000,1,999,AÇIK OTOPARK,1,0,06:00-20:00
2026-07-16T15:01:20.985835+00:00,2026-07-16T18:01:20.985835+03:00,3030,Çekmeköy Metro PD Zemin Altı Otoparkı,ÇEKMEKÖY,41.0147,29.1886,175,59,116,KAPALI OTOPARK,1,15,24 Saat
2026-07-16T15:01:20.985835+00:00,2026-07-16T18:01:20.985835+03:00,2905,Çeliktepe Açık Otoparkı,KAĞITHANE,41.0843,29.0056,200,76,124,AÇIK OTOPARK,1,5,24 Saat
2026-07-16T15:01:20.985835+00:00,2026-07-16T18:01:20.985835+03:00,1298,Çengelköy Açık Otoparkı,ÜSKÜDAR,41.0484,29.0533,500,95,405,AÇIK OTOPARK,1,15,24 Saat
2026-07-16T15:01:20.985835+00:00,2026-07-16T18:01:20.985835+03:00,502,Çınar Açık Otoparkı,BEŞİKTAŞ,41.0853,29.0088,65,1,64,AÇIK OTOPARK,0,0,08:00-18:00
2026-07-16T15:01:20.985835+00:00,2026-07-16T18:01:20.985835+03:00,777,Çırağan Sarayı Yol Üstü 1,BEŞİKTAŞ,41.0448,29.0165,40,1,39,YOL ÜSTÜ,1,15,08:00-23:00
2026-07-16T15:01:20.985835+00:00,2026-07-16T18:01:20.985835+03:00,778,Çırağan Sarayı Yol Üstü 2,BEŞİKTAŞ,41.0445,29.0156,40,1,39,YOL ÜSTÜ,1,15,08:00-23:00
2026-07-16T15:01:20.985835+00:00,2026-07-16T18:01:20.985835+03:00,2228,Çırpıcı Sosyal Tesisler,ZEYTİNBURNU,41,28.8926,128,0,128,AÇIK OTOPARK,1,15,07:00-00:00
2026-07-16T15:01:20.985835+00:00,2026-07-16T18:01:20.985835+03:00,1508,Çiroz Yeşilköy Halk Pazarı,BAKIRKÖY,40.9628,28.8129,471,1,470,AÇIK OTOPARK,0,0,08:00-18:00
2026-07-16T15:01:20.985835+00:00,2026-07-16T18:01:20.985835+03:00,2030,Dalyan Açık Otoparkı,KADIKÖY,40.9632,29.0651,92,0,92,AÇIK OTOPARK,1,15,24 Saat
2026-07-16T15:01:20.985835+00:00,2026-07-16T18:01:20.985835+03:00,2271,Damla Sokak 1,ŞİŞLİ,41.0672,29.0004,17,1,16,YOL ÜSTÜ,0,15,07:30-16:30
2026-07-16T15:01:20.985835+00:00,2026-07-16T18:01:20.985835+03:00,2164,Darüşşafaka Yeraltı Otoparkı,SARIYER,41.1292,29.0252,150,107,43,KAPALI OTOPARK,1,15,08:00-00:00
2026-07-16T15:01:20.985835+00:00,2026-07-16T18:01:20.985835+03:00,1653,Deniz Feneri Otoparkı,FATİH,41.0019,28.9773,175,77,98,AÇIK OTOPARK,1,5,24 Saat
2026-07-16T15:01:20.985835+00:00,2026-07-16T18:01:20.985835+03:00,595,Dostluk Yurdu 1,FATİH,41.0071,28.973,33,33,0,YOL ÜSTÜ,0,15,07:00-17:00
2026-07-16T15:01:20.985835+00:00,2026-07-16T18:01:20.985835+03:00,2237,Dragos Sosyal Tesisleri,KARTAL,40.9017,29.1458,100,33,67,AÇIK OTOPARK,1,15,24 Saat
2026-07-16T15:01:20.985835+00:00,2026-07-16T18:01:20.985835+03:00,3063,Dudullu Metro PD Zemin Altı Otoparkı,ÜMRANİYE,41.0156,29.1633,81,53,28,KAPALI OTOPARK,1,15,07:00-23:30
2026-07-16T15:01:20.985835+00:00,2026-07-16T18:01:20.985835+03:00,1522,Ebu Suut Caddesi 1,FATİH,41.0128,28.9766,35,1,34,YOL ÜSTÜ,0,0,08:00-18:00
2026-07-16T15:01:20.985835+00:00,2026-07-16T18:01:20.985835+03:00,2147,EGS Blokları Açık Otoparkı,BAKIRKÖY,40.9863,28.8354,350,97,253,AÇIK OTOPARK,1,60,09:00-19:30
2026-07-16T15:01:20.985835+00:00,2026-07-16T18:01:20.985835+03:00,2366,Esenler Adem Baştürk Kültür Merkezi Katlı,ESENLER,41.039,28.8846,460,53,407,KAPALI OTOPARK,1,15,24 Saat
2026-07-16T15:01:20.985835+00:00,2026-07-16T18:01:20.985835+03:00,3190,Esenler Havaalanı Mahallesi Zemin Altı Otoparkı,ESENLER,41.0562,28.8674,610,395,215,KAPALI OTOPARK,1,10,24 Saat
2026-07-16T15:01:20.985835+00:00,2026-07-16T18:01:20.985835+03:00,3011,Esenler Menderes Metro İstasyonu Yanı,ESENLER,41.0427,28.8783,68,0,68,AÇIK OTOPARK,1,5,24 Saat
2026-07-16T15:01:20.985835+00:00,2026-07-16T18:01:20.985835+03:00,2822,Esenler Menderes Parkı Zemin Altı Otoparkı,ESENLER,41.0412,28.8729,325,101,224,KAPALI OTOPARK,1,10,24 Saat
2026-07-16T15:01:20.985835+00:00,2026-07-16T18:01:20.985835+03:00,3303,Esenyurt Adile Naşit Bulvarı Zeminaltı Otoparkı,ESENYURT,41.0205,28.6859,367,301,66,KAPALI OTOPARK,1,15,24 Saat
2026-07-16T15:01:20.985835+00:00,2026-07-16T18:01:20.985835+03:00,1328,Eski Salı Pazarı,KADIKÖY,40.9904,29.0338,760,0,760,AÇIK OTOPARK,1,15,24 Saat
2026-07-16T15:01:20.985835+00:00,2026-07-16T18:01:20.985835+03:00,904,Eyüp Pierloti Caddesi 1,EYÜP,41.0539,28.9329,40,1,39,YOL ÜSTÜ,1,0,09:00-22:00
2026-07-16T15:01:20.985835+00:00,2026-07-16T18:01:20.985835+03:00,2850,Eyüpsultan Akşemsettin Mahallesi Zemin Altı Otoparkı,EYÜP,41.085,28.9258,110,0,110,KAPALI OTOPARK,1,15,24 Saat
2026-07-16T15:01:20.985835+00:00,2026-07-16T18:01:20.985835+03:00,2215,Fatih Çeşmesi Tabiat Parkı Otoparkı,SARIYER,41.1686,28.9448,250,1,249,AÇIK OTOPARK,1,0,06:00-20:00
2026-07-16T15:01:20.985835+00:00,2026-07-16T18:01:20.985835+03:00,1475,Fatih Katlı Otoparkı,FATİH,41.0198,28.9396,118,3,115,KAPALI OTOPARK,1,10,24 Saat
2026-07-16T15:01:20.985835+00:00,2026-07-16T18:01:20.985835+03:00,1591,Feshane PD Açık Otoparkı,EYÜP,41.0463,28.9378,200,101,99,AÇIK OTOPARK,1,15,24 Saat
2026-07-16T15:01:20.985835+00:00,2026-07-16T18:01:20.985835+03:00,1005,Florya Havuzlu Bahçe,BAKIRKÖY,40.9764,28.7908,135,1,134,AÇIK OTOPARK,1,0,09:00-23:00
2026-07-16T15:01:20.985835+00:00,2026-07-16T18:01:20.985835+03:00,2238,Florya Sosyal Tesisleri,BAKIRKÖY,40.9614,28.8091,1074,818,256,AÇIK OTOPARK,1,15,24 Saat
2026-07-16T15:01:20.985835+00:00,2026-07-16T18:01:20.985835+03:00,3296,Gaziosmanpaşa Meydanı ve Yaşam Merkezi Zemin Altı Otoparkı,GAZİOSMANPAŞA,41.0606,28.9093,202,0,202,KAPALI OTOPARK,1,15,24 Saat
2026-07-16T15:01:20.985835+00:00,2026-07-16T18:01:20.985835+03:00,2971,Gaziosmanpaşa Zemin Altı Otoparkı,GAZİOSMANPAŞA,41.0796,28.8858,285,0,285,KAPALI OTOPARK,1,0,24 Saat
2026-07-16T15:01:20.985835+00:00,2026-07-16T18:01:20.985835+03:00,3401,Giyimkent Tekstilkent Metro Zemin Altı PD Otoparkı,ESENLER,41.0711,28.8666,203,184,19,KAPALI OTOPARK,1,10,24 Saat
2026-07-16T15:01:20.985835+00:00,2026-07-16T18:01:20.985835+03:00,2242,Gözdağı Sosyal Tesisler  Açık Otoparkı,PENDİK,40.893,29.2538,300,218,82,AÇIK OTOPARK,1,0,07:00-23:00
2026-07-16T15:01:20.985835+00:00,2026-07-16T18:01:20.985835+03:00,1879,Gülsuyu Metro PD Yer Altı Otoparkı,MALTEPE,40.9237,29.1548,76,0,76,KAPALI OTOPARK,1,15,08:00-00:00
2026-07-16T15:01:20.985835+00:00,2026-07-16T18:01:20.985835+03:00,1423,Güneş Plajı 1,BAKIRKÖY,40.9712,28.79,250,159,91,AÇIK OTOPARK,1,10,24 Saat
2026-07-16T15:01:20.985835+00:00,2026-07-16T18:01:20.985835+03:00,1461,Güneş Plajı 2,BAKIRKÖY,40.9692,28.7951,135,94,41,AÇIK OTOPARK,1,10,08:00-20:00
2026-07-16T15:01:20.985835+00:00,2026-07-16T18:01:20.985835+03:00,3053,Güngören Nikah Dairesi Zemin Altı otoparkı,GÜNGÖREN,41.0363,28.8718,147,0,147,KAPALI OTOPARK,1,10,24 Saat
2026-07-16T15:01:20.985835+00:00,2026-07-16T18:01:20.985835+03:00,2216,Gürpınar Balık Hali Otoparkı,BEYLİKDÜZÜ,40.9663,28.6019,1000,850,150,AÇIK OTOPARK,1,15,24 Saat
2026-07-16T15:01:20.985835+00:00,2026-07-16T18:01:20.985835+03:00,1525,Hacıosman Metro Yer Altı Otoparkı,SARIYER,41.14,29.0306,422,0,422,KAPALI OTOPARK,1,15,24 Saat
2026-07-16T15:01:20.985835+00:00,2026-07-16T18:01:20.985835+03:00,1470,Haldun Alagaş Katlı Otoparkı,ÜMRANİYE,41.0262,29.1052,197,92,105,KAPALI OTOPARK,1,15,24 Saat
2026-07-16T15:01:20.985835+00:00,2026-07-16T18:01:20.985835+03:00,3235,Haliç Sosyal Tesisleri Otoparkı,FATİH,41.0277,28.9572,60,18,42,AÇIK OTOPARK,1,15,07:00-00:00
2026-07-16T15:01:20.985835+00:00,2026-07-16T18:01:20.985835+03:00,2848,Halkalı Mahallesi Zemin Altı Otoparkı,KÜÇÜKÇEKMECE,41.0359,28.7848,347,273,74,KAPALI OTOPARK,1,15,24 Saat
2026-07-16T15:01:20.985835+00:00,2026-07-16T18:01:20.985835+03:00,2838,Hamidiye Mahallesi Katlı Otoparkı,KAĞITHANE,41.0949,28.971,450,227,223,KAPALI OTOPARK,1,15,24 Saat
2026-07-16T15:01:20.985835+00:00,2026-07-16T18:01:20.985835+03:00,1446,Harbiye Zemin Altı Otoparkı,BEYOĞLU,41.0408,28.9869,142,14,128,KAPALI OTOPARK,1,0,24 Saat
2026-07-16T15:01:20.985835+00:00,2026-07-16T18:01:20.985835+03:00,2332,Haydarpaşa Katlı Otoparkı,ÜSKÜDAR,41.0048,29.0251,840,652,188,KAPALI OTOPARK,1,15,24 Saat
2026-07-16T15:01:20.985835+00:00,2026-07-16T18:01:20.985835+03:00,1987,Haznedar Yer Altı Otoparkı,GÜNGÖREN,41.0083,28.8729,540,0,540,KAPALI OTOPARK,1,0,24 Saat
2026-07-16T15:01:20.985835+00:00,2026-07-16T18:01:20.985835+03:00,377,Hızır Külhani Sokak,FATİH,41.0202,28.9605,32,1,31,YOL ÜSTÜ,0,15,09:00-17:00
2026-07-16T15:01:20.985835+00:00,2026-07-16T18:01:20.985835+03:00,3173,Hürriyet Mahallesi Zeminaltı Otoparkı,GAZİOSMANPAŞA,41.0708,28.8951,190,0,190,KAPALI OTOPARK,1,15,24 Saat
2026-07-16T15:01:20.985835+00:00,2026-07-16T18:01:20.985835+03:00,157,Ihlamur Dere Caddesi 4,BEŞİKTAŞ,41.047,29.0023,27,1,26,YOL ÜSTÜ,0,15,09:00-17:00
2026-07-16T15:01:20.985835+00:00,2026-07-16T18:01:20.985835+03:00,1189,İçerenköy Sebze Meyve Hali Otoparkı,ATAŞEHİR,40.9766,29.1044,600,1,599,AÇIK OTOPARK,1,15,24 Saat
2026-07-16T15:01:20.985835+00:00,2026-07-16T18:01:20.985835+03:00,1127,İshakpaşa Caddesi,FATİH,41.0079,28.9814,200,1,199,YOL ÜSTÜ,0,0,08:00-18:00
2026-07-16T15:01:20.985835+00:00,2026-07-16T18:01:20.985835+03:00,3265,İspark İstanbul West Marina Açık Otoparkı 1,BEYLİKDÜZÜ,40.9636,28.6564,250,1,249,AÇIK OTOPARK,1,15,24 Saat
2026-07-16T15:01:20.985835+00:00,2026-07-16T18:01:20.985835+03:00,2793,İspark Merter Katlı Otoparkı,GÜNGÖREN,41.0097,28.89,900,364,536,KAPALI OTOPARK,1,10,24 Saat
2026-07-16T15:01:20.985835+00:00,2026-07-16T18:01:20.985835+03:00,2430,İspark West İstanbul Marina Açık Otoparkı,BEYLİKDÜZÜ,40.9639,28.6591,1600,1176,424,AÇIK OTOPARK,1,15,24 Saat
2026-07-16T15:01:20.985835+00:00,2026-07-16T18:01:20.985835+03:00,381,İstinye 4 ( Cami Önü ),SARIYER,41.1149,29.0571,25,1,24,YOL ÜSTÜ,0,15,08:30-17:30
2026-07-16T15:01:20.985835+00:00,2026-07-16T18:01:20.985835+03:00,1804,İtalyan Hastanesi Karşısı Açık Otoparkı 1,BEYOĞLU,41.028,28.9815,30,1,29,AÇIK OTOPARK,1,0,08:00-19:00
2026-07-16T15:01:20.985835+00:00,2026-07-16T18:01:20.985835+03:00,507,Kabasakal Medrese Önü,FATİH,41.0062,28.9789,65,1,64,AÇIK OTOPARK,1,0,08:00-18:30
2026-07-16T15:01:20.985835+00:00,2026-07-16T18:01:20.985835+03:00,3306,Kabataş Transfer Merkezi Turizm Otobüs Otoparkı,BEYOĞLU,41.0336,28.9923,160,0,160,KAPALI OTOPARK,1,20,24 Saat
2026-07-16T15:01:20.985835+00:00,2026-07-16T18:01:20.985835+03:00,2918,Kadıköy Hasanpaşa Gazhane Katlı Otoparkı,KADIKÖY,40.9972,29.0428,310,191,119,KAPALI OTOPARK,1,15,24 Saat
2026-07-16T15:01:20.985835+00:00,2026-07-16T18:01:20.985835+03:00,1447,Kadıköy İski Açık Otoparkı,KADIKÖY,40.9874,29.0207,124,2,122,AÇIK OTOPARK,1,15,24 Saat
2026-07-16T15:01:20.985835+00:00,2026-07-16T18:01:20.985835+03:00,1655,Kadıköy Metro Açık Otoparkı,KADIKÖY,40.9899,29.0217,74,3,71,AÇIK OTOPARK,1,15,24 Saat
2026-07-16T15:01:20.985835+00:00,2026-07-16T18:01:20.985835+03:00,3445,Kadıköy Uzunçayır PD Açık Otoparkı,KADIKÖY,40.9982,29.0569,70,51,19,AÇIK OTOPARK,0,15,06:30-16:30
2026-07-16T15:01:20.985835+00:00,2026-07-16T18:01:20.985835+03:00,2808,Kadıköy Yeni Salı Pazarı PD Katlı Otoparkı,KADIKÖY,40.9969,29.0486,1350,440,910,KAPALI OTOPARK,1,15,24 Saat
2026-07-16T15:01:20.985835+00:00,2026-07-16T18:01:20.985835+03:00,2811,Kağıthane Harmantepe Zemin Altı Otoparkı,KAĞITHANE,41.0816,28.9907,200,0,200,KAPALI OTOPARK,1,0,24 Saat
2026-07-16T15:01:20.985835+00:00,2026-07-16T18:01:20.985835+03:00,1452,Kalamış Açık Otoparkı,KADIKÖY,40.9687,29.0363,173,81,92,AÇIK OTOPARK,1,15,24 Saat
2026-07-16T15:01:20.985835+00:00,2026-07-16T18:01:20.985835+03:00,1474,Kartal Hasan Doğan Spor Kompleksi,KARTAL,40.8918,29.1897,773,0,773,KAPALI OTOPARK,1,15,24 Saat
2026-07-16T15:01:20.985835+00:00,2026-07-16T18:01:20.985835+03:00,1105,Kartal İdo Açık Otoparkı,KARTAL,40.8874,29.1881,90,0,90,AÇIK OTOPARK,1,15,24 Saat
2026-07-16T15:01:20.985835+00:00,2026-07-16T18:01:20.985835+03:00,1550,Kartal Sahil Açık Otoparkı,KARTAL,40.8875,29.1901,75,31,44,AÇIK OTOPARK,1,5,24 Saat
2026-07-16T15:01:20.985835+00:00,2026-07-16T18:01:20.985835+03:00,3434,Kasımpaşa Sosyal Tesisler Otoparkı,BEYOĞLU,41.0296,28.9673,60,36,24,AÇIK OTOPARK,1,0,07:30-23:00
2026-07-16T15:01:20.985835+00:00,2026-07-16T18:01:20.985835+03:00,2827,Kayaşehir Meydan Zemin Altı Otoparkı,BAŞAKŞEHİR,41.1196,28.7718,1054,1,1053,KAPALI OTOPARK,0,0,10:00-17:00
2026-07-16T15:01:20.985835+00:00,2026-07-16T18:01:20.985835+03:00,1960,Kazlıçeşme Marmaray Açık Otoparkı,ZEYTİNBURNU,40.9922,28.917,700,557,143,AÇIK OTOPARK,1,15,24 Saat
2026-07-16T15:01:20.985835+00:00,2026-07-16T18:01:20.985835+03:00,2994,Kirazlı Metro Durağı PD Açık Otoparkı,BAĞCILAR,41.033,28.8429,112,4,108,AÇIK OTOPARK,1,5,24 Saat
2026-07-16T15:01:20.985835+00:00,2026-07-16T18:01:20.985835+03:00,1528,Kore Şehitleri Caddesi - Yüzbaşı Kaya Aldağon Sokak 1,ŞİŞLİ,41.0719,29.0139,40,1,39,YOL ÜSTÜ,0,15,07:00-16:00
2026-07-16T15:01:20.985835+00:00,2026-07-16T18:01:20.985835+03:00,2449,Kozyatağı Sebze-Meyve Hali,ATAŞEHİR,40.9787,29.1029,1500,1,1499,AÇIK OTOPARK,1,0,24 Saat
2026-07-16T15:01:20.985835+00:00,2026-07-16T18:01:20.985835+03:00,1206,Kutlugün Sokak 2,FATİH,41.0061,28.9801,200,1,199,YOL ÜSTÜ,0,0,08:00-18:00
2026-07-16T15:01:20.985835+00:00,2026-07-16T18:01:20.985835+03:00,3074,Küçük Çamlıca,ÜSKÜDAR,41.0204,29.0653,129,106,23,AÇIK OTOPARK,1,0,08:00-22:00
2026-07-16T15:01:20.985835+00:00,2026-07-16T18:01:20.985835+03:00,3127,Küçükçekmece Cennet Mahallesi Meydan Zemin Altı Otoparkı,KÜÇÜKÇEKMECE,40.9907,28.783,456,0,456,KAPALI OTOPARK,1,10,24 Saat
2026-07-16T15:01:20.985835+00:00,2026-07-16T18:01:20.985835+03:00,2554,Küçükçekmece Fevzi Çakmak Meydanı Zemin Altı Otoparkı,KÜÇÜKÇEKMECE,41.0076,28.7927,1000,522,478,KAPALI OTOPARK,1,10,24 Saat
2026-07-16T15:01:20.985835+00:00,2026-07-16T18:01:20.985835+03:00,2882,Küçüksu Kasrı Açık Otoparkı,BEYKOZ,41.0789,29.0657,98,91,7,AÇIK OTOPARK,1,0,07:00-23:00
2026-07-16T15:01:20.985835+00:00,2026-07-16T18:01:20.985835+03:00,220,Levent Hamidiye,BEŞİKTAŞ,41.0861,29.0076,100,1,99,AÇIK OTOPARK,1,0,08:00-19:00
2026-07-16T15:01:20.985835+00:00,2026-07-16T18:01:20.985835+03:00,1138,Levent Metro Yer Altı Otoparkı,BEŞİKTAŞ,41.0811,29.0105,100,1,99,AÇIK OTOPARK,1,5,07:30-19:30
2026-07-16T15:01:20.985835+00:00,2026-07-16T18:01:20.985835+03:00,2335,Maçka Açık Otoparkı,ŞİŞLİ,41.046,28.9908,75,74,1,AÇIK OTOPARK,1,0,24 Saat
2026-07-16T15:01:20.985835+00:00,2026-07-16T18:01:20.985835+03:00,1859,Maçka Katlı Otoparkı,ŞİŞLİ,41.0484,28.9903,508,0,508,KAPALI OTOPARK,1,0,24 Saat
2026-07-16T15:01:20.985835+00:00,2026-07-16T18:01:20.985835+03:00,3193,Maltepe Rıhtım Caddesi Açık Otoparkı,MALTEPE,40.9258,29.1241,76,38,38,AÇIK OTOPARK,1,0,24 Saat
2026-07-16T15:01:20.985835+00:00,2026-07-16T18:01:20.985835+03:00,2146,Maltepe Süreyyapaşa Çarşısı Açık Otoparkı,MALTEPE,40.9274,29.1225,156,104,52,AÇIK OTOPARK,1,0,24 Saat
2026-07-16T15:01:20.985835+00:00,2026-07-16T18:01:20.985835+03:00,1599,Maslak Açık Otoparkı,SARIYER,41.1166,29.024,150,79,71,AÇIK OTOPARK,1,10,24 Saat
2026-07-16T15:01:20.985835+00:00,2026-07-16T18:01:20.985835+03:00,2100,Matbaacılar Sitesi Yanı,ZEYTİNBURNU,41.0234,28.9187,250,170,80,AÇIK OTOPARK,1,5,24 Saat
2026-07-16T15:01:20.985835+00:00,2026-07-16T18:01:20.985835+03:00,920,Meclis-i Mebusan Yokuşu 2,BEYOĞLU,41.0326,28.9882,34,1,33,YOL ÜSTÜ,0,15,09:00-17:00
2026-07-16T15:01:20.985835+00:00,2026-07-16T18:01:20.985835+03:00,1546,Menekşe Plajı Açık Otoparkı,BAKIRKÖY,40.9761,28.7766,200,200,0,AÇIK OTOPARK,1,0,24 Saat
2026-07-16T15:01:20.985835+00:00,2026-07-16T18:01:20.985835+03:00,1376,Mercan Açık,FATİH,41.0136,28.9669,130,61,69,AÇIK OTOPARK,1,0,08:00-23:00
2026-07-16T15:01:20.985835+00:00,2026-07-16T18:01:20.985835+03:00,3309,Mercan Ali Paşa Sarayı Zemin Altı Otoparkı,FATİH,41.0136,28.967,196,1,195,KAPALI OTOPARK,1,0,07:00-21:00
2026-07-16T15:01:20.985835+00:00,2026-07-16T18:01:20.985835+03:00,1472,Merter Katlı Otoparkı,GÜNGÖREN,41.0092,28.8874,1000,893,107,KAPALI OTOPARK,1,10,24 Saat
2026-07-16T15:01:20.985835+00:00,2026-07-16T18:01:20.985835+03:00,2375,Merter Metro PD Zeminaltı Otoparkı,GÜNGÖREN,41.0037,28.8897,242,94,148,KAPALI OTOPARK,1,10,24 Saat
2026-07-16T15:01:20.985835+00:00,2026-07-16T18:01:20.985835+03:00,1568,Mete Caddesi 1,BEYOĞLU,41.0382,28.9879,31,1,30,YOL ÜSTÜ,1,15,08:00-23:00
2026-07-16T15:01:20.985835+00:00,2026-07-16T18:01:20.985835+03:00,1471,Mevlana Yeraltı Katlı Otoparkı,ZEYTİNBURNU,41.0072,28.9049,1000,861,139,KAPALI OTOPARK,1,5,24 Saat
2026-07-16T15:01:20.985835+00:00,2026-07-16T18:01:20.985835+03:00,2709,Millet Caddesi Açık Otoparkı,FATİH,41.01,28.9461,60,29,31,AÇIK OTOPARK,1,15,24 Saat
2026-07-16T15:01:20.985835+00:00,2026-07-16T18:01:20.985835+03:00,3152,Mimar Sinan Zemin Altı Otoparkı,ÜSKÜDAR,41.0222,29.0169,956,78,878,KAPALI OTOPARK,1,15,24 Saat
2026-07-16T15:01:20.985835+00:00,2026-07-16T18:01:20.985835+03:00,2870,Miniatürk Çadır Açık Otoparkı,BEYOĞLU,41.0594,28.9501,250,95,155,AÇIK OTOPARK,1,15,07:00-20:00
2026-07-16T15:01:20.985835+00:00,2026-07-16T18:01:20.985835+03:00,2556,Muallim Naci Açık Otoparkı,BEŞİKTAŞ,41.0561,29.0342,35,12,23,AÇIK OTOPARK,1,15,24 Saat
2026-07-16T15:01:20.985835+00:00,2026-07-16T18:01:20.985835+03:00,569,Oda Kule Önü 1,BEYOĞLU,41.0322,28.9751,24,1,23,YOL ÜSTÜ,1,0,07:00-01:00
2026-07-16T15:01:20.985835+00:00,2026-07-16T18:01:20.985835+03:00,1988,Orhangazi Şehir Parkı PD Açık Otoparkı,MALTEPE,40.9313,29.1161,5022,4365,657,AÇIK OTOPARK,1,15,24 Saat
2026-07-16T15:01:20.985835+00:00,2026-07-16T18:01:20.985835+03:00,152,Ortabahçe Caddesi 2,BEŞİKTAŞ,41.0428,29.0043,35,1,34,YOL ÜSTÜ,1,15,08:00-23:00
2026-07-16T15:01:20.985835+00:00,2026-07-16T18:01:20.985835+03:00,153,Ortabahçe Caddesi 3,BEŞİKTAŞ,41.043,29.0042,26,1,25,YOL ÜSTÜ,1,15,08:00-23:00
2026-07-16T15:01:20.985835+00:00,2026-07-16T18:01:20.985835+03:00,119,Ortaklar Caddesi 1,ŞİŞLİ,41.0638,28.9971,25,1,24,YOL ÜSTÜ,0,15,08:30-17:00
2026-07-16T15:01:20.985835+00:00,2026-07-16T18:01:20.985835+03:00,1343,Ortaköy Açık Otoparkı,BEŞİKTAŞ,41.0504,29.0326,170,145,25,AÇIK OTOPARK,1,0,24 Saat
2026-07-16T15:01:20.985835+00:00,2026-07-16T18:01:20.985835+03:00,572,Ortaköy Portakal Yokuşu 1,BEŞİKTAŞ,41.0503,29.0261,15,1,14,YOL ÜSTÜ,1,15,09:00-19:00
2026-07-16T15:01:20.985835+00:00,2026-07-16T18:01:20.985835+03:00,1039,Öğretmen Evi,AVCILAR,40.9723,28.714,80,41,39,AÇIK OTOPARK,1,0,11:00-23:00
2026-07-16T15:01:20.985835+00:00,2026-07-16T18:01:20.985835+03:00,1466,Pendik Katlı Otoparkı,PENDİK,40.8789,29.2342,120,0,120,KAPALI OTOPARK,1,15,24 Saat
2026-07-16T15:01:20.985835+00:00,2026-07-16T18:01:20.985835+03:00,3073,Pendik Kemal Kalkuz Parkı Zemin Altı Otoparkı,PENDİK,40.8885,29.2427,224,0,224,KAPALI OTOPARK,0,0,09:00-18:00
2026-07-16T15:01:20.985835+00:00,2026-07-16T18:01:20.985835+03:00,3019,Pendik Meydan Zemin Altı Otoparkı,PENDİK,40.8752,29.2324,937,0,937,KAPALI OTOPARK,1,0,24 Saat
2026-07-16T15:01:20.985835+00:00,2026-07-16T18:01:20.985835+03:00,2865,Pendik Sahil Engelliler Merkez Önü,PENDİK,40.8735,29.233,100,66,34,AÇIK OTOPARK,1,0,11:00-20:00
2026-07-16T15:01:20.985835+00:00,2026-07-16T18:01:20.985835+03:00,2434,Pendik Sahil İdo,PENDİK,40.8755,29.2369,100,0,100,AÇIK OTOPARK,1,0,07:00-23:00
2026-07-16T15:01:20.985835+00:00,2026-07-16T18:01:20.985835+03:00,248,Pendik Yenimahalle Açık 2 Otoparkı,PENDİK,40.864,29.2723,124,100,24,AÇIK OTOPARK,1,15,10:00-22:00
2026-07-16T15:01:20.985835+00:00,2026-07-16T18:01:20.985835+03:00,297,Perşembe Pazarı 1,BEYOĞLU,41.0252,28.9693,32,1,31,YOL ÜSTÜ,0,15,08:00-17:00
2026-07-16T15:01:20.985835+00:00,2026-07-16T18:01:20.985835+03:00,597,Pierre Loti Caddesi 3,FATİH,41.0069,28.9711,36,1,35,YOL ÜSTÜ,0,0,07:00-17:00
2026-07-16T15:01:20.985835+00:00,2026-07-16T18:01:20.985835+03:00,3263,Piyalepaşa Meydanı Zemin Altı Otoparkı,BEYOĞLU,41.0445,28.9674,560,299,261,KAPALI OTOPARK,1,0,24 Saat
2026-07-16T15:01:20.985835+00:00,2026-07-16T18:01:20.985835+03:00,423,Prof.Cemil Birsel Yokuşu 3,FATİH,41.0178,28.967,40,1,39,YOL ÜSTÜ,0,0,07:00-18:00
2026-07-16T15:01:20.985835+00:00,2026-07-16T18:01:20.985835+03:00,1900,Ragıp Gümüşpala Cad.(Sobacılar Önü),FATİH,41.0181,28.969,40,1,39,YOL ÜSTÜ,0,15,07:00-18:00
2026-07-16T15:01:20.985835+00:00,2026-07-16T18:01:20.985835+03:00,415,Ragıp Gümüşpala Camii Önü 1,FATİH,41.0211,28.9627,35,1,34,YOL ÜSTÜ,0,0,07:00-17:30
2026-07-16T15:01:20.985835+00:00,2026-07-16T18:01:20.985835+03:00,3268,Refik Saydam Caddesi 3,BEYOĞLU,41.032,28.9736,55,1,54,YOL ÜSTÜ,1,0,06:00-23:00
2026-07-16T15:01:20.985835+00:00,2026-07-16T18:01:20.985835+03:00,2307,Ressam Halim Sokak PD Açık Otoparkı,BAHÇELİEVLER,40.9967,28.8641,120,108,12,AÇIK OTOPARK,1,15,08:00-00:00
2026-07-16T15:01:20.985835+00:00,2026-07-16T18:01:20.985835+03:00,3082,Rumeli Hisarı Sahil Yolu Otoparkı,SARIYER,41.0854,29.0568,20,2,18,AÇIK OTOPARK,1,0,24 Saat
2026-07-16T15:01:20.985835+00:00,2026-07-16T18:01:20.985835+03:00,1595,Sabiha Gökçen Açık Otoparkı,PENDİK,40.925,29.308,1056,0,1056,AÇIK OTOPARK,1,15,24 Saat
2026-07-16T15:01:20.985835+00:00,2026-07-16T18:01:20.985835+03:00,3239,Samatya Sahil Cep Otoparkı,FATİH,40.9954,28.932,113,89,24,AÇIK OTOPARK,1,15,24 Saat
2026-07-16T15:01:20.985835+00:00,2026-07-16T18:01:20.985835+03:00,3273,Sarıyer Büyükdere Fidanlığı,SARIYER,41.1548,29.0268,160,157,3,AÇIK OTOPARK,0,0,08:00-18:00
2026-07-16T15:01:20.985835+00:00,2026-07-16T18:01:20.985835+03:00,3299,Sariyer Ayazağa Mah Vadi İstanbul Önü Açık Otoparkı,SARIYER,41.1106,28.9881,100,97,3,AÇIK OTOPARK,1,0,08:00-20:00
2026-07-16T15:01:20.985835+00:00,2026-07-16T18:01:20.985835+03:00,1303,Seyrantepe Katlı (Arena Karşısı) 1,KAĞITHANE,41.101,28.9961,1897,1,1896,KAPALI OTOPARK,1,0,24 Saat
2026-07-16T15:01:20.985835+00:00,2026-07-16T18:01:20.985835+03:00,1628,Sıracevizler Caddesi Yol Üstü 5,ŞİŞLİ,41.0607,28.9841,45,1,44,YOL ÜSTÜ,0,15,09:00-17:00
2026-07-16T15:01:20.985835+00:00,2026-07-16T18:01:20.985835+03:00,464,Sirkeci Gar Önü,FATİH,41.015,28.9761,60,1,59,AÇIK OTOPARK,1,5,07:00-20:00
2026-07-16T15:01:20.985835+00:00,2026-07-16T18:01:20.985835+03:00,1486,Siyavuşpaşa Yer Altı Otoparkı,BAHÇELİEVLER,40.9965,28.8532,155,0,155,KAPALI OTOPARK,1,0,24 Saat
2026-07-16T15:01:20.985835+00:00,2026-07-16T18:01:20.985835+03:00,1958,Soğanlık Metro PD Açık Otoparkı,KARTAL,40.9131,29.1925,898,810,88,AÇIK OTOPARK,1,15,24 Saat
2026-07-16T15:01:20.985835+00:00,2026-07-16T18:01:20.985835+03:00,589,Su Terazisi Sokak,FATİH,41.0046,28.9727,22,1,21,YOL ÜSTÜ,0,0,07:30-17:00
2026-07-16T15:01:20.985835+00:00,2026-07-16T18:01:20.985835+03:00,1478,Suadiye Cep Açık Otoparkı,KADIKÖY,40.9586,29.0732,130,85,45,AÇIK OTOPARK,1,15,24 Saat
2026-07-16T15:01:20.985835+00:00,2026-07-16T18:01:20.985835+03:00,2948,Suadiye Sahil Açık Otoparkı,KADIKÖY,40.9562,29.0797,70,10,60,AÇIK OTOPARK,1,5,24 Saat
2026-07-16T15:01:20.985835+00:00,2026-07-16T18:01:20.985835+03:00,2799,Sultanbeyli Emir Caddesi Zemin Altı Otoparkı,SULTANBEYLİ,40.9707,29.2606,130,96,34,KAPALI OTOPARK,1,15,08:00-22:00
2026-07-16T15:01:20.985835+00:00,2026-07-16T18:01:20.985835+03:00,2372,Sultanbeyli Kent Meydanı Zemin Altı Otoparkı,SULTANBEYLİ,40.9667,29.2667,300,155,145,KAPALI OTOPARK,1,15,24 Saat
2026-07-16T15:01:20.985835+00:00,2026-07-16T18:01:20.985835+03:00,2410,Sultangazi Zemin Altı Otoparkı,SULTANGAZİ,41.0944,28.8649,104,0,104,KAPALI OTOPARK,1,10,24 Saat
2026-07-16T15:01:20.985835+00:00,2026-07-16T18:01:20.985835+03:00,2085,Süleyman Seba Caddesi 2,BEŞİKTAŞ,41.0426,28.9998,40,1,39,YOL ÜSTÜ,0,15,08:00-18:00
2026-07-16T15:01:20.985835+00:00,2026-07-16T18:01:20.985835+03:00,2088,Süleyman Seba Caddesi 5,BEŞİKTAŞ,41.0432,28.9978,40,1,39,YOL ÜSTÜ,0,15,08:00-18:00
2026-07-16T15:01:20.985835+00:00,2026-07-16T18:01:20.985835+03:00,2089,Süleyman Seba Caddesi 6,BEŞİKTAŞ,41.0435,28.9967,11,1,10,YOL ÜSTÜ,0,15,08:00-18:00
2026-07-16T15:01:20.985835+00:00,2026-07-16T18:01:20.985835+03:00,2391,Süleymaniye Cami Altı Açık Otoparkı,FATİH,41.0158,28.961,250,235,15,AÇIK OTOPARK,1,0,06:30-18:30
2026-07-16T15:01:20.985835+00:00,2026-07-16T18:01:20.985835+03:00,1730,Sütlüce Miniatürk Yanı,BEYOĞLU,41.057,28.95,320,246,74,AÇIK OTOPARK,1,15,24 Saat
2026-07-16T15:01:20.985835+00:00,2026-07-16T18:01:20.985835+03:00,36,Şakayık Sokak 4,ŞİŞLİ,41.0518,28.9936,50,1,49,YOL ÜSTÜ,0,15,08:00-16:00
2026-07-16T15:01:20.985835+00:00,2026-07-16T18:01:20.985835+03:00,1469,Şehit Volkan Duysak Katlı Otoparkı,ZEYTİNBURNU,40.9968,28.9039,1000,663,337,KAPALI OTOPARK,1,5,24 Saat
2026-07-16T15:01:20.985835+00:00,2026-07-16T18:01:20.985835+03:00,2907,Şehremini Açık Otoparkı 2,FATİH,41.0135,28.9333,60,60,0,AÇIK OTOPARK,1,0,08:30-20:30
2026-07-16T15:01:20.985835+00:00,2026-07-16T18:01:20.985835+03:00,2855,Şemsipaşa Açık Otoparkı,ÜSKÜDAR,41.0255,29.0097,80,33,47,AÇIK OTOPARK,1,0,24 Saat
2026-07-16T15:01:20.985835+00:00,2026-07-16T18:01:20.985835+03:00,2439,Şirinevler Meydan Zeminaltı Otoparkı,BAHÇELİEVLER,40.9925,28.8496,367,46,321,KAPALI OTOPARK,1,0,24 Saat
2026-07-16T15:01:20.985835+00:00,2026-07-16T18:01:20.985835+03:00,3400,Şişhane Refik Saydam Caddesi 2 Yol Üstü Otoparkı 1,BEYOĞLU,41.0326,28.9743,70,1,69,YOL ÜSTÜ,1,15,06:00-23:00
2026-07-16T15:01:20.985835+00:00,2026-07-16T18:01:20.985835+03:00,1017,Şişli Kadırgalar Caddesi 1,ŞİŞLİ,41.0429,28.9927,100,1,99,AÇIK OTOPARK,1,0,07:00-23:00
2026-07-16T15:01:20.985835+00:00,2026-07-16T18:01:20.985835+03:00,3441,Şişli Kuştepe Zemin Altı Otoparkı,ŞİŞLİ,41.072,28.9919,430,347,83,KAPALI OTOPARK,1,15,24 Saat
2026-07-16T15:01:20.985835+00:00,2026-07-16T18:01:20.985835+03:00,2816,Şişli Rumeli Caddesi Metro Yanı 1,ŞİŞLİ,41.0538,28.9868,45,1,44,YOL ÜSTÜ,1,15,08:00-20:00
2026-07-16T15:01:20.985835+00:00,2026-07-16T18:01:20.985835+03:00,2406,Şişli Zemin Altı Otoparkı,ŞİŞLİ,41.0641,28.9992,581,340,241,KAPALI OTOPARK,1,15,24 Saat
2026-07-16T15:01:20.985835+00:00,2026-07-16T18:01:20.985835+03:00,1993,Tuzla İdo,TUZLA,40.8149,29.3039,300,225,75,AÇIK OTOPARK,1,15,24 Saat
2026-07-16T15:01:20.985835+00:00,2026-07-16T18:01:20.985835+03:00,3332,Tuzla Sahil Cep,TUZLA,40.8168,29.2992,50,42,8,AÇIK OTOPARK,1,0,08:00-00:00
2026-07-16T15:01:20.985835+00:00,2026-07-16T18:01:20.985835+03:00,3057,Tuzla Sahil Zemin Altı Otoparkı,TUZLA,40.8181,29.3004,779,539,240,KAPALI OTOPARK,1,15,24 Saat
2026-07-16T15:01:20.985835+00:00,2026-07-16T18:01:20.985835+03:00,1811,Ulu Camii Açık Otoparkı,BAHÇELİEVLER,40.9982,28.8499,150,117,33,AÇIK OTOPARK,1,10,24 Saat
2026-07-16T15:01:20.985835+00:00,2026-07-16T18:01:20.985835+03:00,2424,Uzunçayır Açık Otoparkı,KADIKÖY,40.9988,29.0556,58,52,6,AÇIK OTOPARK,0,0,06:00-16:00
2026-07-16T15:01:20.985835+00:00,2026-07-16T18:01:20.985835+03:00,1468,Ümraniye Katlı Otoparkı,ÜMRANİYE,41.0261,29.0953,665,383,282,KAPALI OTOPARK,1,15,24 Saat
2026-07-16T15:01:20.985835+00:00,2026-07-16T18:01:20.985835+03:00,2898,Ümraniye Okan Sokak Zeminaltı Otoparkı,ÜMRANİYE,41.0284,29.0907,125,34,91,KAPALI OTOPARK,1,15,24 Saat
2026-07-16T15:01:20.985835+00:00,2026-07-16T18:01:20.985835+03:00,2345,Üsküdar Uzunçayır PD Açık Otoparkı,ÜSKÜDAR,40.9988,29.0577,90,57,33,AÇIK OTOPARK,1,15,06:00-22:00
2026-07-16T15:01:20.985835+00:00,2026-07-16T18:01:20.985835+03:00,1929,Üsküdar Ünalan Açık Otoparkı,ÜSKÜDAR,40.9979,29.0604,180,174,6,AÇIK OTOPARK,0,0,07:00-17:00
2026-07-16T15:01:20.985835+00:00,2026-07-16T18:01:20.985835+03:00,1487,Vatan Caddesi PD Açık Otoparkı,FATİH,41.0157,28.9405,397,284,113,AÇIK OTOPARK,1,5,24 Saat
2026-07-16T15:01:20.985835+00:00,2026-07-16T18:01:20.985835+03:00,1621,Veteriner Hilmi Sokak Yol Üstü 1,ŞİŞLİ,41.0603,28.9892,20,1,19,YOL ÜSTÜ,0,15,08:00-17:00
2026-07-16T15:01:20.985835+00:00,2026-07-16T18:01:20.985835+03:00,2441,Yalı Açık Otoparkı,MALTEPE,40.9095,29.137,85,82,3,AÇIK OTOPARK,1,0,07:30-22:00
2026-07-16T15:01:20.985835+00:00,2026-07-16T18:01:20.985835+03:00,459,Yalı Köşkü Caddesi 1,FATİH,41.0163,28.9759,61,1,60,YOL ÜSTÜ,1,5,07:00-21:00
2026-07-16T15:01:20.985835+00:00,2026-07-16T18:01:20.985835+03:00,2037,Yenikapı Marmaray Büyük Otoparkı,FATİH,41.0057,28.9505,324,121,203,AÇIK OTOPARK,1,15,24 Saat
2026-07-16T15:01:20.985835+00:00,2026-07-16T18:01:20.985835+03:00,2036,Yenikapı Marmaray Küçük Otoparkı,FATİH,41.0064,28.9504,200,151,49,AÇIK OTOPARK,1,15,07:00-22:00
2026-07-16T15:01:20.985835+00:00,2026-07-16T18:01:20.985835+03:00,2175,Yenikapı Spor ve Kültür Merkezi PD Açık Otoparkı,FATİH,41.0006,28.9519,4023,3786,237,AÇIK OTOPARK,1,15,24 Saat
2026-07-16T15:01:20.985835+00:00,2026-07-16T18:01:20.985835+03:00,2805,Yenikapı Tünel Üstü Açık Otoparkı,FATİH,41.0029,28.9534,700,400,300,AÇIK OTOPARK,1,10,24 Saat
2026-07-16T15:01:20.985835+00:00,2026-07-16T18:01:20.985835+03:00,3404,Yenimahalle Metro Zemin Altı PD Otoparkı,GAZİOSMANPAŞA,41.0839,28.8926,114,97,17,KAPALI OTOPARK,1,15,24 Saat
2026-07-16T15:01:20.985835+00:00,2026-07-16T18:01:20.985835+03:00,2920,Yeşilce Zemin Altı Katlı Otoparkı,KAĞITHANE,41.0938,29.0017,676,286,390,KAPALI OTOPARK,1,0,24 Saat
2026-07-16T15:01:20.985835+00:00,2026-07-16T18:01:20.985835+03:00,987,Yeşilköy İstasyon Caddesi 1,BAKIRKÖY,40.962,28.825,40,1,39,YOL ÜSTÜ,0,15,09:00-17:30
2026-07-16T15:01:20.985835+00:00,2026-07-16T18:01:20.985835+03:00,974,Yeşilköy Marina 1,BAKIRKÖY,40.9576,28.8233,145,1,144,YOL ÜSTÜ,1,0,12:00-23:00
2026-07-16T15:01:20.985835+00:00,2026-07-16T18:01:20.985835+03:00,3406,Yeşilpınar Metro Zemin Altı PD Otoparkı,EYÜP,41.081,28.9204,269,204,65,KAPALI OTOPARK,1,15,24 Saat
2026-07-16T15:01:20.985835+00:00,2026-07-16T18:01:20.985835+03:00,315,Yeşilyurt Çarşı 1,BAKIRKÖY,40.9643,28.8379,50,1,49,YOL ÜSTÜ,0,15,09:00-17:30
2026-07-16T15:01:20.985835+00:00,2026-07-16T18:01:20.985835+03:00,1133,Yıldız Korusu,BEŞİKTAŞ,41.0514,29.0165,500,1,499,AÇIK OTOPARK,1,0,08:00-22:00
2026-07-16T15:01:20.985835+00:00,2026-07-16T18:01:20.985835+03:00,882,Zeytinburnu 58. Bulvar 2,ZEYTİNBURNU,40.9932,28.9039,48,1,47,YOL ÜSTÜ,0,15,09:00-18:00
2026-07-16T15:01:20.985835+00:00,2026-07-16T18:01:20.985835+03:00,3185,Zeytinburnu Sahil Cep Otoparkı,ZEYTİNBURNU,40.9798,28.8985,160,1,159,AÇIK OTOPARK,1,0,12:00-22:00
2026-07-16T17:14:21.255484+00:00,2026-07-16T20:14:21.255484+03:00,3068,15 Temmuz Şehitler Meydanı Zeminaltı Otoparkı,ÜMRANİYE,41.0246,29.0915,1029,645,384,KAPALI OTOPARK,1,15,24 Saat
2026-07-16T17:14:21.255484+00:00,2026-07-16T20:14:21.255484+03:00,2338,19 Mayıs Açık,ŞİŞLİ,41.0563,28.9941,65,0,65,AÇIK OTOPARK,1,0,24 Saat
2026-07-16T17:14:21.255484+00:00,2026-07-16T20:14:21.255484+03:00,1751,4.Levent PD Açık Otoparkı,KAĞITHANE,41.0836,29.0081,236,132,104,AÇIK OTOPARK,1,5,24 Saat
2026-07-16T17:14:21.255484+00:00,2026-07-16T20:14:21.255484+03:00,3328,4.Levent Servis ve Turizm Araçları Açık Otoparkı,ŞİŞLİ,41.0841,29.0054,300,164,136,AÇIK OTOPARK,1,15,24 Saat
2026-07-16T17:14:21.255484+00:00,2026-07-16T20:14:21.255484+03:00,3412,5. Levent Gaziosmanpaşa Adliyesi Yanı Açık Otoparkı,EYÜP,41.0927,28.9494,250,220,30,AÇIK OTOPARK,1,15,07:00-23:00
2026-07-16T17:14:21.255484+00:00,2026-07-16T20:14:21.255484+03:00,104,Abide-i Hürriyet Caddesi 5,ŞİŞLİ,41.0619,28.9876,40,1,39,YOL ÜSTÜ,0,15,08:00-17:00
2026-07-16T17:14:21.255484+00:00,2026-07-16T20:14:21.255484+03:00,2452,Acıbadem Açık Otoparkı,ÜSKÜDAR,41.0157,29.0574,100,87,13,AÇIK OTOPARK,0,0,06:30-16:00
2026-07-16T17:14:21.255484+00:00,2026-07-16T20:14:21.255484+03:00,346,Ada Karşısı Cep 2,BEŞİKTAŞ,41.072,29.045,30,1,29,YOL ÜSTÜ,1,15,08:00-23:00
2026-07-16T17:14:21.255484+00:00,2026-07-16T20:14:21.255484+03:00,1663,Akasyalı Sokak Tenis Kulubü Önü 2,BEŞİKTAŞ,41.0867,29.0109,45,1,44,YOL ÜSTÜ,0,15,08:30-17:30
2026-07-16T17:14:21.255484+00:00,2026-07-16T20:14:21.255484+03:00,828,Akdeniz Caddesi 4,FATİH,41.0175,28.9435,27,1,26,YOL ÜSTÜ,0,15,09:00-18:00
2026-07-16T17:14:21.255484+00:00,2026-07-16T20:14:21.255484+03:00,1913,Alibeyköy Cep Otogarı Açık Otoparkı,EYÜP,41.0879,28.9446,116,0,116,AÇIK OTOPARK,1,25,24 Saat
2026-07-16T17:14:21.255484+00:00,2026-07-16T20:14:21.255484+03:00,1912,Alibeyköy Cep Otogarı Otobüs Otoparkı,EYÜP,41.0875,28.9449,5000,4983,17,AÇIK OTOPARK,1,60,24 Saat
2026-07-16T17:14:21.255484+00:00,2026-07-16T20:14:21.255484+03:00,2562,Alibeyköy Yeşiltepe Zemin Altı Otoparkı,EYÜP,41.0797,28.938,159,50,109,KAPALI OTOPARK,1,15,24 Saat
2026-07-16T17:14:21.255484+00:00,2026-07-16T20:14:21.255484+03:00,3201,Altınboynuz Sosyal Tesisleri,EYÜP,41.058,28.9447,70,70,0,AÇIK OTOPARK,1,15,08:00-23:00
2026-07-16T17:14:21.255484+00:00,2026-07-16T20:14:21.255484+03:00,758,Arap Camii Açık Otoparkı,BEYOĞLU,41.0227,28.9723,30,1,29,AÇIK OTOPARK,0,0,09:00-17:00
2026-07-16T17:14:21.255484+00:00,2026-07-16T20:14:21.255484+03:00,2685,Aras Sokak 2,BÜYÜKÇEKMECE,41.023,28.6209,60,60,0,YOL ÜSTÜ,0,0,06:00-14:30
2026-07-16T17:14:21.255484+00:00,2026-07-16T20:14:21.255484+03:00,2802,Arnavutköy Zemin Altı Otoparkı,ARNAVUTKÖY,41.1838,28.7396,700,24,676,KAPALI OTOPARK,1,15,24 Saat
2026-07-16T17:14:21.255484+00:00,2026-07-16T20:14:21.255484+03:00,1797,Ataköy Atrium AVM,BAKIRKÖY,40.9881,28.8459,250,208,42,AÇIK OTOPARK,1,15,08:00-23:00
2026-07-16T17:14:21.255484+00:00,2026-07-16T20:14:21.255484+03:00,2824,Ataköy Metro Durağı Yanı PD Zemin Altı Otoparkı,BAKIRKÖY,40.9904,28.8456,150,90,60,KAPALI OTOPARK,1,0,24 Saat
2026-07-16T17:14:21.255484+00:00,2026-07-16T20:14:21.255484+03:00,3161,Ataşehir Topçu İbrahim Sokak,ATAŞEHİR,40.9736,29.101,42,1,41,YOL ÜSTÜ,0,15,07:00-16:00
2026-07-16T17:14:21.255484+00:00,2026-07-16T20:14:21.255484+03:00,359,Atatürk Bulvarı 1,FATİH,41.0112,28.9534,20,1,19,YOL ÜSTÜ,0,0,07:30-18:00
2026-07-16T17:14:21.255484+00:00,2026-07-16T20:14:21.255484+03:00,3087,Atatürk Kent Ormanı Otoparkı,SARIYER,41.136,29.0262,200,197,3,AÇIK OTOPARK,0,0,08:00-17:00
2026-07-16T17:14:21.255484+00:00,2026-07-16T20:14:21.255484+03:00,1088,Avcılar İdo,AVCILAR,40.9712,28.7185,270,263,7,AÇIK OTOPARK,1,0,13:00-07:00
2026-07-16T17:14:21.255484+00:00,2026-07-16T20:14:21.255484+03:00,2885,Azapkapı Haliç Metro Otoparkı,ŞİŞLİ,41.0245,28.9691,80,22,58,AÇIK OTOPARK,1,5,24 Saat
2026-07-16T17:14:21.255484+00:00,2026-07-16T20:14:21.255484+03:00,2455,Azerbaycan Dostluk Parkı Zemin Altı Otoparkı,BAĞCILAR,41.0444,28.854,400,201,199,KAPALI OTOPARK,1,10,24 Saat
2026-07-16T17:14:21.255484+00:00,2026-07-16T20:14:21.255484+03:00,2965,Bağcılar Çolakoğlu Zemin Altı Otoparkı,BAĞCILAR,41.0324,28.8345,106,0,106,KAPALI OTOPARK,1,5,24 Saat
2026-07-16T17:14:21.255484+00:00,2026-07-16T20:14:21.255484+03:00,2576,Bağcılar Demirkapı Zemin Altı Otoparkı,BAĞCILAR,41.0499,28.8327,343,164,179,KAPALI OTOPARK,1,5,24 Saat
2026-07-16T17:14:21.255484+00:00,2026-07-16T20:14:21.255484+03:00,3036,Bağcılar Devlet Hastanesi Yanı Zeminaltı Otoparkı,BAĞCILAR,41.0312,28.8696,1133,137,996,KAPALI OTOPARK,1,15,24 Saat
2026-07-16T17:14:21.255484+00:00,2026-07-16T20:14:21.255484+03:00,3071,Bağcılar Emniyet Müdürlüğü Yanı Açık Otoparkı,BAĞCILAR,41.0353,28.8598,100,59,41,AÇIK OTOPARK,1,0,24 Saat
2026-07-16T17:14:21.255484+00:00,2026-07-16T20:14:21.255484+03:00,2873,Bağcılar Göztepe Zemin Altı,BAĞCILAR,41.0567,28.8355,120,0,120,KAPALI OTOPARK,1,5,24 Saat
2026-07-16T17:14:21.255484+00:00,2026-07-16T20:14:21.255484+03:00,3187,Bağcılar Hürriyet Mahallesi Zemin Altı Otoparkı,BAĞCILAR,41.0291,28.8333,355,0,355,KAPALI OTOPARK,1,10,24 Saat
2026-07-16T17:14:21.255484+00:00,2026-07-16T20:14:21.255484+03:00,2916,Bağcılar Kent Meydanı PD Zemin Altı Otoparkı,BAĞCILAR,41.0339,28.8556,1162,0,1162,KAPALI OTOPARK,1,0,24 Saat
2026-07-16T17:14:21.255484+00:00,2026-07-16T20:14:21.255484+03:00,3261,Bağcılar Yenimahalle Zemin Altı Otoparkı,BAĞCILAR,41.0425,28.8395,525,277,248,KAPALI OTOPARK,1,15,24 Saat
2026-07-16T17:14:21.255484+00:00,2026-07-16T20:14:21.255484+03:00,2820,Bağcılar Yıldıztepe Katlı Otoparkı,BAĞCILAR,41.0294,28.8556,350,0,350,KAPALI OTOPARK,1,10,24 Saat
2026-07-16T17:14:21.255484+00:00,2026-07-16T20:14:21.255484+03:00,3447,Bahçelievler 23 Nisan Milli Egemenlik Zeminaltı Otoparkı,BAHÇELİEVLER,40.9988,28.8472,732,342,390,KAPALI OTOPARK,1,10,24 Saat
2026-07-16T17:14:21.255484+00:00,2026-07-16T20:14:21.255484+03:00,2993,Bahçelievler Cumhuriyet Zeminaltı Otoparkı,BAHÇELİEVLER,41.0149,28.859,663,0,663,KAPALI OTOPARK,1,10,24 Saat
2026-07-16T17:14:21.255484+00:00,2026-07-16T20:14:21.255484+03:00,2969,Bahçelievler Devlet Hastanesi Yanı Katlı Otoparkı,BAHÇELİEVLER,41.0072,28.8442,740,0,740,KAPALI OTOPARK,1,0,24 Saat
2026-07-16T17:14:21.255484+00:00,2026-07-16T20:14:21.255484+03:00,3051,Bahçelievler Zafer Mh. Zeminaltı Otoparkı,BAHÇELİEVLER,41.0036,28.8351,200,66,134,KAPALI OTOPARK,1,0,24 Saat
2026-07-16T17:14:21.255484+00:00,2026-07-16T20:14:21.255484+03:00,3118,Bahçeşehir Doğa Parkı Caddesi 3,BAŞAKŞEHİR,41.0683,28.6894,22,1,21,YOL ÜSTÜ,0,15,10:00-20:00
2026-07-16T17:14:21.255484+00:00,2026-07-16T20:14:21.255484+03:00,3236,Bahçeşehir Gölet Açık Otoparkı,BAŞAKŞEHİR,41.0719,28.6901,200,1,199,AÇIK OTOPARK,1,0,12:00-22:00
2026-07-16T17:14:21.255484+00:00,2026-07-16T20:14:21.255484+03:00,1465,Bakırköy İdo Açık Otoparkı,BAKIRKÖY,40.9739,28.8761,160,66,94,AÇIK OTOPARK,1,10,24 Saat
2026-07-16T17:14:21.255484+00:00,2026-07-16T20:14:21.255484+03:00,1104,Balmumcu Katlı Otoparkı,BEŞİKTAŞ,41.0636,29.0109,400,328,72,KAPALI OTOPARK,1,5,24 Saat
2026-07-16T17:14:21.255484+00:00,2026-07-16T20:14:21.255484+03:00,2796,Başakşehir Metro Açık Otoparkı,BAŞAKŞEHİR,41.107,28.801,125,1,124,AÇIK OTOPARK,0,0,07:00-16:00
2026-07-16T17:14:21.255484+00:00,2026-07-16T20:14:21.255484+03:00,2350,Bayrampaşa Adapark Katlı Otoparkı,BAYRAMPAŞA,41.0647,28.8875,650,0,650,KAPALI OTOPARK,1,15,24 Saat
2026-07-16T17:14:21.255484+00:00,2026-07-16T20:14:21.255484+03:00,2892,Bayrampaşa Altıntepsi Zemin  Altı Otoparkı,BAYRAMPAŞA,41.0393,28.9029,110,0,110,KAPALI OTOPARK,1,10,24 Saat
2026-07-16T17:14:21.255484+00:00,2026-07-16T20:14:21.255484+03:00,2909,Bayrampaşa Atatürk Parkı  Zemin Altı Otoparkı,BAYRAMPAŞA,41.0342,28.9123,442,3,439,KAPALI OTOPARK,1,10,24 Saat
2026-07-16T17:14:21.255484+00:00,2026-07-16T20:14:21.255484+03:00,2683,Bayrampaşa Devlet Hastanesi Cep Otoparkı,BAYRAMPAŞA,41.0414,28.9031,55,31,24,AÇIK OTOPARK,0,0,08:00-19:00
2026-07-16T17:14:21.255484+00:00,2026-07-16T20:14:21.255484+03:00,3301,Bayrampaşa Kocatepe Mahallesi Zemin Altı Otoparkı,BAYRAMPAŞA,41.0545,28.8964,241,0,241,KAPALI OTOPARK,1,10,24 Saat
2026-07-16T17:14:21.255484+00:00,2026-07-16T20:14:21.255484+03:00,2053,Bayrampaşa Muratpaşa Yer Altı Otoparkı,BAYRAMPAŞA,41.047,28.9082,300,7,293,KAPALI OTOPARK,1,15,24 Saat
2026-07-16T17:14:21.255484+00:00,2026-07-16T20:14:21.255484+03:00,3175,Bayrampaşa Spor Kompleksi Zemin Altı Otoparkı,BAYRAMPAŞA,41.0446,28.9106,205,0,205,KAPALI OTOPARK,1,15,24 Saat
2026-07-16T17:14:21.255484+00:00,2026-07-16T20:14:21.255484+03:00,3382,Bayrampaşa Şehit Kamil Balkan Zemin Altı Otoparkı,BAYRAMPAŞA,41.0604,28.9008,235,0,235,KAPALI OTOPARK,1,10,24 Saat
2026-07-16T17:14:21.255484+00:00,2026-07-16T20:14:21.255484+03:00,2428,Bayrampaşa Yenidoğan Mahallesi Zemin Altı Otoparkı,BAYRAMPAŞA,41.0395,28.9088,120,0,120,KAPALI OTOPARK,1,10,24 Saat
2026-07-16T17:14:21.255484+00:00,2026-07-16T20:14:21.255484+03:00,2468,Bebek Açık,BEŞİKTAŞ,41.077,29.0434,30,3,27,AÇIK OTOPARK,1,0,24 Saat
2026-07-16T17:14:21.255484+00:00,2026-07-16T20:14:21.255484+03:00,3479,Beşiktaş Halk Pazarı Açık Otoparkı,BEŞİKTAŞ,41.0496,29.0004,170,110,60,AÇIK OTOPARK,1,5,24 Saat
2026-07-16T17:14:21.255484+00:00,2026-07-16T20:14:21.255484+03:00,573,Beşiktaş Kadastro Önü 1,BEŞİKTAŞ,41.0503,29.0076,39,1,38,YOL ÜSTÜ,0,15,08:00-17:00
2026-07-16T17:14:21.255484+00:00,2026-07-16T20:14:21.255484+03:00,3257,Beykoz Sahil Cep Otoparkı,BEYKOZ,41.1286,29.0953,100,74,26,AÇIK OTOPARK,1,0,08:00-00:00
2026-07-16T17:14:21.255484+00:00,2026-07-16T20:14:21.255484+03:00,2273,Beykoz Sosyal Tesisleri,BEYKOZ,41.1143,29.0888,130,0,130,AÇIK OTOPARK,1,15,08:00-00:00
2026-07-16T17:14:21.255484+00:00,2026-07-16T20:14:21.255484+03:00,2999,Beyoğlu Gazhane Bostan Sokak 2,BEYOĞLU,41.0389,28.9903,35,1,34,YOL ÜSTÜ,0,0,07:30-16:30
2026-07-16T17:14:21.255484+00:00,2026-07-16T20:14:21.255484+03:00,3072,Beyoğlu Örnektepe Zemin Altı Otoparkı,BEYOĞLU,41.0543,28.9548,143,0,143,KAPALI OTOPARK,1,0,24 Saat
2026-07-16T17:14:21.255484+00:00,2026-07-16T20:14:21.255484+03:00,1455,Bostancı Açık,KADIKÖY,40.9523,29.0902,394,59,335,AÇIK OTOPARK,1,15,24 Saat
2026-07-16T17:14:21.255484+00:00,2026-07-16T20:14:21.255484+03:00,1456,Bostancı Sahil-Cep Açık Otoparkı,KADIKÖY,40.9545,29.0885,192,86,106,AÇIK OTOPARK,1,15,24 Saat
2026-07-16T17:14:21.255484+00:00,2026-07-16T20:14:21.255484+03:00,2150,Bostancı Vergi Dairesi Açık Otoparkı,ATAŞEHİR,40.9625,29.1083,155,0,155,AÇIK OTOPARK,0,5,08:00-20:00
2026-07-16T17:14:21.255484+00:00,2026-07-16T20:14:21.255484+03:00,2854,Bülent Ecevit Kültür Merkezi Açık Otoparkı,KARTAL,40.8852,29.1967,277,267,10,AÇIK OTOPARK,1,5,10:00-21:00
2026-07-16T17:14:21.255484+00:00,2026-07-16T20:14:21.255484+03:00,2866,Büyük İstanbul Otogarı,BAYRAMPAŞA,41.0402,28.8942,1000,0,1000,AÇIK OTOPARK,1,25,24 Saat
2026-07-16T17:14:21.255484+00:00,2026-07-16T20:14:21.255484+03:00,1192,Büyükçamlıca Korusu Sosyal Tesisleri Önü,ÜSKÜDAR,41.0264,29.0698,204,112,92,AÇIK OTOPARK,1,0,08:00-00:00
2026-07-16T17:14:21.255484+00:00,2026-07-16T20:14:21.255484+03:00,2960,Büyükçekmece Metrobüs Durağı Yanı PD Zemin Altı Otopark,BÜYÜKÇEKMECE,41.0221,28.624,448,224,224,KAPALI OTOPARK,1,0,24 Saat
2026-07-16T17:14:21.255484+00:00,2026-07-16T20:14:21.255484+03:00,1503,Cadde Bostan Açık Otoparkı,KADIKÖY,40.9636,29.0675,66,6,60,AÇIK OTOPARK,1,15,24 Saat
2026-07-16T17:14:21.255484+00:00,2026-07-16T20:14:21.255484+03:00,2933,Cemal Kamacı Spor Kompleksi Zemin Altı Otoparkı,KAĞITHANE,41.0536,28.9575,510,0,510,KAPALI OTOPARK,1,0,24 Saat
2026-07-16T17:14:21.255484+00:00,2026-07-16T20:14:21.255484+03:00,2207,Cengiz Topel Yer Altı Katlı Otoparkı,ESENLER,41.0588,28.8643,144,0,144,KAPALI OTOPARK,1,15,24 Saat
2026-07-16T17:14:21.255484+00:00,2026-07-16T20:14:21.255484+03:00,2787,Cevizli Açık Otoparkı,KARTAL,40.9179,29.1712,100,83,17,AÇIK OTOPARK,0,15,08:00-19:00
2026-07-16T17:14:21.255484+00:00,2026-07-16T20:14:21.255484+03:00,782,Cihangir Caddesi 2,BEYOĞLU,41.0319,28.9862,70,1,69,YOL ÜSTÜ,0,15,09:00-19:00
2026-07-16T17:14:21.255484+00:00,2026-07-16T20:14:21.255484+03:00,1467,Cihangir Katlı Otoparkı,BEYOĞLU,41.0318,28.9858,350,0,350,KAPALI OTOPARK,1,0,24 Saat
2026-07-16T17:14:21.255484+00:00,2026-07-16T20:14:21.255484+03:00,535,Cihannuma Yol Üstü 1,BEŞİKTAŞ,41.0454,29.0084,35,1,34,YOL ÜSTÜ,1,0,08:00-23:00
2026-07-16T17:14:21.255484+00:00,2026-07-16T20:14:21.255484+03:00,537,Cihannuma Yol Üstü 3,BEŞİKTAŞ,41.0459,29.0087,33,1,32,YOL ÜSTÜ,1,0,08:00-23:00
2026-07-16T17:14:21.255484+00:00,2026-07-16T20:14:21.255484+03:00,539,Cihannuma Yol Üstü 5,BEŞİKTAŞ,41.0489,29.0094,24,1,23,YOL ÜSTÜ,1,0,08:00-23:00
2026-07-16T17:14:21.255484+00:00,2026-07-16T20:14:21.255484+03:00,3184,Çam Sokak 6,GÜNGÖREN,41.0121,28.8882,50,1,49,YOL ÜSTÜ,0,15,08:00-17:00
2026-07-16T17:14:21.255484+00:00,2026-07-16T20:14:21.255484+03:00,2003,Çatalca İnceğiz Mesire Alanı,ÇATALCA,41.1827,28.4041,1000,1,999,AÇIK OTOPARK,0,0,06:00-20:00
2026-07-16T17:14:21.255484+00:00,2026-07-16T20:14:21.255484+03:00,3030,Çekmeköy Metro PD Zemin Altı Otoparkı,ÇEKMEKÖY,41.0147,29.1886,175,71,104,KAPALI OTOPARK,1,15,24 Saat
2026-07-16T17:14:21.255484+00:00,2026-07-16T20:14:21.255484+03:00,2905,Çeliktepe Açık Otoparkı,KAĞITHANE,41.0843,29.0056,200,76,124,AÇIK OTOPARK,1,5,24 Saat
2026-07-16T17:14:21.255484+00:00,2026-07-16T20:14:21.255484+03:00,1298,Çengelköy Açık Otoparkı,ÜSKÜDAR,41.0484,29.0533,500,0,500,AÇIK OTOPARK,1,15,24 Saat
2026-07-16T17:14:21.255484+00:00,2026-07-16T20:14:21.255484+03:00,502,Çınar Açık Otoparkı,BEŞİKTAŞ,41.0853,29.0088,65,1,64,AÇIK OTOPARK,0,0,08:00-18:00
2026-07-16T17:14:21.255484+00:00,2026-07-16T20:14:21.255484+03:00,777,Çırağan Sarayı Yol Üstü 1,BEŞİKTAŞ,41.0448,29.0165,40,1,39,YOL ÜSTÜ,1,15,08:00-23:00
2026-07-16T17:14:21.255484+00:00,2026-07-16T20:14:21.255484+03:00,778,Çırağan Sarayı Yol Üstü 2,BEŞİKTAŞ,41.0445,29.0156,40,1,39,YOL ÜSTÜ,1,15,08:00-23:00
2026-07-16T17:14:21.255484+00:00,2026-07-16T20:14:21.255484+03:00,2228,Çırpıcı Sosyal Tesisler,ZEYTİNBURNU,41,28.8926,128,0,128,AÇIK OTOPARK,1,15,07:00-00:00
2026-07-16T17:14:21.255484+00:00,2026-07-16T20:14:21.255484+03:00,1508,Çiroz Yeşilköy Halk Pazarı,BAKIRKÖY,40.9628,28.8129,471,1,470,AÇIK OTOPARK,0,0,08:00-18:00
2026-07-16T17:14:21.255484+00:00,2026-07-16T20:14:21.255484+03:00,2030,Dalyan Açık Otoparkı,KADIKÖY,40.9632,29.0651,92,0,92,AÇIK OTOPARK,1,15,24 Saat
2026-07-16T17:14:21.255484+00:00,2026-07-16T20:14:21.255484+03:00,2271,Damla Sokak 1,ŞİŞLİ,41.0672,29.0004,17,1,16,YOL ÜSTÜ,0,15,07:30-16:30
2026-07-16T17:14:21.255484+00:00,2026-07-16T20:14:21.255484+03:00,2164,Darüşşafaka Yeraltı Otoparkı,SARIYER,41.1292,29.0252,150,92,58,KAPALI OTOPARK,1,15,08:00-00:00
2026-07-16T17:14:21.255484+00:00,2026-07-16T20:14:21.255484+03:00,1653,Deniz Feneri Otoparkı,FATİH,41.0019,28.9773,175,59,116,AÇIK OTOPARK,1,5,24 Saat
2026-07-16T17:14:21.255484+00:00,2026-07-16T20:14:21.255484+03:00,595,Dostluk Yurdu 1,FATİH,41.0071,28.973,33,33,0,YOL ÜSTÜ,0,15,07:00-17:00
2026-07-16T17:14:21.255484+00:00,2026-07-16T20:14:21.255484+03:00,2237,Dragos Sosyal Tesisleri,KARTAL,40.9017,29.1458,100,8,92,AÇIK OTOPARK,1,15,24 Saat
2026-07-16T17:14:21.255484+00:00,2026-07-16T20:14:21.255484+03:00,3063,Dudullu Metro PD Zemin Altı Otoparkı,ÜMRANİYE,41.0156,29.1633,81,58,23,KAPALI OTOPARK,1,15,07:00-23:30
2026-07-16T17:14:21.255484+00:00,2026-07-16T20:14:21.255484+03:00,1522,Ebu Suut Caddesi 1,FATİH,41.0128,28.9766,35,1,34,YOL ÜSTÜ,0,0,08:00-18:00
2026-07-16T17:14:21.255484+00:00,2026-07-16T20:14:21.255484+03:00,2147,EGS Blokları Açık Otoparkı,BAKIRKÖY,40.9863,28.8354,350,120,230,AÇIK OTOPARK,0,60,09:00-19:30
2026-07-16T17:14:21.255484+00:00,2026-07-16T20:14:21.255484+03:00,2366,Esenler Adem Baştürk Kültür Merkezi Katlı,ESENLER,41.039,28.8846,460,10,450,KAPALI OTOPARK,1,15,24 Saat
2026-07-16T17:14:21.255484+00:00,2026-07-16T20:14:21.255484+03:00,3190,Esenler Havaalanı Mahallesi Zemin Altı Otoparkı,ESENLER,41.0562,28.8674,610,360,250,KAPALI OTOPARK,1,10,24 Saat
2026-07-16T17:14:21.255484+00:00,2026-07-16T20:14:21.255484+03:00,3011,Esenler Menderes Metro İstasyonu Yanı,ESENLER,41.0427,28.8783,68,0,68,AÇIK OTOPARK,1,5,24 Saat
2026-07-16T17:14:21.255484+00:00,2026-07-16T20:14:21.255484+03:00,2822,Esenler Menderes Parkı Zemin Altı Otoparkı,ESENLER,41.0412,28.8729,325,79,246,KAPALI OTOPARK,1,10,24 Saat
2026-07-16T17:14:21.255484+00:00,2026-07-16T20:14:21.255484+03:00,3303,Esenyurt Adile Naşit Bulvarı Zeminaltı Otoparkı,ESENYURT,41.0205,28.6859,367,301,66,KAPALI OTOPARK,1,15,24 Saat
2026-07-16T17:14:21.255484+00:00,2026-07-16T20:14:21.255484+03:00,1328,Eski Salı Pazarı,KADIKÖY,40.9904,29.0338,760,0,760,AÇIK OTOPARK,1,15,24 Saat
2026-07-16T17:14:21.255484+00:00,2026-07-16T20:14:21.255484+03:00,904,Eyüp Pierloti Caddesi 1,EYÜP,41.0539,28.9329,40,1,39,YOL ÜSTÜ,1,0,09:00-22:00
2026-07-16T17:14:21.255484+00:00,2026-07-16T20:14:21.255484+03:00,2850,Eyüpsultan Akşemsettin Mahallesi Zemin Altı Otoparkı,EYÜP,41.085,28.9258,110,0,110,KAPALI OTOPARK,1,15,24 Saat
2026-07-16T17:14:21.255484+00:00,2026-07-16T20:14:21.255484+03:00,2215,Fatih Çeşmesi Tabiat Parkı Otoparkı,SARIYER,41.1686,28.9448,250,1,249,AÇIK OTOPARK,0,0,06:00-20:00
2026-07-16T17:14:21.255484+00:00,2026-07-16T20:14:21.255484+03:00,1475,Fatih Katlı Otoparkı,FATİH,41.0198,28.9396,118,5,113,KAPALI OTOPARK,1,10,24 Saat
2026-07-16T17:14:21.255484+00:00,2026-07-16T20:14:21.255484+03:00,1591,Feshane PD Açık Otoparkı,EYÜP,41.0463,28.9378,200,84,116,AÇIK OTOPARK,1,15,24 Saat
2026-07-16T17:14:21.255484+00:00,2026-07-16T20:14:21.255484+03:00,1005,Florya Havuzlu Bahçe,BAKIRKÖY,40.9764,28.7908,135,1,134,AÇIK OTOPARK,1,0,09:00-23:00
2026-07-16T17:14:21.255484+00:00,2026-07-16T20:14:21.255484+03:00,2238,Florya Sosyal Tesisleri,BAKIRKÖY,40.9614,28.8091,1074,680,394,AÇIK OTOPARK,1,15,24 Saat
2026-07-16T17:14:21.255484+00:00,2026-07-16T20:14:21.255484+03:00,3296,Gaziosmanpaşa Meydanı ve Yaşam Merkezi Zemin Altı Otoparkı,GAZİOSMANPAŞA,41.0606,28.9093,202,0,202,KAPALI OTOPARK,1,15,24 Saat
2026-07-16T17:14:21.255484+00:00,2026-07-16T20:14:21.255484+03:00,2971,Gaziosmanpaşa Zemin Altı Otoparkı,GAZİOSMANPAŞA,41.0796,28.8858,285,0,285,KAPALI OTOPARK,1,0,24 Saat
2026-07-16T17:14:21.255484+00:00,2026-07-16T20:14:21.255484+03:00,3401,Giyimkent Tekstilkent Metro Zemin Altı PD Otoparkı,ESENLER,41.0711,28.8666,203,189,14,KAPALI OTOPARK,1,10,24 Saat
2026-07-16T17:14:21.255484+00:00,2026-07-16T20:14:21.255484+03:00,2242,Gözdağı Sosyal Tesisler  Açık Otoparkı,PENDİK,40.893,29.2538,300,218,82,AÇIK OTOPARK,1,0,07:00-23:00
2026-07-16T17:14:21.255484+00:00,2026-07-16T20:14:21.255484+03:00,1879,Gülsuyu Metro PD Yer Altı Otoparkı,MALTEPE,40.9237,29.1548,76,0,76,KAPALI OTOPARK,1,15,08:00-00:00
2026-07-16T17:14:21.255484+00:00,2026-07-16T20:14:21.255484+03:00,1423,Güneş Plajı 1,BAKIRKÖY,40.9712,28.79,250,146,104,AÇIK OTOPARK,1,10,24 Saat
2026-07-16T17:14:21.255484+00:00,2026-07-16T20:14:21.255484+03:00,1461,Güneş Plajı 2,BAKIRKÖY,40.9692,28.7951,135,46,89,AÇIK OTOPARK,0,10,08:00-20:00
2026-07-16T17:14:21.255484+00:00,2026-07-16T20:14:21.255484+03:00,3053,Güngören Nikah Dairesi Zemin Altı otoparkı,GÜNGÖREN,41.0363,28.8718,147,0,147,KAPALI OTOPARK,1,10,24 Saat
2026-07-16T17:14:21.255484+00:00,2026-07-16T20:14:21.255484+03:00,2216,Gürpınar Balık Hali Otoparkı,BEYLİKDÜZÜ,40.9663,28.6019,1000,855,145,AÇIK OTOPARK,1,15,24 Saat
2026-07-16T17:14:21.255484+00:00,2026-07-16T20:14:21.255484+03:00,1525,Hacıosman Metro Yer Altı Otoparkı,SARIYER,41.14,29.0306,422,0,422,KAPALI OTOPARK,1,15,24 Saat
2026-07-16T17:14:21.255484+00:00,2026-07-16T20:14:21.255484+03:00,1470,Haldun Alagaş Katlı Otoparkı,ÜMRANİYE,41.0262,29.1052,197,100,97,KAPALI OTOPARK,1,15,24 Saat
2026-07-16T17:14:21.255484+00:00,2026-07-16T20:14:21.255484+03:00,3235,Haliç Sosyal Tesisleri Otoparkı,FATİH,41.0277,28.9572,60,17,43,AÇIK OTOPARK,1,15,07:00-00:00
2026-07-16T17:14:21.255484+00:00,2026-07-16T20:14:21.255484+03:00,2848,Halkalı Mahallesi Zemin Altı Otoparkı,KÜÇÜKÇEKMECE,41.0359,28.7848,347,276,71,KAPALI OTOPARK,1,15,24 Saat
2026-07-16T17:14:21.255484+00:00,2026-07-16T20:14:21.255484+03:00,2838,Hamidiye Mahallesi Katlı Otoparkı,KAĞITHANE,41.0949,28.971,450,220,230,KAPALI OTOPARK,1,15,24 Saat
2026-07-16T17:14:21.255484+00:00,2026-07-16T20:14:21.255484+03:00,1446,Harbiye Zemin Altı Otoparkı,BEYOĞLU,41.0408,28.9869,142,56,86,KAPALI OTOPARK,1,0,24 Saat
2026-07-16T17:14:21.255484+00:00,2026-07-16T20:14:21.255484+03:00,2332,Haydarpaşa Katlı Otoparkı,ÜSKÜDAR,41.0048,29.0251,840,699,141,KAPALI OTOPARK,1,15,24 Saat
2026-07-16T17:14:21.255484+00:00,2026-07-16T20:14:21.255484+03:00,1987,Haznedar Yer Altı Otoparkı,GÜNGÖREN,41.0083,28.8729,540,0,540,KAPALI OTOPARK,1,0,24 Saat
2026-07-16T17:14:21.255484+00:00,2026-07-16T20:14:21.255484+03:00,377,Hızır Külhani Sokak,FATİH,41.0202,28.9605,32,1,31,YOL ÜSTÜ,0,15,09:00-17:00
2026-07-16T17:14:21.255484+00:00,2026-07-16T20:14:21.255484+03:00,3173,Hürriyet Mahallesi Zeminaltı Otoparkı,GAZİOSMANPAŞA,41.0708,28.8951,190,0,190,KAPALI OTOPARK,1,15,24 Saat
2026-07-16T17:14:21.255484+00:00,2026-07-16T20:14:21.255484+03:00,157,Ihlamur Dere Caddesi 4,BEŞİKTAŞ,41.047,29.0023,27,1,26,YOL ÜSTÜ,0,15,09:00-17:00
2026-07-16T17:14:21.255484+00:00,2026-07-16T20:14:21.255484+03:00,1189,İçerenköy Sebze Meyve Hali Otoparkı,ATAŞEHİR,40.9766,29.1044,600,600,0,AÇIK OTOPARK,1,15,24 Saat
2026-07-16T17:14:21.255484+00:00,2026-07-16T20:14:21.255484+03:00,1127,İshakpaşa Caddesi,FATİH,41.0079,28.9814,200,1,199,YOL ÜSTÜ,0,0,08:00-18:00
2026-07-16T17:14:21.255484+00:00,2026-07-16T20:14:21.255484+03:00,3265,İspark İstanbul West Marina Açık Otoparkı 1,BEYLİKDÜZÜ,40.9636,28.6564,250,1,249,AÇIK OTOPARK,1,15,24 Saat
2026-07-16T17:14:21.255484+00:00,2026-07-16T20:14:21.255484+03:00,2793,İspark Merter Katlı Otoparkı,GÜNGÖREN,41.0097,28.89,900,486,414,KAPALI OTOPARK,1,10,24 Saat
2026-07-16T17:14:21.255484+00:00,2026-07-16T20:14:21.255484+03:00,2430,İspark West İstanbul Marina Açık Otoparkı,BEYLİKDÜZÜ,40.9639,28.6591,1600,1095,505,AÇIK OTOPARK,1,15,24 Saat
2026-07-16T17:14:21.255484+00:00,2026-07-16T20:14:21.255484+03:00,381,İstinye 4 ( Cami Önü ),SARIYER,41.1149,29.0571,25,1,24,YOL ÜSTÜ,0,15,08:30-17:30
2026-07-16T17:14:21.255484+00:00,2026-07-16T20:14:21.255484+03:00,1804,İtalyan Hastanesi Karşısı Açık Otoparkı 1,BEYOĞLU,41.028,28.9815,30,1,29,AÇIK OTOPARK,0,0,08:00-19:00
2026-07-16T17:14:21.255484+00:00,2026-07-16T20:14:21.255484+03:00,507,Kabasakal Medrese Önü,FATİH,41.0062,28.9789,65,1,64,AÇIK OTOPARK,0,0,08:00-18:30
2026-07-16T17:14:21.255484+00:00,2026-07-16T20:14:21.255484+03:00,3306,Kabataş Transfer Merkezi Turizm Otobüs Otoparkı,BEYOĞLU,41.0336,28.9923,160,10,150,KAPALI OTOPARK,1,20,24 Saat
2026-07-16T17:14:21.255484+00:00,2026-07-16T20:14:21.255484+03:00,2918,Kadıköy Hasanpaşa Gazhane Katlı Otoparkı,KADIKÖY,40.9972,29.0428,310,119,191,KAPALI OTOPARK,1,15,24 Saat
2026-07-16T17:14:21.255484+00:00,2026-07-16T20:14:21.255484+03:00,1447,Kadıköy İski Açık Otoparkı,KADIKÖY,40.9874,29.0207,124,2,122,AÇIK OTOPARK,1,15,24 Saat
2026-07-16T17:14:21.255484+00:00,2026-07-16T20:14:21.255484+03:00,1655,Kadıköy Metro Açık Otoparkı,KADIKÖY,40.9899,29.0217,74,2,72,AÇIK OTOPARK,1,15,24 Saat
2026-07-16T17:14:21.255484+00:00,2026-07-16T20:14:21.255484+03:00,3445,Kadıköy Uzunçayır PD Açık Otoparkı,KADIKÖY,40.9982,29.0569,70,51,19,AÇIK OTOPARK,0,15,06:30-16:30
2026-07-16T17:14:21.255484+00:00,2026-07-16T20:14:21.255484+03:00,2808,Kadıköy Yeni Salı Pazarı PD Katlı Otoparkı,KADIKÖY,40.9969,29.0486,1350,446,904,KAPALI OTOPARK,1,15,24 Saat
2026-07-16T17:14:21.255484+00:00,2026-07-16T20:14:21.255484+03:00,2811,Kağıthane Harmantepe Zemin Altı Otoparkı,KAĞITHANE,41.0816,28.9907,200,0,200,KAPALI OTOPARK,1,0,24 Saat
2026-07-16T17:14:21.255484+00:00,2026-07-16T20:14:21.255484+03:00,1452,Kalamış Açık Otoparkı,KADIKÖY,40.9687,29.0363,173,15,158,AÇIK OTOPARK,1,15,24 Saat
2026-07-16T17:14:21.255484+00:00,2026-07-16T20:14:21.255484+03:00,1474,Kartal Hasan Doğan Spor Kompleksi,KARTAL,40.8918,29.1897,773,0,773,KAPALI OTOPARK,1,15,24 Saat
2026-07-16T17:14:21.255484+00:00,2026-07-16T20:14:21.255484+03:00,1105,Kartal İdo Açık Otoparkı,KARTAL,40.8874,29.1881,90,0,90,AÇIK OTOPARK,1,15,24 Saat
2026-07-16T17:14:21.255484+00:00,2026-07-16T20:14:21.255484+03:00,1550,Kartal Sahil Açık Otoparkı,KARTAL,40.8875,29.1901,75,48,27,AÇIK OTOPARK,1,5,24 Saat
2026-07-16T17:14:21.255484+00:00,2026-07-16T20:14:21.255484+03:00,3434,Kasımpaşa Sosyal Tesisler Otoparkı,BEYOĞLU,41.0296,28.9673,60,35,25,AÇIK OTOPARK,1,0,07:30-23:00
2026-07-16T17:14:21.255484+00:00,2026-07-16T20:14:21.255484+03:00,2827,Kayaşehir Meydan Zemin Altı Otoparkı,BAŞAKŞEHİR,41.1196,28.7718,1054,1,1053,KAPALI OTOPARK,0,0,10:00-17:00
2026-07-16T17:14:21.255484+00:00,2026-07-16T20:14:21.255484+03:00,1960,Kazlıçeşme Marmaray Açık Otoparkı,ZEYTİNBURNU,40.9922,28.917,700,601,99,AÇIK OTOPARK,1,15,24 Saat
2026-07-16T17:14:21.255484+00:00,2026-07-16T20:14:21.255484+03:00,2994,Kirazlı Metro Durağı PD Açık Otoparkı,BAĞCILAR,41.033,28.8429,112,0,112,AÇIK OTOPARK,1,5,24 Saat
2026-07-16T17:14:21.255484+00:00,2026-07-16T20:14:21.255484+03:00,1528,Kore Şehitleri Caddesi - Yüzbaşı Kaya Aldağon Sokak 1,ŞİŞLİ,41.0719,29.0139,40,1,39,YOL ÜSTÜ,0,15,07:00-16:00
2026-07-16T17:14:21.255484+00:00,2026-07-16T20:14:21.255484+03:00,2449,Kozyatağı Sebze-Meyve Hali,ATAŞEHİR,40.9787,29.1029,1500,1,1499,AÇIK OTOPARK,1,0,24 Saat
2026-07-16T17:14:21.255484+00:00,2026-07-16T20:14:21.255484+03:00,1206,Kutlugün Sokak 2,FATİH,41.0061,28.9801,200,1,199,YOL ÜSTÜ,0,0,08:00-18:00
2026-07-16T17:14:21.255484+00:00,2026-07-16T20:14:21.255484+03:00,3074,Küçük Çamlıca,ÜSKÜDAR,41.0204,29.0653,129,106,23,AÇIK OTOPARK,1,0,08:00-22:00
2026-07-16T17:14:21.255484+00:00,2026-07-16T20:14:21.255484+03:00,3127,Küçükçekmece Cennet Mahallesi Meydan Zemin Altı Otoparkı,KÜÇÜKÇEKMECE,40.9907,28.783,456,0,456,KAPALI OTOPARK,1,10,24 Saat
2026-07-16T17:14:21.255484+00:00,2026-07-16T20:14:21.255484+03:00,2554,Küçükçekmece Fevzi Çakmak Meydanı Zemin Altı Otoparkı,KÜÇÜKÇEKMECE,41.0076,28.7927,1000,506,494,KAPALI OTOPARK,1,10,24 Saat
2026-07-16T17:14:21.255484+00:00,2026-07-16T20:14:21.255484+03:00,2882,Küçüksu Kasrı Açık Otoparkı,BEYKOZ,41.0789,29.0657,98,91,7,AÇIK OTOPARK,1,0,07:00-23:00
2026-07-16T17:14:21.255484+00:00,2026-07-16T20:14:21.255484+03:00,220,Levent Hamidiye,BEŞİKTAŞ,41.0861,29.0076,100,1,99,AÇIK OTOPARK,0,0,08:00-19:00
2026-07-16T17:14:21.255484+00:00,2026-07-16T20:14:21.255484+03:00,1138,Levent Metro Yer Altı Otoparkı,BEŞİKTAŞ,41.0811,29.0105,100,100,0,AÇIK OTOPARK,0,5,07:30-19:30
2026-07-16T17:14:21.255484+00:00,2026-07-16T20:14:21.255484+03:00,2335,Maçka Açık Otoparkı,ŞİŞLİ,41.046,28.9908,75,75,0,AÇIK OTOPARK,1,0,24 Saat
2026-07-16T17:14:21.255484+00:00,2026-07-16T20:14:21.255484+03:00,1859,Maçka Katlı Otoparkı,ŞİŞLİ,41.0484,28.9903,508,0,508,KAPALI OTOPARK,1,0,24 Saat
2026-07-16T17:14:21.255484+00:00,2026-07-16T20:14:21.255484+03:00,3193,Maltepe Rıhtım Caddesi Açık Otoparkı,MALTEPE,40.9258,29.1241,76,1,75,AÇIK OTOPARK,1,0,24 Saat
2026-07-16T17:14:21.255484+00:00,2026-07-16T20:14:21.255484+03:00,2146,Maltepe Süreyyapaşa Çarşısı Açık Otoparkı,MALTEPE,40.9274,29.1225,156,68,88,AÇIK OTOPARK,1,0,24 Saat
2026-07-16T17:14:21.255484+00:00,2026-07-16T20:14:21.255484+03:00,1599,Maslak Açık Otoparkı,SARIYER,41.1166,29.024,150,74,76,AÇIK OTOPARK,1,10,24 Saat
2026-07-16T17:14:21.255484+00:00,2026-07-16T20:14:21.255484+03:00,2100,Matbaacılar Sitesi Yanı,ZEYTİNBURNU,41.0234,28.9187,250,202,48,AÇIK OTOPARK,1,5,24 Saat
2026-07-16T17:14:21.255484+00:00,2026-07-16T20:14:21.255484+03:00,920,Meclis-i Mebusan Yokuşu 2,BEYOĞLU,41.0326,28.9882,34,1,33,YOL ÜSTÜ,0,15,09:00-17:00
2026-07-16T17:14:21.255484+00:00,2026-07-16T20:14:21.255484+03:00,1546,Menekşe Plajı Açık Otoparkı,BAKIRKÖY,40.9761,28.7766,200,199,1,AÇIK OTOPARK,1,0,24 Saat
2026-07-16T17:14:21.255484+00:00,2026-07-16T20:14:21.255484+03:00,1376,Mercan Açık,FATİH,41.0136,28.9669,130,120,10,AÇIK OTOPARK,1,0,08:00-23:00
2026-07-16T17:14:21.255484+00:00,2026-07-16T20:14:21.255484+03:00,3309,Mercan Ali Paşa Sarayı Zemin Altı Otoparkı,FATİH,41.0136,28.967,196,1,195,KAPALI OTOPARK,1,0,07:00-21:00
2026-07-16T17:14:21.255484+00:00,2026-07-16T20:14:21.255484+03:00,1472,Merter Katlı Otoparkı,GÜNGÖREN,41.0092,28.8874,1000,918,82,KAPALI OTOPARK,1,10,24 Saat
2026-07-16T17:14:21.255484+00:00,2026-07-16T20:14:21.255484+03:00,2375,Merter Metro PD Zeminaltı Otoparkı,GÜNGÖREN,41.0037,28.8897,242,105,137,KAPALI OTOPARK,1,10,24 Saat
2026-07-16T17:14:21.255484+00:00,2026-07-16T20:14:21.255484+03:00,1568,Mete Caddesi 1,BEYOĞLU,41.0382,28.9879,31,1,30,YOL ÜSTÜ,1,15,08:00-23:00
2026-07-16T17:14:21.255484+00:00,2026-07-16T20:14:21.255484+03:00,1471,Mevlana Yeraltı Katlı Otoparkı,ZEYTİNBURNU,41.0072,28.9049,1000,860,140,KAPALI OTOPARK,1,5,24 Saat
2026-07-16T17:14:21.255484+00:00,2026-07-16T20:14:21.255484+03:00,2709,Millet Caddesi Açık Otoparkı,FATİH,41.01,28.9461,60,35,25,AÇIK OTOPARK,1,15,24 Saat
2026-07-16T17:14:21.255484+00:00,2026-07-16T20:14:21.255484+03:00,3152,Mimar Sinan Zemin Altı Otoparkı,ÜSKÜDAR,41.0222,29.0169,956,161,795,KAPALI OTOPARK,1,15,24 Saat
2026-07-16T17:14:21.255484+00:00,2026-07-16T20:14:21.255484+03:00,2870,Miniatürk Çadır Açık Otoparkı,BEYOĞLU,41.0594,28.9501,250,109,141,AÇIK OTOPARK,0,15,07:00-20:00
2026-07-16T17:14:21.255484+00:00,2026-07-16T20:14:21.255484+03:00,2556,Muallim Naci Açık Otoparkı,BEŞİKTAŞ,41.0561,29.0342,35,14,21,AÇIK OTOPARK,1,15,24 Saat
2026-07-16T17:14:21.255484+00:00,2026-07-16T20:14:21.255484+03:00,569,Oda Kule Önü 1,BEYOĞLU,41.0322,28.9751,24,1,23,YOL ÜSTÜ,1,0,07:00-01:00
2026-07-16T17:14:21.255484+00:00,2026-07-16T20:14:21.255484+03:00,1988,Orhangazi Şehir Parkı PD Açık Otoparkı,MALTEPE,40.9313,29.1161,5022,3600,1422,AÇIK OTOPARK,1,15,24 Saat
2026-07-16T17:14:21.255484+00:00,2026-07-16T20:14:21.255484+03:00,152,Ortabahçe Caddesi 2,BEŞİKTAŞ,41.0428,29.0043,35,1,34,YOL ÜSTÜ,1,15,08:00-23:00
2026-07-16T17:14:21.255484+00:00,2026-07-16T20:14:21.255484+03:00,153,Ortabahçe Caddesi 3,BEŞİKTAŞ,41.043,29.0042,26,1,25,YOL ÜSTÜ,1,15,08:00-23:00
2026-07-16T17:14:21.255484+00:00,2026-07-16T20:14:21.255484+03:00,119,Ortaklar Caddesi 1,ŞİŞLİ,41.0638,28.9971,25,1,24,YOL ÜSTÜ,0,15,08:30-17:00
2026-07-16T17:14:21.255484+00:00,2026-07-16T20:14:21.255484+03:00,1343,Ortaköy Açık Otoparkı,BEŞİKTAŞ,41.0504,29.0326,170,130,40,AÇIK OTOPARK,1,0,24 Saat
2026-07-16T17:14:21.255484+00:00,2026-07-16T20:14:21.255484+03:00,572,Ortaköy Portakal Yokuşu 1,BEŞİKTAŞ,41.0503,29.0261,15,1,14,YOL ÜSTÜ,0,15,09:00-19:00
2026-07-16T17:14:21.255484+00:00,2026-07-16T20:14:21.255484+03:00,1039,Öğretmen Evi,AVCILAR,40.9723,28.714,80,41,39,AÇIK OTOPARK,1,0,11:00-23:00
2026-07-16T17:14:21.255484+00:00,2026-07-16T20:14:21.255484+03:00,1466,Pendik Katlı Otoparkı,PENDİK,40.8789,29.2342,120,0,120,KAPALI OTOPARK,1,15,24 Saat
2026-07-16T17:14:21.255484+00:00,2026-07-16T20:14:21.255484+03:00,3073,Pendik Kemal Kalkuz Parkı Zemin Altı Otoparkı,PENDİK,40.8885,29.2427,224,0,224,KAPALI OTOPARK,0,0,09:00-18:00
2026-07-16T17:14:21.255484+00:00,2026-07-16T20:14:21.255484+03:00,3019,Pendik Meydan Zemin Altı Otoparkı,PENDİK,40.8752,29.2324,937,0,937,KAPALI OTOPARK,1,0,24 Saat
2026-07-16T17:14:21.255484+00:00,2026-07-16T20:14:21.255484+03:00,2865,Pendik Sahil Engelliler Merkez Önü,PENDİK,40.8735,29.233,100,66,34,AÇIK OTOPARK,0,0,11:00-20:00
2026-07-16T17:14:21.255484+00:00,2026-07-16T20:14:21.255484+03:00,2434,Pendik Sahil İdo,PENDİK,40.8755,29.2369,100,0,100,AÇIK OTOPARK,1,0,07:00-23:00
2026-07-16T17:14:21.255484+00:00,2026-07-16T20:14:21.255484+03:00,248,Pendik Yenimahalle Açık 2 Otoparkı,PENDİK,40.864,29.2723,124,110,14,AÇIK OTOPARK,1,15,10:00-22:00
2026-07-16T17:14:21.255484+00:00,2026-07-16T20:14:21.255484+03:00,297,Perşembe Pazarı 1,BEYOĞLU,41.0252,28.9693,32,1,31,YOL ÜSTÜ,0,15,08:00-17:00
2026-07-16T17:14:21.255484+00:00,2026-07-16T20:14:21.255484+03:00,597,Pierre Loti Caddesi 3,FATİH,41.0069,28.9711,36,1,35,YOL ÜSTÜ,0,0,07:00-17:00
2026-07-16T17:14:21.255484+00:00,2026-07-16T20:14:21.255484+03:00,3263,Piyalepaşa Meydanı Zemin Altı Otoparkı,BEYOĞLU,41.0445,28.9674,560,256,304,KAPALI OTOPARK,1,0,24 Saat
2026-07-16T17:14:21.255484+00:00,2026-07-16T20:14:21.255484+03:00,423,Prof.Cemil Birsel Yokuşu 3,FATİH,41.0178,28.967,40,1,39,YOL ÜSTÜ,0,0,07:00-18:00
2026-07-16T17:14:21.255484+00:00,2026-07-16T20:14:21.255484+03:00,1900,Ragıp Gümüşpala Cad.(Sobacılar Önü),FATİH,41.0181,28.969,40,1,39,YOL ÜSTÜ,0,15,07:00-18:00
2026-07-16T17:14:21.255484+00:00,2026-07-16T20:14:21.255484+03:00,415,Ragıp Gümüşpala Camii Önü 1,FATİH,41.0211,28.9627,35,1,34,YOL ÜSTÜ,0,0,07:00-17:30
2026-07-16T17:14:21.255484+00:00,2026-07-16T20:14:21.255484+03:00,3268,Refik Saydam Caddesi 3,BEYOĞLU,41.032,28.9736,55,1,54,YOL ÜSTÜ,1,0,06:00-23:00
2026-07-16T17:14:21.255484+00:00,2026-07-16T20:14:21.255484+03:00,2307,Ressam Halim Sokak PD Açık Otoparkı,BAHÇELİEVLER,40.9967,28.8641,120,99,21,AÇIK OTOPARK,1,15,08:00-00:00
2026-07-16T17:14:21.255484+00:00,2026-07-16T20:14:21.255484+03:00,3082,Rumeli Hisarı Sahil Yolu Otoparkı,SARIYER,41.0854,29.0568,20,1,19,AÇIK OTOPARK,1,0,24 Saat
2026-07-16T17:14:21.255484+00:00,2026-07-16T20:14:21.255484+03:00,1595,Sabiha Gökçen Açık Otoparkı,PENDİK,40.925,29.308,1056,6,1050,AÇIK OTOPARK,1,15,24 Saat
2026-07-16T17:14:21.255484+00:00,2026-07-16T20:14:21.255484+03:00,3239,Samatya Sahil Cep Otoparkı,FATİH,40.9954,28.932,113,79,34,AÇIK OTOPARK,1,15,24 Saat
2026-07-16T17:14:21.255484+00:00,2026-07-16T20:14:21.255484+03:00,3273,Sarıyer Büyükdere Fidanlığı,SARIYER,41.1548,29.0268,160,157,3,AÇIK OTOPARK,0,0,08:00-18:00
2026-07-16T17:14:21.255484+00:00,2026-07-16T20:14:21.255484+03:00,3299,Sariyer Ayazağa Mah Vadi İstanbul Önü Açık Otoparkı,SARIYER,41.1106,28.9881,100,97,3,AÇIK OTOPARK,0,0,08:00-20:00
2026-07-16T17:14:21.255484+00:00,2026-07-16T20:14:21.255484+03:00,1303,Seyrantepe Katlı (Arena Karşısı) 1,KAĞITHANE,41.101,28.9961,1897,1,1896,KAPALI OTOPARK,1,0,24 Saat
2026-07-16T17:14:21.255484+00:00,2026-07-16T20:14:21.255484+03:00,1628,Sıracevizler Caddesi Yol Üstü 5,ŞİŞLİ,41.0607,28.9841,45,1,44,YOL ÜSTÜ,0,15,09:00-17:00
2026-07-16T17:14:21.255484+00:00,2026-07-16T20:14:21.255484+03:00,464,Sirkeci Gar Önü,FATİH,41.015,28.9761,60,1,59,AÇIK OTOPARK,0,5,07:00-20:00
2026-07-16T17:14:21.255484+00:00,2026-07-16T20:14:21.255484+03:00,1486,Siyavuşpaşa Yer Altı Otoparkı,BAHÇELİEVLER,40.9965,28.8532,155,0,155,KAPALI OTOPARK,1,0,24 Saat
2026-07-16T17:14:21.255484+00:00,2026-07-16T20:14:21.255484+03:00,1958,Soğanlık Metro PD Açık Otoparkı,KARTAL,40.9131,29.1925,898,841,57,AÇIK OTOPARK,1,15,24 Saat
2026-07-16T17:14:21.255484+00:00,2026-07-16T20:14:21.255484+03:00,589,Su Terazisi Sokak,FATİH,41.0046,28.9727,22,1,21,YOL ÜSTÜ,0,0,07:30-17:00
2026-07-16T17:14:21.255484+00:00,2026-07-16T20:14:21.255484+03:00,1478,Suadiye Cep Açık Otoparkı,KADIKÖY,40.9586,29.0732,130,53,77,AÇIK OTOPARK,1,15,24 Saat
2026-07-16T17:14:21.255484+00:00,2026-07-16T20:14:21.255484+03:00,2948,Suadiye Sahil Açık Otoparkı,KADIKÖY,40.9562,29.0797,70,0,70,AÇIK OTOPARK,1,5,24 Saat
2026-07-16T17:14:21.255484+00:00,2026-07-16T20:14:21.255484+03:00,2799,Sultanbeyli Emir Caddesi Zemin Altı Otoparkı,SULTANBEYLİ,40.9707,29.2606,130,113,17,KAPALI OTOPARK,1,15,08:00-22:00
2026-07-16T17:14:21.255484+00:00,2026-07-16T20:14:21.255484+03:00,2372,Sultanbeyli Kent Meydanı Zemin Altı Otoparkı,SULTANBEYLİ,40.9667,29.2667,300,188,112,KAPALI OTOPARK,1,15,24 Saat
2026-07-16T17:14:21.255484+00:00,2026-07-16T20:14:21.255484+03:00,2410,Sultangazi Zemin Altı Otoparkı,SULTANGAZİ,41.0944,28.8649,104,0,104,KAPALI OTOPARK,1,10,24 Saat
2026-07-16T17:14:21.255484+00:00,2026-07-16T20:14:21.255484+03:00,2085,Süleyman Seba Caddesi 2,BEŞİKTAŞ,41.0426,28.9998,40,1,39,YOL ÜSTÜ,0,15,08:00-18:00
2026-07-16T17:14:21.255484+00:00,2026-07-16T20:14:21.255484+03:00,2088,Süleyman Seba Caddesi 5,BEŞİKTAŞ,41.0432,28.9978,40,1,39,YOL ÜSTÜ,0,15,08:00-18:00
2026-07-16T17:14:21.255484+00:00,2026-07-16T20:14:21.255484+03:00,2089,Süleyman Seba Caddesi 6,BEŞİKTAŞ,41.0435,28.9967,11,1,10,YOL ÜSTÜ,0,15,08:00-18:00
2026-07-16T17:14:21.255484+00:00,2026-07-16T20:14:21.255484+03:00,2391,Süleymaniye Cami Altı Açık Otoparkı,FATİH,41.0158,28.961,250,235,15,AÇIK OTOPARK,0,0,06:30-18:30
2026-07-16T17:14:21.255484+00:00,2026-07-16T20:14:21.255484+03:00,1730,Sütlüce Miniatürk Yanı,BEYOĞLU,41.057,28.95,320,234,86,AÇIK OTOPARK,1,15,24 Saat
2026-07-16T17:14:21.255484+00:00,2026-07-16T20:14:21.255484+03:00,36,Şakayık Sokak 4,ŞİŞLİ,41.0518,28.9936,50,1,49,YOL ÜSTÜ,0,15,08:00-16:00
2026-07-16T17:14:21.255484+00:00,2026-07-16T20:14:21.255484+03:00,1469,Şehit Volkan Duysak Katlı Otoparkı,ZEYTİNBURNU,40.9968,28.9039,1000,663,337,KAPALI OTOPARK,1,5,24 Saat
2026-07-16T17:14:21.255484+00:00,2026-07-16T20:14:21.255484+03:00,2907,Şehremini Açık Otoparkı 2,FATİH,41.0135,28.9333,60,60,0,AÇIK OTOPARK,1,0,08:30-20:30
2026-07-16T17:14:21.255484+00:00,2026-07-16T20:14:21.255484+03:00,2855,Şemsipaşa Açık Otoparkı,ÜSKÜDAR,41.0255,29.0097,80,32,48,AÇIK OTOPARK,1,0,24 Saat
2026-07-16T17:14:21.255484+00:00,2026-07-16T20:14:21.255484+03:00,2439,Şirinevler Meydan Zeminaltı Otoparkı,BAHÇELİEVLER,40.9925,28.8496,367,90,277,KAPALI OTOPARK,1,0,24 Saat
2026-07-16T17:14:21.255484+00:00,2026-07-16T20:14:21.255484+03:00,3400,Şişhane Refik Saydam Caddesi 2 Yol Üstü Otoparkı 1,BEYOĞLU,41.0326,28.9743,70,1,69,YOL ÜSTÜ,1,15,06:00-23:00
2026-07-16T17:14:21.255484+00:00,2026-07-16T20:14:21.255484+03:00,1017,Şişli Kadırgalar Caddesi 1,ŞİŞLİ,41.0429,28.9927,100,1,99,AÇIK OTOPARK,1,0,07:00-23:00
2026-07-16T17:14:21.255484+00:00,2026-07-16T20:14:21.255484+03:00,3441,Şişli Kuştepe Zemin Altı Otoparkı,ŞİŞLİ,41.072,28.9919,430,343,87,KAPALI OTOPARK,1,15,24 Saat
2026-07-16T17:14:21.255484+00:00,2026-07-16T20:14:21.255484+03:00,2816,Şişli Rumeli Caddesi Metro Yanı 1,ŞİŞLİ,41.0538,28.9868,45,1,44,YOL ÜSTÜ,0,15,08:00-20:00
2026-07-16T17:14:21.255484+00:00,2026-07-16T20:14:21.255484+03:00,2406,Şişli Zemin Altı Otoparkı,ŞİŞLİ,41.0641,28.9992,581,395,186,KAPALI OTOPARK,1,15,24 Saat
2026-07-16T17:14:21.255484+00:00,2026-07-16T20:14:21.255484+03:00,1993,Tuzla İdo,TUZLA,40.8149,29.3039,300,80,220,AÇIK OTOPARK,1,15,24 Saat
2026-07-16T17:14:21.255484+00:00,2026-07-16T20:14:21.255484+03:00,3332,Tuzla Sahil Cep,TUZLA,40.8168,29.2992,50,41,9,AÇIK OTOPARK,1,0,08:00-00:00
2026-07-16T17:14:21.255484+00:00,2026-07-16T20:14:21.255484+03:00,3057,Tuzla Sahil Zemin Altı Otoparkı,TUZLA,40.8181,29.3004,779,513,266,KAPALI OTOPARK,1,15,24 Saat
2026-07-16T17:14:21.255484+00:00,2026-07-16T20:14:21.255484+03:00,1811,Ulu Camii Açık Otoparkı,BAHÇELİEVLER,40.9982,28.8499,150,116,34,AÇIK OTOPARK,1,10,24 Saat
2026-07-16T17:14:21.255484+00:00,2026-07-16T20:14:21.255484+03:00,2424,Uzunçayır Açık Otoparkı,KADIKÖY,40.9988,29.0556,58,52,6,AÇIK OTOPARK,0,0,06:00-16:00
2026-07-16T17:14:21.255484+00:00,2026-07-16T20:14:21.255484+03:00,1468,Ümraniye Katlı Otoparkı,ÜMRANİYE,41.0261,29.0953,665,466,199,KAPALI OTOPARK,1,15,24 Saat
2026-07-16T17:14:21.255484+00:00,2026-07-16T20:14:21.255484+03:00,2898,Ümraniye Okan Sokak Zeminaltı Otoparkı,ÜMRANİYE,41.0284,29.0907,125,33,92,KAPALI OTOPARK,1,15,24 Saat
2026-07-16T17:14:21.255484+00:00,2026-07-16T20:14:21.255484+03:00,2345,Üsküdar Uzunçayır PD Açık Otoparkı,ÜSKÜDAR,40.9988,29.0577,90,67,23,AÇIK OTOPARK,1,15,06:00-22:00
2026-07-16T17:14:21.255484+00:00,2026-07-16T20:14:21.255484+03:00,1929,Üsküdar Ünalan Açık Otoparkı,ÜSKÜDAR,40.9979,29.0604,180,174,6,AÇIK OTOPARK,0,0,07:00-17:00
2026-07-16T17:14:21.255484+00:00,2026-07-16T20:14:21.255484+03:00,1487,Vatan Caddesi PD Açık Otoparkı,FATİH,41.0157,28.9405,397,318,79,AÇIK OTOPARK,1,5,24 Saat
2026-07-16T17:14:21.255484+00:00,2026-07-16T20:14:21.255484+03:00,1621,Veteriner Hilmi Sokak Yol Üstü 1,ŞİŞLİ,41.0603,28.9892,20,1,19,YOL ÜSTÜ,0,15,08:00-17:00
2026-07-16T17:14:21.255484+00:00,2026-07-16T20:14:21.255484+03:00,2441,Yalı Açık Otoparkı,MALTEPE,40.9095,29.137,85,82,3,AÇIK OTOPARK,1,0,07:30-22:00
2026-07-16T17:14:21.255484+00:00,2026-07-16T20:14:21.255484+03:00,459,Yalı Köşkü Caddesi 1,FATİH,41.0163,28.9759,61,1,60,YOL ÜSTÜ,1,5,07:00-21:00
2026-07-16T17:14:21.255484+00:00,2026-07-16T20:14:21.255484+03:00,2037,Yenikapı Marmaray Büyük Otoparkı,FATİH,41.0057,28.9505,324,192,132,AÇIK OTOPARK,1,15,24 Saat
2026-07-16T17:14:21.255484+00:00,2026-07-16T20:14:21.255484+03:00,2036,Yenikapı Marmaray Küçük Otoparkı,FATİH,41.0064,28.9504,200,180,20,AÇIK OTOPARK,1,15,07:00-22:00
2026-07-16T17:14:21.255484+00:00,2026-07-16T20:14:21.255484+03:00,2175,Yenikapı Spor ve Kültür Merkezi PD Açık Otoparkı,FATİH,41.0006,28.9519,4023,3759,264,AÇIK OTOPARK,1,15,24 Saat
2026-07-16T17:14:21.255484+00:00,2026-07-16T20:14:21.255484+03:00,2805,Yenikapı Tünel Üstü Açık Otoparkı,FATİH,41.0029,28.9534,700,518,182,AÇIK OTOPARK,1,10,24 Saat
2026-07-16T17:14:21.255484+00:00,2026-07-16T20:14:21.255484+03:00,3404,Yenimahalle Metro Zemin Altı PD Otoparkı,GAZİOSMANPAŞA,41.0839,28.8926,114,95,19,KAPALI OTOPARK,1,15,24 Saat
2026-07-16T17:14:21.255484+00:00,2026-07-16T20:14:21.255484+03:00,2920,Yeşilce Zemin Altı Katlı Otoparkı,KAĞITHANE,41.0938,29.0017,676,286,390,KAPALI OTOPARK,1,0,24 Saat
2026-07-16T17:14:21.255484+00:00,2026-07-16T20:14:21.255484+03:00,987,Yeşilköy İstasyon Caddesi 1,BAKIRKÖY,40.962,28.825,40,1,39,YOL ÜSTÜ,0,15,09:00-17:30
2026-07-16T17:14:21.255484+00:00,2026-07-16T20:14:21.255484+03:00,974,Yeşilköy Marina 1,BAKIRKÖY,40.9576,28.8233,145,1,144,YOL ÜSTÜ,1,0,12:00-23:00
2026-07-16T17:14:21.255484+00:00,2026-07-16T20:14:21.255484+03:00,3406,Yeşilpınar Metro Zemin Altı PD Otoparkı,EYÜP,41.081,28.9204,269,194,75,KAPALI OTOPARK,1,15,24 Saat
2026-07-16T17:14:21.255484+00:00,2026-07-16T20:14:21.255484+03:00,315,Yeşilyurt Çarşı 1,BAKIRKÖY,40.9643,28.8379,50,1,49,YOL ÜSTÜ,0,15,09:00-17:30
2026-07-16T17:14:21.255484+00:00,2026-07-16T20:14:21.255484+03:00,1133,Yıldız Korusu,BEŞİKTAŞ,41.0514,29.0165,500,1,499,AÇIK OTOPARK,1,0,08:00-22:00
2026-07-16T17:14:21.255484+00:00,2026-07-16T20:14:21.255484+03:00,882,Zeytinburnu 58. Bulvar 2,ZEYTİNBURNU,40.9932,28.9039,48,1,47,YOL ÜSTÜ,0,15,09:00-18:00
2026-07-16T17:14:21.255484+00:00,2026-07-16T20:14:21.255484+03:00,3185,Zeytinburnu Sahil Cep Otoparkı,ZEYTİNBURNU,40.9798,28.8985,160,1,159,AÇIK OTOPARK,1,0,12:00-22:00
2026-07-16T19:08:47.264686+00:00,2026-07-16T22:08:47.264686+03:00,3068,15 Temmuz Şehitler Meydanı Zeminaltı Otoparkı,ÜMRANİYE,41.0246,29.0915,1029,705,324,KAPALI OTOPARK,1,15,24 Saat
2026-07-16T19:08:47.264686+00:00,2026-07-16T22:08:47.264686+03:00,2338,19 Mayıs Açık,ŞİŞLİ,41.0563,28.9941,65,0,65,AÇIK OTOPARK,1,0,24 Saat
2026-07-16T19:08:47.264686+00:00,2026-07-16T22:08:47.264686+03:00,1751,4.Levent PD Açık Otoparkı,KAĞITHANE,41.0836,29.0081,236,138,98,AÇIK OTOPARK,1,5,24 Saat
2026-07-16T19:08:47.264686+00:00,2026-07-16T22:08:47.264686+03:00,3328,4.Levent Servis ve Turizm Araçları Açık Otoparkı,ŞİŞLİ,41.0841,29.0054,300,159,141,AÇIK OTOPARK,1,15,24 Saat
2026-07-16T19:08:47.264686+00:00,2026-07-16T22:08:47.264686+03:00,3412,5. Levent Gaziosmanpaşa Adliyesi Yanı Açık Otoparkı,EYÜP,41.0927,28.9494,250,231,19,AÇIK OTOPARK,1,15,07:00-23:00
2026-07-16T19:08:47.264686+00:00,2026-07-16T22:08:47.264686+03:00,104,Abide-i Hürriyet Caddesi 5,ŞİŞLİ,41.0619,28.9876,40,1,39,YOL ÜSTÜ,0,15,08:00-17:00
2026-07-16T19:08:47.264686+00:00,2026-07-16T22:08:47.264686+03:00,2452,Acıbadem Açık Otoparkı,ÜSKÜDAR,41.0157,29.0574,100,87,13,AÇIK OTOPARK,0,0,06:30-16:00
2026-07-16T19:08:47.264686+00:00,2026-07-16T22:08:47.264686+03:00,346,Ada Karşısı Cep 2,BEŞİKTAŞ,41.072,29.045,30,1,29,YOL ÜSTÜ,1,15,08:00-23:00
2026-07-16T19:08:47.264686+00:00,2026-07-16T22:08:47.264686+03:00,1663,Akasyalı Sokak Tenis Kulubü Önü 2,BEŞİKTAŞ,41.0867,29.0109,45,1,44,YOL ÜSTÜ,0,15,08:30-17:30
2026-07-16T19:08:47.264686+00:00,2026-07-16T22:08:47.264686+03:00,828,Akdeniz Caddesi 4,FATİH,41.0175,28.9435,27,1,26,YOL ÜSTÜ,0,15,09:00-18:00
2026-07-16T19:08:47.264686+00:00,2026-07-16T22:08:47.264686+03:00,1913,Alibeyköy Cep Otogarı Açık Otoparkı,EYÜP,41.0879,28.9446,116,0,116,AÇIK OTOPARK,1,25,24 Saat
2026-07-16T19:08:47.264686+00:00,2026-07-16T22:08:47.264686+03:00,1912,Alibeyköy Cep Otogarı Otobüs Otoparkı,EYÜP,41.0875,28.9449,5000,4972,28,AÇIK OTOPARK,1,60,24 Saat
2026-07-16T19:08:47.264686+00:00,2026-07-16T22:08:47.264686+03:00,2562,Alibeyköy Yeşiltepe Zemin Altı Otoparkı,EYÜP,41.0797,28.938,159,47,112,KAPALI OTOPARK,1,15,24 Saat
2026-07-16T19:08:47.264686+00:00,2026-07-16T22:08:47.264686+03:00,3201,Altınboynuz Sosyal Tesisleri,EYÜP,41.058,28.9447,70,70,0,AÇIK OTOPARK,1,15,08:00-23:00
2026-07-16T19:08:47.264686+00:00,2026-07-16T22:08:47.264686+03:00,758,Arap Camii Açık Otoparkı,BEYOĞLU,41.0227,28.9723,30,1,29,AÇIK OTOPARK,0,0,09:00-17:00
2026-07-16T19:08:47.264686+00:00,2026-07-16T22:08:47.264686+03:00,2685,Aras Sokak 2,BÜYÜKÇEKMECE,41.023,28.6209,60,60,0,YOL ÜSTÜ,0,0,06:00-14:30
2026-07-16T19:08:47.264686+00:00,2026-07-16T22:08:47.264686+03:00,2802,Arnavutköy Zemin Altı Otoparkı,ARNAVUTKÖY,41.1838,28.7396,700,22,678,KAPALI OTOPARK,1,15,24 Saat
2026-07-16T19:08:47.264686+00:00,2026-07-16T22:08:47.264686+03:00,1797,Ataköy Atrium AVM,BAKIRKÖY,40.9881,28.8459,250,207,43,AÇIK OTOPARK,1,15,08:00-23:00
2026-07-16T19:08:47.264686+00:00,2026-07-16T22:08:47.264686+03:00,2824,Ataköy Metro Durağı Yanı PD Zemin Altı Otoparkı,BAKIRKÖY,40.9904,28.8456,150,91,59,KAPALI OTOPARK,1,0,24 Saat
2026-07-16T19:08:47.264686+00:00,2026-07-16T22:08:47.264686+03:00,3161,Ataşehir Topçu İbrahim Sokak,ATAŞEHİR,40.9736,29.101,42,1,41,YOL ÜSTÜ,0,15,07:00-16:00
2026-07-16T19:08:47.264686+00:00,2026-07-16T22:08:47.264686+03:00,359,Atatürk Bulvarı 1,FATİH,41.0112,28.9534,20,1,19,YOL ÜSTÜ,0,0,07:30-18:00
2026-07-16T19:08:47.264686+00:00,2026-07-16T22:08:47.264686+03:00,3087,Atatürk Kent Ormanı Otoparkı,SARIYER,41.136,29.0262,200,197,3,AÇIK OTOPARK,0,0,08:00-17:00
2026-07-16T19:08:47.264686+00:00,2026-07-16T22:08:47.264686+03:00,1088,Avcılar İdo,AVCILAR,40.9712,28.7185,270,263,7,AÇIK OTOPARK,1,0,13:00-07:00
2026-07-16T19:08:47.264686+00:00,2026-07-16T22:08:47.264686+03:00,2885,Azapkapı Haliç Metro Otoparkı,ŞİŞLİ,41.0245,28.9691,80,17,63,AÇIK OTOPARK,1,5,24 Saat
2026-07-16T19:08:47.264686+00:00,2026-07-16T22:08:47.264686+03:00,2455,Azerbaycan Dostluk Parkı Zemin Altı Otoparkı,BAĞCILAR,41.0444,28.854,400,189,211,KAPALI OTOPARK,1,10,24 Saat
2026-07-16T19:08:47.264686+00:00,2026-07-16T22:08:47.264686+03:00,2965,Bağcılar Çolakoğlu Zemin Altı Otoparkı,BAĞCILAR,41.0324,28.8345,106,0,106,KAPALI OTOPARK,1,5,24 Saat
2026-07-16T19:08:47.264686+00:00,2026-07-16T22:08:47.264686+03:00,2576,Bağcılar Demirkapı Zemin Altı Otoparkı,BAĞCILAR,41.0499,28.8327,343,148,195,KAPALI OTOPARK,1,5,24 Saat
2026-07-16T19:08:47.264686+00:00,2026-07-16T22:08:47.264686+03:00,3036,Bağcılar Devlet Hastanesi Yanı Zeminaltı Otoparkı,BAĞCILAR,41.0312,28.8696,1133,139,994,KAPALI OTOPARK,1,15,24 Saat
2026-07-16T19:08:47.264686+00:00,2026-07-16T22:08:47.264686+03:00,3071,Bağcılar Emniyet Müdürlüğü Yanı Açık Otoparkı,BAĞCILAR,41.0353,28.8598,100,57,43,AÇIK OTOPARK,1,0,24 Saat
2026-07-16T19:08:47.264686+00:00,2026-07-16T22:08:47.264686+03:00,2873,Bağcılar Göztepe Zemin Altı,BAĞCILAR,41.0567,28.8355,120,0,120,KAPALI OTOPARK,1,5,24 Saat
2026-07-16T19:08:47.264686+00:00,2026-07-16T22:08:47.264686+03:00,3187,Bağcılar Hürriyet Mahallesi Zemin Altı Otoparkı,BAĞCILAR,41.0291,28.8333,355,0,355,KAPALI OTOPARK,1,10,24 Saat
2026-07-16T19:08:47.264686+00:00,2026-07-16T22:08:47.264686+03:00,2916,Bağcılar Kent Meydanı PD Zemin Altı Otoparkı,BAĞCILAR,41.0339,28.8556,1162,0,1162,KAPALI OTOPARK,1,0,24 Saat
2026-07-16T19:08:47.264686+00:00,2026-07-16T22:08:47.264686+03:00,3261,Bağcılar Yenimahalle Zemin Altı Otoparkı,BAĞCILAR,41.0425,28.8395,525,274,251,KAPALI OTOPARK,1,15,24 Saat
2026-07-16T19:08:47.264686+00:00,2026-07-16T22:08:47.264686+03:00,2820,Bağcılar Yıldıztepe Katlı Otoparkı,BAĞCILAR,41.0294,28.8556,350,0,350,KAPALI OTOPARK,1,10,24 Saat
2026-07-16T19:08:47.264686+00:00,2026-07-16T22:08:47.264686+03:00,3447,Bahçelievler 23 Nisan Milli Egemenlik Zeminaltı Otoparkı,BAHÇELİEVLER,40.9988,28.8472,732,341,391,KAPALI OTOPARK,1,10,24 Saat
2026-07-16T19:08:47.264686+00:00,2026-07-16T22:08:47.264686+03:00,2993,Bahçelievler Cumhuriyet Zeminaltı Otoparkı,BAHÇELİEVLER,41.0149,28.859,663,0,663,KAPALI OTOPARK,1,10,24 Saat
2026-07-16T19:08:47.264686+00:00,2026-07-16T22:08:47.264686+03:00,2969,Bahçelievler Devlet Hastanesi Yanı Katlı Otoparkı,BAHÇELİEVLER,41.0072,28.8442,740,0,740,KAPALI OTOPARK,1,0,24 Saat
2026-07-16T19:08:47.264686+00:00,2026-07-16T22:08:47.264686+03:00,3051,Bahçelievler Zafer Mh. Zeminaltı Otoparkı,BAHÇELİEVLER,41.0036,28.8351,200,65,135,KAPALI OTOPARK,1,0,24 Saat
2026-07-16T19:08:47.264686+00:00,2026-07-16T22:08:47.264686+03:00,3118,Bahçeşehir Doğa Parkı Caddesi 3,BAŞAKŞEHİR,41.0683,28.6894,22,1,21,YOL ÜSTÜ,0,15,10:00-20:00
2026-07-16T19:08:47.264686+00:00,2026-07-16T22:08:47.264686+03:00,3236,Bahçeşehir Gölet Açık Otoparkı,BAŞAKŞEHİR,41.0719,28.6901,200,1,199,AÇIK OTOPARK,0,0,12:00-22:00
2026-07-16T19:08:47.264686+00:00,2026-07-16T22:08:47.264686+03:00,1465,Bakırköy İdo Açık Otoparkı,BAKIRKÖY,40.9739,28.8761,160,59,101,AÇIK OTOPARK,1,10,24 Saat
2026-07-16T19:08:47.264686+00:00,2026-07-16T22:08:47.264686+03:00,1104,Balmumcu Katlı Otoparkı,BEŞİKTAŞ,41.0636,29.0109,400,332,68,KAPALI OTOPARK,1,5,24 Saat
2026-07-16T19:08:47.264686+00:00,2026-07-16T22:08:47.264686+03:00,2796,Başakşehir Metro Açık Otoparkı,BAŞAKŞEHİR,41.107,28.801,125,1,124,AÇIK OTOPARK,0,0,07:00-16:00
2026-07-16T19:08:47.264686+00:00,2026-07-16T22:08:47.264686+03:00,2350,Bayrampaşa Adapark Katlı Otoparkı,BAYRAMPAŞA,41.0647,28.8875,650,0,650,KAPALI OTOPARK,1,15,24 Saat
2026-07-16T19:08:47.264686+00:00,2026-07-16T22:08:47.264686+03:00,2892,Bayrampaşa Altıntepsi Zemin  Altı Otoparkı,BAYRAMPAŞA,41.0393,28.9029,110,0,110,KAPALI OTOPARK,1,10,24 Saat
2026-07-16T19:08:47.264686+00:00,2026-07-16T22:08:47.264686+03:00,2909,Bayrampaşa Atatürk Parkı  Zemin Altı Otoparkı,BAYRAMPAŞA,41.0342,28.9123,442,17,425,KAPALI OTOPARK,1,10,24 Saat
2026-07-16T19:08:47.264686+00:00,2026-07-16T22:08:47.264686+03:00,2683,Bayrampaşa Devlet Hastanesi Cep Otoparkı,BAYRAMPAŞA,41.0414,28.9031,55,31,24,AÇIK OTOPARK,0,0,08:00-19:00
2026-07-16T19:08:47.264686+00:00,2026-07-16T22:08:47.264686+03:00,3301,Bayrampaşa Kocatepe Mahallesi Zemin Altı Otoparkı,BAYRAMPAŞA,41.0545,28.8964,241,0,241,KAPALI OTOPARK,1,10,24 Saat
2026-07-16T19:08:47.264686+00:00,2026-07-16T22:08:47.264686+03:00,2053,Bayrampaşa Muratpaşa Yer Altı Otoparkı,BAYRAMPAŞA,41.047,28.9082,300,0,300,KAPALI OTOPARK,1,15,24 Saat
2026-07-16T19:08:47.264686+00:00,2026-07-16T22:08:47.264686+03:00,3175,Bayrampaşa Spor Kompleksi Zemin Altı Otoparkı,BAYRAMPAŞA,41.0446,28.9106,205,0,205,KAPALI OTOPARK,1,15,24 Saat
2026-07-16T19:08:47.264686+00:00,2026-07-16T22:08:47.264686+03:00,3382,Bayrampaşa Şehit Kamil Balkan Zemin Altı Otoparkı,BAYRAMPAŞA,41.0604,28.9008,235,0,235,KAPALI OTOPARK,1,10,24 Saat
2026-07-16T19:08:47.264686+00:00,2026-07-16T22:08:47.264686+03:00,2428,Bayrampaşa Yenidoğan Mahallesi Zemin Altı Otoparkı,BAYRAMPAŞA,41.0395,28.9088,120,0,120,KAPALI OTOPARK,1,10,24 Saat
2026-07-16T19:08:47.264686+00:00,2026-07-16T22:08:47.264686+03:00,2468,Bebek Açık,BEŞİKTAŞ,41.077,29.0434,30,2,28,AÇIK OTOPARK,1,0,24 Saat
2026-07-16T19:08:47.264686+00:00,2026-07-16T22:08:47.264686+03:00,3479,Beşiktaş Halk Pazarı Açık Otoparkı,BEŞİKTAŞ,41.0496,29.0004,170,119,51,AÇIK OTOPARK,1,5,24 Saat
2026-07-16T19:08:47.264686+00:00,2026-07-16T22:08:47.264686+03:00,573,Beşiktaş Kadastro Önü 1,BEŞİKTAŞ,41.0503,29.0076,39,1,38,YOL ÜSTÜ,0,15,08:00-17:00
2026-07-16T19:08:47.264686+00:00,2026-07-16T22:08:47.264686+03:00,3257,Beykoz Sahil Cep Otoparkı,BEYKOZ,41.1286,29.0953,100,74,26,AÇIK OTOPARK,1,0,08:00-00:00
2026-07-16T19:08:47.264686+00:00,2026-07-16T22:08:47.264686+03:00,2273,Beykoz Sosyal Tesisleri,BEYKOZ,41.1143,29.0888,130,0,130,AÇIK OTOPARK,1,15,08:00-00:00
2026-07-16T19:08:47.264686+00:00,2026-07-16T22:08:47.264686+03:00,2999,Beyoğlu Gazhane Bostan Sokak 2,BEYOĞLU,41.0389,28.9903,35,1,34,YOL ÜSTÜ,0,0,07:30-16:30
2026-07-16T19:08:47.264686+00:00,2026-07-16T22:08:47.264686+03:00,3072,Beyoğlu Örnektepe Zemin Altı Otoparkı,BEYOĞLU,41.0543,28.9548,143,0,143,KAPALI OTOPARK,1,0,24 Saat
2026-07-16T19:08:47.264686+00:00,2026-07-16T22:08:47.264686+03:00,1455,Bostancı Açık,KADIKÖY,40.9523,29.0902,394,82,312,AÇIK OTOPARK,1,15,24 Saat
2026-07-16T19:08:47.264686+00:00,2026-07-16T22:08:47.264686+03:00,1456,Bostancı Sahil-Cep Açık Otoparkı,KADIKÖY,40.9545,29.0885,192,95,97,AÇIK OTOPARK,1,15,24 Saat
2026-07-16T19:08:47.264686+00:00,2026-07-16T22:08:47.264686+03:00,2150,Bostancı Vergi Dairesi Açık Otoparkı,ATAŞEHİR,40.9625,29.1083,155,0,155,AÇIK OTOPARK,0,5,08:00-20:00
2026-07-16T19:08:47.264686+00:00,2026-07-16T22:08:47.264686+03:00,2854,Bülent Ecevit Kültür Merkezi Açık Otoparkı,KARTAL,40.8852,29.1967,277,267,10,AÇIK OTOPARK,0,5,10:00-21:00
2026-07-16T19:08:47.264686+00:00,2026-07-16T22:08:47.264686+03:00,2866,Büyük İstanbul Otogarı,BAYRAMPAŞA,41.0402,28.8942,1000,0,1000,AÇIK OTOPARK,1,25,24 Saat
2026-07-16T19:08:47.264686+00:00,2026-07-16T22:08:47.264686+03:00,1192,Büyükçamlıca Korusu Sosyal Tesisleri Önü,ÜSKÜDAR,41.0264,29.0698,204,113,91,AÇIK OTOPARK,1,0,08:00-00:00
2026-07-16T19:08:47.264686+00:00,2026-07-16T22:08:47.264686+03:00,2960,Büyükçekmece Metrobüs Durağı Yanı PD Zemin Altı Otopark,BÜYÜKÇEKMECE,41.0221,28.624,448,248,200,KAPALI OTOPARK,1,0,24 Saat
2026-07-16T19:08:47.264686+00:00,2026-07-16T22:08:47.264686+03:00,1503,Cadde Bostan Açık Otoparkı,KADIKÖY,40.9636,29.0675,66,8,58,AÇIK OTOPARK,1,15,24 Saat
2026-07-16T19:08:47.264686+00:00,2026-07-16T22:08:47.264686+03:00,2933,Cemal Kamacı Spor Kompleksi Zemin Altı Otoparkı,KAĞITHANE,41.0536,28.9575,510,0,510,KAPALI OTOPARK,1,0,24 Saat
2026-07-16T19:08:47.264686+00:00,2026-07-16T22:08:47.264686+03:00,2207,Cengiz Topel Yer Altı Katlı Otoparkı,ESENLER,41.0588,28.8643,144,0,144,KAPALI OTOPARK,1,15,24 Saat
2026-07-16T19:08:47.264686+00:00,2026-07-16T22:08:47.264686+03:00,2787,Cevizli Açık Otoparkı,KARTAL,40.9179,29.1712,100,84,16,AÇIK OTOPARK,0,15,08:00-19:00
2026-07-16T19:08:47.264686+00:00,2026-07-16T22:08:47.264686+03:00,782,Cihangir Caddesi 2,BEYOĞLU,41.0319,28.9862,70,1,69,YOL ÜSTÜ,0,15,09:00-19:00
2026-07-16T19:08:47.264686+00:00,2026-07-16T22:08:47.264686+03:00,1467,Cihangir Katlı Otoparkı,BEYOĞLU,41.0318,28.9858,350,0,350,KAPALI OTOPARK,1,0,24 Saat
2026-07-16T19:08:47.264686+00:00,2026-07-16T22:08:47.264686+03:00,535,Cihannuma Yol Üstü 1,BEŞİKTAŞ,41.0454,29.0084,35,1,34,YOL ÜSTÜ,1,0,08:00-23:00
2026-07-16T19:08:47.264686+00:00,2026-07-16T22:08:47.264686+03:00,537,Cihannuma Yol Üstü 3,BEŞİKTAŞ,41.0459,29.0087,33,1,32,YOL ÜSTÜ,1,0,08:00-23:00
2026-07-16T19:08:47.264686+00:00,2026-07-16T22:08:47.264686+03:00,539,Cihannuma Yol Üstü 5,BEŞİKTAŞ,41.0489,29.0094,24,1,23,YOL ÜSTÜ,1,0,08:00-23:00
2026-07-16T19:08:47.264686+00:00,2026-07-16T22:08:47.264686+03:00,3184,Çam Sokak 6,GÜNGÖREN,41.0121,28.8882,50,1,49,YOL ÜSTÜ,0,15,08:00-17:00
2026-07-16T19:08:47.264686+00:00,2026-07-16T22:08:47.264686+03:00,2003,Çatalca İnceğiz Mesire Alanı,ÇATALCA,41.1827,28.4041,1000,1,999,AÇIK OTOPARK,0,0,06:00-20:00
2026-07-16T19:08:47.264686+00:00,2026-07-16T22:08:47.264686+03:00,3030,Çekmeköy Metro PD Zemin Altı Otoparkı,ÇEKMEKÖY,41.0147,29.1886,175,73,102,KAPALI OTOPARK,1,15,24 Saat
2026-07-16T19:08:47.264686+00:00,2026-07-16T22:08:47.264686+03:00,2905,Çeliktepe Açık Otoparkı,KAĞITHANE,41.0843,29.0056,200,83,117,AÇIK OTOPARK,1,5,24 Saat
2026-07-16T19:08:47.264686+00:00,2026-07-16T22:08:47.264686+03:00,1298,Çengelköy Açık Otoparkı,ÜSKÜDAR,41.0484,29.0533,500,0,500,AÇIK OTOPARK,1,15,24 Saat
2026-07-16T19:08:47.264686+00:00,2026-07-16T22:08:47.264686+03:00,502,Çınar Açık Otoparkı,BEŞİKTAŞ,41.0853,29.0088,65,1,64,AÇIK OTOPARK,0,0,08:00-18:00
2026-07-16T19:08:47.264686+00:00,2026-07-16T22:08:47.264686+03:00,777,Çırağan Sarayı Yol Üstü 1,BEŞİKTAŞ,41.0448,29.0165,40,1,39,YOL ÜSTÜ,1,15,08:00-23:00
2026-07-16T19:08:47.264686+00:00,2026-07-16T22:08:47.264686+03:00,778,Çırağan Sarayı Yol Üstü 2,BEŞİKTAŞ,41.0445,29.0156,40,1,39,YOL ÜSTÜ,1,15,08:00-23:00
2026-07-16T19:08:47.264686+00:00,2026-07-16T22:08:47.264686+03:00,2228,Çırpıcı Sosyal Tesisler,ZEYTİNBURNU,41,28.8926,128,0,128,AÇIK OTOPARK,1,15,07:00-00:00
2026-07-16T19:08:47.264686+00:00,2026-07-16T22:08:47.264686+03:00,1508,Çiroz Yeşilköy Halk Pazarı,BAKIRKÖY,40.9628,28.8129,471,1,470,AÇIK OTOPARK,0,0,08:00-18:00
2026-07-16T19:08:47.264686+00:00,2026-07-16T22:08:47.264686+03:00,2030,Dalyan Açık Otoparkı,KADIKÖY,40.9632,29.0651,92,0,92,AÇIK OTOPARK,1,15,24 Saat
2026-07-16T19:08:47.264686+00:00,2026-07-16T22:08:47.264686+03:00,2271,Damla Sokak 1,ŞİŞLİ,41.0672,29.0004,17,1,16,YOL ÜSTÜ,0,15,07:30-16:30
2026-07-16T19:08:47.264686+00:00,2026-07-16T22:08:47.264686+03:00,2164,Darüşşafaka Yeraltı Otoparkı,SARIYER,41.1292,29.0252,150,86,64,KAPALI OTOPARK,1,15,08:00-00:00
2026-07-16T19:08:47.264686+00:00,2026-07-16T22:08:47.264686+03:00,1653,Deniz Feneri Otoparkı,FATİH,41.0019,28.9773,175,51,124,AÇIK OTOPARK,1,5,24 Saat
2026-07-16T19:08:47.264686+00:00,2026-07-16T22:08:47.264686+03:00,595,Dostluk Yurdu 1,FATİH,41.0071,28.973,33,33,0,YOL ÜSTÜ,0,15,07:00-17:00
2026-07-16T19:08:47.264686+00:00,2026-07-16T22:08:47.264686+03:00,2237,Dragos Sosyal Tesisleri,KARTAL,40.9017,29.1458,100,0,100,AÇIK OTOPARK,1,15,24 Saat
2026-07-16T19:08:47.264686+00:00,2026-07-16T22:08:47.264686+03:00,3063,Dudullu Metro PD Zemin Altı Otoparkı,ÜMRANİYE,41.0156,29.1633,81,62,19,KAPALI OTOPARK,1,15,07:00-23:30
2026-07-16T19:08:47.264686+00:00,2026-07-16T22:08:47.264686+03:00,1522,Ebu Suut Caddesi 1,FATİH,41.0128,28.9766,35,1,34,YOL ÜSTÜ,0,0,08:00-18:00
2026-07-16T19:08:47.264686+00:00,2026-07-16T22:08:47.264686+03:00,2147,EGS Blokları Açık Otoparkı,BAKIRKÖY,40.9863,28.8354,350,120,230,AÇIK OTOPARK,0,60,09:00-19:30
2026-07-16T19:08:47.264686+00:00,2026-07-16T22:08:47.264686+03:00,2366,Esenler Adem Baştürk Kültür Merkezi Katlı,ESENLER,41.039,28.8846,460,5,455,KAPALI OTOPARK,1,15,24 Saat
2026-07-16T19:08:47.264686+00:00,2026-07-16T22:08:47.264686+03:00,3190,Esenler Havaalanı Mahallesi Zemin Altı Otoparkı,ESENLER,41.0562,28.8674,610,347,263,KAPALI OTOPARK,1,10,24 Saat
2026-07-16T19:08:47.264686+00:00,2026-07-16T22:08:47.264686+03:00,3011,Esenler Menderes Metro İstasyonu Yanı,ESENLER,41.0427,28.8783,68,0,68,AÇIK OTOPARK,1,5,24 Saat
2026-07-16T19:08:47.264686+00:00,2026-07-16T22:08:47.264686+03:00,2822,Esenler Menderes Parkı Zemin Altı Otoparkı,ESENLER,41.0412,28.8729,325,64,261,KAPALI OTOPARK,1,10,24 Saat
2026-07-16T19:08:47.264686+00:00,2026-07-16T22:08:47.264686+03:00,3303,Esenyurt Adile Naşit Bulvarı Zeminaltı Otoparkı,ESENYURT,41.0205,28.6859,367,300,67,KAPALI OTOPARK,1,15,24 Saat
2026-07-16T19:08:47.264686+00:00,2026-07-16T22:08:47.264686+03:00,1328,Eski Salı Pazarı,KADIKÖY,40.9904,29.0338,760,0,760,AÇIK OTOPARK,1,15,24 Saat
2026-07-16T19:08:47.264686+00:00,2026-07-16T22:08:47.264686+03:00,904,Eyüp Pierloti Caddesi 1,EYÜP,41.0539,28.9329,40,40,0,YOL ÜSTÜ,0,0,09:00-22:00
2026-07-16T19:08:47.264686+00:00,2026-07-16T22:08:47.264686+03:00,2850,Eyüpsultan Akşemsettin Mahallesi Zemin Altı Otoparkı,EYÜP,41.085,28.9258,110,0,110,KAPALI OTOPARK,1,15,24 Saat
2026-07-16T19:08:47.264686+00:00,2026-07-16T22:08:47.264686+03:00,2215,Fatih Çeşmesi Tabiat Parkı Otoparkı,SARIYER,41.1686,28.9448,250,1,249,AÇIK OTOPARK,0,0,06:00-20:00
2026-07-16T19:08:47.264686+00:00,2026-07-16T22:08:47.264686+03:00,1475,Fatih Katlı Otoparkı,FATİH,41.0198,28.9396,118,4,114,KAPALI OTOPARK,1,10,24 Saat
2026-07-16T19:08:47.264686+00:00,2026-07-16T22:08:47.264686+03:00,1591,Feshane PD Açık Otoparkı,EYÜP,41.0463,28.9378,200,87,113,AÇIK OTOPARK,1,15,24 Saat
2026-07-16T19:08:47.264686+00:00,2026-07-16T22:08:47.264686+03:00,1005,Florya Havuzlu Bahçe,BAKIRKÖY,40.9764,28.7908,135,1,134,AÇIK OTOPARK,1,0,09:00-23:00
2026-07-16T19:08:47.264686+00:00,2026-07-16T22:08:47.264686+03:00,2238,Florya Sosyal Tesisleri,BAKIRKÖY,40.9614,28.8091,1074,576,498,AÇIK OTOPARK,1,15,24 Saat
2026-07-16T19:08:47.264686+00:00,2026-07-16T22:08:47.264686+03:00,3296,Gaziosmanpaşa Meydanı ve Yaşam Merkezi Zemin Altı Otoparkı,GAZİOSMANPAŞA,41.0606,28.9093,202,0,202,KAPALI OTOPARK,1,15,24 Saat
2026-07-16T19:08:47.264686+00:00,2026-07-16T22:08:47.264686+03:00,2971,Gaziosmanpaşa Zemin Altı Otoparkı,GAZİOSMANPAŞA,41.0796,28.8858,285,0,285,KAPALI OTOPARK,1,0,24 Saat
2026-07-16T19:08:47.264686+00:00,2026-07-16T22:08:47.264686+03:00,3401,Giyimkent Tekstilkent Metro Zemin Altı PD Otoparkı,ESENLER,41.0711,28.8666,203,188,15,KAPALI OTOPARK,1,10,24 Saat
2026-07-16T19:08:47.264686+00:00,2026-07-16T22:08:47.264686+03:00,2242,Gözdağı Sosyal Tesisler  Açık Otoparkı,PENDİK,40.893,29.2538,300,218,82,AÇIK OTOPARK,1,0,07:00-23:00
2026-07-16T19:08:47.264686+00:00,2026-07-16T22:08:47.264686+03:00,1879,Gülsuyu Metro PD Yer Altı Otoparkı,MALTEPE,40.9237,29.1548,76,0,76,KAPALI OTOPARK,1,15,08:00-00:00
2026-07-16T19:08:47.264686+00:00,2026-07-16T22:08:47.264686+03:00,1423,Güneş Plajı 1,BAKIRKÖY,40.9712,28.79,250,91,159,AÇIK OTOPARK,1,10,24 Saat
2026-07-16T19:08:47.264686+00:00,2026-07-16T22:08:47.264686+03:00,1461,Güneş Plajı 2,BAKIRKÖY,40.9692,28.7951,135,11,124,AÇIK OTOPARK,0,10,08:00-20:00
2026-07-16T19:08:47.264686+00:00,2026-07-16T22:08:47.264686+03:00,3053,Güngören Nikah Dairesi Zemin Altı otoparkı,GÜNGÖREN,41.0363,28.8718,147,0,147,KAPALI OTOPARK,1,10,24 Saat
2026-07-16T19:08:47.264686+00:00,2026-07-16T22:08:47.264686+03:00,2216,Gürpınar Balık Hali Otoparkı,BEYLİKDÜZÜ,40.9663,28.6019,1000,858,142,AÇIK OTOPARK,1,15,24 Saat
2026-07-16T19:08:47.264686+00:00,2026-07-16T22:08:47.264686+03:00,1525,Hacıosman Metro Yer Altı Otoparkı,SARIYER,41.14,29.0306,422,0,422,KAPALI OTOPARK,1,15,24 Saat
2026-07-16T19:08:47.264686+00:00,2026-07-16T22:08:47.264686+03:00,1470,Haldun Alagaş Katlı Otoparkı,ÜMRANİYE,41.0262,29.1052,197,102,95,KAPALI OTOPARK,1,15,24 Saat
2026-07-16T19:08:47.264686+00:00,2026-07-16T22:08:47.264686+03:00,3235,Haliç Sosyal Tesisleri Otoparkı,FATİH,41.0277,28.9572,60,29,31,AÇIK OTOPARK,1,15,07:00-00:00
2026-07-16T19:08:47.264686+00:00,2026-07-16T22:08:47.264686+03:00,2848,Halkalı Mahallesi Zemin Altı Otoparkı,KÜÇÜKÇEKMECE,41.0359,28.7848,347,282,65,KAPALI OTOPARK,1,15,24 Saat
2026-07-16T19:08:47.264686+00:00,2026-07-16T22:08:47.264686+03:00,2838,Hamidiye Mahallesi Katlı Otoparkı,KAĞITHANE,41.0949,28.971,450,208,242,KAPALI OTOPARK,1,15,24 Saat
2026-07-16T19:08:47.264686+00:00,2026-07-16T22:08:47.264686+03:00,1446,Harbiye Zemin Altı Otoparkı,BEYOĞLU,41.0408,28.9869,142,58,84,KAPALI OTOPARK,1,0,24 Saat
2026-07-16T19:08:47.264686+00:00,2026-07-16T22:08:47.264686+03:00,2332,Haydarpaşa Katlı Otoparkı,ÜSKÜDAR,41.0048,29.0251,840,693,147,KAPALI OTOPARK,1,15,24 Saat
2026-07-16T19:08:47.264686+00:00,2026-07-16T22:08:47.264686+03:00,1987,Haznedar Yer Altı Otoparkı,GÜNGÖREN,41.0083,28.8729,540,0,540,KAPALI OTOPARK,1,0,24 Saat
2026-07-16T19:08:47.264686+00:00,2026-07-16T22:08:47.264686+03:00,377,Hızır Külhani Sokak,FATİH,41.0202,28.9605,32,1,31,YOL ÜSTÜ,0,15,09:00-17:00
2026-07-16T19:08:47.264686+00:00,2026-07-16T22:08:47.264686+03:00,3173,Hürriyet Mahallesi Zeminaltı Otoparkı,GAZİOSMANPAŞA,41.0708,28.8951,190,0,190,KAPALI OTOPARK,1,15,24 Saat
2026-07-16T19:08:47.264686+00:00,2026-07-16T22:08:47.264686+03:00,157,Ihlamur Dere Caddesi 4,BEŞİKTAŞ,41.047,29.0023,27,1,26,YOL ÜSTÜ,0,15,09:00-17:00
2026-07-16T19:08:47.264686+00:00,2026-07-16T22:08:47.264686+03:00,1189,İçerenköy Sebze Meyve Hali Otoparkı,ATAŞEHİR,40.9766,29.1044,600,600,0,AÇIK OTOPARK,1,15,24 Saat
2026-07-16T19:08:47.264686+00:00,2026-07-16T22:08:47.264686+03:00,1127,İshakpaşa Caddesi,FATİH,41.0079,28.9814,200,1,199,YOL ÜSTÜ,0,0,08:00-18:00
2026-07-16T19:08:47.264686+00:00,2026-07-16T22:08:47.264686+03:00,3265,İspark İstanbul West Marina Açık Otoparkı 1,BEYLİKDÜZÜ,40.9636,28.6564,250,1,249,AÇIK OTOPARK,1,15,24 Saat
2026-07-16T19:08:47.264686+00:00,2026-07-16T22:08:47.264686+03:00,2793,İspark Merter Katlı Otoparkı,GÜNGÖREN,41.0097,28.89,900,501,399,KAPALI OTOPARK,1,10,24 Saat
2026-07-16T19:08:47.264686+00:00,2026-07-16T22:08:47.264686+03:00,2430,İspark West İstanbul Marina Açık Otoparkı,BEYLİKDÜZÜ,40.9639,28.6591,1600,1064,536,AÇIK OTOPARK,1,15,24 Saat
2026-07-16T19:08:47.264686+00:00,2026-07-16T22:08:47.264686+03:00,381,İstinye 4 ( Cami Önü ),SARIYER,41.1149,29.0571,25,1,24,YOL ÜSTÜ,0,15,08:30-17:30
2026-07-16T19:08:47.264686+00:00,2026-07-16T22:08:47.264686+03:00,1804,İtalyan Hastanesi Karşısı Açık Otoparkı 1,BEYOĞLU,41.028,28.9815,30,1,29,AÇIK OTOPARK,0,0,08:00-19:00
2026-07-16T19:08:47.264686+00:00,2026-07-16T22:08:47.264686+03:00,507,Kabasakal Medrese Önü,FATİH,41.0062,28.9789,65,1,64,AÇIK OTOPARK,0,0,08:00-18:30
2026-07-16T19:08:47.264686+00:00,2026-07-16T22:08:47.264686+03:00,3306,Kabataş Transfer Merkezi Turizm Otobüs Otoparkı,BEYOĞLU,41.0336,28.9923,160,50,110,KAPALI OTOPARK,1,20,24 Saat
2026-07-16T19:08:47.264686+00:00,2026-07-16T22:08:47.264686+03:00,2918,Kadıköy Hasanpaşa Gazhane Katlı Otoparkı,KADIKÖY,40.9972,29.0428,310,93,217,KAPALI OTOPARK,1,15,24 Saat
2026-07-16T19:08:47.264686+00:00,2026-07-16T22:08:47.264686+03:00,1447,Kadıköy İski Açık Otoparkı,KADIKÖY,40.9874,29.0207,124,33,91,AÇIK OTOPARK,1,15,24 Saat
2026-07-16T19:08:47.264686+00:00,2026-07-16T22:08:47.264686+03:00,1655,Kadıköy Metro Açık Otoparkı,KADIKÖY,40.9899,29.0217,74,8,66,AÇIK OTOPARK,1,15,24 Saat
2026-07-16T19:08:47.264686+00:00,2026-07-16T22:08:47.264686+03:00,3445,Kadıköy Uzunçayır PD Açık Otoparkı,KADIKÖY,40.9982,29.0569,70,51,19,AÇIK OTOPARK,0,15,06:30-16:30
2026-07-16T19:08:47.264686+00:00,2026-07-16T22:08:47.264686+03:00,2808,Kadıköy Yeni Salı Pazarı PD Katlı Otoparkı,KADIKÖY,40.9969,29.0486,1350,451,899,KAPALI OTOPARK,1,15,24 Saat
2026-07-16T19:08:47.264686+00:00,2026-07-16T22:08:47.264686+03:00,2811,Kağıthane Harmantepe Zemin Altı Otoparkı,KAĞITHANE,41.0816,28.9907,200,0,200,KAPALI OTOPARK,1,0,24 Saat
2026-07-16T19:08:47.264686+00:00,2026-07-16T22:08:47.264686+03:00,1452,Kalamış Açık Otoparkı,KADIKÖY,40.9687,29.0363,173,25,148,AÇIK OTOPARK,1,15,24 Saat
2026-07-16T19:08:47.264686+00:00,2026-07-16T22:08:47.264686+03:00,1474,Kartal Hasan Doğan Spor Kompleksi,KARTAL,40.8918,29.1897,773,0,773,KAPALI OTOPARK,1,15,24 Saat
2026-07-16T19:08:47.264686+00:00,2026-07-16T22:08:47.264686+03:00,1105,Kartal İdo Açık Otoparkı,KARTAL,40.8874,29.1881,90,0,90,AÇIK OTOPARK,1,15,24 Saat
2026-07-16T19:08:47.264686+00:00,2026-07-16T22:08:47.264686+03:00,1550,Kartal Sahil Açık Otoparkı,KARTAL,40.8875,29.1901,75,62,13,AÇIK OTOPARK,1,5,24 Saat
2026-07-16T19:08:47.264686+00:00,2026-07-16T22:08:47.264686+03:00,3434,Kasımpaşa Sosyal Tesisler Otoparkı,BEYOĞLU,41.0296,28.9673,60,36,24,AÇIK OTOPARK,1,0,07:30-23:00
2026-07-16T19:08:47.264686+00:00,2026-07-16T22:08:47.264686+03:00,2827,Kayaşehir Meydan Zemin Altı Otoparkı,BAŞAKŞEHİR,41.1196,28.7718,1054,1,1053,KAPALI OTOPARK,0,0,10:00-17:00
2026-07-16T19:08:47.264686+00:00,2026-07-16T22:08:47.264686+03:00,1960,Kazlıçeşme Marmaray Açık Otoparkı,ZEYTİNBURNU,40.9922,28.917,700,633,67,AÇIK OTOPARK,1,15,24 Saat
2026-07-16T19:08:47.264686+00:00,2026-07-16T22:08:47.264686+03:00,2994,Kirazlı Metro Durağı PD Açık Otoparkı,BAĞCILAR,41.033,28.8429,112,0,112,AÇIK OTOPARK,1,5,24 Saat
2026-07-16T19:08:47.264686+00:00,2026-07-16T22:08:47.264686+03:00,1528,Kore Şehitleri Caddesi - Yüzbaşı Kaya Aldağon Sokak 1,ŞİŞLİ,41.0719,29.0139,40,1,39,YOL ÜSTÜ,0,15,07:00-16:00
2026-07-16T19:08:47.264686+00:00,2026-07-16T22:08:47.264686+03:00,2449,Kozyatağı Sebze-Meyve Hali,ATAŞEHİR,40.9787,29.1029,1500,1500,0,AÇIK OTOPARK,1,0,24 Saat
2026-07-16T19:08:47.264686+00:00,2026-07-16T22:08:47.264686+03:00,1206,Kutlugün Sokak 2,FATİH,41.0061,28.9801,200,1,199,YOL ÜSTÜ,0,0,08:00-18:00
2026-07-16T19:08:47.264686+00:00,2026-07-16T22:08:47.264686+03:00,3074,Küçük Çamlıca,ÜSKÜDAR,41.0204,29.0653,129,106,23,AÇIK OTOPARK,0,0,08:00-22:00
2026-07-16T19:08:47.264686+00:00,2026-07-16T22:08:47.264686+03:00,3127,Küçükçekmece Cennet Mahallesi Meydan Zemin Altı Otoparkı,KÜÇÜKÇEKMECE,40.9907,28.783,456,0,456,KAPALI OTOPARK,1,10,24 Saat
2026-07-16T19:08:47.264686+00:00,2026-07-16T22:08:47.264686+03:00,2554,Küçükçekmece Fevzi Çakmak Meydanı Zemin Altı Otoparkı,KÜÇÜKÇEKMECE,41.0076,28.7927,1000,490,510,KAPALI OTOPARK,1,10,24 Saat
2026-07-16T19:08:47.264686+00:00,2026-07-16T22:08:47.264686+03:00,2882,Küçüksu Kasrı Açık Otoparkı,BEYKOZ,41.0789,29.0657,98,91,7,AÇIK OTOPARK,1,0,07:00-23:00
2026-07-16T19:08:47.264686+00:00,2026-07-16T22:08:47.264686+03:00,220,Levent Hamidiye,BEŞİKTAŞ,41.0861,29.0076,100,1,99,AÇIK OTOPARK,0,0,08:00-19:00
2026-07-16T19:08:47.264686+00:00,2026-07-16T22:08:47.264686+03:00,1138,Levent Metro Yer Altı Otoparkı,BEŞİKTAŞ,41.0811,29.0105,100,100,0,AÇIK OTOPARK,0,5,07:30-19:30
2026-07-16T19:08:47.264686+00:00,2026-07-16T22:08:47.264686+03:00,2335,Maçka Açık Otoparkı,ŞİŞLİ,41.046,28.9908,75,74,1,AÇIK OTOPARK,1,0,24 Saat
2026-07-16T19:08:47.264686+00:00,2026-07-16T22:08:47.264686+03:00,1859,Maçka Katlı Otoparkı,ŞİŞLİ,41.0484,28.9903,508,0,508,KAPALI OTOPARK,1,0,24 Saat
2026-07-16T19:08:47.264686+00:00,2026-07-16T22:08:47.264686+03:00,3193,Maltepe Rıhtım Caddesi Açık Otoparkı,MALTEPE,40.9258,29.1241,76,4,72,AÇIK OTOPARK,1,0,24 Saat
2026-07-16T19:08:47.264686+00:00,2026-07-16T22:08:47.264686+03:00,2146,Maltepe Süreyyapaşa Çarşısı Açık Otoparkı,MALTEPE,40.9274,29.1225,156,0,156,AÇIK OTOPARK,1,0,24 Saat
2026-07-16T19:08:47.264686+00:00,2026-07-16T22:08:47.264686+03:00,1599,Maslak Açık Otoparkı,SARIYER,41.1166,29.024,150,65,85,AÇIK OTOPARK,1,10,24 Saat
2026-07-16T19:08:47.264686+00:00,2026-07-16T22:08:47.264686+03:00,2100,Matbaacılar Sitesi Yanı,ZEYTİNBURNU,41.0234,28.9187,250,210,40,AÇIK OTOPARK,1,5,24 Saat
2026-07-16T19:08:47.264686+00:00,2026-07-16T22:08:47.264686+03:00,920,Meclis-i Mebusan Yokuşu 2,BEYOĞLU,41.0326,28.9882,34,1,33,YOL ÜSTÜ,0,15,09:00-17:00
2026-07-16T19:08:47.264686+00:00,2026-07-16T22:08:47.264686+03:00,1546,Menekşe Plajı Açık Otoparkı,BAKIRKÖY,40.9761,28.7766,200,200,0,AÇIK OTOPARK,1,0,24 Saat
2026-07-16T19:08:47.264686+00:00,2026-07-16T22:08:47.264686+03:00,1376,Mercan Açık,FATİH,41.0136,28.9669,130,127,3,AÇIK OTOPARK,1,0,08:00-23:00
2026-07-16T19:08:47.264686+00:00,2026-07-16T22:08:47.264686+03:00,3309,Mercan Ali Paşa Sarayı Zemin Altı Otoparkı,FATİH,41.0136,28.967,196,1,195,KAPALI OTOPARK,0,0,07:00-21:00
2026-07-16T19:08:47.264686+00:00,2026-07-16T22:08:47.264686+03:00,1472,Merter Katlı Otoparkı,GÜNGÖREN,41.0092,28.8874,1000,917,83,KAPALI OTOPARK,1,10,24 Saat
2026-07-16T19:08:47.264686+00:00,2026-07-16T22:08:47.264686+03:00,2375,Merter Metro PD Zeminaltı Otoparkı,GÜNGÖREN,41.0037,28.8897,242,105,137,KAPALI OTOPARK,1,10,24 Saat
2026-07-16T19:08:47.264686+00:00,2026-07-16T22:08:47.264686+03:00,1568,Mete Caddesi 1,BEYOĞLU,41.0382,28.9879,31,1,30,YOL ÜSTÜ,1,15,08:00-23:00
2026-07-16T19:08:47.264686+00:00,2026-07-16T22:08:47.264686+03:00,1471,Mevlana Yeraltı Katlı Otoparkı,ZEYTİNBURNU,41.0072,28.9049,1000,868,132,KAPALI OTOPARK,1,5,24 Saat
2026-07-16T19:08:47.264686+00:00,2026-07-16T22:08:47.264686+03:00,2709,Millet Caddesi Açık Otoparkı,FATİH,41.01,28.9461,60,42,18,AÇIK OTOPARK,1,15,24 Saat
2026-07-16T19:08:47.264686+00:00,2026-07-16T22:08:47.264686+03:00,3152,Mimar Sinan Zemin Altı Otoparkı,ÜSKÜDAR,41.0222,29.0169,956,275,681,KAPALI OTOPARK,1,15,24 Saat
2026-07-16T19:08:47.264686+00:00,2026-07-16T22:08:47.264686+03:00,2870,Miniatürk Çadır Açık Otoparkı,BEYOĞLU,41.0594,28.9501,250,109,141,AÇIK OTOPARK,0,15,07:00-20:00
2026-07-16T19:08:47.264686+00:00,2026-07-16T22:08:47.264686+03:00,2556,Muallim Naci Açık Otoparkı,BEŞİKTAŞ,41.0561,29.0342,35,6,29,AÇIK OTOPARK,1,15,24 Saat
2026-07-16T19:08:47.264686+00:00,2026-07-16T22:08:47.264686+03:00,569,Oda Kule Önü 1,BEYOĞLU,41.0322,28.9751,24,1,23,YOL ÜSTÜ,1,0,07:00-01:00
2026-07-16T19:08:47.264686+00:00,2026-07-16T22:08:47.264686+03:00,1988,Orhangazi Şehir Parkı PD Açık Otoparkı,MALTEPE,40.9313,29.1161,5022,3221,1801,AÇIK OTOPARK,1,15,24 Saat
2026-07-16T19:08:47.264686+00:00,2026-07-16T22:08:47.264686+03:00,152,Ortabahçe Caddesi 2,BEŞİKTAŞ,41.0428,29.0043,35,1,34,YOL ÜSTÜ,1,15,08:00-23:00
2026-07-16T19:08:47.264686+00:00,2026-07-16T22:08:47.264686+03:00,153,Ortabahçe Caddesi 3,BEŞİKTAŞ,41.043,29.0042,26,1,25,YOL ÜSTÜ,1,15,08:00-23:00
2026-07-16T19:08:47.264686+00:00,2026-07-16T22:08:47.264686+03:00,119,Ortaklar Caddesi 1,ŞİŞLİ,41.0638,28.9971,25,1,24,YOL ÜSTÜ,0,15,08:30-17:00
2026-07-16T19:08:47.264686+00:00,2026-07-16T22:08:47.264686+03:00,1343,Ortaköy Açık Otoparkı,BEŞİKTAŞ,41.0504,29.0326,170,136,34,AÇIK OTOPARK,1,0,24 Saat
2026-07-16T19:08:47.264686+00:00,2026-07-16T22:08:47.264686+03:00,572,Ortaköy Portakal Yokuşu 1,BEŞİKTAŞ,41.0503,29.0261,15,1,14,YOL ÜSTÜ,0,15,09:00-19:00
2026-07-16T19:08:47.264686+00:00,2026-07-16T22:08:47.264686+03:00,1039,Öğretmen Evi,AVCILAR,40.9723,28.714,80,42,38,AÇIK OTOPARK,1,0,11:00-23:00
2026-07-16T19:08:47.264686+00:00,2026-07-16T22:08:47.264686+03:00,1466,Pendik Katlı Otoparkı,PENDİK,40.8789,29.2342,120,0,120,KAPALI OTOPARK,1,15,24 Saat
2026-07-16T19:08:47.264686+00:00,2026-07-16T22:08:47.264686+03:00,3073,Pendik Kemal Kalkuz Parkı Zemin Altı Otoparkı,PENDİK,40.8885,29.2427,224,0,224,KAPALI OTOPARK,0,0,09:00-18:00
2026-07-16T19:08:47.264686+00:00,2026-07-16T22:08:47.264686+03:00,3019,Pendik Meydan Zemin Altı Otoparkı,PENDİK,40.8752,29.2324,937,0,937,KAPALI OTOPARK,1,0,24 Saat
2026-07-16T19:08:47.264686+00:00,2026-07-16T22:08:47.264686+03:00,2865,Pendik Sahil Engelliler Merkez Önü,PENDİK,40.8735,29.233,100,66,34,AÇIK OTOPARK,0,0,11:00-20:00
2026-07-16T19:08:47.264686+00:00,2026-07-16T22:08:47.264686+03:00,2434,Pendik Sahil İdo,PENDİK,40.8755,29.2369,100,0,100,AÇIK OTOPARK,1,0,07:00-23:00
2026-07-16T19:08:47.264686+00:00,2026-07-16T22:08:47.264686+03:00,248,Pendik Yenimahalle Açık 2 Otoparkı,PENDİK,40.864,29.2723,124,110,14,AÇIK OTOPARK,0,15,10:00-22:00
2026-07-16T19:08:47.264686+00:00,2026-07-16T22:08:47.264686+03:00,297,Perşembe Pazarı 1,BEYOĞLU,41.0252,28.9693,32,1,31,YOL ÜSTÜ,0,15,08:00-17:00
2026-07-16T19:08:47.264686+00:00,2026-07-16T22:08:47.264686+03:00,597,Pierre Loti Caddesi 3,FATİH,41.0069,28.9711,36,1,35,YOL ÜSTÜ,0,0,07:00-17:00
2026-07-16T19:08:47.264686+00:00,2026-07-16T22:08:47.264686+03:00,3263,Piyalepaşa Meydanı Zemin Altı Otoparkı,BEYOĞLU,41.0445,28.9674,560,240,320,KAPALI OTOPARK,1,0,24 Saat
2026-07-16T19:08:47.264686+00:00,2026-07-16T22:08:47.264686+03:00,423,Prof.Cemil Birsel Yokuşu 3,FATİH,41.0178,28.967,40,1,39,YOL ÜSTÜ,0,0,07:00-18:00
2026-07-16T19:08:47.264686+00:00,2026-07-16T22:08:47.264686+03:00,1900,Ragıp Gümüşpala Cad.(Sobacılar Önü),FATİH,41.0181,28.969,40,1,39,YOL ÜSTÜ,0,15,07:00-18:00
2026-07-16T19:08:47.264686+00:00,2026-07-16T22:08:47.264686+03:00,415,Ragıp Gümüşpala Camii Önü 1,FATİH,41.0211,28.9627,35,1,34,YOL ÜSTÜ,0,0,07:00-17:30
2026-07-16T19:08:47.264686+00:00,2026-07-16T22:08:47.264686+03:00,3268,Refik Saydam Caddesi 3,BEYOĞLU,41.032,28.9736,55,1,54,YOL ÜSTÜ,1,0,06:00-23:00
2026-07-16T19:08:47.264686+00:00,2026-07-16T22:08:47.264686+03:00,2307,Ressam Halim Sokak PD Açık Otoparkı,BAHÇELİEVLER,40.9967,28.8641,120,109,11,AÇIK OTOPARK,1,15,08:00-00:00
2026-07-16T19:08:47.264686+00:00,2026-07-16T22:08:47.264686+03:00,3082,Rumeli Hisarı Sahil Yolu Otoparkı,SARIYER,41.0854,29.0568,20,2,18,AÇIK OTOPARK,1,0,24 Saat
2026-07-16T19:08:47.264686+00:00,2026-07-16T22:08:47.264686+03:00,1595,Sabiha Gökçen Açık Otoparkı,PENDİK,40.925,29.308,1056,23,1033,AÇIK OTOPARK,1,15,24 Saat
2026-07-16T19:08:47.264686+00:00,2026-07-16T22:08:47.264686+03:00,3239,Samatya Sahil Cep Otoparkı,FATİH,40.9954,28.932,113,50,63,AÇIK OTOPARK,1,15,24 Saat
2026-07-16T19:08:47.264686+00:00,2026-07-16T22:08:47.264686+03:00,3273,Sarıyer Büyükdere Fidanlığı,SARIYER,41.1548,29.0268,160,157,3,AÇIK OTOPARK,0,0,08:00-18:00
2026-07-16T19:08:47.264686+00:00,2026-07-16T22:08:47.264686+03:00,3299,Sariyer Ayazağa Mah Vadi İstanbul Önü Açık Otoparkı,SARIYER,41.1106,28.9881,100,97,3,AÇIK OTOPARK,0,0,08:00-20:00
2026-07-16T19:08:47.264686+00:00,2026-07-16T22:08:47.264686+03:00,1303,Seyrantepe Katlı (Arena Karşısı) 1,KAĞITHANE,41.101,28.9961,1897,1,1896,KAPALI OTOPARK,1,0,24 Saat
2026-07-16T19:08:47.264686+00:00,2026-07-16T22:08:47.264686+03:00,1628,Sıracevizler Caddesi Yol Üstü 5,ŞİŞLİ,41.0607,28.9841,45,1,44,YOL ÜSTÜ,0,15,09:00-17:00
2026-07-16T19:08:47.264686+00:00,2026-07-16T22:08:47.264686+03:00,464,Sirkeci Gar Önü,FATİH,41.015,28.9761,60,1,59,AÇIK OTOPARK,0,5,07:00-20:00
2026-07-16T19:08:47.264686+00:00,2026-07-16T22:08:47.264686+03:00,1486,Siyavuşpaşa Yer Altı Otoparkı,BAHÇELİEVLER,40.9965,28.8532,155,0,155,KAPALI OTOPARK,1,0,24 Saat
2026-07-16T19:08:47.264686+00:00,2026-07-16T22:08:47.264686+03:00,1958,Soğanlık Metro PD Açık Otoparkı,KARTAL,40.9131,29.1925,898,849,49,AÇIK OTOPARK,1,15,24 Saat
2026-07-16T19:08:47.264686+00:00,2026-07-16T22:08:47.264686+03:00,589,Su Terazisi Sokak,FATİH,41.0046,28.9727,22,1,21,YOL ÜSTÜ,0,0,07:30-17:00
2026-07-16T19:08:47.264686+00:00,2026-07-16T22:08:47.264686+03:00,1478,Suadiye Cep Açık Otoparkı,KADIKÖY,40.9586,29.0732,130,31,99,AÇIK OTOPARK,1,15,24 Saat
2026-07-16T19:08:47.264686+00:00,2026-07-16T22:08:47.264686+03:00,2948,Suadiye Sahil Açık Otoparkı,KADIKÖY,40.9562,29.0797,70,5,65,AÇIK OTOPARK,1,5,24 Saat
2026-07-16T19:08:47.264686+00:00,2026-07-16T22:08:47.264686+03:00,2799,Sultanbeyli Emir Caddesi Zemin Altı Otoparkı,SULTANBEYLİ,40.9707,29.2606,130,115,15,KAPALI OTOPARK,0,15,08:00-22:00
2026-07-16T19:08:47.264686+00:00,2026-07-16T22:08:47.264686+03:00,2372,Sultanbeyli Kent Meydanı Zemin Altı Otoparkı,SULTANBEYLİ,40.9667,29.2667,300,205,95,KAPALI OTOPARK,1,15,24 Saat
2026-07-16T19:08:47.264686+00:00,2026-07-16T22:08:47.264686+03:00,2410,Sultangazi Zemin Altı Otoparkı,SULTANGAZİ,41.0944,28.8649,104,0,104,KAPALI OTOPARK,1,10,24 Saat
2026-07-16T19:08:47.264686+00:00,2026-07-16T22:08:47.264686+03:00,2085,Süleyman Seba Caddesi 2,BEŞİKTAŞ,41.0426,28.9998,40,1,39,YOL ÜSTÜ,0,15,08:00-18:00
2026-07-16T19:08:47.264686+00:00,2026-07-16T22:08:47.264686+03:00,2088,Süleyman Seba Caddesi 5,BEŞİKTAŞ,41.0432,28.9978,40,1,39,YOL ÜSTÜ,0,15,08:00-18:00
2026-07-16T19:08:47.264686+00:00,2026-07-16T22:08:47.264686+03:00,2089,Süleyman Seba Caddesi 6,BEŞİKTAŞ,41.0435,28.9967,11,1,10,YOL ÜSTÜ,0,15,08:00-18:00
2026-07-16T19:08:47.264686+00:00,2026-07-16T22:08:47.264686+03:00,2391,Süleymaniye Cami Altı Açık Otoparkı,FATİH,41.0158,28.961,250,235,15,AÇIK OTOPARK,0,0,06:30-18:30
2026-07-16T19:08:47.264686+00:00,2026-07-16T22:08:47.264686+03:00,1730,Sütlüce Miniatürk Yanı,BEYOĞLU,41.057,28.95,320,218,102,AÇIK OTOPARK,1,15,24 Saat
2026-07-16T19:08:47.264686+00:00,2026-07-16T22:08:47.264686+03:00,36,Şakayık Sokak 4,ŞİŞLİ,41.0518,28.9936,50,1,49,YOL ÜSTÜ,0,15,08:00-16:00
2026-07-16T19:08:47.264686+00:00,2026-07-16T22:08:47.264686+03:00,1469,Şehit Volkan Duysak Katlı Otoparkı,ZEYTİNBURNU,40.9968,28.9039,1000,662,338,KAPALI OTOPARK,1,5,24 Saat
2026-07-16T19:08:47.264686+00:00,2026-07-16T22:08:47.264686+03:00,2907,Şehremini Açık Otoparkı 2,FATİH,41.0135,28.9333,60,60,0,AÇIK OTOPARK,0,0,08:30-20:30
2026-07-16T19:08:47.264686+00:00,2026-07-16T22:08:47.264686+03:00,2855,Şemsipaşa Açık Otoparkı,ÜSKÜDAR,41.0255,29.0097,80,32,48,AÇIK OTOPARK,1,0,24 Saat
2026-07-16T19:08:47.264686+00:00,2026-07-16T22:08:47.264686+03:00,2439,Şirinevler Meydan Zeminaltı Otoparkı,BAHÇELİEVLER,40.9925,28.8496,367,107,260,KAPALI OTOPARK,1,0,24 Saat
2026-07-16T19:08:47.264686+00:00,2026-07-16T22:08:47.264686+03:00,3400,Şişhane Refik Saydam Caddesi 2 Yol Üstü Otoparkı 1,BEYOĞLU,41.0326,28.9743,70,1,69,YOL ÜSTÜ,1,15,06:00-23:00
2026-07-16T19:08:47.264686+00:00,2026-07-16T22:08:47.264686+03:00,1017,Şişli Kadırgalar Caddesi 1,ŞİŞLİ,41.0429,28.9927,100,1,99,AÇIK OTOPARK,1,0,07:00-23:00
2026-07-16T19:08:47.264686+00:00,2026-07-16T22:08:47.264686+03:00,3441,Şişli Kuştepe Zemin Altı Otoparkı,ŞİŞLİ,41.072,28.9919,430,344,86,KAPALI OTOPARK,1,15,24 Saat
2026-07-16T19:08:47.264686+00:00,2026-07-16T22:08:47.264686+03:00,2816,Şişli Rumeli Caddesi Metro Yanı 1,ŞİŞLİ,41.0538,28.9868,45,1,44,YOL ÜSTÜ,0,15,08:00-20:00
2026-07-16T19:08:47.264686+00:00,2026-07-16T22:08:47.264686+03:00,2406,Şişli Zemin Altı Otoparkı,ŞİŞLİ,41.0641,28.9992,581,411,170,KAPALI OTOPARK,1,15,24 Saat
2026-07-16T19:08:47.264686+00:00,2026-07-16T22:08:47.264686+03:00,1993,Tuzla İdo,TUZLA,40.8149,29.3039,300,79,221,AÇIK OTOPARK,1,15,24 Saat
2026-07-16T19:08:47.264686+00:00,2026-07-16T22:08:47.264686+03:00,3332,Tuzla Sahil Cep,TUZLA,40.8168,29.2992,50,41,9,AÇIK OTOPARK,1,0,08:00-00:00
2026-07-16T19:08:47.264686+00:00,2026-07-16T22:08:47.264686+03:00,3057,Tuzla Sahil Zemin Altı Otoparkı,TUZLA,40.8181,29.3004,779,478,301,KAPALI OTOPARK,1,15,24 Saat
2026-07-16T19:08:47.264686+00:00,2026-07-16T22:08:47.264686+03:00,1811,Ulu Camii Açık Otoparkı,BAHÇELİEVLER,40.9982,28.8499,150,117,33,AÇIK OTOPARK,1,10,24 Saat
2026-07-16T19:08:47.264686+00:00,2026-07-16T22:08:47.264686+03:00,2424,Uzunçayır Açık Otoparkı,KADIKÖY,40.9988,29.0556,58,52,6,AÇIK OTOPARK,0,0,06:00-16:00
2026-07-16T19:08:47.264686+00:00,2026-07-16T22:08:47.264686+03:00,1468,Ümraniye Katlı Otoparkı,ÜMRANİYE,41.0261,29.0953,665,520,145,KAPALI OTOPARK,1,15,24 Saat
2026-07-16T19:08:47.264686+00:00,2026-07-16T22:08:47.264686+03:00,2898,Ümraniye Okan Sokak Zeminaltı Otoparkı,ÜMRANİYE,41.0284,29.0907,125,32,93,KAPALI OTOPARK,1,15,24 Saat
2026-07-16T19:08:47.264686+00:00,2026-07-16T22:08:47.264686+03:00,2345,Üsküdar Uzunçayır PD Açık Otoparkı,ÜSKÜDAR,40.9988,29.0577,90,81,9,AÇIK OTOPARK,0,15,06:00-22:00
2026-07-16T19:08:47.264686+00:00,2026-07-16T22:08:47.264686+03:00,1929,Üsküdar Ünalan Açık Otoparkı,ÜSKÜDAR,40.9979,29.0604,180,174,6,AÇIK OTOPARK,0,0,07:00-17:00
2026-07-16T19:08:47.264686+00:00,2026-07-16T22:08:47.264686+03:00,1487,Vatan Caddesi PD Açık Otoparkı,FATİH,41.0157,28.9405,397,341,56,AÇIK OTOPARK,1,5,24 Saat
2026-07-16T19:08:47.264686+00:00,2026-07-16T22:08:47.264686+03:00,1621,Veteriner Hilmi Sokak Yol Üstü 1,ŞİŞLİ,41.0603,28.9892,20,1,19,YOL ÜSTÜ,0,15,08:00-17:00
2026-07-16T19:08:47.264686+00:00,2026-07-16T22:08:47.264686+03:00,2441,Yalı Açık Otoparkı,MALTEPE,40.9095,29.137,85,82,3,AÇIK OTOPARK,0,0,07:30-22:00
2026-07-16T19:08:47.264686+00:00,2026-07-16T22:08:47.264686+03:00,459,Yalı Köşkü Caddesi 1,FATİH,41.0163,28.9759,61,1,60,YOL ÜSTÜ,0,5,07:00-21:00
2026-07-16T19:08:47.264686+00:00,2026-07-16T22:08:47.264686+03:00,2037,Yenikapı Marmaray Büyük Otoparkı,FATİH,41.0057,28.9505,324,233,91,AÇIK OTOPARK,1,15,24 Saat
2026-07-16T19:08:47.264686+00:00,2026-07-16T22:08:47.264686+03:00,2036,Yenikapı Marmaray Küçük Otoparkı,FATİH,41.0064,28.9504,200,200,0,AÇIK OTOPARK,0,15,07:00-22:00
2026-07-16T19:08:47.264686+00:00,2026-07-16T22:08:47.264686+03:00,2175,Yenikapı Spor ve Kültür Merkezi PD Açık Otoparkı,FATİH,41.0006,28.9519,4023,3738,285,AÇIK OTOPARK,1,15,24 Saat
2026-07-16T19:08:47.264686+00:00,2026-07-16T22:08:47.264686+03:00,2805,Yenikapı Tünel Üstü Açık Otoparkı,FATİH,41.0029,28.9534,700,570,130,AÇIK OTOPARK,1,10,24 Saat
2026-07-16T19:08:47.264686+00:00,2026-07-16T22:08:47.264686+03:00,3404,Yenimahalle Metro Zemin Altı PD Otoparkı,GAZİOSMANPAŞA,41.0839,28.8926,114,96,18,KAPALI OTOPARK,1,15,24 Saat
2026-07-16T19:08:47.264686+00:00,2026-07-16T22:08:47.264686+03:00,2920,Yeşilce Zemin Altı Katlı Otoparkı,KAĞITHANE,41.0938,29.0017,676,287,389,KAPALI OTOPARK,1,0,24 Saat
2026-07-16T19:08:47.264686+00:00,2026-07-16T22:08:47.264686+03:00,987,Yeşilköy İstasyon Caddesi 1,BAKIRKÖY,40.962,28.825,40,1,39,YOL ÜSTÜ,0,15,09:00-17:30
2026-07-16T19:08:47.264686+00:00,2026-07-16T22:08:47.264686+03:00,974,Yeşilköy Marina 1,BAKIRKÖY,40.9576,28.8233,145,1,144,YOL ÜSTÜ,1,0,12:00-23:00
2026-07-16T19:08:47.264686+00:00,2026-07-16T22:08:47.264686+03:00,3406,Yeşilpınar Metro Zemin Altı PD Otoparkı,EYÜP,41.081,28.9204,269,188,81,KAPALI OTOPARK,1,15,24 Saat
2026-07-16T19:08:47.264686+00:00,2026-07-16T22:08:47.264686+03:00,315,Yeşilyurt Çarşı 1,BAKIRKÖY,40.9643,28.8379,50,1,49,YOL ÜSTÜ,0,15,09:00-17:30
2026-07-16T19:08:47.264686+00:00,2026-07-16T22:08:47.264686+03:00,1133,Yıldız Korusu,BEŞİKTAŞ,41.0514,29.0165,500,1,499,AÇIK OTOPARK,0,0,08:00-22:00
2026-07-16T19:08:47.264686+00:00,2026-07-16T22:08:47.264686+03:00,882,Zeytinburnu 58. Bulvar 2,ZEYTİNBURNU,40.9932,28.9039,48,1,47,YOL ÜSTÜ,0,15,09:00-18:00
2026-07-16T19:08:47.264686+00:00,2026-07-16T22:08:47.264686+03:00,3185,Zeytinburnu Sahil Cep Otoparkı,ZEYTİNBURNU,40.9798,28.8985,160,1,159,AÇIK OTOPARK,0,0,12:00-22:00
2026-07-16T20:56:46.737799+00:00,2026-07-16T23:56:46.737799+03:00,3068,15 Temmuz Şehitler Meydanı Zeminaltı Otoparkı,ÜMRANİYE,41.0246,29.0915,1029,704,325,KAPALI OTOPARK,1,15,24 Saat
2026-07-16T20:56:46.737799+00:00,2026-07-16T23:56:46.737799+03:00,2338,19 Mayıs Açık,ŞİŞLİ,41.0563,28.9941,65,0,65,AÇIK OTOPARK,1,0,24 Saat
2026-07-16T20:56:46.737799+00:00,2026-07-16T23:56:46.737799+03:00,1751,4.Levent PD Açık Otoparkı,KAĞITHANE,41.0836,29.0081,236,141,95,AÇIK OTOPARK,1,5,24 Saat
2026-07-16T20:56:46.737799+00:00,2026-07-16T23:56:46.737799+03:00,3328,4.Levent Servis ve Turizm Araçları Açık Otoparkı,ŞİŞLİ,41.0841,29.0054,300,153,147,AÇIK OTOPARK,1,15,24 Saat
2026-07-16T20:56:46.737799+00:00,2026-07-16T23:56:46.737799+03:00,3412,5. Levent Gaziosmanpaşa Adliyesi Yanı Açık Otoparkı,EYÜP,41.0927,28.9494,250,231,19,AÇIK OTOPARK,0,15,07:00-23:00
2026-07-16T20:56:46.737799+00:00,2026-07-16T23:56:46.737799+03:00,104,Abide-i Hürriyet Caddesi 5,ŞİŞLİ,41.0619,28.9876,40,1,39,YOL ÜSTÜ,0,15,08:00-17:00
2026-07-16T20:56:46.737799+00:00,2026-07-16T23:56:46.737799+03:00,2452,Acıbadem Açık Otoparkı,ÜSKÜDAR,41.0157,29.0574,100,87,13,AÇIK OTOPARK,0,0,06:30-16:00
2026-07-16T20:56:46.737799+00:00,2026-07-16T23:56:46.737799+03:00,346,Ada Karşısı Cep 2,BEŞİKTAŞ,41.072,29.045,30,1,29,YOL ÜSTÜ,0,15,08:00-23:00
2026-07-16T20:56:46.737799+00:00,2026-07-16T23:56:46.737799+03:00,1663,Akasyalı Sokak Tenis Kulubü Önü 2,BEŞİKTAŞ,41.0867,29.0109,45,1,44,YOL ÜSTÜ,0,15,08:30-17:30
2026-07-16T20:56:46.737799+00:00,2026-07-16T23:56:46.737799+03:00,828,Akdeniz Caddesi 4,FATİH,41.0175,28.9435,27,1,26,YOL ÜSTÜ,0,15,09:00-18:00
2026-07-16T20:56:46.737799+00:00,2026-07-16T23:56:46.737799+03:00,1913,Alibeyköy Cep Otogarı Açık Otoparkı,EYÜP,41.0879,28.9446,116,0,116,AÇIK OTOPARK,1,25,24 Saat
2026-07-16T20:56:46.737799+00:00,2026-07-16T23:56:46.737799+03:00,1912,Alibeyköy Cep Otogarı Otobüs Otoparkı,EYÜP,41.0875,28.9449,5000,4967,33,AÇIK OTOPARK,1,60,24 Saat
2026-07-16T20:56:46.737799+00:00,2026-07-16T23:56:46.737799+03:00,2562,Alibeyköy Yeşiltepe Zemin Altı Otoparkı,EYÜP,41.0797,28.938,159,42,117,KAPALI OTOPARK,1,15,24 Saat
2026-07-16T20:56:46.737799+00:00,2026-07-16T23:56:46.737799+03:00,3201,Altınboynuz Sosyal Tesisleri,EYÜP,41.058,28.9447,70,70,0,AÇIK OTOPARK,0,15,08:00-23:00
2026-07-16T20:56:46.737799+00:00,2026-07-16T23:56:46.737799+03:00,758,Arap Camii Açık Otoparkı,BEYOĞLU,41.0227,28.9723,30,1,29,AÇIK OTOPARK,0,0,09:00-17:00
2026-07-16T20:56:46.737799+00:00,2026-07-16T23:56:46.737799+03:00,2685,Aras Sokak 2,BÜYÜKÇEKMECE,41.023,28.6209,60,60,0,YOL ÜSTÜ,0,0,06:00-14:30
2026-07-16T20:56:46.737799+00:00,2026-07-16T23:56:46.737799+03:00,2802,Arnavutköy Zemin Altı Otoparkı,ARNAVUTKÖY,41.1838,28.7396,700,24,676,KAPALI OTOPARK,1,15,24 Saat
2026-07-16T20:56:46.737799+00:00,2026-07-16T23:56:46.737799+03:00,1797,Ataköy Atrium AVM,BAKIRKÖY,40.9881,28.8459,250,205,45,AÇIK OTOPARK,0,15,08:00-23:00
2026-07-16T20:56:46.737799+00:00,2026-07-16T23:56:46.737799+03:00,2824,Ataköy Metro Durağı Yanı PD Zemin Altı Otoparkı,BAKIRKÖY,40.9904,28.8456,150,93,57,KAPALI OTOPARK,1,0,24 Saat
2026-07-16T20:56:46.737799+00:00,2026-07-16T23:56:46.737799+03:00,3161,Ataşehir Topçu İbrahim Sokak,ATAŞEHİR,40.9736,29.101,42,1,41,YOL ÜSTÜ,0,15,07:00-16:00
2026-07-16T20:56:46.737799+00:00,2026-07-16T23:56:46.737799+03:00,359,Atatürk Bulvarı 1,FATİH,41.0112,28.9534,20,1,19,YOL ÜSTÜ,0,0,07:30-18:00
2026-07-16T20:56:46.737799+00:00,2026-07-16T23:56:46.737799+03:00,3087,Atatürk Kent Ormanı Otoparkı,SARIYER,41.136,29.0262,200,197,3,AÇIK OTOPARK,0,0,08:00-17:00
2026-07-16T20:56:46.737799+00:00,2026-07-16T23:56:46.737799+03:00,1088,Avcılar İdo,AVCILAR,40.9712,28.7185,270,263,7,AÇIK OTOPARK,1,0,13:00-07:00
2026-07-16T20:56:46.737799+00:00,2026-07-16T23:56:46.737799+03:00,2885,Azapkapı Haliç Metro Otoparkı,ŞİŞLİ,41.0245,28.9691,80,39,41,AÇIK OTOPARK,1,5,24 Saat
2026-07-16T20:56:46.737799+00:00,2026-07-16T23:56:46.737799+03:00,2455,Azerbaycan Dostluk Parkı Zemin Altı Otoparkı,BAĞCILAR,41.0444,28.854,400,175,225,KAPALI OTOPARK,1,10,24 Saat
2026-07-16T20:56:46.737799+00:00,2026-07-16T23:56:46.737799+03:00,2965,Bağcılar Çolakoğlu Zemin Altı Otoparkı,BAĞCILAR,41.0324,28.8345,106,0,106,KAPALI OTOPARK,1,5,24 Saat
2026-07-16T20:56:46.737799+00:00,2026-07-16T23:56:46.737799+03:00,2576,Bağcılar Demirkapı Zemin Altı Otoparkı,BAĞCILAR,41.0499,28.8327,343,136,207,KAPALI OTOPARK,1,5,24 Saat
2026-07-16T20:56:46.737799+00:00,2026-07-16T23:56:46.737799+03:00,3036,Bağcılar Devlet Hastanesi Yanı Zeminaltı Otoparkı,BAĞCILAR,41.0312,28.8696,1133,122,1011,KAPALI OTOPARK,1,15,24 Saat
2026-07-16T20:56:46.737799+00:00,2026-07-16T23:56:46.737799+03:00,3071,Bağcılar Emniyet Müdürlüğü Yanı Açık Otoparkı,BAĞCILAR,41.0353,28.8598,100,54,46,AÇIK OTOPARK,1,0,24 Saat
2026-07-16T20:56:46.737799+00:00,2026-07-16T23:56:46.737799+03:00,2873,Bağcılar Göztepe Zemin Altı,BAĞCILAR,41.0567,28.8355,120,0,120,KAPALI OTOPARK,1,5,24 Saat
2026-07-16T20:56:46.737799+00:00,2026-07-16T23:56:46.737799+03:00,3187,Bağcılar Hürriyet Mahallesi Zemin Altı Otoparkı,BAĞCILAR,41.0291,28.8333,355,0,355,KAPALI OTOPARK,1,10,24 Saat
2026-07-16T20:56:46.737799+00:00,2026-07-16T23:56:46.737799+03:00,2916,Bağcılar Kent Meydanı PD Zemin Altı Otoparkı,BAĞCILAR,41.0339,28.8556,1162,0,1162,KAPALI OTOPARK,1,0,24 Saat
2026-07-16T20:56:46.737799+00:00,2026-07-16T23:56:46.737799+03:00,3261,Bağcılar Yenimahalle Zemin Altı Otoparkı,BAĞCILAR,41.0425,28.8395,525,266,259,KAPALI OTOPARK,1,15,24 Saat
2026-07-16T20:56:46.737799+00:00,2026-07-16T23:56:46.737799+03:00,2820,Bağcılar Yıldıztepe Katlı Otoparkı,BAĞCILAR,41.0294,28.8556,350,0,350,KAPALI OTOPARK,1,10,24 Saat
2026-07-16T20:56:46.737799+00:00,2026-07-16T23:56:46.737799+03:00,3447,Bahçelievler 23 Nisan Milli Egemenlik Zeminaltı Otoparkı,BAHÇELİEVLER,40.9988,28.8472,732,341,391,KAPALI OTOPARK,1,10,24 Saat
2026-07-16T20:56:46.737799+00:00,2026-07-16T23:56:46.737799+03:00,2993,Bahçelievler Cumhuriyet Zeminaltı Otoparkı,BAHÇELİEVLER,41.0149,28.859,663,0,663,KAPALI OTOPARK,1,10,24 Saat
2026-07-16T20:56:46.737799+00:00,2026-07-16T23:56:46.737799+03:00,2969,Bahçelievler Devlet Hastanesi Yanı Katlı Otoparkı,BAHÇELİEVLER,41.0072,28.8442,740,0,740,KAPALI OTOPARK,1,0,24 Saat
2026-07-16T20:56:46.737799+00:00,2026-07-16T23:56:46.737799+03:00,3051,Bahçelievler Zafer Mh. Zeminaltı Otoparkı,BAHÇELİEVLER,41.0036,28.8351,200,49,151,KAPALI OTOPARK,1,0,24 Saat
2026-07-16T20:56:46.737799+00:00,2026-07-16T23:56:46.737799+03:00,3118,Bahçeşehir Doğa Parkı Caddesi 3,BAŞAKŞEHİR,41.0683,28.6894,22,1,21,YOL ÜSTÜ,0,15,10:00-20:00
2026-07-16T20:56:46.737799+00:00,2026-07-16T23:56:46.737799+03:00,3236,Bahçeşehir Gölet Açık Otoparkı,BAŞAKŞEHİR,41.0719,28.6901,200,1,199,AÇIK OTOPARK,0,0,12:00-22:00
2026-07-16T20:56:46.737799+00:00,2026-07-16T23:56:46.737799+03:00,1465,Bakırköy İdo Açık Otoparkı,BAKIRKÖY,40.9739,28.8761,160,96,64,AÇIK OTOPARK,1,10,24 Saat
2026-07-16T20:56:46.737799+00:00,2026-07-16T23:56:46.737799+03:00,1104,Balmumcu Katlı Otoparkı,BEŞİKTAŞ,41.0636,29.0109,400,335,65,KAPALI OTOPARK,1,5,24 Saat
2026-07-16T20:56:46.737799+00:00,2026-07-16T23:56:46.737799+03:00,2796,Başakşehir Metro Açık Otoparkı,BAŞAKŞEHİR,41.107,28.801,125,1,124,AÇIK OTOPARK,0,0,07:00-16:00
2026-07-16T20:56:46.737799+00:00,2026-07-16T23:56:46.737799+03:00,2350,Bayrampaşa Adapark Katlı Otoparkı,BAYRAMPAŞA,41.0647,28.8875,650,0,650,KAPALI OTOPARK,1,15,24 Saat
2026-07-16T20:56:46.737799+00:00,2026-07-16T23:56:46.737799+03:00,2892,Bayrampaşa Altıntepsi Zemin  Altı Otoparkı,BAYRAMPAŞA,41.0393,28.9029,110,0,110,KAPALI OTOPARK,1,10,24 Saat
2026-07-16T20:56:46.737799+00:00,2026-07-16T23:56:46.737799+03:00,2909,Bayrampaşa Atatürk Parkı  Zemin Altı Otoparkı,BAYRAMPAŞA,41.0342,28.9123,442,15,427,KAPALI OTOPARK,1,10,24 Saat
2026-07-16T20:56:46.737799+00:00,2026-07-16T23:56:46.737799+03:00,2683,Bayrampaşa Devlet Hastanesi Cep Otoparkı,BAYRAMPAŞA,41.0414,28.9031,55,31,24,AÇIK OTOPARK,0,0,08:00-19:00
2026-07-16T20:56:46.737799+00:00,2026-07-16T23:56:46.737799+03:00,3301,Bayrampaşa Kocatepe Mahallesi Zemin Altı Otoparkı,BAYRAMPAŞA,41.0545,28.8964,241,0,241,KAPALI OTOPARK,1,10,24 Saat
2026-07-16T20:56:46.737799+00:00,2026-07-16T23:56:46.737799+03:00,2053,Bayrampaşa Muratpaşa Yer Altı Otoparkı,BAYRAMPAŞA,41.047,28.9082,300,0,300,KAPALI OTOPARK,1,15,24 Saat
2026-07-16T20:56:46.737799+00:00,2026-07-16T23:56:46.737799+03:00,3175,Bayrampaşa Spor Kompleksi Zemin Altı Otoparkı,BAYRAMPAŞA,41.0446,28.9106,205,0,205,KAPALI OTOPARK,1,15,24 Saat
2026-07-16T20:56:46.737799+00:00,2026-07-16T23:56:46.737799+03:00,3382,Bayrampaşa Şehit Kamil Balkan Zemin Altı Otoparkı,BAYRAMPAŞA,41.0604,28.9008,235,0,235,KAPALI OTOPARK,1,10,24 Saat
2026-07-16T20:56:46.737799+00:00,2026-07-16T23:56:46.737799+03:00,2428,Bayrampaşa Yenidoğan Mahallesi Zemin Altı Otoparkı,BAYRAMPAŞA,41.0395,28.9088,120,0,120,KAPALI OTOPARK,1,10,24 Saat
2026-07-16T20:56:46.737799+00:00,2026-07-16T23:56:46.737799+03:00,2468,Bebek Açık,BEŞİKTAŞ,41.077,29.0434,30,9,21,AÇIK OTOPARK,1,0,24 Saat
2026-07-16T20:56:46.737799+00:00,2026-07-16T23:56:46.737799+03:00,3479,Beşiktaş Halk Pazarı Açık Otoparkı,BEŞİKTAŞ,41.0496,29.0004,170,130,40,AÇIK OTOPARK,1,5,24 Saat
2026-07-16T20:56:46.737799+00:00,2026-07-16T23:56:46.737799+03:00,573,Beşiktaş Kadastro Önü 1,BEŞİKTAŞ,41.0503,29.0076,39,1,38,YOL ÜSTÜ,0,15,08:00-17:00
2026-07-16T20:56:46.737799+00:00,2026-07-16T23:56:46.737799+03:00,3257,Beykoz Sahil Cep Otoparkı,BEYKOZ,41.1286,29.0953,100,74,26,AÇIK OTOPARK,1,0,08:00-00:00
2026-07-16T20:56:46.737799+00:00,2026-07-16T23:56:46.737799+03:00,2273,Beykoz Sosyal Tesisleri,BEYKOZ,41.1143,29.0888,130,26,104,AÇIK OTOPARK,1,15,08:00-00:00
2026-07-16T20:56:46.737799+00:00,2026-07-16T23:56:46.737799+03:00,2999,Beyoğlu Gazhane Bostan Sokak 2,BEYOĞLU,41.0389,28.9903,35,1,34,YOL ÜSTÜ,0,0,07:30-16:30
2026-07-16T20:56:46.737799+00:00,2026-07-16T23:56:46.737799+03:00,3072,Beyoğlu Örnektepe Zemin Altı Otoparkı,BEYOĞLU,41.0543,28.9548,143,0,143,KAPALI OTOPARK,1,0,24 Saat
2026-07-16T20:56:46.737799+00:00,2026-07-16T23:56:46.737799+03:00,1455,Bostancı Açık,KADIKÖY,40.9523,29.0902,394,144,250,AÇIK OTOPARK,1,15,24 Saat
2026-07-16T20:56:46.737799+00:00,2026-07-16T23:56:46.737799+03:00,1456,Bostancı Sahil-Cep Açık Otoparkı,KADIKÖY,40.9545,29.0885,192,142,50,AÇIK OTOPARK,1,15,24 Saat
2026-07-16T20:56:46.737799+00:00,2026-07-16T23:56:46.737799+03:00,2150,Bostancı Vergi Dairesi Açık Otoparkı,ATAŞEHİR,40.9625,29.1083,155,0,155,AÇIK OTOPARK,0,5,08:00-20:00
2026-07-16T20:56:46.737799+00:00,2026-07-16T23:56:46.737799+03:00,2854,Bülent Ecevit Kültür Merkezi Açık Otoparkı,KARTAL,40.8852,29.1967,277,267,10,AÇIK OTOPARK,0,5,10:00-21:00
2026-07-16T20:56:46.737799+00:00,2026-07-16T23:56:46.737799+03:00,2866,Büyük İstanbul Otogarı,BAYRAMPAŞA,41.0402,28.8942,1000,0,1000,AÇIK OTOPARK,1,25,24 Saat
2026-07-16T20:56:46.737799+00:00,2026-07-16T23:56:46.737799+03:00,1192,Büyükçamlıca Korusu Sosyal Tesisleri Önü,ÜSKÜDAR,41.0264,29.0698,204,112,92,AÇIK OTOPARK,1,0,08:00-00:00
2026-07-16T20:56:46.737799+00:00,2026-07-16T23:56:46.737799+03:00,2960,Büyükçekmece Metrobüs Durağı Yanı PD Zemin Altı Otopark,BÜYÜKÇEKMECE,41.0221,28.624,448,264,184,KAPALI OTOPARK,1,0,24 Saat
2026-07-16T20:56:46.737799+00:00,2026-07-16T23:56:46.737799+03:00,1503,Cadde Bostan Açık Otoparkı,KADIKÖY,40.9636,29.0675,66,36,30,AÇIK OTOPARK,1,15,24 Saat
2026-07-16T20:56:46.737799+00:00,2026-07-16T23:56:46.737799+03:00,2933,Cemal Kamacı Spor Kompleksi Zemin Altı Otoparkı,KAĞITHANE,41.0536,28.9575,510,0,510,KAPALI OTOPARK,1,0,24 Saat
2026-07-16T20:56:46.737799+00:00,2026-07-16T23:56:46.737799+03:00,2207,Cengiz Topel Yer Altı Katlı Otoparkı,ESENLER,41.0588,28.8643,144,0,144,KAPALI OTOPARK,1,15,24 Saat
2026-07-16T20:56:46.737799+00:00,2026-07-16T23:56:46.737799+03:00,2787,Cevizli Açık Otoparkı,KARTAL,40.9179,29.1712,100,84,16,AÇIK OTOPARK,0,15,08:00-19:00
2026-07-16T20:56:46.737799+00:00,2026-07-16T23:56:46.737799+03:00,782,Cihangir Caddesi 2,BEYOĞLU,41.0319,28.9862,70,1,69,YOL ÜSTÜ,0,15,09:00-19:00
2026-07-16T20:56:46.737799+00:00,2026-07-16T23:56:46.737799+03:00,1467,Cihangir Katlı Otoparkı,BEYOĞLU,41.0318,28.9858,350,0,350,KAPALI OTOPARK,1,0,24 Saat
2026-07-16T20:56:46.737799+00:00,2026-07-16T23:56:46.737799+03:00,535,Cihannuma Yol Üstü 1,BEŞİKTAŞ,41.0454,29.0084,35,1,34,YOL ÜSTÜ,0,0,08:00-23:00
2026-07-16T20:56:46.737799+00:00,2026-07-16T23:56:46.737799+03:00,537,Cihannuma Yol Üstü 3,BEŞİKTAŞ,41.0459,29.0087,33,1,32,YOL ÜSTÜ,0,0,08:00-23:00
2026-07-16T20:56:46.737799+00:00,2026-07-16T23:56:46.737799+03:00,539,Cihannuma Yol Üstü 5,BEŞİKTAŞ,41.0489,29.0094,24,1,23,YOL ÜSTÜ,0,0,08:00-23:00
2026-07-16T20:56:46.737799+00:00,2026-07-16T23:56:46.737799+03:00,3184,Çam Sokak 6,GÜNGÖREN,41.0121,28.8882,50,1,49,YOL ÜSTÜ,0,15,08:00-17:00
2026-07-16T20:56:46.737799+00:00,2026-07-16T23:56:46.737799+03:00,2003,Çatalca İnceğiz Mesire Alanı,ÇATALCA,41.1827,28.4041,1000,1,999,AÇIK OTOPARK,0,0,06:00-20:00
2026-07-16T20:56:46.737799+00:00,2026-07-16T23:56:46.737799+03:00,3030,Çekmeköy Metro PD Zemin Altı Otoparkı,ÇEKMEKÖY,41.0147,29.1886,175,70,105,KAPALI OTOPARK,1,15,24 Saat
2026-07-16T20:56:46.737799+00:00,2026-07-16T23:56:46.737799+03:00,2905,Çeliktepe Açık Otoparkı,KAĞITHANE,41.0843,29.0056,200,79,121,AÇIK OTOPARK,1,5,24 Saat
2026-07-16T20:56:46.737799+00:00,2026-07-16T23:56:46.737799+03:00,1298,Çengelköy Açık Otoparkı,ÜSKÜDAR,41.0484,29.0533,500,0,500,AÇIK OTOPARK,1,15,24 Saat
2026-07-16T20:56:46.737799+00:00,2026-07-16T23:56:46.737799+03:00,502,Çınar Açık Otoparkı,BEŞİKTAŞ,41.0853,29.0088,65,1,64,AÇIK OTOPARK,0,0,08:00-18:00
2026-07-16T20:56:46.737799+00:00,2026-07-16T23:56:46.737799+03:00,777,Çırağan Sarayı Yol Üstü 1,BEŞİKTAŞ,41.0448,29.0165,40,1,39,YOL ÜSTÜ,0,15,08:00-23:00
2026-07-16T20:56:46.737799+00:00,2026-07-16T23:56:46.737799+03:00,778,Çırağan Sarayı Yol Üstü 2,BEŞİKTAŞ,41.0445,29.0156,40,1,39,YOL ÜSTÜ,0,15,08:00-23:00
2026-07-16T20:56:46.737799+00:00,2026-07-16T23:56:46.737799+03:00,2228,Çırpıcı Sosyal Tesisler,ZEYTİNBURNU,41,28.8926,128,0,128,AÇIK OTOPARK,1,15,07:00-00:00
2026-07-16T20:56:46.737799+00:00,2026-07-16T23:56:46.737799+03:00,1508,Çiroz Yeşilköy Halk Pazarı,BAKIRKÖY,40.9628,28.8129,471,1,470,AÇIK OTOPARK,0,0,08:00-18:00
2026-07-16T20:56:46.737799+00:00,2026-07-16T23:56:46.737799+03:00,2030,Dalyan Açık Otoparkı,KADIKÖY,40.9632,29.0651,92,25,67,AÇIK OTOPARK,1,15,24 Saat
2026-07-16T20:56:46.737799+00:00,2026-07-16T23:56:46.737799+03:00,2271,Damla Sokak 1,ŞİŞLİ,41.0672,29.0004,17,1,16,YOL ÜSTÜ,0,15,07:30-16:30
2026-07-16T20:56:46.737799+00:00,2026-07-16T23:56:46.737799+03:00,2164,Darüşşafaka Yeraltı Otoparkı,SARIYER,41.1292,29.0252,150,141,9,KAPALI OTOPARK,1,15,08:00-00:00
2026-07-16T20:56:46.737799+00:00,2026-07-16T23:56:46.737799+03:00,1653,Deniz Feneri Otoparkı,FATİH,41.0019,28.9773,175,88,87,AÇIK OTOPARK,1,5,24 Saat
2026-07-16T20:56:46.737799+00:00,2026-07-16T23:56:46.737799+03:00,595,Dostluk Yurdu 1,FATİH,41.0071,28.973,33,33,0,YOL ÜSTÜ,0,15,07:00-17:00
2026-07-16T20:56:46.737799+00:00,2026-07-16T23:56:46.737799+03:00,2237,Dragos Sosyal Tesisleri,KARTAL,40.9017,29.1458,100,53,47,AÇIK OTOPARK,1,15,24 Saat
2026-07-16T20:56:46.737799+00:00,2026-07-16T23:56:46.737799+03:00,3063,Dudullu Metro PD Zemin Altı Otoparkı,ÜMRANİYE,41.0156,29.1633,81,64,17,KAPALI OTOPARK,0,15,07:00-23:30
2026-07-16T20:56:46.737799+00:00,2026-07-16T23:56:46.737799+03:00,1522,Ebu Suut Caddesi 1,FATİH,41.0128,28.9766,35,1,34,YOL ÜSTÜ,0,0,08:00-18:00
2026-07-16T20:56:46.737799+00:00,2026-07-16T23:56:46.737799+03:00,2147,EGS Blokları Açık Otoparkı,BAKIRKÖY,40.9863,28.8354,350,120,230,AÇIK OTOPARK,0,60,09:00-19:30
2026-07-16T20:56:46.737799+00:00,2026-07-16T23:56:46.737799+03:00,2366,Esenler Adem Baştürk Kültür Merkezi Katlı,ESENLER,41.039,28.8846,460,0,460,KAPALI OTOPARK,1,15,24 Saat
2026-07-16T20:56:46.737799+00:00,2026-07-16T23:56:46.737799+03:00,3190,Esenler Havaalanı Mahallesi Zemin Altı Otoparkı,ESENLER,41.0562,28.8674,610,327,283,KAPALI OTOPARK,1,10,24 Saat
2026-07-16T20:56:46.737799+00:00,2026-07-16T23:56:46.737799+03:00,3011,Esenler Menderes Metro İstasyonu Yanı,ESENLER,41.0427,28.8783,68,0,68,AÇIK OTOPARK,1,5,24 Saat
2026-07-16T20:56:46.737799+00:00,2026-07-16T23:56:46.737799+03:00,2822,Esenler Menderes Parkı Zemin Altı Otoparkı,ESENLER,41.0412,28.8729,325,37,288,KAPALI OTOPARK,1,10,24 Saat
2026-07-16T20:56:46.737799+00:00,2026-07-16T23:56:46.737799+03:00,3303,Esenyurt Adile Naşit Bulvarı Zeminaltı Otoparkı,ESENYURT,41.0205,28.6859,367,301,66,KAPALI OTOPARK,1,15,24 Saat
2026-07-16T20:56:46.737799+00:00,2026-07-16T23:56:46.737799+03:00,1328,Eski Salı Pazarı,KADIKÖY,40.9904,29.0338,760,48,712,AÇIK OTOPARK,1,15,24 Saat
2026-07-16T20:56:46.737799+00:00,2026-07-16T23:56:46.737799+03:00,904,Eyüp Pierloti Caddesi 1,EYÜP,41.0539,28.9329,40,40,0,YOL ÜSTÜ,0,0,09:00-22:00
2026-07-16T20:56:46.737799+00:00,2026-07-16T23:56:46.737799+03:00,2850,Eyüpsultan Akşemsettin Mahallesi Zemin Altı Otoparkı,EYÜP,41.085,28.9258,110,0,110,KAPALI OTOPARK,1,15,24 Saat
2026-07-16T20:56:46.737799+00:00,2026-07-16T23:56:46.737799+03:00,2215,Fatih Çeşmesi Tabiat Parkı Otoparkı,SARIYER,41.1686,28.9448,250,1,249,AÇIK OTOPARK,0,0,06:00-20:00
2026-07-16T20:56:46.737799+00:00,2026-07-16T23:56:46.737799+03:00,1475,Fatih Katlı Otoparkı,FATİH,41.0198,28.9396,118,4,114,KAPALI OTOPARK,1,10,24 Saat
2026-07-16T20:56:46.737799+00:00,2026-07-16T23:56:46.737799+03:00,1591,Feshane PD Açık Otoparkı,EYÜP,41.0463,28.9378,200,161,39,AÇIK OTOPARK,1,15,24 Saat
2026-07-16T20:56:46.737799+00:00,2026-07-16T23:56:46.737799+03:00,1005,Florya Havuzlu Bahçe,BAKIRKÖY,40.9764,28.7908,135,1,134,AÇIK OTOPARK,0,0,09:00-23:00
2026-07-16T20:56:46.737799+00:00,2026-07-16T23:56:46.737799+03:00,2238,Florya Sosyal Tesisleri,BAKIRKÖY,40.9614,28.8091,1074,914,160,AÇIK OTOPARK,1,15,24 Saat
2026-07-16T20:56:46.737799+00:00,2026-07-16T23:56:46.737799+03:00,3296,Gaziosmanpaşa Meydanı ve Yaşam Merkezi Zemin Altı Otoparkı,GAZİOSMANPAŞA,41.0606,28.9093,202,0,202,KAPALI OTOPARK,1,15,24 Saat
2026-07-16T20:56:46.737799+00:00,2026-07-16T23:56:46.737799+03:00,2971,Gaziosmanpaşa Zemin Altı Otoparkı,GAZİOSMANPAŞA,41.0796,28.8858,285,0,285,KAPALI OTOPARK,1,0,24 Saat
2026-07-16T20:56:46.737799+00:00,2026-07-16T23:56:46.737799+03:00,3401,Giyimkent Tekstilkent Metro Zemin Altı PD Otoparkı,ESENLER,41.0711,28.8666,203,189,14,KAPALI OTOPARK,1,10,24 Saat
2026-07-16T20:56:46.737799+00:00,2026-07-16T23:56:46.737799+03:00,2242,Gözdağı Sosyal Tesisler  Açık Otoparkı,PENDİK,40.893,29.2538,300,217,83,AÇIK OTOPARK,0,0,07:00-23:00
2026-07-16T20:56:46.737799+00:00,2026-07-16T23:56:46.737799+03:00,1879,Gülsuyu Metro PD Yer Altı Otoparkı,MALTEPE,40.9237,29.1548,76,0,76,KAPALI OTOPARK,1,15,08:00-00:00
2026-07-16T20:56:46.737799+00:00,2026-07-16T23:56:46.737799+03:00,1423,Güneş Plajı 1,BAKIRKÖY,40.9712,28.79,250,189,61,AÇIK OTOPARK,1,10,24 Saat
2026-07-16T20:56:46.737799+00:00,2026-07-16T23:56:46.737799+03:00,1461,Güneş Plajı 2,BAKIRKÖY,40.9692,28.7951,135,91,44,AÇIK OTOPARK,0,10,08:00-20:00
2026-07-16T20:56:46.737799+00:00,2026-07-16T23:56:46.737799+03:00,3053,Güngören Nikah Dairesi Zemin Altı otoparkı,GÜNGÖREN,41.0363,28.8718,147,0,147,KAPALI OTOPARK,1,10,24 Saat
2026-07-16T20:56:46.737799+00:00,2026-07-16T23:56:46.737799+03:00,2216,Gürpınar Balık Hali Otoparkı,BEYLİKDÜZÜ,40.9663,28.6019,1000,837,163,AÇIK OTOPARK,1,15,24 Saat
2026-07-16T20:56:46.737799+00:00,2026-07-16T23:56:46.737799+03:00,1525,Hacıosman Metro Yer Altı Otoparkı,SARIYER,41.14,29.0306,422,0,422,KAPALI OTOPARK,1,15,24 Saat
2026-07-16T20:56:46.737799+00:00,2026-07-16T23:56:46.737799+03:00,1470,Haldun Alagaş Katlı Otoparkı,ÜMRANİYE,41.0262,29.1052,197,103,94,KAPALI OTOPARK,1,15,24 Saat
2026-07-16T20:56:46.737799+00:00,2026-07-16T23:56:46.737799+03:00,3235,Haliç Sosyal Tesisleri Otoparkı,FATİH,41.0277,28.9572,60,46,14,AÇIK OTOPARK,1,15,07:00-00:00
2026-07-16T20:56:46.737799+00:00,2026-07-16T23:56:46.737799+03:00,2848,Halkalı Mahallesi Zemin Altı Otoparkı,KÜÇÜKÇEKMECE,41.0359,28.7848,347,282,65,KAPALI OTOPARK,1,15,24 Saat
2026-07-16T20:56:46.737799+00:00,2026-07-16T23:56:46.737799+03:00,2838,Hamidiye Mahallesi Katlı Otoparkı,KAĞITHANE,41.0949,28.971,450,193,257,KAPALI OTOPARK,1,15,24 Saat
2026-07-16T20:56:46.737799+00:00,2026-07-16T23:56:46.737799+03:00,1446,Harbiye Zemin Altı Otoparkı,BEYOĞLU,41.0408,28.9869,142,77,65,KAPALI OTOPARK,1,0,24 Saat
2026-07-16T20:56:46.737799+00:00,2026-07-16T23:56:46.737799+03:00,2332,Haydarpaşa Katlı Otoparkı,ÜSKÜDAR,41.0048,29.0251,840,715,125,KAPALI OTOPARK,1,15,24 Saat
2026-07-16T20:56:46.737799+00:00,2026-07-16T23:56:46.737799+03:00,1987,Haznedar Yer Altı Otoparkı,GÜNGÖREN,41.0083,28.8729,540,0,540,KAPALI OTOPARK,1,0,24 Saat
2026-07-16T20:56:46.737799+00:00,2026-07-16T23:56:46.737799+03:00,377,Hızır Külhani Sokak,FATİH,41.0202,28.9605,32,1,31,YOL ÜSTÜ,0,15,09:00-17:00
2026-07-16T20:56:46.737799+00:00,2026-07-16T23:56:46.737799+03:00,3173,Hürriyet Mahallesi Zeminaltı Otoparkı,GAZİOSMANPAŞA,41.0708,28.8951,190,0,190,KAPALI OTOPARK,1,15,24 Saat
2026-07-16T20:56:46.737799+00:00,2026-07-16T23:56:46.737799+03:00,157,Ihlamur Dere Caddesi 4,BEŞİKTAŞ,41.047,29.0023,27,1,26,YOL ÜSTÜ,0,15,09:00-17:00
2026-07-16T20:56:46.737799+00:00,2026-07-16T23:56:46.737799+03:00,1189,İçerenköy Sebze Meyve Hali Otoparkı,ATAŞEHİR,40.9766,29.1044,600,600,0,AÇIK OTOPARK,1,15,24 Saat
2026-07-16T20:56:46.737799+00:00,2026-07-16T23:56:46.737799+03:00,1127,İshakpaşa Caddesi,FATİH,41.0079,28.9814,200,1,199,YOL ÜSTÜ,0,0,08:00-18:00
2026-07-16T20:56:46.737799+00:00,2026-07-16T23:56:46.737799+03:00,3265,İspark İstanbul West Marina Açık Otoparkı 1,BEYLİKDÜZÜ,40.9636,28.6564,250,1,249,AÇIK OTOPARK,1,15,24 Saat
2026-07-16T20:56:46.737799+00:00,2026-07-16T23:56:46.737799+03:00,2793,İspark Merter Katlı Otoparkı,GÜNGÖREN,41.0097,28.89,900,505,395,KAPALI OTOPARK,1,10,24 Saat
2026-07-16T20:56:46.737799+00:00,2026-07-16T23:56:46.737799+03:00,2430,İspark West İstanbul Marina Açık Otoparkı,BEYLİKDÜZÜ,40.9639,28.6591,1600,1230,370,AÇIK OTOPARK,1,15,24 Saat
2026-07-16T20:56:46.737799+00:00,2026-07-16T23:56:46.737799+03:00,381,İstinye 4 ( Cami Önü ),SARIYER,41.1149,29.0571,25,1,24,YOL ÜSTÜ,0,15,08:30-17:30
2026-07-16T20:56:46.737799+00:00,2026-07-16T23:56:46.737799+03:00,1804,İtalyan Hastanesi Karşısı Açık Otoparkı 1,BEYOĞLU,41.028,28.9815,30,1,29,AÇIK OTOPARK,0,0,08:00-19:00
2026-07-16T20:56:46.737799+00:00,2026-07-16T23:56:46.737799+03:00,507,Kabasakal Medrese Önü,FATİH,41.0062,28.9789,65,1,64,AÇIK OTOPARK,0,0,08:00-18:30
2026-07-16T20:56:46.737799+00:00,2026-07-16T23:56:46.737799+03:00,3306,Kabataş Transfer Merkezi Turizm Otobüs Otoparkı,BEYOĞLU,41.0336,28.9923,160,91,69,KAPALI OTOPARK,1,20,24 Saat
2026-07-16T20:56:46.737799+00:00,2026-07-16T23:56:46.737799+03:00,2918,Kadıköy Hasanpaşa Gazhane Katlı Otoparkı,KADIKÖY,40.9972,29.0428,310,189,121,KAPALI OTOPARK,1,15,24 Saat
2026-07-16T20:56:46.737799+00:00,2026-07-16T23:56:46.737799+03:00,1447,Kadıköy İski Açık Otoparkı,KADIKÖY,40.9874,29.0207,124,95,29,AÇIK OTOPARK,1,15,24 Saat
2026-07-16T20:56:46.737799+00:00,2026-07-16T23:56:46.737799+03:00,1655,Kadıköy Metro Açık Otoparkı,KADIKÖY,40.9899,29.0217,74,46,28,AÇIK OTOPARK,1,15,24 Saat
2026-07-16T20:56:46.737799+00:00,2026-07-16T23:56:46.737799+03:00,3445,Kadıköy Uzunçayır PD Açık Otoparkı,KADIKÖY,40.9982,29.0569,70,51,19,AÇIK OTOPARK,0,15,06:30-16:30
2026-07-16T20:56:46.737799+00:00,2026-07-16T23:56:46.737799+03:00,2808,Kadıköy Yeni Salı Pazarı PD Katlı Otoparkı,KADIKÖY,40.9969,29.0486,1350,452,898,KAPALI OTOPARK,1,15,24 Saat
2026-07-16T20:56:46.737799+00:00,2026-07-16T23:56:46.737799+03:00,2811,Kağıthane Harmantepe Zemin Altı Otoparkı,KAĞITHANE,41.0816,28.9907,200,0,200,KAPALI OTOPARK,1,0,24 Saat
2026-07-16T20:56:46.737799+00:00,2026-07-16T23:56:46.737799+03:00,1452,Kalamış Açık Otoparkı,KADIKÖY,40.9687,29.0363,173,117,56,AÇIK OTOPARK,1,15,24 Saat
2026-07-16T20:56:46.737799+00:00,2026-07-16T23:56:46.737799+03:00,1474,Kartal Hasan Doğan Spor Kompleksi,KARTAL,40.8918,29.1897,773,0,773,KAPALI OTOPARK,1,15,24 Saat
2026-07-16T20:56:46.737799+00:00,2026-07-16T23:56:46.737799+03:00,1105,Kartal İdo Açık Otoparkı,KARTAL,40.8874,29.1881,90,0,90,AÇIK OTOPARK,1,15,24 Saat
2026-07-16T20:56:46.737799+00:00,2026-07-16T23:56:46.737799+03:00,1550,Kartal Sahil Açık Otoparkı,KARTAL,40.8875,29.1901,75,66,9,AÇIK OTOPARK,1,5,24 Saat
2026-07-16T20:56:46.737799+00:00,2026-07-16T23:56:46.737799+03:00,3434,Kasımpaşa Sosyal Tesisler Otoparkı,BEYOĞLU,41.0296,28.9673,60,36,24,AÇIK OTOPARK,0,0,07:30-23:00
2026-07-16T20:56:46.737799+00:00,2026-07-16T23:56:46.737799+03:00,2827,Kayaşehir Meydan Zemin Altı Otoparkı,BAŞAKŞEHİR,41.1196,28.7718,1054,1,1053,KAPALI OTOPARK,0,0,10:00-17:00
2026-07-16T20:56:46.737799+00:00,2026-07-16T23:56:46.737799+03:00,1960,Kazlıçeşme Marmaray Açık Otoparkı,ZEYTİNBURNU,40.9922,28.917,700,661,39,AÇIK OTOPARK,1,15,24 Saat
2026-07-16T20:56:46.737799+00:00,2026-07-16T23:56:46.737799+03:00,2994,Kirazlı Metro Durağı PD Açık Otoparkı,BAĞCILAR,41.033,28.8429,112,0,112,AÇIK OTOPARK,1,5,24 Saat
2026-07-16T20:56:46.737799+00:00,2026-07-16T23:56:46.737799+03:00,1528,Kore Şehitleri Caddesi - Yüzbaşı Kaya Aldağon Sokak 1,ŞİŞLİ,41.0719,29.0139,40,1,39,YOL ÜSTÜ,0,15,07:00-16:00
2026-07-16T20:56:46.737799+00:00,2026-07-16T23:56:46.737799+03:00,2449,Kozyatağı Sebze-Meyve Hali,ATAŞEHİR,40.9787,29.1029,1500,1500,0,AÇIK OTOPARK,1,0,24 Saat
2026-07-16T20:56:46.737799+00:00,2026-07-16T23:56:46.737799+03:00,1206,Kutlugün Sokak 2,FATİH,41.0061,28.9801,200,1,199,YOL ÜSTÜ,0,0,08:00-18:00
2026-07-16T20:56:46.737799+00:00,2026-07-16T23:56:46.737799+03:00,3074,Küçük Çamlıca,ÜSKÜDAR,41.0204,29.0653,129,106,23,AÇIK OTOPARK,0,0,08:00-22:00
2026-07-16T20:56:46.737799+00:00,2026-07-16T23:56:46.737799+03:00,3127,Küçükçekmece Cennet Mahallesi Meydan Zemin Altı Otoparkı,KÜÇÜKÇEKMECE,40.9907,28.783,456,0,456,KAPALI OTOPARK,1,10,24 Saat
2026-07-16T20:56:46.737799+00:00,2026-07-16T23:56:46.737799+03:00,2554,Küçükçekmece Fevzi Çakmak Meydanı Zemin Altı Otoparkı,KÜÇÜKÇEKMECE,41.0076,28.7927,1000,484,516,KAPALI OTOPARK,1,10,24 Saat
2026-07-16T20:56:46.737799+00:00,2026-07-16T23:56:46.737799+03:00,2882,Küçüksu Kasrı Açık Otoparkı,BEYKOZ,41.0789,29.0657,98,91,7,AÇIK OTOPARK,0,0,07:00-23:00
2026-07-16T20:56:46.737799+00:00,2026-07-16T23:56:46.737799+03:00,220,Levent Hamidiye,BEŞİKTAŞ,41.0861,29.0076,100,1,99,AÇIK OTOPARK,0,0,08:00-19:00
2026-07-16T20:56:46.737799+00:00,2026-07-16T23:56:46.737799+03:00,1138,Levent Metro Yer Altı Otoparkı,BEŞİKTAŞ,41.0811,29.0105,100,100,0,AÇIK OTOPARK,0,5,07:30-19:30
2026-07-16T20:56:46.737799+00:00,2026-07-16T23:56:46.737799+03:00,2335,Maçka Açık Otoparkı,ŞİŞLİ,41.046,28.9908,75,75,0,AÇIK OTOPARK,1,0,24 Saat
2026-07-16T20:56:46.737799+00:00,2026-07-16T23:56:46.737799+03:00,1859,Maçka Katlı Otoparkı,ŞİŞLİ,41.0484,28.9903,508,0,508,KAPALI OTOPARK,1,0,24 Saat
2026-07-16T20:56:46.737799+00:00,2026-07-16T23:56:46.737799+03:00,3193,Maltepe Rıhtım Caddesi Açık Otoparkı,MALTEPE,40.9258,29.1241,76,34,42,AÇIK OTOPARK,1,0,24 Saat
2026-07-16T20:56:46.737799+00:00,2026-07-16T23:56:46.737799+03:00,2146,Maltepe Süreyyapaşa Çarşısı Açık Otoparkı,MALTEPE,40.9274,29.1225,156,70,86,AÇIK OTOPARK,1,0,24 Saat
2026-07-16T20:56:46.737799+00:00,2026-07-16T23:56:46.737799+03:00,1599,Maslak Açık Otoparkı,SARIYER,41.1166,29.024,150,104,46,AÇIK OTOPARK,1,10,24 Saat
2026-07-16T20:56:46.737799+00:00,2026-07-16T23:56:46.737799+03:00,2100,Matbaacılar Sitesi Yanı,ZEYTİNBURNU,41.0234,28.9187,250,221,29,AÇIK OTOPARK,1,5,24 Saat
2026-07-16T20:56:46.737799+00:00,2026-07-16T23:56:46.737799+03:00,920,Meclis-i Mebusan Yokuşu 2,BEYOĞLU,41.0326,28.9882,34,1,33,YOL ÜSTÜ,0,15,09:00-17:00
2026-07-16T20:56:46.737799+00:00,2026-07-16T23:56:46.737799+03:00,1546,Menekşe Plajı Açık Otoparkı,BAKIRKÖY,40.9761,28.7766,200,200,0,AÇIK OTOPARK,1,0,24 Saat
2026-07-16T20:56:46.737799+00:00,2026-07-16T23:56:46.737799+03:00,1376,Mercan Açık,FATİH,41.0136,28.9669,130,127,3,AÇIK OTOPARK,0,0,08:00-23:00
2026-07-16T20:56:46.737799+00:00,2026-07-16T23:56:46.737799+03:00,3309,Mercan Ali Paşa Sarayı Zemin Altı Otoparkı,FATİH,41.0136,28.967,196,1,195,KAPALI OTOPARK,0,0,07:00-21:00
2026-07-16T20:56:46.737799+00:00,2026-07-16T23:56:46.737799+03:00,1472,Merter Katlı Otoparkı,GÜNGÖREN,41.0092,28.8874,1000,915,85,KAPALI OTOPARK,1,10,24 Saat
2026-07-16T20:56:46.737799+00:00,2026-07-16T23:56:46.737799+03:00,2375,Merter Metro PD Zeminaltı Otoparkı,GÜNGÖREN,41.0037,28.8897,242,101,141,KAPALI OTOPARK,1,10,24 Saat
2026-07-16T20:56:46.737799+00:00,2026-07-16T23:56:46.737799+03:00,1568,Mete Caddesi 1,BEYOĞLU,41.0382,28.9879,31,1,30,YOL ÜSTÜ,0,15,08:00-23:00
2026-07-16T20:56:46.737799+00:00,2026-07-16T23:56:46.737799+03:00,1471,Mevlana Yeraltı Katlı Otoparkı,ZEYTİNBURNU,41.0072,28.9049,1000,856,144,KAPALI OTOPARK,1,5,24 Saat
2026-07-16T20:56:46.737799+00:00,2026-07-16T23:56:46.737799+03:00,2709,Millet Caddesi Açık Otoparkı,FATİH,41.01,28.9461,60,49,11,AÇIK OTOPARK,1,15,24 Saat
2026-07-16T20:56:46.737799+00:00,2026-07-16T23:56:46.737799+03:00,3152,Mimar Sinan Zemin Altı Otoparkı,ÜSKÜDAR,41.0222,29.0169,956,568,388,KAPALI OTOPARK,1,15,24 Saat
2026-07-16T20:56:46.737799+00:00,2026-07-16T23:56:46.737799+03:00,2870,Miniatürk Çadır Açık Otoparkı,BEYOĞLU,41.0594,28.9501,250,109,141,AÇIK OTOPARK,0,15,07:00-20:00
2026-07-16T20:56:46.737799+00:00,2026-07-16T23:56:46.737799+03:00,2556,Muallim Naci Açık Otoparkı,BEŞİKTAŞ,41.0561,29.0342,35,11,24,AÇIK OTOPARK,1,15,24 Saat
2026-07-16T20:56:46.737799+00:00,2026-07-16T23:56:46.737799+03:00,569,Oda Kule Önü 1,BEYOĞLU,41.0322,28.9751,24,1,23,YOL ÜSTÜ,1,0,07:00-01:00
2026-07-16T20:56:46.737799+00:00,2026-07-16T23:56:46.737799+03:00,1988,Orhangazi Şehir Parkı PD Açık Otoparkı,MALTEPE,40.9313,29.1161,5022,4274,748,AÇIK OTOPARK,1,15,24 Saat
2026-07-16T20:56:46.737799+00:00,2026-07-16T23:56:46.737799+03:00,152,Ortabahçe Caddesi 2,BEŞİKTAŞ,41.0428,29.0043,35,1,34,YOL ÜSTÜ,0,15,08:00-23:00
2026-07-16T20:56:46.737799+00:00,2026-07-16T23:56:46.737799+03:00,153,Ortabahçe Caddesi 3,BEŞİKTAŞ,41.043,29.0042,26,1,25,YOL ÜSTÜ,0,15,08:00-23:00
2026-07-16T20:56:46.737799+00:00,2026-07-16T23:56:46.737799+03:00,119,Ortaklar Caddesi 1,ŞİŞLİ,41.0638,28.9971,25,1,24,YOL ÜSTÜ,0,15,08:30-17:00
2026-07-16T20:56:46.737799+00:00,2026-07-16T23:56:46.737799+03:00,1343,Ortaköy Açık Otoparkı,BEŞİKTAŞ,41.0504,29.0326,170,154,16,AÇIK OTOPARK,1,0,24 Saat
2026-07-16T20:56:46.737799+00:00,2026-07-16T23:56:46.737799+03:00,572,Ortaköy Portakal Yokuşu 1,BEŞİKTAŞ,41.0503,29.0261,15,1,14,YOL ÜSTÜ,0,15,09:00-19:00
2026-07-16T20:56:46.737799+00:00,2026-07-16T23:56:46.737799+03:00,1039,Öğretmen Evi,AVCILAR,40.9723,28.714,80,42,38,AÇIK OTOPARK,0,0,11:00-23:00
2026-07-16T20:56:46.737799+00:00,2026-07-16T23:56:46.737799+03:00,1466,Pendik Katlı Otoparkı,PENDİK,40.8789,29.2342,120,0,120,KAPALI OTOPARK,1,15,24 Saat
2026-07-16T20:56:46.737799+00:00,2026-07-16T23:56:46.737799+03:00,3073,Pendik Kemal Kalkuz Parkı Zemin Altı Otoparkı,PENDİK,40.8885,29.2427,224,0,224,KAPALI OTOPARK,0,0,09:00-18:00
2026-07-16T20:56:46.737799+00:00,2026-07-16T23:56:46.737799+03:00,3019,Pendik Meydan Zemin Altı Otoparkı,PENDİK,40.8752,29.2324,937,0,937,KAPALI OTOPARK,1,0,24 Saat
2026-07-16T20:56:46.737799+00:00,2026-07-16T23:56:46.737799+03:00,2865,Pendik Sahil Engelliler Merkez Önü,PENDİK,40.8735,29.233,100,66,34,AÇIK OTOPARK,0,0,11:00-20:00
2026-07-16T20:56:46.737799+00:00,2026-07-16T23:56:46.737799+03:00,2434,Pendik Sahil İdo,PENDİK,40.8755,29.2369,100,0,100,AÇIK OTOPARK,0,0,07:00-23:00
2026-07-16T20:56:46.737799+00:00,2026-07-16T23:56:46.737799+03:00,248,Pendik Yenimahalle Açık 2 Otoparkı,PENDİK,40.864,29.2723,124,110,14,AÇIK OTOPARK,0,15,10:00-22:00
2026-07-16T20:56:46.737799+00:00,2026-07-16T23:56:46.737799+03:00,297,Perşembe Pazarı 1,BEYOĞLU,41.0252,28.9693,32,1,31,YOL ÜSTÜ,0,15,08:00-17:00
2026-07-16T20:56:46.737799+00:00,2026-07-16T23:56:46.737799+03:00,597,Pierre Loti Caddesi 3,FATİH,41.0069,28.9711,36,1,35,YOL ÜSTÜ,0,0,07:00-17:00
2026-07-16T20:56:46.737799+00:00,2026-07-16T23:56:46.737799+03:00,3263,Piyalepaşa Meydanı Zemin Altı Otoparkı,BEYOĞLU,41.0445,28.9674,560,224,336,KAPALI OTOPARK,1,0,24 Saat
2026-07-16T20:56:46.737799+00:00,2026-07-16T23:56:46.737799+03:00,423,Prof.Cemil Birsel Yokuşu 3,FATİH,41.0178,28.967,40,1,39,YOL ÜSTÜ,0,0,07:00-18:00
2026-07-16T20:56:46.737799+00:00,2026-07-16T23:56:46.737799+03:00,1900,Ragıp Gümüşpala Cad.(Sobacılar Önü),FATİH,41.0181,28.969,40,1,39,YOL ÜSTÜ,0,15,07:00-18:00
2026-07-16T20:56:46.737799+00:00,2026-07-16T23:56:46.737799+03:00,415,Ragıp Gümüşpala Camii Önü 1,FATİH,41.0211,28.9627,35,1,34,YOL ÜSTÜ,0,0,07:00-17:30
2026-07-16T20:56:46.737799+00:00,2026-07-16T23:56:46.737799+03:00,3268,Refik Saydam Caddesi 3,BEYOĞLU,41.032,28.9736,55,1,54,YOL ÜSTÜ,0,0,06:00-23:00
2026-07-16T20:56:46.737799+00:00,2026-07-16T23:56:46.737799+03:00,2307,Ressam Halim Sokak PD Açık Otoparkı,BAHÇELİEVLER,40.9967,28.8641,120,118,2,AÇIK OTOPARK,1,15,08:00-00:00
2026-07-16T20:56:46.737799+00:00,2026-07-16T23:56:46.737799+03:00,3082,Rumeli Hisarı Sahil Yolu Otoparkı,SARIYER,41.0854,29.0568,20,2,18,AÇIK OTOPARK,1,0,24 Saat
2026-07-16T20:56:46.737799+00:00,2026-07-16T23:56:46.737799+03:00,1595,Sabiha Gökçen Açık Otoparkı,PENDİK,40.925,29.308,1056,39,1017,AÇIK OTOPARK,1,15,24 Saat
2026-07-16T20:56:46.737799+00:00,2026-07-16T23:56:46.737799+03:00,3239,Samatya Sahil Cep Otoparkı,FATİH,40.9954,28.932,113,73,40,AÇIK OTOPARK,1,15,24 Saat
2026-07-16T20:56:46.737799+00:00,2026-07-16T23:56:46.737799+03:00,3273,Sarıyer Büyükdere Fidanlığı,SARIYER,41.1548,29.0268,160,157,3,AÇIK OTOPARK,0,0,08:00-18:00
2026-07-16T20:56:46.737799+00:00,2026-07-16T23:56:46.737799+03:00,3299,Sariyer Ayazağa Mah Vadi İstanbul Önü Açık Otoparkı,SARIYER,41.1106,28.9881,100,97,3,AÇIK OTOPARK,0,0,08:00-20:00
2026-07-16T20:56:46.737799+00:00,2026-07-16T23:56:46.737799+03:00,1303,Seyrantepe Katlı (Arena Karşısı) 1,KAĞITHANE,41.101,28.9961,1897,1,1896,KAPALI OTOPARK,1,0,24 Saat
2026-07-16T20:56:46.737799+00:00,2026-07-16T23:56:46.737799+03:00,1628,Sıracevizler Caddesi Yol Üstü 5,ŞİŞLİ,41.0607,28.9841,45,1,44,YOL ÜSTÜ,0,15,09:00-17:00
2026-07-16T20:56:46.737799+00:00,2026-07-16T23:56:46.737799+03:00,464,Sirkeci Gar Önü,FATİH,41.015,28.9761,60,1,59,AÇIK OTOPARK,0,5,07:00-20:00
2026-07-16T20:56:46.737799+00:00,2026-07-16T23:56:46.737799+03:00,1486,Siyavuşpaşa Yer Altı Otoparkı,BAHÇELİEVLER,40.9965,28.8532,155,0,155,KAPALI OTOPARK,1,0,24 Saat
2026-07-16T20:56:46.737799+00:00,2026-07-16T23:56:46.737799+03:00,1958,Soğanlık Metro PD Açık Otoparkı,KARTAL,40.9131,29.1925,898,859,39,AÇIK OTOPARK,1,15,24 Saat
2026-07-16T20:56:46.737799+00:00,2026-07-16T23:56:46.737799+03:00,589,Su Terazisi Sokak,FATİH,41.0046,28.9727,22,1,21,YOL ÜSTÜ,0,0,07:30-17:00
2026-07-16T20:56:46.737799+00:00,2026-07-16T23:56:46.737799+03:00,1478,Suadiye Cep Açık Otoparkı,KADIKÖY,40.9586,29.0732,130,103,27,AÇIK OTOPARK,1,15,24 Saat
2026-07-16T20:56:46.737799+00:00,2026-07-16T23:56:46.737799+03:00,2948,Suadiye Sahil Açık Otoparkı,KADIKÖY,40.9562,29.0797,70,49,21,AÇIK OTOPARK,1,5,24 Saat
2026-07-16T20:56:46.737799+00:00,2026-07-16T23:56:46.737799+03:00,2799,Sultanbeyli Emir Caddesi Zemin Altı Otoparkı,SULTANBEYLİ,40.9707,29.2606,130,115,15,KAPALI OTOPARK,0,15,08:00-22:00
2026-07-16T20:56:46.737799+00:00,2026-07-16T23:56:46.737799+03:00,2372,Sultanbeyli Kent Meydanı Zemin Altı Otoparkı,SULTANBEYLİ,40.9667,29.2667,300,208,92,KAPALI OTOPARK,1,15,24 Saat
2026-07-16T20:56:46.737799+00:00,2026-07-16T23:56:46.737799+03:00,2410,Sultangazi Zemin Altı Otoparkı,SULTANGAZİ,41.0944,28.8649,104,0,104,KAPALI OTOPARK,1,10,24 Saat
2026-07-16T20:56:46.737799+00:00,2026-07-16T23:56:46.737799+03:00,2085,Süleyman Seba Caddesi 2,BEŞİKTAŞ,41.0426,28.9998,40,1,39,YOL ÜSTÜ,0,15,08:00-18:00
2026-07-16T20:56:46.737799+00:00,2026-07-16T23:56:46.737799+03:00,2088,Süleyman Seba Caddesi 5,BEŞİKTAŞ,41.0432,28.9978,40,1,39,YOL ÜSTÜ,0,15,08:00-18:00
2026-07-16T20:56:46.737799+00:00,2026-07-16T23:56:46.737799+03:00,2089,Süleyman Seba Caddesi 6,BEŞİKTAŞ,41.0435,28.9967,11,1,10,YOL ÜSTÜ,0,15,08:00-18:00
2026-07-16T20:56:46.737799+00:00,2026-07-16T23:56:46.737799+03:00,2391,Süleymaniye Cami Altı Açık Otoparkı,FATİH,41.0158,28.961,250,235,15,AÇIK OTOPARK,0,0,06:30-18:30
2026-07-16T20:56:46.737799+00:00,2026-07-16T23:56:46.737799+03:00,1730,Sütlüce Miniatürk Yanı,BEYOĞLU,41.057,28.95,320,232,88,AÇIK OTOPARK,1,15,24 Saat
2026-07-16T20:56:46.737799+00:00,2026-07-16T23:56:46.737799+03:00,36,Şakayık Sokak 4,ŞİŞLİ,41.0518,28.9936,50,1,49,YOL ÜSTÜ,0,15,08:00-16:00
2026-07-16T20:56:46.737799+00:00,2026-07-16T23:56:46.737799+03:00,1469,Şehit Volkan Duysak Katlı Otoparkı,ZEYTİNBURNU,40.9968,28.9039,1000,657,343,KAPALI OTOPARK,1,5,24 Saat
2026-07-16T20:56:46.737799+00:00,2026-07-16T23:56:46.737799+03:00,2907,Şehremini Açık Otoparkı 2,FATİH,41.0135,28.9333,60,60,0,AÇIK OTOPARK,0,0,08:30-20:30
2026-07-16T20:56:46.737799+00:00,2026-07-16T23:56:46.737799+03:00,2855,Şemsipaşa Açık Otoparkı,ÜSKÜDAR,41.0255,29.0097,80,50,30,AÇIK OTOPARK,1,0,24 Saat
2026-07-16T20:56:46.737799+00:00,2026-07-16T23:56:46.737799+03:00,2439,Şirinevler Meydan Zeminaltı Otoparkı,BAHÇELİEVLER,40.9925,28.8496,367,112,255,KAPALI OTOPARK,1,0,24 Saat
2026-07-16T20:56:46.737799+00:00,2026-07-16T23:56:46.737799+03:00,3400,Şişhane Refik Saydam Caddesi 2 Yol Üstü Otoparkı 1,BEYOĞLU,41.0326,28.9743,70,1,69,YOL ÜSTÜ,0,15,06:00-23:00
2026-07-16T20:56:46.737799+00:00,2026-07-16T23:56:46.737799+03:00,1017,Şişli Kadırgalar Caddesi 1,ŞİŞLİ,41.0429,28.9927,100,1,99,AÇIK OTOPARK,0,0,07:00-23:00
2026-07-16T20:56:46.737799+00:00,2026-07-16T23:56:46.737799+03:00,3441,Şişli Kuştepe Zemin Altı Otoparkı,ŞİŞLİ,41.072,28.9919,430,343,87,KAPALI OTOPARK,1,15,24 Saat
2026-07-16T20:56:46.737799+00:00,2026-07-16T23:56:46.737799+03:00,2816,Şişli Rumeli Caddesi Metro Yanı 1,ŞİŞLİ,41.0538,28.9868,45,1,44,YOL ÜSTÜ,0,15,08:00-20:00
2026-07-16T20:56:46.737799+00:00,2026-07-16T23:56:46.737799+03:00,2406,Şişli Zemin Altı Otoparkı,ŞİŞLİ,41.0641,28.9992,581,419,162,KAPALI OTOPARK,1,15,24 Saat
2026-07-16T20:56:46.737799+00:00,2026-07-16T23:56:46.737799+03:00,1993,Tuzla İdo,TUZLA,40.8149,29.3039,300,169,131,AÇIK OTOPARK,1,15,24 Saat
2026-07-16T20:56:46.737799+00:00,2026-07-16T23:56:46.737799+03:00,3332,Tuzla Sahil Cep,TUZLA,40.8168,29.2992,50,42,8,AÇIK OTOPARK,1,0,08:00-00:00
2026-07-16T20:56:46.737799+00:00,2026-07-16T23:56:46.737799+03:00,3057,Tuzla Sahil Zemin Altı Otoparkı,TUZLA,40.8181,29.3004,779,528,251,KAPALI OTOPARK,1,15,24 Saat
2026-07-16T20:56:46.737799+00:00,2026-07-16T23:56:46.737799+03:00,1811,Ulu Camii Açık Otoparkı,BAHÇELİEVLER,40.9982,28.8499,150,116,34,AÇIK OTOPARK,1,10,24 Saat
2026-07-16T20:56:46.737799+00:00,2026-07-16T23:56:46.737799+03:00,2424,Uzunçayır Açık Otoparkı,KADIKÖY,40.9988,29.0556,58,52,6,AÇIK OTOPARK,0,0,06:00-16:00
2026-07-16T20:56:46.737799+00:00,2026-07-16T23:56:46.737799+03:00,1468,Ümraniye Katlı Otoparkı,ÜMRANİYE,41.0261,29.0953,665,532,133,KAPALI OTOPARK,1,15,24 Saat
2026-07-16T20:56:46.737799+00:00,2026-07-16T23:56:46.737799+03:00,2898,Ümraniye Okan Sokak Zeminaltı Otoparkı,ÜMRANİYE,41.0284,29.0907,125,21,104,KAPALI OTOPARK,1,15,24 Saat
2026-07-16T20:56:46.737799+00:00,2026-07-16T23:56:46.737799+03:00,2345,Üsküdar Uzunçayır PD Açık Otoparkı,ÜSKÜDAR,40.9988,29.0577,90,81,9,AÇIK OTOPARK,0,15,06:00-22:00
2026-07-16T20:56:46.737799+00:00,2026-07-16T23:56:46.737799+03:00,1929,Üsküdar Ünalan Açık Otoparkı,ÜSKÜDAR,40.9979,29.0604,180,174,6,AÇIK OTOPARK,0,0,07:00-17:00
2026-07-16T20:56:46.737799+00:00,2026-07-16T23:56:46.737799+03:00,1487,Vatan Caddesi PD Açık Otoparkı,FATİH,41.0157,28.9405,397,358,39,AÇIK OTOPARK,1,5,24 Saat
2026-07-16T20:56:46.737799+00:00,2026-07-16T23:56:46.737799+03:00,1621,Veteriner Hilmi Sokak Yol Üstü 1,ŞİŞLİ,41.0603,28.9892,20,1,19,YOL ÜSTÜ,0,15,08:00-17:00
2026-07-16T20:56:46.737799+00:00,2026-07-16T23:56:46.737799+03:00,2441,Yalı Açık Otoparkı,MALTEPE,40.9095,29.137,85,82,3,AÇIK OTOPARK,0,0,07:30-22:00
2026-07-16T20:56:46.737799+00:00,2026-07-16T23:56:46.737799+03:00,459,Yalı Köşkü Caddesi 1,FATİH,41.0163,28.9759,61,1,60,YOL ÜSTÜ,0,5,07:00-21:00
2026-07-16T20:56:46.737799+00:00,2026-07-16T23:56:46.737799+03:00,2037,Yenikapı Marmaray Büyük Otoparkı,FATİH,41.0057,28.9505,324,254,70,AÇIK OTOPARK,1,15,24 Saat
2026-07-16T20:56:46.737799+00:00,2026-07-16T23:56:46.737799+03:00,2036,Yenikapı Marmaray Küçük Otoparkı,FATİH,41.0064,28.9504,200,200,0,AÇIK OTOPARK,0,15,07:00-22:00
2026-07-16T20:56:46.737799+00:00,2026-07-16T23:56:46.737799+03:00,2175,Yenikapı Spor ve Kültür Merkezi PD Açık Otoparkı,FATİH,41.0006,28.9519,4023,3780,243,AÇIK OTOPARK,1,15,24 Saat
2026-07-16T20:56:46.737799+00:00,2026-07-16T23:56:46.737799+03:00,2805,Yenikapı Tünel Üstü Açık Otoparkı,FATİH,41.0029,28.9534,700,577,123,AÇIK OTOPARK,1,10,24 Saat
2026-07-16T20:56:46.737799+00:00,2026-07-16T23:56:46.737799+03:00,3404,Yenimahalle Metro Zemin Altı PD Otoparkı,GAZİOSMANPAŞA,41.0839,28.8926,114,94,20,KAPALI OTOPARK,1,15,24 Saat
2026-07-16T20:56:46.737799+00:00,2026-07-16T23:56:46.737799+03:00,2920,Yeşilce Zemin Altı Katlı Otoparkı,KAĞITHANE,41.0938,29.0017,676,275,401,KAPALI OTOPARK,1,0,24 Saat
2026-07-16T20:56:46.737799+00:00,2026-07-16T23:56:46.737799+03:00,987,Yeşilköy İstasyon Caddesi 1,BAKIRKÖY,40.962,28.825,40,1,39,YOL ÜSTÜ,0,15,09:00-17:30
2026-07-16T20:56:46.737799+00:00,2026-07-16T23:56:46.737799+03:00,974,Yeşilköy Marina 1,BAKIRKÖY,40.9576,28.8233,145,1,144,YOL ÜSTÜ,0,0,12:00-23:00
2026-07-16T20:56:46.737799+00:00,2026-07-16T23:56:46.737799+03:00,3406,Yeşilpınar Metro Zemin Altı PD Otoparkı,EYÜP,41.081,28.9204,269,185,84,KAPALI OTOPARK,1,15,24 Saat
2026-07-16T20:56:46.737799+00:00,2026-07-16T23:56:46.737799+03:00,315,Yeşilyurt Çarşı 1,BAKIRKÖY,40.9643,28.8379,50,1,49,YOL ÜSTÜ,0,15,09:00-17:30
2026-07-16T20:56:46.737799+00:00,2026-07-16T23:56:46.737799+03:00,1133,Yıldız Korusu,BEŞİKTAŞ,41.0514,29.0165,500,1,499,AÇIK OTOPARK,0,0,08:00-22:00
2026-07-16T20:56:46.737799+00:00,2026-07-16T23:56:46.737799+03:00,882,Zeytinburnu 58. Bulvar 2,ZEYTİNBURNU,40.9932,28.9039,48,1,47,YOL ÜSTÜ,0,15,09:00-18:00
2026-07-16T20:56:46.737799+00:00,2026-07-16T23:56:46.737799+03:00,3185,Zeytinburnu Sahil Cep Otoparkı,ZEYTİNBURNU,40.9798,28.8985,160,1,159,AÇIK OTOPARK,0,0,12:00-22:00
