fetch_utc,fetch_istanbul,parkID,parkName,district,lat,lng,capacity,emptyCapacity,occupancy,parkType,isOpen,freeTime,workHours
2026-08-10T07:51:28.983126+00:00,2026-08-10T10:51:28.983126+03:00,3068,15 Temmuz Şehitler Meydanı Zeminaltı Otoparkı,ÜMRANİYE,41.0246,29.0915,1029,552,477,KAPALI OTOPARK,1,15,24 Saat
2026-08-10T07:51:28.983126+00:00,2026-08-10T10:51:28.983126+03:00,2338,19 Mayıs Açık,ŞİŞLİ,41.0563,28.9941,65,0,65,AÇIK OTOPARK,1,0,24 Saat
2026-08-10T07:51:28.983126+00:00,2026-08-10T10:51:28.983126+03:00,1751,4.Levent PD Açık Otoparkı,KAĞITHANE,41.0836,29.0081,236,89,147,AÇIK OTOPARK,1,5,24 Saat
2026-08-10T07:51:28.983126+00:00,2026-08-10T10:51:28.983126+03:00,3328,4.Levent Servis ve Turizm Araçları Açık Otoparkı,ŞİŞLİ,41.0841,29.0054,300,156,144,AÇIK OTOPARK,1,15,24 Saat
2026-08-10T07:51:28.983126+00:00,2026-08-10T10:51:28.983126+03:00,3412,5. Levent Gaziosmanpaşa Adliyesi Yanı Açık Otoparkı,EYÜP,41.0927,28.9494,250,159,91,AÇIK OTOPARK,1,15,07:00-23:00
2026-08-10T07:51:28.983126+00:00,2026-08-10T10:51:28.983126+03:00,104,Abide-i Hürriyet Caddesi 5,ŞİŞLİ,41.0619,28.9876,40,1,39,YOL ÜSTÜ,1,15,08:00-17:00
2026-08-10T07:51:28.983126+00:00,2026-08-10T10:51:28.983126+03:00,2452,Acıbadem Açık Otoparkı,ÜSKÜDAR,41.0157,29.0574,100,86,14,AÇIK OTOPARK,1,0,06:30-16:00
2026-08-10T07:51:28.983126+00:00,2026-08-10T10:51:28.983126+03:00,346,Ada Karşısı Cep 2,BEŞİKTAŞ,41.072,29.045,30,1,29,YOL ÜSTÜ,1,15,08:00-23:00
2026-08-10T07:51:28.983126+00:00,2026-08-10T10:51:28.983126+03:00,1663,Akasyalı Sokak Tenis Kulubü Önü 2,BEŞİKTAŞ,41.0867,29.0109,45,1,44,YOL ÜSTÜ,1,15,08:30-17:30
2026-08-10T07:51:28.983126+00:00,2026-08-10T10:51:28.983126+03:00,828,Akdeniz Caddesi 4,FATİH,41.0175,28.9435,27,1,26,YOL ÜSTÜ,1,15,09:00-18:00
2026-08-10T07:51:28.983126+00:00,2026-08-10T10:51:28.983126+03:00,1913,Alibeyköy Cep Otogarı Açık Otoparkı,EYÜP,41.0879,28.9446,116,0,116,AÇIK OTOPARK,1,25,24 Saat
2026-08-10T07:51:28.983126+00:00,2026-08-10T10:51:28.983126+03:00,1912,Alibeyköy Cep Otogarı Otobüs Otoparkı,EYÜP,41.0875,28.9449,5000,4980,20,AÇIK OTOPARK,1,60,24 Saat
2026-08-10T07:51:28.983126+00:00,2026-08-10T10:51:28.983126+03:00,2562,Alibeyköy Yeşiltepe Zemin Altı Otoparkı,EYÜP,41.0797,28.938,159,66,93,KAPALI OTOPARK,1,15,24 Saat
2026-08-10T07:51:28.983126+00:00,2026-08-10T10:51:28.983126+03:00,3201,Altınboynuz Sosyal Tesisleri,EYÜP,41.058,28.9447,70,70,0,AÇIK OTOPARK,1,15,08:00-23:00
2026-08-10T07:51:28.983126+00:00,2026-08-10T10:51:28.983126+03:00,758,Arap Camii Açık Otoparkı,BEYOĞLU,41.0227,28.9723,30,1,29,AÇIK OTOPARK,1,0,09:00-17:00
2026-08-10T07:51:28.983126+00:00,2026-08-10T10:51:28.983126+03:00,1963,Aras Sokak 1,BÜYÜKÇEKMECE,41.0226,28.622,60,60,0,YOL ÜSTÜ,1,0,06:00-14:30
2026-08-10T07:51:28.983126+00:00,2026-08-10T10:51:28.983126+03:00,2802,Arnavutköy Zemin Altı Otoparkı,ARNAVUTKÖY,41.1838,28.7396,700,34,666,KAPALI OTOPARK,1,15,24 Saat
2026-08-10T07:51:28.983126+00:00,2026-08-10T10:51:28.983126+03:00,1797,Ataköy Atrium AVM,BAKIRKÖY,40.9881,28.8459,250,193,57,AÇIK OTOPARK,1,15,08:00-23:00
2026-08-10T07:51:28.983126+00:00,2026-08-10T10:51:28.983126+03:00,2824,Ataköy Metro Durağı Yanı PD Zemin Altı Otoparkı,BAKIRKÖY,40.9904,28.8456,150,77,73,KAPALI OTOPARK,1,0,24 Saat
2026-08-10T07:51:28.983126+00:00,2026-08-10T10:51:28.983126+03:00,359,Atatürk Bulvarı 1,FATİH,41.0112,28.9534,20,1,19,YOL ÜSTÜ,1,0,07:30-18:00
2026-08-10T07:51:28.983126+00:00,2026-08-10T10:51:28.983126+03:00,3087,Atatürk Kent Ormanı Otoparkı,SARIYER,41.136,29.0262,200,198,2,AÇIK OTOPARK,1,0,08:00-17:00
2026-08-10T07:51:28.983126+00:00,2026-08-10T10:51:28.983126+03:00,2243,Avcılar Denizköşkler Toplantı ve Davet Salonu Açık Otoparkı,AVCILAR,40.9746,28.7435,200,197,3,AÇIK OTOPARK,0,15,13:00-07:00
2026-08-10T07:51:28.983126+00:00,2026-08-10T10:51:28.983126+03:00,1088,Avcılar İdo,AVCILAR,40.9712,28.7185,270,263,7,AÇIK OTOPARK,0,0,13:00-07:00
2026-08-10T07:51:28.983126+00:00,2026-08-10T10:51:28.983126+03:00,2885,Azapkapı Haliç Metro Otoparkı,ŞİŞLİ,41.0245,28.9691,80,7,73,AÇIK OTOPARK,1,5,24 Saat
2026-08-10T07:51:28.983126+00:00,2026-08-10T10:51:28.983126+03:00,2455,Azerbaycan Dostluk Parkı Zemin Altı Otoparkı,BAĞCILAR,41.0444,28.854,400,189,211,KAPALI OTOPARK,1,10,24 Saat
2026-08-10T07:51:28.983126+00:00,2026-08-10T10:51:28.983126+03:00,2965,Bağcılar Çolakoğlu Zemin Altı Otoparkı,BAĞCILAR,41.0324,28.8345,106,0,106,KAPALI OTOPARK,1,5,24 Saat
2026-08-10T07:51:28.983126+00:00,2026-08-10T10:51:28.983126+03:00,2576,Bağcılar Demirkapı Zemin Altı Otoparkı,BAĞCILAR,41.0499,28.8327,343,169,174,KAPALI OTOPARK,1,5,24 Saat
2026-08-10T07:51:28.983126+00:00,2026-08-10T10:51:28.983126+03:00,3036,Bağcılar Devlet Hastanesi Yanı Zeminaltı Otoparkı,BAĞCILAR,41.0312,28.8696,1133,68,1065,KAPALI OTOPARK,1,15,24 Saat
2026-08-10T07:51:28.983126+00:00,2026-08-10T10:51:28.983126+03:00,3071,Bağcılar Emniyet Müdürlüğü Yanı Açık Otoparkı,BAĞCILAR,41.0353,28.8598,100,72,28,AÇIK OTOPARK,1,0,24 Saat
2026-08-10T07:51:28.983126+00:00,2026-08-10T10:51:28.983126+03:00,2873,Bağcılar Göztepe Zemin Altı,BAĞCILAR,41.0567,28.8355,120,0,120,KAPALI OTOPARK,1,5,24 Saat
2026-08-10T07:51:28.983126+00:00,2026-08-10T10:51:28.983126+03:00,3187,Bağcılar Hürriyet Mahallesi Zemin Altı Otoparkı,BAĞCILAR,41.0291,28.8333,355,0,355,KAPALI OTOPARK,1,10,24 Saat
2026-08-10T07:51:28.983126+00:00,2026-08-10T10:51:28.983126+03:00,2916,Bağcılar Kent Meydanı PD Zemin Altı Otoparkı,BAĞCILAR,41.0339,28.8556,1162,0,1162,KAPALI OTOPARK,1,0,24 Saat
2026-08-10T07:51:28.983126+00:00,2026-08-10T10:51:28.983126+03:00,3261,Bağcılar Yenimahalle Zemin Altı Otoparkı,BAĞCILAR,41.0425,28.8395,525,273,252,KAPALI OTOPARK,1,15,24 Saat
2026-08-10T07:51:28.983126+00:00,2026-08-10T10:51:28.983126+03:00,2820,Bağcılar Yıldıztepe Katlı Otoparkı,BAĞCILAR,41.0294,28.8556,350,0,350,KAPALI OTOPARK,1,10,24 Saat
2026-08-10T07:51:28.983126+00:00,2026-08-10T10:51:28.983126+03:00,3447,Bahçelievler 23 Nisan Milli Egemenlik Zeminaltı Otoparkı,BAHÇELİEVLER,40.9988,28.8472,732,510,222,KAPALI OTOPARK,1,10,24 Saat
2026-08-10T07:51:28.983126+00:00,2026-08-10T10:51:28.983126+03:00,2993,Bahçelievler Cumhuriyet Zeminaltı Otoparkı,BAHÇELİEVLER,41.0149,28.859,663,0,663,KAPALI OTOPARK,1,10,24 Saat
2026-08-10T07:51:28.983126+00:00,2026-08-10T10:51:28.983126+03:00,2969,Bahçelievler Devlet Hastanesi Yanı Katlı Otoparkı,BAHÇELİEVLER,41.0072,28.8442,740,0,740,KAPALI OTOPARK,1,0,24 Saat
2026-08-10T07:51:28.983126+00:00,2026-08-10T10:51:28.983126+03:00,3051,Bahçelievler Zafer Mh. Zeminaltı Otoparkı,BAHÇELİEVLER,41.0036,28.8351,200,79,121,KAPALI OTOPARK,1,0,24 Saat
2026-08-10T07:51:28.983126+00:00,2026-08-10T10:51:28.983126+03:00,3236,Bahçeşehir Gölet Açık Otoparkı,BAŞAKŞEHİR,41.0719,28.6901,200,1,199,AÇIK OTOPARK,0,0,12:00-22:00
2026-08-10T07:51:28.983126+00:00,2026-08-10T10:51:28.983126+03:00,1465,Bakırköy İdo Açık Otoparkı,BAKIRKÖY,40.9739,28.8761,160,135,25,AÇIK OTOPARK,1,10,24 Saat
2026-08-10T07:51:28.983126+00:00,2026-08-10T10:51:28.983126+03:00,1104,Balmumcu Katlı Otoparkı,BEŞİKTAŞ,41.0636,29.0109,400,230,170,KAPALI OTOPARK,1,5,24 Saat
2026-08-10T07:51:28.983126+00:00,2026-08-10T10:51:28.983126+03:00,2350,Bayrampaşa Adapark Katlı Otoparkı,BAYRAMPAŞA,41.0647,28.8875,650,0,650,KAPALI OTOPARK,1,15,24 Saat
2026-08-10T07:51:28.983126+00:00,2026-08-10T10:51:28.983126+03:00,2892,Bayrampaşa Altıntepsi Zemin  Altı Otoparkı,BAYRAMPAŞA,41.0393,28.9029,110,0,110,KAPALI OTOPARK,1,10,24 Saat
2026-08-10T07:51:28.983126+00:00,2026-08-10T10:51:28.983126+03:00,2909,Bayrampaşa Atatürk Parkı  Zemin Altı Otoparkı,BAYRAMPAŞA,41.0342,28.9123,442,0,442,KAPALI OTOPARK,1,10,24 Saat
2026-08-10T07:51:28.983126+00:00,2026-08-10T10:51:28.983126+03:00,2683,Bayrampaşa Devlet Hastanesi Cep Otoparkı,BAYRAMPAŞA,41.0414,28.9031,55,0,55,AÇIK OTOPARK,1,0,08:00-19:00
2026-08-10T07:51:28.983126+00:00,2026-08-10T10:51:28.983126+03:00,3301,Bayrampaşa Kocatepe Mahallesi Zemin Altı Otoparkı,BAYRAMPAŞA,41.0545,28.8964,241,0,241,KAPALI OTOPARK,1,10,24 Saat
2026-08-10T07:51:28.983126+00:00,2026-08-10T10:51:28.983126+03:00,2053,Bayrampaşa Muratpaşa Yer Altı Otoparkı,BAYRAMPAŞA,41.047,28.9082,300,10,290,KAPALI OTOPARK,1,15,24 Saat
2026-08-10T07:51:28.983126+00:00,2026-08-10T10:51:28.983126+03:00,3175,Bayrampaşa Spor Kompleksi Zemin Altı Otoparkı,BAYRAMPAŞA,41.0446,28.9106,205,0,205,KAPALI OTOPARK,1,15,24 Saat
2026-08-10T07:51:28.983126+00:00,2026-08-10T10:51:28.983126+03:00,3382,Bayrampaşa Şehit Kamil Balkan Zemin Altı Otoparkı,BAYRAMPAŞA,41.0604,28.9008,235,0,235,KAPALI OTOPARK,1,10,24 Saat
2026-08-10T07:51:28.983126+00:00,2026-08-10T10:51:28.983126+03:00,2428,Bayrampaşa Yenidoğan Mahallesi Zemin Altı Otoparkı,BAYRAMPAŞA,41.0395,28.9088,120,0,120,KAPALI OTOPARK,1,10,24 Saat
2026-08-10T07:51:28.983126+00:00,2026-08-10T10:51:28.983126+03:00,2468,Bebek Açık,BEŞİKTAŞ,41.077,29.0434,30,0,30,AÇIK OTOPARK,1,0,24 Saat
2026-08-10T07:51:28.983126+00:00,2026-08-10T10:51:28.983126+03:00,3479,Beşiktaş Halk Pazarı Açık Otoparkı,BEŞİKTAŞ,41.0496,29.0004,170,124,46,AÇIK OTOPARK,1,5,24 Saat
2026-08-10T07:51:28.983126+00:00,2026-08-10T10:51:28.983126+03:00,3257,Beykoz Sahil Cep Otoparkı,BEYKOZ,41.1286,29.0953,100,74,26,AÇIK OTOPARK,1,0,08:00-00:00
2026-08-10T07:51:28.983126+00:00,2026-08-10T10:51:28.983126+03:00,2273,Beykoz Sosyal Tesisleri,BEYKOZ,41.1143,29.0888,130,53,77,AÇIK OTOPARK,1,15,08:00-00:00
2026-08-10T07:51:28.983126+00:00,2026-08-10T10:51:28.983126+03:00,2999,Beyoğlu Gazhane Bostan Sokak 2,BEYOĞLU,41.0389,28.9903,35,1,34,YOL ÜSTÜ,1,0,07:30-16:30
2026-08-10T07:51:28.983126+00:00,2026-08-10T10:51:28.983126+03:00,3072,Beyoğlu Örnektepe Zemin Altı Otoparkı,BEYOĞLU,41.0543,28.9548,143,0,143,KAPALI OTOPARK,1,0,24 Saat
2026-08-10T07:51:28.983126+00:00,2026-08-10T10:51:28.983126+03:00,1455,Bostancı Açık,KADIKÖY,40.9523,29.0902,394,138,256,AÇIK OTOPARK,1,15,24 Saat
2026-08-10T07:51:28.983126+00:00,2026-08-10T10:51:28.983126+03:00,1456,Bostancı Sahil-Cep Açık Otoparkı,KADIKÖY,40.9545,29.0885,192,120,72,AÇIK OTOPARK,1,15,24 Saat
2026-08-10T07:51:28.983126+00:00,2026-08-10T10:51:28.983126+03:00,2150,Bostancı Vergi Dairesi Açık Otoparkı,ATAŞEHİR,40.9625,29.1083,155,0,155,AÇIK OTOPARK,1,5,08:00-20:00
2026-08-10T07:51:28.983126+00:00,2026-08-10T10:51:28.983126+03:00,2854,Bülent Ecevit Kültür Merkezi Açık Otoparkı,KARTAL,40.8852,29.1967,277,266,11,AÇIK OTOPARK,1,0,10:00-21:00
2026-08-10T07:51:28.983126+00:00,2026-08-10T10:51:28.983126+03:00,2866,Büyük İstanbul Otogarı,BAYRAMPAŞA,41.0402,28.8942,1000,0,1000,AÇIK OTOPARK,1,25,24 Saat
2026-08-10T07:51:28.983126+00:00,2026-08-10T10:51:28.983126+03:00,1192,Büyükçamlıca Korusu Sosyal Tesisleri Önü,ÜSKÜDAR,41.0264,29.0698,204,111,93,AÇIK OTOPARK,1,0,08:00-00:00
2026-08-10T07:51:28.983126+00:00,2026-08-10T10:51:28.983126+03:00,2960,Büyükçekmece Metrobüs Durağı Yanı PD Zemin Altı Otopark,BÜYÜKÇEKMECE,41.0221,28.624,448,0,448,KAPALI OTOPARK,1,0,24 Saat
2026-08-10T07:51:28.983126+00:00,2026-08-10T10:51:28.983126+03:00,1503,Cadde Bostan Açık Otoparkı,KADIKÖY,40.9636,29.0675,66,41,25,AÇIK OTOPARK,1,15,24 Saat
2026-08-10T07:51:28.983126+00:00,2026-08-10T10:51:28.983126+03:00,2933,Cemal Kamacı Spor Kompleksi Zemin Altı Otoparkı,KAĞITHANE,41.0536,28.9575,510,0,510,KAPALI OTOPARK,1,0,24 Saat
2026-08-10T07:51:28.983126+00:00,2026-08-10T10:51:28.983126+03:00,2207,Cengiz Topel Yer Altı Katlı Otoparkı,ESENLER,41.0588,28.8643,144,0,144,KAPALI OTOPARK,1,15,24 Saat
2026-08-10T07:51:28.983126+00:00,2026-08-10T10:51:28.983126+03:00,2787,Cevizli Açık Otoparkı,KARTAL,40.9179,29.1712,100,0,100,AÇIK OTOPARK,1,15,08:00-19:00
2026-08-10T07:51:28.983126+00:00,2026-08-10T10:51:28.983126+03:00,782,Cihangir Caddesi 2,BEYOĞLU,41.0319,28.9862,70,1,69,YOL ÜSTÜ,1,15,09:00-19:00
2026-08-10T07:51:28.983126+00:00,2026-08-10T10:51:28.983126+03:00,1467,Cihangir Katlı Otoparkı,BEYOĞLU,41.0318,28.9858,350,0,350,KAPALI OTOPARK,1,0,24 Saat
2026-08-10T07:51:28.983126+00:00,2026-08-10T10:51:28.983126+03:00,535,Cihannuma Yol Üstü 1,BEŞİKTAŞ,41.0454,29.0084,35,1,34,YOL ÜSTÜ,1,0,08:00-23:00
2026-08-10T07:51:28.983126+00:00,2026-08-10T10:51:28.983126+03:00,537,Cihannuma Yol Üstü 3,BEŞİKTAŞ,41.0459,29.0087,33,1,32,YOL ÜSTÜ,1,0,08:00-23:00
2026-08-10T07:51:28.983126+00:00,2026-08-10T10:51:28.983126+03:00,539,Cihannuma Yol Üstü 5,BEŞİKTAŞ,41.0489,29.0094,24,1,23,YOL ÜSTÜ,1,0,08:00-23:00
2026-08-10T07:51:28.983126+00:00,2026-08-10T10:51:28.983126+03:00,3184,Çam Sokak 6,GÜNGÖREN,41.0121,28.8882,50,1,49,YOL ÜSTÜ,1,15,08:00-17:00
2026-08-10T07:51:28.983126+00:00,2026-08-10T10:51:28.983126+03:00,3030,Çekmeköy Metro PD Zemin Altı Otoparkı,ÇEKMEKÖY,41.0147,29.1886,175,43,132,KAPALI OTOPARK,1,15,24 Saat
2026-08-10T07:51:28.983126+00:00,2026-08-10T10:51:28.983126+03:00,2905,Çeliktepe Açık Otoparkı,KAĞITHANE,41.0843,29.0056,200,59,141,AÇIK OTOPARK,1,5,24 Saat
2026-08-10T07:51:28.983126+00:00,2026-08-10T10:51:28.983126+03:00,1298,Çengelköy Açık Otoparkı,ÜSKÜDAR,41.0484,29.0533,500,393,107,AÇIK OTOPARK,1,15,24 Saat
2026-08-10T07:51:28.983126+00:00,2026-08-10T10:51:28.983126+03:00,502,Çınar Açık Otoparkı,BEŞİKTAŞ,41.0853,29.0088,65,1,64,AÇIK OTOPARK,1,0,08:00-18:00
2026-08-10T07:51:28.983126+00:00,2026-08-10T10:51:28.983126+03:00,777,Çırağan Sarayı Yol Üstü 1,BEŞİKTAŞ,41.0448,29.0165,40,1,39,YOL ÜSTÜ,1,15,08:00-23:00
2026-08-10T07:51:28.983126+00:00,2026-08-10T10:51:28.983126+03:00,778,Çırağan Sarayı Yol Üstü 2,BEŞİKTAŞ,41.0445,29.0156,40,1,39,YOL ÜSTÜ,1,15,08:00-23:00
2026-08-10T07:51:28.983126+00:00,2026-08-10T10:51:28.983126+03:00,2228,Çırpıcı Sosyal Tesisler,ZEYTİNBURNU,41,28.8926,128,0,128,AÇIK OTOPARK,1,15,07:00-00:00
2026-08-10T07:51:28.983126+00:00,2026-08-10T10:51:28.983126+03:00,2030,Dalyan Açık Otoparkı,KADIKÖY,40.9632,29.0651,92,58,34,AÇIK OTOPARK,1,15,24 Saat
2026-08-10T07:51:28.983126+00:00,2026-08-10T10:51:28.983126+03:00,2271,Damla Sokak 1,ŞİŞLİ,41.0672,29.0004,17,1,16,YOL ÜSTÜ,1,15,07:30-16:30
2026-08-10T07:51:28.983126+00:00,2026-08-10T10:51:28.983126+03:00,2164,Darüşşafaka Yeraltı Otoparkı,SARIYER,41.1292,29.0252,150,109,41,KAPALI OTOPARK,1,15,08:00-00:00
2026-08-10T07:51:28.983126+00:00,2026-08-10T10:51:28.983126+03:00,1653,Deniz Feneri Otoparkı,FATİH,41.0019,28.9773,175,119,56,AÇIK OTOPARK,1,5,24 Saat
2026-08-10T07:51:28.983126+00:00,2026-08-10T10:51:28.983126+03:00,595,Dostluk Yurdu 1,FATİH,41.0071,28.973,33,1,32,YOL ÜSTÜ,1,15,07:00-17:00
2026-08-10T07:51:28.983126+00:00,2026-08-10T10:51:28.983126+03:00,2237,Dragos Sosyal Tesisleri,KARTAL,40.9017,29.1458,100,52,48,AÇIK OTOPARK,1,15,24 Saat
2026-08-10T07:51:28.983126+00:00,2026-08-10T10:51:28.983126+03:00,3063,Dudullu Metro PD Zemin Altı Otoparkı,ÜMRANİYE,41.0156,29.1633,81,57,24,KAPALI OTOPARK,1,15,07:00-23:30
2026-08-10T07:51:28.983126+00:00,2026-08-10T10:51:28.983126+03:00,1522,Ebu Suut Caddesi 1,FATİH,41.0128,28.9766,35,1,34,YOL ÜSTÜ,1,0,08:00-18:00
2026-08-10T07:51:28.983126+00:00,2026-08-10T10:51:28.983126+03:00,2147,EGS Blokları Açık Otoparkı,BAKIRKÖY,40.9863,28.8354,350,0,350,AÇIK OTOPARK,1,60,09:00-19:30
2026-08-10T07:51:28.983126+00:00,2026-08-10T10:51:28.983126+03:00,2366,Esenler Adem Baştürk Kültür Merkezi Katlı,ESENLER,41.039,28.8846,460,35,425,KAPALI OTOPARK,1,15,24 Saat
2026-08-10T07:51:28.983126+00:00,2026-08-10T10:51:28.983126+03:00,3190,Esenler Havaalanı Mahallesi Zemin Altı Otoparkı,ESENLER,41.0562,28.8674,610,375,235,KAPALI OTOPARK,1,10,24 Saat
2026-08-10T07:51:28.983126+00:00,2026-08-10T10:51:28.983126+03:00,3011,Esenler Menderes Metro İstasyonu Yanı,ESENLER,41.0427,28.8783,68,4,64,AÇIK OTOPARK,1,5,24 Saat
2026-08-10T07:51:28.983126+00:00,2026-08-10T10:51:28.983126+03:00,2822,Esenler Menderes Parkı Zemin Altı Otoparkı,ESENLER,41.0412,28.8729,325,64,261,KAPALI OTOPARK,1,10,24 Saat
2026-08-10T07:51:28.983126+00:00,2026-08-10T10:51:28.983126+03:00,3303,Esenyurt Adile Naşit Bulvarı Zeminaltı Otoparkı,ESENYURT,41.0205,28.6859,367,287,80,KAPALI OTOPARK,1,15,24 Saat
2026-08-10T07:51:28.983126+00:00,2026-08-10T10:51:28.983126+03:00,1328,Eski Salı Pazarı,KADIKÖY,40.9904,29.0338,760,0,760,AÇIK OTOPARK,1,15,24 Saat
2026-08-10T07:51:28.983126+00:00,2026-08-10T10:51:28.983126+03:00,904,Eyüp Pierloti Caddesi 1,EYÜP,41.0539,28.9329,40,1,39,YOL ÜSTÜ,1,0,09:00-22:00
2026-08-10T07:51:28.983126+00:00,2026-08-10T10:51:28.983126+03:00,2850,Eyüpsultan Akşemsettin Mahallesi Zemin Altı Otoparkı,EYÜP,41.085,28.9258,110,0,110,KAPALI OTOPARK,1,15,24 Saat
2026-08-10T07:51:28.983126+00:00,2026-08-10T10:51:28.983126+03:00,2215,Fatih Çeşmesi Tabiat Parkı Otoparkı,SARIYER,41.1686,28.9448,250,243,7,AÇIK OTOPARK,1,0,06:00-20:00
2026-08-10T07:51:28.983126+00:00,2026-08-10T10:51:28.983126+03:00,1475,Fatih Katlı Otoparkı,FATİH,41.0198,28.9396,118,0,118,KAPALI OTOPARK,1,10,24 Saat
2026-08-10T07:51:28.983126+00:00,2026-08-10T10:51:28.983126+03:00,1591,Feshane PD Açık Otoparkı,EYÜP,41.0463,28.9378,200,64,136,AÇIK OTOPARK,1,15,24 Saat
2026-08-10T07:51:28.983126+00:00,2026-08-10T10:51:28.983126+03:00,1005,Florya Havuzlu Bahçe,BAKIRKÖY,40.9764,28.7908,135,1,134,AÇIK OTOPARK,1,0,09:00-23:00
2026-08-10T07:51:28.983126+00:00,2026-08-10T10:51:28.983126+03:00,2238,Florya Sosyal Tesisleri,BAKIRKÖY,40.9614,28.8091,1074,955,119,AÇIK OTOPARK,1,15,24 Saat
2026-08-10T07:51:28.983126+00:00,2026-08-10T10:51:28.983126+03:00,1704,Gazi Umur Paşa Sokak 5,BEŞİKTAŞ,41.0589,29.0114,45,1,44,YOL ÜSTÜ,1,15,08:00-17:00
2026-08-10T07:51:28.983126+00:00,2026-08-10T10:51:28.983126+03:00,3296,Gaziosmanpaşa Meydanı ve Yaşam Merkezi Zemin Altı Otoparkı,GAZİOSMANPAŞA,41.0606,28.9093,202,0,202,KAPALI OTOPARK,1,15,24 Saat
2026-08-10T07:51:28.983126+00:00,2026-08-10T10:51:28.983126+03:00,2971,Gaziosmanpaşa Zemin Altı Otoparkı,GAZİOSMANPAŞA,41.0796,28.8858,285,0,285,KAPALI OTOPARK,1,0,24 Saat
2026-08-10T07:51:28.983126+00:00,2026-08-10T10:51:28.983126+03:00,3401,Giyimkent Tekstilkent Metro Zemin Altı PD Otoparkı,ESENLER,41.0711,28.8666,203,167,36,KAPALI OTOPARK,1,10,24 Saat
2026-08-10T07:51:28.983126+00:00,2026-08-10T10:51:28.983126+03:00,2242,Gözdağı Sosyal Tesisler  Açık Otoparkı,PENDİK,40.893,29.2538,300,215,85,AÇIK OTOPARK,1,0,07:00-23:00
2026-08-10T07:51:28.983126+00:00,2026-08-10T10:51:28.983126+03:00,1879,Gülsuyu Metro PD Yer Altı Otoparkı,MALTEPE,40.9237,29.1548,76,0,76,KAPALI OTOPARK,1,15,08:00-00:00
2026-08-10T07:51:28.983126+00:00,2026-08-10T10:51:28.983126+03:00,1423,Güneş Plajı 1,BAKIRKÖY,40.9712,28.79,250,215,35,AÇIK OTOPARK,1,10,24 Saat
2026-08-10T07:51:28.983126+00:00,2026-08-10T10:51:28.983126+03:00,1461,Güneş Plajı 2,BAKIRKÖY,40.9692,28.7951,135,129,6,AÇIK OTOPARK,1,10,08:00-20:00
2026-08-10T07:51:28.983126+00:00,2026-08-10T10:51:28.983126+03:00,3053,Güngören Nikah Dairesi Zemin Altı otoparkı,GÜNGÖREN,41.0363,28.8718,147,0,147,KAPALI OTOPARK,1,10,24 Saat
2026-08-10T07:51:28.983126+00:00,2026-08-10T10:51:28.983126+03:00,2216,Gürpınar Balık Hali Otoparkı,BEYLİKDÜZÜ,40.9663,28.6019,1000,744,256,AÇIK OTOPARK,1,15,24 Saat
2026-08-10T07:51:28.983126+00:00,2026-08-10T10:51:28.983126+03:00,1525,Hacıosman Metro Yer Altı Otoparkı,SARIYER,41.14,29.0306,422,0,422,KAPALI OTOPARK,1,15,24 Saat
2026-08-10T07:51:28.983126+00:00,2026-08-10T10:51:28.983126+03:00,1470,Haldun Alagaş Katlı Otoparkı,ÜMRANİYE,41.0262,29.1052,197,50,147,KAPALI OTOPARK,1,15,24 Saat
2026-08-10T07:51:28.983126+00:00,2026-08-10T10:51:28.983126+03:00,3235,Haliç Sosyal Tesisleri Otoparkı,FATİH,41.0277,28.9572,60,18,42,AÇIK OTOPARK,1,15,07:00-00:00
2026-08-10T07:51:28.983126+00:00,2026-08-10T10:51:28.983126+03:00,2848,Halkalı Mahallesi Zemin Altı Otoparkı,KÜÇÜKÇEKMECE,41.0359,28.7848,347,180,167,KAPALI OTOPARK,1,15,24 Saat
2026-08-10T07:51:28.983126+00:00,2026-08-10T10:51:28.983126+03:00,2838,Hamidiye Mahallesi Katlı Otoparkı,KAĞITHANE,41.0949,28.971,450,209,241,KAPALI OTOPARK,1,15,24 Saat
2026-08-10T07:51:28.983126+00:00,2026-08-10T10:51:28.983126+03:00,1446,Harbiye Zemin Altı Otoparkı,BEYOĞLU,41.0408,28.9869,142,1,141,KAPALI OTOPARK,1,5,24 Saat
2026-08-10T07:51:28.983126+00:00,2026-08-10T10:51:28.983126+03:00,2332,Haydarpaşa Katlı Otoparkı,ÜSKÜDAR,41.0048,29.0251,840,298,542,KAPALI OTOPARK,1,15,24 Saat
2026-08-10T07:51:28.983126+00:00,2026-08-10T10:51:28.983126+03:00,1987,Haznedar Yer Altı Otoparkı,GÜNGÖREN,41.0083,28.8729,540,0,540,KAPALI OTOPARK,1,0,24 Saat
2026-08-10T07:51:28.983126+00:00,2026-08-10T10:51:28.983126+03:00,377,Hızır Külhani Sokak,FATİH,41.0202,28.9605,32,1,31,YOL ÜSTÜ,1,15,09:00-17:00
2026-08-10T07:51:28.983126+00:00,2026-08-10T10:51:28.983126+03:00,3173,Hürriyet Mahallesi Zeminaltı Otoparkı,GAZİOSMANPAŞA,41.0708,28.8951,190,0,190,KAPALI OTOPARK,1,15,24 Saat
2026-08-10T07:51:28.983126+00:00,2026-08-10T10:51:28.983126+03:00,157,Ihlamur Dere Caddesi 4,BEŞİKTAŞ,41.047,29.0023,27,1,26,YOL ÜSTÜ,1,15,09:00-17:00
2026-08-10T07:51:28.983126+00:00,2026-08-10T10:51:28.983126+03:00,1189,İçerenköy Sebze Meyve Hali Otoparkı,ATAŞEHİR,40.9766,29.1044,600,599,1,AÇIK OTOPARK,1,15,24 Saat
2026-08-10T07:51:28.983126+00:00,2026-08-10T10:51:28.983126+03:00,1127,İshakpaşa Caddesi,FATİH,41.0079,28.9814,200,1,199,YOL ÜSTÜ,1,0,08:00-18:00
2026-08-10T07:51:28.983126+00:00,2026-08-10T10:51:28.983126+03:00,3265,İspark İstanbul West Marina Açık Otoparkı 1,BEYLİKDÜZÜ,40.9636,28.6564,250,1,249,AÇIK OTOPARK,1,15,24 Saat
2026-08-10T07:51:28.983126+00:00,2026-08-10T10:51:28.983126+03:00,2793,İspark Merter Katlı Otoparkı,GÜNGÖREN,41.0097,28.89,900,314,586,KAPALI OTOPARK,1,10,24 Saat
2026-08-10T07:51:28.983126+00:00,2026-08-10T10:51:28.983126+03:00,2430,İspark West İstanbul Marina Açık Otoparkı,BEYLİKDÜZÜ,40.9639,28.6591,1600,1202,398,AÇIK OTOPARK,1,15,24 Saat
2026-08-10T07:51:28.983126+00:00,2026-08-10T10:51:28.983126+03:00,381,İstinye 4 ( Cami Önü ),SARIYER,41.1149,29.0571,25,1,24,YOL ÜSTÜ,1,15,08:30-17:30
2026-08-10T07:51:28.983126+00:00,2026-08-10T10:51:28.983126+03:00,1804,İtalyan Hastanesi Karşısı Açık Otoparkı 1,BEYOĞLU,41.028,28.9815,30,1,29,AÇIK OTOPARK,1,0,08:00-19:00
2026-08-10T07:51:28.983126+00:00,2026-08-10T10:51:28.983126+03:00,507,Kabasakal Medrese Önü,FATİH,41.0062,28.9789,65,1,64,AÇIK OTOPARK,1,0,08:00-18:30
2026-08-10T07:51:28.983126+00:00,2026-08-10T10:51:28.983126+03:00,3306,Kabataş Transfer Merkezi Turizm Otobüs Otoparkı,BEYOĞLU,41.0336,28.9923,160,33,127,KAPALI OTOPARK,1,20,24 Saat
2026-08-10T07:51:28.983126+00:00,2026-08-10T10:51:28.983126+03:00,2918,Kadıköy Hasanpaşa Gazhane Katlı Otoparkı,KADIKÖY,40.9972,29.0428,310,201,109,KAPALI OTOPARK,1,15,24 Saat
2026-08-10T07:51:28.983126+00:00,2026-08-10T10:51:28.983126+03:00,1447,Kadıköy İski Açık Otoparkı,KADIKÖY,40.9874,29.0207,124,82,42,AÇIK OTOPARK,1,15,24 Saat
2026-08-10T07:51:28.983126+00:00,2026-08-10T10:51:28.983126+03:00,1655,Kadıköy Metro Açık Otoparkı,KADIKÖY,40.9899,29.0217,74,1,73,AÇIK OTOPARK,1,15,24 Saat
2026-08-10T07:51:28.983126+00:00,2026-08-10T10:51:28.983126+03:00,3445,Kadıköy Uzunçayır PD Açık Otoparkı,KADIKÖY,40.9982,29.0569,70,42,28,AÇIK OTOPARK,1,15,06:30-16:30
2026-08-10T07:51:28.983126+00:00,2026-08-10T10:51:28.983126+03:00,2808,Kadıköy Yeni Salı Pazarı PD Katlı Otoparkı,KADIKÖY,40.9969,29.0486,1350,643,707,KAPALI OTOPARK,1,15,24 Saat
2026-08-10T07:51:28.983126+00:00,2026-08-10T10:51:28.983126+03:00,2811,Kağıthane Harmantepe Zemin Altı Otoparkı,KAĞITHANE,41.0816,28.9907,200,0,200,KAPALI OTOPARK,1,0,24 Saat
2026-08-10T07:51:28.983126+00:00,2026-08-10T10:51:28.983126+03:00,1452,Kalamış Açık Otoparkı,KADIKÖY,40.9687,29.0363,173,153,20,AÇIK OTOPARK,1,15,24 Saat
2026-08-10T07:51:28.983126+00:00,2026-08-10T10:51:28.983126+03:00,1474,Kartal Hasan Doğan Spor Kompleksi,KARTAL,40.8918,29.1897,773,0,773,KAPALI OTOPARK,1,15,24 Saat
2026-08-10T07:51:28.983126+00:00,2026-08-10T10:51:28.983126+03:00,1105,Kartal İdo Açık Otoparkı,KARTAL,40.8874,29.1881,90,0,90,AÇIK OTOPARK,1,15,24 Saat
2026-08-10T07:51:28.983126+00:00,2026-08-10T10:51:28.983126+03:00,1550,Kartal Sahil Açık Otoparkı,KARTAL,40.8875,29.1901,75,27,48,AÇIK OTOPARK,1,5,24 Saat
2026-08-10T07:51:28.983126+00:00,2026-08-10T10:51:28.983126+03:00,3434,Kasımpaşa Sosyal Tesisler Otoparkı,BEYOĞLU,41.0296,28.9673,60,38,22,AÇIK OTOPARK,1,0,07:30-23:00
2026-08-10T07:51:28.983126+00:00,2026-08-10T10:51:28.983126+03:00,1960,Kazlıçeşme Marmaray Açık Otoparkı,ZEYTİNBURNU,40.9922,28.917,700,589,111,AÇIK OTOPARK,1,15,24 Saat
2026-08-10T07:51:28.983126+00:00,2026-08-10T10:51:28.983126+03:00,2994,Kirazlı Metro Durağı PD Açık Otoparkı,BAĞCILAR,41.033,28.8429,112,0,112,AÇIK OTOPARK,1,5,24 Saat
2026-08-10T07:51:28.983126+00:00,2026-08-10T10:51:28.983126+03:00,1528,Kore Şehitleri Caddesi - Yüzbaşı Kaya Aldağon Sokak 1,ŞİŞLİ,41.0719,29.0139,40,1,39,YOL ÜSTÜ,1,15,07:00-16:00
2026-08-10T07:51:28.983126+00:00,2026-08-10T10:51:28.983126+03:00,2449,Kozyatağı Sebze-Meyve Hali,ATAŞEHİR,40.9787,29.1029,1500,1499,1,AÇIK OTOPARK,1,0,24 Saat
2026-08-10T07:51:28.983126+00:00,2026-08-10T10:51:28.983126+03:00,113,Kurtuluş Caddesi 4,ŞİŞLİ,41.051,28.983,45,1,44,YOL ÜSTÜ,1,15,08:00-18:00
2026-08-10T07:51:28.983126+00:00,2026-08-10T10:51:28.983126+03:00,1206,Kutlugün Sokak 2,FATİH,41.0061,28.9801,200,1,199,YOL ÜSTÜ,1,0,08:00-18:00
2026-08-10T07:51:28.983126+00:00,2026-08-10T10:51:28.983126+03:00,3074,Küçük Çamlıca,ÜSKÜDAR,41.0204,29.0653,129,107,22,AÇIK OTOPARK,1,0,08:00-22:00
2026-08-10T07:51:28.983126+00:00,2026-08-10T10:51:28.983126+03:00,3127,Küçükçekmece Cennet Mahallesi Meydan Zemin Altı Otoparkı,KÜÇÜKÇEKMECE,40.9907,28.783,456,0,456,KAPALI OTOPARK,1,10,24 Saat
2026-08-10T07:51:28.983126+00:00,2026-08-10T10:51:28.983126+03:00,2554,Küçükçekmece Fevzi Çakmak Meydanı Zemin Altı Otoparkı,KÜÇÜKÇEKMECE,41.0076,28.7927,1000,525,475,KAPALI OTOPARK,1,10,24 Saat
2026-08-10T07:51:28.983126+00:00,2026-08-10T10:51:28.983126+03:00,2882,Küçüksu Kasrı Açık Otoparkı,BEYKOZ,41.0789,29.0657,98,91,7,AÇIK OTOPARK,1,0,07:00-23:00
2026-08-10T07:51:28.983126+00:00,2026-08-10T10:51:28.983126+03:00,220,Levent Hamidiye,BEŞİKTAŞ,41.0861,29.0076,100,1,99,AÇIK OTOPARK,1,0,08:00-19:00
2026-08-10T07:51:28.983126+00:00,2026-08-10T10:51:28.983126+03:00,1138,Levent Metro Yer Altı Otoparkı,BEŞİKTAŞ,41.0811,29.0105,100,1,99,AÇIK OTOPARK,1,5,07:30-19:30
2026-08-10T07:51:28.983126+00:00,2026-08-10T10:51:28.983126+03:00,2335,Maçka Açık Otoparkı,ŞİŞLİ,41.046,28.9908,75,75,0,AÇIK OTOPARK,1,0,24 Saat
2026-08-10T07:51:28.983126+00:00,2026-08-10T10:51:28.983126+03:00,1859,Maçka Katlı Otoparkı,ŞİŞLİ,41.0484,28.9903,508,0,508,KAPALI OTOPARK,1,0,24 Saat
2026-08-10T07:51:28.983126+00:00,2026-08-10T10:51:28.983126+03:00,3193,Maltepe Rıhtım Caddesi Açık Otoparkı,MALTEPE,40.9258,29.1241,76,63,13,AÇIK OTOPARK,1,0,24 Saat
2026-08-10T07:51:28.983126+00:00,2026-08-10T10:51:28.983126+03:00,2146,Maltepe Süreyyapaşa Çarşısı Açık Otoparkı,MALTEPE,40.9274,29.1225,156,122,34,AÇIK OTOPARK,1,0,24 Saat
2026-08-10T07:51:28.983126+00:00,2026-08-10T10:51:28.983126+03:00,1599,Maslak Açık Otoparkı,SARIYER,41.1166,29.024,150,73,77,AÇIK OTOPARK,1,10,24 Saat
2026-08-10T07:51:28.983126+00:00,2026-08-10T10:51:28.983126+03:00,2100,Matbaacılar Sitesi Yanı,ZEYTİNBURNU,41.0234,28.9187,250,125,125,AÇIK OTOPARK,1,5,24 Saat
2026-08-10T07:51:28.983126+00:00,2026-08-10T10:51:28.983126+03:00,920,Meclis-i Mebusan Yokuşu 2,BEYOĞLU,41.0326,28.9882,34,1,33,YOL ÜSTÜ,1,15,09:00-17:00
2026-08-10T07:51:28.983126+00:00,2026-08-10T10:51:28.983126+03:00,1546,Menekşe Plajı Açık Otoparkı,BAKIRKÖY,40.9761,28.7766,200,199,1,AÇIK OTOPARK,1,0,24 Saat
2026-08-10T07:51:28.983126+00:00,2026-08-10T10:51:28.983126+03:00,1376,Mercan Açık,FATİH,41.0136,28.9669,130,39,91,AÇIK OTOPARK,1,0,08:00-23:00
2026-08-10T07:51:28.983126+00:00,2026-08-10T10:51:28.983126+03:00,3309,Mercan Ali Paşa Sarayı Zemin Altı Otoparkı,FATİH,41.0136,28.967,196,1,195,KAPALI OTOPARK,1,0,07:00-21:00
2026-08-10T07:51:28.983126+00:00,2026-08-10T10:51:28.983126+03:00,1472,Merter Katlı Otoparkı,GÜNGÖREN,41.0092,28.8874,1000,869,131,KAPALI OTOPARK,1,10,24 Saat
2026-08-10T07:51:28.983126+00:00,2026-08-10T10:51:28.983126+03:00,2375,Merter Metro PD Zeminaltı Otoparkı,GÜNGÖREN,41.0037,28.8897,242,77,165,KAPALI OTOPARK,1,10,24 Saat
2026-08-10T07:51:28.983126+00:00,2026-08-10T10:51:28.983126+03:00,1568,Mete Caddesi 1,BEYOĞLU,41.0382,28.9879,31,1,30,YOL ÜSTÜ,1,15,08:00-23:00
2026-08-10T07:51:28.983126+00:00,2026-08-10T10:51:28.983126+03:00,1471,Mevlana Yeraltı Katlı Otoparkı,ZEYTİNBURNU,41.0072,28.9049,1000,855,145,KAPALI OTOPARK,1,5,24 Saat
2026-08-10T07:51:28.983126+00:00,2026-08-10T10:51:28.983126+03:00,2709,Millet Caddesi Açık Otoparkı,FATİH,41.01,28.9461,60,1,59,AÇIK OTOPARK,1,15,24 Saat
2026-08-10T07:51:28.983126+00:00,2026-08-10T10:51:28.983126+03:00,3152,Mimar Sinan Zemin Altı Otoparkı,ÜSKÜDAR,41.0222,29.0169,956,180,776,KAPALI OTOPARK,1,15,24 Saat
2026-08-10T07:51:28.983126+00:00,2026-08-10T10:51:28.983126+03:00,2870,Miniatürk Çadır Açık Otoparkı,BEYOĞLU,41.0594,28.9501,250,82,168,AÇIK OTOPARK,1,15,07:00-20:00
2026-08-10T07:51:28.983126+00:00,2026-08-10T10:51:28.983126+03:00,2556,Muallim Naci Açık Otoparkı,BEŞİKTAŞ,41.0561,29.0342,35,33,2,AÇIK OTOPARK,1,15,24 Saat
2026-08-10T07:51:28.983126+00:00,2026-08-10T10:51:28.983126+03:00,569,Oda Kule Önü 1,BEYOĞLU,41.0322,28.9751,24,1,23,YOL ÜSTÜ,1,0,07:00-01:00
2026-08-10T07:51:28.983126+00:00,2026-08-10T10:51:28.983126+03:00,1988,Orhangazi Şehir Parkı PD Açık Otoparkı,MALTEPE,40.9313,29.1161,5022,4632,390,AÇIK OTOPARK,1,15,24 Saat
2026-08-10T07:51:28.983126+00:00,2026-08-10T10:51:28.983126+03:00,152,Ortabahçe Caddesi 2,BEŞİKTAŞ,41.0428,29.0043,35,35,0,YOL ÜSTÜ,1,15,08:00-23:00
2026-08-10T07:51:28.983126+00:00,2026-08-10T10:51:28.983126+03:00,153,Ortabahçe Caddesi 3,BEŞİKTAŞ,41.043,29.0042,26,1,25,YOL ÜSTÜ,1,15,08:00-23:00
2026-08-10T07:51:28.983126+00:00,2026-08-10T10:51:28.983126+03:00,119,Ortaklar Caddesi 1,ŞİŞLİ,41.0638,28.9971,25,1,24,YOL ÜSTÜ,1,15,08:30-17:00
2026-08-10T07:51:28.983126+00:00,2026-08-10T10:51:28.983126+03:00,1343,Ortaköy Açık Otoparkı,BEŞİKTAŞ,41.0504,29.0326,170,153,17,AÇIK OTOPARK,1,0,24 Saat
2026-08-10T07:51:28.983126+00:00,2026-08-10T10:51:28.983126+03:00,572,Ortaköy Portakal Yokuşu 1,BEŞİKTAŞ,41.0503,29.0261,15,1,14,YOL ÜSTÜ,1,15,09:00-19:00
2026-08-10T07:51:28.983126+00:00,2026-08-10T10:51:28.983126+03:00,1039,Öğretmen Evi,AVCILAR,40.9723,28.714,80,41,39,AÇIK OTOPARK,0,0,11:00-23:00
2026-08-10T07:51:28.983126+00:00,2026-08-10T10:51:28.983126+03:00,1466,Pendik Katlı Otoparkı,PENDİK,40.8789,29.2342,120,0,120,KAPALI OTOPARK,1,15,24 Saat
2026-08-10T07:51:28.983126+00:00,2026-08-10T10:51:28.983126+03:00,3073,Pendik Kemal Kalkuz Parkı Zemin Altı Otoparkı,PENDİK,40.8885,29.2427,224,0,224,KAPALI OTOPARK,1,0,09:00-18:00
2026-08-10T07:51:28.983126+00:00,2026-08-10T10:51:28.983126+03:00,3019,Pendik Meydan Zemin Altı Otoparkı,PENDİK,40.8752,29.2324,937,0,937,KAPALI OTOPARK,1,0,24 Saat
2026-08-10T07:51:28.983126+00:00,2026-08-10T10:51:28.983126+03:00,2865,Pendik Sahil Engelliler Merkez Önü,PENDİK,40.8735,29.233,100,65,35,AÇIK OTOPARK,0,0,11:00-20:00
2026-08-10T07:51:28.983126+00:00,2026-08-10T10:51:28.983126+03:00,2434,Pendik Sahil İdo,PENDİK,40.8755,29.2369,100,0,100,AÇIK OTOPARK,1,0,07:00-23:00
2026-08-10T07:51:28.983126+00:00,2026-08-10T10:51:28.983126+03:00,248,Pendik Yenimahalle Açık 2 Otoparkı,PENDİK,40.864,29.2723,124,83,41,AÇIK OTOPARK,1,15,10:00-22:00
2026-08-10T07:51:28.983126+00:00,2026-08-10T10:51:28.983126+03:00,297,Perşembe Pazarı 1,BEYOĞLU,41.0252,28.9693,32,1,31,YOL ÜSTÜ,1,15,08:00-17:00
2026-08-10T07:51:28.983126+00:00,2026-08-10T10:51:28.983126+03:00,597,Pierre Loti Caddesi 3,FATİH,41.0069,28.9711,36,1,35,YOL ÜSTÜ,1,0,07:00-17:00
2026-08-10T07:51:28.983126+00:00,2026-08-10T10:51:28.983126+03:00,3263,Piyalepaşa Meydanı Zemin Altı Otoparkı,BEYOĞLU,41.0445,28.9674,560,289,271,KAPALI OTOPARK,1,0,24 Saat
2026-08-10T07:51:28.983126+00:00,2026-08-10T10:51:28.983126+03:00,1900,Ragıp Gümüşpala Cad.(Sobacılar Önü),FATİH,41.0181,28.969,40,1,39,YOL ÜSTÜ,1,15,07:00-18:00
2026-08-10T07:51:28.983126+00:00,2026-08-10T10:51:28.983126+03:00,415,Ragıp Gümüşpala Camii Önü 1,FATİH,41.0211,28.9627,35,1,34,YOL ÜSTÜ,1,0,07:00-17:30
2026-08-10T07:51:28.983126+00:00,2026-08-10T10:51:28.983126+03:00,3268,Refik Saydam Caddesi 3,BEYOĞLU,41.032,28.9736,55,1,54,YOL ÜSTÜ,1,0,06:00-23:00
2026-08-10T07:51:28.983126+00:00,2026-08-10T10:51:28.983126+03:00,2307,Ressam Halim Sokak PD Açık Otoparkı,BAHÇELİEVLER,40.9967,28.8641,120,58,62,AÇIK OTOPARK,1,15,08:00-00:00
2026-08-10T07:51:28.983126+00:00,2026-08-10T10:51:28.983126+03:00,3082,Rumeli Hisarı Sahil Yolu Otoparkı,SARIYER,41.0854,29.0568,20,8,12,AÇIK OTOPARK,1,0,24 Saat
2026-08-10T07:51:28.983126+00:00,2026-08-10T10:51:28.983126+03:00,1595,Sabiha Gökçen Açık Otoparkı,PENDİK,40.925,29.308,1056,218,838,AÇIK OTOPARK,1,15,24 Saat
2026-08-10T07:51:28.983126+00:00,2026-08-10T10:51:28.983126+03:00,3239,Samatya Sahil Cep Otoparkı,FATİH,40.9954,28.932,113,110,3,AÇIK OTOPARK,1,15,24 Saat
2026-08-10T07:51:28.983126+00:00,2026-08-10T10:51:28.983126+03:00,3273,Sarıyer Büyükdere Fidanlığı,SARIYER,41.1548,29.0268,160,155,5,AÇIK OTOPARK,1,0,08:00-18:00
2026-08-10T07:51:28.983126+00:00,2026-08-10T10:51:28.983126+03:00,3299,Sariyer Ayazağa Mah Vadi İstanbul Önü Açık Otoparkı,SARIYER,41.1106,28.9881,100,96,4,AÇIK OTOPARK,1,0,08:00-20:00
2026-08-10T07:51:28.983126+00:00,2026-08-10T10:51:28.983126+03:00,1303,Seyrantepe Katlı (Arena Karşısı) 1,KAĞITHANE,41.101,28.9961,1897,1,1896,KAPALI OTOPARK,1,0,24 Saat
2026-08-10T07:51:28.983126+00:00,2026-08-10T10:51:28.983126+03:00,1628,Sıracevizler Caddesi Yol Üstü 5,ŞİŞLİ,41.0607,28.9841,45,1,44,YOL ÜSTÜ,1,15,09:00-17:00
2026-08-10T07:51:28.983126+00:00,2026-08-10T10:51:28.983126+03:00,464,Sirkeci Gar Önü,FATİH,41.015,28.9761,60,1,59,AÇIK OTOPARK,1,5,07:00-20:00
2026-08-10T07:51:28.983126+00:00,2026-08-10T10:51:28.983126+03:00,1486,Siyavuşpaşa Yer Altı Otoparkı,BAHÇELİEVLER,40.9965,28.8532,155,0,155,KAPALI OTOPARK,1,0,24 Saat
2026-08-10T07:51:28.983126+00:00,2026-08-10T10:51:28.983126+03:00,1958,Soğanlık Metro PD Açık Otoparkı,KARTAL,40.9131,29.1925,898,843,55,AÇIK OTOPARK,1,15,24 Saat
2026-08-10T07:51:28.983126+00:00,2026-08-10T10:51:28.983126+03:00,589,Su Terazisi Sokak,FATİH,41.0046,28.9727,22,1,21,YOL ÜSTÜ,1,0,07:30-17:00
2026-08-10T07:51:28.983126+00:00,2026-08-10T10:51:28.983126+03:00,1478,Suadiye Cep Açık Otoparkı,KADIKÖY,40.9586,29.0732,130,121,9,AÇIK OTOPARK,1,15,24 Saat
2026-08-10T07:51:28.983126+00:00,2026-08-10T10:51:28.983126+03:00,2948,Suadiye Sahil Açık Otoparkı,KADIKÖY,40.9562,29.0797,70,45,25,AÇIK OTOPARK,1,5,24 Saat
2026-08-10T07:51:28.983126+00:00,2026-08-10T10:51:28.983126+03:00,2799,Sultanbeyli Emir Caddesi Zemin Altı Otoparkı,SULTANBEYLİ,40.9707,29.2606,130,51,79,KAPALI OTOPARK,1,15,08:00-22:00
2026-08-10T07:51:28.983126+00:00,2026-08-10T10:51:28.983126+03:00,2372,Sultanbeyli Kent Meydanı Zemin Altı Otoparkı,SULTANBEYLİ,40.9667,29.2667,300,155,145,KAPALI OTOPARK,1,15,24 Saat
2026-08-10T07:51:28.983126+00:00,2026-08-10T10:51:28.983126+03:00,2410,Sultangazi Zemin Altı Otoparkı,SULTANGAZİ,41.0944,28.8649,104,0,104,KAPALI OTOPARK,1,10,24 Saat
2026-08-10T07:51:28.983126+00:00,2026-08-10T10:51:28.983126+03:00,2085,Süleyman Seba Caddesi 2,BEŞİKTAŞ,41.0426,28.9998,40,1,39,YOL ÜSTÜ,1,15,08:00-18:00
2026-08-10T07:51:28.983126+00:00,2026-08-10T10:51:28.983126+03:00,2088,Süleyman Seba Caddesi 5,BEŞİKTAŞ,41.0432,28.9978,40,1,39,YOL ÜSTÜ,1,15,08:00-18:00
2026-08-10T07:51:28.983126+00:00,2026-08-10T10:51:28.983126+03:00,2089,Süleyman Seba Caddesi 6,BEŞİKTAŞ,41.0435,28.9967,11,1,10,YOL ÜSTÜ,1,15,08:00-18:00
2026-08-10T07:51:28.983126+00:00,2026-08-10T10:51:28.983126+03:00,2391,Süleymaniye Cami Altı Açık Otoparkı,FATİH,41.0158,28.961,250,235,15,AÇIK OTOPARK,1,0,06:30-18:30
2026-08-10T07:51:28.983126+00:00,2026-08-10T10:51:28.983126+03:00,1730,Sütlüce Miniatürk Yanı,BEYOĞLU,41.057,28.95,320,213,107,AÇIK OTOPARK,1,15,24 Saat
2026-08-10T07:51:28.983126+00:00,2026-08-10T10:51:28.983126+03:00,36,Şakayık Sokak 4,ŞİŞLİ,41.0518,28.9936,50,1,49,YOL ÜSTÜ,1,15,08:00-16:00
2026-08-10T07:51:28.983126+00:00,2026-08-10T10:51:28.983126+03:00,1469,Şehit Volkan Duysak Katlı Otoparkı,ZEYTİNBURNU,40.9968,28.9039,1000,686,314,KAPALI OTOPARK,1,5,24 Saat
2026-08-10T07:51:28.983126+00:00,2026-08-10T10:51:28.983126+03:00,2855,Şemsipaşa Açık Otoparkı,ÜSKÜDAR,41.0255,29.0097,80,33,47,AÇIK OTOPARK,1,0,24 Saat
2026-08-10T07:51:28.983126+00:00,2026-08-10T10:51:28.983126+03:00,2439,Şirinevler Meydan Zeminaltı Otoparkı,BAHÇELİEVLER,40.9925,28.8496,367,52,315,KAPALI OTOPARK,1,0,24 Saat
2026-08-10T07:51:28.983126+00:00,2026-08-10T10:51:28.983126+03:00,3400,Şişhane Refik Saydam Caddesi 2 Yol Üstü Otoparkı 1,BEYOĞLU,41.0326,28.9743,70,1,69,YOL ÜSTÜ,1,15,06:00-23:00
2026-08-10T07:51:28.983126+00:00,2026-08-10T10:51:28.983126+03:00,3441,Şişli Kuştepe Zemin Altı Otoparkı,ŞİŞLİ,41.072,28.9919,430,309,121,KAPALI OTOPARK,1,15,24 Saat
2026-08-10T07:51:28.983126+00:00,2026-08-10T10:51:28.983126+03:00,2816,Şişli Rumeli Caddesi Metro Yanı 1,ŞİŞLİ,41.0538,28.9868,45,1,44,YOL ÜSTÜ,1,15,08:00-20:00
2026-08-10T07:51:28.983126+00:00,2026-08-10T10:51:28.983126+03:00,2406,Şişli Zemin Altı Otoparkı,ŞİŞLİ,41.0641,28.9992,581,201,380,KAPALI OTOPARK,1,15,24 Saat
2026-08-10T07:51:28.983126+00:00,2026-08-10T10:51:28.983126+03:00,1993,Tuzla İdo,TUZLA,40.8149,29.3039,300,271,29,AÇIK OTOPARK,1,15,24 Saat
2026-08-10T07:51:28.983126+00:00,2026-08-10T10:51:28.983126+03:00,3332,Tuzla Sahil Cep,TUZLA,40.8168,29.2992,50,40,10,AÇIK OTOPARK,1,0,08:00-00:00
2026-08-10T07:51:28.983126+00:00,2026-08-10T10:51:28.983126+03:00,3057,Tuzla Sahil Zemin Altı Otoparkı,TUZLA,40.8181,29.3004,779,1,778,KAPALI OTOPARK,1,15,24 Saat
2026-08-10T07:51:28.983126+00:00,2026-08-10T10:51:28.983126+03:00,1811,Ulu Camii Açık Otoparkı,BAHÇELİEVLER,40.9982,28.8499,150,124,26,AÇIK OTOPARK,1,10,24 Saat
2026-08-10T07:51:28.983126+00:00,2026-08-10T10:51:28.983126+03:00,2424,Uzunçayır Açık Otoparkı,KADIKÖY,40.9988,29.0556,58,52,6,AÇIK OTOPARK,1,0,06:00-16:00
2026-08-10T07:51:28.983126+00:00,2026-08-10T10:51:28.983126+03:00,1468,Ümraniye Katlı Otoparkı,ÜMRANİYE,41.0261,29.0953,665,526,139,KAPALI OTOPARK,1,15,24 Saat
2026-08-10T07:51:28.983126+00:00,2026-08-10T10:51:28.983126+03:00,2898,Ümraniye Okan Sokak Zeminaltı Otoparkı,ÜMRANİYE,41.0284,29.0907,125,38,87,KAPALI OTOPARK,1,15,24 Saat
2026-08-10T07:51:28.983126+00:00,2026-08-10T10:51:28.983126+03:00,2345,Üsküdar Uzunçayır PD Açık Otoparkı,ÜSKÜDAR,40.9988,29.0577,90,52,38,AÇIK OTOPARK,1,15,06:00-22:00
2026-08-10T07:51:28.983126+00:00,2026-08-10T10:51:28.983126+03:00,1929,Üsküdar Ünalan Açık Otoparkı,ÜSKÜDAR,40.9979,29.0604,180,175,5,AÇIK OTOPARK,1,0,07:00-17:00
2026-08-10T07:51:28.983126+00:00,2026-08-10T10:51:28.983126+03:00,1487,Vatan Caddesi PD Açık Otoparkı,FATİH,41.0157,28.9405,397,128,269,AÇIK OTOPARK,1,5,24 Saat
2026-08-10T07:51:28.983126+00:00,2026-08-10T10:51:28.983126+03:00,2441,Yalı Açık Otoparkı,MALTEPE,40.9095,29.137,85,81,4,AÇIK OTOPARK,1,0,07:30-22:00
2026-08-10T07:51:28.983126+00:00,2026-08-10T10:51:28.983126+03:00,459,Yalı Köşkü Caddesi 1,FATİH,41.0163,28.9759,61,1,60,YOL ÜSTÜ,1,5,07:00-21:00
2026-08-10T07:51:28.983126+00:00,2026-08-10T10:51:28.983126+03:00,2037,Yenikapı Marmaray Büyük Otoparkı,FATİH,41.0057,28.9505,324,153,171,AÇIK OTOPARK,1,15,24 Saat
2026-08-10T07:51:28.983126+00:00,2026-08-10T10:51:28.983126+03:00,2036,Yenikapı Marmaray Küçük Otoparkı,FATİH,41.0064,28.9504,200,163,37,AÇIK OTOPARK,1,15,07:00-22:00
2026-08-10T07:51:28.983126+00:00,2026-08-10T10:51:28.983126+03:00,2175,Yenikapı Spor ve Kültür Merkezi PD Açık Otoparkı,FATİH,41.0006,28.9519,4023,3744,279,AÇIK OTOPARK,1,15,24 Saat
2026-08-10T07:51:28.983126+00:00,2026-08-10T10:51:28.983126+03:00,2805,Yenikapı Tünel Üstü Açık Otoparkı,FATİH,41.0029,28.9534,700,464,236,AÇIK OTOPARK,1,10,24 Saat
2026-08-10T07:51:28.983126+00:00,2026-08-10T10:51:28.983126+03:00,3404,Yenimahalle Metro Zemin Altı PD Otoparkı,GAZİOSMANPAŞA,41.0839,28.8926,114,92,22,KAPALI OTOPARK,1,15,24 Saat
2026-08-10T07:51:28.983126+00:00,2026-08-10T10:51:28.983126+03:00,2920,Yeşilce Zemin Altı Katlı Otoparkı,KAĞITHANE,41.0938,29.0017,676,0,676,KAPALI OTOPARK,1,0,24 Saat
2026-08-10T07:51:28.983126+00:00,2026-08-10T10:51:28.983126+03:00,987,Yeşilköy İstasyon Caddesi 1,BAKIRKÖY,40.962,28.825,40,1,39,YOL ÜSTÜ,1,15,09:00-17:30
2026-08-10T07:51:28.983126+00:00,2026-08-10T10:51:28.983126+03:00,974,Yeşilköy Marina 1,BAKIRKÖY,40.9576,28.8233,145,1,144,YOL ÜSTÜ,0,0,12:00-23:00
2026-08-10T07:51:28.983126+00:00,2026-08-10T10:51:28.983126+03:00,3406,Yeşilpınar Metro Zemin Altı PD Otoparkı,EYÜP,41.081,28.9204,269,202,67,KAPALI OTOPARK,1,15,24 Saat
2026-08-10T07:51:28.983126+00:00,2026-08-10T10:51:28.983126+03:00,315,Yeşilyurt Çarşı 1,BAKIRKÖY,40.9643,28.8379,50,1,49,YOL ÜSTÜ,1,15,09:00-17:30
2026-08-10T07:51:28.983126+00:00,2026-08-10T10:51:28.983126+03:00,1133,Yıldız Korusu,BEŞİKTAŞ,41.0514,29.0165,500,1,499,AÇIK OTOPARK,1,0,08:00-22:00
2026-08-10T07:51:28.983126+00:00,2026-08-10T10:51:28.983126+03:00,882,Zeytinburnu 58. Bulvar 2,ZEYTİNBURNU,40.9932,28.9039,48,1,47,YOL ÜSTÜ,1,15,09:00-18:00
2026-08-10T07:51:28.983126+00:00,2026-08-10T10:51:28.983126+03:00,3185,Zeytinburnu Sahil Cep Otoparkı,ZEYTİNBURNU,40.9798,28.8985,160,1,159,AÇIK OTOPARK,0,0,12:00-22:00
2026-08-10T09:38:44.745774+00:00,2026-08-10T12:38:44.745774+03:00,3068,15 Temmuz Şehitler Meydanı Zeminaltı Otoparkı,ÜMRANİYE,41.0246,29.0915,1029,518,511,KAPALI OTOPARK,1,15,24 Saat
2026-08-10T09:38:44.745774+00:00,2026-08-10T12:38:44.745774+03:00,2338,19 Mayıs Açık,ŞİŞLİ,41.0563,28.9941,65,0,65,AÇIK OTOPARK,1,0,24 Saat
2026-08-10T09:38:44.745774+00:00,2026-08-10T12:38:44.745774+03:00,1751,4.Levent PD Açık Otoparkı,KAĞITHANE,41.0836,29.0081,236,87,149,AÇIK OTOPARK,1,5,24 Saat
2026-08-10T09:38:44.745774+00:00,2026-08-10T12:38:44.745774+03:00,3328,4.Levent Servis ve Turizm Araçları Açık Otoparkı,ŞİŞLİ,41.0841,29.0054,300,161,139,AÇIK OTOPARK,1,15,24 Saat
2026-08-10T09:38:44.745774+00:00,2026-08-10T12:38:44.745774+03:00,3412,5. Levent Gaziosmanpaşa Adliyesi Yanı Açık Otoparkı,EYÜP,41.0927,28.9494,250,184,66,AÇIK OTOPARK,1,15,07:00-23:00
2026-08-10T09:38:44.745774+00:00,2026-08-10T12:38:44.745774+03:00,104,Abide-i Hürriyet Caddesi 5,ŞİŞLİ,41.0619,28.9876,40,1,39,YOL ÜSTÜ,1,15,08:00-17:00
2026-08-10T09:38:44.745774+00:00,2026-08-10T12:38:44.745774+03:00,2452,Acıbadem Açık Otoparkı,ÜSKÜDAR,41.0157,29.0574,100,86,14,AÇIK OTOPARK,1,0,06:30-16:00
2026-08-10T09:38:44.745774+00:00,2026-08-10T12:38:44.745774+03:00,346,Ada Karşısı Cep 2,BEŞİKTAŞ,41.072,29.045,30,1,29,YOL ÜSTÜ,1,15,08:00-23:00
2026-08-10T09:38:44.745774+00:00,2026-08-10T12:38:44.745774+03:00,1663,Akasyalı Sokak Tenis Kulubü Önü 2,BEŞİKTAŞ,41.0867,29.0109,45,1,44,YOL ÜSTÜ,1,15,08:30-17:30
2026-08-10T09:38:44.745774+00:00,2026-08-10T12:38:44.745774+03:00,828,Akdeniz Caddesi 4,FATİH,41.0175,28.9435,27,1,26,YOL ÜSTÜ,1,15,09:00-18:00
2026-08-10T09:38:44.745774+00:00,2026-08-10T12:38:44.745774+03:00,1913,Alibeyköy Cep Otogarı Açık Otoparkı,EYÜP,41.0879,28.9446,116,0,116,AÇIK OTOPARK,1,25,24 Saat
2026-08-10T09:38:44.745774+00:00,2026-08-10T12:38:44.745774+03:00,1912,Alibeyköy Cep Otogarı Otobüs Otoparkı,EYÜP,41.0875,28.9449,5000,4976,24,AÇIK OTOPARK,1,60,24 Saat
2026-08-10T09:38:44.745774+00:00,2026-08-10T12:38:44.745774+03:00,2562,Alibeyköy Yeşiltepe Zemin Altı Otoparkı,EYÜP,41.0797,28.938,159,67,92,KAPALI OTOPARK,1,15,24 Saat
2026-08-10T09:38:44.745774+00:00,2026-08-10T12:38:44.745774+03:00,3201,Altınboynuz Sosyal Tesisleri,EYÜP,41.058,28.9447,70,70,0,AÇIK OTOPARK,1,15,08:00-23:00
2026-08-10T09:38:44.745774+00:00,2026-08-10T12:38:44.745774+03:00,758,Arap Camii Açık Otoparkı,BEYOĞLU,41.0227,28.9723,30,1,29,AÇIK OTOPARK,1,0,09:00-17:00
2026-08-10T09:38:44.745774+00:00,2026-08-10T12:38:44.745774+03:00,1963,Aras Sokak 1,BÜYÜKÇEKMECE,41.0226,28.622,60,60,0,YOL ÜSTÜ,1,0,06:00-14:30
2026-08-10T09:38:44.745774+00:00,2026-08-10T12:38:44.745774+03:00,2802,Arnavutköy Zemin Altı Otoparkı,ARNAVUTKÖY,41.1838,28.7396,700,36,664,KAPALI OTOPARK,1,15,24 Saat
2026-08-10T09:38:44.745774+00:00,2026-08-10T12:38:44.745774+03:00,1797,Ataköy Atrium AVM,BAKIRKÖY,40.9881,28.8459,250,181,69,AÇIK OTOPARK,1,15,08:00-23:00
2026-08-10T09:38:44.745774+00:00,2026-08-10T12:38:44.745774+03:00,2824,Ataköy Metro Durağı Yanı PD Zemin Altı Otoparkı,BAKIRKÖY,40.9904,28.8456,150,80,70,KAPALI OTOPARK,1,0,24 Saat
2026-08-10T09:38:44.745774+00:00,2026-08-10T12:38:44.745774+03:00,359,Atatürk Bulvarı 1,FATİH,41.0112,28.9534,20,1,19,YOL ÜSTÜ,1,0,07:30-18:00
2026-08-10T09:38:44.745774+00:00,2026-08-10T12:38:44.745774+03:00,3087,Atatürk Kent Ormanı Otoparkı,SARIYER,41.136,29.0262,200,197,3,AÇIK OTOPARK,1,0,08:00-17:00
2026-08-10T09:38:44.745774+00:00,2026-08-10T12:38:44.745774+03:00,2243,Avcılar Denizköşkler Toplantı ve Davet Salonu Açık Otoparkı,AVCILAR,40.9746,28.7435,200,197,3,AÇIK OTOPARK,0,15,13:00-07:00
2026-08-10T09:38:44.745774+00:00,2026-08-10T12:38:44.745774+03:00,1088,Avcılar İdo,AVCILAR,40.9712,28.7185,270,263,7,AÇIK OTOPARK,0,0,13:00-07:00
2026-08-10T09:38:44.745774+00:00,2026-08-10T12:38:44.745774+03:00,2885,Azapkapı Haliç Metro Otoparkı,ŞİŞLİ,41.0245,28.9691,80,3,77,AÇIK OTOPARK,1,5,24 Saat
2026-08-10T09:38:44.745774+00:00,2026-08-10T12:38:44.745774+03:00,2455,Azerbaycan Dostluk Parkı Zemin Altı Otoparkı,BAĞCILAR,41.0444,28.854,400,195,205,KAPALI OTOPARK,1,10,24 Saat
2026-08-10T09:38:44.745774+00:00,2026-08-10T12:38:44.745774+03:00,2965,Bağcılar Çolakoğlu Zemin Altı Otoparkı,BAĞCILAR,41.0324,28.8345,106,0,106,KAPALI OTOPARK,1,5,24 Saat
2026-08-10T09:38:44.745774+00:00,2026-08-10T12:38:44.745774+03:00,2576,Bağcılar Demirkapı Zemin Altı Otoparkı,BAĞCILAR,41.0499,28.8327,343,177,166,KAPALI OTOPARK,1,5,24 Saat
2026-08-10T09:38:44.745774+00:00,2026-08-10T12:38:44.745774+03:00,3036,Bağcılar Devlet Hastanesi Yanı Zeminaltı Otoparkı,BAĞCILAR,41.0312,28.8696,1133,111,1022,KAPALI OTOPARK,1,15,24 Saat
2026-08-10T09:38:44.745774+00:00,2026-08-10T12:38:44.745774+03:00,3071,Bağcılar Emniyet Müdürlüğü Yanı Açık Otoparkı,BAĞCILAR,41.0353,28.8598,100,70,30,AÇIK OTOPARK,1,0,24 Saat
2026-08-10T09:38:44.745774+00:00,2026-08-10T12:38:44.745774+03:00,2873,Bağcılar Göztepe Zemin Altı,BAĞCILAR,41.0567,28.8355,120,0,120,KAPALI OTOPARK,1,5,24 Saat
2026-08-10T09:38:44.745774+00:00,2026-08-10T12:38:44.745774+03:00,3187,Bağcılar Hürriyet Mahallesi Zemin Altı Otoparkı,BAĞCILAR,41.0291,28.8333,355,0,355,KAPALI OTOPARK,1,10,24 Saat
2026-08-10T09:38:44.745774+00:00,2026-08-10T12:38:44.745774+03:00,2916,Bağcılar Kent Meydanı PD Zemin Altı Otoparkı,BAĞCILAR,41.0339,28.8556,1162,0,1162,KAPALI OTOPARK,1,0,24 Saat
2026-08-10T09:38:44.745774+00:00,2026-08-10T12:38:44.745774+03:00,3261,Bağcılar Yenimahalle Zemin Altı Otoparkı,BAĞCILAR,41.0425,28.8395,525,271,254,KAPALI OTOPARK,1,15,24 Saat
2026-08-10T09:38:44.745774+00:00,2026-08-10T12:38:44.745774+03:00,2820,Bağcılar Yıldıztepe Katlı Otoparkı,BAĞCILAR,41.0294,28.8556,350,0,350,KAPALI OTOPARK,1,10,24 Saat
2026-08-10T09:38:44.745774+00:00,2026-08-10T12:38:44.745774+03:00,3447,Bahçelievler 23 Nisan Milli Egemenlik Zeminaltı Otoparkı,BAHÇELİEVLER,40.9988,28.8472,732,521,211,KAPALI OTOPARK,1,10,24 Saat
2026-08-10T09:38:44.745774+00:00,2026-08-10T12:38:44.745774+03:00,2993,Bahçelievler Cumhuriyet Zeminaltı Otoparkı,BAHÇELİEVLER,41.0149,28.859,663,0,663,KAPALI OTOPARK,1,10,24 Saat
2026-08-10T09:38:44.745774+00:00,2026-08-10T12:38:44.745774+03:00,2969,Bahçelievler Devlet Hastanesi Yanı Katlı Otoparkı,BAHÇELİEVLER,41.0072,28.8442,740,0,740,KAPALI OTOPARK,1,0,24 Saat
2026-08-10T09:38:44.745774+00:00,2026-08-10T12:38:44.745774+03:00,3051,Bahçelievler Zafer Mh. Zeminaltı Otoparkı,BAHÇELİEVLER,41.0036,28.8351,200,86,114,KAPALI OTOPARK,1,0,24 Saat
2026-08-10T09:38:44.745774+00:00,2026-08-10T12:38:44.745774+03:00,3236,Bahçeşehir Gölet Açık Otoparkı,BAŞAKŞEHİR,41.0719,28.6901,200,1,199,AÇIK OTOPARK,1,0,12:00-22:00
2026-08-10T09:38:44.745774+00:00,2026-08-10T12:38:44.745774+03:00,1465,Bakırköy İdo Açık Otoparkı,BAKIRKÖY,40.9739,28.8761,160,135,25,AÇIK OTOPARK,1,10,24 Saat
2026-08-10T09:38:44.745774+00:00,2026-08-10T12:38:44.745774+03:00,1104,Balmumcu Katlı Otoparkı,BEŞİKTAŞ,41.0636,29.0109,400,220,180,KAPALI OTOPARK,1,5,24 Saat
2026-08-10T09:38:44.745774+00:00,2026-08-10T12:38:44.745774+03:00,2350,Bayrampaşa Adapark Katlı Otoparkı,BAYRAMPAŞA,41.0647,28.8875,650,0,650,KAPALI OTOPARK,1,15,24 Saat
2026-08-10T09:38:44.745774+00:00,2026-08-10T12:38:44.745774+03:00,2892,Bayrampaşa Altıntepsi Zemin  Altı Otoparkı,BAYRAMPAŞA,41.0393,28.9029,110,0,110,KAPALI OTOPARK,1,10,24 Saat
2026-08-10T09:38:44.745774+00:00,2026-08-10T12:38:44.745774+03:00,2909,Bayrampaşa Atatürk Parkı  Zemin Altı Otoparkı,BAYRAMPAŞA,41.0342,28.9123,442,0,442,KAPALI OTOPARK,1,10,24 Saat
2026-08-10T09:38:44.745774+00:00,2026-08-10T12:38:44.745774+03:00,2683,Bayrampaşa Devlet Hastanesi Cep Otoparkı,BAYRAMPAŞA,41.0414,28.9031,55,2,53,AÇIK OTOPARK,1,0,08:00-19:00
2026-08-10T09:38:44.745774+00:00,2026-08-10T12:38:44.745774+03:00,3301,Bayrampaşa Kocatepe Mahallesi Zemin Altı Otoparkı,BAYRAMPAŞA,41.0545,28.8964,241,3,238,KAPALI OTOPARK,1,10,24 Saat
2026-08-10T09:38:44.745774+00:00,2026-08-10T12:38:44.745774+03:00,2053,Bayrampaşa Muratpaşa Yer Altı Otoparkı,BAYRAMPAŞA,41.047,28.9082,300,11,289,KAPALI OTOPARK,1,15,24 Saat
2026-08-10T09:38:44.745774+00:00,2026-08-10T12:38:44.745774+03:00,3175,Bayrampaşa Spor Kompleksi Zemin Altı Otoparkı,BAYRAMPAŞA,41.0446,28.9106,205,0,205,KAPALI OTOPARK,1,15,24 Saat
2026-08-10T09:38:44.745774+00:00,2026-08-10T12:38:44.745774+03:00,3382,Bayrampaşa Şehit Kamil Balkan Zemin Altı Otoparkı,BAYRAMPAŞA,41.0604,28.9008,235,0,235,KAPALI OTOPARK,1,10,24 Saat
2026-08-10T09:38:44.745774+00:00,2026-08-10T12:38:44.745774+03:00,2428,Bayrampaşa Yenidoğan Mahallesi Zemin Altı Otoparkı,BAYRAMPAŞA,41.0395,28.9088,120,0,120,KAPALI OTOPARK,1,10,24 Saat
2026-08-10T09:38:44.745774+00:00,2026-08-10T12:38:44.745774+03:00,2468,Bebek Açık,BEŞİKTAŞ,41.077,29.0434,30,0,30,AÇIK OTOPARK,1,0,24 Saat
2026-08-10T09:38:44.745774+00:00,2026-08-10T12:38:44.745774+03:00,3479,Beşiktaş Halk Pazarı Açık Otoparkı,BEŞİKTAŞ,41.0496,29.0004,170,112,58,AÇIK OTOPARK,1,5,24 Saat
2026-08-10T09:38:44.745774+00:00,2026-08-10T12:38:44.745774+03:00,3257,Beykoz Sahil Cep Otoparkı,BEYKOZ,41.1286,29.0953,100,74,26,AÇIK OTOPARK,1,0,08:00-00:00
2026-08-10T09:38:44.745774+00:00,2026-08-10T12:38:44.745774+03:00,2273,Beykoz Sosyal Tesisleri,BEYKOZ,41.1143,29.0888,130,0,130,AÇIK OTOPARK,1,15,08:00-00:00
2026-08-10T09:38:44.745774+00:00,2026-08-10T12:38:44.745774+03:00,2999,Beyoğlu Gazhane Bostan Sokak 2,BEYOĞLU,41.0389,28.9903,35,1,34,YOL ÜSTÜ,1,0,07:30-16:30
2026-08-10T09:38:44.745774+00:00,2026-08-10T12:38:44.745774+03:00,3072,Beyoğlu Örnektepe Zemin Altı Otoparkı,BEYOĞLU,41.0543,28.9548,143,0,143,KAPALI OTOPARK,1,0,24 Saat
2026-08-10T09:38:44.745774+00:00,2026-08-10T12:38:44.745774+03:00,1455,Bostancı Açık,KADIKÖY,40.9523,29.0902,394,120,274,AÇIK OTOPARK,1,15,24 Saat
2026-08-10T09:38:44.745774+00:00,2026-08-10T12:38:44.745774+03:00,1456,Bostancı Sahil-Cep Açık Otoparkı,KADIKÖY,40.9545,29.0885,192,110,82,AÇIK OTOPARK,1,15,24 Saat
2026-08-10T09:38:44.745774+00:00,2026-08-10T12:38:44.745774+03:00,2150,Bostancı Vergi Dairesi Açık Otoparkı,ATAŞEHİR,40.9625,29.1083,155,0,155,AÇIK OTOPARK,1,5,08:00-20:00
2026-08-10T09:38:44.745774+00:00,2026-08-10T12:38:44.745774+03:00,2854,Bülent Ecevit Kültür Merkezi Açık Otoparkı,KARTAL,40.8852,29.1967,277,266,11,AÇIK OTOPARK,1,0,10:00-21:00
2026-08-10T09:38:44.745774+00:00,2026-08-10T12:38:44.745774+03:00,2866,Büyük İstanbul Otogarı,BAYRAMPAŞA,41.0402,28.8942,1000,0,1000,AÇIK OTOPARK,1,25,24 Saat
2026-08-10T09:38:44.745774+00:00,2026-08-10T12:38:44.745774+03:00,1192,Büyükçamlıca Korusu Sosyal Tesisleri Önü,ÜSKÜDAR,41.0264,29.0698,204,111,93,AÇIK OTOPARK,1,0,08:00-00:00
2026-08-10T09:38:44.745774+00:00,2026-08-10T12:38:44.745774+03:00,2960,Büyükçekmece Metrobüs Durağı Yanı PD Zemin Altı Otopark,BÜYÜKÇEKMECE,41.0221,28.624,448,0,448,KAPALI OTOPARK,1,0,24 Saat
2026-08-10T09:38:44.745774+00:00,2026-08-10T12:38:44.745774+03:00,1503,Cadde Bostan Açık Otoparkı,KADIKÖY,40.9636,29.0675,66,43,23,AÇIK OTOPARK,1,15,24 Saat
2026-08-10T09:38:44.745774+00:00,2026-08-10T12:38:44.745774+03:00,2933,Cemal Kamacı Spor Kompleksi Zemin Altı Otoparkı,KAĞITHANE,41.0536,28.9575,510,0,510,KAPALI OTOPARK,1,0,24 Saat
2026-08-10T09:38:44.745774+00:00,2026-08-10T12:38:44.745774+03:00,2207,Cengiz Topel Yer Altı Katlı Otoparkı,ESENLER,41.0588,28.8643,144,0,144,KAPALI OTOPARK,1,15,24 Saat
2026-08-10T09:38:44.745774+00:00,2026-08-10T12:38:44.745774+03:00,2787,Cevizli Açık Otoparkı,KARTAL,40.9179,29.1712,100,33,67,AÇIK OTOPARK,1,15,08:00-19:00
2026-08-10T09:38:44.745774+00:00,2026-08-10T12:38:44.745774+03:00,782,Cihangir Caddesi 2,BEYOĞLU,41.0319,28.9862,70,1,69,YOL ÜSTÜ,1,15,09:00-19:00
2026-08-10T09:38:44.745774+00:00,2026-08-10T12:38:44.745774+03:00,1467,Cihangir Katlı Otoparkı,BEYOĞLU,41.0318,28.9858,350,0,350,KAPALI OTOPARK,1,0,24 Saat
2026-08-10T09:38:44.745774+00:00,2026-08-10T12:38:44.745774+03:00,535,Cihannuma Yol Üstü 1,BEŞİKTAŞ,41.0454,29.0084,35,1,34,YOL ÜSTÜ,1,0,08:00-23:00
2026-08-10T09:38:44.745774+00:00,2026-08-10T12:38:44.745774+03:00,537,Cihannuma Yol Üstü 3,BEŞİKTAŞ,41.0459,29.0087,33,1,32,YOL ÜSTÜ,1,0,08:00-23:00
2026-08-10T09:38:44.745774+00:00,2026-08-10T12:38:44.745774+03:00,539,Cihannuma Yol Üstü 5,BEŞİKTAŞ,41.0489,29.0094,24,1,23,YOL ÜSTÜ,1,0,08:00-23:00
2026-08-10T09:38:44.745774+00:00,2026-08-10T12:38:44.745774+03:00,3184,Çam Sokak 6,GÜNGÖREN,41.0121,28.8882,50,1,49,YOL ÜSTÜ,1,15,08:00-17:00
2026-08-10T09:38:44.745774+00:00,2026-08-10T12:38:44.745774+03:00,3030,Çekmeköy Metro PD Zemin Altı Otoparkı,ÇEKMEKÖY,41.0147,29.1886,175,42,133,KAPALI OTOPARK,1,15,24 Saat
2026-08-10T09:38:44.745774+00:00,2026-08-10T12:38:44.745774+03:00,2905,Çeliktepe Açık Otoparkı,KAĞITHANE,41.0843,29.0056,200,57,143,AÇIK OTOPARK,1,5,24 Saat
2026-08-10T09:38:44.745774+00:00,2026-08-10T12:38:44.745774+03:00,1298,Çengelköy Açık Otoparkı,ÜSKÜDAR,41.0484,29.0533,500,336,164,AÇIK OTOPARK,1,15,24 Saat
2026-08-10T09:38:44.745774+00:00,2026-08-10T12:38:44.745774+03:00,502,Çınar Açık Otoparkı,BEŞİKTAŞ,41.0853,29.0088,65,1,64,AÇIK OTOPARK,1,0,08:00-18:00
2026-08-10T09:38:44.745774+00:00,2026-08-10T12:38:44.745774+03:00,777,Çırağan Sarayı Yol Üstü 1,BEŞİKTAŞ,41.0448,29.0165,40,1,39,YOL ÜSTÜ,1,15,08:00-23:00
2026-08-10T09:38:44.745774+00:00,2026-08-10T12:38:44.745774+03:00,778,Çırağan Sarayı Yol Üstü 2,BEŞİKTAŞ,41.0445,29.0156,40,1,39,YOL ÜSTÜ,1,15,08:00-23:00
2026-08-10T09:38:44.745774+00:00,2026-08-10T12:38:44.745774+03:00,2228,Çırpıcı Sosyal Tesisler,ZEYTİNBURNU,41,28.8926,128,0,128,AÇIK OTOPARK,1,15,07:00-00:00
2026-08-10T09:38:44.745774+00:00,2026-08-10T12:38:44.745774+03:00,2030,Dalyan Açık Otoparkı,KADIKÖY,40.9632,29.0651,92,38,54,AÇIK OTOPARK,1,15,24 Saat
2026-08-10T09:38:44.745774+00:00,2026-08-10T12:38:44.745774+03:00,2271,Damla Sokak 1,ŞİŞLİ,41.0672,29.0004,17,1,16,YOL ÜSTÜ,1,15,07:30-16:30
2026-08-10T09:38:44.745774+00:00,2026-08-10T12:38:44.745774+03:00,2164,Darüşşafaka Yeraltı Otoparkı,SARIYER,41.1292,29.0252,150,110,40,KAPALI OTOPARK,1,15,08:00-00:00
2026-08-10T09:38:44.745774+00:00,2026-08-10T12:38:44.745774+03:00,1653,Deniz Feneri Otoparkı,FATİH,41.0019,28.9773,175,101,74,AÇIK OTOPARK,1,5,24 Saat
2026-08-10T09:38:44.745774+00:00,2026-08-10T12:38:44.745774+03:00,595,Dostluk Yurdu 1,FATİH,41.0071,28.973,33,1,32,YOL ÜSTÜ,1,15,07:00-17:00
2026-08-10T09:38:44.745774+00:00,2026-08-10T12:38:44.745774+03:00,2237,Dragos Sosyal Tesisleri,KARTAL,40.9017,29.1458,100,45,55,AÇIK OTOPARK,1,15,24 Saat
2026-08-10T09:38:44.745774+00:00,2026-08-10T12:38:44.745774+03:00,3063,Dudullu Metro PD Zemin Altı Otoparkı,ÜMRANİYE,41.0156,29.1633,81,54,27,KAPALI OTOPARK,1,15,07:00-23:30
2026-08-10T09:38:44.745774+00:00,2026-08-10T12:38:44.745774+03:00,1522,Ebu Suut Caddesi 1,FATİH,41.0128,28.9766,35,1,34,YOL ÜSTÜ,1,0,08:00-18:00
2026-08-10T09:38:44.745774+00:00,2026-08-10T12:38:44.745774+03:00,2147,EGS Blokları Açık Otoparkı,BAKIRKÖY,40.9863,28.8354,350,0,350,AÇIK OTOPARK,1,60,09:00-19:30
2026-08-10T09:38:44.745774+00:00,2026-08-10T12:38:44.745774+03:00,2366,Esenler Adem Baştürk Kültür Merkezi Katlı,ESENLER,41.039,28.8846,460,51,409,KAPALI OTOPARK,1,15,24 Saat
2026-08-10T09:38:44.745774+00:00,2026-08-10T12:38:44.745774+03:00,3190,Esenler Havaalanı Mahallesi Zemin Altı Otoparkı,ESENLER,41.0562,28.8674,610,377,233,KAPALI OTOPARK,1,10,24 Saat
2026-08-10T09:38:44.745774+00:00,2026-08-10T12:38:44.745774+03:00,3011,Esenler Menderes Metro İstasyonu Yanı,ESENLER,41.0427,28.8783,68,8,60,AÇIK OTOPARK,1,5,24 Saat
2026-08-10T09:38:44.745774+00:00,2026-08-10T12:38:44.745774+03:00,2822,Esenler Menderes Parkı Zemin Altı Otoparkı,ESENLER,41.0412,28.8729,325,76,249,KAPALI OTOPARK,1,10,24 Saat
2026-08-10T09:38:44.745774+00:00,2026-08-10T12:38:44.745774+03:00,3303,Esenyurt Adile Naşit Bulvarı Zeminaltı Otoparkı,ESENYURT,41.0205,28.6859,367,286,81,KAPALI OTOPARK,1,15,24 Saat
2026-08-10T09:38:44.745774+00:00,2026-08-10T12:38:44.745774+03:00,1328,Eski Salı Pazarı,KADIKÖY,40.9904,29.0338,760,0,760,AÇIK OTOPARK,1,15,24 Saat
2026-08-10T09:38:44.745774+00:00,2026-08-10T12:38:44.745774+03:00,904,Eyüp Pierloti Caddesi 1,EYÜP,41.0539,28.9329,40,1,39,YOL ÜSTÜ,1,0,09:00-22:00
2026-08-10T09:38:44.745774+00:00,2026-08-10T12:38:44.745774+03:00,2850,Eyüpsultan Akşemsettin Mahallesi Zemin Altı Otoparkı,EYÜP,41.085,28.9258,110,0,110,KAPALI OTOPARK,1,15,24 Saat
2026-08-10T09:38:44.745774+00:00,2026-08-10T12:38:44.745774+03:00,2215,Fatih Çeşmesi Tabiat Parkı Otoparkı,SARIYER,41.1686,28.9448,250,243,7,AÇIK OTOPARK,1,0,06:00-20:00
2026-08-10T09:38:44.745774+00:00,2026-08-10T12:38:44.745774+03:00,1475,Fatih Katlı Otoparkı,FATİH,41.0198,28.9396,118,0,118,KAPALI OTOPARK,1,10,24 Saat
2026-08-10T09:38:44.745774+00:00,2026-08-10T12:38:44.745774+03:00,1591,Feshane PD Açık Otoparkı,EYÜP,41.0463,28.9378,200,42,158,AÇIK OTOPARK,1,15,24 Saat
2026-08-10T09:38:44.745774+00:00,2026-08-10T12:38:44.745774+03:00,1005,Florya Havuzlu Bahçe,BAKIRKÖY,40.9764,28.7908,135,1,134,AÇIK OTOPARK,1,0,09:00-23:00
2026-08-10T09:38:44.745774+00:00,2026-08-10T12:38:44.745774+03:00,2238,Florya Sosyal Tesisleri,BAKIRKÖY,40.9614,28.8091,1074,920,154,AÇIK OTOPARK,1,15,24 Saat
2026-08-10T09:38:44.745774+00:00,2026-08-10T12:38:44.745774+03:00,1704,Gazi Umur Paşa Sokak 5,BEŞİKTAŞ,41.0589,29.0114,45,1,44,YOL ÜSTÜ,1,15,08:00-17:00
2026-08-10T09:38:44.745774+00:00,2026-08-10T12:38:44.745774+03:00,3296,Gaziosmanpaşa Meydanı ve Yaşam Merkezi Zemin Altı Otoparkı,GAZİOSMANPAŞA,41.0606,28.9093,202,0,202,KAPALI OTOPARK,1,15,24 Saat
2026-08-10T09:38:44.745774+00:00,2026-08-10T12:38:44.745774+03:00,2971,Gaziosmanpaşa Zemin Altı Otoparkı,GAZİOSMANPAŞA,41.0796,28.8858,285,0,285,KAPALI OTOPARK,1,0,24 Saat
2026-08-10T09:38:44.745774+00:00,2026-08-10T12:38:44.745774+03:00,3401,Giyimkent Tekstilkent Metro Zemin Altı PD Otoparkı,ESENLER,41.0711,28.8666,203,167,36,KAPALI OTOPARK,1,10,24 Saat
2026-08-10T09:38:44.745774+00:00,2026-08-10T12:38:44.745774+03:00,2242,Gözdağı Sosyal Tesisler  Açık Otoparkı,PENDİK,40.893,29.2538,300,216,84,AÇIK OTOPARK,1,0,07:00-23:00
2026-08-10T09:38:44.745774+00:00,2026-08-10T12:38:44.745774+03:00,1879,Gülsuyu Metro PD Yer Altı Otoparkı,MALTEPE,40.9237,29.1548,76,0,76,KAPALI OTOPARK,1,15,08:00-00:00
2026-08-10T09:38:44.745774+00:00,2026-08-10T12:38:44.745774+03:00,1423,Güneş Plajı 1,BAKIRKÖY,40.9712,28.79,250,190,60,AÇIK OTOPARK,1,10,24 Saat
2026-08-10T09:38:44.745774+00:00,2026-08-10T12:38:44.745774+03:00,1461,Güneş Plajı 2,BAKIRKÖY,40.9692,28.7951,135,123,12,AÇIK OTOPARK,1,10,08:00-20:00
2026-08-10T09:38:44.745774+00:00,2026-08-10T12:38:44.745774+03:00,3053,Güngören Nikah Dairesi Zemin Altı otoparkı,GÜNGÖREN,41.0363,28.8718,147,0,147,KAPALI OTOPARK,1,10,24 Saat
2026-08-10T09:38:44.745774+00:00,2026-08-10T12:38:44.745774+03:00,2216,Gürpınar Balık Hali Otoparkı,BEYLİKDÜZÜ,40.9663,28.6019,1000,729,271,AÇIK OTOPARK,1,15,24 Saat
2026-08-10T09:38:44.745774+00:00,2026-08-10T12:38:44.745774+03:00,1525,Hacıosman Metro Yer Altı Otoparkı,SARIYER,41.14,29.0306,422,0,422,KAPALI OTOPARK,1,15,24 Saat
2026-08-10T09:38:44.745774+00:00,2026-08-10T12:38:44.745774+03:00,1470,Haldun Alagaş Katlı Otoparkı,ÜMRANİYE,41.0262,29.1052,197,49,148,KAPALI OTOPARK,1,15,24 Saat
2026-08-10T09:38:44.745774+00:00,2026-08-10T12:38:44.745774+03:00,3235,Haliç Sosyal Tesisleri Otoparkı,FATİH,41.0277,28.9572,60,24,36,AÇIK OTOPARK,1,15,07:00-00:00
2026-08-10T09:38:44.745774+00:00,2026-08-10T12:38:44.745774+03:00,2848,Halkalı Mahallesi Zemin Altı Otoparkı,KÜÇÜKÇEKMECE,41.0359,28.7848,347,167,180,KAPALI OTOPARK,1,15,24 Saat
2026-08-10T09:38:44.745774+00:00,2026-08-10T12:38:44.745774+03:00,2838,Hamidiye Mahallesi Katlı Otoparkı,KAĞITHANE,41.0949,28.971,450,211,239,KAPALI OTOPARK,1,15,24 Saat
2026-08-10T09:38:44.745774+00:00,2026-08-10T12:38:44.745774+03:00,1446,Harbiye Zemin Altı Otoparkı,BEYOĞLU,41.0408,28.9869,142,0,142,KAPALI OTOPARK,1,5,24 Saat
2026-08-10T09:38:44.745774+00:00,2026-08-10T12:38:44.745774+03:00,2332,Haydarpaşa Katlı Otoparkı,ÜSKÜDAR,41.0048,29.0251,840,458,382,KAPALI OTOPARK,1,15,24 Saat
2026-08-10T09:38:44.745774+00:00,2026-08-10T12:38:44.745774+03:00,1987,Haznedar Yer Altı Otoparkı,GÜNGÖREN,41.0083,28.8729,540,0,540,KAPALI OTOPARK,1,0,24 Saat
2026-08-10T09:38:44.745774+00:00,2026-08-10T12:38:44.745774+03:00,377,Hızır Külhani Sokak,FATİH,41.0202,28.9605,32,1,31,YOL ÜSTÜ,1,15,09:00-17:00
2026-08-10T09:38:44.745774+00:00,2026-08-10T12:38:44.745774+03:00,3173,Hürriyet Mahallesi Zeminaltı Otoparkı,GAZİOSMANPAŞA,41.0708,28.8951,190,0,190,KAPALI OTOPARK,1,15,24 Saat
2026-08-10T09:38:44.745774+00:00,2026-08-10T12:38:44.745774+03:00,157,Ihlamur Dere Caddesi 4,BEŞİKTAŞ,41.047,29.0023,27,1,26,YOL ÜSTÜ,1,15,09:00-17:00
2026-08-10T09:38:44.745774+00:00,2026-08-10T12:38:44.745774+03:00,1189,İçerenköy Sebze Meyve Hali Otoparkı,ATAŞEHİR,40.9766,29.1044,600,599,1,AÇIK OTOPARK,1,15,24 Saat
2026-08-10T09:38:44.745774+00:00,2026-08-10T12:38:44.745774+03:00,1127,İshakpaşa Caddesi,FATİH,41.0079,28.9814,200,1,199,YOL ÜSTÜ,1,0,08:00-18:00
2026-08-10T09:38:44.745774+00:00,2026-08-10T12:38:44.745774+03:00,3265,İspark İstanbul West Marina Açık Otoparkı 1,BEYLİKDÜZÜ,40.9636,28.6564,250,1,249,AÇIK OTOPARK,1,15,24 Saat
2026-08-10T09:38:44.745774+00:00,2026-08-10T12:38:44.745774+03:00,2793,İspark Merter Katlı Otoparkı,GÜNGÖREN,41.0097,28.89,900,245,655,KAPALI OTOPARK,1,10,24 Saat
2026-08-10T09:38:44.745774+00:00,2026-08-10T12:38:44.745774+03:00,2430,İspark West İstanbul Marina Açık Otoparkı,BEYLİKDÜZÜ,40.9639,28.6591,1600,1160,440,AÇIK OTOPARK,1,15,24 Saat
2026-08-10T09:38:44.745774+00:00,2026-08-10T12:38:44.745774+03:00,381,İstinye 4 ( Cami Önü ),SARIYER,41.1149,29.0571,25,1,24,YOL ÜSTÜ,1,15,08:30-17:30
2026-08-10T09:38:44.745774+00:00,2026-08-10T12:38:44.745774+03:00,1804,İtalyan Hastanesi Karşısı Açık Otoparkı 1,BEYOĞLU,41.028,28.9815,30,1,29,AÇIK OTOPARK,1,0,08:00-19:00
2026-08-10T09:38:44.745774+00:00,2026-08-10T12:38:44.745774+03:00,507,Kabasakal Medrese Önü,FATİH,41.0062,28.9789,65,1,64,AÇIK OTOPARK,1,0,08:00-18:30
2026-08-10T09:38:44.745774+00:00,2026-08-10T12:38:44.745774+03:00,3306,Kabataş Transfer Merkezi Turizm Otobüs Otoparkı,BEYOĞLU,41.0336,28.9923,160,15,145,KAPALI OTOPARK,1,20,24 Saat
2026-08-10T09:38:44.745774+00:00,2026-08-10T12:38:44.745774+03:00,2918,Kadıköy Hasanpaşa Gazhane Katlı Otoparkı,KADIKÖY,40.9972,29.0428,310,199,111,KAPALI OTOPARK,1,15,24 Saat
2026-08-10T09:38:44.745774+00:00,2026-08-10T12:38:44.745774+03:00,1447,Kadıköy İski Açık Otoparkı,KADIKÖY,40.9874,29.0207,124,31,93,AÇIK OTOPARK,1,15,24 Saat
2026-08-10T09:38:44.745774+00:00,2026-08-10T12:38:44.745774+03:00,1655,Kadıköy Metro Açık Otoparkı,KADIKÖY,40.9899,29.0217,74,0,74,AÇIK OTOPARK,1,15,24 Saat
2026-08-10T09:38:44.745774+00:00,2026-08-10T12:38:44.745774+03:00,3445,Kadıköy Uzunçayır PD Açık Otoparkı,KADIKÖY,40.9982,29.0569,70,42,28,AÇIK OTOPARK,1,15,06:30-16:30
2026-08-10T09:38:44.745774+00:00,2026-08-10T12:38:44.745774+03:00,2808,Kadıköy Yeni Salı Pazarı PD Katlı Otoparkı,KADIKÖY,40.9969,29.0486,1350,625,725,KAPALI OTOPARK,1,15,24 Saat
2026-08-10T09:38:44.745774+00:00,2026-08-10T12:38:44.745774+03:00,2811,Kağıthane Harmantepe Zemin Altı Otoparkı,KAĞITHANE,41.0816,28.9907,200,0,200,KAPALI OTOPARK,1,0,24 Saat
2026-08-10T09:38:44.745774+00:00,2026-08-10T12:38:44.745774+03:00,1452,Kalamış Açık Otoparkı,KADIKÖY,40.9687,29.0363,173,131,42,AÇIK OTOPARK,1,15,24 Saat
2026-08-10T09:38:44.745774+00:00,2026-08-10T12:38:44.745774+03:00,1474,Kartal Hasan Doğan Spor Kompleksi,KARTAL,40.8918,29.1897,773,0,773,KAPALI OTOPARK,1,15,24 Saat
2026-08-10T09:38:44.745774+00:00,2026-08-10T12:38:44.745774+03:00,1105,Kartal İdo Açık Otoparkı,KARTAL,40.8874,29.1881,90,0,90,AÇIK OTOPARK,1,15,24 Saat
2026-08-10T09:38:44.745774+00:00,2026-08-10T12:38:44.745774+03:00,1550,Kartal Sahil Açık Otoparkı,KARTAL,40.8875,29.1901,75,26,49,AÇIK OTOPARK,1,5,24 Saat
2026-08-10T09:38:44.745774+00:00,2026-08-10T12:38:44.745774+03:00,3434,Kasımpaşa Sosyal Tesisler Otoparkı,BEYOĞLU,41.0296,28.9673,60,37,23,AÇIK OTOPARK,1,0,07:30-23:00
2026-08-10T09:38:44.745774+00:00,2026-08-10T12:38:44.745774+03:00,1960,Kazlıçeşme Marmaray Açık Otoparkı,ZEYTİNBURNU,40.9922,28.917,700,564,136,AÇIK OTOPARK,1,15,24 Saat
2026-08-10T09:38:44.745774+00:00,2026-08-10T12:38:44.745774+03:00,2994,Kirazlı Metro Durağı PD Açık Otoparkı,BAĞCILAR,41.033,28.8429,112,0,112,AÇIK OTOPARK,1,5,24 Saat
2026-08-10T09:38:44.745774+00:00,2026-08-10T12:38:44.745774+03:00,1528,Kore Şehitleri Caddesi - Yüzbaşı Kaya Aldağon Sokak 1,ŞİŞLİ,41.0719,29.0139,40,1,39,YOL ÜSTÜ,1,15,07:00-16:00
2026-08-10T09:38:44.745774+00:00,2026-08-10T12:38:44.745774+03:00,2449,Kozyatağı Sebze-Meyve Hali,ATAŞEHİR,40.9787,29.1029,1500,1499,1,AÇIK OTOPARK,1,0,24 Saat
2026-08-10T09:38:44.745774+00:00,2026-08-10T12:38:44.745774+03:00,113,Kurtuluş Caddesi 4,ŞİŞLİ,41.051,28.983,45,1,44,YOL ÜSTÜ,1,15,08:00-18:00
2026-08-10T09:38:44.745774+00:00,2026-08-10T12:38:44.745774+03:00,1206,Kutlugün Sokak 2,FATİH,41.0061,28.9801,200,1,199,YOL ÜSTÜ,1,0,08:00-18:00
2026-08-10T09:38:44.745774+00:00,2026-08-10T12:38:44.745774+03:00,3074,Küçük Çamlıca,ÜSKÜDAR,41.0204,29.0653,129,107,22,AÇIK OTOPARK,1,0,08:00-22:00
2026-08-10T09:38:44.745774+00:00,2026-08-10T12:38:44.745774+03:00,3127,Küçükçekmece Cennet Mahallesi Meydan Zemin Altı Otoparkı,KÜÇÜKÇEKMECE,40.9907,28.783,456,0,456,KAPALI OTOPARK,1,10,24 Saat
2026-08-10T09:38:44.745774+00:00,2026-08-10T12:38:44.745774+03:00,2554,Küçükçekmece Fevzi Çakmak Meydanı Zemin Altı Otoparkı,KÜÇÜKÇEKMECE,41.0076,28.7927,1000,521,479,KAPALI OTOPARK,1,10,24 Saat
2026-08-10T09:38:44.745774+00:00,2026-08-10T12:38:44.745774+03:00,2882,Küçüksu Kasrı Açık Otoparkı,BEYKOZ,41.0789,29.0657,98,91,7,AÇIK OTOPARK,1,0,07:00-23:00
2026-08-10T09:38:44.745774+00:00,2026-08-10T12:38:44.745774+03:00,220,Levent Hamidiye,BEŞİKTAŞ,41.0861,29.0076,100,1,99,AÇIK OTOPARK,1,0,08:00-19:00
2026-08-10T09:38:44.745774+00:00,2026-08-10T12:38:44.745774+03:00,1138,Levent Metro Yer Altı Otoparkı,BEŞİKTAŞ,41.0811,29.0105,100,1,99,AÇIK OTOPARK,1,5,07:30-19:30
2026-08-10T09:38:44.745774+00:00,2026-08-10T12:38:44.745774+03:00,2335,Maçka Açık Otoparkı,ŞİŞLİ,41.046,28.9908,75,74,1,AÇIK OTOPARK,1,0,24 Saat
2026-08-10T09:38:44.745774+00:00,2026-08-10T12:38:44.745774+03:00,1859,Maçka Katlı Otoparkı,ŞİŞLİ,41.0484,28.9903,508,0,508,KAPALI OTOPARK,1,0,24 Saat
2026-08-10T09:38:44.745774+00:00,2026-08-10T12:38:44.745774+03:00,3193,Maltepe Rıhtım Caddesi Açık Otoparkı,MALTEPE,40.9258,29.1241,76,58,18,AÇIK OTOPARK,1,0,24 Saat
2026-08-10T09:38:44.745774+00:00,2026-08-10T12:38:44.745774+03:00,2146,Maltepe Süreyyapaşa Çarşısı Açık Otoparkı,MALTEPE,40.9274,29.1225,156,116,40,AÇIK OTOPARK,1,0,24 Saat
2026-08-10T09:38:44.745774+00:00,2026-08-10T12:38:44.745774+03:00,1599,Maslak Açık Otoparkı,SARIYER,41.1166,29.024,150,60,90,AÇIK OTOPARK,1,10,24 Saat
2026-08-10T09:38:44.745774+00:00,2026-08-10T12:38:44.745774+03:00,2100,Matbaacılar Sitesi Yanı,ZEYTİNBURNU,41.0234,28.9187,250,126,124,AÇIK OTOPARK,1,5,24 Saat
2026-08-10T09:38:44.745774+00:00,2026-08-10T12:38:44.745774+03:00,920,Meclis-i Mebusan Yokuşu 2,BEYOĞLU,41.0326,28.9882,34,1,33,YOL ÜSTÜ,1,15,09:00-17:00
2026-08-10T09:38:44.745774+00:00,2026-08-10T12:38:44.745774+03:00,1546,Menekşe Plajı Açık Otoparkı,BAKIRKÖY,40.9761,28.7766,200,199,1,AÇIK OTOPARK,1,0,24 Saat
2026-08-10T09:38:44.745774+00:00,2026-08-10T12:38:44.745774+03:00,1376,Mercan Açık,FATİH,41.0136,28.9669,130,9,121,AÇIK OTOPARK,1,0,08:00-23:00
2026-08-10T09:38:44.745774+00:00,2026-08-10T12:38:44.745774+03:00,3309,Mercan Ali Paşa Sarayı Zemin Altı Otoparkı,FATİH,41.0136,28.967,196,1,195,KAPALI OTOPARK,1,0,07:00-21:00
2026-08-10T09:38:44.745774+00:00,2026-08-10T12:38:44.745774+03:00,1472,Merter Katlı Otoparkı,GÜNGÖREN,41.0092,28.8874,1000,858,142,KAPALI OTOPARK,1,10,24 Saat
2026-08-10T09:38:44.745774+00:00,2026-08-10T12:38:44.745774+03:00,2375,Merter Metro PD Zeminaltı Otoparkı,GÜNGÖREN,41.0037,28.8897,242,80,162,KAPALI OTOPARK,1,10,24 Saat
2026-08-10T09:38:44.745774+00:00,2026-08-10T12:38:44.745774+03:00,1568,Mete Caddesi 1,BEYOĞLU,41.0382,28.9879,31,1,30,YOL ÜSTÜ,1,15,08:00-23:00
2026-08-10T09:38:44.745774+00:00,2026-08-10T12:38:44.745774+03:00,1471,Mevlana Yeraltı Katlı Otoparkı,ZEYTİNBURNU,41.0072,28.9049,1000,852,148,KAPALI OTOPARK,1,5,24 Saat
2026-08-10T09:38:44.745774+00:00,2026-08-10T12:38:44.745774+03:00,2709,Millet Caddesi Açık Otoparkı,FATİH,41.01,28.9461,60,1,59,AÇIK OTOPARK,1,15,24 Saat
2026-08-10T09:38:44.745774+00:00,2026-08-10T12:38:44.745774+03:00,3152,Mimar Sinan Zemin Altı Otoparkı,ÜSKÜDAR,41.0222,29.0169,956,0,956,KAPALI OTOPARK,1,15,24 Saat
2026-08-10T09:38:44.745774+00:00,2026-08-10T12:38:44.745774+03:00,2870,Miniatürk Çadır Açık Otoparkı,BEYOĞLU,41.0594,28.9501,250,77,173,AÇIK OTOPARK,1,15,07:00-20:00
2026-08-10T09:38:44.745774+00:00,2026-08-10T12:38:44.745774+03:00,2556,Muallim Naci Açık Otoparkı,BEŞİKTAŞ,41.0561,29.0342,35,31,4,AÇIK OTOPARK,1,15,24 Saat
2026-08-10T09:38:44.745774+00:00,2026-08-10T12:38:44.745774+03:00,569,Oda Kule Önü 1,BEYOĞLU,41.0322,28.9751,24,1,23,YOL ÜSTÜ,1,0,07:00-01:00
2026-08-10T09:38:44.745774+00:00,2026-08-10T12:38:44.745774+03:00,1988,Orhangazi Şehir Parkı PD Açık Otoparkı,MALTEPE,40.9313,29.1161,5022,4564,458,AÇIK OTOPARK,1,15,24 Saat
2026-08-10T09:38:44.745774+00:00,2026-08-10T12:38:44.745774+03:00,152,Ortabahçe Caddesi 2,BEŞİKTAŞ,41.0428,29.0043,35,35,0,YOL ÜSTÜ,1,15,08:00-23:00
2026-08-10T09:38:44.745774+00:00,2026-08-10T12:38:44.745774+03:00,153,Ortabahçe Caddesi 3,BEŞİKTAŞ,41.043,29.0042,26,1,25,YOL ÜSTÜ,1,15,08:00-23:00
2026-08-10T09:38:44.745774+00:00,2026-08-10T12:38:44.745774+03:00,119,Ortaklar Caddesi 1,ŞİŞLİ,41.0638,28.9971,25,1,24,YOL ÜSTÜ,1,15,08:30-17:00
2026-08-10T09:38:44.745774+00:00,2026-08-10T12:38:44.745774+03:00,1343,Ortaköy Açık Otoparkı,BEŞİKTAŞ,41.0504,29.0326,170,149,21,AÇIK OTOPARK,1,0,24 Saat
2026-08-10T09:38:44.745774+00:00,2026-08-10T12:38:44.745774+03:00,572,Ortaköy Portakal Yokuşu 1,BEŞİKTAŞ,41.0503,29.0261,15,1,14,YOL ÜSTÜ,1,15,09:00-19:00
2026-08-10T09:38:44.745774+00:00,2026-08-10T12:38:44.745774+03:00,1039,Öğretmen Evi,AVCILAR,40.9723,28.714,80,41,39,AÇIK OTOPARK,1,0,11:00-23:00
2026-08-10T09:38:44.745774+00:00,2026-08-10T12:38:44.745774+03:00,1466,Pendik Katlı Otoparkı,PENDİK,40.8789,29.2342,120,0,120,KAPALI OTOPARK,1,15,24 Saat
2026-08-10T09:38:44.745774+00:00,2026-08-10T12:38:44.745774+03:00,3073,Pendik Kemal Kalkuz Parkı Zemin Altı Otoparkı,PENDİK,40.8885,29.2427,224,0,224,KAPALI OTOPARK,1,0,09:00-18:00
2026-08-10T09:38:44.745774+00:00,2026-08-10T12:38:44.745774+03:00,3019,Pendik Meydan Zemin Altı Otoparkı,PENDİK,40.8752,29.2324,937,0,937,KAPALI OTOPARK,1,0,24 Saat
2026-08-10T09:38:44.745774+00:00,2026-08-10T12:38:44.745774+03:00,2865,Pendik Sahil Engelliler Merkez Önü,PENDİK,40.8735,29.233,100,65,35,AÇIK OTOPARK,1,0,11:00-20:00
2026-08-10T09:38:44.745774+00:00,2026-08-10T12:38:44.745774+03:00,2434,Pendik Sahil İdo,PENDİK,40.8755,29.2369,100,0,100,AÇIK OTOPARK,1,0,07:00-23:00
2026-08-10T09:38:44.745774+00:00,2026-08-10T12:38:44.745774+03:00,248,Pendik Yenimahalle Açık 2 Otoparkı,PENDİK,40.864,29.2723,124,93,31,AÇIK OTOPARK,1,15,10:00-22:00
2026-08-10T09:38:44.745774+00:00,2026-08-10T12:38:44.745774+03:00,297,Perşembe Pazarı 1,BEYOĞLU,41.0252,28.9693,32,1,31,YOL ÜSTÜ,1,15,08:00-17:00
2026-08-10T09:38:44.745774+00:00,2026-08-10T12:38:44.745774+03:00,597,Pierre Loti Caddesi 3,FATİH,41.0069,28.9711,36,1,35,YOL ÜSTÜ,1,0,07:00-17:00
2026-08-10T09:38:44.745774+00:00,2026-08-10T12:38:44.745774+03:00,3263,Piyalepaşa Meydanı Zemin Altı Otoparkı,BEYOĞLU,41.0445,28.9674,560,294,266,KAPALI OTOPARK,1,0,24 Saat
2026-08-10T09:38:44.745774+00:00,2026-08-10T12:38:44.745774+03:00,1900,Ragıp Gümüşpala Cad.(Sobacılar Önü),FATİH,41.0181,28.969,40,1,39,YOL ÜSTÜ,1,15,07:00-18:00
2026-08-10T09:38:44.745774+00:00,2026-08-10T12:38:44.745774+03:00,415,Ragıp Gümüşpala Camii Önü 1,FATİH,41.0211,28.9627,35,1,34,YOL ÜSTÜ,1,0,07:00-17:30
2026-08-10T09:38:44.745774+00:00,2026-08-10T12:38:44.745774+03:00,3268,Refik Saydam Caddesi 3,BEYOĞLU,41.032,28.9736,55,1,54,YOL ÜSTÜ,1,0,06:00-23:00
2026-08-10T09:38:44.745774+00:00,2026-08-10T12:38:44.745774+03:00,2307,Ressam Halim Sokak PD Açık Otoparkı,BAHÇELİEVLER,40.9967,28.8641,120,53,67,AÇIK OTOPARK,1,15,08:00-00:00
2026-08-10T09:38:44.745774+00:00,2026-08-10T12:38:44.745774+03:00,3082,Rumeli Hisarı Sahil Yolu Otoparkı,SARIYER,41.0854,29.0568,20,0,20,AÇIK OTOPARK,1,0,24 Saat
2026-08-10T09:38:44.745774+00:00,2026-08-10T12:38:44.745774+03:00,1595,Sabiha Gökçen Açık Otoparkı,PENDİK,40.925,29.308,1056,219,837,AÇIK OTOPARK,1,15,24 Saat
2026-08-10T09:38:44.745774+00:00,2026-08-10T12:38:44.745774+03:00,3239,Samatya Sahil Cep Otoparkı,FATİH,40.9954,28.932,113,108,5,AÇIK OTOPARK,1,15,24 Saat
2026-08-10T09:38:44.745774+00:00,2026-08-10T12:38:44.745774+03:00,3273,Sarıyer Büyükdere Fidanlığı,SARIYER,41.1548,29.0268,160,154,6,AÇIK OTOPARK,1,0,08:00-18:00
2026-08-10T09:38:44.745774+00:00,2026-08-10T12:38:44.745774+03:00,3299,Sariyer Ayazağa Mah Vadi İstanbul Önü Açık Otoparkı,SARIYER,41.1106,28.9881,100,96,4,AÇIK OTOPARK,1,0,08:00-20:00
2026-08-10T09:38:44.745774+00:00,2026-08-10T12:38:44.745774+03:00,1303,Seyrantepe Katlı (Arena Karşısı) 1,KAĞITHANE,41.101,28.9961,1897,1,1896,KAPALI OTOPARK,1,0,24 Saat
2026-08-10T09:38:44.745774+00:00,2026-08-10T12:38:44.745774+03:00,1628,Sıracevizler Caddesi Yol Üstü 5,ŞİŞLİ,41.0607,28.9841,45,1,44,YOL ÜSTÜ,1,15,09:00-17:00
2026-08-10T09:38:44.745774+00:00,2026-08-10T12:38:44.745774+03:00,464,Sirkeci Gar Önü,FATİH,41.015,28.9761,60,1,59,AÇIK OTOPARK,1,5,07:00-20:00
2026-08-10T09:38:44.745774+00:00,2026-08-10T12:38:44.745774+03:00,1486,Siyavuşpaşa Yer Altı Otoparkı,BAHÇELİEVLER,40.9965,28.8532,155,0,155,KAPALI OTOPARK,1,0,24 Saat
2026-08-10T09:38:44.745774+00:00,2026-08-10T12:38:44.745774+03:00,1958,Soğanlık Metro PD Açık Otoparkı,KARTAL,40.9131,29.1925,898,840,58,AÇIK OTOPARK,1,15,24 Saat
2026-08-10T09:38:44.745774+00:00,2026-08-10T12:38:44.745774+03:00,589,Su Terazisi Sokak,FATİH,41.0046,28.9727,22,1,21,YOL ÜSTÜ,1,0,07:30-17:00
2026-08-10T09:38:44.745774+00:00,2026-08-10T12:38:44.745774+03:00,1478,Suadiye Cep Açık Otoparkı,KADIKÖY,40.9586,29.0732,130,119,11,AÇIK OTOPARK,1,15,24 Saat
2026-08-10T09:38:44.745774+00:00,2026-08-10T12:38:44.745774+03:00,2948,Suadiye Sahil Açık Otoparkı,KADIKÖY,40.9562,29.0797,70,37,33,AÇIK OTOPARK,1,5,24 Saat
2026-08-10T09:38:44.745774+00:00,2026-08-10T12:38:44.745774+03:00,2799,Sultanbeyli Emir Caddesi Zemin Altı Otoparkı,SULTANBEYLİ,40.9707,29.2606,130,59,71,KAPALI OTOPARK,1,15,08:00-22:00
2026-08-10T09:38:44.745774+00:00,2026-08-10T12:38:44.745774+03:00,2372,Sultanbeyli Kent Meydanı Zemin Altı Otoparkı,SULTANBEYLİ,40.9667,29.2667,300,146,154,KAPALI OTOPARK,1,15,24 Saat
2026-08-10T09:38:44.745774+00:00,2026-08-10T12:38:44.745774+03:00,2410,Sultangazi Zemin Altı Otoparkı,SULTANGAZİ,41.0944,28.8649,104,0,104,KAPALI OTOPARK,1,10,24 Saat
2026-08-10T09:38:44.745774+00:00,2026-08-10T12:38:44.745774+03:00,2085,Süleyman Seba Caddesi 2,BEŞİKTAŞ,41.0426,28.9998,40,1,39,YOL ÜSTÜ,1,15,08:00-18:00
2026-08-10T09:38:44.745774+00:00,2026-08-10T12:38:44.745774+03:00,2088,Süleyman Seba Caddesi 5,BEŞİKTAŞ,41.0432,28.9978,40,1,39,YOL ÜSTÜ,1,15,08:00-18:00
2026-08-10T09:38:44.745774+00:00,2026-08-10T12:38:44.745774+03:00,2089,Süleyman Seba Caddesi 6,BEŞİKTAŞ,41.0435,28.9967,11,1,10,YOL ÜSTÜ,1,15,08:00-18:00
2026-08-10T09:38:44.745774+00:00,2026-08-10T12:38:44.745774+03:00,2391,Süleymaniye Cami Altı Açık Otoparkı,FATİH,41.0158,28.961,250,235,15,AÇIK OTOPARK,1,0,06:30-18:30
2026-08-10T09:38:44.745774+00:00,2026-08-10T12:38:44.745774+03:00,1730,Sütlüce Miniatürk Yanı,BEYOĞLU,41.057,28.95,320,216,104,AÇIK OTOPARK,1,15,24 Saat
2026-08-10T09:38:44.745774+00:00,2026-08-10T12:38:44.745774+03:00,36,Şakayık Sokak 4,ŞİŞLİ,41.0518,28.9936,50,1,49,YOL ÜSTÜ,1,15,08:00-16:00
2026-08-10T09:38:44.745774+00:00,2026-08-10T12:38:44.745774+03:00,1469,Şehit Volkan Duysak Katlı Otoparkı,ZEYTİNBURNU,40.9968,28.9039,1000,692,308,KAPALI OTOPARK,1,5,24 Saat
2026-08-10T09:38:44.745774+00:00,2026-08-10T12:38:44.745774+03:00,2855,Şemsipaşa Açık Otoparkı,ÜSKÜDAR,41.0255,29.0097,80,35,45,AÇIK OTOPARK,1,0,24 Saat
2026-08-10T09:38:44.745774+00:00,2026-08-10T12:38:44.745774+03:00,2439,Şirinevler Meydan Zeminaltı Otoparkı,BAHÇELİEVLER,40.9925,28.8496,367,32,335,KAPALI OTOPARK,1,0,24 Saat
2026-08-10T09:38:44.745774+00:00,2026-08-10T12:38:44.745774+03:00,3400,Şişhane Refik Saydam Caddesi 2 Yol Üstü Otoparkı 1,BEYOĞLU,41.0326,28.9743,70,1,69,YOL ÜSTÜ,1,15,06:00-23:00
2026-08-10T09:38:44.745774+00:00,2026-08-10T12:38:44.745774+03:00,3441,Şişli Kuştepe Zemin Altı Otoparkı,ŞİŞLİ,41.072,28.9919,430,303,127,KAPALI OTOPARK,1,15,24 Saat
2026-08-10T09:38:44.745774+00:00,2026-08-10T12:38:44.745774+03:00,2816,Şişli Rumeli Caddesi Metro Yanı 1,ŞİŞLİ,41.0538,28.9868,45,1,44,YOL ÜSTÜ,1,15,08:00-20:00
2026-08-10T09:38:44.745774+00:00,2026-08-10T12:38:44.745774+03:00,2406,Şişli Zemin Altı Otoparkı,ŞİŞLİ,41.0641,28.9992,581,183,398,KAPALI OTOPARK,1,15,24 Saat
2026-08-10T09:38:44.745774+00:00,2026-08-10T12:38:44.745774+03:00,1993,Tuzla İdo,TUZLA,40.8149,29.3039,300,263,37,AÇIK OTOPARK,1,15,24 Saat
2026-08-10T09:38:44.745774+00:00,2026-08-10T12:38:44.745774+03:00,3332,Tuzla Sahil Cep,TUZLA,40.8168,29.2992,50,40,10,AÇIK OTOPARK,1,0,08:00-00:00
2026-08-10T09:38:44.745774+00:00,2026-08-10T12:38:44.745774+03:00,3057,Tuzla Sahil Zemin Altı Otoparkı,TUZLA,40.8181,29.3004,779,1,778,KAPALI OTOPARK,1,15,24 Saat
2026-08-10T09:38:44.745774+00:00,2026-08-10T12:38:44.745774+03:00,1811,Ulu Camii Açık Otoparkı,BAHÇELİEVLER,40.9982,28.8499,150,125,25,AÇIK OTOPARK,1,10,24 Saat
2026-08-10T09:38:44.745774+00:00,2026-08-10T12:38:44.745774+03:00,2424,Uzunçayır Açık Otoparkı,KADIKÖY,40.9988,29.0556,58,52,6,AÇIK OTOPARK,1,0,06:00-16:00
2026-08-10T09:38:44.745774+00:00,2026-08-10T12:38:44.745774+03:00,1468,Ümraniye Katlı Otoparkı,ÜMRANİYE,41.0261,29.0953,665,463,202,KAPALI OTOPARK,1,15,24 Saat
2026-08-10T09:38:44.745774+00:00,2026-08-10T12:38:44.745774+03:00,2898,Ümraniye Okan Sokak Zeminaltı Otoparkı,ÜMRANİYE,41.0284,29.0907,125,32,93,KAPALI OTOPARK,1,15,24 Saat
2026-08-10T09:38:44.745774+00:00,2026-08-10T12:38:44.745774+03:00,2345,Üsküdar Uzunçayır PD Açık Otoparkı,ÜSKÜDAR,40.9988,29.0577,90,51,39,AÇIK OTOPARK,1,15,06:00-22:00
2026-08-10T09:38:44.745774+00:00,2026-08-10T12:38:44.745774+03:00,1929,Üsküdar Ünalan Açık Otoparkı,ÜSKÜDAR,40.9979,29.0604,180,175,5,AÇIK OTOPARK,1,0,07:00-17:00
2026-08-10T09:38:44.745774+00:00,2026-08-10T12:38:44.745774+03:00,1487,Vatan Caddesi PD Açık Otoparkı,FATİH,41.0157,28.9405,397,142,255,AÇIK OTOPARK,1,5,24 Saat
2026-08-10T09:38:44.745774+00:00,2026-08-10T12:38:44.745774+03:00,2441,Yalı Açık Otoparkı,MALTEPE,40.9095,29.137,85,81,4,AÇIK OTOPARK,1,0,07:30-22:00
2026-08-10T09:38:44.745774+00:00,2026-08-10T12:38:44.745774+03:00,459,Yalı Köşkü Caddesi 1,FATİH,41.0163,28.9759,61,1,60,YOL ÜSTÜ,1,5,07:00-21:00
2026-08-10T09:38:44.745774+00:00,2026-08-10T12:38:44.745774+03:00,2037,Yenikapı Marmaray Büyük Otoparkı,FATİH,41.0057,28.9505,324,114,210,AÇIK OTOPARK,1,15,24 Saat
2026-08-10T09:38:44.745774+00:00,2026-08-10T12:38:44.745774+03:00,2036,Yenikapı Marmaray Küçük Otoparkı,FATİH,41.0064,28.9504,200,141,59,AÇIK OTOPARK,1,15,07:00-22:00
2026-08-10T09:38:44.745774+00:00,2026-08-10T12:38:44.745774+03:00,2175,Yenikapı Spor ve Kültür Merkezi PD Açık Otoparkı,FATİH,41.0006,28.9519,4023,3747,276,AÇIK OTOPARK,1,15,24 Saat
2026-08-10T09:38:44.745774+00:00,2026-08-10T12:38:44.745774+03:00,2805,Yenikapı Tünel Üstü Açık Otoparkı,FATİH,41.0029,28.9534,700,430,270,AÇIK OTOPARK,1,10,24 Saat
2026-08-10T09:38:44.745774+00:00,2026-08-10T12:38:44.745774+03:00,3404,Yenimahalle Metro Zemin Altı PD Otoparkı,GAZİOSMANPAŞA,41.0839,28.8926,114,91,23,KAPALI OTOPARK,1,15,24 Saat
2026-08-10T09:38:44.745774+00:00,2026-08-10T12:38:44.745774+03:00,2920,Yeşilce Zemin Altı Katlı Otoparkı,KAĞITHANE,41.0938,29.0017,676,0,676,KAPALI OTOPARK,1,0,24 Saat
2026-08-10T09:38:44.745774+00:00,2026-08-10T12:38:44.745774+03:00,987,Yeşilköy İstasyon Caddesi 1,BAKIRKÖY,40.962,28.825,40,1,39,YOL ÜSTÜ,1,15,09:00-17:30
2026-08-10T09:38:44.745774+00:00,2026-08-10T12:38:44.745774+03:00,974,Yeşilköy Marina 1,BAKIRKÖY,40.9576,28.8233,145,1,144,YOL ÜSTÜ,1,0,12:00-23:00
2026-08-10T09:38:44.745774+00:00,2026-08-10T12:38:44.745774+03:00,3406,Yeşilpınar Metro Zemin Altı PD Otoparkı,EYÜP,41.081,28.9204,269,205,64,KAPALI OTOPARK,1,15,24 Saat
2026-08-10T09:38:44.745774+00:00,2026-08-10T12:38:44.745774+03:00,315,Yeşilyurt Çarşı 1,BAKIRKÖY,40.9643,28.8379,50,1,49,YOL ÜSTÜ,1,15,09:00-17:30
2026-08-10T09:38:44.745774+00:00,2026-08-10T12:38:44.745774+03:00,1133,Yıldız Korusu,BEŞİKTAŞ,41.0514,29.0165,500,499,1,AÇIK OTOPARK,1,0,08:00-22:00
2026-08-10T09:38:44.745774+00:00,2026-08-10T12:38:44.745774+03:00,882,Zeytinburnu 58. Bulvar 2,ZEYTİNBURNU,40.9932,28.9039,48,1,47,YOL ÜSTÜ,1,15,09:00-18:00
2026-08-10T09:38:44.745774+00:00,2026-08-10T12:38:44.745774+03:00,3185,Zeytinburnu Sahil Cep Otoparkı,ZEYTİNBURNU,40.9798,28.8985,160,1,159,AÇIK OTOPARK,1,0,12:00-22:00
2026-08-10T10:47:25.156963+00:00,2026-08-10T13:47:25.156963+03:00,3068,15 Temmuz Şehitler Meydanı Zeminaltı Otoparkı,ÜMRANİYE,41.0246,29.0915,1029,487,542,KAPALI OTOPARK,1,15,24 Saat
2026-08-10T10:47:25.156963+00:00,2026-08-10T13:47:25.156963+03:00,2338,19 Mayıs Açık,ŞİŞLİ,41.0563,28.9941,65,0,65,AÇIK OTOPARK,1,0,24 Saat
2026-08-10T10:47:25.156963+00:00,2026-08-10T13:47:25.156963+03:00,1751,4.Levent PD Açık Otoparkı,KAĞITHANE,41.0836,29.0081,236,81,155,AÇIK OTOPARK,1,5,24 Saat
2026-08-10T10:47:25.156963+00:00,2026-08-10T13:47:25.156963+03:00,3328,4.Levent Servis ve Turizm Araçları Açık Otoparkı,ŞİŞLİ,41.0841,29.0054,300,156,144,AÇIK OTOPARK,1,15,24 Saat
2026-08-10T10:47:25.156963+00:00,2026-08-10T13:47:25.156963+03:00,3412,5. Levent Gaziosmanpaşa Adliyesi Yanı Açık Otoparkı,EYÜP,41.0927,28.9494,250,166,84,AÇIK OTOPARK,1,15,07:00-23:00
2026-08-10T10:47:25.156963+00:00,2026-08-10T13:47:25.156963+03:00,104,Abide-i Hürriyet Caddesi 5,ŞİŞLİ,41.0619,28.9876,40,1,39,YOL ÜSTÜ,1,15,08:00-17:00
2026-08-10T10:47:25.156963+00:00,2026-08-10T13:47:25.156963+03:00,2452,Acıbadem Açık Otoparkı,ÜSKÜDAR,41.0157,29.0574,100,85,15,AÇIK OTOPARK,1,0,06:30-16:00
2026-08-10T10:47:25.156963+00:00,2026-08-10T13:47:25.156963+03:00,346,Ada Karşısı Cep 2,BEŞİKTAŞ,41.072,29.045,30,1,29,YOL ÜSTÜ,1,15,08:00-23:00
2026-08-10T10:47:25.156963+00:00,2026-08-10T13:47:25.156963+03:00,1663,Akasyalı Sokak Tenis Kulubü Önü 2,BEŞİKTAŞ,41.0867,29.0109,45,1,44,YOL ÜSTÜ,1,15,08:30-17:30
2026-08-10T10:47:25.156963+00:00,2026-08-10T13:47:25.156963+03:00,828,Akdeniz Caddesi 4,FATİH,41.0175,28.9435,27,1,26,YOL ÜSTÜ,1,15,09:00-18:00
2026-08-10T10:47:25.156963+00:00,2026-08-10T13:47:25.156963+03:00,1913,Alibeyköy Cep Otogarı Açık Otoparkı,EYÜP,41.0879,28.9446,116,0,116,AÇIK OTOPARK,1,25,24 Saat
2026-08-10T10:47:25.156963+00:00,2026-08-10T13:47:25.156963+03:00,1912,Alibeyköy Cep Otogarı Otobüs Otoparkı,EYÜP,41.0875,28.9449,5000,4981,19,AÇIK OTOPARK,1,60,24 Saat
2026-08-10T10:47:25.156963+00:00,2026-08-10T13:47:25.156963+03:00,2562,Alibeyköy Yeşiltepe Zemin Altı Otoparkı,EYÜP,41.0797,28.938,159,64,95,KAPALI OTOPARK,1,15,24 Saat
2026-08-10T10:47:25.156963+00:00,2026-08-10T13:47:25.156963+03:00,3201,Altınboynuz Sosyal Tesisleri,EYÜP,41.058,28.9447,70,70,0,AÇIK OTOPARK,1,15,08:00-23:00
2026-08-10T10:47:25.156963+00:00,2026-08-10T13:47:25.156963+03:00,758,Arap Camii Açık Otoparkı,BEYOĞLU,41.0227,28.9723,30,1,29,AÇIK OTOPARK,1,0,09:00-17:00
2026-08-10T10:47:25.156963+00:00,2026-08-10T13:47:25.156963+03:00,1963,Aras Sokak 1,BÜYÜKÇEKMECE,41.0226,28.622,60,60,0,YOL ÜSTÜ,1,0,06:00-14:30
2026-08-10T10:47:25.156963+00:00,2026-08-10T13:47:25.156963+03:00,2802,Arnavutköy Zemin Altı Otoparkı,ARNAVUTKÖY,41.1838,28.7396,700,40,660,KAPALI OTOPARK,1,15,24 Saat
2026-08-10T10:47:25.156963+00:00,2026-08-10T13:47:25.156963+03:00,1797,Ataköy Atrium AVM,BAKIRKÖY,40.9881,28.8459,250,182,68,AÇIK OTOPARK,1,15,08:00-23:00
2026-08-10T10:47:25.156963+00:00,2026-08-10T13:47:25.156963+03:00,2824,Ataköy Metro Durağı Yanı PD Zemin Altı Otoparkı,BAKIRKÖY,40.9904,28.8456,150,81,69,KAPALI OTOPARK,1,0,24 Saat
2026-08-10T10:47:25.156963+00:00,2026-08-10T13:47:25.156963+03:00,359,Atatürk Bulvarı 1,FATİH,41.0112,28.9534,20,1,19,YOL ÜSTÜ,1,0,07:30-18:00
2026-08-10T10:47:25.156963+00:00,2026-08-10T13:47:25.156963+03:00,3087,Atatürk Kent Ormanı Otoparkı,SARIYER,41.136,29.0262,200,198,2,AÇIK OTOPARK,1,0,08:00-17:00
2026-08-10T10:47:25.156963+00:00,2026-08-10T13:47:25.156963+03:00,2243,Avcılar Denizköşkler Toplantı ve Davet Salonu Açık Otoparkı,AVCILAR,40.9746,28.7435,200,197,3,AÇIK OTOPARK,1,15,13:00-07:00
2026-08-10T10:47:25.156963+00:00,2026-08-10T13:47:25.156963+03:00,1088,Avcılar İdo,AVCILAR,40.9712,28.7185,270,263,7,AÇIK OTOPARK,1,0,13:00-07:00
2026-08-10T10:47:25.156963+00:00,2026-08-10T13:47:25.156963+03:00,2885,Azapkapı Haliç Metro Otoparkı,ŞİŞLİ,41.0245,28.9691,80,4,76,AÇIK OTOPARK,1,5,24 Saat
2026-08-10T10:47:25.156963+00:00,2026-08-10T13:47:25.156963+03:00,2455,Azerbaycan Dostluk Parkı Zemin Altı Otoparkı,BAĞCILAR,41.0444,28.854,400,196,204,KAPALI OTOPARK,1,10,24 Saat
2026-08-10T10:47:25.156963+00:00,2026-08-10T13:47:25.156963+03:00,2965,Bağcılar Çolakoğlu Zemin Altı Otoparkı,BAĞCILAR,41.0324,28.8345,106,0,106,KAPALI OTOPARK,1,5,24 Saat
2026-08-10T10:47:25.156963+00:00,2026-08-10T13:47:25.156963+03:00,2576,Bağcılar Demirkapı Zemin Altı Otoparkı,BAĞCILAR,41.0499,28.8327,343,178,165,KAPALI OTOPARK,1,5,24 Saat
2026-08-10T10:47:25.156963+00:00,2026-08-10T13:47:25.156963+03:00,3036,Bağcılar Devlet Hastanesi Yanı Zeminaltı Otoparkı,BAĞCILAR,41.0312,28.8696,1133,103,1030,KAPALI OTOPARK,1,15,24 Saat
2026-08-10T10:47:25.156963+00:00,2026-08-10T13:47:25.156963+03:00,3071,Bağcılar Emniyet Müdürlüğü Yanı Açık Otoparkı,BAĞCILAR,41.0353,28.8598,100,71,29,AÇIK OTOPARK,1,0,24 Saat
2026-08-10T10:47:25.156963+00:00,2026-08-10T13:47:25.156963+03:00,2873,Bağcılar Göztepe Zemin Altı,BAĞCILAR,41.0567,28.8355,120,0,120,KAPALI OTOPARK,1,5,24 Saat
2026-08-10T10:47:25.156963+00:00,2026-08-10T13:47:25.156963+03:00,3187,Bağcılar Hürriyet Mahallesi Zemin Altı Otoparkı,BAĞCILAR,41.0291,28.8333,355,0,355,KAPALI OTOPARK,1,10,24 Saat
2026-08-10T10:47:25.156963+00:00,2026-08-10T13:47:25.156963+03:00,2916,Bağcılar Kent Meydanı PD Zemin Altı Otoparkı,BAĞCILAR,41.0339,28.8556,1162,0,1162,KAPALI OTOPARK,1,0,24 Saat
2026-08-10T10:47:25.156963+00:00,2026-08-10T13:47:25.156963+03:00,3261,Bağcılar Yenimahalle Zemin Altı Otoparkı,BAĞCILAR,41.0425,28.8395,525,276,249,KAPALI OTOPARK,1,15,24 Saat
2026-08-10T10:47:25.156963+00:00,2026-08-10T13:47:25.156963+03:00,2820,Bağcılar Yıldıztepe Katlı Otoparkı,BAĞCILAR,41.0294,28.8556,350,0,350,KAPALI OTOPARK,1,10,24 Saat
2026-08-10T10:47:25.156963+00:00,2026-08-10T13:47:25.156963+03:00,3447,Bahçelievler 23 Nisan Milli Egemenlik Zeminaltı Otoparkı,BAHÇELİEVLER,40.9988,28.8472,732,533,199,KAPALI OTOPARK,1,10,24 Saat
2026-08-10T10:47:25.156963+00:00,2026-08-10T13:47:25.156963+03:00,2993,Bahçelievler Cumhuriyet Zeminaltı Otoparkı,BAHÇELİEVLER,41.0149,28.859,663,0,663,KAPALI OTOPARK,1,10,24 Saat
2026-08-10T10:47:25.156963+00:00,2026-08-10T13:47:25.156963+03:00,2969,Bahçelievler Devlet Hastanesi Yanı Katlı Otoparkı,BAHÇELİEVLER,41.0072,28.8442,740,0,740,KAPALI OTOPARK,1,0,24 Saat
2026-08-10T10:47:25.156963+00:00,2026-08-10T13:47:25.156963+03:00,3051,Bahçelievler Zafer Mh. Zeminaltı Otoparkı,BAHÇELİEVLER,41.0036,28.8351,200,92,108,KAPALI OTOPARK,1,0,24 Saat
2026-08-10T10:47:25.156963+00:00,2026-08-10T13:47:25.156963+03:00,3236,Bahçeşehir Gölet Açık Otoparkı,BAŞAKŞEHİR,41.0719,28.6901,200,1,199,AÇIK OTOPARK,1,0,12:00-22:00
2026-08-10T10:47:25.156963+00:00,2026-08-10T13:47:25.156963+03:00,1465,Bakırköy İdo Açık Otoparkı,BAKIRKÖY,40.9739,28.8761,160,129,31,AÇIK OTOPARK,1,10,24 Saat
2026-08-10T10:47:25.156963+00:00,2026-08-10T13:47:25.156963+03:00,1104,Balmumcu Katlı Otoparkı,BEŞİKTAŞ,41.0636,29.0109,400,216,184,KAPALI OTOPARK,1,5,24 Saat
2026-08-10T10:47:25.156963+00:00,2026-08-10T13:47:25.156963+03:00,2350,Bayrampaşa Adapark Katlı Otoparkı,BAYRAMPAŞA,41.0647,28.8875,650,0,650,KAPALI OTOPARK,1,15,24 Saat
2026-08-10T10:47:25.156963+00:00,2026-08-10T13:47:25.156963+03:00,2892,Bayrampaşa Altıntepsi Zemin  Altı Otoparkı,BAYRAMPAŞA,41.0393,28.9029,110,0,110,KAPALI OTOPARK,1,10,24 Saat
2026-08-10T10:47:25.156963+00:00,2026-08-10T13:47:25.156963+03:00,2909,Bayrampaşa Atatürk Parkı  Zemin Altı Otoparkı,BAYRAMPAŞA,41.0342,28.9123,442,0,442,KAPALI OTOPARK,1,10,24 Saat
2026-08-10T10:47:25.156963+00:00,2026-08-10T13:47:25.156963+03:00,2683,Bayrampaşa Devlet Hastanesi Cep Otoparkı,BAYRAMPAŞA,41.0414,28.9031,55,0,55,AÇIK OTOPARK,1,0,08:00-19:00
2026-08-10T10:47:25.156963+00:00,2026-08-10T13:47:25.156963+03:00,3301,Bayrampaşa Kocatepe Mahallesi Zemin Altı Otoparkı,BAYRAMPAŞA,41.0545,28.8964,241,4,237,KAPALI OTOPARK,1,10,24 Saat
2026-08-10T10:47:25.156963+00:00,2026-08-10T13:47:25.156963+03:00,2053,Bayrampaşa Muratpaşa Yer Altı Otoparkı,BAYRAMPAŞA,41.047,28.9082,300,16,284,KAPALI OTOPARK,1,15,24 Saat
2026-08-10T10:47:25.156963+00:00,2026-08-10T13:47:25.156963+03:00,3175,Bayrampaşa Spor Kompleksi Zemin Altı Otoparkı,BAYRAMPAŞA,41.0446,28.9106,205,0,205,KAPALI OTOPARK,1,15,24 Saat
2026-08-10T10:47:25.156963+00:00,2026-08-10T13:47:25.156963+03:00,3382,Bayrampaşa Şehit Kamil Balkan Zemin Altı Otoparkı,BAYRAMPAŞA,41.0604,28.9008,235,0,235,KAPALI OTOPARK,1,10,24 Saat
2026-08-10T10:47:25.156963+00:00,2026-08-10T13:47:25.156963+03:00,2428,Bayrampaşa Yenidoğan Mahallesi Zemin Altı Otoparkı,BAYRAMPAŞA,41.0395,28.9088,120,0,120,KAPALI OTOPARK,1,10,24 Saat
2026-08-10T10:47:25.156963+00:00,2026-08-10T13:47:25.156963+03:00,2468,Bebek Açık,BEŞİKTAŞ,41.077,29.0434,30,0,30,AÇIK OTOPARK,1,0,24 Saat
2026-08-10T10:47:25.156963+00:00,2026-08-10T13:47:25.156963+03:00,3479,Beşiktaş Halk Pazarı Açık Otoparkı,BEŞİKTAŞ,41.0496,29.0004,170,112,58,AÇIK OTOPARK,1,5,24 Saat
2026-08-10T10:47:25.156963+00:00,2026-08-10T13:47:25.156963+03:00,3257,Beykoz Sahil Cep Otoparkı,BEYKOZ,41.1286,29.0953,100,74,26,AÇIK OTOPARK,1,0,08:00-00:00
2026-08-10T10:47:25.156963+00:00,2026-08-10T13:47:25.156963+03:00,2273,Beykoz Sosyal Tesisleri,BEYKOZ,41.1143,29.0888,130,0,130,AÇIK OTOPARK,1,15,08:00-00:00
2026-08-10T10:47:25.156963+00:00,2026-08-10T13:47:25.156963+03:00,2999,Beyoğlu Gazhane Bostan Sokak 2,BEYOĞLU,41.0389,28.9903,35,1,34,YOL ÜSTÜ,1,0,07:30-16:30
2026-08-10T10:47:25.156963+00:00,2026-08-10T13:47:25.156963+03:00,3072,Beyoğlu Örnektepe Zemin Altı Otoparkı,BEYOĞLU,41.0543,28.9548,143,0,143,KAPALI OTOPARK,1,0,24 Saat
2026-08-10T10:47:25.156963+00:00,2026-08-10T13:47:25.156963+03:00,1455,Bostancı Açık,KADIKÖY,40.9523,29.0902,394,109,285,AÇIK OTOPARK,1,15,24 Saat
2026-08-10T10:47:25.156963+00:00,2026-08-10T13:47:25.156963+03:00,1456,Bostancı Sahil-Cep Açık Otoparkı,KADIKÖY,40.9545,29.0885,192,105,87,AÇIK OTOPARK,1,15,24 Saat
2026-08-10T10:47:25.156963+00:00,2026-08-10T13:47:25.156963+03:00,2150,Bostancı Vergi Dairesi Açık Otoparkı,ATAŞEHİR,40.9625,29.1083,155,0,155,AÇIK OTOPARK,1,5,08:00-20:00
2026-08-10T10:47:25.156963+00:00,2026-08-10T13:47:25.156963+03:00,2854,Bülent Ecevit Kültür Merkezi Açık Otoparkı,KARTAL,40.8852,29.1967,277,265,12,AÇIK OTOPARK,1,0,10:00-21:00
2026-08-10T10:47:25.156963+00:00,2026-08-10T13:47:25.156963+03:00,2866,Büyük İstanbul Otogarı,BAYRAMPAŞA,41.0402,28.8942,1000,0,1000,AÇIK OTOPARK,1,25,24 Saat
2026-08-10T10:47:25.156963+00:00,2026-08-10T13:47:25.156963+03:00,1192,Büyükçamlıca Korusu Sosyal Tesisleri Önü,ÜSKÜDAR,41.0264,29.0698,204,111,93,AÇIK OTOPARK,1,0,08:00-00:00
2026-08-10T10:47:25.156963+00:00,2026-08-10T13:47:25.156963+03:00,2960,Büyükçekmece Metrobüs Durağı Yanı PD Zemin Altı Otopark,BÜYÜKÇEKMECE,41.0221,28.624,448,0,448,KAPALI OTOPARK,1,0,24 Saat
2026-08-10T10:47:25.156963+00:00,2026-08-10T13:47:25.156963+03:00,1503,Cadde Bostan Açık Otoparkı,KADIKÖY,40.9636,29.0675,66,31,35,AÇIK OTOPARK,1,15,24 Saat
2026-08-10T10:47:25.156963+00:00,2026-08-10T13:47:25.156963+03:00,2933,Cemal Kamacı Spor Kompleksi Zemin Altı Otoparkı,KAĞITHANE,41.0536,28.9575,510,0,510,KAPALI OTOPARK,1,0,24 Saat
2026-08-10T10:47:25.156963+00:00,2026-08-10T13:47:25.156963+03:00,2207,Cengiz Topel Yer Altı Katlı Otoparkı,ESENLER,41.0588,28.8643,144,0,144,KAPALI OTOPARK,1,15,24 Saat
2026-08-10T10:47:25.156963+00:00,2026-08-10T13:47:25.156963+03:00,2787,Cevizli Açık Otoparkı,KARTAL,40.9179,29.1712,100,26,74,AÇIK OTOPARK,1,15,08:00-19:00
2026-08-10T10:47:25.156963+00:00,2026-08-10T13:47:25.156963+03:00,782,Cihangir Caddesi 2,BEYOĞLU,41.0319,28.9862,70,1,69,YOL ÜSTÜ,1,15,09:00-19:00
2026-08-10T10:47:25.156963+00:00,2026-08-10T13:47:25.156963+03:00,1467,Cihangir Katlı Otoparkı,BEYOĞLU,41.0318,28.9858,350,0,350,KAPALI OTOPARK,1,0,24 Saat
2026-08-10T10:47:25.156963+00:00,2026-08-10T13:47:25.156963+03:00,535,Cihannuma Yol Üstü 1,BEŞİKTAŞ,41.0454,29.0084,35,1,34,YOL ÜSTÜ,1,0,08:00-23:00
2026-08-10T10:47:25.156963+00:00,2026-08-10T13:47:25.156963+03:00,537,Cihannuma Yol Üstü 3,BEŞİKTAŞ,41.0459,29.0087,33,1,32,YOL ÜSTÜ,1,0,08:00-23:00
2026-08-10T10:47:25.156963+00:00,2026-08-10T13:47:25.156963+03:00,539,Cihannuma Yol Üstü 5,BEŞİKTAŞ,41.0489,29.0094,24,1,23,YOL ÜSTÜ,1,0,08:00-23:00
2026-08-10T10:47:25.156963+00:00,2026-08-10T13:47:25.156963+03:00,3184,Çam Sokak 6,GÜNGÖREN,41.0121,28.8882,50,1,49,YOL ÜSTÜ,1,15,08:00-17:00
2026-08-10T10:47:25.156963+00:00,2026-08-10T13:47:25.156963+03:00,3030,Çekmeköy Metro PD Zemin Altı Otoparkı,ÇEKMEKÖY,41.0147,29.1886,175,43,132,KAPALI OTOPARK,1,15,24 Saat
2026-08-10T10:47:25.156963+00:00,2026-08-10T13:47:25.156963+03:00,2905,Çeliktepe Açık Otoparkı,KAĞITHANE,41.0843,29.0056,200,60,140,AÇIK OTOPARK,1,5,24 Saat
2026-08-10T10:47:25.156963+00:00,2026-08-10T13:47:25.156963+03:00,1298,Çengelköy Açık Otoparkı,ÜSKÜDAR,41.0484,29.0533,500,331,169,AÇIK OTOPARK,1,15,24 Saat
2026-08-10T10:47:25.156963+00:00,2026-08-10T13:47:25.156963+03:00,502,Çınar Açık Otoparkı,BEŞİKTAŞ,41.0853,29.0088,65,1,64,AÇIK OTOPARK,1,0,08:00-18:00
2026-08-10T10:47:25.156963+00:00,2026-08-10T13:47:25.156963+03:00,777,Çırağan Sarayı Yol Üstü 1,BEŞİKTAŞ,41.0448,29.0165,40,1,39,YOL ÜSTÜ,1,15,08:00-23:00
2026-08-10T10:47:25.156963+00:00,2026-08-10T13:47:25.156963+03:00,778,Çırağan Sarayı Yol Üstü 2,BEŞİKTAŞ,41.0445,29.0156,40,1,39,YOL ÜSTÜ,1,15,08:00-23:00
2026-08-10T10:47:25.156963+00:00,2026-08-10T13:47:25.156963+03:00,2228,Çırpıcı Sosyal Tesisler,ZEYTİNBURNU,41,28.8926,128,0,128,AÇIK OTOPARK,1,15,07:00-00:00
2026-08-10T10:47:25.156963+00:00,2026-08-10T13:47:25.156963+03:00,2030,Dalyan Açık Otoparkı,KADIKÖY,40.9632,29.0651,92,25,67,AÇIK OTOPARK,1,15,24 Saat
2026-08-10T10:47:25.156963+00:00,2026-08-10T13:47:25.156963+03:00,2271,Damla Sokak 1,ŞİŞLİ,41.0672,29.0004,17,1,16,YOL ÜSTÜ,1,15,07:30-16:30
2026-08-10T10:47:25.156963+00:00,2026-08-10T13:47:25.156963+03:00,2164,Darüşşafaka Yeraltı Otoparkı,SARIYER,41.1292,29.0252,150,110,40,KAPALI OTOPARK,1,15,08:00-00:00
2026-08-10T10:47:25.156963+00:00,2026-08-10T13:47:25.156963+03:00,1653,Deniz Feneri Otoparkı,FATİH,41.0019,28.9773,175,80,95,AÇIK OTOPARK,1,5,24 Saat
2026-08-10T10:47:25.156963+00:00,2026-08-10T13:47:25.156963+03:00,595,Dostluk Yurdu 1,FATİH,41.0071,28.973,33,1,32,YOL ÜSTÜ,1,15,07:00-17:00
2026-08-10T10:47:25.156963+00:00,2026-08-10T13:47:25.156963+03:00,2237,Dragos Sosyal Tesisleri,KARTAL,40.9017,29.1458,100,53,47,AÇIK OTOPARK,1,15,24 Saat
2026-08-10T10:47:25.156963+00:00,2026-08-10T13:47:25.156963+03:00,3063,Dudullu Metro PD Zemin Altı Otoparkı,ÜMRANİYE,41.0156,29.1633,81,58,23,KAPALI OTOPARK,1,15,07:00-23:30
2026-08-10T10:47:25.156963+00:00,2026-08-10T13:47:25.156963+03:00,1522,Ebu Suut Caddesi 1,FATİH,41.0128,28.9766,35,1,34,YOL ÜSTÜ,1,0,08:00-18:00
2026-08-10T10:47:25.156963+00:00,2026-08-10T13:47:25.156963+03:00,2147,EGS Blokları Açık Otoparkı,BAKIRKÖY,40.9863,28.8354,350,0,350,AÇIK OTOPARK,1,60,09:00-19:30
2026-08-10T10:47:25.156963+00:00,2026-08-10T13:47:25.156963+03:00,2366,Esenler Adem Baştürk Kültür Merkezi Katlı,ESENLER,41.039,28.8846,460,54,406,KAPALI OTOPARK,1,15,24 Saat
2026-08-10T10:47:25.156963+00:00,2026-08-10T13:47:25.156963+03:00,3190,Esenler Havaalanı Mahallesi Zemin Altı Otoparkı,ESENLER,41.0562,28.8674,610,381,229,KAPALI OTOPARK,1,10,24 Saat
2026-08-10T10:47:25.156963+00:00,2026-08-10T13:47:25.156963+03:00,3011,Esenler Menderes Metro İstasyonu Yanı,ESENLER,41.0427,28.8783,68,9,59,AÇIK OTOPARK,1,5,24 Saat
2026-08-10T10:47:25.156963+00:00,2026-08-10T13:47:25.156963+03:00,2822,Esenler Menderes Parkı Zemin Altı Otoparkı,ESENLER,41.0412,28.8729,325,82,243,KAPALI OTOPARK,1,10,24 Saat
2026-08-10T10:47:25.156963+00:00,2026-08-10T13:47:25.156963+03:00,3303,Esenyurt Adile Naşit Bulvarı Zeminaltı Otoparkı,ESENYURT,41.0205,28.6859,367,286,81,KAPALI OTOPARK,1,15,24 Saat
2026-08-10T10:47:25.156963+00:00,2026-08-10T13:47:25.156963+03:00,1328,Eski Salı Pazarı,KADIKÖY,40.9904,29.0338,760,0,760,AÇIK OTOPARK,1,15,24 Saat
2026-08-10T10:47:25.156963+00:00,2026-08-10T13:47:25.156963+03:00,904,Eyüp Pierloti Caddesi 1,EYÜP,41.0539,28.9329,40,1,39,YOL ÜSTÜ,1,0,09:00-22:00
2026-08-10T10:47:25.156963+00:00,2026-08-10T13:47:25.156963+03:00,2850,Eyüpsultan Akşemsettin Mahallesi Zemin Altı Otoparkı,EYÜP,41.085,28.9258,110,0,110,KAPALI OTOPARK,1,15,24 Saat
2026-08-10T10:47:25.156963+00:00,2026-08-10T13:47:25.156963+03:00,2215,Fatih Çeşmesi Tabiat Parkı Otoparkı,SARIYER,41.1686,28.9448,250,243,7,AÇIK OTOPARK,1,0,06:00-20:00
2026-08-10T10:47:25.156963+00:00,2026-08-10T13:47:25.156963+03:00,1475,Fatih Katlı Otoparkı,FATİH,41.0198,28.9396,118,0,118,KAPALI OTOPARK,1,10,24 Saat
2026-08-10T10:47:25.156963+00:00,2026-08-10T13:47:25.156963+03:00,1591,Feshane PD Açık Otoparkı,EYÜP,41.0463,28.9378,200,12,188,AÇIK OTOPARK,1,15,24 Saat
2026-08-10T10:47:25.156963+00:00,2026-08-10T13:47:25.156963+03:00,1005,Florya Havuzlu Bahçe,BAKIRKÖY,40.9764,28.7908,135,1,134,AÇIK OTOPARK,1,0,09:00-23:00
2026-08-10T10:47:25.156963+00:00,2026-08-10T13:47:25.156963+03:00,2238,Florya Sosyal Tesisleri,BAKIRKÖY,40.9614,28.8091,1074,900,174,AÇIK OTOPARK,1,15,24 Saat
2026-08-10T10:47:25.156963+00:00,2026-08-10T13:47:25.156963+03:00,1704,Gazi Umur Paşa Sokak 5,BEŞİKTAŞ,41.0589,29.0114,45,1,44,YOL ÜSTÜ,1,15,08:00-17:00
2026-08-10T10:47:25.156963+00:00,2026-08-10T13:47:25.156963+03:00,3296,Gaziosmanpaşa Meydanı ve Yaşam Merkezi Zemin Altı Otoparkı,GAZİOSMANPAŞA,41.0606,28.9093,202,0,202,KAPALI OTOPARK,1,15,24 Saat
2026-08-10T10:47:25.156963+00:00,2026-08-10T13:47:25.156963+03:00,2971,Gaziosmanpaşa Zemin Altı Otoparkı,GAZİOSMANPAŞA,41.0796,28.8858,285,0,285,KAPALI OTOPARK,1,0,24 Saat
2026-08-10T10:47:25.156963+00:00,2026-08-10T13:47:25.156963+03:00,3401,Giyimkent Tekstilkent Metro Zemin Altı PD Otoparkı,ESENLER,41.0711,28.8666,203,167,36,KAPALI OTOPARK,1,10,24 Saat
2026-08-10T10:47:25.156963+00:00,2026-08-10T13:47:25.156963+03:00,2242,Gözdağı Sosyal Tesisler  Açık Otoparkı,PENDİK,40.893,29.2538,300,215,85,AÇIK OTOPARK,1,0,07:00-23:00
2026-08-10T10:47:25.156963+00:00,2026-08-10T13:47:25.156963+03:00,1879,Gülsuyu Metro PD Yer Altı Otoparkı,MALTEPE,40.9237,29.1548,76,0,76,KAPALI OTOPARK,1,15,08:00-00:00
2026-08-10T10:47:25.156963+00:00,2026-08-10T13:47:25.156963+03:00,1423,Güneş Plajı 1,BAKIRKÖY,40.9712,28.79,250,178,72,AÇIK OTOPARK,1,10,24 Saat
2026-08-10T10:47:25.156963+00:00,2026-08-10T13:47:25.156963+03:00,1461,Güneş Plajı 2,BAKIRKÖY,40.9692,28.7951,135,122,13,AÇIK OTOPARK,1,10,08:00-20:00
2026-08-10T10:47:25.156963+00:00,2026-08-10T13:47:25.156963+03:00,3053,Güngören Nikah Dairesi Zemin Altı otoparkı,GÜNGÖREN,41.0363,28.8718,147,0,147,KAPALI OTOPARK,1,10,24 Saat
2026-08-10T10:47:25.156963+00:00,2026-08-10T13:47:25.156963+03:00,2216,Gürpınar Balık Hali Otoparkı,BEYLİKDÜZÜ,40.9663,28.6019,1000,725,275,AÇIK OTOPARK,1,15,24 Saat
2026-08-10T10:47:25.156963+00:00,2026-08-10T13:47:25.156963+03:00,1525,Hacıosman Metro Yer Altı Otoparkı,SARIYER,41.14,29.0306,422,0,422,KAPALI OTOPARK,1,15,24 Saat
2026-08-10T10:47:25.156963+00:00,2026-08-10T13:47:25.156963+03:00,1470,Haldun Alagaş Katlı Otoparkı,ÜMRANİYE,41.0262,29.1052,197,42,155,KAPALI OTOPARK,1,15,24 Saat
2026-08-10T10:47:25.156963+00:00,2026-08-10T13:47:25.156963+03:00,3235,Haliç Sosyal Tesisleri Otoparkı,FATİH,41.0277,28.9572,60,19,41,AÇIK OTOPARK,1,15,07:00-00:00
2026-08-10T10:47:25.156963+00:00,2026-08-10T13:47:25.156963+03:00,2848,Halkalı Mahallesi Zemin Altı Otoparkı,KÜÇÜKÇEKMECE,41.0359,28.7848,347,166,181,KAPALI OTOPARK,1,15,24 Saat
2026-08-10T10:47:25.156963+00:00,2026-08-10T13:47:25.156963+03:00,2838,Hamidiye Mahallesi Katlı Otoparkı,KAĞITHANE,41.0949,28.971,450,212,238,KAPALI OTOPARK,1,15,24 Saat
2026-08-10T10:47:25.156963+00:00,2026-08-10T13:47:25.156963+03:00,1446,Harbiye Zemin Altı Otoparkı,BEYOĞLU,41.0408,28.9869,142,0,142,KAPALI OTOPARK,1,5,24 Saat
2026-08-10T10:47:25.156963+00:00,2026-08-10T13:47:25.156963+03:00,2332,Haydarpaşa Katlı Otoparkı,ÜSKÜDAR,41.0048,29.0251,840,385,455,KAPALI OTOPARK,1,15,24 Saat
2026-08-10T10:47:25.156963+00:00,2026-08-10T13:47:25.156963+03:00,1987,Haznedar Yer Altı Otoparkı,GÜNGÖREN,41.0083,28.8729,540,0,540,KAPALI OTOPARK,1,0,24 Saat
2026-08-10T10:47:25.156963+00:00,2026-08-10T13:47:25.156963+03:00,377,Hızır Külhani Sokak,FATİH,41.0202,28.9605,32,1,31,YOL ÜSTÜ,1,15,09:00-17:00
2026-08-10T10:47:25.156963+00:00,2026-08-10T13:47:25.156963+03:00,3173,Hürriyet Mahallesi Zeminaltı Otoparkı,GAZİOSMANPAŞA,41.0708,28.8951,190,0,190,KAPALI OTOPARK,1,15,24 Saat
2026-08-10T10:47:25.156963+00:00,2026-08-10T13:47:25.156963+03:00,157,Ihlamur Dere Caddesi 4,BEŞİKTAŞ,41.047,29.0023,27,1,26,YOL ÜSTÜ,1,15,09:00-17:00
2026-08-10T10:47:25.156963+00:00,2026-08-10T13:47:25.156963+03:00,1189,İçerenköy Sebze Meyve Hali Otoparkı,ATAŞEHİR,40.9766,29.1044,600,599,1,AÇIK OTOPARK,1,15,24 Saat
2026-08-10T10:47:25.156963+00:00,2026-08-10T13:47:25.156963+03:00,1127,İshakpaşa Caddesi,FATİH,41.0079,28.9814,200,1,199,YOL ÜSTÜ,1,0,08:00-18:00
2026-08-10T10:47:25.156963+00:00,2026-08-10T13:47:25.156963+03:00,3265,İspark İstanbul West Marina Açık Otoparkı 1,BEYLİKDÜZÜ,40.9636,28.6564,250,1,249,AÇIK OTOPARK,1,15,24 Saat
2026-08-10T10:47:25.156963+00:00,2026-08-10T13:47:25.156963+03:00,2793,İspark Merter Katlı Otoparkı,GÜNGÖREN,41.0097,28.89,900,230,670,KAPALI OTOPARK,1,10,24 Saat
2026-08-10T10:47:25.156963+00:00,2026-08-10T13:47:25.156963+03:00,2430,İspark West İstanbul Marina Açık Otoparkı,BEYLİKDÜZÜ,40.9639,28.6591,1600,1138,462,AÇIK OTOPARK,1,15,24 Saat
2026-08-10T10:47:25.156963+00:00,2026-08-10T13:47:25.156963+03:00,381,İstinye 4 ( Cami Önü ),SARIYER,41.1149,29.0571,25,1,24,YOL ÜSTÜ,1,15,08:30-17:30
2026-08-10T10:47:25.156963+00:00,2026-08-10T13:47:25.156963+03:00,1804,İtalyan Hastanesi Karşısı Açık Otoparkı 1,BEYOĞLU,41.028,28.9815,30,1,29,AÇIK OTOPARK,1,0,08:00-19:00
2026-08-10T10:47:25.156963+00:00,2026-08-10T13:47:25.156963+03:00,507,Kabasakal Medrese Önü,FATİH,41.0062,28.9789,65,1,64,AÇIK OTOPARK,1,0,08:00-18:30
2026-08-10T10:47:25.156963+00:00,2026-08-10T13:47:25.156963+03:00,3306,Kabataş Transfer Merkezi Turizm Otobüs Otoparkı,BEYOĞLU,41.0336,28.9923,160,0,160,KAPALI OTOPARK,1,20,24 Saat
2026-08-10T10:47:25.156963+00:00,2026-08-10T13:47:25.156963+03:00,2918,Kadıköy Hasanpaşa Gazhane Katlı Otoparkı,KADIKÖY,40.9972,29.0428,310,200,110,KAPALI OTOPARK,1,15,24 Saat
2026-08-10T10:47:25.156963+00:00,2026-08-10T13:47:25.156963+03:00,1447,Kadıköy İski Açık Otoparkı,KADIKÖY,40.9874,29.0207,124,0,124,AÇIK OTOPARK,1,15,24 Saat
2026-08-10T10:47:25.156963+00:00,2026-08-10T13:47:25.156963+03:00,1655,Kadıköy Metro Açık Otoparkı,KADIKÖY,40.9899,29.0217,74,0,74,AÇIK OTOPARK,1,15,24 Saat
2026-08-10T10:47:25.156963+00:00,2026-08-10T13:47:25.156963+03:00,3445,Kadıköy Uzunçayır PD Açık Otoparkı,KADIKÖY,40.9982,29.0569,70,42,28,AÇIK OTOPARK,1,15,06:30-16:30
2026-08-10T10:47:25.156963+00:00,2026-08-10T13:47:25.156963+03:00,2808,Kadıköy Yeni Salı Pazarı PD Katlı Otoparkı,KADIKÖY,40.9969,29.0486,1350,610,740,KAPALI OTOPARK,1,15,24 Saat
2026-08-10T10:47:25.156963+00:00,2026-08-10T13:47:25.156963+03:00,2811,Kağıthane Harmantepe Zemin Altı Otoparkı,KAĞITHANE,41.0816,28.9907,200,0,200,KAPALI OTOPARK,1,0,24 Saat
2026-08-10T10:47:25.156963+00:00,2026-08-10T13:47:25.156963+03:00,1452,Kalamış Açık Otoparkı,KADIKÖY,40.9687,29.0363,173,132,41,AÇIK OTOPARK,1,15,24 Saat
2026-08-10T10:47:25.156963+00:00,2026-08-10T13:47:25.156963+03:00,1474,Kartal Hasan Doğan Spor Kompleksi,KARTAL,40.8918,29.1897,773,0,773,KAPALI OTOPARK,1,15,24 Saat
2026-08-10T10:47:25.156963+00:00,2026-08-10T13:47:25.156963+03:00,1105,Kartal İdo Açık Otoparkı,KARTAL,40.8874,29.1881,90,0,90,AÇIK OTOPARK,1,15,24 Saat
2026-08-10T10:47:25.156963+00:00,2026-08-10T13:47:25.156963+03:00,1550,Kartal Sahil Açık Otoparkı,KARTAL,40.8875,29.1901,75,14,61,AÇIK OTOPARK,1,5,24 Saat
2026-08-10T10:47:25.156963+00:00,2026-08-10T13:47:25.156963+03:00,3434,Kasımpaşa Sosyal Tesisler Otoparkı,BEYOĞLU,41.0296,28.9673,60,38,22,AÇIK OTOPARK,1,0,07:30-23:00
2026-08-10T10:47:25.156963+00:00,2026-08-10T13:47:25.156963+03:00,1960,Kazlıçeşme Marmaray Açık Otoparkı,ZEYTİNBURNU,40.9922,28.917,700,551,149,AÇIK OTOPARK,1,15,24 Saat
2026-08-10T10:47:25.156963+00:00,2026-08-10T13:47:25.156963+03:00,2994,Kirazlı Metro Durağı PD Açık Otoparkı,BAĞCILAR,41.033,28.8429,112,0,112,AÇIK OTOPARK,1,5,24 Saat
2026-08-10T10:47:25.156963+00:00,2026-08-10T13:47:25.156963+03:00,1528,Kore Şehitleri Caddesi - Yüzbaşı Kaya Aldağon Sokak 1,ŞİŞLİ,41.0719,29.0139,40,1,39,YOL ÜSTÜ,1,15,07:00-16:00
2026-08-10T10:47:25.156963+00:00,2026-08-10T13:47:25.156963+03:00,2449,Kozyatağı Sebze-Meyve Hali,ATAŞEHİR,40.9787,29.1029,1500,1499,1,AÇIK OTOPARK,1,0,24 Saat
2026-08-10T10:47:25.156963+00:00,2026-08-10T13:47:25.156963+03:00,113,Kurtuluş Caddesi 4,ŞİŞLİ,41.051,28.983,45,1,44,YOL ÜSTÜ,1,15,08:00-18:00
2026-08-10T10:47:25.156963+00:00,2026-08-10T13:47:25.156963+03:00,1206,Kutlugün Sokak 2,FATİH,41.0061,28.9801,200,1,199,YOL ÜSTÜ,1,0,08:00-18:00
2026-08-10T10:47:25.156963+00:00,2026-08-10T13:47:25.156963+03:00,3074,Küçük Çamlıca,ÜSKÜDAR,41.0204,29.0653,129,107,22,AÇIK OTOPARK,1,0,08:00-22:00
2026-08-10T10:47:25.156963+00:00,2026-08-10T13:47:25.156963+03:00,3127,Küçükçekmece Cennet Mahallesi Meydan Zemin Altı Otoparkı,KÜÇÜKÇEKMECE,40.9907,28.783,456,0,456,KAPALI OTOPARK,1,10,24 Saat
2026-08-10T10:47:25.156963+00:00,2026-08-10T13:47:25.156963+03:00,2554,Küçükçekmece Fevzi Çakmak Meydanı Zemin Altı Otoparkı,KÜÇÜKÇEKMECE,41.0076,28.7927,1000,535,465,KAPALI OTOPARK,1,10,24 Saat
2026-08-10T10:47:25.156963+00:00,2026-08-10T13:47:25.156963+03:00,2882,Küçüksu Kasrı Açık Otoparkı,BEYKOZ,41.0789,29.0657,98,91,7,AÇIK OTOPARK,1,0,07:00-23:00
2026-08-10T10:47:25.156963+00:00,2026-08-10T13:47:25.156963+03:00,220,Levent Hamidiye,BEŞİKTAŞ,41.0861,29.0076,100,1,99,AÇIK OTOPARK,1,0,08:00-19:00
2026-08-10T10:47:25.156963+00:00,2026-08-10T13:47:25.156963+03:00,1138,Levent Metro Yer Altı Otoparkı,BEŞİKTAŞ,41.0811,29.0105,100,1,99,AÇIK OTOPARK,1,5,07:30-19:30
2026-08-10T10:47:25.156963+00:00,2026-08-10T13:47:25.156963+03:00,2335,Maçka Açık Otoparkı,ŞİŞLİ,41.046,28.9908,75,74,1,AÇIK OTOPARK,1,0,24 Saat
2026-08-10T10:47:25.156963+00:00,2026-08-10T13:47:25.156963+03:00,1859,Maçka Katlı Otoparkı,ŞİŞLİ,41.0484,28.9903,508,0,508,KAPALI OTOPARK,1,0,24 Saat
2026-08-10T10:47:25.156963+00:00,2026-08-10T13:47:25.156963+03:00,3193,Maltepe Rıhtım Caddesi Açık Otoparkı,MALTEPE,40.9258,29.1241,76,52,24,AÇIK OTOPARK,1,0,24 Saat
2026-08-10T10:47:25.156963+00:00,2026-08-10T13:47:25.156963+03:00,2146,Maltepe Süreyyapaşa Çarşısı Açık Otoparkı,MALTEPE,40.9274,29.1225,156,105,51,AÇIK OTOPARK,1,0,24 Saat
2026-08-10T10:47:25.156963+00:00,2026-08-10T13:47:25.156963+03:00,1599,Maslak Açık Otoparkı,SARIYER,41.1166,29.024,150,60,90,AÇIK OTOPARK,1,10,24 Saat
2026-08-10T10:47:25.156963+00:00,2026-08-10T13:47:25.156963+03:00,2100,Matbaacılar Sitesi Yanı,ZEYTİNBURNU,41.0234,28.9187,250,124,126,AÇIK OTOPARK,1,5,24 Saat
2026-08-10T10:47:25.156963+00:00,2026-08-10T13:47:25.156963+03:00,920,Meclis-i Mebusan Yokuşu 2,BEYOĞLU,41.0326,28.9882,34,1,33,YOL ÜSTÜ,1,15,09:00-17:00
2026-08-10T10:47:25.156963+00:00,2026-08-10T13:47:25.156963+03:00,1546,Menekşe Plajı Açık Otoparkı,BAKIRKÖY,40.9761,28.7766,200,199,1,AÇIK OTOPARK,1,0,24 Saat
2026-08-10T10:47:25.156963+00:00,2026-08-10T13:47:25.156963+03:00,1376,Mercan Açık,FATİH,41.0136,28.9669,130,1,129,AÇIK OTOPARK,1,0,08:00-23:00
2026-08-10T10:47:25.156963+00:00,2026-08-10T13:47:25.156963+03:00,3309,Mercan Ali Paşa Sarayı Zemin Altı Otoparkı,FATİH,41.0136,28.967,196,1,195,KAPALI OTOPARK,1,0,07:00-21:00
2026-08-10T10:47:25.156963+00:00,2026-08-10T13:47:25.156963+03:00,1472,Merter Katlı Otoparkı,GÜNGÖREN,41.0092,28.8874,1000,850,150,KAPALI OTOPARK,1,10,24 Saat
2026-08-10T10:47:25.156963+00:00,2026-08-10T13:47:25.156963+03:00,2375,Merter Metro PD Zeminaltı Otoparkı,GÜNGÖREN,41.0037,28.8897,242,82,160,KAPALI OTOPARK,1,10,24 Saat
2026-08-10T10:47:25.156963+00:00,2026-08-10T13:47:25.156963+03:00,1568,Mete Caddesi 1,BEYOĞLU,41.0382,28.9879,31,1,30,YOL ÜSTÜ,1,15,08:00-23:00
2026-08-10T10:47:25.156963+00:00,2026-08-10T13:47:25.156963+03:00,1471,Mevlana Yeraltı Katlı Otoparkı,ZEYTİNBURNU,41.0072,28.9049,1000,861,139,KAPALI OTOPARK,1,5,24 Saat
2026-08-10T10:47:25.156963+00:00,2026-08-10T13:47:25.156963+03:00,2709,Millet Caddesi Açık Otoparkı,FATİH,41.01,28.9461,60,1,59,AÇIK OTOPARK,1,15,24 Saat
2026-08-10T10:47:25.156963+00:00,2026-08-10T13:47:25.156963+03:00,3152,Mimar Sinan Zemin Altı Otoparkı,ÜSKÜDAR,41.0222,29.0169,956,0,956,KAPALI OTOPARK,1,15,24 Saat
2026-08-10T10:47:25.156963+00:00,2026-08-10T13:47:25.156963+03:00,2870,Miniatürk Çadır Açık Otoparkı,BEYOĞLU,41.0594,28.9501,250,80,170,AÇIK OTOPARK,1,15,07:00-20:00
2026-08-10T10:47:25.156963+00:00,2026-08-10T13:47:25.156963+03:00,2556,Muallim Naci Açık Otoparkı,BEŞİKTAŞ,41.0561,29.0342,35,31,4,AÇIK OTOPARK,1,15,24 Saat
2026-08-10T10:47:25.156963+00:00,2026-08-10T13:47:25.156963+03:00,569,Oda Kule Önü 1,BEYOĞLU,41.0322,28.9751,24,1,23,YOL ÜSTÜ,1,0,07:00-01:00
2026-08-10T10:47:25.156963+00:00,2026-08-10T13:47:25.156963+03:00,1988,Orhangazi Şehir Parkı PD Açık Otoparkı,MALTEPE,40.9313,29.1161,5022,4542,480,AÇIK OTOPARK,1,15,24 Saat
2026-08-10T10:47:25.156963+00:00,2026-08-10T13:47:25.156963+03:00,152,Ortabahçe Caddesi 2,BEŞİKTAŞ,41.0428,29.0043,35,35,0,YOL ÜSTÜ,1,15,08:00-23:00
2026-08-10T10:47:25.156963+00:00,2026-08-10T13:47:25.156963+03:00,153,Ortabahçe Caddesi 3,BEŞİKTAŞ,41.043,29.0042,26,1,25,YOL ÜSTÜ,1,15,08:00-23:00
2026-08-10T10:47:25.156963+00:00,2026-08-10T13:47:25.156963+03:00,119,Ortaklar Caddesi 1,ŞİŞLİ,41.0638,28.9971,25,1,24,YOL ÜSTÜ,1,15,08:30-17:00
2026-08-10T10:47:25.156963+00:00,2026-08-10T13:47:25.156963+03:00,1343,Ortaköy Açık Otoparkı,BEŞİKTAŞ,41.0504,29.0326,170,148,22,AÇIK OTOPARK,1,0,24 Saat
2026-08-10T10:47:25.156963+00:00,2026-08-10T13:47:25.156963+03:00,572,Ortaköy Portakal Yokuşu 1,BEŞİKTAŞ,41.0503,29.0261,15,1,14,YOL ÜSTÜ,1,15,09:00-19:00
2026-08-10T10:47:25.156963+00:00,2026-08-10T13:47:25.156963+03:00,1039,Öğretmen Evi,AVCILAR,40.9723,28.714,80,41,39,AÇIK OTOPARK,1,0,11:00-23:00
2026-08-10T10:47:25.156963+00:00,2026-08-10T13:47:25.156963+03:00,1466,Pendik Katlı Otoparkı,PENDİK,40.8789,29.2342,120,0,120,KAPALI OTOPARK,1,15,24 Saat
2026-08-10T10:47:25.156963+00:00,2026-08-10T13:47:25.156963+03:00,3073,Pendik Kemal Kalkuz Parkı Zemin Altı Otoparkı,PENDİK,40.8885,29.2427,224,0,224,KAPALI OTOPARK,1,0,09:00-18:00
2026-08-10T10:47:25.156963+00:00,2026-08-10T13:47:25.156963+03:00,3019,Pendik Meydan Zemin Altı Otoparkı,PENDİK,40.8752,29.2324,937,0,937,KAPALI OTOPARK,1,0,24 Saat
2026-08-10T10:47:25.156963+00:00,2026-08-10T13:47:25.156963+03:00,2865,Pendik Sahil Engelliler Merkez Önü,PENDİK,40.8735,29.233,100,66,34,AÇIK OTOPARK,1,0,11:00-20:00
2026-08-10T10:47:25.156963+00:00,2026-08-10T13:47:25.156963+03:00,2434,Pendik Sahil İdo,PENDİK,40.8755,29.2369,100,0,100,AÇIK OTOPARK,1,0,07:00-23:00
2026-08-10T10:47:25.156963+00:00,2026-08-10T13:47:25.156963+03:00,248,Pendik Yenimahalle Açık 2 Otoparkı,PENDİK,40.864,29.2723,124,91,33,AÇIK OTOPARK,1,15,10:00-22:00
2026-08-10T10:47:25.156963+00:00,2026-08-10T13:47:25.156963+03:00,297,Perşembe Pazarı 1,BEYOĞLU,41.0252,28.9693,32,1,31,YOL ÜSTÜ,1,15,08:00-17:00
2026-08-10T10:47:25.156963+00:00,2026-08-10T13:47:25.156963+03:00,597,Pierre Loti Caddesi 3,FATİH,41.0069,28.9711,36,1,35,YOL ÜSTÜ,1,0,07:00-17:00
2026-08-10T10:47:25.156963+00:00,2026-08-10T13:47:25.156963+03:00,3263,Piyalepaşa Meydanı Zemin Altı Otoparkı,BEYOĞLU,41.0445,28.9674,560,297,263,KAPALI OTOPARK,1,0,24 Saat
2026-08-10T10:47:25.156963+00:00,2026-08-10T13:47:25.156963+03:00,1900,Ragıp Gümüşpala Cad.(Sobacılar Önü),FATİH,41.0181,28.969,40,1,39,YOL ÜSTÜ,1,15,07:00-18:00
2026-08-10T10:47:25.156963+00:00,2026-08-10T13:47:25.156963+03:00,415,Ragıp Gümüşpala Camii Önü 1,FATİH,41.0211,28.9627,35,1,34,YOL ÜSTÜ,1,0,07:00-17:30
2026-08-10T10:47:25.156963+00:00,2026-08-10T13:47:25.156963+03:00,3268,Refik Saydam Caddesi 3,BEYOĞLU,41.032,28.9736,55,1,54,YOL ÜSTÜ,1,0,06:00-23:00
2026-08-10T10:47:25.156963+00:00,2026-08-10T13:47:25.156963+03:00,2307,Ressam Halim Sokak PD Açık Otoparkı,BAHÇELİEVLER,40.9967,28.8641,120,64,56,AÇIK OTOPARK,1,15,08:00-00:00
2026-08-10T10:47:25.156963+00:00,2026-08-10T13:47:25.156963+03:00,3082,Rumeli Hisarı Sahil Yolu Otoparkı,SARIYER,41.0854,29.0568,20,5,15,AÇIK OTOPARK,1,0,24 Saat
2026-08-10T10:47:25.156963+00:00,2026-08-10T13:47:25.156963+03:00,1595,Sabiha Gökçen Açık Otoparkı,PENDİK,40.925,29.308,1056,219,837,AÇIK OTOPARK,1,15,24 Saat
2026-08-10T10:47:25.156963+00:00,2026-08-10T13:47:25.156963+03:00,3239,Samatya Sahil Cep Otoparkı,FATİH,40.9954,28.932,113,111,2,AÇIK OTOPARK,1,15,24 Saat
2026-08-10T10:47:25.156963+00:00,2026-08-10T13:47:25.156963+03:00,3273,Sarıyer Büyükdere Fidanlığı,SARIYER,41.1548,29.0268,160,155,5,AÇIK OTOPARK,1,0,08:00-18:00
2026-08-10T10:47:25.156963+00:00,2026-08-10T13:47:25.156963+03:00,3299,Sariyer Ayazağa Mah Vadi İstanbul Önü Açık Otoparkı,SARIYER,41.1106,28.9881,100,96,4,AÇIK OTOPARK,1,0,08:00-20:00
2026-08-10T10:47:25.156963+00:00,2026-08-10T13:47:25.156963+03:00,1303,Seyrantepe Katlı (Arena Karşısı) 1,KAĞITHANE,41.101,28.9961,1897,1,1896,KAPALI OTOPARK,1,0,24 Saat
2026-08-10T10:47:25.156963+00:00,2026-08-10T13:47:25.156963+03:00,1628,Sıracevizler Caddesi Yol Üstü 5,ŞİŞLİ,41.0607,28.9841,45,1,44,YOL ÜSTÜ,1,15,09:00-17:00
2026-08-10T10:47:25.156963+00:00,2026-08-10T13:47:25.156963+03:00,464,Sirkeci Gar Önü,FATİH,41.015,28.9761,60,1,59,AÇIK OTOPARK,1,5,07:00-20:00
2026-08-10T10:47:25.156963+00:00,2026-08-10T13:47:25.156963+03:00,1486,Siyavuşpaşa Yer Altı Otoparkı,BAHÇELİEVLER,40.9965,28.8532,155,0,155,KAPALI OTOPARK,1,0,24 Saat
2026-08-10T10:47:25.156963+00:00,2026-08-10T13:47:25.156963+03:00,1958,Soğanlık Metro PD Açık Otoparkı,KARTAL,40.9131,29.1925,898,841,57,AÇIK OTOPARK,1,15,24 Saat
2026-08-10T10:47:25.156963+00:00,2026-08-10T13:47:25.156963+03:00,589,Su Terazisi Sokak,FATİH,41.0046,28.9727,22,1,21,YOL ÜSTÜ,1,0,07:30-17:00
2026-08-10T10:47:25.156963+00:00,2026-08-10T13:47:25.156963+03:00,1478,Suadiye Cep Açık Otoparkı,KADIKÖY,40.9586,29.0732,130,112,18,AÇIK OTOPARK,1,15,24 Saat
2026-08-10T10:47:25.156963+00:00,2026-08-10T13:47:25.156963+03:00,2948,Suadiye Sahil Açık Otoparkı,KADIKÖY,40.9562,29.0797,70,37,33,AÇIK OTOPARK,1,5,24 Saat
2026-08-10T10:47:25.156963+00:00,2026-08-10T13:47:25.156963+03:00,2799,Sultanbeyli Emir Caddesi Zemin Altı Otoparkı,SULTANBEYLİ,40.9707,29.2606,130,42,88,KAPALI OTOPARK,1,15,08:00-22:00
2026-08-10T10:47:25.156963+00:00,2026-08-10T13:47:25.156963+03:00,2372,Sultanbeyli Kent Meydanı Zemin Altı Otoparkı,SULTANBEYLİ,40.9667,29.2667,300,135,165,KAPALI OTOPARK,1,15,24 Saat
2026-08-10T10:47:25.156963+00:00,2026-08-10T13:47:25.156963+03:00,2410,Sultangazi Zemin Altı Otoparkı,SULTANGAZİ,41.0944,28.8649,104,0,104,KAPALI OTOPARK,1,10,24 Saat
2026-08-10T10:47:25.156963+00:00,2026-08-10T13:47:25.156963+03:00,2085,Süleyman Seba Caddesi 2,BEŞİKTAŞ,41.0426,28.9998,40,1,39,YOL ÜSTÜ,1,15,08:00-18:00
2026-08-10T10:47:25.156963+00:00,2026-08-10T13:47:25.156963+03:00,2088,Süleyman Seba Caddesi 5,BEŞİKTAŞ,41.0432,28.9978,40,1,39,YOL ÜSTÜ,1,15,08:00-18:00
2026-08-10T10:47:25.156963+00:00,2026-08-10T13:47:25.156963+03:00,2089,Süleyman Seba Caddesi 6,BEŞİKTAŞ,41.0435,28.9967,11,1,10,YOL ÜSTÜ,1,15,08:00-18:00
2026-08-10T10:47:25.156963+00:00,2026-08-10T13:47:25.156963+03:00,2391,Süleymaniye Cami Altı Açık Otoparkı,FATİH,41.0158,28.961,250,235,15,AÇIK OTOPARK,1,0,06:30-18:30
2026-08-10T10:47:25.156963+00:00,2026-08-10T13:47:25.156963+03:00,1730,Sütlüce Miniatürk Yanı,BEYOĞLU,41.057,28.95,320,211,109,AÇIK OTOPARK,1,15,24 Saat
2026-08-10T10:47:25.156963+00:00,2026-08-10T13:47:25.156963+03:00,36,Şakayık Sokak 4,ŞİŞLİ,41.0518,28.9936,50,1,49,YOL ÜSTÜ,1,15,08:00-16:00
2026-08-10T10:47:25.156963+00:00,2026-08-10T13:47:25.156963+03:00,1469,Şehit Volkan Duysak Katlı Otoparkı,ZEYTİNBURNU,40.9968,28.9039,1000,685,315,KAPALI OTOPARK,1,5,24 Saat
2026-08-10T10:47:25.156963+00:00,2026-08-10T13:47:25.156963+03:00,2855,Şemsipaşa Açık Otoparkı,ÜSKÜDAR,41.0255,29.0097,80,33,47,AÇIK OTOPARK,1,0,24 Saat
2026-08-10T10:47:25.156963+00:00,2026-08-10T13:47:25.156963+03:00,2439,Şirinevler Meydan Zeminaltı Otoparkı,BAHÇELİEVLER,40.9925,28.8496,367,28,339,KAPALI OTOPARK,1,0,24 Saat
2026-08-10T10:47:25.156963+00:00,2026-08-10T13:47:25.156963+03:00,3400,Şişhane Refik Saydam Caddesi 2 Yol Üstü Otoparkı 1,BEYOĞLU,41.0326,28.9743,70,1,69,YOL ÜSTÜ,1,15,06:00-23:00
2026-08-10T10:47:25.156963+00:00,2026-08-10T13:47:25.156963+03:00,3441,Şişli Kuştepe Zemin Altı Otoparkı,ŞİŞLİ,41.072,28.9919,430,294,136,KAPALI OTOPARK,1,15,24 Saat
2026-08-10T10:47:25.156963+00:00,2026-08-10T13:47:25.156963+03:00,2816,Şişli Rumeli Caddesi Metro Yanı 1,ŞİŞLİ,41.0538,28.9868,45,1,44,YOL ÜSTÜ,1,15,08:00-20:00
2026-08-10T10:47:25.156963+00:00,2026-08-10T13:47:25.156963+03:00,2406,Şişli Zemin Altı Otoparkı,ŞİŞLİ,41.0641,28.9992,581,167,414,KAPALI OTOPARK,1,15,24 Saat
2026-08-10T10:47:25.156963+00:00,2026-08-10T13:47:25.156963+03:00,1993,Tuzla İdo,TUZLA,40.8149,29.3039,300,262,38,AÇIK OTOPARK,1,15,24 Saat
2026-08-10T10:47:25.156963+00:00,2026-08-10T13:47:25.156963+03:00,3332,Tuzla Sahil Cep,TUZLA,40.8168,29.2992,50,40,10,AÇIK OTOPARK,1,0,08:00-00:00
2026-08-10T10:47:25.156963+00:00,2026-08-10T13:47:25.156963+03:00,3057,Tuzla Sahil Zemin Altı Otoparkı,TUZLA,40.8181,29.3004,779,1,778,KAPALI OTOPARK,1,15,24 Saat
2026-08-10T10:47:25.156963+00:00,2026-08-10T13:47:25.156963+03:00,1811,Ulu Camii Açık Otoparkı,BAHÇELİEVLER,40.9982,28.8499,150,126,24,AÇIK OTOPARK,1,10,24 Saat
2026-08-10T10:47:25.156963+00:00,2026-08-10T13:47:25.156963+03:00,2424,Uzunçayır Açık Otoparkı,KADIKÖY,40.9988,29.0556,58,52,6,AÇIK OTOPARK,1,0,06:00-16:00
2026-08-10T10:47:25.156963+00:00,2026-08-10T13:47:25.156963+03:00,1468,Ümraniye Katlı Otoparkı,ÜMRANİYE,41.0261,29.0953,665,428,237,KAPALI OTOPARK,1,15,24 Saat
2026-08-10T10:47:25.156963+00:00,2026-08-10T13:47:25.156963+03:00,2898,Ümraniye Okan Sokak Zeminaltı Otoparkı,ÜMRANİYE,41.0284,29.0907,125,38,87,KAPALI OTOPARK,1,15,24 Saat
2026-08-10T10:47:25.156963+00:00,2026-08-10T13:47:25.156963+03:00,2345,Üsküdar Uzunçayır PD Açık Otoparkı,ÜSKÜDAR,40.9988,29.0577,90,49,41,AÇIK OTOPARK,1,15,06:00-22:00
2026-08-10T10:47:25.156963+00:00,2026-08-10T13:47:25.156963+03:00,1929,Üsküdar Ünalan Açık Otoparkı,ÜSKÜDAR,40.9979,29.0604,180,174,6,AÇIK OTOPARK,1,0,07:00-17:00
2026-08-10T10:47:25.156963+00:00,2026-08-10T13:47:25.156963+03:00,1487,Vatan Caddesi PD Açık Otoparkı,FATİH,41.0157,28.9405,397,119,278,AÇIK OTOPARK,1,5,24 Saat
2026-08-10T10:47:25.156963+00:00,2026-08-10T13:47:25.156963+03:00,2441,Yalı Açık Otoparkı,MALTEPE,40.9095,29.137,85,81,4,AÇIK OTOPARK,1,0,07:30-22:00
2026-08-10T10:47:25.156963+00:00,2026-08-10T13:47:25.156963+03:00,459,Yalı Köşkü Caddesi 1,FATİH,41.0163,28.9759,61,1,60,YOL ÜSTÜ,1,5,07:00-21:00
2026-08-10T10:47:25.156963+00:00,2026-08-10T13:47:25.156963+03:00,2037,Yenikapı Marmaray Büyük Otoparkı,FATİH,41.0057,28.9505,324,98,226,AÇIK OTOPARK,1,15,24 Saat
2026-08-10T10:47:25.156963+00:00,2026-08-10T13:47:25.156963+03:00,2036,Yenikapı Marmaray Küçük Otoparkı,FATİH,41.0064,28.9504,200,138,62,AÇIK OTOPARK,1,15,07:00-22:00
2026-08-10T10:47:25.156963+00:00,2026-08-10T13:47:25.156963+03:00,2175,Yenikapı Spor ve Kültür Merkezi PD Açık Otoparkı,FATİH,41.0006,28.9519,4023,3737,286,AÇIK OTOPARK,1,15,24 Saat
2026-08-10T10:47:25.156963+00:00,2026-08-10T13:47:25.156963+03:00,2805,Yenikapı Tünel Üstü Açık Otoparkı,FATİH,41.0029,28.9534,700,413,287,AÇIK OTOPARK,1,10,24 Saat
2026-08-10T10:47:25.156963+00:00,2026-08-10T13:47:25.156963+03:00,3404,Yenimahalle Metro Zemin Altı PD Otoparkı,GAZİOSMANPAŞA,41.0839,28.8926,114,91,23,KAPALI OTOPARK,1,15,24 Saat
2026-08-10T10:47:25.156963+00:00,2026-08-10T13:47:25.156963+03:00,2920,Yeşilce Zemin Altı Katlı Otoparkı,KAĞITHANE,41.0938,29.0017,676,0,676,KAPALI OTOPARK,1,0,24 Saat
2026-08-10T10:47:25.156963+00:00,2026-08-10T13:47:25.156963+03:00,987,Yeşilköy İstasyon Caddesi 1,BAKIRKÖY,40.962,28.825,40,1,39,YOL ÜSTÜ,1,15,09:00-17:30
2026-08-10T10:47:25.156963+00:00,2026-08-10T13:47:25.156963+03:00,974,Yeşilköy Marina 1,BAKIRKÖY,40.9576,28.8233,145,1,144,YOL ÜSTÜ,1,0,12:00-23:00
2026-08-10T10:47:25.156963+00:00,2026-08-10T13:47:25.156963+03:00,3406,Yeşilpınar Metro Zemin Altı PD Otoparkı,EYÜP,41.081,28.9204,269,206,63,KAPALI OTOPARK,1,15,24 Saat
2026-08-10T10:47:25.156963+00:00,2026-08-10T13:47:25.156963+03:00,315,Yeşilyurt Çarşı 1,BAKIRKÖY,40.9643,28.8379,50,1,49,YOL ÜSTÜ,1,15,09:00-17:30
2026-08-10T10:47:25.156963+00:00,2026-08-10T13:47:25.156963+03:00,1133,Yıldız Korusu,BEŞİKTAŞ,41.0514,29.0165,500,499,1,AÇIK OTOPARK,1,0,08:00-22:00
2026-08-10T10:47:25.156963+00:00,2026-08-10T13:47:25.156963+03:00,882,Zeytinburnu 58. Bulvar 2,ZEYTİNBURNU,40.9932,28.9039,48,1,47,YOL ÜSTÜ,1,15,09:00-18:00
2026-08-10T10:47:25.156963+00:00,2026-08-10T13:47:25.156963+03:00,3185,Zeytinburnu Sahil Cep Otoparkı,ZEYTİNBURNU,40.9798,28.8985,160,1,159,AÇIK OTOPARK,1,0,12:00-22:00
2026-08-10T11:38:12.524731+00:00,2026-08-10T14:38:12.524731+03:00,3068,15 Temmuz Şehitler Meydanı Zeminaltı Otoparkı,ÜMRANİYE,41.0246,29.0915,1029,477,552,KAPALI OTOPARK,1,15,24 Saat
2026-08-10T11:38:12.524731+00:00,2026-08-10T14:38:12.524731+03:00,2338,19 Mayıs Açık,ŞİŞLİ,41.0563,28.9941,65,0,65,AÇIK OTOPARK,1,0,24 Saat
2026-08-10T11:38:12.524731+00:00,2026-08-10T14:38:12.524731+03:00,1751,4.Levent PD Açık Otoparkı,KAĞITHANE,41.0836,29.0081,236,89,147,AÇIK OTOPARK,1,5,24 Saat
2026-08-10T11:38:12.524731+00:00,2026-08-10T14:38:12.524731+03:00,3328,4.Levent Servis ve Turizm Araçları Açık Otoparkı,ŞİŞLİ,41.0841,29.0054,300,157,143,AÇIK OTOPARK,1,15,24 Saat
2026-08-10T11:38:12.524731+00:00,2026-08-10T14:38:12.524731+03:00,3412,5. Levent Gaziosmanpaşa Adliyesi Yanı Açık Otoparkı,EYÜP,41.0927,28.9494,250,181,69,AÇIK OTOPARK,1,15,07:00-23:00
2026-08-10T11:38:12.524731+00:00,2026-08-10T14:38:12.524731+03:00,104,Abide-i Hürriyet Caddesi 5,ŞİŞLİ,41.0619,28.9876,40,1,39,YOL ÜSTÜ,1,15,08:00-17:00
2026-08-10T11:38:12.524731+00:00,2026-08-10T14:38:12.524731+03:00,2452,Acıbadem Açık Otoparkı,ÜSKÜDAR,41.0157,29.0574,100,86,14,AÇIK OTOPARK,1,0,06:30-16:00
2026-08-10T11:38:12.524731+00:00,2026-08-10T14:38:12.524731+03:00,346,Ada Karşısı Cep 2,BEŞİKTAŞ,41.072,29.045,30,1,29,YOL ÜSTÜ,1,15,08:00-23:00
2026-08-10T11:38:12.524731+00:00,2026-08-10T14:38:12.524731+03:00,1663,Akasyalı Sokak Tenis Kulubü Önü 2,BEŞİKTAŞ,41.0867,29.0109,45,1,44,YOL ÜSTÜ,1,15,08:30-17:30
2026-08-10T11:38:12.524731+00:00,2026-08-10T14:38:12.524731+03:00,828,Akdeniz Caddesi 4,FATİH,41.0175,28.9435,27,1,26,YOL ÜSTÜ,1,15,09:00-18:00
2026-08-10T11:38:12.524731+00:00,2026-08-10T14:38:12.524731+03:00,1913,Alibeyköy Cep Otogarı Açık Otoparkı,EYÜP,41.0879,28.9446,116,0,116,AÇIK OTOPARK,1,25,24 Saat
2026-08-10T11:38:12.524731+00:00,2026-08-10T14:38:12.524731+03:00,1912,Alibeyköy Cep Otogarı Otobüs Otoparkı,EYÜP,41.0875,28.9449,5000,4980,20,AÇIK OTOPARK,1,60,24 Saat
2026-08-10T11:38:12.524731+00:00,2026-08-10T14:38:12.524731+03:00,2562,Alibeyköy Yeşiltepe Zemin Altı Otoparkı,EYÜP,41.0797,28.938,159,68,91,KAPALI OTOPARK,1,15,24 Saat
2026-08-10T11:38:12.524731+00:00,2026-08-10T14:38:12.524731+03:00,3201,Altınboynuz Sosyal Tesisleri,EYÜP,41.058,28.9447,70,70,0,AÇIK OTOPARK,1,15,08:00-23:00
2026-08-10T11:38:12.524731+00:00,2026-08-10T14:38:12.524731+03:00,758,Arap Camii Açık Otoparkı,BEYOĞLU,41.0227,28.9723,30,1,29,AÇIK OTOPARK,1,0,09:00-17:00
2026-08-10T11:38:12.524731+00:00,2026-08-10T14:38:12.524731+03:00,1963,Aras Sokak 1,BÜYÜKÇEKMECE,41.0226,28.622,60,60,0,YOL ÜSTÜ,0,0,06:00-14:30
2026-08-10T11:38:12.524731+00:00,2026-08-10T14:38:12.524731+03:00,2802,Arnavutköy Zemin Altı Otoparkı,ARNAVUTKÖY,41.1838,28.7396,700,40,660,KAPALI OTOPARK,1,15,24 Saat
2026-08-10T11:38:12.524731+00:00,2026-08-10T14:38:12.524731+03:00,1797,Ataköy Atrium AVM,BAKIRKÖY,40.9881,28.8459,250,185,65,AÇIK OTOPARK,1,15,08:00-23:00
2026-08-10T11:38:12.524731+00:00,2026-08-10T14:38:12.524731+03:00,2824,Ataköy Metro Durağı Yanı PD Zemin Altı Otoparkı,BAKIRKÖY,40.9904,28.8456,150,81,69,KAPALI OTOPARK,1,0,24 Saat
2026-08-10T11:38:12.524731+00:00,2026-08-10T14:38:12.524731+03:00,359,Atatürk Bulvarı 1,FATİH,41.0112,28.9534,20,1,19,YOL ÜSTÜ,1,0,07:30-18:00
2026-08-10T11:38:12.524731+00:00,2026-08-10T14:38:12.524731+03:00,3087,Atatürk Kent Ormanı Otoparkı,SARIYER,41.136,29.0262,200,198,2,AÇIK OTOPARK,1,0,08:00-17:00
2026-08-10T11:38:12.524731+00:00,2026-08-10T14:38:12.524731+03:00,1088,Avcılar İdo,AVCILAR,40.9712,28.7185,270,263,7,AÇIK OTOPARK,1,0,13:00-07:00
2026-08-10T11:38:12.524731+00:00,2026-08-10T14:38:12.524731+03:00,2885,Azapkapı Haliç Metro Otoparkı,ŞİŞLİ,41.0245,28.9691,80,3,77,AÇIK OTOPARK,1,5,24 Saat
2026-08-10T11:38:12.524731+00:00,2026-08-10T14:38:12.524731+03:00,2455,Azerbaycan Dostluk Parkı Zemin Altı Otoparkı,BAĞCILAR,41.0444,28.854,400,198,202,KAPALI OTOPARK,1,10,24 Saat
2026-08-10T11:38:12.524731+00:00,2026-08-10T14:38:12.524731+03:00,2965,Bağcılar Çolakoğlu Zemin Altı Otoparkı,BAĞCILAR,41.0324,28.8345,106,0,106,KAPALI OTOPARK,1,5,24 Saat
2026-08-10T11:38:12.524731+00:00,2026-08-10T14:38:12.524731+03:00,2576,Bağcılar Demirkapı Zemin Altı Otoparkı,BAĞCILAR,41.0499,28.8327,343,183,160,KAPALI OTOPARK,1,5,24 Saat
2026-08-10T11:38:12.524731+00:00,2026-08-10T14:38:12.524731+03:00,3036,Bağcılar Devlet Hastanesi Yanı Zeminaltı Otoparkı,BAĞCILAR,41.0312,28.8696,1133,96,1037,KAPALI OTOPARK,1,15,24 Saat
2026-08-10T11:38:12.524731+00:00,2026-08-10T14:38:12.524731+03:00,3071,Bağcılar Emniyet Müdürlüğü Yanı Açık Otoparkı,BAĞCILAR,41.0353,28.8598,100,69,31,AÇIK OTOPARK,1,0,24 Saat
2026-08-10T11:38:12.524731+00:00,2026-08-10T14:38:12.524731+03:00,2873,Bağcılar Göztepe Zemin Altı,BAĞCILAR,41.0567,28.8355,120,0,120,KAPALI OTOPARK,1,5,24 Saat
2026-08-10T11:38:12.524731+00:00,2026-08-10T14:38:12.524731+03:00,3187,Bağcılar Hürriyet Mahallesi Zemin Altı Otoparkı,BAĞCILAR,41.0291,28.8333,355,0,355,KAPALI OTOPARK,1,10,24 Saat
2026-08-10T11:38:12.524731+00:00,2026-08-10T14:38:12.524731+03:00,2916,Bağcılar Kent Meydanı PD Zemin Altı Otoparkı,BAĞCILAR,41.0339,28.8556,1162,0,1162,KAPALI OTOPARK,1,0,24 Saat
2026-08-10T11:38:12.524731+00:00,2026-08-10T14:38:12.524731+03:00,3261,Bağcılar Yenimahalle Zemin Altı Otoparkı,BAĞCILAR,41.0425,28.8395,525,280,245,KAPALI OTOPARK,1,15,24 Saat
2026-08-10T11:38:12.524731+00:00,2026-08-10T14:38:12.524731+03:00,2820,Bağcılar Yıldıztepe Katlı Otoparkı,BAĞCILAR,41.0294,28.8556,350,0,350,KAPALI OTOPARK,1,10,24 Saat
2026-08-10T11:38:12.524731+00:00,2026-08-10T14:38:12.524731+03:00,3447,Bahçelievler 23 Nisan Milli Egemenlik Zeminaltı Otoparkı,BAHÇELİEVLER,40.9988,28.8472,732,537,195,KAPALI OTOPARK,1,10,24 Saat
2026-08-10T11:38:12.524731+00:00,2026-08-10T14:38:12.524731+03:00,2993,Bahçelievler Cumhuriyet Zeminaltı Otoparkı,BAHÇELİEVLER,41.0149,28.859,663,0,663,KAPALI OTOPARK,1,10,24 Saat
2026-08-10T11:38:12.524731+00:00,2026-08-10T14:38:12.524731+03:00,2969,Bahçelievler Devlet Hastanesi Yanı Katlı Otoparkı,BAHÇELİEVLER,41.0072,28.8442,740,0,740,KAPALI OTOPARK,1,0,24 Saat
2026-08-10T11:38:12.524731+00:00,2026-08-10T14:38:12.524731+03:00,3051,Bahçelievler Zafer Mh. Zeminaltı Otoparkı,BAHÇELİEVLER,41.0036,28.8351,200,92,108,KAPALI OTOPARK,1,0,24 Saat
2026-08-10T11:38:12.524731+00:00,2026-08-10T14:38:12.524731+03:00,3236,Bahçeşehir Gölet Açık Otoparkı,BAŞAKŞEHİR,41.0719,28.6901,200,1,199,AÇIK OTOPARK,1,0,12:00-22:00
2026-08-10T11:38:12.524731+00:00,2026-08-10T14:38:12.524731+03:00,1465,Bakırköy İdo Açık Otoparkı,BAKIRKÖY,40.9739,28.8761,160,127,33,AÇIK OTOPARK,1,10,24 Saat
2026-08-10T11:38:12.524731+00:00,2026-08-10T14:38:12.524731+03:00,1104,Balmumcu Katlı Otoparkı,BEŞİKTAŞ,41.0636,29.0109,400,215,185,KAPALI OTOPARK,1,5,24 Saat
2026-08-10T11:38:12.524731+00:00,2026-08-10T14:38:12.524731+03:00,2350,Bayrampaşa Adapark Katlı Otoparkı,BAYRAMPAŞA,41.0647,28.8875,650,0,650,KAPALI OTOPARK,1,15,24 Saat
2026-08-10T11:38:12.524731+00:00,2026-08-10T14:38:12.524731+03:00,2892,Bayrampaşa Altıntepsi Zemin  Altı Otoparkı,BAYRAMPAŞA,41.0393,28.9029,110,0,110,KAPALI OTOPARK,1,10,24 Saat
2026-08-10T11:38:12.524731+00:00,2026-08-10T14:38:12.524731+03:00,2909,Bayrampaşa Atatürk Parkı  Zemin Altı Otoparkı,BAYRAMPAŞA,41.0342,28.9123,442,0,442,KAPALI OTOPARK,1,10,24 Saat
2026-08-10T11:38:12.524731+00:00,2026-08-10T14:38:12.524731+03:00,2683,Bayrampaşa Devlet Hastanesi Cep Otoparkı,BAYRAMPAŞA,41.0414,28.9031,55,0,55,AÇIK OTOPARK,1,0,08:00-19:00
2026-08-10T11:38:12.524731+00:00,2026-08-10T14:38:12.524731+03:00,3301,Bayrampaşa Kocatepe Mahallesi Zemin Altı Otoparkı,BAYRAMPAŞA,41.0545,28.8964,241,5,236,KAPALI OTOPARK,1,10,24 Saat
2026-08-10T11:38:12.524731+00:00,2026-08-10T14:38:12.524731+03:00,2053,Bayrampaşa Muratpaşa Yer Altı Otoparkı,BAYRAMPAŞA,41.047,28.9082,300,20,280,KAPALI OTOPARK,1,15,24 Saat
2026-08-10T11:38:12.524731+00:00,2026-08-10T14:38:12.524731+03:00,3175,Bayrampaşa Spor Kompleksi Zemin Altı Otoparkı,BAYRAMPAŞA,41.0446,28.9106,205,0,205,KAPALI OTOPARK,1,15,24 Saat
2026-08-10T11:38:12.524731+00:00,2026-08-10T14:38:12.524731+03:00,3382,Bayrampaşa Şehit Kamil Balkan Zemin Altı Otoparkı,BAYRAMPAŞA,41.0604,28.9008,235,0,235,KAPALI OTOPARK,1,10,24 Saat
2026-08-10T11:38:12.524731+00:00,2026-08-10T14:38:12.524731+03:00,2428,Bayrampaşa Yenidoğan Mahallesi Zemin Altı Otoparkı,BAYRAMPAŞA,41.0395,28.9088,120,0,120,KAPALI OTOPARK,1,10,24 Saat
2026-08-10T11:38:12.524731+00:00,2026-08-10T14:38:12.524731+03:00,2468,Bebek Açık,BEŞİKTAŞ,41.077,29.0434,30,0,30,AÇIK OTOPARK,1,0,24 Saat
2026-08-10T11:38:12.524731+00:00,2026-08-10T14:38:12.524731+03:00,3479,Beşiktaş Halk Pazarı Açık Otoparkı,BEŞİKTAŞ,41.0496,29.0004,170,109,61,AÇIK OTOPARK,1,5,24 Saat
2026-08-10T11:38:12.524731+00:00,2026-08-10T14:38:12.524731+03:00,3257,Beykoz Sahil Cep Otoparkı,BEYKOZ,41.1286,29.0953,100,74,26,AÇIK OTOPARK,1,0,08:00-00:00
2026-08-10T11:38:12.524731+00:00,2026-08-10T14:38:12.524731+03:00,2273,Beykoz Sosyal Tesisleri,BEYKOZ,41.1143,29.0888,130,0,130,AÇIK OTOPARK,1,15,08:00-00:00
2026-08-10T11:38:12.524731+00:00,2026-08-10T14:38:12.524731+03:00,2999,Beyoğlu Gazhane Bostan Sokak 2,BEYOĞLU,41.0389,28.9903,35,1,34,YOL ÜSTÜ,1,0,07:30-16:30
2026-08-10T11:38:12.524731+00:00,2026-08-10T14:38:12.524731+03:00,3072,Beyoğlu Örnektepe Zemin Altı Otoparkı,BEYOĞLU,41.0543,28.9548,143,0,143,KAPALI OTOPARK,1,0,24 Saat
2026-08-10T11:38:12.524731+00:00,2026-08-10T14:38:12.524731+03:00,1455,Bostancı Açık,KADIKÖY,40.9523,29.0902,394,108,286,AÇIK OTOPARK,1,15,24 Saat
2026-08-10T11:38:12.524731+00:00,2026-08-10T14:38:12.524731+03:00,1456,Bostancı Sahil-Cep Açık Otoparkı,KADIKÖY,40.9545,29.0885,192,104,88,AÇIK OTOPARK,1,15,24 Saat
2026-08-10T11:38:12.524731+00:00,2026-08-10T14:38:12.524731+03:00,2150,Bostancı Vergi Dairesi Açık Otoparkı,ATAŞEHİR,40.9625,29.1083,155,0,155,AÇIK OTOPARK,1,5,08:00-20:00
2026-08-10T11:38:12.524731+00:00,2026-08-10T14:38:12.524731+03:00,2854,Bülent Ecevit Kültür Merkezi Açık Otoparkı,KARTAL,40.8852,29.1967,277,266,11,AÇIK OTOPARK,1,0,10:00-21:00
2026-08-10T11:38:12.524731+00:00,2026-08-10T14:38:12.524731+03:00,2866,Büyük İstanbul Otogarı,BAYRAMPAŞA,41.0402,28.8942,1000,0,1000,AÇIK OTOPARK,1,25,24 Saat
2026-08-10T11:38:12.524731+00:00,2026-08-10T14:38:12.524731+03:00,1192,Büyükçamlıca Korusu Sosyal Tesisleri Önü,ÜSKÜDAR,41.0264,29.0698,204,111,93,AÇIK OTOPARK,1,0,08:00-00:00
2026-08-10T11:38:12.524731+00:00,2026-08-10T14:38:12.524731+03:00,2960,Büyükçekmece Metrobüs Durağı Yanı PD Zemin Altı Otopark,BÜYÜKÇEKMECE,41.0221,28.624,448,0,448,KAPALI OTOPARK,1,0,24 Saat
2026-08-10T11:38:12.524731+00:00,2026-08-10T14:38:12.524731+03:00,1503,Cadde Bostan Açık Otoparkı,KADIKÖY,40.9636,29.0675,66,28,38,AÇIK OTOPARK,1,15,24 Saat
2026-08-10T11:38:12.524731+00:00,2026-08-10T14:38:12.524731+03:00,2933,Cemal Kamacı Spor Kompleksi Zemin Altı Otoparkı,KAĞITHANE,41.0536,28.9575,510,0,510,KAPALI OTOPARK,1,0,24 Saat
2026-08-10T11:38:12.524731+00:00,2026-08-10T14:38:12.524731+03:00,2207,Cengiz Topel Yer Altı Katlı Otoparkı,ESENLER,41.0588,28.8643,144,0,144,KAPALI OTOPARK,1,15,24 Saat
2026-08-10T11:38:12.524731+00:00,2026-08-10T14:38:12.524731+03:00,2787,Cevizli Açık Otoparkı,KARTAL,40.9179,29.1712,100,19,81,AÇIK OTOPARK,1,15,08:00-19:00
2026-08-10T11:38:12.524731+00:00,2026-08-10T14:38:12.524731+03:00,782,Cihangir Caddesi 2,BEYOĞLU,41.0319,28.9862,70,1,69,YOL ÜSTÜ,1,15,09:00-19:00
2026-08-10T11:38:12.524731+00:00,2026-08-10T14:38:12.524731+03:00,1467,Cihangir Katlı Otoparkı,BEYOĞLU,41.0318,28.9858,350,0,350,KAPALI OTOPARK,1,0,24 Saat
2026-08-10T11:38:12.524731+00:00,2026-08-10T14:38:12.524731+03:00,535,Cihannuma Yol Üstü 1,BEŞİKTAŞ,41.0454,29.0084,35,1,34,YOL ÜSTÜ,1,0,08:00-23:00
2026-08-10T11:38:12.524731+00:00,2026-08-10T14:38:12.524731+03:00,537,Cihannuma Yol Üstü 3,BEŞİKTAŞ,41.0459,29.0087,33,1,32,YOL ÜSTÜ,1,0,08:00-23:00
2026-08-10T11:38:12.524731+00:00,2026-08-10T14:38:12.524731+03:00,539,Cihannuma Yol Üstü 5,BEŞİKTAŞ,41.0489,29.0094,24,1,23,YOL ÜSTÜ,1,0,08:00-23:00
2026-08-10T11:38:12.524731+00:00,2026-08-10T14:38:12.524731+03:00,3184,Çam Sokak 6,GÜNGÖREN,41.0121,28.8882,50,1,49,YOL ÜSTÜ,1,15,08:00-17:00
2026-08-10T11:38:12.524731+00:00,2026-08-10T14:38:12.524731+03:00,3030,Çekmeköy Metro PD Zemin Altı Otoparkı,ÇEKMEKÖY,41.0147,29.1886,175,43,132,KAPALI OTOPARK,1,15,24 Saat
2026-08-10T11:38:12.524731+00:00,2026-08-10T14:38:12.524731+03:00,2905,Çeliktepe Açık Otoparkı,KAĞITHANE,41.0843,29.0056,200,58,142,AÇIK OTOPARK,1,5,24 Saat
2026-08-10T11:38:12.524731+00:00,2026-08-10T14:38:12.524731+03:00,1298,Çengelköy Açık Otoparkı,ÜSKÜDAR,41.0484,29.0533,500,320,180,AÇIK OTOPARK,1,15,24 Saat
2026-08-10T11:38:12.524731+00:00,2026-08-10T14:38:12.524731+03:00,502,Çınar Açık Otoparkı,BEŞİKTAŞ,41.0853,29.0088,65,1,64,AÇIK OTOPARK,1,0,08:00-18:00
2026-08-10T11:38:12.524731+00:00,2026-08-10T14:38:12.524731+03:00,777,Çırağan Sarayı Yol Üstü 1,BEŞİKTAŞ,41.0448,29.0165,40,1,39,YOL ÜSTÜ,1,15,08:00-23:00
2026-08-10T11:38:12.524731+00:00,2026-08-10T14:38:12.524731+03:00,778,Çırağan Sarayı Yol Üstü 2,BEŞİKTAŞ,41.0445,29.0156,40,1,39,YOL ÜSTÜ,1,15,08:00-23:00
2026-08-10T11:38:12.524731+00:00,2026-08-10T14:38:12.524731+03:00,2228,Çırpıcı Sosyal Tesisler,ZEYTİNBURNU,41,28.8926,128,0,128,AÇIK OTOPARK,1,15,07:00-00:00
2026-08-10T11:38:12.524731+00:00,2026-08-10T14:38:12.524731+03:00,2030,Dalyan Açık Otoparkı,KADIKÖY,40.9632,29.0651,92,25,67,AÇIK OTOPARK,1,15,24 Saat
2026-08-10T11:38:12.524731+00:00,2026-08-10T14:38:12.524731+03:00,2271,Damla Sokak 1,ŞİŞLİ,41.0672,29.0004,17,1,16,YOL ÜSTÜ,1,15,07:30-16:30
2026-08-10T11:38:12.524731+00:00,2026-08-10T14:38:12.524731+03:00,2164,Darüşşafaka Yeraltı Otoparkı,SARIYER,41.1292,29.0252,150,113,37,KAPALI OTOPARK,1,15,08:00-00:00
2026-08-10T11:38:12.524731+00:00,2026-08-10T14:38:12.524731+03:00,1653,Deniz Feneri Otoparkı,FATİH,41.0019,28.9773,175,68,107,AÇIK OTOPARK,1,5,24 Saat
2026-08-10T11:38:12.524731+00:00,2026-08-10T14:38:12.524731+03:00,595,Dostluk Yurdu 1,FATİH,41.0071,28.973,33,1,32,YOL ÜSTÜ,1,15,07:00-17:00
2026-08-10T11:38:12.524731+00:00,2026-08-10T14:38:12.524731+03:00,2237,Dragos Sosyal Tesisleri,KARTAL,40.9017,29.1458,100,54,46,AÇIK OTOPARK,1,15,24 Saat
2026-08-10T11:38:12.524731+00:00,2026-08-10T14:38:12.524731+03:00,3063,Dudullu Metro PD Zemin Altı Otoparkı,ÜMRANİYE,41.0156,29.1633,81,57,24,KAPALI OTOPARK,1,15,07:00-23:30
2026-08-10T11:38:12.524731+00:00,2026-08-10T14:38:12.524731+03:00,1522,Ebu Suut Caddesi 1,FATİH,41.0128,28.9766,35,1,34,YOL ÜSTÜ,1,0,08:00-18:00
2026-08-10T11:38:12.524731+00:00,2026-08-10T14:38:12.524731+03:00,2147,EGS Blokları Açık Otoparkı,BAKIRKÖY,40.9863,28.8354,350,0,350,AÇIK OTOPARK,1,60,09:00-19:30
2026-08-10T11:38:12.524731+00:00,2026-08-10T14:38:12.524731+03:00,2366,Esenler Adem Baştürk Kültür Merkezi Katlı,ESENLER,41.039,28.8846,460,60,400,KAPALI OTOPARK,1,15,24 Saat
2026-08-10T11:38:12.524731+00:00,2026-08-10T14:38:12.524731+03:00,3190,Esenler Havaalanı Mahallesi Zemin Altı Otoparkı,ESENLER,41.0562,28.8674,610,384,226,KAPALI OTOPARK,1,10,24 Saat
2026-08-10T11:38:12.524731+00:00,2026-08-10T14:38:12.524731+03:00,3011,Esenler Menderes Metro İstasyonu Yanı,ESENLER,41.0427,28.8783,68,10,58,AÇIK OTOPARK,1,5,24 Saat
2026-08-10T11:38:12.524731+00:00,2026-08-10T14:38:12.524731+03:00,2822,Esenler Menderes Parkı Zemin Altı Otoparkı,ESENLER,41.0412,28.8729,325,88,237,KAPALI OTOPARK,1,10,24 Saat
2026-08-10T11:38:12.524731+00:00,2026-08-10T14:38:12.524731+03:00,3303,Esenyurt Adile Naşit Bulvarı Zeminaltı Otoparkı,ESENYURT,41.0205,28.6859,367,286,81,KAPALI OTOPARK,1,15,24 Saat
2026-08-10T11:38:12.524731+00:00,2026-08-10T14:38:12.524731+03:00,1328,Eski Salı Pazarı,KADIKÖY,40.9904,29.0338,760,0,760,AÇIK OTOPARK,1,15,24 Saat
2026-08-10T11:38:12.524731+00:00,2026-08-10T14:38:12.524731+03:00,904,Eyüp Pierloti Caddesi 1,EYÜP,41.0539,28.9329,40,1,39,YOL ÜSTÜ,1,0,09:00-22:00
2026-08-10T11:38:12.524731+00:00,2026-08-10T14:38:12.524731+03:00,2850,Eyüpsultan Akşemsettin Mahallesi Zemin Altı Otoparkı,EYÜP,41.085,28.9258,110,0,110,KAPALI OTOPARK,1,15,24 Saat
2026-08-10T11:38:12.524731+00:00,2026-08-10T14:38:12.524731+03:00,2215,Fatih Çeşmesi Tabiat Parkı Otoparkı,SARIYER,41.1686,28.9448,250,242,8,AÇIK OTOPARK,1,0,06:00-20:00
2026-08-10T11:38:12.524731+00:00,2026-08-10T14:38:12.524731+03:00,1475,Fatih Katlı Otoparkı,FATİH,41.0198,28.9396,118,0,118,KAPALI OTOPARK,1,10,24 Saat
2026-08-10T11:38:12.524731+00:00,2026-08-10T14:38:12.524731+03:00,1591,Feshane PD Açık Otoparkı,EYÜP,41.0463,28.9378,200,16,184,AÇIK OTOPARK,1,15,24 Saat
2026-08-10T11:38:12.524731+00:00,2026-08-10T14:38:12.524731+03:00,1005,Florya Havuzlu Bahçe,BAKIRKÖY,40.9764,28.7908,135,1,134,AÇIK OTOPARK,1,0,09:00-23:00
2026-08-10T11:38:12.524731+00:00,2026-08-10T14:38:12.524731+03:00,2238,Florya Sosyal Tesisleri,BAKIRKÖY,40.9614,28.8091,1074,897,177,AÇIK OTOPARK,1,15,24 Saat
2026-08-10T11:38:12.524731+00:00,2026-08-10T14:38:12.524731+03:00,1704,Gazi Umur Paşa Sokak 5,BEŞİKTAŞ,41.0589,29.0114,45,1,44,YOL ÜSTÜ,1,15,08:00-17:00
2026-08-10T11:38:12.524731+00:00,2026-08-10T14:38:12.524731+03:00,3296,Gaziosmanpaşa Meydanı ve Yaşam Merkezi Zemin Altı Otoparkı,GAZİOSMANPAŞA,41.0606,28.9093,202,0,202,KAPALI OTOPARK,1,15,24 Saat
2026-08-10T11:38:12.524731+00:00,2026-08-10T14:38:12.524731+03:00,2971,Gaziosmanpaşa Zemin Altı Otoparkı,GAZİOSMANPAŞA,41.0796,28.8858,285,0,285,KAPALI OTOPARK,1,0,24 Saat
2026-08-10T11:38:12.524731+00:00,2026-08-10T14:38:12.524731+03:00,3401,Giyimkent Tekstilkent Metro Zemin Altı PD Otoparkı,ESENLER,41.0711,28.8666,203,167,36,KAPALI OTOPARK,1,10,24 Saat
2026-08-10T11:38:12.524731+00:00,2026-08-10T14:38:12.524731+03:00,2242,Gözdağı Sosyal Tesisler  Açık Otoparkı,PENDİK,40.893,29.2538,300,216,84,AÇIK OTOPARK,1,0,07:00-23:00
2026-08-10T11:38:12.524731+00:00,2026-08-10T14:38:12.524731+03:00,1879,Gülsuyu Metro PD Yer Altı Otoparkı,MALTEPE,40.9237,29.1548,76,0,76,KAPALI OTOPARK,1,15,08:00-00:00
2026-08-10T11:38:12.524731+00:00,2026-08-10T14:38:12.524731+03:00,1423,Güneş Plajı 1,BAKIRKÖY,40.9712,28.79,250,166,84,AÇIK OTOPARK,1,10,24 Saat
2026-08-10T11:38:12.524731+00:00,2026-08-10T14:38:12.524731+03:00,1461,Güneş Plajı 2,BAKIRKÖY,40.9692,28.7951,135,119,16,AÇIK OTOPARK,1,10,08:00-20:00
2026-08-10T11:38:12.524731+00:00,2026-08-10T14:38:12.524731+03:00,3053,Güngören Nikah Dairesi Zemin Altı otoparkı,GÜNGÖREN,41.0363,28.8718,147,0,147,KAPALI OTOPARK,1,10,24 Saat
2026-08-10T11:38:12.524731+00:00,2026-08-10T14:38:12.524731+03:00,2216,Gürpınar Balık Hali Otoparkı,BEYLİKDÜZÜ,40.9663,28.6019,1000,731,269,AÇIK OTOPARK,1,15,24 Saat
2026-08-10T11:38:12.524731+00:00,2026-08-10T14:38:12.524731+03:00,1525,Hacıosman Metro Yer Altı Otoparkı,SARIYER,41.14,29.0306,422,0,422,KAPALI OTOPARK,1,15,24 Saat
2026-08-10T11:38:12.524731+00:00,2026-08-10T14:38:12.524731+03:00,1470,Haldun Alagaş Katlı Otoparkı,ÜMRANİYE,41.0262,29.1052,197,38,159,KAPALI OTOPARK,1,15,24 Saat
2026-08-10T11:38:12.524731+00:00,2026-08-10T14:38:12.524731+03:00,3235,Haliç Sosyal Tesisleri Otoparkı,FATİH,41.0277,28.9572,60,20,40,AÇIK OTOPARK,1,15,07:00-00:00
2026-08-10T11:38:12.524731+00:00,2026-08-10T14:38:12.524731+03:00,2848,Halkalı Mahallesi Zemin Altı Otoparkı,KÜÇÜKÇEKMECE,41.0359,28.7848,347,170,177,KAPALI OTOPARK,1,15,24 Saat
2026-08-10T11:38:12.524731+00:00,2026-08-10T14:38:12.524731+03:00,2838,Hamidiye Mahallesi Katlı Otoparkı,KAĞITHANE,41.0949,28.971,450,209,241,KAPALI OTOPARK,1,15,24 Saat
2026-08-10T11:38:12.524731+00:00,2026-08-10T14:38:12.524731+03:00,1446,Harbiye Zemin Altı Otoparkı,BEYOĞLU,41.0408,28.9869,142,0,142,KAPALI OTOPARK,1,5,24 Saat
2026-08-10T11:38:12.524731+00:00,2026-08-10T14:38:12.524731+03:00,2332,Haydarpaşa Katlı Otoparkı,ÜSKÜDAR,41.0048,29.0251,840,400,440,KAPALI OTOPARK,1,15,24 Saat
2026-08-10T11:38:12.524731+00:00,2026-08-10T14:38:12.524731+03:00,1987,Haznedar Yer Altı Otoparkı,GÜNGÖREN,41.0083,28.8729,540,0,540,KAPALI OTOPARK,1,0,24 Saat
2026-08-10T11:38:12.524731+00:00,2026-08-10T14:38:12.524731+03:00,377,Hızır Külhani Sokak,FATİH,41.0202,28.9605,32,1,31,YOL ÜSTÜ,1,15,09:00-17:00
2026-08-10T11:38:12.524731+00:00,2026-08-10T14:38:12.524731+03:00,3173,Hürriyet Mahallesi Zeminaltı Otoparkı,GAZİOSMANPAŞA,41.0708,28.8951,190,0,190,KAPALI OTOPARK,1,15,24 Saat
2026-08-10T11:38:12.524731+00:00,2026-08-10T14:38:12.524731+03:00,157,Ihlamur Dere Caddesi 4,BEŞİKTAŞ,41.047,29.0023,27,1,26,YOL ÜSTÜ,1,15,09:00-17:00
2026-08-10T11:38:12.524731+00:00,2026-08-10T14:38:12.524731+03:00,1189,İçerenköy Sebze Meyve Hali Otoparkı,ATAŞEHİR,40.9766,29.1044,600,599,1,AÇIK OTOPARK,1,15,24 Saat
2026-08-10T11:38:12.524731+00:00,2026-08-10T14:38:12.524731+03:00,1127,İshakpaşa Caddesi,FATİH,41.0079,28.9814,200,1,199,YOL ÜSTÜ,1,0,08:00-18:00
2026-08-10T11:38:12.524731+00:00,2026-08-10T14:38:12.524731+03:00,3265,İspark İstanbul West Marina Açık Otoparkı 1,BEYLİKDÜZÜ,40.9636,28.6564,250,1,249,AÇIK OTOPARK,1,15,24 Saat
2026-08-10T11:38:12.524731+00:00,2026-08-10T14:38:12.524731+03:00,2793,İspark Merter Katlı Otoparkı,GÜNGÖREN,41.0097,28.89,900,222,678,KAPALI OTOPARK,1,10,24 Saat
2026-08-10T11:38:12.524731+00:00,2026-08-10T14:38:12.524731+03:00,2430,İspark West İstanbul Marina Açık Otoparkı,BEYLİKDÜZÜ,40.9639,28.6591,1600,1125,475,AÇIK OTOPARK,1,15,24 Saat
2026-08-10T11:38:12.524731+00:00,2026-08-10T14:38:12.524731+03:00,381,İstinye 4 ( Cami Önü ),SARIYER,41.1149,29.0571,25,1,24,YOL ÜSTÜ,1,15,08:30-17:30
2026-08-10T11:38:12.524731+00:00,2026-08-10T14:38:12.524731+03:00,1804,İtalyan Hastanesi Karşısı Açık Otoparkı 1,BEYOĞLU,41.028,28.9815,30,1,29,AÇIK OTOPARK,1,0,08:00-19:00
2026-08-10T11:38:12.524731+00:00,2026-08-10T14:38:12.524731+03:00,507,Kabasakal Medrese Önü,FATİH,41.0062,28.9789,65,1,64,AÇIK OTOPARK,1,0,08:00-18:30
2026-08-10T11:38:12.524731+00:00,2026-08-10T14:38:12.524731+03:00,3306,Kabataş Transfer Merkezi Turizm Otobüs Otoparkı,BEYOĞLU,41.0336,28.9923,160,4,156,KAPALI OTOPARK,1,20,24 Saat
2026-08-10T11:38:12.524731+00:00,2026-08-10T14:38:12.524731+03:00,2918,Kadıköy Hasanpaşa Gazhane Katlı Otoparkı,KADIKÖY,40.9972,29.0428,310,203,107,KAPALI OTOPARK,1,15,24 Saat
2026-08-10T11:38:12.524731+00:00,2026-08-10T14:38:12.524731+03:00,1447,Kadıköy İski Açık Otoparkı,KADIKÖY,40.9874,29.0207,124,0,124,AÇIK OTOPARK,1,15,24 Saat
2026-08-10T11:38:12.524731+00:00,2026-08-10T14:38:12.524731+03:00,1655,Kadıköy Metro Açık Otoparkı,KADIKÖY,40.9899,29.0217,74,0,74,AÇIK OTOPARK,1,15,24 Saat
2026-08-10T11:38:12.524731+00:00,2026-08-10T14:38:12.524731+03:00,3445,Kadıköy Uzunçayır PD Açık Otoparkı,KADIKÖY,40.9982,29.0569,70,42,28,AÇIK OTOPARK,1,15,06:30-16:30
2026-08-10T11:38:12.524731+00:00,2026-08-10T14:38:12.524731+03:00,2808,Kadıköy Yeni Salı Pazarı PD Katlı Otoparkı,KADIKÖY,40.9969,29.0486,1350,617,733,KAPALI OTOPARK,1,15,24 Saat
2026-08-10T11:38:12.524731+00:00,2026-08-10T14:38:12.524731+03:00,2811,Kağıthane Harmantepe Zemin Altı Otoparkı,KAĞITHANE,41.0816,28.9907,200,0,200,KAPALI OTOPARK,1,0,24 Saat
2026-08-10T11:38:12.524731+00:00,2026-08-10T14:38:12.524731+03:00,1452,Kalamış Açık Otoparkı,KADIKÖY,40.9687,29.0363,173,124,49,AÇIK OTOPARK,1,15,24 Saat
2026-08-10T11:38:12.524731+00:00,2026-08-10T14:38:12.524731+03:00,1474,Kartal Hasan Doğan Spor Kompleksi,KARTAL,40.8918,29.1897,773,0,773,KAPALI OTOPARK,1,15,24 Saat
2026-08-10T11:38:12.524731+00:00,2026-08-10T14:38:12.524731+03:00,1105,Kartal İdo Açık Otoparkı,KARTAL,40.8874,29.1881,90,0,90,AÇIK OTOPARK,1,15,24 Saat
2026-08-10T11:38:12.524731+00:00,2026-08-10T14:38:12.524731+03:00,1550,Kartal Sahil Açık Otoparkı,KARTAL,40.8875,29.1901,75,10,65,AÇIK OTOPARK,1,5,24 Saat
2026-08-10T11:38:12.524731+00:00,2026-08-10T14:38:12.524731+03:00,3434,Kasımpaşa Sosyal Tesisler Otoparkı,BEYOĞLU,41.0296,28.9673,60,38,22,AÇIK OTOPARK,1,0,07:30-23:00
2026-08-10T11:38:12.524731+00:00,2026-08-10T14:38:12.524731+03:00,1960,Kazlıçeşme Marmaray Açık Otoparkı,ZEYTİNBURNU,40.9922,28.917,700,542,158,AÇIK OTOPARK,1,15,24 Saat
2026-08-10T11:38:12.524731+00:00,2026-08-10T14:38:12.524731+03:00,2994,Kirazlı Metro Durağı PD Açık Otoparkı,BAĞCILAR,41.033,28.8429,112,0,112,AÇIK OTOPARK,1,5,24 Saat
2026-08-10T11:38:12.524731+00:00,2026-08-10T14:38:12.524731+03:00,1528,Kore Şehitleri Caddesi - Yüzbaşı Kaya Aldağon Sokak 1,ŞİŞLİ,41.0719,29.0139,40,1,39,YOL ÜSTÜ,1,15,07:00-16:00
2026-08-10T11:38:12.524731+00:00,2026-08-10T14:38:12.524731+03:00,2449,Kozyatağı Sebze-Meyve Hali,ATAŞEHİR,40.9787,29.1029,1500,1499,1,AÇIK OTOPARK,1,0,24 Saat
2026-08-10T11:38:12.524731+00:00,2026-08-10T14:38:12.524731+03:00,113,Kurtuluş Caddesi 4,ŞİŞLİ,41.051,28.983,45,1,44,YOL ÜSTÜ,1,15,08:00-18:00
2026-08-10T11:38:12.524731+00:00,2026-08-10T14:38:12.524731+03:00,1206,Kutlugün Sokak 2,FATİH,41.0061,28.9801,200,1,199,YOL ÜSTÜ,1,0,08:00-18:00
2026-08-10T11:38:12.524731+00:00,2026-08-10T14:38:12.524731+03:00,3074,Küçük Çamlıca,ÜSKÜDAR,41.0204,29.0653,129,107,22,AÇIK OTOPARK,1,0,08:00-22:00
2026-08-10T11:38:12.524731+00:00,2026-08-10T14:38:12.524731+03:00,3127,Küçükçekmece Cennet Mahallesi Meydan Zemin Altı Otoparkı,KÜÇÜKÇEKMECE,40.9907,28.783,456,0,456,KAPALI OTOPARK,1,10,24 Saat
2026-08-10T11:38:12.524731+00:00,2026-08-10T14:38:12.524731+03:00,2554,Küçükçekmece Fevzi Çakmak Meydanı Zemin Altı Otoparkı,KÜÇÜKÇEKMECE,41.0076,28.7927,1000,530,470,KAPALI OTOPARK,1,10,24 Saat
2026-08-10T11:38:12.524731+00:00,2026-08-10T14:38:12.524731+03:00,2882,Küçüksu Kasrı Açık Otoparkı,BEYKOZ,41.0789,29.0657,98,91,7,AÇIK OTOPARK,1,0,07:00-23:00
2026-08-10T11:38:12.524731+00:00,2026-08-10T14:38:12.524731+03:00,220,Levent Hamidiye,BEŞİKTAŞ,41.0861,29.0076,100,1,99,AÇIK OTOPARK,1,0,08:00-19:00
2026-08-10T11:38:12.524731+00:00,2026-08-10T14:38:12.524731+03:00,1138,Levent Metro Yer Altı Otoparkı,BEŞİKTAŞ,41.0811,29.0105,100,100,0,AÇIK OTOPARK,1,5,07:30-19:30
2026-08-10T11:38:12.524731+00:00,2026-08-10T14:38:12.524731+03:00,2335,Maçka Açık Otoparkı,ŞİŞLİ,41.046,28.9908,75,74,1,AÇIK OTOPARK,1,0,24 Saat
2026-08-10T11:38:12.524731+00:00,2026-08-10T14:38:12.524731+03:00,1859,Maçka Katlı Otoparkı,ŞİŞLİ,41.0484,28.9903,508,0,508,KAPALI OTOPARK,1,0,24 Saat
2026-08-10T11:38:12.524731+00:00,2026-08-10T14:38:12.524731+03:00,3193,Maltepe Rıhtım Caddesi Açık Otoparkı,MALTEPE,40.9258,29.1241,76,49,27,AÇIK OTOPARK,1,0,24 Saat
2026-08-10T11:38:12.524731+00:00,2026-08-10T14:38:12.524731+03:00,2146,Maltepe Süreyyapaşa Çarşısı Açık Otoparkı,MALTEPE,40.9274,29.1225,156,105,51,AÇIK OTOPARK,1,0,24 Saat
2026-08-10T11:38:12.524731+00:00,2026-08-10T14:38:12.524731+03:00,1599,Maslak Açık Otoparkı,SARIYER,41.1166,29.024,150,59,91,AÇIK OTOPARK,1,10,24 Saat
2026-08-10T11:38:12.524731+00:00,2026-08-10T14:38:12.524731+03:00,2100,Matbaacılar Sitesi Yanı,ZEYTİNBURNU,41.0234,28.9187,250,129,121,AÇIK OTOPARK,1,5,24 Saat
2026-08-10T11:38:12.524731+00:00,2026-08-10T14:38:12.524731+03:00,920,Meclis-i Mebusan Yokuşu 2,BEYOĞLU,41.0326,28.9882,34,1,33,YOL ÜSTÜ,1,15,09:00-17:00
2026-08-10T11:38:12.524731+00:00,2026-08-10T14:38:12.524731+03:00,1546,Menekşe Plajı Açık Otoparkı,BAKIRKÖY,40.9761,28.7766,200,199,1,AÇIK OTOPARK,1,0,24 Saat
2026-08-10T11:38:12.524731+00:00,2026-08-10T14:38:12.524731+03:00,1376,Mercan Açık,FATİH,41.0136,28.9669,130,14,116,AÇIK OTOPARK,1,0,08:00-23:00
2026-08-10T11:38:12.524731+00:00,2026-08-10T14:38:12.524731+03:00,3309,Mercan Ali Paşa Sarayı Zemin Altı Otoparkı,FATİH,41.0136,28.967,196,1,195,KAPALI OTOPARK,1,0,07:00-21:00
2026-08-10T11:38:12.524731+00:00,2026-08-10T14:38:12.524731+03:00,1472,Merter Katlı Otoparkı,GÜNGÖREN,41.0092,28.8874,1000,852,148,KAPALI OTOPARK,1,10,24 Saat
2026-08-10T11:38:12.524731+00:00,2026-08-10T14:38:12.524731+03:00,2375,Merter Metro PD Zeminaltı Otoparkı,GÜNGÖREN,41.0037,28.8897,242,81,161,KAPALI OTOPARK,1,10,24 Saat
2026-08-10T11:38:12.524731+00:00,2026-08-10T14:38:12.524731+03:00,1568,Mete Caddesi 1,BEYOĞLU,41.0382,28.9879,31,1,30,YOL ÜSTÜ,1,15,08:00-23:00
2026-08-10T11:38:12.524731+00:00,2026-08-10T14:38:12.524731+03:00,1471,Mevlana Yeraltı Katlı Otoparkı,ZEYTİNBURNU,41.0072,28.9049,1000,862,138,KAPALI OTOPARK,1,5,24 Saat
2026-08-10T11:38:12.524731+00:00,2026-08-10T14:38:12.524731+03:00,2709,Millet Caddesi Açık Otoparkı,FATİH,41.01,28.9461,60,1,59,AÇIK OTOPARK,1,15,24 Saat
2026-08-10T11:38:12.524731+00:00,2026-08-10T14:38:12.524731+03:00,3152,Mimar Sinan Zemin Altı Otoparkı,ÜSKÜDAR,41.0222,29.0169,956,0,956,KAPALI OTOPARK,1,15,24 Saat
2026-08-10T11:38:12.524731+00:00,2026-08-10T14:38:12.524731+03:00,2870,Miniatürk Çadır Açık Otoparkı,BEYOĞLU,41.0594,28.9501,250,85,165,AÇIK OTOPARK,1,15,07:00-20:00
2026-08-10T11:38:12.524731+00:00,2026-08-10T14:38:12.524731+03:00,2556,Muallim Naci Açık Otoparkı,BEŞİKTAŞ,41.0561,29.0342,35,28,7,AÇIK OTOPARK,1,15,24 Saat
2026-08-10T11:38:12.524731+00:00,2026-08-10T14:38:12.524731+03:00,569,Oda Kule Önü 1,BEYOĞLU,41.0322,28.9751,24,1,23,YOL ÜSTÜ,1,0,07:00-01:00
2026-08-10T11:38:12.524731+00:00,2026-08-10T14:38:12.524731+03:00,1988,Orhangazi Şehir Parkı PD Açık Otoparkı,MALTEPE,40.9313,29.1161,5022,4541,481,AÇIK OTOPARK,1,15,24 Saat
2026-08-10T11:38:12.524731+00:00,2026-08-10T14:38:12.524731+03:00,152,Ortabahçe Caddesi 2,BEŞİKTAŞ,41.0428,29.0043,35,35,0,YOL ÜSTÜ,1,15,08:00-23:00
2026-08-10T11:38:12.524731+00:00,2026-08-10T14:38:12.524731+03:00,153,Ortabahçe Caddesi 3,BEŞİKTAŞ,41.043,29.0042,26,1,25,YOL ÜSTÜ,1,15,08:00-23:00
2026-08-10T11:38:12.524731+00:00,2026-08-10T14:38:12.524731+03:00,119,Ortaklar Caddesi 1,ŞİŞLİ,41.0638,28.9971,25,1,24,YOL ÜSTÜ,1,15,08:30-17:00
2026-08-10T11:38:12.524731+00:00,2026-08-10T14:38:12.524731+03:00,1343,Ortaköy Açık Otoparkı,BEŞİKTAŞ,41.0504,29.0326,170,144,26,AÇIK OTOPARK,1,0,24 Saat
2026-08-10T11:38:12.524731+00:00,2026-08-10T14:38:12.524731+03:00,572,Ortaköy Portakal Yokuşu 1,BEŞİKTAŞ,41.0503,29.0261,15,1,14,YOL ÜSTÜ,1,15,09:00-19:00
2026-08-10T11:38:12.524731+00:00,2026-08-10T14:38:12.524731+03:00,1039,Öğretmen Evi,AVCILAR,40.9723,28.714,80,41,39,AÇIK OTOPARK,1,0,11:00-23:00
2026-08-10T11:38:12.524731+00:00,2026-08-10T14:38:12.524731+03:00,1466,Pendik Katlı Otoparkı,PENDİK,40.8789,29.2342,120,0,120,KAPALI OTOPARK,1,15,24 Saat
2026-08-10T11:38:12.524731+00:00,2026-08-10T14:38:12.524731+03:00,3073,Pendik Kemal Kalkuz Parkı Zemin Altı Otoparkı,PENDİK,40.8885,29.2427,224,0,224,KAPALI OTOPARK,1,0,09:00-18:00
2026-08-10T11:38:12.524731+00:00,2026-08-10T14:38:12.524731+03:00,3019,Pendik Meydan Zemin Altı Otoparkı,PENDİK,40.8752,29.2324,937,0,937,KAPALI OTOPARK,1,0,24 Saat
2026-08-10T11:38:12.524731+00:00,2026-08-10T14:38:12.524731+03:00,2865,Pendik Sahil Engelliler Merkez Önü,PENDİK,40.8735,29.233,100,66,34,AÇIK OTOPARK,1,0,11:00-20:00
2026-08-10T11:38:12.524731+00:00,2026-08-10T14:38:12.524731+03:00,2434,Pendik Sahil İdo,PENDİK,40.8755,29.2369,100,0,100,AÇIK OTOPARK,1,0,07:00-23:00
2026-08-10T11:38:12.524731+00:00,2026-08-10T14:38:12.524731+03:00,248,Pendik Yenimahalle Açık 2 Otoparkı,PENDİK,40.864,29.2723,124,90,34,AÇIK OTOPARK,1,15,10:00-22:00
2026-08-10T11:38:12.524731+00:00,2026-08-10T14:38:12.524731+03:00,297,Perşembe Pazarı 1,BEYOĞLU,41.0252,28.9693,32,1,31,YOL ÜSTÜ,1,15,08:00-17:00
2026-08-10T11:38:12.524731+00:00,2026-08-10T14:38:12.524731+03:00,597,Pierre Loti Caddesi 3,FATİH,41.0069,28.9711,36,1,35,YOL ÜSTÜ,1,0,07:00-17:00
2026-08-10T11:38:12.524731+00:00,2026-08-10T14:38:12.524731+03:00,3263,Piyalepaşa Meydanı Zemin Altı Otoparkı,BEYOĞLU,41.0445,28.9674,560,298,262,KAPALI OTOPARK,1,0,24 Saat
2026-08-10T11:38:12.524731+00:00,2026-08-10T14:38:12.524731+03:00,1900,Ragıp Gümüşpala Cad.(Sobacılar Önü),FATİH,41.0181,28.969,40,1,39,YOL ÜSTÜ,1,15,07:00-18:00
2026-08-10T11:38:12.524731+00:00,2026-08-10T14:38:12.524731+03:00,415,Ragıp Gümüşpala Camii Önü 1,FATİH,41.0211,28.9627,35,1,34,YOL ÜSTÜ,1,0,07:00-17:30
2026-08-10T11:38:12.524731+00:00,2026-08-10T14:38:12.524731+03:00,3268,Refik Saydam Caddesi 3,BEYOĞLU,41.032,28.9736,55,1,54,YOL ÜSTÜ,1,0,06:00-23:00
2026-08-10T11:38:12.524731+00:00,2026-08-10T14:38:12.524731+03:00,2307,Ressam Halim Sokak PD Açık Otoparkı,BAHÇELİEVLER,40.9967,28.8641,120,51,69,AÇIK OTOPARK,1,15,08:00-00:00
2026-08-10T11:38:12.524731+00:00,2026-08-10T14:38:12.524731+03:00,3082,Rumeli Hisarı Sahil Yolu Otoparkı,SARIYER,41.0854,29.0568,20,1,19,AÇIK OTOPARK,1,0,24 Saat
2026-08-10T11:38:12.524731+00:00,2026-08-10T14:38:12.524731+03:00,1595,Sabiha Gökçen Açık Otoparkı,PENDİK,40.925,29.308,1056,227,829,AÇIK OTOPARK,1,15,24 Saat
2026-08-10T11:38:12.524731+00:00,2026-08-10T14:38:12.524731+03:00,3239,Samatya Sahil Cep Otoparkı,FATİH,40.9954,28.932,113,108,5,AÇIK OTOPARK,1,15,24 Saat
2026-08-10T11:38:12.524731+00:00,2026-08-10T14:38:12.524731+03:00,3273,Sarıyer Büyükdere Fidanlığı,SARIYER,41.1548,29.0268,160,154,6,AÇIK OTOPARK,1,0,08:00-18:00
2026-08-10T11:38:12.524731+00:00,2026-08-10T14:38:12.524731+03:00,3299,Sariyer Ayazağa Mah Vadi İstanbul Önü Açık Otoparkı,SARIYER,41.1106,28.9881,100,96,4,AÇIK OTOPARK,1,0,08:00-20:00
2026-08-10T11:38:12.524731+00:00,2026-08-10T14:38:12.524731+03:00,1303,Seyrantepe Katlı (Arena Karşısı) 1,KAĞITHANE,41.101,28.9961,1897,1,1896,KAPALI OTOPARK,1,0,24 Saat
2026-08-10T11:38:12.524731+00:00,2026-08-10T14:38:12.524731+03:00,1628,Sıracevizler Caddesi Yol Üstü 5,ŞİŞLİ,41.0607,28.9841,45,1,44,YOL ÜSTÜ,1,15,09:00-17:00
2026-08-10T11:38:12.524731+00:00,2026-08-10T14:38:12.524731+03:00,464,Sirkeci Gar Önü,FATİH,41.015,28.9761,60,1,59,AÇIK OTOPARK,1,5,07:00-20:00
2026-08-10T11:38:12.524731+00:00,2026-08-10T14:38:12.524731+03:00,1486,Siyavuşpaşa Yer Altı Otoparkı,BAHÇELİEVLER,40.9965,28.8532,155,0,155,KAPALI OTOPARK,1,0,24 Saat
2026-08-10T11:38:12.524731+00:00,2026-08-10T14:38:12.524731+03:00,1958,Soğanlık Metro PD Açık Otoparkı,KARTAL,40.9131,29.1925,898,834,64,AÇIK OTOPARK,1,15,24 Saat
2026-08-10T11:38:12.524731+00:00,2026-08-10T14:38:12.524731+03:00,589,Su Terazisi Sokak,FATİH,41.0046,28.9727,22,1,21,YOL ÜSTÜ,1,0,07:30-17:00
2026-08-10T11:38:12.524731+00:00,2026-08-10T14:38:12.524731+03:00,1478,Suadiye Cep Açık Otoparkı,KADIKÖY,40.9586,29.0732,130,104,26,AÇIK OTOPARK,1,15,24 Saat
2026-08-10T11:38:12.524731+00:00,2026-08-10T14:38:12.524731+03:00,2948,Suadiye Sahil Açık Otoparkı,KADIKÖY,40.9562,29.0797,70,39,31,AÇIK OTOPARK,1,5,24 Saat
2026-08-10T11:38:12.524731+00:00,2026-08-10T14:38:12.524731+03:00,2799,Sultanbeyli Emir Caddesi Zemin Altı Otoparkı,SULTANBEYLİ,40.9707,29.2606,130,34,96,KAPALI OTOPARK,1,15,08:00-22:00
2026-08-10T11:38:12.524731+00:00,2026-08-10T14:38:12.524731+03:00,2372,Sultanbeyli Kent Meydanı Zemin Altı Otoparkı,SULTANBEYLİ,40.9667,29.2667,300,132,168,KAPALI OTOPARK,1,15,24 Saat
2026-08-10T11:38:12.524731+00:00,2026-08-10T14:38:12.524731+03:00,2410,Sultangazi Zemin Altı Otoparkı,SULTANGAZİ,41.0944,28.8649,104,0,104,KAPALI OTOPARK,1,10,24 Saat
2026-08-10T11:38:12.524731+00:00,2026-08-10T14:38:12.524731+03:00,2085,Süleyman Seba Caddesi 2,BEŞİKTAŞ,41.0426,28.9998,40,1,39,YOL ÜSTÜ,1,15,08:00-18:00
2026-08-10T11:38:12.524731+00:00,2026-08-10T14:38:12.524731+03:00,2088,Süleyman Seba Caddesi 5,BEŞİKTAŞ,41.0432,28.9978,40,1,39,YOL ÜSTÜ,1,15,08:00-18:00
2026-08-10T11:38:12.524731+00:00,2026-08-10T14:38:12.524731+03:00,2089,Süleyman Seba Caddesi 6,BEŞİKTAŞ,41.0435,28.9967,11,1,10,YOL ÜSTÜ,1,15,08:00-18:00
2026-08-10T11:38:12.524731+00:00,2026-08-10T14:38:12.524731+03:00,2391,Süleymaniye Cami Altı Açık Otoparkı,FATİH,41.0158,28.961,250,235,15,AÇIK OTOPARK,1,0,06:30-18:30
2026-08-10T11:38:12.524731+00:00,2026-08-10T14:38:12.524731+03:00,1730,Sütlüce Miniatürk Yanı,BEYOĞLU,41.057,28.95,320,212,108,AÇIK OTOPARK,1,15,24 Saat
2026-08-10T11:38:12.524731+00:00,2026-08-10T14:38:12.524731+03:00,36,Şakayık Sokak 4,ŞİŞLİ,41.0518,28.9936,50,1,49,YOL ÜSTÜ,1,15,08:00-16:00
2026-08-10T11:38:12.524731+00:00,2026-08-10T14:38:12.524731+03:00,1469,Şehit Volkan Duysak Katlı Otoparkı,ZEYTİNBURNU,40.9968,28.9039,1000,690,310,KAPALI OTOPARK,1,5,24 Saat
2026-08-10T11:38:12.524731+00:00,2026-08-10T14:38:12.524731+03:00,2855,Şemsipaşa Açık Otoparkı,ÜSKÜDAR,41.0255,29.0097,80,31,49,AÇIK OTOPARK,1,0,24 Saat
2026-08-10T11:38:12.524731+00:00,2026-08-10T14:38:12.524731+03:00,2439,Şirinevler Meydan Zeminaltı Otoparkı,BAHÇELİEVLER,40.9925,28.8496,367,28,339,KAPALI OTOPARK,1,0,24 Saat
2026-08-10T11:38:12.524731+00:00,2026-08-10T14:38:12.524731+03:00,3400,Şişhane Refik Saydam Caddesi 2 Yol Üstü Otoparkı 1,BEYOĞLU,41.0326,28.9743,70,1,69,YOL ÜSTÜ,1,15,06:00-23:00
2026-08-10T11:38:12.524731+00:00,2026-08-10T14:38:12.524731+03:00,3441,Şişli Kuştepe Zemin Altı Otoparkı,ŞİŞLİ,41.072,28.9919,430,303,127,KAPALI OTOPARK,1,15,24 Saat
2026-08-10T11:38:12.524731+00:00,2026-08-10T14:38:12.524731+03:00,2816,Şişli Rumeli Caddesi Metro Yanı 1,ŞİŞLİ,41.0538,28.9868,45,1,44,YOL ÜSTÜ,1,15,08:00-20:00
2026-08-10T11:38:12.524731+00:00,2026-08-10T14:38:12.524731+03:00,2406,Şişli Zemin Altı Otoparkı,ŞİŞLİ,41.0641,28.9992,581,160,421,KAPALI OTOPARK,1,15,24 Saat
2026-08-10T11:38:12.524731+00:00,2026-08-10T14:38:12.524731+03:00,1993,Tuzla İdo,TUZLA,40.8149,29.3039,300,261,39,AÇIK OTOPARK,1,15,24 Saat
2026-08-10T11:38:12.524731+00:00,2026-08-10T14:38:12.524731+03:00,3332,Tuzla Sahil Cep,TUZLA,40.8168,29.2992,50,40,10,AÇIK OTOPARK,1,0,08:00-00:00
2026-08-10T11:38:12.524731+00:00,2026-08-10T14:38:12.524731+03:00,3057,Tuzla Sahil Zemin Altı Otoparkı,TUZLA,40.8181,29.3004,779,1,778,KAPALI OTOPARK,1,15,24 Saat
2026-08-10T11:38:12.524731+00:00,2026-08-10T14:38:12.524731+03:00,1811,Ulu Camii Açık Otoparkı,BAHÇELİEVLER,40.9982,28.8499,150,125,25,AÇIK OTOPARK,1,10,24 Saat
2026-08-10T11:38:12.524731+00:00,2026-08-10T14:38:12.524731+03:00,2424,Uzunçayır Açık Otoparkı,KADIKÖY,40.9988,29.0556,58,52,6,AÇIK OTOPARK,1,0,06:00-16:00
2026-08-10T11:38:12.524731+00:00,2026-08-10T14:38:12.524731+03:00,1468,Ümraniye Katlı Otoparkı,ÜMRANİYE,41.0261,29.0953,665,422,243,KAPALI OTOPARK,1,15,24 Saat
2026-08-10T11:38:12.524731+00:00,2026-08-10T14:38:12.524731+03:00,2898,Ümraniye Okan Sokak Zeminaltı Otoparkı,ÜMRANİYE,41.0284,29.0907,125,38,87,KAPALI OTOPARK,1,15,24 Saat
2026-08-10T11:38:12.524731+00:00,2026-08-10T14:38:12.524731+03:00,2345,Üsküdar Uzunçayır PD Açık Otoparkı,ÜSKÜDAR,40.9988,29.0577,90,49,41,AÇIK OTOPARK,1,15,06:00-22:00
2026-08-10T11:38:12.524731+00:00,2026-08-10T14:38:12.524731+03:00,1929,Üsküdar Ünalan Açık Otoparkı,ÜSKÜDAR,40.9979,29.0604,180,175,5,AÇIK OTOPARK,1,0,07:00-17:00
2026-08-10T11:38:12.524731+00:00,2026-08-10T14:38:12.524731+03:00,1487,Vatan Caddesi PD Açık Otoparkı,FATİH,41.0157,28.9405,397,144,253,AÇIK OTOPARK,1,5,24 Saat
2026-08-10T11:38:12.524731+00:00,2026-08-10T14:38:12.524731+03:00,2441,Yalı Açık Otoparkı,MALTEPE,40.9095,29.137,85,81,4,AÇIK OTOPARK,1,0,07:30-22:00
2026-08-10T11:38:12.524731+00:00,2026-08-10T14:38:12.524731+03:00,459,Yalı Köşkü Caddesi 1,FATİH,41.0163,28.9759,61,1,60,YOL ÜSTÜ,1,5,07:00-21:00
2026-08-10T11:38:12.524731+00:00,2026-08-10T14:38:12.524731+03:00,2037,Yenikapı Marmaray Büyük Otoparkı,FATİH,41.0057,28.9505,324,87,237,AÇIK OTOPARK,1,15,24 Saat
2026-08-10T11:38:12.524731+00:00,2026-08-10T14:38:12.524731+03:00,2036,Yenikapı Marmaray Küçük Otoparkı,FATİH,41.0064,28.9504,200,137,63,AÇIK OTOPARK,1,15,07:00-22:00
2026-08-10T11:38:12.524731+00:00,2026-08-10T14:38:12.524731+03:00,2175,Yenikapı Spor ve Kültür Merkezi PD Açık Otoparkı,FATİH,41.0006,28.9519,4023,3741,282,AÇIK OTOPARK,1,15,24 Saat
2026-08-10T11:38:12.524731+00:00,2026-08-10T14:38:12.524731+03:00,2805,Yenikapı Tünel Üstü Açık Otoparkı,FATİH,41.0029,28.9534,700,409,291,AÇIK OTOPARK,1,10,24 Saat
2026-08-10T11:38:12.524731+00:00,2026-08-10T14:38:12.524731+03:00,3404,Yenimahalle Metro Zemin Altı PD Otoparkı,GAZİOSMANPAŞA,41.0839,28.8926,114,91,23,KAPALI OTOPARK,1,15,24 Saat
2026-08-10T11:38:12.524731+00:00,2026-08-10T14:38:12.524731+03:00,2920,Yeşilce Zemin Altı Katlı Otoparkı,KAĞITHANE,41.0938,29.0017,676,0,676,KAPALI OTOPARK,1,0,24 Saat
2026-08-10T11:38:12.524731+00:00,2026-08-10T14:38:12.524731+03:00,987,Yeşilköy İstasyon Caddesi 1,BAKIRKÖY,40.962,28.825,40,1,39,YOL ÜSTÜ,1,15,09:00-17:30
2026-08-10T11:38:12.524731+00:00,2026-08-10T14:38:12.524731+03:00,974,Yeşilköy Marina 1,BAKIRKÖY,40.9576,28.8233,145,1,144,YOL ÜSTÜ,1,0,12:00-23:00
2026-08-10T11:38:12.524731+00:00,2026-08-10T14:38:12.524731+03:00,3406,Yeşilpınar Metro Zemin Altı PD Otoparkı,EYÜP,41.081,28.9204,269,207,62,KAPALI OTOPARK,1,15,24 Saat
2026-08-10T11:38:12.524731+00:00,2026-08-10T14:38:12.524731+03:00,315,Yeşilyurt Çarşı 1,BAKIRKÖY,40.9643,28.8379,50,1,49,YOL ÜSTÜ,1,15,09:00-17:30
2026-08-10T11:38:12.524731+00:00,2026-08-10T14:38:12.524731+03:00,1133,Yıldız Korusu,BEŞİKTAŞ,41.0514,29.0165,500,499,1,AÇIK OTOPARK,1,0,08:00-22:00
2026-08-10T11:38:12.524731+00:00,2026-08-10T14:38:12.524731+03:00,882,Zeytinburnu 58. Bulvar 2,ZEYTİNBURNU,40.9932,28.9039,48,1,47,YOL ÜSTÜ,1,15,09:00-18:00
2026-08-10T11:38:12.524731+00:00,2026-08-10T14:38:12.524731+03:00,3185,Zeytinburnu Sahil Cep Otoparkı,ZEYTİNBURNU,40.9798,28.8985,160,1,159,AÇIK OTOPARK,1,0,12:00-22:00
2026-08-10T12:32:19.552602+00:00,2026-08-10T15:32:19.552602+03:00,3068,15 Temmuz Şehitler Meydanı Zeminaltı Otoparkı,ÜMRANİYE,41.0246,29.0915,1029,462,567,KAPALI OTOPARK,1,15,24 Saat
2026-08-10T12:32:19.552602+00:00,2026-08-10T15:32:19.552602+03:00,2338,19 Mayıs Açık,ŞİŞLİ,41.0563,28.9941,65,0,65,AÇIK OTOPARK,1,0,24 Saat
2026-08-10T12:32:19.552602+00:00,2026-08-10T15:32:19.552602+03:00,1751,4.Levent PD Açık Otoparkı,KAĞITHANE,41.0836,29.0081,236,93,143,AÇIK OTOPARK,1,5,24 Saat
2026-08-10T12:32:19.552602+00:00,2026-08-10T15:32:19.552602+03:00,3328,4.Levent Servis ve Turizm Araçları Açık Otoparkı,ŞİŞLİ,41.0841,29.0054,300,157,143,AÇIK OTOPARK,1,15,24 Saat
2026-08-10T12:32:19.552602+00:00,2026-08-10T15:32:19.552602+03:00,3412,5. Levent Gaziosmanpaşa Adliyesi Yanı Açık Otoparkı,EYÜP,41.0927,28.9494,250,187,63,AÇIK OTOPARK,1,15,07:00-23:00
2026-08-10T12:32:19.552602+00:00,2026-08-10T15:32:19.552602+03:00,104,Abide-i Hürriyet Caddesi 5,ŞİŞLİ,41.0619,28.9876,40,1,39,YOL ÜSTÜ,1,15,08:00-17:00
2026-08-10T12:32:19.552602+00:00,2026-08-10T15:32:19.552602+03:00,2452,Acıbadem Açık Otoparkı,ÜSKÜDAR,41.0157,29.0574,100,86,14,AÇIK OTOPARK,1,0,06:30-16:00
2026-08-10T12:32:19.552602+00:00,2026-08-10T15:32:19.552602+03:00,346,Ada Karşısı Cep 2,BEŞİKTAŞ,41.072,29.045,30,1,29,YOL ÜSTÜ,1,15,08:00-23:00
2026-08-10T12:32:19.552602+00:00,2026-08-10T15:32:19.552602+03:00,1663,Akasyalı Sokak Tenis Kulubü Önü 2,BEŞİKTAŞ,41.0867,29.0109,45,1,44,YOL ÜSTÜ,1,15,08:30-17:30
2026-08-10T12:32:19.552602+00:00,2026-08-10T15:32:19.552602+03:00,828,Akdeniz Caddesi 4,FATİH,41.0175,28.9435,27,1,26,YOL ÜSTÜ,1,15,09:00-18:00
2026-08-10T12:32:19.552602+00:00,2026-08-10T15:32:19.552602+03:00,1913,Alibeyköy Cep Otogarı Açık Otoparkı,EYÜP,41.0879,28.9446,116,0,116,AÇIK OTOPARK,1,25,24 Saat
2026-08-10T12:32:19.552602+00:00,2026-08-10T15:32:19.552602+03:00,1912,Alibeyköy Cep Otogarı Otobüs Otoparkı,EYÜP,41.0875,28.9449,5000,4979,21,AÇIK OTOPARK,1,60,24 Saat
2026-08-10T12:32:19.552602+00:00,2026-08-10T15:32:19.552602+03:00,2562,Alibeyköy Yeşiltepe Zemin Altı Otoparkı,EYÜP,41.0797,28.938,159,69,90,KAPALI OTOPARK,1,15,24 Saat
2026-08-10T12:32:19.552602+00:00,2026-08-10T15:32:19.552602+03:00,3201,Altınboynuz Sosyal Tesisleri,EYÜP,41.058,28.9447,70,69,1,AÇIK OTOPARK,1,15,08:00-23:00
2026-08-10T12:32:19.552602+00:00,2026-08-10T15:32:19.552602+03:00,758,Arap Camii Açık Otoparkı,BEYOĞLU,41.0227,28.9723,30,1,29,AÇIK OTOPARK,1,0,09:00-17:00
2026-08-10T12:32:19.552602+00:00,2026-08-10T15:32:19.552602+03:00,1963,Aras Sokak 1,BÜYÜKÇEKMECE,41.0226,28.622,60,60,0,YOL ÜSTÜ,0,0,06:00-14:30
2026-08-10T12:32:19.552602+00:00,2026-08-10T15:32:19.552602+03:00,2802,Arnavutköy Zemin Altı Otoparkı,ARNAVUTKÖY,41.1838,28.7396,700,41,659,KAPALI OTOPARK,1,15,24 Saat
2026-08-10T12:32:19.552602+00:00,2026-08-10T15:32:19.552602+03:00,1797,Ataköy Atrium AVM,BAKIRKÖY,40.9881,28.8459,250,190,60,AÇIK OTOPARK,1,15,08:00-23:00
2026-08-10T12:32:19.552602+00:00,2026-08-10T15:32:19.552602+03:00,2824,Ataköy Metro Durağı Yanı PD Zemin Altı Otoparkı,BAKIRKÖY,40.9904,28.8456,150,81,69,KAPALI OTOPARK,1,0,24 Saat
2026-08-10T12:32:19.552602+00:00,2026-08-10T15:32:19.552602+03:00,359,Atatürk Bulvarı 1,FATİH,41.0112,28.9534,20,1,19,YOL ÜSTÜ,1,0,07:30-18:00
2026-08-10T12:32:19.552602+00:00,2026-08-10T15:32:19.552602+03:00,3087,Atatürk Kent Ormanı Otoparkı,SARIYER,41.136,29.0262,200,197,3,AÇIK OTOPARK,1,0,08:00-17:00
2026-08-10T12:32:19.552602+00:00,2026-08-10T15:32:19.552602+03:00,1088,Avcılar İdo,AVCILAR,40.9712,28.7185,270,263,7,AÇIK OTOPARK,1,0,13:00-07:00
2026-08-10T12:32:19.552602+00:00,2026-08-10T15:32:19.552602+03:00,2885,Azapkapı Haliç Metro Otoparkı,ŞİŞLİ,41.0245,28.9691,80,6,74,AÇIK OTOPARK,1,5,24 Saat
2026-08-10T12:32:19.552602+00:00,2026-08-10T15:32:19.552602+03:00,2455,Azerbaycan Dostluk Parkı Zemin Altı Otoparkı,BAĞCILAR,41.0444,28.854,400,196,204,KAPALI OTOPARK,1,10,24 Saat
2026-08-10T12:32:19.552602+00:00,2026-08-10T15:32:19.552602+03:00,2965,Bağcılar Çolakoğlu Zemin Altı Otoparkı,BAĞCILAR,41.0324,28.8345,106,0,106,KAPALI OTOPARK,1,5,24 Saat
2026-08-10T12:32:19.552602+00:00,2026-08-10T15:32:19.552602+03:00,2576,Bağcılar Demirkapı Zemin Altı Otoparkı,BAĞCILAR,41.0499,28.8327,343,182,161,KAPALI OTOPARK,1,5,24 Saat
2026-08-10T12:32:19.552602+00:00,2026-08-10T15:32:19.552602+03:00,3036,Bağcılar Devlet Hastanesi Yanı Zeminaltı Otoparkı,BAĞCILAR,41.0312,28.8696,1133,120,1013,KAPALI OTOPARK,1,15,24 Saat
2026-08-10T12:32:19.552602+00:00,2026-08-10T15:32:19.552602+03:00,3071,Bağcılar Emniyet Müdürlüğü Yanı Açık Otoparkı,BAĞCILAR,41.0353,28.8598,100,66,34,AÇIK OTOPARK,1,0,24 Saat
2026-08-10T12:32:19.552602+00:00,2026-08-10T15:32:19.552602+03:00,2873,Bağcılar Göztepe Zemin Altı,BAĞCILAR,41.0567,28.8355,120,0,120,KAPALI OTOPARK,1,5,24 Saat
2026-08-10T12:32:19.552602+00:00,2026-08-10T15:32:19.552602+03:00,3187,Bağcılar Hürriyet Mahallesi Zemin Altı Otoparkı,BAĞCILAR,41.0291,28.8333,355,0,355,KAPALI OTOPARK,1,10,24 Saat
2026-08-10T12:32:19.552602+00:00,2026-08-10T15:32:19.552602+03:00,2916,Bağcılar Kent Meydanı PD Zemin Altı Otoparkı,BAĞCILAR,41.0339,28.8556,1162,0,1162,KAPALI OTOPARK,1,0,24 Saat
2026-08-10T12:32:19.552602+00:00,2026-08-10T15:32:19.552602+03:00,3261,Bağcılar Yenimahalle Zemin Altı Otoparkı,BAĞCILAR,41.0425,28.8395,525,281,244,KAPALI OTOPARK,1,15,24 Saat
2026-08-10T12:32:19.552602+00:00,2026-08-10T15:32:19.552602+03:00,2820,Bağcılar Yıldıztepe Katlı Otoparkı,BAĞCILAR,41.0294,28.8556,350,0,350,KAPALI OTOPARK,1,10,24 Saat
2026-08-10T12:32:19.552602+00:00,2026-08-10T15:32:19.552602+03:00,3447,Bahçelievler 23 Nisan Milli Egemenlik Zeminaltı Otoparkı,BAHÇELİEVLER,40.9988,28.8472,732,543,189,KAPALI OTOPARK,1,10,24 Saat
2026-08-10T12:32:19.552602+00:00,2026-08-10T15:32:19.552602+03:00,2993,Bahçelievler Cumhuriyet Zeminaltı Otoparkı,BAHÇELİEVLER,41.0149,28.859,663,0,663,KAPALI OTOPARK,1,10,24 Saat
2026-08-10T12:32:19.552602+00:00,2026-08-10T15:32:19.552602+03:00,2969,Bahçelievler Devlet Hastanesi Yanı Katlı Otoparkı,BAHÇELİEVLER,41.0072,28.8442,740,0,740,KAPALI OTOPARK,1,0,24 Saat
2026-08-10T12:32:19.552602+00:00,2026-08-10T15:32:19.552602+03:00,3051,Bahçelievler Zafer Mh. Zeminaltı Otoparkı,BAHÇELİEVLER,41.0036,28.8351,200,93,107,KAPALI OTOPARK,1,0,24 Saat
2026-08-10T12:32:19.552602+00:00,2026-08-10T15:32:19.552602+03:00,3236,Bahçeşehir Gölet Açık Otoparkı,BAŞAKŞEHİR,41.0719,28.6901,200,1,199,AÇIK OTOPARK,1,0,12:00-22:00
2026-08-10T12:32:19.552602+00:00,2026-08-10T15:32:19.552602+03:00,1465,Bakırköy İdo Açık Otoparkı,BAKIRKÖY,40.9739,28.8761,160,121,39,AÇIK OTOPARK,1,10,24 Saat
2026-08-10T12:32:19.552602+00:00,2026-08-10T15:32:19.552602+03:00,1104,Balmumcu Katlı Otoparkı,BEŞİKTAŞ,41.0636,29.0109,400,221,179,KAPALI OTOPARK,1,5,24 Saat
2026-08-10T12:32:19.552602+00:00,2026-08-10T15:32:19.552602+03:00,2350,Bayrampaşa Adapark Katlı Otoparkı,BAYRAMPAŞA,41.0647,28.8875,650,0,650,KAPALI OTOPARK,1,15,24 Saat
2026-08-10T12:32:19.552602+00:00,2026-08-10T15:32:19.552602+03:00,2892,Bayrampaşa Altıntepsi Zemin  Altı Otoparkı,BAYRAMPAŞA,41.0393,28.9029,110,0,110,KAPALI OTOPARK,1,10,24 Saat
2026-08-10T12:32:19.552602+00:00,2026-08-10T15:32:19.552602+03:00,2909,Bayrampaşa Atatürk Parkı  Zemin Altı Otoparkı,BAYRAMPAŞA,41.0342,28.9123,442,0,442,KAPALI OTOPARK,1,10,24 Saat
2026-08-10T12:32:19.552602+00:00,2026-08-10T15:32:19.552602+03:00,2683,Bayrampaşa Devlet Hastanesi Cep Otoparkı,BAYRAMPAŞA,41.0414,28.9031,55,0,55,AÇIK OTOPARK,1,0,08:00-19:00
2026-08-10T12:32:19.552602+00:00,2026-08-10T15:32:19.552602+03:00,3301,Bayrampaşa Kocatepe Mahallesi Zemin Altı Otoparkı,BAYRAMPAŞA,41.0545,28.8964,241,3,238,KAPALI OTOPARK,1,10,24 Saat
2026-08-10T12:32:19.552602+00:00,2026-08-10T15:32:19.552602+03:00,2053,Bayrampaşa Muratpaşa Yer Altı Otoparkı,BAYRAMPAŞA,41.047,28.9082,300,24,276,KAPALI OTOPARK,1,15,24 Saat
2026-08-10T12:32:19.552602+00:00,2026-08-10T15:32:19.552602+03:00,3175,Bayrampaşa Spor Kompleksi Zemin Altı Otoparkı,BAYRAMPAŞA,41.0446,28.9106,205,0,205,KAPALI OTOPARK,1,15,24 Saat
2026-08-10T12:32:19.552602+00:00,2026-08-10T15:32:19.552602+03:00,3382,Bayrampaşa Şehit Kamil Balkan Zemin Altı Otoparkı,BAYRAMPAŞA,41.0604,28.9008,235,0,235,KAPALI OTOPARK,1,10,24 Saat
2026-08-10T12:32:19.552602+00:00,2026-08-10T15:32:19.552602+03:00,2428,Bayrampaşa Yenidoğan Mahallesi Zemin Altı Otoparkı,BAYRAMPAŞA,41.0395,28.9088,120,0,120,KAPALI OTOPARK,1,10,24 Saat
2026-08-10T12:32:19.552602+00:00,2026-08-10T15:32:19.552602+03:00,2468,Bebek Açık,BEŞİKTAŞ,41.077,29.0434,30,0,30,AÇIK OTOPARK,1,0,24 Saat
2026-08-10T12:32:19.552602+00:00,2026-08-10T15:32:19.552602+03:00,3479,Beşiktaş Halk Pazarı Açık Otoparkı,BEŞİKTAŞ,41.0496,29.0004,170,110,60,AÇIK OTOPARK,1,5,24 Saat
2026-08-10T12:32:19.552602+00:00,2026-08-10T15:32:19.552602+03:00,3257,Beykoz Sahil Cep Otoparkı,BEYKOZ,41.1286,29.0953,100,74,26,AÇIK OTOPARK,1,0,08:00-00:00
2026-08-10T12:32:19.552602+00:00,2026-08-10T15:32:19.552602+03:00,2273,Beykoz Sosyal Tesisleri,BEYKOZ,41.1143,29.0888,130,0,130,AÇIK OTOPARK,1,15,08:00-00:00
2026-08-10T12:32:19.552602+00:00,2026-08-10T15:32:19.552602+03:00,2999,Beyoğlu Gazhane Bostan Sokak 2,BEYOĞLU,41.0389,28.9903,35,1,34,YOL ÜSTÜ,1,0,07:30-16:30
2026-08-10T12:32:19.552602+00:00,2026-08-10T15:32:19.552602+03:00,3072,Beyoğlu Örnektepe Zemin Altı Otoparkı,BEYOĞLU,41.0543,28.9548,143,0,143,KAPALI OTOPARK,1,0,24 Saat
2026-08-10T12:32:19.552602+00:00,2026-08-10T15:32:19.552602+03:00,1455,Bostancı Açık,KADIKÖY,40.9523,29.0902,394,102,292,AÇIK OTOPARK,1,15,24 Saat
2026-08-10T12:32:19.552602+00:00,2026-08-10T15:32:19.552602+03:00,1456,Bostancı Sahil-Cep Açık Otoparkı,KADIKÖY,40.9545,29.0885,192,99,93,AÇIK OTOPARK,1,15,24 Saat
2026-08-10T12:32:19.552602+00:00,2026-08-10T15:32:19.552602+03:00,2150,Bostancı Vergi Dairesi Açık Otoparkı,ATAŞEHİR,40.9625,29.1083,155,0,155,AÇIK OTOPARK,1,5,08:00-20:00
2026-08-10T12:32:19.552602+00:00,2026-08-10T15:32:19.552602+03:00,2854,Bülent Ecevit Kültür Merkezi Açık Otoparkı,KARTAL,40.8852,29.1967,277,266,11,AÇIK OTOPARK,1,0,10:00-21:00
2026-08-10T12:32:19.552602+00:00,2026-08-10T15:32:19.552602+03:00,2866,Büyük İstanbul Otogarı,BAYRAMPAŞA,41.0402,28.8942,1000,0,1000,AÇIK OTOPARK,1,25,24 Saat
2026-08-10T12:32:19.552602+00:00,2026-08-10T15:32:19.552602+03:00,1192,Büyükçamlıca Korusu Sosyal Tesisleri Önü,ÜSKÜDAR,41.0264,29.0698,204,110,94,AÇIK OTOPARK,1,0,08:00-00:00
2026-08-10T12:32:19.552602+00:00,2026-08-10T15:32:19.552602+03:00,2960,Büyükçekmece Metrobüs Durağı Yanı PD Zemin Altı Otopark,BÜYÜKÇEKMECE,41.0221,28.624,448,0,448,KAPALI OTOPARK,1,0,24 Saat
2026-08-10T12:32:19.552602+00:00,2026-08-10T15:32:19.552602+03:00,1503,Cadde Bostan Açık Otoparkı,KADIKÖY,40.9636,29.0675,66,22,44,AÇIK OTOPARK,1,15,24 Saat
2026-08-10T12:32:19.552602+00:00,2026-08-10T15:32:19.552602+03:00,2933,Cemal Kamacı Spor Kompleksi Zemin Altı Otoparkı,KAĞITHANE,41.0536,28.9575,510,0,510,KAPALI OTOPARK,1,0,24 Saat
2026-08-10T12:32:19.552602+00:00,2026-08-10T15:32:19.552602+03:00,2207,Cengiz Topel Yer Altı Katlı Otoparkı,ESENLER,41.0588,28.8643,144,0,144,KAPALI OTOPARK,1,15,24 Saat
2026-08-10T12:32:19.552602+00:00,2026-08-10T15:32:19.552602+03:00,2787,Cevizli Açık Otoparkı,KARTAL,40.9179,29.1712,100,17,83,AÇIK OTOPARK,1,15,08:00-19:00
2026-08-10T12:32:19.552602+00:00,2026-08-10T15:32:19.552602+03:00,782,Cihangir Caddesi 2,BEYOĞLU,41.0319,28.9862,70,1,69,YOL ÜSTÜ,1,15,09:00-19:00
2026-08-10T12:32:19.552602+00:00,2026-08-10T15:32:19.552602+03:00,1467,Cihangir Katlı Otoparkı,BEYOĞLU,41.0318,28.9858,350,0,350,KAPALI OTOPARK,1,0,24 Saat
2026-08-10T12:32:19.552602+00:00,2026-08-10T15:32:19.552602+03:00,535,Cihannuma Yol Üstü 1,BEŞİKTAŞ,41.0454,29.0084,35,1,34,YOL ÜSTÜ,1,0,08:00-23:00
2026-08-10T12:32:19.552602+00:00,2026-08-10T15:32:19.552602+03:00,537,Cihannuma Yol Üstü 3,BEŞİKTAŞ,41.0459,29.0087,33,1,32,YOL ÜSTÜ,1,0,08:00-23:00
2026-08-10T12:32:19.552602+00:00,2026-08-10T15:32:19.552602+03:00,539,Cihannuma Yol Üstü 5,BEŞİKTAŞ,41.0489,29.0094,24,1,23,YOL ÜSTÜ,1,0,08:00-23:00
2026-08-10T12:32:19.552602+00:00,2026-08-10T15:32:19.552602+03:00,3184,Çam Sokak 6,GÜNGÖREN,41.0121,28.8882,50,1,49,YOL ÜSTÜ,1,15,08:00-17:00
2026-08-10T12:32:19.552602+00:00,2026-08-10T15:32:19.552602+03:00,3030,Çekmeköy Metro PD Zemin Altı Otoparkı,ÇEKMEKÖY,41.0147,29.1886,175,43,132,KAPALI OTOPARK,1,15,24 Saat
2026-08-10T12:32:19.552602+00:00,2026-08-10T15:32:19.552602+03:00,2905,Çeliktepe Açık Otoparkı,KAĞITHANE,41.0843,29.0056,200,60,140,AÇIK OTOPARK,1,5,24 Saat
2026-08-10T12:32:19.552602+00:00,2026-08-10T15:32:19.552602+03:00,1298,Çengelköy Açık Otoparkı,ÜSKÜDAR,41.0484,29.0533,500,307,193,AÇIK OTOPARK,1,15,24 Saat
2026-08-10T12:32:19.552602+00:00,2026-08-10T15:32:19.552602+03:00,502,Çınar Açık Otoparkı,BEŞİKTAŞ,41.0853,29.0088,65,1,64,AÇIK OTOPARK,1,0,08:00-18:00
2026-08-10T12:32:19.552602+00:00,2026-08-10T15:32:19.552602+03:00,777,Çırağan Sarayı Yol Üstü 1,BEŞİKTAŞ,41.0448,29.0165,40,1,39,YOL ÜSTÜ,1,15,08:00-23:00
2026-08-10T12:32:19.552602+00:00,2026-08-10T15:32:19.552602+03:00,778,Çırağan Sarayı Yol Üstü 2,BEŞİKTAŞ,41.0445,29.0156,40,1,39,YOL ÜSTÜ,1,15,08:00-23:00
2026-08-10T12:32:19.552602+00:00,2026-08-10T15:32:19.552602+03:00,2228,Çırpıcı Sosyal Tesisler,ZEYTİNBURNU,41,28.8926,128,0,128,AÇIK OTOPARK,1,15,07:00-00:00
2026-08-10T12:32:19.552602+00:00,2026-08-10T15:32:19.552602+03:00,2030,Dalyan Açık Otoparkı,KADIKÖY,40.9632,29.0651,92,24,68,AÇIK OTOPARK,1,15,24 Saat
2026-08-10T12:32:19.552602+00:00,2026-08-10T15:32:19.552602+03:00,2271,Damla Sokak 1,ŞİŞLİ,41.0672,29.0004,17,1,16,YOL ÜSTÜ,1,15,07:30-16:30
2026-08-10T12:32:19.552602+00:00,2026-08-10T15:32:19.552602+03:00,2164,Darüşşafaka Yeraltı Otoparkı,SARIYER,41.1292,29.0252,150,111,39,KAPALI OTOPARK,1,15,08:00-00:00
2026-08-10T12:32:19.552602+00:00,2026-08-10T15:32:19.552602+03:00,1653,Deniz Feneri Otoparkı,FATİH,41.0019,28.9773,175,64,111,AÇIK OTOPARK,1,5,24 Saat
2026-08-10T12:32:19.552602+00:00,2026-08-10T15:32:19.552602+03:00,595,Dostluk Yurdu 1,FATİH,41.0071,28.973,33,1,32,YOL ÜSTÜ,1,15,07:00-17:00
2026-08-10T12:32:19.552602+00:00,2026-08-10T15:32:19.552602+03:00,2237,Dragos Sosyal Tesisleri,KARTAL,40.9017,29.1458,100,46,54,AÇIK OTOPARK,1,15,24 Saat
2026-08-10T12:32:19.552602+00:00,2026-08-10T15:32:19.552602+03:00,3063,Dudullu Metro PD Zemin Altı Otoparkı,ÜMRANİYE,41.0156,29.1633,81,59,22,KAPALI OTOPARK,1,15,07:00-23:30
2026-08-10T12:32:19.552602+00:00,2026-08-10T15:32:19.552602+03:00,1522,Ebu Suut Caddesi 1,FATİH,41.0128,28.9766,35,1,34,YOL ÜSTÜ,1,0,08:00-18:00
2026-08-10T12:32:19.552602+00:00,2026-08-10T15:32:19.552602+03:00,2147,EGS Blokları Açık Otoparkı,BAKIRKÖY,40.9863,28.8354,350,0,350,AÇIK OTOPARK,1,60,09:00-19:30
2026-08-10T12:32:19.552602+00:00,2026-08-10T15:32:19.552602+03:00,2366,Esenler Adem Baştürk Kültür Merkezi Katlı,ESENLER,41.039,28.8846,460,57,403,KAPALI OTOPARK,1,15,24 Saat
2026-08-10T12:32:19.552602+00:00,2026-08-10T15:32:19.552602+03:00,3190,Esenler Havaalanı Mahallesi Zemin Altı Otoparkı,ESENLER,41.0562,28.8674,610,383,227,KAPALI OTOPARK,1,10,24 Saat
2026-08-10T12:32:19.552602+00:00,2026-08-10T15:32:19.552602+03:00,3011,Esenler Menderes Metro İstasyonu Yanı,ESENLER,41.0427,28.8783,68,12,56,AÇIK OTOPARK,1,5,24 Saat
2026-08-10T12:32:19.552602+00:00,2026-08-10T15:32:19.552602+03:00,2822,Esenler Menderes Parkı Zemin Altı Otoparkı,ESENLER,41.0412,28.8729,325,91,234,KAPALI OTOPARK,1,10,24 Saat
2026-08-10T12:32:19.552602+00:00,2026-08-10T15:32:19.552602+03:00,3303,Esenyurt Adile Naşit Bulvarı Zeminaltı Otoparkı,ESENYURT,41.0205,28.6859,367,284,83,KAPALI OTOPARK,1,15,24 Saat
2026-08-10T12:32:19.552602+00:00,2026-08-10T15:32:19.552602+03:00,1328,Eski Salı Pazarı,KADIKÖY,40.9904,29.0338,760,0,760,AÇIK OTOPARK,1,15,24 Saat
2026-08-10T12:32:19.552602+00:00,2026-08-10T15:32:19.552602+03:00,904,Eyüp Pierloti Caddesi 1,EYÜP,41.0539,28.9329,40,1,39,YOL ÜSTÜ,1,0,09:00-22:00
2026-08-10T12:32:19.552602+00:00,2026-08-10T15:32:19.552602+03:00,2850,Eyüpsultan Akşemsettin Mahallesi Zemin Altı Otoparkı,EYÜP,41.085,28.9258,110,0,110,KAPALI OTOPARK,1,15,24 Saat
2026-08-10T12:32:19.552602+00:00,2026-08-10T15:32:19.552602+03:00,2215,Fatih Çeşmesi Tabiat Parkı Otoparkı,SARIYER,41.1686,28.9448,250,243,7,AÇIK OTOPARK,1,0,06:00-20:00
2026-08-10T12:32:19.552602+00:00,2026-08-10T15:32:19.552602+03:00,1475,Fatih Katlı Otoparkı,FATİH,41.0198,28.9396,118,0,118,KAPALI OTOPARK,1,10,24 Saat
2026-08-10T12:32:19.552602+00:00,2026-08-10T15:32:19.552602+03:00,1591,Feshane PD Açık Otoparkı,EYÜP,41.0463,28.9378,200,1,199,AÇIK OTOPARK,1,15,24 Saat
2026-08-10T12:32:19.552602+00:00,2026-08-10T15:32:19.552602+03:00,1005,Florya Havuzlu Bahçe,BAKIRKÖY,40.9764,28.7908,135,1,134,AÇIK OTOPARK,1,0,09:00-23:00
2026-08-10T12:32:19.552602+00:00,2026-08-10T15:32:19.552602+03:00,2238,Florya Sosyal Tesisleri,BAKIRKÖY,40.9614,28.8091,1074,870,204,AÇIK OTOPARK,1,15,24 Saat
2026-08-10T12:32:19.552602+00:00,2026-08-10T15:32:19.552602+03:00,1704,Gazi Umur Paşa Sokak 5,BEŞİKTAŞ,41.0589,29.0114,45,1,44,YOL ÜSTÜ,1,15,08:00-17:00
2026-08-10T12:32:19.552602+00:00,2026-08-10T15:32:19.552602+03:00,3296,Gaziosmanpaşa Meydanı ve Yaşam Merkezi Zemin Altı Otoparkı,GAZİOSMANPAŞA,41.0606,28.9093,202,0,202,KAPALI OTOPARK,1,15,24 Saat
2026-08-10T12:32:19.552602+00:00,2026-08-10T15:32:19.552602+03:00,2971,Gaziosmanpaşa Zemin Altı Otoparkı,GAZİOSMANPAŞA,41.0796,28.8858,285,0,285,KAPALI OTOPARK,1,0,24 Saat
2026-08-10T12:32:19.552602+00:00,2026-08-10T15:32:19.552602+03:00,3401,Giyimkent Tekstilkent Metro Zemin Altı PD Otoparkı,ESENLER,41.0711,28.8666,203,168,35,KAPALI OTOPARK,1,10,24 Saat
2026-08-10T12:32:19.552602+00:00,2026-08-10T15:32:19.552602+03:00,2242,Gözdağı Sosyal Tesisler  Açık Otoparkı,PENDİK,40.893,29.2538,300,215,85,AÇIK OTOPARK,1,0,07:00-23:00
2026-08-10T12:32:19.552602+00:00,2026-08-10T15:32:19.552602+03:00,1879,Gülsuyu Metro PD Yer Altı Otoparkı,MALTEPE,40.9237,29.1548,76,0,76,KAPALI OTOPARK,1,15,08:00-00:00
2026-08-10T12:32:19.552602+00:00,2026-08-10T15:32:19.552602+03:00,1423,Güneş Plajı 1,BAKIRKÖY,40.9712,28.79,250,157,93,AÇIK OTOPARK,1,10,24 Saat
2026-08-10T12:32:19.552602+00:00,2026-08-10T15:32:19.552602+03:00,1461,Güneş Plajı 2,BAKIRKÖY,40.9692,28.7951,135,116,19,AÇIK OTOPARK,1,10,08:00-20:00
2026-08-10T12:32:19.552602+00:00,2026-08-10T15:32:19.552602+03:00,3053,Güngören Nikah Dairesi Zemin Altı otoparkı,GÜNGÖREN,41.0363,28.8718,147,0,147,KAPALI OTOPARK,1,10,24 Saat
2026-08-10T12:32:19.552602+00:00,2026-08-10T15:32:19.552602+03:00,2216,Gürpınar Balık Hali Otoparkı,BEYLİKDÜZÜ,40.9663,28.6019,1000,731,269,AÇIK OTOPARK,1,15,24 Saat
2026-08-10T12:32:19.552602+00:00,2026-08-10T15:32:19.552602+03:00,1525,Hacıosman Metro Yer Altı Otoparkı,SARIYER,41.14,29.0306,422,0,422,KAPALI OTOPARK,1,15,24 Saat
2026-08-10T12:32:19.552602+00:00,2026-08-10T15:32:19.552602+03:00,1470,Haldun Alagaş Katlı Otoparkı,ÜMRANİYE,41.0262,29.1052,197,36,161,KAPALI OTOPARK,1,15,24 Saat
2026-08-10T12:32:19.552602+00:00,2026-08-10T15:32:19.552602+03:00,3235,Haliç Sosyal Tesisleri Otoparkı,FATİH,41.0277,28.9572,60,19,41,AÇIK OTOPARK,1,15,07:00-00:00
2026-08-10T12:32:19.552602+00:00,2026-08-10T15:32:19.552602+03:00,2848,Halkalı Mahallesi Zemin Altı Otoparkı,KÜÇÜKÇEKMECE,41.0359,28.7848,347,172,175,KAPALI OTOPARK,1,15,24 Saat
2026-08-10T12:32:19.552602+00:00,2026-08-10T15:32:19.552602+03:00,2838,Hamidiye Mahallesi Katlı Otoparkı,KAĞITHANE,41.0949,28.971,450,207,243,KAPALI OTOPARK,1,15,24 Saat
2026-08-10T12:32:19.552602+00:00,2026-08-10T15:32:19.552602+03:00,1446,Harbiye Zemin Altı Otoparkı,BEYOĞLU,41.0408,28.9869,142,0,142,KAPALI OTOPARK,1,5,24 Saat
2026-08-10T12:32:19.552602+00:00,2026-08-10T15:32:19.552602+03:00,2332,Haydarpaşa Katlı Otoparkı,ÜSKÜDAR,41.0048,29.0251,840,472,368,KAPALI OTOPARK,1,15,24 Saat
2026-08-10T12:32:19.552602+00:00,2026-08-10T15:32:19.552602+03:00,1987,Haznedar Yer Altı Otoparkı,GÜNGÖREN,41.0083,28.8729,540,0,540,KAPALI OTOPARK,1,0,24 Saat
2026-08-10T12:32:19.552602+00:00,2026-08-10T15:32:19.552602+03:00,377,Hızır Külhani Sokak,FATİH,41.0202,28.9605,32,1,31,YOL ÜSTÜ,1,15,09:00-17:00
2026-08-10T12:32:19.552602+00:00,2026-08-10T15:32:19.552602+03:00,3173,Hürriyet Mahallesi Zeminaltı Otoparkı,GAZİOSMANPAŞA,41.0708,28.8951,190,0,190,KAPALI OTOPARK,1,15,24 Saat
2026-08-10T12:32:19.552602+00:00,2026-08-10T15:32:19.552602+03:00,157,Ihlamur Dere Caddesi 4,BEŞİKTAŞ,41.047,29.0023,27,27,0,YOL ÜSTÜ,1,15,09:00-17:00
2026-08-10T12:32:19.552602+00:00,2026-08-10T15:32:19.552602+03:00,1189,İçerenköy Sebze Meyve Hali Otoparkı,ATAŞEHİR,40.9766,29.1044,600,599,1,AÇIK OTOPARK,1,15,24 Saat
2026-08-10T12:32:19.552602+00:00,2026-08-10T15:32:19.552602+03:00,1127,İshakpaşa Caddesi,FATİH,41.0079,28.9814,200,1,199,YOL ÜSTÜ,1,0,08:00-18:00
2026-08-10T12:32:19.552602+00:00,2026-08-10T15:32:19.552602+03:00,3265,İspark İstanbul West Marina Açık Otoparkı 1,BEYLİKDÜZÜ,40.9636,28.6564,250,1,249,AÇIK OTOPARK,1,15,24 Saat
2026-08-10T12:32:19.552602+00:00,2026-08-10T15:32:19.552602+03:00,2793,İspark Merter Katlı Otoparkı,GÜNGÖREN,41.0097,28.89,900,232,668,KAPALI OTOPARK,1,10,24 Saat
2026-08-10T12:32:19.552602+00:00,2026-08-10T15:32:19.552602+03:00,2430,İspark West İstanbul Marina Açık Otoparkı,BEYLİKDÜZÜ,40.9639,28.6591,1600,1125,475,AÇIK OTOPARK,1,15,24 Saat
2026-08-10T12:32:19.552602+00:00,2026-08-10T15:32:19.552602+03:00,381,İstinye 4 ( Cami Önü ),SARIYER,41.1149,29.0571,25,1,24,YOL ÜSTÜ,1,15,08:30-17:30
2026-08-10T12:32:19.552602+00:00,2026-08-10T15:32:19.552602+03:00,1804,İtalyan Hastanesi Karşısı Açık Otoparkı 1,BEYOĞLU,41.028,28.9815,30,1,29,AÇIK OTOPARK,1,0,08:00-19:00
2026-08-10T12:32:19.552602+00:00,2026-08-10T15:32:19.552602+03:00,507,Kabasakal Medrese Önü,FATİH,41.0062,28.9789,65,1,64,AÇIK OTOPARK,1,0,08:00-18:30
2026-08-10T12:32:19.552602+00:00,2026-08-10T15:32:19.552602+03:00,3306,Kabataş Transfer Merkezi Turizm Otobüs Otoparkı,BEYOĞLU,41.0336,28.9923,160,4,156,KAPALI OTOPARK,1,20,24 Saat
2026-08-10T12:32:19.552602+00:00,2026-08-10T15:32:19.552602+03:00,2918,Kadıköy Hasanpaşa Gazhane Katlı Otoparkı,KADIKÖY,40.9972,29.0428,310,203,107,KAPALI OTOPARK,1,15,24 Saat
2026-08-10T12:32:19.552602+00:00,2026-08-10T15:32:19.552602+03:00,1447,Kadıköy İski Açık Otoparkı,KADIKÖY,40.9874,29.0207,124,0,124,AÇIK OTOPARK,1,15,24 Saat
2026-08-10T12:32:19.552602+00:00,2026-08-10T15:32:19.552602+03:00,1655,Kadıköy Metro Açık Otoparkı,KADIKÖY,40.9899,29.0217,74,0,74,AÇIK OTOPARK,1,15,24 Saat
2026-08-10T12:32:19.552602+00:00,2026-08-10T15:32:19.552602+03:00,3445,Kadıköy Uzunçayır PD Açık Otoparkı,KADIKÖY,40.9982,29.0569,70,42,28,AÇIK OTOPARK,1,15,06:30-16:30
2026-08-10T12:32:19.552602+00:00,2026-08-10T15:32:19.552602+03:00,2808,Kadıköy Yeni Salı Pazarı PD Katlı Otoparkı,KADIKÖY,40.9969,29.0486,1350,620,730,KAPALI OTOPARK,1,15,24 Saat
2026-08-10T12:32:19.552602+00:00,2026-08-10T15:32:19.552602+03:00,2811,Kağıthane Harmantepe Zemin Altı Otoparkı,KAĞITHANE,41.0816,28.9907,200,0,200,KAPALI OTOPARK,1,0,24 Saat
2026-08-10T12:32:19.552602+00:00,2026-08-10T15:32:19.552602+03:00,1452,Kalamış Açık Otoparkı,KADIKÖY,40.9687,29.0363,173,116,57,AÇIK OTOPARK,1,15,24 Saat
2026-08-10T12:32:19.552602+00:00,2026-08-10T15:32:19.552602+03:00,1474,Kartal Hasan Doğan Spor Kompleksi,KARTAL,40.8918,29.1897,773,0,773,KAPALI OTOPARK,1,15,24 Saat
2026-08-10T12:32:19.552602+00:00,2026-08-10T15:32:19.552602+03:00,1105,Kartal İdo Açık Otoparkı,KARTAL,40.8874,29.1881,90,0,90,AÇIK OTOPARK,1,15,24 Saat
2026-08-10T12:32:19.552602+00:00,2026-08-10T15:32:19.552602+03:00,1550,Kartal Sahil Açık Otoparkı,KARTAL,40.8875,29.1901,75,0,75,AÇIK OTOPARK,1,5,24 Saat
2026-08-10T12:32:19.552602+00:00,2026-08-10T15:32:19.552602+03:00,3434,Kasımpaşa Sosyal Tesisler Otoparkı,BEYOĞLU,41.0296,28.9673,60,38,22,AÇIK OTOPARK,1,0,07:30-23:00
2026-08-10T12:32:19.552602+00:00,2026-08-10T15:32:19.552602+03:00,1960,Kazlıçeşme Marmaray Açık Otoparkı,ZEYTİNBURNU,40.9922,28.917,700,545,155,AÇIK OTOPARK,1,15,24 Saat
2026-08-10T12:32:19.552602+00:00,2026-08-10T15:32:19.552602+03:00,2994,Kirazlı Metro Durağı PD Açık Otoparkı,BAĞCILAR,41.033,28.8429,112,0,112,AÇIK OTOPARK,1,5,24 Saat
2026-08-10T12:32:19.552602+00:00,2026-08-10T15:32:19.552602+03:00,1528,Kore Şehitleri Caddesi - Yüzbaşı Kaya Aldağon Sokak 1,ŞİŞLİ,41.0719,29.0139,40,1,39,YOL ÜSTÜ,1,15,07:00-16:00
2026-08-10T12:32:19.552602+00:00,2026-08-10T15:32:19.552602+03:00,2449,Kozyatağı Sebze-Meyve Hali,ATAŞEHİR,40.9787,29.1029,1500,1499,1,AÇIK OTOPARK,1,0,24 Saat
2026-08-10T12:32:19.552602+00:00,2026-08-10T15:32:19.552602+03:00,113,Kurtuluş Caddesi 4,ŞİŞLİ,41.051,28.983,45,1,44,YOL ÜSTÜ,1,15,08:00-18:00
2026-08-10T12:32:19.552602+00:00,2026-08-10T15:32:19.552602+03:00,1206,Kutlugün Sokak 2,FATİH,41.0061,28.9801,200,1,199,YOL ÜSTÜ,1,0,08:00-18:00
2026-08-10T12:32:19.552602+00:00,2026-08-10T15:32:19.552602+03:00,3074,Küçük Çamlıca,ÜSKÜDAR,41.0204,29.0653,129,106,23,AÇIK OTOPARK,1,0,08:00-22:00
2026-08-10T12:32:19.552602+00:00,2026-08-10T15:32:19.552602+03:00,3127,Küçükçekmece Cennet Mahallesi Meydan Zemin Altı Otoparkı,KÜÇÜKÇEKMECE,40.9907,28.783,456,0,456,KAPALI OTOPARK,1,10,24 Saat
2026-08-10T12:32:19.552602+00:00,2026-08-10T15:32:19.552602+03:00,2554,Küçükçekmece Fevzi Çakmak Meydanı Zemin Altı Otoparkı,KÜÇÜKÇEKMECE,41.0076,28.7927,1000,527,473,KAPALI OTOPARK,1,10,24 Saat
2026-08-10T12:32:19.552602+00:00,2026-08-10T15:32:19.552602+03:00,2882,Küçüksu Kasrı Açık Otoparkı,BEYKOZ,41.0789,29.0657,98,90,8,AÇIK OTOPARK,1,0,07:00-23:00
2026-08-10T12:32:19.552602+00:00,2026-08-10T15:32:19.552602+03:00,220,Levent Hamidiye,BEŞİKTAŞ,41.0861,29.0076,100,1,99,AÇIK OTOPARK,1,0,08:00-19:00
2026-08-10T12:32:19.552602+00:00,2026-08-10T15:32:19.552602+03:00,1138,Levent Metro Yer Altı Otoparkı,BEŞİKTAŞ,41.0811,29.0105,100,100,0,AÇIK OTOPARK,1,5,07:30-19:30
2026-08-10T12:32:19.552602+00:00,2026-08-10T15:32:19.552602+03:00,2335,Maçka Açık Otoparkı,ŞİŞLİ,41.046,28.9908,75,74,1,AÇIK OTOPARK,1,0,24 Saat
2026-08-10T12:32:19.552602+00:00,2026-08-10T15:32:19.552602+03:00,1859,Maçka Katlı Otoparkı,ŞİŞLİ,41.0484,28.9903,508,0,508,KAPALI OTOPARK,1,0,24 Saat
2026-08-10T12:32:19.552602+00:00,2026-08-10T15:32:19.552602+03:00,3193,Maltepe Rıhtım Caddesi Açık Otoparkı,MALTEPE,40.9258,29.1241,76,44,32,AÇIK OTOPARK,1,0,24 Saat
2026-08-10T12:32:19.552602+00:00,2026-08-10T15:32:19.552602+03:00,2146,Maltepe Süreyyapaşa Çarşısı Açık Otoparkı,MALTEPE,40.9274,29.1225,156,97,59,AÇIK OTOPARK,1,0,24 Saat
2026-08-10T12:32:19.552602+00:00,2026-08-10T15:32:19.552602+03:00,1599,Maslak Açık Otoparkı,SARIYER,41.1166,29.024,150,59,91,AÇIK OTOPARK,1,10,24 Saat
2026-08-10T12:32:19.552602+00:00,2026-08-10T15:32:19.552602+03:00,2100,Matbaacılar Sitesi Yanı,ZEYTİNBURNU,41.0234,28.9187,250,131,119,AÇIK OTOPARK,1,5,24 Saat
2026-08-10T12:32:19.552602+00:00,2026-08-10T15:32:19.552602+03:00,920,Meclis-i Mebusan Yokuşu 2,BEYOĞLU,41.0326,28.9882,34,1,33,YOL ÜSTÜ,1,15,09:00-17:00
2026-08-10T12:32:19.552602+00:00,2026-08-10T15:32:19.552602+03:00,1546,Menekşe Plajı Açık Otoparkı,BAKIRKÖY,40.9761,28.7766,200,198,2,AÇIK OTOPARK,1,0,24 Saat
2026-08-10T12:32:19.552602+00:00,2026-08-10T15:32:19.552602+03:00,1376,Mercan Açık,FATİH,41.0136,28.9669,130,21,109,AÇIK OTOPARK,1,0,08:00-23:00
2026-08-10T12:32:19.552602+00:00,2026-08-10T15:32:19.552602+03:00,3309,Mercan Ali Paşa Sarayı Zemin Altı Otoparkı,FATİH,41.0136,28.967,196,1,195,KAPALI OTOPARK,1,0,07:00-21:00
2026-08-10T12:32:19.552602+00:00,2026-08-10T15:32:19.552602+03:00,1472,Merter Katlı Otoparkı,GÜNGÖREN,41.0092,28.8874,1000,850,150,KAPALI OTOPARK,1,10,24 Saat
2026-08-10T12:32:19.552602+00:00,2026-08-10T15:32:19.552602+03:00,2375,Merter Metro PD Zeminaltı Otoparkı,GÜNGÖREN,41.0037,28.8897,242,81,161,KAPALI OTOPARK,1,10,24 Saat
2026-08-10T12:32:19.552602+00:00,2026-08-10T15:32:19.552602+03:00,1568,Mete Caddesi 1,BEYOĞLU,41.0382,28.9879,31,1,30,YOL ÜSTÜ,1,15,08:00-23:00
2026-08-10T12:32:19.552602+00:00,2026-08-10T15:32:19.552602+03:00,1471,Mevlana Yeraltı Katlı Otoparkı,ZEYTİNBURNU,41.0072,28.9049,1000,862,138,KAPALI OTOPARK,1,5,24 Saat
2026-08-10T12:32:19.552602+00:00,2026-08-10T15:32:19.552602+03:00,2709,Millet Caddesi Açık Otoparkı,FATİH,41.01,28.9461,60,1,59,AÇIK OTOPARK,1,15,24 Saat
2026-08-10T12:32:19.552602+00:00,2026-08-10T15:32:19.552602+03:00,3152,Mimar Sinan Zemin Altı Otoparkı,ÜSKÜDAR,41.0222,29.0169,956,0,956,KAPALI OTOPARK,1,15,24 Saat
2026-08-10T12:32:19.552602+00:00,2026-08-10T15:32:19.552602+03:00,2870,Miniatürk Çadır Açık Otoparkı,BEYOĞLU,41.0594,28.9501,250,86,164,AÇIK OTOPARK,1,15,07:00-20:00
2026-08-10T12:32:19.552602+00:00,2026-08-10T15:32:19.552602+03:00,2556,Muallim Naci Açık Otoparkı,BEŞİKTAŞ,41.0561,29.0342,35,29,6,AÇIK OTOPARK,1,15,24 Saat
2026-08-10T12:32:19.552602+00:00,2026-08-10T15:32:19.552602+03:00,569,Oda Kule Önü 1,BEYOĞLU,41.0322,28.9751,24,1,23,YOL ÜSTÜ,1,0,07:00-01:00
2026-08-10T12:32:19.552602+00:00,2026-08-10T15:32:19.552602+03:00,1988,Orhangazi Şehir Parkı PD Açık Otoparkı,MALTEPE,40.9313,29.1161,5022,4514,508,AÇIK OTOPARK,1,15,24 Saat
2026-08-10T12:32:19.552602+00:00,2026-08-10T15:32:19.552602+03:00,152,Ortabahçe Caddesi 2,BEŞİKTAŞ,41.0428,29.0043,35,35,0,YOL ÜSTÜ,1,15,08:00-23:00
2026-08-10T12:32:19.552602+00:00,2026-08-10T15:32:19.552602+03:00,153,Ortabahçe Caddesi 3,BEŞİKTAŞ,41.043,29.0042,26,1,25,YOL ÜSTÜ,1,15,08:00-23:00
2026-08-10T12:32:19.552602+00:00,2026-08-10T15:32:19.552602+03:00,119,Ortaklar Caddesi 1,ŞİŞLİ,41.0638,28.9971,25,1,24,YOL ÜSTÜ,1,15,08:30-17:00
2026-08-10T12:32:19.552602+00:00,2026-08-10T15:32:19.552602+03:00,1343,Ortaköy Açık Otoparkı,BEŞİKTAŞ,41.0504,29.0326,170,137,33,AÇIK OTOPARK,1,0,24 Saat
2026-08-10T12:32:19.552602+00:00,2026-08-10T15:32:19.552602+03:00,572,Ortaköy Portakal Yokuşu 1,BEŞİKTAŞ,41.0503,29.0261,15,1,14,YOL ÜSTÜ,1,15,09:00-19:00
2026-08-10T12:32:19.552602+00:00,2026-08-10T15:32:19.552602+03:00,1039,Öğretmen Evi,AVCILAR,40.9723,28.714,80,42,38,AÇIK OTOPARK,1,0,11:00-23:00
2026-08-10T12:32:19.552602+00:00,2026-08-10T15:32:19.552602+03:00,1466,Pendik Katlı Otoparkı,PENDİK,40.8789,29.2342,120,0,120,KAPALI OTOPARK,1,15,24 Saat
2026-08-10T12:32:19.552602+00:00,2026-08-10T15:32:19.552602+03:00,3073,Pendik Kemal Kalkuz Parkı Zemin Altı Otoparkı,PENDİK,40.8885,29.2427,224,0,224,KAPALI OTOPARK,1,0,09:00-18:00
2026-08-10T12:32:19.552602+00:00,2026-08-10T15:32:19.552602+03:00,3019,Pendik Meydan Zemin Altı Otoparkı,PENDİK,40.8752,29.2324,937,0,937,KAPALI OTOPARK,1,0,24 Saat
2026-08-10T12:32:19.552602+00:00,2026-08-10T15:32:19.552602+03:00,2865,Pendik Sahil Engelliler Merkez Önü,PENDİK,40.8735,29.233,100,66,34,AÇIK OTOPARK,1,0,11:00-20:00
2026-08-10T12:32:19.552602+00:00,2026-08-10T15:32:19.552602+03:00,2434,Pendik Sahil İdo,PENDİK,40.8755,29.2369,100,0,100,AÇIK OTOPARK,1,0,07:00-23:00
2026-08-10T12:32:19.552602+00:00,2026-08-10T15:32:19.552602+03:00,248,Pendik Yenimahalle Açık 2 Otoparkı,PENDİK,40.864,29.2723,124,87,37,AÇIK OTOPARK,1,15,10:00-22:00
2026-08-10T12:32:19.552602+00:00,2026-08-10T15:32:19.552602+03:00,297,Perşembe Pazarı 1,BEYOĞLU,41.0252,28.9693,32,1,31,YOL ÜSTÜ,1,15,08:00-17:00
2026-08-10T12:32:19.552602+00:00,2026-08-10T15:32:19.552602+03:00,597,Pierre Loti Caddesi 3,FATİH,41.0069,28.9711,36,1,35,YOL ÜSTÜ,1,0,07:00-17:00
2026-08-10T12:32:19.552602+00:00,2026-08-10T15:32:19.552602+03:00,3263,Piyalepaşa Meydanı Zemin Altı Otoparkı,BEYOĞLU,41.0445,28.9674,560,299,261,KAPALI OTOPARK,1,0,24 Saat
2026-08-10T12:32:19.552602+00:00,2026-08-10T15:32:19.552602+03:00,1900,Ragıp Gümüşpala Cad.(Sobacılar Önü),FATİH,41.0181,28.969,40,1,39,YOL ÜSTÜ,1,15,07:00-18:00
2026-08-10T12:32:19.552602+00:00,2026-08-10T15:32:19.552602+03:00,415,Ragıp Gümüşpala Camii Önü 1,FATİH,41.0211,28.9627,35,1,34,YOL ÜSTÜ,1,0,07:00-17:30
2026-08-10T12:32:19.552602+00:00,2026-08-10T15:32:19.552602+03:00,3268,Refik Saydam Caddesi 3,BEYOĞLU,41.032,28.9736,55,1,54,YOL ÜSTÜ,1,0,06:00-23:00
2026-08-10T12:32:19.552602+00:00,2026-08-10T15:32:19.552602+03:00,2307,Ressam Halim Sokak PD Açık Otoparkı,BAHÇELİEVLER,40.9967,28.8641,120,66,54,AÇIK OTOPARK,1,15,08:00-00:00
2026-08-10T12:32:19.552602+00:00,2026-08-10T15:32:19.552602+03:00,3082,Rumeli Hisarı Sahil Yolu Otoparkı,SARIYER,41.0854,29.0568,20,5,15,AÇIK OTOPARK,1,0,24 Saat
2026-08-10T12:32:19.552602+00:00,2026-08-10T15:32:19.552602+03:00,1595,Sabiha Gökçen Açık Otoparkı,PENDİK,40.925,29.308,1056,228,828,AÇIK OTOPARK,1,15,24 Saat
2026-08-10T12:32:19.552602+00:00,2026-08-10T15:32:19.552602+03:00,3239,Samatya Sahil Cep Otoparkı,FATİH,40.9954,28.932,113,108,5,AÇIK OTOPARK,1,15,24 Saat
2026-08-10T12:32:19.552602+00:00,2026-08-10T15:32:19.552602+03:00,3273,Sarıyer Büyükdere Fidanlığı,SARIYER,41.1548,29.0268,160,155,5,AÇIK OTOPARK,1,0,08:00-18:00
2026-08-10T12:32:19.552602+00:00,2026-08-10T15:32:19.552602+03:00,3299,Sariyer Ayazağa Mah Vadi İstanbul Önü Açık Otoparkı,SARIYER,41.1106,28.9881,100,96,4,AÇIK OTOPARK,1,0,08:00-20:00
2026-08-10T12:32:19.552602+00:00,2026-08-10T15:32:19.552602+03:00,1303,Seyrantepe Katlı (Arena Karşısı) 1,KAĞITHANE,41.101,28.9961,1897,1,1896,KAPALI OTOPARK,1,0,24 Saat
2026-08-10T12:32:19.552602+00:00,2026-08-10T15:32:19.552602+03:00,1628,Sıracevizler Caddesi Yol Üstü 5,ŞİŞLİ,41.0607,28.9841,45,1,44,YOL ÜSTÜ,1,15,09:00-17:00
2026-08-10T12:32:19.552602+00:00,2026-08-10T15:32:19.552602+03:00,464,Sirkeci Gar Önü,FATİH,41.015,28.9761,60,1,59,AÇIK OTOPARK,1,5,07:00-20:00
2026-08-10T12:32:19.552602+00:00,2026-08-10T15:32:19.552602+03:00,1486,Siyavuşpaşa Yer Altı Otoparkı,BAHÇELİEVLER,40.9965,28.8532,155,0,155,KAPALI OTOPARK,1,0,24 Saat
2026-08-10T12:32:19.552602+00:00,2026-08-10T15:32:19.552602+03:00,1958,Soğanlık Metro PD Açık Otoparkı,KARTAL,40.9131,29.1925,898,832,66,AÇIK OTOPARK,1,15,24 Saat
2026-08-10T12:32:19.552602+00:00,2026-08-10T15:32:19.552602+03:00,589,Su Terazisi Sokak,FATİH,41.0046,28.9727,22,1,21,YOL ÜSTÜ,1,0,07:30-17:00
2026-08-10T12:32:19.552602+00:00,2026-08-10T15:32:19.552602+03:00,1478,Suadiye Cep Açık Otoparkı,KADIKÖY,40.9586,29.0732,130,98,32,AÇIK OTOPARK,1,15,24 Saat
2026-08-10T12:32:19.552602+00:00,2026-08-10T15:32:19.552602+03:00,2948,Suadiye Sahil Açık Otoparkı,KADIKÖY,40.9562,29.0797,70,27,43,AÇIK OTOPARK,1,5,24 Saat
2026-08-10T12:32:19.552602+00:00,2026-08-10T15:32:19.552602+03:00,2799,Sultanbeyli Emir Caddesi Zemin Altı Otoparkı,SULTANBEYLİ,40.9707,29.2606,130,52,78,KAPALI OTOPARK,1,15,08:00-22:00
2026-08-10T12:32:19.552602+00:00,2026-08-10T15:32:19.552602+03:00,2372,Sultanbeyli Kent Meydanı Zemin Altı Otoparkı,SULTANBEYLİ,40.9667,29.2667,300,135,165,KAPALI OTOPARK,1,15,24 Saat
2026-08-10T12:32:19.552602+00:00,2026-08-10T15:32:19.552602+03:00,2410,Sultangazi Zemin Altı Otoparkı,SULTANGAZİ,41.0944,28.8649,104,0,104,KAPALI OTOPARK,1,10,24 Saat
2026-08-10T12:32:19.552602+00:00,2026-08-10T15:32:19.552602+03:00,2085,Süleyman Seba Caddesi 2,BEŞİKTAŞ,41.0426,28.9998,40,1,39,YOL ÜSTÜ,1,15,08:00-18:00
2026-08-10T12:32:19.552602+00:00,2026-08-10T15:32:19.552602+03:00,2088,Süleyman Seba Caddesi 5,BEŞİKTAŞ,41.0432,28.9978,40,1,39,YOL ÜSTÜ,1,15,08:00-18:00
2026-08-10T12:32:19.552602+00:00,2026-08-10T15:32:19.552602+03:00,2089,Süleyman Seba Caddesi 6,BEŞİKTAŞ,41.0435,28.9967,11,1,10,YOL ÜSTÜ,1,15,08:00-18:00
2026-08-10T12:32:19.552602+00:00,2026-08-10T15:32:19.552602+03:00,2391,Süleymaniye Cami Altı Açık Otoparkı,FATİH,41.0158,28.961,250,235,15,AÇIK OTOPARK,1,0,06:30-18:30
2026-08-10T12:32:19.552602+00:00,2026-08-10T15:32:19.552602+03:00,1730,Sütlüce Miniatürk Yanı,BEYOĞLU,41.057,28.95,320,218,102,AÇIK OTOPARK,1,15,24 Saat
2026-08-10T12:32:19.552602+00:00,2026-08-10T15:32:19.552602+03:00,36,Şakayık Sokak 4,ŞİŞLİ,41.0518,28.9936,50,1,49,YOL ÜSTÜ,1,15,08:00-16:00
2026-08-10T12:32:19.552602+00:00,2026-08-10T15:32:19.552602+03:00,1469,Şehit Volkan Duysak Katlı Otoparkı,ZEYTİNBURNU,40.9968,28.9039,1000,686,314,KAPALI OTOPARK,1,5,24 Saat
2026-08-10T12:32:19.552602+00:00,2026-08-10T15:32:19.552602+03:00,2855,Şemsipaşa Açık Otoparkı,ÜSKÜDAR,41.0255,29.0097,80,32,48,AÇIK OTOPARK,1,0,24 Saat
2026-08-10T12:32:19.552602+00:00,2026-08-10T15:32:19.552602+03:00,2439,Şirinevler Meydan Zeminaltı Otoparkı,BAHÇELİEVLER,40.9925,28.8496,367,24,343,KAPALI OTOPARK,1,0,24 Saat
2026-08-10T12:32:19.552602+00:00,2026-08-10T15:32:19.552602+03:00,3400,Şişhane Refik Saydam Caddesi 2 Yol Üstü Otoparkı 1,BEYOĞLU,41.0326,28.9743,70,1,69,YOL ÜSTÜ,1,15,06:00-23:00
2026-08-10T12:32:19.552602+00:00,2026-08-10T15:32:19.552602+03:00,3441,Şişli Kuştepe Zemin Altı Otoparkı,ŞİŞLİ,41.072,28.9919,430,334,96,KAPALI OTOPARK,1,15,24 Saat
2026-08-10T12:32:19.552602+00:00,2026-08-10T15:32:19.552602+03:00,2816,Şişli Rumeli Caddesi Metro Yanı 1,ŞİŞLİ,41.0538,28.9868,45,1,44,YOL ÜSTÜ,1,15,08:00-20:00
2026-08-10T12:32:19.552602+00:00,2026-08-10T15:32:19.552602+03:00,2406,Şişli Zemin Altı Otoparkı,ŞİŞLİ,41.0641,28.9992,581,165,416,KAPALI OTOPARK,1,15,24 Saat
2026-08-10T12:32:19.552602+00:00,2026-08-10T15:32:19.552602+03:00,1993,Tuzla İdo,TUZLA,40.8149,29.3039,300,264,36,AÇIK OTOPARK,1,15,24 Saat
2026-08-10T12:32:19.552602+00:00,2026-08-10T15:32:19.552602+03:00,3332,Tuzla Sahil Cep,TUZLA,40.8168,29.2992,50,40,10,AÇIK OTOPARK,1,0,08:00-00:00
2026-08-10T12:32:19.552602+00:00,2026-08-10T15:32:19.552602+03:00,3057,Tuzla Sahil Zemin Altı Otoparkı,TUZLA,40.8181,29.3004,779,1,778,KAPALI OTOPARK,1,15,24 Saat
2026-08-10T12:32:19.552602+00:00,2026-08-10T15:32:19.552602+03:00,1811,Ulu Camii Açık Otoparkı,BAHÇELİEVLER,40.9982,28.8499,150,121,29,AÇIK OTOPARK,1,10,24 Saat
2026-08-10T12:32:19.552602+00:00,2026-08-10T15:32:19.552602+03:00,2424,Uzunçayır Açık Otoparkı,KADIKÖY,40.9988,29.0556,58,52,6,AÇIK OTOPARK,1,0,06:00-16:00
2026-08-10T12:32:19.552602+00:00,2026-08-10T15:32:19.552602+03:00,1468,Ümraniye Katlı Otoparkı,ÜMRANİYE,41.0261,29.0953,665,404,261,KAPALI OTOPARK,1,15,24 Saat
2026-08-10T12:32:19.552602+00:00,2026-08-10T15:32:19.552602+03:00,2898,Ümraniye Okan Sokak Zeminaltı Otoparkı,ÜMRANİYE,41.0284,29.0907,125,37,88,KAPALI OTOPARK,1,15,24 Saat
2026-08-10T12:32:19.552602+00:00,2026-08-10T15:32:19.552602+03:00,2345,Üsküdar Uzunçayır PD Açık Otoparkı,ÜSKÜDAR,40.9988,29.0577,90,51,39,AÇIK OTOPARK,1,15,06:00-22:00
2026-08-10T12:32:19.552602+00:00,2026-08-10T15:32:19.552602+03:00,1929,Üsküdar Ünalan Açık Otoparkı,ÜSKÜDAR,40.9979,29.0604,180,175,5,AÇIK OTOPARK,1,0,07:00-17:00
2026-08-10T12:32:19.552602+00:00,2026-08-10T15:32:19.552602+03:00,1487,Vatan Caddesi PD Açık Otoparkı,FATİH,41.0157,28.9405,397,188,209,AÇIK OTOPARK,1,5,24 Saat
2026-08-10T12:32:19.552602+00:00,2026-08-10T15:32:19.552602+03:00,2441,Yalı Açık Otoparkı,MALTEPE,40.9095,29.137,85,81,4,AÇIK OTOPARK,1,0,07:30-22:00
2026-08-10T12:32:19.552602+00:00,2026-08-10T15:32:19.552602+03:00,459,Yalı Köşkü Caddesi 1,FATİH,41.0163,28.9759,61,1,60,YOL ÜSTÜ,1,5,07:00-21:00
2026-08-10T12:32:19.552602+00:00,2026-08-10T15:32:19.552602+03:00,2037,Yenikapı Marmaray Büyük Otoparkı,FATİH,41.0057,28.9505,324,90,234,AÇIK OTOPARK,1,15,24 Saat
2026-08-10T12:32:19.552602+00:00,2026-08-10T15:32:19.552602+03:00,2036,Yenikapı Marmaray Küçük Otoparkı,FATİH,41.0064,28.9504,200,134,66,AÇIK OTOPARK,1,15,07:00-22:00
2026-08-10T12:32:19.552602+00:00,2026-08-10T15:32:19.552602+03:00,2175,Yenikapı Spor ve Kültür Merkezi PD Açık Otoparkı,FATİH,41.0006,28.9519,4023,3740,283,AÇIK OTOPARK,1,15,24 Saat
2026-08-10T12:32:19.552602+00:00,2026-08-10T15:32:19.552602+03:00,2805,Yenikapı Tünel Üstü Açık Otoparkı,FATİH,41.0029,28.9534,700,410,290,AÇIK OTOPARK,1,10,24 Saat
2026-08-10T12:32:19.552602+00:00,2026-08-10T15:32:19.552602+03:00,3404,Yenimahalle Metro Zemin Altı PD Otoparkı,GAZİOSMANPAŞA,41.0839,28.8926,114,92,22,KAPALI OTOPARK,1,15,24 Saat
2026-08-10T12:32:19.552602+00:00,2026-08-10T15:32:19.552602+03:00,2920,Yeşilce Zemin Altı Katlı Otoparkı,KAĞITHANE,41.0938,29.0017,676,0,676,KAPALI OTOPARK,1,0,24 Saat
2026-08-10T12:32:19.552602+00:00,2026-08-10T15:32:19.552602+03:00,987,Yeşilköy İstasyon Caddesi 1,BAKIRKÖY,40.962,28.825,40,1,39,YOL ÜSTÜ,1,15,09:00-17:30
2026-08-10T12:32:19.552602+00:00,2026-08-10T15:32:19.552602+03:00,974,Yeşilköy Marina 1,BAKIRKÖY,40.9576,28.8233,145,1,144,YOL ÜSTÜ,1,0,12:00-23:00
2026-08-10T12:32:19.552602+00:00,2026-08-10T15:32:19.552602+03:00,3406,Yeşilpınar Metro Zemin Altı PD Otoparkı,EYÜP,41.081,28.9204,269,208,61,KAPALI OTOPARK,1,15,24 Saat
2026-08-10T12:32:19.552602+00:00,2026-08-10T15:32:19.552602+03:00,315,Yeşilyurt Çarşı 1,BAKIRKÖY,40.9643,28.8379,50,1,49,YOL ÜSTÜ,1,15,09:00-17:30
2026-08-10T12:32:19.552602+00:00,2026-08-10T15:32:19.552602+03:00,1133,Yıldız Korusu,BEŞİKTAŞ,41.0514,29.0165,500,499,1,AÇIK OTOPARK,1,0,08:00-22:00
2026-08-10T12:32:19.552602+00:00,2026-08-10T15:32:19.552602+03:00,882,Zeytinburnu 58. Bulvar 2,ZEYTİNBURNU,40.9932,28.9039,48,1,47,YOL ÜSTÜ,1,15,09:00-18:00
2026-08-10T12:32:19.552602+00:00,2026-08-10T15:32:19.552602+03:00,3185,Zeytinburnu Sahil Cep Otoparkı,ZEYTİNBURNU,40.9798,28.8985,160,1,159,AÇIK OTOPARK,1,0,12:00-22:00
2026-08-10T14:04:53.835891+00:00,2026-08-10T17:04:53.835891+03:00,3068,15 Temmuz Şehitler Meydanı Zeminaltı Otoparkı,ÜMRANİYE,41.0246,29.0915,1029,475,554,KAPALI OTOPARK,1,15,24 Saat
2026-08-10T14:04:53.835891+00:00,2026-08-10T17:04:53.835891+03:00,2338,19 Mayıs Açık,ŞİŞLİ,41.0563,28.9941,65,0,65,AÇIK OTOPARK,1,0,24 Saat
2026-08-10T14:04:53.835891+00:00,2026-08-10T17:04:53.835891+03:00,1751,4.Levent PD Açık Otoparkı,KAĞITHANE,41.0836,29.0081,236,95,141,AÇIK OTOPARK,1,5,24 Saat
2026-08-10T14:04:53.835891+00:00,2026-08-10T17:04:53.835891+03:00,3328,4.Levent Servis ve Turizm Araçları Açık Otoparkı,ŞİŞLİ,41.0841,29.0054,300,158,142,AÇIK OTOPARK,1,15,24 Saat
2026-08-10T14:04:53.835891+00:00,2026-08-10T17:04:53.835891+03:00,3412,5. Levent Gaziosmanpaşa Adliyesi Yanı Açık Otoparkı,EYÜP,41.0927,28.9494,250,207,43,AÇIK OTOPARK,1,15,07:00-23:00
2026-08-10T14:04:53.835891+00:00,2026-08-10T17:04:53.835891+03:00,104,Abide-i Hürriyet Caddesi 5,ŞİŞLİ,41.0619,28.9876,40,1,39,YOL ÜSTÜ,0,15,08:00-17:00
2026-08-10T14:04:53.835891+00:00,2026-08-10T17:04:53.835891+03:00,2452,Acıbadem Açık Otoparkı,ÜSKÜDAR,41.0157,29.0574,100,86,14,AÇIK OTOPARK,0,0,06:30-16:00
2026-08-10T14:04:53.835891+00:00,2026-08-10T17:04:53.835891+03:00,346,Ada Karşısı Cep 2,BEŞİKTAŞ,41.072,29.045,30,1,29,YOL ÜSTÜ,1,15,08:00-23:00
2026-08-10T14:04:53.835891+00:00,2026-08-10T17:04:53.835891+03:00,1663,Akasyalı Sokak Tenis Kulubü Önü 2,BEŞİKTAŞ,41.0867,29.0109,45,1,44,YOL ÜSTÜ,1,15,08:30-17:30
2026-08-10T14:04:53.835891+00:00,2026-08-10T17:04:53.835891+03:00,828,Akdeniz Caddesi 4,FATİH,41.0175,28.9435,27,1,26,YOL ÜSTÜ,1,15,09:00-18:00
2026-08-10T14:04:53.835891+00:00,2026-08-10T17:04:53.835891+03:00,1913,Alibeyköy Cep Otogarı Açık Otoparkı,EYÜP,41.0879,28.9446,116,0,116,AÇIK OTOPARK,1,25,24 Saat
2026-08-10T14:04:53.835891+00:00,2026-08-10T17:04:53.835891+03:00,1912,Alibeyköy Cep Otogarı Otobüs Otoparkı,EYÜP,41.0875,28.9449,5000,4983,17,AÇIK OTOPARK,1,60,24 Saat
2026-08-10T14:04:53.835891+00:00,2026-08-10T17:04:53.835891+03:00,2562,Alibeyköy Yeşiltepe Zemin Altı Otoparkı,EYÜP,41.0797,28.938,159,64,95,KAPALI OTOPARK,1,15,24 Saat
2026-08-10T14:04:53.835891+00:00,2026-08-10T17:04:53.835891+03:00,3201,Altınboynuz Sosyal Tesisleri,EYÜP,41.058,28.9447,70,69,1,AÇIK OTOPARK,1,15,08:00-23:00
2026-08-10T14:04:53.835891+00:00,2026-08-10T17:04:53.835891+03:00,758,Arap Camii Açık Otoparkı,BEYOĞLU,41.0227,28.9723,30,1,29,AÇIK OTOPARK,0,0,09:00-17:00
2026-08-10T14:04:53.835891+00:00,2026-08-10T17:04:53.835891+03:00,1963,Aras Sokak 1,BÜYÜKÇEKMECE,41.0226,28.622,60,60,0,YOL ÜSTÜ,0,0,06:00-14:30
2026-08-10T14:04:53.835891+00:00,2026-08-10T17:04:53.835891+03:00,2802,Arnavutköy Zemin Altı Otoparkı,ARNAVUTKÖY,41.1838,28.7396,700,35,665,KAPALI OTOPARK,1,15,24 Saat
2026-08-10T14:04:53.835891+00:00,2026-08-10T17:04:53.835891+03:00,1797,Ataköy Atrium AVM,BAKIRKÖY,40.9881,28.8459,250,191,59,AÇIK OTOPARK,1,15,08:00-23:00
2026-08-10T14:04:53.835891+00:00,2026-08-10T17:04:53.835891+03:00,2824,Ataköy Metro Durağı Yanı PD Zemin Altı Otoparkı,BAKIRKÖY,40.9904,28.8456,150,81,69,KAPALI OTOPARK,1,0,24 Saat
2026-08-10T14:04:53.835891+00:00,2026-08-10T17:04:53.835891+03:00,359,Atatürk Bulvarı 1,FATİH,41.0112,28.9534,20,1,19,YOL ÜSTÜ,1,0,07:30-18:00
2026-08-10T14:04:53.835891+00:00,2026-08-10T17:04:53.835891+03:00,3087,Atatürk Kent Ormanı Otoparkı,SARIYER,41.136,29.0262,200,198,2,AÇIK OTOPARK,0,0,08:00-17:00
2026-08-10T14:04:53.835891+00:00,2026-08-10T17:04:53.835891+03:00,1088,Avcılar İdo,AVCILAR,40.9712,28.7185,270,262,8,AÇIK OTOPARK,1,0,13:00-07:00
2026-08-10T14:04:53.835891+00:00,2026-08-10T17:04:53.835891+03:00,2885,Azapkapı Haliç Metro Otoparkı,ŞİŞLİ,41.0245,28.9691,80,3,77,AÇIK OTOPARK,1,5,24 Saat
2026-08-10T14:04:53.835891+00:00,2026-08-10T17:04:53.835891+03:00,2455,Azerbaycan Dostluk Parkı Zemin Altı Otoparkı,BAĞCILAR,41.0444,28.854,400,193,207,KAPALI OTOPARK,1,10,24 Saat
2026-08-10T14:04:53.835891+00:00,2026-08-10T17:04:53.835891+03:00,2965,Bağcılar Çolakoğlu Zemin Altı Otoparkı,BAĞCILAR,41.0324,28.8345,106,0,106,KAPALI OTOPARK,1,5,24 Saat
2026-08-10T14:04:53.835891+00:00,2026-08-10T17:04:53.835891+03:00,2576,Bağcılar Demirkapı Zemin Altı Otoparkı,BAĞCILAR,41.0499,28.8327,343,178,165,KAPALI OTOPARK,1,5,24 Saat
2026-08-10T14:04:53.835891+00:00,2026-08-10T17:04:53.835891+03:00,3036,Bağcılar Devlet Hastanesi Yanı Zeminaltı Otoparkı,BAĞCILAR,41.0312,28.8696,1133,135,998,KAPALI OTOPARK,1,15,24 Saat
2026-08-10T14:04:53.835891+00:00,2026-08-10T17:04:53.835891+03:00,3071,Bağcılar Emniyet Müdürlüğü Yanı Açık Otoparkı,BAĞCILAR,41.0353,28.8598,100,66,34,AÇIK OTOPARK,1,0,24 Saat
2026-08-10T14:04:53.835891+00:00,2026-08-10T17:04:53.835891+03:00,2873,Bağcılar Göztepe Zemin Altı,BAĞCILAR,41.0567,28.8355,120,0,120,KAPALI OTOPARK,1,5,24 Saat
2026-08-10T14:04:53.835891+00:00,2026-08-10T17:04:53.835891+03:00,3187,Bağcılar Hürriyet Mahallesi Zemin Altı Otoparkı,BAĞCILAR,41.0291,28.8333,355,0,355,KAPALI OTOPARK,1,10,24 Saat
2026-08-10T14:04:53.835891+00:00,2026-08-10T17:04:53.835891+03:00,2916,Bağcılar Kent Meydanı PD Zemin Altı Otoparkı,BAĞCILAR,41.0339,28.8556,1162,0,1162,KAPALI OTOPARK,1,0,24 Saat
2026-08-10T14:04:53.835891+00:00,2026-08-10T17:04:53.835891+03:00,3261,Bağcılar Yenimahalle Zemin Altı Otoparkı,BAĞCILAR,41.0425,28.8395,525,278,247,KAPALI OTOPARK,1,15,24 Saat
2026-08-10T14:04:53.835891+00:00,2026-08-10T17:04:53.835891+03:00,2820,Bağcılar Yıldıztepe Katlı Otoparkı,BAĞCILAR,41.0294,28.8556,350,0,350,KAPALI OTOPARK,1,10,24 Saat
2026-08-10T14:04:53.835891+00:00,2026-08-10T17:04:53.835891+03:00,3447,Bahçelievler 23 Nisan Milli Egemenlik Zeminaltı Otoparkı,BAHÇELİEVLER,40.9988,28.8472,732,548,184,KAPALI OTOPARK,1,10,24 Saat
2026-08-10T14:04:53.835891+00:00,2026-08-10T17:04:53.835891+03:00,2993,Bahçelievler Cumhuriyet Zeminaltı Otoparkı,BAHÇELİEVLER,41.0149,28.859,663,0,663,KAPALI OTOPARK,1,10,24 Saat
2026-08-10T14:04:53.835891+00:00,2026-08-10T17:04:53.835891+03:00,2969,Bahçelievler Devlet Hastanesi Yanı Katlı Otoparkı,BAHÇELİEVLER,41.0072,28.8442,740,0,740,KAPALI OTOPARK,1,0,24 Saat
2026-08-10T14:04:53.835891+00:00,2026-08-10T17:04:53.835891+03:00,3051,Bahçelievler Zafer Mh. Zeminaltı Otoparkı,BAHÇELİEVLER,41.0036,28.8351,200,94,106,KAPALI OTOPARK,1,0,24 Saat
2026-08-10T14:04:53.835891+00:00,2026-08-10T17:04:53.835891+03:00,3236,Bahçeşehir Gölet Açık Otoparkı,BAŞAKŞEHİR,41.0719,28.6901,200,1,199,AÇIK OTOPARK,1,0,12:00-22:00
2026-08-10T14:04:53.835891+00:00,2026-08-10T17:04:53.835891+03:00,1465,Bakırköy İdo Açık Otoparkı,BAKIRKÖY,40.9739,28.8761,160,112,48,AÇIK OTOPARK,1,10,24 Saat
2026-08-10T14:04:53.835891+00:00,2026-08-10T17:04:53.835891+03:00,1104,Balmumcu Katlı Otoparkı,BEŞİKTAŞ,41.0636,29.0109,400,226,174,KAPALI OTOPARK,1,5,24 Saat
2026-08-10T14:04:53.835891+00:00,2026-08-10T17:04:53.835891+03:00,2350,Bayrampaşa Adapark Katlı Otoparkı,BAYRAMPAŞA,41.0647,28.8875,650,0,650,KAPALI OTOPARK,1,15,24 Saat
2026-08-10T14:04:53.835891+00:00,2026-08-10T17:04:53.835891+03:00,2892,Bayrampaşa Altıntepsi Zemin  Altı Otoparkı,BAYRAMPAŞA,41.0393,28.9029,110,0,110,KAPALI OTOPARK,1,10,24 Saat
2026-08-10T14:04:53.835891+00:00,2026-08-10T17:04:53.835891+03:00,2909,Bayrampaşa Atatürk Parkı  Zemin Altı Otoparkı,BAYRAMPAŞA,41.0342,28.9123,442,0,442,KAPALI OTOPARK,1,10,24 Saat
2026-08-10T14:04:53.835891+00:00,2026-08-10T17:04:53.835891+03:00,2683,Bayrampaşa Devlet Hastanesi Cep Otoparkı,BAYRAMPAŞA,41.0414,28.9031,55,5,50,AÇIK OTOPARK,1,0,08:00-19:00
2026-08-10T14:04:53.835891+00:00,2026-08-10T17:04:53.835891+03:00,3301,Bayrampaşa Kocatepe Mahallesi Zemin Altı Otoparkı,BAYRAMPAŞA,41.0545,28.8964,241,2,239,KAPALI OTOPARK,1,10,24 Saat
2026-08-10T14:04:53.835891+00:00,2026-08-10T17:04:53.835891+03:00,2053,Bayrampaşa Muratpaşa Yer Altı Otoparkı,BAYRAMPAŞA,41.047,28.9082,300,24,276,KAPALI OTOPARK,1,15,24 Saat
2026-08-10T14:04:53.835891+00:00,2026-08-10T17:04:53.835891+03:00,3175,Bayrampaşa Spor Kompleksi Zemin Altı Otoparkı,BAYRAMPAŞA,41.0446,28.9106,205,0,205,KAPALI OTOPARK,1,15,24 Saat
2026-08-10T14:04:53.835891+00:00,2026-08-10T17:04:53.835891+03:00,3382,Bayrampaşa Şehit Kamil Balkan Zemin Altı Otoparkı,BAYRAMPAŞA,41.0604,28.9008,235,0,235,KAPALI OTOPARK,1,10,24 Saat
2026-08-10T14:04:53.835891+00:00,2026-08-10T17:04:53.835891+03:00,2428,Bayrampaşa Yenidoğan Mahallesi Zemin Altı Otoparkı,BAYRAMPAŞA,41.0395,28.9088,120,0,120,KAPALI OTOPARK,1,10,24 Saat
2026-08-10T14:04:53.835891+00:00,2026-08-10T17:04:53.835891+03:00,2468,Bebek Açık,BEŞİKTAŞ,41.077,29.0434,30,0,30,AÇIK OTOPARK,1,0,24 Saat
2026-08-10T14:04:53.835891+00:00,2026-08-10T17:04:53.835891+03:00,3479,Beşiktaş Halk Pazarı Açık Otoparkı,BEŞİKTAŞ,41.0496,29.0004,170,103,67,AÇIK OTOPARK,1,5,24 Saat
2026-08-10T14:04:53.835891+00:00,2026-08-10T17:04:53.835891+03:00,3257,Beykoz Sahil Cep Otoparkı,BEYKOZ,41.1286,29.0953,100,74,26,AÇIK OTOPARK,1,0,08:00-00:00
2026-08-10T14:04:53.835891+00:00,2026-08-10T17:04:53.835891+03:00,2273,Beykoz Sosyal Tesisleri,BEYKOZ,41.1143,29.0888,130,0,130,AÇIK OTOPARK,1,15,08:00-00:00
2026-08-10T14:04:53.835891+00:00,2026-08-10T17:04:53.835891+03:00,2999,Beyoğlu Gazhane Bostan Sokak 2,BEYOĞLU,41.0389,28.9903,35,1,34,YOL ÜSTÜ,0,0,07:30-16:30
2026-08-10T14:04:53.835891+00:00,2026-08-10T17:04:53.835891+03:00,3072,Beyoğlu Örnektepe Zemin Altı Otoparkı,BEYOĞLU,41.0543,28.9548,143,0,143,KAPALI OTOPARK,1,0,24 Saat
2026-08-10T14:04:53.835891+00:00,2026-08-10T17:04:53.835891+03:00,1455,Bostancı Açık,KADIKÖY,40.9523,29.0902,394,91,303,AÇIK OTOPARK,1,15,24 Saat
2026-08-10T14:04:53.835891+00:00,2026-08-10T17:04:53.835891+03:00,1456,Bostancı Sahil-Cep Açık Otoparkı,KADIKÖY,40.9545,29.0885,192,104,88,AÇIK OTOPARK,1,15,24 Saat
2026-08-10T14:04:53.835891+00:00,2026-08-10T17:04:53.835891+03:00,2150,Bostancı Vergi Dairesi Açık Otoparkı,ATAŞEHİR,40.9625,29.1083,155,0,155,AÇIK OTOPARK,1,5,08:00-20:00
2026-08-10T14:04:53.835891+00:00,2026-08-10T17:04:53.835891+03:00,2854,Bülent Ecevit Kültür Merkezi Açık Otoparkı,KARTAL,40.8852,29.1967,277,266,11,AÇIK OTOPARK,1,0,10:00-21:00
2026-08-10T14:04:53.835891+00:00,2026-08-10T17:04:53.835891+03:00,2866,Büyük İstanbul Otogarı,BAYRAMPAŞA,41.0402,28.8942,1000,0,1000,AÇIK OTOPARK,1,25,24 Saat
2026-08-10T14:04:53.835891+00:00,2026-08-10T17:04:53.835891+03:00,1192,Büyükçamlıca Korusu Sosyal Tesisleri Önü,ÜSKÜDAR,41.0264,29.0698,204,112,92,AÇIK OTOPARK,1,0,08:00-00:00
2026-08-10T14:04:53.835891+00:00,2026-08-10T17:04:53.835891+03:00,2960,Büyükçekmece Metrobüs Durağı Yanı PD Zemin Altı Otopark,BÜYÜKÇEKMECE,41.0221,28.624,448,0,448,KAPALI OTOPARK,1,0,24 Saat
2026-08-10T14:04:53.835891+00:00,2026-08-10T17:04:53.835891+03:00,1503,Cadde Bostan Açık Otoparkı,KADIKÖY,40.9636,29.0675,66,22,44,AÇIK OTOPARK,1,15,24 Saat
2026-08-10T14:04:53.835891+00:00,2026-08-10T17:04:53.835891+03:00,2933,Cemal Kamacı Spor Kompleksi Zemin Altı Otoparkı,KAĞITHANE,41.0536,28.9575,510,0,510,KAPALI OTOPARK,1,0,24 Saat
2026-08-10T14:04:53.835891+00:00,2026-08-10T17:04:53.835891+03:00,2207,Cengiz Topel Yer Altı Katlı Otoparkı,ESENLER,41.0588,28.8643,144,0,144,KAPALI OTOPARK,1,15,24 Saat
2026-08-10T14:04:53.835891+00:00,2026-08-10T17:04:53.835891+03:00,2787,Cevizli Açık Otoparkı,KARTAL,40.9179,29.1712,100,49,51,AÇIK OTOPARK,1,15,08:00-19:00
2026-08-10T14:04:53.835891+00:00,2026-08-10T17:04:53.835891+03:00,782,Cihangir Caddesi 2,BEYOĞLU,41.0319,28.9862,70,1,69,YOL ÜSTÜ,1,15,09:00-19:00
2026-08-10T14:04:53.835891+00:00,2026-08-10T17:04:53.835891+03:00,1467,Cihangir Katlı Otoparkı,BEYOĞLU,41.0318,28.9858,350,0,350,KAPALI OTOPARK,1,0,24 Saat
2026-08-10T14:04:53.835891+00:00,2026-08-10T17:04:53.835891+03:00,535,Cihannuma Yol Üstü 1,BEŞİKTAŞ,41.0454,29.0084,35,1,34,YOL ÜSTÜ,1,0,08:00-23:00
2026-08-10T14:04:53.835891+00:00,2026-08-10T17:04:53.835891+03:00,537,Cihannuma Yol Üstü 3,BEŞİKTAŞ,41.0459,29.0087,33,1,32,YOL ÜSTÜ,1,0,08:00-23:00
2026-08-10T14:04:53.835891+00:00,2026-08-10T17:04:53.835891+03:00,539,Cihannuma Yol Üstü 5,BEŞİKTAŞ,41.0489,29.0094,24,1,23,YOL ÜSTÜ,1,0,08:00-23:00
2026-08-10T14:04:53.835891+00:00,2026-08-10T17:04:53.835891+03:00,3184,Çam Sokak 6,GÜNGÖREN,41.0121,28.8882,50,1,49,YOL ÜSTÜ,0,15,08:00-17:00
2026-08-10T14:04:53.835891+00:00,2026-08-10T17:04:53.835891+03:00,3030,Çekmeköy Metro PD Zemin Altı Otoparkı,ÇEKMEKÖY,41.0147,29.1886,175,42,133,KAPALI OTOPARK,1,15,24 Saat
2026-08-10T14:04:53.835891+00:00,2026-08-10T17:04:53.835891+03:00,2905,Çeliktepe Açık Otoparkı,KAĞITHANE,41.0843,29.0056,200,64,136,AÇIK OTOPARK,1,5,24 Saat
2026-08-10T14:04:53.835891+00:00,2026-08-10T17:04:53.835891+03:00,1298,Çengelköy Açık Otoparkı,ÜSKÜDAR,41.0484,29.0533,500,338,162,AÇIK OTOPARK,1,15,24 Saat
2026-08-10T14:04:53.835891+00:00,2026-08-10T17:04:53.835891+03:00,502,Çınar Açık Otoparkı,BEŞİKTAŞ,41.0853,29.0088,65,1,64,AÇIK OTOPARK,1,0,08:00-18:00
2026-08-10T14:04:53.835891+00:00,2026-08-10T17:04:53.835891+03:00,777,Çırağan Sarayı Yol Üstü 1,BEŞİKTAŞ,41.0448,29.0165,40,1,39,YOL ÜSTÜ,1,15,08:00-23:00
2026-08-10T14:04:53.835891+00:00,2026-08-10T17:04:53.835891+03:00,778,Çırağan Sarayı Yol Üstü 2,BEŞİKTAŞ,41.0445,29.0156,40,1,39,YOL ÜSTÜ,1,15,08:00-23:00
2026-08-10T14:04:53.835891+00:00,2026-08-10T17:04:53.835891+03:00,2228,Çırpıcı Sosyal Tesisler,ZEYTİNBURNU,41,28.8926,128,0,128,AÇIK OTOPARK,1,15,07:00-00:00
2026-08-10T14:04:53.835891+00:00,2026-08-10T17:04:53.835891+03:00,2030,Dalyan Açık Otoparkı,KADIKÖY,40.9632,29.0651,92,15,77,AÇIK OTOPARK,1,15,24 Saat
2026-08-10T14:04:53.835891+00:00,2026-08-10T17:04:53.835891+03:00,2271,Damla Sokak 1,ŞİŞLİ,41.0672,29.0004,17,1,16,YOL ÜSTÜ,0,15,07:30-16:30
2026-08-10T14:04:53.835891+00:00,2026-08-10T17:04:53.835891+03:00,2164,Darüşşafaka Yeraltı Otoparkı,SARIYER,41.1292,29.0252,150,110,40,KAPALI OTOPARK,1,15,08:00-00:00
2026-08-10T14:04:53.835891+00:00,2026-08-10T17:04:53.835891+03:00,1653,Deniz Feneri Otoparkı,FATİH,41.0019,28.9773,175,66,109,AÇIK OTOPARK,1,5,24 Saat
2026-08-10T14:04:53.835891+00:00,2026-08-10T17:04:53.835891+03:00,595,Dostluk Yurdu 1,FATİH,41.0071,28.973,33,33,0,YOL ÜSTÜ,0,15,07:00-17:00
2026-08-10T14:04:53.835891+00:00,2026-08-10T17:04:53.835891+03:00,2237,Dragos Sosyal Tesisleri,KARTAL,40.9017,29.1458,100,54,46,AÇIK OTOPARK,1,15,24 Saat
2026-08-10T14:04:53.835891+00:00,2026-08-10T17:04:53.835891+03:00,3063,Dudullu Metro PD Zemin Altı Otoparkı,ÜMRANİYE,41.0156,29.1633,81,59,22,KAPALI OTOPARK,1,15,07:00-23:30
2026-08-10T14:04:53.835891+00:00,2026-08-10T17:04:53.835891+03:00,1522,Ebu Suut Caddesi 1,FATİH,41.0128,28.9766,35,1,34,YOL ÜSTÜ,1,0,08:00-18:00
2026-08-10T14:04:53.835891+00:00,2026-08-10T17:04:53.835891+03:00,2147,EGS Blokları Açık Otoparkı,BAKIRKÖY,40.9863,28.8354,350,0,350,AÇIK OTOPARK,1,60,09:00-19:30
2026-08-10T14:04:53.835891+00:00,2026-08-10T17:04:53.835891+03:00,2366,Esenler Adem Baştürk Kültür Merkezi Katlı,ESENLER,41.039,28.8846,460,51,409,KAPALI OTOPARK,1,15,24 Saat
2026-08-10T14:04:53.835891+00:00,2026-08-10T17:04:53.835891+03:00,3190,Esenler Havaalanı Mahallesi Zemin Altı Otoparkı,ESENLER,41.0562,28.8674,610,382,228,KAPALI OTOPARK,1,10,24 Saat
2026-08-10T14:04:53.835891+00:00,2026-08-10T17:04:53.835891+03:00,3011,Esenler Menderes Metro İstasyonu Yanı,ESENLER,41.0427,28.8783,68,10,58,AÇIK OTOPARK,1,5,24 Saat
2026-08-10T14:04:53.835891+00:00,2026-08-10T17:04:53.835891+03:00,2822,Esenler Menderes Parkı Zemin Altı Otoparkı,ESENLER,41.0412,28.8729,325,92,233,KAPALI OTOPARK,1,10,24 Saat
2026-08-10T14:04:53.835891+00:00,2026-08-10T17:04:53.835891+03:00,3303,Esenyurt Adile Naşit Bulvarı Zeminaltı Otoparkı,ESENYURT,41.0205,28.6859,367,290,77,KAPALI OTOPARK,1,15,24 Saat
2026-08-10T14:04:53.835891+00:00,2026-08-10T17:04:53.835891+03:00,1328,Eski Salı Pazarı,KADIKÖY,40.9904,29.0338,760,0,760,AÇIK OTOPARK,1,15,24 Saat
2026-08-10T14:04:53.835891+00:00,2026-08-10T17:04:53.835891+03:00,904,Eyüp Pierloti Caddesi 1,EYÜP,41.0539,28.9329,40,1,39,YOL ÜSTÜ,1,0,09:00-22:00
2026-08-10T14:04:53.835891+00:00,2026-08-10T17:04:53.835891+03:00,2850,Eyüpsultan Akşemsettin Mahallesi Zemin Altı Otoparkı,EYÜP,41.085,28.9258,110,0,110,KAPALI OTOPARK,1,15,24 Saat
2026-08-10T14:04:53.835891+00:00,2026-08-10T17:04:53.835891+03:00,2215,Fatih Çeşmesi Tabiat Parkı Otoparkı,SARIYER,41.1686,28.9448,250,242,8,AÇIK OTOPARK,1,0,06:00-20:00
2026-08-10T14:04:53.835891+00:00,2026-08-10T17:04:53.835891+03:00,1475,Fatih Katlı Otoparkı,FATİH,41.0198,28.9396,118,0,118,KAPALI OTOPARK,1,10,24 Saat
2026-08-10T14:04:53.835891+00:00,2026-08-10T17:04:53.835891+03:00,1591,Feshane PD Açık Otoparkı,EYÜP,41.0463,28.9378,200,0,200,AÇIK OTOPARK,1,15,24 Saat
2026-08-10T14:04:53.835891+00:00,2026-08-10T17:04:53.835891+03:00,1005,Florya Havuzlu Bahçe,BAKIRKÖY,40.9764,28.7908,135,1,134,AÇIK OTOPARK,1,0,09:00-23:00
2026-08-10T14:04:53.835891+00:00,2026-08-10T17:04:53.835891+03:00,2238,Florya Sosyal Tesisleri,BAKIRKÖY,40.9614,28.8091,1074,862,212,AÇIK OTOPARK,1,15,24 Saat
2026-08-10T14:04:53.835891+00:00,2026-08-10T17:04:53.835891+03:00,1704,Gazi Umur Paşa Sokak 5,BEŞİKTAŞ,41.0589,29.0114,45,1,44,YOL ÜSTÜ,0,15,08:00-17:00
2026-08-10T14:04:53.835891+00:00,2026-08-10T17:04:53.835891+03:00,3296,Gaziosmanpaşa Meydanı ve Yaşam Merkezi Zemin Altı Otoparkı,GAZİOSMANPAŞA,41.0606,28.9093,202,0,202,KAPALI OTOPARK,1,15,24 Saat
2026-08-10T14:04:53.835891+00:00,2026-08-10T17:04:53.835891+03:00,2971,Gaziosmanpaşa Zemin Altı Otoparkı,GAZİOSMANPAŞA,41.0796,28.8858,285,0,285,KAPALI OTOPARK,1,0,24 Saat
2026-08-10T14:04:53.835891+00:00,2026-08-10T17:04:53.835891+03:00,3401,Giyimkent Tekstilkent Metro Zemin Altı PD Otoparkı,ESENLER,41.0711,28.8666,203,173,30,KAPALI OTOPARK,1,10,24 Saat
2026-08-10T14:04:53.835891+00:00,2026-08-10T17:04:53.835891+03:00,2242,Gözdağı Sosyal Tesisler  Açık Otoparkı,PENDİK,40.893,29.2538,300,216,84,AÇIK OTOPARK,1,0,07:00-23:00
2026-08-10T14:04:53.835891+00:00,2026-08-10T17:04:53.835891+03:00,1879,Gülsuyu Metro PD Yer Altı Otoparkı,MALTEPE,40.9237,29.1548,76,0,76,KAPALI OTOPARK,1,15,08:00-00:00
2026-08-10T14:04:53.835891+00:00,2026-08-10T17:04:53.835891+03:00,1423,Güneş Plajı 1,BAKIRKÖY,40.9712,28.79,250,161,89,AÇIK OTOPARK,1,10,24 Saat
2026-08-10T14:04:53.835891+00:00,2026-08-10T17:04:53.835891+03:00,1461,Güneş Plajı 2,BAKIRKÖY,40.9692,28.7951,135,110,25,AÇIK OTOPARK,1,10,08:00-20:00
2026-08-10T14:04:53.835891+00:00,2026-08-10T17:04:53.835891+03:00,3053,Güngören Nikah Dairesi Zemin Altı otoparkı,GÜNGÖREN,41.0363,28.8718,147,0,147,KAPALI OTOPARK,1,10,24 Saat
2026-08-10T14:04:53.835891+00:00,2026-08-10T17:04:53.835891+03:00,2216,Gürpınar Balık Hali Otoparkı,BEYLİKDÜZÜ,40.9663,28.6019,1000,772,228,AÇIK OTOPARK,1,15,24 Saat
2026-08-10T14:04:53.835891+00:00,2026-08-10T17:04:53.835891+03:00,1525,Hacıosman Metro Yer Altı Otoparkı,SARIYER,41.14,29.0306,422,154,268,KAPALI OTOPARK,1,15,24 Saat
2026-08-10T14:04:53.835891+00:00,2026-08-10T17:04:53.835891+03:00,1470,Haldun Alagaş Katlı Otoparkı,ÜMRANİYE,41.0262,29.1052,197,83,114,KAPALI OTOPARK,1,15,24 Saat
2026-08-10T14:04:53.835891+00:00,2026-08-10T17:04:53.835891+03:00,3235,Haliç Sosyal Tesisleri Otoparkı,FATİH,41.0277,28.9572,60,0,60,AÇIK OTOPARK,1,15,07:00-00:00
2026-08-10T14:04:53.835891+00:00,2026-08-10T17:04:53.835891+03:00,2848,Halkalı Mahallesi Zemin Altı Otoparkı,KÜÇÜKÇEKMECE,41.0359,28.7848,347,192,155,KAPALI OTOPARK,1,15,24 Saat
2026-08-10T14:04:53.835891+00:00,2026-08-10T17:04:53.835891+03:00,2838,Hamidiye Mahallesi Katlı Otoparkı,KAĞITHANE,41.0949,28.971,450,207,243,KAPALI OTOPARK,1,15,24 Saat
2026-08-10T14:04:53.835891+00:00,2026-08-10T17:04:53.835891+03:00,1446,Harbiye Zemin Altı Otoparkı,BEYOĞLU,41.0408,28.9869,142,9,133,KAPALI OTOPARK,1,5,24 Saat
2026-08-10T14:04:53.835891+00:00,2026-08-10T17:04:53.835891+03:00,2332,Haydarpaşa Katlı Otoparkı,ÜSKÜDAR,41.0048,29.0251,840,637,203,KAPALI OTOPARK,1,15,24 Saat
2026-08-10T14:04:53.835891+00:00,2026-08-10T17:04:53.835891+03:00,1987,Haznedar Yer Altı Otoparkı,GÜNGÖREN,41.0083,28.8729,540,0,540,KAPALI OTOPARK,1,0,24 Saat
2026-08-10T14:04:53.835891+00:00,2026-08-10T17:04:53.835891+03:00,377,Hızır Külhani Sokak,FATİH,41.0202,28.9605,32,1,31,YOL ÜSTÜ,0,15,09:00-17:00
2026-08-10T14:04:53.835891+00:00,2026-08-10T17:04:53.835891+03:00,3173,Hürriyet Mahallesi Zeminaltı Otoparkı,GAZİOSMANPAŞA,41.0708,28.8951,190,0,190,KAPALI OTOPARK,1,15,24 Saat
2026-08-10T14:04:53.835891+00:00,2026-08-10T17:04:53.835891+03:00,157,Ihlamur Dere Caddesi 4,BEŞİKTAŞ,41.047,29.0023,27,27,0,YOL ÜSTÜ,0,15,09:00-17:00
2026-08-10T14:04:53.835891+00:00,2026-08-10T17:04:53.835891+03:00,1189,İçerenköy Sebze Meyve Hali Otoparkı,ATAŞEHİR,40.9766,29.1044,600,599,1,AÇIK OTOPARK,1,15,24 Saat
2026-08-10T14:04:53.835891+00:00,2026-08-10T17:04:53.835891+03:00,1127,İshakpaşa Caddesi,FATİH,41.0079,28.9814,200,1,199,YOL ÜSTÜ,1,0,08:00-18:00
2026-08-10T14:04:53.835891+00:00,2026-08-10T17:04:53.835891+03:00,3265,İspark İstanbul West Marina Açık Otoparkı 1,BEYLİKDÜZÜ,40.9636,28.6564,250,1,249,AÇIK OTOPARK,1,15,24 Saat
2026-08-10T14:04:53.835891+00:00,2026-08-10T17:04:53.835891+03:00,2793,İspark Merter Katlı Otoparkı,GÜNGÖREN,41.0097,28.89,900,293,607,KAPALI OTOPARK,1,10,24 Saat
2026-08-10T14:04:53.835891+00:00,2026-08-10T17:04:53.835891+03:00,2430,İspark West İstanbul Marina Açık Otoparkı,BEYLİKDÜZÜ,40.9639,28.6591,1600,1076,524,AÇIK OTOPARK,1,15,24 Saat
2026-08-10T14:04:53.835891+00:00,2026-08-10T17:04:53.835891+03:00,381,İstinye 4 ( Cami Önü ),SARIYER,41.1149,29.0571,25,1,24,YOL ÜSTÜ,1,15,08:30-17:30
2026-08-10T14:04:53.835891+00:00,2026-08-10T17:04:53.835891+03:00,1804,İtalyan Hastanesi Karşısı Açık Otoparkı 1,BEYOĞLU,41.028,28.9815,30,1,29,AÇIK OTOPARK,1,0,08:00-19:00
2026-08-10T14:04:53.835891+00:00,2026-08-10T17:04:53.835891+03:00,507,Kabasakal Medrese Önü,FATİH,41.0062,28.9789,65,1,64,AÇIK OTOPARK,1,0,08:00-18:30
2026-08-10T14:04:53.835891+00:00,2026-08-10T17:04:53.835891+03:00,3306,Kabataş Transfer Merkezi Turizm Otobüs Otoparkı,BEYOĞLU,41.0336,28.9923,160,4,156,KAPALI OTOPARK,1,20,24 Saat
2026-08-10T14:04:53.835891+00:00,2026-08-10T17:04:53.835891+03:00,2918,Kadıköy Hasanpaşa Gazhane Katlı Otoparkı,KADIKÖY,40.9972,29.0428,310,204,106,KAPALI OTOPARK,1,15,24 Saat
2026-08-10T14:04:53.835891+00:00,2026-08-10T17:04:53.835891+03:00,1447,Kadıköy İski Açık Otoparkı,KADIKÖY,40.9874,29.0207,124,0,124,AÇIK OTOPARK,1,15,24 Saat
2026-08-10T14:04:53.835891+00:00,2026-08-10T17:04:53.835891+03:00,1655,Kadıköy Metro Açık Otoparkı,KADIKÖY,40.9899,29.0217,74,0,74,AÇIK OTOPARK,1,15,24 Saat
2026-08-10T14:04:53.835891+00:00,2026-08-10T17:04:53.835891+03:00,3445,Kadıköy Uzunçayır PD Açık Otoparkı,KADIKÖY,40.9982,29.0569,70,42,28,AÇIK OTOPARK,0,15,06:30-16:30
2026-08-10T14:04:53.835891+00:00,2026-08-10T17:04:53.835891+03:00,2808,Kadıköy Yeni Salı Pazarı PD Katlı Otoparkı,KADIKÖY,40.9969,29.0486,1350,621,729,KAPALI OTOPARK,1,15,24 Saat
2026-08-10T14:04:53.835891+00:00,2026-08-10T17:04:53.835891+03:00,2811,Kağıthane Harmantepe Zemin Altı Otoparkı,KAĞITHANE,41.0816,28.9907,200,0,200,KAPALI OTOPARK,1,0,24 Saat
2026-08-10T14:04:53.835891+00:00,2026-08-10T17:04:53.835891+03:00,1452,Kalamış Açık Otoparkı,KADIKÖY,40.9687,29.0363,173,112,61,AÇIK OTOPARK,1,15,24 Saat
2026-08-10T14:04:53.835891+00:00,2026-08-10T17:04:53.835891+03:00,1474,Kartal Hasan Doğan Spor Kompleksi,KARTAL,40.8918,29.1897,773,0,773,KAPALI OTOPARK,1,15,24 Saat
2026-08-10T14:04:53.835891+00:00,2026-08-10T17:04:53.835891+03:00,1105,Kartal İdo Açık Otoparkı,KARTAL,40.8874,29.1881,90,0,90,AÇIK OTOPARK,1,15,24 Saat
2026-08-10T14:04:53.835891+00:00,2026-08-10T17:04:53.835891+03:00,1550,Kartal Sahil Açık Otoparkı,KARTAL,40.8875,29.1901,75,13,62,AÇIK OTOPARK,1,5,24 Saat
2026-08-10T14:04:53.835891+00:00,2026-08-10T17:04:53.835891+03:00,3434,Kasımpaşa Sosyal Tesisler Otoparkı,BEYOĞLU,41.0296,28.9673,60,38,22,AÇIK OTOPARK,1,0,07:30-23:00
2026-08-10T14:04:53.835891+00:00,2026-08-10T17:04:53.835891+03:00,1960,Kazlıçeşme Marmaray Açık Otoparkı,ZEYTİNBURNU,40.9922,28.917,700,557,143,AÇIK OTOPARK,1,15,24 Saat
2026-08-10T14:04:53.835891+00:00,2026-08-10T17:04:53.835891+03:00,2994,Kirazlı Metro Durağı PD Açık Otoparkı,BAĞCILAR,41.033,28.8429,112,0,112,AÇIK OTOPARK,1,5,24 Saat
2026-08-10T14:04:53.835891+00:00,2026-08-10T17:04:53.835891+03:00,1528,Kore Şehitleri Caddesi - Yüzbaşı Kaya Aldağon Sokak 1,ŞİŞLİ,41.0719,29.0139,40,1,39,YOL ÜSTÜ,0,15,07:00-16:00
2026-08-10T14:04:53.835891+00:00,2026-08-10T17:04:53.835891+03:00,2449,Kozyatağı Sebze-Meyve Hali,ATAŞEHİR,40.9787,29.1029,1500,1499,1,AÇIK OTOPARK,1,0,24 Saat
2026-08-10T14:04:53.835891+00:00,2026-08-10T17:04:53.835891+03:00,113,Kurtuluş Caddesi 4,ŞİŞLİ,41.051,28.983,45,1,44,YOL ÜSTÜ,1,15,08:00-18:00
2026-08-10T14:04:53.835891+00:00,2026-08-10T17:04:53.835891+03:00,1206,Kutlugün Sokak 2,FATİH,41.0061,28.9801,200,1,199,YOL ÜSTÜ,1,0,08:00-18:00
2026-08-10T14:04:53.835891+00:00,2026-08-10T17:04:53.835891+03:00,3074,Küçük Çamlıca,ÜSKÜDAR,41.0204,29.0653,129,106,23,AÇIK OTOPARK,1,0,08:00-22:00
2026-08-10T14:04:53.835891+00:00,2026-08-10T17:04:53.835891+03:00,3127,Küçükçekmece Cennet Mahallesi Meydan Zemin Altı Otoparkı,KÜÇÜKÇEKMECE,40.9907,28.783,456,0,456,KAPALI OTOPARK,1,10,24 Saat
2026-08-10T14:04:53.835891+00:00,2026-08-10T17:04:53.835891+03:00,2554,Küçükçekmece Fevzi Çakmak Meydanı Zemin Altı Otoparkı,KÜÇÜKÇEKMECE,41.0076,28.7927,1000,524,476,KAPALI OTOPARK,1,10,24 Saat
2026-08-10T14:04:53.835891+00:00,2026-08-10T17:04:53.835891+03:00,2882,Küçüksu Kasrı Açık Otoparkı,BEYKOZ,41.0789,29.0657,98,90,8,AÇIK OTOPARK,1,0,07:00-23:00
2026-08-10T14:04:53.835891+00:00,2026-08-10T17:04:53.835891+03:00,220,Levent Hamidiye,BEŞİKTAŞ,41.0861,29.0076,100,1,99,AÇIK OTOPARK,1,0,08:00-19:00
2026-08-10T14:04:53.835891+00:00,2026-08-10T17:04:53.835891+03:00,1138,Levent Metro Yer Altı Otoparkı,BEŞİKTAŞ,41.0811,29.0105,100,100,0,AÇIK OTOPARK,1,5,07:30-19:30
2026-08-10T14:04:53.835891+00:00,2026-08-10T17:04:53.835891+03:00,2335,Maçka Açık Otoparkı,ŞİŞLİ,41.046,28.9908,75,74,1,AÇIK OTOPARK,1,0,24 Saat
2026-08-10T14:04:53.835891+00:00,2026-08-10T17:04:53.835891+03:00,1859,Maçka Katlı Otoparkı,ŞİŞLİ,41.0484,28.9903,508,0,508,KAPALI OTOPARK,1,0,24 Saat
2026-08-10T14:04:53.835891+00:00,2026-08-10T17:04:53.835891+03:00,3193,Maltepe Rıhtım Caddesi Açık Otoparkı,MALTEPE,40.9258,29.1241,76,51,25,AÇIK OTOPARK,1,0,24 Saat
2026-08-10T14:04:53.835891+00:00,2026-08-10T17:04:53.835891+03:00,2146,Maltepe Süreyyapaşa Çarşısı Açık Otoparkı,MALTEPE,40.9274,29.1225,156,97,59,AÇIK OTOPARK,1,0,24 Saat
2026-08-10T14:04:53.835891+00:00,2026-08-10T17:04:53.835891+03:00,1599,Maslak Açık Otoparkı,SARIYER,41.1166,29.024,150,85,65,AÇIK OTOPARK,1,10,24 Saat
2026-08-10T14:04:53.835891+00:00,2026-08-10T17:04:53.835891+03:00,2100,Matbaacılar Sitesi Yanı,ZEYTİNBURNU,41.0234,28.9187,250,143,107,AÇIK OTOPARK,1,5,24 Saat
2026-08-10T14:04:53.835891+00:00,2026-08-10T17:04:53.835891+03:00,920,Meclis-i Mebusan Yokuşu 2,BEYOĞLU,41.0326,28.9882,34,1,33,YOL ÜSTÜ,0,15,09:00-17:00
2026-08-10T14:04:53.835891+00:00,2026-08-10T17:04:53.835891+03:00,1546,Menekşe Plajı Açık Otoparkı,BAKIRKÖY,40.9761,28.7766,200,199,1,AÇIK OTOPARK,1,0,24 Saat
2026-08-10T14:04:53.835891+00:00,2026-08-10T17:04:53.835891+03:00,1376,Mercan Açık,FATİH,41.0136,28.9669,130,13,117,AÇIK OTOPARK,1,0,08:00-23:00
2026-08-10T14:04:53.835891+00:00,2026-08-10T17:04:53.835891+03:00,3309,Mercan Ali Paşa Sarayı Zemin Altı Otoparkı,FATİH,41.0136,28.967,196,1,195,KAPALI OTOPARK,1,0,07:00-21:00
2026-08-10T14:04:53.835891+00:00,2026-08-10T17:04:53.835891+03:00,1472,Merter Katlı Otoparkı,GÜNGÖREN,41.0092,28.8874,1000,856,144,KAPALI OTOPARK,1,10,24 Saat
2026-08-10T14:04:53.835891+00:00,2026-08-10T17:04:53.835891+03:00,2375,Merter Metro PD Zeminaltı Otoparkı,GÜNGÖREN,41.0037,28.8897,242,79,163,KAPALI OTOPARK,1,10,24 Saat
2026-08-10T14:04:53.835891+00:00,2026-08-10T17:04:53.835891+03:00,1568,Mete Caddesi 1,BEYOĞLU,41.0382,28.9879,31,1,30,YOL ÜSTÜ,1,15,08:00-23:00
2026-08-10T14:04:53.835891+00:00,2026-08-10T17:04:53.835891+03:00,1471,Mevlana Yeraltı Katlı Otoparkı,ZEYTİNBURNU,41.0072,28.9049,1000,866,134,KAPALI OTOPARK,1,5,24 Saat
2026-08-10T14:04:53.835891+00:00,2026-08-10T17:04:53.835891+03:00,2709,Millet Caddesi Açık Otoparkı,FATİH,41.01,28.9461,60,1,59,AÇIK OTOPARK,1,15,24 Saat
2026-08-10T14:04:53.835891+00:00,2026-08-10T17:04:53.835891+03:00,3152,Mimar Sinan Zemin Altı Otoparkı,ÜSKÜDAR,41.0222,29.0169,956,0,956,KAPALI OTOPARK,1,15,24 Saat
2026-08-10T14:04:53.835891+00:00,2026-08-10T17:04:53.835891+03:00,2870,Miniatürk Çadır Açık Otoparkı,BEYOĞLU,41.0594,28.9501,250,93,157,AÇIK OTOPARK,1,15,07:00-20:00
2026-08-10T14:04:53.835891+00:00,2026-08-10T17:04:53.835891+03:00,2556,Muallim Naci Açık Otoparkı,BEŞİKTAŞ,41.0561,29.0342,35,26,9,AÇIK OTOPARK,1,15,24 Saat
2026-08-10T14:04:53.835891+00:00,2026-08-10T17:04:53.835891+03:00,569,Oda Kule Önü 1,BEYOĞLU,41.0322,28.9751,24,1,23,YOL ÜSTÜ,1,0,07:00-01:00
2026-08-10T14:04:53.835891+00:00,2026-08-10T17:04:53.835891+03:00,1988,Orhangazi Şehir Parkı PD Açık Otoparkı,MALTEPE,40.9313,29.1161,5022,4488,534,AÇIK OTOPARK,1,15,24 Saat
2026-08-10T14:04:53.835891+00:00,2026-08-10T17:04:53.835891+03:00,152,Ortabahçe Caddesi 2,BEŞİKTAŞ,41.0428,29.0043,35,35,0,YOL ÜSTÜ,1,15,08:00-23:00
2026-08-10T14:04:53.835891+00:00,2026-08-10T17:04:53.835891+03:00,153,Ortabahçe Caddesi 3,BEŞİKTAŞ,41.043,29.0042,26,1,25,YOL ÜSTÜ,1,15,08:00-23:00
2026-08-10T14:04:53.835891+00:00,2026-08-10T17:04:53.835891+03:00,119,Ortaklar Caddesi 1,ŞİŞLİ,41.0638,28.9971,25,1,24,YOL ÜSTÜ,0,15,08:30-17:00
2026-08-10T14:04:53.835891+00:00,2026-08-10T17:04:53.835891+03:00,1343,Ortaköy Açık Otoparkı,BEŞİKTAŞ,41.0504,29.0326,170,140,30,AÇIK OTOPARK,1,0,24 Saat
2026-08-10T14:04:53.835891+00:00,2026-08-10T17:04:53.835891+03:00,572,Ortaköy Portakal Yokuşu 1,BEŞİKTAŞ,41.0503,29.0261,15,1,14,YOL ÜSTÜ,1,15,09:00-19:00
2026-08-10T14:04:53.835891+00:00,2026-08-10T17:04:53.835891+03:00,1039,Öğretmen Evi,AVCILAR,40.9723,28.714,80,42,38,AÇIK OTOPARK,1,0,11:00-23:00
2026-08-10T14:04:53.835891+00:00,2026-08-10T17:04:53.835891+03:00,1466,Pendik Katlı Otoparkı,PENDİK,40.8789,29.2342,120,0,120,KAPALI OTOPARK,1,15,24 Saat
2026-08-10T14:04:53.835891+00:00,2026-08-10T17:04:53.835891+03:00,3073,Pendik Kemal Kalkuz Parkı Zemin Altı Otoparkı,PENDİK,40.8885,29.2427,224,0,224,KAPALI OTOPARK,1,0,09:00-18:00
2026-08-10T14:04:53.835891+00:00,2026-08-10T17:04:53.835891+03:00,3019,Pendik Meydan Zemin Altı Otoparkı,PENDİK,40.8752,29.2324,937,0,937,KAPALI OTOPARK,1,0,24 Saat
2026-08-10T14:04:53.835891+00:00,2026-08-10T17:04:53.835891+03:00,2865,Pendik Sahil Engelliler Merkez Önü,PENDİK,40.8735,29.233,100,66,34,AÇIK OTOPARK,1,0,11:00-20:00
2026-08-10T14:04:53.835891+00:00,2026-08-10T17:04:53.835891+03:00,2434,Pendik Sahil İdo,PENDİK,40.8755,29.2369,100,0,100,AÇIK OTOPARK,1,0,07:00-23:00
2026-08-10T14:04:53.835891+00:00,2026-08-10T17:04:53.835891+03:00,248,Pendik Yenimahalle Açık 2 Otoparkı,PENDİK,40.864,29.2723,124,82,42,AÇIK OTOPARK,1,15,10:00-22:00
2026-08-10T14:04:53.835891+00:00,2026-08-10T17:04:53.835891+03:00,297,Perşembe Pazarı 1,BEYOĞLU,41.0252,28.9693,32,1,31,YOL ÜSTÜ,0,15,08:00-17:00
2026-08-10T14:04:53.835891+00:00,2026-08-10T17:04:53.835891+03:00,597,Pierre Loti Caddesi 3,FATİH,41.0069,28.9711,36,1,35,YOL ÜSTÜ,0,0,07:00-17:00
2026-08-10T14:04:53.835891+00:00,2026-08-10T17:04:53.835891+03:00,3263,Piyalepaşa Meydanı Zemin Altı Otoparkı,BEYOĞLU,41.0445,28.9674,560,307,253,KAPALI OTOPARK,1,0,24 Saat
2026-08-10T14:04:53.835891+00:00,2026-08-10T17:04:53.835891+03:00,1900,Ragıp Gümüşpala Cad.(Sobacılar Önü),FATİH,41.0181,28.969,40,1,39,YOL ÜSTÜ,1,15,07:00-18:00
2026-08-10T14:04:53.835891+00:00,2026-08-10T17:04:53.835891+03:00,415,Ragıp Gümüşpala Camii Önü 1,FATİH,41.0211,28.9627,35,1,34,YOL ÜSTÜ,1,0,07:00-17:30
2026-08-10T14:04:53.835891+00:00,2026-08-10T17:04:53.835891+03:00,3268,Refik Saydam Caddesi 3,BEYOĞLU,41.032,28.9736,55,1,54,YOL ÜSTÜ,1,0,06:00-23:00
2026-08-10T14:04:53.835891+00:00,2026-08-10T17:04:53.835891+03:00,2307,Ressam Halim Sokak PD Açık Otoparkı,BAHÇELİEVLER,40.9967,28.8641,120,82,38,AÇIK OTOPARK,1,15,08:00-00:00
2026-08-10T14:04:53.835891+00:00,2026-08-10T17:04:53.835891+03:00,3082,Rumeli Hisarı Sahil Yolu Otoparkı,SARIYER,41.0854,29.0568,20,8,12,AÇIK OTOPARK,1,0,24 Saat
2026-08-10T14:04:53.835891+00:00,2026-08-10T17:04:53.835891+03:00,1595,Sabiha Gökçen Açık Otoparkı,PENDİK,40.925,29.308,1056,228,828,AÇIK OTOPARK,1,15,24 Saat
2026-08-10T14:04:53.835891+00:00,2026-08-10T17:04:53.835891+03:00,3239,Samatya Sahil Cep Otoparkı,FATİH,40.9954,28.932,113,107,6,AÇIK OTOPARK,1,15,24 Saat
2026-08-10T14:04:53.835891+00:00,2026-08-10T17:04:53.835891+03:00,3273,Sarıyer Büyükdere Fidanlığı,SARIYER,41.1548,29.0268,160,155,5,AÇIK OTOPARK,1,0,08:00-18:00
2026-08-10T14:04:53.835891+00:00,2026-08-10T17:04:53.835891+03:00,3299,Sariyer Ayazağa Mah Vadi İstanbul Önü Açık Otoparkı,SARIYER,41.1106,28.9881,100,96,4,AÇIK OTOPARK,1,0,08:00-20:00
2026-08-10T14:04:53.835891+00:00,2026-08-10T17:04:53.835891+03:00,1303,Seyrantepe Katlı (Arena Karşısı) 1,KAĞITHANE,41.101,28.9961,1897,1,1896,KAPALI OTOPARK,1,0,24 Saat
2026-08-10T14:04:53.835891+00:00,2026-08-10T17:04:53.835891+03:00,1628,Sıracevizler Caddesi Yol Üstü 5,ŞİŞLİ,41.0607,28.9841,45,1,44,YOL ÜSTÜ,0,15,09:00-17:00
2026-08-10T14:04:53.835891+00:00,2026-08-10T17:04:53.835891+03:00,464,Sirkeci Gar Önü,FATİH,41.015,28.9761,60,1,59,AÇIK OTOPARK,1,5,07:00-20:00
2026-08-10T14:04:53.835891+00:00,2026-08-10T17:04:53.835891+03:00,1486,Siyavuşpaşa Yer Altı Otoparkı,BAHÇELİEVLER,40.9965,28.8532,155,0,155,KAPALI OTOPARK,1,0,24 Saat
2026-08-10T14:04:53.835891+00:00,2026-08-10T17:04:53.835891+03:00,1958,Soğanlık Metro PD Açık Otoparkı,KARTAL,40.9131,29.1925,898,842,56,AÇIK OTOPARK,1,15,24 Saat
2026-08-10T14:04:53.835891+00:00,2026-08-10T17:04:53.835891+03:00,589,Su Terazisi Sokak,FATİH,41.0046,28.9727,22,1,21,YOL ÜSTÜ,0,0,07:30-17:00
2026-08-10T14:04:53.835891+00:00,2026-08-10T17:04:53.835891+03:00,1478,Suadiye Cep Açık Otoparkı,KADIKÖY,40.9586,29.0732,130,96,34,AÇIK OTOPARK,1,15,24 Saat
2026-08-10T14:04:53.835891+00:00,2026-08-10T17:04:53.835891+03:00,2948,Suadiye Sahil Açık Otoparkı,KADIKÖY,40.9562,29.0797,70,22,48,AÇIK OTOPARK,1,5,24 Saat
2026-08-10T14:04:53.835891+00:00,2026-08-10T17:04:53.835891+03:00,2799,Sultanbeyli Emir Caddesi Zemin Altı Otoparkı,SULTANBEYLİ,40.9707,29.2606,130,75,55,KAPALI OTOPARK,1,15,08:00-22:00
2026-08-10T14:04:53.835891+00:00,2026-08-10T17:04:53.835891+03:00,2372,Sultanbeyli Kent Meydanı Zemin Altı Otoparkı,SULTANBEYLİ,40.9667,29.2667,300,151,149,KAPALI OTOPARK,1,15,24 Saat
2026-08-10T14:04:53.835891+00:00,2026-08-10T17:04:53.835891+03:00,2410,Sultangazi Zemin Altı Otoparkı,SULTANGAZİ,41.0944,28.8649,104,0,104,KAPALI OTOPARK,1,10,24 Saat
2026-08-10T14:04:53.835891+00:00,2026-08-10T17:04:53.835891+03:00,2085,Süleyman Seba Caddesi 2,BEŞİKTAŞ,41.0426,28.9998,40,1,39,YOL ÜSTÜ,1,15,08:00-18:00
2026-08-10T14:04:53.835891+00:00,2026-08-10T17:04:53.835891+03:00,2088,Süleyman Seba Caddesi 5,BEŞİKTAŞ,41.0432,28.9978,40,1,39,YOL ÜSTÜ,1,15,08:00-18:00
2026-08-10T14:04:53.835891+00:00,2026-08-10T17:04:53.835891+03:00,2089,Süleyman Seba Caddesi 6,BEŞİKTAŞ,41.0435,28.9967,11,1,10,YOL ÜSTÜ,1,15,08:00-18:00
2026-08-10T14:04:53.835891+00:00,2026-08-10T17:04:53.835891+03:00,2391,Süleymaniye Cami Altı Açık Otoparkı,FATİH,41.0158,28.961,250,234,16,AÇIK OTOPARK,1,0,06:30-18:30
2026-08-10T14:04:53.835891+00:00,2026-08-10T17:04:53.835891+03:00,1730,Sütlüce Miniatürk Yanı,BEYOĞLU,41.057,28.95,320,220,100,AÇIK OTOPARK,1,15,24 Saat
2026-08-10T14:04:53.835891+00:00,2026-08-10T17:04:53.835891+03:00,36,Şakayık Sokak 4,ŞİŞLİ,41.0518,28.9936,50,1,49,YOL ÜSTÜ,0,15,08:00-16:00
2026-08-10T14:04:53.835891+00:00,2026-08-10T17:04:53.835891+03:00,1469,Şehit Volkan Duysak Katlı Otoparkı,ZEYTİNBURNU,40.9968,28.9039,1000,690,310,KAPALI OTOPARK,1,5,24 Saat
2026-08-10T14:04:53.835891+00:00,2026-08-10T17:04:53.835891+03:00,2855,Şemsipaşa Açık Otoparkı,ÜSKÜDAR,41.0255,29.0097,80,33,47,AÇIK OTOPARK,1,0,24 Saat
2026-08-10T14:04:53.835891+00:00,2026-08-10T17:04:53.835891+03:00,2439,Şirinevler Meydan Zeminaltı Otoparkı,BAHÇELİEVLER,40.9925,28.8496,367,29,338,KAPALI OTOPARK,1,0,24 Saat
2026-08-10T14:04:53.835891+00:00,2026-08-10T17:04:53.835891+03:00,3400,Şişhane Refik Saydam Caddesi 2 Yol Üstü Otoparkı 1,BEYOĞLU,41.0326,28.9743,70,1,69,YOL ÜSTÜ,1,15,06:00-23:00
2026-08-10T14:04:53.835891+00:00,2026-08-10T17:04:53.835891+03:00,3441,Şişli Kuştepe Zemin Altı Otoparkı,ŞİŞLİ,41.072,28.9919,430,334,96,KAPALI OTOPARK,1,15,24 Saat
2026-08-10T14:04:53.835891+00:00,2026-08-10T17:04:53.835891+03:00,2816,Şişli Rumeli Caddesi Metro Yanı 1,ŞİŞLİ,41.0538,28.9868,45,1,44,YOL ÜSTÜ,1,15,08:00-20:00
2026-08-10T14:04:53.835891+00:00,2026-08-10T17:04:53.835891+03:00,2406,Şişli Zemin Altı Otoparkı,ŞİŞLİ,41.0641,28.9992,581,241,340,KAPALI OTOPARK,1,15,24 Saat
2026-08-10T14:04:53.835891+00:00,2026-08-10T17:04:53.835891+03:00,1993,Tuzla İdo,TUZLA,40.8149,29.3039,300,249,51,AÇIK OTOPARK,1,15,24 Saat
2026-08-10T14:04:53.835891+00:00,2026-08-10T17:04:53.835891+03:00,3332,Tuzla Sahil Cep,TUZLA,40.8168,29.2992,50,40,10,AÇIK OTOPARK,1,0,08:00-00:00
2026-08-10T14:04:53.835891+00:00,2026-08-10T17:04:53.835891+03:00,3057,Tuzla Sahil Zemin Altı Otoparkı,TUZLA,40.8181,29.3004,779,1,778,KAPALI OTOPARK,1,15,24 Saat
2026-08-10T14:04:53.835891+00:00,2026-08-10T17:04:53.835891+03:00,1811,Ulu Camii Açık Otoparkı,BAHÇELİEVLER,40.9982,28.8499,150,122,28,AÇIK OTOPARK,1,10,24 Saat
2026-08-10T14:04:53.835891+00:00,2026-08-10T17:04:53.835891+03:00,2424,Uzunçayır Açık Otoparkı,KADIKÖY,40.9988,29.0556,58,52,6,AÇIK OTOPARK,0,0,06:00-16:00
2026-08-10T14:04:53.835891+00:00,2026-08-10T17:04:53.835891+03:00,1468,Ümraniye Katlı Otoparkı,ÜMRANİYE,41.0261,29.0953,665,413,252,KAPALI OTOPARK,1,15,24 Saat
2026-08-10T14:04:53.835891+00:00,2026-08-10T17:04:53.835891+03:00,2898,Ümraniye Okan Sokak Zeminaltı Otoparkı,ÜMRANİYE,41.0284,29.0907,125,35,90,KAPALI OTOPARK,1,15,24 Saat
2026-08-10T14:04:53.835891+00:00,2026-08-10T17:04:53.835891+03:00,2345,Üsküdar Uzunçayır PD Açık Otoparkı,ÜSKÜDAR,40.9988,29.0577,90,53,37,AÇIK OTOPARK,1,15,06:00-22:00
2026-08-10T14:04:53.835891+00:00,2026-08-10T17:04:53.835891+03:00,1929,Üsküdar Ünalan Açık Otoparkı,ÜSKÜDAR,40.9979,29.0604,180,175,5,AÇIK OTOPARK,0,0,07:00-17:00
2026-08-10T14:04:53.835891+00:00,2026-08-10T17:04:53.835891+03:00,1487,Vatan Caddesi PD Açık Otoparkı,FATİH,41.0157,28.9405,397,258,139,AÇIK OTOPARK,1,5,24 Saat
2026-08-10T14:04:53.835891+00:00,2026-08-10T17:04:53.835891+03:00,2441,Yalı Açık Otoparkı,MALTEPE,40.9095,29.137,85,81,4,AÇIK OTOPARK,1,0,07:30-22:00
2026-08-10T14:04:53.835891+00:00,2026-08-10T17:04:53.835891+03:00,459,Yalı Köşkü Caddesi 1,FATİH,41.0163,28.9759,61,1,60,YOL ÜSTÜ,1,5,07:00-21:00
2026-08-10T14:04:53.835891+00:00,2026-08-10T17:04:53.835891+03:00,2037,Yenikapı Marmaray Büyük Otoparkı,FATİH,41.0057,28.9505,324,118,206,AÇIK OTOPARK,1,15,24 Saat
2026-08-10T14:04:53.835891+00:00,2026-08-10T17:04:53.835891+03:00,2036,Yenikapı Marmaray Küçük Otoparkı,FATİH,41.0064,28.9504,200,144,56,AÇIK OTOPARK,1,15,07:00-22:00
2026-08-10T14:04:53.835891+00:00,2026-08-10T17:04:53.835891+03:00,2175,Yenikapı Spor ve Kültür Merkezi PD Açık Otoparkı,FATİH,41.0006,28.9519,4023,3742,281,AÇIK OTOPARK,1,15,24 Saat
2026-08-10T14:04:53.835891+00:00,2026-08-10T17:04:53.835891+03:00,2805,Yenikapı Tünel Üstü Açık Otoparkı,FATİH,41.0029,28.9534,700,430,270,AÇIK OTOPARK,1,10,24 Saat
2026-08-10T14:04:53.835891+00:00,2026-08-10T17:04:53.835891+03:00,3404,Yenimahalle Metro Zemin Altı PD Otoparkı,GAZİOSMANPAŞA,41.0839,28.8926,114,93,21,KAPALI OTOPARK,1,15,24 Saat
2026-08-10T14:04:53.835891+00:00,2026-08-10T17:04:53.835891+03:00,2920,Yeşilce Zemin Altı Katlı Otoparkı,KAĞITHANE,41.0938,29.0017,676,0,676,KAPALI OTOPARK,1,0,24 Saat
2026-08-10T14:04:53.835891+00:00,2026-08-10T17:04:53.835891+03:00,987,Yeşilköy İstasyon Caddesi 1,BAKIRKÖY,40.962,28.825,40,1,39,YOL ÜSTÜ,1,15,09:00-17:30
2026-08-10T14:04:53.835891+00:00,2026-08-10T17:04:53.835891+03:00,974,Yeşilköy Marina 1,BAKIRKÖY,40.9576,28.8233,145,1,144,YOL ÜSTÜ,1,0,12:00-23:00
2026-08-10T14:04:53.835891+00:00,2026-08-10T17:04:53.835891+03:00,3406,Yeşilpınar Metro Zemin Altı PD Otoparkı,EYÜP,41.081,28.9204,269,205,64,KAPALI OTOPARK,1,15,24 Saat
2026-08-10T14:04:53.835891+00:00,2026-08-10T17:04:53.835891+03:00,315,Yeşilyurt Çarşı 1,BAKIRKÖY,40.9643,28.8379,50,1,49,YOL ÜSTÜ,1,15,09:00-17:30
2026-08-10T14:04:53.835891+00:00,2026-08-10T17:04:53.835891+03:00,1133,Yıldız Korusu,BEŞİKTAŞ,41.0514,29.0165,500,499,1,AÇIK OTOPARK,1,0,08:00-22:00
2026-08-10T14:04:53.835891+00:00,2026-08-10T17:04:53.835891+03:00,882,Zeytinburnu 58. Bulvar 2,ZEYTİNBURNU,40.9932,28.9039,48,1,47,YOL ÜSTÜ,1,15,09:00-18:00
2026-08-10T14:04:53.835891+00:00,2026-08-10T17:04:53.835891+03:00,3185,Zeytinburnu Sahil Cep Otoparkı,ZEYTİNBURNU,40.9798,28.8985,160,1,159,AÇIK OTOPARK,1,0,12:00-22:00
2026-08-10T15:15:04.915730+00:00,2026-08-10T18:15:04.915730+03:00,3068,15 Temmuz Şehitler Meydanı Zeminaltı Otoparkı,ÜMRANİYE,41.0246,29.0915,1029,480,549,KAPALI OTOPARK,1,15,24 Saat
2026-08-10T15:15:04.915730+00:00,2026-08-10T18:15:04.915730+03:00,2338,19 Mayıs Açık,ŞİŞLİ,41.0563,28.9941,65,0,65,AÇIK OTOPARK,1,0,24 Saat
2026-08-10T15:15:04.915730+00:00,2026-08-10T18:15:04.915730+03:00,1751,4.Levent PD Açık Otoparkı,KAĞITHANE,41.0836,29.0081,236,110,126,AÇIK OTOPARK,1,5,24 Saat
2026-08-10T15:15:04.915730+00:00,2026-08-10T18:15:04.915730+03:00,3328,4.Levent Servis ve Turizm Araçları Açık Otoparkı,ŞİŞLİ,41.0841,29.0054,300,160,140,AÇIK OTOPARK,1,15,24 Saat
2026-08-10T15:15:04.915730+00:00,2026-08-10T18:15:04.915730+03:00,3412,5. Levent Gaziosmanpaşa Adliyesi Yanı Açık Otoparkı,EYÜP,41.0927,28.9494,250,214,36,AÇIK OTOPARK,1,15,07:00-23:00
2026-08-10T15:15:04.915730+00:00,2026-08-10T18:15:04.915730+03:00,104,Abide-i Hürriyet Caddesi 5,ŞİŞLİ,41.0619,28.9876,40,1,39,YOL ÜSTÜ,0,15,08:00-17:00
2026-08-10T15:15:04.915730+00:00,2026-08-10T18:15:04.915730+03:00,2452,Acıbadem Açık Otoparkı,ÜSKÜDAR,41.0157,29.0574,100,86,14,AÇIK OTOPARK,0,0,06:30-16:00
2026-08-10T15:15:04.915730+00:00,2026-08-10T18:15:04.915730+03:00,346,Ada Karşısı Cep 2,BEŞİKTAŞ,41.072,29.045,30,1,29,YOL ÜSTÜ,1,15,08:00-23:00
2026-08-10T15:15:04.915730+00:00,2026-08-10T18:15:04.915730+03:00,1663,Akasyalı Sokak Tenis Kulubü Önü 2,BEŞİKTAŞ,41.0867,29.0109,45,1,44,YOL ÜSTÜ,0,15,08:30-17:30
2026-08-10T15:15:04.915730+00:00,2026-08-10T18:15:04.915730+03:00,828,Akdeniz Caddesi 4,FATİH,41.0175,28.9435,27,1,26,YOL ÜSTÜ,0,15,09:00-18:00
2026-08-10T15:15:04.915730+00:00,2026-08-10T18:15:04.915730+03:00,1913,Alibeyköy Cep Otogarı Açık Otoparkı,EYÜP,41.0879,28.9446,116,0,116,AÇIK OTOPARK,1,25,24 Saat
2026-08-10T15:15:04.915730+00:00,2026-08-10T18:15:04.915730+03:00,1912,Alibeyköy Cep Otogarı Otobüs Otoparkı,EYÜP,41.0875,28.9449,5000,4983,17,AÇIK OTOPARK,1,60,24 Saat
2026-08-10T15:15:04.915730+00:00,2026-08-10T18:15:04.915730+03:00,2562,Alibeyköy Yeşiltepe Zemin Altı Otoparkı,EYÜP,41.0797,28.938,159,65,94,KAPALI OTOPARK,1,15,24 Saat
2026-08-10T15:15:04.915730+00:00,2026-08-10T18:15:04.915730+03:00,3201,Altınboynuz Sosyal Tesisleri,EYÜP,41.058,28.9447,70,69,1,AÇIK OTOPARK,1,15,08:00-23:00
2026-08-10T15:15:04.915730+00:00,2026-08-10T18:15:04.915730+03:00,758,Arap Camii Açık Otoparkı,BEYOĞLU,41.0227,28.9723,30,1,29,AÇIK OTOPARK,0,0,09:00-17:00
2026-08-10T15:15:04.915730+00:00,2026-08-10T18:15:04.915730+03:00,1963,Aras Sokak 1,BÜYÜKÇEKMECE,41.0226,28.622,60,60,0,YOL ÜSTÜ,0,0,06:00-14:30
2026-08-10T15:15:04.915730+00:00,2026-08-10T18:15:04.915730+03:00,2802,Arnavutköy Zemin Altı Otoparkı,ARNAVUTKÖY,41.1838,28.7396,700,31,669,KAPALI OTOPARK,1,15,24 Saat
2026-08-10T15:15:04.915730+00:00,2026-08-10T18:15:04.915730+03:00,1797,Ataköy Atrium AVM,BAKIRKÖY,40.9881,28.8459,250,191,59,AÇIK OTOPARK,1,15,08:00-23:00
2026-08-10T15:15:04.915730+00:00,2026-08-10T18:15:04.915730+03:00,2824,Ataköy Metro Durağı Yanı PD Zemin Altı Otoparkı,BAKIRKÖY,40.9904,28.8456,150,80,70,KAPALI OTOPARK,1,0,24 Saat
2026-08-10T15:15:04.915730+00:00,2026-08-10T18:15:04.915730+03:00,359,Atatürk Bulvarı 1,FATİH,41.0112,28.9534,20,1,19,YOL ÜSTÜ,0,0,07:30-18:00
2026-08-10T15:15:04.915730+00:00,2026-08-10T18:15:04.915730+03:00,3087,Atatürk Kent Ormanı Otoparkı,SARIYER,41.136,29.0262,200,198,2,AÇIK OTOPARK,0,0,08:00-17:00
2026-08-10T15:15:04.915730+00:00,2026-08-10T18:15:04.915730+03:00,1088,Avcılar İdo,AVCILAR,40.9712,28.7185,270,263,7,AÇIK OTOPARK,1,0,13:00-07:00
2026-08-10T15:15:04.915730+00:00,2026-08-10T18:15:04.915730+03:00,2885,Azapkapı Haliç Metro Otoparkı,ŞİŞLİ,41.0245,28.9691,80,25,55,AÇIK OTOPARK,1,5,24 Saat
2026-08-10T15:15:04.915730+00:00,2026-08-10T18:15:04.915730+03:00,2455,Azerbaycan Dostluk Parkı Zemin Altı Otoparkı,BAĞCILAR,41.0444,28.854,400,192,208,KAPALI OTOPARK,1,10,24 Saat
2026-08-10T15:15:04.915730+00:00,2026-08-10T18:15:04.915730+03:00,2965,Bağcılar Çolakoğlu Zemin Altı Otoparkı,BAĞCILAR,41.0324,28.8345,106,0,106,KAPALI OTOPARK,1,5,24 Saat
2026-08-10T15:15:04.915730+00:00,2026-08-10T18:15:04.915730+03:00,2576,Bağcılar Demirkapı Zemin Altı Otoparkı,BAĞCILAR,41.0499,28.8327,343,167,176,KAPALI OTOPARK,1,5,24 Saat
2026-08-10T15:15:04.915730+00:00,2026-08-10T18:15:04.915730+03:00,3036,Bağcılar Devlet Hastanesi Yanı Zeminaltı Otoparkı,BAĞCILAR,41.0312,28.8696,1133,141,992,KAPALI OTOPARK,1,15,24 Saat
2026-08-10T15:15:04.915730+00:00,2026-08-10T18:15:04.915730+03:00,3071,Bağcılar Emniyet Müdürlüğü Yanı Açık Otoparkı,BAĞCILAR,41.0353,28.8598,100,60,40,AÇIK OTOPARK,1,0,24 Saat
2026-08-10T15:15:04.915730+00:00,2026-08-10T18:15:04.915730+03:00,2873,Bağcılar Göztepe Zemin Altı,BAĞCILAR,41.0567,28.8355,120,0,120,KAPALI OTOPARK,1,5,24 Saat
2026-08-10T15:15:04.915730+00:00,2026-08-10T18:15:04.915730+03:00,3187,Bağcılar Hürriyet Mahallesi Zemin Altı Otoparkı,BAĞCILAR,41.0291,28.8333,355,0,355,KAPALI OTOPARK,1,10,24 Saat
2026-08-10T15:15:04.915730+00:00,2026-08-10T18:15:04.915730+03:00,2916,Bağcılar Kent Meydanı PD Zemin Altı Otoparkı,BAĞCILAR,41.0339,28.8556,1162,0,1162,KAPALI OTOPARK,1,0,24 Saat
2026-08-10T15:15:04.915730+00:00,2026-08-10T18:15:04.915730+03:00,3261,Bağcılar Yenimahalle Zemin Altı Otoparkı,BAĞCILAR,41.0425,28.8395,525,271,254,KAPALI OTOPARK,1,15,24 Saat
2026-08-10T15:15:04.915730+00:00,2026-08-10T18:15:04.915730+03:00,2820,Bağcılar Yıldıztepe Katlı Otoparkı,BAĞCILAR,41.0294,28.8556,350,0,350,KAPALI OTOPARK,1,10,24 Saat
2026-08-10T15:15:04.915730+00:00,2026-08-10T18:15:04.915730+03:00,3447,Bahçelievler 23 Nisan Milli Egemenlik Zeminaltı Otoparkı,BAHÇELİEVLER,40.9988,28.8472,732,522,210,KAPALI OTOPARK,1,10,24 Saat
2026-08-10T15:15:04.915730+00:00,2026-08-10T18:15:04.915730+03:00,2993,Bahçelievler Cumhuriyet Zeminaltı Otoparkı,BAHÇELİEVLER,41.0149,28.859,663,0,663,KAPALI OTOPARK,1,10,24 Saat
2026-08-10T15:15:04.915730+00:00,2026-08-10T18:15:04.915730+03:00,2969,Bahçelievler Devlet Hastanesi Yanı Katlı Otoparkı,BAHÇELİEVLER,41.0072,28.8442,740,0,740,KAPALI OTOPARK,1,0,24 Saat
2026-08-10T15:15:04.915730+00:00,2026-08-10T18:15:04.915730+03:00,3051,Bahçelievler Zafer Mh. Zeminaltı Otoparkı,BAHÇELİEVLER,41.0036,28.8351,200,90,110,KAPALI OTOPARK,1,0,24 Saat
2026-08-10T15:15:04.915730+00:00,2026-08-10T18:15:04.915730+03:00,3236,Bahçeşehir Gölet Açık Otoparkı,BAŞAKŞEHİR,41.0719,28.6901,200,1,199,AÇIK OTOPARK,1,0,12:00-22:00
2026-08-10T15:15:04.915730+00:00,2026-08-10T18:15:04.915730+03:00,1465,Bakırköy İdo Açık Otoparkı,BAKIRKÖY,40.9739,28.8761,160,108,52,AÇIK OTOPARK,1,10,24 Saat
2026-08-10T15:15:04.915730+00:00,2026-08-10T18:15:04.915730+03:00,1104,Balmumcu Katlı Otoparkı,BEŞİKTAŞ,41.0636,29.0109,400,271,129,KAPALI OTOPARK,1,5,24 Saat
2026-08-10T15:15:04.915730+00:00,2026-08-10T18:15:04.915730+03:00,2350,Bayrampaşa Adapark Katlı Otoparkı,BAYRAMPAŞA,41.0647,28.8875,650,0,650,KAPALI OTOPARK,1,15,24 Saat
2026-08-10T15:15:04.915730+00:00,2026-08-10T18:15:04.915730+03:00,2892,Bayrampaşa Altıntepsi Zemin  Altı Otoparkı,BAYRAMPAŞA,41.0393,28.9029,110,0,110,KAPALI OTOPARK,1,10,24 Saat
2026-08-10T15:15:04.915730+00:00,2026-08-10T18:15:04.915730+03:00,2909,Bayrampaşa Atatürk Parkı  Zemin Altı Otoparkı,BAYRAMPAŞA,41.0342,28.9123,442,0,442,KAPALI OTOPARK,1,10,24 Saat
2026-08-10T15:15:04.915730+00:00,2026-08-10T18:15:04.915730+03:00,2683,Bayrampaşa Devlet Hastanesi Cep Otoparkı,BAYRAMPAŞA,41.0414,28.9031,55,7,48,AÇIK OTOPARK,1,0,08:00-19:00
2026-08-10T15:15:04.915730+00:00,2026-08-10T18:15:04.915730+03:00,3301,Bayrampaşa Kocatepe Mahallesi Zemin Altı Otoparkı,BAYRAMPAŞA,41.0545,28.8964,241,0,241,KAPALI OTOPARK,1,10,24 Saat
2026-08-10T15:15:04.915730+00:00,2026-08-10T18:15:04.915730+03:00,2053,Bayrampaşa Muratpaşa Yer Altı Otoparkı,BAYRAMPAŞA,41.047,28.9082,300,22,278,KAPALI OTOPARK,1,15,24 Saat
2026-08-10T15:15:04.915730+00:00,2026-08-10T18:15:04.915730+03:00,3175,Bayrampaşa Spor Kompleksi Zemin Altı Otoparkı,BAYRAMPAŞA,41.0446,28.9106,205,0,205,KAPALI OTOPARK,1,15,24 Saat
2026-08-10T15:15:04.915730+00:00,2026-08-10T18:15:04.915730+03:00,3382,Bayrampaşa Şehit Kamil Balkan Zemin Altı Otoparkı,BAYRAMPAŞA,41.0604,28.9008,235,0,235,KAPALI OTOPARK,1,10,24 Saat
2026-08-10T15:15:04.915730+00:00,2026-08-10T18:15:04.915730+03:00,2428,Bayrampaşa Yenidoğan Mahallesi Zemin Altı Otoparkı,BAYRAMPAŞA,41.0395,28.9088,120,0,120,KAPALI OTOPARK,1,10,24 Saat
2026-08-10T15:15:04.915730+00:00,2026-08-10T18:15:04.915730+03:00,2468,Bebek Açık,BEŞİKTAŞ,41.077,29.0434,30,0,30,AÇIK OTOPARK,1,0,24 Saat
2026-08-10T15:15:04.915730+00:00,2026-08-10T18:15:04.915730+03:00,3479,Beşiktaş Halk Pazarı Açık Otoparkı,BEŞİKTAŞ,41.0496,29.0004,170,101,69,AÇIK OTOPARK,1,5,24 Saat
2026-08-10T15:15:04.915730+00:00,2026-08-10T18:15:04.915730+03:00,3257,Beykoz Sahil Cep Otoparkı,BEYKOZ,41.1286,29.0953,100,73,27,AÇIK OTOPARK,1,0,08:00-00:00
2026-08-10T15:15:04.915730+00:00,2026-08-10T18:15:04.915730+03:00,2273,Beykoz Sosyal Tesisleri,BEYKOZ,41.1143,29.0888,130,0,130,AÇIK OTOPARK,1,15,08:00-00:00
2026-08-10T15:15:04.915730+00:00,2026-08-10T18:15:04.915730+03:00,2999,Beyoğlu Gazhane Bostan Sokak 2,BEYOĞLU,41.0389,28.9903,35,1,34,YOL ÜSTÜ,0,0,07:30-16:30
2026-08-10T15:15:04.915730+00:00,2026-08-10T18:15:04.915730+03:00,3072,Beyoğlu Örnektepe Zemin Altı Otoparkı,BEYOĞLU,41.0543,28.9548,143,0,143,KAPALI OTOPARK,1,0,24 Saat
2026-08-10T15:15:04.915730+00:00,2026-08-10T18:15:04.915730+03:00,1455,Bostancı Açık,KADIKÖY,40.9523,29.0902,394,74,320,AÇIK OTOPARK,1,15,24 Saat
2026-08-10T15:15:04.915730+00:00,2026-08-10T18:15:04.915730+03:00,1456,Bostancı Sahil-Cep Açık Otoparkı,KADIKÖY,40.9545,29.0885,192,95,97,AÇIK OTOPARK,1,15,24 Saat
2026-08-10T15:15:04.915730+00:00,2026-08-10T18:15:04.915730+03:00,2150,Bostancı Vergi Dairesi Açık Otoparkı,ATAŞEHİR,40.9625,29.1083,155,0,155,AÇIK OTOPARK,1,5,08:00-20:00
2026-08-10T15:15:04.915730+00:00,2026-08-10T18:15:04.915730+03:00,2854,Bülent Ecevit Kültür Merkezi Açık Otoparkı,KARTAL,40.8852,29.1967,277,266,11,AÇIK OTOPARK,1,0,10:00-21:00
2026-08-10T15:15:04.915730+00:00,2026-08-10T18:15:04.915730+03:00,2866,Büyük İstanbul Otogarı,BAYRAMPAŞA,41.0402,28.8942,1000,0,1000,AÇIK OTOPARK,1,25,24 Saat
2026-08-10T15:15:04.915730+00:00,2026-08-10T18:15:04.915730+03:00,1192,Büyükçamlıca Korusu Sosyal Tesisleri Önü,ÜSKÜDAR,41.0264,29.0698,204,111,93,AÇIK OTOPARK,1,0,08:00-00:00
2026-08-10T15:15:04.915730+00:00,2026-08-10T18:15:04.915730+03:00,2960,Büyükçekmece Metrobüs Durağı Yanı PD Zemin Altı Otopark,BÜYÜKÇEKMECE,41.0221,28.624,448,0,448,KAPALI OTOPARK,1,0,24 Saat
2026-08-10T15:15:04.915730+00:00,2026-08-10T18:15:04.915730+03:00,1503,Cadde Bostan Açık Otoparkı,KADIKÖY,40.9636,29.0675,66,26,40,AÇIK OTOPARK,1,15,24 Saat
2026-08-10T15:15:04.915730+00:00,2026-08-10T18:15:04.915730+03:00,2933,Cemal Kamacı Spor Kompleksi Zemin Altı Otoparkı,KAĞITHANE,41.0536,28.9575,510,0,510,KAPALI OTOPARK,1,0,24 Saat
2026-08-10T15:15:04.915730+00:00,2026-08-10T18:15:04.915730+03:00,2207,Cengiz Topel Yer Altı Katlı Otoparkı,ESENLER,41.0588,28.8643,144,0,144,KAPALI OTOPARK,1,15,24 Saat
2026-08-10T15:15:04.915730+00:00,2026-08-10T18:15:04.915730+03:00,2787,Cevizli Açık Otoparkı,KARTAL,40.9179,29.1712,100,65,35,AÇIK OTOPARK,1,15,08:00-19:00
2026-08-10T15:15:04.915730+00:00,2026-08-10T18:15:04.915730+03:00,782,Cihangir Caddesi 2,BEYOĞLU,41.0319,28.9862,70,1,69,YOL ÜSTÜ,1,15,09:00-19:00
2026-08-10T15:15:04.915730+00:00,2026-08-10T18:15:04.915730+03:00,1467,Cihangir Katlı Otoparkı,BEYOĞLU,41.0318,28.9858,350,0,350,KAPALI OTOPARK,1,0,24 Saat
2026-08-10T15:15:04.915730+00:00,2026-08-10T18:15:04.915730+03:00,535,Cihannuma Yol Üstü 1,BEŞİKTAŞ,41.0454,29.0084,35,1,34,YOL ÜSTÜ,1,0,08:00-23:00
2026-08-10T15:15:04.915730+00:00,2026-08-10T18:15:04.915730+03:00,537,Cihannuma Yol Üstü 3,BEŞİKTAŞ,41.0459,29.0087,33,1,32,YOL ÜSTÜ,1,0,08:00-23:00
2026-08-10T15:15:04.915730+00:00,2026-08-10T18:15:04.915730+03:00,539,Cihannuma Yol Üstü 5,BEŞİKTAŞ,41.0489,29.0094,24,1,23,YOL ÜSTÜ,1,0,08:00-23:00
2026-08-10T15:15:04.915730+00:00,2026-08-10T18:15:04.915730+03:00,3184,Çam Sokak 6,GÜNGÖREN,41.0121,28.8882,50,1,49,YOL ÜSTÜ,0,15,08:00-17:00
2026-08-10T15:15:04.915730+00:00,2026-08-10T18:15:04.915730+03:00,3030,Çekmeköy Metro PD Zemin Altı Otoparkı,ÇEKMEKÖY,41.0147,29.1886,175,49,126,KAPALI OTOPARK,1,15,24 Saat
2026-08-10T15:15:04.915730+00:00,2026-08-10T18:15:04.915730+03:00,2905,Çeliktepe Açık Otoparkı,KAĞITHANE,41.0843,29.0056,200,64,136,AÇIK OTOPARK,1,5,24 Saat
2026-08-10T15:15:04.915730+00:00,2026-08-10T18:15:04.915730+03:00,1298,Çengelköy Açık Otoparkı,ÜSKÜDAR,41.0484,29.0533,500,323,177,AÇIK OTOPARK,1,15,24 Saat
2026-08-10T15:15:04.915730+00:00,2026-08-10T18:15:04.915730+03:00,502,Çınar Açık Otoparkı,BEŞİKTAŞ,41.0853,29.0088,65,1,64,AÇIK OTOPARK,0,0,08:00-18:00
2026-08-10T15:15:04.915730+00:00,2026-08-10T18:15:04.915730+03:00,777,Çırağan Sarayı Yol Üstü 1,BEŞİKTAŞ,41.0448,29.0165,40,1,39,YOL ÜSTÜ,1,15,08:00-23:00
2026-08-10T15:15:04.915730+00:00,2026-08-10T18:15:04.915730+03:00,778,Çırağan Sarayı Yol Üstü 2,BEŞİKTAŞ,41.0445,29.0156,40,1,39,YOL ÜSTÜ,1,15,08:00-23:00
2026-08-10T15:15:04.915730+00:00,2026-08-10T18:15:04.915730+03:00,2228,Çırpıcı Sosyal Tesisler,ZEYTİNBURNU,41,28.8926,128,0,128,AÇIK OTOPARK,1,15,07:00-00:00
2026-08-10T15:15:04.915730+00:00,2026-08-10T18:15:04.915730+03:00,2030,Dalyan Açık Otoparkı,KADIKÖY,40.9632,29.0651,92,8,84,AÇIK OTOPARK,1,15,24 Saat
2026-08-10T15:15:04.915730+00:00,2026-08-10T18:15:04.915730+03:00,2271,Damla Sokak 1,ŞİŞLİ,41.0672,29.0004,17,1,16,YOL ÜSTÜ,0,15,07:30-16:30
2026-08-10T15:15:04.915730+00:00,2026-08-10T18:15:04.915730+03:00,2164,Darüşşafaka Yeraltı Otoparkı,SARIYER,41.1292,29.0252,150,122,28,KAPALI OTOPARK,1,15,08:00-00:00
2026-08-10T15:15:04.915730+00:00,2026-08-10T18:15:04.915730+03:00,1653,Deniz Feneri Otoparkı,FATİH,41.0019,28.9773,175,78,97,AÇIK OTOPARK,1,5,24 Saat
2026-08-10T15:15:04.915730+00:00,2026-08-10T18:15:04.915730+03:00,595,Dostluk Yurdu 1,FATİH,41.0071,28.973,33,33,0,YOL ÜSTÜ,0,15,07:00-17:00
2026-08-10T15:15:04.915730+00:00,2026-08-10T18:15:04.915730+03:00,2237,Dragos Sosyal Tesisleri,KARTAL,40.9017,29.1458,100,51,49,AÇIK OTOPARK,1,15,24 Saat
2026-08-10T15:15:04.915730+00:00,2026-08-10T18:15:04.915730+03:00,3063,Dudullu Metro PD Zemin Altı Otoparkı,ÜMRANİYE,41.0156,29.1633,81,58,23,KAPALI OTOPARK,1,15,07:00-23:30
2026-08-10T15:15:04.915730+00:00,2026-08-10T18:15:04.915730+03:00,1522,Ebu Suut Caddesi 1,FATİH,41.0128,28.9766,35,1,34,YOL ÜSTÜ,0,0,08:00-18:00
2026-08-10T15:15:04.915730+00:00,2026-08-10T18:15:04.915730+03:00,2147,EGS Blokları Açık Otoparkı,BAKIRKÖY,40.9863,28.8354,350,45,305,AÇIK OTOPARK,1,60,09:00-19:30
2026-08-10T15:15:04.915730+00:00,2026-08-10T18:15:04.915730+03:00,2366,Esenler Adem Baştürk Kültür Merkezi Katlı,ESENLER,41.039,28.8846,460,40,420,KAPALI OTOPARK,1,15,24 Saat
2026-08-10T15:15:04.915730+00:00,2026-08-10T18:15:04.915730+03:00,3190,Esenler Havaalanı Mahallesi Zemin Altı Otoparkı,ESENLER,41.0562,28.8674,610,378,232,KAPALI OTOPARK,1,10,24 Saat
2026-08-10T15:15:04.915730+00:00,2026-08-10T18:15:04.915730+03:00,3011,Esenler Menderes Metro İstasyonu Yanı,ESENLER,41.0427,28.8783,68,10,58,AÇIK OTOPARK,1,5,24 Saat
2026-08-10T15:15:04.915730+00:00,2026-08-10T18:15:04.915730+03:00,2822,Esenler Menderes Parkı Zemin Altı Otoparkı,ESENLER,41.0412,28.8729,325,77,248,KAPALI OTOPARK,1,10,24 Saat
2026-08-10T15:15:04.915730+00:00,2026-08-10T18:15:04.915730+03:00,3303,Esenyurt Adile Naşit Bulvarı Zeminaltı Otoparkı,ESENYURT,41.0205,28.6859,367,289,78,KAPALI OTOPARK,1,15,24 Saat
2026-08-10T15:15:04.915730+00:00,2026-08-10T18:15:04.915730+03:00,1328,Eski Salı Pazarı,KADIKÖY,40.9904,29.0338,760,0,760,AÇIK OTOPARK,1,15,24 Saat
2026-08-10T15:15:04.915730+00:00,2026-08-10T18:15:04.915730+03:00,904,Eyüp Pierloti Caddesi 1,EYÜP,41.0539,28.9329,40,1,39,YOL ÜSTÜ,1,0,09:00-22:00
2026-08-10T15:15:04.915730+00:00,2026-08-10T18:15:04.915730+03:00,2850,Eyüpsultan Akşemsettin Mahallesi Zemin Altı Otoparkı,EYÜP,41.085,28.9258,110,0,110,KAPALI OTOPARK,1,15,24 Saat
2026-08-10T15:15:04.915730+00:00,2026-08-10T18:15:04.915730+03:00,2215,Fatih Çeşmesi Tabiat Parkı Otoparkı,SARIYER,41.1686,28.9448,250,243,7,AÇIK OTOPARK,1,0,06:00-20:00
2026-08-10T15:15:04.915730+00:00,2026-08-10T18:15:04.915730+03:00,1475,Fatih Katlı Otoparkı,FATİH,41.0198,28.9396,118,9,109,KAPALI OTOPARK,1,10,24 Saat
2026-08-10T15:15:04.915730+00:00,2026-08-10T18:15:04.915730+03:00,1591,Feshane PD Açık Otoparkı,EYÜP,41.0463,28.9378,200,6,194,AÇIK OTOPARK,1,15,24 Saat
2026-08-10T15:15:04.915730+00:00,2026-08-10T18:15:04.915730+03:00,1005,Florya Havuzlu Bahçe,BAKIRKÖY,40.9764,28.7908,135,1,134,AÇIK OTOPARK,1,0,09:00-23:00
2026-08-10T15:15:04.915730+00:00,2026-08-10T18:15:04.915730+03:00,2238,Florya Sosyal Tesisleri,BAKIRKÖY,40.9614,28.8091,1074,832,242,AÇIK OTOPARK,1,15,24 Saat
2026-08-10T15:15:04.915730+00:00,2026-08-10T18:15:04.915730+03:00,1704,Gazi Umur Paşa Sokak 5,BEŞİKTAŞ,41.0589,29.0114,45,1,44,YOL ÜSTÜ,0,15,08:00-17:00
2026-08-10T15:15:04.915730+00:00,2026-08-10T18:15:04.915730+03:00,3296,Gaziosmanpaşa Meydanı ve Yaşam Merkezi Zemin Altı Otoparkı,GAZİOSMANPAŞA,41.0606,28.9093,202,0,202,KAPALI OTOPARK,1,15,24 Saat
2026-08-10T15:15:04.915730+00:00,2026-08-10T18:15:04.915730+03:00,2971,Gaziosmanpaşa Zemin Altı Otoparkı,GAZİOSMANPAŞA,41.0796,28.8858,285,0,285,KAPALI OTOPARK,1,0,24 Saat
2026-08-10T15:15:04.915730+00:00,2026-08-10T18:15:04.915730+03:00,3401,Giyimkent Tekstilkent Metro Zemin Altı PD Otoparkı,ESENLER,41.0711,28.8666,203,180,23,KAPALI OTOPARK,1,10,24 Saat
2026-08-10T15:15:04.915730+00:00,2026-08-10T18:15:04.915730+03:00,2242,Gözdağı Sosyal Tesisler  Açık Otoparkı,PENDİK,40.893,29.2538,300,216,84,AÇIK OTOPARK,1,0,07:00-23:00
2026-08-10T15:15:04.915730+00:00,2026-08-10T18:15:04.915730+03:00,1879,Gülsuyu Metro PD Yer Altı Otoparkı,MALTEPE,40.9237,29.1548,76,0,76,KAPALI OTOPARK,1,15,08:00-00:00
2026-08-10T15:15:04.915730+00:00,2026-08-10T18:15:04.915730+03:00,1423,Güneş Plajı 1,BAKIRKÖY,40.9712,28.79,250,173,77,AÇIK OTOPARK,1,10,24 Saat
2026-08-10T15:15:04.915730+00:00,2026-08-10T18:15:04.915730+03:00,1461,Güneş Plajı 2,BAKIRKÖY,40.9692,28.7951,135,98,37,AÇIK OTOPARK,1,10,08:00-20:00
2026-08-10T15:15:04.915730+00:00,2026-08-10T18:15:04.915730+03:00,3053,Güngören Nikah Dairesi Zemin Altı otoparkı,GÜNGÖREN,41.0363,28.8718,147,0,147,KAPALI OTOPARK,1,10,24 Saat
2026-08-10T15:15:04.915730+00:00,2026-08-10T18:15:04.915730+03:00,2216,Gürpınar Balık Hali Otoparkı,BEYLİKDÜZÜ,40.9663,28.6019,1000,776,224,AÇIK OTOPARK,1,15,24 Saat
2026-08-10T15:15:04.915730+00:00,2026-08-10T18:15:04.915730+03:00,1525,Hacıosman Metro Yer Altı Otoparkı,SARIYER,41.14,29.0306,422,197,225,KAPALI OTOPARK,1,15,24 Saat
2026-08-10T15:15:04.915730+00:00,2026-08-10T18:15:04.915730+03:00,1470,Haldun Alagaş Katlı Otoparkı,ÜMRANİYE,41.0262,29.1052,197,107,90,KAPALI OTOPARK,1,15,24 Saat
2026-08-10T15:15:04.915730+00:00,2026-08-10T18:15:04.915730+03:00,3235,Haliç Sosyal Tesisleri Otoparkı,FATİH,41.0277,28.9572,60,0,60,AÇIK OTOPARK,1,15,07:00-00:00
2026-08-10T15:15:04.915730+00:00,2026-08-10T18:15:04.915730+03:00,2848,Halkalı Mahallesi Zemin Altı Otoparkı,KÜÇÜKÇEKMECE,41.0359,28.7848,347,253,94,KAPALI OTOPARK,1,15,24 Saat
2026-08-10T15:15:04.915730+00:00,2026-08-10T18:15:04.915730+03:00,2838,Hamidiye Mahallesi Katlı Otoparkı,KAĞITHANE,41.0949,28.971,450,207,243,KAPALI OTOPARK,1,15,24 Saat
2026-08-10T15:15:04.915730+00:00,2026-08-10T18:15:04.915730+03:00,1446,Harbiye Zemin Altı Otoparkı,BEYOĞLU,41.0408,28.9869,142,33,109,KAPALI OTOPARK,1,5,24 Saat
2026-08-10T15:15:04.915730+00:00,2026-08-10T18:15:04.915730+03:00,2332,Haydarpaşa Katlı Otoparkı,ÜSKÜDAR,41.0048,29.0251,840,688,152,KAPALI OTOPARK,1,15,24 Saat
2026-08-10T15:15:04.915730+00:00,2026-08-10T18:15:04.915730+03:00,1987,Haznedar Yer Altı Otoparkı,GÜNGÖREN,41.0083,28.8729,540,0,540,KAPALI OTOPARK,1,0,24 Saat
2026-08-10T15:15:04.915730+00:00,2026-08-10T18:15:04.915730+03:00,377,Hızır Külhani Sokak,FATİH,41.0202,28.9605,32,1,31,YOL ÜSTÜ,0,15,09:00-17:00
2026-08-10T15:15:04.915730+00:00,2026-08-10T18:15:04.915730+03:00,3173,Hürriyet Mahallesi Zeminaltı Otoparkı,GAZİOSMANPAŞA,41.0708,28.8951,190,0,190,KAPALI OTOPARK,1,15,24 Saat
2026-08-10T15:15:04.915730+00:00,2026-08-10T18:15:04.915730+03:00,157,Ihlamur Dere Caddesi 4,BEŞİKTAŞ,41.047,29.0023,27,27,0,YOL ÜSTÜ,0,15,09:00-17:00
2026-08-10T15:15:04.915730+00:00,2026-08-10T18:15:04.915730+03:00,1189,İçerenköy Sebze Meyve Hali Otoparkı,ATAŞEHİR,40.9766,29.1044,600,599,1,AÇIK OTOPARK,1,15,24 Saat
2026-08-10T15:15:04.915730+00:00,2026-08-10T18:15:04.915730+03:00,1127,İshakpaşa Caddesi,FATİH,41.0079,28.9814,200,1,199,YOL ÜSTÜ,0,0,08:00-18:00
2026-08-10T15:15:04.915730+00:00,2026-08-10T18:15:04.915730+03:00,3265,İspark İstanbul West Marina Açık Otoparkı 1,BEYLİKDÜZÜ,40.9636,28.6564,250,1,249,AÇIK OTOPARK,1,15,24 Saat
2026-08-10T15:15:04.915730+00:00,2026-08-10T18:15:04.915730+03:00,2793,İspark Merter Katlı Otoparkı,GÜNGÖREN,41.0097,28.89,900,354,546,KAPALI OTOPARK,1,10,24 Saat
2026-08-10T15:15:04.915730+00:00,2026-08-10T18:15:04.915730+03:00,2430,İspark West İstanbul Marina Açık Otoparkı,BEYLİKDÜZÜ,40.9639,28.6591,1600,1046,554,AÇIK OTOPARK,1,15,24 Saat
2026-08-10T15:15:04.915730+00:00,2026-08-10T18:15:04.915730+03:00,381,İstinye 4 ( Cami Önü ),SARIYER,41.1149,29.0571,25,1,24,YOL ÜSTÜ,0,15,08:30-17:30
2026-08-10T15:15:04.915730+00:00,2026-08-10T18:15:04.915730+03:00,1804,İtalyan Hastanesi Karşısı Açık Otoparkı 1,BEYOĞLU,41.028,28.9815,30,1,29,AÇIK OTOPARK,1,0,08:00-19:00
2026-08-10T15:15:04.915730+00:00,2026-08-10T18:15:04.915730+03:00,507,Kabasakal Medrese Önü,FATİH,41.0062,28.9789,65,1,64,AÇIK OTOPARK,1,0,08:00-18:30
2026-08-10T15:15:04.915730+00:00,2026-08-10T18:15:04.915730+03:00,3306,Kabataş Transfer Merkezi Turizm Otobüs Otoparkı,BEYOĞLU,41.0336,28.9923,160,12,148,KAPALI OTOPARK,1,20,24 Saat
2026-08-10T15:15:04.915730+00:00,2026-08-10T18:15:04.915730+03:00,2918,Kadıköy Hasanpaşa Gazhane Katlı Otoparkı,KADIKÖY,40.9972,29.0428,310,204,106,KAPALI OTOPARK,1,15,24 Saat
2026-08-10T15:15:04.915730+00:00,2026-08-10T18:15:04.915730+03:00,1447,Kadıköy İski Açık Otoparkı,KADIKÖY,40.9874,29.0207,124,9,115,AÇIK OTOPARK,1,15,24 Saat
2026-08-10T15:15:04.915730+00:00,2026-08-10T18:15:04.915730+03:00,1655,Kadıköy Metro Açık Otoparkı,KADIKÖY,40.9899,29.0217,74,0,74,AÇIK OTOPARK,1,15,24 Saat
2026-08-10T15:15:04.915730+00:00,2026-08-10T18:15:04.915730+03:00,3445,Kadıköy Uzunçayır PD Açık Otoparkı,KADIKÖY,40.9982,29.0569,70,42,28,AÇIK OTOPARK,0,15,06:30-16:30
2026-08-10T15:15:04.915730+00:00,2026-08-10T18:15:04.915730+03:00,2808,Kadıköy Yeni Salı Pazarı PD Katlı Otoparkı,KADIKÖY,40.9969,29.0486,1350,625,725,KAPALI OTOPARK,1,15,24 Saat
2026-08-10T15:15:04.915730+00:00,2026-08-10T18:15:04.915730+03:00,2811,Kağıthane Harmantepe Zemin Altı Otoparkı,KAĞITHANE,41.0816,28.9907,200,0,200,KAPALI OTOPARK,1,0,24 Saat
2026-08-10T15:15:04.915730+00:00,2026-08-10T18:15:04.915730+03:00,1452,Kalamış Açık Otoparkı,KADIKÖY,40.9687,29.0363,173,107,66,AÇIK OTOPARK,1,15,24 Saat
2026-08-10T15:15:04.915730+00:00,2026-08-10T18:15:04.915730+03:00,1474,Kartal Hasan Doğan Spor Kompleksi,KARTAL,40.8918,29.1897,773,0,773,KAPALI OTOPARK,1,15,24 Saat
2026-08-10T15:15:04.915730+00:00,2026-08-10T18:15:04.915730+03:00,1105,Kartal İdo Açık Otoparkı,KARTAL,40.8874,29.1881,90,0,90,AÇIK OTOPARK,1,15,24 Saat
2026-08-10T15:15:04.915730+00:00,2026-08-10T18:15:04.915730+03:00,1550,Kartal Sahil Açık Otoparkı,KARTAL,40.8875,29.1901,75,29,46,AÇIK OTOPARK,1,5,24 Saat
2026-08-10T15:15:04.915730+00:00,2026-08-10T18:15:04.915730+03:00,3434,Kasımpaşa Sosyal Tesisler Otoparkı,BEYOĞLU,41.0296,28.9673,60,37,23,AÇIK OTOPARK,1,0,07:30-23:00
2026-08-10T15:15:04.915730+00:00,2026-08-10T18:15:04.915730+03:00,1960,Kazlıçeşme Marmaray Açık Otoparkı,ZEYTİNBURNU,40.9922,28.917,700,564,136,AÇIK OTOPARK,1,15,24 Saat
2026-08-10T15:15:04.915730+00:00,2026-08-10T18:15:04.915730+03:00,2994,Kirazlı Metro Durağı PD Açık Otoparkı,BAĞCILAR,41.033,28.8429,112,0,112,AÇIK OTOPARK,1,5,24 Saat
2026-08-10T15:15:04.915730+00:00,2026-08-10T18:15:04.915730+03:00,1528,Kore Şehitleri Caddesi - Yüzbaşı Kaya Aldağon Sokak 1,ŞİŞLİ,41.0719,29.0139,40,1,39,YOL ÜSTÜ,0,15,07:00-16:00
2026-08-10T15:15:04.915730+00:00,2026-08-10T18:15:04.915730+03:00,2449,Kozyatağı Sebze-Meyve Hali,ATAŞEHİR,40.9787,29.1029,1500,1500,0,AÇIK OTOPARK,1,0,24 Saat
2026-08-10T15:15:04.915730+00:00,2026-08-10T18:15:04.915730+03:00,113,Kurtuluş Caddesi 4,ŞİŞLİ,41.051,28.983,45,1,44,YOL ÜSTÜ,0,15,08:00-18:00
2026-08-10T15:15:04.915730+00:00,2026-08-10T18:15:04.915730+03:00,1206,Kutlugün Sokak 2,FATİH,41.0061,28.9801,200,1,199,YOL ÜSTÜ,0,0,08:00-18:00
2026-08-10T15:15:04.915730+00:00,2026-08-10T18:15:04.915730+03:00,3074,Küçük Çamlıca,ÜSKÜDAR,41.0204,29.0653,129,106,23,AÇIK OTOPARK,1,0,08:00-22:00
2026-08-10T15:15:04.915730+00:00,2026-08-10T18:15:04.915730+03:00,3127,Küçükçekmece Cennet Mahallesi Meydan Zemin Altı Otoparkı,KÜÇÜKÇEKMECE,40.9907,28.783,456,0,456,KAPALI OTOPARK,1,10,24 Saat
2026-08-10T15:15:04.915730+00:00,2026-08-10T18:15:04.915730+03:00,2554,Küçükçekmece Fevzi Çakmak Meydanı Zemin Altı Otoparkı,KÜÇÜKÇEKMECE,41.0076,28.7927,1000,519,481,KAPALI OTOPARK,1,10,24 Saat
2026-08-10T15:15:04.915730+00:00,2026-08-10T18:15:04.915730+03:00,2882,Küçüksu Kasrı Açık Otoparkı,BEYKOZ,41.0789,29.0657,98,91,7,AÇIK OTOPARK,1,0,07:00-23:00
2026-08-10T15:15:04.915730+00:00,2026-08-10T18:15:04.915730+03:00,220,Levent Hamidiye,BEŞİKTAŞ,41.0861,29.0076,100,1,99,AÇIK OTOPARK,1,0,08:00-19:00
2026-08-10T15:15:04.915730+00:00,2026-08-10T18:15:04.915730+03:00,1138,Levent Metro Yer Altı Otoparkı,BEŞİKTAŞ,41.0811,29.0105,100,100,0,AÇIK OTOPARK,1,5,07:30-19:30
2026-08-10T15:15:04.915730+00:00,2026-08-10T18:15:04.915730+03:00,2335,Maçka Açık Otoparkı,ŞİŞLİ,41.046,28.9908,75,74,1,AÇIK OTOPARK,1,0,24 Saat
2026-08-10T15:15:04.915730+00:00,2026-08-10T18:15:04.915730+03:00,1859,Maçka Katlı Otoparkı,ŞİŞLİ,41.0484,28.9903,508,0,508,KAPALI OTOPARK,1,0,24 Saat
2026-08-10T15:15:04.915730+00:00,2026-08-10T18:15:04.915730+03:00,3193,Maltepe Rıhtım Caddesi Açık Otoparkı,MALTEPE,40.9258,29.1241,76,45,31,AÇIK OTOPARK,1,0,24 Saat
2026-08-10T15:15:04.915730+00:00,2026-08-10T18:15:04.915730+03:00,2146,Maltepe Süreyyapaşa Çarşısı Açık Otoparkı,MALTEPE,40.9274,29.1225,156,89,67,AÇIK OTOPARK,1,0,24 Saat
2026-08-10T15:15:04.915730+00:00,2026-08-10T18:15:04.915730+03:00,1599,Maslak Açık Otoparkı,SARIYER,41.1166,29.024,150,110,40,AÇIK OTOPARK,1,10,24 Saat
2026-08-10T15:15:04.915730+00:00,2026-08-10T18:15:04.915730+03:00,2100,Matbaacılar Sitesi Yanı,ZEYTİNBURNU,41.0234,28.9187,250,172,78,AÇIK OTOPARK,1,5,24 Saat
2026-08-10T15:15:04.915730+00:00,2026-08-10T18:15:04.915730+03:00,920,Meclis-i Mebusan Yokuşu 2,BEYOĞLU,41.0326,28.9882,34,1,33,YOL ÜSTÜ,0,15,09:00-17:00
2026-08-10T15:15:04.915730+00:00,2026-08-10T18:15:04.915730+03:00,1546,Menekşe Plajı Açık Otoparkı,BAKIRKÖY,40.9761,28.7766,200,199,1,AÇIK OTOPARK,1,0,24 Saat
2026-08-10T15:15:04.915730+00:00,2026-08-10T18:15:04.915730+03:00,1376,Mercan Açık,FATİH,41.0136,28.9669,130,65,65,AÇIK OTOPARK,1,0,08:00-23:00
2026-08-10T15:15:04.915730+00:00,2026-08-10T18:15:04.915730+03:00,3309,Mercan Ali Paşa Sarayı Zemin Altı Otoparkı,FATİH,41.0136,28.967,196,1,195,KAPALI OTOPARK,1,0,07:00-21:00
2026-08-10T15:15:04.915730+00:00,2026-08-10T18:15:04.915730+03:00,1472,Merter Katlı Otoparkı,GÜNGÖREN,41.0092,28.8874,1000,875,125,KAPALI OTOPARK,1,10,24 Saat
2026-08-10T15:15:04.915730+00:00,2026-08-10T18:15:04.915730+03:00,2375,Merter Metro PD Zeminaltı Otoparkı,GÜNGÖREN,41.0037,28.8897,242,87,155,KAPALI OTOPARK,1,10,24 Saat
2026-08-10T15:15:04.915730+00:00,2026-08-10T18:15:04.915730+03:00,1568,Mete Caddesi 1,BEYOĞLU,41.0382,28.9879,31,1,30,YOL ÜSTÜ,1,15,08:00-23:00
2026-08-10T15:15:04.915730+00:00,2026-08-10T18:15:04.915730+03:00,1471,Mevlana Yeraltı Katlı Otoparkı,ZEYTİNBURNU,41.0072,28.9049,1000,863,137,KAPALI OTOPARK,1,5,24 Saat
2026-08-10T15:15:04.915730+00:00,2026-08-10T18:15:04.915730+03:00,2709,Millet Caddesi Açık Otoparkı,FATİH,41.01,28.9461,60,1,59,AÇIK OTOPARK,1,15,24 Saat
2026-08-10T15:15:04.915730+00:00,2026-08-10T18:15:04.915730+03:00,3152,Mimar Sinan Zemin Altı Otoparkı,ÜSKÜDAR,41.0222,29.0169,956,0,956,KAPALI OTOPARK,1,15,24 Saat
2026-08-10T15:15:04.915730+00:00,2026-08-10T18:15:04.915730+03:00,2870,Miniatürk Çadır Açık Otoparkı,BEYOĞLU,41.0594,28.9501,250,100,150,AÇIK OTOPARK,1,15,07:00-20:00
2026-08-10T15:15:04.915730+00:00,2026-08-10T18:15:04.915730+03:00,2556,Muallim Naci Açık Otoparkı,BEŞİKTAŞ,41.0561,29.0342,35,26,9,AÇIK OTOPARK,1,15,24 Saat
2026-08-10T15:15:04.915730+00:00,2026-08-10T18:15:04.915730+03:00,569,Oda Kule Önü 1,BEYOĞLU,41.0322,28.9751,24,1,23,YOL ÜSTÜ,1,0,07:00-01:00
2026-08-10T15:15:04.915730+00:00,2026-08-10T18:15:04.915730+03:00,1988,Orhangazi Şehir Parkı PD Açık Otoparkı,MALTEPE,40.9313,29.1161,5022,4427,595,AÇIK OTOPARK,1,15,24 Saat
2026-08-10T15:15:04.915730+00:00,2026-08-10T18:15:04.915730+03:00,152,Ortabahçe Caddesi 2,BEŞİKTAŞ,41.0428,29.0043,35,35,0,YOL ÜSTÜ,1,15,08:00-23:00
2026-08-10T15:15:04.915730+00:00,2026-08-10T18:15:04.915730+03:00,153,Ortabahçe Caddesi 3,BEŞİKTAŞ,41.043,29.0042,26,1,25,YOL ÜSTÜ,1,15,08:00-23:00
2026-08-10T15:15:04.915730+00:00,2026-08-10T18:15:04.915730+03:00,119,Ortaklar Caddesi 1,ŞİŞLİ,41.0638,28.9971,25,1,24,YOL ÜSTÜ,0,15,08:30-17:00
2026-08-10T15:15:04.915730+00:00,2026-08-10T18:15:04.915730+03:00,1343,Ortaköy Açık Otoparkı,BEŞİKTAŞ,41.0504,29.0326,170,137,33,AÇIK OTOPARK,1,0,24 Saat
2026-08-10T15:15:04.915730+00:00,2026-08-10T18:15:04.915730+03:00,572,Ortaköy Portakal Yokuşu 1,BEŞİKTAŞ,41.0503,29.0261,15,1,14,YOL ÜSTÜ,1,15,09:00-19:00
2026-08-10T15:15:04.915730+00:00,2026-08-10T18:15:04.915730+03:00,1039,Öğretmen Evi,AVCILAR,40.9723,28.714,80,42,38,AÇIK OTOPARK,1,0,11:00-23:00
2026-08-10T15:15:04.915730+00:00,2026-08-10T18:15:04.915730+03:00,1466,Pendik Katlı Otoparkı,PENDİK,40.8789,29.2342,120,0,120,KAPALI OTOPARK,1,15,24 Saat
2026-08-10T15:15:04.915730+00:00,2026-08-10T18:15:04.915730+03:00,3073,Pendik Kemal Kalkuz Parkı Zemin Altı Otoparkı,PENDİK,40.8885,29.2427,224,0,224,KAPALI OTOPARK,0,0,09:00-18:00
2026-08-10T15:15:04.915730+00:00,2026-08-10T18:15:04.915730+03:00,3019,Pendik Meydan Zemin Altı Otoparkı,PENDİK,40.8752,29.2324,937,0,937,KAPALI OTOPARK,1,0,24 Saat
2026-08-10T15:15:04.915730+00:00,2026-08-10T18:15:04.915730+03:00,2865,Pendik Sahil Engelliler Merkez Önü,PENDİK,40.8735,29.233,100,65,35,AÇIK OTOPARK,1,0,11:00-20:00
2026-08-10T15:15:04.915730+00:00,2026-08-10T18:15:04.915730+03:00,2434,Pendik Sahil İdo,PENDİK,40.8755,29.2369,100,0,100,AÇIK OTOPARK,1,0,07:00-23:00
2026-08-10T15:15:04.915730+00:00,2026-08-10T18:15:04.915730+03:00,248,Pendik Yenimahalle Açık 2 Otoparkı,PENDİK,40.864,29.2723,124,105,19,AÇIK OTOPARK,1,15,10:00-22:00
2026-08-10T15:15:04.915730+00:00,2026-08-10T18:15:04.915730+03:00,297,Perşembe Pazarı 1,BEYOĞLU,41.0252,28.9693,32,1,31,YOL ÜSTÜ,0,15,08:00-17:00
2026-08-10T15:15:04.915730+00:00,2026-08-10T18:15:04.915730+03:00,597,Pierre Loti Caddesi 3,FATİH,41.0069,28.9711,36,1,35,YOL ÜSTÜ,0,0,07:00-17:00
2026-08-10T15:15:04.915730+00:00,2026-08-10T18:15:04.915730+03:00,3263,Piyalepaşa Meydanı Zemin Altı Otoparkı,BEYOĞLU,41.0445,28.9674,560,302,258,KAPALI OTOPARK,1,0,24 Saat
2026-08-10T15:15:04.915730+00:00,2026-08-10T18:15:04.915730+03:00,1900,Ragıp Gümüşpala Cad.(Sobacılar Önü),FATİH,41.0181,28.969,40,1,39,YOL ÜSTÜ,0,15,07:00-18:00
2026-08-10T15:15:04.915730+00:00,2026-08-10T18:15:04.915730+03:00,415,Ragıp Gümüşpala Camii Önü 1,FATİH,41.0211,28.9627,35,1,34,YOL ÜSTÜ,0,0,07:00-17:30
2026-08-10T15:15:04.915730+00:00,2026-08-10T18:15:04.915730+03:00,3268,Refik Saydam Caddesi 3,BEYOĞLU,41.032,28.9736,55,1,54,YOL ÜSTÜ,1,0,06:00-23:00
2026-08-10T15:15:04.915730+00:00,2026-08-10T18:15:04.915730+03:00,2307,Ressam Halim Sokak PD Açık Otoparkı,BAHÇELİEVLER,40.9967,28.8641,120,93,27,AÇIK OTOPARK,1,15,08:00-00:00
2026-08-10T15:15:04.915730+00:00,2026-08-10T18:15:04.915730+03:00,3082,Rumeli Hisarı Sahil Yolu Otoparkı,SARIYER,41.0854,29.0568,20,2,18,AÇIK OTOPARK,1,0,24 Saat
2026-08-10T15:15:04.915730+00:00,2026-08-10T18:15:04.915730+03:00,1595,Sabiha Gökçen Açık Otoparkı,PENDİK,40.925,29.308,1056,228,828,AÇIK OTOPARK,1,15,24 Saat
2026-08-10T15:15:04.915730+00:00,2026-08-10T18:15:04.915730+03:00,3239,Samatya Sahil Cep Otoparkı,FATİH,40.9954,28.932,113,106,7,AÇIK OTOPARK,1,15,24 Saat
2026-08-10T15:15:04.915730+00:00,2026-08-10T18:15:04.915730+03:00,3273,Sarıyer Büyükdere Fidanlığı,SARIYER,41.1548,29.0268,160,155,5,AÇIK OTOPARK,0,0,08:00-18:00
2026-08-10T15:15:04.915730+00:00,2026-08-10T18:15:04.915730+03:00,3299,Sariyer Ayazağa Mah Vadi İstanbul Önü Açık Otoparkı,SARIYER,41.1106,28.9881,100,96,4,AÇIK OTOPARK,1,0,08:00-20:00
2026-08-10T15:15:04.915730+00:00,2026-08-10T18:15:04.915730+03:00,1303,Seyrantepe Katlı (Arena Karşısı) 1,KAĞITHANE,41.101,28.9961,1897,1897,0,KAPALI OTOPARK,1,0,24 Saat
2026-08-10T15:15:04.915730+00:00,2026-08-10T18:15:04.915730+03:00,1628,Sıracevizler Caddesi Yol Üstü 5,ŞİŞLİ,41.0607,28.9841,45,1,44,YOL ÜSTÜ,0,15,09:00-17:00
2026-08-10T15:15:04.915730+00:00,2026-08-10T18:15:04.915730+03:00,464,Sirkeci Gar Önü,FATİH,41.015,28.9761,60,1,59,AÇIK OTOPARK,1,5,07:00-20:00
2026-08-10T15:15:04.915730+00:00,2026-08-10T18:15:04.915730+03:00,1486,Siyavuşpaşa Yer Altı Otoparkı,BAHÇELİEVLER,40.9965,28.8532,155,0,155,KAPALI OTOPARK,1,0,24 Saat
2026-08-10T15:15:04.915730+00:00,2026-08-10T18:15:04.915730+03:00,1958,Soğanlık Metro PD Açık Otoparkı,KARTAL,40.9131,29.1925,898,845,53,AÇIK OTOPARK,1,15,24 Saat
2026-08-10T15:15:04.915730+00:00,2026-08-10T18:15:04.915730+03:00,589,Su Terazisi Sokak,FATİH,41.0046,28.9727,22,1,21,YOL ÜSTÜ,0,0,07:30-17:00
2026-08-10T15:15:04.915730+00:00,2026-08-10T18:15:04.915730+03:00,1478,Suadiye Cep Açık Otoparkı,KADIKÖY,40.9586,29.0732,130,95,35,AÇIK OTOPARK,1,15,24 Saat
2026-08-10T15:15:04.915730+00:00,2026-08-10T18:15:04.915730+03:00,2948,Suadiye Sahil Açık Otoparkı,KADIKÖY,40.9562,29.0797,70,2,68,AÇIK OTOPARK,1,5,24 Saat
2026-08-10T15:15:04.915730+00:00,2026-08-10T18:15:04.915730+03:00,2799,Sultanbeyli Emir Caddesi Zemin Altı Otoparkı,SULTANBEYLİ,40.9707,29.2606,130,108,22,KAPALI OTOPARK,1,15,08:00-22:00
2026-08-10T15:15:04.915730+00:00,2026-08-10T18:15:04.915730+03:00,2372,Sultanbeyli Kent Meydanı Zemin Altı Otoparkı,SULTANBEYLİ,40.9667,29.2667,300,168,132,KAPALI OTOPARK,1,15,24 Saat
2026-08-10T15:15:04.915730+00:00,2026-08-10T18:15:04.915730+03:00,2410,Sultangazi Zemin Altı Otoparkı,SULTANGAZİ,41.0944,28.8649,104,0,104,KAPALI OTOPARK,1,10,24 Saat
2026-08-10T15:15:04.915730+00:00,2026-08-10T18:15:04.915730+03:00,2085,Süleyman Seba Caddesi 2,BEŞİKTAŞ,41.0426,28.9998,40,1,39,YOL ÜSTÜ,0,15,08:00-18:00
2026-08-10T15:15:04.915730+00:00,2026-08-10T18:15:04.915730+03:00,2088,Süleyman Seba Caddesi 5,BEŞİKTAŞ,41.0432,28.9978,40,1,39,YOL ÜSTÜ,0,15,08:00-18:00
2026-08-10T15:15:04.915730+00:00,2026-08-10T18:15:04.915730+03:00,2089,Süleyman Seba Caddesi 6,BEŞİKTAŞ,41.0435,28.9967,11,1,10,YOL ÜSTÜ,0,15,08:00-18:00
2026-08-10T15:15:04.915730+00:00,2026-08-10T18:15:04.915730+03:00,2391,Süleymaniye Cami Altı Açık Otoparkı,FATİH,41.0158,28.961,250,235,15,AÇIK OTOPARK,1,0,06:30-18:30
2026-08-10T15:15:04.915730+00:00,2026-08-10T18:15:04.915730+03:00,1730,Sütlüce Miniatürk Yanı,BEYOĞLU,41.057,28.95,320,222,98,AÇIK OTOPARK,1,15,24 Saat
2026-08-10T15:15:04.915730+00:00,2026-08-10T18:15:04.915730+03:00,36,Şakayık Sokak 4,ŞİŞLİ,41.0518,28.9936,50,1,49,YOL ÜSTÜ,0,15,08:00-16:00
2026-08-10T15:15:04.915730+00:00,2026-08-10T18:15:04.915730+03:00,1469,Şehit Volkan Duysak Katlı Otoparkı,ZEYTİNBURNU,40.9968,28.9039,1000,683,317,KAPALI OTOPARK,1,5,24 Saat
2026-08-10T15:15:04.915730+00:00,2026-08-10T18:15:04.915730+03:00,2855,Şemsipaşa Açık Otoparkı,ÜSKÜDAR,41.0255,29.0097,80,32,48,AÇIK OTOPARK,1,0,24 Saat
2026-08-10T15:15:04.915730+00:00,2026-08-10T18:15:04.915730+03:00,2439,Şirinevler Meydan Zeminaltı Otoparkı,BAHÇELİEVLER,40.9925,28.8496,367,39,328,KAPALI OTOPARK,1,0,24 Saat
2026-08-10T15:15:04.915730+00:00,2026-08-10T18:15:04.915730+03:00,3400,Şişhane Refik Saydam Caddesi 2 Yol Üstü Otoparkı 1,BEYOĞLU,41.0326,28.9743,70,1,69,YOL ÜSTÜ,1,15,06:00-23:00
2026-08-10T15:15:04.915730+00:00,2026-08-10T18:15:04.915730+03:00,3441,Şişli Kuştepe Zemin Altı Otoparkı,ŞİŞLİ,41.072,28.9919,430,330,100,KAPALI OTOPARK,1,15,24 Saat
2026-08-10T15:15:04.915730+00:00,2026-08-10T18:15:04.915730+03:00,2816,Şişli Rumeli Caddesi Metro Yanı 1,ŞİŞLİ,41.0538,28.9868,45,1,44,YOL ÜSTÜ,1,15,08:00-20:00
2026-08-10T15:15:04.915730+00:00,2026-08-10T18:15:04.915730+03:00,2406,Şişli Zemin Altı Otoparkı,ŞİŞLİ,41.0641,28.9992,581,339,242,KAPALI OTOPARK,1,15,24 Saat
2026-08-10T15:15:04.915730+00:00,2026-08-10T18:15:04.915730+03:00,1993,Tuzla İdo,TUZLA,40.8149,29.3039,300,234,66,AÇIK OTOPARK,1,15,24 Saat
2026-08-10T15:15:04.915730+00:00,2026-08-10T18:15:04.915730+03:00,3332,Tuzla Sahil Cep,TUZLA,40.8168,29.2992,50,39,11,AÇIK OTOPARK,1,0,08:00-00:00
2026-08-10T15:15:04.915730+00:00,2026-08-10T18:15:04.915730+03:00,3057,Tuzla Sahil Zemin Altı Otoparkı,TUZLA,40.8181,29.3004,779,1,778,KAPALI OTOPARK,1,15,24 Saat
2026-08-10T15:15:04.915730+00:00,2026-08-10T18:15:04.915730+03:00,1811,Ulu Camii Açık Otoparkı,BAHÇELİEVLER,40.9982,28.8499,150,120,30,AÇIK OTOPARK,1,10,24 Saat
2026-08-10T15:15:04.915730+00:00,2026-08-10T18:15:04.915730+03:00,2424,Uzunçayır Açık Otoparkı,KADIKÖY,40.9988,29.0556,58,52,6,AÇIK OTOPARK,0,0,06:00-16:00
2026-08-10T15:15:04.915730+00:00,2026-08-10T18:15:04.915730+03:00,1468,Ümraniye Katlı Otoparkı,ÜMRANİYE,41.0261,29.0953,665,440,225,KAPALI OTOPARK,1,15,24 Saat
2026-08-10T15:15:04.915730+00:00,2026-08-10T18:15:04.915730+03:00,2898,Ümraniye Okan Sokak Zeminaltı Otoparkı,ÜMRANİYE,41.0284,29.0907,125,29,96,KAPALI OTOPARK,1,15,24 Saat
2026-08-10T15:15:04.915730+00:00,2026-08-10T18:15:04.915730+03:00,2345,Üsküdar Uzunçayır PD Açık Otoparkı,ÜSKÜDAR,40.9988,29.0577,90,62,28,AÇIK OTOPARK,1,15,06:00-22:00
2026-08-10T15:15:04.915730+00:00,2026-08-10T18:15:04.915730+03:00,1929,Üsküdar Ünalan Açık Otoparkı,ÜSKÜDAR,40.9979,29.0604,180,175,5,AÇIK OTOPARK,0,0,07:00-17:00
2026-08-10T15:15:04.915730+00:00,2026-08-10T18:15:04.915730+03:00,1487,Vatan Caddesi PD Açık Otoparkı,FATİH,41.0157,28.9405,397,297,100,AÇIK OTOPARK,1,5,24 Saat
2026-08-10T15:15:04.915730+00:00,2026-08-10T18:15:04.915730+03:00,2441,Yalı Açık Otoparkı,MALTEPE,40.9095,29.137,85,80,5,AÇIK OTOPARK,1,0,07:30-22:00
2026-08-10T15:15:04.915730+00:00,2026-08-10T18:15:04.915730+03:00,459,Yalı Köşkü Caddesi 1,FATİH,41.0163,28.9759,61,1,60,YOL ÜSTÜ,1,5,07:00-21:00
2026-08-10T15:15:04.915730+00:00,2026-08-10T18:15:04.915730+03:00,2037,Yenikapı Marmaray Büyük Otoparkı,FATİH,41.0057,28.9505,324,133,191,AÇIK OTOPARK,1,15,24 Saat
2026-08-10T15:15:04.915730+00:00,2026-08-10T18:15:04.915730+03:00,2036,Yenikapı Marmaray Küçük Otoparkı,FATİH,41.0064,28.9504,200,154,46,AÇIK OTOPARK,1,15,07:00-22:00
2026-08-10T15:15:04.915730+00:00,2026-08-10T18:15:04.915730+03:00,2175,Yenikapı Spor ve Kültür Merkezi PD Açık Otoparkı,FATİH,41.0006,28.9519,4023,3720,303,AÇIK OTOPARK,1,15,24 Saat
2026-08-10T15:15:04.915730+00:00,2026-08-10T18:15:04.915730+03:00,2805,Yenikapı Tünel Üstü Açık Otoparkı,FATİH,41.0029,28.9534,700,462,238,AÇIK OTOPARK,1,10,24 Saat
2026-08-10T15:15:04.915730+00:00,2026-08-10T18:15:04.915730+03:00,3404,Yenimahalle Metro Zemin Altı PD Otoparkı,GAZİOSMANPAŞA,41.0839,28.8926,114,93,21,KAPALI OTOPARK,1,15,24 Saat
2026-08-10T15:15:04.915730+00:00,2026-08-10T18:15:04.915730+03:00,2920,Yeşilce Zemin Altı Katlı Otoparkı,KAĞITHANE,41.0938,29.0017,676,0,676,KAPALI OTOPARK,1,0,24 Saat
2026-08-10T15:15:04.915730+00:00,2026-08-10T18:15:04.915730+03:00,987,Yeşilköy İstasyon Caddesi 1,BAKIRKÖY,40.962,28.825,40,1,39,YOL ÜSTÜ,0,15,09:00-17:30
2026-08-10T15:15:04.915730+00:00,2026-08-10T18:15:04.915730+03:00,974,Yeşilköy Marina 1,BAKIRKÖY,40.9576,28.8233,145,1,144,YOL ÜSTÜ,1,0,12:00-23:00
2026-08-10T15:15:04.915730+00:00,2026-08-10T18:15:04.915730+03:00,3406,Yeşilpınar Metro Zemin Altı PD Otoparkı,EYÜP,41.081,28.9204,269,204,65,KAPALI OTOPARK,1,15,24 Saat
2026-08-10T15:15:04.915730+00:00,2026-08-10T18:15:04.915730+03:00,315,Yeşilyurt Çarşı 1,BAKIRKÖY,40.9643,28.8379,50,1,49,YOL ÜSTÜ,0,15,09:00-17:30
2026-08-10T15:15:04.915730+00:00,2026-08-10T18:15:04.915730+03:00,1133,Yıldız Korusu,BEŞİKTAŞ,41.0514,29.0165,500,499,1,AÇIK OTOPARK,1,0,08:00-22:00
2026-08-10T15:15:04.915730+00:00,2026-08-10T18:15:04.915730+03:00,882,Zeytinburnu 58. Bulvar 2,ZEYTİNBURNU,40.9932,28.9039,48,1,47,YOL ÜSTÜ,0,15,09:00-18:00
2026-08-10T15:15:04.915730+00:00,2026-08-10T18:15:04.915730+03:00,3185,Zeytinburnu Sahil Cep Otoparkı,ZEYTİNBURNU,40.9798,28.8985,160,1,159,AÇIK OTOPARK,1,0,12:00-22:00
2026-08-10T16:12:39.401485+00:00,2026-08-10T19:12:39.401485+03:00,3068,15 Temmuz Şehitler Meydanı Zeminaltı Otoparkı,ÜMRANİYE,41.0246,29.0915,1029,515,514,KAPALI OTOPARK,1,15,24 Saat
2026-08-10T16:12:39.401485+00:00,2026-08-10T19:12:39.401485+03:00,2338,19 Mayıs Açık,ŞİŞLİ,41.0563,28.9941,65,0,65,AÇIK OTOPARK,1,0,24 Saat
2026-08-10T16:12:39.401485+00:00,2026-08-10T19:12:39.401485+03:00,1751,4.Levent PD Açık Otoparkı,KAĞITHANE,41.0836,29.0081,236,117,119,AÇIK OTOPARK,1,5,24 Saat
2026-08-10T16:12:39.401485+00:00,2026-08-10T19:12:39.401485+03:00,3328,4.Levent Servis ve Turizm Araçları Açık Otoparkı,ŞİŞLİ,41.0841,29.0054,300,156,144,AÇIK OTOPARK,1,15,24 Saat
2026-08-10T16:12:39.401485+00:00,2026-08-10T19:12:39.401485+03:00,3412,5. Levent Gaziosmanpaşa Adliyesi Yanı Açık Otoparkı,EYÜP,41.0927,28.9494,250,214,36,AÇIK OTOPARK,1,15,07:00-23:00
2026-08-10T16:12:39.401485+00:00,2026-08-10T19:12:39.401485+03:00,104,Abide-i Hürriyet Caddesi 5,ŞİŞLİ,41.0619,28.9876,40,1,39,YOL ÜSTÜ,0,15,08:00-17:00
2026-08-10T16:12:39.401485+00:00,2026-08-10T19:12:39.401485+03:00,2452,Acıbadem Açık Otoparkı,ÜSKÜDAR,41.0157,29.0574,100,86,14,AÇIK OTOPARK,0,0,06:30-16:00
2026-08-10T16:12:39.401485+00:00,2026-08-10T19:12:39.401485+03:00,346,Ada Karşısı Cep 2,BEŞİKTAŞ,41.072,29.045,30,1,29,YOL ÜSTÜ,1,15,08:00-23:00
2026-08-10T16:12:39.401485+00:00,2026-08-10T19:12:39.401485+03:00,1663,Akasyalı Sokak Tenis Kulubü Önü 2,BEŞİKTAŞ,41.0867,29.0109,45,1,44,YOL ÜSTÜ,0,15,08:30-17:30
2026-08-10T16:12:39.401485+00:00,2026-08-10T19:12:39.401485+03:00,828,Akdeniz Caddesi 4,FATİH,41.0175,28.9435,27,1,26,YOL ÜSTÜ,0,15,09:00-18:00
2026-08-10T16:12:39.401485+00:00,2026-08-10T19:12:39.401485+03:00,1913,Alibeyköy Cep Otogarı Açık Otoparkı,EYÜP,41.0879,28.9446,116,0,116,AÇIK OTOPARK,1,25,24 Saat
2026-08-10T16:12:39.401485+00:00,2026-08-10T19:12:39.401485+03:00,1912,Alibeyköy Cep Otogarı Otobüs Otoparkı,EYÜP,41.0875,28.9449,5000,4975,25,AÇIK OTOPARK,1,60,24 Saat
2026-08-10T16:12:39.401485+00:00,2026-08-10T19:12:39.401485+03:00,2562,Alibeyköy Yeşiltepe Zemin Altı Otoparkı,EYÜP,41.0797,28.938,159,63,96,KAPALI OTOPARK,1,15,24 Saat
2026-08-10T16:12:39.401485+00:00,2026-08-10T19:12:39.401485+03:00,3201,Altınboynuz Sosyal Tesisleri,EYÜP,41.058,28.9447,70,69,1,AÇIK OTOPARK,1,15,08:00-23:00
2026-08-10T16:12:39.401485+00:00,2026-08-10T19:12:39.401485+03:00,758,Arap Camii Açık Otoparkı,BEYOĞLU,41.0227,28.9723,30,1,29,AÇIK OTOPARK,0,0,09:00-17:00
2026-08-10T16:12:39.401485+00:00,2026-08-10T19:12:39.401485+03:00,1963,Aras Sokak 1,BÜYÜKÇEKMECE,41.0226,28.622,60,60,0,YOL ÜSTÜ,0,0,06:00-14:30
2026-08-10T16:12:39.401485+00:00,2026-08-10T19:12:39.401485+03:00,2802,Arnavutköy Zemin Altı Otoparkı,ARNAVUTKÖY,41.1838,28.7396,700,24,676,KAPALI OTOPARK,1,15,24 Saat
2026-08-10T16:12:39.401485+00:00,2026-08-10T19:12:39.401485+03:00,1797,Ataköy Atrium AVM,BAKIRKÖY,40.9881,28.8459,250,191,59,AÇIK OTOPARK,1,15,08:00-23:00
2026-08-10T16:12:39.401485+00:00,2026-08-10T19:12:39.401485+03:00,2824,Ataköy Metro Durağı Yanı PD Zemin Altı Otoparkı,BAKIRKÖY,40.9904,28.8456,150,81,69,KAPALI OTOPARK,1,0,24 Saat
2026-08-10T16:12:39.401485+00:00,2026-08-10T19:12:39.401485+03:00,359,Atatürk Bulvarı 1,FATİH,41.0112,28.9534,20,1,19,YOL ÜSTÜ,0,0,07:30-18:00
2026-08-10T16:12:39.401485+00:00,2026-08-10T19:12:39.401485+03:00,3087,Atatürk Kent Ormanı Otoparkı,SARIYER,41.136,29.0262,200,198,2,AÇIK OTOPARK,0,0,08:00-17:00
2026-08-10T16:12:39.401485+00:00,2026-08-10T19:12:39.401485+03:00,1088,Avcılar İdo,AVCILAR,40.9712,28.7185,270,263,7,AÇIK OTOPARK,1,0,13:00-07:00
2026-08-10T16:12:39.401485+00:00,2026-08-10T19:12:39.401485+03:00,2885,Azapkapı Haliç Metro Otoparkı,ŞİŞLİ,41.0245,28.9691,80,28,52,AÇIK OTOPARK,1,5,24 Saat
2026-08-10T16:12:39.401485+00:00,2026-08-10T19:12:39.401485+03:00,2455,Azerbaycan Dostluk Parkı Zemin Altı Otoparkı,BAĞCILAR,41.0444,28.854,400,188,212,KAPALI OTOPARK,1,10,24 Saat
2026-08-10T16:12:39.401485+00:00,2026-08-10T19:12:39.401485+03:00,2965,Bağcılar Çolakoğlu Zemin Altı Otoparkı,BAĞCILAR,41.0324,28.8345,106,0,106,KAPALI OTOPARK,1,5,24 Saat
2026-08-10T16:12:39.401485+00:00,2026-08-10T19:12:39.401485+03:00,2576,Bağcılar Demirkapı Zemin Altı Otoparkı,BAĞCILAR,41.0499,28.8327,343,154,189,KAPALI OTOPARK,1,5,24 Saat
2026-08-10T16:12:39.401485+00:00,2026-08-10T19:12:39.401485+03:00,3036,Bağcılar Devlet Hastanesi Yanı Zeminaltı Otoparkı,BAĞCILAR,41.0312,28.8696,1133,130,1003,KAPALI OTOPARK,1,15,24 Saat
2026-08-10T16:12:39.401485+00:00,2026-08-10T19:12:39.401485+03:00,3071,Bağcılar Emniyet Müdürlüğü Yanı Açık Otoparkı,BAĞCILAR,41.0353,28.8598,100,67,33,AÇIK OTOPARK,1,0,24 Saat
2026-08-10T16:12:39.401485+00:00,2026-08-10T19:12:39.401485+03:00,2873,Bağcılar Göztepe Zemin Altı,BAĞCILAR,41.0567,28.8355,120,0,120,KAPALI OTOPARK,1,5,24 Saat
2026-08-10T16:12:39.401485+00:00,2026-08-10T19:12:39.401485+03:00,3187,Bağcılar Hürriyet Mahallesi Zemin Altı Otoparkı,BAĞCILAR,41.0291,28.8333,355,0,355,KAPALI OTOPARK,1,10,24 Saat
2026-08-10T16:12:39.401485+00:00,2026-08-10T19:12:39.401485+03:00,2916,Bağcılar Kent Meydanı PD Zemin Altı Otoparkı,BAĞCILAR,41.0339,28.8556,1162,0,1162,KAPALI OTOPARK,1,0,24 Saat
2026-08-10T16:12:39.401485+00:00,2026-08-10T19:12:39.401485+03:00,3261,Bağcılar Yenimahalle Zemin Altı Otoparkı,BAĞCILAR,41.0425,28.8395,525,268,257,KAPALI OTOPARK,1,15,24 Saat
2026-08-10T16:12:39.401485+00:00,2026-08-10T19:12:39.401485+03:00,2820,Bağcılar Yıldıztepe Katlı Otoparkı,BAĞCILAR,41.0294,28.8556,350,0,350,KAPALI OTOPARK,1,10,24 Saat
2026-08-10T16:12:39.401485+00:00,2026-08-10T19:12:39.401485+03:00,3447,Bahçelievler 23 Nisan Milli Egemenlik Zeminaltı Otoparkı,BAHÇELİEVLER,40.9988,28.8472,732,497,235,KAPALI OTOPARK,1,10,24 Saat
2026-08-10T16:12:39.401485+00:00,2026-08-10T19:12:39.401485+03:00,2993,Bahçelievler Cumhuriyet Zeminaltı Otoparkı,BAHÇELİEVLER,41.0149,28.859,663,0,663,KAPALI OTOPARK,1,10,24 Saat
2026-08-10T16:12:39.401485+00:00,2026-08-10T19:12:39.401485+03:00,2969,Bahçelievler Devlet Hastanesi Yanı Katlı Otoparkı,BAHÇELİEVLER,41.0072,28.8442,740,0,740,KAPALI OTOPARK,1,0,24 Saat
2026-08-10T16:12:39.401485+00:00,2026-08-10T19:12:39.401485+03:00,3051,Bahçelievler Zafer Mh. Zeminaltı Otoparkı,BAHÇELİEVLER,41.0036,28.8351,200,81,119,KAPALI OTOPARK,1,0,24 Saat
2026-08-10T16:12:39.401485+00:00,2026-08-10T19:12:39.401485+03:00,3236,Bahçeşehir Gölet Açık Otoparkı,BAŞAKŞEHİR,41.0719,28.6901,200,1,199,AÇIK OTOPARK,1,0,12:00-22:00
2026-08-10T16:12:39.401485+00:00,2026-08-10T19:12:39.401485+03:00,1465,Bakırköy İdo Açık Otoparkı,BAKIRKÖY,40.9739,28.8761,160,94,66,AÇIK OTOPARK,1,10,24 Saat
2026-08-10T16:12:39.401485+00:00,2026-08-10T19:12:39.401485+03:00,1104,Balmumcu Katlı Otoparkı,BEŞİKTAŞ,41.0636,29.0109,400,293,107,KAPALI OTOPARK,1,5,24 Saat
2026-08-10T16:12:39.401485+00:00,2026-08-10T19:12:39.401485+03:00,2350,Bayrampaşa Adapark Katlı Otoparkı,BAYRAMPAŞA,41.0647,28.8875,650,0,650,KAPALI OTOPARK,1,15,24 Saat
2026-08-10T16:12:39.401485+00:00,2026-08-10T19:12:39.401485+03:00,2892,Bayrampaşa Altıntepsi Zemin  Altı Otoparkı,BAYRAMPAŞA,41.0393,28.9029,110,0,110,KAPALI OTOPARK,1,10,24 Saat
2026-08-10T16:12:39.401485+00:00,2026-08-10T19:12:39.401485+03:00,2909,Bayrampaşa Atatürk Parkı  Zemin Altı Otoparkı,BAYRAMPAŞA,41.0342,28.9123,442,0,442,KAPALI OTOPARK,1,10,24 Saat
2026-08-10T16:12:39.401485+00:00,2026-08-10T19:12:39.401485+03:00,2683,Bayrampaşa Devlet Hastanesi Cep Otoparkı,BAYRAMPAŞA,41.0414,28.9031,55,7,48,AÇIK OTOPARK,0,0,08:00-19:00
2026-08-10T16:12:39.401485+00:00,2026-08-10T19:12:39.401485+03:00,3301,Bayrampaşa Kocatepe Mahallesi Zemin Altı Otoparkı,BAYRAMPAŞA,41.0545,28.8964,241,0,241,KAPALI OTOPARK,1,10,24 Saat
2026-08-10T16:12:39.401485+00:00,2026-08-10T19:12:39.401485+03:00,2053,Bayrampaşa Muratpaşa Yer Altı Otoparkı,BAYRAMPAŞA,41.047,28.9082,300,15,285,KAPALI OTOPARK,1,15,24 Saat
2026-08-10T16:12:39.401485+00:00,2026-08-10T19:12:39.401485+03:00,3175,Bayrampaşa Spor Kompleksi Zemin Altı Otoparkı,BAYRAMPAŞA,41.0446,28.9106,205,0,205,KAPALI OTOPARK,1,15,24 Saat
2026-08-10T16:12:39.401485+00:00,2026-08-10T19:12:39.401485+03:00,3382,Bayrampaşa Şehit Kamil Balkan Zemin Altı Otoparkı,BAYRAMPAŞA,41.0604,28.9008,235,0,235,KAPALI OTOPARK,1,10,24 Saat
2026-08-10T16:12:39.401485+00:00,2026-08-10T19:12:39.401485+03:00,2428,Bayrampaşa Yenidoğan Mahallesi Zemin Altı Otoparkı,BAYRAMPAŞA,41.0395,28.9088,120,0,120,KAPALI OTOPARK,1,10,24 Saat
2026-08-10T16:12:39.401485+00:00,2026-08-10T19:12:39.401485+03:00,2468,Bebek Açık,BEŞİKTAŞ,41.077,29.0434,30,0,30,AÇIK OTOPARK,1,0,24 Saat
2026-08-10T16:12:39.401485+00:00,2026-08-10T19:12:39.401485+03:00,3479,Beşiktaş Halk Pazarı Açık Otoparkı,BEŞİKTAŞ,41.0496,29.0004,170,87,83,AÇIK OTOPARK,1,5,24 Saat
2026-08-10T16:12:39.401485+00:00,2026-08-10T19:12:39.401485+03:00,3257,Beykoz Sahil Cep Otoparkı,BEYKOZ,41.1286,29.0953,100,74,26,AÇIK OTOPARK,1,0,08:00-00:00
2026-08-10T16:12:39.401485+00:00,2026-08-10T19:12:39.401485+03:00,2273,Beykoz Sosyal Tesisleri,BEYKOZ,41.1143,29.0888,130,0,130,AÇIK OTOPARK,1,15,08:00-00:00
2026-08-10T16:12:39.401485+00:00,2026-08-10T19:12:39.401485+03:00,2999,Beyoğlu Gazhane Bostan Sokak 2,BEYOĞLU,41.0389,28.9903,35,1,34,YOL ÜSTÜ,0,0,07:30-16:30
2026-08-10T16:12:39.401485+00:00,2026-08-10T19:12:39.401485+03:00,3072,Beyoğlu Örnektepe Zemin Altı Otoparkı,BEYOĞLU,41.0543,28.9548,143,0,143,KAPALI OTOPARK,1,0,24 Saat
2026-08-10T16:12:39.401485+00:00,2026-08-10T19:12:39.401485+03:00,1455,Bostancı Açık,KADIKÖY,40.9523,29.0902,394,82,312,AÇIK OTOPARK,1,15,24 Saat
2026-08-10T16:12:39.401485+00:00,2026-08-10T19:12:39.401485+03:00,1456,Bostancı Sahil-Cep Açık Otoparkı,KADIKÖY,40.9545,29.0885,192,93,99,AÇIK OTOPARK,1,15,24 Saat
2026-08-10T16:12:39.401485+00:00,2026-08-10T19:12:39.401485+03:00,2150,Bostancı Vergi Dairesi Açık Otoparkı,ATAŞEHİR,40.9625,29.1083,155,0,155,AÇIK OTOPARK,1,5,08:00-20:00
2026-08-10T16:12:39.401485+00:00,2026-08-10T19:12:39.401485+03:00,2854,Bülent Ecevit Kültür Merkezi Açık Otoparkı,KARTAL,40.8852,29.1967,277,266,11,AÇIK OTOPARK,1,0,10:00-21:00
2026-08-10T16:12:39.401485+00:00,2026-08-10T19:12:39.401485+03:00,2866,Büyük İstanbul Otogarı,BAYRAMPAŞA,41.0402,28.8942,1000,0,1000,AÇIK OTOPARK,1,25,24 Saat
2026-08-10T16:12:39.401485+00:00,2026-08-10T19:12:39.401485+03:00,1192,Büyükçamlıca Korusu Sosyal Tesisleri Önü,ÜSKÜDAR,41.0264,29.0698,204,111,93,AÇIK OTOPARK,1,0,08:00-00:00
2026-08-10T16:12:39.401485+00:00,2026-08-10T19:12:39.401485+03:00,2960,Büyükçekmece Metrobüs Durağı Yanı PD Zemin Altı Otopark,BÜYÜKÇEKMECE,41.0221,28.624,448,16,432,KAPALI OTOPARK,1,0,24 Saat
2026-08-10T16:12:39.401485+00:00,2026-08-10T19:12:39.401485+03:00,1503,Cadde Bostan Açık Otoparkı,KADIKÖY,40.9636,29.0675,66,28,38,AÇIK OTOPARK,1,15,24 Saat
2026-08-10T16:12:39.401485+00:00,2026-08-10T19:12:39.401485+03:00,2933,Cemal Kamacı Spor Kompleksi Zemin Altı Otoparkı,KAĞITHANE,41.0536,28.9575,510,0,510,KAPALI OTOPARK,1,0,24 Saat
2026-08-10T16:12:39.401485+00:00,2026-08-10T19:12:39.401485+03:00,2207,Cengiz Topel Yer Altı Katlı Otoparkı,ESENLER,41.0588,28.8643,144,0,144,KAPALI OTOPARK,1,15,24 Saat
2026-08-10T16:12:39.401485+00:00,2026-08-10T19:12:39.401485+03:00,2787,Cevizli Açık Otoparkı,KARTAL,40.9179,29.1712,100,85,15,AÇIK OTOPARK,0,15,08:00-19:00
2026-08-10T16:12:39.401485+00:00,2026-08-10T19:12:39.401485+03:00,782,Cihangir Caddesi 2,BEYOĞLU,41.0319,28.9862,70,1,69,YOL ÜSTÜ,0,15,09:00-19:00
2026-08-10T16:12:39.401485+00:00,2026-08-10T19:12:39.401485+03:00,1467,Cihangir Katlı Otoparkı,BEYOĞLU,41.0318,28.9858,350,0,350,KAPALI OTOPARK,1,0,24 Saat
2026-08-10T16:12:39.401485+00:00,2026-08-10T19:12:39.401485+03:00,535,Cihannuma Yol Üstü 1,BEŞİKTAŞ,41.0454,29.0084,35,1,34,YOL ÜSTÜ,1,0,08:00-23:00
2026-08-10T16:12:39.401485+00:00,2026-08-10T19:12:39.401485+03:00,537,Cihannuma Yol Üstü 3,BEŞİKTAŞ,41.0459,29.0087,33,1,32,YOL ÜSTÜ,1,0,08:00-23:00
2026-08-10T16:12:39.401485+00:00,2026-08-10T19:12:39.401485+03:00,539,Cihannuma Yol Üstü 5,BEŞİKTAŞ,41.0489,29.0094,24,1,23,YOL ÜSTÜ,1,0,08:00-23:00
2026-08-10T16:12:39.401485+00:00,2026-08-10T19:12:39.401485+03:00,3184,Çam Sokak 6,GÜNGÖREN,41.0121,28.8882,50,1,49,YOL ÜSTÜ,0,15,08:00-17:00
2026-08-10T16:12:39.401485+00:00,2026-08-10T19:12:39.401485+03:00,3030,Çekmeköy Metro PD Zemin Altı Otoparkı,ÇEKMEKÖY,41.0147,29.1886,175,52,123,KAPALI OTOPARK,1,15,24 Saat
2026-08-10T16:12:39.401485+00:00,2026-08-10T19:12:39.401485+03:00,2905,Çeliktepe Açık Otoparkı,KAĞITHANE,41.0843,29.0056,200,64,136,AÇIK OTOPARK,1,5,24 Saat
2026-08-10T16:12:39.401485+00:00,2026-08-10T19:12:39.401485+03:00,1298,Çengelköy Açık Otoparkı,ÜSKÜDAR,41.0484,29.0533,500,262,238,AÇIK OTOPARK,1,15,24 Saat
2026-08-10T16:12:39.401485+00:00,2026-08-10T19:12:39.401485+03:00,502,Çınar Açık Otoparkı,BEŞİKTAŞ,41.0853,29.0088,65,1,64,AÇIK OTOPARK,0,0,08:00-18:00
2026-08-10T16:12:39.401485+00:00,2026-08-10T19:12:39.401485+03:00,777,Çırağan Sarayı Yol Üstü 1,BEŞİKTAŞ,41.0448,29.0165,40,1,39,YOL ÜSTÜ,1,15,08:00-23:00
2026-08-10T16:12:39.401485+00:00,2026-08-10T19:12:39.401485+03:00,778,Çırağan Sarayı Yol Üstü 2,BEŞİKTAŞ,41.0445,29.0156,40,1,39,YOL ÜSTÜ,1,15,08:00-23:00
2026-08-10T16:12:39.401485+00:00,2026-08-10T19:12:39.401485+03:00,2228,Çırpıcı Sosyal Tesisler,ZEYTİNBURNU,41,28.8926,128,0,128,AÇIK OTOPARK,1,15,07:00-00:00
2026-08-10T16:12:39.401485+00:00,2026-08-10T19:12:39.401485+03:00,2030,Dalyan Açık Otoparkı,KADIKÖY,40.9632,29.0651,92,3,89,AÇIK OTOPARK,1,15,24 Saat
2026-08-10T16:12:39.401485+00:00,2026-08-10T19:12:39.401485+03:00,2271,Damla Sokak 1,ŞİŞLİ,41.0672,29.0004,17,1,16,YOL ÜSTÜ,0,15,07:30-16:30
2026-08-10T16:12:39.401485+00:00,2026-08-10T19:12:39.401485+03:00,2164,Darüşşafaka Yeraltı Otoparkı,SARIYER,41.1292,29.0252,150,128,22,KAPALI OTOPARK,1,15,08:00-00:00
2026-08-10T16:12:39.401485+00:00,2026-08-10T19:12:39.401485+03:00,1653,Deniz Feneri Otoparkı,FATİH,41.0019,28.9773,175,74,101,AÇIK OTOPARK,1,5,24 Saat
2026-08-10T16:12:39.401485+00:00,2026-08-10T19:12:39.401485+03:00,595,Dostluk Yurdu 1,FATİH,41.0071,28.973,33,33,0,YOL ÜSTÜ,0,15,07:00-17:00
2026-08-10T16:12:39.401485+00:00,2026-08-10T19:12:39.401485+03:00,2237,Dragos Sosyal Tesisleri,KARTAL,40.9017,29.1458,100,40,60,AÇIK OTOPARK,1,15,24 Saat
2026-08-10T16:12:39.401485+00:00,2026-08-10T19:12:39.401485+03:00,3063,Dudullu Metro PD Zemin Altı Otoparkı,ÜMRANİYE,41.0156,29.1633,81,59,22,KAPALI OTOPARK,1,15,07:00-23:30
2026-08-10T16:12:39.401485+00:00,2026-08-10T19:12:39.401485+03:00,1522,Ebu Suut Caddesi 1,FATİH,41.0128,28.9766,35,1,34,YOL ÜSTÜ,0,0,08:00-18:00
2026-08-10T16:12:39.401485+00:00,2026-08-10T19:12:39.401485+03:00,2147,EGS Blokları Açık Otoparkı,BAKIRKÖY,40.9863,28.8354,350,62,288,AÇIK OTOPARK,1,60,09:00-19:30
2026-08-10T16:12:39.401485+00:00,2026-08-10T19:12:39.401485+03:00,2366,Esenler Adem Baştürk Kültür Merkezi Katlı,ESENLER,41.039,28.8846,460,31,429,KAPALI OTOPARK,1,15,24 Saat
2026-08-10T16:12:39.401485+00:00,2026-08-10T19:12:39.401485+03:00,3190,Esenler Havaalanı Mahallesi Zemin Altı Otoparkı,ESENLER,41.0562,28.8674,610,356,254,KAPALI OTOPARK,1,10,24 Saat
2026-08-10T16:12:39.401485+00:00,2026-08-10T19:12:39.401485+03:00,3011,Esenler Menderes Metro İstasyonu Yanı,ESENLER,41.0427,28.8783,68,8,60,AÇIK OTOPARK,1,5,24 Saat
2026-08-10T16:12:39.401485+00:00,2026-08-10T19:12:39.401485+03:00,2822,Esenler Menderes Parkı Zemin Altı Otoparkı,ESENLER,41.0412,28.8729,325,66,259,KAPALI OTOPARK,1,10,24 Saat
2026-08-10T16:12:39.401485+00:00,2026-08-10T19:12:39.401485+03:00,3303,Esenyurt Adile Naşit Bulvarı Zeminaltı Otoparkı,ESENYURT,41.0205,28.6859,367,289,78,KAPALI OTOPARK,1,15,24 Saat
2026-08-10T16:12:39.401485+00:00,2026-08-10T19:12:39.401485+03:00,1328,Eski Salı Pazarı,KADIKÖY,40.9904,29.0338,760,0,760,AÇIK OTOPARK,1,15,24 Saat
2026-08-10T16:12:39.401485+00:00,2026-08-10T19:12:39.401485+03:00,904,Eyüp Pierloti Caddesi 1,EYÜP,41.0539,28.9329,40,1,39,YOL ÜSTÜ,1,0,09:00-22:00
2026-08-10T16:12:39.401485+00:00,2026-08-10T19:12:39.401485+03:00,2850,Eyüpsultan Akşemsettin Mahallesi Zemin Altı Otoparkı,EYÜP,41.085,28.9258,110,0,110,KAPALI OTOPARK,1,15,24 Saat
2026-08-10T16:12:39.401485+00:00,2026-08-10T19:12:39.401485+03:00,2215,Fatih Çeşmesi Tabiat Parkı Otoparkı,SARIYER,41.1686,28.9448,250,243,7,AÇIK OTOPARK,1,0,06:00-20:00
2026-08-10T16:12:39.401485+00:00,2026-08-10T19:12:39.401485+03:00,1475,Fatih Katlı Otoparkı,FATİH,41.0198,28.9396,118,13,105,KAPALI OTOPARK,1,10,24 Saat
2026-08-10T16:12:39.401485+00:00,2026-08-10T19:12:39.401485+03:00,1591,Feshane PD Açık Otoparkı,EYÜP,41.0463,28.9378,200,27,173,AÇIK OTOPARK,1,15,24 Saat
2026-08-10T16:12:39.401485+00:00,2026-08-10T19:12:39.401485+03:00,1005,Florya Havuzlu Bahçe,BAKIRKÖY,40.9764,28.7908,135,1,134,AÇIK OTOPARK,1,0,09:00-23:00
2026-08-10T16:12:39.401485+00:00,2026-08-10T19:12:39.401485+03:00,2238,Florya Sosyal Tesisleri,BAKIRKÖY,40.9614,28.8091,1074,775,299,AÇIK OTOPARK,1,15,24 Saat
2026-08-10T16:12:39.401485+00:00,2026-08-10T19:12:39.401485+03:00,1704,Gazi Umur Paşa Sokak 5,BEŞİKTAŞ,41.0589,29.0114,45,1,44,YOL ÜSTÜ,0,15,08:00-17:00
2026-08-10T16:12:39.401485+00:00,2026-08-10T19:12:39.401485+03:00,3296,Gaziosmanpaşa Meydanı ve Yaşam Merkezi Zemin Altı Otoparkı,GAZİOSMANPAŞA,41.0606,28.9093,202,0,202,KAPALI OTOPARK,1,15,24 Saat
2026-08-10T16:12:39.401485+00:00,2026-08-10T19:12:39.401485+03:00,2971,Gaziosmanpaşa Zemin Altı Otoparkı,GAZİOSMANPAŞA,41.0796,28.8858,285,0,285,KAPALI OTOPARK,1,0,24 Saat
2026-08-10T16:12:39.401485+00:00,2026-08-10T19:12:39.401485+03:00,3401,Giyimkent Tekstilkent Metro Zemin Altı PD Otoparkı,ESENLER,41.0711,28.8666,203,184,19,KAPALI OTOPARK,1,10,24 Saat
2026-08-10T16:12:39.401485+00:00,2026-08-10T19:12:39.401485+03:00,2242,Gözdağı Sosyal Tesisler  Açık Otoparkı,PENDİK,40.893,29.2538,300,216,84,AÇIK OTOPARK,1,0,07:00-23:00
2026-08-10T16:12:39.401485+00:00,2026-08-10T19:12:39.401485+03:00,1879,Gülsuyu Metro PD Yer Altı Otoparkı,MALTEPE,40.9237,29.1548,76,0,76,KAPALI OTOPARK,1,15,08:00-00:00
2026-08-10T16:12:39.401485+00:00,2026-08-10T19:12:39.401485+03:00,1423,Güneş Plajı 1,BAKIRKÖY,40.9712,28.79,250,197,53,AÇIK OTOPARK,1,10,24 Saat
2026-08-10T16:12:39.401485+00:00,2026-08-10T19:12:39.401485+03:00,1461,Güneş Plajı 2,BAKIRKÖY,40.9692,28.7951,135,81,54,AÇIK OTOPARK,1,10,08:00-20:00
2026-08-10T16:12:39.401485+00:00,2026-08-10T19:12:39.401485+03:00,3053,Güngören Nikah Dairesi Zemin Altı otoparkı,GÜNGÖREN,41.0363,28.8718,147,0,147,KAPALI OTOPARK,1,10,24 Saat
2026-08-10T16:12:39.401485+00:00,2026-08-10T19:12:39.401485+03:00,2216,Gürpınar Balık Hali Otoparkı,BEYLİKDÜZÜ,40.9663,28.6019,1000,781,219,AÇIK OTOPARK,1,15,24 Saat
2026-08-10T16:12:39.401485+00:00,2026-08-10T19:12:39.401485+03:00,1525,Hacıosman Metro Yer Altı Otoparkı,SARIYER,41.14,29.0306,422,251,171,KAPALI OTOPARK,1,15,24 Saat
2026-08-10T16:12:39.401485+00:00,2026-08-10T19:12:39.401485+03:00,1470,Haldun Alagaş Katlı Otoparkı,ÜMRANİYE,41.0262,29.1052,197,113,84,KAPALI OTOPARK,1,15,24 Saat
2026-08-10T16:12:39.401485+00:00,2026-08-10T19:12:39.401485+03:00,3235,Haliç Sosyal Tesisleri Otoparkı,FATİH,41.0277,28.9572,60,0,60,AÇIK OTOPARK,1,15,07:00-00:00
2026-08-10T16:12:39.401485+00:00,2026-08-10T19:12:39.401485+03:00,2848,Halkalı Mahallesi Zemin Altı Otoparkı,KÜÇÜKÇEKMECE,41.0359,28.7848,347,260,87,KAPALI OTOPARK,1,15,24 Saat
2026-08-10T16:12:39.401485+00:00,2026-08-10T19:12:39.401485+03:00,2838,Hamidiye Mahallesi Katlı Otoparkı,KAĞITHANE,41.0949,28.971,450,200,250,KAPALI OTOPARK,1,15,24 Saat
2026-08-10T16:12:39.401485+00:00,2026-08-10T19:12:39.401485+03:00,1446,Harbiye Zemin Altı Otoparkı,BEYOĞLU,41.0408,28.9869,142,68,74,KAPALI OTOPARK,1,5,24 Saat
2026-08-10T16:12:39.401485+00:00,2026-08-10T19:12:39.401485+03:00,2332,Haydarpaşa Katlı Otoparkı,ÜSKÜDAR,41.0048,29.0251,840,708,132,KAPALI OTOPARK,1,15,24 Saat
2026-08-10T16:12:39.401485+00:00,2026-08-10T19:12:39.401485+03:00,1987,Haznedar Yer Altı Otoparkı,GÜNGÖREN,41.0083,28.8729,540,0,540,KAPALI OTOPARK,1,0,24 Saat
2026-08-10T16:12:39.401485+00:00,2026-08-10T19:12:39.401485+03:00,377,Hızır Külhani Sokak,FATİH,41.0202,28.9605,32,1,31,YOL ÜSTÜ,0,15,09:00-17:00
2026-08-10T16:12:39.401485+00:00,2026-08-10T19:12:39.401485+03:00,3173,Hürriyet Mahallesi Zeminaltı Otoparkı,GAZİOSMANPAŞA,41.0708,28.8951,190,0,190,KAPALI OTOPARK,1,15,24 Saat
2026-08-10T16:12:39.401485+00:00,2026-08-10T19:12:39.401485+03:00,157,Ihlamur Dere Caddesi 4,BEŞİKTAŞ,41.047,29.0023,27,27,0,YOL ÜSTÜ,0,15,09:00-17:00
2026-08-10T16:12:39.401485+00:00,2026-08-10T19:12:39.401485+03:00,1189,İçerenköy Sebze Meyve Hali Otoparkı,ATAŞEHİR,40.9766,29.1044,600,599,1,AÇIK OTOPARK,1,15,24 Saat
2026-08-10T16:12:39.401485+00:00,2026-08-10T19:12:39.401485+03:00,1127,İshakpaşa Caddesi,FATİH,41.0079,28.9814,200,1,199,YOL ÜSTÜ,0,0,08:00-18:00
2026-08-10T16:12:39.401485+00:00,2026-08-10T19:12:39.401485+03:00,3265,İspark İstanbul West Marina Açık Otoparkı 1,BEYLİKDÜZÜ,40.9636,28.6564,250,1,249,AÇIK OTOPARK,1,15,24 Saat
2026-08-10T16:12:39.401485+00:00,2026-08-10T19:12:39.401485+03:00,2793,İspark Merter Katlı Otoparkı,GÜNGÖREN,41.0097,28.89,900,433,467,KAPALI OTOPARK,1,10,24 Saat
2026-08-10T16:12:39.401485+00:00,2026-08-10T19:12:39.401485+03:00,2430,İspark West İstanbul Marina Açık Otoparkı,BEYLİKDÜZÜ,40.9639,28.6591,1600,1011,589,AÇIK OTOPARK,1,15,24 Saat
2026-08-10T16:12:39.401485+00:00,2026-08-10T19:12:39.401485+03:00,381,İstinye 4 ( Cami Önü ),SARIYER,41.1149,29.0571,25,1,24,YOL ÜSTÜ,0,15,08:30-17:30
2026-08-10T16:12:39.401485+00:00,2026-08-10T19:12:39.401485+03:00,1804,İtalyan Hastanesi Karşısı Açık Otoparkı 1,BEYOĞLU,41.028,28.9815,30,1,29,AÇIK OTOPARK,0,0,08:00-19:00
2026-08-10T16:12:39.401485+00:00,2026-08-10T19:12:39.401485+03:00,507,Kabasakal Medrese Önü,FATİH,41.0062,28.9789,65,1,64,AÇIK OTOPARK,0,0,08:00-18:30
2026-08-10T16:12:39.401485+00:00,2026-08-10T19:12:39.401485+03:00,3306,Kabataş Transfer Merkezi Turizm Otobüs Otoparkı,BEYOĞLU,41.0336,28.9923,160,32,128,KAPALI OTOPARK,1,20,24 Saat
2026-08-10T16:12:39.401485+00:00,2026-08-10T19:12:39.401485+03:00,2918,Kadıköy Hasanpaşa Gazhane Katlı Otoparkı,KADIKÖY,40.9972,29.0428,310,202,108,KAPALI OTOPARK,1,15,24 Saat
2026-08-10T16:12:39.401485+00:00,2026-08-10T19:12:39.401485+03:00,1447,Kadıköy İski Açık Otoparkı,KADIKÖY,40.9874,29.0207,124,9,115,AÇIK OTOPARK,1,15,24 Saat
2026-08-10T16:12:39.401485+00:00,2026-08-10T19:12:39.401485+03:00,1655,Kadıköy Metro Açık Otoparkı,KADIKÖY,40.9899,29.0217,74,0,74,AÇIK OTOPARK,1,15,24 Saat
2026-08-10T16:12:39.401485+00:00,2026-08-10T19:12:39.401485+03:00,3445,Kadıköy Uzunçayır PD Açık Otoparkı,KADIKÖY,40.9982,29.0569,70,42,28,AÇIK OTOPARK,0,15,06:30-16:30
2026-08-10T16:12:39.401485+00:00,2026-08-10T19:12:39.401485+03:00,2808,Kadıköy Yeni Salı Pazarı PD Katlı Otoparkı,KADIKÖY,40.9969,29.0486,1350,626,724,KAPALI OTOPARK,1,15,24 Saat
2026-08-10T16:12:39.401485+00:00,2026-08-10T19:12:39.401485+03:00,2811,Kağıthane Harmantepe Zemin Altı Otoparkı,KAĞITHANE,41.0816,28.9907,200,0,200,KAPALI OTOPARK,1,0,24 Saat
2026-08-10T16:12:39.401485+00:00,2026-08-10T19:12:39.401485+03:00,1452,Kalamış Açık Otoparkı,KADIKÖY,40.9687,29.0363,173,84,89,AÇIK OTOPARK,1,15,24 Saat
2026-08-10T16:12:39.401485+00:00,2026-08-10T19:12:39.401485+03:00,1474,Kartal Hasan Doğan Spor Kompleksi,KARTAL,40.8918,29.1897,773,0,773,KAPALI OTOPARK,1,15,24 Saat
2026-08-10T16:12:39.401485+00:00,2026-08-10T19:12:39.401485+03:00,1105,Kartal İdo Açık Otoparkı,KARTAL,40.8874,29.1881,90,0,90,AÇIK OTOPARK,1,15,24 Saat
2026-08-10T16:12:39.401485+00:00,2026-08-10T19:12:39.401485+03:00,1550,Kartal Sahil Açık Otoparkı,KARTAL,40.8875,29.1901,75,40,35,AÇIK OTOPARK,1,5,24 Saat
2026-08-10T16:12:39.401485+00:00,2026-08-10T19:12:39.401485+03:00,3434,Kasımpaşa Sosyal Tesisler Otoparkı,BEYOĞLU,41.0296,28.9673,60,38,22,AÇIK OTOPARK,1,0,07:30-23:00
2026-08-10T16:12:39.401485+00:00,2026-08-10T19:12:39.401485+03:00,1960,Kazlıçeşme Marmaray Açık Otoparkı,ZEYTİNBURNU,40.9922,28.917,700,583,117,AÇIK OTOPARK,1,15,24 Saat
2026-08-10T16:12:39.401485+00:00,2026-08-10T19:12:39.401485+03:00,2994,Kirazlı Metro Durağı PD Açık Otoparkı,BAĞCILAR,41.033,28.8429,112,0,112,AÇIK OTOPARK,1,5,24 Saat
2026-08-10T16:12:39.401485+00:00,2026-08-10T19:12:39.401485+03:00,1528,Kore Şehitleri Caddesi - Yüzbaşı Kaya Aldağon Sokak 1,ŞİŞLİ,41.0719,29.0139,40,1,39,YOL ÜSTÜ,0,15,07:00-16:00
2026-08-10T16:12:39.401485+00:00,2026-08-10T19:12:39.401485+03:00,2449,Kozyatağı Sebze-Meyve Hali,ATAŞEHİR,40.9787,29.1029,1500,1500,0,AÇIK OTOPARK,1,0,24 Saat
2026-08-10T16:12:39.401485+00:00,2026-08-10T19:12:39.401485+03:00,113,Kurtuluş Caddesi 4,ŞİŞLİ,41.051,28.983,45,1,44,YOL ÜSTÜ,0,15,08:00-18:00
2026-08-10T16:12:39.401485+00:00,2026-08-10T19:12:39.401485+03:00,1206,Kutlugün Sokak 2,FATİH,41.0061,28.9801,200,1,199,YOL ÜSTÜ,0,0,08:00-18:00
2026-08-10T16:12:39.401485+00:00,2026-08-10T19:12:39.401485+03:00,3074,Küçük Çamlıca,ÜSKÜDAR,41.0204,29.0653,129,106,23,AÇIK OTOPARK,1,0,08:00-22:00
2026-08-10T16:12:39.401485+00:00,2026-08-10T19:12:39.401485+03:00,3127,Küçükçekmece Cennet Mahallesi Meydan Zemin Altı Otoparkı,KÜÇÜKÇEKMECE,40.9907,28.783,456,0,456,KAPALI OTOPARK,1,10,24 Saat
2026-08-10T16:12:39.401485+00:00,2026-08-10T19:12:39.401485+03:00,2554,Küçükçekmece Fevzi Çakmak Meydanı Zemin Altı Otoparkı,KÜÇÜKÇEKMECE,41.0076,28.7927,1000,513,487,KAPALI OTOPARK,1,10,24 Saat
2026-08-10T16:12:39.401485+00:00,2026-08-10T19:12:39.401485+03:00,2882,Küçüksu Kasrı Açık Otoparkı,BEYKOZ,41.0789,29.0657,98,90,8,AÇIK OTOPARK,1,0,07:00-23:00
2026-08-10T16:12:39.401485+00:00,2026-08-10T19:12:39.401485+03:00,220,Levent Hamidiye,BEŞİKTAŞ,41.0861,29.0076,100,1,99,AÇIK OTOPARK,0,0,08:00-19:00
2026-08-10T16:12:39.401485+00:00,2026-08-10T19:12:39.401485+03:00,1138,Levent Metro Yer Altı Otoparkı,BEŞİKTAŞ,41.0811,29.0105,100,100,0,AÇIK OTOPARK,1,5,07:30-19:30
2026-08-10T16:12:39.401485+00:00,2026-08-10T19:12:39.401485+03:00,2335,Maçka Açık Otoparkı,ŞİŞLİ,41.046,28.9908,75,74,1,AÇIK OTOPARK,1,0,24 Saat
2026-08-10T16:12:39.401485+00:00,2026-08-10T19:12:39.401485+03:00,1859,Maçka Katlı Otoparkı,ŞİŞLİ,41.0484,28.9903,508,0,508,KAPALI OTOPARK,1,0,24 Saat
2026-08-10T16:12:39.401485+00:00,2026-08-10T19:12:39.401485+03:00,3193,Maltepe Rıhtım Caddesi Açık Otoparkı,MALTEPE,40.9258,29.1241,76,26,50,AÇIK OTOPARK,1,0,24 Saat
2026-08-10T16:12:39.401485+00:00,2026-08-10T19:12:39.401485+03:00,2146,Maltepe Süreyyapaşa Çarşısı Açık Otoparkı,MALTEPE,40.9274,29.1225,156,64,92,AÇIK OTOPARK,1,0,24 Saat
2026-08-10T16:12:39.401485+00:00,2026-08-10T19:12:39.401485+03:00,1599,Maslak Açık Otoparkı,SARIYER,41.1166,29.024,150,115,35,AÇIK OTOPARK,1,10,24 Saat
2026-08-10T16:12:39.401485+00:00,2026-08-10T19:12:39.401485+03:00,2100,Matbaacılar Sitesi Yanı,ZEYTİNBURNU,41.0234,28.9187,250,193,57,AÇIK OTOPARK,1,5,24 Saat
2026-08-10T16:12:39.401485+00:00,2026-08-10T19:12:39.401485+03:00,920,Meclis-i Mebusan Yokuşu 2,BEYOĞLU,41.0326,28.9882,34,1,33,YOL ÜSTÜ,0,15,09:00-17:00
2026-08-10T16:12:39.401485+00:00,2026-08-10T19:12:39.401485+03:00,1546,Menekşe Plajı Açık Otoparkı,BAKIRKÖY,40.9761,28.7766,200,199,1,AÇIK OTOPARK,1,0,24 Saat
2026-08-10T16:12:39.401485+00:00,2026-08-10T19:12:39.401485+03:00,1376,Mercan Açık,FATİH,41.0136,28.9669,130,87,43,AÇIK OTOPARK,1,0,08:00-23:00
2026-08-10T16:12:39.401485+00:00,2026-08-10T19:12:39.401485+03:00,3309,Mercan Ali Paşa Sarayı Zemin Altı Otoparkı,FATİH,41.0136,28.967,196,1,195,KAPALI OTOPARK,1,0,07:00-21:00
2026-08-10T16:12:39.401485+00:00,2026-08-10T19:12:39.401485+03:00,1472,Merter Katlı Otoparkı,GÜNGÖREN,41.0092,28.8874,1000,892,108,KAPALI OTOPARK,1,10,24 Saat
2026-08-10T16:12:39.401485+00:00,2026-08-10T19:12:39.401485+03:00,2375,Merter Metro PD Zeminaltı Otoparkı,GÜNGÖREN,41.0037,28.8897,242,97,145,KAPALI OTOPARK,1,10,24 Saat
2026-08-10T16:12:39.401485+00:00,2026-08-10T19:12:39.401485+03:00,1568,Mete Caddesi 1,BEYOĞLU,41.0382,28.9879,31,1,30,YOL ÜSTÜ,1,15,08:00-23:00
2026-08-10T16:12:39.401485+00:00,2026-08-10T19:12:39.401485+03:00,1471,Mevlana Yeraltı Katlı Otoparkı,ZEYTİNBURNU,41.0072,28.9049,1000,867,133,KAPALI OTOPARK,1,5,24 Saat
2026-08-10T16:12:39.401485+00:00,2026-08-10T19:12:39.401485+03:00,2709,Millet Caddesi Açık Otoparkı,FATİH,41.01,28.9461,60,1,59,AÇIK OTOPARK,1,15,24 Saat
2026-08-10T16:12:39.401485+00:00,2026-08-10T19:12:39.401485+03:00,3152,Mimar Sinan Zemin Altı Otoparkı,ÜSKÜDAR,41.0222,29.0169,956,0,956,KAPALI OTOPARK,1,15,24 Saat
2026-08-10T16:12:39.401485+00:00,2026-08-10T19:12:39.401485+03:00,2870,Miniatürk Çadır Açık Otoparkı,BEYOĞLU,41.0594,28.9501,250,101,149,AÇIK OTOPARK,1,15,07:00-20:00
2026-08-10T16:12:39.401485+00:00,2026-08-10T19:12:39.401485+03:00,2556,Muallim Naci Açık Otoparkı,BEŞİKTAŞ,41.0561,29.0342,35,23,12,AÇIK OTOPARK,1,15,24 Saat
2026-08-10T16:12:39.401485+00:00,2026-08-10T19:12:39.401485+03:00,569,Oda Kule Önü 1,BEYOĞLU,41.0322,28.9751,24,1,23,YOL ÜSTÜ,1,0,07:00-01:00
2026-08-10T16:12:39.401485+00:00,2026-08-10T19:12:39.401485+03:00,1988,Orhangazi Şehir Parkı PD Açık Otoparkı,MALTEPE,40.9313,29.1161,5022,4227,795,AÇIK OTOPARK,1,15,24 Saat
2026-08-10T16:12:39.401485+00:00,2026-08-10T19:12:39.401485+03:00,152,Ortabahçe Caddesi 2,BEŞİKTAŞ,41.0428,29.0043,35,35,0,YOL ÜSTÜ,1,15,08:00-23:00
2026-08-10T16:12:39.401485+00:00,2026-08-10T19:12:39.401485+03:00,153,Ortabahçe Caddesi 3,BEŞİKTAŞ,41.043,29.0042,26,1,25,YOL ÜSTÜ,1,15,08:00-23:00
2026-08-10T16:12:39.401485+00:00,2026-08-10T19:12:39.401485+03:00,119,Ortaklar Caddesi 1,ŞİŞLİ,41.0638,28.9971,25,1,24,YOL ÜSTÜ,0,15,08:30-17:00
2026-08-10T16:12:39.401485+00:00,2026-08-10T19:12:39.401485+03:00,1343,Ortaköy Açık Otoparkı,BEŞİKTAŞ,41.0504,29.0326,170,138,32,AÇIK OTOPARK,1,0,24 Saat
2026-08-10T16:12:39.401485+00:00,2026-08-10T19:12:39.401485+03:00,572,Ortaköy Portakal Yokuşu 1,BEŞİKTAŞ,41.0503,29.0261,15,1,14,YOL ÜSTÜ,0,15,09:00-19:00
2026-08-10T16:12:39.401485+00:00,2026-08-10T19:12:39.401485+03:00,1039,Öğretmen Evi,AVCILAR,40.9723,28.714,80,42,38,AÇIK OTOPARK,1,0,11:00-23:00
2026-08-10T16:12:39.401485+00:00,2026-08-10T19:12:39.401485+03:00,1466,Pendik Katlı Otoparkı,PENDİK,40.8789,29.2342,120,0,120,KAPALI OTOPARK,1,15,24 Saat
2026-08-10T16:12:39.401485+00:00,2026-08-10T19:12:39.401485+03:00,3073,Pendik Kemal Kalkuz Parkı Zemin Altı Otoparkı,PENDİK,40.8885,29.2427,224,0,224,KAPALI OTOPARK,0,0,09:00-18:00
2026-08-10T16:12:39.401485+00:00,2026-08-10T19:12:39.401485+03:00,3019,Pendik Meydan Zemin Altı Otoparkı,PENDİK,40.8752,29.2324,937,0,937,KAPALI OTOPARK,1,0,24 Saat
2026-08-10T16:12:39.401485+00:00,2026-08-10T19:12:39.401485+03:00,2865,Pendik Sahil Engelliler Merkez Önü,PENDİK,40.8735,29.233,100,65,35,AÇIK OTOPARK,1,0,11:00-20:00
2026-08-10T16:12:39.401485+00:00,2026-08-10T19:12:39.401485+03:00,2434,Pendik Sahil İdo,PENDİK,40.8755,29.2369,100,0,100,AÇIK OTOPARK,1,0,07:00-23:00
2026-08-10T16:12:39.401485+00:00,2026-08-10T19:12:39.401485+03:00,248,Pendik Yenimahalle Açık 2 Otoparkı,PENDİK,40.864,29.2723,124,108,16,AÇIK OTOPARK,1,15,10:00-22:00
2026-08-10T16:12:39.401485+00:00,2026-08-10T19:12:39.401485+03:00,297,Perşembe Pazarı 1,BEYOĞLU,41.0252,28.9693,32,1,31,YOL ÜSTÜ,0,15,08:00-17:00
2026-08-10T16:12:39.401485+00:00,2026-08-10T19:12:39.401485+03:00,597,Pierre Loti Caddesi 3,FATİH,41.0069,28.9711,36,1,35,YOL ÜSTÜ,0,0,07:00-17:00
2026-08-10T16:12:39.401485+00:00,2026-08-10T19:12:39.401485+03:00,3263,Piyalepaşa Meydanı Zemin Altı Otoparkı,BEYOĞLU,41.0445,28.9674,560,288,272,KAPALI OTOPARK,1,0,24 Saat
2026-08-10T16:12:39.401485+00:00,2026-08-10T19:12:39.401485+03:00,1900,Ragıp Gümüşpala Cad.(Sobacılar Önü),FATİH,41.0181,28.969,40,1,39,YOL ÜSTÜ,0,15,07:00-18:00
2026-08-10T16:12:39.401485+00:00,2026-08-10T19:12:39.401485+03:00,415,Ragıp Gümüşpala Camii Önü 1,FATİH,41.0211,28.9627,35,1,34,YOL ÜSTÜ,0,0,07:00-17:30
2026-08-10T16:12:39.401485+00:00,2026-08-10T19:12:39.401485+03:00,3268,Refik Saydam Caddesi 3,BEYOĞLU,41.032,28.9736,55,1,54,YOL ÜSTÜ,1,0,06:00-23:00
2026-08-10T16:12:39.401485+00:00,2026-08-10T19:12:39.401485+03:00,2307,Ressam Halim Sokak PD Açık Otoparkı,BAHÇELİEVLER,40.9967,28.8641,120,93,27,AÇIK OTOPARK,1,15,08:00-00:00
2026-08-10T16:12:39.401485+00:00,2026-08-10T19:12:39.401485+03:00,3082,Rumeli Hisarı Sahil Yolu Otoparkı,SARIYER,41.0854,29.0568,20,0,20,AÇIK OTOPARK,1,0,24 Saat
2026-08-10T16:12:39.401485+00:00,2026-08-10T19:12:39.401485+03:00,1595,Sabiha Gökçen Açık Otoparkı,PENDİK,40.925,29.308,1056,235,821,AÇIK OTOPARK,1,15,24 Saat
2026-08-10T16:12:39.401485+00:00,2026-08-10T19:12:39.401485+03:00,3239,Samatya Sahil Cep Otoparkı,FATİH,40.9954,28.932,113,103,10,AÇIK OTOPARK,1,15,24 Saat
2026-08-10T16:12:39.401485+00:00,2026-08-10T19:12:39.401485+03:00,3273,Sarıyer Büyükdere Fidanlığı,SARIYER,41.1548,29.0268,160,155,5,AÇIK OTOPARK,0,0,08:00-18:00
2026-08-10T16:12:39.401485+00:00,2026-08-10T19:12:39.401485+03:00,3299,Sariyer Ayazağa Mah Vadi İstanbul Önü Açık Otoparkı,SARIYER,41.1106,28.9881,100,96,4,AÇIK OTOPARK,1,0,08:00-20:00
2026-08-10T16:12:39.401485+00:00,2026-08-10T19:12:39.401485+03:00,1303,Seyrantepe Katlı (Arena Karşısı) 1,KAĞITHANE,41.101,28.9961,1897,1897,0,KAPALI OTOPARK,1,0,24 Saat
2026-08-10T16:12:39.401485+00:00,2026-08-10T19:12:39.401485+03:00,1628,Sıracevizler Caddesi Yol Üstü 5,ŞİŞLİ,41.0607,28.9841,45,1,44,YOL ÜSTÜ,0,15,09:00-17:00
2026-08-10T16:12:39.401485+00:00,2026-08-10T19:12:39.401485+03:00,464,Sirkeci Gar Önü,FATİH,41.015,28.9761,60,1,59,AÇIK OTOPARK,1,5,07:00-20:00
2026-08-10T16:12:39.401485+00:00,2026-08-10T19:12:39.401485+03:00,1486,Siyavuşpaşa Yer Altı Otoparkı,BAHÇELİEVLER,40.9965,28.8532,155,0,155,KAPALI OTOPARK,1,0,24 Saat
2026-08-10T16:12:39.401485+00:00,2026-08-10T19:12:39.401485+03:00,1958,Soğanlık Metro PD Açık Otoparkı,KARTAL,40.9131,29.1925,898,859,39,AÇIK OTOPARK,1,15,24 Saat
2026-08-10T16:12:39.401485+00:00,2026-08-10T19:12:39.401485+03:00,589,Su Terazisi Sokak,FATİH,41.0046,28.9727,22,1,21,YOL ÜSTÜ,0,0,07:30-17:00
2026-08-10T16:12:39.401485+00:00,2026-08-10T19:12:39.401485+03:00,1478,Suadiye Cep Açık Otoparkı,KADIKÖY,40.9586,29.0732,130,77,53,AÇIK OTOPARK,1,15,24 Saat
2026-08-10T16:12:39.401485+00:00,2026-08-10T19:12:39.401485+03:00,2948,Suadiye Sahil Açık Otoparkı,KADIKÖY,40.9562,29.0797,70,0,70,AÇIK OTOPARK,1,5,24 Saat
2026-08-10T16:12:39.401485+00:00,2026-08-10T19:12:39.401485+03:00,2799,Sultanbeyli Emir Caddesi Zemin Altı Otoparkı,SULTANBEYLİ,40.9707,29.2606,130,114,16,KAPALI OTOPARK,1,15,08:00-22:00
2026-08-10T16:12:39.401485+00:00,2026-08-10T19:12:39.401485+03:00,2372,Sultanbeyli Kent Meydanı Zemin Altı Otoparkı,SULTANBEYLİ,40.9667,29.2667,300,172,128,KAPALI OTOPARK,1,15,24 Saat
2026-08-10T16:12:39.401485+00:00,2026-08-10T19:12:39.401485+03:00,2410,Sultangazi Zemin Altı Otoparkı,SULTANGAZİ,41.0944,28.8649,104,0,104,KAPALI OTOPARK,1,10,24 Saat
2026-08-10T16:12:39.401485+00:00,2026-08-10T19:12:39.401485+03:00,2085,Süleyman Seba Caddesi 2,BEŞİKTAŞ,41.0426,28.9998,40,1,39,YOL ÜSTÜ,0,15,08:00-18:00
2026-08-10T16:12:39.401485+00:00,2026-08-10T19:12:39.401485+03:00,2088,Süleyman Seba Caddesi 5,BEŞİKTAŞ,41.0432,28.9978,40,1,39,YOL ÜSTÜ,0,15,08:00-18:00
2026-08-10T16:12:39.401485+00:00,2026-08-10T19:12:39.401485+03:00,2089,Süleyman Seba Caddesi 6,BEŞİKTAŞ,41.0435,28.9967,11,1,10,YOL ÜSTÜ,0,15,08:00-18:00
2026-08-10T16:12:39.401485+00:00,2026-08-10T19:12:39.401485+03:00,2391,Süleymaniye Cami Altı Açık Otoparkı,FATİH,41.0158,28.961,250,235,15,AÇIK OTOPARK,0,0,06:30-18:30
2026-08-10T16:12:39.401485+00:00,2026-08-10T19:12:39.401485+03:00,1730,Sütlüce Miniatürk Yanı,BEYOĞLU,41.057,28.95,320,206,114,AÇIK OTOPARK,1,15,24 Saat
2026-08-10T16:12:39.401485+00:00,2026-08-10T19:12:39.401485+03:00,36,Şakayık Sokak 4,ŞİŞLİ,41.0518,28.9936,50,1,49,YOL ÜSTÜ,0,15,08:00-16:00
2026-08-10T16:12:39.401485+00:00,2026-08-10T19:12:39.401485+03:00,1469,Şehit Volkan Duysak Katlı Otoparkı,ZEYTİNBURNU,40.9968,28.9039,1000,1000,0,KAPALI OTOPARK,1,5,24 Saat
2026-08-10T16:12:39.401485+00:00,2026-08-10T19:12:39.401485+03:00,2855,Şemsipaşa Açık Otoparkı,ÜSKÜDAR,41.0255,29.0097,80,38,42,AÇIK OTOPARK,1,0,24 Saat
2026-08-10T16:12:39.401485+00:00,2026-08-10T19:12:39.401485+03:00,2439,Şirinevler Meydan Zeminaltı Otoparkı,BAHÇELİEVLER,40.9925,28.8496,367,51,316,KAPALI OTOPARK,1,0,24 Saat
2026-08-10T16:12:39.401485+00:00,2026-08-10T19:12:39.401485+03:00,3400,Şişhane Refik Saydam Caddesi 2 Yol Üstü Otoparkı 1,BEYOĞLU,41.0326,28.9743,70,1,69,YOL ÜSTÜ,1,15,06:00-23:00
2026-08-10T16:12:39.401485+00:00,2026-08-10T19:12:39.401485+03:00,3441,Şişli Kuştepe Zemin Altı Otoparkı,ŞİŞLİ,41.072,28.9919,430,327,103,KAPALI OTOPARK,1,15,24 Saat
2026-08-10T16:12:39.401485+00:00,2026-08-10T19:12:39.401485+03:00,2816,Şişli Rumeli Caddesi Metro Yanı 1,ŞİŞLİ,41.0538,28.9868,45,1,44,YOL ÜSTÜ,1,15,08:00-20:00
2026-08-10T16:12:39.401485+00:00,2026-08-10T19:12:39.401485+03:00,2406,Şişli Zemin Altı Otoparkı,ŞİŞLİ,41.0641,28.9992,581,370,211,KAPALI OTOPARK,1,15,24 Saat
2026-08-10T16:12:39.401485+00:00,2026-08-10T19:12:39.401485+03:00,1993,Tuzla İdo,TUZLA,40.8149,29.3039,300,176,124,AÇIK OTOPARK,1,15,24 Saat
2026-08-10T16:12:39.401485+00:00,2026-08-10T19:12:39.401485+03:00,3332,Tuzla Sahil Cep,TUZLA,40.8168,29.2992,50,39,11,AÇIK OTOPARK,1,0,08:00-00:00
2026-08-10T16:12:39.401485+00:00,2026-08-10T19:12:39.401485+03:00,3057,Tuzla Sahil Zemin Altı Otoparkı,TUZLA,40.8181,29.3004,779,1,778,KAPALI OTOPARK,1,15,24 Saat
2026-08-10T16:12:39.401485+00:00,2026-08-10T19:12:39.401485+03:00,1811,Ulu Camii Açık Otoparkı,BAHÇELİEVLER,40.9982,28.8499,150,112,38,AÇIK OTOPARK,1,10,24 Saat
2026-08-10T16:12:39.401485+00:00,2026-08-10T19:12:39.401485+03:00,2424,Uzunçayır Açık Otoparkı,KADIKÖY,40.9988,29.0556,58,52,6,AÇIK OTOPARK,0,0,06:00-16:00
2026-08-10T16:12:39.401485+00:00,2026-08-10T19:12:39.401485+03:00,1468,Ümraniye Katlı Otoparkı,ÜMRANİYE,41.0261,29.0953,665,470,195,KAPALI OTOPARK,1,15,24 Saat
2026-08-10T16:12:39.401485+00:00,2026-08-10T19:12:39.401485+03:00,2898,Ümraniye Okan Sokak Zeminaltı Otoparkı,ÜMRANİYE,41.0284,29.0907,125,30,95,KAPALI OTOPARK,1,15,24 Saat
2026-08-10T16:12:39.401485+00:00,2026-08-10T19:12:39.401485+03:00,2345,Üsküdar Uzunçayır PD Açık Otoparkı,ÜSKÜDAR,40.9988,29.0577,90,70,20,AÇIK OTOPARK,1,15,06:00-22:00
2026-08-10T16:12:39.401485+00:00,2026-08-10T19:12:39.401485+03:00,1929,Üsküdar Ünalan Açık Otoparkı,ÜSKÜDAR,40.9979,29.0604,180,175,5,AÇIK OTOPARK,0,0,07:00-17:00
2026-08-10T16:12:39.401485+00:00,2026-08-10T19:12:39.401485+03:00,1487,Vatan Caddesi PD Açık Otoparkı,FATİH,41.0157,28.9405,397,307,90,AÇIK OTOPARK,1,5,24 Saat
2026-08-10T16:12:39.401485+00:00,2026-08-10T19:12:39.401485+03:00,2441,Yalı Açık Otoparkı,MALTEPE,40.9095,29.137,85,81,4,AÇIK OTOPARK,1,0,07:30-22:00
2026-08-10T16:12:39.401485+00:00,2026-08-10T19:12:39.401485+03:00,459,Yalı Köşkü Caddesi 1,FATİH,41.0163,28.9759,61,1,60,YOL ÜSTÜ,1,5,07:00-21:00
2026-08-10T16:12:39.401485+00:00,2026-08-10T19:12:39.401485+03:00,2037,Yenikapı Marmaray Büyük Otoparkı,FATİH,41.0057,28.9505,324,153,171,AÇIK OTOPARK,1,15,24 Saat
2026-08-10T16:12:39.401485+00:00,2026-08-10T19:12:39.401485+03:00,2036,Yenikapı Marmaray Küçük Otoparkı,FATİH,41.0064,28.9504,200,169,31,AÇIK OTOPARK,1,15,07:00-22:00
2026-08-10T16:12:39.401485+00:00,2026-08-10T19:12:39.401485+03:00,2175,Yenikapı Spor ve Kültür Merkezi PD Açık Otoparkı,FATİH,41.0006,28.9519,4023,3710,313,AÇIK OTOPARK,1,15,24 Saat
2026-08-10T16:12:39.401485+00:00,2026-08-10T19:12:39.401485+03:00,2805,Yenikapı Tünel Üstü Açık Otoparkı,FATİH,41.0029,28.9534,700,512,188,AÇIK OTOPARK,1,10,24 Saat
2026-08-10T16:12:39.401485+00:00,2026-08-10T19:12:39.401485+03:00,3404,Yenimahalle Metro Zemin Altı PD Otoparkı,GAZİOSMANPAŞA,41.0839,28.8926,114,93,21,KAPALI OTOPARK,1,15,24 Saat
2026-08-10T16:12:39.401485+00:00,2026-08-10T19:12:39.401485+03:00,2920,Yeşilce Zemin Altı Katlı Otoparkı,KAĞITHANE,41.0938,29.0017,676,10,666,KAPALI OTOPARK,1,0,24 Saat
2026-08-10T16:12:39.401485+00:00,2026-08-10T19:12:39.401485+03:00,987,Yeşilköy İstasyon Caddesi 1,BAKIRKÖY,40.962,28.825,40,1,39,YOL ÜSTÜ,0,15,09:00-17:30
2026-08-10T16:12:39.401485+00:00,2026-08-10T19:12:39.401485+03:00,974,Yeşilköy Marina 1,BAKIRKÖY,40.9576,28.8233,145,1,144,YOL ÜSTÜ,1,0,12:00-23:00
2026-08-10T16:12:39.401485+00:00,2026-08-10T19:12:39.401485+03:00,3406,Yeşilpınar Metro Zemin Altı PD Otoparkı,EYÜP,41.081,28.9204,269,198,71,KAPALI OTOPARK,1,15,24 Saat
2026-08-10T16:12:39.401485+00:00,2026-08-10T19:12:39.401485+03:00,315,Yeşilyurt Çarşı 1,BAKIRKÖY,40.9643,28.8379,50,1,49,YOL ÜSTÜ,0,15,09:00-17:30
2026-08-10T16:12:39.401485+00:00,2026-08-10T19:12:39.401485+03:00,1133,Yıldız Korusu,BEŞİKTAŞ,41.0514,29.0165,500,499,1,AÇIK OTOPARK,1,0,08:00-22:00
2026-08-10T16:12:39.401485+00:00,2026-08-10T19:12:39.401485+03:00,882,Zeytinburnu 58. Bulvar 2,ZEYTİNBURNU,40.9932,28.9039,48,1,47,YOL ÜSTÜ,0,15,09:00-18:00
2026-08-10T16:12:39.401485+00:00,2026-08-10T19:12:39.401485+03:00,3185,Zeytinburnu Sahil Cep Otoparkı,ZEYTİNBURNU,40.9798,28.8985,160,1,159,AÇIK OTOPARK,1,0,12:00-22:00
2026-08-10T17:13:24.781857+00:00,2026-08-10T20:13:24.781857+03:00,3068,15 Temmuz Şehitler Meydanı Zeminaltı Otoparkı,ÜMRANİYE,41.0246,29.0915,1029,550,479,KAPALI OTOPARK,1,15,24 Saat
2026-08-10T17:13:24.781857+00:00,2026-08-10T20:13:24.781857+03:00,2338,19 Mayıs Açık,ŞİŞLİ,41.0563,28.9941,65,0,65,AÇIK OTOPARK,1,0,24 Saat
2026-08-10T17:13:24.781857+00:00,2026-08-10T20:13:24.781857+03:00,1751,4.Levent PD Açık Otoparkı,KAĞITHANE,41.0836,29.0081,236,120,116,AÇIK OTOPARK,1,5,24 Saat
2026-08-10T17:13:24.781857+00:00,2026-08-10T20:13:24.781857+03:00,3328,4.Levent Servis ve Turizm Araçları Açık Otoparkı,ŞİŞLİ,41.0841,29.0054,300,150,150,AÇIK OTOPARK,1,15,24 Saat
2026-08-10T17:13:24.781857+00:00,2026-08-10T20:13:24.781857+03:00,3412,5. Levent Gaziosmanpaşa Adliyesi Yanı Açık Otoparkı,EYÜP,41.0927,28.9494,250,214,36,AÇIK OTOPARK,1,15,07:00-23:00
2026-08-10T17:13:24.781857+00:00,2026-08-10T20:13:24.781857+03:00,104,Abide-i Hürriyet Caddesi 5,ŞİŞLİ,41.0619,28.9876,40,1,39,YOL ÜSTÜ,0,15,08:00-17:00
2026-08-10T17:13:24.781857+00:00,2026-08-10T20:13:24.781857+03:00,2452,Acıbadem Açık Otoparkı,ÜSKÜDAR,41.0157,29.0574,100,86,14,AÇIK OTOPARK,0,0,06:30-16:00
2026-08-10T17:13:24.781857+00:00,2026-08-10T20:13:24.781857+03:00,346,Ada Karşısı Cep 2,BEŞİKTAŞ,41.072,29.045,30,1,29,YOL ÜSTÜ,1,15,08:00-23:00
2026-08-10T17:13:24.781857+00:00,2026-08-10T20:13:24.781857+03:00,1663,Akasyalı Sokak Tenis Kulubü Önü 2,BEŞİKTAŞ,41.0867,29.0109,45,1,44,YOL ÜSTÜ,0,15,08:30-17:30
2026-08-10T17:13:24.781857+00:00,2026-08-10T20:13:24.781857+03:00,828,Akdeniz Caddesi 4,FATİH,41.0175,28.9435,27,1,26,YOL ÜSTÜ,0,15,09:00-18:00
2026-08-10T17:13:24.781857+00:00,2026-08-10T20:13:24.781857+03:00,1913,Alibeyköy Cep Otogarı Açık Otoparkı,EYÜP,41.0879,28.9446,116,0,116,AÇIK OTOPARK,1,25,24 Saat
2026-08-10T17:13:24.781857+00:00,2026-08-10T20:13:24.781857+03:00,1912,Alibeyköy Cep Otogarı Otobüs Otoparkı,EYÜP,41.0875,28.9449,5000,4974,26,AÇIK OTOPARK,1,60,24 Saat
2026-08-10T17:13:24.781857+00:00,2026-08-10T20:13:24.781857+03:00,2562,Alibeyköy Yeşiltepe Zemin Altı Otoparkı,EYÜP,41.0797,28.938,159,61,98,KAPALI OTOPARK,1,15,24 Saat
2026-08-10T17:13:24.781857+00:00,2026-08-10T20:13:24.781857+03:00,3201,Altınboynuz Sosyal Tesisleri,EYÜP,41.058,28.9447,70,69,1,AÇIK OTOPARK,1,15,08:00-23:00
2026-08-10T17:13:24.781857+00:00,2026-08-10T20:13:24.781857+03:00,758,Arap Camii Açık Otoparkı,BEYOĞLU,41.0227,28.9723,30,1,29,AÇIK OTOPARK,0,0,09:00-17:00
2026-08-10T17:13:24.781857+00:00,2026-08-10T20:13:24.781857+03:00,1963,Aras Sokak 1,BÜYÜKÇEKMECE,41.0226,28.622,60,60,0,YOL ÜSTÜ,0,0,06:00-14:30
2026-08-10T17:13:24.781857+00:00,2026-08-10T20:13:24.781857+03:00,2802,Arnavutköy Zemin Altı Otoparkı,ARNAVUTKÖY,41.1838,28.7396,700,27,673,KAPALI OTOPARK,1,15,24 Saat
2026-08-10T17:13:24.781857+00:00,2026-08-10T20:13:24.781857+03:00,1797,Ataköy Atrium AVM,BAKIRKÖY,40.9881,28.8459,250,185,65,AÇIK OTOPARK,1,15,08:00-23:00
2026-08-10T17:13:24.781857+00:00,2026-08-10T20:13:24.781857+03:00,2824,Ataköy Metro Durağı Yanı PD Zemin Altı Otoparkı,BAKIRKÖY,40.9904,28.8456,150,81,69,KAPALI OTOPARK,1,0,24 Saat
2026-08-10T17:13:24.781857+00:00,2026-08-10T20:13:24.781857+03:00,359,Atatürk Bulvarı 1,FATİH,41.0112,28.9534,20,1,19,YOL ÜSTÜ,0,0,07:30-18:00
2026-08-10T17:13:24.781857+00:00,2026-08-10T20:13:24.781857+03:00,3087,Atatürk Kent Ormanı Otoparkı,SARIYER,41.136,29.0262,200,198,2,AÇIK OTOPARK,0,0,08:00-17:00
2026-08-10T17:13:24.781857+00:00,2026-08-10T20:13:24.781857+03:00,1088,Avcılar İdo,AVCILAR,40.9712,28.7185,270,263,7,AÇIK OTOPARK,1,0,13:00-07:00
2026-08-10T17:13:24.781857+00:00,2026-08-10T20:13:24.781857+03:00,2885,Azapkapı Haliç Metro Otoparkı,ŞİŞLİ,41.0245,28.9691,80,26,54,AÇIK OTOPARK,1,5,24 Saat
2026-08-10T17:13:24.781857+00:00,2026-08-10T20:13:24.781857+03:00,2455,Azerbaycan Dostluk Parkı Zemin Altı Otoparkı,BAĞCILAR,41.0444,28.854,400,183,217,KAPALI OTOPARK,1,10,24 Saat
2026-08-10T17:13:24.781857+00:00,2026-08-10T20:13:24.781857+03:00,2965,Bağcılar Çolakoğlu Zemin Altı Otoparkı,BAĞCILAR,41.0324,28.8345,106,0,106,KAPALI OTOPARK,1,5,24 Saat
2026-08-10T17:13:24.781857+00:00,2026-08-10T20:13:24.781857+03:00,2576,Bağcılar Demirkapı Zemin Altı Otoparkı,BAĞCILAR,41.0499,28.8327,343,153,190,KAPALI OTOPARK,1,5,24 Saat
2026-08-10T17:13:24.781857+00:00,2026-08-10T20:13:24.781857+03:00,3036,Bağcılar Devlet Hastanesi Yanı Zeminaltı Otoparkı,BAĞCILAR,41.0312,28.8696,1133,124,1009,KAPALI OTOPARK,1,15,24 Saat
2026-08-10T17:13:24.781857+00:00,2026-08-10T20:13:24.781857+03:00,3071,Bağcılar Emniyet Müdürlüğü Yanı Açık Otoparkı,BAĞCILAR,41.0353,28.8598,100,68,32,AÇIK OTOPARK,1,0,24 Saat
2026-08-10T17:13:24.781857+00:00,2026-08-10T20:13:24.781857+03:00,2873,Bağcılar Göztepe Zemin Altı,BAĞCILAR,41.0567,28.8355,120,0,120,KAPALI OTOPARK,1,5,24 Saat
2026-08-10T17:13:24.781857+00:00,2026-08-10T20:13:24.781857+03:00,3187,Bağcılar Hürriyet Mahallesi Zemin Altı Otoparkı,BAĞCILAR,41.0291,28.8333,355,0,355,KAPALI OTOPARK,1,10,24 Saat
2026-08-10T17:13:24.781857+00:00,2026-08-10T20:13:24.781857+03:00,2916,Bağcılar Kent Meydanı PD Zemin Altı Otoparkı,BAĞCILAR,41.0339,28.8556,1162,0,1162,KAPALI OTOPARK,1,0,24 Saat
2026-08-10T17:13:24.781857+00:00,2026-08-10T20:13:24.781857+03:00,3261,Bağcılar Yenimahalle Zemin Altı Otoparkı,BAĞCILAR,41.0425,28.8395,525,263,262,KAPALI OTOPARK,1,15,24 Saat
2026-08-10T17:13:24.781857+00:00,2026-08-10T20:13:24.781857+03:00,2820,Bağcılar Yıldıztepe Katlı Otoparkı,BAĞCILAR,41.0294,28.8556,350,0,350,KAPALI OTOPARK,1,10,24 Saat
2026-08-10T17:13:24.781857+00:00,2026-08-10T20:13:24.781857+03:00,3447,Bahçelievler 23 Nisan Milli Egemenlik Zeminaltı Otoparkı,BAHÇELİEVLER,40.9988,28.8472,732,481,251,KAPALI OTOPARK,1,10,24 Saat
2026-08-10T17:13:24.781857+00:00,2026-08-10T20:13:24.781857+03:00,2993,Bahçelievler Cumhuriyet Zeminaltı Otoparkı,BAHÇELİEVLER,41.0149,28.859,663,0,663,KAPALI OTOPARK,1,10,24 Saat
2026-08-10T17:13:24.781857+00:00,2026-08-10T20:13:24.781857+03:00,2969,Bahçelievler Devlet Hastanesi Yanı Katlı Otoparkı,BAHÇELİEVLER,41.0072,28.8442,740,0,740,KAPALI OTOPARK,1,0,24 Saat
2026-08-10T17:13:24.781857+00:00,2026-08-10T20:13:24.781857+03:00,3051,Bahçelievler Zafer Mh. Zeminaltı Otoparkı,BAHÇELİEVLER,41.0036,28.8351,200,77,123,KAPALI OTOPARK,1,0,24 Saat
2026-08-10T17:13:24.781857+00:00,2026-08-10T20:13:24.781857+03:00,3236,Bahçeşehir Gölet Açık Otoparkı,BAŞAKŞEHİR,41.0719,28.6901,200,1,199,AÇIK OTOPARK,1,0,12:00-22:00
2026-08-10T17:13:24.781857+00:00,2026-08-10T20:13:24.781857+03:00,1465,Bakırköy İdo Açık Otoparkı,BAKIRKÖY,40.9739,28.8761,160,87,73,AÇIK OTOPARK,1,10,24 Saat
2026-08-10T17:13:24.781857+00:00,2026-08-10T20:13:24.781857+03:00,1104,Balmumcu Katlı Otoparkı,BEŞİKTAŞ,41.0636,29.0109,400,307,93,KAPALI OTOPARK,1,5,24 Saat
2026-08-10T17:13:24.781857+00:00,2026-08-10T20:13:24.781857+03:00,2350,Bayrampaşa Adapark Katlı Otoparkı,BAYRAMPAŞA,41.0647,28.8875,650,0,650,KAPALI OTOPARK,1,15,24 Saat
2026-08-10T17:13:24.781857+00:00,2026-08-10T20:13:24.781857+03:00,2892,Bayrampaşa Altıntepsi Zemin  Altı Otoparkı,BAYRAMPAŞA,41.0393,28.9029,110,0,110,KAPALI OTOPARK,1,10,24 Saat
2026-08-10T17:13:24.781857+00:00,2026-08-10T20:13:24.781857+03:00,2909,Bayrampaşa Atatürk Parkı  Zemin Altı Otoparkı,BAYRAMPAŞA,41.0342,28.9123,442,0,442,KAPALI OTOPARK,1,10,24 Saat
2026-08-10T17:13:24.781857+00:00,2026-08-10T20:13:24.781857+03:00,2683,Bayrampaşa Devlet Hastanesi Cep Otoparkı,BAYRAMPAŞA,41.0414,28.9031,55,7,48,AÇIK OTOPARK,0,0,08:00-19:00
2026-08-10T17:13:24.781857+00:00,2026-08-10T20:13:24.781857+03:00,3301,Bayrampaşa Kocatepe Mahallesi Zemin Altı Otoparkı,BAYRAMPAŞA,41.0545,28.8964,241,0,241,KAPALI OTOPARK,1,10,24 Saat
2026-08-10T17:13:24.781857+00:00,2026-08-10T20:13:24.781857+03:00,2053,Bayrampaşa Muratpaşa Yer Altı Otoparkı,BAYRAMPAŞA,41.047,28.9082,300,2,298,KAPALI OTOPARK,1,15,24 Saat
2026-08-10T17:13:24.781857+00:00,2026-08-10T20:13:24.781857+03:00,3175,Bayrampaşa Spor Kompleksi Zemin Altı Otoparkı,BAYRAMPAŞA,41.0446,28.9106,205,0,205,KAPALI OTOPARK,1,15,24 Saat
2026-08-10T17:13:24.781857+00:00,2026-08-10T20:13:24.781857+03:00,3382,Bayrampaşa Şehit Kamil Balkan Zemin Altı Otoparkı,BAYRAMPAŞA,41.0604,28.9008,235,0,235,KAPALI OTOPARK,1,10,24 Saat
2026-08-10T17:13:24.781857+00:00,2026-08-10T20:13:24.781857+03:00,2428,Bayrampaşa Yenidoğan Mahallesi Zemin Altı Otoparkı,BAYRAMPAŞA,41.0395,28.9088,120,0,120,KAPALI OTOPARK,1,10,24 Saat
2026-08-10T17:13:24.781857+00:00,2026-08-10T20:13:24.781857+03:00,2468,Bebek Açık,BEŞİKTAŞ,41.077,29.0434,30,0,30,AÇIK OTOPARK,1,0,24 Saat
2026-08-10T17:13:24.781857+00:00,2026-08-10T20:13:24.781857+03:00,3479,Beşiktaş Halk Pazarı Açık Otoparkı,BEŞİKTAŞ,41.0496,29.0004,170,86,84,AÇIK OTOPARK,1,5,24 Saat
2026-08-10T17:13:24.781857+00:00,2026-08-10T20:13:24.781857+03:00,3257,Beykoz Sahil Cep Otoparkı,BEYKOZ,41.1286,29.0953,100,75,25,AÇIK OTOPARK,1,0,08:00-00:00
2026-08-10T17:13:24.781857+00:00,2026-08-10T20:13:24.781857+03:00,2273,Beykoz Sosyal Tesisleri,BEYKOZ,41.1143,29.0888,130,0,130,AÇIK OTOPARK,1,15,08:00-00:00
2026-08-10T17:13:24.781857+00:00,2026-08-10T20:13:24.781857+03:00,2999,Beyoğlu Gazhane Bostan Sokak 2,BEYOĞLU,41.0389,28.9903,35,1,34,YOL ÜSTÜ,0,0,07:30-16:30
2026-08-10T17:13:24.781857+00:00,2026-08-10T20:13:24.781857+03:00,3072,Beyoğlu Örnektepe Zemin Altı Otoparkı,BEYOĞLU,41.0543,28.9548,143,0,143,KAPALI OTOPARK,1,0,24 Saat
2026-08-10T17:13:24.781857+00:00,2026-08-10T20:13:24.781857+03:00,1455,Bostancı Açık,KADIKÖY,40.9523,29.0902,394,92,302,AÇIK OTOPARK,1,15,24 Saat
2026-08-10T17:13:24.781857+00:00,2026-08-10T20:13:24.781857+03:00,1456,Bostancı Sahil-Cep Açık Otoparkı,KADIKÖY,40.9545,29.0885,192,91,101,AÇIK OTOPARK,1,15,24 Saat
2026-08-10T17:13:24.781857+00:00,2026-08-10T20:13:24.781857+03:00,2150,Bostancı Vergi Dairesi Açık Otoparkı,ATAŞEHİR,40.9625,29.1083,155,0,155,AÇIK OTOPARK,0,5,08:00-20:00
2026-08-10T17:13:24.781857+00:00,2026-08-10T20:13:24.781857+03:00,2854,Bülent Ecevit Kültür Merkezi Açık Otoparkı,KARTAL,40.8852,29.1967,277,266,11,AÇIK OTOPARK,1,0,10:00-21:00
2026-08-10T17:13:24.781857+00:00,2026-08-10T20:13:24.781857+03:00,2866,Büyük İstanbul Otogarı,BAYRAMPAŞA,41.0402,28.8942,1000,0,1000,AÇIK OTOPARK,1,25,24 Saat
2026-08-10T17:13:24.781857+00:00,2026-08-10T20:13:24.781857+03:00,1192,Büyükçamlıca Korusu Sosyal Tesisleri Önü,ÜSKÜDAR,41.0264,29.0698,204,112,92,AÇIK OTOPARK,1,0,08:00-00:00
2026-08-10T17:13:24.781857+00:00,2026-08-10T20:13:24.781857+03:00,2960,Büyükçekmece Metrobüs Durağı Yanı PD Zemin Altı Otopark,BÜYÜKÇEKMECE,41.0221,28.624,448,54,394,KAPALI OTOPARK,1,0,24 Saat
2026-08-10T17:13:24.781857+00:00,2026-08-10T20:13:24.781857+03:00,1503,Cadde Bostan Açık Otoparkı,KADIKÖY,40.9636,29.0675,66,17,49,AÇIK OTOPARK,1,15,24 Saat
2026-08-10T17:13:24.781857+00:00,2026-08-10T20:13:24.781857+03:00,2933,Cemal Kamacı Spor Kompleksi Zemin Altı Otoparkı,KAĞITHANE,41.0536,28.9575,510,0,510,KAPALI OTOPARK,1,0,24 Saat
2026-08-10T17:13:24.781857+00:00,2026-08-10T20:13:24.781857+03:00,2207,Cengiz Topel Yer Altı Katlı Otoparkı,ESENLER,41.0588,28.8643,144,0,144,KAPALI OTOPARK,1,15,24 Saat
2026-08-10T17:13:24.781857+00:00,2026-08-10T20:13:24.781857+03:00,2787,Cevizli Açık Otoparkı,KARTAL,40.9179,29.1712,100,86,14,AÇIK OTOPARK,0,15,08:00-19:00
2026-08-10T17:13:24.781857+00:00,2026-08-10T20:13:24.781857+03:00,782,Cihangir Caddesi 2,BEYOĞLU,41.0319,28.9862,70,1,69,YOL ÜSTÜ,0,15,09:00-19:00
2026-08-10T17:13:24.781857+00:00,2026-08-10T20:13:24.781857+03:00,1467,Cihangir Katlı Otoparkı,BEYOĞLU,41.0318,28.9858,350,0,350,KAPALI OTOPARK,1,0,24 Saat
2026-08-10T17:13:24.781857+00:00,2026-08-10T20:13:24.781857+03:00,535,Cihannuma Yol Üstü 1,BEŞİKTAŞ,41.0454,29.0084,35,1,34,YOL ÜSTÜ,1,0,08:00-23:00
2026-08-10T17:13:24.781857+00:00,2026-08-10T20:13:24.781857+03:00,537,Cihannuma Yol Üstü 3,BEŞİKTAŞ,41.0459,29.0087,33,1,32,YOL ÜSTÜ,1,0,08:00-23:00
2026-08-10T17:13:24.781857+00:00,2026-08-10T20:13:24.781857+03:00,539,Cihannuma Yol Üstü 5,BEŞİKTAŞ,41.0489,29.0094,24,1,23,YOL ÜSTÜ,1,0,08:00-23:00
2026-08-10T17:13:24.781857+00:00,2026-08-10T20:13:24.781857+03:00,3184,Çam Sokak 6,GÜNGÖREN,41.0121,28.8882,50,1,49,YOL ÜSTÜ,0,15,08:00-17:00
2026-08-10T17:13:24.781857+00:00,2026-08-10T20:13:24.781857+03:00,3030,Çekmeköy Metro PD Zemin Altı Otoparkı,ÇEKMEKÖY,41.0147,29.1886,175,58,117,KAPALI OTOPARK,1,15,24 Saat
2026-08-10T17:13:24.781857+00:00,2026-08-10T20:13:24.781857+03:00,2905,Çeliktepe Açık Otoparkı,KAĞITHANE,41.0843,29.0056,200,89,111,AÇIK OTOPARK,1,5,24 Saat
2026-08-10T17:13:24.781857+00:00,2026-08-10T20:13:24.781857+03:00,1298,Çengelköy Açık Otoparkı,ÜSKÜDAR,41.0484,29.0533,500,215,285,AÇIK OTOPARK,1,15,24 Saat
2026-08-10T17:13:24.781857+00:00,2026-08-10T20:13:24.781857+03:00,502,Çınar Açık Otoparkı,BEŞİKTAŞ,41.0853,29.0088,65,1,64,AÇIK OTOPARK,0,0,08:00-18:00
2026-08-10T17:13:24.781857+00:00,2026-08-10T20:13:24.781857+03:00,777,Çırağan Sarayı Yol Üstü 1,BEŞİKTAŞ,41.0448,29.0165,40,1,39,YOL ÜSTÜ,1,15,08:00-23:00
2026-08-10T17:13:24.781857+00:00,2026-08-10T20:13:24.781857+03:00,778,Çırağan Sarayı Yol Üstü 2,BEŞİKTAŞ,41.0445,29.0156,40,1,39,YOL ÜSTÜ,1,15,08:00-23:00
2026-08-10T17:13:24.781857+00:00,2026-08-10T20:13:24.781857+03:00,2228,Çırpıcı Sosyal Tesisler,ZEYTİNBURNU,41,28.8926,128,0,128,AÇIK OTOPARK,1,15,07:00-00:00
2026-08-10T17:13:24.781857+00:00,2026-08-10T20:13:24.781857+03:00,2030,Dalyan Açık Otoparkı,KADIKÖY,40.9632,29.0651,92,0,92,AÇIK OTOPARK,1,15,24 Saat
2026-08-10T17:13:24.781857+00:00,2026-08-10T20:13:24.781857+03:00,2271,Damla Sokak 1,ŞİŞLİ,41.0672,29.0004,17,1,16,YOL ÜSTÜ,0,15,07:30-16:30
2026-08-10T17:13:24.781857+00:00,2026-08-10T20:13:24.781857+03:00,2164,Darüşşafaka Yeraltı Otoparkı,SARIYER,41.1292,29.0252,150,136,14,KAPALI OTOPARK,1,15,08:00-00:00
2026-08-10T17:13:24.781857+00:00,2026-08-10T20:13:24.781857+03:00,1653,Deniz Feneri Otoparkı,FATİH,41.0019,28.9773,175,70,105,AÇIK OTOPARK,1,5,24 Saat
2026-08-10T17:13:24.781857+00:00,2026-08-10T20:13:24.781857+03:00,595,Dostluk Yurdu 1,FATİH,41.0071,28.973,33,33,0,YOL ÜSTÜ,0,15,07:00-17:00
2026-08-10T17:13:24.781857+00:00,2026-08-10T20:13:24.781857+03:00,2237,Dragos Sosyal Tesisleri,KARTAL,40.9017,29.1458,100,37,63,AÇIK OTOPARK,1,15,24 Saat
2026-08-10T17:13:24.781857+00:00,2026-08-10T20:13:24.781857+03:00,3063,Dudullu Metro PD Zemin Altı Otoparkı,ÜMRANİYE,41.0156,29.1633,81,61,20,KAPALI OTOPARK,1,15,07:00-23:30
2026-08-10T17:13:24.781857+00:00,2026-08-10T20:13:24.781857+03:00,1522,Ebu Suut Caddesi 1,FATİH,41.0128,28.9766,35,1,34,YOL ÜSTÜ,0,0,08:00-18:00
2026-08-10T17:13:24.781857+00:00,2026-08-10T20:13:24.781857+03:00,2147,EGS Blokları Açık Otoparkı,BAKIRKÖY,40.9863,28.8354,350,66,284,AÇIK OTOPARK,0,60,09:00-19:30
2026-08-10T17:13:24.781857+00:00,2026-08-10T20:13:24.781857+03:00,2366,Esenler Adem Baştürk Kültür Merkezi Katlı,ESENLER,41.039,28.8846,460,12,448,KAPALI OTOPARK,1,15,24 Saat
2026-08-10T17:13:24.781857+00:00,2026-08-10T20:13:24.781857+03:00,3190,Esenler Havaalanı Mahallesi Zemin Altı Otoparkı,ESENLER,41.0562,28.8674,610,347,263,KAPALI OTOPARK,1,10,24 Saat
2026-08-10T17:13:24.781857+00:00,2026-08-10T20:13:24.781857+03:00,3011,Esenler Menderes Metro İstasyonu Yanı,ESENLER,41.0427,28.8783,68,7,61,AÇIK OTOPARK,1,5,24 Saat
2026-08-10T17:13:24.781857+00:00,2026-08-10T20:13:24.781857+03:00,2822,Esenler Menderes Parkı Zemin Altı Otoparkı,ESENLER,41.0412,28.8729,325,50,275,KAPALI OTOPARK,1,10,24 Saat
2026-08-10T17:13:24.781857+00:00,2026-08-10T20:13:24.781857+03:00,3303,Esenyurt Adile Naşit Bulvarı Zeminaltı Otoparkı,ESENYURT,41.0205,28.6859,367,289,78,KAPALI OTOPARK,1,15,24 Saat
2026-08-10T17:13:24.781857+00:00,2026-08-10T20:13:24.781857+03:00,1328,Eski Salı Pazarı,KADIKÖY,40.9904,29.0338,760,0,760,AÇIK OTOPARK,1,15,24 Saat
2026-08-10T17:13:24.781857+00:00,2026-08-10T20:13:24.781857+03:00,904,Eyüp Pierloti Caddesi 1,EYÜP,41.0539,28.9329,40,1,39,YOL ÜSTÜ,1,0,09:00-22:00
2026-08-10T17:13:24.781857+00:00,2026-08-10T20:13:24.781857+03:00,2850,Eyüpsultan Akşemsettin Mahallesi Zemin Altı Otoparkı,EYÜP,41.085,28.9258,110,0,110,KAPALI OTOPARK,1,15,24 Saat
2026-08-10T17:13:24.781857+00:00,2026-08-10T20:13:24.781857+03:00,2215,Fatih Çeşmesi Tabiat Parkı Otoparkı,SARIYER,41.1686,28.9448,250,243,7,AÇIK OTOPARK,0,0,06:00-20:00
2026-08-10T17:13:24.781857+00:00,2026-08-10T20:13:24.781857+03:00,1475,Fatih Katlı Otoparkı,FATİH,41.0198,28.9396,118,9,109,KAPALI OTOPARK,1,10,24 Saat
2026-08-10T17:13:24.781857+00:00,2026-08-10T20:13:24.781857+03:00,1591,Feshane PD Açık Otoparkı,EYÜP,41.0463,28.9378,200,28,172,AÇIK OTOPARK,1,15,24 Saat
2026-08-10T17:13:24.781857+00:00,2026-08-10T20:13:24.781857+03:00,1005,Florya Havuzlu Bahçe,BAKIRKÖY,40.9764,28.7908,135,1,134,AÇIK OTOPARK,1,0,09:00-23:00
2026-08-10T17:13:24.781857+00:00,2026-08-10T20:13:24.781857+03:00,2238,Florya Sosyal Tesisleri,BAKIRKÖY,40.9614,28.8091,1074,713,361,AÇIK OTOPARK,1,15,24 Saat
2026-08-10T17:13:24.781857+00:00,2026-08-10T20:13:24.781857+03:00,1704,Gazi Umur Paşa Sokak 5,BEŞİKTAŞ,41.0589,29.0114,45,1,44,YOL ÜSTÜ,0,15,08:00-17:00
2026-08-10T17:13:24.781857+00:00,2026-08-10T20:13:24.781857+03:00,3296,Gaziosmanpaşa Meydanı ve Yaşam Merkezi Zemin Altı Otoparkı,GAZİOSMANPAŞA,41.0606,28.9093,202,0,202,KAPALI OTOPARK,1,15,24 Saat
2026-08-10T17:13:24.781857+00:00,2026-08-10T20:13:24.781857+03:00,2971,Gaziosmanpaşa Zemin Altı Otoparkı,GAZİOSMANPAŞA,41.0796,28.8858,285,0,285,KAPALI OTOPARK,1,0,24 Saat
2026-08-10T17:13:24.781857+00:00,2026-08-10T20:13:24.781857+03:00,3401,Giyimkent Tekstilkent Metro Zemin Altı PD Otoparkı,ESENLER,41.0711,28.8666,203,183,20,KAPALI OTOPARK,1,10,24 Saat
2026-08-10T17:13:24.781857+00:00,2026-08-10T20:13:24.781857+03:00,2242,Gözdağı Sosyal Tesisler  Açık Otoparkı,PENDİK,40.893,29.2538,300,216,84,AÇIK OTOPARK,1,0,07:00-23:00
2026-08-10T17:13:24.781857+00:00,2026-08-10T20:13:24.781857+03:00,1879,Gülsuyu Metro PD Yer Altı Otoparkı,MALTEPE,40.9237,29.1548,76,0,76,KAPALI OTOPARK,1,15,08:00-00:00
2026-08-10T17:13:24.781857+00:00,2026-08-10T20:13:24.781857+03:00,1423,Güneş Plajı 1,BAKIRKÖY,40.9712,28.79,250,161,89,AÇIK OTOPARK,1,10,24 Saat
2026-08-10T17:13:24.781857+00:00,2026-08-10T20:13:24.781857+03:00,1461,Güneş Plajı 2,BAKIRKÖY,40.9692,28.7951,135,45,90,AÇIK OTOPARK,0,10,08:00-20:00
2026-08-10T17:13:24.781857+00:00,2026-08-10T20:13:24.781857+03:00,3053,Güngören Nikah Dairesi Zemin Altı otoparkı,GÜNGÖREN,41.0363,28.8718,147,0,147,KAPALI OTOPARK,1,10,24 Saat
2026-08-10T17:13:24.781857+00:00,2026-08-10T20:13:24.781857+03:00,2216,Gürpınar Balık Hali Otoparkı,BEYLİKDÜZÜ,40.9663,28.6019,1000,783,217,AÇIK OTOPARK,1,15,24 Saat
2026-08-10T17:13:24.781857+00:00,2026-08-10T20:13:24.781857+03:00,1525,Hacıosman Metro Yer Altı Otoparkı,SARIYER,41.14,29.0306,422,285,137,KAPALI OTOPARK,1,15,24 Saat
2026-08-10T17:13:24.781857+00:00,2026-08-10T20:13:24.781857+03:00,1470,Haldun Alagaş Katlı Otoparkı,ÜMRANİYE,41.0262,29.1052,197,113,84,KAPALI OTOPARK,1,15,24 Saat
2026-08-10T17:13:24.781857+00:00,2026-08-10T20:13:24.781857+03:00,3235,Haliç Sosyal Tesisleri Otoparkı,FATİH,41.0277,28.9572,60,6,54,AÇIK OTOPARK,1,15,07:00-00:00
2026-08-10T17:13:24.781857+00:00,2026-08-10T20:13:24.781857+03:00,2848,Halkalı Mahallesi Zemin Altı Otoparkı,KÜÇÜKÇEKMECE,41.0359,28.7848,347,264,83,KAPALI OTOPARK,1,15,24 Saat
2026-08-10T17:13:24.781857+00:00,2026-08-10T20:13:24.781857+03:00,2838,Hamidiye Mahallesi Katlı Otoparkı,KAĞITHANE,41.0949,28.971,450,186,264,KAPALI OTOPARK,1,15,24 Saat
2026-08-10T17:13:24.781857+00:00,2026-08-10T20:13:24.781857+03:00,1446,Harbiye Zemin Altı Otoparkı,BEYOĞLU,41.0408,28.9869,142,74,68,KAPALI OTOPARK,1,5,24 Saat
2026-08-10T17:13:24.781857+00:00,2026-08-10T20:13:24.781857+03:00,2332,Haydarpaşa Katlı Otoparkı,ÜSKÜDAR,41.0048,29.0251,840,722,118,KAPALI OTOPARK,1,15,24 Saat
2026-08-10T17:13:24.781857+00:00,2026-08-10T20:13:24.781857+03:00,1987,Haznedar Yer Altı Otoparkı,GÜNGÖREN,41.0083,28.8729,540,0,540,KAPALI OTOPARK,1,0,24 Saat
2026-08-10T17:13:24.781857+00:00,2026-08-10T20:13:24.781857+03:00,377,Hızır Külhani Sokak,FATİH,41.0202,28.9605,32,1,31,YOL ÜSTÜ,0,15,09:00-17:00
2026-08-10T17:13:24.781857+00:00,2026-08-10T20:13:24.781857+03:00,3173,Hürriyet Mahallesi Zeminaltı Otoparkı,GAZİOSMANPAŞA,41.0708,28.8951,190,0,190,KAPALI OTOPARK,1,15,24 Saat
2026-08-10T17:13:24.781857+00:00,2026-08-10T20:13:24.781857+03:00,157,Ihlamur Dere Caddesi 4,BEŞİKTAŞ,41.047,29.0023,27,27,0,YOL ÜSTÜ,0,15,09:00-17:00
2026-08-10T17:13:24.781857+00:00,2026-08-10T20:13:24.781857+03:00,1189,İçerenköy Sebze Meyve Hali Otoparkı,ATAŞEHİR,40.9766,29.1044,600,599,1,AÇIK OTOPARK,1,15,24 Saat
2026-08-10T17:13:24.781857+00:00,2026-08-10T20:13:24.781857+03:00,1127,İshakpaşa Caddesi,FATİH,41.0079,28.9814,200,1,199,YOL ÜSTÜ,0,0,08:00-18:00
2026-08-10T17:13:24.781857+00:00,2026-08-10T20:13:24.781857+03:00,3265,İspark İstanbul West Marina Açık Otoparkı 1,BEYLİKDÜZÜ,40.9636,28.6564,250,1,249,AÇIK OTOPARK,1,15,24 Saat
2026-08-10T17:13:24.781857+00:00,2026-08-10T20:13:24.781857+03:00,2793,İspark Merter Katlı Otoparkı,GÜNGÖREN,41.0097,28.89,900,466,434,KAPALI OTOPARK,1,10,24 Saat
2026-08-10T17:13:24.781857+00:00,2026-08-10T20:13:24.781857+03:00,2430,İspark West İstanbul Marina Açık Otoparkı,BEYLİKDÜZÜ,40.9639,28.6591,1600,963,637,AÇIK OTOPARK,1,15,24 Saat
2026-08-10T17:13:24.781857+00:00,2026-08-10T20:13:24.781857+03:00,381,İstinye 4 ( Cami Önü ),SARIYER,41.1149,29.0571,25,1,24,YOL ÜSTÜ,0,15,08:30-17:30
2026-08-10T17:13:24.781857+00:00,2026-08-10T20:13:24.781857+03:00,1804,İtalyan Hastanesi Karşısı Açık Otoparkı 1,BEYOĞLU,41.028,28.9815,30,1,29,AÇIK OTOPARK,0,0,08:00-19:00
2026-08-10T17:13:24.781857+00:00,2026-08-10T20:13:24.781857+03:00,507,Kabasakal Medrese Önü,FATİH,41.0062,28.9789,65,1,64,AÇIK OTOPARK,0,0,08:00-18:30
2026-08-10T17:13:24.781857+00:00,2026-08-10T20:13:24.781857+03:00,3306,Kabataş Transfer Merkezi Turizm Otobüs Otoparkı,BEYOĞLU,41.0336,28.9923,160,38,122,KAPALI OTOPARK,1,20,24 Saat
2026-08-10T17:13:24.781857+00:00,2026-08-10T20:13:24.781857+03:00,2918,Kadıköy Hasanpaşa Gazhane Katlı Otoparkı,KADIKÖY,40.9972,29.0428,310,196,114,KAPALI OTOPARK,1,15,24 Saat
2026-08-10T17:13:24.781857+00:00,2026-08-10T20:13:24.781857+03:00,1447,Kadıköy İski Açık Otoparkı,KADIKÖY,40.9874,29.0207,124,14,110,AÇIK OTOPARK,1,15,24 Saat
2026-08-10T17:13:24.781857+00:00,2026-08-10T20:13:24.781857+03:00,1655,Kadıköy Metro Açık Otoparkı,KADIKÖY,40.9899,29.0217,74,0,74,AÇIK OTOPARK,1,15,24 Saat
2026-08-10T17:13:24.781857+00:00,2026-08-10T20:13:24.781857+03:00,3445,Kadıköy Uzunçayır PD Açık Otoparkı,KADIKÖY,40.9982,29.0569,70,42,28,AÇIK OTOPARK,0,15,06:30-16:30
2026-08-10T17:13:24.781857+00:00,2026-08-10T20:13:24.781857+03:00,2808,Kadıköy Yeni Salı Pazarı PD Katlı Otoparkı,KADIKÖY,40.9969,29.0486,1350,626,724,KAPALI OTOPARK,1,15,24 Saat
2026-08-10T17:13:24.781857+00:00,2026-08-10T20:13:24.781857+03:00,2811,Kağıthane Harmantepe Zemin Altı Otoparkı,KAĞITHANE,41.0816,28.9907,200,0,200,KAPALI OTOPARK,1,0,24 Saat
2026-08-10T17:13:24.781857+00:00,2026-08-10T20:13:24.781857+03:00,1452,Kalamış Açık Otoparkı,KADIKÖY,40.9687,29.0363,173,45,128,AÇIK OTOPARK,1,15,24 Saat
2026-08-10T17:13:24.781857+00:00,2026-08-10T20:13:24.781857+03:00,1474,Kartal Hasan Doğan Spor Kompleksi,KARTAL,40.8918,29.1897,773,0,773,KAPALI OTOPARK,1,15,24 Saat
2026-08-10T17:13:24.781857+00:00,2026-08-10T20:13:24.781857+03:00,1105,Kartal İdo Açık Otoparkı,KARTAL,40.8874,29.1881,90,0,90,AÇIK OTOPARK,1,15,24 Saat
2026-08-10T17:13:24.781857+00:00,2026-08-10T20:13:24.781857+03:00,1550,Kartal Sahil Açık Otoparkı,KARTAL,40.8875,29.1901,75,49,26,AÇIK OTOPARK,1,5,24 Saat
2026-08-10T17:13:24.781857+00:00,2026-08-10T20:13:24.781857+03:00,3434,Kasımpaşa Sosyal Tesisler Otoparkı,BEYOĞLU,41.0296,28.9673,60,37,23,AÇIK OTOPARK,1,0,07:30-23:00
2026-08-10T17:13:24.781857+00:00,2026-08-10T20:13:24.781857+03:00,1960,Kazlıçeşme Marmaray Açık Otoparkı,ZEYTİNBURNU,40.9922,28.917,700,597,103,AÇIK OTOPARK,1,15,24 Saat
2026-08-10T17:13:24.781857+00:00,2026-08-10T20:13:24.781857+03:00,2994,Kirazlı Metro Durağı PD Açık Otoparkı,BAĞCILAR,41.033,28.8429,112,0,112,AÇIK OTOPARK,1,5,24 Saat
2026-08-10T17:13:24.781857+00:00,2026-08-10T20:13:24.781857+03:00,1528,Kore Şehitleri Caddesi - Yüzbaşı Kaya Aldağon Sokak 1,ŞİŞLİ,41.0719,29.0139,40,1,39,YOL ÜSTÜ,0,15,07:00-16:00
2026-08-10T17:13:24.781857+00:00,2026-08-10T20:13:24.781857+03:00,2449,Kozyatağı Sebze-Meyve Hali,ATAŞEHİR,40.9787,29.1029,1500,1500,0,AÇIK OTOPARK,1,0,24 Saat
2026-08-10T17:13:24.781857+00:00,2026-08-10T20:13:24.781857+03:00,113,Kurtuluş Caddesi 4,ŞİŞLİ,41.051,28.983,45,1,44,YOL ÜSTÜ,0,15,08:00-18:00
2026-08-10T17:13:24.781857+00:00,2026-08-10T20:13:24.781857+03:00,1206,Kutlugün Sokak 2,FATİH,41.0061,28.9801,200,1,199,YOL ÜSTÜ,0,0,08:00-18:00
2026-08-10T17:13:24.781857+00:00,2026-08-10T20:13:24.781857+03:00,3074,Küçük Çamlıca,ÜSKÜDAR,41.0204,29.0653,129,106,23,AÇIK OTOPARK,1,0,08:00-22:00
2026-08-10T17:13:24.781857+00:00,2026-08-10T20:13:24.781857+03:00,3127,Küçükçekmece Cennet Mahallesi Meydan Zemin Altı Otoparkı,KÜÇÜKÇEKMECE,40.9907,28.783,456,0,456,KAPALI OTOPARK,1,10,24 Saat
2026-08-10T17:13:24.781857+00:00,2026-08-10T20:13:24.781857+03:00,2554,Küçükçekmece Fevzi Çakmak Meydanı Zemin Altı Otoparkı,KÜÇÜKÇEKMECE,41.0076,28.7927,1000,514,486,KAPALI OTOPARK,1,10,24 Saat
2026-08-10T17:13:24.781857+00:00,2026-08-10T20:13:24.781857+03:00,2882,Küçüksu Kasrı Açık Otoparkı,BEYKOZ,41.0789,29.0657,98,90,8,AÇIK OTOPARK,1,0,07:00-23:00
2026-08-10T17:13:24.781857+00:00,2026-08-10T20:13:24.781857+03:00,220,Levent Hamidiye,BEŞİKTAŞ,41.0861,29.0076,100,1,99,AÇIK OTOPARK,0,0,08:00-19:00
2026-08-10T17:13:24.781857+00:00,2026-08-10T20:13:24.781857+03:00,1138,Levent Metro Yer Altı Otoparkı,BEŞİKTAŞ,41.0811,29.0105,100,100,0,AÇIK OTOPARK,0,5,07:30-19:30
2026-08-10T17:13:24.781857+00:00,2026-08-10T20:13:24.781857+03:00,2335,Maçka Açık Otoparkı,ŞİŞLİ,41.046,28.9908,75,74,1,AÇIK OTOPARK,1,0,24 Saat
2026-08-10T17:13:24.781857+00:00,2026-08-10T20:13:24.781857+03:00,1859,Maçka Katlı Otoparkı,ŞİŞLİ,41.0484,28.9903,508,0,508,KAPALI OTOPARK,1,0,24 Saat
2026-08-10T17:13:24.781857+00:00,2026-08-10T20:13:24.781857+03:00,3193,Maltepe Rıhtım Caddesi Açık Otoparkı,MALTEPE,40.9258,29.1241,76,4,72,AÇIK OTOPARK,1,0,24 Saat
2026-08-10T17:13:24.781857+00:00,2026-08-10T20:13:24.781857+03:00,2146,Maltepe Süreyyapaşa Çarşısı Açık Otoparkı,MALTEPE,40.9274,29.1225,156,38,118,AÇIK OTOPARK,1,0,24 Saat
2026-08-10T17:13:24.781857+00:00,2026-08-10T20:13:24.781857+03:00,1599,Maslak Açık Otoparkı,SARIYER,41.1166,29.024,150,125,25,AÇIK OTOPARK,1,10,24 Saat
2026-08-10T17:13:24.781857+00:00,2026-08-10T20:13:24.781857+03:00,2100,Matbaacılar Sitesi Yanı,ZEYTİNBURNU,41.0234,28.9187,250,208,42,AÇIK OTOPARK,1,5,24 Saat
2026-08-10T17:13:24.781857+00:00,2026-08-10T20:13:24.781857+03:00,920,Meclis-i Mebusan Yokuşu 2,BEYOĞLU,41.0326,28.9882,34,1,33,YOL ÜSTÜ,0,15,09:00-17:00
2026-08-10T17:13:24.781857+00:00,2026-08-10T20:13:24.781857+03:00,1546,Menekşe Plajı Açık Otoparkı,BAKIRKÖY,40.9761,28.7766,200,199,1,AÇIK OTOPARK,1,0,24 Saat
2026-08-10T17:13:24.781857+00:00,2026-08-10T20:13:24.781857+03:00,1376,Mercan Açık,FATİH,41.0136,28.9669,130,109,21,AÇIK OTOPARK,1,0,08:00-23:00
2026-08-10T17:13:24.781857+00:00,2026-08-10T20:13:24.781857+03:00,3309,Mercan Ali Paşa Sarayı Zemin Altı Otoparkı,FATİH,41.0136,28.967,196,1,195,KAPALI OTOPARK,1,0,07:00-21:00
2026-08-10T17:13:24.781857+00:00,2026-08-10T20:13:24.781857+03:00,1472,Merter Katlı Otoparkı,GÜNGÖREN,41.0092,28.8874,1000,901,99,KAPALI OTOPARK,1,10,24 Saat
2026-08-10T17:13:24.781857+00:00,2026-08-10T20:13:24.781857+03:00,2375,Merter Metro PD Zeminaltı Otoparkı,GÜNGÖREN,41.0037,28.8897,242,94,148,KAPALI OTOPARK,1,10,24 Saat
2026-08-10T17:13:24.781857+00:00,2026-08-10T20:13:24.781857+03:00,1568,Mete Caddesi 1,BEYOĞLU,41.0382,28.9879,31,1,30,YOL ÜSTÜ,1,15,08:00-23:00
2026-08-10T17:13:24.781857+00:00,2026-08-10T20:13:24.781857+03:00,1471,Mevlana Yeraltı Katlı Otoparkı,ZEYTİNBURNU,41.0072,28.9049,1000,875,125,KAPALI OTOPARK,1,5,24 Saat
2026-08-10T17:13:24.781857+00:00,2026-08-10T20:13:24.781857+03:00,2709,Millet Caddesi Açık Otoparkı,FATİH,41.01,28.9461,60,1,59,AÇIK OTOPARK,1,15,24 Saat
2026-08-10T17:13:24.781857+00:00,2026-08-10T20:13:24.781857+03:00,3152,Mimar Sinan Zemin Altı Otoparkı,ÜSKÜDAR,41.0222,29.0169,956,16,940,KAPALI OTOPARK,1,15,24 Saat
2026-08-10T17:13:24.781857+00:00,2026-08-10T20:13:24.781857+03:00,2870,Miniatürk Çadır Açık Otoparkı,BEYOĞLU,41.0594,28.9501,250,99,151,AÇIK OTOPARK,0,15,07:00-20:00
2026-08-10T17:13:24.781857+00:00,2026-08-10T20:13:24.781857+03:00,2556,Muallim Naci Açık Otoparkı,BEŞİKTAŞ,41.0561,29.0342,35,20,15,AÇIK OTOPARK,1,15,24 Saat
2026-08-10T17:13:24.781857+00:00,2026-08-10T20:13:24.781857+03:00,569,Oda Kule Önü 1,BEYOĞLU,41.0322,28.9751,24,1,23,YOL ÜSTÜ,1,0,07:00-01:00
2026-08-10T17:13:24.781857+00:00,2026-08-10T20:13:24.781857+03:00,1988,Orhangazi Şehir Parkı PD Açık Otoparkı,MALTEPE,40.9313,29.1161,5022,3824,1198,AÇIK OTOPARK,1,15,24 Saat
2026-08-10T17:13:24.781857+00:00,2026-08-10T20:13:24.781857+03:00,152,Ortabahçe Caddesi 2,BEŞİKTAŞ,41.0428,29.0043,35,35,0,YOL ÜSTÜ,1,15,08:00-23:00
2026-08-10T17:13:24.781857+00:00,2026-08-10T20:13:24.781857+03:00,153,Ortabahçe Caddesi 3,BEŞİKTAŞ,41.043,29.0042,26,1,25,YOL ÜSTÜ,1,15,08:00-23:00
2026-08-10T17:13:24.781857+00:00,2026-08-10T20:13:24.781857+03:00,119,Ortaklar Caddesi 1,ŞİŞLİ,41.0638,28.9971,25,1,24,YOL ÜSTÜ,0,15,08:30-17:00
2026-08-10T17:13:24.781857+00:00,2026-08-10T20:13:24.781857+03:00,1343,Ortaköy Açık Otoparkı,BEŞİKTAŞ,41.0504,29.0326,170,141,29,AÇIK OTOPARK,1,0,24 Saat
2026-08-10T17:13:24.781857+00:00,2026-08-10T20:13:24.781857+03:00,572,Ortaköy Portakal Yokuşu 1,BEŞİKTAŞ,41.0503,29.0261,15,1,14,YOL ÜSTÜ,0,15,09:00-19:00
2026-08-10T17:13:24.781857+00:00,2026-08-10T20:13:24.781857+03:00,1039,Öğretmen Evi,AVCILAR,40.9723,28.714,80,41,39,AÇIK OTOPARK,1,0,11:00-23:00
2026-08-10T17:13:24.781857+00:00,2026-08-10T20:13:24.781857+03:00,1466,Pendik Katlı Otoparkı,PENDİK,40.8789,29.2342,120,0,120,KAPALI OTOPARK,1,15,24 Saat
2026-08-10T17:13:24.781857+00:00,2026-08-10T20:13:24.781857+03:00,3073,Pendik Kemal Kalkuz Parkı Zemin Altı Otoparkı,PENDİK,40.8885,29.2427,224,0,224,KAPALI OTOPARK,0,0,09:00-18:00
2026-08-10T17:13:24.781857+00:00,2026-08-10T20:13:24.781857+03:00,3019,Pendik Meydan Zemin Altı Otoparkı,PENDİK,40.8752,29.2324,937,0,937,KAPALI OTOPARK,1,0,24 Saat
2026-08-10T17:13:24.781857+00:00,2026-08-10T20:13:24.781857+03:00,2865,Pendik Sahil Engelliler Merkez Önü,PENDİK,40.8735,29.233,100,66,34,AÇIK OTOPARK,0,0,11:00-20:00
2026-08-10T17:13:24.781857+00:00,2026-08-10T20:13:24.781857+03:00,2434,Pendik Sahil İdo,PENDİK,40.8755,29.2369,100,0,100,AÇIK OTOPARK,1,0,07:00-23:00
2026-08-10T17:13:24.781857+00:00,2026-08-10T20:13:24.781857+03:00,248,Pendik Yenimahalle Açık 2 Otoparkı,PENDİK,40.864,29.2723,124,108,16,AÇIK OTOPARK,1,15,10:00-22:00
2026-08-10T17:13:24.781857+00:00,2026-08-10T20:13:24.781857+03:00,297,Perşembe Pazarı 1,BEYOĞLU,41.0252,28.9693,32,1,31,YOL ÜSTÜ,0,15,08:00-17:00
2026-08-10T17:13:24.781857+00:00,2026-08-10T20:13:24.781857+03:00,597,Pierre Loti Caddesi 3,FATİH,41.0069,28.9711,36,1,35,YOL ÜSTÜ,0,0,07:00-17:00
2026-08-10T17:13:24.781857+00:00,2026-08-10T20:13:24.781857+03:00,3263,Piyalepaşa Meydanı Zemin Altı Otoparkı,BEYOĞLU,41.0445,28.9674,560,275,285,KAPALI OTOPARK,1,0,24 Saat
2026-08-10T17:13:24.781857+00:00,2026-08-10T20:13:24.781857+03:00,1900,Ragıp Gümüşpala Cad.(Sobacılar Önü),FATİH,41.0181,28.969,40,1,39,YOL ÜSTÜ,0,15,07:00-18:00
2026-08-10T17:13:24.781857+00:00,2026-08-10T20:13:24.781857+03:00,415,Ragıp Gümüşpala Camii Önü 1,FATİH,41.0211,28.9627,35,1,34,YOL ÜSTÜ,0,0,07:00-17:30
2026-08-10T17:13:24.781857+00:00,2026-08-10T20:13:24.781857+03:00,3268,Refik Saydam Caddesi 3,BEYOĞLU,41.032,28.9736,55,1,54,YOL ÜSTÜ,1,0,06:00-23:00
2026-08-10T17:13:24.781857+00:00,2026-08-10T20:13:24.781857+03:00,2307,Ressam Halim Sokak PD Açık Otoparkı,BAHÇELİEVLER,40.9967,28.8641,120,95,25,AÇIK OTOPARK,1,15,08:00-00:00
2026-08-10T17:13:24.781857+00:00,2026-08-10T20:13:24.781857+03:00,3082,Rumeli Hisarı Sahil Yolu Otoparkı,SARIYER,41.0854,29.0568,20,0,20,AÇIK OTOPARK,1,0,24 Saat
2026-08-10T17:13:24.781857+00:00,2026-08-10T20:13:24.781857+03:00,1595,Sabiha Gökçen Açık Otoparkı,PENDİK,40.925,29.308,1056,241,815,AÇIK OTOPARK,1,15,24 Saat
2026-08-10T17:13:24.781857+00:00,2026-08-10T20:13:24.781857+03:00,3239,Samatya Sahil Cep Otoparkı,FATİH,40.9954,28.932,113,104,9,AÇIK OTOPARK,1,15,24 Saat
2026-08-10T17:13:24.781857+00:00,2026-08-10T20:13:24.781857+03:00,3273,Sarıyer Büyükdere Fidanlığı,SARIYER,41.1548,29.0268,160,155,5,AÇIK OTOPARK,0,0,08:00-18:00
2026-08-10T17:13:24.781857+00:00,2026-08-10T20:13:24.781857+03:00,3299,Sariyer Ayazağa Mah Vadi İstanbul Önü Açık Otoparkı,SARIYER,41.1106,28.9881,100,96,4,AÇIK OTOPARK,0,0,08:00-20:00
2026-08-10T17:13:24.781857+00:00,2026-08-10T20:13:24.781857+03:00,1303,Seyrantepe Katlı (Arena Karşısı) 1,KAĞITHANE,41.101,28.9961,1897,1897,0,KAPALI OTOPARK,1,0,24 Saat
2026-08-10T17:13:24.781857+00:00,2026-08-10T20:13:24.781857+03:00,1628,Sıracevizler Caddesi Yol Üstü 5,ŞİŞLİ,41.0607,28.9841,45,1,44,YOL ÜSTÜ,0,15,09:00-17:00
2026-08-10T17:13:24.781857+00:00,2026-08-10T20:13:24.781857+03:00,464,Sirkeci Gar Önü,FATİH,41.015,28.9761,60,1,59,AÇIK OTOPARK,0,5,07:00-20:00
2026-08-10T17:13:24.781857+00:00,2026-08-10T20:13:24.781857+03:00,1486,Siyavuşpaşa Yer Altı Otoparkı,BAHÇELİEVLER,40.9965,28.8532,155,0,155,KAPALI OTOPARK,1,0,24 Saat
2026-08-10T17:13:24.781857+00:00,2026-08-10T20:13:24.781857+03:00,1958,Soğanlık Metro PD Açık Otoparkı,KARTAL,40.9131,29.1925,898,870,28,AÇIK OTOPARK,1,15,24 Saat
2026-08-10T17:13:24.781857+00:00,2026-08-10T20:13:24.781857+03:00,589,Su Terazisi Sokak,FATİH,41.0046,28.9727,22,1,21,YOL ÜSTÜ,0,0,07:30-17:00
2026-08-10T17:13:24.781857+00:00,2026-08-10T20:13:24.781857+03:00,1478,Suadiye Cep Açık Otoparkı,KADIKÖY,40.9586,29.0732,130,39,91,AÇIK OTOPARK,1,15,24 Saat
2026-08-10T17:13:24.781857+00:00,2026-08-10T20:13:24.781857+03:00,2948,Suadiye Sahil Açık Otoparkı,KADIKÖY,40.9562,29.0797,70,0,70,AÇIK OTOPARK,1,5,24 Saat
2026-08-10T17:13:24.781857+00:00,2026-08-10T20:13:24.781857+03:00,2799,Sultanbeyli Emir Caddesi Zemin Altı Otoparkı,SULTANBEYLİ,40.9707,29.2606,130,116,14,KAPALI OTOPARK,1,15,08:00-22:00
2026-08-10T17:13:24.781857+00:00,2026-08-10T20:13:24.781857+03:00,2372,Sultanbeyli Kent Meydanı Zemin Altı Otoparkı,SULTANBEYLİ,40.9667,29.2667,300,174,126,KAPALI OTOPARK,1,15,24 Saat
2026-08-10T17:13:24.781857+00:00,2026-08-10T20:13:24.781857+03:00,2410,Sultangazi Zemin Altı Otoparkı,SULTANGAZİ,41.0944,28.8649,104,0,104,KAPALI OTOPARK,1,10,24 Saat
2026-08-10T17:13:24.781857+00:00,2026-08-10T20:13:24.781857+03:00,2085,Süleyman Seba Caddesi 2,BEŞİKTAŞ,41.0426,28.9998,40,1,39,YOL ÜSTÜ,0,15,08:00-18:00
2026-08-10T17:13:24.781857+00:00,2026-08-10T20:13:24.781857+03:00,2088,Süleyman Seba Caddesi 5,BEŞİKTAŞ,41.0432,28.9978,40,1,39,YOL ÜSTÜ,0,15,08:00-18:00
2026-08-10T17:13:24.781857+00:00,2026-08-10T20:13:24.781857+03:00,2089,Süleyman Seba Caddesi 6,BEŞİKTAŞ,41.0435,28.9967,11,1,10,YOL ÜSTÜ,0,15,08:00-18:00
2026-08-10T17:13:24.781857+00:00,2026-08-10T20:13:24.781857+03:00,2391,Süleymaniye Cami Altı Açık Otoparkı,FATİH,41.0158,28.961,250,235,15,AÇIK OTOPARK,0,0,06:30-18:30
2026-08-10T17:13:24.781857+00:00,2026-08-10T20:13:24.781857+03:00,1730,Sütlüce Miniatürk Yanı,BEYOĞLU,41.057,28.95,320,185,135,AÇIK OTOPARK,1,15,24 Saat
2026-08-10T17:13:24.781857+00:00,2026-08-10T20:13:24.781857+03:00,36,Şakayık Sokak 4,ŞİŞLİ,41.0518,28.9936,50,1,49,YOL ÜSTÜ,0,15,08:00-16:00
2026-08-10T17:13:24.781857+00:00,2026-08-10T20:13:24.781857+03:00,1469,Şehit Volkan Duysak Katlı Otoparkı,ZEYTİNBURNU,40.9968,28.9039,1000,681,319,KAPALI OTOPARK,1,5,24 Saat
2026-08-10T17:13:24.781857+00:00,2026-08-10T20:13:24.781857+03:00,2855,Şemsipaşa Açık Otoparkı,ÜSKÜDAR,41.0255,29.0097,80,32,48,AÇIK OTOPARK,1,0,24 Saat
2026-08-10T17:13:24.781857+00:00,2026-08-10T20:13:24.781857+03:00,2439,Şirinevler Meydan Zeminaltı Otoparkı,BAHÇELİEVLER,40.9925,28.8496,367,66,301,KAPALI OTOPARK,1,0,24 Saat
2026-08-10T17:13:24.781857+00:00,2026-08-10T20:13:24.781857+03:00,3400,Şişhane Refik Saydam Caddesi 2 Yol Üstü Otoparkı 1,BEYOĞLU,41.0326,28.9743,70,1,69,YOL ÜSTÜ,1,15,06:00-23:00
2026-08-10T17:13:24.781857+00:00,2026-08-10T20:13:24.781857+03:00,3441,Şişli Kuştepe Zemin Altı Otoparkı,ŞİŞLİ,41.072,28.9919,430,332,98,KAPALI OTOPARK,1,15,24 Saat
2026-08-10T17:13:24.781857+00:00,2026-08-10T20:13:24.781857+03:00,2816,Şişli Rumeli Caddesi Metro Yanı 1,ŞİŞLİ,41.0538,28.9868,45,1,44,YOL ÜSTÜ,0,15,08:00-20:00
2026-08-10T17:13:24.781857+00:00,2026-08-10T20:13:24.781857+03:00,2406,Şişli Zemin Altı Otoparkı,ŞİŞLİ,41.0641,28.9992,581,394,187,KAPALI OTOPARK,1,15,24 Saat
2026-08-10T17:13:24.781857+00:00,2026-08-10T20:13:24.781857+03:00,1993,Tuzla İdo,TUZLA,40.8149,29.3039,300,113,187,AÇIK OTOPARK,1,15,24 Saat
2026-08-10T17:13:24.781857+00:00,2026-08-10T20:13:24.781857+03:00,3332,Tuzla Sahil Cep,TUZLA,40.8168,29.2992,50,39,11,AÇIK OTOPARK,1,0,08:00-00:00
2026-08-10T17:13:24.781857+00:00,2026-08-10T20:13:24.781857+03:00,3057,Tuzla Sahil Zemin Altı Otoparkı,TUZLA,40.8181,29.3004,779,1,778,KAPALI OTOPARK,1,15,24 Saat
2026-08-10T17:13:24.781857+00:00,2026-08-10T20:13:24.781857+03:00,1811,Ulu Camii Açık Otoparkı,BAHÇELİEVLER,40.9982,28.8499,150,115,35,AÇIK OTOPARK,1,10,24 Saat
2026-08-10T17:13:24.781857+00:00,2026-08-10T20:13:24.781857+03:00,2424,Uzunçayır Açık Otoparkı,KADIKÖY,40.9988,29.0556,58,52,6,AÇIK OTOPARK,0,0,06:00-16:00
2026-08-10T17:13:24.781857+00:00,2026-08-10T20:13:24.781857+03:00,1468,Ümraniye Katlı Otoparkı,ÜMRANİYE,41.0261,29.0953,665,495,170,KAPALI OTOPARK,1,15,24 Saat
2026-08-10T17:13:24.781857+00:00,2026-08-10T20:13:24.781857+03:00,2898,Ümraniye Okan Sokak Zeminaltı Otoparkı,ÜMRANİYE,41.0284,29.0907,125,31,94,KAPALI OTOPARK,1,15,24 Saat
2026-08-10T17:13:24.781857+00:00,2026-08-10T20:13:24.781857+03:00,2345,Üsküdar Uzunçayır PD Açık Otoparkı,ÜSKÜDAR,40.9988,29.0577,90,84,6,AÇIK OTOPARK,1,15,06:00-22:00
2026-08-10T17:13:24.781857+00:00,2026-08-10T20:13:24.781857+03:00,1929,Üsküdar Ünalan Açık Otoparkı,ÜSKÜDAR,40.9979,29.0604,180,175,5,AÇIK OTOPARK,0,0,07:00-17:00
2026-08-10T17:13:24.781857+00:00,2026-08-10T20:13:24.781857+03:00,1487,Vatan Caddesi PD Açık Otoparkı,FATİH,41.0157,28.9405,397,327,70,AÇIK OTOPARK,1,5,24 Saat
2026-08-10T17:13:24.781857+00:00,2026-08-10T20:13:24.781857+03:00,2441,Yalı Açık Otoparkı,MALTEPE,40.9095,29.137,85,81,4,AÇIK OTOPARK,1,0,07:30-22:00
2026-08-10T17:13:24.781857+00:00,2026-08-10T20:13:24.781857+03:00,459,Yalı Köşkü Caddesi 1,FATİH,41.0163,28.9759,61,1,60,YOL ÜSTÜ,1,5,07:00-21:00
2026-08-10T17:13:24.781857+00:00,2026-08-10T20:13:24.781857+03:00,2037,Yenikapı Marmaray Büyük Otoparkı,FATİH,41.0057,28.9505,324,194,130,AÇIK OTOPARK,1,15,24 Saat
2026-08-10T17:13:24.781857+00:00,2026-08-10T20:13:24.781857+03:00,2036,Yenikapı Marmaray Küçük Otoparkı,FATİH,41.0064,28.9504,200,183,17,AÇIK OTOPARK,1,15,07:00-22:00
2026-08-10T17:13:24.781857+00:00,2026-08-10T20:13:24.781857+03:00,2175,Yenikapı Spor ve Kültür Merkezi PD Açık Otoparkı,FATİH,41.0006,28.9519,4023,3695,328,AÇIK OTOPARK,1,15,24 Saat
2026-08-10T17:13:24.781857+00:00,2026-08-10T20:13:24.781857+03:00,2805,Yenikapı Tünel Üstü Açık Otoparkı,FATİH,41.0029,28.9534,700,585,115,AÇIK OTOPARK,1,10,24 Saat
2026-08-10T17:13:24.781857+00:00,2026-08-10T20:13:24.781857+03:00,3404,Yenimahalle Metro Zemin Altı PD Otoparkı,GAZİOSMANPAŞA,41.0839,28.8926,114,94,20,KAPALI OTOPARK,1,15,24 Saat
2026-08-10T17:13:24.781857+00:00,2026-08-10T20:13:24.781857+03:00,2920,Yeşilce Zemin Altı Katlı Otoparkı,KAĞITHANE,41.0938,29.0017,676,34,642,KAPALI OTOPARK,1,0,24 Saat
2026-08-10T17:13:24.781857+00:00,2026-08-10T20:13:24.781857+03:00,987,Yeşilköy İstasyon Caddesi 1,BAKIRKÖY,40.962,28.825,40,1,39,YOL ÜSTÜ,0,15,09:00-17:30
2026-08-10T17:13:24.781857+00:00,2026-08-10T20:13:24.781857+03:00,974,Yeşilköy Marina 1,BAKIRKÖY,40.9576,28.8233,145,1,144,YOL ÜSTÜ,1,0,12:00-23:00
2026-08-10T17:13:24.781857+00:00,2026-08-10T20:13:24.781857+03:00,3406,Yeşilpınar Metro Zemin Altı PD Otoparkı,EYÜP,41.081,28.9204,269,195,74,KAPALI OTOPARK,1,15,24 Saat
2026-08-10T17:13:24.781857+00:00,2026-08-10T20:13:24.781857+03:00,315,Yeşilyurt Çarşı 1,BAKIRKÖY,40.9643,28.8379,50,1,49,YOL ÜSTÜ,0,15,09:00-17:30
2026-08-10T17:13:24.781857+00:00,2026-08-10T20:13:24.781857+03:00,1133,Yıldız Korusu,BEŞİKTAŞ,41.0514,29.0165,500,500,0,AÇIK OTOPARK,1,0,08:00-22:00
2026-08-10T17:13:24.781857+00:00,2026-08-10T20:13:24.781857+03:00,882,Zeytinburnu 58. Bulvar 2,ZEYTİNBURNU,40.9932,28.9039,48,1,47,YOL ÜSTÜ,0,15,09:00-18:00
2026-08-10T17:13:24.781857+00:00,2026-08-10T20:13:24.781857+03:00,3185,Zeytinburnu Sahil Cep Otoparkı,ZEYTİNBURNU,40.9798,28.8985,160,1,159,AÇIK OTOPARK,1,0,12:00-22:00
2026-08-10T18:07:36.570775+00:00,2026-08-10T21:07:36.570775+03:00,3068,15 Temmuz Şehitler Meydanı Zeminaltı Otoparkı,ÜMRANİYE,41.0246,29.0915,1029,561,468,KAPALI OTOPARK,1,15,24 Saat
2026-08-10T18:07:36.570775+00:00,2026-08-10T21:07:36.570775+03:00,2338,19 Mayıs Açık,ŞİŞLİ,41.0563,28.9941,65,0,65,AÇIK OTOPARK,1,0,24 Saat
2026-08-10T18:07:36.570775+00:00,2026-08-10T21:07:36.570775+03:00,1751,4.Levent PD Açık Otoparkı,KAĞITHANE,41.0836,29.0081,236,128,108,AÇIK OTOPARK,1,5,24 Saat
2026-08-10T18:07:36.570775+00:00,2026-08-10T21:07:36.570775+03:00,3328,4.Levent Servis ve Turizm Araçları Açık Otoparkı,ŞİŞLİ,41.0841,29.0054,300,144,156,AÇIK OTOPARK,1,15,24 Saat
2026-08-10T18:07:36.570775+00:00,2026-08-10T21:07:36.570775+03:00,3412,5. Levent Gaziosmanpaşa Adliyesi Yanı Açık Otoparkı,EYÜP,41.0927,28.9494,250,214,36,AÇIK OTOPARK,1,15,07:00-23:00
2026-08-10T18:07:36.570775+00:00,2026-08-10T21:07:36.570775+03:00,104,Abide-i Hürriyet Caddesi 5,ŞİŞLİ,41.0619,28.9876,40,1,39,YOL ÜSTÜ,0,15,08:00-17:00
2026-08-10T18:07:36.570775+00:00,2026-08-10T21:07:36.570775+03:00,2452,Acıbadem Açık Otoparkı,ÜSKÜDAR,41.0157,29.0574,100,86,14,AÇIK OTOPARK,0,0,06:30-16:00
2026-08-10T18:07:36.570775+00:00,2026-08-10T21:07:36.570775+03:00,346,Ada Karşısı Cep 2,BEŞİKTAŞ,41.072,29.045,30,1,29,YOL ÜSTÜ,1,15,08:00-23:00
2026-08-10T18:07:36.570775+00:00,2026-08-10T21:07:36.570775+03:00,1663,Akasyalı Sokak Tenis Kulubü Önü 2,BEŞİKTAŞ,41.0867,29.0109,45,1,44,YOL ÜSTÜ,0,15,08:30-17:30
2026-08-10T18:07:36.570775+00:00,2026-08-10T21:07:36.570775+03:00,828,Akdeniz Caddesi 4,FATİH,41.0175,28.9435,27,1,26,YOL ÜSTÜ,0,15,09:00-18:00
2026-08-10T18:07:36.570775+00:00,2026-08-10T21:07:36.570775+03:00,1913,Alibeyköy Cep Otogarı Açık Otoparkı,EYÜP,41.0879,28.9446,116,0,116,AÇIK OTOPARK,1,25,24 Saat
2026-08-10T18:07:36.570775+00:00,2026-08-10T21:07:36.570775+03:00,1912,Alibeyköy Cep Otogarı Otobüs Otoparkı,EYÜP,41.0875,28.9449,5000,4981,19,AÇIK OTOPARK,1,60,24 Saat
2026-08-10T18:07:36.570775+00:00,2026-08-10T21:07:36.570775+03:00,2562,Alibeyköy Yeşiltepe Zemin Altı Otoparkı,EYÜP,41.0797,28.938,159,58,101,KAPALI OTOPARK,1,15,24 Saat
2026-08-10T18:07:36.570775+00:00,2026-08-10T21:07:36.570775+03:00,3201,Altınboynuz Sosyal Tesisleri,EYÜP,41.058,28.9447,70,69,1,AÇIK OTOPARK,1,15,08:00-23:00
2026-08-10T18:07:36.570775+00:00,2026-08-10T21:07:36.570775+03:00,758,Arap Camii Açık Otoparkı,BEYOĞLU,41.0227,28.9723,30,1,29,AÇIK OTOPARK,0,0,09:00-17:00
2026-08-10T18:07:36.570775+00:00,2026-08-10T21:07:36.570775+03:00,1963,Aras Sokak 1,BÜYÜKÇEKMECE,41.0226,28.622,60,60,0,YOL ÜSTÜ,0,0,06:00-14:30
2026-08-10T18:07:36.570775+00:00,2026-08-10T21:07:36.570775+03:00,2802,Arnavutköy Zemin Altı Otoparkı,ARNAVUTKÖY,41.1838,28.7396,700,24,676,KAPALI OTOPARK,1,15,24 Saat
2026-08-10T18:07:36.570775+00:00,2026-08-10T21:07:36.570775+03:00,1797,Ataköy Atrium AVM,BAKIRKÖY,40.9881,28.8459,250,189,61,AÇIK OTOPARK,1,15,08:00-23:00
2026-08-10T18:07:36.570775+00:00,2026-08-10T21:07:36.570775+03:00,2824,Ataköy Metro Durağı Yanı PD Zemin Altı Otoparkı,BAKIRKÖY,40.9904,28.8456,150,83,67,KAPALI OTOPARK,1,0,24 Saat
2026-08-10T18:07:36.570775+00:00,2026-08-10T21:07:36.570775+03:00,359,Atatürk Bulvarı 1,FATİH,41.0112,28.9534,20,1,19,YOL ÜSTÜ,0,0,07:30-18:00
2026-08-10T18:07:36.570775+00:00,2026-08-10T21:07:36.570775+03:00,3087,Atatürk Kent Ormanı Otoparkı,SARIYER,41.136,29.0262,200,198,2,AÇIK OTOPARK,0,0,08:00-17:00
2026-08-10T18:07:36.570775+00:00,2026-08-10T21:07:36.570775+03:00,1088,Avcılar İdo,AVCILAR,40.9712,28.7185,270,263,7,AÇIK OTOPARK,1,0,13:00-07:00
2026-08-10T18:07:36.570775+00:00,2026-08-10T21:07:36.570775+03:00,2885,Azapkapı Haliç Metro Otoparkı,ŞİŞLİ,41.0245,28.9691,80,29,51,AÇIK OTOPARK,1,5,24 Saat
2026-08-10T18:07:36.570775+00:00,2026-08-10T21:07:36.570775+03:00,2455,Azerbaycan Dostluk Parkı Zemin Altı Otoparkı,BAĞCILAR,41.0444,28.854,400,178,222,KAPALI OTOPARK,1,10,24 Saat
2026-08-10T18:07:36.570775+00:00,2026-08-10T21:07:36.570775+03:00,2965,Bağcılar Çolakoğlu Zemin Altı Otoparkı,BAĞCILAR,41.0324,28.8345,106,0,106,KAPALI OTOPARK,1,5,24 Saat
2026-08-10T18:07:36.570775+00:00,2026-08-10T21:07:36.570775+03:00,2576,Bağcılar Demirkapı Zemin Altı Otoparkı,BAĞCILAR,41.0499,28.8327,343,153,190,KAPALI OTOPARK,1,5,24 Saat
2026-08-10T18:07:36.570775+00:00,2026-08-10T21:07:36.570775+03:00,3036,Bağcılar Devlet Hastanesi Yanı Zeminaltı Otoparkı,BAĞCILAR,41.0312,28.8696,1133,123,1010,KAPALI OTOPARK,1,15,24 Saat
2026-08-10T18:07:36.570775+00:00,2026-08-10T21:07:36.570775+03:00,3071,Bağcılar Emniyet Müdürlüğü Yanı Açık Otoparkı,BAĞCILAR,41.0353,28.8598,100,69,31,AÇIK OTOPARK,1,0,24 Saat
2026-08-10T18:07:36.570775+00:00,2026-08-10T21:07:36.570775+03:00,2873,Bağcılar Göztepe Zemin Altı,BAĞCILAR,41.0567,28.8355,120,0,120,KAPALI OTOPARK,1,5,24 Saat
2026-08-10T18:07:36.570775+00:00,2026-08-10T21:07:36.570775+03:00,3187,Bağcılar Hürriyet Mahallesi Zemin Altı Otoparkı,BAĞCILAR,41.0291,28.8333,355,0,355,KAPALI OTOPARK,1,10,24 Saat
2026-08-10T18:07:36.570775+00:00,2026-08-10T21:07:36.570775+03:00,2916,Bağcılar Kent Meydanı PD Zemin Altı Otoparkı,BAĞCILAR,41.0339,28.8556,1162,0,1162,KAPALI OTOPARK,1,0,24 Saat
2026-08-10T18:07:36.570775+00:00,2026-08-10T21:07:36.570775+03:00,3261,Bağcılar Yenimahalle Zemin Altı Otoparkı,BAĞCILAR,41.0425,28.8395,525,254,271,KAPALI OTOPARK,1,15,24 Saat
2026-08-10T18:07:36.570775+00:00,2026-08-10T21:07:36.570775+03:00,2820,Bağcılar Yıldıztepe Katlı Otoparkı,BAĞCILAR,41.0294,28.8556,350,0,350,KAPALI OTOPARK,1,10,24 Saat
2026-08-10T18:07:36.570775+00:00,2026-08-10T21:07:36.570775+03:00,3447,Bahçelievler 23 Nisan Milli Egemenlik Zeminaltı Otoparkı,BAHÇELİEVLER,40.9988,28.8472,732,464,268,KAPALI OTOPARK,1,10,24 Saat
2026-08-10T18:07:36.570775+00:00,2026-08-10T21:07:36.570775+03:00,2993,Bahçelievler Cumhuriyet Zeminaltı Otoparkı,BAHÇELİEVLER,41.0149,28.859,663,0,663,KAPALI OTOPARK,1,10,24 Saat
2026-08-10T18:07:36.570775+00:00,2026-08-10T21:07:36.570775+03:00,2969,Bahçelievler Devlet Hastanesi Yanı Katlı Otoparkı,BAHÇELİEVLER,41.0072,28.8442,740,0,740,KAPALI OTOPARK,1,0,24 Saat
2026-08-10T18:07:36.570775+00:00,2026-08-10T21:07:36.570775+03:00,3051,Bahçelievler Zafer Mh. Zeminaltı Otoparkı,BAHÇELİEVLER,41.0036,28.8351,200,76,124,KAPALI OTOPARK,1,0,24 Saat
2026-08-10T18:07:36.570775+00:00,2026-08-10T21:07:36.570775+03:00,3236,Bahçeşehir Gölet Açık Otoparkı,BAŞAKŞEHİR,41.0719,28.6901,200,1,199,AÇIK OTOPARK,1,0,12:00-22:00
2026-08-10T18:07:36.570775+00:00,2026-08-10T21:07:36.570775+03:00,1465,Bakırköy İdo Açık Otoparkı,BAKIRKÖY,40.9739,28.8761,160,76,84,AÇIK OTOPARK,1,10,24 Saat
2026-08-10T18:07:36.570775+00:00,2026-08-10T21:07:36.570775+03:00,1104,Balmumcu Katlı Otoparkı,BEŞİKTAŞ,41.0636,29.0109,400,316,84,KAPALI OTOPARK,1,5,24 Saat
2026-08-10T18:07:36.570775+00:00,2026-08-10T21:07:36.570775+03:00,2350,Bayrampaşa Adapark Katlı Otoparkı,BAYRAMPAŞA,41.0647,28.8875,650,0,650,KAPALI OTOPARK,1,15,24 Saat
2026-08-10T18:07:36.570775+00:00,2026-08-10T21:07:36.570775+03:00,2892,Bayrampaşa Altıntepsi Zemin  Altı Otoparkı,BAYRAMPAŞA,41.0393,28.9029,110,0,110,KAPALI OTOPARK,1,10,24 Saat
2026-08-10T18:07:36.570775+00:00,2026-08-10T21:07:36.570775+03:00,2909,Bayrampaşa Atatürk Parkı  Zemin Altı Otoparkı,BAYRAMPAŞA,41.0342,28.9123,442,0,442,KAPALI OTOPARK,1,10,24 Saat
2026-08-10T18:07:36.570775+00:00,2026-08-10T21:07:36.570775+03:00,2683,Bayrampaşa Devlet Hastanesi Cep Otoparkı,BAYRAMPAŞA,41.0414,28.9031,55,7,48,AÇIK OTOPARK,0,0,08:00-19:00
2026-08-10T18:07:36.570775+00:00,2026-08-10T21:07:36.570775+03:00,3301,Bayrampaşa Kocatepe Mahallesi Zemin Altı Otoparkı,BAYRAMPAŞA,41.0545,28.8964,241,0,241,KAPALI OTOPARK,1,10,24 Saat
2026-08-10T18:07:36.570775+00:00,2026-08-10T21:07:36.570775+03:00,2053,Bayrampaşa Muratpaşa Yer Altı Otoparkı,BAYRAMPAŞA,41.047,28.9082,300,0,300,KAPALI OTOPARK,1,15,24 Saat
2026-08-10T18:07:36.570775+00:00,2026-08-10T21:07:36.570775+03:00,3175,Bayrampaşa Spor Kompleksi Zemin Altı Otoparkı,BAYRAMPAŞA,41.0446,28.9106,205,0,205,KAPALI OTOPARK,1,15,24 Saat
2026-08-10T18:07:36.570775+00:00,2026-08-10T21:07:36.570775+03:00,3382,Bayrampaşa Şehit Kamil Balkan Zemin Altı Otoparkı,BAYRAMPAŞA,41.0604,28.9008,235,0,235,KAPALI OTOPARK,1,10,24 Saat
2026-08-10T18:07:36.570775+00:00,2026-08-10T21:07:36.570775+03:00,2428,Bayrampaşa Yenidoğan Mahallesi Zemin Altı Otoparkı,BAYRAMPAŞA,41.0395,28.9088,120,0,120,KAPALI OTOPARK,1,10,24 Saat
2026-08-10T18:07:36.570775+00:00,2026-08-10T21:07:36.570775+03:00,2468,Bebek Açık,BEŞİKTAŞ,41.077,29.0434,30,0,30,AÇIK OTOPARK,1,0,24 Saat
2026-08-10T18:07:36.570775+00:00,2026-08-10T21:07:36.570775+03:00,3479,Beşiktaş Halk Pazarı Açık Otoparkı,BEŞİKTAŞ,41.0496,29.0004,170,90,80,AÇIK OTOPARK,1,5,24 Saat
2026-08-10T18:07:36.570775+00:00,2026-08-10T21:07:36.570775+03:00,3257,Beykoz Sahil Cep Otoparkı,BEYKOZ,41.1286,29.0953,100,75,25,AÇIK OTOPARK,1,0,08:00-00:00
2026-08-10T18:07:36.570775+00:00,2026-08-10T21:07:36.570775+03:00,2273,Beykoz Sosyal Tesisleri,BEYKOZ,41.1143,29.0888,130,0,130,AÇIK OTOPARK,1,15,08:00-00:00
2026-08-10T18:07:36.570775+00:00,2026-08-10T21:07:36.570775+03:00,2999,Beyoğlu Gazhane Bostan Sokak 2,BEYOĞLU,41.0389,28.9903,35,1,34,YOL ÜSTÜ,0,0,07:30-16:30
2026-08-10T18:07:36.570775+00:00,2026-08-10T21:07:36.570775+03:00,3072,Beyoğlu Örnektepe Zemin Altı Otoparkı,BEYOĞLU,41.0543,28.9548,143,0,143,KAPALI OTOPARK,1,0,24 Saat
2026-08-10T18:07:36.570775+00:00,2026-08-10T21:07:36.570775+03:00,1455,Bostancı Açık,KADIKÖY,40.9523,29.0902,394,81,313,AÇIK OTOPARK,1,15,24 Saat
2026-08-10T18:07:36.570775+00:00,2026-08-10T21:07:36.570775+03:00,1456,Bostancı Sahil-Cep Açık Otoparkı,KADIKÖY,40.9545,29.0885,192,87,105,AÇIK OTOPARK,1,15,24 Saat
2026-08-10T18:07:36.570775+00:00,2026-08-10T21:07:36.570775+03:00,2150,Bostancı Vergi Dairesi Açık Otoparkı,ATAŞEHİR,40.9625,29.1083,155,0,155,AÇIK OTOPARK,0,5,08:00-20:00
2026-08-10T18:07:36.570775+00:00,2026-08-10T21:07:36.570775+03:00,2854,Bülent Ecevit Kültür Merkezi Açık Otoparkı,KARTAL,40.8852,29.1967,277,266,11,AÇIK OTOPARK,0,0,10:00-21:00
2026-08-10T18:07:36.570775+00:00,2026-08-10T21:07:36.570775+03:00,2866,Büyük İstanbul Otogarı,BAYRAMPAŞA,41.0402,28.8942,1000,0,1000,AÇIK OTOPARK,1,25,24 Saat
2026-08-10T18:07:36.570775+00:00,2026-08-10T21:07:36.570775+03:00,1192,Büyükçamlıca Korusu Sosyal Tesisleri Önü,ÜSKÜDAR,41.0264,29.0698,204,111,93,AÇIK OTOPARK,1,0,08:00-00:00
2026-08-10T18:07:36.570775+00:00,2026-08-10T21:07:36.570775+03:00,2960,Büyükçekmece Metrobüs Durağı Yanı PD Zemin Altı Otopark,BÜYÜKÇEKMECE,41.0221,28.624,448,66,382,KAPALI OTOPARK,1,0,24 Saat
2026-08-10T18:07:36.570775+00:00,2026-08-10T21:07:36.570775+03:00,1503,Cadde Bostan Açık Otoparkı,KADIKÖY,40.9636,29.0675,66,12,54,AÇIK OTOPARK,1,15,24 Saat
2026-08-10T18:07:36.570775+00:00,2026-08-10T21:07:36.570775+03:00,2933,Cemal Kamacı Spor Kompleksi Zemin Altı Otoparkı,KAĞITHANE,41.0536,28.9575,510,0,510,KAPALI OTOPARK,1,0,24 Saat
2026-08-10T18:07:36.570775+00:00,2026-08-10T21:07:36.570775+03:00,2207,Cengiz Topel Yer Altı Katlı Otoparkı,ESENLER,41.0588,28.8643,144,0,144,KAPALI OTOPARK,1,15,24 Saat
2026-08-10T18:07:36.570775+00:00,2026-08-10T21:07:36.570775+03:00,2787,Cevizli Açık Otoparkı,KARTAL,40.9179,29.1712,100,86,14,AÇIK OTOPARK,0,15,08:00-19:00
2026-08-10T18:07:36.570775+00:00,2026-08-10T21:07:36.570775+03:00,782,Cihangir Caddesi 2,BEYOĞLU,41.0319,28.9862,70,1,69,YOL ÜSTÜ,0,15,09:00-19:00
2026-08-10T18:07:36.570775+00:00,2026-08-10T21:07:36.570775+03:00,1467,Cihangir Katlı Otoparkı,BEYOĞLU,41.0318,28.9858,350,0,350,KAPALI OTOPARK,1,0,24 Saat
2026-08-10T18:07:36.570775+00:00,2026-08-10T21:07:36.570775+03:00,535,Cihannuma Yol Üstü 1,BEŞİKTAŞ,41.0454,29.0084,35,1,34,YOL ÜSTÜ,1,0,08:00-23:00
2026-08-10T18:07:36.570775+00:00,2026-08-10T21:07:36.570775+03:00,537,Cihannuma Yol Üstü 3,BEŞİKTAŞ,41.0459,29.0087,33,1,32,YOL ÜSTÜ,1,0,08:00-23:00
2026-08-10T18:07:36.570775+00:00,2026-08-10T21:07:36.570775+03:00,539,Cihannuma Yol Üstü 5,BEŞİKTAŞ,41.0489,29.0094,24,1,23,YOL ÜSTÜ,1,0,08:00-23:00
2026-08-10T18:07:36.570775+00:00,2026-08-10T21:07:36.570775+03:00,3184,Çam Sokak 6,GÜNGÖREN,41.0121,28.8882,50,1,49,YOL ÜSTÜ,0,15,08:00-17:00
2026-08-10T18:07:36.570775+00:00,2026-08-10T21:07:36.570775+03:00,3030,Çekmeköy Metro PD Zemin Altı Otoparkı,ÇEKMEKÖY,41.0147,29.1886,175,59,116,KAPALI OTOPARK,1,15,24 Saat
2026-08-10T18:07:36.570775+00:00,2026-08-10T21:07:36.570775+03:00,2905,Çeliktepe Açık Otoparkı,KAĞITHANE,41.0843,29.0056,200,129,71,AÇIK OTOPARK,1,5,24 Saat
2026-08-10T18:07:36.570775+00:00,2026-08-10T21:07:36.570775+03:00,1298,Çengelköy Açık Otoparkı,ÜSKÜDAR,41.0484,29.0533,500,119,381,AÇIK OTOPARK,1,15,24 Saat
2026-08-10T18:07:36.570775+00:00,2026-08-10T21:07:36.570775+03:00,502,Çınar Açık Otoparkı,BEŞİKTAŞ,41.0853,29.0088,65,1,64,AÇIK OTOPARK,0,0,08:00-18:00
2026-08-10T18:07:36.570775+00:00,2026-08-10T21:07:36.570775+03:00,777,Çırağan Sarayı Yol Üstü 1,BEŞİKTAŞ,41.0448,29.0165,40,1,39,YOL ÜSTÜ,1,15,08:00-23:00
2026-08-10T18:07:36.570775+00:00,2026-08-10T21:07:36.570775+03:00,778,Çırağan Sarayı Yol Üstü 2,BEŞİKTAŞ,41.0445,29.0156,40,1,39,YOL ÜSTÜ,1,15,08:00-23:00
2026-08-10T18:07:36.570775+00:00,2026-08-10T21:07:36.570775+03:00,2228,Çırpıcı Sosyal Tesisler,ZEYTİNBURNU,41,28.8926,128,0,128,AÇIK OTOPARK,1,15,07:00-00:00
2026-08-10T18:07:36.570775+00:00,2026-08-10T21:07:36.570775+03:00,2030,Dalyan Açık Otoparkı,KADIKÖY,40.9632,29.0651,92,0,92,AÇIK OTOPARK,1,15,24 Saat
2026-08-10T18:07:36.570775+00:00,2026-08-10T21:07:36.570775+03:00,2271,Damla Sokak 1,ŞİŞLİ,41.0672,29.0004,17,1,16,YOL ÜSTÜ,0,15,07:30-16:30
2026-08-10T18:07:36.570775+00:00,2026-08-10T21:07:36.570775+03:00,2164,Darüşşafaka Yeraltı Otoparkı,SARIYER,41.1292,29.0252,150,139,11,KAPALI OTOPARK,1,15,08:00-00:00
2026-08-10T18:07:36.570775+00:00,2026-08-10T21:07:36.570775+03:00,1653,Deniz Feneri Otoparkı,FATİH,41.0019,28.9773,175,66,109,AÇIK OTOPARK,1,5,24 Saat
2026-08-10T18:07:36.570775+00:00,2026-08-10T21:07:36.570775+03:00,595,Dostluk Yurdu 1,FATİH,41.0071,28.973,33,33,0,YOL ÜSTÜ,0,15,07:00-17:00
2026-08-10T18:07:36.570775+00:00,2026-08-10T21:07:36.570775+03:00,2237,Dragos Sosyal Tesisleri,KARTAL,40.9017,29.1458,100,19,81,AÇIK OTOPARK,1,15,24 Saat
2026-08-10T18:07:36.570775+00:00,2026-08-10T21:07:36.570775+03:00,3063,Dudullu Metro PD Zemin Altı Otoparkı,ÜMRANİYE,41.0156,29.1633,81,61,20,KAPALI OTOPARK,1,15,07:00-23:30
2026-08-10T18:07:36.570775+00:00,2026-08-10T21:07:36.570775+03:00,1522,Ebu Suut Caddesi 1,FATİH,41.0128,28.9766,35,1,34,YOL ÜSTÜ,0,0,08:00-18:00
2026-08-10T18:07:36.570775+00:00,2026-08-10T21:07:36.570775+03:00,2147,EGS Blokları Açık Otoparkı,BAKIRKÖY,40.9863,28.8354,350,66,284,AÇIK OTOPARK,0,60,09:00-19:30
2026-08-10T18:07:36.570775+00:00,2026-08-10T21:07:36.570775+03:00,2366,Esenler Adem Baştürk Kültür Merkezi Katlı,ESENLER,41.039,28.8846,460,2,458,KAPALI OTOPARK,1,15,24 Saat
2026-08-10T18:07:36.570775+00:00,2026-08-10T21:07:36.570775+03:00,3190,Esenler Havaalanı Mahallesi Zemin Altı Otoparkı,ESENLER,41.0562,28.8674,610,349,261,KAPALI OTOPARK,1,10,24 Saat
2026-08-10T18:07:36.570775+00:00,2026-08-10T21:07:36.570775+03:00,3011,Esenler Menderes Metro İstasyonu Yanı,ESENLER,41.0427,28.8783,68,1,67,AÇIK OTOPARK,1,5,24 Saat
2026-08-10T18:07:36.570775+00:00,2026-08-10T21:07:36.570775+03:00,2822,Esenler Menderes Parkı Zemin Altı Otoparkı,ESENLER,41.0412,28.8729,325,49,276,KAPALI OTOPARK,1,10,24 Saat
2026-08-10T18:07:36.570775+00:00,2026-08-10T21:07:36.570775+03:00,3303,Esenyurt Adile Naşit Bulvarı Zeminaltı Otoparkı,ESENYURT,41.0205,28.6859,367,288,79,KAPALI OTOPARK,1,15,24 Saat
2026-08-10T18:07:36.570775+00:00,2026-08-10T21:07:36.570775+03:00,1328,Eski Salı Pazarı,KADIKÖY,40.9904,29.0338,760,0,760,AÇIK OTOPARK,1,15,24 Saat
2026-08-10T18:07:36.570775+00:00,2026-08-10T21:07:36.570775+03:00,904,Eyüp Pierloti Caddesi 1,EYÜP,41.0539,28.9329,40,1,39,YOL ÜSTÜ,1,0,09:00-22:00
2026-08-10T18:07:36.570775+00:00,2026-08-10T21:07:36.570775+03:00,2850,Eyüpsultan Akşemsettin Mahallesi Zemin Altı Otoparkı,EYÜP,41.085,28.9258,110,0,110,KAPALI OTOPARK,1,15,24 Saat
2026-08-10T18:07:36.570775+00:00,2026-08-10T21:07:36.570775+03:00,2215,Fatih Çeşmesi Tabiat Parkı Otoparkı,SARIYER,41.1686,28.9448,250,243,7,AÇIK OTOPARK,0,0,06:00-20:00
2026-08-10T18:07:36.570775+00:00,2026-08-10T21:07:36.570775+03:00,1475,Fatih Katlı Otoparkı,FATİH,41.0198,28.9396,118,10,108,KAPALI OTOPARK,1,10,24 Saat
2026-08-10T18:07:36.570775+00:00,2026-08-10T21:07:36.570775+03:00,1591,Feshane PD Açık Otoparkı,EYÜP,41.0463,28.9378,200,20,180,AÇIK OTOPARK,1,15,24 Saat
2026-08-10T18:07:36.570775+00:00,2026-08-10T21:07:36.570775+03:00,1005,Florya Havuzlu Bahçe,BAKIRKÖY,40.9764,28.7908,135,1,134,AÇIK OTOPARK,1,0,09:00-23:00
2026-08-10T18:07:36.570775+00:00,2026-08-10T21:07:36.570775+03:00,2238,Florya Sosyal Tesisleri,BAKIRKÖY,40.9614,28.8091,1074,680,394,AÇIK OTOPARK,1,15,24 Saat
2026-08-10T18:07:36.570775+00:00,2026-08-10T21:07:36.570775+03:00,1704,Gazi Umur Paşa Sokak 5,BEŞİKTAŞ,41.0589,29.0114,45,1,44,YOL ÜSTÜ,0,15,08:00-17:00
2026-08-10T18:07:36.570775+00:00,2026-08-10T21:07:36.570775+03:00,3296,Gaziosmanpaşa Meydanı ve Yaşam Merkezi Zemin Altı Otoparkı,GAZİOSMANPAŞA,41.0606,28.9093,202,0,202,KAPALI OTOPARK,1,15,24 Saat
2026-08-10T18:07:36.570775+00:00,2026-08-10T21:07:36.570775+03:00,2971,Gaziosmanpaşa Zemin Altı Otoparkı,GAZİOSMANPAŞA,41.0796,28.8858,285,0,285,KAPALI OTOPARK,1,0,24 Saat
2026-08-10T18:07:36.570775+00:00,2026-08-10T21:07:36.570775+03:00,3401,Giyimkent Tekstilkent Metro Zemin Altı PD Otoparkı,ESENLER,41.0711,28.8666,203,183,20,KAPALI OTOPARK,1,10,24 Saat
2026-08-10T18:07:36.570775+00:00,2026-08-10T21:07:36.570775+03:00,2242,Gözdağı Sosyal Tesisler  Açık Otoparkı,PENDİK,40.893,29.2538,300,215,85,AÇIK OTOPARK,1,0,07:00-23:00
2026-08-10T18:07:36.570775+00:00,2026-08-10T21:07:36.570775+03:00,1879,Gülsuyu Metro PD Yer Altı Otoparkı,MALTEPE,40.9237,29.1548,76,0,76,KAPALI OTOPARK,1,15,08:00-00:00
2026-08-10T18:07:36.570775+00:00,2026-08-10T21:07:36.570775+03:00,1423,Güneş Plajı 1,BAKIRKÖY,40.9712,28.79,250,141,109,AÇIK OTOPARK,1,10,24 Saat
2026-08-10T18:07:36.570775+00:00,2026-08-10T21:07:36.570775+03:00,1461,Güneş Plajı 2,BAKIRKÖY,40.9692,28.7951,135,31,104,AÇIK OTOPARK,0,10,08:00-20:00
2026-08-10T18:07:36.570775+00:00,2026-08-10T21:07:36.570775+03:00,3053,Güngören Nikah Dairesi Zemin Altı otoparkı,GÜNGÖREN,41.0363,28.8718,147,0,147,KAPALI OTOPARK,1,10,24 Saat
2026-08-10T18:07:36.570775+00:00,2026-08-10T21:07:36.570775+03:00,2216,Gürpınar Balık Hali Otoparkı,BEYLİKDÜZÜ,40.9663,28.6019,1000,789,211,AÇIK OTOPARK,1,15,24 Saat
2026-08-10T18:07:36.570775+00:00,2026-08-10T21:07:36.570775+03:00,1525,Hacıosman Metro Yer Altı Otoparkı,SARIYER,41.14,29.0306,422,307,115,KAPALI OTOPARK,1,15,24 Saat
2026-08-10T18:07:36.570775+00:00,2026-08-10T21:07:36.570775+03:00,1470,Haldun Alagaş Katlı Otoparkı,ÜMRANİYE,41.0262,29.1052,197,116,81,KAPALI OTOPARK,1,15,24 Saat
2026-08-10T18:07:36.570775+00:00,2026-08-10T21:07:36.570775+03:00,3235,Haliç Sosyal Tesisleri Otoparkı,FATİH,41.0277,28.9572,60,11,49,AÇIK OTOPARK,1,15,07:00-00:00
2026-08-10T18:07:36.570775+00:00,2026-08-10T21:07:36.570775+03:00,2848,Halkalı Mahallesi Zemin Altı Otoparkı,KÜÇÜKÇEKMECE,41.0359,28.7848,347,263,84,KAPALI OTOPARK,1,15,24 Saat
2026-08-10T18:07:36.570775+00:00,2026-08-10T21:07:36.570775+03:00,2838,Hamidiye Mahallesi Katlı Otoparkı,KAĞITHANE,41.0949,28.971,450,184,266,KAPALI OTOPARK,1,15,24 Saat
2026-08-10T18:07:36.570775+00:00,2026-08-10T21:07:36.570775+03:00,1446,Harbiye Zemin Altı Otoparkı,BEYOĞLU,41.0408,28.9869,142,77,65,KAPALI OTOPARK,1,5,24 Saat
2026-08-10T18:07:36.570775+00:00,2026-08-10T21:07:36.570775+03:00,2332,Haydarpaşa Katlı Otoparkı,ÜSKÜDAR,41.0048,29.0251,840,708,132,KAPALI OTOPARK,1,15,24 Saat
2026-08-10T18:07:36.570775+00:00,2026-08-10T21:07:36.570775+03:00,1987,Haznedar Yer Altı Otoparkı,GÜNGÖREN,41.0083,28.8729,540,0,540,KAPALI OTOPARK,1,0,24 Saat
2026-08-10T18:07:36.570775+00:00,2026-08-10T21:07:36.570775+03:00,377,Hızır Külhani Sokak,FATİH,41.0202,28.9605,32,1,31,YOL ÜSTÜ,0,15,09:00-17:00
2026-08-10T18:07:36.570775+00:00,2026-08-10T21:07:36.570775+03:00,3173,Hürriyet Mahallesi Zeminaltı Otoparkı,GAZİOSMANPAŞA,41.0708,28.8951,190,0,190,KAPALI OTOPARK,1,15,24 Saat
2026-08-10T18:07:36.570775+00:00,2026-08-10T21:07:36.570775+03:00,157,Ihlamur Dere Caddesi 4,BEŞİKTAŞ,41.047,29.0023,27,27,0,YOL ÜSTÜ,0,15,09:00-17:00
2026-08-10T18:07:36.570775+00:00,2026-08-10T21:07:36.570775+03:00,1189,İçerenköy Sebze Meyve Hali Otoparkı,ATAŞEHİR,40.9766,29.1044,600,599,1,AÇIK OTOPARK,1,15,24 Saat
2026-08-10T18:07:36.570775+00:00,2026-08-10T21:07:36.570775+03:00,1127,İshakpaşa Caddesi,FATİH,41.0079,28.9814,200,1,199,YOL ÜSTÜ,0,0,08:00-18:00
2026-08-10T18:07:36.570775+00:00,2026-08-10T21:07:36.570775+03:00,3265,İspark İstanbul West Marina Açık Otoparkı 1,BEYLİKDÜZÜ,40.9636,28.6564,250,1,249,AÇIK OTOPARK,1,15,24 Saat
2026-08-10T18:07:36.570775+00:00,2026-08-10T21:07:36.570775+03:00,2793,İspark Merter Katlı Otoparkı,GÜNGÖREN,41.0097,28.89,900,470,430,KAPALI OTOPARK,1,10,24 Saat
2026-08-10T18:07:36.570775+00:00,2026-08-10T21:07:36.570775+03:00,2430,İspark West İstanbul Marina Açık Otoparkı,BEYLİKDÜZÜ,40.9639,28.6591,1600,965,635,AÇIK OTOPARK,1,15,24 Saat
2026-08-10T18:07:36.570775+00:00,2026-08-10T21:07:36.570775+03:00,381,İstinye 4 ( Cami Önü ),SARIYER,41.1149,29.0571,25,1,24,YOL ÜSTÜ,0,15,08:30-17:30
2026-08-10T18:07:36.570775+00:00,2026-08-10T21:07:36.570775+03:00,1804,İtalyan Hastanesi Karşısı Açık Otoparkı 1,BEYOĞLU,41.028,28.9815,30,1,29,AÇIK OTOPARK,0,0,08:00-19:00
2026-08-10T18:07:36.570775+00:00,2026-08-10T21:07:36.570775+03:00,507,Kabasakal Medrese Önü,FATİH,41.0062,28.9789,65,1,64,AÇIK OTOPARK,0,0,08:00-18:30
2026-08-10T18:07:36.570775+00:00,2026-08-10T21:07:36.570775+03:00,3306,Kabataş Transfer Merkezi Turizm Otobüs Otoparkı,BEYOĞLU,41.0336,28.9923,160,52,108,KAPALI OTOPARK,1,20,24 Saat
2026-08-10T18:07:36.570775+00:00,2026-08-10T21:07:36.570775+03:00,2918,Kadıköy Hasanpaşa Gazhane Katlı Otoparkı,KADIKÖY,40.9972,29.0428,310,195,115,KAPALI OTOPARK,1,15,24 Saat
2026-08-10T18:07:36.570775+00:00,2026-08-10T21:07:36.570775+03:00,1447,Kadıköy İski Açık Otoparkı,KADIKÖY,40.9874,29.0207,124,40,84,AÇIK OTOPARK,1,15,24 Saat
2026-08-10T18:07:36.570775+00:00,2026-08-10T21:07:36.570775+03:00,1655,Kadıköy Metro Açık Otoparkı,KADIKÖY,40.9899,29.0217,74,0,74,AÇIK OTOPARK,1,15,24 Saat
2026-08-10T18:07:36.570775+00:00,2026-08-10T21:07:36.570775+03:00,3445,Kadıköy Uzunçayır PD Açık Otoparkı,KADIKÖY,40.9982,29.0569,70,42,28,AÇIK OTOPARK,0,15,06:30-16:30
2026-08-10T18:07:36.570775+00:00,2026-08-10T21:07:36.570775+03:00,2808,Kadıköy Yeni Salı Pazarı PD Katlı Otoparkı,KADIKÖY,40.9969,29.0486,1350,627,723,KAPALI OTOPARK,1,15,24 Saat
2026-08-10T18:07:36.570775+00:00,2026-08-10T21:07:36.570775+03:00,2811,Kağıthane Harmantepe Zemin Altı Otoparkı,KAĞITHANE,41.0816,28.9907,200,0,200,KAPALI OTOPARK,1,0,24 Saat
2026-08-10T18:07:36.570775+00:00,2026-08-10T21:07:36.570775+03:00,1452,Kalamış Açık Otoparkı,KADIKÖY,40.9687,29.0363,173,36,137,AÇIK OTOPARK,1,15,24 Saat
2026-08-10T18:07:36.570775+00:00,2026-08-10T21:07:36.570775+03:00,1474,Kartal Hasan Doğan Spor Kompleksi,KARTAL,40.8918,29.1897,773,0,773,KAPALI OTOPARK,1,15,24 Saat
2026-08-10T18:07:36.570775+00:00,2026-08-10T21:07:36.570775+03:00,1105,Kartal İdo Açık Otoparkı,KARTAL,40.8874,29.1881,90,0,90,AÇIK OTOPARK,1,15,24 Saat
2026-08-10T18:07:36.570775+00:00,2026-08-10T21:07:36.570775+03:00,1550,Kartal Sahil Açık Otoparkı,KARTAL,40.8875,29.1901,75,58,17,AÇIK OTOPARK,1,5,24 Saat
2026-08-10T18:07:36.570775+00:00,2026-08-10T21:07:36.570775+03:00,3434,Kasımpaşa Sosyal Tesisler Otoparkı,BEYOĞLU,41.0296,28.9673,60,37,23,AÇIK OTOPARK,1,0,07:30-23:00
2026-08-10T18:07:36.570775+00:00,2026-08-10T21:07:36.570775+03:00,1960,Kazlıçeşme Marmaray Açık Otoparkı,ZEYTİNBURNU,40.9922,28.917,700,612,88,AÇIK OTOPARK,1,15,24 Saat
2026-08-10T18:07:36.570775+00:00,2026-08-10T21:07:36.570775+03:00,2994,Kirazlı Metro Durağı PD Açık Otoparkı,BAĞCILAR,41.033,28.8429,112,0,112,AÇIK OTOPARK,1,5,24 Saat
2026-08-10T18:07:36.570775+00:00,2026-08-10T21:07:36.570775+03:00,1528,Kore Şehitleri Caddesi - Yüzbaşı Kaya Aldağon Sokak 1,ŞİŞLİ,41.0719,29.0139,40,1,39,YOL ÜSTÜ,0,15,07:00-16:00
2026-08-10T18:07:36.570775+00:00,2026-08-10T21:07:36.570775+03:00,2449,Kozyatağı Sebze-Meyve Hali,ATAŞEHİR,40.9787,29.1029,1500,1500,0,AÇIK OTOPARK,1,0,24 Saat
2026-08-10T18:07:36.570775+00:00,2026-08-10T21:07:36.570775+03:00,113,Kurtuluş Caddesi 4,ŞİŞLİ,41.051,28.983,45,1,44,YOL ÜSTÜ,0,15,08:00-18:00
2026-08-10T18:07:36.570775+00:00,2026-08-10T21:07:36.570775+03:00,1206,Kutlugün Sokak 2,FATİH,41.0061,28.9801,200,1,199,YOL ÜSTÜ,0,0,08:00-18:00
2026-08-10T18:07:36.570775+00:00,2026-08-10T21:07:36.570775+03:00,3074,Küçük Çamlıca,ÜSKÜDAR,41.0204,29.0653,129,106,23,AÇIK OTOPARK,1,0,08:00-22:00
2026-08-10T18:07:36.570775+00:00,2026-08-10T21:07:36.570775+03:00,3127,Küçükçekmece Cennet Mahallesi Meydan Zemin Altı Otoparkı,KÜÇÜKÇEKMECE,40.9907,28.783,456,0,456,KAPALI OTOPARK,1,10,24 Saat
2026-08-10T18:07:36.570775+00:00,2026-08-10T21:07:36.570775+03:00,2554,Küçükçekmece Fevzi Çakmak Meydanı Zemin Altı Otoparkı,KÜÇÜKÇEKMECE,41.0076,28.7927,1000,510,490,KAPALI OTOPARK,1,10,24 Saat
2026-08-10T18:07:36.570775+00:00,2026-08-10T21:07:36.570775+03:00,2882,Küçüksu Kasrı Açık Otoparkı,BEYKOZ,41.0789,29.0657,98,90,8,AÇIK OTOPARK,1,0,07:00-23:00
2026-08-10T18:07:36.570775+00:00,2026-08-10T21:07:36.570775+03:00,220,Levent Hamidiye,BEŞİKTAŞ,41.0861,29.0076,100,1,99,AÇIK OTOPARK,0,0,08:00-19:00
2026-08-10T18:07:36.570775+00:00,2026-08-10T21:07:36.570775+03:00,1138,Levent Metro Yer Altı Otoparkı,BEŞİKTAŞ,41.0811,29.0105,100,100,0,AÇIK OTOPARK,0,5,07:30-19:30
2026-08-10T18:07:36.570775+00:00,2026-08-10T21:07:36.570775+03:00,2335,Maçka Açık Otoparkı,ŞİŞLİ,41.046,28.9908,75,74,1,AÇIK OTOPARK,1,0,24 Saat
2026-08-10T18:07:36.570775+00:00,2026-08-10T21:07:36.570775+03:00,1859,Maçka Katlı Otoparkı,ŞİŞLİ,41.0484,28.9903,508,0,508,KAPALI OTOPARK,1,0,24 Saat
2026-08-10T18:07:36.570775+00:00,2026-08-10T21:07:36.570775+03:00,3193,Maltepe Rıhtım Caddesi Açık Otoparkı,MALTEPE,40.9258,29.1241,76,9,67,AÇIK OTOPARK,1,0,24 Saat
2026-08-10T18:07:36.570775+00:00,2026-08-10T21:07:36.570775+03:00,2146,Maltepe Süreyyapaşa Çarşısı Açık Otoparkı,MALTEPE,40.9274,29.1225,156,10,146,AÇIK OTOPARK,1,0,24 Saat
2026-08-10T18:07:36.570775+00:00,2026-08-10T21:07:36.570775+03:00,1599,Maslak Açık Otoparkı,SARIYER,41.1166,29.024,150,126,24,AÇIK OTOPARK,1,10,24 Saat
2026-08-10T18:07:36.570775+00:00,2026-08-10T21:07:36.570775+03:00,2100,Matbaacılar Sitesi Yanı,ZEYTİNBURNU,41.0234,28.9187,250,206,44,AÇIK OTOPARK,1,5,24 Saat
2026-08-10T18:07:36.570775+00:00,2026-08-10T21:07:36.570775+03:00,920,Meclis-i Mebusan Yokuşu 2,BEYOĞLU,41.0326,28.9882,34,1,33,YOL ÜSTÜ,0,15,09:00-17:00
2026-08-10T18:07:36.570775+00:00,2026-08-10T21:07:36.570775+03:00,1546,Menekşe Plajı Açık Otoparkı,BAKIRKÖY,40.9761,28.7766,200,199,1,AÇIK OTOPARK,1,0,24 Saat
2026-08-10T18:07:36.570775+00:00,2026-08-10T21:07:36.570775+03:00,1376,Mercan Açık,FATİH,41.0136,28.9669,130,126,4,AÇIK OTOPARK,1,0,08:00-23:00
2026-08-10T18:07:36.570775+00:00,2026-08-10T21:07:36.570775+03:00,3309,Mercan Ali Paşa Sarayı Zemin Altı Otoparkı,FATİH,41.0136,28.967,196,1,195,KAPALI OTOPARK,0,0,07:00-21:00
2026-08-10T18:07:36.570775+00:00,2026-08-10T21:07:36.570775+03:00,1472,Merter Katlı Otoparkı,GÜNGÖREN,41.0092,28.8874,1000,904,96,KAPALI OTOPARK,1,10,24 Saat
2026-08-10T18:07:36.570775+00:00,2026-08-10T21:07:36.570775+03:00,2375,Merter Metro PD Zeminaltı Otoparkı,GÜNGÖREN,41.0037,28.8897,242,89,153,KAPALI OTOPARK,1,10,24 Saat
2026-08-10T18:07:36.570775+00:00,2026-08-10T21:07:36.570775+03:00,1568,Mete Caddesi 1,BEYOĞLU,41.0382,28.9879,31,1,30,YOL ÜSTÜ,1,15,08:00-23:00
2026-08-10T18:07:36.570775+00:00,2026-08-10T21:07:36.570775+03:00,1471,Mevlana Yeraltı Katlı Otoparkı,ZEYTİNBURNU,41.0072,28.9049,1000,878,122,KAPALI OTOPARK,1,5,24 Saat
2026-08-10T18:07:36.570775+00:00,2026-08-10T21:07:36.570775+03:00,2709,Millet Caddesi Açık Otoparkı,FATİH,41.01,28.9461,60,1,59,AÇIK OTOPARK,1,15,24 Saat
2026-08-10T18:07:36.570775+00:00,2026-08-10T21:07:36.570775+03:00,3152,Mimar Sinan Zemin Altı Otoparkı,ÜSKÜDAR,41.0222,29.0169,956,81,875,KAPALI OTOPARK,1,15,24 Saat
2026-08-10T18:07:36.570775+00:00,2026-08-10T21:07:36.570775+03:00,2870,Miniatürk Çadır Açık Otoparkı,BEYOĞLU,41.0594,28.9501,250,99,151,AÇIK OTOPARK,0,15,07:00-20:00
2026-08-10T18:07:36.570775+00:00,2026-08-10T21:07:36.570775+03:00,2556,Muallim Naci Açık Otoparkı,BEŞİKTAŞ,41.0561,29.0342,35,16,19,AÇIK OTOPARK,1,15,24 Saat
2026-08-10T18:07:36.570775+00:00,2026-08-10T21:07:36.570775+03:00,569,Oda Kule Önü 1,BEYOĞLU,41.0322,28.9751,24,1,23,YOL ÜSTÜ,1,0,07:00-01:00
2026-08-10T18:07:36.570775+00:00,2026-08-10T21:07:36.570775+03:00,1988,Orhangazi Şehir Parkı PD Açık Otoparkı,MALTEPE,40.9313,29.1161,5022,3541,1481,AÇIK OTOPARK,1,15,24 Saat
2026-08-10T18:07:36.570775+00:00,2026-08-10T21:07:36.570775+03:00,152,Ortabahçe Caddesi 2,BEŞİKTAŞ,41.0428,29.0043,35,35,0,YOL ÜSTÜ,1,15,08:00-23:00
2026-08-10T18:07:36.570775+00:00,2026-08-10T21:07:36.570775+03:00,153,Ortabahçe Caddesi 3,BEŞİKTAŞ,41.043,29.0042,26,1,25,YOL ÜSTÜ,1,15,08:00-23:00
2026-08-10T18:07:36.570775+00:00,2026-08-10T21:07:36.570775+03:00,119,Ortaklar Caddesi 1,ŞİŞLİ,41.0638,28.9971,25,1,24,YOL ÜSTÜ,0,15,08:30-17:00
2026-08-10T18:07:36.570775+00:00,2026-08-10T21:07:36.570775+03:00,1343,Ortaköy Açık Otoparkı,BEŞİKTAŞ,41.0504,29.0326,170,139,31,AÇIK OTOPARK,1,0,24 Saat
2026-08-10T18:07:36.570775+00:00,2026-08-10T21:07:36.570775+03:00,572,Ortaköy Portakal Yokuşu 1,BEŞİKTAŞ,41.0503,29.0261,15,1,14,YOL ÜSTÜ,0,15,09:00-19:00
2026-08-10T18:07:36.570775+00:00,2026-08-10T21:07:36.570775+03:00,1039,Öğretmen Evi,AVCILAR,40.9723,28.714,80,42,38,AÇIK OTOPARK,1,0,11:00-23:00
2026-08-10T18:07:36.570775+00:00,2026-08-10T21:07:36.570775+03:00,1466,Pendik Katlı Otoparkı,PENDİK,40.8789,29.2342,120,0,120,KAPALI OTOPARK,1,15,24 Saat
2026-08-10T18:07:36.570775+00:00,2026-08-10T21:07:36.570775+03:00,3073,Pendik Kemal Kalkuz Parkı Zemin Altı Otoparkı,PENDİK,40.8885,29.2427,224,0,224,KAPALI OTOPARK,0,0,09:00-18:00
2026-08-10T18:07:36.570775+00:00,2026-08-10T21:07:36.570775+03:00,3019,Pendik Meydan Zemin Altı Otoparkı,PENDİK,40.8752,29.2324,937,0,937,KAPALI OTOPARK,1,0,24 Saat
2026-08-10T18:07:36.570775+00:00,2026-08-10T21:07:36.570775+03:00,2865,Pendik Sahil Engelliler Merkez Önü,PENDİK,40.8735,29.233,100,66,34,AÇIK OTOPARK,0,0,11:00-20:00
2026-08-10T18:07:36.570775+00:00,2026-08-10T21:07:36.570775+03:00,2434,Pendik Sahil İdo,PENDİK,40.8755,29.2369,100,0,100,AÇIK OTOPARK,1,0,07:00-23:00
2026-08-10T18:07:36.570775+00:00,2026-08-10T21:07:36.570775+03:00,248,Pendik Yenimahalle Açık 2 Otoparkı,PENDİK,40.864,29.2723,124,107,17,AÇIK OTOPARK,1,15,10:00-22:00
2026-08-10T18:07:36.570775+00:00,2026-08-10T21:07:36.570775+03:00,297,Perşembe Pazarı 1,BEYOĞLU,41.0252,28.9693,32,1,31,YOL ÜSTÜ,0,15,08:00-17:00
2026-08-10T18:07:36.570775+00:00,2026-08-10T21:07:36.570775+03:00,597,Pierre Loti Caddesi 3,FATİH,41.0069,28.9711,36,1,35,YOL ÜSTÜ,0,0,07:00-17:00
2026-08-10T18:07:36.570775+00:00,2026-08-10T21:07:36.570775+03:00,3263,Piyalepaşa Meydanı Zemin Altı Otoparkı,BEYOĞLU,41.0445,28.9674,560,265,295,KAPALI OTOPARK,1,0,24 Saat
2026-08-10T18:07:36.570775+00:00,2026-08-10T21:07:36.570775+03:00,1900,Ragıp Gümüşpala Cad.(Sobacılar Önü),FATİH,41.0181,28.969,40,1,39,YOL ÜSTÜ,0,15,07:00-18:00
2026-08-10T18:07:36.570775+00:00,2026-08-10T21:07:36.570775+03:00,415,Ragıp Gümüşpala Camii Önü 1,FATİH,41.0211,28.9627,35,1,34,YOL ÜSTÜ,0,0,07:00-17:30
2026-08-10T18:07:36.570775+00:00,2026-08-10T21:07:36.570775+03:00,3268,Refik Saydam Caddesi 3,BEYOĞLU,41.032,28.9736,55,1,54,YOL ÜSTÜ,1,0,06:00-23:00
2026-08-10T18:07:36.570775+00:00,2026-08-10T21:07:36.570775+03:00,2307,Ressam Halim Sokak PD Açık Otoparkı,BAHÇELİEVLER,40.9967,28.8641,120,102,18,AÇIK OTOPARK,1,15,08:00-00:00
2026-08-10T18:07:36.570775+00:00,2026-08-10T21:07:36.570775+03:00,3082,Rumeli Hisarı Sahil Yolu Otoparkı,SARIYER,41.0854,29.0568,20,0,20,AÇIK OTOPARK,1,0,24 Saat
2026-08-10T18:07:36.570775+00:00,2026-08-10T21:07:36.570775+03:00,1595,Sabiha Gökçen Açık Otoparkı,PENDİK,40.925,29.308,1056,249,807,AÇIK OTOPARK,1,15,24 Saat
2026-08-10T18:07:36.570775+00:00,2026-08-10T21:07:36.570775+03:00,3239,Samatya Sahil Cep Otoparkı,FATİH,40.9954,28.932,113,94,19,AÇIK OTOPARK,1,15,24 Saat
2026-08-10T18:07:36.570775+00:00,2026-08-10T21:07:36.570775+03:00,3273,Sarıyer Büyükdere Fidanlığı,SARIYER,41.1548,29.0268,160,155,5,AÇIK OTOPARK,0,0,08:00-18:00
2026-08-10T18:07:36.570775+00:00,2026-08-10T21:07:36.570775+03:00,3299,Sariyer Ayazağa Mah Vadi İstanbul Önü Açık Otoparkı,SARIYER,41.1106,28.9881,100,96,4,AÇIK OTOPARK,0,0,08:00-20:00
2026-08-10T18:07:36.570775+00:00,2026-08-10T21:07:36.570775+03:00,1303,Seyrantepe Katlı (Arena Karşısı) 1,KAĞITHANE,41.101,28.9961,1897,1897,0,KAPALI OTOPARK,1,0,24 Saat
2026-08-10T18:07:36.570775+00:00,2026-08-10T21:07:36.570775+03:00,1628,Sıracevizler Caddesi Yol Üstü 5,ŞİŞLİ,41.0607,28.9841,45,1,44,YOL ÜSTÜ,0,15,09:00-17:00
2026-08-10T18:07:36.570775+00:00,2026-08-10T21:07:36.570775+03:00,464,Sirkeci Gar Önü,FATİH,41.015,28.9761,60,1,59,AÇIK OTOPARK,0,5,07:00-20:00
2026-08-10T18:07:36.570775+00:00,2026-08-10T21:07:36.570775+03:00,1486,Siyavuşpaşa Yer Altı Otoparkı,BAHÇELİEVLER,40.9965,28.8532,155,0,155,KAPALI OTOPARK,1,0,24 Saat
2026-08-10T18:07:36.570775+00:00,2026-08-10T21:07:36.570775+03:00,1958,Soğanlık Metro PD Açık Otoparkı,KARTAL,40.9131,29.1925,898,872,26,AÇIK OTOPARK,1,15,24 Saat
2026-08-10T18:07:36.570775+00:00,2026-08-10T21:07:36.570775+03:00,589,Su Terazisi Sokak,FATİH,41.0046,28.9727,22,1,21,YOL ÜSTÜ,0,0,07:30-17:00
2026-08-10T18:07:36.570775+00:00,2026-08-10T21:07:36.570775+03:00,1478,Suadiye Cep Açık Otoparkı,KADIKÖY,40.9586,29.0732,130,25,105,AÇIK OTOPARK,1,15,24 Saat
2026-08-10T18:07:36.570775+00:00,2026-08-10T21:07:36.570775+03:00,2948,Suadiye Sahil Açık Otoparkı,KADIKÖY,40.9562,29.0797,70,3,67,AÇIK OTOPARK,1,5,24 Saat
2026-08-10T18:07:36.570775+00:00,2026-08-10T21:07:36.570775+03:00,2799,Sultanbeyli Emir Caddesi Zemin Altı Otoparkı,SULTANBEYLİ,40.9707,29.2606,130,116,14,KAPALI OTOPARK,1,15,08:00-22:00
2026-08-10T18:07:36.570775+00:00,2026-08-10T21:07:36.570775+03:00,2372,Sultanbeyli Kent Meydanı Zemin Altı Otoparkı,SULTANBEYLİ,40.9667,29.2667,300,185,115,KAPALI OTOPARK,1,15,24 Saat
2026-08-10T18:07:36.570775+00:00,2026-08-10T21:07:36.570775+03:00,2410,Sultangazi Zemin Altı Otoparkı,SULTANGAZİ,41.0944,28.8649,104,0,104,KAPALI OTOPARK,1,10,24 Saat
2026-08-10T18:07:36.570775+00:00,2026-08-10T21:07:36.570775+03:00,2085,Süleyman Seba Caddesi 2,BEŞİKTAŞ,41.0426,28.9998,40,1,39,YOL ÜSTÜ,0,15,08:00-18:00
2026-08-10T18:07:36.570775+00:00,2026-08-10T21:07:36.570775+03:00,2088,Süleyman Seba Caddesi 5,BEŞİKTAŞ,41.0432,28.9978,40,1,39,YOL ÜSTÜ,0,15,08:00-18:00
2026-08-10T18:07:36.570775+00:00,2026-08-10T21:07:36.570775+03:00,2089,Süleyman Seba Caddesi 6,BEŞİKTAŞ,41.0435,28.9967,11,1,10,YOL ÜSTÜ,0,15,08:00-18:00
2026-08-10T18:07:36.570775+00:00,2026-08-10T21:07:36.570775+03:00,2391,Süleymaniye Cami Altı Açık Otoparkı,FATİH,41.0158,28.961,250,235,15,AÇIK OTOPARK,0,0,06:30-18:30
2026-08-10T18:07:36.570775+00:00,2026-08-10T21:07:36.570775+03:00,1730,Sütlüce Miniatürk Yanı,BEYOĞLU,41.057,28.95,320,186,134,AÇIK OTOPARK,1,15,24 Saat
2026-08-10T18:07:36.570775+00:00,2026-08-10T21:07:36.570775+03:00,36,Şakayık Sokak 4,ŞİŞLİ,41.0518,28.9936,50,1,49,YOL ÜSTÜ,0,15,08:00-16:00
2026-08-10T18:07:36.570775+00:00,2026-08-10T21:07:36.570775+03:00,1469,Şehit Volkan Duysak Katlı Otoparkı,ZEYTİNBURNU,40.9968,28.9039,1000,683,317,KAPALI OTOPARK,1,5,24 Saat
2026-08-10T18:07:36.570775+00:00,2026-08-10T21:07:36.570775+03:00,2855,Şemsipaşa Açık Otoparkı,ÜSKÜDAR,41.0255,29.0097,80,31,49,AÇIK OTOPARK,1,0,24 Saat
2026-08-10T18:07:36.570775+00:00,2026-08-10T21:07:36.570775+03:00,2439,Şirinevler Meydan Zeminaltı Otoparkı,BAHÇELİEVLER,40.9925,28.8496,367,76,291,KAPALI OTOPARK,1,0,24 Saat
2026-08-10T18:07:36.570775+00:00,2026-08-10T21:07:36.570775+03:00,3400,Şişhane Refik Saydam Caddesi 2 Yol Üstü Otoparkı 1,BEYOĞLU,41.0326,28.9743,70,1,69,YOL ÜSTÜ,1,15,06:00-23:00
2026-08-10T18:07:36.570775+00:00,2026-08-10T21:07:36.570775+03:00,3441,Şişli Kuştepe Zemin Altı Otoparkı,ŞİŞLİ,41.072,28.9919,430,326,104,KAPALI OTOPARK,1,15,24 Saat
2026-08-10T18:07:36.570775+00:00,2026-08-10T21:07:36.570775+03:00,2816,Şişli Rumeli Caddesi Metro Yanı 1,ŞİŞLİ,41.0538,28.9868,45,1,44,YOL ÜSTÜ,0,15,08:00-20:00
2026-08-10T18:07:36.570775+00:00,2026-08-10T21:07:36.570775+03:00,2406,Şişli Zemin Altı Otoparkı,ŞİŞLİ,41.0641,28.9992,581,412,169,KAPALI OTOPARK,1,15,24 Saat
2026-08-10T18:07:36.570775+00:00,2026-08-10T21:07:36.570775+03:00,1993,Tuzla İdo,TUZLA,40.8149,29.3039,300,74,226,AÇIK OTOPARK,1,15,24 Saat
2026-08-10T18:07:36.570775+00:00,2026-08-10T21:07:36.570775+03:00,3332,Tuzla Sahil Cep,TUZLA,40.8168,29.2992,50,40,10,AÇIK OTOPARK,1,0,08:00-00:00
2026-08-10T18:07:36.570775+00:00,2026-08-10T21:07:36.570775+03:00,3057,Tuzla Sahil Zemin Altı Otoparkı,TUZLA,40.8181,29.3004,779,1,778,KAPALI OTOPARK,1,15,24 Saat
2026-08-10T18:07:36.570775+00:00,2026-08-10T21:07:36.570775+03:00,1811,Ulu Camii Açık Otoparkı,BAHÇELİEVLER,40.9982,28.8499,150,115,35,AÇIK OTOPARK,1,10,24 Saat
2026-08-10T18:07:36.570775+00:00,2026-08-10T21:07:36.570775+03:00,2424,Uzunçayır Açık Otoparkı,KADIKÖY,40.9988,29.0556,58,52,6,AÇIK OTOPARK,0,0,06:00-16:00
2026-08-10T18:07:36.570775+00:00,2026-08-10T21:07:36.570775+03:00,1468,Ümraniye Katlı Otoparkı,ÜMRANİYE,41.0261,29.0953,665,515,150,KAPALI OTOPARK,1,15,24 Saat
2026-08-10T18:07:36.570775+00:00,2026-08-10T21:07:36.570775+03:00,2898,Ümraniye Okan Sokak Zeminaltı Otoparkı,ÜMRANİYE,41.0284,29.0907,125,27,98,KAPALI OTOPARK,1,15,24 Saat
2026-08-10T18:07:36.570775+00:00,2026-08-10T21:07:36.570775+03:00,2345,Üsküdar Uzunçayır PD Açık Otoparkı,ÜSKÜDAR,40.9988,29.0577,90,86,4,AÇIK OTOPARK,1,15,06:00-22:00
2026-08-10T18:07:36.570775+00:00,2026-08-10T21:07:36.570775+03:00,1929,Üsküdar Ünalan Açık Otoparkı,ÜSKÜDAR,40.9979,29.0604,180,175,5,AÇIK OTOPARK,0,0,07:00-17:00
2026-08-10T18:07:36.570775+00:00,2026-08-10T21:07:36.570775+03:00,1487,Vatan Caddesi PD Açık Otoparkı,FATİH,41.0157,28.9405,397,340,57,AÇIK OTOPARK,1,5,24 Saat
2026-08-10T18:07:36.570775+00:00,2026-08-10T21:07:36.570775+03:00,2441,Yalı Açık Otoparkı,MALTEPE,40.9095,29.137,85,81,4,AÇIK OTOPARK,1,0,07:30-22:00
2026-08-10T18:07:36.570775+00:00,2026-08-10T21:07:36.570775+03:00,459,Yalı Köşkü Caddesi 1,FATİH,41.0163,28.9759,61,1,60,YOL ÜSTÜ,0,5,07:00-21:00
2026-08-10T18:07:36.570775+00:00,2026-08-10T21:07:36.570775+03:00,2037,Yenikapı Marmaray Büyük Otoparkı,FATİH,41.0057,28.9505,324,223,101,AÇIK OTOPARK,1,15,24 Saat
2026-08-10T18:07:36.570775+00:00,2026-08-10T21:07:36.570775+03:00,2036,Yenikapı Marmaray Küçük Otoparkı,FATİH,41.0064,28.9504,200,196,4,AÇIK OTOPARK,1,15,07:00-22:00
2026-08-10T18:07:36.570775+00:00,2026-08-10T21:07:36.570775+03:00,2175,Yenikapı Spor ve Kültür Merkezi PD Açık Otoparkı,FATİH,41.0006,28.9519,4023,3704,319,AÇIK OTOPARK,1,15,24 Saat
2026-08-10T18:07:36.570775+00:00,2026-08-10T21:07:36.570775+03:00,2805,Yenikapı Tünel Üstü Açık Otoparkı,FATİH,41.0029,28.9534,700,642,58,AÇIK OTOPARK,1,10,24 Saat
2026-08-10T18:07:36.570775+00:00,2026-08-10T21:07:36.570775+03:00,3404,Yenimahalle Metro Zemin Altı PD Otoparkı,GAZİOSMANPAŞA,41.0839,28.8926,114,93,21,KAPALI OTOPARK,1,15,24 Saat
2026-08-10T18:07:36.570775+00:00,2026-08-10T21:07:36.570775+03:00,2920,Yeşilce Zemin Altı Katlı Otoparkı,KAĞITHANE,41.0938,29.0017,676,46,630,KAPALI OTOPARK,1,0,24 Saat
2026-08-10T18:07:36.570775+00:00,2026-08-10T21:07:36.570775+03:00,987,Yeşilköy İstasyon Caddesi 1,BAKIRKÖY,40.962,28.825,40,1,39,YOL ÜSTÜ,0,15,09:00-17:30
2026-08-10T18:07:36.570775+00:00,2026-08-10T21:07:36.570775+03:00,974,Yeşilköy Marina 1,BAKIRKÖY,40.9576,28.8233,145,1,144,YOL ÜSTÜ,1,0,12:00-23:00
2026-08-10T18:07:36.570775+00:00,2026-08-10T21:07:36.570775+03:00,3406,Yeşilpınar Metro Zemin Altı PD Otoparkı,EYÜP,41.081,28.9204,269,195,74,KAPALI OTOPARK,1,15,24 Saat
2026-08-10T18:07:36.570775+00:00,2026-08-10T21:07:36.570775+03:00,315,Yeşilyurt Çarşı 1,BAKIRKÖY,40.9643,28.8379,50,1,49,YOL ÜSTÜ,0,15,09:00-17:30
2026-08-10T18:07:36.570775+00:00,2026-08-10T21:07:36.570775+03:00,1133,Yıldız Korusu,BEŞİKTAŞ,41.0514,29.0165,500,500,0,AÇIK OTOPARK,1,0,08:00-22:00
2026-08-10T18:07:36.570775+00:00,2026-08-10T21:07:36.570775+03:00,882,Zeytinburnu 58. Bulvar 2,ZEYTİNBURNU,40.9932,28.9039,48,1,47,YOL ÜSTÜ,0,15,09:00-18:00
2026-08-10T18:07:36.570775+00:00,2026-08-10T21:07:36.570775+03:00,3185,Zeytinburnu Sahil Cep Otoparkı,ZEYTİNBURNU,40.9798,28.8985,160,1,159,AÇIK OTOPARK,1,0,12:00-22:00
2026-08-10T19:16:24.551024+00:00,2026-08-10T22:16:24.551024+03:00,3068,15 Temmuz Şehitler Meydanı Zeminaltı Otoparkı,ÜMRANİYE,41.0246,29.0915,1029,576,453,KAPALI OTOPARK,1,15,24 Saat
2026-08-10T19:16:24.551024+00:00,2026-08-10T22:16:24.551024+03:00,2338,19 Mayıs Açık,ŞİŞLİ,41.0563,28.9941,65,0,65,AÇIK OTOPARK,1,0,24 Saat
2026-08-10T19:16:24.551024+00:00,2026-08-10T22:16:24.551024+03:00,1751,4.Levent PD Açık Otoparkı,KAĞITHANE,41.0836,29.0081,236,131,105,AÇIK OTOPARK,1,5,24 Saat
2026-08-10T19:16:24.551024+00:00,2026-08-10T22:16:24.551024+03:00,3328,4.Levent Servis ve Turizm Araçları Açık Otoparkı,ŞİŞLİ,41.0841,29.0054,300,135,165,AÇIK OTOPARK,1,15,24 Saat
2026-08-10T19:16:24.551024+00:00,2026-08-10T22:16:24.551024+03:00,3412,5. Levent Gaziosmanpaşa Adliyesi Yanı Açık Otoparkı,EYÜP,41.0927,28.9494,250,214,36,AÇIK OTOPARK,1,15,07:00-23:00
2026-08-10T19:16:24.551024+00:00,2026-08-10T22:16:24.551024+03:00,104,Abide-i Hürriyet Caddesi 5,ŞİŞLİ,41.0619,28.9876,40,1,39,YOL ÜSTÜ,0,15,08:00-17:00
2026-08-10T19:16:24.551024+00:00,2026-08-10T22:16:24.551024+03:00,2452,Acıbadem Açık Otoparkı,ÜSKÜDAR,41.0157,29.0574,100,86,14,AÇIK OTOPARK,0,0,06:30-16:00
2026-08-10T19:16:24.551024+00:00,2026-08-10T22:16:24.551024+03:00,346,Ada Karşısı Cep 2,BEŞİKTAŞ,41.072,29.045,30,1,29,YOL ÜSTÜ,1,15,08:00-23:00
2026-08-10T19:16:24.551024+00:00,2026-08-10T22:16:24.551024+03:00,1663,Akasyalı Sokak Tenis Kulubü Önü 2,BEŞİKTAŞ,41.0867,29.0109,45,1,44,YOL ÜSTÜ,0,15,08:30-17:30
2026-08-10T19:16:24.551024+00:00,2026-08-10T22:16:24.551024+03:00,828,Akdeniz Caddesi 4,FATİH,41.0175,28.9435,27,1,26,YOL ÜSTÜ,0,15,09:00-18:00
2026-08-10T19:16:24.551024+00:00,2026-08-10T22:16:24.551024+03:00,1913,Alibeyköy Cep Otogarı Açık Otoparkı,EYÜP,41.0879,28.9446,116,0,116,AÇIK OTOPARK,1,25,24 Saat
2026-08-10T19:16:24.551024+00:00,2026-08-10T22:16:24.551024+03:00,1912,Alibeyköy Cep Otogarı Otobüs Otoparkı,EYÜP,41.0875,28.9449,5000,4975,25,AÇIK OTOPARK,1,60,24 Saat
2026-08-10T19:16:24.551024+00:00,2026-08-10T22:16:24.551024+03:00,2562,Alibeyköy Yeşiltepe Zemin Altı Otoparkı,EYÜP,41.0797,28.938,159,58,101,KAPALI OTOPARK,1,15,24 Saat
2026-08-10T19:16:24.551024+00:00,2026-08-10T22:16:24.551024+03:00,3201,Altınboynuz Sosyal Tesisleri,EYÜP,41.058,28.9447,70,69,1,AÇIK OTOPARK,1,15,08:00-23:00
2026-08-10T19:16:24.551024+00:00,2026-08-10T22:16:24.551024+03:00,758,Arap Camii Açık Otoparkı,BEYOĞLU,41.0227,28.9723,30,1,29,AÇIK OTOPARK,0,0,09:00-17:00
2026-08-10T19:16:24.551024+00:00,2026-08-10T22:16:24.551024+03:00,1963,Aras Sokak 1,BÜYÜKÇEKMECE,41.0226,28.622,60,60,0,YOL ÜSTÜ,0,0,06:00-14:30
2026-08-10T19:16:24.551024+00:00,2026-08-10T22:16:24.551024+03:00,2802,Arnavutköy Zemin Altı Otoparkı,ARNAVUTKÖY,41.1838,28.7396,700,18,682,KAPALI OTOPARK,1,15,24 Saat
2026-08-10T19:16:24.551024+00:00,2026-08-10T22:16:24.551024+03:00,1797,Ataköy Atrium AVM,BAKIRKÖY,40.9881,28.8459,250,194,56,AÇIK OTOPARK,1,15,08:00-23:00
2026-08-10T19:16:24.551024+00:00,2026-08-10T22:16:24.551024+03:00,2824,Ataköy Metro Durağı Yanı PD Zemin Altı Otoparkı,BAKIRKÖY,40.9904,28.8456,150,80,70,KAPALI OTOPARK,1,0,24 Saat
2026-08-10T19:16:24.551024+00:00,2026-08-10T22:16:24.551024+03:00,359,Atatürk Bulvarı 1,FATİH,41.0112,28.9534,20,1,19,YOL ÜSTÜ,0,0,07:30-18:00
2026-08-10T19:16:24.551024+00:00,2026-08-10T22:16:24.551024+03:00,3087,Atatürk Kent Ormanı Otoparkı,SARIYER,41.136,29.0262,200,198,2,AÇIK OTOPARK,0,0,08:00-17:00
2026-08-10T19:16:24.551024+00:00,2026-08-10T22:16:24.551024+03:00,1088,Avcılar İdo,AVCILAR,40.9712,28.7185,270,263,7,AÇIK OTOPARK,1,0,13:00-07:00
2026-08-10T19:16:24.551024+00:00,2026-08-10T22:16:24.551024+03:00,2885,Azapkapı Haliç Metro Otoparkı,ŞİŞLİ,41.0245,28.9691,80,38,42,AÇIK OTOPARK,1,5,24 Saat
2026-08-10T19:16:24.551024+00:00,2026-08-10T22:16:24.551024+03:00,2455,Azerbaycan Dostluk Parkı Zemin Altı Otoparkı,BAĞCILAR,41.0444,28.854,400,178,222,KAPALI OTOPARK,1,10,24 Saat
2026-08-10T19:16:24.551024+00:00,2026-08-10T22:16:24.551024+03:00,2965,Bağcılar Çolakoğlu Zemin Altı Otoparkı,BAĞCILAR,41.0324,28.8345,106,0,106,KAPALI OTOPARK,1,5,24 Saat
2026-08-10T19:16:24.551024+00:00,2026-08-10T22:16:24.551024+03:00,2576,Bağcılar Demirkapı Zemin Altı Otoparkı,BAĞCILAR,41.0499,28.8327,343,146,197,KAPALI OTOPARK,1,5,24 Saat
2026-08-10T19:16:24.551024+00:00,2026-08-10T22:16:24.551024+03:00,3036,Bağcılar Devlet Hastanesi Yanı Zeminaltı Otoparkı,BAĞCILAR,41.0312,28.8696,1133,130,1003,KAPALI OTOPARK,1,15,24 Saat
2026-08-10T19:16:24.551024+00:00,2026-08-10T22:16:24.551024+03:00,3071,Bağcılar Emniyet Müdürlüğü Yanı Açık Otoparkı,BAĞCILAR,41.0353,28.8598,100,69,31,AÇIK OTOPARK,1,0,24 Saat
2026-08-10T19:16:24.551024+00:00,2026-08-10T22:16:24.551024+03:00,2873,Bağcılar Göztepe Zemin Altı,BAĞCILAR,41.0567,28.8355,120,0,120,KAPALI OTOPARK,1,5,24 Saat
2026-08-10T19:16:24.551024+00:00,2026-08-10T22:16:24.551024+03:00,3187,Bağcılar Hürriyet Mahallesi Zemin Altı Otoparkı,BAĞCILAR,41.0291,28.8333,355,0,355,KAPALI OTOPARK,1,10,24 Saat
2026-08-10T19:16:24.551024+00:00,2026-08-10T22:16:24.551024+03:00,2916,Bağcılar Kent Meydanı PD Zemin Altı Otoparkı,BAĞCILAR,41.0339,28.8556,1162,0,1162,KAPALI OTOPARK,1,0,24 Saat
2026-08-10T19:16:24.551024+00:00,2026-08-10T22:16:24.551024+03:00,3261,Bağcılar Yenimahalle Zemin Altı Otoparkı,BAĞCILAR,41.0425,28.8395,525,241,284,KAPALI OTOPARK,1,15,24 Saat
2026-08-10T19:16:24.551024+00:00,2026-08-10T22:16:24.551024+03:00,2820,Bağcılar Yıldıztepe Katlı Otoparkı,BAĞCILAR,41.0294,28.8556,350,0,350,KAPALI OTOPARK,1,10,24 Saat
2026-08-10T19:16:24.551024+00:00,2026-08-10T22:16:24.551024+03:00,3447,Bahçelievler 23 Nisan Milli Egemenlik Zeminaltı Otoparkı,BAHÇELİEVLER,40.9988,28.8472,732,447,285,KAPALI OTOPARK,1,10,24 Saat
2026-08-10T19:16:24.551024+00:00,2026-08-10T22:16:24.551024+03:00,2993,Bahçelievler Cumhuriyet Zeminaltı Otoparkı,BAHÇELİEVLER,41.0149,28.859,663,0,663,KAPALI OTOPARK,1,10,24 Saat
2026-08-10T19:16:24.551024+00:00,2026-08-10T22:16:24.551024+03:00,2969,Bahçelievler Devlet Hastanesi Yanı Katlı Otoparkı,BAHÇELİEVLER,41.0072,28.8442,740,0,740,KAPALI OTOPARK,1,0,24 Saat
2026-08-10T19:16:24.551024+00:00,2026-08-10T22:16:24.551024+03:00,3051,Bahçelievler Zafer Mh. Zeminaltı Otoparkı,BAHÇELİEVLER,41.0036,28.8351,200,64,136,KAPALI OTOPARK,1,0,24 Saat
2026-08-10T19:16:24.551024+00:00,2026-08-10T22:16:24.551024+03:00,3236,Bahçeşehir Gölet Açık Otoparkı,BAŞAKŞEHİR,41.0719,28.6901,200,1,199,AÇIK OTOPARK,0,0,12:00-22:00
2026-08-10T19:16:24.551024+00:00,2026-08-10T22:16:24.551024+03:00,1465,Bakırköy İdo Açık Otoparkı,BAKIRKÖY,40.9739,28.8761,160,92,68,AÇIK OTOPARK,1,10,24 Saat
2026-08-10T19:16:24.551024+00:00,2026-08-10T22:16:24.551024+03:00,1104,Balmumcu Katlı Otoparkı,BEŞİKTAŞ,41.0636,29.0109,400,322,78,KAPALI OTOPARK,1,5,24 Saat
2026-08-10T19:16:24.551024+00:00,2026-08-10T22:16:24.551024+03:00,2350,Bayrampaşa Adapark Katlı Otoparkı,BAYRAMPAŞA,41.0647,28.8875,650,0,650,KAPALI OTOPARK,1,15,24 Saat
2026-08-10T19:16:24.551024+00:00,2026-08-10T22:16:24.551024+03:00,2892,Bayrampaşa Altıntepsi Zemin  Altı Otoparkı,BAYRAMPAŞA,41.0393,28.9029,110,0,110,KAPALI OTOPARK,1,10,24 Saat
2026-08-10T19:16:24.551024+00:00,2026-08-10T22:16:24.551024+03:00,2909,Bayrampaşa Atatürk Parkı  Zemin Altı Otoparkı,BAYRAMPAŞA,41.0342,28.9123,442,0,442,KAPALI OTOPARK,1,10,24 Saat
2026-08-10T19:16:24.551024+00:00,2026-08-10T22:16:24.551024+03:00,2683,Bayrampaşa Devlet Hastanesi Cep Otoparkı,BAYRAMPAŞA,41.0414,28.9031,55,7,48,AÇIK OTOPARK,0,0,08:00-19:00
2026-08-10T19:16:24.551024+00:00,2026-08-10T22:16:24.551024+03:00,3301,Bayrampaşa Kocatepe Mahallesi Zemin Altı Otoparkı,BAYRAMPAŞA,41.0545,28.8964,241,0,241,KAPALI OTOPARK,1,10,24 Saat
2026-08-10T19:16:24.551024+00:00,2026-08-10T22:16:24.551024+03:00,2053,Bayrampaşa Muratpaşa Yer Altı Otoparkı,BAYRAMPAŞA,41.047,28.9082,300,0,300,KAPALI OTOPARK,1,15,24 Saat
2026-08-10T19:16:24.551024+00:00,2026-08-10T22:16:24.551024+03:00,3175,Bayrampaşa Spor Kompleksi Zemin Altı Otoparkı,BAYRAMPAŞA,41.0446,28.9106,205,0,205,KAPALI OTOPARK,1,15,24 Saat
2026-08-10T19:16:24.551024+00:00,2026-08-10T22:16:24.551024+03:00,3382,Bayrampaşa Şehit Kamil Balkan Zemin Altı Otoparkı,BAYRAMPAŞA,41.0604,28.9008,235,0,235,KAPALI OTOPARK,1,10,24 Saat
2026-08-10T19:16:24.551024+00:00,2026-08-10T22:16:24.551024+03:00,2428,Bayrampaşa Yenidoğan Mahallesi Zemin Altı Otoparkı,BAYRAMPAŞA,41.0395,28.9088,120,0,120,KAPALI OTOPARK,1,10,24 Saat
2026-08-10T19:16:24.551024+00:00,2026-08-10T22:16:24.551024+03:00,2468,Bebek Açık,BEŞİKTAŞ,41.077,29.0434,30,0,30,AÇIK OTOPARK,1,0,24 Saat
2026-08-10T19:16:24.551024+00:00,2026-08-10T22:16:24.551024+03:00,3479,Beşiktaş Halk Pazarı Açık Otoparkı,BEŞİKTAŞ,41.0496,29.0004,170,91,79,AÇIK OTOPARK,1,5,24 Saat
2026-08-10T19:16:24.551024+00:00,2026-08-10T22:16:24.551024+03:00,3257,Beykoz Sahil Cep Otoparkı,BEYKOZ,41.1286,29.0953,100,75,25,AÇIK OTOPARK,1,0,08:00-00:00
2026-08-10T19:16:24.551024+00:00,2026-08-10T22:16:24.551024+03:00,2273,Beykoz Sosyal Tesisleri,BEYKOZ,41.1143,29.0888,130,0,130,AÇIK OTOPARK,1,15,08:00-00:00
2026-08-10T19:16:24.551024+00:00,2026-08-10T22:16:24.551024+03:00,2999,Beyoğlu Gazhane Bostan Sokak 2,BEYOĞLU,41.0389,28.9903,35,1,34,YOL ÜSTÜ,0,0,07:30-16:30
2026-08-10T19:16:24.551024+00:00,2026-08-10T22:16:24.551024+03:00,3072,Beyoğlu Örnektepe Zemin Altı Otoparkı,BEYOĞLU,41.0543,28.9548,143,0,143,KAPALI OTOPARK,1,0,24 Saat
2026-08-10T19:16:24.551024+00:00,2026-08-10T22:16:24.551024+03:00,1455,Bostancı Açık,KADIKÖY,40.9523,29.0902,394,89,305,AÇIK OTOPARK,1,15,24 Saat
2026-08-10T19:16:24.551024+00:00,2026-08-10T22:16:24.551024+03:00,1456,Bostancı Sahil-Cep Açık Otoparkı,KADIKÖY,40.9545,29.0885,192,102,90,AÇIK OTOPARK,1,15,24 Saat
2026-08-10T19:16:24.551024+00:00,2026-08-10T22:16:24.551024+03:00,2150,Bostancı Vergi Dairesi Açık Otoparkı,ATAŞEHİR,40.9625,29.1083,155,0,155,AÇIK OTOPARK,0,5,08:00-20:00
2026-08-10T19:16:24.551024+00:00,2026-08-10T22:16:24.551024+03:00,2854,Bülent Ecevit Kültür Merkezi Açık Otoparkı,KARTAL,40.8852,29.1967,277,266,11,AÇIK OTOPARK,0,0,10:00-21:00
2026-08-10T19:16:24.551024+00:00,2026-08-10T22:16:24.551024+03:00,2866,Büyük İstanbul Otogarı,BAYRAMPAŞA,41.0402,28.8942,1000,0,1000,AÇIK OTOPARK,1,25,24 Saat
2026-08-10T19:16:24.551024+00:00,2026-08-10T22:16:24.551024+03:00,1192,Büyükçamlıca Korusu Sosyal Tesisleri Önü,ÜSKÜDAR,41.0264,29.0698,204,112,92,AÇIK OTOPARK,1,0,08:00-00:00
2026-08-10T19:16:24.551024+00:00,2026-08-10T22:16:24.551024+03:00,2960,Büyükçekmece Metrobüs Durağı Yanı PD Zemin Altı Otopark,BÜYÜKÇEKMECE,41.0221,28.624,448,67,381,KAPALI OTOPARK,1,0,24 Saat
2026-08-10T19:16:24.551024+00:00,2026-08-10T22:16:24.551024+03:00,1503,Cadde Bostan Açık Otoparkı,KADIKÖY,40.9636,29.0675,66,16,50,AÇIK OTOPARK,1,15,24 Saat
2026-08-10T19:16:24.551024+00:00,2026-08-10T22:16:24.551024+03:00,2933,Cemal Kamacı Spor Kompleksi Zemin Altı Otoparkı,KAĞITHANE,41.0536,28.9575,510,0,510,KAPALI OTOPARK,1,0,24 Saat
2026-08-10T19:16:24.551024+00:00,2026-08-10T22:16:24.551024+03:00,2207,Cengiz Topel Yer Altı Katlı Otoparkı,ESENLER,41.0588,28.8643,144,0,144,KAPALI OTOPARK,1,15,24 Saat
2026-08-10T19:16:24.551024+00:00,2026-08-10T22:16:24.551024+03:00,2787,Cevizli Açık Otoparkı,KARTAL,40.9179,29.1712,100,86,14,AÇIK OTOPARK,0,15,08:00-19:00
2026-08-10T19:16:24.551024+00:00,2026-08-10T22:16:24.551024+03:00,782,Cihangir Caddesi 2,BEYOĞLU,41.0319,28.9862,70,1,69,YOL ÜSTÜ,0,15,09:00-19:00
2026-08-10T19:16:24.551024+00:00,2026-08-10T22:16:24.551024+03:00,1467,Cihangir Katlı Otoparkı,BEYOĞLU,41.0318,28.9858,350,0,350,KAPALI OTOPARK,1,0,24 Saat
2026-08-10T19:16:24.551024+00:00,2026-08-10T22:16:24.551024+03:00,535,Cihannuma Yol Üstü 1,BEŞİKTAŞ,41.0454,29.0084,35,1,34,YOL ÜSTÜ,1,0,08:00-23:00
2026-08-10T19:16:24.551024+00:00,2026-08-10T22:16:24.551024+03:00,537,Cihannuma Yol Üstü 3,BEŞİKTAŞ,41.0459,29.0087,33,1,32,YOL ÜSTÜ,1,0,08:00-23:00
2026-08-10T19:16:24.551024+00:00,2026-08-10T22:16:24.551024+03:00,539,Cihannuma Yol Üstü 5,BEŞİKTAŞ,41.0489,29.0094,24,1,23,YOL ÜSTÜ,1,0,08:00-23:00
2026-08-10T19:16:24.551024+00:00,2026-08-10T22:16:24.551024+03:00,3184,Çam Sokak 6,GÜNGÖREN,41.0121,28.8882,50,1,49,YOL ÜSTÜ,0,15,08:00-17:00
2026-08-10T19:16:24.551024+00:00,2026-08-10T22:16:24.551024+03:00,3030,Çekmeköy Metro PD Zemin Altı Otoparkı,ÇEKMEKÖY,41.0147,29.1886,175,62,113,KAPALI OTOPARK,1,15,24 Saat
2026-08-10T19:16:24.551024+00:00,2026-08-10T22:16:24.551024+03:00,2905,Çeliktepe Açık Otoparkı,KAĞITHANE,41.0843,29.0056,200,141,59,AÇIK OTOPARK,1,5,24 Saat
2026-08-10T19:16:24.551024+00:00,2026-08-10T22:16:24.551024+03:00,1298,Çengelköy Açık Otoparkı,ÜSKÜDAR,41.0484,29.0533,500,48,452,AÇIK OTOPARK,1,15,24 Saat
2026-08-10T19:16:24.551024+00:00,2026-08-10T22:16:24.551024+03:00,502,Çınar Açık Otoparkı,BEŞİKTAŞ,41.0853,29.0088,65,1,64,AÇIK OTOPARK,0,0,08:00-18:00
2026-08-10T19:16:24.551024+00:00,2026-08-10T22:16:24.551024+03:00,777,Çırağan Sarayı Yol Üstü 1,BEŞİKTAŞ,41.0448,29.0165,40,1,39,YOL ÜSTÜ,1,15,08:00-23:00
2026-08-10T19:16:24.551024+00:00,2026-08-10T22:16:24.551024+03:00,778,Çırağan Sarayı Yol Üstü 2,BEŞİKTAŞ,41.0445,29.0156,40,1,39,YOL ÜSTÜ,1,15,08:00-23:00
2026-08-10T19:16:24.551024+00:00,2026-08-10T22:16:24.551024+03:00,2228,Çırpıcı Sosyal Tesisler,ZEYTİNBURNU,41,28.8926,128,0,128,AÇIK OTOPARK,1,15,07:00-00:00
2026-08-10T19:16:24.551024+00:00,2026-08-10T22:16:24.551024+03:00,2030,Dalyan Açık Otoparkı,KADIKÖY,40.9632,29.0651,92,1,91,AÇIK OTOPARK,1,15,24 Saat
2026-08-10T19:16:24.551024+00:00,2026-08-10T22:16:24.551024+03:00,2271,Damla Sokak 1,ŞİŞLİ,41.0672,29.0004,17,1,16,YOL ÜSTÜ,0,15,07:30-16:30
2026-08-10T19:16:24.551024+00:00,2026-08-10T22:16:24.551024+03:00,2164,Darüşşafaka Yeraltı Otoparkı,SARIYER,41.1292,29.0252,150,141,9,KAPALI OTOPARK,1,15,08:00-00:00
2026-08-10T19:16:24.551024+00:00,2026-08-10T22:16:24.551024+03:00,1653,Deniz Feneri Otoparkı,FATİH,41.0019,28.9773,175,60,115,AÇIK OTOPARK,1,5,24 Saat
2026-08-10T19:16:24.551024+00:00,2026-08-10T22:16:24.551024+03:00,595,Dostluk Yurdu 1,FATİH,41.0071,28.973,33,33,0,YOL ÜSTÜ,0,15,07:00-17:00
2026-08-10T19:16:24.551024+00:00,2026-08-10T22:16:24.551024+03:00,2237,Dragos Sosyal Tesisleri,KARTAL,40.9017,29.1458,100,25,75,AÇIK OTOPARK,1,15,24 Saat
2026-08-10T19:16:24.551024+00:00,2026-08-10T22:16:24.551024+03:00,3063,Dudullu Metro PD Zemin Altı Otoparkı,ÜMRANİYE,41.0156,29.1633,81,62,19,KAPALI OTOPARK,1,15,07:00-23:30
2026-08-10T19:16:24.551024+00:00,2026-08-10T22:16:24.551024+03:00,1522,Ebu Suut Caddesi 1,FATİH,41.0128,28.9766,35,1,34,YOL ÜSTÜ,0,0,08:00-18:00
2026-08-10T19:16:24.551024+00:00,2026-08-10T22:16:24.551024+03:00,2147,EGS Blokları Açık Otoparkı,BAKIRKÖY,40.9863,28.8354,350,66,284,AÇIK OTOPARK,0,60,09:00-19:30
2026-08-10T19:16:24.551024+00:00,2026-08-10T22:16:24.551024+03:00,2366,Esenler Adem Baştürk Kültür Merkezi Katlı,ESENLER,41.039,28.8846,460,0,460,KAPALI OTOPARK,1,15,24 Saat
2026-08-10T19:16:24.551024+00:00,2026-08-10T22:16:24.551024+03:00,3190,Esenler Havaalanı Mahallesi Zemin Altı Otoparkı,ESENLER,41.0562,28.8674,610,335,275,KAPALI OTOPARK,1,10,24 Saat
2026-08-10T19:16:24.551024+00:00,2026-08-10T22:16:24.551024+03:00,3011,Esenler Menderes Metro İstasyonu Yanı,ESENLER,41.0427,28.8783,68,0,68,AÇIK OTOPARK,1,5,24 Saat
2026-08-10T19:16:24.551024+00:00,2026-08-10T22:16:24.551024+03:00,2822,Esenler Menderes Parkı Zemin Altı Otoparkı,ESENLER,41.0412,28.8729,325,44,281,KAPALI OTOPARK,1,10,24 Saat
2026-08-10T19:16:24.551024+00:00,2026-08-10T22:16:24.551024+03:00,3303,Esenyurt Adile Naşit Bulvarı Zeminaltı Otoparkı,ESENYURT,41.0205,28.6859,367,288,79,KAPALI OTOPARK,1,15,24 Saat
2026-08-10T19:16:24.551024+00:00,2026-08-10T22:16:24.551024+03:00,1328,Eski Salı Pazarı,KADIKÖY,40.9904,29.0338,760,0,760,AÇIK OTOPARK,1,15,24 Saat
2026-08-10T19:16:24.551024+00:00,2026-08-10T22:16:24.551024+03:00,904,Eyüp Pierloti Caddesi 1,EYÜP,41.0539,28.9329,40,1,39,YOL ÜSTÜ,0,0,09:00-22:00
2026-08-10T19:16:24.551024+00:00,2026-08-10T22:16:24.551024+03:00,2850,Eyüpsultan Akşemsettin Mahallesi Zemin Altı Otoparkı,EYÜP,41.085,28.9258,110,0,110,KAPALI OTOPARK,1,15,24 Saat
2026-08-10T19:16:24.551024+00:00,2026-08-10T22:16:24.551024+03:00,2215,Fatih Çeşmesi Tabiat Parkı Otoparkı,SARIYER,41.1686,28.9448,250,243,7,AÇIK OTOPARK,0,0,06:00-20:00
2026-08-10T19:16:24.551024+00:00,2026-08-10T22:16:24.551024+03:00,1475,Fatih Katlı Otoparkı,FATİH,41.0198,28.9396,118,11,107,KAPALI OTOPARK,1,10,24 Saat
2026-08-10T19:16:24.551024+00:00,2026-08-10T22:16:24.551024+03:00,1591,Feshane PD Açık Otoparkı,EYÜP,41.0463,28.9378,200,12,188,AÇIK OTOPARK,1,15,24 Saat
2026-08-10T19:16:24.551024+00:00,2026-08-10T22:16:24.551024+03:00,1005,Florya Havuzlu Bahçe,BAKIRKÖY,40.9764,28.7908,135,1,134,AÇIK OTOPARK,1,0,09:00-23:00
2026-08-10T19:16:24.551024+00:00,2026-08-10T22:16:24.551024+03:00,2238,Florya Sosyal Tesisleri,BAKIRKÖY,40.9614,28.8091,1074,761,313,AÇIK OTOPARK,1,15,24 Saat
2026-08-10T19:16:24.551024+00:00,2026-08-10T22:16:24.551024+03:00,1704,Gazi Umur Paşa Sokak 5,BEŞİKTAŞ,41.0589,29.0114,45,1,44,YOL ÜSTÜ,0,15,08:00-17:00
2026-08-10T19:16:24.551024+00:00,2026-08-10T22:16:24.551024+03:00,3296,Gaziosmanpaşa Meydanı ve Yaşam Merkezi Zemin Altı Otoparkı,GAZİOSMANPAŞA,41.0606,28.9093,202,0,202,KAPALI OTOPARK,1,15,24 Saat
2026-08-10T19:16:24.551024+00:00,2026-08-10T22:16:24.551024+03:00,2971,Gaziosmanpaşa Zemin Altı Otoparkı,GAZİOSMANPAŞA,41.0796,28.8858,285,0,285,KAPALI OTOPARK,1,0,24 Saat
2026-08-10T19:16:24.551024+00:00,2026-08-10T22:16:24.551024+03:00,3401,Giyimkent Tekstilkent Metro Zemin Altı PD Otoparkı,ESENLER,41.0711,28.8666,203,182,21,KAPALI OTOPARK,1,10,24 Saat
2026-08-10T19:16:24.551024+00:00,2026-08-10T22:16:24.551024+03:00,2242,Gözdağı Sosyal Tesisler  Açık Otoparkı,PENDİK,40.893,29.2538,300,216,84,AÇIK OTOPARK,1,0,07:00-23:00
2026-08-10T19:16:24.551024+00:00,2026-08-10T22:16:24.551024+03:00,1879,Gülsuyu Metro PD Yer Altı Otoparkı,MALTEPE,40.9237,29.1548,76,0,76,KAPALI OTOPARK,1,15,08:00-00:00
2026-08-10T19:16:24.551024+00:00,2026-08-10T22:16:24.551024+03:00,1423,Güneş Plajı 1,BAKIRKÖY,40.9712,28.79,250,135,115,AÇIK OTOPARK,1,10,24 Saat
2026-08-10T19:16:24.551024+00:00,2026-08-10T22:16:24.551024+03:00,1461,Güneş Plajı 2,BAKIRKÖY,40.9692,28.7951,135,42,93,AÇIK OTOPARK,0,10,08:00-20:00
2026-08-10T19:16:24.551024+00:00,2026-08-10T22:16:24.551024+03:00,3053,Güngören Nikah Dairesi Zemin Altı otoparkı,GÜNGÖREN,41.0363,28.8718,147,0,147,KAPALI OTOPARK,1,10,24 Saat
2026-08-10T19:16:24.551024+00:00,2026-08-10T22:16:24.551024+03:00,2216,Gürpınar Balık Hali Otoparkı,BEYLİKDÜZÜ,40.9663,28.6019,1000,790,210,AÇIK OTOPARK,1,15,24 Saat
2026-08-10T19:16:24.551024+00:00,2026-08-10T22:16:24.551024+03:00,1525,Hacıosman Metro Yer Altı Otoparkı,SARIYER,41.14,29.0306,422,328,94,KAPALI OTOPARK,1,15,24 Saat
2026-08-10T19:16:24.551024+00:00,2026-08-10T22:16:24.551024+03:00,1470,Haldun Alagaş Katlı Otoparkı,ÜMRANİYE,41.0262,29.1052,197,122,75,KAPALI OTOPARK,1,15,24 Saat
2026-08-10T19:16:24.551024+00:00,2026-08-10T22:16:24.551024+03:00,3235,Haliç Sosyal Tesisleri Otoparkı,FATİH,41.0277,28.9572,60,19,41,AÇIK OTOPARK,1,15,07:00-00:00
2026-08-10T19:16:24.551024+00:00,2026-08-10T22:16:24.551024+03:00,2848,Halkalı Mahallesi Zemin Altı Otoparkı,KÜÇÜKÇEKMECE,41.0359,28.7848,347,265,82,KAPALI OTOPARK,1,15,24 Saat
2026-08-10T19:16:24.551024+00:00,2026-08-10T22:16:24.551024+03:00,2838,Hamidiye Mahallesi Katlı Otoparkı,KAĞITHANE,41.0949,28.971,450,191,259,KAPALI OTOPARK,1,15,24 Saat
2026-08-10T19:16:24.551024+00:00,2026-08-10T22:16:24.551024+03:00,1446,Harbiye Zemin Altı Otoparkı,BEYOĞLU,41.0408,28.9869,142,88,54,KAPALI OTOPARK,1,5,24 Saat
2026-08-10T19:16:24.551024+00:00,2026-08-10T22:16:24.551024+03:00,2332,Haydarpaşa Katlı Otoparkı,ÜSKÜDAR,41.0048,29.0251,840,717,123,KAPALI OTOPARK,1,15,24 Saat
2026-08-10T19:16:24.551024+00:00,2026-08-10T22:16:24.551024+03:00,1987,Haznedar Yer Altı Otoparkı,GÜNGÖREN,41.0083,28.8729,540,0,540,KAPALI OTOPARK,1,0,24 Saat
2026-08-10T19:16:24.551024+00:00,2026-08-10T22:16:24.551024+03:00,377,Hızır Külhani Sokak,FATİH,41.0202,28.9605,32,1,31,YOL ÜSTÜ,0,15,09:00-17:00
2026-08-10T19:16:24.551024+00:00,2026-08-10T22:16:24.551024+03:00,3173,Hürriyet Mahallesi Zeminaltı Otoparkı,GAZİOSMANPAŞA,41.0708,28.8951,190,0,190,KAPALI OTOPARK,1,15,24 Saat
2026-08-10T19:16:24.551024+00:00,2026-08-10T22:16:24.551024+03:00,157,Ihlamur Dere Caddesi 4,BEŞİKTAŞ,41.047,29.0023,27,27,0,YOL ÜSTÜ,0,15,09:00-17:00
2026-08-10T19:16:24.551024+00:00,2026-08-10T22:16:24.551024+03:00,1189,İçerenköy Sebze Meyve Hali Otoparkı,ATAŞEHİR,40.9766,29.1044,600,599,1,AÇIK OTOPARK,1,15,24 Saat
2026-08-10T19:16:24.551024+00:00,2026-08-10T22:16:24.551024+03:00,1127,İshakpaşa Caddesi,FATİH,41.0079,28.9814,200,1,199,YOL ÜSTÜ,0,0,08:00-18:00
2026-08-10T19:16:24.551024+00:00,2026-08-10T22:16:24.551024+03:00,3265,İspark İstanbul West Marina Açık Otoparkı 1,BEYLİKDÜZÜ,40.9636,28.6564,250,1,249,AÇIK OTOPARK,1,15,24 Saat
2026-08-10T19:16:24.551024+00:00,2026-08-10T22:16:24.551024+03:00,2793,İspark Merter Katlı Otoparkı,GÜNGÖREN,41.0097,28.89,900,471,429,KAPALI OTOPARK,1,10,24 Saat
2026-08-10T19:16:24.551024+00:00,2026-08-10T22:16:24.551024+03:00,2430,İspark West İstanbul Marina Açık Otoparkı,BEYLİKDÜZÜ,40.9639,28.6591,1600,1021,579,AÇIK OTOPARK,1,15,24 Saat
2026-08-10T19:16:24.551024+00:00,2026-08-10T22:16:24.551024+03:00,381,İstinye 4 ( Cami Önü ),SARIYER,41.1149,29.0571,25,1,24,YOL ÜSTÜ,0,15,08:30-17:30
2026-08-10T19:16:24.551024+00:00,2026-08-10T22:16:24.551024+03:00,1804,İtalyan Hastanesi Karşısı Açık Otoparkı 1,BEYOĞLU,41.028,28.9815,30,1,29,AÇIK OTOPARK,0,0,08:00-19:00
2026-08-10T19:16:24.551024+00:00,2026-08-10T22:16:24.551024+03:00,507,Kabasakal Medrese Önü,FATİH,41.0062,28.9789,65,1,64,AÇIK OTOPARK,0,0,08:00-18:30
2026-08-10T19:16:24.551024+00:00,2026-08-10T22:16:24.551024+03:00,3306,Kabataş Transfer Merkezi Turizm Otobüs Otoparkı,BEYOĞLU,41.0336,28.9923,160,67,93,KAPALI OTOPARK,1,20,24 Saat
2026-08-10T19:16:24.551024+00:00,2026-08-10T22:16:24.551024+03:00,2918,Kadıköy Hasanpaşa Gazhane Katlı Otoparkı,KADIKÖY,40.9972,29.0428,310,199,111,KAPALI OTOPARK,1,15,24 Saat
2026-08-10T19:16:24.551024+00:00,2026-08-10T22:16:24.551024+03:00,1447,Kadıköy İski Açık Otoparkı,KADIKÖY,40.9874,29.0207,124,61,63,AÇIK OTOPARK,1,15,24 Saat
2026-08-10T19:16:24.551024+00:00,2026-08-10T22:16:24.551024+03:00,1655,Kadıköy Metro Açık Otoparkı,KADIKÖY,40.9899,29.0217,74,8,66,AÇIK OTOPARK,1,15,24 Saat
2026-08-10T19:16:24.551024+00:00,2026-08-10T22:16:24.551024+03:00,3445,Kadıköy Uzunçayır PD Açık Otoparkı,KADIKÖY,40.9982,29.0569,70,42,28,AÇIK OTOPARK,0,15,06:30-16:30
2026-08-10T19:16:24.551024+00:00,2026-08-10T22:16:24.551024+03:00,2808,Kadıköy Yeni Salı Pazarı PD Katlı Otoparkı,KADIKÖY,40.9969,29.0486,1350,627,723,KAPALI OTOPARK,1,15,24 Saat
2026-08-10T19:16:24.551024+00:00,2026-08-10T22:16:24.551024+03:00,2811,Kağıthane Harmantepe Zemin Altı Otoparkı,KAĞITHANE,41.0816,28.9907,200,0,200,KAPALI OTOPARK,1,0,24 Saat
2026-08-10T19:16:24.551024+00:00,2026-08-10T22:16:24.551024+03:00,1452,Kalamış Açık Otoparkı,KADIKÖY,40.9687,29.0363,173,44,129,AÇIK OTOPARK,1,15,24 Saat
2026-08-10T19:16:24.551024+00:00,2026-08-10T22:16:24.551024+03:00,1474,Kartal Hasan Doğan Spor Kompleksi,KARTAL,40.8918,29.1897,773,0,773,KAPALI OTOPARK,1,15,24 Saat
2026-08-10T19:16:24.551024+00:00,2026-08-10T22:16:24.551024+03:00,1105,Kartal İdo Açık Otoparkı,KARTAL,40.8874,29.1881,90,0,90,AÇIK OTOPARK,1,15,24 Saat
2026-08-10T19:16:24.551024+00:00,2026-08-10T22:16:24.551024+03:00,1550,Kartal Sahil Açık Otoparkı,KARTAL,40.8875,29.1901,75,61,14,AÇIK OTOPARK,1,5,24 Saat
2026-08-10T19:16:24.551024+00:00,2026-08-10T22:16:24.551024+03:00,3434,Kasımpaşa Sosyal Tesisler Otoparkı,BEYOĞLU,41.0296,28.9673,60,37,23,AÇIK OTOPARK,1,0,07:30-23:00
2026-08-10T19:16:24.551024+00:00,2026-08-10T22:16:24.551024+03:00,1960,Kazlıçeşme Marmaray Açık Otoparkı,ZEYTİNBURNU,40.9922,28.917,700,635,65,AÇIK OTOPARK,1,15,24 Saat
2026-08-10T19:16:24.551024+00:00,2026-08-10T22:16:24.551024+03:00,2994,Kirazlı Metro Durağı PD Açık Otoparkı,BAĞCILAR,41.033,28.8429,112,0,112,AÇIK OTOPARK,1,5,24 Saat
2026-08-10T19:16:24.551024+00:00,2026-08-10T22:16:24.551024+03:00,1528,Kore Şehitleri Caddesi - Yüzbaşı Kaya Aldağon Sokak 1,ŞİŞLİ,41.0719,29.0139,40,1,39,YOL ÜSTÜ,0,15,07:00-16:00
2026-08-10T19:16:24.551024+00:00,2026-08-10T22:16:24.551024+03:00,2449,Kozyatağı Sebze-Meyve Hali,ATAŞEHİR,40.9787,29.1029,1500,1500,0,AÇIK OTOPARK,1,0,24 Saat
2026-08-10T19:16:24.551024+00:00,2026-08-10T22:16:24.551024+03:00,113,Kurtuluş Caddesi 4,ŞİŞLİ,41.051,28.983,45,1,44,YOL ÜSTÜ,0,15,08:00-18:00
2026-08-10T19:16:24.551024+00:00,2026-08-10T22:16:24.551024+03:00,1206,Kutlugün Sokak 2,FATİH,41.0061,28.9801,200,1,199,YOL ÜSTÜ,0,0,08:00-18:00
2026-08-10T19:16:24.551024+00:00,2026-08-10T22:16:24.551024+03:00,3074,Küçük Çamlıca,ÜSKÜDAR,41.0204,29.0653,129,106,23,AÇIK OTOPARK,0,0,08:00-22:00
2026-08-10T19:16:24.551024+00:00,2026-08-10T22:16:24.551024+03:00,3127,Küçükçekmece Cennet Mahallesi Meydan Zemin Altı Otoparkı,KÜÇÜKÇEKMECE,40.9907,28.783,456,0,456,KAPALI OTOPARK,1,10,24 Saat
2026-08-10T19:16:24.551024+00:00,2026-08-10T22:16:24.551024+03:00,2554,Küçükçekmece Fevzi Çakmak Meydanı Zemin Altı Otoparkı,KÜÇÜKÇEKMECE,41.0076,28.7927,1000,504,496,KAPALI OTOPARK,1,10,24 Saat
2026-08-10T19:16:24.551024+00:00,2026-08-10T22:16:24.551024+03:00,2882,Küçüksu Kasrı Açık Otoparkı,BEYKOZ,41.0789,29.0657,98,91,7,AÇIK OTOPARK,1,0,07:00-23:00
2026-08-10T19:16:24.551024+00:00,2026-08-10T22:16:24.551024+03:00,220,Levent Hamidiye,BEŞİKTAŞ,41.0861,29.0076,100,1,99,AÇIK OTOPARK,0,0,08:00-19:00
2026-08-10T19:16:24.551024+00:00,2026-08-10T22:16:24.551024+03:00,1138,Levent Metro Yer Altı Otoparkı,BEŞİKTAŞ,41.0811,29.0105,100,100,0,AÇIK OTOPARK,0,5,07:30-19:30
2026-08-10T19:16:24.551024+00:00,2026-08-10T22:16:24.551024+03:00,2335,Maçka Açık Otoparkı,ŞİŞLİ,41.046,28.9908,75,74,1,AÇIK OTOPARK,1,0,24 Saat
2026-08-10T19:16:24.551024+00:00,2026-08-10T22:16:24.551024+03:00,1859,Maçka Katlı Otoparkı,ŞİŞLİ,41.0484,28.9903,508,0,508,KAPALI OTOPARK,1,0,24 Saat
2026-08-10T19:16:24.551024+00:00,2026-08-10T22:16:24.551024+03:00,3193,Maltepe Rıhtım Caddesi Açık Otoparkı,MALTEPE,40.9258,29.1241,76,10,66,AÇIK OTOPARK,1,0,24 Saat
2026-08-10T19:16:24.551024+00:00,2026-08-10T22:16:24.551024+03:00,2146,Maltepe Süreyyapaşa Çarşısı Açık Otoparkı,MALTEPE,40.9274,29.1225,156,5,151,AÇIK OTOPARK,1,0,24 Saat
2026-08-10T19:16:24.551024+00:00,2026-08-10T22:16:24.551024+03:00,1599,Maslak Açık Otoparkı,SARIYER,41.1166,29.024,150,131,19,AÇIK OTOPARK,1,10,24 Saat
2026-08-10T19:16:24.551024+00:00,2026-08-10T22:16:24.551024+03:00,2100,Matbaacılar Sitesi Yanı,ZEYTİNBURNU,41.0234,28.9187,250,210,40,AÇIK OTOPARK,1,5,24 Saat
2026-08-10T19:16:24.551024+00:00,2026-08-10T22:16:24.551024+03:00,920,Meclis-i Mebusan Yokuşu 2,BEYOĞLU,41.0326,28.9882,34,1,33,YOL ÜSTÜ,0,15,09:00-17:00
2026-08-10T19:16:24.551024+00:00,2026-08-10T22:16:24.551024+03:00,1546,Menekşe Plajı Açık Otoparkı,BAKIRKÖY,40.9761,28.7766,200,199,1,AÇIK OTOPARK,1,0,24 Saat
2026-08-10T19:16:24.551024+00:00,2026-08-10T22:16:24.551024+03:00,1376,Mercan Açık,FATİH,41.0136,28.9669,130,127,3,AÇIK OTOPARK,1,0,08:00-23:00
2026-08-10T19:16:24.551024+00:00,2026-08-10T22:16:24.551024+03:00,3309,Mercan Ali Paşa Sarayı Zemin Altı Otoparkı,FATİH,41.0136,28.967,196,1,195,KAPALI OTOPARK,0,0,07:00-21:00
2026-08-10T19:16:24.551024+00:00,2026-08-10T22:16:24.551024+03:00,1472,Merter Katlı Otoparkı,GÜNGÖREN,41.0092,28.8874,1000,904,96,KAPALI OTOPARK,1,10,24 Saat
2026-08-10T19:16:24.551024+00:00,2026-08-10T22:16:24.551024+03:00,2375,Merter Metro PD Zeminaltı Otoparkı,GÜNGÖREN,41.0037,28.8897,242,89,153,KAPALI OTOPARK,1,10,24 Saat
2026-08-10T19:16:24.551024+00:00,2026-08-10T22:16:24.551024+03:00,1568,Mete Caddesi 1,BEYOĞLU,41.0382,28.9879,31,1,30,YOL ÜSTÜ,1,15,08:00-23:00
2026-08-10T19:16:24.551024+00:00,2026-08-10T22:16:24.551024+03:00,1471,Mevlana Yeraltı Katlı Otoparkı,ZEYTİNBURNU,41.0072,28.9049,1000,868,132,KAPALI OTOPARK,1,5,24 Saat
2026-08-10T19:16:24.551024+00:00,2026-08-10T22:16:24.551024+03:00,2709,Millet Caddesi Açık Otoparkı,FATİH,41.01,28.9461,60,1,59,AÇIK OTOPARK,1,15,24 Saat
2026-08-10T19:16:24.551024+00:00,2026-08-10T22:16:24.551024+03:00,3152,Mimar Sinan Zemin Altı Otoparkı,ÜSKÜDAR,41.0222,29.0169,956,205,751,KAPALI OTOPARK,1,15,24 Saat
2026-08-10T19:16:24.551024+00:00,2026-08-10T22:16:24.551024+03:00,2870,Miniatürk Çadır Açık Otoparkı,BEYOĞLU,41.0594,28.9501,250,99,151,AÇIK OTOPARK,0,15,07:00-20:00
2026-08-10T19:16:24.551024+00:00,2026-08-10T22:16:24.551024+03:00,2556,Muallim Naci Açık Otoparkı,BEŞİKTAŞ,41.0561,29.0342,35,16,19,AÇIK OTOPARK,1,15,24 Saat
2026-08-10T19:16:24.551024+00:00,2026-08-10T22:16:24.551024+03:00,569,Oda Kule Önü 1,BEYOĞLU,41.0322,28.9751,24,1,23,YOL ÜSTÜ,1,0,07:00-01:00
2026-08-10T19:16:24.551024+00:00,2026-08-10T22:16:24.551024+03:00,1988,Orhangazi Şehir Parkı PD Açık Otoparkı,MALTEPE,40.9313,29.1161,5022,3699,1323,AÇIK OTOPARK,1,15,24 Saat
2026-08-10T19:16:24.551024+00:00,2026-08-10T22:16:24.551024+03:00,152,Ortabahçe Caddesi 2,BEŞİKTAŞ,41.0428,29.0043,35,35,0,YOL ÜSTÜ,1,15,08:00-23:00
2026-08-10T19:16:24.551024+00:00,2026-08-10T22:16:24.551024+03:00,153,Ortabahçe Caddesi 3,BEŞİKTAŞ,41.043,29.0042,26,1,25,YOL ÜSTÜ,1,15,08:00-23:00
2026-08-10T19:16:24.551024+00:00,2026-08-10T22:16:24.551024+03:00,119,Ortaklar Caddesi 1,ŞİŞLİ,41.0638,28.9971,25,1,24,YOL ÜSTÜ,0,15,08:30-17:00
2026-08-10T19:16:24.551024+00:00,2026-08-10T22:16:24.551024+03:00,1343,Ortaköy Açık Otoparkı,BEŞİKTAŞ,41.0504,29.0326,170,142,28,AÇIK OTOPARK,1,0,24 Saat
2026-08-10T19:16:24.551024+00:00,2026-08-10T22:16:24.551024+03:00,572,Ortaköy Portakal Yokuşu 1,BEŞİKTAŞ,41.0503,29.0261,15,1,14,YOL ÜSTÜ,0,15,09:00-19:00
2026-08-10T19:16:24.551024+00:00,2026-08-10T22:16:24.551024+03:00,1039,Öğretmen Evi,AVCILAR,40.9723,28.714,80,42,38,AÇIK OTOPARK,1,0,11:00-23:00
2026-08-10T19:16:24.551024+00:00,2026-08-10T22:16:24.551024+03:00,1466,Pendik Katlı Otoparkı,PENDİK,40.8789,29.2342,120,0,120,KAPALI OTOPARK,1,15,24 Saat
2026-08-10T19:16:24.551024+00:00,2026-08-10T22:16:24.551024+03:00,3073,Pendik Kemal Kalkuz Parkı Zemin Altı Otoparkı,PENDİK,40.8885,29.2427,224,0,224,KAPALI OTOPARK,0,0,09:00-18:00
2026-08-10T19:16:24.551024+00:00,2026-08-10T22:16:24.551024+03:00,3019,Pendik Meydan Zemin Altı Otoparkı,PENDİK,40.8752,29.2324,937,0,937,KAPALI OTOPARK,1,0,24 Saat
2026-08-10T19:16:24.551024+00:00,2026-08-10T22:16:24.551024+03:00,2865,Pendik Sahil Engelliler Merkez Önü,PENDİK,40.8735,29.233,100,66,34,AÇIK OTOPARK,0,0,11:00-20:00
2026-08-10T19:16:24.551024+00:00,2026-08-10T22:16:24.551024+03:00,2434,Pendik Sahil İdo,PENDİK,40.8755,29.2369,100,0,100,AÇIK OTOPARK,1,0,07:00-23:00
2026-08-10T19:16:24.551024+00:00,2026-08-10T22:16:24.551024+03:00,248,Pendik Yenimahalle Açık 2 Otoparkı,PENDİK,40.864,29.2723,124,109,15,AÇIK OTOPARK,0,15,10:00-22:00
2026-08-10T19:16:24.551024+00:00,2026-08-10T22:16:24.551024+03:00,297,Perşembe Pazarı 1,BEYOĞLU,41.0252,28.9693,32,1,31,YOL ÜSTÜ,0,15,08:00-17:00
2026-08-10T19:16:24.551024+00:00,2026-08-10T22:16:24.551024+03:00,597,Pierre Loti Caddesi 3,FATİH,41.0069,28.9711,36,1,35,YOL ÜSTÜ,0,0,07:00-17:00
2026-08-10T19:16:24.551024+00:00,2026-08-10T22:16:24.551024+03:00,3263,Piyalepaşa Meydanı Zemin Altı Otoparkı,BEYOĞLU,41.0445,28.9674,560,256,304,KAPALI OTOPARK,1,0,24 Saat
2026-08-10T19:16:24.551024+00:00,2026-08-10T22:16:24.551024+03:00,1900,Ragıp Gümüşpala Cad.(Sobacılar Önü),FATİH,41.0181,28.969,40,1,39,YOL ÜSTÜ,0,15,07:00-18:00
2026-08-10T19:16:24.551024+00:00,2026-08-10T22:16:24.551024+03:00,415,Ragıp Gümüşpala Camii Önü 1,FATİH,41.0211,28.9627,35,1,34,YOL ÜSTÜ,0,0,07:00-17:30
2026-08-10T19:16:24.551024+00:00,2026-08-10T22:16:24.551024+03:00,3268,Refik Saydam Caddesi 3,BEYOĞLU,41.032,28.9736,55,1,54,YOL ÜSTÜ,1,0,06:00-23:00
2026-08-10T19:16:24.551024+00:00,2026-08-10T22:16:24.551024+03:00,2307,Ressam Halim Sokak PD Açık Otoparkı,BAHÇELİEVLER,40.9967,28.8641,120,106,14,AÇIK OTOPARK,1,15,08:00-00:00
2026-08-10T19:16:24.551024+00:00,2026-08-10T22:16:24.551024+03:00,3082,Rumeli Hisarı Sahil Yolu Otoparkı,SARIYER,41.0854,29.0568,20,0,20,AÇIK OTOPARK,1,0,24 Saat
2026-08-10T19:16:24.551024+00:00,2026-08-10T22:16:24.551024+03:00,1595,Sabiha Gökçen Açık Otoparkı,PENDİK,40.925,29.308,1056,257,799,AÇIK OTOPARK,1,15,24 Saat
2026-08-10T19:16:24.551024+00:00,2026-08-10T22:16:24.551024+03:00,3239,Samatya Sahil Cep Otoparkı,FATİH,40.9954,28.932,113,81,32,AÇIK OTOPARK,1,15,24 Saat
2026-08-10T19:16:24.551024+00:00,2026-08-10T22:16:24.551024+03:00,3273,Sarıyer Büyükdere Fidanlığı,SARIYER,41.1548,29.0268,160,155,5,AÇIK OTOPARK,0,0,08:00-18:00
2026-08-10T19:16:24.551024+00:00,2026-08-10T22:16:24.551024+03:00,3299,Sariyer Ayazağa Mah Vadi İstanbul Önü Açık Otoparkı,SARIYER,41.1106,28.9881,100,96,4,AÇIK OTOPARK,0,0,08:00-20:00
2026-08-10T19:16:24.551024+00:00,2026-08-10T22:16:24.551024+03:00,1303,Seyrantepe Katlı (Arena Karşısı) 1,KAĞITHANE,41.101,28.9961,1897,1894,3,KAPALI OTOPARK,1,0,24 Saat
2026-08-10T19:16:24.551024+00:00,2026-08-10T22:16:24.551024+03:00,1628,Sıracevizler Caddesi Yol Üstü 5,ŞİŞLİ,41.0607,28.9841,45,1,44,YOL ÜSTÜ,0,15,09:00-17:00
2026-08-10T19:16:24.551024+00:00,2026-08-10T22:16:24.551024+03:00,464,Sirkeci Gar Önü,FATİH,41.015,28.9761,60,1,59,AÇIK OTOPARK,0,5,07:00-20:00
2026-08-10T19:16:24.551024+00:00,2026-08-10T22:16:24.551024+03:00,1486,Siyavuşpaşa Yer Altı Otoparkı,BAHÇELİEVLER,40.9965,28.8532,155,0,155,KAPALI OTOPARK,1,0,24 Saat
2026-08-10T19:16:24.551024+00:00,2026-08-10T22:16:24.551024+03:00,1958,Soğanlık Metro PD Açık Otoparkı,KARTAL,40.9131,29.1925,898,878,20,AÇIK OTOPARK,1,15,24 Saat
2026-08-10T19:16:24.551024+00:00,2026-08-10T22:16:24.551024+03:00,589,Su Terazisi Sokak,FATİH,41.0046,28.9727,22,1,21,YOL ÜSTÜ,0,0,07:30-17:00
2026-08-10T19:16:24.551024+00:00,2026-08-10T22:16:24.551024+03:00,1478,Suadiye Cep Açık Otoparkı,KADIKÖY,40.9586,29.0732,130,55,75,AÇIK OTOPARK,1,15,24 Saat
2026-08-10T19:16:24.551024+00:00,2026-08-10T22:16:24.551024+03:00,2948,Suadiye Sahil Açık Otoparkı,KADIKÖY,40.9562,29.0797,70,14,56,AÇIK OTOPARK,1,5,24 Saat
2026-08-10T19:16:24.551024+00:00,2026-08-10T22:16:24.551024+03:00,2799,Sultanbeyli Emir Caddesi Zemin Altı Otoparkı,SULTANBEYLİ,40.9707,29.2606,130,119,11,KAPALI OTOPARK,0,15,08:00-22:00
2026-08-10T19:16:24.551024+00:00,2026-08-10T22:16:24.551024+03:00,2372,Sultanbeyli Kent Meydanı Zemin Altı Otoparkı,SULTANBEYLİ,40.9667,29.2667,300,196,104,KAPALI OTOPARK,1,15,24 Saat
2026-08-10T19:16:24.551024+00:00,2026-08-10T22:16:24.551024+03:00,2410,Sultangazi Zemin Altı Otoparkı,SULTANGAZİ,41.0944,28.8649,104,0,104,KAPALI OTOPARK,1,10,24 Saat
2026-08-10T19:16:24.551024+00:00,2026-08-10T22:16:24.551024+03:00,2085,Süleyman Seba Caddesi 2,BEŞİKTAŞ,41.0426,28.9998,40,1,39,YOL ÜSTÜ,0,15,08:00-18:00
2026-08-10T19:16:24.551024+00:00,2026-08-10T22:16:24.551024+03:00,2088,Süleyman Seba Caddesi 5,BEŞİKTAŞ,41.0432,28.9978,40,1,39,YOL ÜSTÜ,0,15,08:00-18:00
2026-08-10T19:16:24.551024+00:00,2026-08-10T22:16:24.551024+03:00,2089,Süleyman Seba Caddesi 6,BEŞİKTAŞ,41.0435,28.9967,11,1,10,YOL ÜSTÜ,0,15,08:00-18:00
2026-08-10T19:16:24.551024+00:00,2026-08-10T22:16:24.551024+03:00,2391,Süleymaniye Cami Altı Açık Otoparkı,FATİH,41.0158,28.961,250,235,15,AÇIK OTOPARK,0,0,06:30-18:30
2026-08-10T19:16:24.551024+00:00,2026-08-10T22:16:24.551024+03:00,1730,Sütlüce Miniatürk Yanı,BEYOĞLU,41.057,28.95,320,205,115,AÇIK OTOPARK,1,15,24 Saat
2026-08-10T19:16:24.551024+00:00,2026-08-10T22:16:24.551024+03:00,36,Şakayık Sokak 4,ŞİŞLİ,41.0518,28.9936,50,1,49,YOL ÜSTÜ,0,15,08:00-16:00
2026-08-10T19:16:24.551024+00:00,2026-08-10T22:16:24.551024+03:00,1469,Şehit Volkan Duysak Katlı Otoparkı,ZEYTİNBURNU,40.9968,28.9039,1000,680,320,KAPALI OTOPARK,1,5,24 Saat
2026-08-10T19:16:24.551024+00:00,2026-08-10T22:16:24.551024+03:00,2855,Şemsipaşa Açık Otoparkı,ÜSKÜDAR,41.0255,29.0097,80,33,47,AÇIK OTOPARK,1,0,24 Saat
2026-08-10T19:16:24.551024+00:00,2026-08-10T22:16:24.551024+03:00,2439,Şirinevler Meydan Zeminaltı Otoparkı,BAHÇELİEVLER,40.9925,28.8496,367,82,285,KAPALI OTOPARK,1,0,24 Saat
2026-08-10T19:16:24.551024+00:00,2026-08-10T22:16:24.551024+03:00,3400,Şişhane Refik Saydam Caddesi 2 Yol Üstü Otoparkı 1,BEYOĞLU,41.0326,28.9743,70,1,69,YOL ÜSTÜ,1,15,06:00-23:00
2026-08-10T19:16:24.551024+00:00,2026-08-10T22:16:24.551024+03:00,3441,Şişli Kuştepe Zemin Altı Otoparkı,ŞİŞLİ,41.072,28.9919,430,326,104,KAPALI OTOPARK,1,15,24 Saat
2026-08-10T19:16:24.551024+00:00,2026-08-10T22:16:24.551024+03:00,2816,Şişli Rumeli Caddesi Metro Yanı 1,ŞİŞLİ,41.0538,28.9868,45,1,44,YOL ÜSTÜ,0,15,08:00-20:00
2026-08-10T19:16:24.551024+00:00,2026-08-10T22:16:24.551024+03:00,2406,Şişli Zemin Altı Otoparkı,ŞİŞLİ,41.0641,28.9992,581,418,163,KAPALI OTOPARK,1,15,24 Saat
2026-08-10T19:16:24.551024+00:00,2026-08-10T22:16:24.551024+03:00,1993,Tuzla İdo,TUZLA,40.8149,29.3039,300,80,220,AÇIK OTOPARK,1,15,24 Saat
2026-08-10T19:16:24.551024+00:00,2026-08-10T22:16:24.551024+03:00,3332,Tuzla Sahil Cep,TUZLA,40.8168,29.2992,50,40,10,AÇIK OTOPARK,1,0,08:00-00:00
2026-08-10T19:16:24.551024+00:00,2026-08-10T22:16:24.551024+03:00,3057,Tuzla Sahil Zemin Altı Otoparkı,TUZLA,40.8181,29.3004,779,1,778,KAPALI OTOPARK,1,15,24 Saat
2026-08-10T19:16:24.551024+00:00,2026-08-10T22:16:24.551024+03:00,1811,Ulu Camii Açık Otoparkı,BAHÇELİEVLER,40.9982,28.8499,150,117,33,AÇIK OTOPARK,1,10,24 Saat
2026-08-10T19:16:24.551024+00:00,2026-08-10T22:16:24.551024+03:00,2424,Uzunçayır Açık Otoparkı,KADIKÖY,40.9988,29.0556,58,52,6,AÇIK OTOPARK,0,0,06:00-16:00
2026-08-10T19:16:24.551024+00:00,2026-08-10T22:16:24.551024+03:00,1468,Ümraniye Katlı Otoparkı,ÜMRANİYE,41.0261,29.0953,665,549,116,KAPALI OTOPARK,1,15,24 Saat
2026-08-10T19:16:24.551024+00:00,2026-08-10T22:16:24.551024+03:00,2898,Ümraniye Okan Sokak Zeminaltı Otoparkı,ÜMRANİYE,41.0284,29.0907,125,25,100,KAPALI OTOPARK,1,15,24 Saat
2026-08-10T19:16:24.551024+00:00,2026-08-10T22:16:24.551024+03:00,2345,Üsküdar Uzunçayır PD Açık Otoparkı,ÜSKÜDAR,40.9988,29.0577,90,90,0,AÇIK OTOPARK,0,15,06:00-22:00
2026-08-10T19:16:24.551024+00:00,2026-08-10T22:16:24.551024+03:00,1929,Üsküdar Ünalan Açık Otoparkı,ÜSKÜDAR,40.9979,29.0604,180,175,5,AÇIK OTOPARK,0,0,07:00-17:00
2026-08-10T19:16:24.551024+00:00,2026-08-10T22:16:24.551024+03:00,1487,Vatan Caddesi PD Açık Otoparkı,FATİH,41.0157,28.9405,397,340,57,AÇIK OTOPARK,1,5,24 Saat
2026-08-10T19:16:24.551024+00:00,2026-08-10T22:16:24.551024+03:00,2441,Yalı Açık Otoparkı,MALTEPE,40.9095,29.137,85,81,4,AÇIK OTOPARK,0,0,07:30-22:00
2026-08-10T19:16:24.551024+00:00,2026-08-10T22:16:24.551024+03:00,459,Yalı Köşkü Caddesi 1,FATİH,41.0163,28.9759,61,1,60,YOL ÜSTÜ,0,5,07:00-21:00
2026-08-10T19:16:24.551024+00:00,2026-08-10T22:16:24.551024+03:00,2037,Yenikapı Marmaray Büyük Otoparkı,FATİH,41.0057,28.9505,324,238,86,AÇIK OTOPARK,1,15,24 Saat
2026-08-10T19:16:24.551024+00:00,2026-08-10T22:16:24.551024+03:00,2036,Yenikapı Marmaray Küçük Otoparkı,FATİH,41.0064,28.9504,200,200,0,AÇIK OTOPARK,0,15,07:00-22:00
2026-08-10T19:16:24.551024+00:00,2026-08-10T22:16:24.551024+03:00,2175,Yenikapı Spor ve Kültür Merkezi PD Açık Otoparkı,FATİH,41.0006,28.9519,4023,3718,305,AÇIK OTOPARK,1,15,24 Saat
2026-08-10T19:16:24.551024+00:00,2026-08-10T22:16:24.551024+03:00,2805,Yenikapı Tünel Üstü Açık Otoparkı,FATİH,41.0029,28.9534,700,658,42,AÇIK OTOPARK,1,10,24 Saat
2026-08-10T19:16:24.551024+00:00,2026-08-10T22:16:24.551024+03:00,3404,Yenimahalle Metro Zemin Altı PD Otoparkı,GAZİOSMANPAŞA,41.0839,28.8926,114,92,22,KAPALI OTOPARK,1,15,24 Saat
2026-08-10T19:16:24.551024+00:00,2026-08-10T22:16:24.551024+03:00,2920,Yeşilce Zemin Altı Katlı Otoparkı,KAĞITHANE,41.0938,29.0017,676,44,632,KAPALI OTOPARK,1,0,24 Saat
2026-08-10T19:16:24.551024+00:00,2026-08-10T22:16:24.551024+03:00,987,Yeşilköy İstasyon Caddesi 1,BAKIRKÖY,40.962,28.825,40,1,39,YOL ÜSTÜ,0,15,09:00-17:30
2026-08-10T19:16:24.551024+00:00,2026-08-10T22:16:24.551024+03:00,974,Yeşilköy Marina 1,BAKIRKÖY,40.9576,28.8233,145,1,144,YOL ÜSTÜ,1,0,12:00-23:00
2026-08-10T19:16:24.551024+00:00,2026-08-10T22:16:24.551024+03:00,3406,Yeşilpınar Metro Zemin Altı PD Otoparkı,EYÜP,41.081,28.9204,269,192,77,KAPALI OTOPARK,1,15,24 Saat
2026-08-10T19:16:24.551024+00:00,2026-08-10T22:16:24.551024+03:00,315,Yeşilyurt Çarşı 1,BAKIRKÖY,40.9643,28.8379,50,1,49,YOL ÜSTÜ,0,15,09:00-17:30
2026-08-10T19:16:24.551024+00:00,2026-08-10T22:16:24.551024+03:00,1133,Yıldız Korusu,BEŞİKTAŞ,41.0514,29.0165,500,500,0,AÇIK OTOPARK,0,0,08:00-22:00
2026-08-10T19:16:24.551024+00:00,2026-08-10T22:16:24.551024+03:00,882,Zeytinburnu 58. Bulvar 2,ZEYTİNBURNU,40.9932,28.9039,48,1,47,YOL ÜSTÜ,0,15,09:00-18:00
2026-08-10T19:16:24.551024+00:00,2026-08-10T22:16:24.551024+03:00,3185,Zeytinburnu Sahil Cep Otoparkı,ZEYTİNBURNU,40.9798,28.8985,160,1,159,AÇIK OTOPARK,0,0,12:00-22:00
2026-08-10T20:05:49.699366+00:00,2026-08-10T23:05:49.699366+03:00,3068,15 Temmuz Şehitler Meydanı Zeminaltı Otoparkı,ÜMRANİYE,41.0246,29.0915,1029,583,446,KAPALI OTOPARK,1,15,24 Saat
2026-08-10T20:05:49.699366+00:00,2026-08-10T23:05:49.699366+03:00,2338,19 Mayıs Açık,ŞİŞLİ,41.0563,28.9941,65,0,65,AÇIK OTOPARK,1,0,24 Saat
2026-08-10T20:05:49.699366+00:00,2026-08-10T23:05:49.699366+03:00,1751,4.Levent PD Açık Otoparkı,KAĞITHANE,41.0836,29.0081,236,134,102,AÇIK OTOPARK,1,5,24 Saat
2026-08-10T20:05:49.699366+00:00,2026-08-10T23:05:49.699366+03:00,3328,4.Levent Servis ve Turizm Araçları Açık Otoparkı,ŞİŞLİ,41.0841,29.0054,300,129,171,AÇIK OTOPARK,1,15,24 Saat
2026-08-10T20:05:49.699366+00:00,2026-08-10T23:05:49.699366+03:00,3412,5. Levent Gaziosmanpaşa Adliyesi Yanı Açık Otoparkı,EYÜP,41.0927,28.9494,250,214,36,AÇIK OTOPARK,0,15,07:00-23:00
2026-08-10T20:05:49.699366+00:00,2026-08-10T23:05:49.699366+03:00,104,Abide-i Hürriyet Caddesi 5,ŞİŞLİ,41.0619,28.9876,40,1,39,YOL ÜSTÜ,0,15,08:00-17:00
2026-08-10T20:05:49.699366+00:00,2026-08-10T23:05:49.699366+03:00,2452,Acıbadem Açık Otoparkı,ÜSKÜDAR,41.0157,29.0574,100,86,14,AÇIK OTOPARK,0,0,06:30-16:00
2026-08-10T20:05:49.699366+00:00,2026-08-10T23:05:49.699366+03:00,346,Ada Karşısı Cep 2,BEŞİKTAŞ,41.072,29.045,30,1,29,YOL ÜSTÜ,0,15,08:00-23:00
2026-08-10T20:05:49.699366+00:00,2026-08-10T23:05:49.699366+03:00,1663,Akasyalı Sokak Tenis Kulubü Önü 2,BEŞİKTAŞ,41.0867,29.0109,45,1,44,YOL ÜSTÜ,0,15,08:30-17:30
2026-08-10T20:05:49.699366+00:00,2026-08-10T23:05:49.699366+03:00,828,Akdeniz Caddesi 4,FATİH,41.0175,28.9435,27,1,26,YOL ÜSTÜ,0,15,09:00-18:00
2026-08-10T20:05:49.699366+00:00,2026-08-10T23:05:49.699366+03:00,1913,Alibeyköy Cep Otogarı Açık Otoparkı,EYÜP,41.0879,28.9446,116,0,116,AÇIK OTOPARK,1,25,24 Saat
2026-08-10T20:05:49.699366+00:00,2026-08-10T23:05:49.699366+03:00,1912,Alibeyköy Cep Otogarı Otobüs Otoparkı,EYÜP,41.0875,28.9449,5000,4967,33,AÇIK OTOPARK,1,60,24 Saat
2026-08-10T20:05:49.699366+00:00,2026-08-10T23:05:49.699366+03:00,2562,Alibeyköy Yeşiltepe Zemin Altı Otoparkı,EYÜP,41.0797,28.938,159,55,104,KAPALI OTOPARK,1,15,24 Saat
2026-08-10T20:05:49.699366+00:00,2026-08-10T23:05:49.699366+03:00,3201,Altınboynuz Sosyal Tesisleri,EYÜP,41.058,28.9447,70,69,1,AÇIK OTOPARK,0,15,08:00-23:00
2026-08-10T20:05:49.699366+00:00,2026-08-10T23:05:49.699366+03:00,758,Arap Camii Açık Otoparkı,BEYOĞLU,41.0227,28.9723,30,1,29,AÇIK OTOPARK,0,0,09:00-17:00
2026-08-10T20:05:49.699366+00:00,2026-08-10T23:05:49.699366+03:00,1963,Aras Sokak 1,BÜYÜKÇEKMECE,41.0226,28.622,60,60,0,YOL ÜSTÜ,0,0,06:00-14:30
2026-08-10T20:05:49.699366+00:00,2026-08-10T23:05:49.699366+03:00,2802,Arnavutköy Zemin Altı Otoparkı,ARNAVUTKÖY,41.1838,28.7396,700,17,683,KAPALI OTOPARK,1,15,24 Saat
2026-08-10T20:05:49.699366+00:00,2026-08-10T23:05:49.699366+03:00,1797,Ataköy Atrium AVM,BAKIRKÖY,40.9881,28.8459,250,197,53,AÇIK OTOPARK,0,15,08:00-23:00
2026-08-10T20:05:49.699366+00:00,2026-08-10T23:05:49.699366+03:00,2824,Ataköy Metro Durağı Yanı PD Zemin Altı Otoparkı,BAKIRKÖY,40.9904,28.8456,150,78,72,KAPALI OTOPARK,1,0,24 Saat
2026-08-10T20:05:49.699366+00:00,2026-08-10T23:05:49.699366+03:00,359,Atatürk Bulvarı 1,FATİH,41.0112,28.9534,20,1,19,YOL ÜSTÜ,0,0,07:30-18:00
2026-08-10T20:05:49.699366+00:00,2026-08-10T23:05:49.699366+03:00,3087,Atatürk Kent Ormanı Otoparkı,SARIYER,41.136,29.0262,200,198,2,AÇIK OTOPARK,0,0,08:00-17:00
2026-08-10T20:05:49.699366+00:00,2026-08-10T23:05:49.699366+03:00,1088,Avcılar İdo,AVCILAR,40.9712,28.7185,270,263,7,AÇIK OTOPARK,1,0,13:00-07:00
2026-08-10T20:05:49.699366+00:00,2026-08-10T23:05:49.699366+03:00,2885,Azapkapı Haliç Metro Otoparkı,ŞİŞLİ,41.0245,28.9691,80,41,39,AÇIK OTOPARK,1,5,24 Saat
2026-08-10T20:05:49.699366+00:00,2026-08-10T23:05:49.699366+03:00,2455,Azerbaycan Dostluk Parkı Zemin Altı Otoparkı,BAĞCILAR,41.0444,28.854,400,175,225,KAPALI OTOPARK,1,10,24 Saat
2026-08-10T20:05:49.699366+00:00,2026-08-10T23:05:49.699366+03:00,2965,Bağcılar Çolakoğlu Zemin Altı Otoparkı,BAĞCILAR,41.0324,28.8345,106,0,106,KAPALI OTOPARK,1,5,24 Saat
2026-08-10T20:05:49.699366+00:00,2026-08-10T23:05:49.699366+03:00,2576,Bağcılar Demirkapı Zemin Altı Otoparkı,BAĞCILAR,41.0499,28.8327,343,141,202,KAPALI OTOPARK,1,5,24 Saat
2026-08-10T20:05:49.699366+00:00,2026-08-10T23:05:49.699366+03:00,3036,Bağcılar Devlet Hastanesi Yanı Zeminaltı Otoparkı,BAĞCILAR,41.0312,28.8696,1133,123,1010,KAPALI OTOPARK,1,15,24 Saat
2026-08-10T20:05:49.699366+00:00,2026-08-10T23:05:49.699366+03:00,3071,Bağcılar Emniyet Müdürlüğü Yanı Açık Otoparkı,BAĞCILAR,41.0353,28.8598,100,68,32,AÇIK OTOPARK,1,0,24 Saat
2026-08-10T20:05:49.699366+00:00,2026-08-10T23:05:49.699366+03:00,2873,Bağcılar Göztepe Zemin Altı,BAĞCILAR,41.0567,28.8355,120,0,120,KAPALI OTOPARK,1,5,24 Saat
2026-08-10T20:05:49.699366+00:00,2026-08-10T23:05:49.699366+03:00,3187,Bağcılar Hürriyet Mahallesi Zemin Altı Otoparkı,BAĞCILAR,41.0291,28.8333,355,0,355,KAPALI OTOPARK,1,10,24 Saat
2026-08-10T20:05:49.699366+00:00,2026-08-10T23:05:49.699366+03:00,2916,Bağcılar Kent Meydanı PD Zemin Altı Otoparkı,BAĞCILAR,41.0339,28.8556,1162,0,1162,KAPALI OTOPARK,1,0,24 Saat
2026-08-10T20:05:49.699366+00:00,2026-08-10T23:05:49.699366+03:00,3261,Bağcılar Yenimahalle Zemin Altı Otoparkı,BAĞCILAR,41.0425,28.8395,525,252,273,KAPALI OTOPARK,1,15,24 Saat
2026-08-10T20:05:49.699366+00:00,2026-08-10T23:05:49.699366+03:00,2820,Bağcılar Yıldıztepe Katlı Otoparkı,BAĞCILAR,41.0294,28.8556,350,0,350,KAPALI OTOPARK,1,10,24 Saat
2026-08-10T20:05:49.699366+00:00,2026-08-10T23:05:49.699366+03:00,3447,Bahçelievler 23 Nisan Milli Egemenlik Zeminaltı Otoparkı,BAHÇELİEVLER,40.9988,28.8472,732,437,295,KAPALI OTOPARK,1,10,24 Saat
2026-08-10T20:05:49.699366+00:00,2026-08-10T23:05:49.699366+03:00,2993,Bahçelievler Cumhuriyet Zeminaltı Otoparkı,BAHÇELİEVLER,41.0149,28.859,663,0,663,KAPALI OTOPARK,1,10,24 Saat
2026-08-10T20:05:49.699366+00:00,2026-08-10T23:05:49.699366+03:00,2969,Bahçelievler Devlet Hastanesi Yanı Katlı Otoparkı,BAHÇELİEVLER,41.0072,28.8442,740,0,740,KAPALI OTOPARK,1,0,24 Saat
2026-08-10T20:05:49.699366+00:00,2026-08-10T23:05:49.699366+03:00,3051,Bahçelievler Zafer Mh. Zeminaltı Otoparkı,BAHÇELİEVLER,41.0036,28.8351,200,59,141,KAPALI OTOPARK,1,0,24 Saat
2026-08-10T20:05:49.699366+00:00,2026-08-10T23:05:49.699366+03:00,3236,Bahçeşehir Gölet Açık Otoparkı,BAŞAKŞEHİR,41.0719,28.6901,200,1,199,AÇIK OTOPARK,0,0,12:00-22:00
2026-08-10T20:05:49.699366+00:00,2026-08-10T23:05:49.699366+03:00,1465,Bakırköy İdo Açık Otoparkı,BAKIRKÖY,40.9739,28.8761,160,107,53,AÇIK OTOPARK,1,10,24 Saat
2026-08-10T20:05:49.699366+00:00,2026-08-10T23:05:49.699366+03:00,1104,Balmumcu Katlı Otoparkı,BEŞİKTAŞ,41.0636,29.0109,400,322,78,KAPALI OTOPARK,1,5,24 Saat
2026-08-10T20:05:49.699366+00:00,2026-08-10T23:05:49.699366+03:00,2350,Bayrampaşa Adapark Katlı Otoparkı,BAYRAMPAŞA,41.0647,28.8875,650,0,650,KAPALI OTOPARK,1,15,24 Saat
2026-08-10T20:05:49.699366+00:00,2026-08-10T23:05:49.699366+03:00,2892,Bayrampaşa Altıntepsi Zemin  Altı Otoparkı,BAYRAMPAŞA,41.0393,28.9029,110,0,110,KAPALI OTOPARK,1,10,24 Saat
2026-08-10T20:05:49.699366+00:00,2026-08-10T23:05:49.699366+03:00,2909,Bayrampaşa Atatürk Parkı  Zemin Altı Otoparkı,BAYRAMPAŞA,41.0342,28.9123,442,0,442,KAPALI OTOPARK,1,10,24 Saat
2026-08-10T20:05:49.699366+00:00,2026-08-10T23:05:49.699366+03:00,2683,Bayrampaşa Devlet Hastanesi Cep Otoparkı,BAYRAMPAŞA,41.0414,28.9031,55,7,48,AÇIK OTOPARK,0,0,08:00-19:00
2026-08-10T20:05:49.699366+00:00,2026-08-10T23:05:49.699366+03:00,3301,Bayrampaşa Kocatepe Mahallesi Zemin Altı Otoparkı,BAYRAMPAŞA,41.0545,28.8964,241,0,241,KAPALI OTOPARK,1,10,24 Saat
2026-08-10T20:05:49.699366+00:00,2026-08-10T23:05:49.699366+03:00,2053,Bayrampaşa Muratpaşa Yer Altı Otoparkı,BAYRAMPAŞA,41.047,28.9082,300,0,300,KAPALI OTOPARK,1,15,24 Saat
2026-08-10T20:05:49.699366+00:00,2026-08-10T23:05:49.699366+03:00,3175,Bayrampaşa Spor Kompleksi Zemin Altı Otoparkı,BAYRAMPAŞA,41.0446,28.9106,205,0,205,KAPALI OTOPARK,1,15,24 Saat
2026-08-10T20:05:49.699366+00:00,2026-08-10T23:05:49.699366+03:00,3382,Bayrampaşa Şehit Kamil Balkan Zemin Altı Otoparkı,BAYRAMPAŞA,41.0604,28.9008,235,0,235,KAPALI OTOPARK,1,10,24 Saat
2026-08-10T20:05:49.699366+00:00,2026-08-10T23:05:49.699366+03:00,2428,Bayrampaşa Yenidoğan Mahallesi Zemin Altı Otoparkı,BAYRAMPAŞA,41.0395,28.9088,120,0,120,KAPALI OTOPARK,1,10,24 Saat
2026-08-10T20:05:49.699366+00:00,2026-08-10T23:05:49.699366+03:00,2468,Bebek Açık,BEŞİKTAŞ,41.077,29.0434,30,0,30,AÇIK OTOPARK,1,0,24 Saat
2026-08-10T20:05:49.699366+00:00,2026-08-10T23:05:49.699366+03:00,3479,Beşiktaş Halk Pazarı Açık Otoparkı,BEŞİKTAŞ,41.0496,29.0004,170,94,76,AÇIK OTOPARK,1,5,24 Saat
2026-08-10T20:05:49.699366+00:00,2026-08-10T23:05:49.699366+03:00,3257,Beykoz Sahil Cep Otoparkı,BEYKOZ,41.1286,29.0953,100,74,26,AÇIK OTOPARK,1,0,08:00-00:00
2026-08-10T20:05:49.699366+00:00,2026-08-10T23:05:49.699366+03:00,2273,Beykoz Sosyal Tesisleri,BEYKOZ,41.1143,29.0888,130,0,130,AÇIK OTOPARK,1,15,08:00-00:00
2026-08-10T20:05:49.699366+00:00,2026-08-10T23:05:49.699366+03:00,2999,Beyoğlu Gazhane Bostan Sokak 2,BEYOĞLU,41.0389,28.9903,35,1,34,YOL ÜSTÜ,0,0,07:30-16:30
2026-08-10T20:05:49.699366+00:00,2026-08-10T23:05:49.699366+03:00,3072,Beyoğlu Örnektepe Zemin Altı Otoparkı,BEYOĞLU,41.0543,28.9548,143,0,143,KAPALI OTOPARK,1,0,24 Saat
2026-08-10T20:05:49.699366+00:00,2026-08-10T23:05:49.699366+03:00,1455,Bostancı Açık,KADIKÖY,40.9523,29.0902,394,106,288,AÇIK OTOPARK,1,15,24 Saat
2026-08-10T20:05:49.699366+00:00,2026-08-10T23:05:49.699366+03:00,1456,Bostancı Sahil-Cep Açık Otoparkı,KADIKÖY,40.9545,29.0885,192,117,75,AÇIK OTOPARK,1,15,24 Saat
2026-08-10T20:05:49.699366+00:00,2026-08-10T23:05:49.699366+03:00,2150,Bostancı Vergi Dairesi Açık Otoparkı,ATAŞEHİR,40.9625,29.1083,155,0,155,AÇIK OTOPARK,0,5,08:00-20:00
2026-08-10T20:05:49.699366+00:00,2026-08-10T23:05:49.699366+03:00,2854,Bülent Ecevit Kültür Merkezi Açık Otoparkı,KARTAL,40.8852,29.1967,277,266,11,AÇIK OTOPARK,0,0,10:00-21:00
2026-08-10T20:05:49.699366+00:00,2026-08-10T23:05:49.699366+03:00,2866,Büyük İstanbul Otogarı,BAYRAMPAŞA,41.0402,28.8942,1000,0,1000,AÇIK OTOPARK,1,25,24 Saat
2026-08-10T20:05:49.699366+00:00,2026-08-10T23:05:49.699366+03:00,1192,Büyükçamlıca Korusu Sosyal Tesisleri Önü,ÜSKÜDAR,41.0264,29.0698,204,112,92,AÇIK OTOPARK,1,0,08:00-00:00
2026-08-10T20:05:49.699366+00:00,2026-08-10T23:05:49.699366+03:00,2960,Büyükçekmece Metrobüs Durağı Yanı PD Zemin Altı Otopark,BÜYÜKÇEKMECE,41.0221,28.624,448,79,369,KAPALI OTOPARK,1,0,24 Saat
2026-08-10T20:05:49.699366+00:00,2026-08-10T23:05:49.699366+03:00,1503,Cadde Bostan Açık Otoparkı,KADIKÖY,40.9636,29.0675,66,27,39,AÇIK OTOPARK,1,15,24 Saat
2026-08-10T20:05:49.699366+00:00,2026-08-10T23:05:49.699366+03:00,2933,Cemal Kamacı Spor Kompleksi Zemin Altı Otoparkı,KAĞITHANE,41.0536,28.9575,510,0,510,KAPALI OTOPARK,1,0,24 Saat
2026-08-10T20:05:49.699366+00:00,2026-08-10T23:05:49.699366+03:00,2207,Cengiz Topel Yer Altı Katlı Otoparkı,ESENLER,41.0588,28.8643,144,0,144,KAPALI OTOPARK,1,15,24 Saat
2026-08-10T20:05:49.699366+00:00,2026-08-10T23:05:49.699366+03:00,2787,Cevizli Açık Otoparkı,KARTAL,40.9179,29.1712,100,86,14,AÇIK OTOPARK,0,15,08:00-19:00
2026-08-10T20:05:49.699366+00:00,2026-08-10T23:05:49.699366+03:00,782,Cihangir Caddesi 2,BEYOĞLU,41.0319,28.9862,70,1,69,YOL ÜSTÜ,0,15,09:00-19:00
2026-08-10T20:05:49.699366+00:00,2026-08-10T23:05:49.699366+03:00,1467,Cihangir Katlı Otoparkı,BEYOĞLU,41.0318,28.9858,350,0,350,KAPALI OTOPARK,1,0,24 Saat
2026-08-10T20:05:49.699366+00:00,2026-08-10T23:05:49.699366+03:00,535,Cihannuma Yol Üstü 1,BEŞİKTAŞ,41.0454,29.0084,35,1,34,YOL ÜSTÜ,0,0,08:00-23:00
2026-08-10T20:05:49.699366+00:00,2026-08-10T23:05:49.699366+03:00,537,Cihannuma Yol Üstü 3,BEŞİKTAŞ,41.0459,29.0087,33,1,32,YOL ÜSTÜ,0,0,08:00-23:00
2026-08-10T20:05:49.699366+00:00,2026-08-10T23:05:49.699366+03:00,539,Cihannuma Yol Üstü 5,BEŞİKTAŞ,41.0489,29.0094,24,1,23,YOL ÜSTÜ,0,0,08:00-23:00
2026-08-10T20:05:49.699366+00:00,2026-08-10T23:05:49.699366+03:00,3184,Çam Sokak 6,GÜNGÖREN,41.0121,28.8882,50,1,49,YOL ÜSTÜ,0,15,08:00-17:00
2026-08-10T20:05:49.699366+00:00,2026-08-10T23:05:49.699366+03:00,3030,Çekmeköy Metro PD Zemin Altı Otoparkı,ÇEKMEKÖY,41.0147,29.1886,175,57,118,KAPALI OTOPARK,1,15,24 Saat
2026-08-10T20:05:49.699366+00:00,2026-08-10T23:05:49.699366+03:00,2905,Çeliktepe Açık Otoparkı,KAĞITHANE,41.0843,29.0056,200,147,53,AÇIK OTOPARK,1,5,24 Saat
2026-08-10T20:05:49.699366+00:00,2026-08-10T23:05:49.699366+03:00,1298,Çengelköy Açık Otoparkı,ÜSKÜDAR,41.0484,29.0533,500,49,451,AÇIK OTOPARK,1,15,24 Saat
2026-08-10T20:05:49.699366+00:00,2026-08-10T23:05:49.699366+03:00,502,Çınar Açık Otoparkı,BEŞİKTAŞ,41.0853,29.0088,65,1,64,AÇIK OTOPARK,0,0,08:00-18:00
2026-08-10T20:05:49.699366+00:00,2026-08-10T23:05:49.699366+03:00,777,Çırağan Sarayı Yol Üstü 1,BEŞİKTAŞ,41.0448,29.0165,40,1,39,YOL ÜSTÜ,0,15,08:00-23:00
2026-08-10T20:05:49.699366+00:00,2026-08-10T23:05:49.699366+03:00,778,Çırağan Sarayı Yol Üstü 2,BEŞİKTAŞ,41.0445,29.0156,40,1,39,YOL ÜSTÜ,0,15,08:00-23:00
2026-08-10T20:05:49.699366+00:00,2026-08-10T23:05:49.699366+03:00,2228,Çırpıcı Sosyal Tesisler,ZEYTİNBURNU,41,28.8926,128,0,128,AÇIK OTOPARK,1,15,07:00-00:00
2026-08-10T20:05:49.699366+00:00,2026-08-10T23:05:49.699366+03:00,2030,Dalyan Açık Otoparkı,KADIKÖY,40.9632,29.0651,92,22,70,AÇIK OTOPARK,1,15,24 Saat
2026-08-10T20:05:49.699366+00:00,2026-08-10T23:05:49.699366+03:00,2271,Damla Sokak 1,ŞİŞLİ,41.0672,29.0004,17,1,16,YOL ÜSTÜ,0,15,07:30-16:30
2026-08-10T20:05:49.699366+00:00,2026-08-10T23:05:49.699366+03:00,2164,Darüşşafaka Yeraltı Otoparkı,SARIYER,41.1292,29.0252,150,142,8,KAPALI OTOPARK,1,15,08:00-00:00
2026-08-10T20:05:49.699366+00:00,2026-08-10T23:05:49.699366+03:00,1653,Deniz Feneri Otoparkı,FATİH,41.0019,28.9773,175,69,106,AÇIK OTOPARK,1,5,24 Saat
2026-08-10T20:05:49.699366+00:00,2026-08-10T23:05:49.699366+03:00,595,Dostluk Yurdu 1,FATİH,41.0071,28.973,33,33,0,YOL ÜSTÜ,0,15,07:00-17:00
2026-08-10T20:05:49.699366+00:00,2026-08-10T23:05:49.699366+03:00,2237,Dragos Sosyal Tesisleri,KARTAL,40.9017,29.1458,100,40,60,AÇIK OTOPARK,1,15,24 Saat
2026-08-10T20:05:49.699366+00:00,2026-08-10T23:05:49.699366+03:00,3063,Dudullu Metro PD Zemin Altı Otoparkı,ÜMRANİYE,41.0156,29.1633,81,63,18,KAPALI OTOPARK,1,15,07:00-23:30
2026-08-10T20:05:49.699366+00:00,2026-08-10T23:05:49.699366+03:00,1522,Ebu Suut Caddesi 1,FATİH,41.0128,28.9766,35,1,34,YOL ÜSTÜ,0,0,08:00-18:00
2026-08-10T20:05:49.699366+00:00,2026-08-10T23:05:49.699366+03:00,2147,EGS Blokları Açık Otoparkı,BAKIRKÖY,40.9863,28.8354,350,66,284,AÇIK OTOPARK,0,60,09:00-19:30
2026-08-10T20:05:49.699366+00:00,2026-08-10T23:05:49.699366+03:00,2366,Esenler Adem Baştürk Kültür Merkezi Katlı,ESENLER,41.039,28.8846,460,0,460,KAPALI OTOPARK,1,15,24 Saat
2026-08-10T20:05:49.699366+00:00,2026-08-10T23:05:49.699366+03:00,3190,Esenler Havaalanı Mahallesi Zemin Altı Otoparkı,ESENLER,41.0562,28.8674,610,331,279,KAPALI OTOPARK,1,10,24 Saat
2026-08-10T20:05:49.699366+00:00,2026-08-10T23:05:49.699366+03:00,3011,Esenler Menderes Metro İstasyonu Yanı,ESENLER,41.0427,28.8783,68,0,68,AÇIK OTOPARK,1,5,24 Saat
2026-08-10T20:05:49.699366+00:00,2026-08-10T23:05:49.699366+03:00,2822,Esenler Menderes Parkı Zemin Altı Otoparkı,ESENLER,41.0412,28.8729,325,36,289,KAPALI OTOPARK,1,10,24 Saat
2026-08-10T20:05:49.699366+00:00,2026-08-10T23:05:49.699366+03:00,3303,Esenyurt Adile Naşit Bulvarı Zeminaltı Otoparkı,ESENYURT,41.0205,28.6859,367,287,80,KAPALI OTOPARK,1,15,24 Saat
2026-08-10T20:05:49.699366+00:00,2026-08-10T23:05:49.699366+03:00,1328,Eski Salı Pazarı,KADIKÖY,40.9904,29.0338,760,0,760,AÇIK OTOPARK,1,15,24 Saat
2026-08-10T20:05:49.699366+00:00,2026-08-10T23:05:49.699366+03:00,904,Eyüp Pierloti Caddesi 1,EYÜP,41.0539,28.9329,40,1,39,YOL ÜSTÜ,0,0,09:00-22:00
2026-08-10T20:05:49.699366+00:00,2026-08-10T23:05:49.699366+03:00,2850,Eyüpsultan Akşemsettin Mahallesi Zemin Altı Otoparkı,EYÜP,41.085,28.9258,110,0,110,KAPALI OTOPARK,1,15,24 Saat
2026-08-10T20:05:49.699366+00:00,2026-08-10T23:05:49.699366+03:00,2215,Fatih Çeşmesi Tabiat Parkı Otoparkı,SARIYER,41.1686,28.9448,250,243,7,AÇIK OTOPARK,0,0,06:00-20:00
2026-08-10T20:05:49.699366+00:00,2026-08-10T23:05:49.699366+03:00,1475,Fatih Katlı Otoparkı,FATİH,41.0198,28.9396,118,14,104,KAPALI OTOPARK,1,10,24 Saat
2026-08-10T20:05:49.699366+00:00,2026-08-10T23:05:49.699366+03:00,1591,Feshane PD Açık Otoparkı,EYÜP,41.0463,28.9378,200,35,165,AÇIK OTOPARK,1,15,24 Saat
2026-08-10T20:05:49.699366+00:00,2026-08-10T23:05:49.699366+03:00,1005,Florya Havuzlu Bahçe,BAKIRKÖY,40.9764,28.7908,135,1,134,AÇIK OTOPARK,0,0,09:00-23:00
2026-08-10T20:05:49.699366+00:00,2026-08-10T23:05:49.699366+03:00,2238,Florya Sosyal Tesisleri,BAKIRKÖY,40.9614,28.8091,1074,881,193,AÇIK OTOPARK,1,15,24 Saat
2026-08-10T20:05:49.699366+00:00,2026-08-10T23:05:49.699366+03:00,1704,Gazi Umur Paşa Sokak 5,BEŞİKTAŞ,41.0589,29.0114,45,1,44,YOL ÜSTÜ,0,15,08:00-17:00
2026-08-10T20:05:49.699366+00:00,2026-08-10T23:05:49.699366+03:00,3296,Gaziosmanpaşa Meydanı ve Yaşam Merkezi Zemin Altı Otoparkı,GAZİOSMANPAŞA,41.0606,28.9093,202,0,202,KAPALI OTOPARK,1,15,24 Saat
2026-08-10T20:05:49.699366+00:00,2026-08-10T23:05:49.699366+03:00,2971,Gaziosmanpaşa Zemin Altı Otoparkı,GAZİOSMANPAŞA,41.0796,28.8858,285,0,285,KAPALI OTOPARK,1,0,24 Saat
2026-08-10T20:05:49.699366+00:00,2026-08-10T23:05:49.699366+03:00,3401,Giyimkent Tekstilkent Metro Zemin Altı PD Otoparkı,ESENLER,41.0711,28.8666,203,182,21,KAPALI OTOPARK,1,10,24 Saat
2026-08-10T20:05:49.699366+00:00,2026-08-10T23:05:49.699366+03:00,2242,Gözdağı Sosyal Tesisler  Açık Otoparkı,PENDİK,40.893,29.2538,300,216,84,AÇIK OTOPARK,0,0,07:00-23:00
2026-08-10T20:05:49.699366+00:00,2026-08-10T23:05:49.699366+03:00,1879,Gülsuyu Metro PD Yer Altı Otoparkı,MALTEPE,40.9237,29.1548,76,0,76,KAPALI OTOPARK,1,15,08:00-00:00
2026-08-10T20:05:49.699366+00:00,2026-08-10T23:05:49.699366+03:00,1423,Güneş Plajı 1,BAKIRKÖY,40.9712,28.79,250,182,68,AÇIK OTOPARK,1,10,24 Saat
2026-08-10T20:05:49.699366+00:00,2026-08-10T23:05:49.699366+03:00,1461,Güneş Plajı 2,BAKIRKÖY,40.9692,28.7951,135,81,54,AÇIK OTOPARK,0,10,08:00-20:00
2026-08-10T20:05:49.699366+00:00,2026-08-10T23:05:49.699366+03:00,3053,Güngören Nikah Dairesi Zemin Altı otoparkı,GÜNGÖREN,41.0363,28.8718,147,0,147,KAPALI OTOPARK,1,10,24 Saat
2026-08-10T20:05:49.699366+00:00,2026-08-10T23:05:49.699366+03:00,2216,Gürpınar Balık Hali Otoparkı,BEYLİKDÜZÜ,40.9663,28.6019,1000,787,213,AÇIK OTOPARK,1,15,24 Saat
2026-08-10T20:05:49.699366+00:00,2026-08-10T23:05:49.699366+03:00,1525,Hacıosman Metro Yer Altı Otoparkı,SARIYER,41.14,29.0306,422,343,79,KAPALI OTOPARK,1,15,24 Saat
2026-08-10T20:05:49.699366+00:00,2026-08-10T23:05:49.699366+03:00,1470,Haldun Alagaş Katlı Otoparkı,ÜMRANİYE,41.0262,29.1052,197,123,74,KAPALI OTOPARK,1,15,24 Saat
2026-08-10T20:05:49.699366+00:00,2026-08-10T23:05:49.699366+03:00,3235,Haliç Sosyal Tesisleri Otoparkı,FATİH,41.0277,28.9572,60,34,26,AÇIK OTOPARK,1,15,07:00-00:00
2026-08-10T20:05:49.699366+00:00,2026-08-10T23:05:49.699366+03:00,2848,Halkalı Mahallesi Zemin Altı Otoparkı,KÜÇÜKÇEKMECE,41.0359,28.7848,347,267,80,KAPALI OTOPARK,1,15,24 Saat
2026-08-10T20:05:49.699366+00:00,2026-08-10T23:05:49.699366+03:00,2838,Hamidiye Mahallesi Katlı Otoparkı,KAĞITHANE,41.0949,28.971,450,189,261,KAPALI OTOPARK,1,15,24 Saat
2026-08-10T20:05:49.699366+00:00,2026-08-10T23:05:49.699366+03:00,1446,Harbiye Zemin Altı Otoparkı,BEYOĞLU,41.0408,28.9869,142,93,49,KAPALI OTOPARK,1,5,24 Saat
2026-08-10T20:05:49.699366+00:00,2026-08-10T23:05:49.699366+03:00,2332,Haydarpaşa Katlı Otoparkı,ÜSKÜDAR,41.0048,29.0251,840,744,96,KAPALI OTOPARK,1,15,24 Saat
2026-08-10T20:05:49.699366+00:00,2026-08-10T23:05:49.699366+03:00,1987,Haznedar Yer Altı Otoparkı,GÜNGÖREN,41.0083,28.8729,540,0,540,KAPALI OTOPARK,1,0,24 Saat
2026-08-10T20:05:49.699366+00:00,2026-08-10T23:05:49.699366+03:00,377,Hızır Külhani Sokak,FATİH,41.0202,28.9605,32,1,31,YOL ÜSTÜ,0,15,09:00-17:00
2026-08-10T20:05:49.699366+00:00,2026-08-10T23:05:49.699366+03:00,3173,Hürriyet Mahallesi Zeminaltı Otoparkı,GAZİOSMANPAŞA,41.0708,28.8951,190,0,190,KAPALI OTOPARK,1,15,24 Saat
2026-08-10T20:05:49.699366+00:00,2026-08-10T23:05:49.699366+03:00,157,Ihlamur Dere Caddesi 4,BEŞİKTAŞ,41.047,29.0023,27,27,0,YOL ÜSTÜ,0,15,09:00-17:00
2026-08-10T20:05:49.699366+00:00,2026-08-10T23:05:49.699366+03:00,1189,İçerenköy Sebze Meyve Hali Otoparkı,ATAŞEHİR,40.9766,29.1044,600,599,1,AÇIK OTOPARK,1,15,24 Saat
2026-08-10T20:05:49.699366+00:00,2026-08-10T23:05:49.699366+03:00,1127,İshakpaşa Caddesi,FATİH,41.0079,28.9814,200,1,199,YOL ÜSTÜ,0,0,08:00-18:00
2026-08-10T20:05:49.699366+00:00,2026-08-10T23:05:49.699366+03:00,3265,İspark İstanbul West Marina Açık Otoparkı 1,BEYLİKDÜZÜ,40.9636,28.6564,250,1,249,AÇIK OTOPARK,1,15,24 Saat
2026-08-10T20:05:49.699366+00:00,2026-08-10T23:05:49.699366+03:00,2793,İspark Merter Katlı Otoparkı,GÜNGÖREN,41.0097,28.89,900,471,429,KAPALI OTOPARK,1,10,24 Saat
2026-08-10T20:05:49.699366+00:00,2026-08-10T23:05:49.699366+03:00,2430,İspark West İstanbul Marina Açık Otoparkı,BEYLİKDÜZÜ,40.9639,28.6591,1600,1072,528,AÇIK OTOPARK,1,15,24 Saat
2026-08-10T20:05:49.699366+00:00,2026-08-10T23:05:49.699366+03:00,381,İstinye 4 ( Cami Önü ),SARIYER,41.1149,29.0571,25,1,24,YOL ÜSTÜ,0,15,08:30-17:30
2026-08-10T20:05:49.699366+00:00,2026-08-10T23:05:49.699366+03:00,1804,İtalyan Hastanesi Karşısı Açık Otoparkı 1,BEYOĞLU,41.028,28.9815,30,1,29,AÇIK OTOPARK,0,0,08:00-19:00
2026-08-10T20:05:49.699366+00:00,2026-08-10T23:05:49.699366+03:00,507,Kabasakal Medrese Önü,FATİH,41.0062,28.9789,65,1,64,AÇIK OTOPARK,0,0,08:00-18:30
2026-08-10T20:05:49.699366+00:00,2026-08-10T23:05:49.699366+03:00,3306,Kabataş Transfer Merkezi Turizm Otobüs Otoparkı,BEYOĞLU,41.0336,28.9923,160,79,81,KAPALI OTOPARK,1,20,24 Saat
2026-08-10T20:05:49.699366+00:00,2026-08-10T23:05:49.699366+03:00,2918,Kadıköy Hasanpaşa Gazhane Katlı Otoparkı,KADIKÖY,40.9972,29.0428,310,199,111,KAPALI OTOPARK,1,15,24 Saat
2026-08-10T20:05:49.699366+00:00,2026-08-10T23:05:49.699366+03:00,1447,Kadıköy İski Açık Otoparkı,KADIKÖY,40.9874,29.0207,124,69,55,AÇIK OTOPARK,1,15,24 Saat
2026-08-10T20:05:49.699366+00:00,2026-08-10T23:05:49.699366+03:00,1655,Kadıköy Metro Açık Otoparkı,KADIKÖY,40.9899,29.0217,74,24,50,AÇIK OTOPARK,1,15,24 Saat
2026-08-10T20:05:49.699366+00:00,2026-08-10T23:05:49.699366+03:00,3445,Kadıköy Uzunçayır PD Açık Otoparkı,KADIKÖY,40.9982,29.0569,70,42,28,AÇIK OTOPARK,0,15,06:30-16:30
2026-08-10T20:05:49.699366+00:00,2026-08-10T23:05:49.699366+03:00,2808,Kadıköy Yeni Salı Pazarı PD Katlı Otoparkı,KADIKÖY,40.9969,29.0486,1350,627,723,KAPALI OTOPARK,1,15,24 Saat
2026-08-10T20:05:49.699366+00:00,2026-08-10T23:05:49.699366+03:00,2811,Kağıthane Harmantepe Zemin Altı Otoparkı,KAĞITHANE,41.0816,28.9907,200,0,200,KAPALI OTOPARK,1,0,24 Saat
2026-08-10T20:05:49.699366+00:00,2026-08-10T23:05:49.699366+03:00,1452,Kalamış Açık Otoparkı,KADIKÖY,40.9687,29.0363,173,81,92,AÇIK OTOPARK,1,15,24 Saat
2026-08-10T20:05:49.699366+00:00,2026-08-10T23:05:49.699366+03:00,1474,Kartal Hasan Doğan Spor Kompleksi,KARTAL,40.8918,29.1897,773,0,773,KAPALI OTOPARK,1,15,24 Saat
2026-08-10T20:05:49.699366+00:00,2026-08-10T23:05:49.699366+03:00,1105,Kartal İdo Açık Otoparkı,KARTAL,40.8874,29.1881,90,0,90,AÇIK OTOPARK,1,15,24 Saat
2026-08-10T20:05:49.699366+00:00,2026-08-10T23:05:49.699366+03:00,1550,Kartal Sahil Açık Otoparkı,KARTAL,40.8875,29.1901,75,62,13,AÇIK OTOPARK,1,5,24 Saat
2026-08-10T20:05:49.699366+00:00,2026-08-10T23:05:49.699366+03:00,3434,Kasımpaşa Sosyal Tesisler Otoparkı,BEYOĞLU,41.0296,28.9673,60,37,23,AÇIK OTOPARK,0,0,07:30-23:00
2026-08-10T20:05:49.699366+00:00,2026-08-10T23:05:49.699366+03:00,1960,Kazlıçeşme Marmaray Açık Otoparkı,ZEYTİNBURNU,40.9922,28.917,700,653,47,AÇIK OTOPARK,1,15,24 Saat
2026-08-10T20:05:49.699366+00:00,2026-08-10T23:05:49.699366+03:00,2994,Kirazlı Metro Durağı PD Açık Otoparkı,BAĞCILAR,41.033,28.8429,112,0,112,AÇIK OTOPARK,1,5,24 Saat
2026-08-10T20:05:49.699366+00:00,2026-08-10T23:05:49.699366+03:00,1528,Kore Şehitleri Caddesi - Yüzbaşı Kaya Aldağon Sokak 1,ŞİŞLİ,41.0719,29.0139,40,1,39,YOL ÜSTÜ,0,15,07:00-16:00
2026-08-10T20:05:49.699366+00:00,2026-08-10T23:05:49.699366+03:00,2449,Kozyatağı Sebze-Meyve Hali,ATAŞEHİR,40.9787,29.1029,1500,1500,0,AÇIK OTOPARK,1,0,24 Saat
2026-08-10T20:05:49.699366+00:00,2026-08-10T23:05:49.699366+03:00,113,Kurtuluş Caddesi 4,ŞİŞLİ,41.051,28.983,45,1,44,YOL ÜSTÜ,0,15,08:00-18:00
2026-08-10T20:05:49.699366+00:00,2026-08-10T23:05:49.699366+03:00,1206,Kutlugün Sokak 2,FATİH,41.0061,28.9801,200,1,199,YOL ÜSTÜ,0,0,08:00-18:00
2026-08-10T20:05:49.699366+00:00,2026-08-10T23:05:49.699366+03:00,3074,Küçük Çamlıca,ÜSKÜDAR,41.0204,29.0653,129,106,23,AÇIK OTOPARK,0,0,08:00-22:00
2026-08-10T20:05:49.699366+00:00,2026-08-10T23:05:49.699366+03:00,3127,Küçükçekmece Cennet Mahallesi Meydan Zemin Altı Otoparkı,KÜÇÜKÇEKMECE,40.9907,28.783,456,0,456,KAPALI OTOPARK,1,10,24 Saat
2026-08-10T20:05:49.699366+00:00,2026-08-10T23:05:49.699366+03:00,2554,Küçükçekmece Fevzi Çakmak Meydanı Zemin Altı Otoparkı,KÜÇÜKÇEKMECE,41.0076,28.7927,1000,495,505,KAPALI OTOPARK,1,10,24 Saat
2026-08-10T20:05:49.699366+00:00,2026-08-10T23:05:49.699366+03:00,2882,Küçüksu Kasrı Açık Otoparkı,BEYKOZ,41.0789,29.0657,98,91,7,AÇIK OTOPARK,0,0,07:00-23:00
2026-08-10T20:05:49.699366+00:00,2026-08-10T23:05:49.699366+03:00,220,Levent Hamidiye,BEŞİKTAŞ,41.0861,29.0076,100,1,99,AÇIK OTOPARK,0,0,08:00-19:00
2026-08-10T20:05:49.699366+00:00,2026-08-10T23:05:49.699366+03:00,1138,Levent Metro Yer Altı Otoparkı,BEŞİKTAŞ,41.0811,29.0105,100,100,0,AÇIK OTOPARK,0,5,07:30-19:30
2026-08-10T20:05:49.699366+00:00,2026-08-10T23:05:49.699366+03:00,2335,Maçka Açık Otoparkı,ŞİŞLİ,41.046,28.9908,75,74,1,AÇIK OTOPARK,1,0,24 Saat
2026-08-10T20:05:49.699366+00:00,2026-08-10T23:05:49.699366+03:00,1859,Maçka Katlı Otoparkı,ŞİŞLİ,41.0484,28.9903,508,6,502,KAPALI OTOPARK,1,0,24 Saat
2026-08-10T20:05:49.699366+00:00,2026-08-10T23:05:49.699366+03:00,3193,Maltepe Rıhtım Caddesi Açık Otoparkı,MALTEPE,40.9258,29.1241,76,19,57,AÇIK OTOPARK,1,0,24 Saat
2026-08-10T20:05:49.699366+00:00,2026-08-10T23:05:49.699366+03:00,2146,Maltepe Süreyyapaşa Çarşısı Açık Otoparkı,MALTEPE,40.9274,29.1225,156,30,126,AÇIK OTOPARK,1,0,24 Saat
2026-08-10T20:05:49.699366+00:00,2026-08-10T23:05:49.699366+03:00,1599,Maslak Açık Otoparkı,SARIYER,41.1166,29.024,150,133,17,AÇIK OTOPARK,1,10,24 Saat
2026-08-10T20:05:49.699366+00:00,2026-08-10T23:05:49.699366+03:00,2100,Matbaacılar Sitesi Yanı,ZEYTİNBURNU,41.0234,28.9187,250,213,37,AÇIK OTOPARK,1,5,24 Saat
2026-08-10T20:05:49.699366+00:00,2026-08-10T23:05:49.699366+03:00,920,Meclis-i Mebusan Yokuşu 2,BEYOĞLU,41.0326,28.9882,34,1,33,YOL ÜSTÜ,0,15,09:00-17:00
2026-08-10T20:05:49.699366+00:00,2026-08-10T23:05:49.699366+03:00,1546,Menekşe Plajı Açık Otoparkı,BAKIRKÖY,40.9761,28.7766,200,199,1,AÇIK OTOPARK,1,0,24 Saat
2026-08-10T20:05:49.699366+00:00,2026-08-10T23:05:49.699366+03:00,1376,Mercan Açık,FATİH,41.0136,28.9669,130,127,3,AÇIK OTOPARK,0,0,08:00-23:00
2026-08-10T20:05:49.699366+00:00,2026-08-10T23:05:49.699366+03:00,3309,Mercan Ali Paşa Sarayı Zemin Altı Otoparkı,FATİH,41.0136,28.967,196,1,195,KAPALI OTOPARK,0,0,07:00-21:00
2026-08-10T20:05:49.699366+00:00,2026-08-10T23:05:49.699366+03:00,1472,Merter Katlı Otoparkı,GÜNGÖREN,41.0092,28.8874,1000,904,96,KAPALI OTOPARK,1,10,24 Saat
2026-08-10T20:05:49.699366+00:00,2026-08-10T23:05:49.699366+03:00,2375,Merter Metro PD Zeminaltı Otoparkı,GÜNGÖREN,41.0037,28.8897,242,88,154,KAPALI OTOPARK,1,10,24 Saat
2026-08-10T20:05:49.699366+00:00,2026-08-10T23:05:49.699366+03:00,1568,Mete Caddesi 1,BEYOĞLU,41.0382,28.9879,31,1,30,YOL ÜSTÜ,0,15,08:00-23:00
2026-08-10T20:05:49.699366+00:00,2026-08-10T23:05:49.699366+03:00,1471,Mevlana Yeraltı Katlı Otoparkı,ZEYTİNBURNU,41.0072,28.9049,1000,863,137,KAPALI OTOPARK,1,5,24 Saat
2026-08-10T20:05:49.699366+00:00,2026-08-10T23:05:49.699366+03:00,2709,Millet Caddesi Açık Otoparkı,FATİH,41.01,28.9461,60,1,59,AÇIK OTOPARK,1,15,24 Saat
2026-08-10T20:05:49.699366+00:00,2026-08-10T23:05:49.699366+03:00,3152,Mimar Sinan Zemin Altı Otoparkı,ÜSKÜDAR,41.0222,29.0169,956,278,678,KAPALI OTOPARK,1,15,24 Saat
2026-08-10T20:05:49.699366+00:00,2026-08-10T23:05:49.699366+03:00,2870,Miniatürk Çadır Açık Otoparkı,BEYOĞLU,41.0594,28.9501,250,99,151,AÇIK OTOPARK,0,15,07:00-20:00
2026-08-10T20:05:49.699366+00:00,2026-08-10T23:05:49.699366+03:00,2556,Muallim Naci Açık Otoparkı,BEŞİKTAŞ,41.0561,29.0342,35,20,15,AÇIK OTOPARK,1,15,24 Saat
2026-08-10T20:05:49.699366+00:00,2026-08-10T23:05:49.699366+03:00,569,Oda Kule Önü 1,BEYOĞLU,41.0322,28.9751,24,1,23,YOL ÜSTÜ,1,0,07:00-01:00
2026-08-10T20:05:49.699366+00:00,2026-08-10T23:05:49.699366+03:00,1988,Orhangazi Şehir Parkı PD Açık Otoparkı,MALTEPE,40.9313,29.1161,5022,4009,1013,AÇIK OTOPARK,1,15,24 Saat
2026-08-10T20:05:49.699366+00:00,2026-08-10T23:05:49.699366+03:00,152,Ortabahçe Caddesi 2,BEŞİKTAŞ,41.0428,29.0043,35,35,0,YOL ÜSTÜ,0,15,08:00-23:00
2026-08-10T20:05:49.699366+00:00,2026-08-10T23:05:49.699366+03:00,153,Ortabahçe Caddesi 3,BEŞİKTAŞ,41.043,29.0042,26,1,25,YOL ÜSTÜ,0,15,08:00-23:00
2026-08-10T20:05:49.699366+00:00,2026-08-10T23:05:49.699366+03:00,119,Ortaklar Caddesi 1,ŞİŞLİ,41.0638,28.9971,25,1,24,YOL ÜSTÜ,0,15,08:30-17:00
2026-08-10T20:05:49.699366+00:00,2026-08-10T23:05:49.699366+03:00,1343,Ortaköy Açık Otoparkı,BEŞİKTAŞ,41.0504,29.0326,170,151,19,AÇIK OTOPARK,1,0,24 Saat
2026-08-10T20:05:49.699366+00:00,2026-08-10T23:05:49.699366+03:00,572,Ortaköy Portakal Yokuşu 1,BEŞİKTAŞ,41.0503,29.0261,15,1,14,YOL ÜSTÜ,0,15,09:00-19:00
2026-08-10T20:05:49.699366+00:00,2026-08-10T23:05:49.699366+03:00,1039,Öğretmen Evi,AVCILAR,40.9723,28.714,80,42,38,AÇIK OTOPARK,0,0,11:00-23:00
2026-08-10T20:05:49.699366+00:00,2026-08-10T23:05:49.699366+03:00,1466,Pendik Katlı Otoparkı,PENDİK,40.8789,29.2342,120,0,120,KAPALI OTOPARK,1,15,24 Saat
2026-08-10T20:05:49.699366+00:00,2026-08-10T23:05:49.699366+03:00,3073,Pendik Kemal Kalkuz Parkı Zemin Altı Otoparkı,PENDİK,40.8885,29.2427,224,0,224,KAPALI OTOPARK,0,0,09:00-18:00
2026-08-10T20:05:49.699366+00:00,2026-08-10T23:05:49.699366+03:00,3019,Pendik Meydan Zemin Altı Otoparkı,PENDİK,40.8752,29.2324,937,0,937,KAPALI OTOPARK,1,0,24 Saat
2026-08-10T20:05:49.699366+00:00,2026-08-10T23:05:49.699366+03:00,2865,Pendik Sahil Engelliler Merkez Önü,PENDİK,40.8735,29.233,100,66,34,AÇIK OTOPARK,0,0,11:00-20:00
2026-08-10T20:05:49.699366+00:00,2026-08-10T23:05:49.699366+03:00,2434,Pendik Sahil İdo,PENDİK,40.8755,29.2369,100,0,100,AÇIK OTOPARK,0,0,07:00-23:00
2026-08-10T20:05:49.699366+00:00,2026-08-10T23:05:49.699366+03:00,248,Pendik Yenimahalle Açık 2 Otoparkı,PENDİK,40.864,29.2723,124,108,16,AÇIK OTOPARK,0,15,10:00-22:00
2026-08-10T20:05:49.699366+00:00,2026-08-10T23:05:49.699366+03:00,297,Perşembe Pazarı 1,BEYOĞLU,41.0252,28.9693,32,1,31,YOL ÜSTÜ,0,15,08:00-17:00
2026-08-10T20:05:49.699366+00:00,2026-08-10T23:05:49.699366+03:00,597,Pierre Loti Caddesi 3,FATİH,41.0069,28.9711,36,1,35,YOL ÜSTÜ,0,0,07:00-17:00
2026-08-10T20:05:49.699366+00:00,2026-08-10T23:05:49.699366+03:00,3263,Piyalepaşa Meydanı Zemin Altı Otoparkı,BEYOĞLU,41.0445,28.9674,560,256,304,KAPALI OTOPARK,1,0,24 Saat
2026-08-10T20:05:49.699366+00:00,2026-08-10T23:05:49.699366+03:00,1900,Ragıp Gümüşpala Cad.(Sobacılar Önü),FATİH,41.0181,28.969,40,1,39,YOL ÜSTÜ,0,15,07:00-18:00
2026-08-10T20:05:49.699366+00:00,2026-08-10T23:05:49.699366+03:00,415,Ragıp Gümüşpala Camii Önü 1,FATİH,41.0211,28.9627,35,1,34,YOL ÜSTÜ,0,0,07:00-17:30
2026-08-10T20:05:49.699366+00:00,2026-08-10T23:05:49.699366+03:00,3268,Refik Saydam Caddesi 3,BEYOĞLU,41.032,28.9736,55,1,54,YOL ÜSTÜ,0,0,06:00-23:00
2026-08-10T20:05:49.699366+00:00,2026-08-10T23:05:49.699366+03:00,2307,Ressam Halim Sokak PD Açık Otoparkı,BAHÇELİEVLER,40.9967,28.8641,120,108,12,AÇIK OTOPARK,1,15,08:00-00:00
2026-08-10T20:05:49.699366+00:00,2026-08-10T23:05:49.699366+03:00,3082,Rumeli Hisarı Sahil Yolu Otoparkı,SARIYER,41.0854,29.0568,20,1,19,AÇIK OTOPARK,1,0,24 Saat
2026-08-10T20:05:49.699366+00:00,2026-08-10T23:05:49.699366+03:00,1595,Sabiha Gökçen Açık Otoparkı,PENDİK,40.925,29.308,1056,272,784,AÇIK OTOPARK,1,15,24 Saat
2026-08-10T20:05:49.699366+00:00,2026-08-10T23:05:49.699366+03:00,3239,Samatya Sahil Cep Otoparkı,FATİH,40.9954,28.932,113,74,39,AÇIK OTOPARK,1,15,24 Saat
2026-08-10T20:05:49.699366+00:00,2026-08-10T23:05:49.699366+03:00,3273,Sarıyer Büyükdere Fidanlığı,SARIYER,41.1548,29.0268,160,155,5,AÇIK OTOPARK,0,0,08:00-18:00
2026-08-10T20:05:49.699366+00:00,2026-08-10T23:05:49.699366+03:00,3299,Sariyer Ayazağa Mah Vadi İstanbul Önü Açık Otoparkı,SARIYER,41.1106,28.9881,100,96,4,AÇIK OTOPARK,0,0,08:00-20:00
2026-08-10T20:05:49.699366+00:00,2026-08-10T23:05:49.699366+03:00,1303,Seyrantepe Katlı (Arena Karşısı) 1,KAĞITHANE,41.101,28.9961,1897,1894,3,KAPALI OTOPARK,1,0,24 Saat
2026-08-10T20:05:49.699366+00:00,2026-08-10T23:05:49.699366+03:00,1628,Sıracevizler Caddesi Yol Üstü 5,ŞİŞLİ,41.0607,28.9841,45,1,44,YOL ÜSTÜ,0,15,09:00-17:00
2026-08-10T20:05:49.699366+00:00,2026-08-10T23:05:49.699366+03:00,464,Sirkeci Gar Önü,FATİH,41.015,28.9761,60,1,59,AÇIK OTOPARK,0,5,07:00-20:00
2026-08-10T20:05:49.699366+00:00,2026-08-10T23:05:49.699366+03:00,1486,Siyavuşpaşa Yer Altı Otoparkı,BAHÇELİEVLER,40.9965,28.8532,155,0,155,KAPALI OTOPARK,1,0,24 Saat
2026-08-10T20:05:49.699366+00:00,2026-08-10T23:05:49.699366+03:00,1958,Soğanlık Metro PD Açık Otoparkı,KARTAL,40.9131,29.1925,898,881,17,AÇIK OTOPARK,1,15,24 Saat
2026-08-10T20:05:49.699366+00:00,2026-08-10T23:05:49.699366+03:00,589,Su Terazisi Sokak,FATİH,41.0046,28.9727,22,1,21,YOL ÜSTÜ,0,0,07:30-17:00
2026-08-10T20:05:49.699366+00:00,2026-08-10T23:05:49.699366+03:00,1478,Suadiye Cep Açık Otoparkı,KADIKÖY,40.9586,29.0732,130,72,58,AÇIK OTOPARK,1,15,24 Saat
2026-08-10T20:05:49.699366+00:00,2026-08-10T23:05:49.699366+03:00,2948,Suadiye Sahil Açık Otoparkı,KADIKÖY,40.9562,29.0797,70,33,37,AÇIK OTOPARK,1,5,24 Saat
2026-08-10T20:05:49.699366+00:00,2026-08-10T23:05:49.699366+03:00,2799,Sultanbeyli Emir Caddesi Zemin Altı Otoparkı,SULTANBEYLİ,40.9707,29.2606,130,119,11,KAPALI OTOPARK,0,15,08:00-22:00
2026-08-10T20:05:49.699366+00:00,2026-08-10T23:05:49.699366+03:00,2372,Sultanbeyli Kent Meydanı Zemin Altı Otoparkı,SULTANBEYLİ,40.9667,29.2667,300,200,100,KAPALI OTOPARK,1,15,24 Saat
2026-08-10T20:05:49.699366+00:00,2026-08-10T23:05:49.699366+03:00,2410,Sultangazi Zemin Altı Otoparkı,SULTANGAZİ,41.0944,28.8649,104,0,104,KAPALI OTOPARK,1,10,24 Saat
2026-08-10T20:05:49.699366+00:00,2026-08-10T23:05:49.699366+03:00,2085,Süleyman Seba Caddesi 2,BEŞİKTAŞ,41.0426,28.9998,40,1,39,YOL ÜSTÜ,0,15,08:00-18:00
2026-08-10T20:05:49.699366+00:00,2026-08-10T23:05:49.699366+03:00,2088,Süleyman Seba Caddesi 5,BEŞİKTAŞ,41.0432,28.9978,40,1,39,YOL ÜSTÜ,0,15,08:00-18:00
2026-08-10T20:05:49.699366+00:00,2026-08-10T23:05:49.699366+03:00,2089,Süleyman Seba Caddesi 6,BEŞİKTAŞ,41.0435,28.9967,11,1,10,YOL ÜSTÜ,0,15,08:00-18:00
2026-08-10T20:05:49.699366+00:00,2026-08-10T23:05:49.699366+03:00,2391,Süleymaniye Cami Altı Açık Otoparkı,FATİH,41.0158,28.961,250,235,15,AÇIK OTOPARK,0,0,06:30-18:30
2026-08-10T20:05:49.699366+00:00,2026-08-10T23:05:49.699366+03:00,1730,Sütlüce Miniatürk Yanı,BEYOĞLU,41.057,28.95,320,215,105,AÇIK OTOPARK,1,15,24 Saat
2026-08-10T20:05:49.699366+00:00,2026-08-10T23:05:49.699366+03:00,36,Şakayık Sokak 4,ŞİŞLİ,41.0518,28.9936,50,1,49,YOL ÜSTÜ,0,15,08:00-16:00
2026-08-10T20:05:49.699366+00:00,2026-08-10T23:05:49.699366+03:00,1469,Şehit Volkan Duysak Katlı Otoparkı,ZEYTİNBURNU,40.9968,28.9039,1000,678,322,KAPALI OTOPARK,1,5,24 Saat
2026-08-10T20:05:49.699366+00:00,2026-08-10T23:05:49.699366+03:00,2855,Şemsipaşa Açık Otoparkı,ÜSKÜDAR,41.0255,29.0097,80,41,39,AÇIK OTOPARK,1,0,24 Saat
2026-08-10T20:05:49.699366+00:00,2026-08-10T23:05:49.699366+03:00,2439,Şirinevler Meydan Zeminaltı Otoparkı,BAHÇELİEVLER,40.9925,28.8496,367,85,282,KAPALI OTOPARK,1,0,24 Saat
2026-08-10T20:05:49.699366+00:00,2026-08-10T23:05:49.699366+03:00,3400,Şişhane Refik Saydam Caddesi 2 Yol Üstü Otoparkı 1,BEYOĞLU,41.0326,28.9743,70,1,69,YOL ÜSTÜ,0,15,06:00-23:00
2026-08-10T20:05:49.699366+00:00,2026-08-10T23:05:49.699366+03:00,3441,Şişli Kuştepe Zemin Altı Otoparkı,ŞİŞLİ,41.072,28.9919,430,324,106,KAPALI OTOPARK,1,15,24 Saat
2026-08-10T20:05:49.699366+00:00,2026-08-10T23:05:49.699366+03:00,2816,Şişli Rumeli Caddesi Metro Yanı 1,ŞİŞLİ,41.0538,28.9868,45,1,44,YOL ÜSTÜ,0,15,08:00-20:00
2026-08-10T20:05:49.699366+00:00,2026-08-10T23:05:49.699366+03:00,2406,Şişli Zemin Altı Otoparkı,ŞİŞLİ,41.0641,28.9992,581,422,159,KAPALI OTOPARK,1,15,24 Saat
2026-08-10T20:05:49.699366+00:00,2026-08-10T23:05:49.699366+03:00,1993,Tuzla İdo,TUZLA,40.8149,29.3039,300,136,164,AÇIK OTOPARK,1,15,24 Saat
2026-08-10T20:05:49.699366+00:00,2026-08-10T23:05:49.699366+03:00,3332,Tuzla Sahil Cep,TUZLA,40.8168,29.2992,50,40,10,AÇIK OTOPARK,1,0,08:00-00:00
2026-08-10T20:05:49.699366+00:00,2026-08-10T23:05:49.699366+03:00,3057,Tuzla Sahil Zemin Altı Otoparkı,TUZLA,40.8181,29.3004,779,1,778,KAPALI OTOPARK,1,15,24 Saat
2026-08-10T20:05:49.699366+00:00,2026-08-10T23:05:49.699366+03:00,1811,Ulu Camii Açık Otoparkı,BAHÇELİEVLER,40.9982,28.8499,150,118,32,AÇIK OTOPARK,1,10,24 Saat
2026-08-10T20:05:49.699366+00:00,2026-08-10T23:05:49.699366+03:00,2424,Uzunçayır Açık Otoparkı,KADIKÖY,40.9988,29.0556,58,52,6,AÇIK OTOPARK,0,0,06:00-16:00
2026-08-10T20:05:49.699366+00:00,2026-08-10T23:05:49.699366+03:00,1468,Ümraniye Katlı Otoparkı,ÜMRANİYE,41.0261,29.0953,665,557,108,KAPALI OTOPARK,1,15,24 Saat
2026-08-10T20:05:49.699366+00:00,2026-08-10T23:05:49.699366+03:00,2898,Ümraniye Okan Sokak Zeminaltı Otoparkı,ÜMRANİYE,41.0284,29.0907,125,24,101,KAPALI OTOPARK,1,15,24 Saat
2026-08-10T20:05:49.699366+00:00,2026-08-10T23:05:49.699366+03:00,2345,Üsküdar Uzunçayır PD Açık Otoparkı,ÜSKÜDAR,40.9988,29.0577,90,90,0,AÇIK OTOPARK,0,15,06:00-22:00
2026-08-10T20:05:49.699366+00:00,2026-08-10T23:05:49.699366+03:00,1929,Üsküdar Ünalan Açık Otoparkı,ÜSKÜDAR,40.9979,29.0604,180,175,5,AÇIK OTOPARK,0,0,07:00-17:00
2026-08-10T20:05:49.699366+00:00,2026-08-10T23:05:49.699366+03:00,1487,Vatan Caddesi PD Açık Otoparkı,FATİH,41.0157,28.9405,397,351,46,AÇIK OTOPARK,1,5,24 Saat
2026-08-10T20:05:49.699366+00:00,2026-08-10T23:05:49.699366+03:00,2441,Yalı Açık Otoparkı,MALTEPE,40.9095,29.137,85,81,4,AÇIK OTOPARK,0,0,07:30-22:00
2026-08-10T20:05:49.699366+00:00,2026-08-10T23:05:49.699366+03:00,459,Yalı Köşkü Caddesi 1,FATİH,41.0163,28.9759,61,1,60,YOL ÜSTÜ,0,5,07:00-21:00
2026-08-10T20:05:49.699366+00:00,2026-08-10T23:05:49.699366+03:00,2037,Yenikapı Marmaray Büyük Otoparkı,FATİH,41.0057,28.9505,324,251,73,AÇIK OTOPARK,1,15,24 Saat
2026-08-10T20:05:49.699366+00:00,2026-08-10T23:05:49.699366+03:00,2036,Yenikapı Marmaray Küçük Otoparkı,FATİH,41.0064,28.9504,200,200,0,AÇIK OTOPARK,0,15,07:00-22:00
2026-08-10T20:05:49.699366+00:00,2026-08-10T23:05:49.699366+03:00,2175,Yenikapı Spor ve Kültür Merkezi PD Açık Otoparkı,FATİH,41.0006,28.9519,4023,3727,296,AÇIK OTOPARK,1,15,24 Saat
2026-08-10T20:05:49.699366+00:00,2026-08-10T23:05:49.699366+03:00,2805,Yenikapı Tünel Üstü Açık Otoparkı,FATİH,41.0029,28.9534,700,661,39,AÇIK OTOPARK,1,10,24 Saat
2026-08-10T20:05:49.699366+00:00,2026-08-10T23:05:49.699366+03:00,3404,Yenimahalle Metro Zemin Altı PD Otoparkı,GAZİOSMANPAŞA,41.0839,28.8926,114,92,22,KAPALI OTOPARK,1,15,24 Saat
2026-08-10T20:05:49.699366+00:00,2026-08-10T23:05:49.699366+03:00,2920,Yeşilce Zemin Altı Katlı Otoparkı,KAĞITHANE,41.0938,29.0017,676,42,634,KAPALI OTOPARK,1,0,24 Saat
2026-08-10T20:05:49.699366+00:00,2026-08-10T23:05:49.699366+03:00,987,Yeşilköy İstasyon Caddesi 1,BAKIRKÖY,40.962,28.825,40,1,39,YOL ÜSTÜ,0,15,09:00-17:30
2026-08-10T20:05:49.699366+00:00,2026-08-10T23:05:49.699366+03:00,974,Yeşilköy Marina 1,BAKIRKÖY,40.9576,28.8233,145,1,144,YOL ÜSTÜ,0,0,12:00-23:00
2026-08-10T20:05:49.699366+00:00,2026-08-10T23:05:49.699366+03:00,3406,Yeşilpınar Metro Zemin Altı PD Otoparkı,EYÜP,41.081,28.9204,269,189,80,KAPALI OTOPARK,1,15,24 Saat
2026-08-10T20:05:49.699366+00:00,2026-08-10T23:05:49.699366+03:00,315,Yeşilyurt Çarşı 1,BAKIRKÖY,40.9643,28.8379,50,1,49,YOL ÜSTÜ,0,15,09:00-17:30
2026-08-10T20:05:49.699366+00:00,2026-08-10T23:05:49.699366+03:00,1133,Yıldız Korusu,BEŞİKTAŞ,41.0514,29.0165,500,500,0,AÇIK OTOPARK,0,0,08:00-22:00
2026-08-10T20:05:49.699366+00:00,2026-08-10T23:05:49.699366+03:00,882,Zeytinburnu 58. Bulvar 2,ZEYTİNBURNU,40.9932,28.9039,48,1,47,YOL ÜSTÜ,0,15,09:00-18:00
2026-08-10T20:05:49.699366+00:00,2026-08-10T23:05:49.699366+03:00,3185,Zeytinburnu Sahil Cep Otoparkı,ZEYTİNBURNU,40.9798,28.8985,160,1,159,AÇIK OTOPARK,0,0,12:00-22:00
