fetch_utc,fetch_istanbul,parkID,parkName,district,lat,lng,capacity,emptyCapacity,occupancy,parkType,isOpen,freeTime,workHours
2026-08-16T21:25:36.682521+00:00,2026-08-17T00:25:36.682521+03:00,3068,15 Temmuz Şehitler Meydanı Zeminaltı Otoparkı,ÜMRANİYE,41.0246,29.0915,1029,607,422,KAPALI OTOPARK,0,15,24 Saat
2026-08-16T21:25:36.682521+00:00,2026-08-17T00:25:36.682521+03:00,2338,19 Mayıs Açık,ŞİŞLİ,41.0563,28.9941,65,0,65,AÇIK OTOPARK,1,0,24 Saat
2026-08-16T21:25:36.682521+00:00,2026-08-17T00:25:36.682521+03:00,1751,4.Levent PD Açık Otoparkı,KAĞITHANE,41.0836,29.0081,236,147,89,AÇIK OTOPARK,1,5,24 Saat
2026-08-16T21:25:36.682521+00:00,2026-08-17T00:25:36.682521+03:00,3328,4.Levent Servis ve Turizm Araçları Açık Otoparkı,ŞİŞLİ,41.0841,29.0054,300,147,153,AÇIK OTOPARK,1,15,24 Saat
2026-08-16T21:25:36.682521+00:00,2026-08-17T00:25:36.682521+03:00,3412,5. Levent Gaziosmanpaşa Adliyesi Yanı Açık Otoparkı,EYÜP,41.0927,28.9494,250,203,47,AÇIK OTOPARK,0,15,07:00-23:00
2026-08-16T21:25:36.682521+00:00,2026-08-17T00:25:36.682521+03:00,104,Abide-i Hürriyet Caddesi 5,ŞİŞLİ,41.0619,28.9876,40,1,39,YOL ÜSTÜ,0,15,08:00-17:00
2026-08-16T21:25:36.682521+00:00,2026-08-17T00:25:36.682521+03:00,2452,Acıbadem Açık Otoparkı,ÜSKÜDAR,41.0157,29.0574,100,86,14,AÇIK OTOPARK,0,0,06:30-16:00
2026-08-16T21:25:36.682521+00:00,2026-08-17T00:25:36.682521+03:00,346,Ada Karşısı Cep 2,BEŞİKTAŞ,41.072,29.045,30,1,29,YOL ÜSTÜ,0,15,08:00-23:00
2026-08-16T21:25:36.682521+00:00,2026-08-17T00:25:36.682521+03:00,1663,Akasyalı Sokak Tenis Kulubü Önü 2,BEŞİKTAŞ,41.0867,29.0109,45,1,44,YOL ÜSTÜ,0,15,08:30-17:30
2026-08-16T21:25:36.682521+00:00,2026-08-17T00:25:36.682521+03:00,828,Akdeniz Caddesi 4,FATİH,41.0175,28.9435,27,1,26,YOL ÜSTÜ,0,15,09:00-18:00
2026-08-16T21:25:36.682521+00:00,2026-08-17T00:25:36.682521+03:00,1913,Alibeyköy Cep Otogarı Açık Otoparkı,EYÜP,41.0879,28.9446,116,0,116,AÇIK OTOPARK,1,25,24 Saat
2026-08-16T21:25:36.682521+00:00,2026-08-17T00:25:36.682521+03:00,1912,Alibeyköy Cep Otogarı Otobüs Otoparkı,EYÜP,41.0875,28.9449,5000,1,4999,AÇIK OTOPARK,1,60,24 Saat
2026-08-16T21:25:36.682521+00:00,2026-08-17T00:25:36.682521+03:00,2562,Alibeyköy Yeşiltepe Zemin Altı Otoparkı,EYÜP,41.0797,28.938,159,57,102,KAPALI OTOPARK,0,15,24 Saat
2026-08-16T21:25:36.682521+00:00,2026-08-17T00:25:36.682521+03:00,3201,Altınboynuz Sosyal Tesisleri,EYÜP,41.058,28.9447,70,1,69,AÇIK OTOPARK,0,15,08:00-23:00
2026-08-16T21:25:36.682521+00:00,2026-08-17T00:25:36.682521+03:00,758,Arap Camii Açık Otoparkı,BEYOĞLU,41.0227,28.9723,30,1,29,AÇIK OTOPARK,0,0,09:00-17:00
2026-08-16T21:25:36.682521+00:00,2026-08-17T00:25:36.682521+03:00,1963,Aras Sokak 1,BÜYÜKÇEKMECE,41.0226,28.622,60,1,59,YOL ÜSTÜ,0,0,06:00-14:30
2026-08-16T21:25:36.682521+00:00,2026-08-17T00:25:36.682521+03:00,2802,Arnavutköy Zemin Altı Otoparkı,ARNAVUTKÖY,41.1838,28.7396,700,0,700,KAPALI OTOPARK,1,15,24 Saat
2026-08-16T21:25:36.682521+00:00,2026-08-17T00:25:36.682521+03:00,1797,Ataköy Atrium AVM,BAKIRKÖY,40.9881,28.8459,250,244,6,AÇIK OTOPARK,0,15,08:00-23:00
2026-08-16T21:25:36.682521+00:00,2026-08-17T00:25:36.682521+03:00,2824,Ataköy Metro Durağı Yanı PD Zemin Altı Otoparkı,BAKIRKÖY,40.9904,28.8456,150,81,69,KAPALI OTOPARK,1,0,24 Saat
2026-08-16T21:25:36.682521+00:00,2026-08-17T00:25:36.682521+03:00,359,Atatürk Bulvarı 1,FATİH,41.0112,28.9534,20,1,19,YOL ÜSTÜ,0,0,07:30-18:00
2026-08-16T21:25:36.682521+00:00,2026-08-17T00:25:36.682521+03:00,3087,Atatürk Kent Ormanı Otoparkı,SARIYER,41.136,29.0262,200,197,3,AÇIK OTOPARK,0,0,08:00-17:00
2026-08-16T21:25:36.682521+00:00,2026-08-17T00:25:36.682521+03:00,2243,Avcılar Denizköşkler Toplantı ve Davet Salonu Açık Otoparkı,AVCILAR,40.9746,28.7435,200,188,12,AÇIK OTOPARK,0,15,13:00-07:00
2026-08-16T21:25:36.682521+00:00,2026-08-17T00:25:36.682521+03:00,1088,Avcılar İdo,AVCILAR,40.9712,28.7185,270,259,11,AÇIK OTOPARK,0,0,13:00-07:00
2026-08-16T21:25:36.682521+00:00,2026-08-17T00:25:36.682521+03:00,2885,Azapkapı Haliç Metro Otoparkı,ŞİŞLİ,41.0245,28.9691,80,56,24,AÇIK OTOPARK,1,5,24 Saat
2026-08-16T21:25:36.682521+00:00,2026-08-17T00:25:36.682521+03:00,2455,Azerbaycan Dostluk Parkı Zemin Altı Otoparkı,BAĞCILAR,41.0444,28.854,400,151,249,KAPALI OTOPARK,0,10,24 Saat
2026-08-16T21:25:36.682521+00:00,2026-08-17T00:25:36.682521+03:00,2965,Bağcılar Çolakoğlu Zemin Altı Otoparkı,BAĞCILAR,41.0324,28.8345,106,0,106,KAPALI OTOPARK,1,5,24 Saat
2026-08-16T21:25:36.682521+00:00,2026-08-17T00:25:36.682521+03:00,2576,Bağcılar Demirkapı Zemin Altı Otoparkı,BAĞCILAR,41.0499,28.8327,343,131,212,KAPALI OTOPARK,1,5,24 Saat
2026-08-16T21:25:36.682521+00:00,2026-08-17T00:25:36.682521+03:00,3036,Bağcılar Devlet Hastanesi Yanı Zeminaltı Otoparkı,BAĞCILAR,41.0312,28.8696,1133,112,1021,KAPALI OTOPARK,1,15,24 Saat
2026-08-16T21:25:36.682521+00:00,2026-08-17T00:25:36.682521+03:00,3071,Bağcılar Emniyet Müdürlüğü Yanı Açık Otoparkı,BAĞCILAR,41.0353,28.8598,100,49,51,AÇIK OTOPARK,1,0,24 Saat
2026-08-16T21:25:36.682521+00:00,2026-08-17T00:25:36.682521+03:00,2873,Bağcılar Göztepe Zemin Altı,BAĞCILAR,41.0567,28.8355,120,0,120,KAPALI OTOPARK,1,5,24 Saat
2026-08-16T21:25:36.682521+00:00,2026-08-17T00:25:36.682521+03:00,3187,Bağcılar Hürriyet Mahallesi Zemin Altı Otoparkı,BAĞCILAR,41.0291,28.8333,355,0,355,KAPALI OTOPARK,1,10,24 Saat
2026-08-16T21:25:36.682521+00:00,2026-08-17T00:25:36.682521+03:00,2916,Bağcılar Kent Meydanı PD Zemin Altı Otoparkı,BAĞCILAR,41.0339,28.8556,1162,0,1162,KAPALI OTOPARK,0,0,24 Saat
2026-08-16T21:25:36.682521+00:00,2026-08-17T00:25:36.682521+03:00,3261,Bağcılar Yenimahalle Zemin Altı Otoparkı,BAĞCILAR,41.0425,28.8395,525,268,257,KAPALI OTOPARK,1,15,24 Saat
2026-08-16T21:25:36.682521+00:00,2026-08-17T00:25:36.682521+03:00,2820,Bağcılar Yıldıztepe Katlı Otoparkı,BAĞCILAR,41.0294,28.8556,350,0,350,KAPALI OTOPARK,1,10,24 Saat
2026-08-16T21:25:36.682521+00:00,2026-08-17T00:25:36.682521+03:00,3447,Bahçelievler 23 Nisan Milli Egemenlik Zeminaltı Otoparkı,BAHÇELİEVLER,40.9988,28.8472,732,392,340,KAPALI OTOPARK,1,10,24 Saat
2026-08-16T21:25:36.682521+00:00,2026-08-17T00:25:36.682521+03:00,2993,Bahçelievler Cumhuriyet Zeminaltı Otoparkı,BAHÇELİEVLER,41.0149,28.859,663,0,663,KAPALI OTOPARK,0,10,24 Saat
2026-08-16T21:25:36.682521+00:00,2026-08-17T00:25:36.682521+03:00,2969,Bahçelievler Devlet Hastanesi Yanı Katlı Otoparkı,BAHÇELİEVLER,41.0072,28.8442,740,0,740,KAPALI OTOPARK,1,0,24 Saat
2026-08-16T21:25:36.682521+00:00,2026-08-17T00:25:36.682521+03:00,3051,Bahçelievler Zafer Mh. Zeminaltı Otoparkı,BAHÇELİEVLER,41.0036,28.8351,200,48,152,KAPALI OTOPARK,1,0,24 Saat
2026-08-16T21:25:36.682521+00:00,2026-08-17T00:25:36.682521+03:00,3236,Bahçeşehir Gölet Açık Otoparkı,BAŞAKŞEHİR,41.0719,28.6901,200,1,199,AÇIK OTOPARK,0,0,12:00-22:00
2026-08-16T21:25:36.682521+00:00,2026-08-17T00:25:36.682521+03:00,1465,Bakırköy İdo Açık Otoparkı,BAKIRKÖY,40.9739,28.8761,160,134,26,AÇIK OTOPARK,1,10,24 Saat
2026-08-16T21:25:36.682521+00:00,2026-08-17T00:25:36.682521+03:00,1104,Balmumcu Katlı Otoparkı,BEŞİKTAŞ,41.0636,29.0109,400,328,72,KAPALI OTOPARK,1,5,24 Saat
2026-08-16T21:25:36.682521+00:00,2026-08-17T00:25:36.682521+03:00,2350,Bayrampaşa Adapark Katlı Otoparkı,BAYRAMPAŞA,41.0647,28.8875,650,0,650,KAPALI OTOPARK,0,15,24 Saat
2026-08-16T21:25:36.682521+00:00,2026-08-17T00:25:36.682521+03:00,2892,Bayrampaşa Altıntepsi Zemin  Altı Otoparkı,BAYRAMPAŞA,41.0393,28.9029,110,0,110,KAPALI OTOPARK,0,10,24 Saat
2026-08-16T21:25:36.682521+00:00,2026-08-17T00:25:36.682521+03:00,2909,Bayrampaşa Atatürk Parkı  Zemin Altı Otoparkı,BAYRAMPAŞA,41.0342,28.9123,442,0,442,KAPALI OTOPARK,0,10,24 Saat
2026-08-16T21:25:36.682521+00:00,2026-08-17T00:25:36.682521+03:00,2683,Bayrampaşa Devlet Hastanesi Cep Otoparkı,BAYRAMPAŞA,41.0414,28.9031,55,34,21,AÇIK OTOPARK,0,0,08:00-19:00
2026-08-16T21:25:36.682521+00:00,2026-08-17T00:25:36.682521+03:00,3301,Bayrampaşa Kocatepe Mahallesi Zemin Altı Otoparkı,BAYRAMPAŞA,41.0545,28.8964,241,0,241,KAPALI OTOPARK,1,10,24 Saat
2026-08-16T21:25:36.682521+00:00,2026-08-17T00:25:36.682521+03:00,2053,Bayrampaşa Muratpaşa Yer Altı Otoparkı,BAYRAMPAŞA,41.047,28.9082,300,0,300,KAPALI OTOPARK,0,15,24 Saat
2026-08-16T21:25:36.682521+00:00,2026-08-17T00:25:36.682521+03:00,3175,Bayrampaşa Spor Kompleksi Zemin Altı Otoparkı,BAYRAMPAŞA,41.0446,28.9106,205,0,205,KAPALI OTOPARK,1,15,24 Saat
2026-08-16T21:25:36.682521+00:00,2026-08-17T00:25:36.682521+03:00,3382,Bayrampaşa Şehit Kamil Balkan Zemin Altı Otoparkı,BAYRAMPAŞA,41.0604,28.9008,235,0,235,KAPALI OTOPARK,1,10,24 Saat
2026-08-16T21:25:36.682521+00:00,2026-08-17T00:25:36.682521+03:00,2428,Bayrampaşa Yenidoğan Mahallesi Zemin Altı Otoparkı,BAYRAMPAŞA,41.0395,28.9088,120,0,120,KAPALI OTOPARK,0,10,24 Saat
2026-08-16T21:25:36.682521+00:00,2026-08-17T00:25:36.682521+03:00,2468,Bebek Açık,BEŞİKTAŞ,41.077,29.0434,30,0,30,AÇIK OTOPARK,0,0,24 Saat
2026-08-16T21:25:36.682521+00:00,2026-08-17T00:25:36.682521+03:00,3479,Beşiktaş Halk Pazarı Açık Otoparkı,BEŞİKTAŞ,41.0496,29.0004,170,62,108,AÇIK OTOPARK,1,5,24 Saat
2026-08-16T21:25:36.682521+00:00,2026-08-17T00:25:36.682521+03:00,3257,Beykoz Sahil Cep Otoparkı,BEYKOZ,41.1286,29.0953,100,74,26,AÇIK OTOPARK,0,0,08:00-00:00
2026-08-16T21:25:36.682521+00:00,2026-08-17T00:25:36.682521+03:00,2273,Beykoz Sosyal Tesisleri,BEYKOZ,41.1143,29.0888,130,0,130,AÇIK OTOPARK,0,15,08:00-00:00
2026-08-16T21:25:36.682521+00:00,2026-08-17T00:25:36.682521+03:00,2999,Beyoğlu Gazhane Bostan Sokak 2,BEYOĞLU,41.0389,28.9903,35,1,34,YOL ÜSTÜ,0,0,07:30-16:30
2026-08-16T21:25:36.682521+00:00,2026-08-17T00:25:36.682521+03:00,3072,Beyoğlu Örnektepe Zemin Altı Otoparkı,BEYOĞLU,41.0543,28.9548,143,0,143,KAPALI OTOPARK,0,0,24 Saat
2026-08-16T21:25:36.682521+00:00,2026-08-17T00:25:36.682521+03:00,1455,Bostancı Açık,KADIKÖY,40.9523,29.0902,394,121,273,AÇIK OTOPARK,0,15,24 Saat
2026-08-16T21:25:36.682521+00:00,2026-08-17T00:25:36.682521+03:00,1456,Bostancı Sahil-Cep Açık Otoparkı,KADIKÖY,40.9545,29.0885,192,131,61,AÇIK OTOPARK,0,15,24 Saat
2026-08-16T21:25:36.682521+00:00,2026-08-17T00:25:36.682521+03:00,2150,Bostancı Vergi Dairesi Açık Otoparkı,ATAŞEHİR,40.9625,29.1083,155,0,155,AÇIK OTOPARK,0,5,08:00-20:00
2026-08-16T21:25:36.682521+00:00,2026-08-17T00:25:36.682521+03:00,2854,Bülent Ecevit Kültür Merkezi Açık Otoparkı,KARTAL,40.8852,29.1967,277,265,12,AÇIK OTOPARK,0,0,10:00-21:00
2026-08-16T21:25:36.682521+00:00,2026-08-17T00:25:36.682521+03:00,2866,Büyük İstanbul Otogarı,BAYRAMPAŞA,41.0402,28.8942,1000,0,1000,AÇIK OTOPARK,1,25,24 Saat
2026-08-16T21:25:36.682521+00:00,2026-08-17T00:25:36.682521+03:00,1192,Büyükçamlıca Korusu Sosyal Tesisleri Önü,ÜSKÜDAR,41.0264,29.0698,204,111,93,AÇIK OTOPARK,0,0,08:00-00:00
2026-08-16T21:25:36.682521+00:00,2026-08-17T00:25:36.682521+03:00,2960,Büyükçekmece Metrobüs Durağı Yanı PD Zemin Altı Otopark,BÜYÜKÇEKMECE,41.0221,28.624,448,46,402,KAPALI OTOPARK,0,0,24 Saat
2026-08-16T21:25:36.682521+00:00,2026-08-17T00:25:36.682521+03:00,1503,Cadde Bostan Açık Otoparkı,KADIKÖY,40.9636,29.0675,66,55,11,AÇIK OTOPARK,0,15,24 Saat
2026-08-16T21:25:36.682521+00:00,2026-08-17T00:25:36.682521+03:00,2933,Cemal Kamacı Spor Kompleksi Zemin Altı Otoparkı,KAĞITHANE,41.0536,28.9575,510,0,510,KAPALI OTOPARK,1,0,24 Saat
2026-08-16T21:25:36.682521+00:00,2026-08-17T00:25:36.682521+03:00,2207,Cengiz Topel Yer Altı Katlı Otoparkı,ESENLER,41.0588,28.8643,144,0,144,KAPALI OTOPARK,0,15,24 Saat
2026-08-16T21:25:36.682521+00:00,2026-08-17T00:25:36.682521+03:00,2787,Cevizli Açık Otoparkı,KARTAL,40.9179,29.1712,100,87,13,AÇIK OTOPARK,0,15,08:00-19:00
2026-08-16T21:25:36.682521+00:00,2026-08-17T00:25:36.682521+03:00,782,Cihangir Caddesi 2,BEYOĞLU,41.0319,28.9862,70,1,69,YOL ÜSTÜ,0,15,09:00-19:00
2026-08-16T21:25:36.682521+00:00,2026-08-17T00:25:36.682521+03:00,1467,Cihangir Katlı Otoparkı,BEYOĞLU,41.0318,28.9858,350,0,350,KAPALI OTOPARK,1,0,24 Saat
2026-08-16T21:25:36.682521+00:00,2026-08-17T00:25:36.682521+03:00,535,Cihannuma Yol Üstü 1,BEŞİKTAŞ,41.0454,29.0084,35,1,34,YOL ÜSTÜ,0,0,08:00-23:00
2026-08-16T21:25:36.682521+00:00,2026-08-17T00:25:36.682521+03:00,537,Cihannuma Yol Üstü 3,BEŞİKTAŞ,41.0459,29.0087,33,1,32,YOL ÜSTÜ,0,0,08:00-23:00
2026-08-16T21:25:36.682521+00:00,2026-08-17T00:25:36.682521+03:00,539,Cihannuma Yol Üstü 5,BEŞİKTAŞ,41.0489,29.0094,24,1,23,YOL ÜSTÜ,0,0,08:00-23:00
2026-08-16T21:25:36.682521+00:00,2026-08-17T00:25:36.682521+03:00,3184,Çam Sokak 6,GÜNGÖREN,41.0121,28.8882,50,1,49,YOL ÜSTÜ,0,15,08:00-17:00
2026-08-16T21:25:36.682521+00:00,2026-08-17T00:25:36.682521+03:00,3030,Çekmeköy Metro PD Zemin Altı Otoparkı,ÇEKMEKÖY,41.0147,29.1886,175,61,114,KAPALI OTOPARK,0,15,24 Saat
2026-08-16T21:25:36.682521+00:00,2026-08-17T00:25:36.682521+03:00,2905,Çeliktepe Açık Otoparkı,KAĞITHANE,41.0843,29.0056,200,83,117,AÇIK OTOPARK,1,5,24 Saat
2026-08-16T21:25:36.682521+00:00,2026-08-17T00:25:36.682521+03:00,1298,Çengelköy Açık Otoparkı,ÜSKÜDAR,41.0484,29.0533,500,0,500,AÇIK OTOPARK,0,15,24 Saat
2026-08-16T21:25:36.682521+00:00,2026-08-17T00:25:36.682521+03:00,502,Çınar Açık Otoparkı,BEŞİKTAŞ,41.0853,29.0088,65,1,64,AÇIK OTOPARK,0,0,08:00-18:00
2026-08-16T21:25:36.682521+00:00,2026-08-17T00:25:36.682521+03:00,777,Çırağan Sarayı Yol Üstü 1,BEŞİKTAŞ,41.0448,29.0165,40,1,39,YOL ÜSTÜ,0,15,08:00-23:00
2026-08-16T21:25:36.682521+00:00,2026-08-17T00:25:36.682521+03:00,778,Çırağan Sarayı Yol Üstü 2,BEŞİKTAŞ,41.0445,29.0156,40,1,39,YOL ÜSTÜ,0,15,08:00-23:00
2026-08-16T21:25:36.682521+00:00,2026-08-17T00:25:36.682521+03:00,2228,Çırpıcı Sosyal Tesisler,ZEYTİNBURNU,41,28.8926,128,0,128,AÇIK OTOPARK,0,15,07:00-00:00
2026-08-16T21:25:36.682521+00:00,2026-08-17T00:25:36.682521+03:00,2030,Dalyan Açık Otoparkı,KADIKÖY,40.9632,29.0651,92,46,46,AÇIK OTOPARK,0,15,24 Saat
2026-08-16T21:25:36.682521+00:00,2026-08-17T00:25:36.682521+03:00,2271,Damla Sokak 1,ŞİŞLİ,41.0672,29.0004,17,1,16,YOL ÜSTÜ,0,15,07:30-16:30
2026-08-16T21:25:36.682521+00:00,2026-08-17T00:25:36.682521+03:00,2164,Darüşşafaka Yeraltı Otoparkı,SARIYER,41.1292,29.0252,150,143,7,KAPALI OTOPARK,0,15,08:00-00:00
2026-08-16T21:25:36.682521+00:00,2026-08-17T00:25:36.682521+03:00,1653,Deniz Feneri Otoparkı,FATİH,41.0019,28.9773,175,113,62,AÇIK OTOPARK,0,5,24 Saat
2026-08-16T21:25:36.682521+00:00,2026-08-17T00:25:36.682521+03:00,595,Dostluk Yurdu 1,FATİH,41.0071,28.973,33,1,32,YOL ÜSTÜ,0,15,07:00-17:00
2026-08-16T21:25:36.682521+00:00,2026-08-17T00:25:36.682521+03:00,2237,Dragos Sosyal Tesisleri,KARTAL,40.9017,29.1458,100,54,46,AÇIK OTOPARK,1,15,24 Saat
2026-08-16T21:25:36.682521+00:00,2026-08-17T00:25:36.682521+03:00,3063,Dudullu Metro PD Zemin Altı Otoparkı,ÜMRANİYE,41.0156,29.1633,81,61,20,KAPALI OTOPARK,0,15,07:00-23:30
2026-08-16T21:25:36.682521+00:00,2026-08-17T00:25:36.682521+03:00,1522,Ebu Suut Caddesi 1,FATİH,41.0128,28.9766,35,1,34,YOL ÜSTÜ,0,0,08:00-18:00
2026-08-16T21:25:36.682521+00:00,2026-08-17T00:25:36.682521+03:00,2147,EGS Blokları Açık Otoparkı,BAKIRKÖY,40.9863,28.8354,350,47,303,AÇIK OTOPARK,0,60,09:00-19:30
2026-08-16T21:25:36.682521+00:00,2026-08-17T00:25:36.682521+03:00,2366,Esenler Adem Baştürk Kültür Merkezi Katlı,ESENLER,41.039,28.8846,460,0,460,KAPALI OTOPARK,1,15,24 Saat
2026-08-16T21:25:36.682521+00:00,2026-08-17T00:25:36.682521+03:00,3190,Esenler Havaalanı Mahallesi Zemin Altı Otoparkı,ESENLER,41.0562,28.8674,610,309,301,KAPALI OTOPARK,1,10,24 Saat
2026-08-16T21:25:36.682521+00:00,2026-08-17T00:25:36.682521+03:00,3011,Esenler Menderes Metro İstasyonu Yanı,ESENLER,41.0427,28.8783,68,0,68,AÇIK OTOPARK,1,5,24 Saat
2026-08-16T21:25:36.682521+00:00,2026-08-17T00:25:36.682521+03:00,2822,Esenler Menderes Parkı Zemin Altı Otoparkı,ESENLER,41.0412,28.8729,325,11,314,KAPALI OTOPARK,1,10,24 Saat
2026-08-16T21:25:36.682521+00:00,2026-08-17T00:25:36.682521+03:00,3303,Esenyurt Adile Naşit Bulvarı Zeminaltı Otoparkı,ESENYURT,41.0205,28.6859,367,280,87,KAPALI OTOPARK,1,15,24 Saat
2026-08-16T21:25:36.682521+00:00,2026-08-17T00:25:36.682521+03:00,1328,Eski Salı Pazarı,KADIKÖY,40.9904,29.0338,760,0,760,AÇIK OTOPARK,0,15,24 Saat
2026-08-16T21:25:36.682521+00:00,2026-08-17T00:25:36.682521+03:00,904,Eyüp Pierloti Caddesi 1,EYÜP,41.0539,28.9329,40,1,39,YOL ÜSTÜ,0,0,09:00-22:00
2026-08-16T21:25:36.682521+00:00,2026-08-17T00:25:36.682521+03:00,2850,Eyüpsultan Akşemsettin Mahallesi Zemin Altı Otoparkı,EYÜP,41.085,28.9258,110,0,110,KAPALI OTOPARK,0,15,24 Saat
2026-08-16T21:25:36.682521+00:00,2026-08-17T00:25:36.682521+03:00,2215,Fatih Çeşmesi Tabiat Parkı Otoparkı,SARIYER,41.1686,28.9448,250,242,8,AÇIK OTOPARK,0,0,06:00-20:00
2026-08-16T21:25:36.682521+00:00,2026-08-17T00:25:36.682521+03:00,1475,Fatih Katlı Otoparkı,FATİH,41.0198,28.9396,118,35,83,KAPALI OTOPARK,0,10,24 Saat
2026-08-16T21:25:36.682521+00:00,2026-08-17T00:25:36.682521+03:00,1591,Feshane PD Açık Otoparkı,EYÜP,41.0463,28.9378,200,114,86,AÇIK OTOPARK,1,15,24 Saat
2026-08-16T21:25:36.682521+00:00,2026-08-17T00:25:36.682521+03:00,1005,Florya Havuzlu Bahçe,BAKIRKÖY,40.9764,28.7908,135,1,134,AÇIK OTOPARK,0,0,09:00-23:00
2026-08-16T21:25:36.682521+00:00,2026-08-17T00:25:36.682521+03:00,2238,Florya Sosyal Tesisleri,BAKIRKÖY,40.9614,28.8091,1074,982,92,AÇIK OTOPARK,0,15,24 Saat
2026-08-16T21:25:36.682521+00:00,2026-08-17T00:25:36.682521+03:00,1704,Gazi Umur Paşa Sokak 5,BEŞİKTAŞ,41.0589,29.0114,45,1,44,YOL ÜSTÜ,0,15,08:00-17:00
2026-08-16T21:25:36.682521+00:00,2026-08-17T00:25:36.682521+03:00,3296,Gaziosmanpaşa Meydanı ve Yaşam Merkezi Zemin Altı Otoparkı,GAZİOSMANPAŞA,41.0606,28.9093,202,0,202,KAPALI OTOPARK,1,15,24 Saat
2026-08-16T21:25:36.682521+00:00,2026-08-17T00:25:36.682521+03:00,2971,Gaziosmanpaşa Zemin Altı Otoparkı,GAZİOSMANPAŞA,41.0796,28.8858,285,0,285,KAPALI OTOPARK,1,0,24 Saat
2026-08-16T21:25:36.682521+00:00,2026-08-17T00:25:36.682521+03:00,3401,Giyimkent Tekstilkent Metro Zemin Altı PD Otoparkı,ESENLER,41.0711,28.8666,203,183,20,KAPALI OTOPARK,0,10,24 Saat
2026-08-16T21:25:36.682521+00:00,2026-08-17T00:25:36.682521+03:00,2242,Gözdağı Sosyal Tesisler  Açık Otoparkı,PENDİK,40.893,29.2538,300,215,85,AÇIK OTOPARK,0,0,07:00-23:00
2026-08-16T21:25:36.682521+00:00,2026-08-17T00:25:36.682521+03:00,1879,Gülsuyu Metro PD Yer Altı Otoparkı,MALTEPE,40.9237,29.1548,76,0,76,KAPALI OTOPARK,0,15,08:00-00:00
2026-08-16T21:25:36.682521+00:00,2026-08-17T00:25:36.682521+03:00,1423,Güneş Plajı 1,BAKIRKÖY,40.9712,28.79,250,228,22,AÇIK OTOPARK,0,10,24 Saat
2026-08-16T21:25:36.682521+00:00,2026-08-17T00:25:36.682521+03:00,1461,Güneş Plajı 2,BAKIRKÖY,40.9692,28.7951,135,121,14,AÇIK OTOPARK,0,10,08:00-20:00
2026-08-16T21:25:36.682521+00:00,2026-08-17T00:25:36.682521+03:00,3053,Güngören Nikah Dairesi Zemin Altı otoparkı,GÜNGÖREN,41.0363,28.8718,147,0,147,KAPALI OTOPARK,1,10,24 Saat
2026-08-16T21:25:36.682521+00:00,2026-08-17T00:25:36.682521+03:00,2216,Gürpınar Balık Hali Otoparkı,BEYLİKDÜZÜ,40.9663,28.6019,1000,719,281,AÇIK OTOPARK,0,15,24 Saat
2026-08-16T21:25:36.682521+00:00,2026-08-17T00:25:36.682521+03:00,1525,Hacıosman Metro Yer Altı Otoparkı,SARIYER,41.14,29.0306,422,277,145,KAPALI OTOPARK,0,15,24 Saat
2026-08-16T21:25:36.682521+00:00,2026-08-17T00:25:36.682521+03:00,1470,Haldun Alagaş Katlı Otoparkı,ÜMRANİYE,41.0262,29.1052,197,102,95,KAPALI OTOPARK,1,15,24 Saat
2026-08-16T21:25:36.682521+00:00,2026-08-17T00:25:36.682521+03:00,3235,Haliç Sosyal Tesisleri Otoparkı,FATİH,41.0277,28.9572,60,46,14,AÇIK OTOPARK,0,15,07:00-00:00
2026-08-16T21:25:36.682521+00:00,2026-08-17T00:25:36.682521+03:00,2848,Halkalı Mahallesi Zemin Altı Otoparkı,KÜÇÜKÇEKMECE,41.0359,28.7848,347,263,84,KAPALI OTOPARK,0,15,24 Saat
2026-08-16T21:25:36.682521+00:00,2026-08-17T00:25:36.682521+03:00,2838,Hamidiye Mahallesi Katlı Otoparkı,KAĞITHANE,41.0949,28.971,450,190,260,KAPALI OTOPARK,1,15,24 Saat
2026-08-16T21:25:36.682521+00:00,2026-08-17T00:25:36.682521+03:00,1446,Harbiye Zemin Altı Otoparkı,BEYOĞLU,41.0408,28.9869,142,85,57,KAPALI OTOPARK,0,5,24 Saat
2026-08-16T21:25:36.682521+00:00,2026-08-17T00:25:36.682521+03:00,2332,Haydarpaşa Katlı Otoparkı,ÜSKÜDAR,41.0048,29.0251,840,772,68,KAPALI OTOPARK,1,15,24 Saat
2026-08-16T21:25:36.682521+00:00,2026-08-17T00:25:36.682521+03:00,1987,Haznedar Yer Altı Otoparkı,GÜNGÖREN,41.0083,28.8729,540,0,540,KAPALI OTOPARK,0,0,24 Saat
2026-08-16T21:25:36.682521+00:00,2026-08-17T00:25:36.682521+03:00,377,Hızır Külhani Sokak,FATİH,41.0202,28.9605,32,1,31,YOL ÜSTÜ,0,15,09:00-17:00
2026-08-16T21:25:36.682521+00:00,2026-08-17T00:25:36.682521+03:00,3173,Hürriyet Mahallesi Zeminaltı Otoparkı,GAZİOSMANPAŞA,41.0708,28.8951,190,0,190,KAPALI OTOPARK,1,15,24 Saat
2026-08-16T21:25:36.682521+00:00,2026-08-17T00:25:36.682521+03:00,157,Ihlamur Dere Caddesi 4,BEŞİKTAŞ,41.047,29.0023,27,1,26,YOL ÜSTÜ,0,15,09:00-17:00
2026-08-16T21:25:36.682521+00:00,2026-08-17T00:25:36.682521+03:00,1189,İçerenköy Sebze Meyve Hali Otoparkı,ATAŞEHİR,40.9766,29.1044,600,1,599,AÇIK OTOPARK,0,15,24 Saat
2026-08-16T21:25:36.682521+00:00,2026-08-17T00:25:36.682521+03:00,1127,İshakpaşa Caddesi,FATİH,41.0079,28.9814,200,1,199,YOL ÜSTÜ,0,0,08:00-18:00
2026-08-16T21:25:36.682521+00:00,2026-08-17T00:25:36.682521+03:00,3265,İspark İstanbul West Marina Açık Otoparkı 1,BEYLİKDÜZÜ,40.9636,28.6564,250,1,249,AÇIK OTOPARK,0,15,24 Saat
2026-08-16T21:25:36.682521+00:00,2026-08-17T00:25:36.682521+03:00,2793,İspark Merter Katlı Otoparkı,GÜNGÖREN,41.0097,28.89,900,492,408,KAPALI OTOPARK,1,10,24 Saat
2026-08-16T21:25:36.682521+00:00,2026-08-17T00:25:36.682521+03:00,2430,İspark West İstanbul Marina Açık Otoparkı,BEYLİKDÜZÜ,40.9639,28.6591,1600,1000,600,AÇIK OTOPARK,0,15,24 Saat
2026-08-16T21:25:36.682521+00:00,2026-08-17T00:25:36.682521+03:00,381,İstinye 4 ( Cami Önü ),SARIYER,41.1149,29.0571,25,1,24,YOL ÜSTÜ,0,15,08:30-17:30
2026-08-16T21:25:36.682521+00:00,2026-08-17T00:25:36.682521+03:00,1804,İtalyan Hastanesi Karşısı Açık Otoparkı 1,BEYOĞLU,41.028,28.9815,30,1,29,AÇIK OTOPARK,0,0,08:00-19:00
2026-08-16T21:25:36.682521+00:00,2026-08-17T00:25:36.682521+03:00,507,Kabasakal Medrese Önü,FATİH,41.0062,28.9789,65,1,64,AÇIK OTOPARK,0,0,08:00-18:30
2026-08-16T21:25:36.682521+00:00,2026-08-17T00:25:36.682521+03:00,3306,Kabataş Transfer Merkezi Turizm Otobüs Otoparkı,BEYOĞLU,41.0336,28.9923,160,89,71,KAPALI OTOPARK,1,20,24 Saat
2026-08-16T21:25:36.682521+00:00,2026-08-17T00:25:36.682521+03:00,2918,Kadıköy Hasanpaşa Gazhane Katlı Otoparkı,KADIKÖY,40.9972,29.0428,310,192,118,KAPALI OTOPARK,1,15,24 Saat
2026-08-16T21:25:36.682521+00:00,2026-08-17T00:25:36.682521+03:00,1447,Kadıköy İski Açık Otoparkı,KADIKÖY,40.9874,29.0207,124,29,95,AÇIK OTOPARK,0,15,24 Saat
2026-08-16T21:25:36.682521+00:00,2026-08-17T00:25:36.682521+03:00,1655,Kadıköy Metro Açık Otoparkı,KADIKÖY,40.9899,29.0217,74,53,21,AÇIK OTOPARK,0,15,24 Saat
2026-08-16T21:25:36.682521+00:00,2026-08-17T00:25:36.682521+03:00,3445,Kadıköy Uzunçayır PD Açık Otoparkı,KADIKÖY,40.9982,29.0569,70,40,30,AÇIK OTOPARK,0,15,06:30-16:30
2026-08-16T21:25:36.682521+00:00,2026-08-17T00:25:36.682521+03:00,2808,Kadıköy Yeni Salı Pazarı PD Katlı Otoparkı,KADIKÖY,40.9969,29.0486,1350,654,696,KAPALI OTOPARK,1,15,24 Saat
2026-08-16T21:25:36.682521+00:00,2026-08-17T00:25:36.682521+03:00,2811,Kağıthane Harmantepe Zemin Altı Otoparkı,KAĞITHANE,41.0816,28.9907,200,0,200,KAPALI OTOPARK,1,0,24 Saat
2026-08-16T21:25:36.682521+00:00,2026-08-17T00:25:36.682521+03:00,1452,Kalamış Açık Otoparkı,KADIKÖY,40.9687,29.0363,173,151,22,AÇIK OTOPARK,0,15,24 Saat
2026-08-16T21:25:36.682521+00:00,2026-08-17T00:25:36.682521+03:00,1474,Kartal Hasan Doğan Spor Kompleksi,KARTAL,40.8918,29.1897,773,0,773,KAPALI OTOPARK,0,15,24 Saat
2026-08-16T21:25:36.682521+00:00,2026-08-17T00:25:36.682521+03:00,1105,Kartal İdo Açık Otoparkı,KARTAL,40.8874,29.1881,90,0,90,AÇIK OTOPARK,0,15,24 Saat
2026-08-16T21:25:36.682521+00:00,2026-08-17T00:25:36.682521+03:00,1550,Kartal Sahil Açık Otoparkı,KARTAL,40.8875,29.1901,75,54,21,AÇIK OTOPARK,0,5,24 Saat
2026-08-16T21:25:36.682521+00:00,2026-08-17T00:25:36.682521+03:00,3434,Kasımpaşa Sosyal Tesisler Otoparkı,BEYOĞLU,41.0296,28.9673,60,37,23,AÇIK OTOPARK,0,0,07:30-23:00
2026-08-16T21:25:36.682521+00:00,2026-08-17T00:25:36.682521+03:00,1960,Kazlıçeşme Marmaray Açık Otoparkı,ZEYTİNBURNU,40.9922,28.917,700,660,40,AÇIK OTOPARK,0,15,24 Saat
2026-08-16T21:25:36.682521+00:00,2026-08-17T00:25:36.682521+03:00,2994,Kirazlı Metro Durağı PD Açık Otoparkı,BAĞCILAR,41.033,28.8429,112,0,112,AÇIK OTOPARK,0,5,24 Saat
2026-08-16T21:25:36.682521+00:00,2026-08-17T00:25:36.682521+03:00,1528,Kore Şehitleri Caddesi - Yüzbaşı Kaya Aldağon Sokak 1,ŞİŞLİ,41.0719,29.0139,40,1,39,YOL ÜSTÜ,0,15,07:00-16:00
2026-08-16T21:25:36.682521+00:00,2026-08-17T00:25:36.682521+03:00,2449,Kozyatağı Sebze-Meyve Hali,ATAŞEHİR,40.9787,29.1029,1500,1,1499,AÇIK OTOPARK,1,0,24 Saat
2026-08-16T21:25:36.682521+00:00,2026-08-17T00:25:36.682521+03:00,1206,Kutlugün Sokak 2,FATİH,41.0061,28.9801,200,1,199,YOL ÜSTÜ,0,0,08:00-18:00
2026-08-16T21:25:36.682521+00:00,2026-08-17T00:25:36.682521+03:00,3074,Küçük Çamlıca,ÜSKÜDAR,41.0204,29.0653,129,107,22,AÇIK OTOPARK,0,0,08:00-22:00
2026-08-16T21:25:36.682521+00:00,2026-08-17T00:25:36.682521+03:00,3127,Küçükçekmece Cennet Mahallesi Meydan Zemin Altı Otoparkı,KÜÇÜKÇEKMECE,40.9907,28.783,456,0,456,KAPALI OTOPARK,0,10,24 Saat
2026-08-16T21:25:36.682521+00:00,2026-08-17T00:25:36.682521+03:00,2554,Küçükçekmece Fevzi Çakmak Meydanı Zemin Altı Otoparkı,KÜÇÜKÇEKMECE,41.0076,28.7927,1000,489,511,KAPALI OTOPARK,0,10,24 Saat
2026-08-16T21:25:36.682521+00:00,2026-08-17T00:25:36.682521+03:00,2882,Küçüksu Kasrı Açık Otoparkı,BEYKOZ,41.0789,29.0657,98,92,6,AÇIK OTOPARK,0,0,07:00-23:00
2026-08-16T21:25:36.682521+00:00,2026-08-17T00:25:36.682521+03:00,220,Levent Hamidiye,BEŞİKTAŞ,41.0861,29.0076,100,1,99,AÇIK OTOPARK,0,0,08:00-19:00
2026-08-16T21:25:36.682521+00:00,2026-08-17T00:25:36.682521+03:00,1138,Levent Metro Yer Altı Otoparkı,BEŞİKTAŞ,41.0811,29.0105,100,1,99,AÇIK OTOPARK,0,5,07:30-19:30
2026-08-16T21:25:36.682521+00:00,2026-08-17T00:25:36.682521+03:00,2335,Maçka Açık Otoparkı,ŞİŞLİ,41.046,28.9908,75,73,2,AÇIK OTOPARK,1,0,24 Saat
2026-08-16T21:25:36.682521+00:00,2026-08-17T00:25:36.682521+03:00,1859,Maçka Katlı Otoparkı,ŞİŞLİ,41.0484,28.9903,508,0,508,KAPALI OTOPARK,0,0,24 Saat
2026-08-16T21:25:36.682521+00:00,2026-08-17T00:25:36.682521+03:00,3193,Maltepe Rıhtım Caddesi Açık Otoparkı,MALTEPE,40.9258,29.1241,76,59,17,AÇIK OTOPARK,1,0,24 Saat
2026-08-16T21:25:36.682521+00:00,2026-08-17T00:25:36.682521+03:00,2146,Maltepe Süreyyapaşa Çarşısı Açık Otoparkı,MALTEPE,40.9274,29.1225,156,102,54,AÇIK OTOPARK,1,0,24 Saat
2026-08-16T21:25:36.682521+00:00,2026-08-17T00:25:36.682521+03:00,1599,Maslak Açık Otoparkı,SARIYER,41.1166,29.024,150,138,12,AÇIK OTOPARK,0,10,24 Saat
2026-08-16T21:25:36.682521+00:00,2026-08-17T00:25:36.682521+03:00,2100,Matbaacılar Sitesi Yanı,ZEYTİNBURNU,41.0234,28.9187,250,219,31,AÇIK OTOPARK,1,5,24 Saat
2026-08-16T21:25:36.682521+00:00,2026-08-17T00:25:36.682521+03:00,920,Meclis-i Mebusan Yokuşu 2,BEYOĞLU,41.0326,28.9882,34,1,33,YOL ÜSTÜ,0,15,09:00-17:00
2026-08-16T21:25:36.682521+00:00,2026-08-17T00:25:36.682521+03:00,1546,Menekşe Plajı Açık Otoparkı,BAKIRKÖY,40.9761,28.7766,200,200,0,AÇIK OTOPARK,0,0,24 Saat
2026-08-16T21:25:36.682521+00:00,2026-08-17T00:25:36.682521+03:00,1376,Mercan Açık,FATİH,41.0136,28.9669,130,128,2,AÇIK OTOPARK,0,0,08:00-23:00
2026-08-16T21:25:36.682521+00:00,2026-08-17T00:25:36.682521+03:00,3309,Mercan Ali Paşa Sarayı Zemin Altı Otoparkı,FATİH,41.0136,28.967,196,1,195,KAPALI OTOPARK,0,0,07:00-21:00
2026-08-16T21:25:36.682521+00:00,2026-08-17T00:25:36.682521+03:00,1472,Merter Katlı Otoparkı,GÜNGÖREN,41.0092,28.8874,1000,905,95,KAPALI OTOPARK,0,10,24 Saat
2026-08-16T21:25:36.682521+00:00,2026-08-17T00:25:36.682521+03:00,2375,Merter Metro PD Zeminaltı Otoparkı,GÜNGÖREN,41.0037,28.8897,242,83,159,KAPALI OTOPARK,1,10,24 Saat
2026-08-16T21:25:36.682521+00:00,2026-08-17T00:25:36.682521+03:00,1568,Mete Caddesi 1,BEYOĞLU,41.0382,28.9879,31,1,30,YOL ÜSTÜ,0,15,08:00-23:00
2026-08-16T21:25:36.682521+00:00,2026-08-17T00:25:36.682521+03:00,1471,Mevlana Yeraltı Katlı Otoparkı,ZEYTİNBURNU,41.0072,28.9049,1000,857,143,KAPALI OTOPARK,0,5,24 Saat
2026-08-16T21:25:36.682521+00:00,2026-08-17T00:25:36.682521+03:00,2709,Millet Caddesi Açık Otoparkı,FATİH,41.01,28.9461,60,1,59,AÇIK OTOPARK,0,15,24 Saat
2026-08-16T21:25:36.682521+00:00,2026-08-17T00:25:36.682521+03:00,3152,Mimar Sinan Zemin Altı Otoparkı,ÜSKÜDAR,41.0222,29.0169,956,66,890,KAPALI OTOPARK,0,15,24 Saat
2026-08-16T21:25:36.682521+00:00,2026-08-17T00:25:36.682521+03:00,2870,Miniatürk Çadır Açık Otoparkı,BEYOĞLU,41.0594,28.9501,250,174,76,AÇIK OTOPARK,0,15,07:00-20:00
2026-08-16T21:25:36.682521+00:00,2026-08-17T00:25:36.682521+03:00,2556,Muallim Naci Açık Otoparkı,BEŞİKTAŞ,41.0561,29.0342,35,20,15,AÇIK OTOPARK,1,15,24 Saat
2026-08-16T21:25:36.682521+00:00,2026-08-17T00:25:36.682521+03:00,569,Oda Kule Önü 1,BEYOĞLU,41.0322,28.9751,24,1,23,YOL ÜSTÜ,0,0,07:00-01:00
2026-08-16T21:25:36.682521+00:00,2026-08-17T00:25:36.682521+03:00,1988,Orhangazi Şehir Parkı PD Açık Otoparkı,MALTEPE,40.9313,29.1161,5022,4518,504,AÇIK OTOPARK,1,15,24 Saat
2026-08-16T21:25:36.682521+00:00,2026-08-17T00:25:36.682521+03:00,152,Ortabahçe Caddesi 2,BEŞİKTAŞ,41.0428,29.0043,35,1,34,YOL ÜSTÜ,0,15,08:00-23:00
2026-08-16T21:25:36.682521+00:00,2026-08-17T00:25:36.682521+03:00,153,Ortabahçe Caddesi 3,BEŞİKTAŞ,41.043,29.0042,26,1,25,YOL ÜSTÜ,0,15,08:00-23:00
2026-08-16T21:25:36.682521+00:00,2026-08-17T00:25:36.682521+03:00,119,Ortaklar Caddesi 1,ŞİŞLİ,41.0638,28.9971,25,1,24,YOL ÜSTÜ,0,15,08:30-17:00
2026-08-16T21:25:36.682521+00:00,2026-08-17T00:25:36.682521+03:00,1343,Ortaköy Açık Otoparkı,BEŞİKTAŞ,41.0504,29.0326,170,147,23,AÇIK OTOPARK,1,0,24 Saat
2026-08-16T21:25:36.682521+00:00,2026-08-17T00:25:36.682521+03:00,572,Ortaköy Portakal Yokuşu 1,BEŞİKTAŞ,41.0503,29.0261,15,1,14,YOL ÜSTÜ,0,15,09:00-19:00
2026-08-16T21:25:36.682521+00:00,2026-08-17T00:25:36.682521+03:00,1039,Öğretmen Evi,AVCILAR,40.9723,28.714,80,41,39,AÇIK OTOPARK,0,0,11:00-23:00
2026-08-16T21:25:36.682521+00:00,2026-08-17T00:25:36.682521+03:00,1466,Pendik Katlı Otoparkı,PENDİK,40.8789,29.2342,120,0,120,KAPALI OTOPARK,0,15,24 Saat
2026-08-16T21:25:36.682521+00:00,2026-08-17T00:25:36.682521+03:00,3073,Pendik Kemal Kalkuz Parkı Zemin Altı Otoparkı,PENDİK,40.8885,29.2427,224,1,223,KAPALI OTOPARK,0,0,09:00-18:00
2026-08-16T21:25:36.682521+00:00,2026-08-17T00:25:36.682521+03:00,3019,Pendik Meydan Zemin Altı Otoparkı,PENDİK,40.8752,29.2324,937,0,937,KAPALI OTOPARK,1,0,24 Saat
2026-08-16T21:25:36.682521+00:00,2026-08-17T00:25:36.682521+03:00,2865,Pendik Sahil Engelliler Merkez Önü,PENDİK,40.8735,29.233,100,66,34,AÇIK OTOPARK,0,0,11:00-20:00
2026-08-16T21:25:36.682521+00:00,2026-08-17T00:25:36.682521+03:00,2434,Pendik Sahil İdo,PENDİK,40.8755,29.2369,100,0,100,AÇIK OTOPARK,0,0,07:00-23:00
2026-08-16T21:25:36.682521+00:00,2026-08-17T00:25:36.682521+03:00,248,Pendik Yenimahalle Açık 2 Otoparkı,PENDİK,40.864,29.2723,124,108,16,AÇIK OTOPARK,0,15,10:00-22:00
2026-08-16T21:25:36.682521+00:00,2026-08-17T00:25:36.682521+03:00,297,Perşembe Pazarı 1,BEYOĞLU,41.0252,28.9693,32,1,31,YOL ÜSTÜ,0,15,08:00-17:00
2026-08-16T21:25:36.682521+00:00,2026-08-17T00:25:36.682521+03:00,597,Pierre Loti Caddesi 3,FATİH,41.0069,28.9711,36,1,35,YOL ÜSTÜ,0,0,07:00-17:00
2026-08-16T21:25:36.682521+00:00,2026-08-17T00:25:36.682521+03:00,3263,Piyalepaşa Meydanı Zemin Altı Otoparkı,BEYOĞLU,41.0445,28.9674,560,234,326,KAPALI OTOPARK,0,0,24 Saat
2026-08-16T21:25:36.682521+00:00,2026-08-17T00:25:36.682521+03:00,1900,Ragıp Gümüşpala Cad.(Sobacılar Önü),FATİH,41.0181,28.969,40,1,39,YOL ÜSTÜ,0,15,07:00-18:00
2026-08-16T21:25:36.682521+00:00,2026-08-17T00:25:36.682521+03:00,415,Ragıp Gümüşpala Camii Önü 1,FATİH,41.0211,28.9627,35,1,34,YOL ÜSTÜ,0,0,07:00-17:30
2026-08-16T21:25:36.682521+00:00,2026-08-17T00:25:36.682521+03:00,3268,Refik Saydam Caddesi 3,BEYOĞLU,41.032,28.9736,55,1,54,YOL ÜSTÜ,0,0,06:00-23:00
2026-08-16T21:25:36.682521+00:00,2026-08-17T00:25:36.682521+03:00,2307,Ressam Halim Sokak PD Açık Otoparkı,BAHÇELİEVLER,40.9967,28.8641,120,110,10,AÇIK OTOPARK,0,15,08:00-00:00
2026-08-16T21:25:36.682521+00:00,2026-08-17T00:25:36.682521+03:00,3082,Rumeli Hisarı Sahil Yolu Otoparkı,SARIYER,41.0854,29.0568,20,10,10,AÇIK OTOPARK,1,0,24 Saat
2026-08-16T21:25:36.682521+00:00,2026-08-17T00:25:36.682521+03:00,1595,Sabiha Gökçen Açık Otoparkı,PENDİK,40.925,29.308,1056,257,799,AÇIK OTOPARK,0,15,24 Saat
2026-08-16T21:25:36.682521+00:00,2026-08-17T00:25:36.682521+03:00,3239,Samatya Sahil Cep Otoparkı,FATİH,40.9954,28.932,113,95,18,AÇIK OTOPARK,1,15,24 Saat
2026-08-16T21:25:36.682521+00:00,2026-08-17T00:25:36.682521+03:00,3273,Sarıyer Büyükdere Fidanlığı,SARIYER,41.1548,29.0268,160,155,5,AÇIK OTOPARK,0,0,08:00-18:00
2026-08-16T21:25:36.682521+00:00,2026-08-17T00:25:36.682521+03:00,3299,Sariyer Ayazağa Mah Vadi İstanbul Önü Açık Otoparkı,SARIYER,41.1106,28.9881,100,1,99,AÇIK OTOPARK,0,0,08:00-20:00
2026-08-16T21:25:36.682521+00:00,2026-08-17T00:25:36.682521+03:00,1303,Seyrantepe Katlı (Arena Karşısı) 1,KAĞITHANE,41.101,28.9961,1897,1,1896,KAPALI OTOPARK,1,0,24 Saat
2026-08-16T21:25:36.682521+00:00,2026-08-17T00:25:36.682521+03:00,1628,Sıracevizler Caddesi Yol Üstü 5,ŞİŞLİ,41.0607,28.9841,45,1,44,YOL ÜSTÜ,0,15,09:00-17:00
2026-08-16T21:25:36.682521+00:00,2026-08-17T00:25:36.682521+03:00,464,Sirkeci Gar Önü,FATİH,41.015,28.9761,60,1,59,AÇIK OTOPARK,0,5,07:00-20:00
2026-08-16T21:25:36.682521+00:00,2026-08-17T00:25:36.682521+03:00,1486,Siyavuşpaşa Yer Altı Otoparkı,BAHÇELİEVLER,40.9965,28.8532,155,0,155,KAPALI OTOPARK,1,0,24 Saat
2026-08-16T21:25:36.682521+00:00,2026-08-17T00:25:36.682521+03:00,1958,Soğanlık Metro PD Açık Otoparkı,KARTAL,40.9131,29.1925,898,872,26,AÇIK OTOPARK,0,15,24 Saat
2026-08-16T21:25:36.682521+00:00,2026-08-17T00:25:36.682521+03:00,589,Su Terazisi Sokak,FATİH,41.0046,28.9727,22,1,21,YOL ÜSTÜ,0,0,07:30-17:00
2026-08-16T21:25:36.682521+00:00,2026-08-17T00:25:36.682521+03:00,1478,Suadiye Cep Açık Otoparkı,KADIKÖY,40.9586,29.0732,130,124,6,AÇIK OTOPARK,0,15,24 Saat
2026-08-16T21:25:36.682521+00:00,2026-08-17T00:25:36.682521+03:00,2948,Suadiye Sahil Açık Otoparkı,KADIKÖY,40.9562,29.0797,70,60,10,AÇIK OTOPARK,1,5,24 Saat
2026-08-16T21:25:36.682521+00:00,2026-08-17T00:25:36.682521+03:00,2799,Sultanbeyli Emir Caddesi Zemin Altı Otoparkı,SULTANBEYLİ,40.9707,29.2606,130,122,8,KAPALI OTOPARK,0,15,08:00-22:00
2026-08-16T21:25:36.682521+00:00,2026-08-17T00:25:36.682521+03:00,2372,Sultanbeyli Kent Meydanı Zemin Altı Otoparkı,SULTANBEYLİ,40.9667,29.2667,300,194,106,KAPALI OTOPARK,1,15,24 Saat
2026-08-16T21:25:36.682521+00:00,2026-08-17T00:25:36.682521+03:00,2410,Sultangazi Zemin Altı Otoparkı,SULTANGAZİ,41.0944,28.8649,104,0,104,KAPALI OTOPARK,1,10,24 Saat
2026-08-16T21:25:36.682521+00:00,2026-08-17T00:25:36.682521+03:00,2085,Süleyman Seba Caddesi 2,BEŞİKTAŞ,41.0426,28.9998,40,1,39,YOL ÜSTÜ,0,15,08:00-18:00
2026-08-16T21:25:36.682521+00:00,2026-08-17T00:25:36.682521+03:00,2088,Süleyman Seba Caddesi 5,BEŞİKTAŞ,41.0432,28.9978,40,1,39,YOL ÜSTÜ,0,15,08:00-18:00
2026-08-16T21:25:36.682521+00:00,2026-08-17T00:25:36.682521+03:00,2089,Süleyman Seba Caddesi 6,BEŞİKTAŞ,41.0435,28.9967,11,1,10,YOL ÜSTÜ,0,15,08:00-18:00
2026-08-16T21:25:36.682521+00:00,2026-08-17T00:25:36.682521+03:00,2391,Süleymaniye Cami Altı Açık Otoparkı,FATİH,41.0158,28.961,250,234,16,AÇIK OTOPARK,0,0,06:30-18:30
2026-08-16T21:25:36.682521+00:00,2026-08-17T00:25:36.682521+03:00,1730,Sütlüce Miniatürk Yanı,BEYOĞLU,41.057,28.95,320,236,84,AÇIK OTOPARK,1,15,24 Saat
2026-08-16T21:25:36.682521+00:00,2026-08-17T00:25:36.682521+03:00,36,Şakayık Sokak 4,ŞİŞLİ,41.0518,28.9936,50,1,49,YOL ÜSTÜ,0,15,08:00-16:00
2026-08-16T21:25:36.682521+00:00,2026-08-17T00:25:36.682521+03:00,1469,Şehit Volkan Duysak Katlı Otoparkı,ZEYTİNBURNU,40.9968,28.9039,1000,1000,0,KAPALI OTOPARK,0,5,24 Saat
2026-08-16T21:25:36.682521+00:00,2026-08-17T00:25:36.682521+03:00,2855,Şemsipaşa Açık Otoparkı,ÜSKÜDAR,41.0255,29.0097,80,79,1,AÇIK OTOPARK,1,0,24 Saat
2026-08-16T21:25:36.682521+00:00,2026-08-17T00:25:36.682521+03:00,2439,Şirinevler Meydan Zeminaltı Otoparkı,BAHÇELİEVLER,40.9925,28.8496,367,97,270,KAPALI OTOPARK,1,0,24 Saat
2026-08-16T21:25:36.682521+00:00,2026-08-17T00:25:36.682521+03:00,3400,Şişhane Refik Saydam Caddesi 2 Yol Üstü Otoparkı 1,BEYOĞLU,41.0326,28.9743,70,1,69,YOL ÜSTÜ,0,15,06:00-23:00
2026-08-16T21:25:36.682521+00:00,2026-08-17T00:25:36.682521+03:00,3441,Şişli Kuştepe Zemin Altı Otoparkı,ŞİŞLİ,41.072,28.9919,430,296,134,KAPALI OTOPARK,0,15,24 Saat
2026-08-16T21:25:36.682521+00:00,2026-08-17T00:25:36.682521+03:00,2816,Şişli Rumeli Caddesi Metro Yanı 1,ŞİŞLİ,41.0538,28.9868,45,1,44,YOL ÜSTÜ,0,15,08:00-20:00
2026-08-16T21:25:36.682521+00:00,2026-08-17T00:25:36.682521+03:00,2406,Şişli Zemin Altı Otoparkı,ŞİŞLİ,41.0641,28.9992,581,425,156,KAPALI OTOPARK,1,15,24 Saat
2026-08-16T21:25:36.682521+00:00,2026-08-17T00:25:36.682521+03:00,1993,Tuzla İdo,TUZLA,40.8149,29.3039,300,239,61,AÇIK OTOPARK,0,15,24 Saat
2026-08-16T21:25:36.682521+00:00,2026-08-17T00:25:36.682521+03:00,3332,Tuzla Sahil Cep,TUZLA,40.8168,29.2992,50,38,12,AÇIK OTOPARK,0,0,08:00-00:00
2026-08-16T21:25:36.682521+00:00,2026-08-17T00:25:36.682521+03:00,3057,Tuzla Sahil Zemin Altı Otoparkı,TUZLA,40.8181,29.3004,779,1,778,KAPALI OTOPARK,1,15,24 Saat
2026-08-16T21:25:36.682521+00:00,2026-08-17T00:25:36.682521+03:00,1811,Ulu Camii Açık Otoparkı,BAHÇELİEVLER,40.9982,28.8499,150,113,37,AÇIK OTOPARK,1,10,24 Saat
2026-08-16T21:25:36.682521+00:00,2026-08-17T00:25:36.682521+03:00,2424,Uzunçayır Açık Otoparkı,KADIKÖY,40.9988,29.0556,58,51,7,AÇIK OTOPARK,0,0,06:00-16:00
2026-08-16T21:25:36.682521+00:00,2026-08-17T00:25:36.682521+03:00,1468,Ümraniye Katlı Otoparkı,ÜMRANİYE,41.0261,29.0953,665,575,90,KAPALI OTOPARK,0,15,24 Saat
2026-08-16T21:25:36.682521+00:00,2026-08-17T00:25:36.682521+03:00,2898,Ümraniye Okan Sokak Zeminaltı Otoparkı,ÜMRANİYE,41.0284,29.0907,125,20,105,KAPALI OTOPARK,1,15,24 Saat
2026-08-16T21:25:36.682521+00:00,2026-08-17T00:25:36.682521+03:00,2345,Üsküdar Uzunçayır PD Açık Otoparkı,ÜSKÜDAR,40.9988,29.0577,90,83,7,AÇIK OTOPARK,0,15,06:00-22:00
2026-08-16T21:25:36.682521+00:00,2026-08-17T00:25:36.682521+03:00,1929,Üsküdar Ünalan Açık Otoparkı,ÜSKÜDAR,40.9979,29.0604,180,174,6,AÇIK OTOPARK,0,0,07:00-17:00
2026-08-16T21:25:36.682521+00:00,2026-08-17T00:25:36.682521+03:00,1487,Vatan Caddesi PD Açık Otoparkı,FATİH,41.0157,28.9405,397,359,38,AÇIK OTOPARK,0,5,24 Saat
2026-08-16T21:25:36.682521+00:00,2026-08-17T00:25:36.682521+03:00,2441,Yalı Açık Otoparkı,MALTEPE,40.9095,29.137,85,82,3,AÇIK OTOPARK,0,0,07:30-22:00
2026-08-16T21:25:36.682521+00:00,2026-08-17T00:25:36.682521+03:00,459,Yalı Köşkü Caddesi 1,FATİH,41.0163,28.9759,61,1,60,YOL ÜSTÜ,0,5,07:00-21:00
2026-08-16T21:25:36.682521+00:00,2026-08-17T00:25:36.682521+03:00,2037,Yenikapı Marmaray Büyük Otoparkı,FATİH,41.0057,28.9505,324,228,96,AÇIK OTOPARK,1,15,24 Saat
2026-08-16T21:25:36.682521+00:00,2026-08-17T00:25:36.682521+03:00,2036,Yenikapı Marmaray Küçük Otoparkı,FATİH,41.0064,28.9504,200,200,0,AÇIK OTOPARK,0,15,07:00-22:00
2026-08-16T21:25:36.682521+00:00,2026-08-17T00:25:36.682521+03:00,2175,Yenikapı Spor ve Kültür Merkezi PD Açık Otoparkı,FATİH,41.0006,28.9519,4023,3914,109,AÇIK OTOPARK,0,15,24 Saat
2026-08-16T21:25:36.682521+00:00,2026-08-17T00:25:36.682521+03:00,2805,Yenikapı Tünel Üstü Açık Otoparkı,FATİH,41.0029,28.9534,700,622,78,AÇIK OTOPARK,1,10,24 Saat
2026-08-16T21:25:36.682521+00:00,2026-08-17T00:25:36.682521+03:00,3404,Yenimahalle Metro Zemin Altı PD Otoparkı,GAZİOSMANPAŞA,41.0839,28.8926,114,89,25,KAPALI OTOPARK,1,15,24 Saat
2026-08-16T21:25:36.682521+00:00,2026-08-17T00:25:36.682521+03:00,2920,Yeşilce Zemin Altı Katlı Otoparkı,KAĞITHANE,41.0938,29.0017,676,7,669,KAPALI OTOPARK,1,0,24 Saat
2026-08-16T21:25:36.682521+00:00,2026-08-17T00:25:36.682521+03:00,987,Yeşilköy İstasyon Caddesi 1,BAKIRKÖY,40.962,28.825,40,1,39,YOL ÜSTÜ,0,15,09:00-17:30
2026-08-16T21:25:36.682521+00:00,2026-08-17T00:25:36.682521+03:00,974,Yeşilköy Marina 1,BAKIRKÖY,40.9576,28.8233,145,1,144,YOL ÜSTÜ,0,0,12:00-23:00
2026-08-16T21:25:36.682521+00:00,2026-08-17T00:25:36.682521+03:00,3406,Yeşilpınar Metro Zemin Altı PD Otoparkı,EYÜP,41.081,28.9204,269,185,84,KAPALI OTOPARK,1,15,24 Saat
2026-08-16T21:25:36.682521+00:00,2026-08-17T00:25:36.682521+03:00,315,Yeşilyurt Çarşı 1,BAKIRKÖY,40.9643,28.8379,50,1,49,YOL ÜSTÜ,0,15,09:00-17:30
2026-08-16T21:25:36.682521+00:00,2026-08-17T00:25:36.682521+03:00,1133,Yıldız Korusu,BEŞİKTAŞ,41.0514,29.0165,500,1,499,AÇIK OTOPARK,0,0,08:00-22:00
2026-08-16T21:25:36.682521+00:00,2026-08-17T00:25:36.682521+03:00,882,Zeytinburnu 58. Bulvar 2,ZEYTİNBURNU,40.9932,28.9039,48,1,47,YOL ÜSTÜ,0,15,09:00-18:00
2026-08-16T21:25:36.682521+00:00,2026-08-17T00:25:36.682521+03:00,3185,Zeytinburnu Sahil Cep Otoparkı,ZEYTİNBURNU,40.9798,28.8985,160,1,159,AÇIK OTOPARK,0,0,12:00-22:00
2026-08-16T22:02:14.472096+00:00,2026-08-17T01:02:14.472096+03:00,3068,15 Temmuz Şehitler Meydanı Zeminaltı Otoparkı,ÜMRANİYE,41.0246,29.0915,1029,607,422,KAPALI OTOPARK,0,15,24 Saat
2026-08-16T22:02:14.472096+00:00,2026-08-17T01:02:14.472096+03:00,2338,19 Mayıs Açık,ŞİŞLİ,41.0563,28.9941,65,0,65,AÇIK OTOPARK,1,0,24 Saat
2026-08-16T22:02:14.472096+00:00,2026-08-17T01:02:14.472096+03:00,1751,4.Levent PD Açık Otoparkı,KAĞITHANE,41.0836,29.0081,236,145,91,AÇIK OTOPARK,1,5,24 Saat
2026-08-16T22:02:14.472096+00:00,2026-08-17T01:02:14.472096+03:00,3328,4.Levent Servis ve Turizm Araçları Açık Otoparkı,ŞİŞLİ,41.0841,29.0054,300,142,158,AÇIK OTOPARK,1,15,24 Saat
2026-08-16T22:02:14.472096+00:00,2026-08-17T01:02:14.472096+03:00,3412,5. Levent Gaziosmanpaşa Adliyesi Yanı Açık Otoparkı,EYÜP,41.0927,28.9494,250,203,47,AÇIK OTOPARK,0,15,07:00-23:00
2026-08-16T22:02:14.472096+00:00,2026-08-17T01:02:14.472096+03:00,104,Abide-i Hürriyet Caddesi 5,ŞİŞLİ,41.0619,28.9876,40,1,39,YOL ÜSTÜ,0,15,08:00-17:00
2026-08-16T22:02:14.472096+00:00,2026-08-17T01:02:14.472096+03:00,2452,Acıbadem Açık Otoparkı,ÜSKÜDAR,41.0157,29.0574,100,86,14,AÇIK OTOPARK,0,0,06:30-16:00
2026-08-16T22:02:14.472096+00:00,2026-08-17T01:02:14.472096+03:00,346,Ada Karşısı Cep 2,BEŞİKTAŞ,41.072,29.045,30,1,29,YOL ÜSTÜ,0,15,08:00-23:00
2026-08-16T22:02:14.472096+00:00,2026-08-17T01:02:14.472096+03:00,1663,Akasyalı Sokak Tenis Kulubü Önü 2,BEŞİKTAŞ,41.0867,29.0109,45,1,44,YOL ÜSTÜ,0,15,08:30-17:30
2026-08-16T22:02:14.472096+00:00,2026-08-17T01:02:14.472096+03:00,828,Akdeniz Caddesi 4,FATİH,41.0175,28.9435,27,1,26,YOL ÜSTÜ,0,15,09:00-18:00
2026-08-16T22:02:14.472096+00:00,2026-08-17T01:02:14.472096+03:00,1913,Alibeyköy Cep Otogarı Açık Otoparkı,EYÜP,41.0879,28.9446,116,0,116,AÇIK OTOPARK,1,25,24 Saat
2026-08-16T22:02:14.472096+00:00,2026-08-17T01:02:14.472096+03:00,1912,Alibeyköy Cep Otogarı Otobüs Otoparkı,EYÜP,41.0875,28.9449,5000,1,4999,AÇIK OTOPARK,1,60,24 Saat
2026-08-16T22:02:14.472096+00:00,2026-08-17T01:02:14.472096+03:00,2562,Alibeyköy Yeşiltepe Zemin Altı Otoparkı,EYÜP,41.0797,28.938,159,55,104,KAPALI OTOPARK,0,15,24 Saat
2026-08-16T22:02:14.472096+00:00,2026-08-17T01:02:14.472096+03:00,3201,Altınboynuz Sosyal Tesisleri,EYÜP,41.058,28.9447,70,1,69,AÇIK OTOPARK,0,15,08:00-23:00
2026-08-16T22:02:14.472096+00:00,2026-08-17T01:02:14.472096+03:00,758,Arap Camii Açık Otoparkı,BEYOĞLU,41.0227,28.9723,30,1,29,AÇIK OTOPARK,0,0,09:00-17:00
2026-08-16T22:02:14.472096+00:00,2026-08-17T01:02:14.472096+03:00,1963,Aras Sokak 1,BÜYÜKÇEKMECE,41.0226,28.622,60,1,59,YOL ÜSTÜ,0,0,06:00-14:30
2026-08-16T22:02:14.472096+00:00,2026-08-17T01:02:14.472096+03:00,2802,Arnavutköy Zemin Altı Otoparkı,ARNAVUTKÖY,41.1838,28.7396,700,0,700,KAPALI OTOPARK,1,15,24 Saat
2026-08-16T22:02:14.472096+00:00,2026-08-17T01:02:14.472096+03:00,1797,Ataköy Atrium AVM,BAKIRKÖY,40.9881,28.8459,250,244,6,AÇIK OTOPARK,0,15,08:00-23:00
2026-08-16T22:02:14.472096+00:00,2026-08-17T01:02:14.472096+03:00,2824,Ataköy Metro Durağı Yanı PD Zemin Altı Otoparkı,BAKIRKÖY,40.9904,28.8456,150,81,69,KAPALI OTOPARK,1,0,24 Saat
2026-08-16T22:02:14.472096+00:00,2026-08-17T01:02:14.472096+03:00,359,Atatürk Bulvarı 1,FATİH,41.0112,28.9534,20,1,19,YOL ÜSTÜ,0,0,07:30-18:00
2026-08-16T22:02:14.472096+00:00,2026-08-17T01:02:14.472096+03:00,3087,Atatürk Kent Ormanı Otoparkı,SARIYER,41.136,29.0262,200,197,3,AÇIK OTOPARK,0,0,08:00-17:00
2026-08-16T22:02:14.472096+00:00,2026-08-17T01:02:14.472096+03:00,2243,Avcılar Denizköşkler Toplantı ve Davet Salonu Açık Otoparkı,AVCILAR,40.9746,28.7435,200,188,12,AÇIK OTOPARK,0,15,13:00-07:00
2026-08-16T22:02:14.472096+00:00,2026-08-17T01:02:14.472096+03:00,1088,Avcılar İdo,AVCILAR,40.9712,28.7185,270,259,11,AÇIK OTOPARK,0,0,13:00-07:00
2026-08-16T22:02:14.472096+00:00,2026-08-17T01:02:14.472096+03:00,2885,Azapkapı Haliç Metro Otoparkı,ŞİŞLİ,41.0245,28.9691,80,65,15,AÇIK OTOPARK,1,5,24 Saat
2026-08-16T22:02:14.472096+00:00,2026-08-17T01:02:14.472096+03:00,2455,Azerbaycan Dostluk Parkı Zemin Altı Otoparkı,BAĞCILAR,41.0444,28.854,400,148,252,KAPALI OTOPARK,0,10,24 Saat
2026-08-16T22:02:14.472096+00:00,2026-08-17T01:02:14.472096+03:00,2965,Bağcılar Çolakoğlu Zemin Altı Otoparkı,BAĞCILAR,41.0324,28.8345,106,0,106,KAPALI OTOPARK,1,5,24 Saat
2026-08-16T22:02:14.472096+00:00,2026-08-17T01:02:14.472096+03:00,2576,Bağcılar Demirkapı Zemin Altı Otoparkı,BAĞCILAR,41.0499,28.8327,343,131,212,KAPALI OTOPARK,1,5,24 Saat
2026-08-16T22:02:14.472096+00:00,2026-08-17T01:02:14.472096+03:00,3036,Bağcılar Devlet Hastanesi Yanı Zeminaltı Otoparkı,BAĞCILAR,41.0312,28.8696,1133,107,1026,KAPALI OTOPARK,1,15,24 Saat
2026-08-16T22:02:14.472096+00:00,2026-08-17T01:02:14.472096+03:00,3071,Bağcılar Emniyet Müdürlüğü Yanı Açık Otoparkı,BAĞCILAR,41.0353,28.8598,100,48,52,AÇIK OTOPARK,1,0,24 Saat
2026-08-16T22:02:14.472096+00:00,2026-08-17T01:02:14.472096+03:00,2873,Bağcılar Göztepe Zemin Altı,BAĞCILAR,41.0567,28.8355,120,0,120,KAPALI OTOPARK,1,5,24 Saat
2026-08-16T22:02:14.472096+00:00,2026-08-17T01:02:14.472096+03:00,3187,Bağcılar Hürriyet Mahallesi Zemin Altı Otoparkı,BAĞCILAR,41.0291,28.8333,355,0,355,KAPALI OTOPARK,1,10,24 Saat
2026-08-16T22:02:14.472096+00:00,2026-08-17T01:02:14.472096+03:00,2916,Bağcılar Kent Meydanı PD Zemin Altı Otoparkı,BAĞCILAR,41.0339,28.8556,1162,0,1162,KAPALI OTOPARK,0,0,24 Saat
2026-08-16T22:02:14.472096+00:00,2026-08-17T01:02:14.472096+03:00,3261,Bağcılar Yenimahalle Zemin Altı Otoparkı,BAĞCILAR,41.0425,28.8395,525,260,265,KAPALI OTOPARK,1,15,24 Saat
2026-08-16T22:02:14.472096+00:00,2026-08-17T01:02:14.472096+03:00,2820,Bağcılar Yıldıztepe Katlı Otoparkı,BAĞCILAR,41.0294,28.8556,350,0,350,KAPALI OTOPARK,1,10,24 Saat
2026-08-16T22:02:14.472096+00:00,2026-08-17T01:02:14.472096+03:00,3447,Bahçelievler 23 Nisan Milli Egemenlik Zeminaltı Otoparkı,BAHÇELİEVLER,40.9988,28.8472,732,392,340,KAPALI OTOPARK,1,10,24 Saat
2026-08-16T22:02:14.472096+00:00,2026-08-17T01:02:14.472096+03:00,2993,Bahçelievler Cumhuriyet Zeminaltı Otoparkı,BAHÇELİEVLER,41.0149,28.859,663,0,663,KAPALI OTOPARK,0,10,24 Saat
2026-08-16T22:02:14.472096+00:00,2026-08-17T01:02:14.472096+03:00,2969,Bahçelievler Devlet Hastanesi Yanı Katlı Otoparkı,BAHÇELİEVLER,41.0072,28.8442,740,0,740,KAPALI OTOPARK,1,0,24 Saat
2026-08-16T22:02:14.472096+00:00,2026-08-17T01:02:14.472096+03:00,3051,Bahçelievler Zafer Mh. Zeminaltı Otoparkı,BAHÇELİEVLER,41.0036,28.8351,200,45,155,KAPALI OTOPARK,1,0,24 Saat
2026-08-16T22:02:14.472096+00:00,2026-08-17T01:02:14.472096+03:00,3236,Bahçeşehir Gölet Açık Otoparkı,BAŞAKŞEHİR,41.0719,28.6901,200,1,199,AÇIK OTOPARK,0,0,12:00-22:00
2026-08-16T22:02:14.472096+00:00,2026-08-17T01:02:14.472096+03:00,1465,Bakırköy İdo Açık Otoparkı,BAKIRKÖY,40.9739,28.8761,160,137,23,AÇIK OTOPARK,1,10,24 Saat
2026-08-16T22:02:14.472096+00:00,2026-08-17T01:02:14.472096+03:00,1104,Balmumcu Katlı Otoparkı,BEŞİKTAŞ,41.0636,29.0109,400,327,73,KAPALI OTOPARK,1,5,24 Saat
2026-08-16T22:02:14.472096+00:00,2026-08-17T01:02:14.472096+03:00,2350,Bayrampaşa Adapark Katlı Otoparkı,BAYRAMPAŞA,41.0647,28.8875,650,0,650,KAPALI OTOPARK,0,15,24 Saat
2026-08-16T22:02:14.472096+00:00,2026-08-17T01:02:14.472096+03:00,2892,Bayrampaşa Altıntepsi Zemin  Altı Otoparkı,BAYRAMPAŞA,41.0393,28.9029,110,0,110,KAPALI OTOPARK,0,10,24 Saat
2026-08-16T22:02:14.472096+00:00,2026-08-17T01:02:14.472096+03:00,2909,Bayrampaşa Atatürk Parkı  Zemin Altı Otoparkı,BAYRAMPAŞA,41.0342,28.9123,442,0,442,KAPALI OTOPARK,0,10,24 Saat
2026-08-16T22:02:14.472096+00:00,2026-08-17T01:02:14.472096+03:00,2683,Bayrampaşa Devlet Hastanesi Cep Otoparkı,BAYRAMPAŞA,41.0414,28.9031,55,34,21,AÇIK OTOPARK,0,0,08:00-19:00
2026-08-16T22:02:14.472096+00:00,2026-08-17T01:02:14.472096+03:00,3301,Bayrampaşa Kocatepe Mahallesi Zemin Altı Otoparkı,BAYRAMPAŞA,41.0545,28.8964,241,0,241,KAPALI OTOPARK,1,10,24 Saat
2026-08-16T22:02:14.472096+00:00,2026-08-17T01:02:14.472096+03:00,2053,Bayrampaşa Muratpaşa Yer Altı Otoparkı,BAYRAMPAŞA,41.047,28.9082,300,0,300,KAPALI OTOPARK,0,15,24 Saat
2026-08-16T22:02:14.472096+00:00,2026-08-17T01:02:14.472096+03:00,3175,Bayrampaşa Spor Kompleksi Zemin Altı Otoparkı,BAYRAMPAŞA,41.0446,28.9106,205,0,205,KAPALI OTOPARK,1,15,24 Saat
2026-08-16T22:02:14.472096+00:00,2026-08-17T01:02:14.472096+03:00,3382,Bayrampaşa Şehit Kamil Balkan Zemin Altı Otoparkı,BAYRAMPAŞA,41.0604,28.9008,235,0,235,KAPALI OTOPARK,1,10,24 Saat
2026-08-16T22:02:14.472096+00:00,2026-08-17T01:02:14.472096+03:00,2428,Bayrampaşa Yenidoğan Mahallesi Zemin Altı Otoparkı,BAYRAMPAŞA,41.0395,28.9088,120,0,120,KAPALI OTOPARK,0,10,24 Saat
2026-08-16T22:02:14.472096+00:00,2026-08-17T01:02:14.472096+03:00,2468,Bebek Açık,BEŞİKTAŞ,41.077,29.0434,30,0,30,AÇIK OTOPARK,0,0,24 Saat
2026-08-16T22:02:14.472096+00:00,2026-08-17T01:02:14.472096+03:00,3479,Beşiktaş Halk Pazarı Açık Otoparkı,BEŞİKTAŞ,41.0496,29.0004,170,100,70,AÇIK OTOPARK,1,5,24 Saat
2026-08-16T22:02:14.472096+00:00,2026-08-17T01:02:14.472096+03:00,3257,Beykoz Sahil Cep Otoparkı,BEYKOZ,41.1286,29.0953,100,74,26,AÇIK OTOPARK,0,0,08:00-00:00
2026-08-16T22:02:14.472096+00:00,2026-08-17T01:02:14.472096+03:00,2273,Beykoz Sosyal Tesisleri,BEYKOZ,41.1143,29.0888,130,0,130,AÇIK OTOPARK,0,15,08:00-00:00
2026-08-16T22:02:14.472096+00:00,2026-08-17T01:02:14.472096+03:00,2999,Beyoğlu Gazhane Bostan Sokak 2,BEYOĞLU,41.0389,28.9903,35,1,34,YOL ÜSTÜ,0,0,07:30-16:30
2026-08-16T22:02:14.472096+00:00,2026-08-17T01:02:14.472096+03:00,3072,Beyoğlu Örnektepe Zemin Altı Otoparkı,BEYOĞLU,41.0543,28.9548,143,0,143,KAPALI OTOPARK,0,0,24 Saat
2026-08-16T22:02:14.472096+00:00,2026-08-17T01:02:14.472096+03:00,1455,Bostancı Açık,KADIKÖY,40.9523,29.0902,394,125,269,AÇIK OTOPARK,0,15,24 Saat
2026-08-16T22:02:14.472096+00:00,2026-08-17T01:02:14.472096+03:00,1456,Bostancı Sahil-Cep Açık Otoparkı,KADIKÖY,40.9545,29.0885,192,138,54,AÇIK OTOPARK,0,15,24 Saat
2026-08-16T22:02:14.472096+00:00,2026-08-17T01:02:14.472096+03:00,2150,Bostancı Vergi Dairesi Açık Otoparkı,ATAŞEHİR,40.9625,29.1083,155,0,155,AÇIK OTOPARK,0,5,08:00-20:00
2026-08-16T22:02:14.472096+00:00,2026-08-17T01:02:14.472096+03:00,2854,Bülent Ecevit Kültür Merkezi Açık Otoparkı,KARTAL,40.8852,29.1967,277,265,12,AÇIK OTOPARK,0,0,10:00-21:00
2026-08-16T22:02:14.472096+00:00,2026-08-17T01:02:14.472096+03:00,2866,Büyük İstanbul Otogarı,BAYRAMPAŞA,41.0402,28.8942,1000,0,1000,AÇIK OTOPARK,1,25,24 Saat
2026-08-16T22:02:14.472096+00:00,2026-08-17T01:02:14.472096+03:00,1192,Büyükçamlıca Korusu Sosyal Tesisleri Önü,ÜSKÜDAR,41.0264,29.0698,204,111,93,AÇIK OTOPARK,0,0,08:00-00:00
2026-08-16T22:02:14.472096+00:00,2026-08-17T01:02:14.472096+03:00,2960,Büyükçekmece Metrobüs Durağı Yanı PD Zemin Altı Otopark,BÜYÜKÇEKMECE,41.0221,28.624,448,47,401,KAPALI OTOPARK,0,0,24 Saat
2026-08-16T22:02:14.472096+00:00,2026-08-17T01:02:14.472096+03:00,1503,Cadde Bostan Açık Otoparkı,KADIKÖY,40.9636,29.0675,66,58,8,AÇIK OTOPARK,0,15,24 Saat
2026-08-16T22:02:14.472096+00:00,2026-08-17T01:02:14.472096+03:00,2933,Cemal Kamacı Spor Kompleksi Zemin Altı Otoparkı,KAĞITHANE,41.0536,28.9575,510,0,510,KAPALI OTOPARK,1,0,24 Saat
2026-08-16T22:02:14.472096+00:00,2026-08-17T01:02:14.472096+03:00,2207,Cengiz Topel Yer Altı Katlı Otoparkı,ESENLER,41.0588,28.8643,144,0,144,KAPALI OTOPARK,0,15,24 Saat
2026-08-16T22:02:14.472096+00:00,2026-08-17T01:02:14.472096+03:00,2787,Cevizli Açık Otoparkı,KARTAL,40.9179,29.1712,100,87,13,AÇIK OTOPARK,0,15,08:00-19:00
2026-08-16T22:02:14.472096+00:00,2026-08-17T01:02:14.472096+03:00,782,Cihangir Caddesi 2,BEYOĞLU,41.0319,28.9862,70,1,69,YOL ÜSTÜ,0,15,09:00-19:00
2026-08-16T22:02:14.472096+00:00,2026-08-17T01:02:14.472096+03:00,1467,Cihangir Katlı Otoparkı,BEYOĞLU,41.0318,28.9858,350,0,350,KAPALI OTOPARK,1,0,24 Saat
2026-08-16T22:02:14.472096+00:00,2026-08-17T01:02:14.472096+03:00,535,Cihannuma Yol Üstü 1,BEŞİKTAŞ,41.0454,29.0084,35,1,34,YOL ÜSTÜ,0,0,08:00-23:00
2026-08-16T22:02:14.472096+00:00,2026-08-17T01:02:14.472096+03:00,537,Cihannuma Yol Üstü 3,BEŞİKTAŞ,41.0459,29.0087,33,1,32,YOL ÜSTÜ,0,0,08:00-23:00
2026-08-16T22:02:14.472096+00:00,2026-08-17T01:02:14.472096+03:00,539,Cihannuma Yol Üstü 5,BEŞİKTAŞ,41.0489,29.0094,24,1,23,YOL ÜSTÜ,0,0,08:00-23:00
2026-08-16T22:02:14.472096+00:00,2026-08-17T01:02:14.472096+03:00,3184,Çam Sokak 6,GÜNGÖREN,41.0121,28.8882,50,1,49,YOL ÜSTÜ,0,15,08:00-17:00
2026-08-16T22:02:14.472096+00:00,2026-08-17T01:02:14.472096+03:00,3030,Çekmeköy Metro PD Zemin Altı Otoparkı,ÇEKMEKÖY,41.0147,29.1886,175,61,114,KAPALI OTOPARK,0,15,24 Saat
2026-08-16T22:02:14.472096+00:00,2026-08-17T01:02:14.472096+03:00,2905,Çeliktepe Açık Otoparkı,KAĞITHANE,41.0843,29.0056,200,81,119,AÇIK OTOPARK,1,5,24 Saat
2026-08-16T22:02:14.472096+00:00,2026-08-17T01:02:14.472096+03:00,1298,Çengelköy Açık Otoparkı,ÜSKÜDAR,41.0484,29.0533,500,0,500,AÇIK OTOPARK,0,15,24 Saat
2026-08-16T22:02:14.472096+00:00,2026-08-17T01:02:14.472096+03:00,502,Çınar Açık Otoparkı,BEŞİKTAŞ,41.0853,29.0088,65,1,64,AÇIK OTOPARK,0,0,08:00-18:00
2026-08-16T22:02:14.472096+00:00,2026-08-17T01:02:14.472096+03:00,777,Çırağan Sarayı Yol Üstü 1,BEŞİKTAŞ,41.0448,29.0165,40,1,39,YOL ÜSTÜ,0,15,08:00-23:00
2026-08-16T22:02:14.472096+00:00,2026-08-17T01:02:14.472096+03:00,778,Çırağan Sarayı Yol Üstü 2,BEŞİKTAŞ,41.0445,29.0156,40,1,39,YOL ÜSTÜ,0,15,08:00-23:00
2026-08-16T22:02:14.472096+00:00,2026-08-17T01:02:14.472096+03:00,2228,Çırpıcı Sosyal Tesisler,ZEYTİNBURNU,41,28.8926,128,0,128,AÇIK OTOPARK,0,15,07:00-00:00
2026-08-16T22:02:14.472096+00:00,2026-08-17T01:02:14.472096+03:00,2030,Dalyan Açık Otoparkı,KADIKÖY,40.9632,29.0651,92,54,38,AÇIK OTOPARK,0,15,24 Saat
2026-08-16T22:02:14.472096+00:00,2026-08-17T01:02:14.472096+03:00,2271,Damla Sokak 1,ŞİŞLİ,41.0672,29.0004,17,1,16,YOL ÜSTÜ,0,15,07:30-16:30
2026-08-16T22:02:14.472096+00:00,2026-08-17T01:02:14.472096+03:00,2164,Darüşşafaka Yeraltı Otoparkı,SARIYER,41.1292,29.0252,150,143,7,KAPALI OTOPARK,0,15,08:00-00:00
2026-08-16T22:02:14.472096+00:00,2026-08-17T01:02:14.472096+03:00,1653,Deniz Feneri Otoparkı,FATİH,41.0019,28.9773,175,125,50,AÇIK OTOPARK,0,5,24 Saat
2026-08-16T22:02:14.472096+00:00,2026-08-17T01:02:14.472096+03:00,595,Dostluk Yurdu 1,FATİH,41.0071,28.973,33,1,32,YOL ÜSTÜ,0,15,07:00-17:00
2026-08-16T22:02:14.472096+00:00,2026-08-17T01:02:14.472096+03:00,2237,Dragos Sosyal Tesisleri,KARTAL,40.9017,29.1458,100,58,42,AÇIK OTOPARK,1,15,24 Saat
2026-08-16T22:02:14.472096+00:00,2026-08-17T01:02:14.472096+03:00,3063,Dudullu Metro PD Zemin Altı Otoparkı,ÜMRANİYE,41.0156,29.1633,81,61,20,KAPALI OTOPARK,0,15,07:00-23:30
2026-08-16T22:02:14.472096+00:00,2026-08-17T01:02:14.472096+03:00,1522,Ebu Suut Caddesi 1,FATİH,41.0128,28.9766,35,1,34,YOL ÜSTÜ,0,0,08:00-18:00
2026-08-16T22:02:14.472096+00:00,2026-08-17T01:02:14.472096+03:00,2147,EGS Blokları Açık Otoparkı,BAKIRKÖY,40.9863,28.8354,350,47,303,AÇIK OTOPARK,0,60,09:00-19:30
2026-08-16T22:02:14.472096+00:00,2026-08-17T01:02:14.472096+03:00,2366,Esenler Adem Baştürk Kültür Merkezi Katlı,ESENLER,41.039,28.8846,460,0,460,KAPALI OTOPARK,1,15,24 Saat
2026-08-16T22:02:14.472096+00:00,2026-08-17T01:02:14.472096+03:00,3190,Esenler Havaalanı Mahallesi Zemin Altı Otoparkı,ESENLER,41.0562,28.8674,610,306,304,KAPALI OTOPARK,1,10,24 Saat
2026-08-16T22:02:14.472096+00:00,2026-08-17T01:02:14.472096+03:00,3011,Esenler Menderes Metro İstasyonu Yanı,ESENLER,41.0427,28.8783,68,0,68,AÇIK OTOPARK,1,5,24 Saat
2026-08-16T22:02:14.472096+00:00,2026-08-17T01:02:14.472096+03:00,2822,Esenler Menderes Parkı Zemin Altı Otoparkı,ESENLER,41.0412,28.8729,325,5,320,KAPALI OTOPARK,1,10,24 Saat
2026-08-16T22:02:14.472096+00:00,2026-08-17T01:02:14.472096+03:00,3303,Esenyurt Adile Naşit Bulvarı Zeminaltı Otoparkı,ESENYURT,41.0205,28.6859,367,280,87,KAPALI OTOPARK,1,15,24 Saat
2026-08-16T22:02:14.472096+00:00,2026-08-17T01:02:14.472096+03:00,1328,Eski Salı Pazarı,KADIKÖY,40.9904,29.0338,760,0,760,AÇIK OTOPARK,0,15,24 Saat
2026-08-16T22:02:14.472096+00:00,2026-08-17T01:02:14.472096+03:00,904,Eyüp Pierloti Caddesi 1,EYÜP,41.0539,28.9329,40,1,39,YOL ÜSTÜ,0,0,09:00-22:00
2026-08-16T22:02:14.472096+00:00,2026-08-17T01:02:14.472096+03:00,2850,Eyüpsultan Akşemsettin Mahallesi Zemin Altı Otoparkı,EYÜP,41.085,28.9258,110,0,110,KAPALI OTOPARK,0,15,24 Saat
2026-08-16T22:02:14.472096+00:00,2026-08-17T01:02:14.472096+03:00,2215,Fatih Çeşmesi Tabiat Parkı Otoparkı,SARIYER,41.1686,28.9448,250,242,8,AÇIK OTOPARK,0,0,06:00-20:00
2026-08-16T22:02:14.472096+00:00,2026-08-17T01:02:14.472096+03:00,1475,Fatih Katlı Otoparkı,FATİH,41.0198,28.9396,118,36,82,KAPALI OTOPARK,0,10,24 Saat
2026-08-16T22:02:14.472096+00:00,2026-08-17T01:02:14.472096+03:00,1591,Feshane PD Açık Otoparkı,EYÜP,41.0463,28.9378,200,124,76,AÇIK OTOPARK,1,15,24 Saat
2026-08-16T22:02:14.472096+00:00,2026-08-17T01:02:14.472096+03:00,1005,Florya Havuzlu Bahçe,BAKIRKÖY,40.9764,28.7908,135,1,134,AÇIK OTOPARK,0,0,09:00-23:00
2026-08-16T22:02:14.472096+00:00,2026-08-17T01:02:14.472096+03:00,2238,Florya Sosyal Tesisleri,BAKIRKÖY,40.9614,28.8091,1074,1017,57,AÇIK OTOPARK,0,15,24 Saat
2026-08-16T22:02:14.472096+00:00,2026-08-17T01:02:14.472096+03:00,1704,Gazi Umur Paşa Sokak 5,BEŞİKTAŞ,41.0589,29.0114,45,1,44,YOL ÜSTÜ,0,15,08:00-17:00
2026-08-16T22:02:14.472096+00:00,2026-08-17T01:02:14.472096+03:00,3296,Gaziosmanpaşa Meydanı ve Yaşam Merkezi Zemin Altı Otoparkı,GAZİOSMANPAŞA,41.0606,28.9093,202,0,202,KAPALI OTOPARK,1,15,24 Saat
2026-08-16T22:02:14.472096+00:00,2026-08-17T01:02:14.472096+03:00,2971,Gaziosmanpaşa Zemin Altı Otoparkı,GAZİOSMANPAŞA,41.0796,28.8858,285,0,285,KAPALI OTOPARK,1,0,24 Saat
2026-08-16T22:02:14.472096+00:00,2026-08-17T01:02:14.472096+03:00,3401,Giyimkent Tekstilkent Metro Zemin Altı PD Otoparkı,ESENLER,41.0711,28.8666,203,183,20,KAPALI OTOPARK,0,10,24 Saat
2026-08-16T22:02:14.472096+00:00,2026-08-17T01:02:14.472096+03:00,2242,Gözdağı Sosyal Tesisler  Açık Otoparkı,PENDİK,40.893,29.2538,300,215,85,AÇIK OTOPARK,0,0,07:00-23:00
2026-08-16T22:02:14.472096+00:00,2026-08-17T01:02:14.472096+03:00,1879,Gülsuyu Metro PD Yer Altı Otoparkı,MALTEPE,40.9237,29.1548,76,0,76,KAPALI OTOPARK,0,15,08:00-00:00
2026-08-16T22:02:14.472096+00:00,2026-08-17T01:02:14.472096+03:00,1423,Güneş Plajı 1,BAKIRKÖY,40.9712,28.79,250,237,13,AÇIK OTOPARK,0,10,24 Saat
2026-08-16T22:02:14.472096+00:00,2026-08-17T01:02:14.472096+03:00,1461,Güneş Plajı 2,BAKIRKÖY,40.9692,28.7951,135,123,12,AÇIK OTOPARK,0,10,08:00-20:00
2026-08-16T22:02:14.472096+00:00,2026-08-17T01:02:14.472096+03:00,3053,Güngören Nikah Dairesi Zemin Altı otoparkı,GÜNGÖREN,41.0363,28.8718,147,0,147,KAPALI OTOPARK,1,10,24 Saat
2026-08-16T22:02:14.472096+00:00,2026-08-17T01:02:14.472096+03:00,2216,Gürpınar Balık Hali Otoparkı,BEYLİKDÜZÜ,40.9663,28.6019,1000,660,340,AÇIK OTOPARK,0,15,24 Saat
2026-08-16T22:02:14.472096+00:00,2026-08-17T01:02:14.472096+03:00,1525,Hacıosman Metro Yer Altı Otoparkı,SARIYER,41.14,29.0306,422,291,131,KAPALI OTOPARK,0,15,24 Saat
2026-08-16T22:02:14.472096+00:00,2026-08-17T01:02:14.472096+03:00,1470,Haldun Alagaş Katlı Otoparkı,ÜMRANİYE,41.0262,29.1052,197,102,95,KAPALI OTOPARK,1,15,24 Saat
2026-08-16T22:02:14.472096+00:00,2026-08-17T01:02:14.472096+03:00,3235,Haliç Sosyal Tesisleri Otoparkı,FATİH,41.0277,28.9572,60,46,14,AÇIK OTOPARK,0,15,07:00-00:00
2026-08-16T22:02:14.472096+00:00,2026-08-17T01:02:14.472096+03:00,2848,Halkalı Mahallesi Zemin Altı Otoparkı,KÜÇÜKÇEKMECE,41.0359,28.7848,347,263,84,KAPALI OTOPARK,0,15,24 Saat
2026-08-16T22:02:14.472096+00:00,2026-08-17T01:02:14.472096+03:00,2838,Hamidiye Mahallesi Katlı Otoparkı,KAĞITHANE,41.0949,28.971,450,188,262,KAPALI OTOPARK,1,15,24 Saat
2026-08-16T22:02:14.472096+00:00,2026-08-17T01:02:14.472096+03:00,1446,Harbiye Zemin Altı Otoparkı,BEYOĞLU,41.0408,28.9869,142,86,56,KAPALI OTOPARK,0,5,24 Saat
2026-08-16T22:02:14.472096+00:00,2026-08-17T01:02:14.472096+03:00,2332,Haydarpaşa Katlı Otoparkı,ÜSKÜDAR,41.0048,29.0251,840,775,65,KAPALI OTOPARK,1,15,24 Saat
2026-08-16T22:02:14.472096+00:00,2026-08-17T01:02:14.472096+03:00,1987,Haznedar Yer Altı Otoparkı,GÜNGÖREN,41.0083,28.8729,540,0,540,KAPALI OTOPARK,0,0,24 Saat
2026-08-16T22:02:14.472096+00:00,2026-08-17T01:02:14.472096+03:00,377,Hızır Külhani Sokak,FATİH,41.0202,28.9605,32,1,31,YOL ÜSTÜ,0,15,09:00-17:00
2026-08-16T22:02:14.472096+00:00,2026-08-17T01:02:14.472096+03:00,3173,Hürriyet Mahallesi Zeminaltı Otoparkı,GAZİOSMANPAŞA,41.0708,28.8951,190,0,190,KAPALI OTOPARK,1,15,24 Saat
2026-08-16T22:02:14.472096+00:00,2026-08-17T01:02:14.472096+03:00,157,Ihlamur Dere Caddesi 4,BEŞİKTAŞ,41.047,29.0023,27,1,26,YOL ÜSTÜ,0,15,09:00-17:00
2026-08-16T22:02:14.472096+00:00,2026-08-17T01:02:14.472096+03:00,1189,İçerenköy Sebze Meyve Hali Otoparkı,ATAŞEHİR,40.9766,29.1044,600,600,0,AÇIK OTOPARK,0,15,24 Saat
2026-08-16T22:02:14.472096+00:00,2026-08-17T01:02:14.472096+03:00,1127,İshakpaşa Caddesi,FATİH,41.0079,28.9814,200,1,199,YOL ÜSTÜ,0,0,08:00-18:00
2026-08-16T22:02:14.472096+00:00,2026-08-17T01:02:14.472096+03:00,3265,İspark İstanbul West Marina Açık Otoparkı 1,BEYLİKDÜZÜ,40.9636,28.6564,250,1,249,AÇIK OTOPARK,0,15,24 Saat
2026-08-16T22:02:14.472096+00:00,2026-08-17T01:02:14.472096+03:00,2793,İspark Merter Katlı Otoparkı,GÜNGÖREN,41.0097,28.89,900,492,408,KAPALI OTOPARK,1,10,24 Saat
2026-08-16T22:02:14.472096+00:00,2026-08-17T01:02:14.472096+03:00,2430,İspark West İstanbul Marina Açık Otoparkı,BEYLİKDÜZÜ,40.9639,28.6591,1600,1033,567,AÇIK OTOPARK,0,15,24 Saat
2026-08-16T22:02:14.472096+00:00,2026-08-17T01:02:14.472096+03:00,381,İstinye 4 ( Cami Önü ),SARIYER,41.1149,29.0571,25,1,24,YOL ÜSTÜ,0,15,08:30-17:30
2026-08-16T22:02:14.472096+00:00,2026-08-17T01:02:14.472096+03:00,1804,İtalyan Hastanesi Karşısı Açık Otoparkı 1,BEYOĞLU,41.028,28.9815,30,1,29,AÇIK OTOPARK,0,0,08:00-19:00
2026-08-16T22:02:14.472096+00:00,2026-08-17T01:02:14.472096+03:00,507,Kabasakal Medrese Önü,FATİH,41.0062,28.9789,65,1,64,AÇIK OTOPARK,0,0,08:00-18:30
2026-08-16T22:02:14.472096+00:00,2026-08-17T01:02:14.472096+03:00,3306,Kabataş Transfer Merkezi Turizm Otobüs Otoparkı,BEYOĞLU,41.0336,28.9923,160,105,55,KAPALI OTOPARK,1,20,24 Saat
2026-08-16T22:02:14.472096+00:00,2026-08-17T01:02:14.472096+03:00,2918,Kadıköy Hasanpaşa Gazhane Katlı Otoparkı,KADIKÖY,40.9972,29.0428,310,191,119,KAPALI OTOPARK,1,15,24 Saat
2026-08-16T22:02:14.472096+00:00,2026-08-17T01:02:14.472096+03:00,1447,Kadıköy İski Açık Otoparkı,KADIKÖY,40.9874,29.0207,124,29,95,AÇIK OTOPARK,0,15,24 Saat
2026-08-16T22:02:14.472096+00:00,2026-08-17T01:02:14.472096+03:00,1655,Kadıköy Metro Açık Otoparkı,KADIKÖY,40.9899,29.0217,74,58,16,AÇIK OTOPARK,0,15,24 Saat
2026-08-16T22:02:14.472096+00:00,2026-08-17T01:02:14.472096+03:00,3445,Kadıköy Uzunçayır PD Açık Otoparkı,KADIKÖY,40.9982,29.0569,70,40,30,AÇIK OTOPARK,0,15,06:30-16:30
2026-08-16T22:02:14.472096+00:00,2026-08-17T01:02:14.472096+03:00,2808,Kadıköy Yeni Salı Pazarı PD Katlı Otoparkı,KADIKÖY,40.9969,29.0486,1350,654,696,KAPALI OTOPARK,1,15,24 Saat
2026-08-16T22:02:14.472096+00:00,2026-08-17T01:02:14.472096+03:00,2811,Kağıthane Harmantepe Zemin Altı Otoparkı,KAĞITHANE,41.0816,28.9907,200,0,200,KAPALI OTOPARK,1,0,24 Saat
2026-08-16T22:02:14.472096+00:00,2026-08-17T01:02:14.472096+03:00,1452,Kalamış Açık Otoparkı,KADIKÖY,40.9687,29.0363,173,156,17,AÇIK OTOPARK,0,15,24 Saat
2026-08-16T22:02:14.472096+00:00,2026-08-17T01:02:14.472096+03:00,1474,Kartal Hasan Doğan Spor Kompleksi,KARTAL,40.8918,29.1897,773,0,773,KAPALI OTOPARK,0,15,24 Saat
2026-08-16T22:02:14.472096+00:00,2026-08-17T01:02:14.472096+03:00,1105,Kartal İdo Açık Otoparkı,KARTAL,40.8874,29.1881,90,0,90,AÇIK OTOPARK,0,15,24 Saat
2026-08-16T22:02:14.472096+00:00,2026-08-17T01:02:14.472096+03:00,1550,Kartal Sahil Açık Otoparkı,KARTAL,40.8875,29.1901,75,53,22,AÇIK OTOPARK,0,5,24 Saat
2026-08-16T22:02:14.472096+00:00,2026-08-17T01:02:14.472096+03:00,3434,Kasımpaşa Sosyal Tesisler Otoparkı,BEYOĞLU,41.0296,28.9673,60,37,23,AÇIK OTOPARK,0,0,07:30-23:00
2026-08-16T22:02:14.472096+00:00,2026-08-17T01:02:14.472096+03:00,1960,Kazlıçeşme Marmaray Açık Otoparkı,ZEYTİNBURNU,40.9922,28.917,700,667,33,AÇIK OTOPARK,0,15,24 Saat
2026-08-16T22:02:14.472096+00:00,2026-08-17T01:02:14.472096+03:00,2994,Kirazlı Metro Durağı PD Açık Otoparkı,BAĞCILAR,41.033,28.8429,112,0,112,AÇIK OTOPARK,0,5,24 Saat
2026-08-16T22:02:14.472096+00:00,2026-08-17T01:02:14.472096+03:00,1528,Kore Şehitleri Caddesi - Yüzbaşı Kaya Aldağon Sokak 1,ŞİŞLİ,41.0719,29.0139,40,1,39,YOL ÜSTÜ,0,15,07:00-16:00
2026-08-16T22:02:14.472096+00:00,2026-08-17T01:02:14.472096+03:00,2449,Kozyatağı Sebze-Meyve Hali,ATAŞEHİR,40.9787,29.1029,1500,1,1499,AÇIK OTOPARK,1,0,24 Saat
2026-08-16T22:02:14.472096+00:00,2026-08-17T01:02:14.472096+03:00,1206,Kutlugün Sokak 2,FATİH,41.0061,28.9801,200,1,199,YOL ÜSTÜ,0,0,08:00-18:00
2026-08-16T22:02:14.472096+00:00,2026-08-17T01:02:14.472096+03:00,3074,Küçük Çamlıca,ÜSKÜDAR,41.0204,29.0653,129,107,22,AÇIK OTOPARK,0,0,08:00-22:00
2026-08-16T22:02:14.472096+00:00,2026-08-17T01:02:14.472096+03:00,3127,Küçükçekmece Cennet Mahallesi Meydan Zemin Altı Otoparkı,KÜÇÜKÇEKMECE,40.9907,28.783,456,0,456,KAPALI OTOPARK,0,10,24 Saat
2026-08-16T22:02:14.472096+00:00,2026-08-17T01:02:14.472096+03:00,2554,Küçükçekmece Fevzi Çakmak Meydanı Zemin Altı Otoparkı,KÜÇÜKÇEKMECE,41.0076,28.7927,1000,484,516,KAPALI OTOPARK,0,10,24 Saat
2026-08-16T22:02:14.472096+00:00,2026-08-17T01:02:14.472096+03:00,2882,Küçüksu Kasrı Açık Otoparkı,BEYKOZ,41.0789,29.0657,98,92,6,AÇIK OTOPARK,0,0,07:00-23:00
2026-08-16T22:02:14.472096+00:00,2026-08-17T01:02:14.472096+03:00,220,Levent Hamidiye,BEŞİKTAŞ,41.0861,29.0076,100,1,99,AÇIK OTOPARK,0,0,08:00-19:00
2026-08-16T22:02:14.472096+00:00,2026-08-17T01:02:14.472096+03:00,1138,Levent Metro Yer Altı Otoparkı,BEŞİKTAŞ,41.0811,29.0105,100,1,99,AÇIK OTOPARK,0,5,07:30-19:30
2026-08-16T22:02:14.472096+00:00,2026-08-17T01:02:14.472096+03:00,2335,Maçka Açık Otoparkı,ŞİŞLİ,41.046,28.9908,75,73,2,AÇIK OTOPARK,1,0,24 Saat
2026-08-16T22:02:14.472096+00:00,2026-08-17T01:02:14.472096+03:00,1859,Maçka Katlı Otoparkı,ŞİŞLİ,41.0484,28.9903,508,0,508,KAPALI OTOPARK,0,0,24 Saat
2026-08-16T22:02:14.472096+00:00,2026-08-17T01:02:14.472096+03:00,3193,Maltepe Rıhtım Caddesi Açık Otoparkı,MALTEPE,40.9258,29.1241,76,67,9,AÇIK OTOPARK,1,0,24 Saat
2026-08-16T22:02:14.472096+00:00,2026-08-17T01:02:14.472096+03:00,2146,Maltepe Süreyyapaşa Çarşısı Açık Otoparkı,MALTEPE,40.9274,29.1225,156,108,48,AÇIK OTOPARK,1,0,24 Saat
2026-08-16T22:02:14.472096+00:00,2026-08-17T01:02:14.472096+03:00,1599,Maslak Açık Otoparkı,SARIYER,41.1166,29.024,150,138,12,AÇIK OTOPARK,0,10,24 Saat
2026-08-16T22:02:14.472096+00:00,2026-08-17T01:02:14.472096+03:00,2100,Matbaacılar Sitesi Yanı,ZEYTİNBURNU,41.0234,28.9187,250,219,31,AÇIK OTOPARK,1,5,24 Saat
2026-08-16T22:02:14.472096+00:00,2026-08-17T01:02:14.472096+03:00,920,Meclis-i Mebusan Yokuşu 2,BEYOĞLU,41.0326,28.9882,34,1,33,YOL ÜSTÜ,0,15,09:00-17:00
2026-08-16T22:02:14.472096+00:00,2026-08-17T01:02:14.472096+03:00,1546,Menekşe Plajı Açık Otoparkı,BAKIRKÖY,40.9761,28.7766,200,200,0,AÇIK OTOPARK,0,0,24 Saat
2026-08-16T22:02:14.472096+00:00,2026-08-17T01:02:14.472096+03:00,1376,Mercan Açık,FATİH,41.0136,28.9669,130,128,2,AÇIK OTOPARK,0,0,08:00-23:00
2026-08-16T22:02:14.472096+00:00,2026-08-17T01:02:14.472096+03:00,3309,Mercan Ali Paşa Sarayı Zemin Altı Otoparkı,FATİH,41.0136,28.967,196,1,195,KAPALI OTOPARK,0,0,07:00-21:00
2026-08-16T22:02:14.472096+00:00,2026-08-17T01:02:14.472096+03:00,1472,Merter Katlı Otoparkı,GÜNGÖREN,41.0092,28.8874,1000,905,95,KAPALI OTOPARK,0,10,24 Saat
2026-08-16T22:02:14.472096+00:00,2026-08-17T01:02:14.472096+03:00,2375,Merter Metro PD Zeminaltı Otoparkı,GÜNGÖREN,41.0037,28.8897,242,82,160,KAPALI OTOPARK,1,10,24 Saat
2026-08-16T22:02:14.472096+00:00,2026-08-17T01:02:14.472096+03:00,1568,Mete Caddesi 1,BEYOĞLU,41.0382,28.9879,31,1,30,YOL ÜSTÜ,0,15,08:00-23:00
2026-08-16T22:02:14.472096+00:00,2026-08-17T01:02:14.472096+03:00,1471,Mevlana Yeraltı Katlı Otoparkı,ZEYTİNBURNU,41.0072,28.9049,1000,850,150,KAPALI OTOPARK,0,5,24 Saat
2026-08-16T22:02:14.472096+00:00,2026-08-17T01:02:14.472096+03:00,2709,Millet Caddesi Açık Otoparkı,FATİH,41.01,28.9461,60,1,59,AÇIK OTOPARK,0,15,24 Saat
2026-08-16T22:02:14.472096+00:00,2026-08-17T01:02:14.472096+03:00,3152,Mimar Sinan Zemin Altı Otoparkı,ÜSKÜDAR,41.0222,29.0169,956,137,819,KAPALI OTOPARK,0,15,24 Saat
2026-08-16T22:02:14.472096+00:00,2026-08-17T01:02:14.472096+03:00,2870,Miniatürk Çadır Açık Otoparkı,BEYOĞLU,41.0594,28.9501,250,174,76,AÇIK OTOPARK,0,15,07:00-20:00
2026-08-16T22:02:14.472096+00:00,2026-08-17T01:02:14.472096+03:00,2556,Muallim Naci Açık Otoparkı,BEŞİKTAŞ,41.0561,29.0342,35,25,10,AÇIK OTOPARK,1,15,24 Saat
2026-08-16T22:02:14.472096+00:00,2026-08-17T01:02:14.472096+03:00,569,Oda Kule Önü 1,BEYOĞLU,41.0322,28.9751,24,1,23,YOL ÜSTÜ,0,0,07:00-01:00
2026-08-16T22:02:14.472096+00:00,2026-08-17T01:02:14.472096+03:00,1988,Orhangazi Şehir Parkı PD Açık Otoparkı,MALTEPE,40.9313,29.1161,5022,4594,428,AÇIK OTOPARK,1,15,24 Saat
2026-08-16T22:02:14.472096+00:00,2026-08-17T01:02:14.472096+03:00,152,Ortabahçe Caddesi 2,BEŞİKTAŞ,41.0428,29.0043,35,1,34,YOL ÜSTÜ,0,15,08:00-23:00
2026-08-16T22:02:14.472096+00:00,2026-08-17T01:02:14.472096+03:00,153,Ortabahçe Caddesi 3,BEŞİKTAŞ,41.043,29.0042,26,1,25,YOL ÜSTÜ,0,15,08:00-23:00
2026-08-16T22:02:14.472096+00:00,2026-08-17T01:02:14.472096+03:00,119,Ortaklar Caddesi 1,ŞİŞLİ,41.0638,28.9971,25,1,24,YOL ÜSTÜ,0,15,08:30-17:00
2026-08-16T22:02:14.472096+00:00,2026-08-17T01:02:14.472096+03:00,1343,Ortaköy Açık Otoparkı,BEŞİKTAŞ,41.0504,29.0326,170,153,17,AÇIK OTOPARK,1,0,24 Saat
2026-08-16T22:02:14.472096+00:00,2026-08-17T01:02:14.472096+03:00,572,Ortaköy Portakal Yokuşu 1,BEŞİKTAŞ,41.0503,29.0261,15,1,14,YOL ÜSTÜ,0,15,09:00-19:00
2026-08-16T22:02:14.472096+00:00,2026-08-17T01:02:14.472096+03:00,1039,Öğretmen Evi,AVCILAR,40.9723,28.714,80,41,39,AÇIK OTOPARK,0,0,11:00-23:00
2026-08-16T22:02:14.472096+00:00,2026-08-17T01:02:14.472096+03:00,1466,Pendik Katlı Otoparkı,PENDİK,40.8789,29.2342,120,0,120,KAPALI OTOPARK,0,15,24 Saat
2026-08-16T22:02:14.472096+00:00,2026-08-17T01:02:14.472096+03:00,3073,Pendik Kemal Kalkuz Parkı Zemin Altı Otoparkı,PENDİK,40.8885,29.2427,224,1,223,KAPALI OTOPARK,0,0,09:00-18:00
2026-08-16T22:02:14.472096+00:00,2026-08-17T01:02:14.472096+03:00,3019,Pendik Meydan Zemin Altı Otoparkı,PENDİK,40.8752,29.2324,937,0,937,KAPALI OTOPARK,1,0,24 Saat
2026-08-16T22:02:14.472096+00:00,2026-08-17T01:02:14.472096+03:00,2865,Pendik Sahil Engelliler Merkez Önü,PENDİK,40.8735,29.233,100,66,34,AÇIK OTOPARK,0,0,11:00-20:00
2026-08-16T22:02:14.472096+00:00,2026-08-17T01:02:14.472096+03:00,2434,Pendik Sahil İdo,PENDİK,40.8755,29.2369,100,0,100,AÇIK OTOPARK,0,0,07:00-23:00
2026-08-16T22:02:14.472096+00:00,2026-08-17T01:02:14.472096+03:00,248,Pendik Yenimahalle Açık 2 Otoparkı,PENDİK,40.864,29.2723,124,108,16,AÇIK OTOPARK,0,15,10:00-22:00
2026-08-16T22:02:14.472096+00:00,2026-08-17T01:02:14.472096+03:00,297,Perşembe Pazarı 1,BEYOĞLU,41.0252,28.9693,32,1,31,YOL ÜSTÜ,0,15,08:00-17:00
2026-08-16T22:02:14.472096+00:00,2026-08-17T01:02:14.472096+03:00,597,Pierre Loti Caddesi 3,FATİH,41.0069,28.9711,36,1,35,YOL ÜSTÜ,0,0,07:00-17:00
2026-08-16T22:02:14.472096+00:00,2026-08-17T01:02:14.472096+03:00,3263,Piyalepaşa Meydanı Zemin Altı Otoparkı,BEYOĞLU,41.0445,28.9674,560,229,331,KAPALI OTOPARK,0,0,24 Saat
2026-08-16T22:02:14.472096+00:00,2026-08-17T01:02:14.472096+03:00,1900,Ragıp Gümüşpala Cad.(Sobacılar Önü),FATİH,41.0181,28.969,40,1,39,YOL ÜSTÜ,0,15,07:00-18:00
2026-08-16T22:02:14.472096+00:00,2026-08-17T01:02:14.472096+03:00,415,Ragıp Gümüşpala Camii Önü 1,FATİH,41.0211,28.9627,35,1,34,YOL ÜSTÜ,0,0,07:00-17:30
2026-08-16T22:02:14.472096+00:00,2026-08-17T01:02:14.472096+03:00,3268,Refik Saydam Caddesi 3,BEYOĞLU,41.032,28.9736,55,1,54,YOL ÜSTÜ,0,0,06:00-23:00
2026-08-16T22:02:14.472096+00:00,2026-08-17T01:02:14.472096+03:00,2307,Ressam Halim Sokak PD Açık Otoparkı,BAHÇELİEVLER,40.9967,28.8641,120,110,10,AÇIK OTOPARK,0,15,08:00-00:00
2026-08-16T22:02:14.472096+00:00,2026-08-17T01:02:14.472096+03:00,3082,Rumeli Hisarı Sahil Yolu Otoparkı,SARIYER,41.0854,29.0568,20,13,7,AÇIK OTOPARK,1,0,24 Saat
2026-08-16T22:02:14.472096+00:00,2026-08-17T01:02:14.472096+03:00,1595,Sabiha Gökçen Açık Otoparkı,PENDİK,40.925,29.308,1056,287,769,AÇIK OTOPARK,0,15,24 Saat
2026-08-16T22:02:14.472096+00:00,2026-08-17T01:02:14.472096+03:00,3239,Samatya Sahil Cep Otoparkı,FATİH,40.9954,28.932,113,101,12,AÇIK OTOPARK,1,15,24 Saat
2026-08-16T22:02:14.472096+00:00,2026-08-17T01:02:14.472096+03:00,3273,Sarıyer Büyükdere Fidanlığı,SARIYER,41.1548,29.0268,160,155,5,AÇIK OTOPARK,0,0,08:00-18:00
2026-08-16T22:02:14.472096+00:00,2026-08-17T01:02:14.472096+03:00,3299,Sariyer Ayazağa Mah Vadi İstanbul Önü Açık Otoparkı,SARIYER,41.1106,28.9881,100,1,99,AÇIK OTOPARK,0,0,08:00-20:00
2026-08-16T22:02:14.472096+00:00,2026-08-17T01:02:14.472096+03:00,1303,Seyrantepe Katlı (Arena Karşısı) 1,KAĞITHANE,41.101,28.9961,1897,1,1896,KAPALI OTOPARK,1,0,24 Saat
2026-08-16T22:02:14.472096+00:00,2026-08-17T01:02:14.472096+03:00,1628,Sıracevizler Caddesi Yol Üstü 5,ŞİŞLİ,41.0607,28.9841,45,1,44,YOL ÜSTÜ,0,15,09:00-17:00
2026-08-16T22:02:14.472096+00:00,2026-08-17T01:02:14.472096+03:00,464,Sirkeci Gar Önü,FATİH,41.015,28.9761,60,1,59,AÇIK OTOPARK,0,5,07:00-20:00
2026-08-16T22:02:14.472096+00:00,2026-08-17T01:02:14.472096+03:00,1486,Siyavuşpaşa Yer Altı Otoparkı,BAHÇELİEVLER,40.9965,28.8532,155,0,155,KAPALI OTOPARK,1,0,24 Saat
2026-08-16T22:02:14.472096+00:00,2026-08-17T01:02:14.472096+03:00,1958,Soğanlık Metro PD Açık Otoparkı,KARTAL,40.9131,29.1925,898,874,24,AÇIK OTOPARK,0,15,24 Saat
2026-08-16T22:02:14.472096+00:00,2026-08-17T01:02:14.472096+03:00,589,Su Terazisi Sokak,FATİH,41.0046,28.9727,22,1,21,YOL ÜSTÜ,0,0,07:30-17:00
2026-08-16T22:02:14.472096+00:00,2026-08-17T01:02:14.472096+03:00,1478,Suadiye Cep Açık Otoparkı,KADIKÖY,40.9586,29.0732,130,127,3,AÇIK OTOPARK,0,15,24 Saat
2026-08-16T22:02:14.472096+00:00,2026-08-17T01:02:14.472096+03:00,2948,Suadiye Sahil Açık Otoparkı,KADIKÖY,40.9562,29.0797,70,62,8,AÇIK OTOPARK,1,5,24 Saat
2026-08-16T22:02:14.472096+00:00,2026-08-17T01:02:14.472096+03:00,2799,Sultanbeyli Emir Caddesi Zemin Altı Otoparkı,SULTANBEYLİ,40.9707,29.2606,130,122,8,KAPALI OTOPARK,0,15,08:00-22:00
2026-08-16T22:02:14.472096+00:00,2026-08-17T01:02:14.472096+03:00,2372,Sultanbeyli Kent Meydanı Zemin Altı Otoparkı,SULTANBEYLİ,40.9667,29.2667,300,194,106,KAPALI OTOPARK,1,15,24 Saat
2026-08-16T22:02:14.472096+00:00,2026-08-17T01:02:14.472096+03:00,2410,Sultangazi Zemin Altı Otoparkı,SULTANGAZİ,41.0944,28.8649,104,0,104,KAPALI OTOPARK,1,10,24 Saat
2026-08-16T22:02:14.472096+00:00,2026-08-17T01:02:14.472096+03:00,2085,Süleyman Seba Caddesi 2,BEŞİKTAŞ,41.0426,28.9998,40,1,39,YOL ÜSTÜ,0,15,08:00-18:00
2026-08-16T22:02:14.472096+00:00,2026-08-17T01:02:14.472096+03:00,2088,Süleyman Seba Caddesi 5,BEŞİKTAŞ,41.0432,28.9978,40,1,39,YOL ÜSTÜ,0,15,08:00-18:00
2026-08-16T22:02:14.472096+00:00,2026-08-17T01:02:14.472096+03:00,2089,Süleyman Seba Caddesi 6,BEŞİKTAŞ,41.0435,28.9967,11,1,10,YOL ÜSTÜ,0,15,08:00-18:00
2026-08-16T22:02:14.472096+00:00,2026-08-17T01:02:14.472096+03:00,2391,Süleymaniye Cami Altı Açık Otoparkı,FATİH,41.0158,28.961,250,234,16,AÇIK OTOPARK,0,0,06:30-18:30
2026-08-16T22:02:14.472096+00:00,2026-08-17T01:02:14.472096+03:00,1730,Sütlüce Miniatürk Yanı,BEYOĞLU,41.057,28.95,320,237,83,AÇIK OTOPARK,1,15,24 Saat
2026-08-16T22:02:14.472096+00:00,2026-08-17T01:02:14.472096+03:00,36,Şakayık Sokak 4,ŞİŞLİ,41.0518,28.9936,50,1,49,YOL ÜSTÜ,0,15,08:00-16:00
2026-08-16T22:02:14.472096+00:00,2026-08-17T01:02:14.472096+03:00,1469,Şehit Volkan Duysak Katlı Otoparkı,ZEYTİNBURNU,40.9968,28.9039,1000,664,336,KAPALI OTOPARK,0,5,24 Saat
2026-08-16T22:02:14.472096+00:00,2026-08-17T01:02:14.472096+03:00,2855,Şemsipaşa Açık Otoparkı,ÜSKÜDAR,41.0255,29.0097,80,79,1,AÇIK OTOPARK,1,0,24 Saat
2026-08-16T22:02:14.472096+00:00,2026-08-17T01:02:14.472096+03:00,2439,Şirinevler Meydan Zeminaltı Otoparkı,BAHÇELİEVLER,40.9925,28.8496,367,95,272,KAPALI OTOPARK,1,0,24 Saat
2026-08-16T22:02:14.472096+00:00,2026-08-17T01:02:14.472096+03:00,3400,Şişhane Refik Saydam Caddesi 2 Yol Üstü Otoparkı 1,BEYOĞLU,41.0326,28.9743,70,1,69,YOL ÜSTÜ,0,15,06:00-23:00
2026-08-16T22:02:14.472096+00:00,2026-08-17T01:02:14.472096+03:00,3441,Şişli Kuştepe Zemin Altı Otoparkı,ŞİŞLİ,41.072,28.9919,430,294,136,KAPALI OTOPARK,0,15,24 Saat
2026-08-16T22:02:14.472096+00:00,2026-08-17T01:02:14.472096+03:00,2816,Şişli Rumeli Caddesi Metro Yanı 1,ŞİŞLİ,41.0538,28.9868,45,1,44,YOL ÜSTÜ,0,15,08:00-20:00
2026-08-16T22:02:14.472096+00:00,2026-08-17T01:02:14.472096+03:00,2406,Şişli Zemin Altı Otoparkı,ŞİŞLİ,41.0641,28.9992,581,425,156,KAPALI OTOPARK,1,15,24 Saat
2026-08-16T22:02:14.472096+00:00,2026-08-17T01:02:14.472096+03:00,1993,Tuzla İdo,TUZLA,40.8149,29.3039,300,258,42,AÇIK OTOPARK,0,15,24 Saat
2026-08-16T22:02:14.472096+00:00,2026-08-17T01:02:14.472096+03:00,3332,Tuzla Sahil Cep,TUZLA,40.8168,29.2992,50,38,12,AÇIK OTOPARK,0,0,08:00-00:00
2026-08-16T22:02:14.472096+00:00,2026-08-17T01:02:14.472096+03:00,3057,Tuzla Sahil Zemin Altı Otoparkı,TUZLA,40.8181,29.3004,779,1,778,KAPALI OTOPARK,1,15,24 Saat
2026-08-16T22:02:14.472096+00:00,2026-08-17T01:02:14.472096+03:00,1811,Ulu Camii Açık Otoparkı,BAHÇELİEVLER,40.9982,28.8499,150,114,36,AÇIK OTOPARK,1,10,24 Saat
2026-08-16T22:02:14.472096+00:00,2026-08-17T01:02:14.472096+03:00,2424,Uzunçayır Açık Otoparkı,KADIKÖY,40.9988,29.0556,58,51,7,AÇIK OTOPARK,0,0,06:00-16:00
2026-08-16T22:02:14.472096+00:00,2026-08-17T01:02:14.472096+03:00,1468,Ümraniye Katlı Otoparkı,ÜMRANİYE,41.0261,29.0953,665,575,90,KAPALI OTOPARK,0,15,24 Saat
2026-08-16T22:02:14.472096+00:00,2026-08-17T01:02:14.472096+03:00,2898,Ümraniye Okan Sokak Zeminaltı Otoparkı,ÜMRANİYE,41.0284,29.0907,125,19,106,KAPALI OTOPARK,1,15,24 Saat
2026-08-16T22:02:14.472096+00:00,2026-08-17T01:02:14.472096+03:00,2345,Üsküdar Uzunçayır PD Açık Otoparkı,ÜSKÜDAR,40.9988,29.0577,90,83,7,AÇIK OTOPARK,0,15,06:00-22:00
2026-08-16T22:02:14.472096+00:00,2026-08-17T01:02:14.472096+03:00,1929,Üsküdar Ünalan Açık Otoparkı,ÜSKÜDAR,40.9979,29.0604,180,174,6,AÇIK OTOPARK,0,0,07:00-17:00
2026-08-16T22:02:14.472096+00:00,2026-08-17T01:02:14.472096+03:00,1487,Vatan Caddesi PD Açık Otoparkı,FATİH,41.0157,28.9405,397,362,35,AÇIK OTOPARK,0,5,24 Saat
2026-08-16T22:02:14.472096+00:00,2026-08-17T01:02:14.472096+03:00,2441,Yalı Açık Otoparkı,MALTEPE,40.9095,29.137,85,82,3,AÇIK OTOPARK,0,0,07:30-22:00
2026-08-16T22:02:14.472096+00:00,2026-08-17T01:02:14.472096+03:00,459,Yalı Köşkü Caddesi 1,FATİH,41.0163,28.9759,61,1,60,YOL ÜSTÜ,0,5,07:00-21:00
2026-08-16T22:02:14.472096+00:00,2026-08-17T01:02:14.472096+03:00,2037,Yenikapı Marmaray Büyük Otoparkı,FATİH,41.0057,28.9505,324,263,61,AÇIK OTOPARK,1,15,24 Saat
2026-08-16T22:02:14.472096+00:00,2026-08-17T01:02:14.472096+03:00,2036,Yenikapı Marmaray Küçük Otoparkı,FATİH,41.0064,28.9504,200,200,0,AÇIK OTOPARK,0,15,07:00-22:00
2026-08-16T22:02:14.472096+00:00,2026-08-17T01:02:14.472096+03:00,2175,Yenikapı Spor ve Kültür Merkezi PD Açık Otoparkı,FATİH,41.0006,28.9519,4023,3933,90,AÇIK OTOPARK,0,15,24 Saat
2026-08-16T22:02:14.472096+00:00,2026-08-17T01:02:14.472096+03:00,2805,Yenikapı Tünel Üstü Açık Otoparkı,FATİH,41.0029,28.9534,700,646,54,AÇIK OTOPARK,1,10,24 Saat
2026-08-16T22:02:14.472096+00:00,2026-08-17T01:02:14.472096+03:00,3404,Yenimahalle Metro Zemin Altı PD Otoparkı,GAZİOSMANPAŞA,41.0839,28.8926,114,88,26,KAPALI OTOPARK,1,15,24 Saat
2026-08-16T22:02:14.472096+00:00,2026-08-17T01:02:14.472096+03:00,2920,Yeşilce Zemin Altı Katlı Otoparkı,KAĞITHANE,41.0938,29.0017,676,1,675,KAPALI OTOPARK,1,0,24 Saat
2026-08-16T22:02:14.472096+00:00,2026-08-17T01:02:14.472096+03:00,987,Yeşilköy İstasyon Caddesi 1,BAKIRKÖY,40.962,28.825,40,1,39,YOL ÜSTÜ,0,15,09:00-17:30
2026-08-16T22:02:14.472096+00:00,2026-08-17T01:02:14.472096+03:00,974,Yeşilköy Marina 1,BAKIRKÖY,40.9576,28.8233,145,1,144,YOL ÜSTÜ,0,0,12:00-23:00
2026-08-16T22:02:14.472096+00:00,2026-08-17T01:02:14.472096+03:00,3406,Yeşilpınar Metro Zemin Altı PD Otoparkı,EYÜP,41.081,28.9204,269,182,87,KAPALI OTOPARK,1,15,24 Saat
2026-08-16T22:02:14.472096+00:00,2026-08-17T01:02:14.472096+03:00,315,Yeşilyurt Çarşı 1,BAKIRKÖY,40.9643,28.8379,50,1,49,YOL ÜSTÜ,0,15,09:00-17:30
2026-08-16T22:02:14.472096+00:00,2026-08-17T01:02:14.472096+03:00,1133,Yıldız Korusu,BEŞİKTAŞ,41.0514,29.0165,500,1,499,AÇIK OTOPARK,0,0,08:00-22:00
2026-08-16T22:02:14.472096+00:00,2026-08-17T01:02:14.472096+03:00,882,Zeytinburnu 58. Bulvar 2,ZEYTİNBURNU,40.9932,28.9039,48,1,47,YOL ÜSTÜ,0,15,09:00-18:00
2026-08-16T22:02:14.472096+00:00,2026-08-17T01:02:14.472096+03:00,3185,Zeytinburnu Sahil Cep Otoparkı,ZEYTİNBURNU,40.9798,28.8985,160,1,159,AÇIK OTOPARK,0,0,12:00-22:00
2026-08-16T23:27:18.184810+00:00,2026-08-17T02:27:18.184810+03:00,3068,15 Temmuz Şehitler Meydanı Zeminaltı Otoparkı,ÜMRANİYE,41.0246,29.0915,1029,608,421,KAPALI OTOPARK,0,15,24 Saat
2026-08-16T23:27:18.184810+00:00,2026-08-17T02:27:18.184810+03:00,2338,19 Mayıs Açık,ŞİŞLİ,41.0563,28.9941,65,0,65,AÇIK OTOPARK,1,0,24 Saat
2026-08-16T23:27:18.184810+00:00,2026-08-17T02:27:18.184810+03:00,1751,4.Levent PD Açık Otoparkı,KAĞITHANE,41.0836,29.0081,236,143,93,AÇIK OTOPARK,1,5,24 Saat
2026-08-16T23:27:18.184810+00:00,2026-08-17T02:27:18.184810+03:00,3328,4.Levent Servis ve Turizm Araçları Açık Otoparkı,ŞİŞLİ,41.0841,29.0054,300,140,160,AÇIK OTOPARK,1,15,24 Saat
2026-08-16T23:27:18.184810+00:00,2026-08-17T02:27:18.184810+03:00,3412,5. Levent Gaziosmanpaşa Adliyesi Yanı Açık Otoparkı,EYÜP,41.0927,28.9494,250,203,47,AÇIK OTOPARK,0,15,07:00-23:00
2026-08-16T23:27:18.184810+00:00,2026-08-17T02:27:18.184810+03:00,104,Abide-i Hürriyet Caddesi 5,ŞİŞLİ,41.0619,28.9876,40,1,39,YOL ÜSTÜ,0,15,08:00-17:00
2026-08-16T23:27:18.184810+00:00,2026-08-17T02:27:18.184810+03:00,2452,Acıbadem Açık Otoparkı,ÜSKÜDAR,41.0157,29.0574,100,86,14,AÇIK OTOPARK,0,0,06:30-16:00
2026-08-16T23:27:18.184810+00:00,2026-08-17T02:27:18.184810+03:00,346,Ada Karşısı Cep 2,BEŞİKTAŞ,41.072,29.045,30,1,29,YOL ÜSTÜ,0,15,08:00-23:00
2026-08-16T23:27:18.184810+00:00,2026-08-17T02:27:18.184810+03:00,1663,Akasyalı Sokak Tenis Kulubü Önü 2,BEŞİKTAŞ,41.0867,29.0109,45,1,44,YOL ÜSTÜ,0,15,08:30-17:30
2026-08-16T23:27:18.184810+00:00,2026-08-17T02:27:18.184810+03:00,828,Akdeniz Caddesi 4,FATİH,41.0175,28.9435,27,1,26,YOL ÜSTÜ,0,15,09:00-18:00
2026-08-16T23:27:18.184810+00:00,2026-08-17T02:27:18.184810+03:00,1913,Alibeyköy Cep Otogarı Açık Otoparkı,EYÜP,41.0879,28.9446,116,0,116,AÇIK OTOPARK,1,25,24 Saat
2026-08-16T23:27:18.184810+00:00,2026-08-17T02:27:18.184810+03:00,1912,Alibeyköy Cep Otogarı Otobüs Otoparkı,EYÜP,41.0875,28.9449,5000,1,4999,AÇIK OTOPARK,1,60,24 Saat
2026-08-16T23:27:18.184810+00:00,2026-08-17T02:27:18.184810+03:00,2562,Alibeyköy Yeşiltepe Zemin Altı Otoparkı,EYÜP,41.0797,28.938,159,50,109,KAPALI OTOPARK,0,15,24 Saat
2026-08-16T23:27:18.184810+00:00,2026-08-17T02:27:18.184810+03:00,3201,Altınboynuz Sosyal Tesisleri,EYÜP,41.058,28.9447,70,1,69,AÇIK OTOPARK,0,15,08:00-23:00
2026-08-16T23:27:18.184810+00:00,2026-08-17T02:27:18.184810+03:00,758,Arap Camii Açık Otoparkı,BEYOĞLU,41.0227,28.9723,30,1,29,AÇIK OTOPARK,0,0,09:00-17:00
2026-08-16T23:27:18.184810+00:00,2026-08-17T02:27:18.184810+03:00,1963,Aras Sokak 1,BÜYÜKÇEKMECE,41.0226,28.622,60,1,59,YOL ÜSTÜ,0,0,06:00-14:30
2026-08-16T23:27:18.184810+00:00,2026-08-17T02:27:18.184810+03:00,2802,Arnavutköy Zemin Altı Otoparkı,ARNAVUTKÖY,41.1838,28.7396,700,0,700,KAPALI OTOPARK,1,15,24 Saat
2026-08-16T23:27:18.184810+00:00,2026-08-17T02:27:18.184810+03:00,1797,Ataköy Atrium AVM,BAKIRKÖY,40.9881,28.8459,250,243,7,AÇIK OTOPARK,0,15,08:00-23:00
2026-08-16T23:27:18.184810+00:00,2026-08-17T02:27:18.184810+03:00,2824,Ataköy Metro Durağı Yanı PD Zemin Altı Otoparkı,BAKIRKÖY,40.9904,28.8456,150,81,69,KAPALI OTOPARK,1,0,24 Saat
2026-08-16T23:27:18.184810+00:00,2026-08-17T02:27:18.184810+03:00,359,Atatürk Bulvarı 1,FATİH,41.0112,28.9534,20,1,19,YOL ÜSTÜ,0,0,07:30-18:00
2026-08-16T23:27:18.184810+00:00,2026-08-17T02:27:18.184810+03:00,3087,Atatürk Kent Ormanı Otoparkı,SARIYER,41.136,29.0262,200,197,3,AÇIK OTOPARK,0,0,08:00-17:00
2026-08-16T23:27:18.184810+00:00,2026-08-17T02:27:18.184810+03:00,2243,Avcılar Denizköşkler Toplantı ve Davet Salonu Açık Otoparkı,AVCILAR,40.9746,28.7435,200,188,12,AÇIK OTOPARK,0,15,13:00-07:00
2026-08-16T23:27:18.184810+00:00,2026-08-17T02:27:18.184810+03:00,1088,Avcılar İdo,AVCILAR,40.9712,28.7185,270,259,11,AÇIK OTOPARK,0,0,13:00-07:00
2026-08-16T23:27:18.184810+00:00,2026-08-17T02:27:18.184810+03:00,2885,Azapkapı Haliç Metro Otoparkı,ŞİŞLİ,41.0245,28.9691,80,68,12,AÇIK OTOPARK,1,5,24 Saat
2026-08-16T23:27:18.184810+00:00,2026-08-17T02:27:18.184810+03:00,2455,Azerbaycan Dostluk Parkı Zemin Altı Otoparkı,BAĞCILAR,41.0444,28.854,400,142,258,KAPALI OTOPARK,0,10,24 Saat
2026-08-16T23:27:18.184810+00:00,2026-08-17T02:27:18.184810+03:00,2965,Bağcılar Çolakoğlu Zemin Altı Otoparkı,BAĞCILAR,41.0324,28.8345,106,0,106,KAPALI OTOPARK,1,5,24 Saat
2026-08-16T23:27:18.184810+00:00,2026-08-17T02:27:18.184810+03:00,2576,Bağcılar Demirkapı Zemin Altı Otoparkı,BAĞCILAR,41.0499,28.8327,343,127,216,KAPALI OTOPARK,1,5,24 Saat
2026-08-16T23:27:18.184810+00:00,2026-08-17T02:27:18.184810+03:00,3036,Bağcılar Devlet Hastanesi Yanı Zeminaltı Otoparkı,BAĞCILAR,41.0312,28.8696,1133,99,1034,KAPALI OTOPARK,1,15,24 Saat
2026-08-16T23:27:18.184810+00:00,2026-08-17T02:27:18.184810+03:00,3071,Bağcılar Emniyet Müdürlüğü Yanı Açık Otoparkı,BAĞCILAR,41.0353,28.8598,100,47,53,AÇIK OTOPARK,1,0,24 Saat
2026-08-16T23:27:18.184810+00:00,2026-08-17T02:27:18.184810+03:00,2873,Bağcılar Göztepe Zemin Altı,BAĞCILAR,41.0567,28.8355,120,0,120,KAPALI OTOPARK,1,5,24 Saat
2026-08-16T23:27:18.184810+00:00,2026-08-17T02:27:18.184810+03:00,3187,Bağcılar Hürriyet Mahallesi Zemin Altı Otoparkı,BAĞCILAR,41.0291,28.8333,355,0,355,KAPALI OTOPARK,1,10,24 Saat
2026-08-16T23:27:18.184810+00:00,2026-08-17T02:27:18.184810+03:00,2916,Bağcılar Kent Meydanı PD Zemin Altı Otoparkı,BAĞCILAR,41.0339,28.8556,1162,0,1162,KAPALI OTOPARK,0,0,24 Saat
2026-08-16T23:27:18.184810+00:00,2026-08-17T02:27:18.184810+03:00,3261,Bağcılar Yenimahalle Zemin Altı Otoparkı,BAĞCILAR,41.0425,28.8395,525,253,272,KAPALI OTOPARK,1,15,24 Saat
2026-08-16T23:27:18.184810+00:00,2026-08-17T02:27:18.184810+03:00,2820,Bağcılar Yıldıztepe Katlı Otoparkı,BAĞCILAR,41.0294,28.8556,350,0,350,KAPALI OTOPARK,1,10,24 Saat
2026-08-16T23:27:18.184810+00:00,2026-08-17T02:27:18.184810+03:00,3447,Bahçelievler 23 Nisan Milli Egemenlik Zeminaltı Otoparkı,BAHÇELİEVLER,40.9988,28.8472,732,387,345,KAPALI OTOPARK,1,10,24 Saat
2026-08-16T23:27:18.184810+00:00,2026-08-17T02:27:18.184810+03:00,2993,Bahçelievler Cumhuriyet Zeminaltı Otoparkı,BAHÇELİEVLER,41.0149,28.859,663,0,663,KAPALI OTOPARK,0,10,24 Saat
2026-08-16T23:27:18.184810+00:00,2026-08-17T02:27:18.184810+03:00,2969,Bahçelievler Devlet Hastanesi Yanı Katlı Otoparkı,BAHÇELİEVLER,41.0072,28.8442,740,0,740,KAPALI OTOPARK,1,0,24 Saat
2026-08-16T23:27:18.184810+00:00,2026-08-17T02:27:18.184810+03:00,3051,Bahçelievler Zafer Mh. Zeminaltı Otoparkı,BAHÇELİEVLER,41.0036,28.8351,200,41,159,KAPALI OTOPARK,1,0,24 Saat
2026-08-16T23:27:18.184810+00:00,2026-08-17T02:27:18.184810+03:00,3236,Bahçeşehir Gölet Açık Otoparkı,BAŞAKŞEHİR,41.0719,28.6901,200,1,199,AÇIK OTOPARK,0,0,12:00-22:00
2026-08-16T23:27:18.184810+00:00,2026-08-17T02:27:18.184810+03:00,1465,Bakırköy İdo Açık Otoparkı,BAKIRKÖY,40.9739,28.8761,160,143,17,AÇIK OTOPARK,1,10,24 Saat
2026-08-16T23:27:18.184810+00:00,2026-08-17T02:27:18.184810+03:00,1104,Balmumcu Katlı Otoparkı,BEŞİKTAŞ,41.0636,29.0109,400,326,74,KAPALI OTOPARK,1,5,24 Saat
2026-08-16T23:27:18.184810+00:00,2026-08-17T02:27:18.184810+03:00,2350,Bayrampaşa Adapark Katlı Otoparkı,BAYRAMPAŞA,41.0647,28.8875,650,0,650,KAPALI OTOPARK,0,15,24 Saat
2026-08-16T23:27:18.184810+00:00,2026-08-17T02:27:18.184810+03:00,2892,Bayrampaşa Altıntepsi Zemin  Altı Otoparkı,BAYRAMPAŞA,41.0393,28.9029,110,0,110,KAPALI OTOPARK,0,10,24 Saat
2026-08-16T23:27:18.184810+00:00,2026-08-17T02:27:18.184810+03:00,2909,Bayrampaşa Atatürk Parkı  Zemin Altı Otoparkı,BAYRAMPAŞA,41.0342,28.9123,442,0,442,KAPALI OTOPARK,0,10,24 Saat
2026-08-16T23:27:18.184810+00:00,2026-08-17T02:27:18.184810+03:00,2683,Bayrampaşa Devlet Hastanesi Cep Otoparkı,BAYRAMPAŞA,41.0414,28.9031,55,34,21,AÇIK OTOPARK,0,0,08:00-19:00
2026-08-16T23:27:18.184810+00:00,2026-08-17T02:27:18.184810+03:00,3301,Bayrampaşa Kocatepe Mahallesi Zemin Altı Otoparkı,BAYRAMPAŞA,41.0545,28.8964,241,0,241,KAPALI OTOPARK,1,10,24 Saat
2026-08-16T23:27:18.184810+00:00,2026-08-17T02:27:18.184810+03:00,2053,Bayrampaşa Muratpaşa Yer Altı Otoparkı,BAYRAMPAŞA,41.047,28.9082,300,0,300,KAPALI OTOPARK,0,15,24 Saat
2026-08-16T23:27:18.184810+00:00,2026-08-17T02:27:18.184810+03:00,3175,Bayrampaşa Spor Kompleksi Zemin Altı Otoparkı,BAYRAMPAŞA,41.0446,28.9106,205,0,205,KAPALI OTOPARK,1,15,24 Saat
2026-08-16T23:27:18.184810+00:00,2026-08-17T02:27:18.184810+03:00,3382,Bayrampaşa Şehit Kamil Balkan Zemin Altı Otoparkı,BAYRAMPAŞA,41.0604,28.9008,235,0,235,KAPALI OTOPARK,1,10,24 Saat
2026-08-16T23:27:18.184810+00:00,2026-08-17T02:27:18.184810+03:00,2428,Bayrampaşa Yenidoğan Mahallesi Zemin Altı Otoparkı,BAYRAMPAŞA,41.0395,28.9088,120,0,120,KAPALI OTOPARK,0,10,24 Saat
2026-08-16T23:27:18.184810+00:00,2026-08-17T02:27:18.184810+03:00,2468,Bebek Açık,BEŞİKTAŞ,41.077,29.0434,30,3,27,AÇIK OTOPARK,0,0,24 Saat
2026-08-16T23:27:18.184810+00:00,2026-08-17T02:27:18.184810+03:00,3479,Beşiktaş Halk Pazarı Açık Otoparkı,BEŞİKTAŞ,41.0496,29.0004,170,105,65,AÇIK OTOPARK,1,5,24 Saat
2026-08-16T23:27:18.184810+00:00,2026-08-17T02:27:18.184810+03:00,3257,Beykoz Sahil Cep Otoparkı,BEYKOZ,41.1286,29.0953,100,74,26,AÇIK OTOPARK,0,0,08:00-00:00
2026-08-16T23:27:18.184810+00:00,2026-08-17T02:27:18.184810+03:00,2273,Beykoz Sosyal Tesisleri,BEYKOZ,41.1143,29.0888,130,0,130,AÇIK OTOPARK,0,15,08:00-00:00
2026-08-16T23:27:18.184810+00:00,2026-08-17T02:27:18.184810+03:00,2999,Beyoğlu Gazhane Bostan Sokak 2,BEYOĞLU,41.0389,28.9903,35,1,34,YOL ÜSTÜ,0,0,07:30-16:30
2026-08-16T23:27:18.184810+00:00,2026-08-17T02:27:18.184810+03:00,3072,Beyoğlu Örnektepe Zemin Altı Otoparkı,BEYOĞLU,41.0543,28.9548,143,0,143,KAPALI OTOPARK,0,0,24 Saat
2026-08-16T23:27:18.184810+00:00,2026-08-17T02:27:18.184810+03:00,1455,Bostancı Açık,KADIKÖY,40.9523,29.0902,394,128,266,AÇIK OTOPARK,0,15,24 Saat
2026-08-16T23:27:18.184810+00:00,2026-08-17T02:27:18.184810+03:00,1456,Bostancı Sahil-Cep Açık Otoparkı,KADIKÖY,40.9545,29.0885,192,139,53,AÇIK OTOPARK,0,15,24 Saat
2026-08-16T23:27:18.184810+00:00,2026-08-17T02:27:18.184810+03:00,2150,Bostancı Vergi Dairesi Açık Otoparkı,ATAŞEHİR,40.9625,29.1083,155,0,155,AÇIK OTOPARK,0,5,08:00-20:00
2026-08-16T23:27:18.184810+00:00,2026-08-17T02:27:18.184810+03:00,2854,Bülent Ecevit Kültür Merkezi Açık Otoparkı,KARTAL,40.8852,29.1967,277,265,12,AÇIK OTOPARK,0,0,10:00-21:00
2026-08-16T23:27:18.184810+00:00,2026-08-17T02:27:18.184810+03:00,2866,Büyük İstanbul Otogarı,BAYRAMPAŞA,41.0402,28.8942,1000,0,1000,AÇIK OTOPARK,1,25,24 Saat
2026-08-16T23:27:18.184810+00:00,2026-08-17T02:27:18.184810+03:00,1192,Büyükçamlıca Korusu Sosyal Tesisleri Önü,ÜSKÜDAR,41.0264,29.0698,204,111,93,AÇIK OTOPARK,0,0,08:00-00:00
2026-08-16T23:27:18.184810+00:00,2026-08-17T02:27:18.184810+03:00,2960,Büyükçekmece Metrobüs Durağı Yanı PD Zemin Altı Otopark,BÜYÜKÇEKMECE,41.0221,28.624,448,54,394,KAPALI OTOPARK,0,0,24 Saat
2026-08-16T23:27:18.184810+00:00,2026-08-17T02:27:18.184810+03:00,1503,Cadde Bostan Açık Otoparkı,KADIKÖY,40.9636,29.0675,66,62,4,AÇIK OTOPARK,0,15,24 Saat
2026-08-16T23:27:18.184810+00:00,2026-08-17T02:27:18.184810+03:00,2933,Cemal Kamacı Spor Kompleksi Zemin Altı Otoparkı,KAĞITHANE,41.0536,28.9575,510,0,510,KAPALI OTOPARK,1,0,24 Saat
2026-08-16T23:27:18.184810+00:00,2026-08-17T02:27:18.184810+03:00,2207,Cengiz Topel Yer Altı Katlı Otoparkı,ESENLER,41.0588,28.8643,144,0,144,KAPALI OTOPARK,0,15,24 Saat
2026-08-16T23:27:18.184810+00:00,2026-08-17T02:27:18.184810+03:00,2787,Cevizli Açık Otoparkı,KARTAL,40.9179,29.1712,100,87,13,AÇIK OTOPARK,0,15,08:00-19:00
2026-08-16T23:27:18.184810+00:00,2026-08-17T02:27:18.184810+03:00,782,Cihangir Caddesi 2,BEYOĞLU,41.0319,28.9862,70,1,69,YOL ÜSTÜ,0,15,09:00-19:00
2026-08-16T23:27:18.184810+00:00,2026-08-17T02:27:18.184810+03:00,1467,Cihangir Katlı Otoparkı,BEYOĞLU,41.0318,28.9858,350,0,350,KAPALI OTOPARK,1,0,24 Saat
2026-08-16T23:27:18.184810+00:00,2026-08-17T02:27:18.184810+03:00,535,Cihannuma Yol Üstü 1,BEŞİKTAŞ,41.0454,29.0084,35,1,34,YOL ÜSTÜ,0,0,08:00-23:00
2026-08-16T23:27:18.184810+00:00,2026-08-17T02:27:18.184810+03:00,537,Cihannuma Yol Üstü 3,BEŞİKTAŞ,41.0459,29.0087,33,1,32,YOL ÜSTÜ,0,0,08:00-23:00
2026-08-16T23:27:18.184810+00:00,2026-08-17T02:27:18.184810+03:00,539,Cihannuma Yol Üstü 5,BEŞİKTAŞ,41.0489,29.0094,24,1,23,YOL ÜSTÜ,0,0,08:00-23:00
2026-08-16T23:27:18.184810+00:00,2026-08-17T02:27:18.184810+03:00,3184,Çam Sokak 6,GÜNGÖREN,41.0121,28.8882,50,1,49,YOL ÜSTÜ,0,15,08:00-17:00
2026-08-16T23:27:18.184810+00:00,2026-08-17T02:27:18.184810+03:00,3030,Çekmeköy Metro PD Zemin Altı Otoparkı,ÇEKMEKÖY,41.0147,29.1886,175,59,116,KAPALI OTOPARK,0,15,24 Saat
2026-08-16T23:27:18.184810+00:00,2026-08-17T02:27:18.184810+03:00,2905,Çeliktepe Açık Otoparkı,KAĞITHANE,41.0843,29.0056,200,79,121,AÇIK OTOPARK,1,5,24 Saat
2026-08-16T23:27:18.184810+00:00,2026-08-17T02:27:18.184810+03:00,1298,Çengelköy Açık Otoparkı,ÜSKÜDAR,41.0484,29.0533,500,0,500,AÇIK OTOPARK,0,15,24 Saat
2026-08-16T23:27:18.184810+00:00,2026-08-17T02:27:18.184810+03:00,502,Çınar Açık Otoparkı,BEŞİKTAŞ,41.0853,29.0088,65,1,64,AÇIK OTOPARK,0,0,08:00-18:00
2026-08-16T23:27:18.184810+00:00,2026-08-17T02:27:18.184810+03:00,777,Çırağan Sarayı Yol Üstü 1,BEŞİKTAŞ,41.0448,29.0165,40,1,39,YOL ÜSTÜ,0,15,08:00-23:00
2026-08-16T23:27:18.184810+00:00,2026-08-17T02:27:18.184810+03:00,778,Çırağan Sarayı Yol Üstü 2,BEŞİKTAŞ,41.0445,29.0156,40,1,39,YOL ÜSTÜ,0,15,08:00-23:00
2026-08-16T23:27:18.184810+00:00,2026-08-17T02:27:18.184810+03:00,2228,Çırpıcı Sosyal Tesisler,ZEYTİNBURNU,41,28.8926,128,0,128,AÇIK OTOPARK,0,15,07:00-00:00
2026-08-16T23:27:18.184810+00:00,2026-08-17T02:27:18.184810+03:00,2030,Dalyan Açık Otoparkı,KADIKÖY,40.9632,29.0651,92,67,25,AÇIK OTOPARK,0,15,24 Saat
2026-08-16T23:27:18.184810+00:00,2026-08-17T02:27:18.184810+03:00,2271,Damla Sokak 1,ŞİŞLİ,41.0672,29.0004,17,1,16,YOL ÜSTÜ,0,15,07:30-16:30
2026-08-16T23:27:18.184810+00:00,2026-08-17T02:27:18.184810+03:00,2164,Darüşşafaka Yeraltı Otoparkı,SARIYER,41.1292,29.0252,150,143,7,KAPALI OTOPARK,0,15,08:00-00:00
2026-08-16T23:27:18.184810+00:00,2026-08-17T02:27:18.184810+03:00,1653,Deniz Feneri Otoparkı,FATİH,41.0019,28.9773,175,132,43,AÇIK OTOPARK,0,5,24 Saat
2026-08-16T23:27:18.184810+00:00,2026-08-17T02:27:18.184810+03:00,595,Dostluk Yurdu 1,FATİH,41.0071,28.973,33,1,32,YOL ÜSTÜ,0,15,07:00-17:00
2026-08-16T23:27:18.184810+00:00,2026-08-17T02:27:18.184810+03:00,2237,Dragos Sosyal Tesisleri,KARTAL,40.9017,29.1458,100,60,40,AÇIK OTOPARK,1,15,24 Saat
2026-08-16T23:27:18.184810+00:00,2026-08-17T02:27:18.184810+03:00,3063,Dudullu Metro PD Zemin Altı Otoparkı,ÜMRANİYE,41.0156,29.1633,81,61,20,KAPALI OTOPARK,0,15,07:00-23:30
2026-08-16T23:27:18.184810+00:00,2026-08-17T02:27:18.184810+03:00,1522,Ebu Suut Caddesi 1,FATİH,41.0128,28.9766,35,1,34,YOL ÜSTÜ,0,0,08:00-18:00
2026-08-16T23:27:18.184810+00:00,2026-08-17T02:27:18.184810+03:00,2147,EGS Blokları Açık Otoparkı,BAKIRKÖY,40.9863,28.8354,350,47,303,AÇIK OTOPARK,0,60,09:00-19:30
2026-08-16T23:27:18.184810+00:00,2026-08-17T02:27:18.184810+03:00,2366,Esenler Adem Baştürk Kültür Merkezi Katlı,ESENLER,41.039,28.8846,460,0,460,KAPALI OTOPARK,1,15,24 Saat
2026-08-16T23:27:18.184810+00:00,2026-08-17T02:27:18.184810+03:00,3190,Esenler Havaalanı Mahallesi Zemin Altı Otoparkı,ESENLER,41.0562,28.8674,610,302,308,KAPALI OTOPARK,1,10,24 Saat
2026-08-16T23:27:18.184810+00:00,2026-08-17T02:27:18.184810+03:00,3011,Esenler Menderes Metro İstasyonu Yanı,ESENLER,41.0427,28.8783,68,0,68,AÇIK OTOPARK,1,5,24 Saat
2026-08-16T23:27:18.184810+00:00,2026-08-17T02:27:18.184810+03:00,2822,Esenler Menderes Parkı Zemin Altı Otoparkı,ESENLER,41.0412,28.8729,325,0,325,KAPALI OTOPARK,1,10,24 Saat
2026-08-16T23:27:18.184810+00:00,2026-08-17T02:27:18.184810+03:00,3303,Esenyurt Adile Naşit Bulvarı Zeminaltı Otoparkı,ESENYURT,41.0205,28.6859,367,279,88,KAPALI OTOPARK,1,15,24 Saat
2026-08-16T23:27:18.184810+00:00,2026-08-17T02:27:18.184810+03:00,1328,Eski Salı Pazarı,KADIKÖY,40.9904,29.0338,760,0,760,AÇIK OTOPARK,0,15,24 Saat
2026-08-16T23:27:18.184810+00:00,2026-08-17T02:27:18.184810+03:00,904,Eyüp Pierloti Caddesi 1,EYÜP,41.0539,28.9329,40,1,39,YOL ÜSTÜ,0,0,09:00-22:00
2026-08-16T23:27:18.184810+00:00,2026-08-17T02:27:18.184810+03:00,2850,Eyüpsultan Akşemsettin Mahallesi Zemin Altı Otoparkı,EYÜP,41.085,28.9258,110,0,110,KAPALI OTOPARK,0,15,24 Saat
2026-08-16T23:27:18.184810+00:00,2026-08-17T02:27:18.184810+03:00,2215,Fatih Çeşmesi Tabiat Parkı Otoparkı,SARIYER,41.1686,28.9448,250,242,8,AÇIK OTOPARK,0,0,06:00-20:00
2026-08-16T23:27:18.184810+00:00,2026-08-17T02:27:18.184810+03:00,1475,Fatih Katlı Otoparkı,FATİH,41.0198,28.9396,118,33,85,KAPALI OTOPARK,0,10,24 Saat
2026-08-16T23:27:18.184810+00:00,2026-08-17T02:27:18.184810+03:00,1591,Feshane PD Açık Otoparkı,EYÜP,41.0463,28.9378,200,127,73,AÇIK OTOPARK,1,15,24 Saat
2026-08-16T23:27:18.184810+00:00,2026-08-17T02:27:18.184810+03:00,1005,Florya Havuzlu Bahçe,BAKIRKÖY,40.9764,28.7908,135,1,134,AÇIK OTOPARK,0,0,09:00-23:00
2026-08-16T23:27:18.184810+00:00,2026-08-17T02:27:18.184810+03:00,2238,Florya Sosyal Tesisleri,BAKIRKÖY,40.9614,28.8091,1074,1029,45,AÇIK OTOPARK,0,15,24 Saat
2026-08-16T23:27:18.184810+00:00,2026-08-17T02:27:18.184810+03:00,1704,Gazi Umur Paşa Sokak 5,BEŞİKTAŞ,41.0589,29.0114,45,1,44,YOL ÜSTÜ,0,15,08:00-17:00
2026-08-16T23:27:18.184810+00:00,2026-08-17T02:27:18.184810+03:00,3296,Gaziosmanpaşa Meydanı ve Yaşam Merkezi Zemin Altı Otoparkı,GAZİOSMANPAŞA,41.0606,28.9093,202,0,202,KAPALI OTOPARK,1,15,24 Saat
2026-08-16T23:27:18.184810+00:00,2026-08-17T02:27:18.184810+03:00,2971,Gaziosmanpaşa Zemin Altı Otoparkı,GAZİOSMANPAŞA,41.0796,28.8858,285,0,285,KAPALI OTOPARK,1,0,24 Saat
2026-08-16T23:27:18.184810+00:00,2026-08-17T02:27:18.184810+03:00,3401,Giyimkent Tekstilkent Metro Zemin Altı PD Otoparkı,ESENLER,41.0711,28.8666,203,182,21,KAPALI OTOPARK,0,10,24 Saat
2026-08-16T23:27:18.184810+00:00,2026-08-17T02:27:18.184810+03:00,2242,Gözdağı Sosyal Tesisler  Açık Otoparkı,PENDİK,40.893,29.2538,300,215,85,AÇIK OTOPARK,0,0,07:00-23:00
2026-08-16T23:27:18.184810+00:00,2026-08-17T02:27:18.184810+03:00,1879,Gülsuyu Metro PD Yer Altı Otoparkı,MALTEPE,40.9237,29.1548,76,0,76,KAPALI OTOPARK,0,15,08:00-00:00
2026-08-16T23:27:18.184810+00:00,2026-08-17T02:27:18.184810+03:00,1423,Güneş Plajı 1,BAKIRKÖY,40.9712,28.79,250,247,3,AÇIK OTOPARK,0,10,24 Saat
2026-08-16T23:27:18.184810+00:00,2026-08-17T02:27:18.184810+03:00,1461,Güneş Plajı 2,BAKIRKÖY,40.9692,28.7951,135,128,7,AÇIK OTOPARK,0,10,08:00-20:00
2026-08-16T23:27:18.184810+00:00,2026-08-17T02:27:18.184810+03:00,3053,Güngören Nikah Dairesi Zemin Altı otoparkı,GÜNGÖREN,41.0363,28.8718,147,0,147,KAPALI OTOPARK,1,10,24 Saat
2026-08-16T23:27:18.184810+00:00,2026-08-17T02:27:18.184810+03:00,2216,Gürpınar Balık Hali Otoparkı,BEYLİKDÜZÜ,40.9663,28.6019,1000,640,360,AÇIK OTOPARK,0,15,24 Saat
2026-08-16T23:27:18.184810+00:00,2026-08-17T02:27:18.184810+03:00,1525,Hacıosman Metro Yer Altı Otoparkı,SARIYER,41.14,29.0306,422,297,125,KAPALI OTOPARK,0,15,24 Saat
2026-08-16T23:27:18.184810+00:00,2026-08-17T02:27:18.184810+03:00,1470,Haldun Alagaş Katlı Otoparkı,ÜMRANİYE,41.0262,29.1052,197,101,96,KAPALI OTOPARK,1,15,24 Saat
2026-08-16T23:27:18.184810+00:00,2026-08-17T02:27:18.184810+03:00,3235,Haliç Sosyal Tesisleri Otoparkı,FATİH,41.0277,28.9572,60,46,14,AÇIK OTOPARK,0,15,07:00-00:00
2026-08-16T23:27:18.184810+00:00,2026-08-17T02:27:18.184810+03:00,2848,Halkalı Mahallesi Zemin Altı Otoparkı,KÜÇÜKÇEKMECE,41.0359,28.7848,347,263,84,KAPALI OTOPARK,0,15,24 Saat
2026-08-16T23:27:18.184810+00:00,2026-08-17T02:27:18.184810+03:00,2838,Hamidiye Mahallesi Katlı Otoparkı,KAĞITHANE,41.0949,28.971,450,185,265,KAPALI OTOPARK,1,15,24 Saat
2026-08-16T23:27:18.184810+00:00,2026-08-17T02:27:18.184810+03:00,1446,Harbiye Zemin Altı Otoparkı,BEYOĞLU,41.0408,28.9869,142,87,55,KAPALI OTOPARK,0,5,24 Saat
2026-08-16T23:27:18.184810+00:00,2026-08-17T02:27:18.184810+03:00,2332,Haydarpaşa Katlı Otoparkı,ÜSKÜDAR,41.0048,29.0251,840,780,60,KAPALI OTOPARK,1,15,24 Saat
2026-08-16T23:27:18.184810+00:00,2026-08-17T02:27:18.184810+03:00,1987,Haznedar Yer Altı Otoparkı,GÜNGÖREN,41.0083,28.8729,540,0,540,KAPALI OTOPARK,0,0,24 Saat
2026-08-16T23:27:18.184810+00:00,2026-08-17T02:27:18.184810+03:00,377,Hızır Külhani Sokak,FATİH,41.0202,28.9605,32,1,31,YOL ÜSTÜ,0,15,09:00-17:00
2026-08-16T23:27:18.184810+00:00,2026-08-17T02:27:18.184810+03:00,3173,Hürriyet Mahallesi Zeminaltı Otoparkı,GAZİOSMANPAŞA,41.0708,28.8951,190,0,190,KAPALI OTOPARK,1,15,24 Saat
2026-08-16T23:27:18.184810+00:00,2026-08-17T02:27:18.184810+03:00,157,Ihlamur Dere Caddesi 4,BEŞİKTAŞ,41.047,29.0023,27,1,26,YOL ÜSTÜ,0,15,09:00-17:00
2026-08-16T23:27:18.184810+00:00,2026-08-17T02:27:18.184810+03:00,1189,İçerenköy Sebze Meyve Hali Otoparkı,ATAŞEHİR,40.9766,29.1044,600,600,0,AÇIK OTOPARK,0,15,24 Saat
2026-08-16T23:27:18.184810+00:00,2026-08-17T02:27:18.184810+03:00,1127,İshakpaşa Caddesi,FATİH,41.0079,28.9814,200,1,199,YOL ÜSTÜ,0,0,08:00-18:00
2026-08-16T23:27:18.184810+00:00,2026-08-17T02:27:18.184810+03:00,3265,İspark İstanbul West Marina Açık Otoparkı 1,BEYLİKDÜZÜ,40.9636,28.6564,250,1,249,AÇIK OTOPARK,0,15,24 Saat
2026-08-16T23:27:18.184810+00:00,2026-08-17T02:27:18.184810+03:00,2793,İspark Merter Katlı Otoparkı,GÜNGÖREN,41.0097,28.89,900,494,406,KAPALI OTOPARK,1,10,24 Saat
2026-08-16T23:27:18.184810+00:00,2026-08-17T02:27:18.184810+03:00,2430,İspark West İstanbul Marina Açık Otoparkı,BEYLİKDÜZÜ,40.9639,28.6591,1600,1096,504,AÇIK OTOPARK,0,15,24 Saat
2026-08-16T23:27:18.184810+00:00,2026-08-17T02:27:18.184810+03:00,381,İstinye 4 ( Cami Önü ),SARIYER,41.1149,29.0571,25,1,24,YOL ÜSTÜ,0,15,08:30-17:30
2026-08-16T23:27:18.184810+00:00,2026-08-17T02:27:18.184810+03:00,1804,İtalyan Hastanesi Karşısı Açık Otoparkı 1,BEYOĞLU,41.028,28.9815,30,1,29,AÇIK OTOPARK,0,0,08:00-19:00
2026-08-16T23:27:18.184810+00:00,2026-08-17T02:27:18.184810+03:00,507,Kabasakal Medrese Önü,FATİH,41.0062,28.9789,65,1,64,AÇIK OTOPARK,0,0,08:00-18:30
2026-08-16T23:27:18.184810+00:00,2026-08-17T02:27:18.184810+03:00,3306,Kabataş Transfer Merkezi Turizm Otobüs Otoparkı,BEYOĞLU,41.0336,28.9923,160,108,52,KAPALI OTOPARK,1,20,24 Saat
2026-08-16T23:27:18.184810+00:00,2026-08-17T02:27:18.184810+03:00,2918,Kadıköy Hasanpaşa Gazhane Katlı Otoparkı,KADIKÖY,40.9972,29.0428,310,189,121,KAPALI OTOPARK,1,15,24 Saat
2026-08-16T23:27:18.184810+00:00,2026-08-17T02:27:18.184810+03:00,1447,Kadıköy İski Açık Otoparkı,KADIKÖY,40.9874,29.0207,124,29,95,AÇIK OTOPARK,0,15,24 Saat
2026-08-16T23:27:18.184810+00:00,2026-08-17T02:27:18.184810+03:00,1655,Kadıköy Metro Açık Otoparkı,KADIKÖY,40.9899,29.0217,74,62,12,AÇIK OTOPARK,0,15,24 Saat
2026-08-16T23:27:18.184810+00:00,2026-08-17T02:27:18.184810+03:00,3445,Kadıköy Uzunçayır PD Açık Otoparkı,KADIKÖY,40.9982,29.0569,70,40,30,AÇIK OTOPARK,0,15,06:30-16:30
2026-08-16T23:27:18.184810+00:00,2026-08-17T02:27:18.184810+03:00,2808,Kadıköy Yeni Salı Pazarı PD Katlı Otoparkı,KADIKÖY,40.9969,29.0486,1350,654,696,KAPALI OTOPARK,1,15,24 Saat
2026-08-16T23:27:18.184810+00:00,2026-08-17T02:27:18.184810+03:00,2811,Kağıthane Harmantepe Zemin Altı Otoparkı,KAĞITHANE,41.0816,28.9907,200,0,200,KAPALI OTOPARK,1,0,24 Saat
2026-08-16T23:27:18.184810+00:00,2026-08-17T02:27:18.184810+03:00,1452,Kalamış Açık Otoparkı,KADIKÖY,40.9687,29.0363,173,163,10,AÇIK OTOPARK,0,15,24 Saat
2026-08-16T23:27:18.184810+00:00,2026-08-17T02:27:18.184810+03:00,1474,Kartal Hasan Doğan Spor Kompleksi,KARTAL,40.8918,29.1897,773,0,773,KAPALI OTOPARK,0,15,24 Saat
2026-08-16T23:27:18.184810+00:00,2026-08-17T02:27:18.184810+03:00,1105,Kartal İdo Açık Otoparkı,KARTAL,40.8874,29.1881,90,0,90,AÇIK OTOPARK,0,15,24 Saat
2026-08-16T23:27:18.184810+00:00,2026-08-17T02:27:18.184810+03:00,1550,Kartal Sahil Açık Otoparkı,KARTAL,40.8875,29.1901,75,56,19,AÇIK OTOPARK,0,5,24 Saat
2026-08-16T23:27:18.184810+00:00,2026-08-17T02:27:18.184810+03:00,3434,Kasımpaşa Sosyal Tesisler Otoparkı,BEYOĞLU,41.0296,28.9673,60,37,23,AÇIK OTOPARK,0,0,07:30-23:00
2026-08-16T23:27:18.184810+00:00,2026-08-17T02:27:18.184810+03:00,1960,Kazlıçeşme Marmaray Açık Otoparkı,ZEYTİNBURNU,40.9922,28.917,700,670,30,AÇIK OTOPARK,0,15,24 Saat
2026-08-16T23:27:18.184810+00:00,2026-08-17T02:27:18.184810+03:00,2994,Kirazlı Metro Durağı PD Açık Otoparkı,BAĞCILAR,41.033,28.8429,112,0,112,AÇIK OTOPARK,0,5,24 Saat
2026-08-16T23:27:18.184810+00:00,2026-08-17T02:27:18.184810+03:00,1528,Kore Şehitleri Caddesi - Yüzbaşı Kaya Aldağon Sokak 1,ŞİŞLİ,41.0719,29.0139,40,1,39,YOL ÜSTÜ,0,15,07:00-16:00
2026-08-16T23:27:18.184810+00:00,2026-08-17T02:27:18.184810+03:00,2449,Kozyatağı Sebze-Meyve Hali,ATAŞEHİR,40.9787,29.1029,1500,1,1499,AÇIK OTOPARK,1,0,24 Saat
2026-08-16T23:27:18.184810+00:00,2026-08-17T02:27:18.184810+03:00,1206,Kutlugün Sokak 2,FATİH,41.0061,28.9801,200,1,199,YOL ÜSTÜ,0,0,08:00-18:00
2026-08-16T23:27:18.184810+00:00,2026-08-17T02:27:18.184810+03:00,3074,Küçük Çamlıca,ÜSKÜDAR,41.0204,29.0653,129,107,22,AÇIK OTOPARK,0,0,08:00-22:00
2026-08-16T23:27:18.184810+00:00,2026-08-17T02:27:18.184810+03:00,3127,Küçükçekmece Cennet Mahallesi Meydan Zemin Altı Otoparkı,KÜÇÜKÇEKMECE,40.9907,28.783,456,0,456,KAPALI OTOPARK,0,10,24 Saat
2026-08-16T23:27:18.184810+00:00,2026-08-17T02:27:18.184810+03:00,2554,Küçükçekmece Fevzi Çakmak Meydanı Zemin Altı Otoparkı,KÜÇÜKÇEKMECE,41.0076,28.7927,1000,482,518,KAPALI OTOPARK,0,10,24 Saat
2026-08-16T23:27:18.184810+00:00,2026-08-17T02:27:18.184810+03:00,2882,Küçüksu Kasrı Açık Otoparkı,BEYKOZ,41.0789,29.0657,98,92,6,AÇIK OTOPARK,0,0,07:00-23:00
2026-08-16T23:27:18.184810+00:00,2026-08-17T02:27:18.184810+03:00,220,Levent Hamidiye,BEŞİKTAŞ,41.0861,29.0076,100,1,99,AÇIK OTOPARK,0,0,08:00-19:00
2026-08-16T23:27:18.184810+00:00,2026-08-17T02:27:18.184810+03:00,1138,Levent Metro Yer Altı Otoparkı,BEŞİKTAŞ,41.0811,29.0105,100,1,99,AÇIK OTOPARK,0,5,07:30-19:30
2026-08-16T23:27:18.184810+00:00,2026-08-17T02:27:18.184810+03:00,2335,Maçka Açık Otoparkı,ŞİŞLİ,41.046,28.9908,75,73,2,AÇIK OTOPARK,1,0,24 Saat
2026-08-16T23:27:18.184810+00:00,2026-08-17T02:27:18.184810+03:00,1859,Maçka Katlı Otoparkı,ŞİŞLİ,41.0484,28.9903,508,358,150,KAPALI OTOPARK,0,0,24 Saat
2026-08-16T23:27:18.184810+00:00,2026-08-17T02:27:18.184810+03:00,3193,Maltepe Rıhtım Caddesi Açık Otoparkı,MALTEPE,40.9258,29.1241,76,74,2,AÇIK OTOPARK,1,0,24 Saat
2026-08-16T23:27:18.184810+00:00,2026-08-17T02:27:18.184810+03:00,2146,Maltepe Süreyyapaşa Çarşısı Açık Otoparkı,MALTEPE,40.9274,29.1225,156,130,26,AÇIK OTOPARK,1,0,24 Saat
2026-08-16T23:27:18.184810+00:00,2026-08-17T02:27:18.184810+03:00,1599,Maslak Açık Otoparkı,SARIYER,41.1166,29.024,150,138,12,AÇIK OTOPARK,0,10,24 Saat
2026-08-16T23:27:18.184810+00:00,2026-08-17T02:27:18.184810+03:00,2100,Matbaacılar Sitesi Yanı,ZEYTİNBURNU,41.0234,28.9187,250,221,29,AÇIK OTOPARK,1,5,24 Saat
2026-08-16T23:27:18.184810+00:00,2026-08-17T02:27:18.184810+03:00,920,Meclis-i Mebusan Yokuşu 2,BEYOĞLU,41.0326,28.9882,34,1,33,YOL ÜSTÜ,0,15,09:00-17:00
2026-08-16T23:27:18.184810+00:00,2026-08-17T02:27:18.184810+03:00,1546,Menekşe Plajı Açık Otoparkı,BAKIRKÖY,40.9761,28.7766,200,200,0,AÇIK OTOPARK,0,0,24 Saat
2026-08-16T23:27:18.184810+00:00,2026-08-17T02:27:18.184810+03:00,1376,Mercan Açık,FATİH,41.0136,28.9669,130,128,2,AÇIK OTOPARK,0,0,08:00-23:00
2026-08-16T23:27:18.184810+00:00,2026-08-17T02:27:18.184810+03:00,3309,Mercan Ali Paşa Sarayı Zemin Altı Otoparkı,FATİH,41.0136,28.967,196,1,195,KAPALI OTOPARK,0,0,07:00-21:00
2026-08-16T23:27:18.184810+00:00,2026-08-17T02:27:18.184810+03:00,1472,Merter Katlı Otoparkı,GÜNGÖREN,41.0092,28.8874,1000,905,95,KAPALI OTOPARK,0,10,24 Saat
2026-08-16T23:27:18.184810+00:00,2026-08-17T02:27:18.184810+03:00,2375,Merter Metro PD Zeminaltı Otoparkı,GÜNGÖREN,41.0037,28.8897,242,81,161,KAPALI OTOPARK,1,10,24 Saat
2026-08-16T23:27:18.184810+00:00,2026-08-17T02:27:18.184810+03:00,1568,Mete Caddesi 1,BEYOĞLU,41.0382,28.9879,31,1,30,YOL ÜSTÜ,0,15,08:00-23:00
2026-08-16T23:27:18.184810+00:00,2026-08-17T02:27:18.184810+03:00,1471,Mevlana Yeraltı Katlı Otoparkı,ZEYTİNBURNU,41.0072,28.9049,1000,845,155,KAPALI OTOPARK,0,5,24 Saat
2026-08-16T23:27:18.184810+00:00,2026-08-17T02:27:18.184810+03:00,2709,Millet Caddesi Açık Otoparkı,FATİH,41.01,28.9461,60,1,59,AÇIK OTOPARK,0,15,24 Saat
2026-08-16T23:27:18.184810+00:00,2026-08-17T02:27:18.184810+03:00,3152,Mimar Sinan Zemin Altı Otoparkı,ÜSKÜDAR,41.0222,29.0169,956,167,789,KAPALI OTOPARK,0,15,24 Saat
2026-08-16T23:27:18.184810+00:00,2026-08-17T02:27:18.184810+03:00,2870,Miniatürk Çadır Açık Otoparkı,BEYOĞLU,41.0594,28.9501,250,174,76,AÇIK OTOPARK,0,15,07:00-20:00
2026-08-16T23:27:18.184810+00:00,2026-08-17T02:27:18.184810+03:00,2556,Muallim Naci Açık Otoparkı,BEŞİKTAŞ,41.0561,29.0342,35,28,7,AÇIK OTOPARK,1,15,24 Saat
2026-08-16T23:27:18.184810+00:00,2026-08-17T02:27:18.184810+03:00,569,Oda Kule Önü 1,BEYOĞLU,41.0322,28.9751,24,1,23,YOL ÜSTÜ,0,0,07:00-01:00
2026-08-16T23:27:18.184810+00:00,2026-08-17T02:27:18.184810+03:00,1988,Orhangazi Şehir Parkı PD Açık Otoparkı,MALTEPE,40.9313,29.1161,5022,4659,363,AÇIK OTOPARK,1,15,24 Saat
2026-08-16T23:27:18.184810+00:00,2026-08-17T02:27:18.184810+03:00,152,Ortabahçe Caddesi 2,BEŞİKTAŞ,41.0428,29.0043,35,1,34,YOL ÜSTÜ,0,15,08:00-23:00
2026-08-16T23:27:18.184810+00:00,2026-08-17T02:27:18.184810+03:00,153,Ortabahçe Caddesi 3,BEŞİKTAŞ,41.043,29.0042,26,1,25,YOL ÜSTÜ,0,15,08:00-23:00
2026-08-16T23:27:18.184810+00:00,2026-08-17T02:27:18.184810+03:00,119,Ortaklar Caddesi 1,ŞİŞLİ,41.0638,28.9971,25,1,24,YOL ÜSTÜ,0,15,08:30-17:00
2026-08-16T23:27:18.184810+00:00,2026-08-17T02:27:18.184810+03:00,1343,Ortaköy Açık Otoparkı,BEŞİKTAŞ,41.0504,29.0326,170,156,14,AÇIK OTOPARK,1,0,24 Saat
2026-08-16T23:27:18.184810+00:00,2026-08-17T02:27:18.184810+03:00,572,Ortaköy Portakal Yokuşu 1,BEŞİKTAŞ,41.0503,29.0261,15,1,14,YOL ÜSTÜ,0,15,09:00-19:00
2026-08-16T23:27:18.184810+00:00,2026-08-17T02:27:18.184810+03:00,1039,Öğretmen Evi,AVCILAR,40.9723,28.714,80,41,39,AÇIK OTOPARK,0,0,11:00-23:00
2026-08-16T23:27:18.184810+00:00,2026-08-17T02:27:18.184810+03:00,1466,Pendik Katlı Otoparkı,PENDİK,40.8789,29.2342,120,0,120,KAPALI OTOPARK,0,15,24 Saat
2026-08-16T23:27:18.184810+00:00,2026-08-17T02:27:18.184810+03:00,3073,Pendik Kemal Kalkuz Parkı Zemin Altı Otoparkı,PENDİK,40.8885,29.2427,224,1,223,KAPALI OTOPARK,0,0,09:00-18:00
2026-08-16T23:27:18.184810+00:00,2026-08-17T02:27:18.184810+03:00,3019,Pendik Meydan Zemin Altı Otoparkı,PENDİK,40.8752,29.2324,937,0,937,KAPALI OTOPARK,1,0,24 Saat
2026-08-16T23:27:18.184810+00:00,2026-08-17T02:27:18.184810+03:00,2865,Pendik Sahil Engelliler Merkez Önü,PENDİK,40.8735,29.233,100,66,34,AÇIK OTOPARK,0,0,11:00-20:00
2026-08-16T23:27:18.184810+00:00,2026-08-17T02:27:18.184810+03:00,2434,Pendik Sahil İdo,PENDİK,40.8755,29.2369,100,0,100,AÇIK OTOPARK,0,0,07:00-23:00
2026-08-16T23:27:18.184810+00:00,2026-08-17T02:27:18.184810+03:00,248,Pendik Yenimahalle Açık 2 Otoparkı,PENDİK,40.864,29.2723,124,108,16,AÇIK OTOPARK,0,15,10:00-22:00
2026-08-16T23:27:18.184810+00:00,2026-08-17T02:27:18.184810+03:00,297,Perşembe Pazarı 1,BEYOĞLU,41.0252,28.9693,32,1,31,YOL ÜSTÜ,0,15,08:00-17:00
2026-08-16T23:27:18.184810+00:00,2026-08-17T02:27:18.184810+03:00,597,Pierre Loti Caddesi 3,FATİH,41.0069,28.9711,36,1,35,YOL ÜSTÜ,0,0,07:00-17:00
2026-08-16T23:27:18.184810+00:00,2026-08-17T02:27:18.184810+03:00,3263,Piyalepaşa Meydanı Zemin Altı Otoparkı,BEYOĞLU,41.0445,28.9674,560,226,334,KAPALI OTOPARK,0,0,24 Saat
2026-08-16T23:27:18.184810+00:00,2026-08-17T02:27:18.184810+03:00,1900,Ragıp Gümüşpala Cad.(Sobacılar Önü),FATİH,41.0181,28.969,40,1,39,YOL ÜSTÜ,0,15,07:00-18:00
2026-08-16T23:27:18.184810+00:00,2026-08-17T02:27:18.184810+03:00,415,Ragıp Gümüşpala Camii Önü 1,FATİH,41.0211,28.9627,35,1,34,YOL ÜSTÜ,0,0,07:00-17:30
2026-08-16T23:27:18.184810+00:00,2026-08-17T02:27:18.184810+03:00,3268,Refik Saydam Caddesi 3,BEYOĞLU,41.032,28.9736,55,1,54,YOL ÜSTÜ,0,0,06:00-23:00
2026-08-16T23:27:18.184810+00:00,2026-08-17T02:27:18.184810+03:00,2307,Ressam Halim Sokak PD Açık Otoparkı,BAHÇELİEVLER,40.9967,28.8641,120,110,10,AÇIK OTOPARK,0,15,08:00-00:00
2026-08-16T23:27:18.184810+00:00,2026-08-17T02:27:18.184810+03:00,3082,Rumeli Hisarı Sahil Yolu Otoparkı,SARIYER,41.0854,29.0568,20,13,7,AÇIK OTOPARK,1,0,24 Saat
2026-08-16T23:27:18.184810+00:00,2026-08-17T02:27:18.184810+03:00,1595,Sabiha Gökçen Açık Otoparkı,PENDİK,40.925,29.308,1056,318,738,AÇIK OTOPARK,0,15,24 Saat
2026-08-16T23:27:18.184810+00:00,2026-08-17T02:27:18.184810+03:00,3239,Samatya Sahil Cep Otoparkı,FATİH,40.9954,28.932,113,96,17,AÇIK OTOPARK,1,15,24 Saat
2026-08-16T23:27:18.184810+00:00,2026-08-17T02:27:18.184810+03:00,3273,Sarıyer Büyükdere Fidanlığı,SARIYER,41.1548,29.0268,160,155,5,AÇIK OTOPARK,0,0,08:00-18:00
2026-08-16T23:27:18.184810+00:00,2026-08-17T02:27:18.184810+03:00,3299,Sariyer Ayazağa Mah Vadi İstanbul Önü Açık Otoparkı,SARIYER,41.1106,28.9881,100,1,99,AÇIK OTOPARK,0,0,08:00-20:00
2026-08-16T23:27:18.184810+00:00,2026-08-17T02:27:18.184810+03:00,1303,Seyrantepe Katlı (Arena Karşısı) 1,KAĞITHANE,41.101,28.9961,1897,1,1896,KAPALI OTOPARK,1,0,24 Saat
2026-08-16T23:27:18.184810+00:00,2026-08-17T02:27:18.184810+03:00,1628,Sıracevizler Caddesi Yol Üstü 5,ŞİŞLİ,41.0607,28.9841,45,1,44,YOL ÜSTÜ,0,15,09:00-17:00
2026-08-16T23:27:18.184810+00:00,2026-08-17T02:27:18.184810+03:00,464,Sirkeci Gar Önü,FATİH,41.015,28.9761,60,1,59,AÇIK OTOPARK,0,5,07:00-20:00
2026-08-16T23:27:18.184810+00:00,2026-08-17T02:27:18.184810+03:00,1486,Siyavuşpaşa Yer Altı Otoparkı,BAHÇELİEVLER,40.9965,28.8532,155,0,155,KAPALI OTOPARK,1,0,24 Saat
2026-08-16T23:27:18.184810+00:00,2026-08-17T02:27:18.184810+03:00,1958,Soğanlık Metro PD Açık Otoparkı,KARTAL,40.9131,29.1925,898,878,20,AÇIK OTOPARK,0,15,24 Saat
2026-08-16T23:27:18.184810+00:00,2026-08-17T02:27:18.184810+03:00,589,Su Terazisi Sokak,FATİH,41.0046,28.9727,22,1,21,YOL ÜSTÜ,0,0,07:30-17:00
2026-08-16T23:27:18.184810+00:00,2026-08-17T02:27:18.184810+03:00,1478,Suadiye Cep Açık Otoparkı,KADIKÖY,40.9586,29.0732,130,127,3,AÇIK OTOPARK,0,15,24 Saat
2026-08-16T23:27:18.184810+00:00,2026-08-17T02:27:18.184810+03:00,2948,Suadiye Sahil Açık Otoparkı,KADIKÖY,40.9562,29.0797,70,64,6,AÇIK OTOPARK,1,5,24 Saat
2026-08-16T23:27:18.184810+00:00,2026-08-17T02:27:18.184810+03:00,2799,Sultanbeyli Emir Caddesi Zemin Altı Otoparkı,SULTANBEYLİ,40.9707,29.2606,130,122,8,KAPALI OTOPARK,0,15,08:00-22:00
2026-08-16T23:27:18.184810+00:00,2026-08-17T02:27:18.184810+03:00,2372,Sultanbeyli Kent Meydanı Zemin Altı Otoparkı,SULTANBEYLİ,40.9667,29.2667,300,197,103,KAPALI OTOPARK,1,15,24 Saat
2026-08-16T23:27:18.184810+00:00,2026-08-17T02:27:18.184810+03:00,2410,Sultangazi Zemin Altı Otoparkı,SULTANGAZİ,41.0944,28.8649,104,0,104,KAPALI OTOPARK,1,10,24 Saat
2026-08-16T23:27:18.184810+00:00,2026-08-17T02:27:18.184810+03:00,2085,Süleyman Seba Caddesi 2,BEŞİKTAŞ,41.0426,28.9998,40,1,39,YOL ÜSTÜ,0,15,08:00-18:00
2026-08-16T23:27:18.184810+00:00,2026-08-17T02:27:18.184810+03:00,2088,Süleyman Seba Caddesi 5,BEŞİKTAŞ,41.0432,28.9978,40,1,39,YOL ÜSTÜ,0,15,08:00-18:00
2026-08-16T23:27:18.184810+00:00,2026-08-17T02:27:18.184810+03:00,2089,Süleyman Seba Caddesi 6,BEŞİKTAŞ,41.0435,28.9967,11,1,10,YOL ÜSTÜ,0,15,08:00-18:00
2026-08-16T23:27:18.184810+00:00,2026-08-17T02:27:18.184810+03:00,2391,Süleymaniye Cami Altı Açık Otoparkı,FATİH,41.0158,28.961,250,234,16,AÇIK OTOPARK,0,0,06:30-18:30
2026-08-16T23:27:18.184810+00:00,2026-08-17T02:27:18.184810+03:00,1730,Sütlüce Miniatürk Yanı,BEYOĞLU,41.057,28.95,320,239,81,AÇIK OTOPARK,1,15,24 Saat
2026-08-16T23:27:18.184810+00:00,2026-08-17T02:27:18.184810+03:00,36,Şakayık Sokak 4,ŞİŞLİ,41.0518,28.9936,50,1,49,YOL ÜSTÜ,0,15,08:00-16:00
2026-08-16T23:27:18.184810+00:00,2026-08-17T02:27:18.184810+03:00,1469,Şehit Volkan Duysak Katlı Otoparkı,ZEYTİNBURNU,40.9968,28.9039,1000,1000,0,KAPALI OTOPARK,0,5,24 Saat
2026-08-16T23:27:18.184810+00:00,2026-08-17T02:27:18.184810+03:00,2855,Şemsipaşa Açık Otoparkı,ÜSKÜDAR,41.0255,29.0097,80,79,1,AÇIK OTOPARK,1,0,24 Saat
2026-08-16T23:27:18.184810+00:00,2026-08-17T02:27:18.184810+03:00,2439,Şirinevler Meydan Zeminaltı Otoparkı,BAHÇELİEVLER,40.9925,28.8496,367,92,275,KAPALI OTOPARK,1,0,24 Saat
2026-08-16T23:27:18.184810+00:00,2026-08-17T02:27:18.184810+03:00,3400,Şişhane Refik Saydam Caddesi 2 Yol Üstü Otoparkı 1,BEYOĞLU,41.0326,28.9743,70,1,69,YOL ÜSTÜ,0,15,06:00-23:00
2026-08-16T23:27:18.184810+00:00,2026-08-17T02:27:18.184810+03:00,3441,Şişli Kuştepe Zemin Altı Otoparkı,ŞİŞLİ,41.072,28.9919,430,291,139,KAPALI OTOPARK,0,15,24 Saat
2026-08-16T23:27:18.184810+00:00,2026-08-17T02:27:18.184810+03:00,2816,Şişli Rumeli Caddesi Metro Yanı 1,ŞİŞLİ,41.0538,28.9868,45,1,44,YOL ÜSTÜ,0,15,08:00-20:00
2026-08-16T23:27:18.184810+00:00,2026-08-17T02:27:18.184810+03:00,2406,Şişli Zemin Altı Otoparkı,ŞİŞLİ,41.0641,28.9992,581,425,156,KAPALI OTOPARK,1,15,24 Saat
2026-08-16T23:27:18.184810+00:00,2026-08-17T02:27:18.184810+03:00,1993,Tuzla İdo,TUZLA,40.8149,29.3039,300,264,36,AÇIK OTOPARK,0,15,24 Saat
2026-08-16T23:27:18.184810+00:00,2026-08-17T02:27:18.184810+03:00,3332,Tuzla Sahil Cep,TUZLA,40.8168,29.2992,50,38,12,AÇIK OTOPARK,0,0,08:00-00:00
2026-08-16T23:27:18.184810+00:00,2026-08-17T02:27:18.184810+03:00,3057,Tuzla Sahil Zemin Altı Otoparkı,TUZLA,40.8181,29.3004,779,1,778,KAPALI OTOPARK,1,15,24 Saat
2026-08-16T23:27:18.184810+00:00,2026-08-17T02:27:18.184810+03:00,1811,Ulu Camii Açık Otoparkı,BAHÇELİEVLER,40.9982,28.8499,150,112,38,AÇIK OTOPARK,1,10,24 Saat
2026-08-16T23:27:18.184810+00:00,2026-08-17T02:27:18.184810+03:00,2424,Uzunçayır Açık Otoparkı,KADIKÖY,40.9988,29.0556,58,51,7,AÇIK OTOPARK,0,0,06:00-16:00
2026-08-16T23:27:18.184810+00:00,2026-08-17T02:27:18.184810+03:00,1468,Ümraniye Katlı Otoparkı,ÜMRANİYE,41.0261,29.0953,665,572,93,KAPALI OTOPARK,0,15,24 Saat
2026-08-16T23:27:18.184810+00:00,2026-08-17T02:27:18.184810+03:00,2898,Ümraniye Okan Sokak Zeminaltı Otoparkı,ÜMRANİYE,41.0284,29.0907,125,15,110,KAPALI OTOPARK,1,15,24 Saat
2026-08-16T23:27:18.184810+00:00,2026-08-17T02:27:18.184810+03:00,2345,Üsküdar Uzunçayır PD Açık Otoparkı,ÜSKÜDAR,40.9988,29.0577,90,83,7,AÇIK OTOPARK,0,15,06:00-22:00
2026-08-16T23:27:18.184810+00:00,2026-08-17T02:27:18.184810+03:00,1929,Üsküdar Ünalan Açık Otoparkı,ÜSKÜDAR,40.9979,29.0604,180,174,6,AÇIK OTOPARK,0,0,07:00-17:00
2026-08-16T23:27:18.184810+00:00,2026-08-17T02:27:18.184810+03:00,1487,Vatan Caddesi PD Açık Otoparkı,FATİH,41.0157,28.9405,397,361,36,AÇIK OTOPARK,0,5,24 Saat
2026-08-16T23:27:18.184810+00:00,2026-08-17T02:27:18.184810+03:00,2441,Yalı Açık Otoparkı,MALTEPE,40.9095,29.137,85,82,3,AÇIK OTOPARK,0,0,07:30-22:00
2026-08-16T23:27:18.184810+00:00,2026-08-17T02:27:18.184810+03:00,459,Yalı Köşkü Caddesi 1,FATİH,41.0163,28.9759,61,1,60,YOL ÜSTÜ,0,5,07:00-21:00
2026-08-16T23:27:18.184810+00:00,2026-08-17T02:27:18.184810+03:00,2037,Yenikapı Marmaray Büyük Otoparkı,FATİH,41.0057,28.9505,324,267,57,AÇIK OTOPARK,1,15,24 Saat
2026-08-16T23:27:18.184810+00:00,2026-08-17T02:27:18.184810+03:00,2036,Yenikapı Marmaray Küçük Otoparkı,FATİH,41.0064,28.9504,200,200,0,AÇIK OTOPARK,0,15,07:00-22:00
2026-08-16T23:27:18.184810+00:00,2026-08-17T02:27:18.184810+03:00,2175,Yenikapı Spor ve Kültür Merkezi PD Açık Otoparkı,FATİH,41.0006,28.9519,4023,3951,72,AÇIK OTOPARK,0,15,24 Saat
2026-08-16T23:27:18.184810+00:00,2026-08-17T02:27:18.184810+03:00,2805,Yenikapı Tünel Üstü Açık Otoparkı,FATİH,41.0029,28.9534,700,645,55,AÇIK OTOPARK,1,10,24 Saat
2026-08-16T23:27:18.184810+00:00,2026-08-17T02:27:18.184810+03:00,3404,Yenimahalle Metro Zemin Altı PD Otoparkı,GAZİOSMANPAŞA,41.0839,28.8926,114,88,26,KAPALI OTOPARK,1,15,24 Saat
2026-08-16T23:27:18.184810+00:00,2026-08-17T02:27:18.184810+03:00,2920,Yeşilce Zemin Altı Katlı Otoparkı,KAĞITHANE,41.0938,29.0017,676,0,676,KAPALI OTOPARK,1,0,24 Saat
2026-08-16T23:27:18.184810+00:00,2026-08-17T02:27:18.184810+03:00,987,Yeşilköy İstasyon Caddesi 1,BAKIRKÖY,40.962,28.825,40,1,39,YOL ÜSTÜ,0,15,09:00-17:30
2026-08-16T23:27:18.184810+00:00,2026-08-17T02:27:18.184810+03:00,974,Yeşilköy Marina 1,BAKIRKÖY,40.9576,28.8233,145,1,144,YOL ÜSTÜ,0,0,12:00-23:00
2026-08-16T23:27:18.184810+00:00,2026-08-17T02:27:18.184810+03:00,3406,Yeşilpınar Metro Zemin Altı PD Otoparkı,EYÜP,41.081,28.9204,269,182,87,KAPALI OTOPARK,1,15,24 Saat
2026-08-16T23:27:18.184810+00:00,2026-08-17T02:27:18.184810+03:00,315,Yeşilyurt Çarşı 1,BAKIRKÖY,40.9643,28.8379,50,1,49,YOL ÜSTÜ,0,15,09:00-17:30
2026-08-16T23:27:18.184810+00:00,2026-08-17T02:27:18.184810+03:00,1133,Yıldız Korusu,BEŞİKTAŞ,41.0514,29.0165,500,1,499,AÇIK OTOPARK,0,0,08:00-22:00
2026-08-16T23:27:18.184810+00:00,2026-08-17T02:27:18.184810+03:00,882,Zeytinburnu 58. Bulvar 2,ZEYTİNBURNU,40.9932,28.9039,48,1,47,YOL ÜSTÜ,0,15,09:00-18:00
2026-08-16T23:27:18.184810+00:00,2026-08-17T02:27:18.184810+03:00,3185,Zeytinburnu Sahil Cep Otoparkı,ZEYTİNBURNU,40.9798,28.8985,160,1,159,AÇIK OTOPARK,0,0,12:00-22:00
2026-08-17T00:35:13.643250+00:00,2026-08-17T03:35:13.643250+03:00,3068,15 Temmuz Şehitler Meydanı Zeminaltı Otoparkı,ÜMRANİYE,41.0246,29.0915,1029,606,423,KAPALI OTOPARK,0,15,24 Saat
2026-08-17T00:35:13.643250+00:00,2026-08-17T03:35:13.643250+03:00,2338,19 Mayıs Açık,ŞİŞLİ,41.0563,28.9941,65,0,65,AÇIK OTOPARK,1,0,24 Saat
2026-08-17T00:35:13.643250+00:00,2026-08-17T03:35:13.643250+03:00,1751,4.Levent PD Açık Otoparkı,KAĞITHANE,41.0836,29.0081,236,142,94,AÇIK OTOPARK,1,5,24 Saat
2026-08-17T00:35:13.643250+00:00,2026-08-17T03:35:13.643250+03:00,3328,4.Levent Servis ve Turizm Araçları Açık Otoparkı,ŞİŞLİ,41.0841,29.0054,300,138,162,AÇIK OTOPARK,1,15,24 Saat
2026-08-17T00:35:13.643250+00:00,2026-08-17T03:35:13.643250+03:00,3412,5. Levent Gaziosmanpaşa Adliyesi Yanı Açık Otoparkı,EYÜP,41.0927,28.9494,250,203,47,AÇIK OTOPARK,0,15,07:00-23:00
2026-08-17T00:35:13.643250+00:00,2026-08-17T03:35:13.643250+03:00,104,Abide-i Hürriyet Caddesi 5,ŞİŞLİ,41.0619,28.9876,40,1,39,YOL ÜSTÜ,0,15,08:00-17:00
2026-08-17T00:35:13.643250+00:00,2026-08-17T03:35:13.643250+03:00,2452,Acıbadem Açık Otoparkı,ÜSKÜDAR,41.0157,29.0574,100,86,14,AÇIK OTOPARK,0,0,06:30-16:00
2026-08-17T00:35:13.643250+00:00,2026-08-17T03:35:13.643250+03:00,346,Ada Karşısı Cep 2,BEŞİKTAŞ,41.072,29.045,30,1,29,YOL ÜSTÜ,0,15,08:00-23:00
2026-08-17T00:35:13.643250+00:00,2026-08-17T03:35:13.643250+03:00,1663,Akasyalı Sokak Tenis Kulubü Önü 2,BEŞİKTAŞ,41.0867,29.0109,45,1,44,YOL ÜSTÜ,0,15,08:30-17:30
2026-08-17T00:35:13.643250+00:00,2026-08-17T03:35:13.643250+03:00,828,Akdeniz Caddesi 4,FATİH,41.0175,28.9435,27,1,26,YOL ÜSTÜ,0,15,09:00-18:00
2026-08-17T00:35:13.643250+00:00,2026-08-17T03:35:13.643250+03:00,1913,Alibeyköy Cep Otogarı Açık Otoparkı,EYÜP,41.0879,28.9446,116,0,116,AÇIK OTOPARK,1,25,24 Saat
2026-08-17T00:35:13.643250+00:00,2026-08-17T03:35:13.643250+03:00,1912,Alibeyköy Cep Otogarı Otobüs Otoparkı,EYÜP,41.0875,28.9449,5000,1,4999,AÇIK OTOPARK,1,60,24 Saat
2026-08-17T00:35:13.643250+00:00,2026-08-17T03:35:13.643250+03:00,2562,Alibeyköy Yeşiltepe Zemin Altı Otoparkı,EYÜP,41.0797,28.938,159,50,109,KAPALI OTOPARK,0,15,24 Saat
2026-08-17T00:35:13.643250+00:00,2026-08-17T03:35:13.643250+03:00,3201,Altınboynuz Sosyal Tesisleri,EYÜP,41.058,28.9447,70,1,69,AÇIK OTOPARK,0,15,08:00-23:00
2026-08-17T00:35:13.643250+00:00,2026-08-17T03:35:13.643250+03:00,758,Arap Camii Açık Otoparkı,BEYOĞLU,41.0227,28.9723,30,1,29,AÇIK OTOPARK,0,0,09:00-17:00
2026-08-17T00:35:13.643250+00:00,2026-08-17T03:35:13.643250+03:00,1963,Aras Sokak 1,BÜYÜKÇEKMECE,41.0226,28.622,60,1,59,YOL ÜSTÜ,0,0,06:00-14:30
2026-08-17T00:35:13.643250+00:00,2026-08-17T03:35:13.643250+03:00,2802,Arnavutköy Zemin Altı Otoparkı,ARNAVUTKÖY,41.1838,28.7396,700,0,700,KAPALI OTOPARK,1,15,24 Saat
2026-08-17T00:35:13.643250+00:00,2026-08-17T03:35:13.643250+03:00,1797,Ataköy Atrium AVM,BAKIRKÖY,40.9881,28.8459,250,243,7,AÇIK OTOPARK,0,15,08:00-23:00
2026-08-17T00:35:13.643250+00:00,2026-08-17T03:35:13.643250+03:00,2824,Ataköy Metro Durağı Yanı PD Zemin Altı Otoparkı,BAKIRKÖY,40.9904,28.8456,150,81,69,KAPALI OTOPARK,1,0,24 Saat
2026-08-17T00:35:13.643250+00:00,2026-08-17T03:35:13.643250+03:00,359,Atatürk Bulvarı 1,FATİH,41.0112,28.9534,20,1,19,YOL ÜSTÜ,0,0,07:30-18:00
2026-08-17T00:35:13.643250+00:00,2026-08-17T03:35:13.643250+03:00,3087,Atatürk Kent Ormanı Otoparkı,SARIYER,41.136,29.0262,200,197,3,AÇIK OTOPARK,0,0,08:00-17:00
2026-08-17T00:35:13.643250+00:00,2026-08-17T03:35:13.643250+03:00,2243,Avcılar Denizköşkler Toplantı ve Davet Salonu Açık Otoparkı,AVCILAR,40.9746,28.7435,200,188,12,AÇIK OTOPARK,0,15,13:00-07:00
2026-08-17T00:35:13.643250+00:00,2026-08-17T03:35:13.643250+03:00,1088,Avcılar İdo,AVCILAR,40.9712,28.7185,270,259,11,AÇIK OTOPARK,0,0,13:00-07:00
2026-08-17T00:35:13.643250+00:00,2026-08-17T03:35:13.643250+03:00,2885,Azapkapı Haliç Metro Otoparkı,ŞİŞLİ,41.0245,28.9691,80,70,10,AÇIK OTOPARK,1,5,24 Saat
2026-08-17T00:35:13.643250+00:00,2026-08-17T03:35:13.643250+03:00,2455,Azerbaycan Dostluk Parkı Zemin Altı Otoparkı,BAĞCILAR,41.0444,28.854,400,140,260,KAPALI OTOPARK,0,10,24 Saat
2026-08-17T00:35:13.643250+00:00,2026-08-17T03:35:13.643250+03:00,2965,Bağcılar Çolakoğlu Zemin Altı Otoparkı,BAĞCILAR,41.0324,28.8345,106,0,106,KAPALI OTOPARK,1,5,24 Saat
2026-08-17T00:35:13.643250+00:00,2026-08-17T03:35:13.643250+03:00,2576,Bağcılar Demirkapı Zemin Altı Otoparkı,BAĞCILAR,41.0499,28.8327,343,127,216,KAPALI OTOPARK,1,5,24 Saat
2026-08-17T00:35:13.643250+00:00,2026-08-17T03:35:13.643250+03:00,3036,Bağcılar Devlet Hastanesi Yanı Zeminaltı Otoparkı,BAĞCILAR,41.0312,28.8696,1133,98,1035,KAPALI OTOPARK,1,15,24 Saat
2026-08-17T00:35:13.643250+00:00,2026-08-17T03:35:13.643250+03:00,3071,Bağcılar Emniyet Müdürlüğü Yanı Açık Otoparkı,BAĞCILAR,41.0353,28.8598,100,47,53,AÇIK OTOPARK,1,0,24 Saat
2026-08-17T00:35:13.643250+00:00,2026-08-17T03:35:13.643250+03:00,2873,Bağcılar Göztepe Zemin Altı,BAĞCILAR,41.0567,28.8355,120,0,120,KAPALI OTOPARK,1,5,24 Saat
2026-08-17T00:35:13.643250+00:00,2026-08-17T03:35:13.643250+03:00,3187,Bağcılar Hürriyet Mahallesi Zemin Altı Otoparkı,BAĞCILAR,41.0291,28.8333,355,0,355,KAPALI OTOPARK,1,10,24 Saat
2026-08-17T00:35:13.643250+00:00,2026-08-17T03:35:13.643250+03:00,2916,Bağcılar Kent Meydanı PD Zemin Altı Otoparkı,BAĞCILAR,41.0339,28.8556,1162,0,1162,KAPALI OTOPARK,0,0,24 Saat
2026-08-17T00:35:13.643250+00:00,2026-08-17T03:35:13.643250+03:00,3261,Bağcılar Yenimahalle Zemin Altı Otoparkı,BAĞCILAR,41.0425,28.8395,525,252,273,KAPALI OTOPARK,1,15,24 Saat
2026-08-17T00:35:13.643250+00:00,2026-08-17T03:35:13.643250+03:00,2820,Bağcılar Yıldıztepe Katlı Otoparkı,BAĞCILAR,41.0294,28.8556,350,0,350,KAPALI OTOPARK,1,10,24 Saat
2026-08-17T00:35:13.643250+00:00,2026-08-17T03:35:13.643250+03:00,3447,Bahçelievler 23 Nisan Milli Egemenlik Zeminaltı Otoparkı,BAHÇELİEVLER,40.9988,28.8472,732,384,348,KAPALI OTOPARK,1,10,24 Saat
2026-08-17T00:35:13.643250+00:00,2026-08-17T03:35:13.643250+03:00,2993,Bahçelievler Cumhuriyet Zeminaltı Otoparkı,BAHÇELİEVLER,41.0149,28.859,663,0,663,KAPALI OTOPARK,0,10,24 Saat
2026-08-17T00:35:13.643250+00:00,2026-08-17T03:35:13.643250+03:00,2969,Bahçelievler Devlet Hastanesi Yanı Katlı Otoparkı,BAHÇELİEVLER,41.0072,28.8442,740,0,740,KAPALI OTOPARK,1,0,24 Saat
2026-08-17T00:35:13.643250+00:00,2026-08-17T03:35:13.643250+03:00,3051,Bahçelievler Zafer Mh. Zeminaltı Otoparkı,BAHÇELİEVLER,41.0036,28.8351,200,41,159,KAPALI OTOPARK,1,0,24 Saat
2026-08-17T00:35:13.643250+00:00,2026-08-17T03:35:13.643250+03:00,3236,Bahçeşehir Gölet Açık Otoparkı,BAŞAKŞEHİR,41.0719,28.6901,200,1,199,AÇIK OTOPARK,0,0,12:00-22:00
2026-08-17T00:35:13.643250+00:00,2026-08-17T03:35:13.643250+03:00,1465,Bakırköy İdo Açık Otoparkı,BAKIRKÖY,40.9739,28.8761,160,143,17,AÇIK OTOPARK,1,10,24 Saat
2026-08-17T00:35:13.643250+00:00,2026-08-17T03:35:13.643250+03:00,1104,Balmumcu Katlı Otoparkı,BEŞİKTAŞ,41.0636,29.0109,400,326,74,KAPALI OTOPARK,1,5,24 Saat
2026-08-17T00:35:13.643250+00:00,2026-08-17T03:35:13.643250+03:00,2350,Bayrampaşa Adapark Katlı Otoparkı,BAYRAMPAŞA,41.0647,28.8875,650,0,650,KAPALI OTOPARK,0,15,24 Saat
2026-08-17T00:35:13.643250+00:00,2026-08-17T03:35:13.643250+03:00,2892,Bayrampaşa Altıntepsi Zemin  Altı Otoparkı,BAYRAMPAŞA,41.0393,28.9029,110,0,110,KAPALI OTOPARK,0,10,24 Saat
2026-08-17T00:35:13.643250+00:00,2026-08-17T03:35:13.643250+03:00,2909,Bayrampaşa Atatürk Parkı  Zemin Altı Otoparkı,BAYRAMPAŞA,41.0342,28.9123,442,0,442,KAPALI OTOPARK,0,10,24 Saat
2026-08-17T00:35:13.643250+00:00,2026-08-17T03:35:13.643250+03:00,2683,Bayrampaşa Devlet Hastanesi Cep Otoparkı,BAYRAMPAŞA,41.0414,28.9031,55,34,21,AÇIK OTOPARK,0,0,08:00-19:00
2026-08-17T00:35:13.643250+00:00,2026-08-17T03:35:13.643250+03:00,3301,Bayrampaşa Kocatepe Mahallesi Zemin Altı Otoparkı,BAYRAMPAŞA,41.0545,28.8964,241,0,241,KAPALI OTOPARK,1,10,24 Saat
2026-08-17T00:35:13.643250+00:00,2026-08-17T03:35:13.643250+03:00,2053,Bayrampaşa Muratpaşa Yer Altı Otoparkı,BAYRAMPAŞA,41.047,28.9082,300,0,300,KAPALI OTOPARK,0,15,24 Saat
2026-08-17T00:35:13.643250+00:00,2026-08-17T03:35:13.643250+03:00,3175,Bayrampaşa Spor Kompleksi Zemin Altı Otoparkı,BAYRAMPAŞA,41.0446,28.9106,205,0,205,KAPALI OTOPARK,1,15,24 Saat
2026-08-17T00:35:13.643250+00:00,2026-08-17T03:35:13.643250+03:00,3382,Bayrampaşa Şehit Kamil Balkan Zemin Altı Otoparkı,BAYRAMPAŞA,41.0604,28.9008,235,0,235,KAPALI OTOPARK,1,10,24 Saat
2026-08-17T00:35:13.643250+00:00,2026-08-17T03:35:13.643250+03:00,2428,Bayrampaşa Yenidoğan Mahallesi Zemin Altı Otoparkı,BAYRAMPAŞA,41.0395,28.9088,120,0,120,KAPALI OTOPARK,0,10,24 Saat
2026-08-17T00:35:13.643250+00:00,2026-08-17T03:35:13.643250+03:00,2468,Bebek Açık,BEŞİKTAŞ,41.077,29.0434,30,7,23,AÇIK OTOPARK,0,0,24 Saat
2026-08-17T00:35:13.643250+00:00,2026-08-17T03:35:13.643250+03:00,3479,Beşiktaş Halk Pazarı Açık Otoparkı,BEŞİKTAŞ,41.0496,29.0004,170,105,65,AÇIK OTOPARK,1,5,24 Saat
2026-08-17T00:35:13.643250+00:00,2026-08-17T03:35:13.643250+03:00,3257,Beykoz Sahil Cep Otoparkı,BEYKOZ,41.1286,29.0953,100,74,26,AÇIK OTOPARK,0,0,08:00-00:00
2026-08-17T00:35:13.643250+00:00,2026-08-17T03:35:13.643250+03:00,2273,Beykoz Sosyal Tesisleri,BEYKOZ,41.1143,29.0888,130,0,130,AÇIK OTOPARK,0,15,08:00-00:00
2026-08-17T00:35:13.643250+00:00,2026-08-17T03:35:13.643250+03:00,2999,Beyoğlu Gazhane Bostan Sokak 2,BEYOĞLU,41.0389,28.9903,35,1,34,YOL ÜSTÜ,0,0,07:30-16:30
2026-08-17T00:35:13.643250+00:00,2026-08-17T03:35:13.643250+03:00,3072,Beyoğlu Örnektepe Zemin Altı Otoparkı,BEYOĞLU,41.0543,28.9548,143,0,143,KAPALI OTOPARK,0,0,24 Saat
2026-08-17T00:35:13.643250+00:00,2026-08-17T03:35:13.643250+03:00,1455,Bostancı Açık,KADIKÖY,40.9523,29.0902,394,128,266,AÇIK OTOPARK,0,15,24 Saat
2026-08-17T00:35:13.643250+00:00,2026-08-17T03:35:13.643250+03:00,1456,Bostancı Sahil-Cep Açık Otoparkı,KADIKÖY,40.9545,29.0885,192,140,52,AÇIK OTOPARK,0,15,24 Saat
2026-08-17T00:35:13.643250+00:00,2026-08-17T03:35:13.643250+03:00,2150,Bostancı Vergi Dairesi Açık Otoparkı,ATAŞEHİR,40.9625,29.1083,155,0,155,AÇIK OTOPARK,0,5,08:00-20:00
2026-08-17T00:35:13.643250+00:00,2026-08-17T03:35:13.643250+03:00,2854,Bülent Ecevit Kültür Merkezi Açık Otoparkı,KARTAL,40.8852,29.1967,277,265,12,AÇIK OTOPARK,0,0,10:00-21:00
2026-08-17T00:35:13.643250+00:00,2026-08-17T03:35:13.643250+03:00,2866,Büyük İstanbul Otogarı,BAYRAMPAŞA,41.0402,28.8942,1000,0,1000,AÇIK OTOPARK,1,25,24 Saat
2026-08-17T00:35:13.643250+00:00,2026-08-17T03:35:13.643250+03:00,1192,Büyükçamlıca Korusu Sosyal Tesisleri Önü,ÜSKÜDAR,41.0264,29.0698,204,111,93,AÇIK OTOPARK,0,0,08:00-00:00
2026-08-17T00:35:13.643250+00:00,2026-08-17T03:35:13.643250+03:00,2960,Büyükçekmece Metrobüs Durağı Yanı PD Zemin Altı Otopark,BÜYÜKÇEKMECE,41.0221,28.624,448,55,393,KAPALI OTOPARK,0,0,24 Saat
2026-08-17T00:35:13.643250+00:00,2026-08-17T03:35:13.643250+03:00,1503,Cadde Bostan Açık Otoparkı,KADIKÖY,40.9636,29.0675,66,62,4,AÇIK OTOPARK,0,15,24 Saat
2026-08-17T00:35:13.643250+00:00,2026-08-17T03:35:13.643250+03:00,2933,Cemal Kamacı Spor Kompleksi Zemin Altı Otoparkı,KAĞITHANE,41.0536,28.9575,510,0,510,KAPALI OTOPARK,1,0,24 Saat
2026-08-17T00:35:13.643250+00:00,2026-08-17T03:35:13.643250+03:00,2207,Cengiz Topel Yer Altı Katlı Otoparkı,ESENLER,41.0588,28.8643,144,0,144,KAPALI OTOPARK,0,15,24 Saat
2026-08-17T00:35:13.643250+00:00,2026-08-17T03:35:13.643250+03:00,2787,Cevizli Açık Otoparkı,KARTAL,40.9179,29.1712,100,87,13,AÇIK OTOPARK,0,15,08:00-19:00
2026-08-17T00:35:13.643250+00:00,2026-08-17T03:35:13.643250+03:00,782,Cihangir Caddesi 2,BEYOĞLU,41.0319,28.9862,70,1,69,YOL ÜSTÜ,0,15,09:00-19:00
2026-08-17T00:35:13.643250+00:00,2026-08-17T03:35:13.643250+03:00,1467,Cihangir Katlı Otoparkı,BEYOĞLU,41.0318,28.9858,350,0,350,KAPALI OTOPARK,1,0,24 Saat
2026-08-17T00:35:13.643250+00:00,2026-08-17T03:35:13.643250+03:00,535,Cihannuma Yol Üstü 1,BEŞİKTAŞ,41.0454,29.0084,35,1,34,YOL ÜSTÜ,0,0,08:00-23:00
2026-08-17T00:35:13.643250+00:00,2026-08-17T03:35:13.643250+03:00,537,Cihannuma Yol Üstü 3,BEŞİKTAŞ,41.0459,29.0087,33,1,32,YOL ÜSTÜ,0,0,08:00-23:00
2026-08-17T00:35:13.643250+00:00,2026-08-17T03:35:13.643250+03:00,539,Cihannuma Yol Üstü 5,BEŞİKTAŞ,41.0489,29.0094,24,1,23,YOL ÜSTÜ,0,0,08:00-23:00
2026-08-17T00:35:13.643250+00:00,2026-08-17T03:35:13.643250+03:00,3184,Çam Sokak 6,GÜNGÖREN,41.0121,28.8882,50,1,49,YOL ÜSTÜ,0,15,08:00-17:00
2026-08-17T00:35:13.643250+00:00,2026-08-17T03:35:13.643250+03:00,3030,Çekmeköy Metro PD Zemin Altı Otoparkı,ÇEKMEKÖY,41.0147,29.1886,175,58,117,KAPALI OTOPARK,0,15,24 Saat
2026-08-17T00:35:13.643250+00:00,2026-08-17T03:35:13.643250+03:00,2905,Çeliktepe Açık Otoparkı,KAĞITHANE,41.0843,29.0056,200,76,124,AÇIK OTOPARK,1,5,24 Saat
2026-08-17T00:35:13.643250+00:00,2026-08-17T03:35:13.643250+03:00,1298,Çengelköy Açık Otoparkı,ÜSKÜDAR,41.0484,29.0533,500,0,500,AÇIK OTOPARK,0,15,24 Saat
2026-08-17T00:35:13.643250+00:00,2026-08-17T03:35:13.643250+03:00,502,Çınar Açık Otoparkı,BEŞİKTAŞ,41.0853,29.0088,65,1,64,AÇIK OTOPARK,0,0,08:00-18:00
2026-08-17T00:35:13.643250+00:00,2026-08-17T03:35:13.643250+03:00,777,Çırağan Sarayı Yol Üstü 1,BEŞİKTAŞ,41.0448,29.0165,40,1,39,YOL ÜSTÜ,0,15,08:00-23:00
2026-08-17T00:35:13.643250+00:00,2026-08-17T03:35:13.643250+03:00,778,Çırağan Sarayı Yol Üstü 2,BEŞİKTAŞ,41.0445,29.0156,40,1,39,YOL ÜSTÜ,0,15,08:00-23:00
2026-08-17T00:35:13.643250+00:00,2026-08-17T03:35:13.643250+03:00,2228,Çırpıcı Sosyal Tesisler,ZEYTİNBURNU,41,28.8926,128,0,128,AÇIK OTOPARK,0,15,07:00-00:00
2026-08-17T00:35:13.643250+00:00,2026-08-17T03:35:13.643250+03:00,2030,Dalyan Açık Otoparkı,KADIKÖY,40.9632,29.0651,92,76,16,AÇIK OTOPARK,0,15,24 Saat
2026-08-17T00:35:13.643250+00:00,2026-08-17T03:35:13.643250+03:00,2271,Damla Sokak 1,ŞİŞLİ,41.0672,29.0004,17,1,16,YOL ÜSTÜ,0,15,07:30-16:30
2026-08-17T00:35:13.643250+00:00,2026-08-17T03:35:13.643250+03:00,2164,Darüşşafaka Yeraltı Otoparkı,SARIYER,41.1292,29.0252,150,143,7,KAPALI OTOPARK,0,15,08:00-00:00
2026-08-17T00:35:13.643250+00:00,2026-08-17T03:35:13.643250+03:00,1653,Deniz Feneri Otoparkı,FATİH,41.0019,28.9773,175,144,31,AÇIK OTOPARK,0,5,24 Saat
2026-08-17T00:35:13.643250+00:00,2026-08-17T03:35:13.643250+03:00,595,Dostluk Yurdu 1,FATİH,41.0071,28.973,33,1,32,YOL ÜSTÜ,0,15,07:00-17:00
2026-08-17T00:35:13.643250+00:00,2026-08-17T03:35:13.643250+03:00,2237,Dragos Sosyal Tesisleri,KARTAL,40.9017,29.1458,100,60,40,AÇIK OTOPARK,1,15,24 Saat
2026-08-17T00:35:13.643250+00:00,2026-08-17T03:35:13.643250+03:00,3063,Dudullu Metro PD Zemin Altı Otoparkı,ÜMRANİYE,41.0156,29.1633,81,61,20,KAPALI OTOPARK,0,15,07:00-23:30
2026-08-17T00:35:13.643250+00:00,2026-08-17T03:35:13.643250+03:00,1522,Ebu Suut Caddesi 1,FATİH,41.0128,28.9766,35,1,34,YOL ÜSTÜ,0,0,08:00-18:00
2026-08-17T00:35:13.643250+00:00,2026-08-17T03:35:13.643250+03:00,2147,EGS Blokları Açık Otoparkı,BAKIRKÖY,40.9863,28.8354,350,47,303,AÇIK OTOPARK,0,60,09:00-19:30
2026-08-17T00:35:13.643250+00:00,2026-08-17T03:35:13.643250+03:00,2366,Esenler Adem Baştürk Kültür Merkezi Katlı,ESENLER,41.039,28.8846,460,0,460,KAPALI OTOPARK,1,15,24 Saat
2026-08-17T00:35:13.643250+00:00,2026-08-17T03:35:13.643250+03:00,3190,Esenler Havaalanı Mahallesi Zemin Altı Otoparkı,ESENLER,41.0562,28.8674,610,302,308,KAPALI OTOPARK,1,10,24 Saat
2026-08-17T00:35:13.643250+00:00,2026-08-17T03:35:13.643250+03:00,3011,Esenler Menderes Metro İstasyonu Yanı,ESENLER,41.0427,28.8783,68,0,68,AÇIK OTOPARK,1,5,24 Saat
2026-08-17T00:35:13.643250+00:00,2026-08-17T03:35:13.643250+03:00,2822,Esenler Menderes Parkı Zemin Altı Otoparkı,ESENLER,41.0412,28.8729,325,0,325,KAPALI OTOPARK,1,10,24 Saat
2026-08-17T00:35:13.643250+00:00,2026-08-17T03:35:13.643250+03:00,3303,Esenyurt Adile Naşit Bulvarı Zeminaltı Otoparkı,ESENYURT,41.0205,28.6859,367,278,89,KAPALI OTOPARK,1,15,24 Saat
2026-08-17T00:35:13.643250+00:00,2026-08-17T03:35:13.643250+03:00,1328,Eski Salı Pazarı,KADIKÖY,40.9904,29.0338,760,0,760,AÇIK OTOPARK,0,15,24 Saat
2026-08-17T00:35:13.643250+00:00,2026-08-17T03:35:13.643250+03:00,904,Eyüp Pierloti Caddesi 1,EYÜP,41.0539,28.9329,40,1,39,YOL ÜSTÜ,0,0,09:00-22:00
2026-08-17T00:35:13.643250+00:00,2026-08-17T03:35:13.643250+03:00,2850,Eyüpsultan Akşemsettin Mahallesi Zemin Altı Otoparkı,EYÜP,41.085,28.9258,110,0,110,KAPALI OTOPARK,0,15,24 Saat
2026-08-17T00:35:13.643250+00:00,2026-08-17T03:35:13.643250+03:00,2215,Fatih Çeşmesi Tabiat Parkı Otoparkı,SARIYER,41.1686,28.9448,250,242,8,AÇIK OTOPARK,0,0,06:00-20:00
2026-08-17T00:35:13.643250+00:00,2026-08-17T03:35:13.643250+03:00,1475,Fatih Katlı Otoparkı,FATİH,41.0198,28.9396,118,32,86,KAPALI OTOPARK,0,10,24 Saat
2026-08-17T00:35:13.643250+00:00,2026-08-17T03:35:13.643250+03:00,1591,Feshane PD Açık Otoparkı,EYÜP,41.0463,28.9378,200,125,75,AÇIK OTOPARK,1,15,24 Saat
2026-08-17T00:35:13.643250+00:00,2026-08-17T03:35:13.643250+03:00,1005,Florya Havuzlu Bahçe,BAKIRKÖY,40.9764,28.7908,135,1,134,AÇIK OTOPARK,0,0,09:00-23:00
2026-08-17T00:35:13.643250+00:00,2026-08-17T03:35:13.643250+03:00,2238,Florya Sosyal Tesisleri,BAKIRKÖY,40.9614,28.8091,1074,1030,44,AÇIK OTOPARK,0,15,24 Saat
2026-08-17T00:35:13.643250+00:00,2026-08-17T03:35:13.643250+03:00,1704,Gazi Umur Paşa Sokak 5,BEŞİKTAŞ,41.0589,29.0114,45,1,44,YOL ÜSTÜ,0,15,08:00-17:00
2026-08-17T00:35:13.643250+00:00,2026-08-17T03:35:13.643250+03:00,3296,Gaziosmanpaşa Meydanı ve Yaşam Merkezi Zemin Altı Otoparkı,GAZİOSMANPAŞA,41.0606,28.9093,202,0,202,KAPALI OTOPARK,1,15,24 Saat
2026-08-17T00:35:13.643250+00:00,2026-08-17T03:35:13.643250+03:00,2971,Gaziosmanpaşa Zemin Altı Otoparkı,GAZİOSMANPAŞA,41.0796,28.8858,285,0,285,KAPALI OTOPARK,1,0,24 Saat
2026-08-17T00:35:13.643250+00:00,2026-08-17T03:35:13.643250+03:00,3401,Giyimkent Tekstilkent Metro Zemin Altı PD Otoparkı,ESENLER,41.0711,28.8666,203,182,21,KAPALI OTOPARK,0,10,24 Saat
2026-08-17T00:35:13.643250+00:00,2026-08-17T03:35:13.643250+03:00,2242,Gözdağı Sosyal Tesisler  Açık Otoparkı,PENDİK,40.893,29.2538,300,215,85,AÇIK OTOPARK,0,0,07:00-23:00
2026-08-17T00:35:13.643250+00:00,2026-08-17T03:35:13.643250+03:00,1879,Gülsuyu Metro PD Yer Altı Otoparkı,MALTEPE,40.9237,29.1548,76,0,76,KAPALI OTOPARK,0,15,08:00-00:00
2026-08-17T00:35:13.643250+00:00,2026-08-17T03:35:13.643250+03:00,1423,Güneş Plajı 1,BAKIRKÖY,40.9712,28.79,250,247,3,AÇIK OTOPARK,0,10,24 Saat
2026-08-17T00:35:13.643250+00:00,2026-08-17T03:35:13.643250+03:00,1461,Güneş Plajı 2,BAKIRKÖY,40.9692,28.7951,135,135,0,AÇIK OTOPARK,0,10,08:00-20:00
2026-08-17T00:35:13.643250+00:00,2026-08-17T03:35:13.643250+03:00,3053,Güngören Nikah Dairesi Zemin Altı otoparkı,GÜNGÖREN,41.0363,28.8718,147,0,147,KAPALI OTOPARK,1,10,24 Saat
2026-08-17T00:35:13.643250+00:00,2026-08-17T03:35:13.643250+03:00,2216,Gürpınar Balık Hali Otoparkı,BEYLİKDÜZÜ,40.9663,28.6019,1000,697,303,AÇIK OTOPARK,0,15,24 Saat
2026-08-17T00:35:13.643250+00:00,2026-08-17T03:35:13.643250+03:00,1525,Hacıosman Metro Yer Altı Otoparkı,SARIYER,41.14,29.0306,422,297,125,KAPALI OTOPARK,0,15,24 Saat
2026-08-17T00:35:13.643250+00:00,2026-08-17T03:35:13.643250+03:00,1470,Haldun Alagaş Katlı Otoparkı,ÜMRANİYE,41.0262,29.1052,197,101,96,KAPALI OTOPARK,1,15,24 Saat
2026-08-17T00:35:13.643250+00:00,2026-08-17T03:35:13.643250+03:00,3235,Haliç Sosyal Tesisleri Otoparkı,FATİH,41.0277,28.9572,60,46,14,AÇIK OTOPARK,0,15,07:00-00:00
2026-08-17T00:35:13.643250+00:00,2026-08-17T03:35:13.643250+03:00,2848,Halkalı Mahallesi Zemin Altı Otoparkı,KÜÇÜKÇEKMECE,41.0359,28.7848,347,263,84,KAPALI OTOPARK,0,15,24 Saat
2026-08-17T00:35:13.643250+00:00,2026-08-17T03:35:13.643250+03:00,2838,Hamidiye Mahallesi Katlı Otoparkı,KAĞITHANE,41.0949,28.971,450,185,265,KAPALI OTOPARK,1,15,24 Saat
2026-08-17T00:35:13.643250+00:00,2026-08-17T03:35:13.643250+03:00,1446,Harbiye Zemin Altı Otoparkı,BEYOĞLU,41.0408,28.9869,142,88,54,KAPALI OTOPARK,0,5,24 Saat
2026-08-17T00:35:13.643250+00:00,2026-08-17T03:35:13.643250+03:00,2332,Haydarpaşa Katlı Otoparkı,ÜSKÜDAR,41.0048,29.0251,840,784,56,KAPALI OTOPARK,1,15,24 Saat
2026-08-17T00:35:13.643250+00:00,2026-08-17T03:35:13.643250+03:00,1987,Haznedar Yer Altı Otoparkı,GÜNGÖREN,41.0083,28.8729,540,0,540,KAPALI OTOPARK,0,0,24 Saat
2026-08-17T00:35:13.643250+00:00,2026-08-17T03:35:13.643250+03:00,377,Hızır Külhani Sokak,FATİH,41.0202,28.9605,32,1,31,YOL ÜSTÜ,0,15,09:00-17:00
2026-08-17T00:35:13.643250+00:00,2026-08-17T03:35:13.643250+03:00,3173,Hürriyet Mahallesi Zeminaltı Otoparkı,GAZİOSMANPAŞA,41.0708,28.8951,190,0,190,KAPALI OTOPARK,1,15,24 Saat
2026-08-17T00:35:13.643250+00:00,2026-08-17T03:35:13.643250+03:00,157,Ihlamur Dere Caddesi 4,BEŞİKTAŞ,41.047,29.0023,27,1,26,YOL ÜSTÜ,0,15,09:00-17:00
2026-08-17T00:35:13.643250+00:00,2026-08-17T03:35:13.643250+03:00,1189,İçerenköy Sebze Meyve Hali Otoparkı,ATAŞEHİR,40.9766,29.1044,600,600,0,AÇIK OTOPARK,0,15,24 Saat
2026-08-17T00:35:13.643250+00:00,2026-08-17T03:35:13.643250+03:00,1127,İshakpaşa Caddesi,FATİH,41.0079,28.9814,200,1,199,YOL ÜSTÜ,0,0,08:00-18:00
2026-08-17T00:35:13.643250+00:00,2026-08-17T03:35:13.643250+03:00,3265,İspark İstanbul West Marina Açık Otoparkı 1,BEYLİKDÜZÜ,40.9636,28.6564,250,1,249,AÇIK OTOPARK,0,15,24 Saat
2026-08-17T00:35:13.643250+00:00,2026-08-17T03:35:13.643250+03:00,2793,İspark Merter Katlı Otoparkı,GÜNGÖREN,41.0097,28.89,900,494,406,KAPALI OTOPARK,1,10,24 Saat
2026-08-17T00:35:13.643250+00:00,2026-08-17T03:35:13.643250+03:00,2430,İspark West İstanbul Marina Açık Otoparkı,BEYLİKDÜZÜ,40.9639,28.6591,1600,1107,493,AÇIK OTOPARK,0,15,24 Saat
2026-08-17T00:35:13.643250+00:00,2026-08-17T03:35:13.643250+03:00,381,İstinye 4 ( Cami Önü ),SARIYER,41.1149,29.0571,25,1,24,YOL ÜSTÜ,0,15,08:30-17:30
2026-08-17T00:35:13.643250+00:00,2026-08-17T03:35:13.643250+03:00,1804,İtalyan Hastanesi Karşısı Açık Otoparkı 1,BEYOĞLU,41.028,28.9815,30,1,29,AÇIK OTOPARK,0,0,08:00-19:00
2026-08-17T00:35:13.643250+00:00,2026-08-17T03:35:13.643250+03:00,507,Kabasakal Medrese Önü,FATİH,41.0062,28.9789,65,1,64,AÇIK OTOPARK,0,0,08:00-18:30
2026-08-17T00:35:13.643250+00:00,2026-08-17T03:35:13.643250+03:00,3306,Kabataş Transfer Merkezi Turizm Otobüs Otoparkı,BEYOĞLU,41.0336,28.9923,160,108,52,KAPALI OTOPARK,1,20,24 Saat
2026-08-17T00:35:13.643250+00:00,2026-08-17T03:35:13.643250+03:00,2918,Kadıköy Hasanpaşa Gazhane Katlı Otoparkı,KADIKÖY,40.9972,29.0428,310,188,122,KAPALI OTOPARK,1,15,24 Saat
2026-08-17T00:35:13.643250+00:00,2026-08-17T03:35:13.643250+03:00,1447,Kadıköy İski Açık Otoparkı,KADIKÖY,40.9874,29.0207,124,29,95,AÇIK OTOPARK,0,15,24 Saat
2026-08-17T00:35:13.643250+00:00,2026-08-17T03:35:13.643250+03:00,1655,Kadıköy Metro Açık Otoparkı,KADIKÖY,40.9899,29.0217,74,62,12,AÇIK OTOPARK,0,15,24 Saat
2026-08-17T00:35:13.643250+00:00,2026-08-17T03:35:13.643250+03:00,3445,Kadıköy Uzunçayır PD Açık Otoparkı,KADIKÖY,40.9982,29.0569,70,40,30,AÇIK OTOPARK,0,15,06:30-16:30
2026-08-17T00:35:13.643250+00:00,2026-08-17T03:35:13.643250+03:00,2808,Kadıköy Yeni Salı Pazarı PD Katlı Otoparkı,KADIKÖY,40.9969,29.0486,1350,654,696,KAPALI OTOPARK,1,15,24 Saat
2026-08-17T00:35:13.643250+00:00,2026-08-17T03:35:13.643250+03:00,2811,Kağıthane Harmantepe Zemin Altı Otoparkı,KAĞITHANE,41.0816,28.9907,200,0,200,KAPALI OTOPARK,1,0,24 Saat
2026-08-17T00:35:13.643250+00:00,2026-08-17T03:35:13.643250+03:00,1452,Kalamış Açık Otoparkı,KADIKÖY,40.9687,29.0363,173,165,8,AÇIK OTOPARK,0,15,24 Saat
2026-08-17T00:35:13.643250+00:00,2026-08-17T03:35:13.643250+03:00,1474,Kartal Hasan Doğan Spor Kompleksi,KARTAL,40.8918,29.1897,773,0,773,KAPALI OTOPARK,0,15,24 Saat
2026-08-17T00:35:13.643250+00:00,2026-08-17T03:35:13.643250+03:00,1105,Kartal İdo Açık Otoparkı,KARTAL,40.8874,29.1881,90,0,90,AÇIK OTOPARK,0,15,24 Saat
2026-08-17T00:35:13.643250+00:00,2026-08-17T03:35:13.643250+03:00,1550,Kartal Sahil Açık Otoparkı,KARTAL,40.8875,29.1901,75,56,19,AÇIK OTOPARK,0,5,24 Saat
2026-08-17T00:35:13.643250+00:00,2026-08-17T03:35:13.643250+03:00,3434,Kasımpaşa Sosyal Tesisler Otoparkı,BEYOĞLU,41.0296,28.9673,60,37,23,AÇIK OTOPARK,0,0,07:30-23:00
2026-08-17T00:35:13.643250+00:00,2026-08-17T03:35:13.643250+03:00,1960,Kazlıçeşme Marmaray Açık Otoparkı,ZEYTİNBURNU,40.9922,28.917,700,670,30,AÇIK OTOPARK,0,15,24 Saat
2026-08-17T00:35:13.643250+00:00,2026-08-17T03:35:13.643250+03:00,2994,Kirazlı Metro Durağı PD Açık Otoparkı,BAĞCILAR,41.033,28.8429,112,0,112,AÇIK OTOPARK,0,5,24 Saat
2026-08-17T00:35:13.643250+00:00,2026-08-17T03:35:13.643250+03:00,1528,Kore Şehitleri Caddesi - Yüzbaşı Kaya Aldağon Sokak 1,ŞİŞLİ,41.0719,29.0139,40,1,39,YOL ÜSTÜ,0,15,07:00-16:00
2026-08-17T00:35:13.643250+00:00,2026-08-17T03:35:13.643250+03:00,2449,Kozyatağı Sebze-Meyve Hali,ATAŞEHİR,40.9787,29.1029,1500,1500,0,AÇIK OTOPARK,1,0,24 Saat
2026-08-17T00:35:13.643250+00:00,2026-08-17T03:35:13.643250+03:00,1206,Kutlugün Sokak 2,FATİH,41.0061,28.9801,200,1,199,YOL ÜSTÜ,0,0,08:00-18:00
2026-08-17T00:35:13.643250+00:00,2026-08-17T03:35:13.643250+03:00,3074,Küçük Çamlıca,ÜSKÜDAR,41.0204,29.0653,129,107,22,AÇIK OTOPARK,0,0,08:00-22:00
2026-08-17T00:35:13.643250+00:00,2026-08-17T03:35:13.643250+03:00,3127,Küçükçekmece Cennet Mahallesi Meydan Zemin Altı Otoparkı,KÜÇÜKÇEKMECE,40.9907,28.783,456,0,456,KAPALI OTOPARK,0,10,24 Saat
2026-08-17T00:35:13.643250+00:00,2026-08-17T03:35:13.643250+03:00,2554,Küçükçekmece Fevzi Çakmak Meydanı Zemin Altı Otoparkı,KÜÇÜKÇEKMECE,41.0076,28.7927,1000,480,520,KAPALI OTOPARK,0,10,24 Saat
2026-08-17T00:35:13.643250+00:00,2026-08-17T03:35:13.643250+03:00,2882,Küçüksu Kasrı Açık Otoparkı,BEYKOZ,41.0789,29.0657,98,92,6,AÇIK OTOPARK,0,0,07:00-23:00
2026-08-17T00:35:13.643250+00:00,2026-08-17T03:35:13.643250+03:00,220,Levent Hamidiye,BEŞİKTAŞ,41.0861,29.0076,100,1,99,AÇIK OTOPARK,0,0,08:00-19:00
2026-08-17T00:35:13.643250+00:00,2026-08-17T03:35:13.643250+03:00,1138,Levent Metro Yer Altı Otoparkı,BEŞİKTAŞ,41.0811,29.0105,100,1,99,AÇIK OTOPARK,0,5,07:30-19:30
2026-08-17T00:35:13.643250+00:00,2026-08-17T03:35:13.643250+03:00,2335,Maçka Açık Otoparkı,ŞİŞLİ,41.046,28.9908,75,72,3,AÇIK OTOPARK,1,0,24 Saat
2026-08-17T00:35:13.643250+00:00,2026-08-17T03:35:13.643250+03:00,1859,Maçka Katlı Otoparkı,ŞİŞLİ,41.0484,28.9903,508,360,148,KAPALI OTOPARK,0,0,24 Saat
2026-08-17T00:35:13.643250+00:00,2026-08-17T03:35:13.643250+03:00,3193,Maltepe Rıhtım Caddesi Açık Otoparkı,MALTEPE,40.9258,29.1241,76,74,2,AÇIK OTOPARK,1,0,24 Saat
2026-08-17T00:35:13.643250+00:00,2026-08-17T03:35:13.643250+03:00,2146,Maltepe Süreyyapaşa Çarşısı Açık Otoparkı,MALTEPE,40.9274,29.1225,156,135,21,AÇIK OTOPARK,1,0,24 Saat
2026-08-17T00:35:13.643250+00:00,2026-08-17T03:35:13.643250+03:00,1599,Maslak Açık Otoparkı,SARIYER,41.1166,29.024,150,138,12,AÇIK OTOPARK,0,10,24 Saat
2026-08-17T00:35:13.643250+00:00,2026-08-17T03:35:13.643250+03:00,2100,Matbaacılar Sitesi Yanı,ZEYTİNBURNU,41.0234,28.9187,250,221,29,AÇIK OTOPARK,1,5,24 Saat
2026-08-17T00:35:13.643250+00:00,2026-08-17T03:35:13.643250+03:00,920,Meclis-i Mebusan Yokuşu 2,BEYOĞLU,41.0326,28.9882,34,1,33,YOL ÜSTÜ,0,15,09:00-17:00
2026-08-17T00:35:13.643250+00:00,2026-08-17T03:35:13.643250+03:00,1546,Menekşe Plajı Açık Otoparkı,BAKIRKÖY,40.9761,28.7766,200,200,0,AÇIK OTOPARK,0,0,24 Saat
2026-08-17T00:35:13.643250+00:00,2026-08-17T03:35:13.643250+03:00,1376,Mercan Açık,FATİH,41.0136,28.9669,130,128,2,AÇIK OTOPARK,0,0,08:00-23:00
2026-08-17T00:35:13.643250+00:00,2026-08-17T03:35:13.643250+03:00,3309,Mercan Ali Paşa Sarayı Zemin Altı Otoparkı,FATİH,41.0136,28.967,196,1,195,KAPALI OTOPARK,0,0,07:00-21:00
2026-08-17T00:35:13.643250+00:00,2026-08-17T03:35:13.643250+03:00,1472,Merter Katlı Otoparkı,GÜNGÖREN,41.0092,28.8874,1000,905,95,KAPALI OTOPARK,0,10,24 Saat
2026-08-17T00:35:13.643250+00:00,2026-08-17T03:35:13.643250+03:00,2375,Merter Metro PD Zeminaltı Otoparkı,GÜNGÖREN,41.0037,28.8897,242,81,161,KAPALI OTOPARK,1,10,24 Saat
2026-08-17T00:35:13.643250+00:00,2026-08-17T03:35:13.643250+03:00,1568,Mete Caddesi 1,BEYOĞLU,41.0382,28.9879,31,1,30,YOL ÜSTÜ,0,15,08:00-23:00
2026-08-17T00:35:13.643250+00:00,2026-08-17T03:35:13.643250+03:00,1471,Mevlana Yeraltı Katlı Otoparkı,ZEYTİNBURNU,41.0072,28.9049,1000,842,158,KAPALI OTOPARK,0,5,24 Saat
2026-08-17T00:35:13.643250+00:00,2026-08-17T03:35:13.643250+03:00,2709,Millet Caddesi Açık Otoparkı,FATİH,41.01,28.9461,60,1,59,AÇIK OTOPARK,0,15,24 Saat
2026-08-17T00:35:13.643250+00:00,2026-08-17T03:35:13.643250+03:00,3152,Mimar Sinan Zemin Altı Otoparkı,ÜSKÜDAR,41.0222,29.0169,956,169,787,KAPALI OTOPARK,0,15,24 Saat
2026-08-17T00:35:13.643250+00:00,2026-08-17T03:35:13.643250+03:00,2870,Miniatürk Çadır Açık Otoparkı,BEYOĞLU,41.0594,28.9501,250,174,76,AÇIK OTOPARK,0,15,07:00-20:00
2026-08-17T00:35:13.643250+00:00,2026-08-17T03:35:13.643250+03:00,2556,Muallim Naci Açık Otoparkı,BEŞİKTAŞ,41.0561,29.0342,35,29,6,AÇIK OTOPARK,1,15,24 Saat
2026-08-17T00:35:13.643250+00:00,2026-08-17T03:35:13.643250+03:00,569,Oda Kule Önü 1,BEYOĞLU,41.0322,28.9751,24,1,23,YOL ÜSTÜ,0,0,07:00-01:00
2026-08-17T00:35:13.643250+00:00,2026-08-17T03:35:13.643250+03:00,1988,Orhangazi Şehir Parkı PD Açık Otoparkı,MALTEPE,40.9313,29.1161,5022,4673,349,AÇIK OTOPARK,1,15,24 Saat
2026-08-17T00:35:13.643250+00:00,2026-08-17T03:35:13.643250+03:00,152,Ortabahçe Caddesi 2,BEŞİKTAŞ,41.0428,29.0043,35,1,34,YOL ÜSTÜ,0,15,08:00-23:00
2026-08-17T00:35:13.643250+00:00,2026-08-17T03:35:13.643250+03:00,153,Ortabahçe Caddesi 3,BEŞİKTAŞ,41.043,29.0042,26,1,25,YOL ÜSTÜ,0,15,08:00-23:00
2026-08-17T00:35:13.643250+00:00,2026-08-17T03:35:13.643250+03:00,119,Ortaklar Caddesi 1,ŞİŞLİ,41.0638,28.9971,25,1,24,YOL ÜSTÜ,0,15,08:30-17:00
2026-08-17T00:35:13.643250+00:00,2026-08-17T03:35:13.643250+03:00,1343,Ortaköy Açık Otoparkı,BEŞİKTAŞ,41.0504,29.0326,170,159,11,AÇIK OTOPARK,1,0,24 Saat
2026-08-17T00:35:13.643250+00:00,2026-08-17T03:35:13.643250+03:00,572,Ortaköy Portakal Yokuşu 1,BEŞİKTAŞ,41.0503,29.0261,15,1,14,YOL ÜSTÜ,0,15,09:00-19:00
2026-08-17T00:35:13.643250+00:00,2026-08-17T03:35:13.643250+03:00,1039,Öğretmen Evi,AVCILAR,40.9723,28.714,80,41,39,AÇIK OTOPARK,0,0,11:00-23:00
2026-08-17T00:35:13.643250+00:00,2026-08-17T03:35:13.643250+03:00,1466,Pendik Katlı Otoparkı,PENDİK,40.8789,29.2342,120,0,120,KAPALI OTOPARK,0,15,24 Saat
2026-08-17T00:35:13.643250+00:00,2026-08-17T03:35:13.643250+03:00,3073,Pendik Kemal Kalkuz Parkı Zemin Altı Otoparkı,PENDİK,40.8885,29.2427,224,1,223,KAPALI OTOPARK,0,0,09:00-18:00
2026-08-17T00:35:13.643250+00:00,2026-08-17T03:35:13.643250+03:00,3019,Pendik Meydan Zemin Altı Otoparkı,PENDİK,40.8752,29.2324,937,0,937,KAPALI OTOPARK,1,0,24 Saat
2026-08-17T00:35:13.643250+00:00,2026-08-17T03:35:13.643250+03:00,2865,Pendik Sahil Engelliler Merkez Önü,PENDİK,40.8735,29.233,100,66,34,AÇIK OTOPARK,0,0,11:00-20:00
2026-08-17T00:35:13.643250+00:00,2026-08-17T03:35:13.643250+03:00,2434,Pendik Sahil İdo,PENDİK,40.8755,29.2369,100,0,100,AÇIK OTOPARK,0,0,07:00-23:00
2026-08-17T00:35:13.643250+00:00,2026-08-17T03:35:13.643250+03:00,248,Pendik Yenimahalle Açık 2 Otoparkı,PENDİK,40.864,29.2723,124,108,16,AÇIK OTOPARK,0,15,10:00-22:00
2026-08-17T00:35:13.643250+00:00,2026-08-17T03:35:13.643250+03:00,297,Perşembe Pazarı 1,BEYOĞLU,41.0252,28.9693,32,1,31,YOL ÜSTÜ,0,15,08:00-17:00
2026-08-17T00:35:13.643250+00:00,2026-08-17T03:35:13.643250+03:00,597,Pierre Loti Caddesi 3,FATİH,41.0069,28.9711,36,1,35,YOL ÜSTÜ,0,0,07:00-17:00
2026-08-17T00:35:13.643250+00:00,2026-08-17T03:35:13.643250+03:00,3263,Piyalepaşa Meydanı Zemin Altı Otoparkı,BEYOĞLU,41.0445,28.9674,560,228,332,KAPALI OTOPARK,0,0,24 Saat
2026-08-17T00:35:13.643250+00:00,2026-08-17T03:35:13.643250+03:00,1900,Ragıp Gümüşpala Cad.(Sobacılar Önü),FATİH,41.0181,28.969,40,1,39,YOL ÜSTÜ,0,15,07:00-18:00
2026-08-17T00:35:13.643250+00:00,2026-08-17T03:35:13.643250+03:00,415,Ragıp Gümüşpala Camii Önü 1,FATİH,41.0211,28.9627,35,1,34,YOL ÜSTÜ,0,0,07:00-17:30
2026-08-17T00:35:13.643250+00:00,2026-08-17T03:35:13.643250+03:00,3268,Refik Saydam Caddesi 3,BEYOĞLU,41.032,28.9736,55,1,54,YOL ÜSTÜ,0,0,06:00-23:00
2026-08-17T00:35:13.643250+00:00,2026-08-17T03:35:13.643250+03:00,2307,Ressam Halim Sokak PD Açık Otoparkı,BAHÇELİEVLER,40.9967,28.8641,120,110,10,AÇIK OTOPARK,0,15,08:00-00:00
2026-08-17T00:35:13.643250+00:00,2026-08-17T03:35:13.643250+03:00,3082,Rumeli Hisarı Sahil Yolu Otoparkı,SARIYER,41.0854,29.0568,20,15,5,AÇIK OTOPARK,1,0,24 Saat
2026-08-17T00:35:13.643250+00:00,2026-08-17T03:35:13.643250+03:00,1595,Sabiha Gökçen Açık Otoparkı,PENDİK,40.925,29.308,1056,319,737,AÇIK OTOPARK,0,15,24 Saat
2026-08-17T00:35:13.643250+00:00,2026-08-17T03:35:13.643250+03:00,3239,Samatya Sahil Cep Otoparkı,FATİH,40.9954,28.932,113,107,6,AÇIK OTOPARK,1,15,24 Saat
2026-08-17T00:35:13.643250+00:00,2026-08-17T03:35:13.643250+03:00,3273,Sarıyer Büyükdere Fidanlığı,SARIYER,41.1548,29.0268,160,155,5,AÇIK OTOPARK,0,0,08:00-18:00
2026-08-17T00:35:13.643250+00:00,2026-08-17T03:35:13.643250+03:00,3299,Sariyer Ayazağa Mah Vadi İstanbul Önü Açık Otoparkı,SARIYER,41.1106,28.9881,100,1,99,AÇIK OTOPARK,0,0,08:00-20:00
2026-08-17T00:35:13.643250+00:00,2026-08-17T03:35:13.643250+03:00,1303,Seyrantepe Katlı (Arena Karşısı) 1,KAĞITHANE,41.101,28.9961,1897,1,1896,KAPALI OTOPARK,1,0,24 Saat
2026-08-17T00:35:13.643250+00:00,2026-08-17T03:35:13.643250+03:00,1628,Sıracevizler Caddesi Yol Üstü 5,ŞİŞLİ,41.0607,28.9841,45,1,44,YOL ÜSTÜ,0,15,09:00-17:00
2026-08-17T00:35:13.643250+00:00,2026-08-17T03:35:13.643250+03:00,464,Sirkeci Gar Önü,FATİH,41.015,28.9761,60,1,59,AÇIK OTOPARK,0,5,07:00-20:00
2026-08-17T00:35:13.643250+00:00,2026-08-17T03:35:13.643250+03:00,1486,Siyavuşpaşa Yer Altı Otoparkı,BAHÇELİEVLER,40.9965,28.8532,155,0,155,KAPALI OTOPARK,1,0,24 Saat
2026-08-17T00:35:13.643250+00:00,2026-08-17T03:35:13.643250+03:00,1958,Soğanlık Metro PD Açık Otoparkı,KARTAL,40.9131,29.1925,898,878,20,AÇIK OTOPARK,0,15,24 Saat
2026-08-17T00:35:13.643250+00:00,2026-08-17T03:35:13.643250+03:00,589,Su Terazisi Sokak,FATİH,41.0046,28.9727,22,1,21,YOL ÜSTÜ,0,0,07:30-17:00
2026-08-17T00:35:13.643250+00:00,2026-08-17T03:35:13.643250+03:00,1478,Suadiye Cep Açık Otoparkı,KADIKÖY,40.9586,29.0732,130,127,3,AÇIK OTOPARK,0,15,24 Saat
2026-08-17T00:35:13.643250+00:00,2026-08-17T03:35:13.643250+03:00,2948,Suadiye Sahil Açık Otoparkı,KADIKÖY,40.9562,29.0797,70,64,6,AÇIK OTOPARK,1,5,24 Saat
2026-08-17T00:35:13.643250+00:00,2026-08-17T03:35:13.643250+03:00,2799,Sultanbeyli Emir Caddesi Zemin Altı Otoparkı,SULTANBEYLİ,40.9707,29.2606,130,122,8,KAPALI OTOPARK,0,15,08:00-22:00
2026-08-17T00:35:13.643250+00:00,2026-08-17T03:35:13.643250+03:00,2372,Sultanbeyli Kent Meydanı Zemin Altı Otoparkı,SULTANBEYLİ,40.9667,29.2667,300,197,103,KAPALI OTOPARK,1,15,24 Saat
2026-08-17T00:35:13.643250+00:00,2026-08-17T03:35:13.643250+03:00,2410,Sultangazi Zemin Altı Otoparkı,SULTANGAZİ,41.0944,28.8649,104,0,104,KAPALI OTOPARK,1,10,24 Saat
2026-08-17T00:35:13.643250+00:00,2026-08-17T03:35:13.643250+03:00,2085,Süleyman Seba Caddesi 2,BEŞİKTAŞ,41.0426,28.9998,40,1,39,YOL ÜSTÜ,0,15,08:00-18:00
2026-08-17T00:35:13.643250+00:00,2026-08-17T03:35:13.643250+03:00,2088,Süleyman Seba Caddesi 5,BEŞİKTAŞ,41.0432,28.9978,40,1,39,YOL ÜSTÜ,0,15,08:00-18:00
2026-08-17T00:35:13.643250+00:00,2026-08-17T03:35:13.643250+03:00,2089,Süleyman Seba Caddesi 6,BEŞİKTAŞ,41.0435,28.9967,11,1,10,YOL ÜSTÜ,0,15,08:00-18:00
2026-08-17T00:35:13.643250+00:00,2026-08-17T03:35:13.643250+03:00,2391,Süleymaniye Cami Altı Açık Otoparkı,FATİH,41.0158,28.961,250,234,16,AÇIK OTOPARK,0,0,06:30-18:30
2026-08-17T00:35:13.643250+00:00,2026-08-17T03:35:13.643250+03:00,1730,Sütlüce Miniatürk Yanı,BEYOĞLU,41.057,28.95,320,240,80,AÇIK OTOPARK,1,15,24 Saat
2026-08-17T00:35:13.643250+00:00,2026-08-17T03:35:13.643250+03:00,36,Şakayık Sokak 4,ŞİŞLİ,41.0518,28.9936,50,1,49,YOL ÜSTÜ,0,15,08:00-16:00
2026-08-17T00:35:13.643250+00:00,2026-08-17T03:35:13.643250+03:00,1469,Şehit Volkan Duysak Katlı Otoparkı,ZEYTİNBURNU,40.9968,28.9039,1000,662,338,KAPALI OTOPARK,0,5,24 Saat
2026-08-17T00:35:13.643250+00:00,2026-08-17T03:35:13.643250+03:00,2855,Şemsipaşa Açık Otoparkı,ÜSKÜDAR,41.0255,29.0097,80,79,1,AÇIK OTOPARK,1,0,24 Saat
2026-08-17T00:35:13.643250+00:00,2026-08-17T03:35:13.643250+03:00,2439,Şirinevler Meydan Zeminaltı Otoparkı,BAHÇELİEVLER,40.9925,28.8496,367,90,277,KAPALI OTOPARK,1,0,24 Saat
2026-08-17T00:35:13.643250+00:00,2026-08-17T03:35:13.643250+03:00,3400,Şişhane Refik Saydam Caddesi 2 Yol Üstü Otoparkı 1,BEYOĞLU,41.0326,28.9743,70,1,69,YOL ÜSTÜ,0,15,06:00-23:00
2026-08-17T00:35:13.643250+00:00,2026-08-17T03:35:13.643250+03:00,3441,Şişli Kuştepe Zemin Altı Otoparkı,ŞİŞLİ,41.072,28.9919,430,289,141,KAPALI OTOPARK,0,15,24 Saat
2026-08-17T00:35:13.643250+00:00,2026-08-17T03:35:13.643250+03:00,2816,Şişli Rumeli Caddesi Metro Yanı 1,ŞİŞLİ,41.0538,28.9868,45,1,44,YOL ÜSTÜ,0,15,08:00-20:00
2026-08-17T00:35:13.643250+00:00,2026-08-17T03:35:13.643250+03:00,2406,Şişli Zemin Altı Otoparkı,ŞİŞLİ,41.0641,28.9992,581,427,154,KAPALI OTOPARK,1,15,24 Saat
2026-08-17T00:35:13.643250+00:00,2026-08-17T03:35:13.643250+03:00,1993,Tuzla İdo,TUZLA,40.8149,29.3039,300,264,36,AÇIK OTOPARK,0,15,24 Saat
2026-08-17T00:35:13.643250+00:00,2026-08-17T03:35:13.643250+03:00,3332,Tuzla Sahil Cep,TUZLA,40.8168,29.2992,50,38,12,AÇIK OTOPARK,0,0,08:00-00:00
2026-08-17T00:35:13.643250+00:00,2026-08-17T03:35:13.643250+03:00,3057,Tuzla Sahil Zemin Altı Otoparkı,TUZLA,40.8181,29.3004,779,1,778,KAPALI OTOPARK,1,15,24 Saat
2026-08-17T00:35:13.643250+00:00,2026-08-17T03:35:13.643250+03:00,1811,Ulu Camii Açık Otoparkı,BAHÇELİEVLER,40.9982,28.8499,150,112,38,AÇIK OTOPARK,1,10,24 Saat
2026-08-17T00:35:13.643250+00:00,2026-08-17T03:35:13.643250+03:00,2424,Uzunçayır Açık Otoparkı,KADIKÖY,40.9988,29.0556,58,51,7,AÇIK OTOPARK,0,0,06:00-16:00
2026-08-17T00:35:13.643250+00:00,2026-08-17T03:35:13.643250+03:00,1468,Ümraniye Katlı Otoparkı,ÜMRANİYE,41.0261,29.0953,665,570,95,KAPALI OTOPARK,0,15,24 Saat
2026-08-17T00:35:13.643250+00:00,2026-08-17T03:35:13.643250+03:00,2898,Ümraniye Okan Sokak Zeminaltı Otoparkı,ÜMRANİYE,41.0284,29.0907,125,15,110,KAPALI OTOPARK,1,15,24 Saat
2026-08-17T00:35:13.643250+00:00,2026-08-17T03:35:13.643250+03:00,2345,Üsküdar Uzunçayır PD Açık Otoparkı,ÜSKÜDAR,40.9988,29.0577,90,83,7,AÇIK OTOPARK,0,15,06:00-22:00
2026-08-17T00:35:13.643250+00:00,2026-08-17T03:35:13.643250+03:00,1929,Üsküdar Ünalan Açık Otoparkı,ÜSKÜDAR,40.9979,29.0604,180,174,6,AÇIK OTOPARK,0,0,07:00-17:00
2026-08-17T00:35:13.643250+00:00,2026-08-17T03:35:13.643250+03:00,1487,Vatan Caddesi PD Açık Otoparkı,FATİH,41.0157,28.9405,397,359,38,AÇIK OTOPARK,0,5,24 Saat
2026-08-17T00:35:13.643250+00:00,2026-08-17T03:35:13.643250+03:00,2441,Yalı Açık Otoparkı,MALTEPE,40.9095,29.137,85,82,3,AÇIK OTOPARK,0,0,07:30-22:00
2026-08-17T00:35:13.643250+00:00,2026-08-17T03:35:13.643250+03:00,459,Yalı Köşkü Caddesi 1,FATİH,41.0163,28.9759,61,1,60,YOL ÜSTÜ,0,5,07:00-21:00
2026-08-17T00:35:13.643250+00:00,2026-08-17T03:35:13.643250+03:00,2037,Yenikapı Marmaray Büyük Otoparkı,FATİH,41.0057,28.9505,324,269,55,AÇIK OTOPARK,1,15,24 Saat
2026-08-17T00:35:13.643250+00:00,2026-08-17T03:35:13.643250+03:00,2036,Yenikapı Marmaray Küçük Otoparkı,FATİH,41.0064,28.9504,200,200,0,AÇIK OTOPARK,0,15,07:00-22:00
2026-08-17T00:35:13.643250+00:00,2026-08-17T03:35:13.643250+03:00,2175,Yenikapı Spor ve Kültür Merkezi PD Açık Otoparkı,FATİH,41.0006,28.9519,4023,3955,68,AÇIK OTOPARK,0,15,24 Saat
2026-08-17T00:35:13.643250+00:00,2026-08-17T03:35:13.643250+03:00,2805,Yenikapı Tünel Üstü Açık Otoparkı,FATİH,41.0029,28.9534,700,646,54,AÇIK OTOPARK,1,10,24 Saat
2026-08-17T00:35:13.643250+00:00,2026-08-17T03:35:13.643250+03:00,3404,Yenimahalle Metro Zemin Altı PD Otoparkı,GAZİOSMANPAŞA,41.0839,28.8926,114,88,26,KAPALI OTOPARK,1,15,24 Saat
2026-08-17T00:35:13.643250+00:00,2026-08-17T03:35:13.643250+03:00,2920,Yeşilce Zemin Altı Katlı Otoparkı,KAĞITHANE,41.0938,29.0017,676,0,676,KAPALI OTOPARK,1,0,24 Saat
2026-08-17T00:35:13.643250+00:00,2026-08-17T03:35:13.643250+03:00,987,Yeşilköy İstasyon Caddesi 1,BAKIRKÖY,40.962,28.825,40,1,39,YOL ÜSTÜ,0,15,09:00-17:30
2026-08-17T00:35:13.643250+00:00,2026-08-17T03:35:13.643250+03:00,974,Yeşilköy Marina 1,BAKIRKÖY,40.9576,28.8233,145,1,144,YOL ÜSTÜ,0,0,12:00-23:00
2026-08-17T00:35:13.643250+00:00,2026-08-17T03:35:13.643250+03:00,3406,Yeşilpınar Metro Zemin Altı PD Otoparkı,EYÜP,41.081,28.9204,269,182,87,KAPALI OTOPARK,1,15,24 Saat
2026-08-17T00:35:13.643250+00:00,2026-08-17T03:35:13.643250+03:00,315,Yeşilyurt Çarşı 1,BAKIRKÖY,40.9643,28.8379,50,1,49,YOL ÜSTÜ,0,15,09:00-17:30
2026-08-17T00:35:13.643250+00:00,2026-08-17T03:35:13.643250+03:00,1133,Yıldız Korusu,BEŞİKTAŞ,41.0514,29.0165,500,1,499,AÇIK OTOPARK,0,0,08:00-22:00
2026-08-17T00:35:13.643250+00:00,2026-08-17T03:35:13.643250+03:00,882,Zeytinburnu 58. Bulvar 2,ZEYTİNBURNU,40.9932,28.9039,48,1,47,YOL ÜSTÜ,0,15,09:00-18:00
2026-08-17T00:35:13.643250+00:00,2026-08-17T03:35:13.643250+03:00,3185,Zeytinburnu Sahil Cep Otoparkı,ZEYTİNBURNU,40.9798,28.8985,160,1,159,AÇIK OTOPARK,0,0,12:00-22:00
2026-08-17T02:07:58.955499+00:00,2026-08-17T05:07:58.955499+03:00,3068,15 Temmuz Şehitler Meydanı Zeminaltı Otoparkı,ÜMRANİYE,41.0246,29.0915,1029,604,425,KAPALI OTOPARK,0,15,24 Saat
2026-08-17T02:07:58.955499+00:00,2026-08-17T05:07:58.955499+03:00,2338,19 Mayıs Açık,ŞİŞLİ,41.0563,28.9941,65,0,65,AÇIK OTOPARK,1,0,24 Saat
2026-08-17T02:07:58.955499+00:00,2026-08-17T05:07:58.955499+03:00,1751,4.Levent PD Açık Otoparkı,KAĞITHANE,41.0836,29.0081,236,143,93,AÇIK OTOPARK,1,5,24 Saat
2026-08-17T02:07:58.955499+00:00,2026-08-17T05:07:58.955499+03:00,3328,4.Levent Servis ve Turizm Araçları Açık Otoparkı,ŞİŞLİ,41.0841,29.0054,300,138,162,AÇIK OTOPARK,1,15,24 Saat
2026-08-17T02:07:58.955499+00:00,2026-08-17T05:07:58.955499+03:00,3412,5. Levent Gaziosmanpaşa Adliyesi Yanı Açık Otoparkı,EYÜP,41.0927,28.9494,250,203,47,AÇIK OTOPARK,0,15,07:00-23:00
2026-08-17T02:07:58.955499+00:00,2026-08-17T05:07:58.955499+03:00,104,Abide-i Hürriyet Caddesi 5,ŞİŞLİ,41.0619,28.9876,40,1,39,YOL ÜSTÜ,0,15,08:00-17:00
2026-08-17T02:07:58.955499+00:00,2026-08-17T05:07:58.955499+03:00,2452,Acıbadem Açık Otoparkı,ÜSKÜDAR,41.0157,29.0574,100,86,14,AÇIK OTOPARK,0,0,06:30-16:00
2026-08-17T02:07:58.955499+00:00,2026-08-17T05:07:58.955499+03:00,346,Ada Karşısı Cep 2,BEŞİKTAŞ,41.072,29.045,30,1,29,YOL ÜSTÜ,0,15,08:00-23:00
2026-08-17T02:07:58.955499+00:00,2026-08-17T05:07:58.955499+03:00,1663,Akasyalı Sokak Tenis Kulubü Önü 2,BEŞİKTAŞ,41.0867,29.0109,45,1,44,YOL ÜSTÜ,0,15,08:30-17:30
2026-08-17T02:07:58.955499+00:00,2026-08-17T05:07:58.955499+03:00,828,Akdeniz Caddesi 4,FATİH,41.0175,28.9435,27,1,26,YOL ÜSTÜ,0,15,09:00-18:00
2026-08-17T02:07:58.955499+00:00,2026-08-17T05:07:58.955499+03:00,1913,Alibeyköy Cep Otogarı Açık Otoparkı,EYÜP,41.0879,28.9446,116,0,116,AÇIK OTOPARK,1,25,24 Saat
2026-08-17T02:07:58.955499+00:00,2026-08-17T05:07:58.955499+03:00,1912,Alibeyköy Cep Otogarı Otobüs Otoparkı,EYÜP,41.0875,28.9449,5000,1,4999,AÇIK OTOPARK,1,60,24 Saat
2026-08-17T02:07:58.955499+00:00,2026-08-17T05:07:58.955499+03:00,2562,Alibeyköy Yeşiltepe Zemin Altı Otoparkı,EYÜP,41.0797,28.938,159,50,109,KAPALI OTOPARK,0,15,24 Saat
2026-08-17T02:07:58.955499+00:00,2026-08-17T05:07:58.955499+03:00,3201,Altınboynuz Sosyal Tesisleri,EYÜP,41.058,28.9447,70,1,69,AÇIK OTOPARK,0,15,08:00-23:00
2026-08-17T02:07:58.955499+00:00,2026-08-17T05:07:58.955499+03:00,758,Arap Camii Açık Otoparkı,BEYOĞLU,41.0227,28.9723,30,1,29,AÇIK OTOPARK,0,0,09:00-17:00
2026-08-17T02:07:58.955499+00:00,2026-08-17T05:07:58.955499+03:00,1963,Aras Sokak 1,BÜYÜKÇEKMECE,41.0226,28.622,60,1,59,YOL ÜSTÜ,0,0,06:00-14:30
2026-08-17T02:07:58.955499+00:00,2026-08-17T05:07:58.955499+03:00,2802,Arnavutköy Zemin Altı Otoparkı,ARNAVUTKÖY,41.1838,28.7396,700,0,700,KAPALI OTOPARK,1,15,24 Saat
2026-08-17T02:07:58.955499+00:00,2026-08-17T05:07:58.955499+03:00,1797,Ataköy Atrium AVM,BAKIRKÖY,40.9881,28.8459,250,243,7,AÇIK OTOPARK,0,15,08:00-23:00
2026-08-17T02:07:58.955499+00:00,2026-08-17T05:07:58.955499+03:00,2824,Ataköy Metro Durağı Yanı PD Zemin Altı Otoparkı,BAKIRKÖY,40.9904,28.8456,150,81,69,KAPALI OTOPARK,1,0,24 Saat
2026-08-17T02:07:58.955499+00:00,2026-08-17T05:07:58.955499+03:00,359,Atatürk Bulvarı 1,FATİH,41.0112,28.9534,20,1,19,YOL ÜSTÜ,0,0,07:30-18:00
2026-08-17T02:07:58.955499+00:00,2026-08-17T05:07:58.955499+03:00,3087,Atatürk Kent Ormanı Otoparkı,SARIYER,41.136,29.0262,200,197,3,AÇIK OTOPARK,0,0,08:00-17:00
2026-08-17T02:07:58.955499+00:00,2026-08-17T05:07:58.955499+03:00,2243,Avcılar Denizköşkler Toplantı ve Davet Salonu Açık Otoparkı,AVCILAR,40.9746,28.7435,200,188,12,AÇIK OTOPARK,0,15,13:00-07:00
2026-08-17T02:07:58.955499+00:00,2026-08-17T05:07:58.955499+03:00,1088,Avcılar İdo,AVCILAR,40.9712,28.7185,270,259,11,AÇIK OTOPARK,0,0,13:00-07:00
2026-08-17T02:07:58.955499+00:00,2026-08-17T05:07:58.955499+03:00,2885,Azapkapı Haliç Metro Otoparkı,ŞİŞLİ,41.0245,28.9691,80,73,7,AÇIK OTOPARK,1,5,24 Saat
2026-08-17T02:07:58.955499+00:00,2026-08-17T05:07:58.955499+03:00,2455,Azerbaycan Dostluk Parkı Zemin Altı Otoparkı,BAĞCILAR,41.0444,28.854,400,139,261,KAPALI OTOPARK,0,10,24 Saat
2026-08-17T02:07:58.955499+00:00,2026-08-17T05:07:58.955499+03:00,2965,Bağcılar Çolakoğlu Zemin Altı Otoparkı,BAĞCILAR,41.0324,28.8345,106,0,106,KAPALI OTOPARK,1,5,24 Saat
2026-08-17T02:07:58.955499+00:00,2026-08-17T05:07:58.955499+03:00,2576,Bağcılar Demirkapı Zemin Altı Otoparkı,BAĞCILAR,41.0499,28.8327,343,126,217,KAPALI OTOPARK,1,5,24 Saat
2026-08-17T02:07:58.955499+00:00,2026-08-17T05:07:58.955499+03:00,3036,Bağcılar Devlet Hastanesi Yanı Zeminaltı Otoparkı,BAĞCILAR,41.0312,28.8696,1133,98,1035,KAPALI OTOPARK,1,15,24 Saat
2026-08-17T02:07:58.955499+00:00,2026-08-17T05:07:58.955499+03:00,3071,Bağcılar Emniyet Müdürlüğü Yanı Açık Otoparkı,BAĞCILAR,41.0353,28.8598,100,46,54,AÇIK OTOPARK,1,0,24 Saat
2026-08-17T02:07:58.955499+00:00,2026-08-17T05:07:58.955499+03:00,2873,Bağcılar Göztepe Zemin Altı,BAĞCILAR,41.0567,28.8355,120,0,120,KAPALI OTOPARK,1,5,24 Saat
2026-08-17T02:07:58.955499+00:00,2026-08-17T05:07:58.955499+03:00,3187,Bağcılar Hürriyet Mahallesi Zemin Altı Otoparkı,BAĞCILAR,41.0291,28.8333,355,0,355,KAPALI OTOPARK,1,10,24 Saat
2026-08-17T02:07:58.955499+00:00,2026-08-17T05:07:58.955499+03:00,2916,Bağcılar Kent Meydanı PD Zemin Altı Otoparkı,BAĞCILAR,41.0339,28.8556,1162,0,1162,KAPALI OTOPARK,0,0,24 Saat
2026-08-17T02:07:58.955499+00:00,2026-08-17T05:07:58.955499+03:00,3261,Bağcılar Yenimahalle Zemin Altı Otoparkı,BAĞCILAR,41.0425,28.8395,525,252,273,KAPALI OTOPARK,1,15,24 Saat
2026-08-17T02:07:58.955499+00:00,2026-08-17T05:07:58.955499+03:00,2820,Bağcılar Yıldıztepe Katlı Otoparkı,BAĞCILAR,41.0294,28.8556,350,0,350,KAPALI OTOPARK,1,10,24 Saat
2026-08-17T02:07:58.955499+00:00,2026-08-17T05:07:58.955499+03:00,3447,Bahçelievler 23 Nisan Milli Egemenlik Zeminaltı Otoparkı,BAHÇELİEVLER,40.9988,28.8472,732,382,350,KAPALI OTOPARK,1,10,24 Saat
2026-08-17T02:07:58.955499+00:00,2026-08-17T05:07:58.955499+03:00,2993,Bahçelievler Cumhuriyet Zeminaltı Otoparkı,BAHÇELİEVLER,41.0149,28.859,663,0,663,KAPALI OTOPARK,0,10,24 Saat
2026-08-17T02:07:58.955499+00:00,2026-08-17T05:07:58.955499+03:00,2969,Bahçelievler Devlet Hastanesi Yanı Katlı Otoparkı,BAHÇELİEVLER,41.0072,28.8442,740,0,740,KAPALI OTOPARK,1,0,24 Saat
2026-08-17T02:07:58.955499+00:00,2026-08-17T05:07:58.955499+03:00,3051,Bahçelievler Zafer Mh. Zeminaltı Otoparkı,BAHÇELİEVLER,41.0036,28.8351,200,42,158,KAPALI OTOPARK,1,0,24 Saat
2026-08-17T02:07:58.955499+00:00,2026-08-17T05:07:58.955499+03:00,3236,Bahçeşehir Gölet Açık Otoparkı,BAŞAKŞEHİR,41.0719,28.6901,200,1,199,AÇIK OTOPARK,0,0,12:00-22:00
2026-08-17T02:07:58.955499+00:00,2026-08-17T05:07:58.955499+03:00,1465,Bakırköy İdo Açık Otoparkı,BAKIRKÖY,40.9739,28.8761,160,143,17,AÇIK OTOPARK,1,10,24 Saat
2026-08-17T02:07:58.955499+00:00,2026-08-17T05:07:58.955499+03:00,1104,Balmumcu Katlı Otoparkı,BEŞİKTAŞ,41.0636,29.0109,400,327,73,KAPALI OTOPARK,1,5,24 Saat
2026-08-17T02:07:58.955499+00:00,2026-08-17T05:07:58.955499+03:00,2350,Bayrampaşa Adapark Katlı Otoparkı,BAYRAMPAŞA,41.0647,28.8875,650,0,650,KAPALI OTOPARK,0,15,24 Saat
2026-08-17T02:07:58.955499+00:00,2026-08-17T05:07:58.955499+03:00,2892,Bayrampaşa Altıntepsi Zemin  Altı Otoparkı,BAYRAMPAŞA,41.0393,28.9029,110,0,110,KAPALI OTOPARK,0,10,24 Saat
2026-08-17T02:07:58.955499+00:00,2026-08-17T05:07:58.955499+03:00,2909,Bayrampaşa Atatürk Parkı  Zemin Altı Otoparkı,BAYRAMPAŞA,41.0342,28.9123,442,0,442,KAPALI OTOPARK,0,10,24 Saat
2026-08-17T02:07:58.955499+00:00,2026-08-17T05:07:58.955499+03:00,2683,Bayrampaşa Devlet Hastanesi Cep Otoparkı,BAYRAMPAŞA,41.0414,28.9031,55,34,21,AÇIK OTOPARK,0,0,08:00-19:00
2026-08-17T02:07:58.955499+00:00,2026-08-17T05:07:58.955499+03:00,3301,Bayrampaşa Kocatepe Mahallesi Zemin Altı Otoparkı,BAYRAMPAŞA,41.0545,28.8964,241,0,241,KAPALI OTOPARK,1,10,24 Saat
2026-08-17T02:07:58.955499+00:00,2026-08-17T05:07:58.955499+03:00,2053,Bayrampaşa Muratpaşa Yer Altı Otoparkı,BAYRAMPAŞA,41.047,28.9082,300,0,300,KAPALI OTOPARK,0,15,24 Saat
2026-08-17T02:07:58.955499+00:00,2026-08-17T05:07:58.955499+03:00,3175,Bayrampaşa Spor Kompleksi Zemin Altı Otoparkı,BAYRAMPAŞA,41.0446,28.9106,205,0,205,KAPALI OTOPARK,1,15,24 Saat
2026-08-17T02:07:58.955499+00:00,2026-08-17T05:07:58.955499+03:00,3382,Bayrampaşa Şehit Kamil Balkan Zemin Altı Otoparkı,BAYRAMPAŞA,41.0604,28.9008,235,0,235,KAPALI OTOPARK,1,10,24 Saat
2026-08-17T02:07:58.955499+00:00,2026-08-17T05:07:58.955499+03:00,2428,Bayrampaşa Yenidoğan Mahallesi Zemin Altı Otoparkı,BAYRAMPAŞA,41.0395,28.9088,120,0,120,KAPALI OTOPARK,0,10,24 Saat
2026-08-17T02:07:58.955499+00:00,2026-08-17T05:07:58.955499+03:00,2468,Bebek Açık,BEŞİKTAŞ,41.077,29.0434,30,8,22,AÇIK OTOPARK,0,0,24 Saat
2026-08-17T02:07:58.955499+00:00,2026-08-17T05:07:58.955499+03:00,3479,Beşiktaş Halk Pazarı Açık Otoparkı,BEŞİKTAŞ,41.0496,29.0004,170,107,63,AÇIK OTOPARK,1,5,24 Saat
2026-08-17T02:07:58.955499+00:00,2026-08-17T05:07:58.955499+03:00,3257,Beykoz Sahil Cep Otoparkı,BEYKOZ,41.1286,29.0953,100,74,26,AÇIK OTOPARK,0,0,08:00-00:00
2026-08-17T02:07:58.955499+00:00,2026-08-17T05:07:58.955499+03:00,2273,Beykoz Sosyal Tesisleri,BEYKOZ,41.1143,29.0888,130,0,130,AÇIK OTOPARK,0,15,08:00-00:00
2026-08-17T02:07:58.955499+00:00,2026-08-17T05:07:58.955499+03:00,2999,Beyoğlu Gazhane Bostan Sokak 2,BEYOĞLU,41.0389,28.9903,35,1,34,YOL ÜSTÜ,0,0,07:30-16:30
2026-08-17T02:07:58.955499+00:00,2026-08-17T05:07:58.955499+03:00,3072,Beyoğlu Örnektepe Zemin Altı Otoparkı,BEYOĞLU,41.0543,28.9548,143,0,143,KAPALI OTOPARK,0,0,24 Saat
2026-08-17T02:07:58.955499+00:00,2026-08-17T05:07:58.955499+03:00,1455,Bostancı Açık,KADIKÖY,40.9523,29.0902,394,126,268,AÇIK OTOPARK,0,15,24 Saat
2026-08-17T02:07:58.955499+00:00,2026-08-17T05:07:58.955499+03:00,1456,Bostancı Sahil-Cep Açık Otoparkı,KADIKÖY,40.9545,29.0885,192,140,52,AÇIK OTOPARK,0,15,24 Saat
2026-08-17T02:07:58.955499+00:00,2026-08-17T05:07:58.955499+03:00,2150,Bostancı Vergi Dairesi Açık Otoparkı,ATAŞEHİR,40.9625,29.1083,155,0,155,AÇIK OTOPARK,0,5,08:00-20:00
2026-08-17T02:07:58.955499+00:00,2026-08-17T05:07:58.955499+03:00,2854,Bülent Ecevit Kültür Merkezi Açık Otoparkı,KARTAL,40.8852,29.1967,277,265,12,AÇIK OTOPARK,0,0,10:00-21:00
2026-08-17T02:07:58.955499+00:00,2026-08-17T05:07:58.955499+03:00,2866,Büyük İstanbul Otogarı,BAYRAMPAŞA,41.0402,28.8942,1000,0,1000,AÇIK OTOPARK,1,25,24 Saat
2026-08-17T02:07:58.955499+00:00,2026-08-17T05:07:58.955499+03:00,1192,Büyükçamlıca Korusu Sosyal Tesisleri Önü,ÜSKÜDAR,41.0264,29.0698,204,111,93,AÇIK OTOPARK,0,0,08:00-00:00
2026-08-17T02:07:58.955499+00:00,2026-08-17T05:07:58.955499+03:00,2960,Büyükçekmece Metrobüs Durağı Yanı PD Zemin Altı Otopark,BÜYÜKÇEKMECE,41.0221,28.624,448,53,395,KAPALI OTOPARK,0,0,24 Saat
2026-08-17T02:07:58.955499+00:00,2026-08-17T05:07:58.955499+03:00,1503,Cadde Bostan Açık Otoparkı,KADIKÖY,40.9636,29.0675,66,62,4,AÇIK OTOPARK,0,15,24 Saat
2026-08-17T02:07:58.955499+00:00,2026-08-17T05:07:58.955499+03:00,2933,Cemal Kamacı Spor Kompleksi Zemin Altı Otoparkı,KAĞITHANE,41.0536,28.9575,510,0,510,KAPALI OTOPARK,1,0,24 Saat
2026-08-17T02:07:58.955499+00:00,2026-08-17T05:07:58.955499+03:00,2207,Cengiz Topel Yer Altı Katlı Otoparkı,ESENLER,41.0588,28.8643,144,0,144,KAPALI OTOPARK,0,15,24 Saat
2026-08-17T02:07:58.955499+00:00,2026-08-17T05:07:58.955499+03:00,2787,Cevizli Açık Otoparkı,KARTAL,40.9179,29.1712,100,87,13,AÇIK OTOPARK,0,15,08:00-19:00
2026-08-17T02:07:58.955499+00:00,2026-08-17T05:07:58.955499+03:00,782,Cihangir Caddesi 2,BEYOĞLU,41.0319,28.9862,70,1,69,YOL ÜSTÜ,0,15,09:00-19:00
2026-08-17T02:07:58.955499+00:00,2026-08-17T05:07:58.955499+03:00,1467,Cihangir Katlı Otoparkı,BEYOĞLU,41.0318,28.9858,350,0,350,KAPALI OTOPARK,1,0,24 Saat
2026-08-17T02:07:58.955499+00:00,2026-08-17T05:07:58.955499+03:00,535,Cihannuma Yol Üstü 1,BEŞİKTAŞ,41.0454,29.0084,35,1,34,YOL ÜSTÜ,0,0,08:00-23:00
2026-08-17T02:07:58.955499+00:00,2026-08-17T05:07:58.955499+03:00,537,Cihannuma Yol Üstü 3,BEŞİKTAŞ,41.0459,29.0087,33,1,32,YOL ÜSTÜ,0,0,08:00-23:00
2026-08-17T02:07:58.955499+00:00,2026-08-17T05:07:58.955499+03:00,539,Cihannuma Yol Üstü 5,BEŞİKTAŞ,41.0489,29.0094,24,1,23,YOL ÜSTÜ,0,0,08:00-23:00
2026-08-17T02:07:58.955499+00:00,2026-08-17T05:07:58.955499+03:00,3184,Çam Sokak 6,GÜNGÖREN,41.0121,28.8882,50,1,49,YOL ÜSTÜ,0,15,08:00-17:00
2026-08-17T02:07:58.955499+00:00,2026-08-17T05:07:58.955499+03:00,3030,Çekmeköy Metro PD Zemin Altı Otoparkı,ÇEKMEKÖY,41.0147,29.1886,175,58,117,KAPALI OTOPARK,0,15,24 Saat
2026-08-17T02:07:58.955499+00:00,2026-08-17T05:07:58.955499+03:00,2905,Çeliktepe Açık Otoparkı,KAĞITHANE,41.0843,29.0056,200,74,126,AÇIK OTOPARK,1,5,24 Saat
2026-08-17T02:07:58.955499+00:00,2026-08-17T05:07:58.955499+03:00,1298,Çengelköy Açık Otoparkı,ÜSKÜDAR,41.0484,29.0533,500,0,500,AÇIK OTOPARK,0,15,24 Saat
2026-08-17T02:07:58.955499+00:00,2026-08-17T05:07:58.955499+03:00,502,Çınar Açık Otoparkı,BEŞİKTAŞ,41.0853,29.0088,65,1,64,AÇIK OTOPARK,0,0,08:00-18:00
2026-08-17T02:07:58.955499+00:00,2026-08-17T05:07:58.955499+03:00,777,Çırağan Sarayı Yol Üstü 1,BEŞİKTAŞ,41.0448,29.0165,40,1,39,YOL ÜSTÜ,0,15,08:00-23:00
2026-08-17T02:07:58.955499+00:00,2026-08-17T05:07:58.955499+03:00,778,Çırağan Sarayı Yol Üstü 2,BEŞİKTAŞ,41.0445,29.0156,40,1,39,YOL ÜSTÜ,0,15,08:00-23:00
2026-08-17T02:07:58.955499+00:00,2026-08-17T05:07:58.955499+03:00,2228,Çırpıcı Sosyal Tesisler,ZEYTİNBURNU,41,28.8926,128,0,128,AÇIK OTOPARK,0,15,07:00-00:00
2026-08-17T02:07:58.955499+00:00,2026-08-17T05:07:58.955499+03:00,2030,Dalyan Açık Otoparkı,KADIKÖY,40.9632,29.0651,92,75,17,AÇIK OTOPARK,0,15,24 Saat
2026-08-17T02:07:58.955499+00:00,2026-08-17T05:07:58.955499+03:00,2271,Damla Sokak 1,ŞİŞLİ,41.0672,29.0004,17,1,16,YOL ÜSTÜ,0,15,07:30-16:30
2026-08-17T02:07:58.955499+00:00,2026-08-17T05:07:58.955499+03:00,2164,Darüşşafaka Yeraltı Otoparkı,SARIYER,41.1292,29.0252,150,143,7,KAPALI OTOPARK,0,15,08:00-00:00
2026-08-17T02:07:58.955499+00:00,2026-08-17T05:07:58.955499+03:00,1653,Deniz Feneri Otoparkı,FATİH,41.0019,28.9773,175,144,31,AÇIK OTOPARK,0,5,24 Saat
2026-08-17T02:07:58.955499+00:00,2026-08-17T05:07:58.955499+03:00,595,Dostluk Yurdu 1,FATİH,41.0071,28.973,33,1,32,YOL ÜSTÜ,0,15,07:00-17:00
2026-08-17T02:07:58.955499+00:00,2026-08-17T05:07:58.955499+03:00,2237,Dragos Sosyal Tesisleri,KARTAL,40.9017,29.1458,100,60,40,AÇIK OTOPARK,1,15,24 Saat
2026-08-17T02:07:58.955499+00:00,2026-08-17T05:07:58.955499+03:00,3063,Dudullu Metro PD Zemin Altı Otoparkı,ÜMRANİYE,41.0156,29.1633,81,61,20,KAPALI OTOPARK,0,15,07:00-23:30
2026-08-17T02:07:58.955499+00:00,2026-08-17T05:07:58.955499+03:00,1522,Ebu Suut Caddesi 1,FATİH,41.0128,28.9766,35,1,34,YOL ÜSTÜ,0,0,08:00-18:00
2026-08-17T02:07:58.955499+00:00,2026-08-17T05:07:58.955499+03:00,2147,EGS Blokları Açık Otoparkı,BAKIRKÖY,40.9863,28.8354,350,47,303,AÇIK OTOPARK,0,60,09:00-19:30
2026-08-17T02:07:58.955499+00:00,2026-08-17T05:07:58.955499+03:00,2366,Esenler Adem Baştürk Kültür Merkezi Katlı,ESENLER,41.039,28.8846,460,0,460,KAPALI OTOPARK,1,15,24 Saat
2026-08-17T02:07:58.955499+00:00,2026-08-17T05:07:58.955499+03:00,3190,Esenler Havaalanı Mahallesi Zemin Altı Otoparkı,ESENLER,41.0562,28.8674,610,304,306,KAPALI OTOPARK,1,10,24 Saat
2026-08-17T02:07:58.955499+00:00,2026-08-17T05:07:58.955499+03:00,3011,Esenler Menderes Metro İstasyonu Yanı,ESENLER,41.0427,28.8783,68,0,68,AÇIK OTOPARK,1,5,24 Saat
2026-08-17T02:07:58.955499+00:00,2026-08-17T05:07:58.955499+03:00,2822,Esenler Menderes Parkı Zemin Altı Otoparkı,ESENLER,41.0412,28.8729,325,0,325,KAPALI OTOPARK,1,10,24 Saat
2026-08-17T02:07:58.955499+00:00,2026-08-17T05:07:58.955499+03:00,3303,Esenyurt Adile Naşit Bulvarı Zeminaltı Otoparkı,ESENYURT,41.0205,28.6859,367,278,89,KAPALI OTOPARK,1,15,24 Saat
2026-08-17T02:07:58.955499+00:00,2026-08-17T05:07:58.955499+03:00,1328,Eski Salı Pazarı,KADIKÖY,40.9904,29.0338,760,0,760,AÇIK OTOPARK,0,15,24 Saat
2026-08-17T02:07:58.955499+00:00,2026-08-17T05:07:58.955499+03:00,904,Eyüp Pierloti Caddesi 1,EYÜP,41.0539,28.9329,40,1,39,YOL ÜSTÜ,0,0,09:00-22:00
2026-08-17T02:07:58.955499+00:00,2026-08-17T05:07:58.955499+03:00,2850,Eyüpsultan Akşemsettin Mahallesi Zemin Altı Otoparkı,EYÜP,41.085,28.9258,110,0,110,KAPALI OTOPARK,0,15,24 Saat
2026-08-17T02:07:58.955499+00:00,2026-08-17T05:07:58.955499+03:00,2215,Fatih Çeşmesi Tabiat Parkı Otoparkı,SARIYER,41.1686,28.9448,250,242,8,AÇIK OTOPARK,0,0,06:00-20:00
2026-08-17T02:07:58.955499+00:00,2026-08-17T05:07:58.955499+03:00,1475,Fatih Katlı Otoparkı,FATİH,41.0198,28.9396,118,30,88,KAPALI OTOPARK,0,10,24 Saat
2026-08-17T02:07:58.955499+00:00,2026-08-17T05:07:58.955499+03:00,1591,Feshane PD Açık Otoparkı,EYÜP,41.0463,28.9378,200,124,76,AÇIK OTOPARK,1,15,24 Saat
2026-08-17T02:07:58.955499+00:00,2026-08-17T05:07:58.955499+03:00,1005,Florya Havuzlu Bahçe,BAKIRKÖY,40.9764,28.7908,135,1,134,AÇIK OTOPARK,0,0,09:00-23:00
2026-08-17T02:07:58.955499+00:00,2026-08-17T05:07:58.955499+03:00,2238,Florya Sosyal Tesisleri,BAKIRKÖY,40.9614,28.8091,1074,1032,42,AÇIK OTOPARK,0,15,24 Saat
2026-08-17T02:07:58.955499+00:00,2026-08-17T05:07:58.955499+03:00,1704,Gazi Umur Paşa Sokak 5,BEŞİKTAŞ,41.0589,29.0114,45,1,44,YOL ÜSTÜ,0,15,08:00-17:00
2026-08-17T02:07:58.955499+00:00,2026-08-17T05:07:58.955499+03:00,3296,Gaziosmanpaşa Meydanı ve Yaşam Merkezi Zemin Altı Otoparkı,GAZİOSMANPAŞA,41.0606,28.9093,202,0,202,KAPALI OTOPARK,1,15,24 Saat
2026-08-17T02:07:58.955499+00:00,2026-08-17T05:07:58.955499+03:00,2971,Gaziosmanpaşa Zemin Altı Otoparkı,GAZİOSMANPAŞA,41.0796,28.8858,285,0,285,KAPALI OTOPARK,1,0,24 Saat
2026-08-17T02:07:58.955499+00:00,2026-08-17T05:07:58.955499+03:00,3401,Giyimkent Tekstilkent Metro Zemin Altı PD Otoparkı,ESENLER,41.0711,28.8666,203,182,21,KAPALI OTOPARK,0,10,24 Saat
2026-08-17T02:07:58.955499+00:00,2026-08-17T05:07:58.955499+03:00,2242,Gözdağı Sosyal Tesisler  Açık Otoparkı,PENDİK,40.893,29.2538,300,215,85,AÇIK OTOPARK,0,0,07:00-23:00
2026-08-17T02:07:58.955499+00:00,2026-08-17T05:07:58.955499+03:00,1879,Gülsuyu Metro PD Yer Altı Otoparkı,MALTEPE,40.9237,29.1548,76,0,76,KAPALI OTOPARK,0,15,08:00-00:00
2026-08-17T02:07:58.955499+00:00,2026-08-17T05:07:58.955499+03:00,1423,Güneş Plajı 1,BAKIRKÖY,40.9712,28.79,250,247,3,AÇIK OTOPARK,0,10,24 Saat
2026-08-17T02:07:58.955499+00:00,2026-08-17T05:07:58.955499+03:00,1461,Güneş Plajı 2,BAKIRKÖY,40.9692,28.7951,135,135,0,AÇIK OTOPARK,0,10,08:00-20:00
2026-08-17T02:07:58.955499+00:00,2026-08-17T05:07:58.955499+03:00,3053,Güngören Nikah Dairesi Zemin Altı otoparkı,GÜNGÖREN,41.0363,28.8718,147,0,147,KAPALI OTOPARK,1,10,24 Saat
2026-08-17T02:07:58.955499+00:00,2026-08-17T05:07:58.955499+03:00,2216,Gürpınar Balık Hali Otoparkı,BEYLİKDÜZÜ,40.9663,28.6019,1000,748,252,AÇIK OTOPARK,0,15,24 Saat
2026-08-17T02:07:58.955499+00:00,2026-08-17T05:07:58.955499+03:00,1525,Hacıosman Metro Yer Altı Otoparkı,SARIYER,41.14,29.0306,422,298,124,KAPALI OTOPARK,0,15,24 Saat
2026-08-17T02:07:58.955499+00:00,2026-08-17T05:07:58.955499+03:00,1470,Haldun Alagaş Katlı Otoparkı,ÜMRANİYE,41.0262,29.1052,197,101,96,KAPALI OTOPARK,1,15,24 Saat
2026-08-17T02:07:58.955499+00:00,2026-08-17T05:07:58.955499+03:00,3235,Haliç Sosyal Tesisleri Otoparkı,FATİH,41.0277,28.9572,60,46,14,AÇIK OTOPARK,0,15,07:00-00:00
2026-08-17T02:07:58.955499+00:00,2026-08-17T05:07:58.955499+03:00,2848,Halkalı Mahallesi Zemin Altı Otoparkı,KÜÇÜKÇEKMECE,41.0359,28.7848,347,263,84,KAPALI OTOPARK,0,15,24 Saat
2026-08-17T02:07:58.955499+00:00,2026-08-17T05:07:58.955499+03:00,2838,Hamidiye Mahallesi Katlı Otoparkı,KAĞITHANE,41.0949,28.971,450,183,267,KAPALI OTOPARK,1,15,24 Saat
2026-08-17T02:07:58.955499+00:00,2026-08-17T05:07:58.955499+03:00,1446,Harbiye Zemin Altı Otoparkı,BEYOĞLU,41.0408,28.9869,142,88,54,KAPALI OTOPARK,0,5,24 Saat
2026-08-17T02:07:58.955499+00:00,2026-08-17T05:07:58.955499+03:00,2332,Haydarpaşa Katlı Otoparkı,ÜSKÜDAR,41.0048,29.0251,840,781,59,KAPALI OTOPARK,1,15,24 Saat
2026-08-17T02:07:58.955499+00:00,2026-08-17T05:07:58.955499+03:00,1987,Haznedar Yer Altı Otoparkı,GÜNGÖREN,41.0083,28.8729,540,0,540,KAPALI OTOPARK,0,0,24 Saat
2026-08-17T02:07:58.955499+00:00,2026-08-17T05:07:58.955499+03:00,377,Hızır Külhani Sokak,FATİH,41.0202,28.9605,32,1,31,YOL ÜSTÜ,0,15,09:00-17:00
2026-08-17T02:07:58.955499+00:00,2026-08-17T05:07:58.955499+03:00,3173,Hürriyet Mahallesi Zeminaltı Otoparkı,GAZİOSMANPAŞA,41.0708,28.8951,190,0,190,KAPALI OTOPARK,1,15,24 Saat
2026-08-17T02:07:58.955499+00:00,2026-08-17T05:07:58.955499+03:00,157,Ihlamur Dere Caddesi 4,BEŞİKTAŞ,41.047,29.0023,27,1,26,YOL ÜSTÜ,0,15,09:00-17:00
2026-08-17T02:07:58.955499+00:00,2026-08-17T05:07:58.955499+03:00,1189,İçerenköy Sebze Meyve Hali Otoparkı,ATAŞEHİR,40.9766,29.1044,600,600,0,AÇIK OTOPARK,0,15,24 Saat
2026-08-17T02:07:58.955499+00:00,2026-08-17T05:07:58.955499+03:00,1127,İshakpaşa Caddesi,FATİH,41.0079,28.9814,200,1,199,YOL ÜSTÜ,0,0,08:00-18:00
2026-08-17T02:07:58.955499+00:00,2026-08-17T05:07:58.955499+03:00,3265,İspark İstanbul West Marina Açık Otoparkı 1,BEYLİKDÜZÜ,40.9636,28.6564,250,1,249,AÇIK OTOPARK,0,15,24 Saat
2026-08-17T02:07:58.955499+00:00,2026-08-17T05:07:58.955499+03:00,2793,İspark Merter Katlı Otoparkı,GÜNGÖREN,41.0097,28.89,900,494,406,KAPALI OTOPARK,1,10,24 Saat
2026-08-17T02:07:58.955499+00:00,2026-08-17T05:07:58.955499+03:00,2430,İspark West İstanbul Marina Açık Otoparkı,BEYLİKDÜZÜ,40.9639,28.6591,1600,1141,459,AÇIK OTOPARK,0,15,24 Saat
2026-08-17T02:07:58.955499+00:00,2026-08-17T05:07:58.955499+03:00,381,İstinye 4 ( Cami Önü ),SARIYER,41.1149,29.0571,25,1,24,YOL ÜSTÜ,0,15,08:30-17:30
2026-08-17T02:07:58.955499+00:00,2026-08-17T05:07:58.955499+03:00,1804,İtalyan Hastanesi Karşısı Açık Otoparkı 1,BEYOĞLU,41.028,28.9815,30,1,29,AÇIK OTOPARK,0,0,08:00-19:00
2026-08-17T02:07:58.955499+00:00,2026-08-17T05:07:58.955499+03:00,507,Kabasakal Medrese Önü,FATİH,41.0062,28.9789,65,1,64,AÇIK OTOPARK,0,0,08:00-18:30
2026-08-17T02:07:58.955499+00:00,2026-08-17T05:07:58.955499+03:00,3306,Kabataş Transfer Merkezi Turizm Otobüs Otoparkı,BEYOĞLU,41.0336,28.9923,160,108,52,KAPALI OTOPARK,1,20,24 Saat
2026-08-17T02:07:58.955499+00:00,2026-08-17T05:07:58.955499+03:00,2918,Kadıköy Hasanpaşa Gazhane Katlı Otoparkı,KADIKÖY,40.9972,29.0428,310,188,122,KAPALI OTOPARK,1,15,24 Saat
2026-08-17T02:07:58.955499+00:00,2026-08-17T05:07:58.955499+03:00,1447,Kadıköy İski Açık Otoparkı,KADIKÖY,40.9874,29.0207,124,29,95,AÇIK OTOPARK,0,15,24 Saat
2026-08-17T02:07:58.955499+00:00,2026-08-17T05:07:58.955499+03:00,1655,Kadıköy Metro Açık Otoparkı,KADIKÖY,40.9899,29.0217,74,63,11,AÇIK OTOPARK,0,15,24 Saat
2026-08-17T02:07:58.955499+00:00,2026-08-17T05:07:58.955499+03:00,3445,Kadıköy Uzunçayır PD Açık Otoparkı,KADIKÖY,40.9982,29.0569,70,40,30,AÇIK OTOPARK,0,15,06:30-16:30
2026-08-17T02:07:58.955499+00:00,2026-08-17T05:07:58.955499+03:00,2808,Kadıköy Yeni Salı Pazarı PD Katlı Otoparkı,KADIKÖY,40.9969,29.0486,1350,654,696,KAPALI OTOPARK,1,15,24 Saat
2026-08-17T02:07:58.955499+00:00,2026-08-17T05:07:58.955499+03:00,2811,Kağıthane Harmantepe Zemin Altı Otoparkı,KAĞITHANE,41.0816,28.9907,200,0,200,KAPALI OTOPARK,1,0,24 Saat
2026-08-17T02:07:58.955499+00:00,2026-08-17T05:07:58.955499+03:00,1452,Kalamış Açık Otoparkı,KADIKÖY,40.9687,29.0363,173,165,8,AÇIK OTOPARK,0,15,24 Saat
2026-08-17T02:07:58.955499+00:00,2026-08-17T05:07:58.955499+03:00,1474,Kartal Hasan Doğan Spor Kompleksi,KARTAL,40.8918,29.1897,773,0,773,KAPALI OTOPARK,0,15,24 Saat
2026-08-17T02:07:58.955499+00:00,2026-08-17T05:07:58.955499+03:00,1105,Kartal İdo Açık Otoparkı,KARTAL,40.8874,29.1881,90,0,90,AÇIK OTOPARK,0,15,24 Saat
2026-08-17T02:07:58.955499+00:00,2026-08-17T05:07:58.955499+03:00,1550,Kartal Sahil Açık Otoparkı,KARTAL,40.8875,29.1901,75,56,19,AÇIK OTOPARK,0,5,24 Saat
2026-08-17T02:07:58.955499+00:00,2026-08-17T05:07:58.955499+03:00,3434,Kasımpaşa Sosyal Tesisler Otoparkı,BEYOĞLU,41.0296,28.9673,60,37,23,AÇIK OTOPARK,0,0,07:30-23:00
2026-08-17T02:07:58.955499+00:00,2026-08-17T05:07:58.955499+03:00,1960,Kazlıçeşme Marmaray Açık Otoparkı,ZEYTİNBURNU,40.9922,28.917,700,670,30,AÇIK OTOPARK,0,15,24 Saat
2026-08-17T02:07:58.955499+00:00,2026-08-17T05:07:58.955499+03:00,2994,Kirazlı Metro Durağı PD Açık Otoparkı,BAĞCILAR,41.033,28.8429,112,0,112,AÇIK OTOPARK,0,5,24 Saat
2026-08-17T02:07:58.955499+00:00,2026-08-17T05:07:58.955499+03:00,1528,Kore Şehitleri Caddesi - Yüzbaşı Kaya Aldağon Sokak 1,ŞİŞLİ,41.0719,29.0139,40,1,39,YOL ÜSTÜ,0,15,07:00-16:00
2026-08-17T02:07:58.955499+00:00,2026-08-17T05:07:58.955499+03:00,2449,Kozyatağı Sebze-Meyve Hali,ATAŞEHİR,40.9787,29.1029,1500,1500,0,AÇIK OTOPARK,1,0,24 Saat
2026-08-17T02:07:58.955499+00:00,2026-08-17T05:07:58.955499+03:00,1206,Kutlugün Sokak 2,FATİH,41.0061,28.9801,200,1,199,YOL ÜSTÜ,0,0,08:00-18:00
2026-08-17T02:07:58.955499+00:00,2026-08-17T05:07:58.955499+03:00,3074,Küçük Çamlıca,ÜSKÜDAR,41.0204,29.0653,129,107,22,AÇIK OTOPARK,0,0,08:00-22:00
2026-08-17T02:07:58.955499+00:00,2026-08-17T05:07:58.955499+03:00,3127,Küçükçekmece Cennet Mahallesi Meydan Zemin Altı Otoparkı,KÜÇÜKÇEKMECE,40.9907,28.783,456,0,456,KAPALI OTOPARK,0,10,24 Saat
2026-08-17T02:07:58.955499+00:00,2026-08-17T05:07:58.955499+03:00,2554,Küçükçekmece Fevzi Çakmak Meydanı Zemin Altı Otoparkı,KÜÇÜKÇEKMECE,41.0076,28.7927,1000,479,521,KAPALI OTOPARK,0,10,24 Saat
2026-08-17T02:07:58.955499+00:00,2026-08-17T05:07:58.955499+03:00,2882,Küçüksu Kasrı Açık Otoparkı,BEYKOZ,41.0789,29.0657,98,92,6,AÇIK OTOPARK,0,0,07:00-23:00
2026-08-17T02:07:58.955499+00:00,2026-08-17T05:07:58.955499+03:00,220,Levent Hamidiye,BEŞİKTAŞ,41.0861,29.0076,100,1,99,AÇIK OTOPARK,0,0,08:00-19:00
2026-08-17T02:07:58.955499+00:00,2026-08-17T05:07:58.955499+03:00,1138,Levent Metro Yer Altı Otoparkı,BEŞİKTAŞ,41.0811,29.0105,100,1,99,AÇIK OTOPARK,0,5,07:30-19:30
2026-08-17T02:07:58.955499+00:00,2026-08-17T05:07:58.955499+03:00,2335,Maçka Açık Otoparkı,ŞİŞLİ,41.046,28.9908,75,73,2,AÇIK OTOPARK,1,0,24 Saat
2026-08-17T02:07:58.955499+00:00,2026-08-17T05:07:58.955499+03:00,1859,Maçka Katlı Otoparkı,ŞİŞLİ,41.0484,28.9903,508,360,148,KAPALI OTOPARK,0,0,24 Saat
2026-08-17T02:07:58.955499+00:00,2026-08-17T05:07:58.955499+03:00,3193,Maltepe Rıhtım Caddesi Açık Otoparkı,MALTEPE,40.9258,29.1241,76,74,2,AÇIK OTOPARK,1,0,24 Saat
2026-08-17T02:07:58.955499+00:00,2026-08-17T05:07:58.955499+03:00,2146,Maltepe Süreyyapaşa Çarşısı Açık Otoparkı,MALTEPE,40.9274,29.1225,156,136,20,AÇIK OTOPARK,1,0,24 Saat
2026-08-17T02:07:58.955499+00:00,2026-08-17T05:07:58.955499+03:00,1599,Maslak Açık Otoparkı,SARIYER,41.1166,29.024,150,138,12,AÇIK OTOPARK,0,10,24 Saat
2026-08-17T02:07:58.955499+00:00,2026-08-17T05:07:58.955499+03:00,2100,Matbaacılar Sitesi Yanı,ZEYTİNBURNU,41.0234,28.9187,250,222,28,AÇIK OTOPARK,1,5,24 Saat
2026-08-17T02:07:58.955499+00:00,2026-08-17T05:07:58.955499+03:00,920,Meclis-i Mebusan Yokuşu 2,BEYOĞLU,41.0326,28.9882,34,1,33,YOL ÜSTÜ,0,15,09:00-17:00
2026-08-17T02:07:58.955499+00:00,2026-08-17T05:07:58.955499+03:00,1546,Menekşe Plajı Açık Otoparkı,BAKIRKÖY,40.9761,28.7766,200,200,0,AÇIK OTOPARK,0,0,24 Saat
2026-08-17T02:07:58.955499+00:00,2026-08-17T05:07:58.955499+03:00,1376,Mercan Açık,FATİH,41.0136,28.9669,130,128,2,AÇIK OTOPARK,0,0,08:00-23:00
2026-08-17T02:07:58.955499+00:00,2026-08-17T05:07:58.955499+03:00,3309,Mercan Ali Paşa Sarayı Zemin Altı Otoparkı,FATİH,41.0136,28.967,196,1,195,KAPALI OTOPARK,0,0,07:00-21:00
2026-08-17T02:07:58.955499+00:00,2026-08-17T05:07:58.955499+03:00,1472,Merter Katlı Otoparkı,GÜNGÖREN,41.0092,28.8874,1000,905,95,KAPALI OTOPARK,0,10,24 Saat
2026-08-17T02:07:58.955499+00:00,2026-08-17T05:07:58.955499+03:00,2375,Merter Metro PD Zeminaltı Otoparkı,GÜNGÖREN,41.0037,28.8897,242,81,161,KAPALI OTOPARK,1,10,24 Saat
2026-08-17T02:07:58.955499+00:00,2026-08-17T05:07:58.955499+03:00,1568,Mete Caddesi 1,BEYOĞLU,41.0382,28.9879,31,1,30,YOL ÜSTÜ,0,15,08:00-23:00
2026-08-17T02:07:58.955499+00:00,2026-08-17T05:07:58.955499+03:00,1471,Mevlana Yeraltı Katlı Otoparkı,ZEYTİNBURNU,41.0072,28.9049,1000,842,158,KAPALI OTOPARK,0,5,24 Saat
2026-08-17T02:07:58.955499+00:00,2026-08-17T05:07:58.955499+03:00,2709,Millet Caddesi Açık Otoparkı,FATİH,41.01,28.9461,60,1,59,AÇIK OTOPARK,0,15,24 Saat
2026-08-17T02:07:58.955499+00:00,2026-08-17T05:07:58.955499+03:00,3152,Mimar Sinan Zemin Altı Otoparkı,ÜSKÜDAR,41.0222,29.0169,956,167,789,KAPALI OTOPARK,0,15,24 Saat
2026-08-17T02:07:58.955499+00:00,2026-08-17T05:07:58.955499+03:00,2870,Miniatürk Çadır Açık Otoparkı,BEYOĞLU,41.0594,28.9501,250,174,76,AÇIK OTOPARK,0,15,07:00-20:00
2026-08-17T02:07:58.955499+00:00,2026-08-17T05:07:58.955499+03:00,2556,Muallim Naci Açık Otoparkı,BEŞİKTAŞ,41.0561,29.0342,35,32,3,AÇIK OTOPARK,1,15,24 Saat
2026-08-17T02:07:58.955499+00:00,2026-08-17T05:07:58.955499+03:00,569,Oda Kule Önü 1,BEYOĞLU,41.0322,28.9751,24,1,23,YOL ÜSTÜ,0,0,07:00-01:00
2026-08-17T02:07:58.955499+00:00,2026-08-17T05:07:58.955499+03:00,1988,Orhangazi Şehir Parkı PD Açık Otoparkı,MALTEPE,40.9313,29.1161,5022,4681,341,AÇIK OTOPARK,1,15,24 Saat
2026-08-17T02:07:58.955499+00:00,2026-08-17T05:07:58.955499+03:00,152,Ortabahçe Caddesi 2,BEŞİKTAŞ,41.0428,29.0043,35,1,34,YOL ÜSTÜ,0,15,08:00-23:00
2026-08-17T02:07:58.955499+00:00,2026-08-17T05:07:58.955499+03:00,153,Ortabahçe Caddesi 3,BEŞİKTAŞ,41.043,29.0042,26,1,25,YOL ÜSTÜ,0,15,08:00-23:00
2026-08-17T02:07:58.955499+00:00,2026-08-17T05:07:58.955499+03:00,119,Ortaklar Caddesi 1,ŞİŞLİ,41.0638,28.9971,25,1,24,YOL ÜSTÜ,0,15,08:30-17:00
2026-08-17T02:07:58.955499+00:00,2026-08-17T05:07:58.955499+03:00,1343,Ortaköy Açık Otoparkı,BEŞİKTAŞ,41.0504,29.0326,170,160,10,AÇIK OTOPARK,1,0,24 Saat
2026-08-17T02:07:58.955499+00:00,2026-08-17T05:07:58.955499+03:00,572,Ortaköy Portakal Yokuşu 1,BEŞİKTAŞ,41.0503,29.0261,15,1,14,YOL ÜSTÜ,0,15,09:00-19:00
2026-08-17T02:07:58.955499+00:00,2026-08-17T05:07:58.955499+03:00,1039,Öğretmen Evi,AVCILAR,40.9723,28.714,80,41,39,AÇIK OTOPARK,0,0,11:00-23:00
2026-08-17T02:07:58.955499+00:00,2026-08-17T05:07:58.955499+03:00,1466,Pendik Katlı Otoparkı,PENDİK,40.8789,29.2342,120,0,120,KAPALI OTOPARK,0,15,24 Saat
2026-08-17T02:07:58.955499+00:00,2026-08-17T05:07:58.955499+03:00,3073,Pendik Kemal Kalkuz Parkı Zemin Altı Otoparkı,PENDİK,40.8885,29.2427,224,1,223,KAPALI OTOPARK,0,0,09:00-18:00
2026-08-17T02:07:58.955499+00:00,2026-08-17T05:07:58.955499+03:00,3019,Pendik Meydan Zemin Altı Otoparkı,PENDİK,40.8752,29.2324,937,0,937,KAPALI OTOPARK,1,0,24 Saat
2026-08-17T02:07:58.955499+00:00,2026-08-17T05:07:58.955499+03:00,2865,Pendik Sahil Engelliler Merkez Önü,PENDİK,40.8735,29.233,100,66,34,AÇIK OTOPARK,0,0,11:00-20:00
2026-08-17T02:07:58.955499+00:00,2026-08-17T05:07:58.955499+03:00,2434,Pendik Sahil İdo,PENDİK,40.8755,29.2369,100,0,100,AÇIK OTOPARK,0,0,07:00-23:00
2026-08-17T02:07:58.955499+00:00,2026-08-17T05:07:58.955499+03:00,248,Pendik Yenimahalle Açık 2 Otoparkı,PENDİK,40.864,29.2723,124,107,17,AÇIK OTOPARK,0,15,10:00-22:00
2026-08-17T02:07:58.955499+00:00,2026-08-17T05:07:58.955499+03:00,297,Perşembe Pazarı 1,BEYOĞLU,41.0252,28.9693,32,1,31,YOL ÜSTÜ,0,15,08:00-17:00
2026-08-17T02:07:58.955499+00:00,2026-08-17T05:07:58.955499+03:00,597,Pierre Loti Caddesi 3,FATİH,41.0069,28.9711,36,1,35,YOL ÜSTÜ,0,0,07:00-17:00
2026-08-17T02:07:58.955499+00:00,2026-08-17T05:07:58.955499+03:00,3263,Piyalepaşa Meydanı Zemin Altı Otoparkı,BEYOĞLU,41.0445,28.9674,560,227,333,KAPALI OTOPARK,0,0,24 Saat
2026-08-17T02:07:58.955499+00:00,2026-08-17T05:07:58.955499+03:00,1900,Ragıp Gümüşpala Cad.(Sobacılar Önü),FATİH,41.0181,28.969,40,1,39,YOL ÜSTÜ,0,15,07:00-18:00
2026-08-17T02:07:58.955499+00:00,2026-08-17T05:07:58.955499+03:00,415,Ragıp Gümüşpala Camii Önü 1,FATİH,41.0211,28.9627,35,1,34,YOL ÜSTÜ,0,0,07:00-17:30
2026-08-17T02:07:58.955499+00:00,2026-08-17T05:07:58.955499+03:00,3268,Refik Saydam Caddesi 3,BEYOĞLU,41.032,28.9736,55,1,54,YOL ÜSTÜ,0,0,06:00-23:00
2026-08-17T02:07:58.955499+00:00,2026-08-17T05:07:58.955499+03:00,2307,Ressam Halim Sokak PD Açık Otoparkı,BAHÇELİEVLER,40.9967,28.8641,120,110,10,AÇIK OTOPARK,0,15,08:00-00:00
2026-08-17T02:07:58.955499+00:00,2026-08-17T05:07:58.955499+03:00,3082,Rumeli Hisarı Sahil Yolu Otoparkı,SARIYER,41.0854,29.0568,20,17,3,AÇIK OTOPARK,1,0,24 Saat
2026-08-17T02:07:58.955499+00:00,2026-08-17T05:07:58.955499+03:00,1595,Sabiha Gökçen Açık Otoparkı,PENDİK,40.925,29.308,1056,278,778,AÇIK OTOPARK,0,15,24 Saat
2026-08-17T02:07:58.955499+00:00,2026-08-17T05:07:58.955499+03:00,3239,Samatya Sahil Cep Otoparkı,FATİH,40.9954,28.932,113,109,4,AÇIK OTOPARK,1,15,24 Saat
2026-08-17T02:07:58.955499+00:00,2026-08-17T05:07:58.955499+03:00,3273,Sarıyer Büyükdere Fidanlığı,SARIYER,41.1548,29.0268,160,155,5,AÇIK OTOPARK,0,0,08:00-18:00
2026-08-17T02:07:58.955499+00:00,2026-08-17T05:07:58.955499+03:00,3299,Sariyer Ayazağa Mah Vadi İstanbul Önü Açık Otoparkı,SARIYER,41.1106,28.9881,100,1,99,AÇIK OTOPARK,0,0,08:00-20:00
2026-08-17T02:07:58.955499+00:00,2026-08-17T05:07:58.955499+03:00,1303,Seyrantepe Katlı (Arena Karşısı) 1,KAĞITHANE,41.101,28.9961,1897,1,1896,KAPALI OTOPARK,1,0,24 Saat
2026-08-17T02:07:58.955499+00:00,2026-08-17T05:07:58.955499+03:00,1628,Sıracevizler Caddesi Yol Üstü 5,ŞİŞLİ,41.0607,28.9841,45,1,44,YOL ÜSTÜ,0,15,09:00-17:00
2026-08-17T02:07:58.955499+00:00,2026-08-17T05:07:58.955499+03:00,464,Sirkeci Gar Önü,FATİH,41.015,28.9761,60,1,59,AÇIK OTOPARK,0,5,07:00-20:00
2026-08-17T02:07:58.955499+00:00,2026-08-17T05:07:58.955499+03:00,1486,Siyavuşpaşa Yer Altı Otoparkı,BAHÇELİEVLER,40.9965,28.8532,155,0,155,KAPALI OTOPARK,1,0,24 Saat
2026-08-17T02:07:58.955499+00:00,2026-08-17T05:07:58.955499+03:00,1958,Soğanlık Metro PD Açık Otoparkı,KARTAL,40.9131,29.1925,898,877,21,AÇIK OTOPARK,0,15,24 Saat
2026-08-17T02:07:58.955499+00:00,2026-08-17T05:07:58.955499+03:00,589,Su Terazisi Sokak,FATİH,41.0046,28.9727,22,1,21,YOL ÜSTÜ,0,0,07:30-17:00
2026-08-17T02:07:58.955499+00:00,2026-08-17T05:07:58.955499+03:00,1478,Suadiye Cep Açık Otoparkı,KADIKÖY,40.9586,29.0732,130,127,3,AÇIK OTOPARK,0,15,24 Saat
2026-08-17T02:07:58.955499+00:00,2026-08-17T05:07:58.955499+03:00,2948,Suadiye Sahil Açık Otoparkı,KADIKÖY,40.9562,29.0797,70,64,6,AÇIK OTOPARK,1,5,24 Saat
2026-08-17T02:07:58.955499+00:00,2026-08-17T05:07:58.955499+03:00,2799,Sultanbeyli Emir Caddesi Zemin Altı Otoparkı,SULTANBEYLİ,40.9707,29.2606,130,122,8,KAPALI OTOPARK,0,15,08:00-22:00
2026-08-17T02:07:58.955499+00:00,2026-08-17T05:07:58.955499+03:00,2372,Sultanbeyli Kent Meydanı Zemin Altı Otoparkı,SULTANBEYLİ,40.9667,29.2667,300,198,102,KAPALI OTOPARK,1,15,24 Saat
2026-08-17T02:07:58.955499+00:00,2026-08-17T05:07:58.955499+03:00,2410,Sultangazi Zemin Altı Otoparkı,SULTANGAZİ,41.0944,28.8649,104,0,104,KAPALI OTOPARK,1,10,24 Saat
2026-08-17T02:07:58.955499+00:00,2026-08-17T05:07:58.955499+03:00,2085,Süleyman Seba Caddesi 2,BEŞİKTAŞ,41.0426,28.9998,40,1,39,YOL ÜSTÜ,0,15,08:00-18:00
2026-08-17T02:07:58.955499+00:00,2026-08-17T05:07:58.955499+03:00,2088,Süleyman Seba Caddesi 5,BEŞİKTAŞ,41.0432,28.9978,40,1,39,YOL ÜSTÜ,0,15,08:00-18:00
2026-08-17T02:07:58.955499+00:00,2026-08-17T05:07:58.955499+03:00,2089,Süleyman Seba Caddesi 6,BEŞİKTAŞ,41.0435,28.9967,11,1,10,YOL ÜSTÜ,0,15,08:00-18:00
2026-08-17T02:07:58.955499+00:00,2026-08-17T05:07:58.955499+03:00,2391,Süleymaniye Cami Altı Açık Otoparkı,FATİH,41.0158,28.961,250,234,16,AÇIK OTOPARK,0,0,06:30-18:30
2026-08-17T02:07:58.955499+00:00,2026-08-17T05:07:58.955499+03:00,1730,Sütlüce Miniatürk Yanı,BEYOĞLU,41.057,28.95,320,239,81,AÇIK OTOPARK,1,15,24 Saat
2026-08-17T02:07:58.955499+00:00,2026-08-17T05:07:58.955499+03:00,36,Şakayık Sokak 4,ŞİŞLİ,41.0518,28.9936,50,1,49,YOL ÜSTÜ,0,15,08:00-16:00
2026-08-17T02:07:58.955499+00:00,2026-08-17T05:07:58.955499+03:00,1469,Şehit Volkan Duysak Katlı Otoparkı,ZEYTİNBURNU,40.9968,28.9039,1000,662,338,KAPALI OTOPARK,0,5,24 Saat
2026-08-17T02:07:58.955499+00:00,2026-08-17T05:07:58.955499+03:00,2855,Şemsipaşa Açık Otoparkı,ÜSKÜDAR,41.0255,29.0097,80,79,1,AÇIK OTOPARK,1,0,24 Saat
2026-08-17T02:07:58.955499+00:00,2026-08-17T05:07:58.955499+03:00,2439,Şirinevler Meydan Zeminaltı Otoparkı,BAHÇELİEVLER,40.9925,28.8496,367,89,278,KAPALI OTOPARK,1,0,24 Saat
2026-08-17T02:07:58.955499+00:00,2026-08-17T05:07:58.955499+03:00,3400,Şişhane Refik Saydam Caddesi 2 Yol Üstü Otoparkı 1,BEYOĞLU,41.0326,28.9743,70,1,69,YOL ÜSTÜ,0,15,06:00-23:00
2026-08-17T02:07:58.955499+00:00,2026-08-17T05:07:58.955499+03:00,3441,Şişli Kuştepe Zemin Altı Otoparkı,ŞİŞLİ,41.072,28.9919,430,288,142,KAPALI OTOPARK,0,15,24 Saat
2026-08-17T02:07:58.955499+00:00,2026-08-17T05:07:58.955499+03:00,2816,Şişli Rumeli Caddesi Metro Yanı 1,ŞİŞLİ,41.0538,28.9868,45,1,44,YOL ÜSTÜ,0,15,08:00-20:00
2026-08-17T02:07:58.955499+00:00,2026-08-17T05:07:58.955499+03:00,2406,Şişli Zemin Altı Otoparkı,ŞİŞLİ,41.0641,28.9992,581,428,153,KAPALI OTOPARK,1,15,24 Saat
2026-08-17T02:07:58.955499+00:00,2026-08-17T05:07:58.955499+03:00,1993,Tuzla İdo,TUZLA,40.8149,29.3039,300,264,36,AÇIK OTOPARK,0,15,24 Saat
2026-08-17T02:07:58.955499+00:00,2026-08-17T05:07:58.955499+03:00,3332,Tuzla Sahil Cep,TUZLA,40.8168,29.2992,50,38,12,AÇIK OTOPARK,0,0,08:00-00:00
2026-08-17T02:07:58.955499+00:00,2026-08-17T05:07:58.955499+03:00,3057,Tuzla Sahil Zemin Altı Otoparkı,TUZLA,40.8181,29.3004,779,1,778,KAPALI OTOPARK,1,15,24 Saat
2026-08-17T02:07:58.955499+00:00,2026-08-17T05:07:58.955499+03:00,1811,Ulu Camii Açık Otoparkı,BAHÇELİEVLER,40.9982,28.8499,150,113,37,AÇIK OTOPARK,1,10,24 Saat
2026-08-17T02:07:58.955499+00:00,2026-08-17T05:07:58.955499+03:00,2424,Uzunçayır Açık Otoparkı,KADIKÖY,40.9988,29.0556,58,51,7,AÇIK OTOPARK,0,0,06:00-16:00
2026-08-17T02:07:58.955499+00:00,2026-08-17T05:07:58.955499+03:00,1468,Ümraniye Katlı Otoparkı,ÜMRANİYE,41.0261,29.0953,665,570,95,KAPALI OTOPARK,0,15,24 Saat
2026-08-17T02:07:58.955499+00:00,2026-08-17T05:07:58.955499+03:00,2898,Ümraniye Okan Sokak Zeminaltı Otoparkı,ÜMRANİYE,41.0284,29.0907,125,14,111,KAPALI OTOPARK,1,15,24 Saat
2026-08-17T02:07:58.955499+00:00,2026-08-17T05:07:58.955499+03:00,2345,Üsküdar Uzunçayır PD Açık Otoparkı,ÜSKÜDAR,40.9988,29.0577,90,83,7,AÇIK OTOPARK,0,15,06:00-22:00
2026-08-17T02:07:58.955499+00:00,2026-08-17T05:07:58.955499+03:00,1929,Üsküdar Ünalan Açık Otoparkı,ÜSKÜDAR,40.9979,29.0604,180,174,6,AÇIK OTOPARK,0,0,07:00-17:00
2026-08-17T02:07:58.955499+00:00,2026-08-17T05:07:58.955499+03:00,1487,Vatan Caddesi PD Açık Otoparkı,FATİH,41.0157,28.9405,397,358,39,AÇIK OTOPARK,0,5,24 Saat
2026-08-17T02:07:58.955499+00:00,2026-08-17T05:07:58.955499+03:00,2441,Yalı Açık Otoparkı,MALTEPE,40.9095,29.137,85,82,3,AÇIK OTOPARK,0,0,07:30-22:00
2026-08-17T02:07:58.955499+00:00,2026-08-17T05:07:58.955499+03:00,459,Yalı Köşkü Caddesi 1,FATİH,41.0163,28.9759,61,1,60,YOL ÜSTÜ,0,5,07:00-21:00
2026-08-17T02:07:58.955499+00:00,2026-08-17T05:07:58.955499+03:00,2037,Yenikapı Marmaray Büyük Otoparkı,FATİH,41.0057,28.9505,324,269,55,AÇIK OTOPARK,1,15,24 Saat
2026-08-17T02:07:58.955499+00:00,2026-08-17T05:07:58.955499+03:00,2036,Yenikapı Marmaray Küçük Otoparkı,FATİH,41.0064,28.9504,200,200,0,AÇIK OTOPARK,0,15,07:00-22:00
2026-08-17T02:07:58.955499+00:00,2026-08-17T05:07:58.955499+03:00,2175,Yenikapı Spor ve Kültür Merkezi PD Açık Otoparkı,FATİH,41.0006,28.9519,4023,3957,66,AÇIK OTOPARK,0,15,24 Saat
2026-08-17T02:07:58.955499+00:00,2026-08-17T05:07:58.955499+03:00,2805,Yenikapı Tünel Üstü Açık Otoparkı,FATİH,41.0029,28.9534,700,644,56,AÇIK OTOPARK,1,10,24 Saat
2026-08-17T02:07:58.955499+00:00,2026-08-17T05:07:58.955499+03:00,3404,Yenimahalle Metro Zemin Altı PD Otoparkı,GAZİOSMANPAŞA,41.0839,28.8926,114,88,26,KAPALI OTOPARK,1,15,24 Saat
2026-08-17T02:07:58.955499+00:00,2026-08-17T05:07:58.955499+03:00,2920,Yeşilce Zemin Altı Katlı Otoparkı,KAĞITHANE,41.0938,29.0017,676,0,676,KAPALI OTOPARK,1,0,24 Saat
2026-08-17T02:07:58.955499+00:00,2026-08-17T05:07:58.955499+03:00,987,Yeşilköy İstasyon Caddesi 1,BAKIRKÖY,40.962,28.825,40,1,39,YOL ÜSTÜ,0,15,09:00-17:30
2026-08-17T02:07:58.955499+00:00,2026-08-17T05:07:58.955499+03:00,974,Yeşilköy Marina 1,BAKIRKÖY,40.9576,28.8233,145,1,144,YOL ÜSTÜ,0,0,12:00-23:00
2026-08-17T02:07:58.955499+00:00,2026-08-17T05:07:58.955499+03:00,3406,Yeşilpınar Metro Zemin Altı PD Otoparkı,EYÜP,41.081,28.9204,269,183,86,KAPALI OTOPARK,1,15,24 Saat
2026-08-17T02:07:58.955499+00:00,2026-08-17T05:07:58.955499+03:00,315,Yeşilyurt Çarşı 1,BAKIRKÖY,40.9643,28.8379,50,1,49,YOL ÜSTÜ,0,15,09:00-17:30
2026-08-17T02:07:58.955499+00:00,2026-08-17T05:07:58.955499+03:00,1133,Yıldız Korusu,BEŞİKTAŞ,41.0514,29.0165,500,1,499,AÇIK OTOPARK,0,0,08:00-22:00
2026-08-17T02:07:58.955499+00:00,2026-08-17T05:07:58.955499+03:00,882,Zeytinburnu 58. Bulvar 2,ZEYTİNBURNU,40.9932,28.9039,48,1,47,YOL ÜSTÜ,0,15,09:00-18:00
2026-08-17T02:07:58.955499+00:00,2026-08-17T05:07:58.955499+03:00,3185,Zeytinburnu Sahil Cep Otoparkı,ZEYTİNBURNU,40.9798,28.8985,160,1,159,AÇIK OTOPARK,0,0,12:00-22:00
2026-08-17T03:13:02.568399+00:00,2026-08-17T06:13:02.568399+03:00,3068,15 Temmuz Şehitler Meydanı Zeminaltı Otoparkı,ÜMRANİYE,41.0246,29.0915,1029,607,422,KAPALI OTOPARK,0,15,24 Saat
2026-08-17T03:13:02.568399+00:00,2026-08-17T06:13:02.568399+03:00,2338,19 Mayıs Açık,ŞİŞLİ,41.0563,28.9941,65,0,65,AÇIK OTOPARK,1,0,24 Saat
2026-08-17T03:13:02.568399+00:00,2026-08-17T06:13:02.568399+03:00,1751,4.Levent PD Açık Otoparkı,KAĞITHANE,41.0836,29.0081,236,144,92,AÇIK OTOPARK,1,5,24 Saat
2026-08-17T03:13:02.568399+00:00,2026-08-17T06:13:02.568399+03:00,3328,4.Levent Servis ve Turizm Araçları Açık Otoparkı,ŞİŞLİ,41.0841,29.0054,300,140,160,AÇIK OTOPARK,1,15,24 Saat
2026-08-17T03:13:02.568399+00:00,2026-08-17T06:13:02.568399+03:00,3412,5. Levent Gaziosmanpaşa Adliyesi Yanı Açık Otoparkı,EYÜP,41.0927,28.9494,250,203,47,AÇIK OTOPARK,0,15,07:00-23:00
2026-08-17T03:13:02.568399+00:00,2026-08-17T06:13:02.568399+03:00,104,Abide-i Hürriyet Caddesi 5,ŞİŞLİ,41.0619,28.9876,40,1,39,YOL ÜSTÜ,0,15,08:00-17:00
2026-08-17T03:13:02.568399+00:00,2026-08-17T06:13:02.568399+03:00,2452,Acıbadem Açık Otoparkı,ÜSKÜDAR,41.0157,29.0574,100,86,14,AÇIK OTOPARK,0,0,06:30-16:00
2026-08-17T03:13:02.568399+00:00,2026-08-17T06:13:02.568399+03:00,346,Ada Karşısı Cep 2,BEŞİKTAŞ,41.072,29.045,30,1,29,YOL ÜSTÜ,0,15,08:00-23:00
2026-08-17T03:13:02.568399+00:00,2026-08-17T06:13:02.568399+03:00,1663,Akasyalı Sokak Tenis Kulubü Önü 2,BEŞİKTAŞ,41.0867,29.0109,45,1,44,YOL ÜSTÜ,0,15,08:30-17:30
2026-08-17T03:13:02.568399+00:00,2026-08-17T06:13:02.568399+03:00,828,Akdeniz Caddesi 4,FATİH,41.0175,28.9435,27,1,26,YOL ÜSTÜ,0,15,09:00-18:00
2026-08-17T03:13:02.568399+00:00,2026-08-17T06:13:02.568399+03:00,1913,Alibeyköy Cep Otogarı Açık Otoparkı,EYÜP,41.0879,28.9446,116,0,116,AÇIK OTOPARK,1,25,24 Saat
2026-08-17T03:13:02.568399+00:00,2026-08-17T06:13:02.568399+03:00,1912,Alibeyköy Cep Otogarı Otobüs Otoparkı,EYÜP,41.0875,28.9449,5000,1,4999,AÇIK OTOPARK,1,60,24 Saat
2026-08-17T03:13:02.568399+00:00,2026-08-17T06:13:02.568399+03:00,2562,Alibeyköy Yeşiltepe Zemin Altı Otoparkı,EYÜP,41.0797,28.938,159,51,108,KAPALI OTOPARK,0,15,24 Saat
2026-08-17T03:13:02.568399+00:00,2026-08-17T06:13:02.568399+03:00,3201,Altınboynuz Sosyal Tesisleri,EYÜP,41.058,28.9447,70,1,69,AÇIK OTOPARK,0,15,08:00-23:00
2026-08-17T03:13:02.568399+00:00,2026-08-17T06:13:02.568399+03:00,758,Arap Camii Açık Otoparkı,BEYOĞLU,41.0227,28.9723,30,1,29,AÇIK OTOPARK,0,0,09:00-17:00
2026-08-17T03:13:02.568399+00:00,2026-08-17T06:13:02.568399+03:00,1963,Aras Sokak 1,BÜYÜKÇEKMECE,41.0226,28.622,60,1,59,YOL ÜSTÜ,1,0,06:00-14:30
2026-08-17T03:13:02.568399+00:00,2026-08-17T06:13:02.568399+03:00,2802,Arnavutköy Zemin Altı Otoparkı,ARNAVUTKÖY,41.1838,28.7396,700,0,700,KAPALI OTOPARK,1,15,24 Saat
2026-08-17T03:13:02.568399+00:00,2026-08-17T06:13:02.568399+03:00,1797,Ataköy Atrium AVM,BAKIRKÖY,40.9881,28.8459,250,243,7,AÇIK OTOPARK,0,15,08:00-23:00
2026-08-17T03:13:02.568399+00:00,2026-08-17T06:13:02.568399+03:00,2824,Ataköy Metro Durağı Yanı PD Zemin Altı Otoparkı,BAKIRKÖY,40.9904,28.8456,150,81,69,KAPALI OTOPARK,1,0,24 Saat
2026-08-17T03:13:02.568399+00:00,2026-08-17T06:13:02.568399+03:00,359,Atatürk Bulvarı 1,FATİH,41.0112,28.9534,20,1,19,YOL ÜSTÜ,0,0,07:30-18:00
2026-08-17T03:13:02.568399+00:00,2026-08-17T06:13:02.568399+03:00,3087,Atatürk Kent Ormanı Otoparkı,SARIYER,41.136,29.0262,200,197,3,AÇIK OTOPARK,0,0,08:00-17:00
2026-08-17T03:13:02.568399+00:00,2026-08-17T06:13:02.568399+03:00,2243,Avcılar Denizköşkler Toplantı ve Davet Salonu Açık Otoparkı,AVCILAR,40.9746,28.7435,200,188,12,AÇIK OTOPARK,0,15,13:00-07:00
2026-08-17T03:13:02.568399+00:00,2026-08-17T06:13:02.568399+03:00,1088,Avcılar İdo,AVCILAR,40.9712,28.7185,270,259,11,AÇIK OTOPARK,0,0,13:00-07:00
2026-08-17T03:13:02.568399+00:00,2026-08-17T06:13:02.568399+03:00,2885,Azapkapı Haliç Metro Otoparkı,ŞİŞLİ,41.0245,28.9691,80,71,9,AÇIK OTOPARK,1,5,24 Saat
2026-08-17T03:13:02.568399+00:00,2026-08-17T06:13:02.568399+03:00,2455,Azerbaycan Dostluk Parkı Zemin Altı Otoparkı,BAĞCILAR,41.0444,28.854,400,140,260,KAPALI OTOPARK,0,10,24 Saat
2026-08-17T03:13:02.568399+00:00,2026-08-17T06:13:02.568399+03:00,2965,Bağcılar Çolakoğlu Zemin Altı Otoparkı,BAĞCILAR,41.0324,28.8345,106,0,106,KAPALI OTOPARK,1,5,24 Saat
2026-08-17T03:13:02.568399+00:00,2026-08-17T06:13:02.568399+03:00,2576,Bağcılar Demirkapı Zemin Altı Otoparkı,BAĞCILAR,41.0499,28.8327,343,128,215,KAPALI OTOPARK,1,5,24 Saat
2026-08-17T03:13:02.568399+00:00,2026-08-17T06:13:02.568399+03:00,3036,Bağcılar Devlet Hastanesi Yanı Zeminaltı Otoparkı,BAĞCILAR,41.0312,28.8696,1133,98,1035,KAPALI OTOPARK,1,15,24 Saat
2026-08-17T03:13:02.568399+00:00,2026-08-17T06:13:02.568399+03:00,3071,Bağcılar Emniyet Müdürlüğü Yanı Açık Otoparkı,BAĞCILAR,41.0353,28.8598,100,46,54,AÇIK OTOPARK,1,0,24 Saat
2026-08-17T03:13:02.568399+00:00,2026-08-17T06:13:02.568399+03:00,2873,Bağcılar Göztepe Zemin Altı,BAĞCILAR,41.0567,28.8355,120,0,120,KAPALI OTOPARK,1,5,24 Saat
2026-08-17T03:13:02.568399+00:00,2026-08-17T06:13:02.568399+03:00,3187,Bağcılar Hürriyet Mahallesi Zemin Altı Otoparkı,BAĞCILAR,41.0291,28.8333,355,0,355,KAPALI OTOPARK,1,10,24 Saat
2026-08-17T03:13:02.568399+00:00,2026-08-17T06:13:02.568399+03:00,2916,Bağcılar Kent Meydanı PD Zemin Altı Otoparkı,BAĞCILAR,41.0339,28.8556,1162,0,1162,KAPALI OTOPARK,0,0,24 Saat
2026-08-17T03:13:02.568399+00:00,2026-08-17T06:13:02.568399+03:00,3261,Bağcılar Yenimahalle Zemin Altı Otoparkı,BAĞCILAR,41.0425,28.8395,525,252,273,KAPALI OTOPARK,1,15,24 Saat
2026-08-17T03:13:02.568399+00:00,2026-08-17T06:13:02.568399+03:00,2820,Bağcılar Yıldıztepe Katlı Otoparkı,BAĞCILAR,41.0294,28.8556,350,0,350,KAPALI OTOPARK,1,10,24 Saat
2026-08-17T03:13:02.568399+00:00,2026-08-17T06:13:02.568399+03:00,3447,Bahçelievler 23 Nisan Milli Egemenlik Zeminaltı Otoparkı,BAHÇELİEVLER,40.9988,28.8472,732,386,346,KAPALI OTOPARK,1,10,24 Saat
2026-08-17T03:13:02.568399+00:00,2026-08-17T06:13:02.568399+03:00,2993,Bahçelievler Cumhuriyet Zeminaltı Otoparkı,BAHÇELİEVLER,41.0149,28.859,663,0,663,KAPALI OTOPARK,0,10,24 Saat
2026-08-17T03:13:02.568399+00:00,2026-08-17T06:13:02.568399+03:00,2969,Bahçelievler Devlet Hastanesi Yanı Katlı Otoparkı,BAHÇELİEVLER,41.0072,28.8442,740,0,740,KAPALI OTOPARK,1,0,24 Saat
2026-08-17T03:13:02.568399+00:00,2026-08-17T06:13:02.568399+03:00,3051,Bahçelievler Zafer Mh. Zeminaltı Otoparkı,BAHÇELİEVLER,41.0036,28.8351,200,41,159,KAPALI OTOPARK,1,0,24 Saat
2026-08-17T03:13:02.568399+00:00,2026-08-17T06:13:02.568399+03:00,3236,Bahçeşehir Gölet Açık Otoparkı,BAŞAKŞEHİR,41.0719,28.6901,200,1,199,AÇIK OTOPARK,0,0,12:00-22:00
2026-08-17T03:13:02.568399+00:00,2026-08-17T06:13:02.568399+03:00,1465,Bakırköy İdo Açık Otoparkı,BAKIRKÖY,40.9739,28.8761,160,143,17,AÇIK OTOPARK,1,10,24 Saat
2026-08-17T03:13:02.568399+00:00,2026-08-17T06:13:02.568399+03:00,1104,Balmumcu Katlı Otoparkı,BEŞİKTAŞ,41.0636,29.0109,400,326,74,KAPALI OTOPARK,1,5,24 Saat
2026-08-17T03:13:02.568399+00:00,2026-08-17T06:13:02.568399+03:00,2350,Bayrampaşa Adapark Katlı Otoparkı,BAYRAMPAŞA,41.0647,28.8875,650,0,650,KAPALI OTOPARK,0,15,24 Saat
2026-08-17T03:13:02.568399+00:00,2026-08-17T06:13:02.568399+03:00,2892,Bayrampaşa Altıntepsi Zemin  Altı Otoparkı,BAYRAMPAŞA,41.0393,28.9029,110,0,110,KAPALI OTOPARK,0,10,24 Saat
2026-08-17T03:13:02.568399+00:00,2026-08-17T06:13:02.568399+03:00,2909,Bayrampaşa Atatürk Parkı  Zemin Altı Otoparkı,BAYRAMPAŞA,41.0342,28.9123,442,0,442,KAPALI OTOPARK,0,10,24 Saat
2026-08-17T03:13:02.568399+00:00,2026-08-17T06:13:02.568399+03:00,2683,Bayrampaşa Devlet Hastanesi Cep Otoparkı,BAYRAMPAŞA,41.0414,28.9031,55,34,21,AÇIK OTOPARK,0,0,08:00-19:00
2026-08-17T03:13:02.568399+00:00,2026-08-17T06:13:02.568399+03:00,3301,Bayrampaşa Kocatepe Mahallesi Zemin Altı Otoparkı,BAYRAMPAŞA,41.0545,28.8964,241,0,241,KAPALI OTOPARK,1,10,24 Saat
2026-08-17T03:13:02.568399+00:00,2026-08-17T06:13:02.568399+03:00,2053,Bayrampaşa Muratpaşa Yer Altı Otoparkı,BAYRAMPAŞA,41.047,28.9082,300,0,300,KAPALI OTOPARK,0,15,24 Saat
2026-08-17T03:13:02.568399+00:00,2026-08-17T06:13:02.568399+03:00,3175,Bayrampaşa Spor Kompleksi Zemin Altı Otoparkı,BAYRAMPAŞA,41.0446,28.9106,205,0,205,KAPALI OTOPARK,1,15,24 Saat
2026-08-17T03:13:02.568399+00:00,2026-08-17T06:13:02.568399+03:00,3382,Bayrampaşa Şehit Kamil Balkan Zemin Altı Otoparkı,BAYRAMPAŞA,41.0604,28.9008,235,0,235,KAPALI OTOPARK,1,10,24 Saat
2026-08-17T03:13:02.568399+00:00,2026-08-17T06:13:02.568399+03:00,2428,Bayrampaşa Yenidoğan Mahallesi Zemin Altı Otoparkı,BAYRAMPAŞA,41.0395,28.9088,120,0,120,KAPALI OTOPARK,0,10,24 Saat
2026-08-17T03:13:02.568399+00:00,2026-08-17T06:13:02.568399+03:00,2468,Bebek Açık,BEŞİKTAŞ,41.077,29.0434,30,7,23,AÇIK OTOPARK,0,0,24 Saat
2026-08-17T03:13:02.568399+00:00,2026-08-17T06:13:02.568399+03:00,3479,Beşiktaş Halk Pazarı Açık Otoparkı,BEŞİKTAŞ,41.0496,29.0004,170,110,60,AÇIK OTOPARK,1,5,24 Saat
2026-08-17T03:13:02.568399+00:00,2026-08-17T06:13:02.568399+03:00,3257,Beykoz Sahil Cep Otoparkı,BEYKOZ,41.1286,29.0953,100,74,26,AÇIK OTOPARK,0,0,08:00-00:00
2026-08-17T03:13:02.568399+00:00,2026-08-17T06:13:02.568399+03:00,2273,Beykoz Sosyal Tesisleri,BEYKOZ,41.1143,29.0888,130,0,130,AÇIK OTOPARK,0,15,08:00-00:00
2026-08-17T03:13:02.568399+00:00,2026-08-17T06:13:02.568399+03:00,2999,Beyoğlu Gazhane Bostan Sokak 2,BEYOĞLU,41.0389,28.9903,35,1,34,YOL ÜSTÜ,0,0,07:30-16:30
2026-08-17T03:13:02.568399+00:00,2026-08-17T06:13:02.568399+03:00,3072,Beyoğlu Örnektepe Zemin Altı Otoparkı,BEYOĞLU,41.0543,28.9548,143,0,143,KAPALI OTOPARK,0,0,24 Saat
2026-08-17T03:13:02.568399+00:00,2026-08-17T06:13:02.568399+03:00,1455,Bostancı Açık,KADIKÖY,40.9523,29.0902,394,128,266,AÇIK OTOPARK,0,15,24 Saat
2026-08-17T03:13:02.568399+00:00,2026-08-17T06:13:02.568399+03:00,1456,Bostancı Sahil-Cep Açık Otoparkı,KADIKÖY,40.9545,29.0885,192,140,52,AÇIK OTOPARK,0,15,24 Saat
2026-08-17T03:13:02.568399+00:00,2026-08-17T06:13:02.568399+03:00,2150,Bostancı Vergi Dairesi Açık Otoparkı,ATAŞEHİR,40.9625,29.1083,155,0,155,AÇIK OTOPARK,0,5,08:00-20:00
2026-08-17T03:13:02.568399+00:00,2026-08-17T06:13:02.568399+03:00,2854,Bülent Ecevit Kültür Merkezi Açık Otoparkı,KARTAL,40.8852,29.1967,277,265,12,AÇIK OTOPARK,0,0,10:00-21:00
2026-08-17T03:13:02.568399+00:00,2026-08-17T06:13:02.568399+03:00,2866,Büyük İstanbul Otogarı,BAYRAMPAŞA,41.0402,28.8942,1000,0,1000,AÇIK OTOPARK,1,25,24 Saat
2026-08-17T03:13:02.568399+00:00,2026-08-17T06:13:02.568399+03:00,1192,Büyükçamlıca Korusu Sosyal Tesisleri Önü,ÜSKÜDAR,41.0264,29.0698,204,111,93,AÇIK OTOPARK,0,0,08:00-00:00
2026-08-17T03:13:02.568399+00:00,2026-08-17T06:13:02.568399+03:00,2960,Büyükçekmece Metrobüs Durağı Yanı PD Zemin Altı Otopark,BÜYÜKÇEKMECE,41.0221,28.624,448,39,409,KAPALI OTOPARK,0,0,24 Saat
2026-08-17T03:13:02.568399+00:00,2026-08-17T06:13:02.568399+03:00,1503,Cadde Bostan Açık Otoparkı,KADIKÖY,40.9636,29.0675,66,62,4,AÇIK OTOPARK,0,15,24 Saat
2026-08-17T03:13:02.568399+00:00,2026-08-17T06:13:02.568399+03:00,2933,Cemal Kamacı Spor Kompleksi Zemin Altı Otoparkı,KAĞITHANE,41.0536,28.9575,510,0,510,KAPALI OTOPARK,1,0,24 Saat
2026-08-17T03:13:02.568399+00:00,2026-08-17T06:13:02.568399+03:00,2207,Cengiz Topel Yer Altı Katlı Otoparkı,ESENLER,41.0588,28.8643,144,0,144,KAPALI OTOPARK,0,15,24 Saat
2026-08-17T03:13:02.568399+00:00,2026-08-17T06:13:02.568399+03:00,2787,Cevizli Açık Otoparkı,KARTAL,40.9179,29.1712,100,87,13,AÇIK OTOPARK,0,15,08:00-19:00
2026-08-17T03:13:02.568399+00:00,2026-08-17T06:13:02.568399+03:00,782,Cihangir Caddesi 2,BEYOĞLU,41.0319,28.9862,70,1,69,YOL ÜSTÜ,0,15,09:00-19:00
2026-08-17T03:13:02.568399+00:00,2026-08-17T06:13:02.568399+03:00,1467,Cihangir Katlı Otoparkı,BEYOĞLU,41.0318,28.9858,350,0,350,KAPALI OTOPARK,1,0,24 Saat
2026-08-17T03:13:02.568399+00:00,2026-08-17T06:13:02.568399+03:00,535,Cihannuma Yol Üstü 1,BEŞİKTAŞ,41.0454,29.0084,35,1,34,YOL ÜSTÜ,0,0,08:00-23:00
2026-08-17T03:13:02.568399+00:00,2026-08-17T06:13:02.568399+03:00,537,Cihannuma Yol Üstü 3,BEŞİKTAŞ,41.0459,29.0087,33,1,32,YOL ÜSTÜ,0,0,08:00-23:00
2026-08-17T03:13:02.568399+00:00,2026-08-17T06:13:02.568399+03:00,539,Cihannuma Yol Üstü 5,BEŞİKTAŞ,41.0489,29.0094,24,1,23,YOL ÜSTÜ,0,0,08:00-23:00
2026-08-17T03:13:02.568399+00:00,2026-08-17T06:13:02.568399+03:00,3184,Çam Sokak 6,GÜNGÖREN,41.0121,28.8882,50,1,49,YOL ÜSTÜ,0,15,08:00-17:00
2026-08-17T03:13:02.568399+00:00,2026-08-17T06:13:02.568399+03:00,3030,Çekmeköy Metro PD Zemin Altı Otoparkı,ÇEKMEKÖY,41.0147,29.1886,175,59,116,KAPALI OTOPARK,0,15,24 Saat
2026-08-17T03:13:02.568399+00:00,2026-08-17T06:13:02.568399+03:00,2905,Çeliktepe Açık Otoparkı,KAĞITHANE,41.0843,29.0056,200,75,125,AÇIK OTOPARK,1,5,24 Saat
2026-08-17T03:13:02.568399+00:00,2026-08-17T06:13:02.568399+03:00,1298,Çengelköy Açık Otoparkı,ÜSKÜDAR,41.0484,29.0533,500,0,500,AÇIK OTOPARK,0,15,24 Saat
2026-08-17T03:13:02.568399+00:00,2026-08-17T06:13:02.568399+03:00,502,Çınar Açık Otoparkı,BEŞİKTAŞ,41.0853,29.0088,65,1,64,AÇIK OTOPARK,0,0,08:00-18:00
2026-08-17T03:13:02.568399+00:00,2026-08-17T06:13:02.568399+03:00,777,Çırağan Sarayı Yol Üstü 1,BEŞİKTAŞ,41.0448,29.0165,40,1,39,YOL ÜSTÜ,0,15,08:00-23:00
2026-08-17T03:13:02.568399+00:00,2026-08-17T06:13:02.568399+03:00,778,Çırağan Sarayı Yol Üstü 2,BEŞİKTAŞ,41.0445,29.0156,40,1,39,YOL ÜSTÜ,0,15,08:00-23:00
2026-08-17T03:13:02.568399+00:00,2026-08-17T06:13:02.568399+03:00,2228,Çırpıcı Sosyal Tesisler,ZEYTİNBURNU,41,28.8926,128,0,128,AÇIK OTOPARK,0,15,07:00-00:00
2026-08-17T03:13:02.568399+00:00,2026-08-17T06:13:02.568399+03:00,2030,Dalyan Açık Otoparkı,KADIKÖY,40.9632,29.0651,92,76,16,AÇIK OTOPARK,0,15,24 Saat
2026-08-17T03:13:02.568399+00:00,2026-08-17T06:13:02.568399+03:00,2271,Damla Sokak 1,ŞİŞLİ,41.0672,29.0004,17,1,16,YOL ÜSTÜ,0,15,07:30-16:30
2026-08-17T03:13:02.568399+00:00,2026-08-17T06:13:02.568399+03:00,2164,Darüşşafaka Yeraltı Otoparkı,SARIYER,41.1292,29.0252,150,143,7,KAPALI OTOPARK,0,15,08:00-00:00
2026-08-17T03:13:02.568399+00:00,2026-08-17T06:13:02.568399+03:00,1653,Deniz Feneri Otoparkı,FATİH,41.0019,28.9773,175,144,31,AÇIK OTOPARK,0,5,24 Saat
2026-08-17T03:13:02.568399+00:00,2026-08-17T06:13:02.568399+03:00,595,Dostluk Yurdu 1,FATİH,41.0071,28.973,33,1,32,YOL ÜSTÜ,0,15,07:00-17:00
2026-08-17T03:13:02.568399+00:00,2026-08-17T06:13:02.568399+03:00,2237,Dragos Sosyal Tesisleri,KARTAL,40.9017,29.1458,100,60,40,AÇIK OTOPARK,1,15,24 Saat
2026-08-17T03:13:02.568399+00:00,2026-08-17T06:13:02.568399+03:00,3063,Dudullu Metro PD Zemin Altı Otoparkı,ÜMRANİYE,41.0156,29.1633,81,61,20,KAPALI OTOPARK,0,15,07:00-23:30
2026-08-17T03:13:02.568399+00:00,2026-08-17T06:13:02.568399+03:00,1522,Ebu Suut Caddesi 1,FATİH,41.0128,28.9766,35,1,34,YOL ÜSTÜ,0,0,08:00-18:00
2026-08-17T03:13:02.568399+00:00,2026-08-17T06:13:02.568399+03:00,2147,EGS Blokları Açık Otoparkı,BAKIRKÖY,40.9863,28.8354,350,43,307,AÇIK OTOPARK,0,60,09:00-19:30
2026-08-17T03:13:02.568399+00:00,2026-08-17T06:13:02.568399+03:00,2366,Esenler Adem Baştürk Kültür Merkezi Katlı,ESENLER,41.039,28.8846,460,0,460,KAPALI OTOPARK,1,15,24 Saat
2026-08-17T03:13:02.568399+00:00,2026-08-17T06:13:02.568399+03:00,3190,Esenler Havaalanı Mahallesi Zemin Altı Otoparkı,ESENLER,41.0562,28.8674,610,302,308,KAPALI OTOPARK,1,10,24 Saat
2026-08-17T03:13:02.568399+00:00,2026-08-17T06:13:02.568399+03:00,3011,Esenler Menderes Metro İstasyonu Yanı,ESENLER,41.0427,28.8783,68,0,68,AÇIK OTOPARK,1,5,24 Saat
2026-08-17T03:13:02.568399+00:00,2026-08-17T06:13:02.568399+03:00,2822,Esenler Menderes Parkı Zemin Altı Otoparkı,ESENLER,41.0412,28.8729,325,0,325,KAPALI OTOPARK,1,10,24 Saat
2026-08-17T03:13:02.568399+00:00,2026-08-17T06:13:02.568399+03:00,3303,Esenyurt Adile Naşit Bulvarı Zeminaltı Otoparkı,ESENYURT,41.0205,28.6859,367,278,89,KAPALI OTOPARK,1,15,24 Saat
2026-08-17T03:13:02.568399+00:00,2026-08-17T06:13:02.568399+03:00,1328,Eski Salı Pazarı,KADIKÖY,40.9904,29.0338,760,0,760,AÇIK OTOPARK,0,15,24 Saat
2026-08-17T03:13:02.568399+00:00,2026-08-17T06:13:02.568399+03:00,904,Eyüp Pierloti Caddesi 1,EYÜP,41.0539,28.9329,40,1,39,YOL ÜSTÜ,0,0,09:00-22:00
2026-08-17T03:13:02.568399+00:00,2026-08-17T06:13:02.568399+03:00,2850,Eyüpsultan Akşemsettin Mahallesi Zemin Altı Otoparkı,EYÜP,41.085,28.9258,110,0,110,KAPALI OTOPARK,0,15,24 Saat
2026-08-17T03:13:02.568399+00:00,2026-08-17T06:13:02.568399+03:00,2215,Fatih Çeşmesi Tabiat Parkı Otoparkı,SARIYER,41.1686,28.9448,250,242,8,AÇIK OTOPARK,1,0,06:00-20:00
2026-08-17T03:13:02.568399+00:00,2026-08-17T06:13:02.568399+03:00,1475,Fatih Katlı Otoparkı,FATİH,41.0198,28.9396,118,31,87,KAPALI OTOPARK,0,10,24 Saat
2026-08-17T03:13:02.568399+00:00,2026-08-17T06:13:02.568399+03:00,1591,Feshane PD Açık Otoparkı,EYÜP,41.0463,28.9378,200,124,76,AÇIK OTOPARK,1,15,24 Saat
2026-08-17T03:13:02.568399+00:00,2026-08-17T06:13:02.568399+03:00,1005,Florya Havuzlu Bahçe,BAKIRKÖY,40.9764,28.7908,135,1,134,AÇIK OTOPARK,0,0,09:00-23:00
2026-08-17T03:13:02.568399+00:00,2026-08-17T06:13:02.568399+03:00,2238,Florya Sosyal Tesisleri,BAKIRKÖY,40.9614,28.8091,1074,1031,43,AÇIK OTOPARK,0,15,24 Saat
2026-08-17T03:13:02.568399+00:00,2026-08-17T06:13:02.568399+03:00,1704,Gazi Umur Paşa Sokak 5,BEŞİKTAŞ,41.0589,29.0114,45,1,44,YOL ÜSTÜ,0,15,08:00-17:00
2026-08-17T03:13:02.568399+00:00,2026-08-17T06:13:02.568399+03:00,3296,Gaziosmanpaşa Meydanı ve Yaşam Merkezi Zemin Altı Otoparkı,GAZİOSMANPAŞA,41.0606,28.9093,202,0,202,KAPALI OTOPARK,1,15,24 Saat
2026-08-17T03:13:02.568399+00:00,2026-08-17T06:13:02.568399+03:00,2971,Gaziosmanpaşa Zemin Altı Otoparkı,GAZİOSMANPAŞA,41.0796,28.8858,285,0,285,KAPALI OTOPARK,1,0,24 Saat
2026-08-17T03:13:02.568399+00:00,2026-08-17T06:13:02.568399+03:00,3401,Giyimkent Tekstilkent Metro Zemin Altı PD Otoparkı,ESENLER,41.0711,28.8666,203,182,21,KAPALI OTOPARK,0,10,24 Saat
2026-08-17T03:13:02.568399+00:00,2026-08-17T06:13:02.568399+03:00,2242,Gözdağı Sosyal Tesisler  Açık Otoparkı,PENDİK,40.893,29.2538,300,215,85,AÇIK OTOPARK,0,0,07:00-23:00
2026-08-17T03:13:02.568399+00:00,2026-08-17T06:13:02.568399+03:00,1879,Gülsuyu Metro PD Yer Altı Otoparkı,MALTEPE,40.9237,29.1548,76,0,76,KAPALI OTOPARK,0,15,08:00-00:00
2026-08-17T03:13:02.568399+00:00,2026-08-17T06:13:02.568399+03:00,1423,Güneş Plajı 1,BAKIRKÖY,40.9712,28.79,250,250,0,AÇIK OTOPARK,0,10,24 Saat
2026-08-17T03:13:02.568399+00:00,2026-08-17T06:13:02.568399+03:00,1461,Güneş Plajı 2,BAKIRKÖY,40.9692,28.7951,135,134,1,AÇIK OTOPARK,0,10,08:00-20:00
2026-08-17T03:13:02.568399+00:00,2026-08-17T06:13:02.568399+03:00,3053,Güngören Nikah Dairesi Zemin Altı otoparkı,GÜNGÖREN,41.0363,28.8718,147,0,147,KAPALI OTOPARK,1,10,24 Saat
2026-08-17T03:13:02.568399+00:00,2026-08-17T06:13:02.568399+03:00,2216,Gürpınar Balık Hali Otoparkı,BEYLİKDÜZÜ,40.9663,28.6019,1000,763,237,AÇIK OTOPARK,0,15,24 Saat
2026-08-17T03:13:02.568399+00:00,2026-08-17T06:13:02.568399+03:00,1525,Hacıosman Metro Yer Altı Otoparkı,SARIYER,41.14,29.0306,422,298,124,KAPALI OTOPARK,0,15,24 Saat
2026-08-17T03:13:02.568399+00:00,2026-08-17T06:13:02.568399+03:00,1470,Haldun Alagaş Katlı Otoparkı,ÜMRANİYE,41.0262,29.1052,197,99,98,KAPALI OTOPARK,1,15,24 Saat
2026-08-17T03:13:02.568399+00:00,2026-08-17T06:13:02.568399+03:00,3235,Haliç Sosyal Tesisleri Otoparkı,FATİH,41.0277,28.9572,60,46,14,AÇIK OTOPARK,0,15,07:00-00:00
2026-08-17T03:13:02.568399+00:00,2026-08-17T06:13:02.568399+03:00,2848,Halkalı Mahallesi Zemin Altı Otoparkı,KÜÇÜKÇEKMECE,41.0359,28.7848,347,263,84,KAPALI OTOPARK,0,15,24 Saat
2026-08-17T03:13:02.568399+00:00,2026-08-17T06:13:02.568399+03:00,2838,Hamidiye Mahallesi Katlı Otoparkı,KAĞITHANE,41.0949,28.971,450,180,270,KAPALI OTOPARK,1,15,24 Saat
2026-08-17T03:13:02.568399+00:00,2026-08-17T06:13:02.568399+03:00,1446,Harbiye Zemin Altı Otoparkı,BEYOĞLU,41.0408,28.9869,142,87,55,KAPALI OTOPARK,0,5,24 Saat
2026-08-17T03:13:02.568399+00:00,2026-08-17T06:13:02.568399+03:00,2332,Haydarpaşa Katlı Otoparkı,ÜSKÜDAR,41.0048,29.0251,840,778,62,KAPALI OTOPARK,1,15,24 Saat
2026-08-17T03:13:02.568399+00:00,2026-08-17T06:13:02.568399+03:00,1987,Haznedar Yer Altı Otoparkı,GÜNGÖREN,41.0083,28.8729,540,0,540,KAPALI OTOPARK,0,0,24 Saat
2026-08-17T03:13:02.568399+00:00,2026-08-17T06:13:02.568399+03:00,377,Hızır Külhani Sokak,FATİH,41.0202,28.9605,32,1,31,YOL ÜSTÜ,0,15,09:00-17:00
2026-08-17T03:13:02.568399+00:00,2026-08-17T06:13:02.568399+03:00,3173,Hürriyet Mahallesi Zeminaltı Otoparkı,GAZİOSMANPAŞA,41.0708,28.8951,190,0,190,KAPALI OTOPARK,1,15,24 Saat
2026-08-17T03:13:02.568399+00:00,2026-08-17T06:13:02.568399+03:00,157,Ihlamur Dere Caddesi 4,BEŞİKTAŞ,41.047,29.0023,27,1,26,YOL ÜSTÜ,0,15,09:00-17:00
2026-08-17T03:13:02.568399+00:00,2026-08-17T06:13:02.568399+03:00,1189,İçerenköy Sebze Meyve Hali Otoparkı,ATAŞEHİR,40.9766,29.1044,600,600,0,AÇIK OTOPARK,0,15,24 Saat
2026-08-17T03:13:02.568399+00:00,2026-08-17T06:13:02.568399+03:00,1127,İshakpaşa Caddesi,FATİH,41.0079,28.9814,200,1,199,YOL ÜSTÜ,0,0,08:00-18:00
2026-08-17T03:13:02.568399+00:00,2026-08-17T06:13:02.568399+03:00,3265,İspark İstanbul West Marina Açık Otoparkı 1,BEYLİKDÜZÜ,40.9636,28.6564,250,1,249,AÇIK OTOPARK,0,15,24 Saat
2026-08-17T03:13:02.568399+00:00,2026-08-17T06:13:02.568399+03:00,2793,İspark Merter Katlı Otoparkı,GÜNGÖREN,41.0097,28.89,900,494,406,KAPALI OTOPARK,1,10,24 Saat
2026-08-17T03:13:02.568399+00:00,2026-08-17T06:13:02.568399+03:00,2430,İspark West İstanbul Marina Açık Otoparkı,BEYLİKDÜZÜ,40.9639,28.6591,1600,1143,457,AÇIK OTOPARK,0,15,24 Saat
2026-08-17T03:13:02.568399+00:00,2026-08-17T06:13:02.568399+03:00,381,İstinye 4 ( Cami Önü ),SARIYER,41.1149,29.0571,25,1,24,YOL ÜSTÜ,0,15,08:30-17:30
2026-08-17T03:13:02.568399+00:00,2026-08-17T06:13:02.568399+03:00,1804,İtalyan Hastanesi Karşısı Açık Otoparkı 1,BEYOĞLU,41.028,28.9815,30,1,29,AÇIK OTOPARK,0,0,08:00-19:00
2026-08-17T03:13:02.568399+00:00,2026-08-17T06:13:02.568399+03:00,507,Kabasakal Medrese Önü,FATİH,41.0062,28.9789,65,1,64,AÇIK OTOPARK,0,0,08:00-18:30
2026-08-17T03:13:02.568399+00:00,2026-08-17T06:13:02.568399+03:00,3306,Kabataş Transfer Merkezi Turizm Otobüs Otoparkı,BEYOĞLU,41.0336,28.9923,160,107,53,KAPALI OTOPARK,1,20,24 Saat
2026-08-17T03:13:02.568399+00:00,2026-08-17T06:13:02.568399+03:00,2918,Kadıköy Hasanpaşa Gazhane Katlı Otoparkı,KADIKÖY,40.9972,29.0428,310,188,122,KAPALI OTOPARK,1,15,24 Saat
2026-08-17T03:13:02.568399+00:00,2026-08-17T06:13:02.568399+03:00,1447,Kadıköy İski Açık Otoparkı,KADIKÖY,40.9874,29.0207,124,29,95,AÇIK OTOPARK,0,15,24 Saat
2026-08-17T03:13:02.568399+00:00,2026-08-17T06:13:02.568399+03:00,1655,Kadıköy Metro Açık Otoparkı,KADIKÖY,40.9899,29.0217,74,65,9,AÇIK OTOPARK,0,15,24 Saat
2026-08-17T03:13:02.568399+00:00,2026-08-17T06:13:02.568399+03:00,3445,Kadıköy Uzunçayır PD Açık Otoparkı,KADIKÖY,40.9982,29.0569,70,40,30,AÇIK OTOPARK,0,15,06:30-16:30
2026-08-17T03:13:02.568399+00:00,2026-08-17T06:13:02.568399+03:00,2808,Kadıköy Yeni Salı Pazarı PD Katlı Otoparkı,KADIKÖY,40.9969,29.0486,1350,654,696,KAPALI OTOPARK,1,15,24 Saat
2026-08-17T03:13:02.568399+00:00,2026-08-17T06:13:02.568399+03:00,2811,Kağıthane Harmantepe Zemin Altı Otoparkı,KAĞITHANE,41.0816,28.9907,200,0,200,KAPALI OTOPARK,1,0,24 Saat
2026-08-17T03:13:02.568399+00:00,2026-08-17T06:13:02.568399+03:00,1452,Kalamış Açık Otoparkı,KADIKÖY,40.9687,29.0363,173,165,8,AÇIK OTOPARK,0,15,24 Saat
2026-08-17T03:13:02.568399+00:00,2026-08-17T06:13:02.568399+03:00,1474,Kartal Hasan Doğan Spor Kompleksi,KARTAL,40.8918,29.1897,773,0,773,KAPALI OTOPARK,0,15,24 Saat
2026-08-17T03:13:02.568399+00:00,2026-08-17T06:13:02.568399+03:00,1105,Kartal İdo Açık Otoparkı,KARTAL,40.8874,29.1881,90,0,90,AÇIK OTOPARK,0,15,24 Saat
2026-08-17T03:13:02.568399+00:00,2026-08-17T06:13:02.568399+03:00,1550,Kartal Sahil Açık Otoparkı,KARTAL,40.8875,29.1901,75,56,19,AÇIK OTOPARK,0,5,24 Saat
2026-08-17T03:13:02.568399+00:00,2026-08-17T06:13:02.568399+03:00,3434,Kasımpaşa Sosyal Tesisler Otoparkı,BEYOĞLU,41.0296,28.9673,60,37,23,AÇIK OTOPARK,0,0,07:30-23:00
2026-08-17T03:13:02.568399+00:00,2026-08-17T06:13:02.568399+03:00,1960,Kazlıçeşme Marmaray Açık Otoparkı,ZEYTİNBURNU,40.9922,28.917,700,670,30,AÇIK OTOPARK,0,15,24 Saat
2026-08-17T03:13:02.568399+00:00,2026-08-17T06:13:02.568399+03:00,2994,Kirazlı Metro Durağı PD Açık Otoparkı,BAĞCILAR,41.033,28.8429,112,0,112,AÇIK OTOPARK,0,5,24 Saat
2026-08-17T03:13:02.568399+00:00,2026-08-17T06:13:02.568399+03:00,1528,Kore Şehitleri Caddesi - Yüzbaşı Kaya Aldağon Sokak 1,ŞİŞLİ,41.0719,29.0139,40,1,39,YOL ÜSTÜ,0,15,07:00-16:00
2026-08-17T03:13:02.568399+00:00,2026-08-17T06:13:02.568399+03:00,2449,Kozyatağı Sebze-Meyve Hali,ATAŞEHİR,40.9787,29.1029,1500,1500,0,AÇIK OTOPARK,1,0,24 Saat
2026-08-17T03:13:02.568399+00:00,2026-08-17T06:13:02.568399+03:00,1206,Kutlugün Sokak 2,FATİH,41.0061,28.9801,200,1,199,YOL ÜSTÜ,0,0,08:00-18:00
2026-08-17T03:13:02.568399+00:00,2026-08-17T06:13:02.568399+03:00,3074,Küçük Çamlıca,ÜSKÜDAR,41.0204,29.0653,129,107,22,AÇIK OTOPARK,0,0,08:00-22:00
2026-08-17T03:13:02.568399+00:00,2026-08-17T06:13:02.568399+03:00,3127,Küçükçekmece Cennet Mahallesi Meydan Zemin Altı Otoparkı,KÜÇÜKÇEKMECE,40.9907,28.783,456,0,456,KAPALI OTOPARK,0,10,24 Saat
2026-08-17T03:13:02.568399+00:00,2026-08-17T06:13:02.568399+03:00,2554,Küçükçekmece Fevzi Çakmak Meydanı Zemin Altı Otoparkı,KÜÇÜKÇEKMECE,41.0076,28.7927,1000,482,518,KAPALI OTOPARK,0,10,24 Saat
2026-08-17T03:13:02.568399+00:00,2026-08-17T06:13:02.568399+03:00,2882,Küçüksu Kasrı Açık Otoparkı,BEYKOZ,41.0789,29.0657,98,92,6,AÇIK OTOPARK,0,0,07:00-23:00
2026-08-17T03:13:02.568399+00:00,2026-08-17T06:13:02.568399+03:00,220,Levent Hamidiye,BEŞİKTAŞ,41.0861,29.0076,100,1,99,AÇIK OTOPARK,0,0,08:00-19:00
2026-08-17T03:13:02.568399+00:00,2026-08-17T06:13:02.568399+03:00,1138,Levent Metro Yer Altı Otoparkı,BEŞİKTAŞ,41.0811,29.0105,100,1,99,AÇIK OTOPARK,0,5,07:30-19:30
2026-08-17T03:13:02.568399+00:00,2026-08-17T06:13:02.568399+03:00,2335,Maçka Açık Otoparkı,ŞİŞLİ,41.046,28.9908,75,73,2,AÇIK OTOPARK,1,0,24 Saat
2026-08-17T03:13:02.568399+00:00,2026-08-17T06:13:02.568399+03:00,1859,Maçka Katlı Otoparkı,ŞİŞLİ,41.0484,28.9903,508,360,148,KAPALI OTOPARK,0,0,24 Saat
2026-08-17T03:13:02.568399+00:00,2026-08-17T06:13:02.568399+03:00,3193,Maltepe Rıhtım Caddesi Açık Otoparkı,MALTEPE,40.9258,29.1241,76,73,3,AÇIK OTOPARK,1,0,24 Saat
2026-08-17T03:13:02.568399+00:00,2026-08-17T06:13:02.568399+03:00,2146,Maltepe Süreyyapaşa Çarşısı Açık Otoparkı,MALTEPE,40.9274,29.1225,156,136,20,AÇIK OTOPARK,1,0,24 Saat
2026-08-17T03:13:02.568399+00:00,2026-08-17T06:13:02.568399+03:00,1599,Maslak Açık Otoparkı,SARIYER,41.1166,29.024,150,138,12,AÇIK OTOPARK,0,10,24 Saat
2026-08-17T03:13:02.568399+00:00,2026-08-17T06:13:02.568399+03:00,2100,Matbaacılar Sitesi Yanı,ZEYTİNBURNU,41.0234,28.9187,250,219,31,AÇIK OTOPARK,1,5,24 Saat
2026-08-17T03:13:02.568399+00:00,2026-08-17T06:13:02.568399+03:00,920,Meclis-i Mebusan Yokuşu 2,BEYOĞLU,41.0326,28.9882,34,1,33,YOL ÜSTÜ,0,15,09:00-17:00
2026-08-17T03:13:02.568399+00:00,2026-08-17T06:13:02.568399+03:00,1546,Menekşe Plajı Açık Otoparkı,BAKIRKÖY,40.9761,28.7766,200,200,0,AÇIK OTOPARK,0,0,24 Saat
2026-08-17T03:13:02.568399+00:00,2026-08-17T06:13:02.568399+03:00,1376,Mercan Açık,FATİH,41.0136,28.9669,130,127,3,AÇIK OTOPARK,0,0,08:00-23:00
2026-08-17T03:13:02.568399+00:00,2026-08-17T06:13:02.568399+03:00,3309,Mercan Ali Paşa Sarayı Zemin Altı Otoparkı,FATİH,41.0136,28.967,196,1,195,KAPALI OTOPARK,0,0,07:00-21:00
2026-08-17T03:13:02.568399+00:00,2026-08-17T06:13:02.568399+03:00,1472,Merter Katlı Otoparkı,GÜNGÖREN,41.0092,28.8874,1000,905,95,KAPALI OTOPARK,0,10,24 Saat
2026-08-17T03:13:02.568399+00:00,2026-08-17T06:13:02.568399+03:00,2375,Merter Metro PD Zeminaltı Otoparkı,GÜNGÖREN,41.0037,28.8897,242,81,161,KAPALI OTOPARK,1,10,24 Saat
2026-08-17T03:13:02.568399+00:00,2026-08-17T06:13:02.568399+03:00,1568,Mete Caddesi 1,BEYOĞLU,41.0382,28.9879,31,1,30,YOL ÜSTÜ,0,15,08:00-23:00
2026-08-17T03:13:02.568399+00:00,2026-08-17T06:13:02.568399+03:00,1471,Mevlana Yeraltı Katlı Otoparkı,ZEYTİNBURNU,41.0072,28.9049,1000,844,156,KAPALI OTOPARK,0,5,24 Saat
2026-08-17T03:13:02.568399+00:00,2026-08-17T06:13:02.568399+03:00,2709,Millet Caddesi Açık Otoparkı,FATİH,41.01,28.9461,60,1,59,AÇIK OTOPARK,0,15,24 Saat
2026-08-17T03:13:02.568399+00:00,2026-08-17T06:13:02.568399+03:00,3152,Mimar Sinan Zemin Altı Otoparkı,ÜSKÜDAR,41.0222,29.0169,956,167,789,KAPALI OTOPARK,0,15,24 Saat
2026-08-17T03:13:02.568399+00:00,2026-08-17T06:13:02.568399+03:00,2870,Miniatürk Çadır Açık Otoparkı,BEYOĞLU,41.0594,28.9501,250,173,77,AÇIK OTOPARK,0,15,07:00-20:00
2026-08-17T03:13:02.568399+00:00,2026-08-17T06:13:02.568399+03:00,2556,Muallim Naci Açık Otoparkı,BEŞİKTAŞ,41.0561,29.0342,35,32,3,AÇIK OTOPARK,1,15,24 Saat
2026-08-17T03:13:02.568399+00:00,2026-08-17T06:13:02.568399+03:00,569,Oda Kule Önü 1,BEYOĞLU,41.0322,28.9751,24,1,23,YOL ÜSTÜ,0,0,07:00-01:00
2026-08-17T03:13:02.568399+00:00,2026-08-17T06:13:02.568399+03:00,1988,Orhangazi Şehir Parkı PD Açık Otoparkı,MALTEPE,40.9313,29.1161,5022,4684,338,AÇIK OTOPARK,1,15,24 Saat
2026-08-17T03:13:02.568399+00:00,2026-08-17T06:13:02.568399+03:00,152,Ortabahçe Caddesi 2,BEŞİKTAŞ,41.0428,29.0043,35,1,34,YOL ÜSTÜ,0,15,08:00-23:00
2026-08-17T03:13:02.568399+00:00,2026-08-17T06:13:02.568399+03:00,153,Ortabahçe Caddesi 3,BEŞİKTAŞ,41.043,29.0042,26,1,25,YOL ÜSTÜ,0,15,08:00-23:00
2026-08-17T03:13:02.568399+00:00,2026-08-17T06:13:02.568399+03:00,119,Ortaklar Caddesi 1,ŞİŞLİ,41.0638,28.9971,25,1,24,YOL ÜSTÜ,0,15,08:30-17:00
2026-08-17T03:13:02.568399+00:00,2026-08-17T06:13:02.568399+03:00,1343,Ortaköy Açık Otoparkı,BEŞİKTAŞ,41.0504,29.0326,170,161,9,AÇIK OTOPARK,1,0,24 Saat
2026-08-17T03:13:02.568399+00:00,2026-08-17T06:13:02.568399+03:00,572,Ortaköy Portakal Yokuşu 1,BEŞİKTAŞ,41.0503,29.0261,15,1,14,YOL ÜSTÜ,0,15,09:00-19:00
2026-08-17T03:13:02.568399+00:00,2026-08-17T06:13:02.568399+03:00,1039,Öğretmen Evi,AVCILAR,40.9723,28.714,80,41,39,AÇIK OTOPARK,0,0,11:00-23:00
2026-08-17T03:13:02.568399+00:00,2026-08-17T06:13:02.568399+03:00,1466,Pendik Katlı Otoparkı,PENDİK,40.8789,29.2342,120,0,120,KAPALI OTOPARK,0,15,24 Saat
2026-08-17T03:13:02.568399+00:00,2026-08-17T06:13:02.568399+03:00,3073,Pendik Kemal Kalkuz Parkı Zemin Altı Otoparkı,PENDİK,40.8885,29.2427,224,1,223,KAPALI OTOPARK,0,0,09:00-18:00
2026-08-17T03:13:02.568399+00:00,2026-08-17T06:13:02.568399+03:00,3019,Pendik Meydan Zemin Altı Otoparkı,PENDİK,40.8752,29.2324,937,0,937,KAPALI OTOPARK,1,0,24 Saat
2026-08-17T03:13:02.568399+00:00,2026-08-17T06:13:02.568399+03:00,2865,Pendik Sahil Engelliler Merkez Önü,PENDİK,40.8735,29.233,100,66,34,AÇIK OTOPARK,0,0,11:00-20:00
2026-08-17T03:13:02.568399+00:00,2026-08-17T06:13:02.568399+03:00,2434,Pendik Sahil İdo,PENDİK,40.8755,29.2369,100,0,100,AÇIK OTOPARK,0,0,07:00-23:00
2026-08-17T03:13:02.568399+00:00,2026-08-17T06:13:02.568399+03:00,248,Pendik Yenimahalle Açık 2 Otoparkı,PENDİK,40.864,29.2723,124,107,17,AÇIK OTOPARK,0,15,10:00-22:00
2026-08-17T03:13:02.568399+00:00,2026-08-17T06:13:02.568399+03:00,297,Perşembe Pazarı 1,BEYOĞLU,41.0252,28.9693,32,1,31,YOL ÜSTÜ,0,15,08:00-17:00
2026-08-17T03:13:02.568399+00:00,2026-08-17T06:13:02.568399+03:00,597,Pierre Loti Caddesi 3,FATİH,41.0069,28.9711,36,1,35,YOL ÜSTÜ,0,0,07:00-17:00
2026-08-17T03:13:02.568399+00:00,2026-08-17T06:13:02.568399+03:00,3263,Piyalepaşa Meydanı Zemin Altı Otoparkı,BEYOĞLU,41.0445,28.9674,560,228,332,KAPALI OTOPARK,0,0,24 Saat
2026-08-17T03:13:02.568399+00:00,2026-08-17T06:13:02.568399+03:00,1900,Ragıp Gümüşpala Cad.(Sobacılar Önü),FATİH,41.0181,28.969,40,1,39,YOL ÜSTÜ,0,15,07:00-18:00
2026-08-17T03:13:02.568399+00:00,2026-08-17T06:13:02.568399+03:00,415,Ragıp Gümüşpala Camii Önü 1,FATİH,41.0211,28.9627,35,1,34,YOL ÜSTÜ,0,0,07:00-17:30
2026-08-17T03:13:02.568399+00:00,2026-08-17T06:13:02.568399+03:00,3268,Refik Saydam Caddesi 3,BEYOĞLU,41.032,28.9736,55,1,54,YOL ÜSTÜ,1,0,06:00-23:00
2026-08-17T03:13:02.568399+00:00,2026-08-17T06:13:02.568399+03:00,2307,Ressam Halim Sokak PD Açık Otoparkı,BAHÇELİEVLER,40.9967,28.8641,120,110,10,AÇIK OTOPARK,0,15,08:00-00:00
2026-08-17T03:13:02.568399+00:00,2026-08-17T06:13:02.568399+03:00,3082,Rumeli Hisarı Sahil Yolu Otoparkı,SARIYER,41.0854,29.0568,20,17,3,AÇIK OTOPARK,1,0,24 Saat
2026-08-17T03:13:02.568399+00:00,2026-08-17T06:13:02.568399+03:00,1595,Sabiha Gökçen Açık Otoparkı,PENDİK,40.925,29.308,1056,254,802,AÇIK OTOPARK,0,15,24 Saat
2026-08-17T03:13:02.568399+00:00,2026-08-17T06:13:02.568399+03:00,3239,Samatya Sahil Cep Otoparkı,FATİH,40.9954,28.932,113,106,7,AÇIK OTOPARK,1,15,24 Saat
2026-08-17T03:13:02.568399+00:00,2026-08-17T06:13:02.568399+03:00,3273,Sarıyer Büyükdere Fidanlığı,SARIYER,41.1548,29.0268,160,155,5,AÇIK OTOPARK,0,0,08:00-18:00
2026-08-17T03:13:02.568399+00:00,2026-08-17T06:13:02.568399+03:00,3299,Sariyer Ayazağa Mah Vadi İstanbul Önü Açık Otoparkı,SARIYER,41.1106,28.9881,100,1,99,AÇIK OTOPARK,0,0,08:00-20:00
2026-08-17T03:13:02.568399+00:00,2026-08-17T06:13:02.568399+03:00,1303,Seyrantepe Katlı (Arena Karşısı) 1,KAĞITHANE,41.101,28.9961,1897,1,1896,KAPALI OTOPARK,1,0,24 Saat
2026-08-17T03:13:02.568399+00:00,2026-08-17T06:13:02.568399+03:00,1628,Sıracevizler Caddesi Yol Üstü 5,ŞİŞLİ,41.0607,28.9841,45,1,44,YOL ÜSTÜ,0,15,09:00-17:00
2026-08-17T03:13:02.568399+00:00,2026-08-17T06:13:02.568399+03:00,464,Sirkeci Gar Önü,FATİH,41.015,28.9761,60,1,59,AÇIK OTOPARK,0,5,07:00-20:00
2026-08-17T03:13:02.568399+00:00,2026-08-17T06:13:02.568399+03:00,1486,Siyavuşpaşa Yer Altı Otoparkı,BAHÇELİEVLER,40.9965,28.8532,155,0,155,KAPALI OTOPARK,1,0,24 Saat
2026-08-17T03:13:02.568399+00:00,2026-08-17T06:13:02.568399+03:00,1958,Soğanlık Metro PD Açık Otoparkı,KARTAL,40.9131,29.1925,898,873,25,AÇIK OTOPARK,0,15,24 Saat
2026-08-17T03:13:02.568399+00:00,2026-08-17T06:13:02.568399+03:00,589,Su Terazisi Sokak,FATİH,41.0046,28.9727,22,1,21,YOL ÜSTÜ,0,0,07:30-17:00
2026-08-17T03:13:02.568399+00:00,2026-08-17T06:13:02.568399+03:00,1478,Suadiye Cep Açık Otoparkı,KADIKÖY,40.9586,29.0732,130,127,3,AÇIK OTOPARK,0,15,24 Saat
2026-08-17T03:13:02.568399+00:00,2026-08-17T06:13:02.568399+03:00,2948,Suadiye Sahil Açık Otoparkı,KADIKÖY,40.9562,29.0797,70,64,6,AÇIK OTOPARK,1,5,24 Saat
2026-08-17T03:13:02.568399+00:00,2026-08-17T06:13:02.568399+03:00,2799,Sultanbeyli Emir Caddesi Zemin Altı Otoparkı,SULTANBEYLİ,40.9707,29.2606,130,122,8,KAPALI OTOPARK,0,15,08:00-22:00
2026-08-17T03:13:02.568399+00:00,2026-08-17T06:13:02.568399+03:00,2372,Sultanbeyli Kent Meydanı Zemin Altı Otoparkı,SULTANBEYLİ,40.9667,29.2667,300,199,101,KAPALI OTOPARK,1,15,24 Saat
2026-08-17T03:13:02.568399+00:00,2026-08-17T06:13:02.568399+03:00,2410,Sultangazi Zemin Altı Otoparkı,SULTANGAZİ,41.0944,28.8649,104,0,104,KAPALI OTOPARK,1,10,24 Saat
2026-08-17T03:13:02.568399+00:00,2026-08-17T06:13:02.568399+03:00,2085,Süleyman Seba Caddesi 2,BEŞİKTAŞ,41.0426,28.9998,40,1,39,YOL ÜSTÜ,0,15,08:00-18:00
2026-08-17T03:13:02.568399+00:00,2026-08-17T06:13:02.568399+03:00,2088,Süleyman Seba Caddesi 5,BEŞİKTAŞ,41.0432,28.9978,40,1,39,YOL ÜSTÜ,0,15,08:00-18:00
2026-08-17T03:13:02.568399+00:00,2026-08-17T06:13:02.568399+03:00,2089,Süleyman Seba Caddesi 6,BEŞİKTAŞ,41.0435,28.9967,11,1,10,YOL ÜSTÜ,0,15,08:00-18:00
2026-08-17T03:13:02.568399+00:00,2026-08-17T06:13:02.568399+03:00,2391,Süleymaniye Cami Altı Açık Otoparkı,FATİH,41.0158,28.961,250,234,16,AÇIK OTOPARK,0,0,06:30-18:30
2026-08-17T03:13:02.568399+00:00,2026-08-17T06:13:02.568399+03:00,1730,Sütlüce Miniatürk Yanı,BEYOĞLU,41.057,28.95,320,239,81,AÇIK OTOPARK,1,15,24 Saat
2026-08-17T03:13:02.568399+00:00,2026-08-17T06:13:02.568399+03:00,36,Şakayık Sokak 4,ŞİŞLİ,41.0518,28.9936,50,1,49,YOL ÜSTÜ,0,15,08:00-16:00
2026-08-17T03:13:02.568399+00:00,2026-08-17T06:13:02.568399+03:00,1469,Şehit Volkan Duysak Katlı Otoparkı,ZEYTİNBURNU,40.9968,28.9039,1000,667,333,KAPALI OTOPARK,0,5,24 Saat
2026-08-17T03:13:02.568399+00:00,2026-08-17T06:13:02.568399+03:00,2855,Şemsipaşa Açık Otoparkı,ÜSKÜDAR,41.0255,29.0097,80,79,1,AÇIK OTOPARK,1,0,24 Saat
2026-08-17T03:13:02.568399+00:00,2026-08-17T06:13:02.568399+03:00,2439,Şirinevler Meydan Zeminaltı Otoparkı,BAHÇELİEVLER,40.9925,28.8496,367,90,277,KAPALI OTOPARK,1,0,24 Saat
2026-08-17T03:13:02.568399+00:00,2026-08-17T06:13:02.568399+03:00,3400,Şişhane Refik Saydam Caddesi 2 Yol Üstü Otoparkı 1,BEYOĞLU,41.0326,28.9743,70,1,69,YOL ÜSTÜ,1,15,06:00-23:00
2026-08-17T03:13:02.568399+00:00,2026-08-17T06:13:02.568399+03:00,3441,Şişli Kuştepe Zemin Altı Otoparkı,ŞİŞLİ,41.072,28.9919,430,289,141,KAPALI OTOPARK,0,15,24 Saat
2026-08-17T03:13:02.568399+00:00,2026-08-17T06:13:02.568399+03:00,2816,Şişli Rumeli Caddesi Metro Yanı 1,ŞİŞLİ,41.0538,28.9868,45,1,44,YOL ÜSTÜ,0,15,08:00-20:00
2026-08-17T03:13:02.568399+00:00,2026-08-17T06:13:02.568399+03:00,2406,Şişli Zemin Altı Otoparkı,ŞİŞLİ,41.0641,28.9992,581,425,156,KAPALI OTOPARK,1,15,24 Saat
2026-08-17T03:13:02.568399+00:00,2026-08-17T06:13:02.568399+03:00,1993,Tuzla İdo,TUZLA,40.8149,29.3039,300,265,35,AÇIK OTOPARK,0,15,24 Saat
2026-08-17T03:13:02.568399+00:00,2026-08-17T06:13:02.568399+03:00,3332,Tuzla Sahil Cep,TUZLA,40.8168,29.2992,50,38,12,AÇIK OTOPARK,0,0,08:00-00:00
2026-08-17T03:13:02.568399+00:00,2026-08-17T06:13:02.568399+03:00,3057,Tuzla Sahil Zemin Altı Otoparkı,TUZLA,40.8181,29.3004,779,1,778,KAPALI OTOPARK,1,15,24 Saat
2026-08-17T03:13:02.568399+00:00,2026-08-17T06:13:02.568399+03:00,1811,Ulu Camii Açık Otoparkı,BAHÇELİEVLER,40.9982,28.8499,150,113,37,AÇIK OTOPARK,1,10,24 Saat
2026-08-17T03:13:02.568399+00:00,2026-08-17T06:13:02.568399+03:00,2424,Uzunçayır Açık Otoparkı,KADIKÖY,40.9988,29.0556,58,51,7,AÇIK OTOPARK,1,0,06:00-16:00
2026-08-17T03:13:02.568399+00:00,2026-08-17T06:13:02.568399+03:00,1468,Ümraniye Katlı Otoparkı,ÜMRANİYE,41.0261,29.0953,665,570,95,KAPALI OTOPARK,0,15,24 Saat
2026-08-17T03:13:02.568399+00:00,2026-08-17T06:13:02.568399+03:00,2898,Ümraniye Okan Sokak Zeminaltı Otoparkı,ÜMRANİYE,41.0284,29.0907,125,14,111,KAPALI OTOPARK,1,15,24 Saat
2026-08-17T03:13:02.568399+00:00,2026-08-17T06:13:02.568399+03:00,2345,Üsküdar Uzunçayır PD Açık Otoparkı,ÜSKÜDAR,40.9988,29.0577,90,83,7,AÇIK OTOPARK,1,15,06:00-22:00
2026-08-17T03:13:02.568399+00:00,2026-08-17T06:13:02.568399+03:00,1929,Üsküdar Ünalan Açık Otoparkı,ÜSKÜDAR,40.9979,29.0604,180,174,6,AÇIK OTOPARK,0,0,07:00-17:00
2026-08-17T03:13:02.568399+00:00,2026-08-17T06:13:02.568399+03:00,1487,Vatan Caddesi PD Açık Otoparkı,FATİH,41.0157,28.9405,397,359,38,AÇIK OTOPARK,0,5,24 Saat
2026-08-17T03:13:02.568399+00:00,2026-08-17T06:13:02.568399+03:00,2441,Yalı Açık Otoparkı,MALTEPE,40.9095,29.137,85,82,3,AÇIK OTOPARK,0,0,07:30-22:00
2026-08-17T03:13:02.568399+00:00,2026-08-17T06:13:02.568399+03:00,459,Yalı Köşkü Caddesi 1,FATİH,41.0163,28.9759,61,1,60,YOL ÜSTÜ,0,5,07:00-21:00
2026-08-17T03:13:02.568399+00:00,2026-08-17T06:13:02.568399+03:00,2037,Yenikapı Marmaray Büyük Otoparkı,FATİH,41.0057,28.9505,324,265,59,AÇIK OTOPARK,1,15,24 Saat
2026-08-17T03:13:02.568399+00:00,2026-08-17T06:13:02.568399+03:00,2036,Yenikapı Marmaray Küçük Otoparkı,FATİH,41.0064,28.9504,200,200,0,AÇIK OTOPARK,0,15,07:00-22:00
2026-08-17T03:13:02.568399+00:00,2026-08-17T06:13:02.568399+03:00,2175,Yenikapı Spor ve Kültür Merkezi PD Açık Otoparkı,FATİH,41.0006,28.9519,4023,3961,62,AÇIK OTOPARK,0,15,24 Saat
2026-08-17T03:13:02.568399+00:00,2026-08-17T06:13:02.568399+03:00,2805,Yenikapı Tünel Üstü Açık Otoparkı,FATİH,41.0029,28.9534,700,644,56,AÇIK OTOPARK,1,10,24 Saat
2026-08-17T03:13:02.568399+00:00,2026-08-17T06:13:02.568399+03:00,3404,Yenimahalle Metro Zemin Altı PD Otoparkı,GAZİOSMANPAŞA,41.0839,28.8926,114,89,25,KAPALI OTOPARK,1,15,24 Saat
2026-08-17T03:13:02.568399+00:00,2026-08-17T06:13:02.568399+03:00,2920,Yeşilce Zemin Altı Katlı Otoparkı,KAĞITHANE,41.0938,29.0017,676,0,676,KAPALI OTOPARK,1,0,24 Saat
2026-08-17T03:13:02.568399+00:00,2026-08-17T06:13:02.568399+03:00,987,Yeşilköy İstasyon Caddesi 1,BAKIRKÖY,40.962,28.825,40,1,39,YOL ÜSTÜ,0,15,09:00-17:30
2026-08-17T03:13:02.568399+00:00,2026-08-17T06:13:02.568399+03:00,974,Yeşilköy Marina 1,BAKIRKÖY,40.9576,28.8233,145,1,144,YOL ÜSTÜ,0,0,12:00-23:00
2026-08-17T03:13:02.568399+00:00,2026-08-17T06:13:02.568399+03:00,3406,Yeşilpınar Metro Zemin Altı PD Otoparkı,EYÜP,41.081,28.9204,269,184,85,KAPALI OTOPARK,1,15,24 Saat
2026-08-17T03:13:02.568399+00:00,2026-08-17T06:13:02.568399+03:00,315,Yeşilyurt Çarşı 1,BAKIRKÖY,40.9643,28.8379,50,1,49,YOL ÜSTÜ,0,15,09:00-17:30
2026-08-17T03:13:02.568399+00:00,2026-08-17T06:13:02.568399+03:00,1133,Yıldız Korusu,BEŞİKTAŞ,41.0514,29.0165,500,1,499,AÇIK OTOPARK,0,0,08:00-22:00
2026-08-17T03:13:02.568399+00:00,2026-08-17T06:13:02.568399+03:00,882,Zeytinburnu 58. Bulvar 2,ZEYTİNBURNU,40.9932,28.9039,48,1,47,YOL ÜSTÜ,0,15,09:00-18:00
2026-08-17T03:13:02.568399+00:00,2026-08-17T06:13:02.568399+03:00,3185,Zeytinburnu Sahil Cep Otoparkı,ZEYTİNBURNU,40.9798,28.8985,160,1,159,AÇIK OTOPARK,0,0,12:00-22:00
2026-08-17T04:07:25.771304+00:00,2026-08-17T07:07:25.771304+03:00,3068,15 Temmuz Şehitler Meydanı Zeminaltı Otoparkı,ÜMRANİYE,41.0246,29.0915,1029,608,421,KAPALI OTOPARK,0,15,24 Saat
2026-08-17T04:07:25.771304+00:00,2026-08-17T07:07:25.771304+03:00,2338,19 Mayıs Açık,ŞİŞLİ,41.0563,28.9941,65,0,65,AÇIK OTOPARK,1,0,24 Saat
2026-08-17T04:07:25.771304+00:00,2026-08-17T07:07:25.771304+03:00,1751,4.Levent PD Açık Otoparkı,KAĞITHANE,41.0836,29.0081,236,147,89,AÇIK OTOPARK,1,5,24 Saat
2026-08-17T04:07:25.771304+00:00,2026-08-17T07:07:25.771304+03:00,3328,4.Levent Servis ve Turizm Araçları Açık Otoparkı,ŞİŞLİ,41.0841,29.0054,300,142,158,AÇIK OTOPARK,1,15,24 Saat
2026-08-17T04:07:25.771304+00:00,2026-08-17T07:07:25.771304+03:00,3412,5. Levent Gaziosmanpaşa Adliyesi Yanı Açık Otoparkı,EYÜP,41.0927,28.9494,250,203,47,AÇIK OTOPARK,1,15,07:00-23:00
2026-08-17T04:07:25.771304+00:00,2026-08-17T07:07:25.771304+03:00,104,Abide-i Hürriyet Caddesi 5,ŞİŞLİ,41.0619,28.9876,40,1,39,YOL ÜSTÜ,0,15,08:00-17:00
2026-08-17T04:07:25.771304+00:00,2026-08-17T07:07:25.771304+03:00,2452,Acıbadem Açık Otoparkı,ÜSKÜDAR,41.0157,29.0574,100,86,14,AÇIK OTOPARK,1,0,06:30-16:00
2026-08-17T04:07:25.771304+00:00,2026-08-17T07:07:25.771304+03:00,346,Ada Karşısı Cep 2,BEŞİKTAŞ,41.072,29.045,30,1,29,YOL ÜSTÜ,0,15,08:00-23:00
2026-08-17T04:07:25.771304+00:00,2026-08-17T07:07:25.771304+03:00,1663,Akasyalı Sokak Tenis Kulubü Önü 2,BEŞİKTAŞ,41.0867,29.0109,45,1,44,YOL ÜSTÜ,0,15,08:30-17:30
2026-08-17T04:07:25.771304+00:00,2026-08-17T07:07:25.771304+03:00,828,Akdeniz Caddesi 4,FATİH,41.0175,28.9435,27,1,26,YOL ÜSTÜ,0,15,09:00-18:00
2026-08-17T04:07:25.771304+00:00,2026-08-17T07:07:25.771304+03:00,1913,Alibeyköy Cep Otogarı Açık Otoparkı,EYÜP,41.0879,28.9446,116,0,116,AÇIK OTOPARK,1,25,24 Saat
2026-08-17T04:07:25.771304+00:00,2026-08-17T07:07:25.771304+03:00,1912,Alibeyköy Cep Otogarı Otobüs Otoparkı,EYÜP,41.0875,28.9449,5000,1,4999,AÇIK OTOPARK,1,60,24 Saat
2026-08-17T04:07:25.771304+00:00,2026-08-17T07:07:25.771304+03:00,2562,Alibeyköy Yeşiltepe Zemin Altı Otoparkı,EYÜP,41.0797,28.938,159,52,107,KAPALI OTOPARK,0,15,24 Saat
2026-08-17T04:07:25.771304+00:00,2026-08-17T07:07:25.771304+03:00,3201,Altınboynuz Sosyal Tesisleri,EYÜP,41.058,28.9447,70,1,69,AÇIK OTOPARK,0,15,08:00-23:00
2026-08-17T04:07:25.771304+00:00,2026-08-17T07:07:25.771304+03:00,758,Arap Camii Açık Otoparkı,BEYOĞLU,41.0227,28.9723,30,1,29,AÇIK OTOPARK,0,0,09:00-17:00
2026-08-17T04:07:25.771304+00:00,2026-08-17T07:07:25.771304+03:00,1963,Aras Sokak 1,BÜYÜKÇEKMECE,41.0226,28.622,60,1,59,YOL ÜSTÜ,1,0,06:00-14:30
2026-08-17T04:07:25.771304+00:00,2026-08-17T07:07:25.771304+03:00,2802,Arnavutköy Zemin Altı Otoparkı,ARNAVUTKÖY,41.1838,28.7396,700,0,700,KAPALI OTOPARK,1,15,24 Saat
2026-08-17T04:07:25.771304+00:00,2026-08-17T07:07:25.771304+03:00,1797,Ataköy Atrium AVM,BAKIRKÖY,40.9881,28.8459,250,243,7,AÇIK OTOPARK,0,15,08:00-23:00
2026-08-17T04:07:25.771304+00:00,2026-08-17T07:07:25.771304+03:00,2824,Ataköy Metro Durağı Yanı PD Zemin Altı Otoparkı,BAKIRKÖY,40.9904,28.8456,150,81,69,KAPALI OTOPARK,1,0,24 Saat
2026-08-17T04:07:25.771304+00:00,2026-08-17T07:07:25.771304+03:00,359,Atatürk Bulvarı 1,FATİH,41.0112,28.9534,20,1,19,YOL ÜSTÜ,0,0,07:30-18:00
2026-08-17T04:07:25.771304+00:00,2026-08-17T07:07:25.771304+03:00,3087,Atatürk Kent Ormanı Otoparkı,SARIYER,41.136,29.0262,200,197,3,AÇIK OTOPARK,0,0,08:00-17:00
2026-08-17T04:07:25.771304+00:00,2026-08-17T07:07:25.771304+03:00,2243,Avcılar Denizköşkler Toplantı ve Davet Salonu Açık Otoparkı,AVCILAR,40.9746,28.7435,200,188,12,AÇIK OTOPARK,0,15,13:00-07:00
2026-08-17T04:07:25.771304+00:00,2026-08-17T07:07:25.771304+03:00,1088,Avcılar İdo,AVCILAR,40.9712,28.7185,270,259,11,AÇIK OTOPARK,0,0,13:00-07:00
2026-08-17T04:07:25.771304+00:00,2026-08-17T07:07:25.771304+03:00,2885,Azapkapı Haliç Metro Otoparkı,ŞİŞLİ,41.0245,28.9691,80,59,21,AÇIK OTOPARK,1,5,24 Saat
2026-08-17T04:07:25.771304+00:00,2026-08-17T07:07:25.771304+03:00,2455,Azerbaycan Dostluk Parkı Zemin Altı Otoparkı,BAĞCILAR,41.0444,28.854,400,146,254,KAPALI OTOPARK,0,10,24 Saat
2026-08-17T04:07:25.771304+00:00,2026-08-17T07:07:25.771304+03:00,2965,Bağcılar Çolakoğlu Zemin Altı Otoparkı,BAĞCILAR,41.0324,28.8345,106,0,106,KAPALI OTOPARK,1,5,24 Saat
2026-08-17T04:07:25.771304+00:00,2026-08-17T07:07:25.771304+03:00,2576,Bağcılar Demirkapı Zemin Altı Otoparkı,BAĞCILAR,41.0499,28.8327,343,134,209,KAPALI OTOPARK,1,5,24 Saat
2026-08-17T04:07:25.771304+00:00,2026-08-17T07:07:25.771304+03:00,3036,Bağcılar Devlet Hastanesi Yanı Zeminaltı Otoparkı,BAĞCILAR,41.0312,28.8696,1133,99,1034,KAPALI OTOPARK,1,15,24 Saat
2026-08-17T04:07:25.771304+00:00,2026-08-17T07:07:25.771304+03:00,3071,Bağcılar Emniyet Müdürlüğü Yanı Açık Otoparkı,BAĞCILAR,41.0353,28.8598,100,46,54,AÇIK OTOPARK,1,0,24 Saat
2026-08-17T04:07:25.771304+00:00,2026-08-17T07:07:25.771304+03:00,2873,Bağcılar Göztepe Zemin Altı,BAĞCILAR,41.0567,28.8355,120,0,120,KAPALI OTOPARK,1,5,24 Saat
2026-08-17T04:07:25.771304+00:00,2026-08-17T07:07:25.771304+03:00,3187,Bağcılar Hürriyet Mahallesi Zemin Altı Otoparkı,BAĞCILAR,41.0291,28.8333,355,0,355,KAPALI OTOPARK,1,10,24 Saat
2026-08-17T04:07:25.771304+00:00,2026-08-17T07:07:25.771304+03:00,2916,Bağcılar Kent Meydanı PD Zemin Altı Otoparkı,BAĞCILAR,41.0339,28.8556,1162,0,1162,KAPALI OTOPARK,0,0,24 Saat
2026-08-17T04:07:25.771304+00:00,2026-08-17T07:07:25.771304+03:00,3261,Bağcılar Yenimahalle Zemin Altı Otoparkı,BAĞCILAR,41.0425,28.8395,525,256,269,KAPALI OTOPARK,1,15,24 Saat
2026-08-17T04:07:25.771304+00:00,2026-08-17T07:07:25.771304+03:00,2820,Bağcılar Yıldıztepe Katlı Otoparkı,BAĞCILAR,41.0294,28.8556,350,0,350,KAPALI OTOPARK,1,10,24 Saat
2026-08-17T04:07:25.771304+00:00,2026-08-17T07:07:25.771304+03:00,3447,Bahçelievler 23 Nisan Milli Egemenlik Zeminaltı Otoparkı,BAHÇELİEVLER,40.9988,28.8472,732,392,340,KAPALI OTOPARK,1,10,24 Saat
2026-08-17T04:07:25.771304+00:00,2026-08-17T07:07:25.771304+03:00,2993,Bahçelievler Cumhuriyet Zeminaltı Otoparkı,BAHÇELİEVLER,41.0149,28.859,663,0,663,KAPALI OTOPARK,0,10,24 Saat
2026-08-17T04:07:25.771304+00:00,2026-08-17T07:07:25.771304+03:00,2969,Bahçelievler Devlet Hastanesi Yanı Katlı Otoparkı,BAHÇELİEVLER,41.0072,28.8442,740,0,740,KAPALI OTOPARK,1,0,24 Saat
2026-08-17T04:07:25.771304+00:00,2026-08-17T07:07:25.771304+03:00,3051,Bahçelievler Zafer Mh. Zeminaltı Otoparkı,BAHÇELİEVLER,41.0036,28.8351,200,46,154,KAPALI OTOPARK,1,0,24 Saat
2026-08-17T04:07:25.771304+00:00,2026-08-17T07:07:25.771304+03:00,3236,Bahçeşehir Gölet Açık Otoparkı,BAŞAKŞEHİR,41.0719,28.6901,200,1,199,AÇIK OTOPARK,0,0,12:00-22:00
2026-08-17T04:07:25.771304+00:00,2026-08-17T07:07:25.771304+03:00,1465,Bakırköy İdo Açık Otoparkı,BAKIRKÖY,40.9739,28.8761,160,143,17,AÇIK OTOPARK,1,10,24 Saat
2026-08-17T04:07:25.771304+00:00,2026-08-17T07:07:25.771304+03:00,1104,Balmumcu Katlı Otoparkı,BEŞİKTAŞ,41.0636,29.0109,400,319,81,KAPALI OTOPARK,1,5,24 Saat
2026-08-17T04:07:25.771304+00:00,2026-08-17T07:07:25.771304+03:00,2350,Bayrampaşa Adapark Katlı Otoparkı,BAYRAMPAŞA,41.0647,28.8875,650,0,650,KAPALI OTOPARK,1,15,24 Saat
2026-08-17T04:07:25.771304+00:00,2026-08-17T07:07:25.771304+03:00,2892,Bayrampaşa Altıntepsi Zemin  Altı Otoparkı,BAYRAMPAŞA,41.0393,28.9029,110,0,110,KAPALI OTOPARK,1,10,24 Saat
2026-08-17T04:07:25.771304+00:00,2026-08-17T07:07:25.771304+03:00,2909,Bayrampaşa Atatürk Parkı  Zemin Altı Otoparkı,BAYRAMPAŞA,41.0342,28.9123,442,0,442,KAPALI OTOPARK,0,10,24 Saat
2026-08-17T04:07:25.771304+00:00,2026-08-17T07:07:25.771304+03:00,2683,Bayrampaşa Devlet Hastanesi Cep Otoparkı,BAYRAMPAŞA,41.0414,28.9031,55,34,21,AÇIK OTOPARK,0,0,08:00-19:00
2026-08-17T04:07:25.771304+00:00,2026-08-17T07:07:25.771304+03:00,3301,Bayrampaşa Kocatepe Mahallesi Zemin Altı Otoparkı,BAYRAMPAŞA,41.0545,28.8964,241,0,241,KAPALI OTOPARK,1,10,24 Saat
2026-08-17T04:07:25.771304+00:00,2026-08-17T07:07:25.771304+03:00,2053,Bayrampaşa Muratpaşa Yer Altı Otoparkı,BAYRAMPAŞA,41.047,28.9082,300,0,300,KAPALI OTOPARK,0,15,24 Saat
2026-08-17T04:07:25.771304+00:00,2026-08-17T07:07:25.771304+03:00,3175,Bayrampaşa Spor Kompleksi Zemin Altı Otoparkı,BAYRAMPAŞA,41.0446,28.9106,205,0,205,KAPALI OTOPARK,1,15,24 Saat
2026-08-17T04:07:25.771304+00:00,2026-08-17T07:07:25.771304+03:00,3382,Bayrampaşa Şehit Kamil Balkan Zemin Altı Otoparkı,BAYRAMPAŞA,41.0604,28.9008,235,0,235,KAPALI OTOPARK,1,10,24 Saat
2026-08-17T04:07:25.771304+00:00,2026-08-17T07:07:25.771304+03:00,2428,Bayrampaşa Yenidoğan Mahallesi Zemin Altı Otoparkı,BAYRAMPAŞA,41.0395,28.9088,120,0,120,KAPALI OTOPARK,1,10,24 Saat
2026-08-17T04:07:25.771304+00:00,2026-08-17T07:07:25.771304+03:00,2468,Bebek Açık,BEŞİKTAŞ,41.077,29.0434,30,0,30,AÇIK OTOPARK,0,0,24 Saat
2026-08-17T04:07:25.771304+00:00,2026-08-17T07:07:25.771304+03:00,3479,Beşiktaş Halk Pazarı Açık Otoparkı,BEŞİKTAŞ,41.0496,29.0004,170,110,60,AÇIK OTOPARK,1,5,24 Saat
2026-08-17T04:07:25.771304+00:00,2026-08-17T07:07:25.771304+03:00,3257,Beykoz Sahil Cep Otoparkı,BEYKOZ,41.1286,29.0953,100,74,26,AÇIK OTOPARK,0,0,08:00-00:00
2026-08-17T04:07:25.771304+00:00,2026-08-17T07:07:25.771304+03:00,2273,Beykoz Sosyal Tesisleri,BEYKOZ,41.1143,29.0888,130,0,130,AÇIK OTOPARK,0,15,08:00-00:00
2026-08-17T04:07:25.771304+00:00,2026-08-17T07:07:25.771304+03:00,2999,Beyoğlu Gazhane Bostan Sokak 2,BEYOĞLU,41.0389,28.9903,35,1,34,YOL ÜSTÜ,0,0,07:30-16:30
2026-08-17T04:07:25.771304+00:00,2026-08-17T07:07:25.771304+03:00,3072,Beyoğlu Örnektepe Zemin Altı Otoparkı,BEYOĞLU,41.0543,28.9548,143,0,143,KAPALI OTOPARK,0,0,24 Saat
2026-08-17T04:07:25.771304+00:00,2026-08-17T07:07:25.771304+03:00,1455,Bostancı Açık,KADIKÖY,40.9523,29.0902,394,137,257,AÇIK OTOPARK,1,15,24 Saat
2026-08-17T04:07:25.771304+00:00,2026-08-17T07:07:25.771304+03:00,1456,Bostancı Sahil-Cep Açık Otoparkı,KADIKÖY,40.9545,29.0885,192,138,54,AÇIK OTOPARK,0,15,24 Saat
2026-08-17T04:07:25.771304+00:00,2026-08-17T07:07:25.771304+03:00,2150,Bostancı Vergi Dairesi Açık Otoparkı,ATAŞEHİR,40.9625,29.1083,155,0,155,AÇIK OTOPARK,0,5,08:00-20:00
2026-08-17T04:07:25.771304+00:00,2026-08-17T07:07:25.771304+03:00,2854,Bülent Ecevit Kültür Merkezi Açık Otoparkı,KARTAL,40.8852,29.1967,277,265,12,AÇIK OTOPARK,0,0,10:00-21:00
2026-08-17T04:07:25.771304+00:00,2026-08-17T07:07:25.771304+03:00,2866,Büyük İstanbul Otogarı,BAYRAMPAŞA,41.0402,28.8942,1000,0,1000,AÇIK OTOPARK,1,25,24 Saat
2026-08-17T04:07:25.771304+00:00,2026-08-17T07:07:25.771304+03:00,1192,Büyükçamlıca Korusu Sosyal Tesisleri Önü,ÜSKÜDAR,41.0264,29.0698,204,111,93,AÇIK OTOPARK,0,0,08:00-00:00
2026-08-17T04:07:25.771304+00:00,2026-08-17T07:07:25.771304+03:00,2960,Büyükçekmece Metrobüs Durağı Yanı PD Zemin Altı Otopark,BÜYÜKÇEKMECE,41.0221,28.624,448,15,433,KAPALI OTOPARK,0,0,24 Saat
2026-08-17T04:07:25.771304+00:00,2026-08-17T07:07:25.771304+03:00,1503,Cadde Bostan Açık Otoparkı,KADIKÖY,40.9636,29.0675,66,62,4,AÇIK OTOPARK,0,15,24 Saat
2026-08-17T04:07:25.771304+00:00,2026-08-17T07:07:25.771304+03:00,2933,Cemal Kamacı Spor Kompleksi Zemin Altı Otoparkı,KAĞITHANE,41.0536,28.9575,510,0,510,KAPALI OTOPARK,1,0,24 Saat
2026-08-17T04:07:25.771304+00:00,2026-08-17T07:07:25.771304+03:00,2207,Cengiz Topel Yer Altı Katlı Otoparkı,ESENLER,41.0588,28.8643,144,0,144,KAPALI OTOPARK,0,15,24 Saat
2026-08-17T04:07:25.771304+00:00,2026-08-17T07:07:25.771304+03:00,2787,Cevizli Açık Otoparkı,KARTAL,40.9179,29.1712,100,86,14,AÇIK OTOPARK,0,15,08:00-19:00
2026-08-17T04:07:25.771304+00:00,2026-08-17T07:07:25.771304+03:00,782,Cihangir Caddesi 2,BEYOĞLU,41.0319,28.9862,70,1,69,YOL ÜSTÜ,0,15,09:00-19:00
2026-08-17T04:07:25.771304+00:00,2026-08-17T07:07:25.771304+03:00,1467,Cihangir Katlı Otoparkı,BEYOĞLU,41.0318,28.9858,350,0,350,KAPALI OTOPARK,1,0,24 Saat
2026-08-17T04:07:25.771304+00:00,2026-08-17T07:07:25.771304+03:00,535,Cihannuma Yol Üstü 1,BEŞİKTAŞ,41.0454,29.0084,35,1,34,YOL ÜSTÜ,0,0,08:00-23:00
2026-08-17T04:07:25.771304+00:00,2026-08-17T07:07:25.771304+03:00,537,Cihannuma Yol Üstü 3,BEŞİKTAŞ,41.0459,29.0087,33,1,32,YOL ÜSTÜ,0,0,08:00-23:00
2026-08-17T04:07:25.771304+00:00,2026-08-17T07:07:25.771304+03:00,539,Cihannuma Yol Üstü 5,BEŞİKTAŞ,41.0489,29.0094,24,1,23,YOL ÜSTÜ,0,0,08:00-23:00
2026-08-17T04:07:25.771304+00:00,2026-08-17T07:07:25.771304+03:00,3184,Çam Sokak 6,GÜNGÖREN,41.0121,28.8882,50,1,49,YOL ÜSTÜ,0,15,08:00-17:00
2026-08-17T04:07:25.771304+00:00,2026-08-17T07:07:25.771304+03:00,3030,Çekmeköy Metro PD Zemin Altı Otoparkı,ÇEKMEKÖY,41.0147,29.1886,175,57,118,KAPALI OTOPARK,0,15,24 Saat
2026-08-17T04:07:25.771304+00:00,2026-08-17T07:07:25.771304+03:00,2905,Çeliktepe Açık Otoparkı,KAĞITHANE,41.0843,29.0056,200,75,125,AÇIK OTOPARK,1,5,24 Saat
2026-08-17T04:07:25.771304+00:00,2026-08-17T07:07:25.771304+03:00,1298,Çengelköy Açık Otoparkı,ÜSKÜDAR,41.0484,29.0533,500,492,8,AÇIK OTOPARK,0,15,24 Saat
2026-08-17T04:07:25.771304+00:00,2026-08-17T07:07:25.771304+03:00,502,Çınar Açık Otoparkı,BEŞİKTAŞ,41.0853,29.0088,65,1,64,AÇIK OTOPARK,0,0,08:00-18:00
2026-08-17T04:07:25.771304+00:00,2026-08-17T07:07:25.771304+03:00,777,Çırağan Sarayı Yol Üstü 1,BEŞİKTAŞ,41.0448,29.0165,40,1,39,YOL ÜSTÜ,0,15,08:00-23:00
2026-08-17T04:07:25.771304+00:00,2026-08-17T07:07:25.771304+03:00,778,Çırağan Sarayı Yol Üstü 2,BEŞİKTAŞ,41.0445,29.0156,40,1,39,YOL ÜSTÜ,0,15,08:00-23:00
2026-08-17T04:07:25.771304+00:00,2026-08-17T07:07:25.771304+03:00,2228,Çırpıcı Sosyal Tesisler,ZEYTİNBURNU,41,28.8926,128,0,128,AÇIK OTOPARK,1,15,07:00-00:00
2026-08-17T04:07:25.771304+00:00,2026-08-17T07:07:25.771304+03:00,2030,Dalyan Açık Otoparkı,KADIKÖY,40.9632,29.0651,92,87,5,AÇIK OTOPARK,0,15,24 Saat
2026-08-17T04:07:25.771304+00:00,2026-08-17T07:07:25.771304+03:00,2271,Damla Sokak 1,ŞİŞLİ,41.0672,29.0004,17,1,16,YOL ÜSTÜ,0,15,07:30-16:30
2026-08-17T04:07:25.771304+00:00,2026-08-17T07:07:25.771304+03:00,2164,Darüşşafaka Yeraltı Otoparkı,SARIYER,41.1292,29.0252,150,143,7,KAPALI OTOPARK,0,15,08:00-00:00
2026-08-17T04:07:25.771304+00:00,2026-08-17T07:07:25.771304+03:00,1653,Deniz Feneri Otoparkı,FATİH,41.0019,28.9773,175,142,33,AÇIK OTOPARK,1,5,24 Saat
2026-08-17T04:07:25.771304+00:00,2026-08-17T07:07:25.771304+03:00,595,Dostluk Yurdu 1,FATİH,41.0071,28.973,33,1,32,YOL ÜSTÜ,1,15,07:00-17:00
2026-08-17T04:07:25.771304+00:00,2026-08-17T07:07:25.771304+03:00,2237,Dragos Sosyal Tesisleri,KARTAL,40.9017,29.1458,100,59,41,AÇIK OTOPARK,1,15,24 Saat
2026-08-17T04:07:25.771304+00:00,2026-08-17T07:07:25.771304+03:00,3063,Dudullu Metro PD Zemin Altı Otoparkı,ÜMRANİYE,41.0156,29.1633,81,60,21,KAPALI OTOPARK,1,15,07:00-23:30
2026-08-17T04:07:25.771304+00:00,2026-08-17T07:07:25.771304+03:00,1522,Ebu Suut Caddesi 1,FATİH,41.0128,28.9766,35,1,34,YOL ÜSTÜ,0,0,08:00-18:00
2026-08-17T04:07:25.771304+00:00,2026-08-17T07:07:25.771304+03:00,2147,EGS Blokları Açık Otoparkı,BAKIRKÖY,40.9863,28.8354,350,43,307,AÇIK OTOPARK,0,60,09:00-19:30
2026-08-17T04:07:25.771304+00:00,2026-08-17T07:07:25.771304+03:00,2366,Esenler Adem Baştürk Kültür Merkezi Katlı,ESENLER,41.039,28.8846,460,0,460,KAPALI OTOPARK,1,15,24 Saat
2026-08-17T04:07:25.771304+00:00,2026-08-17T07:07:25.771304+03:00,3190,Esenler Havaalanı Mahallesi Zemin Altı Otoparkı,ESENLER,41.0562,28.8674,610,313,297,KAPALI OTOPARK,1,10,24 Saat
2026-08-17T04:07:25.771304+00:00,2026-08-17T07:07:25.771304+03:00,3011,Esenler Menderes Metro İstasyonu Yanı,ESENLER,41.0427,28.8783,68,0,68,AÇIK OTOPARK,1,5,24 Saat
2026-08-17T04:07:25.771304+00:00,2026-08-17T07:07:25.771304+03:00,2822,Esenler Menderes Parkı Zemin Altı Otoparkı,ESENLER,41.0412,28.8729,325,0,325,KAPALI OTOPARK,1,10,24 Saat
2026-08-17T04:07:25.771304+00:00,2026-08-17T07:07:25.771304+03:00,3303,Esenyurt Adile Naşit Bulvarı Zeminaltı Otoparkı,ESENYURT,41.0205,28.6859,367,278,89,KAPALI OTOPARK,1,15,24 Saat
2026-08-17T04:07:25.771304+00:00,2026-08-17T07:07:25.771304+03:00,1328,Eski Salı Pazarı,KADIKÖY,40.9904,29.0338,760,0,760,AÇIK OTOPARK,0,15,24 Saat
2026-08-17T04:07:25.771304+00:00,2026-08-17T07:07:25.771304+03:00,904,Eyüp Pierloti Caddesi 1,EYÜP,41.0539,28.9329,40,1,39,YOL ÜSTÜ,0,0,09:00-22:00
2026-08-17T04:07:25.771304+00:00,2026-08-17T07:07:25.771304+03:00,2850,Eyüpsultan Akşemsettin Mahallesi Zemin Altı Otoparkı,EYÜP,41.085,28.9258,110,0,110,KAPALI OTOPARK,0,15,24 Saat
2026-08-17T04:07:25.771304+00:00,2026-08-17T07:07:25.771304+03:00,2215,Fatih Çeşmesi Tabiat Parkı Otoparkı,SARIYER,41.1686,28.9448,250,242,8,AÇIK OTOPARK,1,0,06:00-20:00
2026-08-17T04:07:25.771304+00:00,2026-08-17T07:07:25.771304+03:00,1475,Fatih Katlı Otoparkı,FATİH,41.0198,28.9396,118,38,80,KAPALI OTOPARK,1,10,24 Saat
2026-08-17T04:07:25.771304+00:00,2026-08-17T07:07:25.771304+03:00,1591,Feshane PD Açık Otoparkı,EYÜP,41.0463,28.9378,200,124,76,AÇIK OTOPARK,1,15,24 Saat
2026-08-17T04:07:25.771304+00:00,2026-08-17T07:07:25.771304+03:00,1005,Florya Havuzlu Bahçe,BAKIRKÖY,40.9764,28.7908,135,1,134,AÇIK OTOPARK,0,0,09:00-23:00
2026-08-17T04:07:25.771304+00:00,2026-08-17T07:07:25.771304+03:00,2238,Florya Sosyal Tesisleri,BAKIRKÖY,40.9614,28.8091,1074,1031,43,AÇIK OTOPARK,0,15,24 Saat
2026-08-17T04:07:25.771304+00:00,2026-08-17T07:07:25.771304+03:00,1704,Gazi Umur Paşa Sokak 5,BEŞİKTAŞ,41.0589,29.0114,45,1,44,YOL ÜSTÜ,0,15,08:00-17:00
2026-08-17T04:07:25.771304+00:00,2026-08-17T07:07:25.771304+03:00,3296,Gaziosmanpaşa Meydanı ve Yaşam Merkezi Zemin Altı Otoparkı,GAZİOSMANPAŞA,41.0606,28.9093,202,0,202,KAPALI OTOPARK,1,15,24 Saat
2026-08-17T04:07:25.771304+00:00,2026-08-17T07:07:25.771304+03:00,2971,Gaziosmanpaşa Zemin Altı Otoparkı,GAZİOSMANPAŞA,41.0796,28.8858,285,0,285,KAPALI OTOPARK,1,0,24 Saat
2026-08-17T04:07:25.771304+00:00,2026-08-17T07:07:25.771304+03:00,3401,Giyimkent Tekstilkent Metro Zemin Altı PD Otoparkı,ESENLER,41.0711,28.8666,203,182,21,KAPALI OTOPARK,0,10,24 Saat
2026-08-17T04:07:25.771304+00:00,2026-08-17T07:07:25.771304+03:00,2242,Gözdağı Sosyal Tesisler  Açık Otoparkı,PENDİK,40.893,29.2538,300,215,85,AÇIK OTOPARK,1,0,07:00-23:00
2026-08-17T04:07:25.771304+00:00,2026-08-17T07:07:25.771304+03:00,1879,Gülsuyu Metro PD Yer Altı Otoparkı,MALTEPE,40.9237,29.1548,76,0,76,KAPALI OTOPARK,0,15,08:00-00:00
2026-08-17T04:07:25.771304+00:00,2026-08-17T07:07:25.771304+03:00,1423,Güneş Plajı 1,BAKIRKÖY,40.9712,28.79,250,250,0,AÇIK OTOPARK,0,10,24 Saat
2026-08-17T04:07:25.771304+00:00,2026-08-17T07:07:25.771304+03:00,1461,Güneş Plajı 2,BAKIRKÖY,40.9692,28.7951,135,133,2,AÇIK OTOPARK,0,10,08:00-20:00
2026-08-17T04:07:25.771304+00:00,2026-08-17T07:07:25.771304+03:00,3053,Güngören Nikah Dairesi Zemin Altı otoparkı,GÜNGÖREN,41.0363,28.8718,147,0,147,KAPALI OTOPARK,1,10,24 Saat
2026-08-17T04:07:25.771304+00:00,2026-08-17T07:07:25.771304+03:00,2216,Gürpınar Balık Hali Otoparkı,BEYLİKDÜZÜ,40.9663,28.6019,1000,763,237,AÇIK OTOPARK,1,15,24 Saat
2026-08-17T04:07:25.771304+00:00,2026-08-17T07:07:25.771304+03:00,1525,Hacıosman Metro Yer Altı Otoparkı,SARIYER,41.14,29.0306,422,287,135,KAPALI OTOPARK,0,15,24 Saat
2026-08-17T04:07:25.771304+00:00,2026-08-17T07:07:25.771304+03:00,1470,Haldun Alagaş Katlı Otoparkı,ÜMRANİYE,41.0262,29.1052,197,99,98,KAPALI OTOPARK,1,15,24 Saat
2026-08-17T04:07:25.771304+00:00,2026-08-17T07:07:25.771304+03:00,3235,Haliç Sosyal Tesisleri Otoparkı,FATİH,41.0277,28.9572,60,56,4,AÇIK OTOPARK,1,15,07:00-00:00
2026-08-17T04:07:25.771304+00:00,2026-08-17T07:07:25.771304+03:00,2848,Halkalı Mahallesi Zemin Altı Otoparkı,KÜÇÜKÇEKMECE,41.0359,28.7848,347,264,83,KAPALI OTOPARK,0,15,24 Saat
2026-08-17T04:07:25.771304+00:00,2026-08-17T07:07:25.771304+03:00,2838,Hamidiye Mahallesi Katlı Otoparkı,KAĞITHANE,41.0949,28.971,450,177,273,KAPALI OTOPARK,1,15,24 Saat
2026-08-17T04:07:25.771304+00:00,2026-08-17T07:07:25.771304+03:00,1446,Harbiye Zemin Altı Otoparkı,BEYOĞLU,41.0408,28.9869,142,79,63,KAPALI OTOPARK,0,5,24 Saat
2026-08-17T04:07:25.771304+00:00,2026-08-17T07:07:25.771304+03:00,2332,Haydarpaşa Katlı Otoparkı,ÜSKÜDAR,41.0048,29.0251,840,754,86,KAPALI OTOPARK,1,15,24 Saat
2026-08-17T04:07:25.771304+00:00,2026-08-17T07:07:25.771304+03:00,1987,Haznedar Yer Altı Otoparkı,GÜNGÖREN,41.0083,28.8729,540,0,540,KAPALI OTOPARK,1,0,24 Saat
2026-08-17T04:07:25.771304+00:00,2026-08-17T07:07:25.771304+03:00,377,Hızır Külhani Sokak,FATİH,41.0202,28.9605,32,1,31,YOL ÜSTÜ,0,15,09:00-17:00
2026-08-17T04:07:25.771304+00:00,2026-08-17T07:07:25.771304+03:00,3173,Hürriyet Mahallesi Zeminaltı Otoparkı,GAZİOSMANPAŞA,41.0708,28.8951,190,0,190,KAPALI OTOPARK,1,15,24 Saat
2026-08-17T04:07:25.771304+00:00,2026-08-17T07:07:25.771304+03:00,157,Ihlamur Dere Caddesi 4,BEŞİKTAŞ,41.047,29.0023,27,1,26,YOL ÜSTÜ,0,15,09:00-17:00
2026-08-17T04:07:25.771304+00:00,2026-08-17T07:07:25.771304+03:00,1189,İçerenköy Sebze Meyve Hali Otoparkı,ATAŞEHİR,40.9766,29.1044,600,600,0,AÇIK OTOPARK,0,15,24 Saat
2026-08-17T04:07:25.771304+00:00,2026-08-17T07:07:25.771304+03:00,1127,İshakpaşa Caddesi,FATİH,41.0079,28.9814,200,1,199,YOL ÜSTÜ,0,0,08:00-18:00
2026-08-17T04:07:25.771304+00:00,2026-08-17T07:07:25.771304+03:00,3265,İspark İstanbul West Marina Açık Otoparkı 1,BEYLİKDÜZÜ,40.9636,28.6564,250,1,249,AÇIK OTOPARK,0,15,24 Saat
2026-08-17T04:07:25.771304+00:00,2026-08-17T07:07:25.771304+03:00,2793,İspark Merter Katlı Otoparkı,GÜNGÖREN,41.0097,28.89,900,489,411,KAPALI OTOPARK,1,10,24 Saat
2026-08-17T04:07:25.771304+00:00,2026-08-17T07:07:25.771304+03:00,2430,İspark West İstanbul Marina Açık Otoparkı,BEYLİKDÜZÜ,40.9639,28.6591,1600,1140,460,AÇIK OTOPARK,0,15,24 Saat
2026-08-17T04:07:25.771304+00:00,2026-08-17T07:07:25.771304+03:00,381,İstinye 4 ( Cami Önü ),SARIYER,41.1149,29.0571,25,1,24,YOL ÜSTÜ,0,15,08:30-17:30
2026-08-17T04:07:25.771304+00:00,2026-08-17T07:07:25.771304+03:00,1804,İtalyan Hastanesi Karşısı Açık Otoparkı 1,BEYOĞLU,41.028,28.9815,30,1,29,AÇIK OTOPARK,0,0,08:00-19:00
2026-08-17T04:07:25.771304+00:00,2026-08-17T07:07:25.771304+03:00,507,Kabasakal Medrese Önü,FATİH,41.0062,28.9789,65,1,64,AÇIK OTOPARK,0,0,08:00-18:30
2026-08-17T04:07:25.771304+00:00,2026-08-17T07:07:25.771304+03:00,3306,Kabataş Transfer Merkezi Turizm Otobüs Otoparkı,BEYOĞLU,41.0336,28.9923,160,104,56,KAPALI OTOPARK,1,20,24 Saat
2026-08-17T04:07:25.771304+00:00,2026-08-17T07:07:25.771304+03:00,2918,Kadıköy Hasanpaşa Gazhane Katlı Otoparkı,KADIKÖY,40.9972,29.0428,310,187,123,KAPALI OTOPARK,1,15,24 Saat
2026-08-17T04:07:25.771304+00:00,2026-08-17T07:07:25.771304+03:00,1447,Kadıköy İski Açık Otoparkı,KADIKÖY,40.9874,29.0207,124,29,95,AÇIK OTOPARK,0,15,24 Saat
2026-08-17T04:07:25.771304+00:00,2026-08-17T07:07:25.771304+03:00,1655,Kadıköy Metro Açık Otoparkı,KADIKÖY,40.9899,29.0217,74,61,13,AÇIK OTOPARK,0,15,24 Saat
2026-08-17T04:07:25.771304+00:00,2026-08-17T07:07:25.771304+03:00,3445,Kadıköy Uzunçayır PD Açık Otoparkı,KADIKÖY,40.9982,29.0569,70,40,30,AÇIK OTOPARK,1,15,06:30-16:30
2026-08-17T04:07:25.771304+00:00,2026-08-17T07:07:25.771304+03:00,2808,Kadıköy Yeni Salı Pazarı PD Katlı Otoparkı,KADIKÖY,40.9969,29.0486,1350,654,696,KAPALI OTOPARK,1,15,24 Saat
2026-08-17T04:07:25.771304+00:00,2026-08-17T07:07:25.771304+03:00,2811,Kağıthane Harmantepe Zemin Altı Otoparkı,KAĞITHANE,41.0816,28.9907,200,0,200,KAPALI OTOPARK,1,0,24 Saat
2026-08-17T04:07:25.771304+00:00,2026-08-17T07:07:25.771304+03:00,1452,Kalamış Açık Otoparkı,KADIKÖY,40.9687,29.0363,173,165,8,AÇIK OTOPARK,0,15,24 Saat
2026-08-17T04:07:25.771304+00:00,2026-08-17T07:07:25.771304+03:00,1474,Kartal Hasan Doğan Spor Kompleksi,KARTAL,40.8918,29.1897,773,0,773,KAPALI OTOPARK,0,15,24 Saat
2026-08-17T04:07:25.771304+00:00,2026-08-17T07:07:25.771304+03:00,1105,Kartal İdo Açık Otoparkı,KARTAL,40.8874,29.1881,90,0,90,AÇIK OTOPARK,0,15,24 Saat
2026-08-17T04:07:25.771304+00:00,2026-08-17T07:07:25.771304+03:00,1550,Kartal Sahil Açık Otoparkı,KARTAL,40.8875,29.1901,75,55,20,AÇIK OTOPARK,0,5,24 Saat
2026-08-17T04:07:25.771304+00:00,2026-08-17T07:07:25.771304+03:00,3434,Kasımpaşa Sosyal Tesisler Otoparkı,BEYOĞLU,41.0296,28.9673,60,37,23,AÇIK OTOPARK,0,0,07:30-23:00
2026-08-17T04:07:25.771304+00:00,2026-08-17T07:07:25.771304+03:00,1960,Kazlıçeşme Marmaray Açık Otoparkı,ZEYTİNBURNU,40.9922,28.917,700,663,37,AÇIK OTOPARK,1,15,24 Saat
2026-08-17T04:07:25.771304+00:00,2026-08-17T07:07:25.771304+03:00,2994,Kirazlı Metro Durağı PD Açık Otoparkı,BAĞCILAR,41.033,28.8429,112,0,112,AÇIK OTOPARK,0,5,24 Saat
2026-08-17T04:07:25.771304+00:00,2026-08-17T07:07:25.771304+03:00,1528,Kore Şehitleri Caddesi - Yüzbaşı Kaya Aldağon Sokak 1,ŞİŞLİ,41.0719,29.0139,40,1,39,YOL ÜSTÜ,1,15,07:00-16:00
2026-08-17T04:07:25.771304+00:00,2026-08-17T07:07:25.771304+03:00,2449,Kozyatağı Sebze-Meyve Hali,ATAŞEHİR,40.9787,29.1029,1500,1500,0,AÇIK OTOPARK,1,0,24 Saat
2026-08-17T04:07:25.771304+00:00,2026-08-17T07:07:25.771304+03:00,1206,Kutlugün Sokak 2,FATİH,41.0061,28.9801,200,1,199,YOL ÜSTÜ,0,0,08:00-18:00
2026-08-17T04:07:25.771304+00:00,2026-08-17T07:07:25.771304+03:00,3074,Küçük Çamlıca,ÜSKÜDAR,41.0204,29.0653,129,107,22,AÇIK OTOPARK,0,0,08:00-22:00
2026-08-17T04:07:25.771304+00:00,2026-08-17T07:07:25.771304+03:00,3127,Küçükçekmece Cennet Mahallesi Meydan Zemin Altı Otoparkı,KÜÇÜKÇEKMECE,40.9907,28.783,456,0,456,KAPALI OTOPARK,0,10,24 Saat
2026-08-17T04:07:25.771304+00:00,2026-08-17T07:07:25.771304+03:00,2554,Küçükçekmece Fevzi Çakmak Meydanı Zemin Altı Otoparkı,KÜÇÜKÇEKMECE,41.0076,28.7927,1000,488,512,KAPALI OTOPARK,0,10,24 Saat
2026-08-17T04:07:25.771304+00:00,2026-08-17T07:07:25.771304+03:00,2882,Küçüksu Kasrı Açık Otoparkı,BEYKOZ,41.0789,29.0657,98,92,6,AÇIK OTOPARK,1,0,07:00-23:00
2026-08-17T04:07:25.771304+00:00,2026-08-17T07:07:25.771304+03:00,220,Levent Hamidiye,BEŞİKTAŞ,41.0861,29.0076,100,1,99,AÇIK OTOPARK,0,0,08:00-19:00
2026-08-17T04:07:25.771304+00:00,2026-08-17T07:07:25.771304+03:00,1138,Levent Metro Yer Altı Otoparkı,BEŞİKTAŞ,41.0811,29.0105,100,1,99,AÇIK OTOPARK,0,5,07:30-19:30
2026-08-17T04:07:25.771304+00:00,2026-08-17T07:07:25.771304+03:00,2335,Maçka Açık Otoparkı,ŞİŞLİ,41.046,28.9908,75,73,2,AÇIK OTOPARK,1,0,24 Saat
2026-08-17T04:07:25.771304+00:00,2026-08-17T07:07:25.771304+03:00,1859,Maçka Katlı Otoparkı,ŞİŞLİ,41.0484,28.9903,508,353,155,KAPALI OTOPARK,0,0,24 Saat
2026-08-17T04:07:25.771304+00:00,2026-08-17T07:07:25.771304+03:00,3193,Maltepe Rıhtım Caddesi Açık Otoparkı,MALTEPE,40.9258,29.1241,76,73,3,AÇIK OTOPARK,1,0,24 Saat
2026-08-17T04:07:25.771304+00:00,2026-08-17T07:07:25.771304+03:00,2146,Maltepe Süreyyapaşa Çarşısı Açık Otoparkı,MALTEPE,40.9274,29.1225,156,137,19,AÇIK OTOPARK,1,0,24 Saat
2026-08-17T04:07:25.771304+00:00,2026-08-17T07:07:25.771304+03:00,1599,Maslak Açık Otoparkı,SARIYER,41.1166,29.024,150,134,16,AÇIK OTOPARK,0,10,24 Saat
2026-08-17T04:07:25.771304+00:00,2026-08-17T07:07:25.771304+03:00,2100,Matbaacılar Sitesi Yanı,ZEYTİNBURNU,41.0234,28.9187,250,208,42,AÇIK OTOPARK,1,5,24 Saat
2026-08-17T04:07:25.771304+00:00,2026-08-17T07:07:25.771304+03:00,920,Meclis-i Mebusan Yokuşu 2,BEYOĞLU,41.0326,28.9882,34,1,33,YOL ÜSTÜ,0,15,09:00-17:00
2026-08-17T04:07:25.771304+00:00,2026-08-17T07:07:25.771304+03:00,1546,Menekşe Plajı Açık Otoparkı,BAKIRKÖY,40.9761,28.7766,200,200,0,AÇIK OTOPARK,0,0,24 Saat
2026-08-17T04:07:25.771304+00:00,2026-08-17T07:07:25.771304+03:00,1376,Mercan Açık,FATİH,41.0136,28.9669,130,122,8,AÇIK OTOPARK,0,0,08:00-23:00
2026-08-17T04:07:25.771304+00:00,2026-08-17T07:07:25.771304+03:00,3309,Mercan Ali Paşa Sarayı Zemin Altı Otoparkı,FATİH,41.0136,28.967,196,1,195,KAPALI OTOPARK,1,0,07:00-21:00
2026-08-17T04:07:25.771304+00:00,2026-08-17T07:07:25.771304+03:00,1472,Merter Katlı Otoparkı,GÜNGÖREN,41.0092,28.8874,1000,903,97,KAPALI OTOPARK,0,10,24 Saat
2026-08-17T04:07:25.771304+00:00,2026-08-17T07:07:25.771304+03:00,2375,Merter Metro PD Zeminaltı Otoparkı,GÜNGÖREN,41.0037,28.8897,242,80,162,KAPALI OTOPARK,1,10,24 Saat
2026-08-17T04:07:25.771304+00:00,2026-08-17T07:07:25.771304+03:00,1568,Mete Caddesi 1,BEYOĞLU,41.0382,28.9879,31,1,30,YOL ÜSTÜ,0,15,08:00-23:00
2026-08-17T04:07:25.771304+00:00,2026-08-17T07:07:25.771304+03:00,1471,Mevlana Yeraltı Katlı Otoparkı,ZEYTİNBURNU,41.0072,28.9049,1000,844,156,KAPALI OTOPARK,1,5,24 Saat
2026-08-17T04:07:25.771304+00:00,2026-08-17T07:07:25.771304+03:00,2709,Millet Caddesi Açık Otoparkı,FATİH,41.01,28.9461,60,1,59,AÇIK OTOPARK,0,15,24 Saat
2026-08-17T04:07:25.771304+00:00,2026-08-17T07:07:25.771304+03:00,3152,Mimar Sinan Zemin Altı Otoparkı,ÜSKÜDAR,41.0222,29.0169,956,160,796,KAPALI OTOPARK,0,15,24 Saat
2026-08-17T04:07:25.771304+00:00,2026-08-17T07:07:25.771304+03:00,2870,Miniatürk Çadır Açık Otoparkı,BEYOĞLU,41.0594,28.9501,250,172,78,AÇIK OTOPARK,1,15,07:00-20:00
2026-08-17T04:07:25.771304+00:00,2026-08-17T07:07:25.771304+03:00,2556,Muallim Naci Açık Otoparkı,BEŞİKTAŞ,41.0561,29.0342,35,32,3,AÇIK OTOPARK,1,15,24 Saat
2026-08-17T04:07:25.771304+00:00,2026-08-17T07:07:25.771304+03:00,569,Oda Kule Önü 1,BEYOĞLU,41.0322,28.9751,24,1,23,YOL ÜSTÜ,1,0,07:00-01:00
2026-08-17T04:07:25.771304+00:00,2026-08-17T07:07:25.771304+03:00,1988,Orhangazi Şehir Parkı PD Açık Otoparkı,MALTEPE,40.9313,29.1161,5022,4667,355,AÇIK OTOPARK,1,15,24 Saat
2026-08-17T04:07:25.771304+00:00,2026-08-17T07:07:25.771304+03:00,152,Ortabahçe Caddesi 2,BEŞİKTAŞ,41.0428,29.0043,35,1,34,YOL ÜSTÜ,0,15,08:00-23:00
2026-08-17T04:07:25.771304+00:00,2026-08-17T07:07:25.771304+03:00,153,Ortabahçe Caddesi 3,BEŞİKTAŞ,41.043,29.0042,26,1,25,YOL ÜSTÜ,0,15,08:00-23:00
2026-08-17T04:07:25.771304+00:00,2026-08-17T07:07:25.771304+03:00,119,Ortaklar Caddesi 1,ŞİŞLİ,41.0638,28.9971,25,1,24,YOL ÜSTÜ,0,15,08:30-17:00
2026-08-17T04:07:25.771304+00:00,2026-08-17T07:07:25.771304+03:00,1343,Ortaköy Açık Otoparkı,BEŞİKTAŞ,41.0504,29.0326,170,159,11,AÇIK OTOPARK,1,0,24 Saat
2026-08-17T04:07:25.771304+00:00,2026-08-17T07:07:25.771304+03:00,572,Ortaköy Portakal Yokuşu 1,BEŞİKTAŞ,41.0503,29.0261,15,1,14,YOL ÜSTÜ,0,15,09:00-19:00
2026-08-17T04:07:25.771304+00:00,2026-08-17T07:07:25.771304+03:00,1039,Öğretmen Evi,AVCILAR,40.9723,28.714,80,41,39,AÇIK OTOPARK,0,0,11:00-23:00
2026-08-17T04:07:25.771304+00:00,2026-08-17T07:07:25.771304+03:00,1466,Pendik Katlı Otoparkı,PENDİK,40.8789,29.2342,120,0,120,KAPALI OTOPARK,0,15,24 Saat
2026-08-17T04:07:25.771304+00:00,2026-08-17T07:07:25.771304+03:00,3073,Pendik Kemal Kalkuz Parkı Zemin Altı Otoparkı,PENDİK,40.8885,29.2427,224,1,223,KAPALI OTOPARK,0,0,09:00-18:00
2026-08-17T04:07:25.771304+00:00,2026-08-17T07:07:25.771304+03:00,3019,Pendik Meydan Zemin Altı Otoparkı,PENDİK,40.8752,29.2324,937,0,937,KAPALI OTOPARK,1,0,24 Saat
2026-08-17T04:07:25.771304+00:00,2026-08-17T07:07:25.771304+03:00,2865,Pendik Sahil Engelliler Merkez Önü,PENDİK,40.8735,29.233,100,66,34,AÇIK OTOPARK,0,0,11:00-20:00
2026-08-17T04:07:25.771304+00:00,2026-08-17T07:07:25.771304+03:00,2434,Pendik Sahil İdo,PENDİK,40.8755,29.2369,100,0,100,AÇIK OTOPARK,1,0,07:00-23:00
2026-08-17T04:07:25.771304+00:00,2026-08-17T07:07:25.771304+03:00,248,Pendik Yenimahalle Açık 2 Otoparkı,PENDİK,40.864,29.2723,124,106,18,AÇIK OTOPARK,0,15,10:00-22:00
2026-08-17T04:07:25.771304+00:00,2026-08-17T07:07:25.771304+03:00,297,Perşembe Pazarı 1,BEYOĞLU,41.0252,28.9693,32,1,31,YOL ÜSTÜ,0,15,08:00-17:00
2026-08-17T04:07:25.771304+00:00,2026-08-17T07:07:25.771304+03:00,597,Pierre Loti Caddesi 3,FATİH,41.0069,28.9711,36,1,35,YOL ÜSTÜ,1,0,07:00-17:00
2026-08-17T04:07:25.771304+00:00,2026-08-17T07:07:25.771304+03:00,3263,Piyalepaşa Meydanı Zemin Altı Otoparkı,BEYOĞLU,41.0445,28.9674,560,228,332,KAPALI OTOPARK,0,0,24 Saat
2026-08-17T04:07:25.771304+00:00,2026-08-17T07:07:25.771304+03:00,1900,Ragıp Gümüşpala Cad.(Sobacılar Önü),FATİH,41.0181,28.969,40,1,39,YOL ÜSTÜ,1,15,07:00-18:00
2026-08-17T04:07:25.771304+00:00,2026-08-17T07:07:25.771304+03:00,415,Ragıp Gümüşpala Camii Önü 1,FATİH,41.0211,28.9627,35,1,34,YOL ÜSTÜ,1,0,07:00-17:30
2026-08-17T04:07:25.771304+00:00,2026-08-17T07:07:25.771304+03:00,3268,Refik Saydam Caddesi 3,BEYOĞLU,41.032,28.9736,55,1,54,YOL ÜSTÜ,1,0,06:00-23:00
2026-08-17T04:07:25.771304+00:00,2026-08-17T07:07:25.771304+03:00,2307,Ressam Halim Sokak PD Açık Otoparkı,BAHÇELİEVLER,40.9967,28.8641,120,110,10,AÇIK OTOPARK,0,15,08:00-00:00
2026-08-17T04:07:25.771304+00:00,2026-08-17T07:07:25.771304+03:00,3082,Rumeli Hisarı Sahil Yolu Otoparkı,SARIYER,41.0854,29.0568,20,15,5,AÇIK OTOPARK,1,0,24 Saat
2026-08-17T04:07:25.771304+00:00,2026-08-17T07:07:25.771304+03:00,1595,Sabiha Gökçen Açık Otoparkı,PENDİK,40.925,29.308,1056,236,820,AÇIK OTOPARK,0,15,24 Saat
2026-08-17T04:07:25.771304+00:00,2026-08-17T07:07:25.771304+03:00,3239,Samatya Sahil Cep Otoparkı,FATİH,40.9954,28.932,113,109,4,AÇIK OTOPARK,1,15,24 Saat
2026-08-17T04:07:25.771304+00:00,2026-08-17T07:07:25.771304+03:00,3273,Sarıyer Büyükdere Fidanlığı,SARIYER,41.1548,29.0268,160,155,5,AÇIK OTOPARK,0,0,08:00-18:00
2026-08-17T04:07:25.771304+00:00,2026-08-17T07:07:25.771304+03:00,3299,Sariyer Ayazağa Mah Vadi İstanbul Önü Açık Otoparkı,SARIYER,41.1106,28.9881,100,1,99,AÇIK OTOPARK,0,0,08:00-20:00
2026-08-17T04:07:25.771304+00:00,2026-08-17T07:07:25.771304+03:00,1303,Seyrantepe Katlı (Arena Karşısı) 1,KAĞITHANE,41.101,28.9961,1897,1895,2,KAPALI OTOPARK,1,0,24 Saat
2026-08-17T04:07:25.771304+00:00,2026-08-17T07:07:25.771304+03:00,1628,Sıracevizler Caddesi Yol Üstü 5,ŞİŞLİ,41.0607,28.9841,45,1,44,YOL ÜSTÜ,0,15,09:00-17:00
2026-08-17T04:07:25.771304+00:00,2026-08-17T07:07:25.771304+03:00,464,Sirkeci Gar Önü,FATİH,41.015,28.9761,60,1,59,AÇIK OTOPARK,1,5,07:00-20:00
2026-08-17T04:07:25.771304+00:00,2026-08-17T07:07:25.771304+03:00,1486,Siyavuşpaşa Yer Altı Otoparkı,BAHÇELİEVLER,40.9965,28.8532,155,0,155,KAPALI OTOPARK,1,0,24 Saat
2026-08-17T04:07:25.771304+00:00,2026-08-17T07:07:25.771304+03:00,1958,Soğanlık Metro PD Açık Otoparkı,KARTAL,40.9131,29.1925,898,864,34,AÇIK OTOPARK,0,15,24 Saat
2026-08-17T04:07:25.771304+00:00,2026-08-17T07:07:25.771304+03:00,589,Su Terazisi Sokak,FATİH,41.0046,28.9727,22,1,21,YOL ÜSTÜ,0,0,07:30-17:00
2026-08-17T04:07:25.771304+00:00,2026-08-17T07:07:25.771304+03:00,1478,Suadiye Cep Açık Otoparkı,KADIKÖY,40.9586,29.0732,130,127,3,AÇIK OTOPARK,0,15,24 Saat
2026-08-17T04:07:25.771304+00:00,2026-08-17T07:07:25.771304+03:00,2948,Suadiye Sahil Açık Otoparkı,KADIKÖY,40.9562,29.0797,70,60,10,AÇIK OTOPARK,1,5,24 Saat
2026-08-17T04:07:25.771304+00:00,2026-08-17T07:07:25.771304+03:00,2799,Sultanbeyli Emir Caddesi Zemin Altı Otoparkı,SULTANBEYLİ,40.9707,29.2606,130,122,8,KAPALI OTOPARK,0,15,08:00-22:00
2026-08-17T04:07:25.771304+00:00,2026-08-17T07:07:25.771304+03:00,2372,Sultanbeyli Kent Meydanı Zemin Altı Otoparkı,SULTANBEYLİ,40.9667,29.2667,300,198,102,KAPALI OTOPARK,1,15,24 Saat
2026-08-17T04:07:25.771304+00:00,2026-08-17T07:07:25.771304+03:00,2410,Sultangazi Zemin Altı Otoparkı,SULTANGAZİ,41.0944,28.8649,104,0,104,KAPALI OTOPARK,1,10,24 Saat
2026-08-17T04:07:25.771304+00:00,2026-08-17T07:07:25.771304+03:00,2085,Süleyman Seba Caddesi 2,BEŞİKTAŞ,41.0426,28.9998,40,1,39,YOL ÜSTÜ,0,15,08:00-18:00
2026-08-17T04:07:25.771304+00:00,2026-08-17T07:07:25.771304+03:00,2088,Süleyman Seba Caddesi 5,BEŞİKTAŞ,41.0432,28.9978,40,1,39,YOL ÜSTÜ,0,15,08:00-18:00
2026-08-17T04:07:25.771304+00:00,2026-08-17T07:07:25.771304+03:00,2089,Süleyman Seba Caddesi 6,BEŞİKTAŞ,41.0435,28.9967,11,1,10,YOL ÜSTÜ,0,15,08:00-18:00
2026-08-17T04:07:25.771304+00:00,2026-08-17T07:07:25.771304+03:00,2391,Süleymaniye Cami Altı Açık Otoparkı,FATİH,41.0158,28.961,250,235,15,AÇIK OTOPARK,1,0,06:30-18:30
2026-08-17T04:07:25.771304+00:00,2026-08-17T07:07:25.771304+03:00,1730,Sütlüce Miniatürk Yanı,BEYOĞLU,41.057,28.95,320,239,81,AÇIK OTOPARK,1,15,24 Saat
2026-08-17T04:07:25.771304+00:00,2026-08-17T07:07:25.771304+03:00,36,Şakayık Sokak 4,ŞİŞLİ,41.0518,28.9936,50,1,49,YOL ÜSTÜ,0,15,08:00-16:00
2026-08-17T04:07:25.771304+00:00,2026-08-17T07:07:25.771304+03:00,1469,Şehit Volkan Duysak Katlı Otoparkı,ZEYTİNBURNU,40.9968,28.9039,1000,673,327,KAPALI OTOPARK,1,5,24 Saat
2026-08-17T04:07:25.771304+00:00,2026-08-17T07:07:25.771304+03:00,2855,Şemsipaşa Açık Otoparkı,ÜSKÜDAR,41.0255,29.0097,80,79,1,AÇIK OTOPARK,1,0,24 Saat
2026-08-17T04:07:25.771304+00:00,2026-08-17T07:07:25.771304+03:00,2439,Şirinevler Meydan Zeminaltı Otoparkı,BAHÇELİEVLER,40.9925,28.8496,367,90,277,KAPALI OTOPARK,1,0,24 Saat
2026-08-17T04:07:25.771304+00:00,2026-08-17T07:07:25.771304+03:00,3400,Şişhane Refik Saydam Caddesi 2 Yol Üstü Otoparkı 1,BEYOĞLU,41.0326,28.9743,70,1,69,YOL ÜSTÜ,1,15,06:00-23:00
2026-08-17T04:07:25.771304+00:00,2026-08-17T07:07:25.771304+03:00,3441,Şişli Kuştepe Zemin Altı Otoparkı,ŞİŞLİ,41.072,28.9919,430,287,143,KAPALI OTOPARK,0,15,24 Saat
2026-08-17T04:07:25.771304+00:00,2026-08-17T07:07:25.771304+03:00,2816,Şişli Rumeli Caddesi Metro Yanı 1,ŞİŞLİ,41.0538,28.9868,45,1,44,YOL ÜSTÜ,0,15,08:00-20:00
2026-08-17T04:07:25.771304+00:00,2026-08-17T07:07:25.771304+03:00,2406,Şişli Zemin Altı Otoparkı,ŞİŞLİ,41.0641,28.9992,581,410,171,KAPALI OTOPARK,1,15,24 Saat
2026-08-17T04:07:25.771304+00:00,2026-08-17T07:07:25.771304+03:00,1993,Tuzla İdo,TUZLA,40.8149,29.3039,300,264,36,AÇIK OTOPARK,0,15,24 Saat
2026-08-17T04:07:25.771304+00:00,2026-08-17T07:07:25.771304+03:00,3332,Tuzla Sahil Cep,TUZLA,40.8168,29.2992,50,38,12,AÇIK OTOPARK,0,0,08:00-00:00
2026-08-17T04:07:25.771304+00:00,2026-08-17T07:07:25.771304+03:00,3057,Tuzla Sahil Zemin Altı Otoparkı,TUZLA,40.8181,29.3004,779,1,778,KAPALI OTOPARK,1,15,24 Saat
2026-08-17T04:07:25.771304+00:00,2026-08-17T07:07:25.771304+03:00,1811,Ulu Camii Açık Otoparkı,BAHÇELİEVLER,40.9982,28.8499,150,116,34,AÇIK OTOPARK,1,10,24 Saat
2026-08-17T04:07:25.771304+00:00,2026-08-17T07:07:25.771304+03:00,2424,Uzunçayır Açık Otoparkı,KADIKÖY,40.9988,29.0556,58,51,7,AÇIK OTOPARK,1,0,06:00-16:00
2026-08-17T04:07:25.771304+00:00,2026-08-17T07:07:25.771304+03:00,1468,Ümraniye Katlı Otoparkı,ÜMRANİYE,41.0261,29.0953,665,574,91,KAPALI OTOPARK,1,15,24 Saat
2026-08-17T04:07:25.771304+00:00,2026-08-17T07:07:25.771304+03:00,2898,Ümraniye Okan Sokak Zeminaltı Otoparkı,ÜMRANİYE,41.0284,29.0907,125,16,109,KAPALI OTOPARK,1,15,24 Saat
2026-08-17T04:07:25.771304+00:00,2026-08-17T07:07:25.771304+03:00,2345,Üsküdar Uzunçayır PD Açık Otoparkı,ÜSKÜDAR,40.9988,29.0577,90,83,7,AÇIK OTOPARK,1,15,06:00-22:00
2026-08-17T04:07:25.771304+00:00,2026-08-17T07:07:25.771304+03:00,1929,Üsküdar Ünalan Açık Otoparkı,ÜSKÜDAR,40.9979,29.0604,180,174,6,AÇIK OTOPARK,1,0,07:00-17:00
2026-08-17T04:07:25.771304+00:00,2026-08-17T07:07:25.771304+03:00,1487,Vatan Caddesi PD Açık Otoparkı,FATİH,41.0157,28.9405,397,359,38,AÇIK OTOPARK,0,5,24 Saat
2026-08-17T04:07:25.771304+00:00,2026-08-17T07:07:25.771304+03:00,2441,Yalı Açık Otoparkı,MALTEPE,40.9095,29.137,85,82,3,AÇIK OTOPARK,0,0,07:30-22:00
2026-08-17T04:07:25.771304+00:00,2026-08-17T07:07:25.771304+03:00,459,Yalı Köşkü Caddesi 1,FATİH,41.0163,28.9759,61,1,60,YOL ÜSTÜ,1,5,07:00-21:00
2026-08-17T04:07:25.771304+00:00,2026-08-17T07:07:25.771304+03:00,2037,Yenikapı Marmaray Büyük Otoparkı,FATİH,41.0057,28.9505,324,259,65,AÇIK OTOPARK,1,15,24 Saat
2026-08-17T04:07:25.771304+00:00,2026-08-17T07:07:25.771304+03:00,2036,Yenikapı Marmaray Küçük Otoparkı,FATİH,41.0064,28.9504,200,200,0,AÇIK OTOPARK,1,15,07:00-22:00
2026-08-17T04:07:25.771304+00:00,2026-08-17T07:07:25.771304+03:00,2175,Yenikapı Spor ve Kültür Merkezi PD Açık Otoparkı,FATİH,41.0006,28.9519,4023,3954,69,AÇIK OTOPARK,0,15,24 Saat
2026-08-17T04:07:25.771304+00:00,2026-08-17T07:07:25.771304+03:00,2805,Yenikapı Tünel Üstü Açık Otoparkı,FATİH,41.0029,28.9534,700,642,58,AÇIK OTOPARK,1,10,24 Saat
2026-08-17T04:07:25.771304+00:00,2026-08-17T07:07:25.771304+03:00,3404,Yenimahalle Metro Zemin Altı PD Otoparkı,GAZİOSMANPAŞA,41.0839,28.8926,114,89,25,KAPALI OTOPARK,1,15,24 Saat
2026-08-17T04:07:25.771304+00:00,2026-08-17T07:07:25.771304+03:00,2920,Yeşilce Zemin Altı Katlı Otoparkı,KAĞITHANE,41.0938,29.0017,676,0,676,KAPALI OTOPARK,1,0,24 Saat
2026-08-17T04:07:25.771304+00:00,2026-08-17T07:07:25.771304+03:00,987,Yeşilköy İstasyon Caddesi 1,BAKIRKÖY,40.962,28.825,40,1,39,YOL ÜSTÜ,0,15,09:00-17:30
2026-08-17T04:07:25.771304+00:00,2026-08-17T07:07:25.771304+03:00,974,Yeşilköy Marina 1,BAKIRKÖY,40.9576,28.8233,145,1,144,YOL ÜSTÜ,0,0,12:00-23:00
2026-08-17T04:07:25.771304+00:00,2026-08-17T07:07:25.771304+03:00,3406,Yeşilpınar Metro Zemin Altı PD Otoparkı,EYÜP,41.081,28.9204,269,187,82,KAPALI OTOPARK,1,15,24 Saat
2026-08-17T04:07:25.771304+00:00,2026-08-17T07:07:25.771304+03:00,315,Yeşilyurt Çarşı 1,BAKIRKÖY,40.9643,28.8379,50,1,49,YOL ÜSTÜ,0,15,09:00-17:30
2026-08-17T04:07:25.771304+00:00,2026-08-17T07:07:25.771304+03:00,1133,Yıldız Korusu,BEŞİKTAŞ,41.0514,29.0165,500,1,499,AÇIK OTOPARK,0,0,08:00-22:00
2026-08-17T04:07:25.771304+00:00,2026-08-17T07:07:25.771304+03:00,882,Zeytinburnu 58. Bulvar 2,ZEYTİNBURNU,40.9932,28.9039,48,1,47,YOL ÜSTÜ,0,15,09:00-18:00
2026-08-17T04:07:25.771304+00:00,2026-08-17T07:07:25.771304+03:00,3185,Zeytinburnu Sahil Cep Otoparkı,ZEYTİNBURNU,40.9798,28.8985,160,1,159,AÇIK OTOPARK,0,0,12:00-22:00
2026-08-17T05:42:14.479858+00:00,2026-08-17T08:42:14.479858+03:00,3068,15 Temmuz Şehitler Meydanı Zeminaltı Otoparkı,ÜMRANİYE,41.0246,29.0915,1029,606,423,KAPALI OTOPARK,1,15,24 Saat
2026-08-17T05:42:14.479858+00:00,2026-08-17T08:42:14.479858+03:00,2338,19 Mayıs Açık,ŞİŞLİ,41.0563,28.9941,65,0,65,AÇIK OTOPARK,1,0,24 Saat
2026-08-17T05:42:14.479858+00:00,2026-08-17T08:42:14.479858+03:00,1751,4.Levent PD Açık Otoparkı,KAĞITHANE,41.0836,29.0081,236,129,107,AÇIK OTOPARK,1,5,24 Saat
2026-08-17T05:42:14.479858+00:00,2026-08-17T08:42:14.479858+03:00,3328,4.Levent Servis ve Turizm Araçları Açık Otoparkı,ŞİŞLİ,41.0841,29.0054,300,145,155,AÇIK OTOPARK,1,15,24 Saat
2026-08-17T05:42:14.479858+00:00,2026-08-17T08:42:14.479858+03:00,3412,5. Levent Gaziosmanpaşa Adliyesi Yanı Açık Otoparkı,EYÜP,41.0927,28.9494,250,200,50,AÇIK OTOPARK,1,15,07:00-23:00
2026-08-17T05:42:14.479858+00:00,2026-08-17T08:42:14.479858+03:00,104,Abide-i Hürriyet Caddesi 5,ŞİŞLİ,41.0619,28.9876,40,1,39,YOL ÜSTÜ,1,15,08:00-17:00
2026-08-17T05:42:14.479858+00:00,2026-08-17T08:42:14.479858+03:00,2452,Acıbadem Açık Otoparkı,ÜSKÜDAR,41.0157,29.0574,100,86,14,AÇIK OTOPARK,1,0,06:30-16:00
2026-08-17T05:42:14.479858+00:00,2026-08-17T08:42:14.479858+03:00,346,Ada Karşısı Cep 2,BEŞİKTAŞ,41.072,29.045,30,1,29,YOL ÜSTÜ,1,15,08:00-23:00
2026-08-17T05:42:14.479858+00:00,2026-08-17T08:42:14.479858+03:00,1663,Akasyalı Sokak Tenis Kulubü Önü 2,BEŞİKTAŞ,41.0867,29.0109,45,1,44,YOL ÜSTÜ,1,15,08:30-17:30
2026-08-17T05:42:14.479858+00:00,2026-08-17T08:42:14.479858+03:00,828,Akdeniz Caddesi 4,FATİH,41.0175,28.9435,27,1,26,YOL ÜSTÜ,0,15,09:00-18:00
2026-08-17T05:42:14.479858+00:00,2026-08-17T08:42:14.479858+03:00,1913,Alibeyköy Cep Otogarı Açık Otoparkı,EYÜP,41.0879,28.9446,116,0,116,AÇIK OTOPARK,1,25,24 Saat
2026-08-17T05:42:14.479858+00:00,2026-08-17T08:42:14.479858+03:00,1912,Alibeyköy Cep Otogarı Otobüs Otoparkı,EYÜP,41.0875,28.9449,5000,1,4999,AÇIK OTOPARK,1,60,24 Saat
2026-08-17T05:42:14.479858+00:00,2026-08-17T08:42:14.479858+03:00,2562,Alibeyköy Yeşiltepe Zemin Altı Otoparkı,EYÜP,41.0797,28.938,159,60,99,KAPALI OTOPARK,1,15,24 Saat
2026-08-17T05:42:14.479858+00:00,2026-08-17T08:42:14.479858+03:00,3201,Altınboynuz Sosyal Tesisleri,EYÜP,41.058,28.9447,70,1,69,AÇIK OTOPARK,1,15,08:00-23:00
2026-08-17T05:42:14.479858+00:00,2026-08-17T08:42:14.479858+03:00,758,Arap Camii Açık Otoparkı,BEYOĞLU,41.0227,28.9723,30,1,29,AÇIK OTOPARK,0,0,09:00-17:00
2026-08-17T05:42:14.479858+00:00,2026-08-17T08:42:14.479858+03:00,1963,Aras Sokak 1,BÜYÜKÇEKMECE,41.0226,28.622,60,1,59,YOL ÜSTÜ,1,0,06:00-14:30
2026-08-17T05:42:14.479858+00:00,2026-08-17T08:42:14.479858+03:00,2802,Arnavutköy Zemin Altı Otoparkı,ARNAVUTKÖY,41.1838,28.7396,700,1,699,KAPALI OTOPARK,1,15,24 Saat
2026-08-17T05:42:14.479858+00:00,2026-08-17T08:42:14.479858+03:00,1797,Ataköy Atrium AVM,BAKIRKÖY,40.9881,28.8459,250,239,11,AÇIK OTOPARK,1,15,08:00-23:00
2026-08-17T05:42:14.479858+00:00,2026-08-17T08:42:14.479858+03:00,2824,Ataköy Metro Durağı Yanı PD Zemin Altı Otoparkı,BAKIRKÖY,40.9904,28.8456,150,85,65,KAPALI OTOPARK,1,0,24 Saat
2026-08-17T05:42:14.479858+00:00,2026-08-17T08:42:14.479858+03:00,359,Atatürk Bulvarı 1,FATİH,41.0112,28.9534,20,1,19,YOL ÜSTÜ,1,0,07:30-18:00
2026-08-17T05:42:14.479858+00:00,2026-08-17T08:42:14.479858+03:00,3087,Atatürk Kent Ormanı Otoparkı,SARIYER,41.136,29.0262,200,198,2,AÇIK OTOPARK,1,0,08:00-17:00
2026-08-17T05:42:14.479858+00:00,2026-08-17T08:42:14.479858+03:00,2243,Avcılar Denizköşkler Toplantı ve Davet Salonu Açık Otoparkı,AVCILAR,40.9746,28.7435,200,188,12,AÇIK OTOPARK,0,15,13:00-07:00
2026-08-17T05:42:14.479858+00:00,2026-08-17T08:42:14.479858+03:00,1088,Avcılar İdo,AVCILAR,40.9712,28.7185,270,259,11,AÇIK OTOPARK,0,0,13:00-07:00
2026-08-17T05:42:14.479858+00:00,2026-08-17T08:42:14.479858+03:00,2885,Azapkapı Haliç Metro Otoparkı,ŞİŞLİ,41.0245,28.9691,80,18,62,AÇIK OTOPARK,1,5,24 Saat
2026-08-17T05:42:14.479858+00:00,2026-08-17T08:42:14.479858+03:00,2455,Azerbaycan Dostluk Parkı Zemin Altı Otoparkı,BAĞCILAR,41.0444,28.854,400,161,239,KAPALI OTOPARK,1,10,24 Saat
2026-08-17T05:42:14.479858+00:00,2026-08-17T08:42:14.479858+03:00,2965,Bağcılar Çolakoğlu Zemin Altı Otoparkı,BAĞCILAR,41.0324,28.8345,106,0,106,KAPALI OTOPARK,1,5,24 Saat
2026-08-17T05:42:14.479858+00:00,2026-08-17T08:42:14.479858+03:00,2576,Bağcılar Demirkapı Zemin Altı Otoparkı,BAĞCILAR,41.0499,28.8327,343,161,182,KAPALI OTOPARK,1,5,24 Saat
2026-08-17T05:42:14.479858+00:00,2026-08-17T08:42:14.479858+03:00,3036,Bağcılar Devlet Hastanesi Yanı Zeminaltı Otoparkı,BAĞCILAR,41.0312,28.8696,1133,96,1037,KAPALI OTOPARK,1,15,24 Saat
2026-08-17T05:42:14.479858+00:00,2026-08-17T08:42:14.479858+03:00,3071,Bağcılar Emniyet Müdürlüğü Yanı Açık Otoparkı,BAĞCILAR,41.0353,28.8598,100,47,53,AÇIK OTOPARK,1,0,24 Saat
2026-08-17T05:42:14.479858+00:00,2026-08-17T08:42:14.479858+03:00,2873,Bağcılar Göztepe Zemin Altı,BAĞCILAR,41.0567,28.8355,120,0,120,KAPALI OTOPARK,1,5,24 Saat
2026-08-17T05:42:14.479858+00:00,2026-08-17T08:42:14.479858+03:00,3187,Bağcılar Hürriyet Mahallesi Zemin Altı Otoparkı,BAĞCILAR,41.0291,28.8333,355,0,355,KAPALI OTOPARK,1,10,24 Saat
2026-08-17T05:42:14.479858+00:00,2026-08-17T08:42:14.479858+03:00,2916,Bağcılar Kent Meydanı PD Zemin Altı Otoparkı,BAĞCILAR,41.0339,28.8556,1162,0,1162,KAPALI OTOPARK,1,0,24 Saat
2026-08-17T05:42:14.479858+00:00,2026-08-17T08:42:14.479858+03:00,3261,Bağcılar Yenimahalle Zemin Altı Otoparkı,BAĞCILAR,41.0425,28.8395,525,265,260,KAPALI OTOPARK,1,15,24 Saat
2026-08-17T05:42:14.479858+00:00,2026-08-17T08:42:14.479858+03:00,2820,Bağcılar Yıldıztepe Katlı Otoparkı,BAĞCILAR,41.0294,28.8556,350,0,350,KAPALI OTOPARK,1,10,24 Saat
2026-08-17T05:42:14.479858+00:00,2026-08-17T08:42:14.479858+03:00,3447,Bahçelievler 23 Nisan Milli Egemenlik Zeminaltı Otoparkı,BAHÇELİEVLER,40.9988,28.8472,732,445,287,KAPALI OTOPARK,1,10,24 Saat
2026-08-17T05:42:14.479858+00:00,2026-08-17T08:42:14.479858+03:00,2993,Bahçelievler Cumhuriyet Zeminaltı Otoparkı,BAHÇELİEVLER,41.0149,28.859,663,0,663,KAPALI OTOPARK,1,10,24 Saat
2026-08-17T05:42:14.479858+00:00,2026-08-17T08:42:14.479858+03:00,2969,Bahçelievler Devlet Hastanesi Yanı Katlı Otoparkı,BAHÇELİEVLER,41.0072,28.8442,740,0,740,KAPALI OTOPARK,1,0,24 Saat
2026-08-17T05:42:14.479858+00:00,2026-08-17T08:42:14.479858+03:00,3051,Bahçelievler Zafer Mh. Zeminaltı Otoparkı,BAHÇELİEVLER,41.0036,28.8351,200,64,136,KAPALI OTOPARK,1,0,24 Saat
2026-08-17T05:42:14.479858+00:00,2026-08-17T08:42:14.479858+03:00,3236,Bahçeşehir Gölet Açık Otoparkı,BAŞAKŞEHİR,41.0719,28.6901,200,1,199,AÇIK OTOPARK,0,0,12:00-22:00
2026-08-17T05:42:14.479858+00:00,2026-08-17T08:42:14.479858+03:00,1465,Bakırköy İdo Açık Otoparkı,BAKIRKÖY,40.9739,28.8761,160,144,16,AÇIK OTOPARK,1,10,24 Saat
2026-08-17T05:42:14.479858+00:00,2026-08-17T08:42:14.479858+03:00,1104,Balmumcu Katlı Otoparkı,BEŞİKTAŞ,41.0636,29.0109,400,232,168,KAPALI OTOPARK,1,5,24 Saat
2026-08-17T05:42:14.479858+00:00,2026-08-17T08:42:14.479858+03:00,2796,Başakşehir Metro Açık Otoparkı,BAŞAKŞEHİR,41.107,28.801,125,1,124,AÇIK OTOPARK,1,0,07:00-16:00
2026-08-17T05:42:14.479858+00:00,2026-08-17T08:42:14.479858+03:00,2350,Bayrampaşa Adapark Katlı Otoparkı,BAYRAMPAŞA,41.0647,28.8875,650,0,650,KAPALI OTOPARK,1,15,24 Saat
2026-08-17T05:42:14.479858+00:00,2026-08-17T08:42:14.479858+03:00,2892,Bayrampaşa Altıntepsi Zemin  Altı Otoparkı,BAYRAMPAŞA,41.0393,28.9029,110,0,110,KAPALI OTOPARK,1,10,24 Saat
2026-08-17T05:42:14.479858+00:00,2026-08-17T08:42:14.479858+03:00,2909,Bayrampaşa Atatürk Parkı  Zemin Altı Otoparkı,BAYRAMPAŞA,41.0342,28.9123,442,0,442,KAPALI OTOPARK,1,10,24 Saat
2026-08-17T05:42:14.479858+00:00,2026-08-17T08:42:14.479858+03:00,2683,Bayrampaşa Devlet Hastanesi Cep Otoparkı,BAYRAMPAŞA,41.0414,28.9031,55,21,34,AÇIK OTOPARK,1,0,08:00-19:00
2026-08-17T05:42:14.479858+00:00,2026-08-17T08:42:14.479858+03:00,3301,Bayrampaşa Kocatepe Mahallesi Zemin Altı Otoparkı,BAYRAMPAŞA,41.0545,28.8964,241,0,241,KAPALI OTOPARK,1,10,24 Saat
2026-08-17T05:42:14.479858+00:00,2026-08-17T08:42:14.479858+03:00,2053,Bayrampaşa Muratpaşa Yer Altı Otoparkı,BAYRAMPAŞA,41.047,28.9082,300,0,300,KAPALI OTOPARK,1,15,24 Saat
2026-08-17T05:42:14.479858+00:00,2026-08-17T08:42:14.479858+03:00,3175,Bayrampaşa Spor Kompleksi Zemin Altı Otoparkı,BAYRAMPAŞA,41.0446,28.9106,205,0,205,KAPALI OTOPARK,1,15,24 Saat
2026-08-17T05:42:14.479858+00:00,2026-08-17T08:42:14.479858+03:00,3382,Bayrampaşa Şehit Kamil Balkan Zemin Altı Otoparkı,BAYRAMPAŞA,41.0604,28.9008,235,0,235,KAPALI OTOPARK,1,10,24 Saat
2026-08-17T05:42:14.479858+00:00,2026-08-17T08:42:14.479858+03:00,2428,Bayrampaşa Yenidoğan Mahallesi Zemin Altı Otoparkı,BAYRAMPAŞA,41.0395,28.9088,120,0,120,KAPALI OTOPARK,1,10,24 Saat
2026-08-17T05:42:14.479858+00:00,2026-08-17T08:42:14.479858+03:00,2468,Bebek Açık,BEŞİKTAŞ,41.077,29.0434,30,0,30,AÇIK OTOPARK,1,0,24 Saat
2026-08-17T05:42:14.479858+00:00,2026-08-17T08:42:14.479858+03:00,3479,Beşiktaş Halk Pazarı Açık Otoparkı,BEŞİKTAŞ,41.0496,29.0004,170,116,54,AÇIK OTOPARK,1,5,24 Saat
2026-08-17T05:42:14.479858+00:00,2026-08-17T08:42:14.479858+03:00,3257,Beykoz Sahil Cep Otoparkı,BEYKOZ,41.1286,29.0953,100,74,26,AÇIK OTOPARK,1,0,08:00-00:00
2026-08-17T05:42:14.479858+00:00,2026-08-17T08:42:14.479858+03:00,2273,Beykoz Sosyal Tesisleri,BEYKOZ,41.1143,29.0888,130,121,9,AÇIK OTOPARK,1,15,08:00-00:00
2026-08-17T05:42:14.479858+00:00,2026-08-17T08:42:14.479858+03:00,2999,Beyoğlu Gazhane Bostan Sokak 2,BEYOĞLU,41.0389,28.9903,35,1,34,YOL ÜSTÜ,1,0,07:30-16:30
2026-08-17T05:42:14.479858+00:00,2026-08-17T08:42:14.479858+03:00,3072,Beyoğlu Örnektepe Zemin Altı Otoparkı,BEYOĞLU,41.0543,28.9548,143,0,143,KAPALI OTOPARK,1,0,24 Saat
2026-08-17T05:42:14.479858+00:00,2026-08-17T08:42:14.479858+03:00,1455,Bostancı Açık,KADIKÖY,40.9523,29.0902,394,160,234,AÇIK OTOPARK,1,15,24 Saat
2026-08-17T05:42:14.479858+00:00,2026-08-17T08:42:14.479858+03:00,1456,Bostancı Sahil-Cep Açık Otoparkı,KADIKÖY,40.9545,29.0885,192,146,46,AÇIK OTOPARK,1,15,24 Saat
2026-08-17T05:42:14.479858+00:00,2026-08-17T08:42:14.479858+03:00,2150,Bostancı Vergi Dairesi Açık Otoparkı,ATAŞEHİR,40.9625,29.1083,155,0,155,AÇIK OTOPARK,1,5,08:00-20:00
2026-08-17T05:42:14.479858+00:00,2026-08-17T08:42:14.479858+03:00,2854,Bülent Ecevit Kültür Merkezi Açık Otoparkı,KARTAL,40.8852,29.1967,277,265,12,AÇIK OTOPARK,0,0,10:00-21:00
2026-08-17T05:42:14.479858+00:00,2026-08-17T08:42:14.479858+03:00,2866,Büyük İstanbul Otogarı,BAYRAMPAŞA,41.0402,28.8942,1000,0,1000,AÇIK OTOPARK,1,25,24 Saat
2026-08-17T05:42:14.479858+00:00,2026-08-17T08:42:14.479858+03:00,1192,Büyükçamlıca Korusu Sosyal Tesisleri Önü,ÜSKÜDAR,41.0264,29.0698,204,112,92,AÇIK OTOPARK,1,0,08:00-00:00
2026-08-17T05:42:14.479858+00:00,2026-08-17T08:42:14.479858+03:00,2960,Büyükçekmece Metrobüs Durağı Yanı PD Zemin Altı Otopark,BÜYÜKÇEKMECE,41.0221,28.624,448,0,448,KAPALI OTOPARK,1,0,24 Saat
2026-08-17T05:42:14.479858+00:00,2026-08-17T08:42:14.479858+03:00,1503,Cadde Bostan Açık Otoparkı,KADIKÖY,40.9636,29.0675,66,59,7,AÇIK OTOPARK,1,15,24 Saat
2026-08-17T05:42:14.479858+00:00,2026-08-17T08:42:14.479858+03:00,2933,Cemal Kamacı Spor Kompleksi Zemin Altı Otoparkı,KAĞITHANE,41.0536,28.9575,510,0,510,KAPALI OTOPARK,1,0,24 Saat
2026-08-17T05:42:14.479858+00:00,2026-08-17T08:42:14.479858+03:00,2207,Cengiz Topel Yer Altı Katlı Otoparkı,ESENLER,41.0588,28.8643,144,0,144,KAPALI OTOPARK,1,15,24 Saat
2026-08-17T05:42:14.479858+00:00,2026-08-17T08:42:14.479858+03:00,2787,Cevizli Açık Otoparkı,KARTAL,40.9179,29.1712,100,68,32,AÇIK OTOPARK,1,15,08:00-19:00
2026-08-17T05:42:14.479858+00:00,2026-08-17T08:42:14.479858+03:00,782,Cihangir Caddesi 2,BEYOĞLU,41.0319,28.9862,70,1,69,YOL ÜSTÜ,0,15,09:00-19:00
2026-08-17T05:42:14.479858+00:00,2026-08-17T08:42:14.479858+03:00,1467,Cihangir Katlı Otoparkı,BEYOĞLU,41.0318,28.9858,350,0,350,KAPALI OTOPARK,1,0,24 Saat
2026-08-17T05:42:14.479858+00:00,2026-08-17T08:42:14.479858+03:00,535,Cihannuma Yol Üstü 1,BEŞİKTAŞ,41.0454,29.0084,35,1,34,YOL ÜSTÜ,1,0,08:00-23:00
2026-08-17T05:42:14.479858+00:00,2026-08-17T08:42:14.479858+03:00,537,Cihannuma Yol Üstü 3,BEŞİKTAŞ,41.0459,29.0087,33,1,32,YOL ÜSTÜ,1,0,08:00-23:00
2026-08-17T05:42:14.479858+00:00,2026-08-17T08:42:14.479858+03:00,539,Cihannuma Yol Üstü 5,BEŞİKTAŞ,41.0489,29.0094,24,1,23,YOL ÜSTÜ,1,0,08:00-23:00
2026-08-17T05:42:14.479858+00:00,2026-08-17T08:42:14.479858+03:00,3184,Çam Sokak 6,GÜNGÖREN,41.0121,28.8882,50,1,49,YOL ÜSTÜ,1,15,08:00-17:00
2026-08-17T05:42:14.479858+00:00,2026-08-17T08:42:14.479858+03:00,3030,Çekmeköy Metro PD Zemin Altı Otoparkı,ÇEKMEKÖY,41.0147,29.1886,175,50,125,KAPALI OTOPARK,1,15,24 Saat
2026-08-17T05:42:14.479858+00:00,2026-08-17T08:42:14.479858+03:00,2905,Çeliktepe Açık Otoparkı,KAĞITHANE,41.0843,29.0056,200,86,114,AÇIK OTOPARK,1,5,24 Saat
2026-08-17T05:42:14.479858+00:00,2026-08-17T08:42:14.479858+03:00,1298,Çengelköy Açık Otoparkı,ÜSKÜDAR,41.0484,29.0533,500,448,52,AÇIK OTOPARK,1,15,24 Saat
2026-08-17T05:42:14.479858+00:00,2026-08-17T08:42:14.479858+03:00,502,Çınar Açık Otoparkı,BEŞİKTAŞ,41.0853,29.0088,65,1,64,AÇIK OTOPARK,1,0,08:00-18:00
2026-08-17T05:42:14.479858+00:00,2026-08-17T08:42:14.479858+03:00,777,Çırağan Sarayı Yol Üstü 1,BEŞİKTAŞ,41.0448,29.0165,40,1,39,YOL ÜSTÜ,1,15,08:00-23:00
2026-08-17T05:42:14.479858+00:00,2026-08-17T08:42:14.479858+03:00,778,Çırağan Sarayı Yol Üstü 2,BEŞİKTAŞ,41.0445,29.0156,40,1,39,YOL ÜSTÜ,1,15,08:00-23:00
2026-08-17T05:42:14.479858+00:00,2026-08-17T08:42:14.479858+03:00,2228,Çırpıcı Sosyal Tesisler,ZEYTİNBURNU,41,28.8926,128,0,128,AÇIK OTOPARK,1,15,07:00-00:00
2026-08-17T05:42:14.479858+00:00,2026-08-17T08:42:14.479858+03:00,2030,Dalyan Açık Otoparkı,KADIKÖY,40.9632,29.0651,92,78,14,AÇIK OTOPARK,1,15,24 Saat
2026-08-17T05:42:14.479858+00:00,2026-08-17T08:42:14.479858+03:00,2271,Damla Sokak 1,ŞİŞLİ,41.0672,29.0004,17,1,16,YOL ÜSTÜ,1,15,07:30-16:30
2026-08-17T05:42:14.479858+00:00,2026-08-17T08:42:14.479858+03:00,2164,Darüşşafaka Yeraltı Otoparkı,SARIYER,41.1292,29.0252,150,141,9,KAPALI OTOPARK,1,15,08:00-00:00
2026-08-17T05:42:14.479858+00:00,2026-08-17T08:42:14.479858+03:00,1653,Deniz Feneri Otoparkı,FATİH,41.0019,28.9773,175,138,37,AÇIK OTOPARK,1,5,24 Saat
2026-08-17T05:42:14.479858+00:00,2026-08-17T08:42:14.479858+03:00,595,Dostluk Yurdu 1,FATİH,41.0071,28.973,33,1,32,YOL ÜSTÜ,1,15,07:00-17:00
2026-08-17T05:42:14.479858+00:00,2026-08-17T08:42:14.479858+03:00,2237,Dragos Sosyal Tesisleri,KARTAL,40.9017,29.1458,100,50,50,AÇIK OTOPARK,1,15,24 Saat
2026-08-17T05:42:14.479858+00:00,2026-08-17T08:42:14.479858+03:00,3063,Dudullu Metro PD Zemin Altı Otoparkı,ÜMRANİYE,41.0156,29.1633,81,57,24,KAPALI OTOPARK,1,15,07:00-23:30
2026-08-17T05:42:14.479858+00:00,2026-08-17T08:42:14.479858+03:00,1522,Ebu Suut Caddesi 1,FATİH,41.0128,28.9766,35,1,34,YOL ÜSTÜ,1,0,08:00-18:00
2026-08-17T05:42:14.479858+00:00,2026-08-17T08:42:14.479858+03:00,2147,EGS Blokları Açık Otoparkı,BAKIRKÖY,40.9863,28.8354,350,0,350,AÇIK OTOPARK,0,60,09:00-19:30
2026-08-17T05:42:14.479858+00:00,2026-08-17T08:42:14.479858+03:00,2366,Esenler Adem Baştürk Kültür Merkezi Katlı,ESENLER,41.039,28.8846,460,0,460,KAPALI OTOPARK,1,15,24 Saat
2026-08-17T05:42:14.479858+00:00,2026-08-17T08:42:14.479858+03:00,3190,Esenler Havaalanı Mahallesi Zemin Altı Otoparkı,ESENLER,41.0562,28.8674,610,345,265,KAPALI OTOPARK,1,10,24 Saat
2026-08-17T05:42:14.479858+00:00,2026-08-17T08:42:14.479858+03:00,3011,Esenler Menderes Metro İstasyonu Yanı,ESENLER,41.0427,28.8783,68,0,68,AÇIK OTOPARK,1,5,24 Saat
2026-08-17T05:42:14.479858+00:00,2026-08-17T08:42:14.479858+03:00,2822,Esenler Menderes Parkı Zemin Altı Otoparkı,ESENLER,41.0412,28.8729,325,25,300,KAPALI OTOPARK,1,10,24 Saat
2026-08-17T05:42:14.479858+00:00,2026-08-17T08:42:14.479858+03:00,3303,Esenyurt Adile Naşit Bulvarı Zeminaltı Otoparkı,ESENYURT,41.0205,28.6859,367,279,88,KAPALI OTOPARK,1,15,24 Saat
2026-08-17T05:42:14.479858+00:00,2026-08-17T08:42:14.479858+03:00,1328,Eski Salı Pazarı,KADIKÖY,40.9904,29.0338,760,0,760,AÇIK OTOPARK,1,15,24 Saat
2026-08-17T05:42:14.479858+00:00,2026-08-17T08:42:14.479858+03:00,904,Eyüp Pierloti Caddesi 1,EYÜP,41.0539,28.9329,40,1,39,YOL ÜSTÜ,0,0,09:00-22:00
2026-08-17T05:42:14.479858+00:00,2026-08-17T08:42:14.479858+03:00,2850,Eyüpsultan Akşemsettin Mahallesi Zemin Altı Otoparkı,EYÜP,41.085,28.9258,110,0,110,KAPALI OTOPARK,1,15,24 Saat
2026-08-17T05:42:14.479858+00:00,2026-08-17T08:42:14.479858+03:00,2215,Fatih Çeşmesi Tabiat Parkı Otoparkı,SARIYER,41.1686,28.9448,250,242,8,AÇIK OTOPARK,1,0,06:00-20:00
2026-08-17T05:42:14.479858+00:00,2026-08-17T08:42:14.479858+03:00,1475,Fatih Katlı Otoparkı,FATİH,41.0198,28.9396,118,27,91,KAPALI OTOPARK,1,10,24 Saat
2026-08-17T05:42:14.479858+00:00,2026-08-17T08:42:14.479858+03:00,1591,Feshane PD Açık Otoparkı,EYÜP,41.0463,28.9378,200,118,82,AÇIK OTOPARK,1,15,24 Saat
2026-08-17T05:42:14.479858+00:00,2026-08-17T08:42:14.479858+03:00,1005,Florya Havuzlu Bahçe,BAKIRKÖY,40.9764,28.7908,135,1,134,AÇIK OTOPARK,0,0,09:00-23:00
2026-08-17T05:42:14.479858+00:00,2026-08-17T08:42:14.479858+03:00,2238,Florya Sosyal Tesisleri,BAKIRKÖY,40.9614,28.8091,1074,1023,51,AÇIK OTOPARK,1,15,24 Saat
2026-08-17T05:42:14.479858+00:00,2026-08-17T08:42:14.479858+03:00,1704,Gazi Umur Paşa Sokak 5,BEŞİKTAŞ,41.0589,29.0114,45,1,44,YOL ÜSTÜ,1,15,08:00-17:00
2026-08-17T05:42:14.479858+00:00,2026-08-17T08:42:14.479858+03:00,3296,Gaziosmanpaşa Meydanı ve Yaşam Merkezi Zemin Altı Otoparkı,GAZİOSMANPAŞA,41.0606,28.9093,202,0,202,KAPALI OTOPARK,1,15,24 Saat
2026-08-17T05:42:14.479858+00:00,2026-08-17T08:42:14.479858+03:00,2971,Gaziosmanpaşa Zemin Altı Otoparkı,GAZİOSMANPAŞA,41.0796,28.8858,285,0,285,KAPALI OTOPARK,1,0,24 Saat
2026-08-17T05:42:14.479858+00:00,2026-08-17T08:42:14.479858+03:00,3401,Giyimkent Tekstilkent Metro Zemin Altı PD Otoparkı,ESENLER,41.0711,28.8666,203,177,26,KAPALI OTOPARK,1,10,24 Saat
2026-08-17T05:42:14.479858+00:00,2026-08-17T08:42:14.479858+03:00,2242,Gözdağı Sosyal Tesisler  Açık Otoparkı,PENDİK,40.893,29.2538,300,216,84,AÇIK OTOPARK,1,0,07:00-23:00
2026-08-17T05:42:14.479858+00:00,2026-08-17T08:42:14.479858+03:00,1879,Gülsuyu Metro PD Yer Altı Otoparkı,MALTEPE,40.9237,29.1548,76,0,76,KAPALI OTOPARK,1,15,08:00-00:00
2026-08-17T05:42:14.479858+00:00,2026-08-17T08:42:14.479858+03:00,1423,Güneş Plajı 1,BAKIRKÖY,40.9712,28.79,250,244,6,AÇIK OTOPARK,1,10,24 Saat
2026-08-17T05:42:14.479858+00:00,2026-08-17T08:42:14.479858+03:00,1461,Güneş Plajı 2,BAKIRKÖY,40.9692,28.7951,135,133,2,AÇIK OTOPARK,1,10,08:00-20:00
2026-08-17T05:42:14.479858+00:00,2026-08-17T08:42:14.479858+03:00,3053,Güngören Nikah Dairesi Zemin Altı otoparkı,GÜNGÖREN,41.0363,28.8718,147,0,147,KAPALI OTOPARK,1,10,24 Saat
2026-08-17T05:42:14.479858+00:00,2026-08-17T08:42:14.479858+03:00,2216,Gürpınar Balık Hali Otoparkı,BEYLİKDÜZÜ,40.9663,28.6019,1000,734,266,AÇIK OTOPARK,1,15,24 Saat
2026-08-17T05:42:14.479858+00:00,2026-08-17T08:42:14.479858+03:00,1525,Hacıosman Metro Yer Altı Otoparkı,SARIYER,41.14,29.0306,422,212,210,KAPALI OTOPARK,1,15,24 Saat
2026-08-17T05:42:14.479858+00:00,2026-08-17T08:42:14.479858+03:00,1470,Haldun Alagaş Katlı Otoparkı,ÜMRANİYE,41.0262,29.1052,197,33,164,KAPALI OTOPARK,1,15,24 Saat
2026-08-17T05:42:14.479858+00:00,2026-08-17T08:42:14.479858+03:00,3235,Haliç Sosyal Tesisleri Otoparkı,FATİH,41.0277,28.9572,60,50,10,AÇIK OTOPARK,1,15,07:00-00:00
2026-08-17T05:42:14.479858+00:00,2026-08-17T08:42:14.479858+03:00,2848,Halkalı Mahallesi Zemin Altı Otoparkı,KÜÇÜKÇEKMECE,41.0359,28.7848,347,178,169,KAPALI OTOPARK,1,15,24 Saat
2026-08-17T05:42:14.479858+00:00,2026-08-17T08:42:14.479858+03:00,2838,Hamidiye Mahallesi Katlı Otoparkı,KAĞITHANE,41.0949,28.971,450,191,259,KAPALI OTOPARK,1,15,24 Saat
2026-08-17T05:42:14.479858+00:00,2026-08-17T08:42:14.479858+03:00,1446,Harbiye Zemin Altı Otoparkı,BEYOĞLU,41.0408,28.9869,142,60,82,KAPALI OTOPARK,1,5,24 Saat
2026-08-17T05:42:14.479858+00:00,2026-08-17T08:42:14.479858+03:00,2332,Haydarpaşa Katlı Otoparkı,ÜSKÜDAR,41.0048,29.0251,840,471,369,KAPALI OTOPARK,1,15,24 Saat
2026-08-17T05:42:14.479858+00:00,2026-08-17T08:42:14.479858+03:00,1987,Haznedar Yer Altı Otoparkı,GÜNGÖREN,41.0083,28.8729,540,0,540,KAPALI OTOPARK,1,0,24 Saat
2026-08-17T05:42:14.479858+00:00,2026-08-17T08:42:14.479858+03:00,377,Hızır Külhani Sokak,FATİH,41.0202,28.9605,32,1,31,YOL ÜSTÜ,0,15,09:00-17:00
2026-08-17T05:42:14.479858+00:00,2026-08-17T08:42:14.479858+03:00,3173,Hürriyet Mahallesi Zeminaltı Otoparkı,GAZİOSMANPAŞA,41.0708,28.8951,190,0,190,KAPALI OTOPARK,1,15,24 Saat
2026-08-17T05:42:14.479858+00:00,2026-08-17T08:42:14.479858+03:00,157,Ihlamur Dere Caddesi 4,BEŞİKTAŞ,41.047,29.0023,27,1,26,YOL ÜSTÜ,0,15,09:00-17:00
2026-08-17T05:42:14.479858+00:00,2026-08-17T08:42:14.479858+03:00,1189,İçerenköy Sebze Meyve Hali Otoparkı,ATAŞEHİR,40.9766,29.1044,600,600,0,AÇIK OTOPARK,1,15,24 Saat
2026-08-17T05:42:14.479858+00:00,2026-08-17T08:42:14.479858+03:00,1127,İshakpaşa Caddesi,FATİH,41.0079,28.9814,200,1,199,YOL ÜSTÜ,1,0,08:00-18:00
2026-08-17T05:42:14.479858+00:00,2026-08-17T08:42:14.479858+03:00,3265,İspark İstanbul West Marina Açık Otoparkı 1,BEYLİKDÜZÜ,40.9636,28.6564,250,1,249,AÇIK OTOPARK,1,15,24 Saat
2026-08-17T05:42:14.479858+00:00,2026-08-17T08:42:14.479858+03:00,2793,İspark Merter Katlı Otoparkı,GÜNGÖREN,41.0097,28.89,900,451,449,KAPALI OTOPARK,1,10,24 Saat
2026-08-17T05:42:14.479858+00:00,2026-08-17T08:42:14.479858+03:00,2430,İspark West İstanbul Marina Açık Otoparkı,BEYLİKDÜZÜ,40.9639,28.6591,1600,1094,506,AÇIK OTOPARK,1,15,24 Saat
2026-08-17T05:42:14.479858+00:00,2026-08-17T08:42:14.479858+03:00,381,İstinye 4 ( Cami Önü ),SARIYER,41.1149,29.0571,25,1,24,YOL ÜSTÜ,1,15,08:30-17:30
2026-08-17T05:42:14.479858+00:00,2026-08-17T08:42:14.479858+03:00,1804,İtalyan Hastanesi Karşısı Açık Otoparkı 1,BEYOĞLU,41.028,28.9815,30,1,29,AÇIK OTOPARK,1,0,08:00-19:00
2026-08-17T05:42:14.479858+00:00,2026-08-17T08:42:14.479858+03:00,507,Kabasakal Medrese Önü,FATİH,41.0062,28.9789,65,1,64,AÇIK OTOPARK,1,0,08:00-18:30
2026-08-17T05:42:14.479858+00:00,2026-08-17T08:42:14.479858+03:00,3306,Kabataş Transfer Merkezi Turizm Otobüs Otoparkı,BEYOĞLU,41.0336,28.9923,160,81,79,KAPALI OTOPARK,1,20,24 Saat
2026-08-17T05:42:14.479858+00:00,2026-08-17T08:42:14.479858+03:00,2918,Kadıköy Hasanpaşa Gazhane Katlı Otoparkı,KADIKÖY,40.9972,29.0428,310,196,114,KAPALI OTOPARK,1,15,24 Saat
2026-08-17T05:42:14.479858+00:00,2026-08-17T08:42:14.479858+03:00,1447,Kadıköy İski Açık Otoparkı,KADIKÖY,40.9874,29.0207,124,29,95,AÇIK OTOPARK,1,15,24 Saat
2026-08-17T05:42:14.479858+00:00,2026-08-17T08:42:14.479858+03:00,1655,Kadıköy Metro Açık Otoparkı,KADIKÖY,40.9899,29.0217,74,5,69,AÇIK OTOPARK,1,15,24 Saat
2026-08-17T05:42:14.479858+00:00,2026-08-17T08:42:14.479858+03:00,3445,Kadıköy Uzunçayır PD Açık Otoparkı,KADIKÖY,40.9982,29.0569,70,40,30,AÇIK OTOPARK,1,15,06:30-16:30
2026-08-17T05:42:14.479858+00:00,2026-08-17T08:42:14.479858+03:00,2808,Kadıköy Yeni Salı Pazarı PD Katlı Otoparkı,KADIKÖY,40.9969,29.0486,1350,655,695,KAPALI OTOPARK,1,15,24 Saat
2026-08-17T05:42:14.479858+00:00,2026-08-17T08:42:14.479858+03:00,2811,Kağıthane Harmantepe Zemin Altı Otoparkı,KAĞITHANE,41.0816,28.9907,200,0,200,KAPALI OTOPARK,1,0,24 Saat
2026-08-17T05:42:14.479858+00:00,2026-08-17T08:42:14.479858+03:00,1452,Kalamış Açık Otoparkı,KADIKÖY,40.9687,29.0363,173,162,11,AÇIK OTOPARK,1,15,24 Saat
2026-08-17T05:42:14.479858+00:00,2026-08-17T08:42:14.479858+03:00,1474,Kartal Hasan Doğan Spor Kompleksi,KARTAL,40.8918,29.1897,773,0,773,KAPALI OTOPARK,1,15,24 Saat
2026-08-17T05:42:14.479858+00:00,2026-08-17T08:42:14.479858+03:00,1105,Kartal İdo Açık Otoparkı,KARTAL,40.8874,29.1881,90,0,90,AÇIK OTOPARK,1,15,24 Saat
2026-08-17T05:42:14.479858+00:00,2026-08-17T08:42:14.479858+03:00,1550,Kartal Sahil Açık Otoparkı,KARTAL,40.8875,29.1901,75,49,26,AÇIK OTOPARK,1,5,24 Saat
2026-08-17T05:42:14.479858+00:00,2026-08-17T08:42:14.479858+03:00,3434,Kasımpaşa Sosyal Tesisler Otoparkı,BEYOĞLU,41.0296,28.9673,60,38,22,AÇIK OTOPARK,1,0,07:30-23:00
2026-08-17T05:42:14.479858+00:00,2026-08-17T08:42:14.479858+03:00,1960,Kazlıçeşme Marmaray Açık Otoparkı,ZEYTİNBURNU,40.9922,28.917,700,635,65,AÇIK OTOPARK,1,15,24 Saat
2026-08-17T05:42:14.479858+00:00,2026-08-17T08:42:14.479858+03:00,2994,Kirazlı Metro Durağı PD Açık Otoparkı,BAĞCILAR,41.033,28.8429,112,0,112,AÇIK OTOPARK,1,5,24 Saat
2026-08-17T05:42:14.479858+00:00,2026-08-17T08:42:14.479858+03:00,1528,Kore Şehitleri Caddesi - Yüzbaşı Kaya Aldağon Sokak 1,ŞİŞLİ,41.0719,29.0139,40,1,39,YOL ÜSTÜ,1,15,07:00-16:00
2026-08-17T05:42:14.479858+00:00,2026-08-17T08:42:14.479858+03:00,2449,Kozyatağı Sebze-Meyve Hali,ATAŞEHİR,40.9787,29.1029,1500,1500,0,AÇIK OTOPARK,1,0,24 Saat
2026-08-17T05:42:14.479858+00:00,2026-08-17T08:42:14.479858+03:00,1206,Kutlugün Sokak 2,FATİH,41.0061,28.9801,200,1,199,YOL ÜSTÜ,1,0,08:00-18:00
2026-08-17T05:42:14.479858+00:00,2026-08-17T08:42:14.479858+03:00,3074,Küçük Çamlıca,ÜSKÜDAR,41.0204,29.0653,129,107,22,AÇIK OTOPARK,1,0,08:00-22:00
2026-08-17T05:42:14.479858+00:00,2026-08-17T08:42:14.479858+03:00,3127,Küçükçekmece Cennet Mahallesi Meydan Zemin Altı Otoparkı,KÜÇÜKÇEKMECE,40.9907,28.783,456,0,456,KAPALI OTOPARK,1,10,24 Saat
2026-08-17T05:42:14.479858+00:00,2026-08-17T08:42:14.479858+03:00,2554,Küçükçekmece Fevzi Çakmak Meydanı Zemin Altı Otoparkı,KÜÇÜKÇEKMECE,41.0076,28.7927,1000,520,480,KAPALI OTOPARK,1,10,24 Saat
2026-08-17T05:42:14.479858+00:00,2026-08-17T08:42:14.479858+03:00,2882,Küçüksu Kasrı Açık Otoparkı,BEYKOZ,41.0789,29.0657,98,92,6,AÇIK OTOPARK,1,0,07:00-23:00
2026-08-17T05:42:14.479858+00:00,2026-08-17T08:42:14.479858+03:00,220,Levent Hamidiye,BEŞİKTAŞ,41.0861,29.0076,100,1,99,AÇIK OTOPARK,1,0,08:00-19:00
2026-08-17T05:42:14.479858+00:00,2026-08-17T08:42:14.479858+03:00,1138,Levent Metro Yer Altı Otoparkı,BEŞİKTAŞ,41.0811,29.0105,100,1,99,AÇIK OTOPARK,1,5,07:30-19:30
2026-08-17T05:42:14.479858+00:00,2026-08-17T08:42:14.479858+03:00,2335,Maçka Açık Otoparkı,ŞİŞLİ,41.046,28.9908,75,74,1,AÇIK OTOPARK,1,0,24 Saat
2026-08-17T05:42:14.479858+00:00,2026-08-17T08:42:14.479858+03:00,1859,Maçka Katlı Otoparkı,ŞİŞLİ,41.0484,28.9903,508,317,191,KAPALI OTOPARK,1,0,24 Saat
2026-08-17T05:42:14.479858+00:00,2026-08-17T08:42:14.479858+03:00,3193,Maltepe Rıhtım Caddesi Açık Otoparkı,MALTEPE,40.9258,29.1241,76,69,7,AÇIK OTOPARK,1,0,24 Saat
2026-08-17T05:42:14.479858+00:00,2026-08-17T08:42:14.479858+03:00,2146,Maltepe Süreyyapaşa Çarşısı Açık Otoparkı,MALTEPE,40.9274,29.1225,156,130,26,AÇIK OTOPARK,1,0,24 Saat
2026-08-17T05:42:14.479858+00:00,2026-08-17T08:42:14.479858+03:00,1599,Maslak Açık Otoparkı,SARIYER,41.1166,29.024,150,104,46,AÇIK OTOPARK,1,10,24 Saat
2026-08-17T05:42:14.479858+00:00,2026-08-17T08:42:14.479858+03:00,2100,Matbaacılar Sitesi Yanı,ZEYTİNBURNU,41.0234,28.9187,250,149,101,AÇIK OTOPARK,1,5,24 Saat
2026-08-17T05:42:14.479858+00:00,2026-08-17T08:42:14.479858+03:00,920,Meclis-i Mebusan Yokuşu 2,BEYOĞLU,41.0326,28.9882,34,1,33,YOL ÜSTÜ,0,15,09:00-17:00
2026-08-17T05:42:14.479858+00:00,2026-08-17T08:42:14.479858+03:00,1546,Menekşe Plajı Açık Otoparkı,BAKIRKÖY,40.9761,28.7766,200,200,0,AÇIK OTOPARK,1,0,24 Saat
2026-08-17T05:42:14.479858+00:00,2026-08-17T08:42:14.479858+03:00,1376,Mercan Açık,FATİH,41.0136,28.9669,130,105,25,AÇIK OTOPARK,1,0,08:00-23:00
2026-08-17T05:42:14.479858+00:00,2026-08-17T08:42:14.479858+03:00,3309,Mercan Ali Paşa Sarayı Zemin Altı Otoparkı,FATİH,41.0136,28.967,196,1,195,KAPALI OTOPARK,1,0,07:00-21:00
2026-08-17T05:42:14.479858+00:00,2026-08-17T08:42:14.479858+03:00,1472,Merter Katlı Otoparkı,GÜNGÖREN,41.0092,28.8874,1000,899,101,KAPALI OTOPARK,1,10,24 Saat
2026-08-17T05:42:14.479858+00:00,2026-08-17T08:42:14.479858+03:00,2375,Merter Metro PD Zeminaltı Otoparkı,GÜNGÖREN,41.0037,28.8897,242,74,168,KAPALI OTOPARK,1,10,24 Saat
2026-08-17T05:42:14.479858+00:00,2026-08-17T08:42:14.479858+03:00,1568,Mete Caddesi 1,BEYOĞLU,41.0382,28.9879,31,1,30,YOL ÜSTÜ,1,15,08:00-23:00
2026-08-17T05:42:14.479858+00:00,2026-08-17T08:42:14.479858+03:00,1471,Mevlana Yeraltı Katlı Otoparkı,ZEYTİNBURNU,41.0072,28.9049,1000,857,143,KAPALI OTOPARK,1,5,24 Saat
2026-08-17T05:42:14.479858+00:00,2026-08-17T08:42:14.479858+03:00,2709,Millet Caddesi Açık Otoparkı,FATİH,41.01,28.9461,60,1,59,AÇIK OTOPARK,1,15,24 Saat
2026-08-17T05:42:14.479858+00:00,2026-08-17T08:42:14.479858+03:00,3152,Mimar Sinan Zemin Altı Otoparkı,ÜSKÜDAR,41.0222,29.0169,956,98,858,KAPALI OTOPARK,1,15,24 Saat
2026-08-17T05:42:14.479858+00:00,2026-08-17T08:42:14.479858+03:00,2870,Miniatürk Çadır Açık Otoparkı,BEYOĞLU,41.0594,28.9501,250,160,90,AÇIK OTOPARK,1,15,07:00-20:00
2026-08-17T05:42:14.479858+00:00,2026-08-17T08:42:14.479858+03:00,2556,Muallim Naci Açık Otoparkı,BEŞİKTAŞ,41.0561,29.0342,35,32,3,AÇIK OTOPARK,1,15,24 Saat
2026-08-17T05:42:14.479858+00:00,2026-08-17T08:42:14.479858+03:00,569,Oda Kule Önü 1,BEYOĞLU,41.0322,28.9751,24,1,23,YOL ÜSTÜ,1,0,07:00-01:00
2026-08-17T05:42:14.479858+00:00,2026-08-17T08:42:14.479858+03:00,1988,Orhangazi Şehir Parkı PD Açık Otoparkı,MALTEPE,40.9313,29.1161,5022,4643,379,AÇIK OTOPARK,1,15,24 Saat
2026-08-17T05:42:14.479858+00:00,2026-08-17T08:42:14.479858+03:00,152,Ortabahçe Caddesi 2,BEŞİKTAŞ,41.0428,29.0043,35,1,34,YOL ÜSTÜ,1,15,08:00-23:00
2026-08-17T05:42:14.479858+00:00,2026-08-17T08:42:14.479858+03:00,153,Ortabahçe Caddesi 3,BEŞİKTAŞ,41.043,29.0042,26,1,25,YOL ÜSTÜ,1,15,08:00-23:00
2026-08-17T05:42:14.479858+00:00,2026-08-17T08:42:14.479858+03:00,119,Ortaklar Caddesi 1,ŞİŞLİ,41.0638,28.9971,25,1,24,YOL ÜSTÜ,1,15,08:30-17:00
2026-08-17T05:42:14.479858+00:00,2026-08-17T08:42:14.479858+03:00,1343,Ortaköy Açık Otoparkı,BEŞİKTAŞ,41.0504,29.0326,170,158,12,AÇIK OTOPARK,1,0,24 Saat
2026-08-17T05:42:14.479858+00:00,2026-08-17T08:42:14.479858+03:00,572,Ortaköy Portakal Yokuşu 1,BEŞİKTAŞ,41.0503,29.0261,15,1,14,YOL ÜSTÜ,0,15,09:00-19:00
2026-08-17T05:42:14.479858+00:00,2026-08-17T08:42:14.479858+03:00,1039,Öğretmen Evi,AVCILAR,40.9723,28.714,80,41,39,AÇIK OTOPARK,0,0,11:00-23:00
2026-08-17T05:42:14.479858+00:00,2026-08-17T08:42:14.479858+03:00,1466,Pendik Katlı Otoparkı,PENDİK,40.8789,29.2342,120,0,120,KAPALI OTOPARK,1,15,24 Saat
2026-08-17T05:42:14.479858+00:00,2026-08-17T08:42:14.479858+03:00,3073,Pendik Kemal Kalkuz Parkı Zemin Altı Otoparkı,PENDİK,40.8885,29.2427,224,0,224,KAPALI OTOPARK,0,0,09:00-18:00
2026-08-17T05:42:14.479858+00:00,2026-08-17T08:42:14.479858+03:00,3019,Pendik Meydan Zemin Altı Otoparkı,PENDİK,40.8752,29.2324,937,0,937,KAPALI OTOPARK,1,0,24 Saat
2026-08-17T05:42:14.479858+00:00,2026-08-17T08:42:14.479858+03:00,2865,Pendik Sahil Engelliler Merkez Önü,PENDİK,40.8735,29.233,100,66,34,AÇIK OTOPARK,0,0,11:00-20:00
2026-08-17T05:42:14.479858+00:00,2026-08-17T08:42:14.479858+03:00,2434,Pendik Sahil İdo,PENDİK,40.8755,29.2369,100,0,100,AÇIK OTOPARK,1,0,07:00-23:00
2026-08-17T05:42:14.479858+00:00,2026-08-17T08:42:14.479858+03:00,248,Pendik Yenimahalle Açık 2 Otoparkı,PENDİK,40.864,29.2723,124,90,34,AÇIK OTOPARK,0,15,10:00-22:00
2026-08-17T05:42:14.479858+00:00,2026-08-17T08:42:14.479858+03:00,297,Perşembe Pazarı 1,BEYOĞLU,41.0252,28.9693,32,1,31,YOL ÜSTÜ,1,15,08:00-17:00
2026-08-17T05:42:14.479858+00:00,2026-08-17T08:42:14.479858+03:00,597,Pierre Loti Caddesi 3,FATİH,41.0069,28.9711,36,1,35,YOL ÜSTÜ,1,0,07:00-17:00
2026-08-17T05:42:14.479858+00:00,2026-08-17T08:42:14.479858+03:00,3263,Piyalepaşa Meydanı Zemin Altı Otoparkı,BEYOĞLU,41.0445,28.9674,560,248,312,KAPALI OTOPARK,1,0,24 Saat
2026-08-17T05:42:14.479858+00:00,2026-08-17T08:42:14.479858+03:00,1900,Ragıp Gümüşpala Cad.(Sobacılar Önü),FATİH,41.0181,28.969,40,1,39,YOL ÜSTÜ,1,15,07:00-18:00
2026-08-17T05:42:14.479858+00:00,2026-08-17T08:42:14.479858+03:00,415,Ragıp Gümüşpala Camii Önü 1,FATİH,41.0211,28.9627,35,1,34,YOL ÜSTÜ,1,0,07:00-17:30
2026-08-17T05:42:14.479858+00:00,2026-08-17T08:42:14.479858+03:00,3268,Refik Saydam Caddesi 3,BEYOĞLU,41.032,28.9736,55,1,54,YOL ÜSTÜ,1,0,06:00-23:00
2026-08-17T05:42:14.479858+00:00,2026-08-17T08:42:14.479858+03:00,2307,Ressam Halim Sokak PD Açık Otoparkı,BAHÇELİEVLER,40.9967,28.8641,120,95,25,AÇIK OTOPARK,1,15,08:00-00:00
2026-08-17T05:42:14.479858+00:00,2026-08-17T08:42:14.479858+03:00,3082,Rumeli Hisarı Sahil Yolu Otoparkı,SARIYER,41.0854,29.0568,20,17,3,AÇIK OTOPARK,1,0,24 Saat
2026-08-17T05:42:14.479858+00:00,2026-08-17T08:42:14.479858+03:00,1595,Sabiha Gökçen Açık Otoparkı,PENDİK,40.925,29.308,1056,221,835,AÇIK OTOPARK,1,15,24 Saat
2026-08-17T05:42:14.479858+00:00,2026-08-17T08:42:14.479858+03:00,3239,Samatya Sahil Cep Otoparkı,FATİH,40.9954,28.932,113,109,4,AÇIK OTOPARK,1,15,24 Saat
2026-08-17T05:42:14.479858+00:00,2026-08-17T08:42:14.479858+03:00,3273,Sarıyer Büyükdere Fidanlığı,SARIYER,41.1548,29.0268,160,155,5,AÇIK OTOPARK,1,0,08:00-18:00
2026-08-17T05:42:14.479858+00:00,2026-08-17T08:42:14.479858+03:00,3299,Sariyer Ayazağa Mah Vadi İstanbul Önü Açık Otoparkı,SARIYER,41.1106,28.9881,100,96,4,AÇIK OTOPARK,1,0,08:00-20:00
2026-08-17T05:42:14.479858+00:00,2026-08-17T08:42:14.479858+03:00,1303,Seyrantepe Katlı (Arena Karşısı) 1,KAĞITHANE,41.101,28.9961,1897,1894,3,KAPALI OTOPARK,1,0,24 Saat
2026-08-17T05:42:14.479858+00:00,2026-08-17T08:42:14.479858+03:00,1628,Sıracevizler Caddesi Yol Üstü 5,ŞİŞLİ,41.0607,28.9841,45,1,44,YOL ÜSTÜ,0,15,09:00-17:00
2026-08-17T05:42:14.479858+00:00,2026-08-17T08:42:14.479858+03:00,464,Sirkeci Gar Önü,FATİH,41.015,28.9761,60,1,59,AÇIK OTOPARK,1,5,07:00-20:00
2026-08-17T05:42:14.479858+00:00,2026-08-17T08:42:14.479858+03:00,1486,Siyavuşpaşa Yer Altı Otoparkı,BAHÇELİEVLER,40.9965,28.8532,155,0,155,KAPALI OTOPARK,1,0,24 Saat
2026-08-17T05:42:14.479858+00:00,2026-08-17T08:42:14.479858+03:00,1958,Soğanlık Metro PD Açık Otoparkı,KARTAL,40.9131,29.1925,898,844,54,AÇIK OTOPARK,1,15,24 Saat
2026-08-17T05:42:14.479858+00:00,2026-08-17T08:42:14.479858+03:00,589,Su Terazisi Sokak,FATİH,41.0046,28.9727,22,1,21,YOL ÜSTÜ,1,0,07:30-17:00
2026-08-17T05:42:14.479858+00:00,2026-08-17T08:42:14.479858+03:00,1478,Suadiye Cep Açık Otoparkı,KADIKÖY,40.9586,29.0732,130,125,5,AÇIK OTOPARK,1,15,24 Saat
2026-08-17T05:42:14.479858+00:00,2026-08-17T08:42:14.479858+03:00,2948,Suadiye Sahil Açık Otoparkı,KADIKÖY,40.9562,29.0797,70,55,15,AÇIK OTOPARK,1,5,24 Saat
2026-08-17T05:42:14.479858+00:00,2026-08-17T08:42:14.479858+03:00,2799,Sultanbeyli Emir Caddesi Zemin Altı Otoparkı,SULTANBEYLİ,40.9707,29.2606,130,108,22,KAPALI OTOPARK,1,15,08:00-22:00
2026-08-17T05:42:14.479858+00:00,2026-08-17T08:42:14.479858+03:00,2372,Sultanbeyli Kent Meydanı Zemin Altı Otoparkı,SULTANBEYLİ,40.9667,29.2667,300,193,107,KAPALI OTOPARK,1,15,24 Saat
2026-08-17T05:42:14.479858+00:00,2026-08-17T08:42:14.479858+03:00,2410,Sultangazi Zemin Altı Otoparkı,SULTANGAZİ,41.0944,28.8649,104,0,104,KAPALI OTOPARK,1,10,24 Saat
2026-08-17T05:42:14.479858+00:00,2026-08-17T08:42:14.479858+03:00,2085,Süleyman Seba Caddesi 2,BEŞİKTAŞ,41.0426,28.9998,40,1,39,YOL ÜSTÜ,1,15,08:00-18:00
2026-08-17T05:42:14.479858+00:00,2026-08-17T08:42:14.479858+03:00,2088,Süleyman Seba Caddesi 5,BEŞİKTAŞ,41.0432,28.9978,40,1,39,YOL ÜSTÜ,1,15,08:00-18:00
2026-08-17T05:42:14.479858+00:00,2026-08-17T08:42:14.479858+03:00,2089,Süleyman Seba Caddesi 6,BEŞİKTAŞ,41.0435,28.9967,11,1,10,YOL ÜSTÜ,1,15,08:00-18:00
2026-08-17T05:42:14.479858+00:00,2026-08-17T08:42:14.479858+03:00,2391,Süleymaniye Cami Altı Açık Otoparkı,FATİH,41.0158,28.961,250,234,16,AÇIK OTOPARK,1,0,06:30-18:30
2026-08-17T05:42:14.479858+00:00,2026-08-17T08:42:14.479858+03:00,1730,Sütlüce Miniatürk Yanı,BEYOĞLU,41.057,28.95,320,221,99,AÇIK OTOPARK,1,15,24 Saat
2026-08-17T05:42:14.479858+00:00,2026-08-17T08:42:14.479858+03:00,36,Şakayık Sokak 4,ŞİŞLİ,41.0518,28.9936,50,1,49,YOL ÜSTÜ,1,15,08:00-16:00
2026-08-17T05:42:14.479858+00:00,2026-08-17T08:42:14.479858+03:00,1469,Şehit Volkan Duysak Katlı Otoparkı,ZEYTİNBURNU,40.9968,28.9039,1000,678,322,KAPALI OTOPARK,1,5,24 Saat
2026-08-17T05:42:14.479858+00:00,2026-08-17T08:42:14.479858+03:00,2855,Şemsipaşa Açık Otoparkı,ÜSKÜDAR,41.0255,29.0097,80,79,1,AÇIK OTOPARK,1,0,24 Saat
2026-08-17T05:42:14.479858+00:00,2026-08-17T08:42:14.479858+03:00,2439,Şirinevler Meydan Zeminaltı Otoparkı,BAHÇELİEVLER,40.9925,28.8496,367,78,289,KAPALI OTOPARK,1,0,24 Saat
2026-08-17T05:42:14.479858+00:00,2026-08-17T08:42:14.479858+03:00,3400,Şişhane Refik Saydam Caddesi 2 Yol Üstü Otoparkı 1,BEYOĞLU,41.0326,28.9743,70,1,69,YOL ÜSTÜ,1,15,06:00-23:00
2026-08-17T05:42:14.479858+00:00,2026-08-17T08:42:14.479858+03:00,3441,Şişli Kuştepe Zemin Altı Otoparkı,ŞİŞLİ,41.072,28.9919,430,283,147,KAPALI OTOPARK,1,15,24 Saat
2026-08-17T05:42:14.479858+00:00,2026-08-17T08:42:14.479858+03:00,2816,Şişli Rumeli Caddesi Metro Yanı 1,ŞİŞLİ,41.0538,28.9868,45,1,44,YOL ÜSTÜ,1,15,08:00-20:00
2026-08-17T05:42:14.479858+00:00,2026-08-17T08:42:14.479858+03:00,2406,Şişli Zemin Altı Otoparkı,ŞİŞLİ,41.0641,28.9992,581,316,265,KAPALI OTOPARK,1,15,24 Saat
2026-08-17T05:42:14.479858+00:00,2026-08-17T08:42:14.479858+03:00,1993,Tuzla İdo,TUZLA,40.8149,29.3039,300,267,33,AÇIK OTOPARK,1,15,24 Saat
2026-08-17T05:42:14.479858+00:00,2026-08-17T08:42:14.479858+03:00,3332,Tuzla Sahil Cep,TUZLA,40.8168,29.2992,50,39,11,AÇIK OTOPARK,1,0,08:00-00:00
2026-08-17T05:42:14.479858+00:00,2026-08-17T08:42:14.479858+03:00,3057,Tuzla Sahil Zemin Altı Otoparkı,TUZLA,40.8181,29.3004,779,1,778,KAPALI OTOPARK,1,15,24 Saat
2026-08-17T05:42:14.479858+00:00,2026-08-17T08:42:14.479858+03:00,1811,Ulu Camii Açık Otoparkı,BAHÇELİEVLER,40.9982,28.8499,150,121,29,AÇIK OTOPARK,1,10,24 Saat
2026-08-17T05:42:14.479858+00:00,2026-08-17T08:42:14.479858+03:00,2424,Uzunçayır Açık Otoparkı,KADIKÖY,40.9988,29.0556,58,51,7,AÇIK OTOPARK,1,0,06:00-16:00
2026-08-17T05:42:14.479858+00:00,2026-08-17T08:42:14.479858+03:00,1468,Ümraniye Katlı Otoparkı,ÜMRANİYE,41.0261,29.0953,665,567,98,KAPALI OTOPARK,1,15,24 Saat
2026-08-17T05:42:14.479858+00:00,2026-08-17T08:42:14.479858+03:00,2898,Ümraniye Okan Sokak Zeminaltı Otoparkı,ÜMRANİYE,41.0284,29.0907,125,26,99,KAPALI OTOPARK,1,15,24 Saat
2026-08-17T05:42:14.479858+00:00,2026-08-17T08:42:14.479858+03:00,2345,Üsküdar Uzunçayır PD Açık Otoparkı,ÜSKÜDAR,40.9988,29.0577,90,83,7,AÇIK OTOPARK,1,15,06:00-22:00
2026-08-17T05:42:14.479858+00:00,2026-08-17T08:42:14.479858+03:00,1929,Üsküdar Ünalan Açık Otoparkı,ÜSKÜDAR,40.9979,29.0604,180,175,5,AÇIK OTOPARK,1,0,07:00-17:00
2026-08-17T05:42:14.479858+00:00,2026-08-17T08:42:14.479858+03:00,1487,Vatan Caddesi PD Açık Otoparkı,FATİH,41.0157,28.9405,397,259,138,AÇIK OTOPARK,1,5,24 Saat
2026-08-17T05:42:14.479858+00:00,2026-08-17T08:42:14.479858+03:00,2441,Yalı Açık Otoparkı,MALTEPE,40.9095,29.137,85,81,4,AÇIK OTOPARK,1,0,07:30-22:00
2026-08-17T05:42:14.479858+00:00,2026-08-17T08:42:14.479858+03:00,459,Yalı Köşkü Caddesi 1,FATİH,41.0163,28.9759,61,1,60,YOL ÜSTÜ,1,5,07:00-21:00
2026-08-17T05:42:14.479858+00:00,2026-08-17T08:42:14.479858+03:00,2037,Yenikapı Marmaray Büyük Otoparkı,FATİH,41.0057,28.9505,324,229,95,AÇIK OTOPARK,1,15,24 Saat
2026-08-17T05:42:14.479858+00:00,2026-08-17T08:42:14.479858+03:00,2036,Yenikapı Marmaray Küçük Otoparkı,FATİH,41.0064,28.9504,200,194,6,AÇIK OTOPARK,1,15,07:00-22:00
2026-08-17T05:42:14.479858+00:00,2026-08-17T08:42:14.479858+03:00,2175,Yenikapı Spor ve Kültür Merkezi PD Açık Otoparkı,FATİH,41.0006,28.9519,4023,3951,72,AÇIK OTOPARK,1,15,24 Saat
2026-08-17T05:42:14.479858+00:00,2026-08-17T08:42:14.479858+03:00,2805,Yenikapı Tünel Üstü Açık Otoparkı,FATİH,41.0029,28.9534,700,594,106,AÇIK OTOPARK,1,10,24 Saat
2026-08-17T05:42:14.479858+00:00,2026-08-17T08:42:14.479858+03:00,3404,Yenimahalle Metro Zemin Altı PD Otoparkı,GAZİOSMANPAŞA,41.0839,28.8926,114,89,25,KAPALI OTOPARK,1,15,24 Saat
2026-08-17T05:42:14.479858+00:00,2026-08-17T08:42:14.479858+03:00,2920,Yeşilce Zemin Altı Katlı Otoparkı,KAĞITHANE,41.0938,29.0017,676,0,676,KAPALI OTOPARK,1,0,24 Saat
2026-08-17T05:42:14.479858+00:00,2026-08-17T08:42:14.479858+03:00,987,Yeşilköy İstasyon Caddesi 1,BAKIRKÖY,40.962,28.825,40,1,39,YOL ÜSTÜ,0,15,09:00-17:30
2026-08-17T05:42:14.479858+00:00,2026-08-17T08:42:14.479858+03:00,974,Yeşilköy Marina 1,BAKIRKÖY,40.9576,28.8233,145,1,144,YOL ÜSTÜ,0,0,12:00-23:00
2026-08-17T05:42:14.479858+00:00,2026-08-17T08:42:14.479858+03:00,3406,Yeşilpınar Metro Zemin Altı PD Otoparkı,EYÜP,41.081,28.9204,269,194,75,KAPALI OTOPARK,1,15,24 Saat
2026-08-17T05:42:14.479858+00:00,2026-08-17T08:42:14.479858+03:00,315,Yeşilyurt Çarşı 1,BAKIRKÖY,40.9643,28.8379,50,1,49,YOL ÜSTÜ,0,15,09:00-17:30
2026-08-17T05:42:14.479858+00:00,2026-08-17T08:42:14.479858+03:00,1133,Yıldız Korusu,BEŞİKTAŞ,41.0514,29.0165,500,1,499,AÇIK OTOPARK,1,0,08:00-22:00
2026-08-17T05:42:14.479858+00:00,2026-08-17T08:42:14.479858+03:00,882,Zeytinburnu 58. Bulvar 2,ZEYTİNBURNU,40.9932,28.9039,48,1,47,YOL ÜSTÜ,0,15,09:00-18:00
2026-08-17T05:42:14.479858+00:00,2026-08-17T08:42:14.479858+03:00,3185,Zeytinburnu Sahil Cep Otoparkı,ZEYTİNBURNU,40.9798,28.8985,160,1,159,AÇIK OTOPARK,0,0,12:00-22:00
2026-08-17T06:22:59.947507+00:00,2026-08-17T09:22:59.947507+03:00,3068,15 Temmuz Şehitler Meydanı Zeminaltı Otoparkı,ÜMRANİYE,41.0246,29.0915,1029,593,436,KAPALI OTOPARK,1,15,24 Saat
2026-08-17T06:22:59.947507+00:00,2026-08-17T09:22:59.947507+03:00,2338,19 Mayıs Açık,ŞİŞLİ,41.0563,28.9941,65,0,65,AÇIK OTOPARK,1,0,24 Saat
2026-08-17T06:22:59.947507+00:00,2026-08-17T09:22:59.947507+03:00,1751,4.Levent PD Açık Otoparkı,KAĞITHANE,41.0836,29.0081,236,109,127,AÇIK OTOPARK,1,5,24 Saat
2026-08-17T06:22:59.947507+00:00,2026-08-17T09:22:59.947507+03:00,3328,4.Levent Servis ve Turizm Araçları Açık Otoparkı,ŞİŞLİ,41.0841,29.0054,300,143,157,AÇIK OTOPARK,1,15,24 Saat
2026-08-17T06:22:59.947507+00:00,2026-08-17T09:22:59.947507+03:00,3412,5. Levent Gaziosmanpaşa Adliyesi Yanı Açık Otoparkı,EYÜP,41.0927,28.9494,250,184,66,AÇIK OTOPARK,1,15,07:00-23:00
2026-08-17T06:22:59.947507+00:00,2026-08-17T09:22:59.947507+03:00,104,Abide-i Hürriyet Caddesi 5,ŞİŞLİ,41.0619,28.9876,40,1,39,YOL ÜSTÜ,1,15,08:00-17:00
2026-08-17T06:22:59.947507+00:00,2026-08-17T09:22:59.947507+03:00,2452,Acıbadem Açık Otoparkı,ÜSKÜDAR,41.0157,29.0574,100,86,14,AÇIK OTOPARK,1,0,06:30-16:00
2026-08-17T06:22:59.947507+00:00,2026-08-17T09:22:59.947507+03:00,346,Ada Karşısı Cep 2,BEŞİKTAŞ,41.072,29.045,30,1,29,YOL ÜSTÜ,1,15,08:00-23:00
2026-08-17T06:22:59.947507+00:00,2026-08-17T09:22:59.947507+03:00,1663,Akasyalı Sokak Tenis Kulubü Önü 2,BEŞİKTAŞ,41.0867,29.0109,45,1,44,YOL ÜSTÜ,1,15,08:30-17:30
2026-08-17T06:22:59.947507+00:00,2026-08-17T09:22:59.947507+03:00,828,Akdeniz Caddesi 4,FATİH,41.0175,28.9435,27,1,26,YOL ÜSTÜ,1,15,09:00-18:00
2026-08-17T06:22:59.947507+00:00,2026-08-17T09:22:59.947507+03:00,1913,Alibeyköy Cep Otogarı Açık Otoparkı,EYÜP,41.0879,28.9446,116,0,116,AÇIK OTOPARK,1,25,24 Saat
2026-08-17T06:22:59.947507+00:00,2026-08-17T09:22:59.947507+03:00,1912,Alibeyköy Cep Otogarı Otobüs Otoparkı,EYÜP,41.0875,28.9449,5000,1,4999,AÇIK OTOPARK,1,60,24 Saat
2026-08-17T06:22:59.947507+00:00,2026-08-17T09:22:59.947507+03:00,2562,Alibeyköy Yeşiltepe Zemin Altı Otoparkı,EYÜP,41.0797,28.938,159,62,97,KAPALI OTOPARK,1,15,24 Saat
2026-08-17T06:22:59.947507+00:00,2026-08-17T09:22:59.947507+03:00,3201,Altınboynuz Sosyal Tesisleri,EYÜP,41.058,28.9447,70,1,69,AÇIK OTOPARK,1,15,08:00-23:00
2026-08-17T06:22:59.947507+00:00,2026-08-17T09:22:59.947507+03:00,758,Arap Camii Açık Otoparkı,BEYOĞLU,41.0227,28.9723,30,1,29,AÇIK OTOPARK,1,0,09:00-17:00
2026-08-17T06:22:59.947507+00:00,2026-08-17T09:22:59.947507+03:00,1963,Aras Sokak 1,BÜYÜKÇEKMECE,41.0226,28.622,60,1,59,YOL ÜSTÜ,1,0,06:00-14:30
2026-08-17T06:22:59.947507+00:00,2026-08-17T09:22:59.947507+03:00,2802,Arnavutköy Zemin Altı Otoparkı,ARNAVUTKÖY,41.1838,28.7396,700,0,700,KAPALI OTOPARK,1,15,24 Saat
2026-08-17T06:22:59.947507+00:00,2026-08-17T09:22:59.947507+03:00,1797,Ataköy Atrium AVM,BAKIRKÖY,40.9881,28.8459,250,236,14,AÇIK OTOPARK,1,15,08:00-23:00
2026-08-17T06:22:59.947507+00:00,2026-08-17T09:22:59.947507+03:00,2824,Ataköy Metro Durağı Yanı PD Zemin Altı Otoparkı,BAKIRKÖY,40.9904,28.8456,150,85,65,KAPALI OTOPARK,1,0,24 Saat
2026-08-17T06:22:59.947507+00:00,2026-08-17T09:22:59.947507+03:00,359,Atatürk Bulvarı 1,FATİH,41.0112,28.9534,20,1,19,YOL ÜSTÜ,1,0,07:30-18:00
2026-08-17T06:22:59.947507+00:00,2026-08-17T09:22:59.947507+03:00,3087,Atatürk Kent Ormanı Otoparkı,SARIYER,41.136,29.0262,200,198,2,AÇIK OTOPARK,1,0,08:00-17:00
2026-08-17T06:22:59.947507+00:00,2026-08-17T09:22:59.947507+03:00,2243,Avcılar Denizköşkler Toplantı ve Davet Salonu Açık Otoparkı,AVCILAR,40.9746,28.7435,200,188,12,AÇIK OTOPARK,0,15,13:00-07:00
2026-08-17T06:22:59.947507+00:00,2026-08-17T09:22:59.947507+03:00,1088,Avcılar İdo,AVCILAR,40.9712,28.7185,270,259,11,AÇIK OTOPARK,0,0,13:00-07:00
2026-08-17T06:22:59.947507+00:00,2026-08-17T09:22:59.947507+03:00,2885,Azapkapı Haliç Metro Otoparkı,ŞİŞLİ,41.0245,28.9691,80,9,71,AÇIK OTOPARK,1,5,24 Saat
2026-08-17T06:22:59.947507+00:00,2026-08-17T09:22:59.947507+03:00,2455,Azerbaycan Dostluk Parkı Zemin Altı Otoparkı,BAĞCILAR,41.0444,28.854,400,167,233,KAPALI OTOPARK,1,10,24 Saat
2026-08-17T06:22:59.947507+00:00,2026-08-17T09:22:59.947507+03:00,2965,Bağcılar Çolakoğlu Zemin Altı Otoparkı,BAĞCILAR,41.0324,28.8345,106,0,106,KAPALI OTOPARK,1,5,24 Saat
2026-08-17T06:22:59.947507+00:00,2026-08-17T09:22:59.947507+03:00,2576,Bağcılar Demirkapı Zemin Altı Otoparkı,BAĞCILAR,41.0499,28.8327,343,167,176,KAPALI OTOPARK,1,5,24 Saat
2026-08-17T06:22:59.947507+00:00,2026-08-17T09:22:59.947507+03:00,3036,Bağcılar Devlet Hastanesi Yanı Zeminaltı Otoparkı,BAĞCILAR,41.0312,28.8696,1133,55,1078,KAPALI OTOPARK,1,15,24 Saat
2026-08-17T06:22:59.947507+00:00,2026-08-17T09:22:59.947507+03:00,3071,Bağcılar Emniyet Müdürlüğü Yanı Açık Otoparkı,BAĞCILAR,41.0353,28.8598,100,43,57,AÇIK OTOPARK,1,0,24 Saat
2026-08-17T06:22:59.947507+00:00,2026-08-17T09:22:59.947507+03:00,2873,Bağcılar Göztepe Zemin Altı,BAĞCILAR,41.0567,28.8355,120,0,120,KAPALI OTOPARK,1,5,24 Saat
2026-08-17T06:22:59.947507+00:00,2026-08-17T09:22:59.947507+03:00,3187,Bağcılar Hürriyet Mahallesi Zemin Altı Otoparkı,BAĞCILAR,41.0291,28.8333,355,0,355,KAPALI OTOPARK,1,10,24 Saat
2026-08-17T06:22:59.947507+00:00,2026-08-17T09:22:59.947507+03:00,2916,Bağcılar Kent Meydanı PD Zemin Altı Otoparkı,BAĞCILAR,41.0339,28.8556,1162,0,1162,KAPALI OTOPARK,1,0,24 Saat
2026-08-17T06:22:59.947507+00:00,2026-08-17T09:22:59.947507+03:00,3261,Bağcılar Yenimahalle Zemin Altı Otoparkı,BAĞCILAR,41.0425,28.8395,525,267,258,KAPALI OTOPARK,1,15,24 Saat
2026-08-17T06:22:59.947507+00:00,2026-08-17T09:22:59.947507+03:00,2820,Bağcılar Yıldıztepe Katlı Otoparkı,BAĞCILAR,41.0294,28.8556,350,0,350,KAPALI OTOPARK,1,10,24 Saat
2026-08-17T06:22:59.947507+00:00,2026-08-17T09:22:59.947507+03:00,3447,Bahçelievler 23 Nisan Milli Egemenlik Zeminaltı Otoparkı,BAHÇELİEVLER,40.9988,28.8472,732,463,269,KAPALI OTOPARK,1,10,24 Saat
2026-08-17T06:22:59.947507+00:00,2026-08-17T09:22:59.947507+03:00,2993,Bahçelievler Cumhuriyet Zeminaltı Otoparkı,BAHÇELİEVLER,41.0149,28.859,663,0,663,KAPALI OTOPARK,1,10,24 Saat
2026-08-17T06:22:59.947507+00:00,2026-08-17T09:22:59.947507+03:00,2969,Bahçelievler Devlet Hastanesi Yanı Katlı Otoparkı,BAHÇELİEVLER,41.0072,28.8442,740,0,740,KAPALI OTOPARK,1,0,24 Saat
2026-08-17T06:22:59.947507+00:00,2026-08-17T09:22:59.947507+03:00,3051,Bahçelievler Zafer Mh. Zeminaltı Otoparkı,BAHÇELİEVLER,41.0036,28.8351,200,69,131,KAPALI OTOPARK,1,0,24 Saat
2026-08-17T06:22:59.947507+00:00,2026-08-17T09:22:59.947507+03:00,3236,Bahçeşehir Gölet Açık Otoparkı,BAŞAKŞEHİR,41.0719,28.6901,200,1,199,AÇIK OTOPARK,0,0,12:00-22:00
2026-08-17T06:22:59.947507+00:00,2026-08-17T09:22:59.947507+03:00,1465,Bakırköy İdo Açık Otoparkı,BAKIRKÖY,40.9739,28.8761,160,144,16,AÇIK OTOPARK,1,10,24 Saat
2026-08-17T06:22:59.947507+00:00,2026-08-17T09:22:59.947507+03:00,1104,Balmumcu Katlı Otoparkı,BEŞİKTAŞ,41.0636,29.0109,400,183,217,KAPALI OTOPARK,1,5,24 Saat
2026-08-17T06:22:59.947507+00:00,2026-08-17T09:22:59.947507+03:00,2796,Başakşehir Metro Açık Otoparkı,BAŞAKŞEHİR,41.107,28.801,125,1,124,AÇIK OTOPARK,1,0,07:00-16:00
2026-08-17T06:22:59.947507+00:00,2026-08-17T09:22:59.947507+03:00,2350,Bayrampaşa Adapark Katlı Otoparkı,BAYRAMPAŞA,41.0647,28.8875,650,0,650,KAPALI OTOPARK,1,15,24 Saat
2026-08-17T06:22:59.947507+00:00,2026-08-17T09:22:59.947507+03:00,2892,Bayrampaşa Altıntepsi Zemin  Altı Otoparkı,BAYRAMPAŞA,41.0393,28.9029,110,0,110,KAPALI OTOPARK,1,10,24 Saat
2026-08-17T06:22:59.947507+00:00,2026-08-17T09:22:59.947507+03:00,2909,Bayrampaşa Atatürk Parkı  Zemin Altı Otoparkı,BAYRAMPAŞA,41.0342,28.9123,442,0,442,KAPALI OTOPARK,1,10,24 Saat
2026-08-17T06:22:59.947507+00:00,2026-08-17T09:22:59.947507+03:00,2683,Bayrampaşa Devlet Hastanesi Cep Otoparkı,BAYRAMPAŞA,41.0414,28.9031,55,11,44,AÇIK OTOPARK,1,0,08:00-19:00
2026-08-17T06:22:59.947507+00:00,2026-08-17T09:22:59.947507+03:00,3301,Bayrampaşa Kocatepe Mahallesi Zemin Altı Otoparkı,BAYRAMPAŞA,41.0545,28.8964,241,0,241,KAPALI OTOPARK,1,10,24 Saat
2026-08-17T06:22:59.947507+00:00,2026-08-17T09:22:59.947507+03:00,2053,Bayrampaşa Muratpaşa Yer Altı Otoparkı,BAYRAMPAŞA,41.047,28.9082,300,0,300,KAPALI OTOPARK,1,15,24 Saat
2026-08-17T06:22:59.947507+00:00,2026-08-17T09:22:59.947507+03:00,3175,Bayrampaşa Spor Kompleksi Zemin Altı Otoparkı,BAYRAMPAŞA,41.0446,28.9106,205,0,205,KAPALI OTOPARK,1,15,24 Saat
2026-08-17T06:22:59.947507+00:00,2026-08-17T09:22:59.947507+03:00,3382,Bayrampaşa Şehit Kamil Balkan Zemin Altı Otoparkı,BAYRAMPAŞA,41.0604,28.9008,235,0,235,KAPALI OTOPARK,1,10,24 Saat
2026-08-17T06:22:59.947507+00:00,2026-08-17T09:22:59.947507+03:00,2428,Bayrampaşa Yenidoğan Mahallesi Zemin Altı Otoparkı,BAYRAMPAŞA,41.0395,28.9088,120,0,120,KAPALI OTOPARK,1,10,24 Saat
2026-08-17T06:22:59.947507+00:00,2026-08-17T09:22:59.947507+03:00,2468,Bebek Açık,BEŞİKTAŞ,41.077,29.0434,30,0,30,AÇIK OTOPARK,1,0,24 Saat
2026-08-17T06:22:59.947507+00:00,2026-08-17T09:22:59.947507+03:00,3479,Beşiktaş Halk Pazarı Açık Otoparkı,BEŞİKTAŞ,41.0496,29.0004,170,116,54,AÇIK OTOPARK,1,5,24 Saat
2026-08-17T06:22:59.947507+00:00,2026-08-17T09:22:59.947507+03:00,3257,Beykoz Sahil Cep Otoparkı,BEYKOZ,41.1286,29.0953,100,74,26,AÇIK OTOPARK,1,0,08:00-00:00
2026-08-17T06:22:59.947507+00:00,2026-08-17T09:22:59.947507+03:00,2273,Beykoz Sosyal Tesisleri,BEYKOZ,41.1143,29.0888,130,115,15,AÇIK OTOPARK,1,15,08:00-00:00
2026-08-17T06:22:59.947507+00:00,2026-08-17T09:22:59.947507+03:00,2999,Beyoğlu Gazhane Bostan Sokak 2,BEYOĞLU,41.0389,28.9903,35,1,34,YOL ÜSTÜ,1,0,07:30-16:30
2026-08-17T06:22:59.947507+00:00,2026-08-17T09:22:59.947507+03:00,3072,Beyoğlu Örnektepe Zemin Altı Otoparkı,BEYOĞLU,41.0543,28.9548,143,0,143,KAPALI OTOPARK,1,0,24 Saat
2026-08-17T06:22:59.947507+00:00,2026-08-17T09:22:59.947507+03:00,1455,Bostancı Açık,KADIKÖY,40.9523,29.0902,394,161,233,AÇIK OTOPARK,1,15,24 Saat
2026-08-17T06:22:59.947507+00:00,2026-08-17T09:22:59.947507+03:00,1456,Bostancı Sahil-Cep Açık Otoparkı,KADIKÖY,40.9545,29.0885,192,145,47,AÇIK OTOPARK,1,15,24 Saat
2026-08-17T06:22:59.947507+00:00,2026-08-17T09:22:59.947507+03:00,2150,Bostancı Vergi Dairesi Açık Otoparkı,ATAŞEHİR,40.9625,29.1083,155,0,155,AÇIK OTOPARK,1,5,08:00-20:00
2026-08-17T06:22:59.947507+00:00,2026-08-17T09:22:59.947507+03:00,2854,Bülent Ecevit Kültür Merkezi Açık Otoparkı,KARTAL,40.8852,29.1967,277,265,12,AÇIK OTOPARK,0,0,10:00-21:00
2026-08-17T06:22:59.947507+00:00,2026-08-17T09:22:59.947507+03:00,2866,Büyük İstanbul Otogarı,BAYRAMPAŞA,41.0402,28.8942,1000,0,1000,AÇIK OTOPARK,1,25,24 Saat
2026-08-17T06:22:59.947507+00:00,2026-08-17T09:22:59.947507+03:00,1192,Büyükçamlıca Korusu Sosyal Tesisleri Önü,ÜSKÜDAR,41.0264,29.0698,204,112,92,AÇIK OTOPARK,1,0,08:00-00:00
2026-08-17T06:22:59.947507+00:00,2026-08-17T09:22:59.947507+03:00,2960,Büyükçekmece Metrobüs Durağı Yanı PD Zemin Altı Otopark,BÜYÜKÇEKMECE,41.0221,28.624,448,0,448,KAPALI OTOPARK,1,0,24 Saat
2026-08-17T06:22:59.947507+00:00,2026-08-17T09:22:59.947507+03:00,1503,Cadde Bostan Açık Otoparkı,KADIKÖY,40.9636,29.0675,66,57,9,AÇIK OTOPARK,1,15,24 Saat
2026-08-17T06:22:59.947507+00:00,2026-08-17T09:22:59.947507+03:00,2933,Cemal Kamacı Spor Kompleksi Zemin Altı Otoparkı,KAĞITHANE,41.0536,28.9575,510,0,510,KAPALI OTOPARK,1,0,24 Saat
2026-08-17T06:22:59.947507+00:00,2026-08-17T09:22:59.947507+03:00,2207,Cengiz Topel Yer Altı Katlı Otoparkı,ESENLER,41.0588,28.8643,144,0,144,KAPALI OTOPARK,1,15,24 Saat
2026-08-17T06:22:59.947507+00:00,2026-08-17T09:22:59.947507+03:00,2787,Cevizli Açık Otoparkı,KARTAL,40.9179,29.1712,100,26,74,AÇIK OTOPARK,1,15,08:00-19:00
2026-08-17T06:22:59.947507+00:00,2026-08-17T09:22:59.947507+03:00,782,Cihangir Caddesi 2,BEYOĞLU,41.0319,28.9862,70,1,69,YOL ÜSTÜ,1,15,09:00-19:00
2026-08-17T06:22:59.947507+00:00,2026-08-17T09:22:59.947507+03:00,1467,Cihangir Katlı Otoparkı,BEYOĞLU,41.0318,28.9858,350,0,350,KAPALI OTOPARK,1,0,24 Saat
2026-08-17T06:22:59.947507+00:00,2026-08-17T09:22:59.947507+03:00,535,Cihannuma Yol Üstü 1,BEŞİKTAŞ,41.0454,29.0084,35,1,34,YOL ÜSTÜ,1,0,08:00-23:00
2026-08-17T06:22:59.947507+00:00,2026-08-17T09:22:59.947507+03:00,537,Cihannuma Yol Üstü 3,BEŞİKTAŞ,41.0459,29.0087,33,1,32,YOL ÜSTÜ,1,0,08:00-23:00
2026-08-17T06:22:59.947507+00:00,2026-08-17T09:22:59.947507+03:00,539,Cihannuma Yol Üstü 5,BEŞİKTAŞ,41.0489,29.0094,24,1,23,YOL ÜSTÜ,1,0,08:00-23:00
2026-08-17T06:22:59.947507+00:00,2026-08-17T09:22:59.947507+03:00,3184,Çam Sokak 6,GÜNGÖREN,41.0121,28.8882,50,1,49,YOL ÜSTÜ,1,15,08:00-17:00
2026-08-17T06:22:59.947507+00:00,2026-08-17T09:22:59.947507+03:00,3030,Çekmeköy Metro PD Zemin Altı Otoparkı,ÇEKMEKÖY,41.0147,29.1886,175,49,126,KAPALI OTOPARK,1,15,24 Saat
2026-08-17T06:22:59.947507+00:00,2026-08-17T09:22:59.947507+03:00,2905,Çeliktepe Açık Otoparkı,KAĞITHANE,41.0843,29.0056,200,83,117,AÇIK OTOPARK,1,5,24 Saat
2026-08-17T06:22:59.947507+00:00,2026-08-17T09:22:59.947507+03:00,1298,Çengelköy Açık Otoparkı,ÜSKÜDAR,41.0484,29.0533,500,433,67,AÇIK OTOPARK,1,15,24 Saat
2026-08-17T06:22:59.947507+00:00,2026-08-17T09:22:59.947507+03:00,502,Çınar Açık Otoparkı,BEŞİKTAŞ,41.0853,29.0088,65,1,64,AÇIK OTOPARK,1,0,08:00-18:00
2026-08-17T06:22:59.947507+00:00,2026-08-17T09:22:59.947507+03:00,777,Çırağan Sarayı Yol Üstü 1,BEŞİKTAŞ,41.0448,29.0165,40,1,39,YOL ÜSTÜ,1,15,08:00-23:00
2026-08-17T06:22:59.947507+00:00,2026-08-17T09:22:59.947507+03:00,778,Çırağan Sarayı Yol Üstü 2,BEŞİKTAŞ,41.0445,29.0156,40,1,39,YOL ÜSTÜ,1,15,08:00-23:00
2026-08-17T06:22:59.947507+00:00,2026-08-17T09:22:59.947507+03:00,2228,Çırpıcı Sosyal Tesisler,ZEYTİNBURNU,41,28.8926,128,0,128,AÇIK OTOPARK,1,15,07:00-00:00
2026-08-17T06:22:59.947507+00:00,2026-08-17T09:22:59.947507+03:00,2030,Dalyan Açık Otoparkı,KADIKÖY,40.9632,29.0651,92,73,19,AÇIK OTOPARK,1,15,24 Saat
2026-08-17T06:22:59.947507+00:00,2026-08-17T09:22:59.947507+03:00,2271,Damla Sokak 1,ŞİŞLİ,41.0672,29.0004,17,1,16,YOL ÜSTÜ,1,15,07:30-16:30
2026-08-17T06:22:59.947507+00:00,2026-08-17T09:22:59.947507+03:00,2164,Darüşşafaka Yeraltı Otoparkı,SARIYER,41.1292,29.0252,150,134,16,KAPALI OTOPARK,1,15,08:00-00:00
2026-08-17T06:22:59.947507+00:00,2026-08-17T09:22:59.947507+03:00,1653,Deniz Feneri Otoparkı,FATİH,41.0019,28.9773,175,130,45,AÇIK OTOPARK,1,5,24 Saat
2026-08-17T06:22:59.947507+00:00,2026-08-17T09:22:59.947507+03:00,595,Dostluk Yurdu 1,FATİH,41.0071,28.973,33,1,32,YOL ÜSTÜ,1,15,07:00-17:00
2026-08-17T06:22:59.947507+00:00,2026-08-17T09:22:59.947507+03:00,2237,Dragos Sosyal Tesisleri,KARTAL,40.9017,29.1458,100,43,57,AÇIK OTOPARK,1,15,24 Saat
2026-08-17T06:22:59.947507+00:00,2026-08-17T09:22:59.947507+03:00,3063,Dudullu Metro PD Zemin Altı Otoparkı,ÜMRANİYE,41.0156,29.1633,81,57,24,KAPALI OTOPARK,1,15,07:00-23:30
2026-08-17T06:22:59.947507+00:00,2026-08-17T09:22:59.947507+03:00,1522,Ebu Suut Caddesi 1,FATİH,41.0128,28.9766,35,1,34,YOL ÜSTÜ,1,0,08:00-18:00
2026-08-17T06:22:59.947507+00:00,2026-08-17T09:22:59.947507+03:00,2147,EGS Blokları Açık Otoparkı,BAKIRKÖY,40.9863,28.8354,350,0,350,AÇIK OTOPARK,1,60,09:00-19:30
2026-08-17T06:22:59.947507+00:00,2026-08-17T09:22:59.947507+03:00,2366,Esenler Adem Baştürk Kültür Merkezi Katlı,ESENLER,41.039,28.8846,460,11,449,KAPALI OTOPARK,1,15,24 Saat
2026-08-17T06:22:59.947507+00:00,2026-08-17T09:22:59.947507+03:00,3190,Esenler Havaalanı Mahallesi Zemin Altı Otoparkı,ESENLER,41.0562,28.8674,610,352,258,KAPALI OTOPARK,1,10,24 Saat
2026-08-17T06:22:59.947507+00:00,2026-08-17T09:22:59.947507+03:00,3011,Esenler Menderes Metro İstasyonu Yanı,ESENLER,41.0427,28.8783,68,0,68,AÇIK OTOPARK,1,5,24 Saat
2026-08-17T06:22:59.947507+00:00,2026-08-17T09:22:59.947507+03:00,2822,Esenler Menderes Parkı Zemin Altı Otoparkı,ESENLER,41.0412,28.8729,325,40,285,KAPALI OTOPARK,1,10,24 Saat
2026-08-17T06:22:59.947507+00:00,2026-08-17T09:22:59.947507+03:00,3303,Esenyurt Adile Naşit Bulvarı Zeminaltı Otoparkı,ESENYURT,41.0205,28.6859,367,280,87,KAPALI OTOPARK,1,15,24 Saat
2026-08-17T06:22:59.947507+00:00,2026-08-17T09:22:59.947507+03:00,1328,Eski Salı Pazarı,KADIKÖY,40.9904,29.0338,760,0,760,AÇIK OTOPARK,1,15,24 Saat
2026-08-17T06:22:59.947507+00:00,2026-08-17T09:22:59.947507+03:00,904,Eyüp Pierloti Caddesi 1,EYÜP,41.0539,28.9329,40,1,39,YOL ÜSTÜ,1,0,09:00-22:00
2026-08-17T06:22:59.947507+00:00,2026-08-17T09:22:59.947507+03:00,2850,Eyüpsultan Akşemsettin Mahallesi Zemin Altı Otoparkı,EYÜP,41.085,28.9258,110,0,110,KAPALI OTOPARK,1,15,24 Saat
2026-08-17T06:22:59.947507+00:00,2026-08-17T09:22:59.947507+03:00,2215,Fatih Çeşmesi Tabiat Parkı Otoparkı,SARIYER,41.1686,28.9448,250,243,7,AÇIK OTOPARK,1,0,06:00-20:00
2026-08-17T06:22:59.947507+00:00,2026-08-17T09:22:59.947507+03:00,1475,Fatih Katlı Otoparkı,FATİH,41.0198,28.9396,118,12,106,KAPALI OTOPARK,1,10,24 Saat
2026-08-17T06:22:59.947507+00:00,2026-08-17T09:22:59.947507+03:00,1591,Feshane PD Açık Otoparkı,EYÜP,41.0463,28.9378,200,109,91,AÇIK OTOPARK,1,15,24 Saat
2026-08-17T06:22:59.947507+00:00,2026-08-17T09:22:59.947507+03:00,1005,Florya Havuzlu Bahçe,BAKIRKÖY,40.9764,28.7908,135,1,134,AÇIK OTOPARK,1,0,09:00-23:00
2026-08-17T06:22:59.947507+00:00,2026-08-17T09:22:59.947507+03:00,2238,Florya Sosyal Tesisleri,BAKIRKÖY,40.9614,28.8091,1074,1011,63,AÇIK OTOPARK,1,15,24 Saat
2026-08-17T06:22:59.947507+00:00,2026-08-17T09:22:59.947507+03:00,1704,Gazi Umur Paşa Sokak 5,BEŞİKTAŞ,41.0589,29.0114,45,1,44,YOL ÜSTÜ,1,15,08:00-17:00
2026-08-17T06:22:59.947507+00:00,2026-08-17T09:22:59.947507+03:00,3296,Gaziosmanpaşa Meydanı ve Yaşam Merkezi Zemin Altı Otoparkı,GAZİOSMANPAŞA,41.0606,28.9093,202,0,202,KAPALI OTOPARK,1,15,24 Saat
2026-08-17T06:22:59.947507+00:00,2026-08-17T09:22:59.947507+03:00,2971,Gaziosmanpaşa Zemin Altı Otoparkı,GAZİOSMANPAŞA,41.0796,28.8858,285,0,285,KAPALI OTOPARK,1,0,24 Saat
2026-08-17T06:22:59.947507+00:00,2026-08-17T09:22:59.947507+03:00,3401,Giyimkent Tekstilkent Metro Zemin Altı PD Otoparkı,ESENLER,41.0711,28.8666,203,167,36,KAPALI OTOPARK,1,10,24 Saat
2026-08-17T06:22:59.947507+00:00,2026-08-17T09:22:59.947507+03:00,2242,Gözdağı Sosyal Tesisler  Açık Otoparkı,PENDİK,40.893,29.2538,300,216,84,AÇIK OTOPARK,1,0,07:00-23:00
2026-08-17T06:22:59.947507+00:00,2026-08-17T09:22:59.947507+03:00,1879,Gülsuyu Metro PD Yer Altı Otoparkı,MALTEPE,40.9237,29.1548,76,0,76,KAPALI OTOPARK,1,15,08:00-00:00
2026-08-17T06:22:59.947507+00:00,2026-08-17T09:22:59.947507+03:00,1423,Güneş Plajı 1,BAKIRKÖY,40.9712,28.79,250,240,10,AÇIK OTOPARK,1,10,24 Saat
2026-08-17T06:22:59.947507+00:00,2026-08-17T09:22:59.947507+03:00,1461,Güneş Plajı 2,BAKIRKÖY,40.9692,28.7951,135,133,2,AÇIK OTOPARK,1,10,08:00-20:00
2026-08-17T06:22:59.947507+00:00,2026-08-17T09:22:59.947507+03:00,3053,Güngören Nikah Dairesi Zemin Altı otoparkı,GÜNGÖREN,41.0363,28.8718,147,0,147,KAPALI OTOPARK,1,10,24 Saat
2026-08-17T06:22:59.947507+00:00,2026-08-17T09:22:59.947507+03:00,2216,Gürpınar Balık Hali Otoparkı,BEYLİKDÜZÜ,40.9663,28.6019,1000,734,266,AÇIK OTOPARK,1,15,24 Saat
2026-08-17T06:22:59.947507+00:00,2026-08-17T09:22:59.947507+03:00,1525,Hacıosman Metro Yer Altı Otoparkı,SARIYER,41.14,29.0306,422,177,245,KAPALI OTOPARK,1,15,24 Saat
2026-08-17T06:22:59.947507+00:00,2026-08-17T09:22:59.947507+03:00,1470,Haldun Alagaş Katlı Otoparkı,ÜMRANİYE,41.0262,29.1052,197,30,167,KAPALI OTOPARK,1,15,24 Saat
2026-08-17T06:22:59.947507+00:00,2026-08-17T09:22:59.947507+03:00,3235,Haliç Sosyal Tesisleri Otoparkı,FATİH,41.0277,28.9572,60,49,11,AÇIK OTOPARK,1,15,07:00-00:00
2026-08-17T06:22:59.947507+00:00,2026-08-17T09:22:59.947507+03:00,2848,Halkalı Mahallesi Zemin Altı Otoparkı,KÜÇÜKÇEKMECE,41.0359,28.7848,347,171,176,KAPALI OTOPARK,1,15,24 Saat
2026-08-17T06:22:59.947507+00:00,2026-08-17T09:22:59.947507+03:00,2838,Hamidiye Mahallesi Katlı Otoparkı,KAĞITHANE,41.0949,28.971,450,197,253,KAPALI OTOPARK,1,15,24 Saat
2026-08-17T06:22:59.947507+00:00,2026-08-17T09:22:59.947507+03:00,1446,Harbiye Zemin Altı Otoparkı,BEYOĞLU,41.0408,28.9869,142,38,104,KAPALI OTOPARK,1,5,24 Saat
2026-08-17T06:22:59.947507+00:00,2026-08-17T09:22:59.947507+03:00,2332,Haydarpaşa Katlı Otoparkı,ÜSKÜDAR,41.0048,29.0251,840,397,443,KAPALI OTOPARK,1,15,24 Saat
2026-08-17T06:22:59.947507+00:00,2026-08-17T09:22:59.947507+03:00,1987,Haznedar Yer Altı Otoparkı,GÜNGÖREN,41.0083,28.8729,540,0,540,KAPALI OTOPARK,1,0,24 Saat
2026-08-17T06:22:59.947507+00:00,2026-08-17T09:22:59.947507+03:00,377,Hızır Külhani Sokak,FATİH,41.0202,28.9605,32,1,31,YOL ÜSTÜ,1,15,09:00-17:00
2026-08-17T06:22:59.947507+00:00,2026-08-17T09:22:59.947507+03:00,3173,Hürriyet Mahallesi Zeminaltı Otoparkı,GAZİOSMANPAŞA,41.0708,28.8951,190,0,190,KAPALI OTOPARK,1,15,24 Saat
2026-08-17T06:22:59.947507+00:00,2026-08-17T09:22:59.947507+03:00,157,Ihlamur Dere Caddesi 4,BEŞİKTAŞ,41.047,29.0023,27,1,26,YOL ÜSTÜ,1,15,09:00-17:00
2026-08-17T06:22:59.947507+00:00,2026-08-17T09:22:59.947507+03:00,1189,İçerenköy Sebze Meyve Hali Otoparkı,ATAŞEHİR,40.9766,29.1044,600,600,0,AÇIK OTOPARK,1,15,24 Saat
2026-08-17T06:22:59.947507+00:00,2026-08-17T09:22:59.947507+03:00,1127,İshakpaşa Caddesi,FATİH,41.0079,28.9814,200,1,199,YOL ÜSTÜ,1,0,08:00-18:00
2026-08-17T06:22:59.947507+00:00,2026-08-17T09:22:59.947507+03:00,3265,İspark İstanbul West Marina Açık Otoparkı 1,BEYLİKDÜZÜ,40.9636,28.6564,250,1,249,AÇIK OTOPARK,1,15,24 Saat
2026-08-17T06:22:59.947507+00:00,2026-08-17T09:22:59.947507+03:00,2793,İspark Merter Katlı Otoparkı,GÜNGÖREN,41.0097,28.89,900,414,486,KAPALI OTOPARK,1,10,24 Saat
2026-08-17T06:22:59.947507+00:00,2026-08-17T09:22:59.947507+03:00,2430,İspark West İstanbul Marina Açık Otoparkı,BEYLİKDÜZÜ,40.9639,28.6591,1600,1079,521,AÇIK OTOPARK,1,15,24 Saat
2026-08-17T06:22:59.947507+00:00,2026-08-17T09:22:59.947507+03:00,381,İstinye 4 ( Cami Önü ),SARIYER,41.1149,29.0571,25,1,24,YOL ÜSTÜ,1,15,08:30-17:30
2026-08-17T06:22:59.947507+00:00,2026-08-17T09:22:59.947507+03:00,1804,İtalyan Hastanesi Karşısı Açık Otoparkı 1,BEYOĞLU,41.028,28.9815,30,1,29,AÇIK OTOPARK,1,0,08:00-19:00
2026-08-17T06:22:59.947507+00:00,2026-08-17T09:22:59.947507+03:00,507,Kabasakal Medrese Önü,FATİH,41.0062,28.9789,65,1,64,AÇIK OTOPARK,1,0,08:00-18:30
2026-08-17T06:22:59.947507+00:00,2026-08-17T09:22:59.947507+03:00,3306,Kabataş Transfer Merkezi Turizm Otobüs Otoparkı,BEYOĞLU,41.0336,28.9923,160,60,100,KAPALI OTOPARK,1,20,24 Saat
2026-08-17T06:22:59.947507+00:00,2026-08-17T09:22:59.947507+03:00,2918,Kadıköy Hasanpaşa Gazhane Katlı Otoparkı,KADIKÖY,40.9972,29.0428,310,200,110,KAPALI OTOPARK,1,15,24 Saat
2026-08-17T06:22:59.947507+00:00,2026-08-17T09:22:59.947507+03:00,1447,Kadıköy İski Açık Otoparkı,KADIKÖY,40.9874,29.0207,124,29,95,AÇIK OTOPARK,1,15,24 Saat
2026-08-17T06:22:59.947507+00:00,2026-08-17T09:22:59.947507+03:00,1655,Kadıköy Metro Açık Otoparkı,KADIKÖY,40.9899,29.0217,74,0,74,AÇIK OTOPARK,1,15,24 Saat
2026-08-17T06:22:59.947507+00:00,2026-08-17T09:22:59.947507+03:00,3445,Kadıköy Uzunçayır PD Açık Otoparkı,KADIKÖY,40.9982,29.0569,70,40,30,AÇIK OTOPARK,1,15,06:30-16:30
2026-08-17T06:22:59.947507+00:00,2026-08-17T09:22:59.947507+03:00,2808,Kadıköy Yeni Salı Pazarı PD Katlı Otoparkı,KADIKÖY,40.9969,29.0486,1350,656,694,KAPALI OTOPARK,1,15,24 Saat
2026-08-17T06:22:59.947507+00:00,2026-08-17T09:22:59.947507+03:00,2811,Kağıthane Harmantepe Zemin Altı Otoparkı,KAĞITHANE,41.0816,28.9907,200,0,200,KAPALI OTOPARK,1,0,24 Saat
2026-08-17T06:22:59.947507+00:00,2026-08-17T09:22:59.947507+03:00,1452,Kalamış Açık Otoparkı,KADIKÖY,40.9687,29.0363,173,159,14,AÇIK OTOPARK,1,15,24 Saat
2026-08-17T06:22:59.947507+00:00,2026-08-17T09:22:59.947507+03:00,1474,Kartal Hasan Doğan Spor Kompleksi,KARTAL,40.8918,29.1897,773,0,773,KAPALI OTOPARK,1,15,24 Saat
2026-08-17T06:22:59.947507+00:00,2026-08-17T09:22:59.947507+03:00,1105,Kartal İdo Açık Otoparkı,KARTAL,40.8874,29.1881,90,0,90,AÇIK OTOPARK,1,15,24 Saat
2026-08-17T06:22:59.947507+00:00,2026-08-17T09:22:59.947507+03:00,1550,Kartal Sahil Açık Otoparkı,KARTAL,40.8875,29.1901,75,39,36,AÇIK OTOPARK,1,5,24 Saat
2026-08-17T06:22:59.947507+00:00,2026-08-17T09:22:59.947507+03:00,3434,Kasımpaşa Sosyal Tesisler Otoparkı,BEYOĞLU,41.0296,28.9673,60,38,22,AÇIK OTOPARK,1,0,07:30-23:00
2026-08-17T06:22:59.947507+00:00,2026-08-17T09:22:59.947507+03:00,1960,Kazlıçeşme Marmaray Açık Otoparkı,ZEYTİNBURNU,40.9922,28.917,700,613,87,AÇIK OTOPARK,1,15,24 Saat
2026-08-17T06:22:59.947507+00:00,2026-08-17T09:22:59.947507+03:00,2994,Kirazlı Metro Durağı PD Açık Otoparkı,BAĞCILAR,41.033,28.8429,112,0,112,AÇIK OTOPARK,1,5,24 Saat
2026-08-17T06:22:59.947507+00:00,2026-08-17T09:22:59.947507+03:00,1528,Kore Şehitleri Caddesi - Yüzbaşı Kaya Aldağon Sokak 1,ŞİŞLİ,41.0719,29.0139,40,1,39,YOL ÜSTÜ,1,15,07:00-16:00
2026-08-17T06:22:59.947507+00:00,2026-08-17T09:22:59.947507+03:00,2449,Kozyatağı Sebze-Meyve Hali,ATAŞEHİR,40.9787,29.1029,1500,1500,0,AÇIK OTOPARK,1,0,24 Saat
2026-08-17T06:22:59.947507+00:00,2026-08-17T09:22:59.947507+03:00,1206,Kutlugün Sokak 2,FATİH,41.0061,28.9801,200,1,199,YOL ÜSTÜ,1,0,08:00-18:00
2026-08-17T06:22:59.947507+00:00,2026-08-17T09:22:59.947507+03:00,3074,Küçük Çamlıca,ÜSKÜDAR,41.0204,29.0653,129,107,22,AÇIK OTOPARK,1,0,08:00-22:00
2026-08-17T06:22:59.947507+00:00,2026-08-17T09:22:59.947507+03:00,3127,Küçükçekmece Cennet Mahallesi Meydan Zemin Altı Otoparkı,KÜÇÜKÇEKMECE,40.9907,28.783,456,0,456,KAPALI OTOPARK,1,10,24 Saat
2026-08-17T06:22:59.947507+00:00,2026-08-17T09:22:59.947507+03:00,2554,Küçükçekmece Fevzi Çakmak Meydanı Zemin Altı Otoparkı,KÜÇÜKÇEKMECE,41.0076,28.7927,1000,523,477,KAPALI OTOPARK,1,10,24 Saat
2026-08-17T06:22:59.947507+00:00,2026-08-17T09:22:59.947507+03:00,2882,Küçüksu Kasrı Açık Otoparkı,BEYKOZ,41.0789,29.0657,98,92,6,AÇIK OTOPARK,1,0,07:00-23:00
2026-08-17T06:22:59.947507+00:00,2026-08-17T09:22:59.947507+03:00,220,Levent Hamidiye,BEŞİKTAŞ,41.0861,29.0076,100,1,99,AÇIK OTOPARK,1,0,08:00-19:00
2026-08-17T06:22:59.947507+00:00,2026-08-17T09:22:59.947507+03:00,1138,Levent Metro Yer Altı Otoparkı,BEŞİKTAŞ,41.0811,29.0105,100,1,99,AÇIK OTOPARK,1,5,07:30-19:30
2026-08-17T06:22:59.947507+00:00,2026-08-17T09:22:59.947507+03:00,2335,Maçka Açık Otoparkı,ŞİŞLİ,41.046,28.9908,75,74,1,AÇIK OTOPARK,1,0,24 Saat
2026-08-17T06:22:59.947507+00:00,2026-08-17T09:22:59.947507+03:00,1859,Maçka Katlı Otoparkı,ŞİŞLİ,41.0484,28.9903,508,279,229,KAPALI OTOPARK,1,0,24 Saat
2026-08-17T06:22:59.947507+00:00,2026-08-17T09:22:59.947507+03:00,3193,Maltepe Rıhtım Caddesi Açık Otoparkı,MALTEPE,40.9258,29.1241,76,62,14,AÇIK OTOPARK,1,0,24 Saat
2026-08-17T06:22:59.947507+00:00,2026-08-17T09:22:59.947507+03:00,2146,Maltepe Süreyyapaşa Çarşısı Açık Otoparkı,MALTEPE,40.9274,29.1225,156,127,29,AÇIK OTOPARK,1,0,24 Saat
2026-08-17T06:22:59.947507+00:00,2026-08-17T09:22:59.947507+03:00,1599,Maslak Açık Otoparkı,SARIYER,41.1166,29.024,150,76,74,AÇIK OTOPARK,1,10,24 Saat
2026-08-17T06:22:59.947507+00:00,2026-08-17T09:22:59.947507+03:00,2100,Matbaacılar Sitesi Yanı,ZEYTİNBURNU,41.0234,28.9187,250,132,118,AÇIK OTOPARK,1,5,24 Saat
2026-08-17T06:22:59.947507+00:00,2026-08-17T09:22:59.947507+03:00,920,Meclis-i Mebusan Yokuşu 2,BEYOĞLU,41.0326,28.9882,34,1,33,YOL ÜSTÜ,1,15,09:00-17:00
2026-08-17T06:22:59.947507+00:00,2026-08-17T09:22:59.947507+03:00,1546,Menekşe Plajı Açık Otoparkı,BAKIRKÖY,40.9761,28.7766,200,200,0,AÇIK OTOPARK,1,0,24 Saat
2026-08-17T06:22:59.947507+00:00,2026-08-17T09:22:59.947507+03:00,1376,Mercan Açık,FATİH,41.0136,28.9669,130,87,43,AÇIK OTOPARK,1,0,08:00-23:00
2026-08-17T06:22:59.947507+00:00,2026-08-17T09:22:59.947507+03:00,3309,Mercan Ali Paşa Sarayı Zemin Altı Otoparkı,FATİH,41.0136,28.967,196,1,195,KAPALI OTOPARK,1,0,07:00-21:00
2026-08-17T06:22:59.947507+00:00,2026-08-17T09:22:59.947507+03:00,1472,Merter Katlı Otoparkı,GÜNGÖREN,41.0092,28.8874,1000,890,110,KAPALI OTOPARK,1,10,24 Saat
2026-08-17T06:22:59.947507+00:00,2026-08-17T09:22:59.947507+03:00,2375,Merter Metro PD Zeminaltı Otoparkı,GÜNGÖREN,41.0037,28.8897,242,76,166,KAPALI OTOPARK,1,10,24 Saat
2026-08-17T06:22:59.947507+00:00,2026-08-17T09:22:59.947507+03:00,1568,Mete Caddesi 1,BEYOĞLU,41.0382,28.9879,31,1,30,YOL ÜSTÜ,1,15,08:00-23:00
2026-08-17T06:22:59.947507+00:00,2026-08-17T09:22:59.947507+03:00,1471,Mevlana Yeraltı Katlı Otoparkı,ZEYTİNBURNU,41.0072,28.9049,1000,861,139,KAPALI OTOPARK,1,5,24 Saat
2026-08-17T06:22:59.947507+00:00,2026-08-17T09:22:59.947507+03:00,2709,Millet Caddesi Açık Otoparkı,FATİH,41.01,28.9461,60,1,59,AÇIK OTOPARK,1,15,24 Saat
2026-08-17T06:22:59.947507+00:00,2026-08-17T09:22:59.947507+03:00,3152,Mimar Sinan Zemin Altı Otoparkı,ÜSKÜDAR,41.0222,29.0169,956,41,915,KAPALI OTOPARK,1,15,24 Saat
2026-08-17T06:22:59.947507+00:00,2026-08-17T09:22:59.947507+03:00,2870,Miniatürk Çadır Açık Otoparkı,BEYOĞLU,41.0594,28.9501,250,148,102,AÇIK OTOPARK,1,15,07:00-20:00
2026-08-17T06:22:59.947507+00:00,2026-08-17T09:22:59.947507+03:00,2556,Muallim Naci Açık Otoparkı,BEŞİKTAŞ,41.0561,29.0342,35,32,3,AÇIK OTOPARK,1,15,24 Saat
2026-08-17T06:22:59.947507+00:00,2026-08-17T09:22:59.947507+03:00,569,Oda Kule Önü 1,BEYOĞLU,41.0322,28.9751,24,1,23,YOL ÜSTÜ,1,0,07:00-01:00
2026-08-17T06:22:59.947507+00:00,2026-08-17T09:22:59.947507+03:00,1988,Orhangazi Şehir Parkı PD Açık Otoparkı,MALTEPE,40.9313,29.1161,5022,4638,384,AÇIK OTOPARK,1,15,24 Saat
2026-08-17T06:22:59.947507+00:00,2026-08-17T09:22:59.947507+03:00,152,Ortabahçe Caddesi 2,BEŞİKTAŞ,41.0428,29.0043,35,1,34,YOL ÜSTÜ,1,15,08:00-23:00
2026-08-17T06:22:59.947507+00:00,2026-08-17T09:22:59.947507+03:00,153,Ortabahçe Caddesi 3,BEŞİKTAŞ,41.043,29.0042,26,1,25,YOL ÜSTÜ,1,15,08:00-23:00
2026-08-17T06:22:59.947507+00:00,2026-08-17T09:22:59.947507+03:00,119,Ortaklar Caddesi 1,ŞİŞLİ,41.0638,28.9971,25,1,24,YOL ÜSTÜ,1,15,08:30-17:00
2026-08-17T06:22:59.947507+00:00,2026-08-17T09:22:59.947507+03:00,1343,Ortaköy Açık Otoparkı,BEŞİKTAŞ,41.0504,29.0326,170,155,15,AÇIK OTOPARK,1,0,24 Saat
2026-08-17T06:22:59.947507+00:00,2026-08-17T09:22:59.947507+03:00,572,Ortaköy Portakal Yokuşu 1,BEŞİKTAŞ,41.0503,29.0261,15,1,14,YOL ÜSTÜ,1,15,09:00-19:00
2026-08-17T06:22:59.947507+00:00,2026-08-17T09:22:59.947507+03:00,1039,Öğretmen Evi,AVCILAR,40.9723,28.714,80,41,39,AÇIK OTOPARK,0,0,11:00-23:00
2026-08-17T06:22:59.947507+00:00,2026-08-17T09:22:59.947507+03:00,1466,Pendik Katlı Otoparkı,PENDİK,40.8789,29.2342,120,0,120,KAPALI OTOPARK,1,15,24 Saat
2026-08-17T06:22:59.947507+00:00,2026-08-17T09:22:59.947507+03:00,3073,Pendik Kemal Kalkuz Parkı Zemin Altı Otoparkı,PENDİK,40.8885,29.2427,224,0,224,KAPALI OTOPARK,1,0,09:00-18:00
2026-08-17T06:22:59.947507+00:00,2026-08-17T09:22:59.947507+03:00,3019,Pendik Meydan Zemin Altı Otoparkı,PENDİK,40.8752,29.2324,937,0,937,KAPALI OTOPARK,1,0,24 Saat
2026-08-17T06:22:59.947507+00:00,2026-08-17T09:22:59.947507+03:00,2865,Pendik Sahil Engelliler Merkez Önü,PENDİK,40.8735,29.233,100,66,34,AÇIK OTOPARK,0,0,11:00-20:00
2026-08-17T06:22:59.947507+00:00,2026-08-17T09:22:59.947507+03:00,2434,Pendik Sahil İdo,PENDİK,40.8755,29.2369,100,0,100,AÇIK OTOPARK,1,0,07:00-23:00
2026-08-17T06:22:59.947507+00:00,2026-08-17T09:22:59.947507+03:00,248,Pendik Yenimahalle Açık 2 Otoparkı,PENDİK,40.864,29.2723,124,88,36,AÇIK OTOPARK,0,15,10:00-22:00
2026-08-17T06:22:59.947507+00:00,2026-08-17T09:22:59.947507+03:00,297,Perşembe Pazarı 1,BEYOĞLU,41.0252,28.9693,32,1,31,YOL ÜSTÜ,1,15,08:00-17:00
2026-08-17T06:22:59.947507+00:00,2026-08-17T09:22:59.947507+03:00,597,Pierre Loti Caddesi 3,FATİH,41.0069,28.9711,36,1,35,YOL ÜSTÜ,1,0,07:00-17:00
2026-08-17T06:22:59.947507+00:00,2026-08-17T09:22:59.947507+03:00,3263,Piyalepaşa Meydanı Zemin Altı Otoparkı,BEYOĞLU,41.0445,28.9674,560,259,301,KAPALI OTOPARK,1,0,24 Saat
2026-08-17T06:22:59.947507+00:00,2026-08-17T09:22:59.947507+03:00,1900,Ragıp Gümüşpala Cad.(Sobacılar Önü),FATİH,41.0181,28.969,40,1,39,YOL ÜSTÜ,1,15,07:00-18:00
2026-08-17T06:22:59.947507+00:00,2026-08-17T09:22:59.947507+03:00,415,Ragıp Gümüşpala Camii Önü 1,FATİH,41.0211,28.9627,35,1,34,YOL ÜSTÜ,1,0,07:00-17:30
2026-08-17T06:22:59.947507+00:00,2026-08-17T09:22:59.947507+03:00,3268,Refik Saydam Caddesi 3,BEYOĞLU,41.032,28.9736,55,1,54,YOL ÜSTÜ,1,0,06:00-23:00
2026-08-17T06:22:59.947507+00:00,2026-08-17T09:22:59.947507+03:00,2307,Ressam Halim Sokak PD Açık Otoparkı,BAHÇELİEVLER,40.9967,28.8641,120,74,46,AÇIK OTOPARK,1,15,08:00-00:00
2026-08-17T06:22:59.947507+00:00,2026-08-17T09:22:59.947507+03:00,3082,Rumeli Hisarı Sahil Yolu Otoparkı,SARIYER,41.0854,29.0568,20,16,4,AÇIK OTOPARK,1,0,24 Saat
2026-08-17T06:22:59.947507+00:00,2026-08-17T09:22:59.947507+03:00,1595,Sabiha Gökçen Açık Otoparkı,PENDİK,40.925,29.308,1056,209,847,AÇIK OTOPARK,1,15,24 Saat
2026-08-17T06:22:59.947507+00:00,2026-08-17T09:22:59.947507+03:00,3239,Samatya Sahil Cep Otoparkı,FATİH,40.9954,28.932,113,109,4,AÇIK OTOPARK,1,15,24 Saat
2026-08-17T06:22:59.947507+00:00,2026-08-17T09:22:59.947507+03:00,3273,Sarıyer Büyükdere Fidanlığı,SARIYER,41.1548,29.0268,160,155,5,AÇIK OTOPARK,1,0,08:00-18:00
2026-08-17T06:22:59.947507+00:00,2026-08-17T09:22:59.947507+03:00,3299,Sariyer Ayazağa Mah Vadi İstanbul Önü Açık Otoparkı,SARIYER,41.1106,28.9881,100,96,4,AÇIK OTOPARK,1,0,08:00-20:00
2026-08-17T06:22:59.947507+00:00,2026-08-17T09:22:59.947507+03:00,1303,Seyrantepe Katlı (Arena Karşısı) 1,KAĞITHANE,41.101,28.9961,1897,1891,6,KAPALI OTOPARK,1,0,24 Saat
2026-08-17T06:22:59.947507+00:00,2026-08-17T09:22:59.947507+03:00,1628,Sıracevizler Caddesi Yol Üstü 5,ŞİŞLİ,41.0607,28.9841,45,1,44,YOL ÜSTÜ,1,15,09:00-17:00
2026-08-17T06:22:59.947507+00:00,2026-08-17T09:22:59.947507+03:00,464,Sirkeci Gar Önü,FATİH,41.015,28.9761,60,1,59,AÇIK OTOPARK,1,5,07:00-20:00
2026-08-17T06:22:59.947507+00:00,2026-08-17T09:22:59.947507+03:00,1486,Siyavuşpaşa Yer Altı Otoparkı,BAHÇELİEVLER,40.9965,28.8532,155,0,155,KAPALI OTOPARK,1,0,24 Saat
2026-08-17T06:22:59.947507+00:00,2026-08-17T09:22:59.947507+03:00,1958,Soğanlık Metro PD Açık Otoparkı,KARTAL,40.9131,29.1925,898,837,61,AÇIK OTOPARK,1,15,24 Saat
2026-08-17T06:22:59.947507+00:00,2026-08-17T09:22:59.947507+03:00,589,Su Terazisi Sokak,FATİH,41.0046,28.9727,22,1,21,YOL ÜSTÜ,1,0,07:30-17:00
2026-08-17T06:22:59.947507+00:00,2026-08-17T09:22:59.947507+03:00,1478,Suadiye Cep Açık Otoparkı,KADIKÖY,40.9586,29.0732,130,123,7,AÇIK OTOPARK,1,15,24 Saat
2026-08-17T06:22:59.947507+00:00,2026-08-17T09:22:59.947507+03:00,2948,Suadiye Sahil Açık Otoparkı,KADIKÖY,40.9562,29.0797,70,54,16,AÇIK OTOPARK,1,5,24 Saat
2026-08-17T06:22:59.947507+00:00,2026-08-17T09:22:59.947507+03:00,2799,Sultanbeyli Emir Caddesi Zemin Altı Otoparkı,SULTANBEYLİ,40.9707,29.2606,130,95,35,KAPALI OTOPARK,1,15,08:00-22:00
2026-08-17T06:22:59.947507+00:00,2026-08-17T09:22:59.947507+03:00,2372,Sultanbeyli Kent Meydanı Zemin Altı Otoparkı,SULTANBEYLİ,40.9667,29.2667,300,174,126,KAPALI OTOPARK,1,15,24 Saat
2026-08-17T06:22:59.947507+00:00,2026-08-17T09:22:59.947507+03:00,2410,Sultangazi Zemin Altı Otoparkı,SULTANGAZİ,41.0944,28.8649,104,0,104,KAPALI OTOPARK,1,10,24 Saat
2026-08-17T06:22:59.947507+00:00,2026-08-17T09:22:59.947507+03:00,2085,Süleyman Seba Caddesi 2,BEŞİKTAŞ,41.0426,28.9998,40,1,39,YOL ÜSTÜ,1,15,08:00-18:00
2026-08-17T06:22:59.947507+00:00,2026-08-17T09:22:59.947507+03:00,2088,Süleyman Seba Caddesi 5,BEŞİKTAŞ,41.0432,28.9978,40,1,39,YOL ÜSTÜ,1,15,08:00-18:00
2026-08-17T06:22:59.947507+00:00,2026-08-17T09:22:59.947507+03:00,2089,Süleyman Seba Caddesi 6,BEŞİKTAŞ,41.0435,28.9967,11,1,10,YOL ÜSTÜ,1,15,08:00-18:00
2026-08-17T06:22:59.947507+00:00,2026-08-17T09:22:59.947507+03:00,2391,Süleymaniye Cami Altı Açık Otoparkı,FATİH,41.0158,28.961,250,235,15,AÇIK OTOPARK,1,0,06:30-18:30
2026-08-17T06:22:59.947507+00:00,2026-08-17T09:22:59.947507+03:00,1730,Sütlüce Miniatürk Yanı,BEYOĞLU,41.057,28.95,320,214,106,AÇIK OTOPARK,1,15,24 Saat
2026-08-17T06:22:59.947507+00:00,2026-08-17T09:22:59.947507+03:00,36,Şakayık Sokak 4,ŞİŞLİ,41.0518,28.9936,50,1,49,YOL ÜSTÜ,1,15,08:00-16:00
2026-08-17T06:22:59.947507+00:00,2026-08-17T09:22:59.947507+03:00,1469,Şehit Volkan Duysak Katlı Otoparkı,ZEYTİNBURNU,40.9968,28.9039,1000,683,317,KAPALI OTOPARK,1,5,24 Saat
2026-08-17T06:22:59.947507+00:00,2026-08-17T09:22:59.947507+03:00,2855,Şemsipaşa Açık Otoparkı,ÜSKÜDAR,41.0255,29.0097,80,79,1,AÇIK OTOPARK,1,0,24 Saat
2026-08-17T06:22:59.947507+00:00,2026-08-17T09:22:59.947507+03:00,2439,Şirinevler Meydan Zeminaltı Otoparkı,BAHÇELİEVLER,40.9925,28.8496,367,61,306,KAPALI OTOPARK,1,0,24 Saat
2026-08-17T06:22:59.947507+00:00,2026-08-17T09:22:59.947507+03:00,3400,Şişhane Refik Saydam Caddesi 2 Yol Üstü Otoparkı 1,BEYOĞLU,41.0326,28.9743,70,1,69,YOL ÜSTÜ,1,15,06:00-23:00
2026-08-17T06:22:59.947507+00:00,2026-08-17T09:22:59.947507+03:00,3441,Şişli Kuştepe Zemin Altı Otoparkı,ŞİŞLİ,41.072,28.9919,430,279,151,KAPALI OTOPARK,1,15,24 Saat
2026-08-17T06:22:59.947507+00:00,2026-08-17T09:22:59.947507+03:00,2816,Şişli Rumeli Caddesi Metro Yanı 1,ŞİŞLİ,41.0538,28.9868,45,1,44,YOL ÜSTÜ,1,15,08:00-20:00
2026-08-17T06:22:59.947507+00:00,2026-08-17T09:22:59.947507+03:00,2406,Şişli Zemin Altı Otoparkı,ŞİŞLİ,41.0641,28.9992,581,228,353,KAPALI OTOPARK,1,15,24 Saat
2026-08-17T06:22:59.947507+00:00,2026-08-17T09:22:59.947507+03:00,1993,Tuzla İdo,TUZLA,40.8149,29.3039,300,266,34,AÇIK OTOPARK,1,15,24 Saat
2026-08-17T06:22:59.947507+00:00,2026-08-17T09:22:59.947507+03:00,3332,Tuzla Sahil Cep,TUZLA,40.8168,29.2992,50,39,11,AÇIK OTOPARK,1,0,08:00-00:00
2026-08-17T06:22:59.947507+00:00,2026-08-17T09:22:59.947507+03:00,3057,Tuzla Sahil Zemin Altı Otoparkı,TUZLA,40.8181,29.3004,779,1,778,KAPALI OTOPARK,1,15,24 Saat
2026-08-17T06:22:59.947507+00:00,2026-08-17T09:22:59.947507+03:00,1811,Ulu Camii Açık Otoparkı,BAHÇELİEVLER,40.9982,28.8499,150,126,24,AÇIK OTOPARK,1,10,24 Saat
2026-08-17T06:22:59.947507+00:00,2026-08-17T09:22:59.947507+03:00,2424,Uzunçayır Açık Otoparkı,KADIKÖY,40.9988,29.0556,58,50,8,AÇIK OTOPARK,1,0,06:00-16:00
2026-08-17T06:22:59.947507+00:00,2026-08-17T09:22:59.947507+03:00,1468,Ümraniye Katlı Otoparkı,ÜMRANİYE,41.0261,29.0953,665,555,110,KAPALI OTOPARK,1,15,24 Saat
2026-08-17T06:22:59.947507+00:00,2026-08-17T09:22:59.947507+03:00,2898,Ümraniye Okan Sokak Zeminaltı Otoparkı,ÜMRANİYE,41.0284,29.0907,125,31,94,KAPALI OTOPARK,1,15,24 Saat
2026-08-17T06:22:59.947507+00:00,2026-08-17T09:22:59.947507+03:00,2345,Üsküdar Uzunçayır PD Açık Otoparkı,ÜSKÜDAR,40.9988,29.0577,90,83,7,AÇIK OTOPARK,1,15,06:00-22:00
2026-08-17T06:22:59.947507+00:00,2026-08-17T09:22:59.947507+03:00,1929,Üsküdar Ünalan Açık Otoparkı,ÜSKÜDAR,40.9979,29.0604,180,175,5,AÇIK OTOPARK,1,0,07:00-17:00
2026-08-17T06:22:59.947507+00:00,2026-08-17T09:22:59.947507+03:00,1487,Vatan Caddesi PD Açık Otoparkı,FATİH,41.0157,28.9405,397,185,212,AÇIK OTOPARK,1,5,24 Saat
2026-08-17T06:22:59.947507+00:00,2026-08-17T09:22:59.947507+03:00,2441,Yalı Açık Otoparkı,MALTEPE,40.9095,29.137,85,82,3,AÇIK OTOPARK,1,0,07:30-22:00
2026-08-17T06:22:59.947507+00:00,2026-08-17T09:22:59.947507+03:00,459,Yalı Köşkü Caddesi 1,FATİH,41.0163,28.9759,61,1,60,YOL ÜSTÜ,1,5,07:00-21:00
2026-08-17T06:22:59.947507+00:00,2026-08-17T09:22:59.947507+03:00,2037,Yenikapı Marmaray Büyük Otoparkı,FATİH,41.0057,28.9505,324,198,126,AÇIK OTOPARK,1,15,24 Saat
2026-08-17T06:22:59.947507+00:00,2026-08-17T09:22:59.947507+03:00,2036,Yenikapı Marmaray Küçük Otoparkı,FATİH,41.0064,28.9504,200,185,15,AÇIK OTOPARK,1,15,07:00-22:00
2026-08-17T06:22:59.947507+00:00,2026-08-17T09:22:59.947507+03:00,2175,Yenikapı Spor ve Kültür Merkezi PD Açık Otoparkı,FATİH,41.0006,28.9519,4023,3949,74,AÇIK OTOPARK,1,15,24 Saat
2026-08-17T06:22:59.947507+00:00,2026-08-17T09:22:59.947507+03:00,2805,Yenikapı Tünel Üstü Açık Otoparkı,FATİH,41.0029,28.9534,700,559,141,AÇIK OTOPARK,1,10,24 Saat
2026-08-17T06:22:59.947507+00:00,2026-08-17T09:22:59.947507+03:00,3404,Yenimahalle Metro Zemin Altı PD Otoparkı,GAZİOSMANPAŞA,41.0839,28.8926,114,92,22,KAPALI OTOPARK,1,15,24 Saat
2026-08-17T06:22:59.947507+00:00,2026-08-17T09:22:59.947507+03:00,2920,Yeşilce Zemin Altı Katlı Otoparkı,KAĞITHANE,41.0938,29.0017,676,0,676,KAPALI OTOPARK,1,0,24 Saat
2026-08-17T06:22:59.947507+00:00,2026-08-17T09:22:59.947507+03:00,987,Yeşilköy İstasyon Caddesi 1,BAKIRKÖY,40.962,28.825,40,1,39,YOL ÜSTÜ,1,15,09:00-17:30
2026-08-17T06:22:59.947507+00:00,2026-08-17T09:22:59.947507+03:00,974,Yeşilköy Marina 1,BAKIRKÖY,40.9576,28.8233,145,1,144,YOL ÜSTÜ,0,0,12:00-23:00
2026-08-17T06:22:59.947507+00:00,2026-08-17T09:22:59.947507+03:00,3406,Yeşilpınar Metro Zemin Altı PD Otoparkı,EYÜP,41.081,28.9204,269,196,73,KAPALI OTOPARK,1,15,24 Saat
2026-08-17T06:22:59.947507+00:00,2026-08-17T09:22:59.947507+03:00,315,Yeşilyurt Çarşı 1,BAKIRKÖY,40.9643,28.8379,50,1,49,YOL ÜSTÜ,1,15,09:00-17:30
2026-08-17T06:22:59.947507+00:00,2026-08-17T09:22:59.947507+03:00,1133,Yıldız Korusu,BEŞİKTAŞ,41.0514,29.0165,500,1,499,AÇIK OTOPARK,1,0,08:00-22:00
2026-08-17T06:22:59.947507+00:00,2026-08-17T09:22:59.947507+03:00,882,Zeytinburnu 58. Bulvar 2,ZEYTİNBURNU,40.9932,28.9039,48,1,47,YOL ÜSTÜ,1,15,09:00-18:00
2026-08-17T06:22:59.947507+00:00,2026-08-17T09:22:59.947507+03:00,3185,Zeytinburnu Sahil Cep Otoparkı,ZEYTİNBURNU,40.9798,28.8985,160,1,159,AÇIK OTOPARK,0,0,12:00-22:00
2026-08-17T07:33:48.216242+00:00,2026-08-17T10:33:48.216242+03:00,3068,15 Temmuz Şehitler Meydanı Zeminaltı Otoparkı,ÜMRANİYE,41.0246,29.0915,1029,561,468,KAPALI OTOPARK,1,15,24 Saat
2026-08-17T07:33:48.216242+00:00,2026-08-17T10:33:48.216242+03:00,2338,19 Mayıs Açık,ŞİŞLİ,41.0563,28.9941,65,0,65,AÇIK OTOPARK,1,0,24 Saat
2026-08-17T07:33:48.216242+00:00,2026-08-17T10:33:48.216242+03:00,1751,4.Levent PD Açık Otoparkı,KAĞITHANE,41.0836,29.0081,236,89,147,AÇIK OTOPARK,1,5,24 Saat
2026-08-17T07:33:48.216242+00:00,2026-08-17T10:33:48.216242+03:00,3328,4.Levent Servis ve Turizm Araçları Açık Otoparkı,ŞİŞLİ,41.0841,29.0054,300,144,156,AÇIK OTOPARK,1,15,24 Saat
2026-08-17T07:33:48.216242+00:00,2026-08-17T10:33:48.216242+03:00,3412,5. Levent Gaziosmanpaşa Adliyesi Yanı Açık Otoparkı,EYÜP,41.0927,28.9494,250,179,71,AÇIK OTOPARK,1,15,07:00-23:00
2026-08-17T07:33:48.216242+00:00,2026-08-17T10:33:48.216242+03:00,104,Abide-i Hürriyet Caddesi 5,ŞİŞLİ,41.0619,28.9876,40,1,39,YOL ÜSTÜ,1,15,08:00-17:00
2026-08-17T07:33:48.216242+00:00,2026-08-17T10:33:48.216242+03:00,2452,Acıbadem Açık Otoparkı,ÜSKÜDAR,41.0157,29.0574,100,86,14,AÇIK OTOPARK,1,0,06:30-16:00
2026-08-17T07:33:48.216242+00:00,2026-08-17T10:33:48.216242+03:00,346,Ada Karşısı Cep 2,BEŞİKTAŞ,41.072,29.045,30,1,29,YOL ÜSTÜ,1,15,08:00-23:00
2026-08-17T07:33:48.216242+00:00,2026-08-17T10:33:48.216242+03:00,1663,Akasyalı Sokak Tenis Kulubü Önü 2,BEŞİKTAŞ,41.0867,29.0109,45,1,44,YOL ÜSTÜ,1,15,08:30-17:30
2026-08-17T07:33:48.216242+00:00,2026-08-17T10:33:48.216242+03:00,828,Akdeniz Caddesi 4,FATİH,41.0175,28.9435,27,1,26,YOL ÜSTÜ,1,15,09:00-18:00
2026-08-17T07:33:48.216242+00:00,2026-08-17T10:33:48.216242+03:00,1913,Alibeyköy Cep Otogarı Açık Otoparkı,EYÜP,41.0879,28.9446,116,0,116,AÇIK OTOPARK,1,25,24 Saat
2026-08-17T07:33:48.216242+00:00,2026-08-17T10:33:48.216242+03:00,1912,Alibeyköy Cep Otogarı Otobüs Otoparkı,EYÜP,41.0875,28.9449,5000,1,4999,AÇIK OTOPARK,1,60,24 Saat
2026-08-17T07:33:48.216242+00:00,2026-08-17T10:33:48.216242+03:00,2562,Alibeyköy Yeşiltepe Zemin Altı Otoparkı,EYÜP,41.0797,28.938,159,70,89,KAPALI OTOPARK,1,15,24 Saat
2026-08-17T07:33:48.216242+00:00,2026-08-17T10:33:48.216242+03:00,3201,Altınboynuz Sosyal Tesisleri,EYÜP,41.058,28.9447,70,1,69,AÇIK OTOPARK,1,15,08:00-23:00
2026-08-17T07:33:48.216242+00:00,2026-08-17T10:33:48.216242+03:00,758,Arap Camii Açık Otoparkı,BEYOĞLU,41.0227,28.9723,30,1,29,AÇIK OTOPARK,1,0,09:00-17:00
2026-08-17T07:33:48.216242+00:00,2026-08-17T10:33:48.216242+03:00,1963,Aras Sokak 1,BÜYÜKÇEKMECE,41.0226,28.622,60,1,59,YOL ÜSTÜ,1,0,06:00-14:30
2026-08-17T07:33:48.216242+00:00,2026-08-17T10:33:48.216242+03:00,2802,Arnavutköy Zemin Altı Otoparkı,ARNAVUTKÖY,41.1838,28.7396,700,0,700,KAPALI OTOPARK,1,15,24 Saat
2026-08-17T07:33:48.216242+00:00,2026-08-17T10:33:48.216242+03:00,1797,Ataköy Atrium AVM,BAKIRKÖY,40.9881,28.8459,250,230,20,AÇIK OTOPARK,1,15,08:00-23:00
2026-08-17T07:33:48.216242+00:00,2026-08-17T10:33:48.216242+03:00,2824,Ataköy Metro Durağı Yanı PD Zemin Altı Otoparkı,BAKIRKÖY,40.9904,28.8456,150,83,67,KAPALI OTOPARK,1,0,24 Saat
2026-08-17T07:33:48.216242+00:00,2026-08-17T10:33:48.216242+03:00,359,Atatürk Bulvarı 1,FATİH,41.0112,28.9534,20,1,19,YOL ÜSTÜ,1,0,07:30-18:00
2026-08-17T07:33:48.216242+00:00,2026-08-17T10:33:48.216242+03:00,3087,Atatürk Kent Ormanı Otoparkı,SARIYER,41.136,29.0262,200,198,2,AÇIK OTOPARK,1,0,08:00-17:00
2026-08-17T07:33:48.216242+00:00,2026-08-17T10:33:48.216242+03:00,2243,Avcılar Denizköşkler Toplantı ve Davet Salonu Açık Otoparkı,AVCILAR,40.9746,28.7435,200,188,12,AÇIK OTOPARK,0,15,13:00-07:00
2026-08-17T07:33:48.216242+00:00,2026-08-17T10:33:48.216242+03:00,1088,Avcılar İdo,AVCILAR,40.9712,28.7185,270,259,11,AÇIK OTOPARK,0,0,13:00-07:00
2026-08-17T07:33:48.216242+00:00,2026-08-17T10:33:48.216242+03:00,2885,Azapkapı Haliç Metro Otoparkı,ŞİŞLİ,41.0245,28.9691,80,2,78,AÇIK OTOPARK,1,5,24 Saat
2026-08-17T07:33:48.216242+00:00,2026-08-17T10:33:48.216242+03:00,2455,Azerbaycan Dostluk Parkı Zemin Altı Otoparkı,BAĞCILAR,41.0444,28.854,400,174,226,KAPALI OTOPARK,1,10,24 Saat
2026-08-17T07:33:48.216242+00:00,2026-08-17T10:33:48.216242+03:00,2965,Bağcılar Çolakoğlu Zemin Altı Otoparkı,BAĞCILAR,41.0324,28.8345,106,0,106,KAPALI OTOPARK,1,5,24 Saat
2026-08-17T07:33:48.216242+00:00,2026-08-17T10:33:48.216242+03:00,2576,Bağcılar Demirkapı Zemin Altı Otoparkı,BAĞCILAR,41.0499,28.8327,343,177,166,KAPALI OTOPARK,1,5,24 Saat
2026-08-17T07:33:48.216242+00:00,2026-08-17T10:33:48.216242+03:00,3036,Bağcılar Devlet Hastanesi Yanı Zeminaltı Otoparkı,BAĞCILAR,41.0312,28.8696,1133,24,1109,KAPALI OTOPARK,1,15,24 Saat
2026-08-17T07:33:48.216242+00:00,2026-08-17T10:33:48.216242+03:00,3071,Bağcılar Emniyet Müdürlüğü Yanı Açık Otoparkı,BAĞCILAR,41.0353,28.8598,100,44,56,AÇIK OTOPARK,1,0,24 Saat
2026-08-17T07:33:48.216242+00:00,2026-08-17T10:33:48.216242+03:00,2873,Bağcılar Göztepe Zemin Altı,BAĞCILAR,41.0567,28.8355,120,0,120,KAPALI OTOPARK,1,5,24 Saat
2026-08-17T07:33:48.216242+00:00,2026-08-17T10:33:48.216242+03:00,3187,Bağcılar Hürriyet Mahallesi Zemin Altı Otoparkı,BAĞCILAR,41.0291,28.8333,355,0,355,KAPALI OTOPARK,1,10,24 Saat
2026-08-17T07:33:48.216242+00:00,2026-08-17T10:33:48.216242+03:00,2916,Bağcılar Kent Meydanı PD Zemin Altı Otoparkı,BAĞCILAR,41.0339,28.8556,1162,0,1162,KAPALI OTOPARK,1,0,24 Saat
2026-08-17T07:33:48.216242+00:00,2026-08-17T10:33:48.216242+03:00,3261,Bağcılar Yenimahalle Zemin Altı Otoparkı,BAĞCILAR,41.0425,28.8395,525,270,255,KAPALI OTOPARK,1,15,24 Saat
2026-08-17T07:33:48.216242+00:00,2026-08-17T10:33:48.216242+03:00,2820,Bağcılar Yıldıztepe Katlı Otoparkı,BAĞCILAR,41.0294,28.8556,350,0,350,KAPALI OTOPARK,1,10,24 Saat
2026-08-17T07:33:48.216242+00:00,2026-08-17T10:33:48.216242+03:00,3447,Bahçelievler 23 Nisan Milli Egemenlik Zeminaltı Otoparkı,BAHÇELİEVLER,40.9988,28.8472,732,493,239,KAPALI OTOPARK,1,10,24 Saat
2026-08-17T07:33:48.216242+00:00,2026-08-17T10:33:48.216242+03:00,2993,Bahçelievler Cumhuriyet Zeminaltı Otoparkı,BAHÇELİEVLER,41.0149,28.859,663,0,663,KAPALI OTOPARK,1,10,24 Saat
2026-08-17T07:33:48.216242+00:00,2026-08-17T10:33:48.216242+03:00,2969,Bahçelievler Devlet Hastanesi Yanı Katlı Otoparkı,BAHÇELİEVLER,41.0072,28.8442,740,0,740,KAPALI OTOPARK,1,0,24 Saat
2026-08-17T07:33:48.216242+00:00,2026-08-17T10:33:48.216242+03:00,3051,Bahçelievler Zafer Mh. Zeminaltı Otoparkı,BAHÇELİEVLER,41.0036,28.8351,200,81,119,KAPALI OTOPARK,1,0,24 Saat
2026-08-17T07:33:48.216242+00:00,2026-08-17T10:33:48.216242+03:00,3236,Bahçeşehir Gölet Açık Otoparkı,BAŞAKŞEHİR,41.0719,28.6901,200,1,199,AÇIK OTOPARK,0,0,12:00-22:00
2026-08-17T07:33:48.216242+00:00,2026-08-17T10:33:48.216242+03:00,1465,Bakırköy İdo Açık Otoparkı,BAKIRKÖY,40.9739,28.8761,160,140,20,AÇIK OTOPARK,1,10,24 Saat
2026-08-17T07:33:48.216242+00:00,2026-08-17T10:33:48.216242+03:00,1104,Balmumcu Katlı Otoparkı,BEŞİKTAŞ,41.0636,29.0109,400,168,232,KAPALI OTOPARK,1,5,24 Saat
2026-08-17T07:33:48.216242+00:00,2026-08-17T10:33:48.216242+03:00,2796,Başakşehir Metro Açık Otoparkı,BAŞAKŞEHİR,41.107,28.801,125,1,124,AÇIK OTOPARK,1,0,07:00-16:00
2026-08-17T07:33:48.216242+00:00,2026-08-17T10:33:48.216242+03:00,2350,Bayrampaşa Adapark Katlı Otoparkı,BAYRAMPAŞA,41.0647,28.8875,650,0,650,KAPALI OTOPARK,1,15,24 Saat
2026-08-17T07:33:48.216242+00:00,2026-08-17T10:33:48.216242+03:00,2892,Bayrampaşa Altıntepsi Zemin  Altı Otoparkı,BAYRAMPAŞA,41.0393,28.9029,110,0,110,KAPALI OTOPARK,1,10,24 Saat
2026-08-17T07:33:48.216242+00:00,2026-08-17T10:33:48.216242+03:00,2909,Bayrampaşa Atatürk Parkı  Zemin Altı Otoparkı,BAYRAMPAŞA,41.0342,28.9123,442,0,442,KAPALI OTOPARK,1,10,24 Saat
2026-08-17T07:33:48.216242+00:00,2026-08-17T10:33:48.216242+03:00,2683,Bayrampaşa Devlet Hastanesi Cep Otoparkı,BAYRAMPAŞA,41.0414,28.9031,55,7,48,AÇIK OTOPARK,1,0,08:00-19:00
2026-08-17T07:33:48.216242+00:00,2026-08-17T10:33:48.216242+03:00,3301,Bayrampaşa Kocatepe Mahallesi Zemin Altı Otoparkı,BAYRAMPAŞA,41.0545,28.8964,241,0,241,KAPALI OTOPARK,1,10,24 Saat
2026-08-17T07:33:48.216242+00:00,2026-08-17T10:33:48.216242+03:00,2053,Bayrampaşa Muratpaşa Yer Altı Otoparkı,BAYRAMPAŞA,41.047,28.9082,300,14,286,KAPALI OTOPARK,1,15,24 Saat
2026-08-17T07:33:48.216242+00:00,2026-08-17T10:33:48.216242+03:00,3175,Bayrampaşa Spor Kompleksi Zemin Altı Otoparkı,BAYRAMPAŞA,41.0446,28.9106,205,0,205,KAPALI OTOPARK,1,15,24 Saat
2026-08-17T07:33:48.216242+00:00,2026-08-17T10:33:48.216242+03:00,3382,Bayrampaşa Şehit Kamil Balkan Zemin Altı Otoparkı,BAYRAMPAŞA,41.0604,28.9008,235,0,235,KAPALI OTOPARK,1,10,24 Saat
2026-08-17T07:33:48.216242+00:00,2026-08-17T10:33:48.216242+03:00,2428,Bayrampaşa Yenidoğan Mahallesi Zemin Altı Otoparkı,BAYRAMPAŞA,41.0395,28.9088,120,0,120,KAPALI OTOPARK,1,10,24 Saat
2026-08-17T07:33:48.216242+00:00,2026-08-17T10:33:48.216242+03:00,2468,Bebek Açık,BEŞİKTAŞ,41.077,29.0434,30,0,30,AÇIK OTOPARK,1,0,24 Saat
2026-08-17T07:33:48.216242+00:00,2026-08-17T10:33:48.216242+03:00,3479,Beşiktaş Halk Pazarı Açık Otoparkı,BEŞİKTAŞ,41.0496,29.0004,170,113,57,AÇIK OTOPARK,1,5,24 Saat
2026-08-17T07:33:48.216242+00:00,2026-08-17T10:33:48.216242+03:00,3257,Beykoz Sahil Cep Otoparkı,BEYKOZ,41.1286,29.0953,100,74,26,AÇIK OTOPARK,1,0,08:00-00:00
2026-08-17T07:33:48.216242+00:00,2026-08-17T10:33:48.216242+03:00,2273,Beykoz Sosyal Tesisleri,BEYKOZ,41.1143,29.0888,130,92,38,AÇIK OTOPARK,1,15,08:00-00:00
2026-08-17T07:33:48.216242+00:00,2026-08-17T10:33:48.216242+03:00,2999,Beyoğlu Gazhane Bostan Sokak 2,BEYOĞLU,41.0389,28.9903,35,1,34,YOL ÜSTÜ,1,0,07:30-16:30
2026-08-17T07:33:48.216242+00:00,2026-08-17T10:33:48.216242+03:00,3072,Beyoğlu Örnektepe Zemin Altı Otoparkı,BEYOĞLU,41.0543,28.9548,143,0,143,KAPALI OTOPARK,1,0,24 Saat
2026-08-17T07:33:48.216242+00:00,2026-08-17T10:33:48.216242+03:00,1455,Bostancı Açık,KADIKÖY,40.9523,29.0902,394,147,247,AÇIK OTOPARK,1,15,24 Saat
2026-08-17T07:33:48.216242+00:00,2026-08-17T10:33:48.216242+03:00,1456,Bostancı Sahil-Cep Açık Otoparkı,KADIKÖY,40.9545,29.0885,192,133,59,AÇIK OTOPARK,1,15,24 Saat
2026-08-17T07:33:48.216242+00:00,2026-08-17T10:33:48.216242+03:00,2150,Bostancı Vergi Dairesi Açık Otoparkı,ATAŞEHİR,40.9625,29.1083,155,0,155,AÇIK OTOPARK,1,5,08:00-20:00
2026-08-17T07:33:48.216242+00:00,2026-08-17T10:33:48.216242+03:00,2854,Bülent Ecevit Kültür Merkezi Açık Otoparkı,KARTAL,40.8852,29.1967,277,266,11,AÇIK OTOPARK,1,0,10:00-21:00
2026-08-17T07:33:48.216242+00:00,2026-08-17T10:33:48.216242+03:00,2866,Büyük İstanbul Otogarı,BAYRAMPAŞA,41.0402,28.8942,1000,0,1000,AÇIK OTOPARK,1,25,24 Saat
2026-08-17T07:33:48.216242+00:00,2026-08-17T10:33:48.216242+03:00,1192,Büyükçamlıca Korusu Sosyal Tesisleri Önü,ÜSKÜDAR,41.0264,29.0698,204,111,93,AÇIK OTOPARK,1,0,08:00-00:00
2026-08-17T07:33:48.216242+00:00,2026-08-17T10:33:48.216242+03:00,2960,Büyükçekmece Metrobüs Durağı Yanı PD Zemin Altı Otopark,BÜYÜKÇEKMECE,41.0221,28.624,448,0,448,KAPALI OTOPARK,1,0,24 Saat
2026-08-17T07:33:48.216242+00:00,2026-08-17T10:33:48.216242+03:00,1503,Cadde Bostan Açık Otoparkı,KADIKÖY,40.9636,29.0675,66,50,16,AÇIK OTOPARK,1,15,24 Saat
2026-08-17T07:33:48.216242+00:00,2026-08-17T10:33:48.216242+03:00,2933,Cemal Kamacı Spor Kompleksi Zemin Altı Otoparkı,KAĞITHANE,41.0536,28.9575,510,0,510,KAPALI OTOPARK,1,0,24 Saat
2026-08-17T07:33:48.216242+00:00,2026-08-17T10:33:48.216242+03:00,2207,Cengiz Topel Yer Altı Katlı Otoparkı,ESENLER,41.0588,28.8643,144,0,144,KAPALI OTOPARK,1,15,24 Saat
2026-08-17T07:33:48.216242+00:00,2026-08-17T10:33:48.216242+03:00,2787,Cevizli Açık Otoparkı,KARTAL,40.9179,29.1712,100,4,96,AÇIK OTOPARK,1,15,08:00-19:00
2026-08-17T07:33:48.216242+00:00,2026-08-17T10:33:48.216242+03:00,782,Cihangir Caddesi 2,BEYOĞLU,41.0319,28.9862,70,1,69,YOL ÜSTÜ,1,15,09:00-19:00
2026-08-17T07:33:48.216242+00:00,2026-08-17T10:33:48.216242+03:00,1467,Cihangir Katlı Otoparkı,BEYOĞLU,41.0318,28.9858,350,0,350,KAPALI OTOPARK,1,0,24 Saat
2026-08-17T07:33:48.216242+00:00,2026-08-17T10:33:48.216242+03:00,535,Cihannuma Yol Üstü 1,BEŞİKTAŞ,41.0454,29.0084,35,1,34,YOL ÜSTÜ,1,0,08:00-23:00
2026-08-17T07:33:48.216242+00:00,2026-08-17T10:33:48.216242+03:00,537,Cihannuma Yol Üstü 3,BEŞİKTAŞ,41.0459,29.0087,33,1,32,YOL ÜSTÜ,1,0,08:00-23:00
2026-08-17T07:33:48.216242+00:00,2026-08-17T10:33:48.216242+03:00,539,Cihannuma Yol Üstü 5,BEŞİKTAŞ,41.0489,29.0094,24,1,23,YOL ÜSTÜ,1,0,08:00-23:00
2026-08-17T07:33:48.216242+00:00,2026-08-17T10:33:48.216242+03:00,3184,Çam Sokak 6,GÜNGÖREN,41.0121,28.8882,50,1,49,YOL ÜSTÜ,1,15,08:00-17:00
2026-08-17T07:33:48.216242+00:00,2026-08-17T10:33:48.216242+03:00,3030,Çekmeköy Metro PD Zemin Altı Otoparkı,ÇEKMEKÖY,41.0147,29.1886,175,44,131,KAPALI OTOPARK,1,15,24 Saat
2026-08-17T07:33:48.216242+00:00,2026-08-17T10:33:48.216242+03:00,2905,Çeliktepe Açık Otoparkı,KAĞITHANE,41.0843,29.0056,200,81,119,AÇIK OTOPARK,1,5,24 Saat
2026-08-17T07:33:48.216242+00:00,2026-08-17T10:33:48.216242+03:00,1298,Çengelköy Açık Otoparkı,ÜSKÜDAR,41.0484,29.0533,500,401,99,AÇIK OTOPARK,1,15,24 Saat
2026-08-17T07:33:48.216242+00:00,2026-08-17T10:33:48.216242+03:00,502,Çınar Açık Otoparkı,BEŞİKTAŞ,41.0853,29.0088,65,1,64,AÇIK OTOPARK,1,0,08:00-18:00
2026-08-17T07:33:48.216242+00:00,2026-08-17T10:33:48.216242+03:00,777,Çırağan Sarayı Yol Üstü 1,BEŞİKTAŞ,41.0448,29.0165,40,1,39,YOL ÜSTÜ,1,15,08:00-23:00
2026-08-17T07:33:48.216242+00:00,2026-08-17T10:33:48.216242+03:00,778,Çırağan Sarayı Yol Üstü 2,BEŞİKTAŞ,41.0445,29.0156,40,1,39,YOL ÜSTÜ,1,15,08:00-23:00
2026-08-17T07:33:48.216242+00:00,2026-08-17T10:33:48.216242+03:00,2228,Çırpıcı Sosyal Tesisler,ZEYTİNBURNU,41,28.8926,128,0,128,AÇIK OTOPARK,1,15,07:00-00:00
2026-08-17T07:33:48.216242+00:00,2026-08-17T10:33:48.216242+03:00,2030,Dalyan Açık Otoparkı,KADIKÖY,40.9632,29.0651,92,62,30,AÇIK OTOPARK,1,15,24 Saat
2026-08-17T07:33:48.216242+00:00,2026-08-17T10:33:48.216242+03:00,2271,Damla Sokak 1,ŞİŞLİ,41.0672,29.0004,17,1,16,YOL ÜSTÜ,1,15,07:30-16:30
2026-08-17T07:33:48.216242+00:00,2026-08-17T10:33:48.216242+03:00,2164,Darüşşafaka Yeraltı Otoparkı,SARIYER,41.1292,29.0252,150,119,31,KAPALI OTOPARK,1,15,08:00-00:00
2026-08-17T07:33:48.216242+00:00,2026-08-17T10:33:48.216242+03:00,1653,Deniz Feneri Otoparkı,FATİH,41.0019,28.9773,175,125,50,AÇIK OTOPARK,1,5,24 Saat
2026-08-17T07:33:48.216242+00:00,2026-08-17T10:33:48.216242+03:00,595,Dostluk Yurdu 1,FATİH,41.0071,28.973,33,1,32,YOL ÜSTÜ,1,15,07:00-17:00
2026-08-17T07:33:48.216242+00:00,2026-08-17T10:33:48.216242+03:00,2237,Dragos Sosyal Tesisleri,KARTAL,40.9017,29.1458,100,37,63,AÇIK OTOPARK,1,15,24 Saat
2026-08-17T07:33:48.216242+00:00,2026-08-17T10:33:48.216242+03:00,3063,Dudullu Metro PD Zemin Altı Otoparkı,ÜMRANİYE,41.0156,29.1633,81,57,24,KAPALI OTOPARK,1,15,07:00-23:30
2026-08-17T07:33:48.216242+00:00,2026-08-17T10:33:48.216242+03:00,1522,Ebu Suut Caddesi 1,FATİH,41.0128,28.9766,35,1,34,YOL ÜSTÜ,1,0,08:00-18:00
2026-08-17T07:33:48.216242+00:00,2026-08-17T10:33:48.216242+03:00,2147,EGS Blokları Açık Otoparkı,BAKIRKÖY,40.9863,28.8354,350,0,350,AÇIK OTOPARK,1,60,09:00-19:30
2026-08-17T07:33:48.216242+00:00,2026-08-17T10:33:48.216242+03:00,2366,Esenler Adem Baştürk Kültür Merkezi Katlı,ESENLER,41.039,28.8846,460,18,442,KAPALI OTOPARK,1,15,24 Saat
2026-08-17T07:33:48.216242+00:00,2026-08-17T10:33:48.216242+03:00,3190,Esenler Havaalanı Mahallesi Zemin Altı Otoparkı,ESENLER,41.0562,28.8674,610,358,252,KAPALI OTOPARK,1,10,24 Saat
2026-08-17T07:33:48.216242+00:00,2026-08-17T10:33:48.216242+03:00,3011,Esenler Menderes Metro İstasyonu Yanı,ESENLER,41.0427,28.8783,68,8,60,AÇIK OTOPARK,1,5,24 Saat
2026-08-17T07:33:48.216242+00:00,2026-08-17T10:33:48.216242+03:00,2822,Esenler Menderes Parkı Zemin Altı Otoparkı,ESENLER,41.0412,28.8729,325,57,268,KAPALI OTOPARK,1,10,24 Saat
2026-08-17T07:33:48.216242+00:00,2026-08-17T10:33:48.216242+03:00,3303,Esenyurt Adile Naşit Bulvarı Zeminaltı Otoparkı,ESENYURT,41.0205,28.6859,367,281,86,KAPALI OTOPARK,1,15,24 Saat
2026-08-17T07:33:48.216242+00:00,2026-08-17T10:33:48.216242+03:00,1328,Eski Salı Pazarı,KADIKÖY,40.9904,29.0338,760,0,760,AÇIK OTOPARK,1,15,24 Saat
2026-08-17T07:33:48.216242+00:00,2026-08-17T10:33:48.216242+03:00,904,Eyüp Pierloti Caddesi 1,EYÜP,41.0539,28.9329,40,1,39,YOL ÜSTÜ,1,0,09:00-22:00
2026-08-17T07:33:48.216242+00:00,2026-08-17T10:33:48.216242+03:00,2850,Eyüpsultan Akşemsettin Mahallesi Zemin Altı Otoparkı,EYÜP,41.085,28.9258,110,0,110,KAPALI OTOPARK,1,15,24 Saat
2026-08-17T07:33:48.216242+00:00,2026-08-17T10:33:48.216242+03:00,2215,Fatih Çeşmesi Tabiat Parkı Otoparkı,SARIYER,41.1686,28.9448,250,243,7,AÇIK OTOPARK,1,0,06:00-20:00
2026-08-17T07:33:48.216242+00:00,2026-08-17T10:33:48.216242+03:00,1475,Fatih Katlı Otoparkı,FATİH,41.0198,28.9396,118,0,118,KAPALI OTOPARK,1,10,24 Saat
2026-08-17T07:33:48.216242+00:00,2026-08-17T10:33:48.216242+03:00,1591,Feshane PD Açık Otoparkı,EYÜP,41.0463,28.9378,200,99,101,AÇIK OTOPARK,1,15,24 Saat
2026-08-17T07:33:48.216242+00:00,2026-08-17T10:33:48.216242+03:00,1005,Florya Havuzlu Bahçe,BAKIRKÖY,40.9764,28.7908,135,1,134,AÇIK OTOPARK,1,0,09:00-23:00
2026-08-17T07:33:48.216242+00:00,2026-08-17T10:33:48.216242+03:00,2238,Florya Sosyal Tesisleri,BAKIRKÖY,40.9614,28.8091,1074,953,121,AÇIK OTOPARK,1,15,24 Saat
2026-08-17T07:33:48.216242+00:00,2026-08-17T10:33:48.216242+03:00,1704,Gazi Umur Paşa Sokak 5,BEŞİKTAŞ,41.0589,29.0114,45,1,44,YOL ÜSTÜ,1,15,08:00-17:00
2026-08-17T07:33:48.216242+00:00,2026-08-17T10:33:48.216242+03:00,3296,Gaziosmanpaşa Meydanı ve Yaşam Merkezi Zemin Altı Otoparkı,GAZİOSMANPAŞA,41.0606,28.9093,202,0,202,KAPALI OTOPARK,1,15,24 Saat
2026-08-17T07:33:48.216242+00:00,2026-08-17T10:33:48.216242+03:00,2971,Gaziosmanpaşa Zemin Altı Otoparkı,GAZİOSMANPAŞA,41.0796,28.8858,285,0,285,KAPALI OTOPARK,1,0,24 Saat
2026-08-17T07:33:48.216242+00:00,2026-08-17T10:33:48.216242+03:00,3401,Giyimkent Tekstilkent Metro Zemin Altı PD Otoparkı,ESENLER,41.0711,28.8666,203,158,45,KAPALI OTOPARK,1,10,24 Saat
2026-08-17T07:33:48.216242+00:00,2026-08-17T10:33:48.216242+03:00,2242,Gözdağı Sosyal Tesisler  Açık Otoparkı,PENDİK,40.893,29.2538,300,216,84,AÇIK OTOPARK,1,0,07:00-23:00
2026-08-17T07:33:48.216242+00:00,2026-08-17T10:33:48.216242+03:00,1879,Gülsuyu Metro PD Yer Altı Otoparkı,MALTEPE,40.9237,29.1548,76,0,76,KAPALI OTOPARK,1,15,08:00-00:00
2026-08-17T07:33:48.216242+00:00,2026-08-17T10:33:48.216242+03:00,1423,Güneş Plajı 1,BAKIRKÖY,40.9712,28.79,250,222,28,AÇIK OTOPARK,1,10,24 Saat
2026-08-17T07:33:48.216242+00:00,2026-08-17T10:33:48.216242+03:00,1461,Güneş Plajı 2,BAKIRKÖY,40.9692,28.7951,135,130,5,AÇIK OTOPARK,1,10,08:00-20:00
2026-08-17T07:33:48.216242+00:00,2026-08-17T10:33:48.216242+03:00,3053,Güngören Nikah Dairesi Zemin Altı otoparkı,GÜNGÖREN,41.0363,28.8718,147,0,147,KAPALI OTOPARK,1,10,24 Saat
2026-08-17T07:33:48.216242+00:00,2026-08-17T10:33:48.216242+03:00,2216,Gürpınar Balık Hali Otoparkı,BEYLİKDÜZÜ,40.9663,28.6019,1000,729,271,AÇIK OTOPARK,1,15,24 Saat
2026-08-17T07:33:48.216242+00:00,2026-08-17T10:33:48.216242+03:00,1525,Hacıosman Metro Yer Altı Otoparkı,SARIYER,41.14,29.0306,422,127,295,KAPALI OTOPARK,1,15,24 Saat
2026-08-17T07:33:48.216242+00:00,2026-08-17T10:33:48.216242+03:00,1470,Haldun Alagaş Katlı Otoparkı,ÜMRANİYE,41.0262,29.1052,197,32,165,KAPALI OTOPARK,1,15,24 Saat
2026-08-17T07:33:48.216242+00:00,2026-08-17T10:33:48.216242+03:00,3235,Haliç Sosyal Tesisleri Otoparkı,FATİH,41.0277,28.9572,60,28,32,AÇIK OTOPARK,1,15,07:00-00:00
2026-08-17T07:33:48.216242+00:00,2026-08-17T10:33:48.216242+03:00,2848,Halkalı Mahallesi Zemin Altı Otoparkı,KÜÇÜKÇEKMECE,41.0359,28.7848,347,166,181,KAPALI OTOPARK,1,15,24 Saat
2026-08-17T07:33:48.216242+00:00,2026-08-17T10:33:48.216242+03:00,2838,Hamidiye Mahallesi Katlı Otoparkı,KAĞITHANE,41.0949,28.971,450,201,249,KAPALI OTOPARK,1,15,24 Saat
2026-08-17T07:33:48.216242+00:00,2026-08-17T10:33:48.216242+03:00,1446,Harbiye Zemin Altı Otoparkı,BEYOĞLU,41.0408,28.9869,142,4,138,KAPALI OTOPARK,1,5,24 Saat
2026-08-17T07:33:48.216242+00:00,2026-08-17T10:33:48.216242+03:00,2332,Haydarpaşa Katlı Otoparkı,ÜSKÜDAR,41.0048,29.0251,840,310,530,KAPALI OTOPARK,1,15,24 Saat
2026-08-17T07:33:48.216242+00:00,2026-08-17T10:33:48.216242+03:00,1987,Haznedar Yer Altı Otoparkı,GÜNGÖREN,41.0083,28.8729,540,0,540,KAPALI OTOPARK,1,0,24 Saat
2026-08-17T07:33:48.216242+00:00,2026-08-17T10:33:48.216242+03:00,377,Hızır Külhani Sokak,FATİH,41.0202,28.9605,32,1,31,YOL ÜSTÜ,1,15,09:00-17:00
2026-08-17T07:33:48.216242+00:00,2026-08-17T10:33:48.216242+03:00,3173,Hürriyet Mahallesi Zeminaltı Otoparkı,GAZİOSMANPAŞA,41.0708,28.8951,190,0,190,KAPALI OTOPARK,1,15,24 Saat
2026-08-17T07:33:48.216242+00:00,2026-08-17T10:33:48.216242+03:00,157,Ihlamur Dere Caddesi 4,BEŞİKTAŞ,41.047,29.0023,27,1,26,YOL ÜSTÜ,1,15,09:00-17:00
2026-08-17T07:33:48.216242+00:00,2026-08-17T10:33:48.216242+03:00,1189,İçerenköy Sebze Meyve Hali Otoparkı,ATAŞEHİR,40.9766,29.1044,600,600,0,AÇIK OTOPARK,1,15,24 Saat
2026-08-17T07:33:48.216242+00:00,2026-08-17T10:33:48.216242+03:00,1127,İshakpaşa Caddesi,FATİH,41.0079,28.9814,200,1,199,YOL ÜSTÜ,1,0,08:00-18:00
2026-08-17T07:33:48.216242+00:00,2026-08-17T10:33:48.216242+03:00,3265,İspark İstanbul West Marina Açık Otoparkı 1,BEYLİKDÜZÜ,40.9636,28.6564,250,1,249,AÇIK OTOPARK,1,15,24 Saat
2026-08-17T07:33:48.216242+00:00,2026-08-17T10:33:48.216242+03:00,2793,İspark Merter Katlı Otoparkı,GÜNGÖREN,41.0097,28.89,900,350,550,KAPALI OTOPARK,1,10,24 Saat
2026-08-17T07:33:48.216242+00:00,2026-08-17T10:33:48.216242+03:00,2430,İspark West İstanbul Marina Açık Otoparkı,BEYLİKDÜZÜ,40.9639,28.6591,1600,1064,536,AÇIK OTOPARK,1,15,24 Saat
2026-08-17T07:33:48.216242+00:00,2026-08-17T10:33:48.216242+03:00,381,İstinye 4 ( Cami Önü ),SARIYER,41.1149,29.0571,25,1,24,YOL ÜSTÜ,1,15,08:30-17:30
2026-08-17T07:33:48.216242+00:00,2026-08-17T10:33:48.216242+03:00,1804,İtalyan Hastanesi Karşısı Açık Otoparkı 1,BEYOĞLU,41.028,28.9815,30,1,29,AÇIK OTOPARK,1,0,08:00-19:00
2026-08-17T07:33:48.216242+00:00,2026-08-17T10:33:48.216242+03:00,507,Kabasakal Medrese Önü,FATİH,41.0062,28.9789,65,1,64,AÇIK OTOPARK,1,0,08:00-18:30
2026-08-17T07:33:48.216242+00:00,2026-08-17T10:33:48.216242+03:00,3306,Kabataş Transfer Merkezi Turizm Otobüs Otoparkı,BEYOĞLU,41.0336,28.9923,160,44,116,KAPALI OTOPARK,1,20,24 Saat
2026-08-17T07:33:48.216242+00:00,2026-08-17T10:33:48.216242+03:00,2918,Kadıköy Hasanpaşa Gazhane Katlı Otoparkı,KADIKÖY,40.9972,29.0428,310,200,110,KAPALI OTOPARK,1,15,24 Saat
2026-08-17T07:33:48.216242+00:00,2026-08-17T10:33:48.216242+03:00,1447,Kadıköy İski Açık Otoparkı,KADIKÖY,40.9874,29.0207,124,29,95,AÇIK OTOPARK,1,15,24 Saat
2026-08-17T07:33:48.216242+00:00,2026-08-17T10:33:48.216242+03:00,1655,Kadıköy Metro Açık Otoparkı,KADIKÖY,40.9899,29.0217,74,0,74,AÇIK OTOPARK,1,15,24 Saat
2026-08-17T07:33:48.216242+00:00,2026-08-17T10:33:48.216242+03:00,3445,Kadıköy Uzunçayır PD Açık Otoparkı,KADIKÖY,40.9982,29.0569,70,40,30,AÇIK OTOPARK,1,15,06:30-16:30
2026-08-17T07:33:48.216242+00:00,2026-08-17T10:33:48.216242+03:00,2808,Kadıköy Yeni Salı Pazarı PD Katlı Otoparkı,KADIKÖY,40.9969,29.0486,1350,657,693,KAPALI OTOPARK,1,15,24 Saat
2026-08-17T07:33:48.216242+00:00,2026-08-17T10:33:48.216242+03:00,2811,Kağıthane Harmantepe Zemin Altı Otoparkı,KAĞITHANE,41.0816,28.9907,200,0,200,KAPALI OTOPARK,1,0,24 Saat
2026-08-17T07:33:48.216242+00:00,2026-08-17T10:33:48.216242+03:00,1452,Kalamış Açık Otoparkı,KADIKÖY,40.9687,29.0363,173,148,25,AÇIK OTOPARK,1,15,24 Saat
2026-08-17T07:33:48.216242+00:00,2026-08-17T10:33:48.216242+03:00,1474,Kartal Hasan Doğan Spor Kompleksi,KARTAL,40.8918,29.1897,773,0,773,KAPALI OTOPARK,1,15,24 Saat
2026-08-17T07:33:48.216242+00:00,2026-08-17T10:33:48.216242+03:00,1105,Kartal İdo Açık Otoparkı,KARTAL,40.8874,29.1881,90,0,90,AÇIK OTOPARK,1,15,24 Saat
2026-08-17T07:33:48.216242+00:00,2026-08-17T10:33:48.216242+03:00,1550,Kartal Sahil Açık Otoparkı,KARTAL,40.8875,29.1901,75,26,49,AÇIK OTOPARK,1,5,24 Saat
2026-08-17T07:33:48.216242+00:00,2026-08-17T10:33:48.216242+03:00,3434,Kasımpaşa Sosyal Tesisler Otoparkı,BEYOĞLU,41.0296,28.9673,60,38,22,AÇIK OTOPARK,1,0,07:30-23:00
2026-08-17T07:33:48.216242+00:00,2026-08-17T10:33:48.216242+03:00,1960,Kazlıçeşme Marmaray Açık Otoparkı,ZEYTİNBURNU,40.9922,28.917,700,583,117,AÇIK OTOPARK,1,15,24 Saat
2026-08-17T07:33:48.216242+00:00,2026-08-17T10:33:48.216242+03:00,2994,Kirazlı Metro Durağı PD Açık Otoparkı,BAĞCILAR,41.033,28.8429,112,0,112,AÇIK OTOPARK,1,5,24 Saat
2026-08-17T07:33:48.216242+00:00,2026-08-17T10:33:48.216242+03:00,1528,Kore Şehitleri Caddesi - Yüzbaşı Kaya Aldağon Sokak 1,ŞİŞLİ,41.0719,29.0139,40,1,39,YOL ÜSTÜ,1,15,07:00-16:00
2026-08-17T07:33:48.216242+00:00,2026-08-17T10:33:48.216242+03:00,2449,Kozyatağı Sebze-Meyve Hali,ATAŞEHİR,40.9787,29.1029,1500,1499,1,AÇIK OTOPARK,1,0,24 Saat
2026-08-17T07:33:48.216242+00:00,2026-08-17T10:33:48.216242+03:00,1206,Kutlugün Sokak 2,FATİH,41.0061,28.9801,200,1,199,YOL ÜSTÜ,1,0,08:00-18:00
2026-08-17T07:33:48.216242+00:00,2026-08-17T10:33:48.216242+03:00,3074,Küçük Çamlıca,ÜSKÜDAR,41.0204,29.0653,129,106,23,AÇIK OTOPARK,1,0,08:00-22:00
2026-08-17T07:33:48.216242+00:00,2026-08-17T10:33:48.216242+03:00,3127,Küçükçekmece Cennet Mahallesi Meydan Zemin Altı Otoparkı,KÜÇÜKÇEKMECE,40.9907,28.783,456,0,456,KAPALI OTOPARK,1,10,24 Saat
2026-08-17T07:33:48.216242+00:00,2026-08-17T10:33:48.216242+03:00,2554,Küçükçekmece Fevzi Çakmak Meydanı Zemin Altı Otoparkı,KÜÇÜKÇEKMECE,41.0076,28.7927,1000,525,475,KAPALI OTOPARK,1,10,24 Saat
2026-08-17T07:33:48.216242+00:00,2026-08-17T10:33:48.216242+03:00,2882,Küçüksu Kasrı Açık Otoparkı,BEYKOZ,41.0789,29.0657,98,92,6,AÇIK OTOPARK,1,0,07:00-23:00
2026-08-17T07:33:48.216242+00:00,2026-08-17T10:33:48.216242+03:00,220,Levent Hamidiye,BEŞİKTAŞ,41.0861,29.0076,100,1,99,AÇIK OTOPARK,1,0,08:00-19:00
2026-08-17T07:33:48.216242+00:00,2026-08-17T10:33:48.216242+03:00,1138,Levent Metro Yer Altı Otoparkı,BEŞİKTAŞ,41.0811,29.0105,100,1,99,AÇIK OTOPARK,1,5,07:30-19:30
2026-08-17T07:33:48.216242+00:00,2026-08-17T10:33:48.216242+03:00,2335,Maçka Açık Otoparkı,ŞİŞLİ,41.046,28.9908,75,73,2,AÇIK OTOPARK,1,0,24 Saat
2026-08-17T07:33:48.216242+00:00,2026-08-17T10:33:48.216242+03:00,1859,Maçka Katlı Otoparkı,ŞİŞLİ,41.0484,28.9903,508,192,316,KAPALI OTOPARK,1,0,24 Saat
2026-08-17T07:33:48.216242+00:00,2026-08-17T10:33:48.216242+03:00,3193,Maltepe Rıhtım Caddesi Açık Otoparkı,MALTEPE,40.9258,29.1241,76,62,14,AÇIK OTOPARK,1,0,24 Saat
2026-08-17T07:33:48.216242+00:00,2026-08-17T10:33:48.216242+03:00,2146,Maltepe Süreyyapaşa Çarşısı Açık Otoparkı,MALTEPE,40.9274,29.1225,156,125,31,AÇIK OTOPARK,1,0,24 Saat
2026-08-17T07:33:48.216242+00:00,2026-08-17T10:33:48.216242+03:00,1599,Maslak Açık Otoparkı,SARIYER,41.1166,29.024,150,55,95,AÇIK OTOPARK,1,10,24 Saat
2026-08-17T07:33:48.216242+00:00,2026-08-17T10:33:48.216242+03:00,2100,Matbaacılar Sitesi Yanı,ZEYTİNBURNU,41.0234,28.9187,250,133,117,AÇIK OTOPARK,1,5,24 Saat
2026-08-17T07:33:48.216242+00:00,2026-08-17T10:33:48.216242+03:00,920,Meclis-i Mebusan Yokuşu 2,BEYOĞLU,41.0326,28.9882,34,1,33,YOL ÜSTÜ,1,15,09:00-17:00
2026-08-17T07:33:48.216242+00:00,2026-08-17T10:33:48.216242+03:00,1546,Menekşe Plajı Açık Otoparkı,BAKIRKÖY,40.9761,28.7766,200,200,0,AÇIK OTOPARK,1,0,24 Saat
2026-08-17T07:33:48.216242+00:00,2026-08-17T10:33:48.216242+03:00,1376,Mercan Açık,FATİH,41.0136,28.9669,130,49,81,AÇIK OTOPARK,1,0,08:00-23:00
2026-08-17T07:33:48.216242+00:00,2026-08-17T10:33:48.216242+03:00,3309,Mercan Ali Paşa Sarayı Zemin Altı Otoparkı,FATİH,41.0136,28.967,196,1,195,KAPALI OTOPARK,1,0,07:00-21:00
2026-08-17T07:33:48.216242+00:00,2026-08-17T10:33:48.216242+03:00,1472,Merter Katlı Otoparkı,GÜNGÖREN,41.0092,28.8874,1000,873,127,KAPALI OTOPARK,1,10,24 Saat
2026-08-17T07:33:48.216242+00:00,2026-08-17T10:33:48.216242+03:00,2375,Merter Metro PD Zeminaltı Otoparkı,GÜNGÖREN,41.0037,28.8897,242,80,162,KAPALI OTOPARK,1,10,24 Saat
2026-08-17T07:33:48.216242+00:00,2026-08-17T10:33:48.216242+03:00,1568,Mete Caddesi 1,BEYOĞLU,41.0382,28.9879,31,1,30,YOL ÜSTÜ,1,15,08:00-23:00
2026-08-17T07:33:48.216242+00:00,2026-08-17T10:33:48.216242+03:00,1471,Mevlana Yeraltı Katlı Otoparkı,ZEYTİNBURNU,41.0072,28.9049,1000,853,147,KAPALI OTOPARK,1,5,24 Saat
2026-08-17T07:33:48.216242+00:00,2026-08-17T10:33:48.216242+03:00,2709,Millet Caddesi Açık Otoparkı,FATİH,41.01,28.9461,60,1,59,AÇIK OTOPARK,1,15,24 Saat
2026-08-17T07:33:48.216242+00:00,2026-08-17T10:33:48.216242+03:00,3152,Mimar Sinan Zemin Altı Otoparkı,ÜSKÜDAR,41.0222,29.0169,956,0,956,KAPALI OTOPARK,1,15,24 Saat
2026-08-17T07:33:48.216242+00:00,2026-08-17T10:33:48.216242+03:00,2870,Miniatürk Çadır Açık Otoparkı,BEYOĞLU,41.0594,28.9501,250,210,40,AÇIK OTOPARK,1,15,07:00-20:00
2026-08-17T07:33:48.216242+00:00,2026-08-17T10:33:48.216242+03:00,2556,Muallim Naci Açık Otoparkı,BEŞİKTAŞ,41.0561,29.0342,35,31,4,AÇIK OTOPARK,1,15,24 Saat
2026-08-17T07:33:48.216242+00:00,2026-08-17T10:33:48.216242+03:00,569,Oda Kule Önü 1,BEYOĞLU,41.0322,28.9751,24,1,23,YOL ÜSTÜ,1,0,07:00-01:00
2026-08-17T07:33:48.216242+00:00,2026-08-17T10:33:48.216242+03:00,1988,Orhangazi Şehir Parkı PD Açık Otoparkı,MALTEPE,40.9313,29.1161,5022,4595,427,AÇIK OTOPARK,1,15,24 Saat
2026-08-17T07:33:48.216242+00:00,2026-08-17T10:33:48.216242+03:00,152,Ortabahçe Caddesi 2,BEŞİKTAŞ,41.0428,29.0043,35,1,34,YOL ÜSTÜ,1,15,08:00-23:00
2026-08-17T07:33:48.216242+00:00,2026-08-17T10:33:48.216242+03:00,153,Ortabahçe Caddesi 3,BEŞİKTAŞ,41.043,29.0042,26,1,25,YOL ÜSTÜ,1,15,08:00-23:00
2026-08-17T07:33:48.216242+00:00,2026-08-17T10:33:48.216242+03:00,119,Ortaklar Caddesi 1,ŞİŞLİ,41.0638,28.9971,25,1,24,YOL ÜSTÜ,1,15,08:30-17:00
2026-08-17T07:33:48.216242+00:00,2026-08-17T10:33:48.216242+03:00,1343,Ortaköy Açık Otoparkı,BEŞİKTAŞ,41.0504,29.0326,170,148,22,AÇIK OTOPARK,1,0,24 Saat
2026-08-17T07:33:48.216242+00:00,2026-08-17T10:33:48.216242+03:00,572,Ortaköy Portakal Yokuşu 1,BEŞİKTAŞ,41.0503,29.0261,15,1,14,YOL ÜSTÜ,1,15,09:00-19:00
2026-08-17T07:33:48.216242+00:00,2026-08-17T10:33:48.216242+03:00,1039,Öğretmen Evi,AVCILAR,40.9723,28.714,80,41,39,AÇIK OTOPARK,0,0,11:00-23:00
2026-08-17T07:33:48.216242+00:00,2026-08-17T10:33:48.216242+03:00,1466,Pendik Katlı Otoparkı,PENDİK,40.8789,29.2342,120,0,120,KAPALI OTOPARK,1,15,24 Saat
2026-08-17T07:33:48.216242+00:00,2026-08-17T10:33:48.216242+03:00,3073,Pendik Kemal Kalkuz Parkı Zemin Altı Otoparkı,PENDİK,40.8885,29.2427,224,0,224,KAPALI OTOPARK,1,0,09:00-18:00
2026-08-17T07:33:48.216242+00:00,2026-08-17T10:33:48.216242+03:00,3019,Pendik Meydan Zemin Altı Otoparkı,PENDİK,40.8752,29.2324,937,0,937,KAPALI OTOPARK,1,0,24 Saat
2026-08-17T07:33:48.216242+00:00,2026-08-17T10:33:48.216242+03:00,2865,Pendik Sahil Engelliler Merkez Önü,PENDİK,40.8735,29.233,100,66,34,AÇIK OTOPARK,0,0,11:00-20:00
2026-08-17T07:33:48.216242+00:00,2026-08-17T10:33:48.216242+03:00,2434,Pendik Sahil İdo,PENDİK,40.8755,29.2369,100,0,100,AÇIK OTOPARK,1,0,07:00-23:00
2026-08-17T07:33:48.216242+00:00,2026-08-17T10:33:48.216242+03:00,248,Pendik Yenimahalle Açık 2 Otoparkı,PENDİK,40.864,29.2723,124,82,42,AÇIK OTOPARK,1,15,10:00-22:00
2026-08-17T07:33:48.216242+00:00,2026-08-17T10:33:48.216242+03:00,297,Perşembe Pazarı 1,BEYOĞLU,41.0252,28.9693,32,1,31,YOL ÜSTÜ,1,15,08:00-17:00
2026-08-17T07:33:48.216242+00:00,2026-08-17T10:33:48.216242+03:00,597,Pierre Loti Caddesi 3,FATİH,41.0069,28.9711,36,1,35,YOL ÜSTÜ,1,0,07:00-17:00
2026-08-17T07:33:48.216242+00:00,2026-08-17T10:33:48.216242+03:00,3263,Piyalepaşa Meydanı Zemin Altı Otoparkı,BEYOĞLU,41.0445,28.9674,560,265,295,KAPALI OTOPARK,1,0,24 Saat
2026-08-17T07:33:48.216242+00:00,2026-08-17T10:33:48.216242+03:00,1900,Ragıp Gümüşpala Cad.(Sobacılar Önü),FATİH,41.0181,28.969,40,1,39,YOL ÜSTÜ,1,15,07:00-18:00
2026-08-17T07:33:48.216242+00:00,2026-08-17T10:33:48.216242+03:00,415,Ragıp Gümüşpala Camii Önü 1,FATİH,41.0211,28.9627,35,1,34,YOL ÜSTÜ,1,0,07:00-17:30
2026-08-17T07:33:48.216242+00:00,2026-08-17T10:33:48.216242+03:00,3268,Refik Saydam Caddesi 3,BEYOĞLU,41.032,28.9736,55,1,54,YOL ÜSTÜ,1,0,06:00-23:00
2026-08-17T07:33:48.216242+00:00,2026-08-17T10:33:48.216242+03:00,2307,Ressam Halim Sokak PD Açık Otoparkı,BAHÇELİEVLER,40.9967,28.8641,120,65,55,AÇIK OTOPARK,1,15,08:00-00:00
2026-08-17T07:33:48.216242+00:00,2026-08-17T10:33:48.216242+03:00,3082,Rumeli Hisarı Sahil Yolu Otoparkı,SARIYER,41.0854,29.0568,20,9,11,AÇIK OTOPARK,1,0,24 Saat
2026-08-17T07:33:48.216242+00:00,2026-08-17T10:33:48.216242+03:00,1595,Sabiha Gökçen Açık Otoparkı,PENDİK,40.925,29.308,1056,203,853,AÇIK OTOPARK,1,15,24 Saat
2026-08-17T07:33:48.216242+00:00,2026-08-17T10:33:48.216242+03:00,3239,Samatya Sahil Cep Otoparkı,FATİH,40.9954,28.932,113,109,4,AÇIK OTOPARK,1,15,24 Saat
2026-08-17T07:33:48.216242+00:00,2026-08-17T10:33:48.216242+03:00,3273,Sarıyer Büyükdere Fidanlığı,SARIYER,41.1548,29.0268,160,155,5,AÇIK OTOPARK,1,0,08:00-18:00
2026-08-17T07:33:48.216242+00:00,2026-08-17T10:33:48.216242+03:00,3299,Sariyer Ayazağa Mah Vadi İstanbul Önü Açık Otoparkı,SARIYER,41.1106,28.9881,100,96,4,AÇIK OTOPARK,1,0,08:00-20:00
2026-08-17T07:33:48.216242+00:00,2026-08-17T10:33:48.216242+03:00,1303,Seyrantepe Katlı (Arena Karşısı) 1,KAĞITHANE,41.101,28.9961,1897,1891,6,KAPALI OTOPARK,1,0,24 Saat
2026-08-17T07:33:48.216242+00:00,2026-08-17T10:33:48.216242+03:00,1628,Sıracevizler Caddesi Yol Üstü 5,ŞİŞLİ,41.0607,28.9841,45,1,44,YOL ÜSTÜ,1,15,09:00-17:00
2026-08-17T07:33:48.216242+00:00,2026-08-17T10:33:48.216242+03:00,464,Sirkeci Gar Önü,FATİH,41.015,28.9761,60,1,59,AÇIK OTOPARK,1,5,07:00-20:00
2026-08-17T07:33:48.216242+00:00,2026-08-17T10:33:48.216242+03:00,1486,Siyavuşpaşa Yer Altı Otoparkı,BAHÇELİEVLER,40.9965,28.8532,155,0,155,KAPALI OTOPARK,1,0,24 Saat
2026-08-17T07:33:48.216242+00:00,2026-08-17T10:33:48.216242+03:00,1958,Soğanlık Metro PD Açık Otoparkı,KARTAL,40.9131,29.1925,898,828,70,AÇIK OTOPARK,1,15,24 Saat
2026-08-17T07:33:48.216242+00:00,2026-08-17T10:33:48.216242+03:00,589,Su Terazisi Sokak,FATİH,41.0046,28.9727,22,1,21,YOL ÜSTÜ,1,0,07:30-17:00
2026-08-17T07:33:48.216242+00:00,2026-08-17T10:33:48.216242+03:00,1478,Suadiye Cep Açık Otoparkı,KADIKÖY,40.9586,29.0732,130,120,10,AÇIK OTOPARK,1,15,24 Saat
2026-08-17T07:33:48.216242+00:00,2026-08-17T10:33:48.216242+03:00,2948,Suadiye Sahil Açık Otoparkı,KADIKÖY,40.9562,29.0797,70,52,18,AÇIK OTOPARK,1,5,24 Saat
2026-08-17T07:33:48.216242+00:00,2026-08-17T10:33:48.216242+03:00,2799,Sultanbeyli Emir Caddesi Zemin Altı Otoparkı,SULTANBEYLİ,40.9707,29.2606,130,68,62,KAPALI OTOPARK,1,15,08:00-22:00
2026-08-17T07:33:48.216242+00:00,2026-08-17T10:33:48.216242+03:00,2372,Sultanbeyli Kent Meydanı Zemin Altı Otoparkı,SULTANBEYLİ,40.9667,29.2667,300,158,142,KAPALI OTOPARK,1,15,24 Saat
2026-08-17T07:33:48.216242+00:00,2026-08-17T10:33:48.216242+03:00,2410,Sultangazi Zemin Altı Otoparkı,SULTANGAZİ,41.0944,28.8649,104,0,104,KAPALI OTOPARK,1,10,24 Saat
2026-08-17T07:33:48.216242+00:00,2026-08-17T10:33:48.216242+03:00,2085,Süleyman Seba Caddesi 2,BEŞİKTAŞ,41.0426,28.9998,40,1,39,YOL ÜSTÜ,1,15,08:00-18:00
2026-08-17T07:33:48.216242+00:00,2026-08-17T10:33:48.216242+03:00,2088,Süleyman Seba Caddesi 5,BEŞİKTAŞ,41.0432,28.9978,40,1,39,YOL ÜSTÜ,1,15,08:00-18:00
2026-08-17T07:33:48.216242+00:00,2026-08-17T10:33:48.216242+03:00,2089,Süleyman Seba Caddesi 6,BEŞİKTAŞ,41.0435,28.9967,11,1,10,YOL ÜSTÜ,1,15,08:00-18:00
2026-08-17T07:33:48.216242+00:00,2026-08-17T10:33:48.216242+03:00,2391,Süleymaniye Cami Altı Açık Otoparkı,FATİH,41.0158,28.961,250,235,15,AÇIK OTOPARK,1,0,06:30-18:30
2026-08-17T07:33:48.216242+00:00,2026-08-17T10:33:48.216242+03:00,1730,Sütlüce Miniatürk Yanı,BEYOĞLU,41.057,28.95,320,203,117,AÇIK OTOPARK,1,15,24 Saat
2026-08-17T07:33:48.216242+00:00,2026-08-17T10:33:48.216242+03:00,36,Şakayık Sokak 4,ŞİŞLİ,41.0518,28.9936,50,1,49,YOL ÜSTÜ,1,15,08:00-16:00
2026-08-17T07:33:48.216242+00:00,2026-08-17T10:33:48.216242+03:00,1469,Şehit Volkan Duysak Katlı Otoparkı,ZEYTİNBURNU,40.9968,28.9039,1000,1000,0,KAPALI OTOPARK,1,5,24 Saat
2026-08-17T07:33:48.216242+00:00,2026-08-17T10:33:48.216242+03:00,2855,Şemsipaşa Açık Otoparkı,ÜSKÜDAR,41.0255,29.0097,80,79,1,AÇIK OTOPARK,1,0,24 Saat
2026-08-17T07:33:48.216242+00:00,2026-08-17T10:33:48.216242+03:00,2439,Şirinevler Meydan Zeminaltı Otoparkı,BAHÇELİEVLER,40.9925,28.8496,367,49,318,KAPALI OTOPARK,1,0,24 Saat
2026-08-17T07:33:48.216242+00:00,2026-08-17T10:33:48.216242+03:00,3400,Şişhane Refik Saydam Caddesi 2 Yol Üstü Otoparkı 1,BEYOĞLU,41.0326,28.9743,70,1,69,YOL ÜSTÜ,1,15,06:00-23:00
2026-08-17T07:33:48.216242+00:00,2026-08-17T10:33:48.216242+03:00,3441,Şişli Kuştepe Zemin Altı Otoparkı,ŞİŞLİ,41.072,28.9919,430,280,150,KAPALI OTOPARK,1,15,24 Saat
2026-08-17T07:33:48.216242+00:00,2026-08-17T10:33:48.216242+03:00,2816,Şişli Rumeli Caddesi Metro Yanı 1,ŞİŞLİ,41.0538,28.9868,45,1,44,YOL ÜSTÜ,1,15,08:00-20:00
2026-08-17T07:33:48.216242+00:00,2026-08-17T10:33:48.216242+03:00,2406,Şişli Zemin Altı Otoparkı,ŞİŞLİ,41.0641,28.9992,581,102,479,KAPALI OTOPARK,1,15,24 Saat
2026-08-17T07:33:48.216242+00:00,2026-08-17T10:33:48.216242+03:00,1993,Tuzla İdo,TUZLA,40.8149,29.3039,300,290,10,AÇIK OTOPARK,1,15,24 Saat
2026-08-17T07:33:48.216242+00:00,2026-08-17T10:33:48.216242+03:00,3332,Tuzla Sahil Cep,TUZLA,40.8168,29.2992,50,39,11,AÇIK OTOPARK,1,0,08:00-00:00
2026-08-17T07:33:48.216242+00:00,2026-08-17T10:33:48.216242+03:00,3057,Tuzla Sahil Zemin Altı Otoparkı,TUZLA,40.8181,29.3004,779,1,778,KAPALI OTOPARK,1,15,24 Saat
2026-08-17T07:33:48.216242+00:00,2026-08-17T10:33:48.216242+03:00,1811,Ulu Camii Açık Otoparkı,BAHÇELİEVLER,40.9982,28.8499,150,125,25,AÇIK OTOPARK,1,10,24 Saat
2026-08-17T07:33:48.216242+00:00,2026-08-17T10:33:48.216242+03:00,2424,Uzunçayır Açık Otoparkı,KADIKÖY,40.9988,29.0556,58,51,7,AÇIK OTOPARK,1,0,06:00-16:00
2026-08-17T07:33:48.216242+00:00,2026-08-17T10:33:48.216242+03:00,1468,Ümraniye Katlı Otoparkı,ÜMRANİYE,41.0261,29.0953,665,527,138,KAPALI OTOPARK,1,15,24 Saat
2026-08-17T07:33:48.216242+00:00,2026-08-17T10:33:48.216242+03:00,2898,Ümraniye Okan Sokak Zeminaltı Otoparkı,ÜMRANİYE,41.0284,29.0907,125,32,93,KAPALI OTOPARK,1,15,24 Saat
2026-08-17T07:33:48.216242+00:00,2026-08-17T10:33:48.216242+03:00,2345,Üsküdar Uzunçayır PD Açık Otoparkı,ÜSKÜDAR,40.9988,29.0577,90,83,7,AÇIK OTOPARK,1,15,06:00-22:00
2026-08-17T07:33:48.216242+00:00,2026-08-17T10:33:48.216242+03:00,1929,Üsküdar Ünalan Açık Otoparkı,ÜSKÜDAR,40.9979,29.0604,180,175,5,AÇIK OTOPARK,1,0,07:00-17:00
2026-08-17T07:33:48.216242+00:00,2026-08-17T10:33:48.216242+03:00,1487,Vatan Caddesi PD Açık Otoparkı,FATİH,41.0157,28.9405,397,100,297,AÇIK OTOPARK,1,5,24 Saat
2026-08-17T07:33:48.216242+00:00,2026-08-17T10:33:48.216242+03:00,2441,Yalı Açık Otoparkı,MALTEPE,40.9095,29.137,85,82,3,AÇIK OTOPARK,1,0,07:30-22:00
2026-08-17T07:33:48.216242+00:00,2026-08-17T10:33:48.216242+03:00,459,Yalı Köşkü Caddesi 1,FATİH,41.0163,28.9759,61,1,60,YOL ÜSTÜ,1,5,07:00-21:00
2026-08-17T07:33:48.216242+00:00,2026-08-17T10:33:48.216242+03:00,2037,Yenikapı Marmaray Büyük Otoparkı,FATİH,41.0057,28.9505,324,156,168,AÇIK OTOPARK,1,15,24 Saat
2026-08-17T07:33:48.216242+00:00,2026-08-17T10:33:48.216242+03:00,2036,Yenikapı Marmaray Küçük Otoparkı,FATİH,41.0064,28.9504,200,169,31,AÇIK OTOPARK,1,15,07:00-22:00
2026-08-17T07:33:48.216242+00:00,2026-08-17T10:33:48.216242+03:00,2175,Yenikapı Spor ve Kültür Merkezi PD Açık Otoparkı,FATİH,41.0006,28.9519,4023,3935,88,AÇIK OTOPARK,1,15,24 Saat
2026-08-17T07:33:48.216242+00:00,2026-08-17T10:33:48.216242+03:00,2805,Yenikapı Tünel Üstü Açık Otoparkı,FATİH,41.0029,28.9534,700,479,221,AÇIK OTOPARK,1,10,24 Saat
2026-08-17T07:33:48.216242+00:00,2026-08-17T10:33:48.216242+03:00,3404,Yenimahalle Metro Zemin Altı PD Otoparkı,GAZİOSMANPAŞA,41.0839,28.8926,114,93,21,KAPALI OTOPARK,1,15,24 Saat
2026-08-17T07:33:48.216242+00:00,2026-08-17T10:33:48.216242+03:00,2920,Yeşilce Zemin Altı Katlı Otoparkı,KAĞITHANE,41.0938,29.0017,676,0,676,KAPALI OTOPARK,1,0,24 Saat
2026-08-17T07:33:48.216242+00:00,2026-08-17T10:33:48.216242+03:00,987,Yeşilköy İstasyon Caddesi 1,BAKIRKÖY,40.962,28.825,40,1,39,YOL ÜSTÜ,1,15,09:00-17:30
2026-08-17T07:33:48.216242+00:00,2026-08-17T10:33:48.216242+03:00,974,Yeşilköy Marina 1,BAKIRKÖY,40.9576,28.8233,145,1,144,YOL ÜSTÜ,0,0,12:00-23:00
2026-08-17T07:33:48.216242+00:00,2026-08-17T10:33:48.216242+03:00,3406,Yeşilpınar Metro Zemin Altı PD Otoparkı,EYÜP,41.081,28.9204,269,199,70,KAPALI OTOPARK,1,15,24 Saat
2026-08-17T07:33:48.216242+00:00,2026-08-17T10:33:48.216242+03:00,315,Yeşilyurt Çarşı 1,BAKIRKÖY,40.9643,28.8379,50,1,49,YOL ÜSTÜ,1,15,09:00-17:30
2026-08-17T07:33:48.216242+00:00,2026-08-17T10:33:48.216242+03:00,1133,Yıldız Korusu,BEŞİKTAŞ,41.0514,29.0165,500,1,499,AÇIK OTOPARK,1,0,08:00-22:00
2026-08-17T07:33:48.216242+00:00,2026-08-17T10:33:48.216242+03:00,882,Zeytinburnu 58. Bulvar 2,ZEYTİNBURNU,40.9932,28.9039,48,1,47,YOL ÜSTÜ,1,15,09:00-18:00
2026-08-17T07:33:48.216242+00:00,2026-08-17T10:33:48.216242+03:00,3185,Zeytinburnu Sahil Cep Otoparkı,ZEYTİNBURNU,40.9798,28.8985,160,1,159,AÇIK OTOPARK,0,0,12:00-22:00
2026-08-17T08:23:20.568848+00:00,2026-08-17T11:23:20.568848+03:00,3068,15 Temmuz Şehitler Meydanı Zeminaltı Otoparkı,ÜMRANİYE,41.0246,29.0915,1029,538,491,KAPALI OTOPARK,1,15,24 Saat
2026-08-17T08:23:20.568848+00:00,2026-08-17T11:23:20.568848+03:00,2338,19 Mayıs Açık,ŞİŞLİ,41.0563,28.9941,65,0,65,AÇIK OTOPARK,1,0,24 Saat
2026-08-17T08:23:20.568848+00:00,2026-08-17T11:23:20.568848+03:00,1751,4.Levent PD Açık Otoparkı,KAĞITHANE,41.0836,29.0081,236,86,150,AÇIK OTOPARK,1,5,24 Saat
2026-08-17T08:23:20.568848+00:00,2026-08-17T11:23:20.568848+03:00,3328,4.Levent Servis ve Turizm Araçları Açık Otoparkı,ŞİŞLİ,41.0841,29.0054,300,148,152,AÇIK OTOPARK,1,15,24 Saat
2026-08-17T08:23:20.568848+00:00,2026-08-17T11:23:20.568848+03:00,3412,5. Levent Gaziosmanpaşa Adliyesi Yanı Açık Otoparkı,EYÜP,41.0927,28.9494,250,174,76,AÇIK OTOPARK,1,15,07:00-23:00
2026-08-17T08:23:20.568848+00:00,2026-08-17T11:23:20.568848+03:00,104,Abide-i Hürriyet Caddesi 5,ŞİŞLİ,41.0619,28.9876,40,1,39,YOL ÜSTÜ,1,15,08:00-17:00
2026-08-17T08:23:20.568848+00:00,2026-08-17T11:23:20.568848+03:00,2452,Acıbadem Açık Otoparkı,ÜSKÜDAR,41.0157,29.0574,100,86,14,AÇIK OTOPARK,1,0,06:30-16:00
2026-08-17T08:23:20.568848+00:00,2026-08-17T11:23:20.568848+03:00,346,Ada Karşısı Cep 2,BEŞİKTAŞ,41.072,29.045,30,1,29,YOL ÜSTÜ,1,15,08:00-23:00
2026-08-17T08:23:20.568848+00:00,2026-08-17T11:23:20.568848+03:00,1663,Akasyalı Sokak Tenis Kulubü Önü 2,BEŞİKTAŞ,41.0867,29.0109,45,1,44,YOL ÜSTÜ,1,15,08:30-17:30
2026-08-17T08:23:20.568848+00:00,2026-08-17T11:23:20.568848+03:00,828,Akdeniz Caddesi 4,FATİH,41.0175,28.9435,27,1,26,YOL ÜSTÜ,1,15,09:00-18:00
2026-08-17T08:23:20.568848+00:00,2026-08-17T11:23:20.568848+03:00,1913,Alibeyköy Cep Otogarı Açık Otoparkı,EYÜP,41.0879,28.9446,116,0,116,AÇIK OTOPARK,1,25,24 Saat
2026-08-17T08:23:20.568848+00:00,2026-08-17T11:23:20.568848+03:00,1912,Alibeyköy Cep Otogarı Otobüs Otoparkı,EYÜP,41.0875,28.9449,5000,1,4999,AÇIK OTOPARK,1,60,24 Saat
2026-08-17T08:23:20.568848+00:00,2026-08-17T11:23:20.568848+03:00,2562,Alibeyköy Yeşiltepe Zemin Altı Otoparkı,EYÜP,41.0797,28.938,159,70,89,KAPALI OTOPARK,1,15,24 Saat
2026-08-17T08:23:20.568848+00:00,2026-08-17T11:23:20.568848+03:00,3201,Altınboynuz Sosyal Tesisleri,EYÜP,41.058,28.9447,70,1,69,AÇIK OTOPARK,1,15,08:00-23:00
2026-08-17T08:23:20.568848+00:00,2026-08-17T11:23:20.568848+03:00,758,Arap Camii Açık Otoparkı,BEYOĞLU,41.0227,28.9723,30,1,29,AÇIK OTOPARK,1,0,09:00-17:00
2026-08-17T08:23:20.568848+00:00,2026-08-17T11:23:20.568848+03:00,1963,Aras Sokak 1,BÜYÜKÇEKMECE,41.0226,28.622,60,1,59,YOL ÜSTÜ,1,0,06:00-14:30
2026-08-17T08:23:20.568848+00:00,2026-08-17T11:23:20.568848+03:00,2802,Arnavutköy Zemin Altı Otoparkı,ARNAVUTKÖY,41.1838,28.7396,700,0,700,KAPALI OTOPARK,1,15,24 Saat
2026-08-17T08:23:20.568848+00:00,2026-08-17T11:23:20.568848+03:00,1797,Ataköy Atrium AVM,BAKIRKÖY,40.9881,28.8459,250,229,21,AÇIK OTOPARK,1,15,08:00-23:00
2026-08-17T08:23:20.568848+00:00,2026-08-17T11:23:20.568848+03:00,2824,Ataköy Metro Durağı Yanı PD Zemin Altı Otoparkı,BAKIRKÖY,40.9904,28.8456,150,84,66,KAPALI OTOPARK,1,0,24 Saat
2026-08-17T08:23:20.568848+00:00,2026-08-17T11:23:20.568848+03:00,359,Atatürk Bulvarı 1,FATİH,41.0112,28.9534,20,1,19,YOL ÜSTÜ,1,0,07:30-18:00
2026-08-17T08:23:20.568848+00:00,2026-08-17T11:23:20.568848+03:00,3087,Atatürk Kent Ormanı Otoparkı,SARIYER,41.136,29.0262,200,198,2,AÇIK OTOPARK,1,0,08:00-17:00
2026-08-17T08:23:20.568848+00:00,2026-08-17T11:23:20.568848+03:00,2243,Avcılar Denizköşkler Toplantı ve Davet Salonu Açık Otoparkı,AVCILAR,40.9746,28.7435,200,188,12,AÇIK OTOPARK,0,15,13:00-07:00
2026-08-17T08:23:20.568848+00:00,2026-08-17T11:23:20.568848+03:00,1088,Avcılar İdo,AVCILAR,40.9712,28.7185,270,259,11,AÇIK OTOPARK,0,0,13:00-07:00
2026-08-17T08:23:20.568848+00:00,2026-08-17T11:23:20.568848+03:00,2885,Azapkapı Haliç Metro Otoparkı,ŞİŞLİ,41.0245,28.9691,80,2,78,AÇIK OTOPARK,1,5,24 Saat
2026-08-17T08:23:20.568848+00:00,2026-08-17T11:23:20.568848+03:00,2455,Azerbaycan Dostluk Parkı Zemin Altı Otoparkı,BAĞCILAR,41.0444,28.854,400,178,222,KAPALI OTOPARK,1,10,24 Saat
2026-08-17T08:23:20.568848+00:00,2026-08-17T11:23:20.568848+03:00,2965,Bağcılar Çolakoğlu Zemin Altı Otoparkı,BAĞCILAR,41.0324,28.8345,106,0,106,KAPALI OTOPARK,1,5,24 Saat
2026-08-17T08:23:20.568848+00:00,2026-08-17T11:23:20.568848+03:00,2576,Bağcılar Demirkapı Zemin Altı Otoparkı,BAĞCILAR,41.0499,28.8327,343,181,162,KAPALI OTOPARK,1,5,24 Saat
2026-08-17T08:23:20.568848+00:00,2026-08-17T11:23:20.568848+03:00,3036,Bağcılar Devlet Hastanesi Yanı Zeminaltı Otoparkı,BAĞCILAR,41.0312,28.8696,1133,43,1090,KAPALI OTOPARK,1,15,24 Saat
2026-08-17T08:23:20.568848+00:00,2026-08-17T11:23:20.568848+03:00,3071,Bağcılar Emniyet Müdürlüğü Yanı Açık Otoparkı,BAĞCILAR,41.0353,28.8598,100,47,53,AÇIK OTOPARK,1,0,24 Saat
2026-08-17T08:23:20.568848+00:00,2026-08-17T11:23:20.568848+03:00,2873,Bağcılar Göztepe Zemin Altı,BAĞCILAR,41.0567,28.8355,120,0,120,KAPALI OTOPARK,1,5,24 Saat
2026-08-17T08:23:20.568848+00:00,2026-08-17T11:23:20.568848+03:00,3187,Bağcılar Hürriyet Mahallesi Zemin Altı Otoparkı,BAĞCILAR,41.0291,28.8333,355,0,355,KAPALI OTOPARK,1,10,24 Saat
2026-08-17T08:23:20.568848+00:00,2026-08-17T11:23:20.568848+03:00,2916,Bağcılar Kent Meydanı PD Zemin Altı Otoparkı,BAĞCILAR,41.0339,28.8556,1162,0,1162,KAPALI OTOPARK,1,0,24 Saat
2026-08-17T08:23:20.568848+00:00,2026-08-17T11:23:20.568848+03:00,3261,Bağcılar Yenimahalle Zemin Altı Otoparkı,BAĞCILAR,41.0425,28.8395,525,273,252,KAPALI OTOPARK,1,15,24 Saat
2026-08-17T08:23:20.568848+00:00,2026-08-17T11:23:20.568848+03:00,2820,Bağcılar Yıldıztepe Katlı Otoparkı,BAĞCILAR,41.0294,28.8556,350,0,350,KAPALI OTOPARK,1,10,24 Saat
2026-08-17T08:23:20.568848+00:00,2026-08-17T11:23:20.568848+03:00,3447,Bahçelievler 23 Nisan Milli Egemenlik Zeminaltı Otoparkı,BAHÇELİEVLER,40.9988,28.8472,732,501,231,KAPALI OTOPARK,1,10,24 Saat
2026-08-17T08:23:20.568848+00:00,2026-08-17T11:23:20.568848+03:00,2993,Bahçelievler Cumhuriyet Zeminaltı Otoparkı,BAHÇELİEVLER,41.0149,28.859,663,0,663,KAPALI OTOPARK,1,10,24 Saat
2026-08-17T08:23:20.568848+00:00,2026-08-17T11:23:20.568848+03:00,2969,Bahçelievler Devlet Hastanesi Yanı Katlı Otoparkı,BAHÇELİEVLER,41.0072,28.8442,740,0,740,KAPALI OTOPARK,1,0,24 Saat
2026-08-17T08:23:20.568848+00:00,2026-08-17T11:23:20.568848+03:00,3051,Bahçelievler Zafer Mh. Zeminaltı Otoparkı,BAHÇELİEVLER,41.0036,28.8351,200,86,114,KAPALI OTOPARK,1,0,24 Saat
2026-08-17T08:23:20.568848+00:00,2026-08-17T11:23:20.568848+03:00,3236,Bahçeşehir Gölet Açık Otoparkı,BAŞAKŞEHİR,41.0719,28.6901,200,1,199,AÇIK OTOPARK,0,0,12:00-22:00
2026-08-17T08:23:20.568848+00:00,2026-08-17T11:23:20.568848+03:00,1465,Bakırköy İdo Açık Otoparkı,BAKIRKÖY,40.9739,28.8761,160,136,24,AÇIK OTOPARK,1,10,24 Saat
2026-08-17T08:23:20.568848+00:00,2026-08-17T11:23:20.568848+03:00,1104,Balmumcu Katlı Otoparkı,BEŞİKTAŞ,41.0636,29.0109,400,169,231,KAPALI OTOPARK,1,5,24 Saat
2026-08-17T08:23:20.568848+00:00,2026-08-17T11:23:20.568848+03:00,2796,Başakşehir Metro Açık Otoparkı,BAŞAKŞEHİR,41.107,28.801,125,1,124,AÇIK OTOPARK,1,0,07:00-16:00
2026-08-17T08:23:20.568848+00:00,2026-08-17T11:23:20.568848+03:00,2350,Bayrampaşa Adapark Katlı Otoparkı,BAYRAMPAŞA,41.0647,28.8875,650,0,650,KAPALI OTOPARK,1,15,24 Saat
2026-08-17T08:23:20.568848+00:00,2026-08-17T11:23:20.568848+03:00,2892,Bayrampaşa Altıntepsi Zemin  Altı Otoparkı,BAYRAMPAŞA,41.0393,28.9029,110,0,110,KAPALI OTOPARK,1,10,24 Saat
2026-08-17T08:23:20.568848+00:00,2026-08-17T11:23:20.568848+03:00,2909,Bayrampaşa Atatürk Parkı  Zemin Altı Otoparkı,BAYRAMPAŞA,41.0342,28.9123,442,0,442,KAPALI OTOPARK,1,10,24 Saat
2026-08-17T08:23:20.568848+00:00,2026-08-17T11:23:20.568848+03:00,2683,Bayrampaşa Devlet Hastanesi Cep Otoparkı,BAYRAMPAŞA,41.0414,28.9031,55,2,53,AÇIK OTOPARK,1,0,08:00-19:00
2026-08-17T08:23:20.568848+00:00,2026-08-17T11:23:20.568848+03:00,3301,Bayrampaşa Kocatepe Mahallesi Zemin Altı Otoparkı,BAYRAMPAŞA,41.0545,28.8964,241,0,241,KAPALI OTOPARK,1,10,24 Saat
2026-08-17T08:23:20.568848+00:00,2026-08-17T11:23:20.568848+03:00,2053,Bayrampaşa Muratpaşa Yer Altı Otoparkı,BAYRAMPAŞA,41.047,28.9082,300,22,278,KAPALI OTOPARK,1,15,24 Saat
2026-08-17T08:23:20.568848+00:00,2026-08-17T11:23:20.568848+03:00,3175,Bayrampaşa Spor Kompleksi Zemin Altı Otoparkı,BAYRAMPAŞA,41.0446,28.9106,205,0,205,KAPALI OTOPARK,1,15,24 Saat
2026-08-17T08:23:20.568848+00:00,2026-08-17T11:23:20.568848+03:00,3382,Bayrampaşa Şehit Kamil Balkan Zemin Altı Otoparkı,BAYRAMPAŞA,41.0604,28.9008,235,0,235,KAPALI OTOPARK,1,10,24 Saat
2026-08-17T08:23:20.568848+00:00,2026-08-17T11:23:20.568848+03:00,2428,Bayrampaşa Yenidoğan Mahallesi Zemin Altı Otoparkı,BAYRAMPAŞA,41.0395,28.9088,120,0,120,KAPALI OTOPARK,1,10,24 Saat
2026-08-17T08:23:20.568848+00:00,2026-08-17T11:23:20.568848+03:00,2468,Bebek Açık,BEŞİKTAŞ,41.077,29.0434,30,0,30,AÇIK OTOPARK,1,0,24 Saat
2026-08-17T08:23:20.568848+00:00,2026-08-17T11:23:20.568848+03:00,3479,Beşiktaş Halk Pazarı Açık Otoparkı,BEŞİKTAŞ,41.0496,29.0004,170,110,60,AÇIK OTOPARK,1,5,24 Saat
2026-08-17T08:23:20.568848+00:00,2026-08-17T11:23:20.568848+03:00,3257,Beykoz Sahil Cep Otoparkı,BEYKOZ,41.1286,29.0953,100,74,26,AÇIK OTOPARK,1,0,08:00-00:00
2026-08-17T08:23:20.568848+00:00,2026-08-17T11:23:20.568848+03:00,2273,Beykoz Sosyal Tesisleri,BEYKOZ,41.1143,29.0888,130,75,55,AÇIK OTOPARK,1,15,08:00-00:00
2026-08-17T08:23:20.568848+00:00,2026-08-17T11:23:20.568848+03:00,2999,Beyoğlu Gazhane Bostan Sokak 2,BEYOĞLU,41.0389,28.9903,35,1,34,YOL ÜSTÜ,1,0,07:30-16:30
2026-08-17T08:23:20.568848+00:00,2026-08-17T11:23:20.568848+03:00,3072,Beyoğlu Örnektepe Zemin Altı Otoparkı,BEYOĞLU,41.0543,28.9548,143,0,143,KAPALI OTOPARK,1,0,24 Saat
2026-08-17T08:23:20.568848+00:00,2026-08-17T11:23:20.568848+03:00,1455,Bostancı Açık,KADIKÖY,40.9523,29.0902,394,130,264,AÇIK OTOPARK,1,15,24 Saat
2026-08-17T08:23:20.568848+00:00,2026-08-17T11:23:20.568848+03:00,1456,Bostancı Sahil-Cep Açık Otoparkı,KADIKÖY,40.9545,29.0885,192,139,53,AÇIK OTOPARK,1,15,24 Saat
2026-08-17T08:23:20.568848+00:00,2026-08-17T11:23:20.568848+03:00,2150,Bostancı Vergi Dairesi Açık Otoparkı,ATAŞEHİR,40.9625,29.1083,155,0,155,AÇIK OTOPARK,1,5,08:00-20:00
2026-08-17T08:23:20.568848+00:00,2026-08-17T11:23:20.568848+03:00,2854,Bülent Ecevit Kültür Merkezi Açık Otoparkı,KARTAL,40.8852,29.1967,277,266,11,AÇIK OTOPARK,1,0,10:00-21:00
2026-08-17T08:23:20.568848+00:00,2026-08-17T11:23:20.568848+03:00,2866,Büyük İstanbul Otogarı,BAYRAMPAŞA,41.0402,28.8942,1000,0,1000,AÇIK OTOPARK,1,25,24 Saat
2026-08-17T08:23:20.568848+00:00,2026-08-17T11:23:20.568848+03:00,1192,Büyükçamlıca Korusu Sosyal Tesisleri Önü,ÜSKÜDAR,41.0264,29.0698,204,112,92,AÇIK OTOPARK,1,0,08:00-00:00
2026-08-17T08:23:20.568848+00:00,2026-08-17T11:23:20.568848+03:00,2960,Büyükçekmece Metrobüs Durağı Yanı PD Zemin Altı Otopark,BÜYÜKÇEKMECE,41.0221,28.624,448,0,448,KAPALI OTOPARK,1,0,24 Saat
2026-08-17T08:23:20.568848+00:00,2026-08-17T11:23:20.568848+03:00,1503,Cadde Bostan Açık Otoparkı,KADIKÖY,40.9636,29.0675,66,43,23,AÇIK OTOPARK,1,15,24 Saat
2026-08-17T08:23:20.568848+00:00,2026-08-17T11:23:20.568848+03:00,2933,Cemal Kamacı Spor Kompleksi Zemin Altı Otoparkı,KAĞITHANE,41.0536,28.9575,510,0,510,KAPALI OTOPARK,1,0,24 Saat
2026-08-17T08:23:20.568848+00:00,2026-08-17T11:23:20.568848+03:00,2207,Cengiz Topel Yer Altı Katlı Otoparkı,ESENLER,41.0588,28.8643,144,0,144,KAPALI OTOPARK,1,15,24 Saat
2026-08-17T08:23:20.568848+00:00,2026-08-17T11:23:20.568848+03:00,2787,Cevizli Açık Otoparkı,KARTAL,40.9179,29.1712,100,14,86,AÇIK OTOPARK,1,15,08:00-19:00
2026-08-17T08:23:20.568848+00:00,2026-08-17T11:23:20.568848+03:00,782,Cihangir Caddesi 2,BEYOĞLU,41.0319,28.9862,70,1,69,YOL ÜSTÜ,1,15,09:00-19:00
2026-08-17T08:23:20.568848+00:00,2026-08-17T11:23:20.568848+03:00,1467,Cihangir Katlı Otoparkı,BEYOĞLU,41.0318,28.9858,350,0,350,KAPALI OTOPARK,1,0,24 Saat
2026-08-17T08:23:20.568848+00:00,2026-08-17T11:23:20.568848+03:00,535,Cihannuma Yol Üstü 1,BEŞİKTAŞ,41.0454,29.0084,35,1,34,YOL ÜSTÜ,1,0,08:00-23:00
2026-08-17T08:23:20.568848+00:00,2026-08-17T11:23:20.568848+03:00,537,Cihannuma Yol Üstü 3,BEŞİKTAŞ,41.0459,29.0087,33,1,32,YOL ÜSTÜ,1,0,08:00-23:00
2026-08-17T08:23:20.568848+00:00,2026-08-17T11:23:20.568848+03:00,539,Cihannuma Yol Üstü 5,BEŞİKTAŞ,41.0489,29.0094,24,1,23,YOL ÜSTÜ,1,0,08:00-23:00
2026-08-17T08:23:20.568848+00:00,2026-08-17T11:23:20.568848+03:00,3184,Çam Sokak 6,GÜNGÖREN,41.0121,28.8882,50,1,49,YOL ÜSTÜ,1,15,08:00-17:00
2026-08-17T08:23:20.568848+00:00,2026-08-17T11:23:20.568848+03:00,3030,Çekmeköy Metro PD Zemin Altı Otoparkı,ÇEKMEKÖY,41.0147,29.1886,175,40,135,KAPALI OTOPARK,1,15,24 Saat
2026-08-17T08:23:20.568848+00:00,2026-08-17T11:23:20.568848+03:00,2905,Çeliktepe Açık Otoparkı,KAĞITHANE,41.0843,29.0056,200,72,128,AÇIK OTOPARK,1,5,24 Saat
2026-08-17T08:23:20.568848+00:00,2026-08-17T11:23:20.568848+03:00,1298,Çengelköy Açık Otoparkı,ÜSKÜDAR,41.0484,29.0533,500,363,137,AÇIK OTOPARK,1,15,24 Saat
2026-08-17T08:23:20.568848+00:00,2026-08-17T11:23:20.568848+03:00,502,Çınar Açık Otoparkı,BEŞİKTAŞ,41.0853,29.0088,65,1,64,AÇIK OTOPARK,1,0,08:00-18:00
2026-08-17T08:23:20.568848+00:00,2026-08-17T11:23:20.568848+03:00,777,Çırağan Sarayı Yol Üstü 1,BEŞİKTAŞ,41.0448,29.0165,40,1,39,YOL ÜSTÜ,1,15,08:00-23:00
2026-08-17T08:23:20.568848+00:00,2026-08-17T11:23:20.568848+03:00,778,Çırağan Sarayı Yol Üstü 2,BEŞİKTAŞ,41.0445,29.0156,40,1,39,YOL ÜSTÜ,1,15,08:00-23:00
2026-08-17T08:23:20.568848+00:00,2026-08-17T11:23:20.568848+03:00,2228,Çırpıcı Sosyal Tesisler,ZEYTİNBURNU,41,28.8926,128,0,128,AÇIK OTOPARK,1,15,07:00-00:00
2026-08-17T08:23:20.568848+00:00,2026-08-17T11:23:20.568848+03:00,2030,Dalyan Açık Otoparkı,KADIKÖY,40.9632,29.0651,92,48,44,AÇIK OTOPARK,1,15,24 Saat
2026-08-17T08:23:20.568848+00:00,2026-08-17T11:23:20.568848+03:00,2271,Damla Sokak 1,ŞİŞLİ,41.0672,29.0004,17,1,16,YOL ÜSTÜ,1,15,07:30-16:30
2026-08-17T08:23:20.568848+00:00,2026-08-17T11:23:20.568848+03:00,2164,Darüşşafaka Yeraltı Otoparkı,SARIYER,41.1292,29.0252,150,118,32,KAPALI OTOPARK,1,15,08:00-00:00
2026-08-17T08:23:20.568848+00:00,2026-08-17T11:23:20.568848+03:00,1653,Deniz Feneri Otoparkı,FATİH,41.0019,28.9773,175,114,61,AÇIK OTOPARK,1,5,24 Saat
2026-08-17T08:23:20.568848+00:00,2026-08-17T11:23:20.568848+03:00,595,Dostluk Yurdu 1,FATİH,41.0071,28.973,33,1,32,YOL ÜSTÜ,1,15,07:00-17:00
2026-08-17T08:23:20.568848+00:00,2026-08-17T11:23:20.568848+03:00,2237,Dragos Sosyal Tesisleri,KARTAL,40.9017,29.1458,100,19,81,AÇIK OTOPARK,1,15,24 Saat
2026-08-17T08:23:20.568848+00:00,2026-08-17T11:23:20.568848+03:00,3063,Dudullu Metro PD Zemin Altı Otoparkı,ÜMRANİYE,41.0156,29.1633,81,57,24,KAPALI OTOPARK,1,15,07:00-23:30
2026-08-17T08:23:20.568848+00:00,2026-08-17T11:23:20.568848+03:00,1522,Ebu Suut Caddesi 1,FATİH,41.0128,28.9766,35,1,34,YOL ÜSTÜ,1,0,08:00-18:00
2026-08-17T08:23:20.568848+00:00,2026-08-17T11:23:20.568848+03:00,2147,EGS Blokları Açık Otoparkı,BAKIRKÖY,40.9863,28.8354,350,0,350,AÇIK OTOPARK,1,60,09:00-19:30
2026-08-17T08:23:20.568848+00:00,2026-08-17T11:23:20.568848+03:00,2366,Esenler Adem Baştürk Kültür Merkezi Katlı,ESENLER,41.039,28.8846,460,29,431,KAPALI OTOPARK,1,15,24 Saat
2026-08-17T08:23:20.568848+00:00,2026-08-17T11:23:20.568848+03:00,3190,Esenler Havaalanı Mahallesi Zemin Altı Otoparkı,ESENLER,41.0562,28.8674,610,365,245,KAPALI OTOPARK,1,10,24 Saat
2026-08-17T08:23:20.568848+00:00,2026-08-17T11:23:20.568848+03:00,3011,Esenler Menderes Metro İstasyonu Yanı,ESENLER,41.0427,28.8783,68,14,54,AÇIK OTOPARK,1,5,24 Saat
2026-08-17T08:23:20.568848+00:00,2026-08-17T11:23:20.568848+03:00,2822,Esenler Menderes Parkı Zemin Altı Otoparkı,ESENLER,41.0412,28.8729,325,56,269,KAPALI OTOPARK,1,10,24 Saat
2026-08-17T08:23:20.568848+00:00,2026-08-17T11:23:20.568848+03:00,3303,Esenyurt Adile Naşit Bulvarı Zeminaltı Otoparkı,ESENYURT,41.0205,28.6859,367,278,89,KAPALI OTOPARK,1,15,24 Saat
2026-08-17T08:23:20.568848+00:00,2026-08-17T11:23:20.568848+03:00,1328,Eski Salı Pazarı,KADIKÖY,40.9904,29.0338,760,0,760,AÇIK OTOPARK,1,15,24 Saat
2026-08-17T08:23:20.568848+00:00,2026-08-17T11:23:20.568848+03:00,904,Eyüp Pierloti Caddesi 1,EYÜP,41.0539,28.9329,40,1,39,YOL ÜSTÜ,1,0,09:00-22:00
2026-08-17T08:23:20.568848+00:00,2026-08-17T11:23:20.568848+03:00,2850,Eyüpsultan Akşemsettin Mahallesi Zemin Altı Otoparkı,EYÜP,41.085,28.9258,110,0,110,KAPALI OTOPARK,1,15,24 Saat
2026-08-17T08:23:20.568848+00:00,2026-08-17T11:23:20.568848+03:00,2215,Fatih Çeşmesi Tabiat Parkı Otoparkı,SARIYER,41.1686,28.9448,250,243,7,AÇIK OTOPARK,1,0,06:00-20:00
2026-08-17T08:23:20.568848+00:00,2026-08-17T11:23:20.568848+03:00,1475,Fatih Katlı Otoparkı,FATİH,41.0198,28.9396,118,0,118,KAPALI OTOPARK,1,10,24 Saat
2026-08-17T08:23:20.568848+00:00,2026-08-17T11:23:20.568848+03:00,1591,Feshane PD Açık Otoparkı,EYÜP,41.0463,28.9378,200,86,114,AÇIK OTOPARK,1,15,24 Saat
2026-08-17T08:23:20.568848+00:00,2026-08-17T11:23:20.568848+03:00,1005,Florya Havuzlu Bahçe,BAKIRKÖY,40.9764,28.7908,135,1,134,AÇIK OTOPARK,1,0,09:00-23:00
2026-08-17T08:23:20.568848+00:00,2026-08-17T11:23:20.568848+03:00,2238,Florya Sosyal Tesisleri,BAKIRKÖY,40.9614,28.8091,1074,915,159,AÇIK OTOPARK,1,15,24 Saat
2026-08-17T08:23:20.568848+00:00,2026-08-17T11:23:20.568848+03:00,1704,Gazi Umur Paşa Sokak 5,BEŞİKTAŞ,41.0589,29.0114,45,1,44,YOL ÜSTÜ,1,15,08:00-17:00
2026-08-17T08:23:20.568848+00:00,2026-08-17T11:23:20.568848+03:00,3296,Gaziosmanpaşa Meydanı ve Yaşam Merkezi Zemin Altı Otoparkı,GAZİOSMANPAŞA,41.0606,28.9093,202,0,202,KAPALI OTOPARK,1,15,24 Saat
2026-08-17T08:23:20.568848+00:00,2026-08-17T11:23:20.568848+03:00,2971,Gaziosmanpaşa Zemin Altı Otoparkı,GAZİOSMANPAŞA,41.0796,28.8858,285,0,285,KAPALI OTOPARK,1,0,24 Saat
2026-08-17T08:23:20.568848+00:00,2026-08-17T11:23:20.568848+03:00,3401,Giyimkent Tekstilkent Metro Zemin Altı PD Otoparkı,ESENLER,41.0711,28.8666,203,159,44,KAPALI OTOPARK,1,10,24 Saat
2026-08-17T08:23:20.568848+00:00,2026-08-17T11:23:20.568848+03:00,2242,Gözdağı Sosyal Tesisler  Açık Otoparkı,PENDİK,40.893,29.2538,300,216,84,AÇIK OTOPARK,1,0,07:00-23:00
2026-08-17T08:23:20.568848+00:00,2026-08-17T11:23:20.568848+03:00,1879,Gülsuyu Metro PD Yer Altı Otoparkı,MALTEPE,40.9237,29.1548,76,0,76,KAPALI OTOPARK,1,15,08:00-00:00
2026-08-17T08:23:20.568848+00:00,2026-08-17T11:23:20.568848+03:00,1423,Güneş Plajı 1,BAKIRKÖY,40.9712,28.79,250,206,44,AÇIK OTOPARK,1,10,24 Saat
2026-08-17T08:23:20.568848+00:00,2026-08-17T11:23:20.568848+03:00,1461,Güneş Plajı 2,BAKIRKÖY,40.9692,28.7951,135,128,7,AÇIK OTOPARK,1,10,08:00-20:00
2026-08-17T08:23:20.568848+00:00,2026-08-17T11:23:20.568848+03:00,3053,Güngören Nikah Dairesi Zemin Altı otoparkı,GÜNGÖREN,41.0363,28.8718,147,0,147,KAPALI OTOPARK,1,10,24 Saat
2026-08-17T08:23:20.568848+00:00,2026-08-17T11:23:20.568848+03:00,2216,Gürpınar Balık Hali Otoparkı,BEYLİKDÜZÜ,40.9663,28.6019,1000,726,274,AÇIK OTOPARK,1,15,24 Saat
2026-08-17T08:23:20.568848+00:00,2026-08-17T11:23:20.568848+03:00,1525,Hacıosman Metro Yer Altı Otoparkı,SARIYER,41.14,29.0306,422,93,329,KAPALI OTOPARK,1,15,24 Saat
2026-08-17T08:23:20.568848+00:00,2026-08-17T11:23:20.568848+03:00,1470,Haldun Alagaş Katlı Otoparkı,ÜMRANİYE,41.0262,29.1052,197,30,167,KAPALI OTOPARK,1,15,24 Saat
2026-08-17T08:23:20.568848+00:00,2026-08-17T11:23:20.568848+03:00,3235,Haliç Sosyal Tesisleri Otoparkı,FATİH,41.0277,28.9572,60,21,39,AÇIK OTOPARK,1,15,07:00-00:00
2026-08-17T08:23:20.568848+00:00,2026-08-17T11:23:20.568848+03:00,2848,Halkalı Mahallesi Zemin Altı Otoparkı,KÜÇÜKÇEKMECE,41.0359,28.7848,347,165,182,KAPALI OTOPARK,1,15,24 Saat
2026-08-17T08:23:20.568848+00:00,2026-08-17T11:23:20.568848+03:00,2838,Hamidiye Mahallesi Katlı Otoparkı,KAĞITHANE,41.0949,28.971,450,199,251,KAPALI OTOPARK,1,15,24 Saat
2026-08-17T08:23:20.568848+00:00,2026-08-17T11:23:20.568848+03:00,1446,Harbiye Zemin Altı Otoparkı,BEYOĞLU,41.0408,28.9869,142,0,142,KAPALI OTOPARK,1,5,24 Saat
2026-08-17T08:23:20.568848+00:00,2026-08-17T11:23:20.568848+03:00,2332,Haydarpaşa Katlı Otoparkı,ÜSKÜDAR,41.0048,29.0251,840,319,521,KAPALI OTOPARK,1,15,24 Saat
2026-08-17T08:23:20.568848+00:00,2026-08-17T11:23:20.568848+03:00,1987,Haznedar Yer Altı Otoparkı,GÜNGÖREN,41.0083,28.8729,540,0,540,KAPALI OTOPARK,1,0,24 Saat
2026-08-17T08:23:20.568848+00:00,2026-08-17T11:23:20.568848+03:00,377,Hızır Külhani Sokak,FATİH,41.0202,28.9605,32,1,31,YOL ÜSTÜ,1,15,09:00-17:00
2026-08-17T08:23:20.568848+00:00,2026-08-17T11:23:20.568848+03:00,3173,Hürriyet Mahallesi Zeminaltı Otoparkı,GAZİOSMANPAŞA,41.0708,28.8951,190,0,190,KAPALI OTOPARK,1,15,24 Saat
2026-08-17T08:23:20.568848+00:00,2026-08-17T11:23:20.568848+03:00,157,Ihlamur Dere Caddesi 4,BEŞİKTAŞ,41.047,29.0023,27,1,26,YOL ÜSTÜ,1,15,09:00-17:00
2026-08-17T08:23:20.568848+00:00,2026-08-17T11:23:20.568848+03:00,1189,İçerenköy Sebze Meyve Hali Otoparkı,ATAŞEHİR,40.9766,29.1044,600,600,0,AÇIK OTOPARK,1,15,24 Saat
2026-08-17T08:23:20.568848+00:00,2026-08-17T11:23:20.568848+03:00,1127,İshakpaşa Caddesi,FATİH,41.0079,28.9814,200,1,199,YOL ÜSTÜ,1,0,08:00-18:00
2026-08-17T08:23:20.568848+00:00,2026-08-17T11:23:20.568848+03:00,3265,İspark İstanbul West Marina Açık Otoparkı 1,BEYLİKDÜZÜ,40.9636,28.6564,250,1,249,AÇIK OTOPARK,1,15,24 Saat
2026-08-17T08:23:20.568848+00:00,2026-08-17T11:23:20.568848+03:00,2793,İspark Merter Katlı Otoparkı,GÜNGÖREN,41.0097,28.89,900,299,601,KAPALI OTOPARK,1,10,24 Saat
2026-08-17T08:23:20.568848+00:00,2026-08-17T11:23:20.568848+03:00,2430,İspark West İstanbul Marina Açık Otoparkı,BEYLİKDÜZÜ,40.9639,28.6591,1600,1044,556,AÇIK OTOPARK,1,15,24 Saat
2026-08-17T08:23:20.568848+00:00,2026-08-17T11:23:20.568848+03:00,381,İstinye 4 ( Cami Önü ),SARIYER,41.1149,29.0571,25,1,24,YOL ÜSTÜ,1,15,08:30-17:30
2026-08-17T08:23:20.568848+00:00,2026-08-17T11:23:20.568848+03:00,1804,İtalyan Hastanesi Karşısı Açık Otoparkı 1,BEYOĞLU,41.028,28.9815,30,1,29,AÇIK OTOPARK,1,0,08:00-19:00
2026-08-17T08:23:20.568848+00:00,2026-08-17T11:23:20.568848+03:00,507,Kabasakal Medrese Önü,FATİH,41.0062,28.9789,65,1,64,AÇIK OTOPARK,1,0,08:00-18:30
2026-08-17T08:23:20.568848+00:00,2026-08-17T11:23:20.568848+03:00,3306,Kabataş Transfer Merkezi Turizm Otobüs Otoparkı,BEYOĞLU,41.0336,28.9923,160,23,137,KAPALI OTOPARK,1,20,24 Saat
2026-08-17T08:23:20.568848+00:00,2026-08-17T11:23:20.568848+03:00,2918,Kadıköy Hasanpaşa Gazhane Katlı Otoparkı,KADIKÖY,40.9972,29.0428,310,201,109,KAPALI OTOPARK,1,15,24 Saat
2026-08-17T08:23:20.568848+00:00,2026-08-17T11:23:20.568848+03:00,1447,Kadıköy İski Açık Otoparkı,KADIKÖY,40.9874,29.0207,124,9,115,AÇIK OTOPARK,1,15,24 Saat
2026-08-17T08:23:20.568848+00:00,2026-08-17T11:23:20.568848+03:00,1655,Kadıköy Metro Açık Otoparkı,KADIKÖY,40.9899,29.0217,74,0,74,AÇIK OTOPARK,1,15,24 Saat
2026-08-17T08:23:20.568848+00:00,2026-08-17T11:23:20.568848+03:00,3445,Kadıköy Uzunçayır PD Açık Otoparkı,KADIKÖY,40.9982,29.0569,70,40,30,AÇIK OTOPARK,1,15,06:30-16:30
2026-08-17T08:23:20.568848+00:00,2026-08-17T11:23:20.568848+03:00,2808,Kadıköy Yeni Salı Pazarı PD Katlı Otoparkı,KADIKÖY,40.9969,29.0486,1350,656,694,KAPALI OTOPARK,1,15,24 Saat
2026-08-17T08:23:20.568848+00:00,2026-08-17T11:23:20.568848+03:00,2811,Kağıthane Harmantepe Zemin Altı Otoparkı,KAĞITHANE,41.0816,28.9907,200,0,200,KAPALI OTOPARK,1,0,24 Saat
2026-08-17T08:23:20.568848+00:00,2026-08-17T11:23:20.568848+03:00,1452,Kalamış Açık Otoparkı,KADIKÖY,40.9687,29.0363,173,141,32,AÇIK OTOPARK,1,15,24 Saat
2026-08-17T08:23:20.568848+00:00,2026-08-17T11:23:20.568848+03:00,1474,Kartal Hasan Doğan Spor Kompleksi,KARTAL,40.8918,29.1897,773,0,773,KAPALI OTOPARK,1,15,24 Saat
2026-08-17T08:23:20.568848+00:00,2026-08-17T11:23:20.568848+03:00,1105,Kartal İdo Açık Otoparkı,KARTAL,40.8874,29.1881,90,0,90,AÇIK OTOPARK,1,15,24 Saat
2026-08-17T08:23:20.568848+00:00,2026-08-17T11:23:20.568848+03:00,1550,Kartal Sahil Açık Otoparkı,KARTAL,40.8875,29.1901,75,7,68,AÇIK OTOPARK,1,5,24 Saat
2026-08-17T08:23:20.568848+00:00,2026-08-17T11:23:20.568848+03:00,3434,Kasımpaşa Sosyal Tesisler Otoparkı,BEYOĞLU,41.0296,28.9673,60,37,23,AÇIK OTOPARK,1,0,07:30-23:00
2026-08-17T08:23:20.568848+00:00,2026-08-17T11:23:20.568848+03:00,1960,Kazlıçeşme Marmaray Açık Otoparkı,ZEYTİNBURNU,40.9922,28.917,700,559,141,AÇIK OTOPARK,1,15,24 Saat
2026-08-17T08:23:20.568848+00:00,2026-08-17T11:23:20.568848+03:00,2994,Kirazlı Metro Durağı PD Açık Otoparkı,BAĞCILAR,41.033,28.8429,112,0,112,AÇIK OTOPARK,1,5,24 Saat
2026-08-17T08:23:20.568848+00:00,2026-08-17T11:23:20.568848+03:00,1528,Kore Şehitleri Caddesi - Yüzbaşı Kaya Aldağon Sokak 1,ŞİŞLİ,41.0719,29.0139,40,1,39,YOL ÜSTÜ,1,15,07:00-16:00
2026-08-17T08:23:20.568848+00:00,2026-08-17T11:23:20.568848+03:00,2449,Kozyatağı Sebze-Meyve Hali,ATAŞEHİR,40.9787,29.1029,1500,1499,1,AÇIK OTOPARK,1,0,24 Saat
2026-08-17T08:23:20.568848+00:00,2026-08-17T11:23:20.568848+03:00,1206,Kutlugün Sokak 2,FATİH,41.0061,28.9801,200,1,199,YOL ÜSTÜ,1,0,08:00-18:00
2026-08-17T08:23:20.568848+00:00,2026-08-17T11:23:20.568848+03:00,3074,Küçük Çamlıca,ÜSKÜDAR,41.0204,29.0653,129,107,22,AÇIK OTOPARK,1,0,08:00-22:00
2026-08-17T08:23:20.568848+00:00,2026-08-17T11:23:20.568848+03:00,3127,Küçükçekmece Cennet Mahallesi Meydan Zemin Altı Otoparkı,KÜÇÜKÇEKMECE,40.9907,28.783,456,0,456,KAPALI OTOPARK,1,10,24 Saat
2026-08-17T08:23:20.568848+00:00,2026-08-17T11:23:20.568848+03:00,2554,Küçükçekmece Fevzi Çakmak Meydanı Zemin Altı Otoparkı,KÜÇÜKÇEKMECE,41.0076,28.7927,1000,528,472,KAPALI OTOPARK,1,10,24 Saat
2026-08-17T08:23:20.568848+00:00,2026-08-17T11:23:20.568848+03:00,2882,Küçüksu Kasrı Açık Otoparkı,BEYKOZ,41.0789,29.0657,98,92,6,AÇIK OTOPARK,1,0,07:00-23:00
2026-08-17T08:23:20.568848+00:00,2026-08-17T11:23:20.568848+03:00,220,Levent Hamidiye,BEŞİKTAŞ,41.0861,29.0076,100,1,99,AÇIK OTOPARK,1,0,08:00-19:00
2026-08-17T08:23:20.568848+00:00,2026-08-17T11:23:20.568848+03:00,1138,Levent Metro Yer Altı Otoparkı,BEŞİKTAŞ,41.0811,29.0105,100,1,99,AÇIK OTOPARK,1,5,07:30-19:30
2026-08-17T08:23:20.568848+00:00,2026-08-17T11:23:20.568848+03:00,2335,Maçka Açık Otoparkı,ŞİŞLİ,41.046,28.9908,75,74,1,AÇIK OTOPARK,1,0,24 Saat
2026-08-17T08:23:20.568848+00:00,2026-08-17T11:23:20.568848+03:00,1859,Maçka Katlı Otoparkı,ŞİŞLİ,41.0484,28.9903,508,162,346,KAPALI OTOPARK,1,0,24 Saat
2026-08-17T08:23:20.568848+00:00,2026-08-17T11:23:20.568848+03:00,3193,Maltepe Rıhtım Caddesi Açık Otoparkı,MALTEPE,40.9258,29.1241,76,59,17,AÇIK OTOPARK,1,0,24 Saat
2026-08-17T08:23:20.568848+00:00,2026-08-17T11:23:20.568848+03:00,2146,Maltepe Süreyyapaşa Çarşısı Açık Otoparkı,MALTEPE,40.9274,29.1225,156,113,43,AÇIK OTOPARK,1,0,24 Saat
2026-08-17T08:23:20.568848+00:00,2026-08-17T11:23:20.568848+03:00,1599,Maslak Açık Otoparkı,SARIYER,41.1166,29.024,150,54,96,AÇIK OTOPARK,1,10,24 Saat
2026-08-17T08:23:20.568848+00:00,2026-08-17T11:23:20.568848+03:00,2100,Matbaacılar Sitesi Yanı,ZEYTİNBURNU,41.0234,28.9187,250,132,118,AÇIK OTOPARK,1,5,24 Saat
2026-08-17T08:23:20.568848+00:00,2026-08-17T11:23:20.568848+03:00,920,Meclis-i Mebusan Yokuşu 2,BEYOĞLU,41.0326,28.9882,34,1,33,YOL ÜSTÜ,1,15,09:00-17:00
2026-08-17T08:23:20.568848+00:00,2026-08-17T11:23:20.568848+03:00,1546,Menekşe Plajı Açık Otoparkı,BAKIRKÖY,40.9761,28.7766,200,200,0,AÇIK OTOPARK,1,0,24 Saat
2026-08-17T08:23:20.568848+00:00,2026-08-17T11:23:20.568848+03:00,1376,Mercan Açık,FATİH,41.0136,28.9669,130,23,107,AÇIK OTOPARK,1,0,08:00-23:00
2026-08-17T08:23:20.568848+00:00,2026-08-17T11:23:20.568848+03:00,3309,Mercan Ali Paşa Sarayı Zemin Altı Otoparkı,FATİH,41.0136,28.967,196,1,195,KAPALI OTOPARK,1,0,07:00-21:00
2026-08-17T08:23:20.568848+00:00,2026-08-17T11:23:20.568848+03:00,1472,Merter Katlı Otoparkı,GÜNGÖREN,41.0092,28.8874,1000,861,139,KAPALI OTOPARK,1,10,24 Saat
2026-08-17T08:23:20.568848+00:00,2026-08-17T11:23:20.568848+03:00,2375,Merter Metro PD Zeminaltı Otoparkı,GÜNGÖREN,41.0037,28.8897,242,80,162,KAPALI OTOPARK,1,10,24 Saat
2026-08-17T08:23:20.568848+00:00,2026-08-17T11:23:20.568848+03:00,1568,Mete Caddesi 1,BEYOĞLU,41.0382,28.9879,31,1,30,YOL ÜSTÜ,1,15,08:00-23:00
2026-08-17T08:23:20.568848+00:00,2026-08-17T11:23:20.568848+03:00,1471,Mevlana Yeraltı Katlı Otoparkı,ZEYTİNBURNU,41.0072,28.9049,1000,855,145,KAPALI OTOPARK,1,5,24 Saat
2026-08-17T08:23:20.568848+00:00,2026-08-17T11:23:20.568848+03:00,2709,Millet Caddesi Açık Otoparkı,FATİH,41.01,28.9461,60,1,59,AÇIK OTOPARK,1,15,24 Saat
2026-08-17T08:23:20.568848+00:00,2026-08-17T11:23:20.568848+03:00,3152,Mimar Sinan Zemin Altı Otoparkı,ÜSKÜDAR,41.0222,29.0169,956,0,956,KAPALI OTOPARK,1,15,24 Saat
2026-08-17T08:23:20.568848+00:00,2026-08-17T11:23:20.568848+03:00,2870,Miniatürk Çadır Açık Otoparkı,BEYOĞLU,41.0594,28.9501,250,201,49,AÇIK OTOPARK,1,15,07:00-20:00
2026-08-17T08:23:20.568848+00:00,2026-08-17T11:23:20.568848+03:00,2556,Muallim Naci Açık Otoparkı,BEŞİKTAŞ,41.0561,29.0342,35,28,7,AÇIK OTOPARK,1,15,24 Saat
2026-08-17T08:23:20.568848+00:00,2026-08-17T11:23:20.568848+03:00,569,Oda Kule Önü 1,BEYOĞLU,41.0322,28.9751,24,1,23,YOL ÜSTÜ,1,0,07:00-01:00
2026-08-17T08:23:20.568848+00:00,2026-08-17T11:23:20.568848+03:00,1988,Orhangazi Şehir Parkı PD Açık Otoparkı,MALTEPE,40.9313,29.1161,5022,4568,454,AÇIK OTOPARK,1,15,24 Saat
2026-08-17T08:23:20.568848+00:00,2026-08-17T11:23:20.568848+03:00,152,Ortabahçe Caddesi 2,BEŞİKTAŞ,41.0428,29.0043,35,1,34,YOL ÜSTÜ,1,15,08:00-23:00
2026-08-17T08:23:20.568848+00:00,2026-08-17T11:23:20.568848+03:00,153,Ortabahçe Caddesi 3,BEŞİKTAŞ,41.043,29.0042,26,1,25,YOL ÜSTÜ,1,15,08:00-23:00
2026-08-17T08:23:20.568848+00:00,2026-08-17T11:23:20.568848+03:00,119,Ortaklar Caddesi 1,ŞİŞLİ,41.0638,28.9971,25,1,24,YOL ÜSTÜ,1,15,08:30-17:00
2026-08-17T08:23:20.568848+00:00,2026-08-17T11:23:20.568848+03:00,1343,Ortaköy Açık Otoparkı,BEŞİKTAŞ,41.0504,29.0326,170,146,24,AÇIK OTOPARK,1,0,24 Saat
2026-08-17T08:23:20.568848+00:00,2026-08-17T11:23:20.568848+03:00,572,Ortaköy Portakal Yokuşu 1,BEŞİKTAŞ,41.0503,29.0261,15,1,14,YOL ÜSTÜ,1,15,09:00-19:00
2026-08-17T08:23:20.568848+00:00,2026-08-17T11:23:20.568848+03:00,1039,Öğretmen Evi,AVCILAR,40.9723,28.714,80,41,39,AÇIK OTOPARK,1,0,11:00-23:00
2026-08-17T08:23:20.568848+00:00,2026-08-17T11:23:20.568848+03:00,1466,Pendik Katlı Otoparkı,PENDİK,40.8789,29.2342,120,0,120,KAPALI OTOPARK,1,15,24 Saat
2026-08-17T08:23:20.568848+00:00,2026-08-17T11:23:20.568848+03:00,3073,Pendik Kemal Kalkuz Parkı Zemin Altı Otoparkı,PENDİK,40.8885,29.2427,224,0,224,KAPALI OTOPARK,1,0,09:00-18:00
2026-08-17T08:23:20.568848+00:00,2026-08-17T11:23:20.568848+03:00,3019,Pendik Meydan Zemin Altı Otoparkı,PENDİK,40.8752,29.2324,937,0,937,KAPALI OTOPARK,1,0,24 Saat
2026-08-17T08:23:20.568848+00:00,2026-08-17T11:23:20.568848+03:00,2865,Pendik Sahil Engelliler Merkez Önü,PENDİK,40.8735,29.233,100,66,34,AÇIK OTOPARK,1,0,11:00-20:00
2026-08-17T08:23:20.568848+00:00,2026-08-17T11:23:20.568848+03:00,2434,Pendik Sahil İdo,PENDİK,40.8755,29.2369,100,0,100,AÇIK OTOPARK,1,0,07:00-23:00
2026-08-17T08:23:20.568848+00:00,2026-08-17T11:23:20.568848+03:00,248,Pendik Yenimahalle Açık 2 Otoparkı,PENDİK,40.864,29.2723,124,79,45,AÇIK OTOPARK,1,15,10:00-22:00
2026-08-17T08:23:20.568848+00:00,2026-08-17T11:23:20.568848+03:00,297,Perşembe Pazarı 1,BEYOĞLU,41.0252,28.9693,32,1,31,YOL ÜSTÜ,1,15,08:00-17:00
2026-08-17T08:23:20.568848+00:00,2026-08-17T11:23:20.568848+03:00,597,Pierre Loti Caddesi 3,FATİH,41.0069,28.9711,36,1,35,YOL ÜSTÜ,1,0,07:00-17:00
2026-08-17T08:23:20.568848+00:00,2026-08-17T11:23:20.568848+03:00,3263,Piyalepaşa Meydanı Zemin Altı Otoparkı,BEYOĞLU,41.0445,28.9674,560,269,291,KAPALI OTOPARK,1,0,24 Saat
2026-08-17T08:23:20.568848+00:00,2026-08-17T11:23:20.568848+03:00,1900,Ragıp Gümüşpala Cad.(Sobacılar Önü),FATİH,41.0181,28.969,40,1,39,YOL ÜSTÜ,1,15,07:00-18:00
2026-08-17T08:23:20.568848+00:00,2026-08-17T11:23:20.568848+03:00,415,Ragıp Gümüşpala Camii Önü 1,FATİH,41.0211,28.9627,35,1,34,YOL ÜSTÜ,1,0,07:00-17:30
2026-08-17T08:23:20.568848+00:00,2026-08-17T11:23:20.568848+03:00,3268,Refik Saydam Caddesi 3,BEYOĞLU,41.032,28.9736,55,1,54,YOL ÜSTÜ,1,0,06:00-23:00
2026-08-17T08:23:20.568848+00:00,2026-08-17T11:23:20.568848+03:00,2307,Ressam Halim Sokak PD Açık Otoparkı,BAHÇELİEVLER,40.9967,28.8641,120,53,67,AÇIK OTOPARK,1,15,08:00-00:00
2026-08-17T08:23:20.568848+00:00,2026-08-17T11:23:20.568848+03:00,3082,Rumeli Hisarı Sahil Yolu Otoparkı,SARIYER,41.0854,29.0568,20,3,17,AÇIK OTOPARK,1,0,24 Saat
2026-08-17T08:23:20.568848+00:00,2026-08-17T11:23:20.568848+03:00,1595,Sabiha Gökçen Açık Otoparkı,PENDİK,40.925,29.308,1056,200,856,AÇIK OTOPARK,1,15,24 Saat
2026-08-17T08:23:20.568848+00:00,2026-08-17T11:23:20.568848+03:00,3239,Samatya Sahil Cep Otoparkı,FATİH,40.9954,28.932,113,110,3,AÇIK OTOPARK,1,15,24 Saat
2026-08-17T08:23:20.568848+00:00,2026-08-17T11:23:20.568848+03:00,3273,Sarıyer Büyükdere Fidanlığı,SARIYER,41.1548,29.0268,160,155,5,AÇIK OTOPARK,1,0,08:00-18:00
2026-08-17T08:23:20.568848+00:00,2026-08-17T11:23:20.568848+03:00,3299,Sariyer Ayazağa Mah Vadi İstanbul Önü Açık Otoparkı,SARIYER,41.1106,28.9881,100,96,4,AÇIK OTOPARK,1,0,08:00-20:00
2026-08-17T08:23:20.568848+00:00,2026-08-17T11:23:20.568848+03:00,1303,Seyrantepe Katlı (Arena Karşısı) 1,KAĞITHANE,41.101,28.9961,1897,1891,6,KAPALI OTOPARK,1,0,24 Saat
2026-08-17T08:23:20.568848+00:00,2026-08-17T11:23:20.568848+03:00,1628,Sıracevizler Caddesi Yol Üstü 5,ŞİŞLİ,41.0607,28.9841,45,1,44,YOL ÜSTÜ,1,15,09:00-17:00
2026-08-17T08:23:20.568848+00:00,2026-08-17T11:23:20.568848+03:00,464,Sirkeci Gar Önü,FATİH,41.015,28.9761,60,1,59,AÇIK OTOPARK,1,5,07:00-20:00
2026-08-17T08:23:20.568848+00:00,2026-08-17T11:23:20.568848+03:00,1486,Siyavuşpaşa Yer Altı Otoparkı,BAHÇELİEVLER,40.9965,28.8532,155,0,155,KAPALI OTOPARK,1,0,24 Saat
2026-08-17T08:23:20.568848+00:00,2026-08-17T11:23:20.568848+03:00,1958,Soğanlık Metro PD Açık Otoparkı,KARTAL,40.9131,29.1925,898,827,71,AÇIK OTOPARK,1,15,24 Saat
2026-08-17T08:23:20.568848+00:00,2026-08-17T11:23:20.568848+03:00,589,Su Terazisi Sokak,FATİH,41.0046,28.9727,22,1,21,YOL ÜSTÜ,1,0,07:30-17:00
2026-08-17T08:23:20.568848+00:00,2026-08-17T11:23:20.568848+03:00,1478,Suadiye Cep Açık Otoparkı,KADIKÖY,40.9586,29.0732,130,119,11,AÇIK OTOPARK,1,15,24 Saat
2026-08-17T08:23:20.568848+00:00,2026-08-17T11:23:20.568848+03:00,2948,Suadiye Sahil Açık Otoparkı,KADIKÖY,40.9562,29.0797,70,46,24,AÇIK OTOPARK,1,5,24 Saat
2026-08-17T08:23:20.568848+00:00,2026-08-17T11:23:20.568848+03:00,2799,Sultanbeyli Emir Caddesi Zemin Altı Otoparkı,SULTANBEYLİ,40.9707,29.2606,130,71,59,KAPALI OTOPARK,1,15,08:00-22:00
2026-08-17T08:23:20.568848+00:00,2026-08-17T11:23:20.568848+03:00,2372,Sultanbeyli Kent Meydanı Zemin Altı Otoparkı,SULTANBEYLİ,40.9667,29.2667,300,138,162,KAPALI OTOPARK,1,15,24 Saat
2026-08-17T08:23:20.568848+00:00,2026-08-17T11:23:20.568848+03:00,2410,Sultangazi Zemin Altı Otoparkı,SULTANGAZİ,41.0944,28.8649,104,0,104,KAPALI OTOPARK,1,10,24 Saat
2026-08-17T08:23:20.568848+00:00,2026-08-17T11:23:20.568848+03:00,2085,Süleyman Seba Caddesi 2,BEŞİKTAŞ,41.0426,28.9998,40,1,39,YOL ÜSTÜ,1,15,08:00-18:00
2026-08-17T08:23:20.568848+00:00,2026-08-17T11:23:20.568848+03:00,2088,Süleyman Seba Caddesi 5,BEŞİKTAŞ,41.0432,28.9978,40,1,39,YOL ÜSTÜ,1,15,08:00-18:00
2026-08-17T08:23:20.568848+00:00,2026-08-17T11:23:20.568848+03:00,2089,Süleyman Seba Caddesi 6,BEŞİKTAŞ,41.0435,28.9967,11,1,10,YOL ÜSTÜ,1,15,08:00-18:00
2026-08-17T08:23:20.568848+00:00,2026-08-17T11:23:20.568848+03:00,2391,Süleymaniye Cami Altı Açık Otoparkı,FATİH,41.0158,28.961,250,235,15,AÇIK OTOPARK,1,0,06:30-18:30
2026-08-17T08:23:20.568848+00:00,2026-08-17T11:23:20.568848+03:00,1730,Sütlüce Miniatürk Yanı,BEYOĞLU,41.057,28.95,320,197,123,AÇIK OTOPARK,1,15,24 Saat
2026-08-17T08:23:20.568848+00:00,2026-08-17T11:23:20.568848+03:00,36,Şakayık Sokak 4,ŞİŞLİ,41.0518,28.9936,50,1,49,YOL ÜSTÜ,1,15,08:00-16:00
2026-08-17T08:23:20.568848+00:00,2026-08-17T11:23:20.568848+03:00,1469,Şehit Volkan Duysak Katlı Otoparkı,ZEYTİNBURNU,40.9968,28.9039,1000,683,317,KAPALI OTOPARK,1,5,24 Saat
2026-08-17T08:23:20.568848+00:00,2026-08-17T11:23:20.568848+03:00,2855,Şemsipaşa Açık Otoparkı,ÜSKÜDAR,41.0255,29.0097,80,79,1,AÇIK OTOPARK,1,0,24 Saat
2026-08-17T08:23:20.568848+00:00,2026-08-17T11:23:20.568848+03:00,2439,Şirinevler Meydan Zeminaltı Otoparkı,BAHÇELİEVLER,40.9925,28.8496,367,35,332,KAPALI OTOPARK,1,0,24 Saat
2026-08-17T08:23:20.568848+00:00,2026-08-17T11:23:20.568848+03:00,3400,Şişhane Refik Saydam Caddesi 2 Yol Üstü Otoparkı 1,BEYOĞLU,41.0326,28.9743,70,1,69,YOL ÜSTÜ,1,15,06:00-23:00
2026-08-17T08:23:20.568848+00:00,2026-08-17T11:23:20.568848+03:00,3441,Şişli Kuştepe Zemin Altı Otoparkı,ŞİŞLİ,41.072,28.9919,430,279,151,KAPALI OTOPARK,1,15,24 Saat
2026-08-17T08:23:20.568848+00:00,2026-08-17T11:23:20.568848+03:00,2816,Şişli Rumeli Caddesi Metro Yanı 1,ŞİŞLİ,41.0538,28.9868,45,1,44,YOL ÜSTÜ,1,15,08:00-20:00
2026-08-17T08:23:20.568848+00:00,2026-08-17T11:23:20.568848+03:00,2406,Şişli Zemin Altı Otoparkı,ŞİŞLİ,41.0641,28.9992,581,84,497,KAPALI OTOPARK,1,15,24 Saat
2026-08-17T08:23:20.568848+00:00,2026-08-17T11:23:20.568848+03:00,1993,Tuzla İdo,TUZLA,40.8149,29.3039,300,289,11,AÇIK OTOPARK,1,15,24 Saat
2026-08-17T08:23:20.568848+00:00,2026-08-17T11:23:20.568848+03:00,3332,Tuzla Sahil Cep,TUZLA,40.8168,29.2992,50,39,11,AÇIK OTOPARK,1,0,08:00-00:00
2026-08-17T08:23:20.568848+00:00,2026-08-17T11:23:20.568848+03:00,3057,Tuzla Sahil Zemin Altı Otoparkı,TUZLA,40.8181,29.3004,779,1,778,KAPALI OTOPARK,1,15,24 Saat
2026-08-17T08:23:20.568848+00:00,2026-08-17T11:23:20.568848+03:00,1811,Ulu Camii Açık Otoparkı,BAHÇELİEVLER,40.9982,28.8499,150,125,25,AÇIK OTOPARK,1,10,24 Saat
2026-08-17T08:23:20.568848+00:00,2026-08-17T11:23:20.568848+03:00,2424,Uzunçayır Açık Otoparkı,KADIKÖY,40.9988,29.0556,58,51,7,AÇIK OTOPARK,1,0,06:00-16:00
2026-08-17T08:23:20.568848+00:00,2026-08-17T11:23:20.568848+03:00,1468,Ümraniye Katlı Otoparkı,ÜMRANİYE,41.0261,29.0953,665,496,169,KAPALI OTOPARK,1,15,24 Saat
2026-08-17T08:23:20.568848+00:00,2026-08-17T11:23:20.568848+03:00,2898,Ümraniye Okan Sokak Zeminaltı Otoparkı,ÜMRANİYE,41.0284,29.0907,125,30,95,KAPALI OTOPARK,1,15,24 Saat
2026-08-17T08:23:20.568848+00:00,2026-08-17T11:23:20.568848+03:00,2345,Üsküdar Uzunçayır PD Açık Otoparkı,ÜSKÜDAR,40.9988,29.0577,90,83,7,AÇIK OTOPARK,1,15,06:00-22:00
2026-08-17T08:23:20.568848+00:00,2026-08-17T11:23:20.568848+03:00,1929,Üsküdar Ünalan Açık Otoparkı,ÜSKÜDAR,40.9979,29.0604,180,175,5,AÇIK OTOPARK,1,0,07:00-17:00
2026-08-17T08:23:20.568848+00:00,2026-08-17T11:23:20.568848+03:00,1487,Vatan Caddesi PD Açık Otoparkı,FATİH,41.0157,28.9405,397,120,277,AÇIK OTOPARK,1,5,24 Saat
2026-08-17T08:23:20.568848+00:00,2026-08-17T11:23:20.568848+03:00,2441,Yalı Açık Otoparkı,MALTEPE,40.9095,29.137,85,82,3,AÇIK OTOPARK,1,0,07:30-22:00
2026-08-17T08:23:20.568848+00:00,2026-08-17T11:23:20.568848+03:00,459,Yalı Köşkü Caddesi 1,FATİH,41.0163,28.9759,61,1,60,YOL ÜSTÜ,1,5,07:00-21:00
2026-08-17T08:23:20.568848+00:00,2026-08-17T11:23:20.568848+03:00,2037,Yenikapı Marmaray Büyük Otoparkı,FATİH,41.0057,28.9505,324,141,183,AÇIK OTOPARK,1,15,24 Saat
2026-08-17T08:23:20.568848+00:00,2026-08-17T11:23:20.568848+03:00,2036,Yenikapı Marmaray Küçük Otoparkı,FATİH,41.0064,28.9504,200,161,39,AÇIK OTOPARK,1,15,07:00-22:00
2026-08-17T08:23:20.568848+00:00,2026-08-17T11:23:20.568848+03:00,2175,Yenikapı Spor ve Kültür Merkezi PD Açık Otoparkı,FATİH,41.0006,28.9519,4023,3913,110,AÇIK OTOPARK,1,15,24 Saat
2026-08-17T08:23:20.568848+00:00,2026-08-17T11:23:20.568848+03:00,2805,Yenikapı Tünel Üstü Açık Otoparkı,FATİH,41.0029,28.9534,700,453,247,AÇIK OTOPARK,1,10,24 Saat
2026-08-17T08:23:20.568848+00:00,2026-08-17T11:23:20.568848+03:00,3404,Yenimahalle Metro Zemin Altı PD Otoparkı,GAZİOSMANPAŞA,41.0839,28.8926,114,92,22,KAPALI OTOPARK,1,15,24 Saat
2026-08-17T08:23:20.568848+00:00,2026-08-17T11:23:20.568848+03:00,2920,Yeşilce Zemin Altı Katlı Otoparkı,KAĞITHANE,41.0938,29.0017,676,0,676,KAPALI OTOPARK,1,0,24 Saat
2026-08-17T08:23:20.568848+00:00,2026-08-17T11:23:20.568848+03:00,987,Yeşilköy İstasyon Caddesi 1,BAKIRKÖY,40.962,28.825,40,1,39,YOL ÜSTÜ,1,15,09:00-17:30
2026-08-17T08:23:20.568848+00:00,2026-08-17T11:23:20.568848+03:00,974,Yeşilköy Marina 1,BAKIRKÖY,40.9576,28.8233,145,1,144,YOL ÜSTÜ,0,0,12:00-23:00
2026-08-17T08:23:20.568848+00:00,2026-08-17T11:23:20.568848+03:00,3406,Yeşilpınar Metro Zemin Altı PD Otoparkı,EYÜP,41.081,28.9204,269,200,69,KAPALI OTOPARK,1,15,24 Saat
2026-08-17T08:23:20.568848+00:00,2026-08-17T11:23:20.568848+03:00,315,Yeşilyurt Çarşı 1,BAKIRKÖY,40.9643,28.8379,50,1,49,YOL ÜSTÜ,1,15,09:00-17:30
2026-08-17T08:23:20.568848+00:00,2026-08-17T11:23:20.568848+03:00,1133,Yıldız Korusu,BEŞİKTAŞ,41.0514,29.0165,500,1,499,AÇIK OTOPARK,1,0,08:00-22:00
2026-08-17T08:23:20.568848+00:00,2026-08-17T11:23:20.568848+03:00,882,Zeytinburnu 58. Bulvar 2,ZEYTİNBURNU,40.9932,28.9039,48,1,47,YOL ÜSTÜ,1,15,09:00-18:00
2026-08-17T08:23:20.568848+00:00,2026-08-17T11:23:20.568848+03:00,3185,Zeytinburnu Sahil Cep Otoparkı,ZEYTİNBURNU,40.9798,28.8985,160,1,159,AÇIK OTOPARK,0,0,12:00-22:00
2026-08-17T09:10:37.780035+00:00,2026-08-17T12:10:37.780035+03:00,3068,15 Temmuz Şehitler Meydanı Zeminaltı Otoparkı,ÜMRANİYE,41.0246,29.0915,1029,507,522,KAPALI OTOPARK,1,15,24 Saat
2026-08-17T09:10:37.780035+00:00,2026-08-17T12:10:37.780035+03:00,2338,19 Mayıs Açık,ŞİŞLİ,41.0563,28.9941,65,0,65,AÇIK OTOPARK,1,0,24 Saat
2026-08-17T09:10:37.780035+00:00,2026-08-17T12:10:37.780035+03:00,1751,4.Levent PD Açık Otoparkı,KAĞITHANE,41.0836,29.0081,236,90,146,AÇIK OTOPARK,1,5,24 Saat
2026-08-17T09:10:37.780035+00:00,2026-08-17T12:10:37.780035+03:00,3328,4.Levent Servis ve Turizm Araçları Açık Otoparkı,ŞİŞLİ,41.0841,29.0054,300,144,156,AÇIK OTOPARK,1,15,24 Saat
2026-08-17T09:10:37.780035+00:00,2026-08-17T12:10:37.780035+03:00,3412,5. Levent Gaziosmanpaşa Adliyesi Yanı Açık Otoparkı,EYÜP,41.0927,28.9494,250,189,61,AÇIK OTOPARK,1,15,07:00-23:00
2026-08-17T09:10:37.780035+00:00,2026-08-17T12:10:37.780035+03:00,104,Abide-i Hürriyet Caddesi 5,ŞİŞLİ,41.0619,28.9876,40,1,39,YOL ÜSTÜ,1,15,08:00-17:00
2026-08-17T09:10:37.780035+00:00,2026-08-17T12:10:37.780035+03:00,2452,Acıbadem Açık Otoparkı,ÜSKÜDAR,41.0157,29.0574,100,86,14,AÇIK OTOPARK,1,0,06:30-16:00
2026-08-17T09:10:37.780035+00:00,2026-08-17T12:10:37.780035+03:00,346,Ada Karşısı Cep 2,BEŞİKTAŞ,41.072,29.045,30,1,29,YOL ÜSTÜ,1,15,08:00-23:00
2026-08-17T09:10:37.780035+00:00,2026-08-17T12:10:37.780035+03:00,1663,Akasyalı Sokak Tenis Kulubü Önü 2,BEŞİKTAŞ,41.0867,29.0109,45,1,44,YOL ÜSTÜ,1,15,08:30-17:30
2026-08-17T09:10:37.780035+00:00,2026-08-17T12:10:37.780035+03:00,828,Akdeniz Caddesi 4,FATİH,41.0175,28.9435,27,1,26,YOL ÜSTÜ,1,15,09:00-18:00
2026-08-17T09:10:37.780035+00:00,2026-08-17T12:10:37.780035+03:00,1913,Alibeyköy Cep Otogarı Açık Otoparkı,EYÜP,41.0879,28.9446,116,0,116,AÇIK OTOPARK,1,25,24 Saat
2026-08-17T09:10:37.780035+00:00,2026-08-17T12:10:37.780035+03:00,1912,Alibeyköy Cep Otogarı Otobüs Otoparkı,EYÜP,41.0875,28.9449,5000,1,4999,AÇIK OTOPARK,1,60,24 Saat
2026-08-17T09:10:37.780035+00:00,2026-08-17T12:10:37.780035+03:00,2562,Alibeyköy Yeşiltepe Zemin Altı Otoparkı,EYÜP,41.0797,28.938,159,71,88,KAPALI OTOPARK,1,15,24 Saat
2026-08-17T09:10:37.780035+00:00,2026-08-17T12:10:37.780035+03:00,3201,Altınboynuz Sosyal Tesisleri,EYÜP,41.058,28.9447,70,1,69,AÇIK OTOPARK,1,15,08:00-23:00
2026-08-17T09:10:37.780035+00:00,2026-08-17T12:10:37.780035+03:00,758,Arap Camii Açık Otoparkı,BEYOĞLU,41.0227,28.9723,30,1,29,AÇIK OTOPARK,1,0,09:00-17:00
2026-08-17T09:10:37.780035+00:00,2026-08-17T12:10:37.780035+03:00,1963,Aras Sokak 1,BÜYÜKÇEKMECE,41.0226,28.622,60,1,59,YOL ÜSTÜ,1,0,06:00-14:30
2026-08-17T09:10:37.780035+00:00,2026-08-17T12:10:37.780035+03:00,2802,Arnavutköy Zemin Altı Otoparkı,ARNAVUTKÖY,41.1838,28.7396,700,0,700,KAPALI OTOPARK,1,15,24 Saat
2026-08-17T09:10:37.780035+00:00,2026-08-17T12:10:37.780035+03:00,1797,Ataköy Atrium AVM,BAKIRKÖY,40.9881,28.8459,250,223,27,AÇIK OTOPARK,1,15,08:00-23:00
2026-08-17T09:10:37.780035+00:00,2026-08-17T12:10:37.780035+03:00,2824,Ataköy Metro Durağı Yanı PD Zemin Altı Otoparkı,BAKIRKÖY,40.9904,28.8456,150,86,64,KAPALI OTOPARK,1,0,24 Saat
2026-08-17T09:10:37.780035+00:00,2026-08-17T12:10:37.780035+03:00,359,Atatürk Bulvarı 1,FATİH,41.0112,28.9534,20,1,19,YOL ÜSTÜ,1,0,07:30-18:00
2026-08-17T09:10:37.780035+00:00,2026-08-17T12:10:37.780035+03:00,3087,Atatürk Kent Ormanı Otoparkı,SARIYER,41.136,29.0262,200,198,2,AÇIK OTOPARK,1,0,08:00-17:00
2026-08-17T09:10:37.780035+00:00,2026-08-17T12:10:37.780035+03:00,2243,Avcılar Denizköşkler Toplantı ve Davet Salonu Açık Otoparkı,AVCILAR,40.9746,28.7435,200,188,12,AÇIK OTOPARK,0,15,13:00-07:00
2026-08-17T09:10:37.780035+00:00,2026-08-17T12:10:37.780035+03:00,1088,Avcılar İdo,AVCILAR,40.9712,28.7185,270,259,11,AÇIK OTOPARK,0,0,13:00-07:00
2026-08-17T09:10:37.780035+00:00,2026-08-17T12:10:37.780035+03:00,2885,Azapkapı Haliç Metro Otoparkı,ŞİŞLİ,41.0245,28.9691,80,2,78,AÇIK OTOPARK,1,5,24 Saat
2026-08-17T09:10:37.780035+00:00,2026-08-17T12:10:37.780035+03:00,2455,Azerbaycan Dostluk Parkı Zemin Altı Otoparkı,BAĞCILAR,41.0444,28.854,400,182,218,KAPALI OTOPARK,1,10,24 Saat
2026-08-17T09:10:37.780035+00:00,2026-08-17T12:10:37.780035+03:00,2965,Bağcılar Çolakoğlu Zemin Altı Otoparkı,BAĞCILAR,41.0324,28.8345,106,0,106,KAPALI OTOPARK,1,5,24 Saat
2026-08-17T09:10:37.780035+00:00,2026-08-17T12:10:37.780035+03:00,2576,Bağcılar Demirkapı Zemin Altı Otoparkı,BAĞCILAR,41.0499,28.8327,343,181,162,KAPALI OTOPARK,1,5,24 Saat
2026-08-17T09:10:37.780035+00:00,2026-08-17T12:10:37.780035+03:00,3036,Bağcılar Devlet Hastanesi Yanı Zeminaltı Otoparkı,BAĞCILAR,41.0312,28.8696,1133,73,1060,KAPALI OTOPARK,1,15,24 Saat
2026-08-17T09:10:37.780035+00:00,2026-08-17T12:10:37.780035+03:00,3071,Bağcılar Emniyet Müdürlüğü Yanı Açık Otoparkı,BAĞCILAR,41.0353,28.8598,100,47,53,AÇIK OTOPARK,1,0,24 Saat
2026-08-17T09:10:37.780035+00:00,2026-08-17T12:10:37.780035+03:00,2873,Bağcılar Göztepe Zemin Altı,BAĞCILAR,41.0567,28.8355,120,0,120,KAPALI OTOPARK,1,5,24 Saat
2026-08-17T09:10:37.780035+00:00,2026-08-17T12:10:37.780035+03:00,3187,Bağcılar Hürriyet Mahallesi Zemin Altı Otoparkı,BAĞCILAR,41.0291,28.8333,355,0,355,KAPALI OTOPARK,1,10,24 Saat
2026-08-17T09:10:37.780035+00:00,2026-08-17T12:10:37.780035+03:00,2916,Bağcılar Kent Meydanı PD Zemin Altı Otoparkı,BAĞCILAR,41.0339,28.8556,1162,0,1162,KAPALI OTOPARK,1,0,24 Saat
2026-08-17T09:10:37.780035+00:00,2026-08-17T12:10:37.780035+03:00,3261,Bağcılar Yenimahalle Zemin Altı Otoparkı,BAĞCILAR,41.0425,28.8395,525,273,252,KAPALI OTOPARK,1,15,24 Saat
2026-08-17T09:10:37.780035+00:00,2026-08-17T12:10:37.780035+03:00,2820,Bağcılar Yıldıztepe Katlı Otoparkı,BAĞCILAR,41.0294,28.8556,350,0,350,KAPALI OTOPARK,1,10,24 Saat
2026-08-17T09:10:37.780035+00:00,2026-08-17T12:10:37.780035+03:00,3447,Bahçelievler 23 Nisan Milli Egemenlik Zeminaltı Otoparkı,BAHÇELİEVLER,40.9988,28.8472,732,507,225,KAPALI OTOPARK,1,10,24 Saat
2026-08-17T09:10:37.780035+00:00,2026-08-17T12:10:37.780035+03:00,2993,Bahçelievler Cumhuriyet Zeminaltı Otoparkı,BAHÇELİEVLER,41.0149,28.859,663,0,663,KAPALI OTOPARK,1,10,24 Saat
2026-08-17T09:10:37.780035+00:00,2026-08-17T12:10:37.780035+03:00,2969,Bahçelievler Devlet Hastanesi Yanı Katlı Otoparkı,BAHÇELİEVLER,41.0072,28.8442,740,0,740,KAPALI OTOPARK,1,0,24 Saat
2026-08-17T09:10:37.780035+00:00,2026-08-17T12:10:37.780035+03:00,3051,Bahçelievler Zafer Mh. Zeminaltı Otoparkı,BAHÇELİEVLER,41.0036,28.8351,200,89,111,KAPALI OTOPARK,1,0,24 Saat
2026-08-17T09:10:37.780035+00:00,2026-08-17T12:10:37.780035+03:00,3236,Bahçeşehir Gölet Açık Otoparkı,BAŞAKŞEHİR,41.0719,28.6901,200,1,199,AÇIK OTOPARK,1,0,12:00-22:00
2026-08-17T09:10:37.780035+00:00,2026-08-17T12:10:37.780035+03:00,1465,Bakırköy İdo Açık Otoparkı,BAKIRKÖY,40.9739,28.8761,160,138,22,AÇIK OTOPARK,1,10,24 Saat
2026-08-17T09:10:37.780035+00:00,2026-08-17T12:10:37.780035+03:00,1104,Balmumcu Katlı Otoparkı,BEŞİKTAŞ,41.0636,29.0109,400,167,233,KAPALI OTOPARK,1,5,24 Saat
2026-08-17T09:10:37.780035+00:00,2026-08-17T12:10:37.780035+03:00,2796,Başakşehir Metro Açık Otoparkı,BAŞAKŞEHİR,41.107,28.801,125,1,124,AÇIK OTOPARK,1,0,07:00-16:00
2026-08-17T09:10:37.780035+00:00,2026-08-17T12:10:37.780035+03:00,2350,Bayrampaşa Adapark Katlı Otoparkı,BAYRAMPAŞA,41.0647,28.8875,650,0,650,KAPALI OTOPARK,1,15,24 Saat
2026-08-17T09:10:37.780035+00:00,2026-08-17T12:10:37.780035+03:00,2892,Bayrampaşa Altıntepsi Zemin  Altı Otoparkı,BAYRAMPAŞA,41.0393,28.9029,110,0,110,KAPALI OTOPARK,1,10,24 Saat
2026-08-17T09:10:37.780035+00:00,2026-08-17T12:10:37.780035+03:00,2909,Bayrampaşa Atatürk Parkı  Zemin Altı Otoparkı,BAYRAMPAŞA,41.0342,28.9123,442,0,442,KAPALI OTOPARK,1,10,24 Saat
2026-08-17T09:10:37.780035+00:00,2026-08-17T12:10:37.780035+03:00,2683,Bayrampaşa Devlet Hastanesi Cep Otoparkı,BAYRAMPAŞA,41.0414,28.9031,55,19,36,AÇIK OTOPARK,1,0,08:00-19:00
2026-08-17T09:10:37.780035+00:00,2026-08-17T12:10:37.780035+03:00,3301,Bayrampaşa Kocatepe Mahallesi Zemin Altı Otoparkı,BAYRAMPAŞA,41.0545,28.8964,241,0,241,KAPALI OTOPARK,1,10,24 Saat
2026-08-17T09:10:37.780035+00:00,2026-08-17T12:10:37.780035+03:00,2053,Bayrampaşa Muratpaşa Yer Altı Otoparkı,BAYRAMPAŞA,41.047,28.9082,300,18,282,KAPALI OTOPARK,1,15,24 Saat
2026-08-17T09:10:37.780035+00:00,2026-08-17T12:10:37.780035+03:00,3175,Bayrampaşa Spor Kompleksi Zemin Altı Otoparkı,BAYRAMPAŞA,41.0446,28.9106,205,0,205,KAPALI OTOPARK,1,15,24 Saat
2026-08-17T09:10:37.780035+00:00,2026-08-17T12:10:37.780035+03:00,3382,Bayrampaşa Şehit Kamil Balkan Zemin Altı Otoparkı,BAYRAMPAŞA,41.0604,28.9008,235,0,235,KAPALI OTOPARK,1,10,24 Saat
2026-08-17T09:10:37.780035+00:00,2026-08-17T12:10:37.780035+03:00,2428,Bayrampaşa Yenidoğan Mahallesi Zemin Altı Otoparkı,BAYRAMPAŞA,41.0395,28.9088,120,0,120,KAPALI OTOPARK,1,10,24 Saat
2026-08-17T09:10:37.780035+00:00,2026-08-17T12:10:37.780035+03:00,2468,Bebek Açık,BEŞİKTAŞ,41.077,29.0434,30,0,30,AÇIK OTOPARK,1,0,24 Saat
2026-08-17T09:10:37.780035+00:00,2026-08-17T12:10:37.780035+03:00,3479,Beşiktaş Halk Pazarı Açık Otoparkı,BEŞİKTAŞ,41.0496,29.0004,170,117,53,AÇIK OTOPARK,1,5,24 Saat
2026-08-17T09:10:37.780035+00:00,2026-08-17T12:10:37.780035+03:00,3257,Beykoz Sahil Cep Otoparkı,BEYKOZ,41.1286,29.0953,100,74,26,AÇIK OTOPARK,1,0,08:00-00:00
2026-08-17T09:10:37.780035+00:00,2026-08-17T12:10:37.780035+03:00,2273,Beykoz Sosyal Tesisleri,BEYKOZ,41.1143,29.0888,130,56,74,AÇIK OTOPARK,1,15,08:00-00:00
2026-08-17T09:10:37.780035+00:00,2026-08-17T12:10:37.780035+03:00,2999,Beyoğlu Gazhane Bostan Sokak 2,BEYOĞLU,41.0389,28.9903,35,1,34,YOL ÜSTÜ,1,0,07:30-16:30
2026-08-17T09:10:37.780035+00:00,2026-08-17T12:10:37.780035+03:00,3072,Beyoğlu Örnektepe Zemin Altı Otoparkı,BEYOĞLU,41.0543,28.9548,143,0,143,KAPALI OTOPARK,1,0,24 Saat
2026-08-17T09:10:37.780035+00:00,2026-08-17T12:10:37.780035+03:00,1455,Bostancı Açık,KADIKÖY,40.9523,29.0902,394,124,270,AÇIK OTOPARK,1,15,24 Saat
2026-08-17T09:10:37.780035+00:00,2026-08-17T12:10:37.780035+03:00,1456,Bostancı Sahil-Cep Açık Otoparkı,KADIKÖY,40.9545,29.0885,192,129,63,AÇIK OTOPARK,1,15,24 Saat
2026-08-17T09:10:37.780035+00:00,2026-08-17T12:10:37.780035+03:00,2150,Bostancı Vergi Dairesi Açık Otoparkı,ATAŞEHİR,40.9625,29.1083,155,0,155,AÇIK OTOPARK,1,5,08:00-20:00
2026-08-17T09:10:37.780035+00:00,2026-08-17T12:10:37.780035+03:00,2854,Bülent Ecevit Kültür Merkezi Açık Otoparkı,KARTAL,40.8852,29.1967,277,266,11,AÇIK OTOPARK,1,0,10:00-21:00
2026-08-17T09:10:37.780035+00:00,2026-08-17T12:10:37.780035+03:00,2866,Büyük İstanbul Otogarı,BAYRAMPAŞA,41.0402,28.8942,1000,0,1000,AÇIK OTOPARK,1,25,24 Saat
2026-08-17T09:10:37.780035+00:00,2026-08-17T12:10:37.780035+03:00,1192,Büyükçamlıca Korusu Sosyal Tesisleri Önü,ÜSKÜDAR,41.0264,29.0698,204,112,92,AÇIK OTOPARK,1,0,08:00-00:00
2026-08-17T09:10:37.780035+00:00,2026-08-17T12:10:37.780035+03:00,2960,Büyükçekmece Metrobüs Durağı Yanı PD Zemin Altı Otopark,BÜYÜKÇEKMECE,41.0221,28.624,448,0,448,KAPALI OTOPARK,1,0,24 Saat
2026-08-17T09:10:37.780035+00:00,2026-08-17T12:10:37.780035+03:00,1503,Cadde Bostan Açık Otoparkı,KADIKÖY,40.9636,29.0675,66,40,26,AÇIK OTOPARK,1,15,24 Saat
2026-08-17T09:10:37.780035+00:00,2026-08-17T12:10:37.780035+03:00,2933,Cemal Kamacı Spor Kompleksi Zemin Altı Otoparkı,KAĞITHANE,41.0536,28.9575,510,0,510,KAPALI OTOPARK,1,0,24 Saat
2026-08-17T09:10:37.780035+00:00,2026-08-17T12:10:37.780035+03:00,2207,Cengiz Topel Yer Altı Katlı Otoparkı,ESENLER,41.0588,28.8643,144,0,144,KAPALI OTOPARK,1,15,24 Saat
2026-08-17T09:10:37.780035+00:00,2026-08-17T12:10:37.780035+03:00,2787,Cevizli Açık Otoparkı,KARTAL,40.9179,29.1712,100,32,68,AÇIK OTOPARK,1,15,08:00-19:00
2026-08-17T09:10:37.780035+00:00,2026-08-17T12:10:37.780035+03:00,782,Cihangir Caddesi 2,BEYOĞLU,41.0319,28.9862,70,1,69,YOL ÜSTÜ,1,15,09:00-19:00
2026-08-17T09:10:37.780035+00:00,2026-08-17T12:10:37.780035+03:00,1467,Cihangir Katlı Otoparkı,BEYOĞLU,41.0318,28.9858,350,0,350,KAPALI OTOPARK,1,0,24 Saat
2026-08-17T09:10:37.780035+00:00,2026-08-17T12:10:37.780035+03:00,535,Cihannuma Yol Üstü 1,BEŞİKTAŞ,41.0454,29.0084,35,1,34,YOL ÜSTÜ,1,0,08:00-23:00
2026-08-17T09:10:37.780035+00:00,2026-08-17T12:10:37.780035+03:00,537,Cihannuma Yol Üstü 3,BEŞİKTAŞ,41.0459,29.0087,33,1,32,YOL ÜSTÜ,1,0,08:00-23:00
2026-08-17T09:10:37.780035+00:00,2026-08-17T12:10:37.780035+03:00,539,Cihannuma Yol Üstü 5,BEŞİKTAŞ,41.0489,29.0094,24,1,23,YOL ÜSTÜ,1,0,08:00-23:00
2026-08-17T09:10:37.780035+00:00,2026-08-17T12:10:37.780035+03:00,3184,Çam Sokak 6,GÜNGÖREN,41.0121,28.8882,50,1,49,YOL ÜSTÜ,1,15,08:00-17:00
2026-08-17T09:10:37.780035+00:00,2026-08-17T12:10:37.780035+03:00,3030,Çekmeköy Metro PD Zemin Altı Otoparkı,ÇEKMEKÖY,41.0147,29.1886,175,37,138,KAPALI OTOPARK,1,15,24 Saat
2026-08-17T09:10:37.780035+00:00,2026-08-17T12:10:37.780035+03:00,2905,Çeliktepe Açık Otoparkı,KAĞITHANE,41.0843,29.0056,200,70,130,AÇIK OTOPARK,1,5,24 Saat
2026-08-17T09:10:37.780035+00:00,2026-08-17T12:10:37.780035+03:00,1298,Çengelköy Açık Otoparkı,ÜSKÜDAR,41.0484,29.0533,500,342,158,AÇIK OTOPARK,1,15,24 Saat
2026-08-17T09:10:37.780035+00:00,2026-08-17T12:10:37.780035+03:00,502,Çınar Açık Otoparkı,BEŞİKTAŞ,41.0853,29.0088,65,1,64,AÇIK OTOPARK,1,0,08:00-18:00
2026-08-17T09:10:37.780035+00:00,2026-08-17T12:10:37.780035+03:00,777,Çırağan Sarayı Yol Üstü 1,BEŞİKTAŞ,41.0448,29.0165,40,1,39,YOL ÜSTÜ,1,15,08:00-23:00
2026-08-17T09:10:37.780035+00:00,2026-08-17T12:10:37.780035+03:00,778,Çırağan Sarayı Yol Üstü 2,BEŞİKTAŞ,41.0445,29.0156,40,1,39,YOL ÜSTÜ,1,15,08:00-23:00
2026-08-17T09:10:37.780035+00:00,2026-08-17T12:10:37.780035+03:00,2228,Çırpıcı Sosyal Tesisler,ZEYTİNBURNU,41,28.8926,128,0,128,AÇIK OTOPARK,1,15,07:00-00:00
2026-08-17T09:10:37.780035+00:00,2026-08-17T12:10:37.780035+03:00,2030,Dalyan Açık Otoparkı,KADIKÖY,40.9632,29.0651,92,36,56,AÇIK OTOPARK,1,15,24 Saat
2026-08-17T09:10:37.780035+00:00,2026-08-17T12:10:37.780035+03:00,2271,Damla Sokak 1,ŞİŞLİ,41.0672,29.0004,17,1,16,YOL ÜSTÜ,1,15,07:30-16:30
2026-08-17T09:10:37.780035+00:00,2026-08-17T12:10:37.780035+03:00,2164,Darüşşafaka Yeraltı Otoparkı,SARIYER,41.1292,29.0252,150,123,27,KAPALI OTOPARK,1,15,08:00-00:00
2026-08-17T09:10:37.780035+00:00,2026-08-17T12:10:37.780035+03:00,1653,Deniz Feneri Otoparkı,FATİH,41.0019,28.9773,175,111,64,AÇIK OTOPARK,1,5,24 Saat
2026-08-17T09:10:37.780035+00:00,2026-08-17T12:10:37.780035+03:00,595,Dostluk Yurdu 1,FATİH,41.0071,28.973,33,1,32,YOL ÜSTÜ,1,15,07:00-17:00
2026-08-17T09:10:37.780035+00:00,2026-08-17T12:10:37.780035+03:00,2237,Dragos Sosyal Tesisleri,KARTAL,40.9017,29.1458,100,18,82,AÇIK OTOPARK,1,15,24 Saat
2026-08-17T09:10:37.780035+00:00,2026-08-17T12:10:37.780035+03:00,3063,Dudullu Metro PD Zemin Altı Otoparkı,ÜMRANİYE,41.0156,29.1633,81,56,25,KAPALI OTOPARK,1,15,07:00-23:30
2026-08-17T09:10:37.780035+00:00,2026-08-17T12:10:37.780035+03:00,1522,Ebu Suut Caddesi 1,FATİH,41.0128,28.9766,35,1,34,YOL ÜSTÜ,1,0,08:00-18:00
2026-08-17T09:10:37.780035+00:00,2026-08-17T12:10:37.780035+03:00,2147,EGS Blokları Açık Otoparkı,BAKIRKÖY,40.9863,28.8354,350,0,350,AÇIK OTOPARK,1,60,09:00-19:30
2026-08-17T09:10:37.780035+00:00,2026-08-17T12:10:37.780035+03:00,2366,Esenler Adem Baştürk Kültür Merkezi Katlı,ESENLER,41.039,28.8846,460,32,428,KAPALI OTOPARK,1,15,24 Saat
2026-08-17T09:10:37.780035+00:00,2026-08-17T12:10:37.780035+03:00,3190,Esenler Havaalanı Mahallesi Zemin Altı Otoparkı,ESENLER,41.0562,28.8674,610,366,244,KAPALI OTOPARK,1,10,24 Saat
2026-08-17T09:10:37.780035+00:00,2026-08-17T12:10:37.780035+03:00,3011,Esenler Menderes Metro İstasyonu Yanı,ESENLER,41.0427,28.8783,68,19,49,AÇIK OTOPARK,1,5,24 Saat
2026-08-17T09:10:37.780035+00:00,2026-08-17T12:10:37.780035+03:00,2822,Esenler Menderes Parkı Zemin Altı Otoparkı,ESENLER,41.0412,28.8729,325,66,259,KAPALI OTOPARK,1,10,24 Saat
2026-08-17T09:10:37.780035+00:00,2026-08-17T12:10:37.780035+03:00,3303,Esenyurt Adile Naşit Bulvarı Zeminaltı Otoparkı,ESENYURT,41.0205,28.6859,367,274,93,KAPALI OTOPARK,1,15,24 Saat
2026-08-17T09:10:37.780035+00:00,2026-08-17T12:10:37.780035+03:00,1328,Eski Salı Pazarı,KADIKÖY,40.9904,29.0338,760,0,760,AÇIK OTOPARK,1,15,24 Saat
2026-08-17T09:10:37.780035+00:00,2026-08-17T12:10:37.780035+03:00,904,Eyüp Pierloti Caddesi 1,EYÜP,41.0539,28.9329,40,1,39,YOL ÜSTÜ,1,0,09:00-22:00
2026-08-17T09:10:37.780035+00:00,2026-08-17T12:10:37.780035+03:00,2850,Eyüpsultan Akşemsettin Mahallesi Zemin Altı Otoparkı,EYÜP,41.085,28.9258,110,0,110,KAPALI OTOPARK,1,15,24 Saat
2026-08-17T09:10:37.780035+00:00,2026-08-17T12:10:37.780035+03:00,2215,Fatih Çeşmesi Tabiat Parkı Otoparkı,SARIYER,41.1686,28.9448,250,243,7,AÇIK OTOPARK,1,0,06:00-20:00
2026-08-17T09:10:37.780035+00:00,2026-08-17T12:10:37.780035+03:00,1475,Fatih Katlı Otoparkı,FATİH,41.0198,28.9396,118,0,118,KAPALI OTOPARK,1,10,24 Saat
2026-08-17T09:10:37.780035+00:00,2026-08-17T12:10:37.780035+03:00,1591,Feshane PD Açık Otoparkı,EYÜP,41.0463,28.9378,200,73,127,AÇIK OTOPARK,1,15,24 Saat
2026-08-17T09:10:37.780035+00:00,2026-08-17T12:10:37.780035+03:00,1005,Florya Havuzlu Bahçe,BAKIRKÖY,40.9764,28.7908,135,1,134,AÇIK OTOPARK,1,0,09:00-23:00
2026-08-17T09:10:37.780035+00:00,2026-08-17T12:10:37.780035+03:00,2238,Florya Sosyal Tesisleri,BAKIRKÖY,40.9614,28.8091,1074,901,173,AÇIK OTOPARK,1,15,24 Saat
2026-08-17T09:10:37.780035+00:00,2026-08-17T12:10:37.780035+03:00,1704,Gazi Umur Paşa Sokak 5,BEŞİKTAŞ,41.0589,29.0114,45,1,44,YOL ÜSTÜ,1,15,08:00-17:00
2026-08-17T09:10:37.780035+00:00,2026-08-17T12:10:37.780035+03:00,3296,Gaziosmanpaşa Meydanı ve Yaşam Merkezi Zemin Altı Otoparkı,GAZİOSMANPAŞA,41.0606,28.9093,202,0,202,KAPALI OTOPARK,1,15,24 Saat
2026-08-17T09:10:37.780035+00:00,2026-08-17T12:10:37.780035+03:00,2971,Gaziosmanpaşa Zemin Altı Otoparkı,GAZİOSMANPAŞA,41.0796,28.8858,285,0,285,KAPALI OTOPARK,1,0,24 Saat
2026-08-17T09:10:37.780035+00:00,2026-08-17T12:10:37.780035+03:00,3401,Giyimkent Tekstilkent Metro Zemin Altı PD Otoparkı,ESENLER,41.0711,28.8666,203,160,43,KAPALI OTOPARK,1,10,24 Saat
2026-08-17T09:10:37.780035+00:00,2026-08-17T12:10:37.780035+03:00,2242,Gözdağı Sosyal Tesisler  Açık Otoparkı,PENDİK,40.893,29.2538,300,216,84,AÇIK OTOPARK,1,0,07:00-23:00
2026-08-17T09:10:37.780035+00:00,2026-08-17T12:10:37.780035+03:00,1879,Gülsuyu Metro PD Yer Altı Otoparkı,MALTEPE,40.9237,29.1548,76,0,76,KAPALI OTOPARK,1,15,08:00-00:00
2026-08-17T09:10:37.780035+00:00,2026-08-17T12:10:37.780035+03:00,1423,Güneş Plajı 1,BAKIRKÖY,40.9712,28.79,250,194,56,AÇIK OTOPARK,1,10,24 Saat
2026-08-17T09:10:37.780035+00:00,2026-08-17T12:10:37.780035+03:00,1461,Güneş Plajı 2,BAKIRKÖY,40.9692,28.7951,135,119,16,AÇIK OTOPARK,1,10,08:00-20:00
2026-08-17T09:10:37.780035+00:00,2026-08-17T12:10:37.780035+03:00,3053,Güngören Nikah Dairesi Zemin Altı otoparkı,GÜNGÖREN,41.0363,28.8718,147,0,147,KAPALI OTOPARK,1,10,24 Saat
2026-08-17T09:10:37.780035+00:00,2026-08-17T12:10:37.780035+03:00,2216,Gürpınar Balık Hali Otoparkı,BEYLİKDÜZÜ,40.9663,28.6019,1000,721,279,AÇIK OTOPARK,1,15,24 Saat
2026-08-17T09:10:37.780035+00:00,2026-08-17T12:10:37.780035+03:00,1525,Hacıosman Metro Yer Altı Otoparkı,SARIYER,41.14,29.0306,422,72,350,KAPALI OTOPARK,1,15,24 Saat
2026-08-17T09:10:37.780035+00:00,2026-08-17T12:10:37.780035+03:00,1470,Haldun Alagaş Katlı Otoparkı,ÜMRANİYE,41.0262,29.1052,197,35,162,KAPALI OTOPARK,1,15,24 Saat
2026-08-17T09:10:37.780035+00:00,2026-08-17T12:10:37.780035+03:00,3235,Haliç Sosyal Tesisleri Otoparkı,FATİH,41.0277,28.9572,60,19,41,AÇIK OTOPARK,1,15,07:00-00:00
2026-08-17T09:10:37.780035+00:00,2026-08-17T12:10:37.780035+03:00,2848,Halkalı Mahallesi Zemin Altı Otoparkı,KÜÇÜKÇEKMECE,41.0359,28.7848,347,165,182,KAPALI OTOPARK,1,15,24 Saat
2026-08-17T09:10:37.780035+00:00,2026-08-17T12:10:37.780035+03:00,2838,Hamidiye Mahallesi Katlı Otoparkı,KAĞITHANE,41.0949,28.971,450,199,251,KAPALI OTOPARK,1,15,24 Saat
2026-08-17T09:10:37.780035+00:00,2026-08-17T12:10:37.780035+03:00,1446,Harbiye Zemin Altı Otoparkı,BEYOĞLU,41.0408,28.9869,142,0,142,KAPALI OTOPARK,1,5,24 Saat
2026-08-17T09:10:37.780035+00:00,2026-08-17T12:10:37.780035+03:00,2332,Haydarpaşa Katlı Otoparkı,ÜSKÜDAR,41.0048,29.0251,840,451,389,KAPALI OTOPARK,1,15,24 Saat
2026-08-17T09:10:37.780035+00:00,2026-08-17T12:10:37.780035+03:00,1987,Haznedar Yer Altı Otoparkı,GÜNGÖREN,41.0083,28.8729,540,0,540,KAPALI OTOPARK,1,0,24 Saat
2026-08-17T09:10:37.780035+00:00,2026-08-17T12:10:37.780035+03:00,377,Hızır Külhani Sokak,FATİH,41.0202,28.9605,32,1,31,YOL ÜSTÜ,1,15,09:00-17:00
2026-08-17T09:10:37.780035+00:00,2026-08-17T12:10:37.780035+03:00,3173,Hürriyet Mahallesi Zeminaltı Otoparkı,GAZİOSMANPAŞA,41.0708,28.8951,190,0,190,KAPALI OTOPARK,1,15,24 Saat
2026-08-17T09:10:37.780035+00:00,2026-08-17T12:10:37.780035+03:00,157,Ihlamur Dere Caddesi 4,BEŞİKTAŞ,41.047,29.0023,27,1,26,YOL ÜSTÜ,1,15,09:00-17:00
2026-08-17T09:10:37.780035+00:00,2026-08-17T12:10:37.780035+03:00,1189,İçerenköy Sebze Meyve Hali Otoparkı,ATAŞEHİR,40.9766,29.1044,600,600,0,AÇIK OTOPARK,1,15,24 Saat
2026-08-17T09:10:37.780035+00:00,2026-08-17T12:10:37.780035+03:00,1127,İshakpaşa Caddesi,FATİH,41.0079,28.9814,200,1,199,YOL ÜSTÜ,1,0,08:00-18:00
2026-08-17T09:10:37.780035+00:00,2026-08-17T12:10:37.780035+03:00,3265,İspark İstanbul West Marina Açık Otoparkı 1,BEYLİKDÜZÜ,40.9636,28.6564,250,1,249,AÇIK OTOPARK,1,15,24 Saat
2026-08-17T09:10:37.780035+00:00,2026-08-17T12:10:37.780035+03:00,2793,İspark Merter Katlı Otoparkı,GÜNGÖREN,41.0097,28.89,900,289,611,KAPALI OTOPARK,1,10,24 Saat
2026-08-17T09:10:37.780035+00:00,2026-08-17T12:10:37.780035+03:00,2430,İspark West İstanbul Marina Açık Otoparkı,BEYLİKDÜZÜ,40.9639,28.6591,1600,1018,582,AÇIK OTOPARK,1,15,24 Saat
2026-08-17T09:10:37.780035+00:00,2026-08-17T12:10:37.780035+03:00,381,İstinye 4 ( Cami Önü ),SARIYER,41.1149,29.0571,25,1,24,YOL ÜSTÜ,1,15,08:30-17:30
2026-08-17T09:10:37.780035+00:00,2026-08-17T12:10:37.780035+03:00,1804,İtalyan Hastanesi Karşısı Açık Otoparkı 1,BEYOĞLU,41.028,28.9815,30,1,29,AÇIK OTOPARK,1,0,08:00-19:00
2026-08-17T09:10:37.780035+00:00,2026-08-17T12:10:37.780035+03:00,507,Kabasakal Medrese Önü,FATİH,41.0062,28.9789,65,1,64,AÇIK OTOPARK,1,0,08:00-18:30
2026-08-17T09:10:37.780035+00:00,2026-08-17T12:10:37.780035+03:00,3306,Kabataş Transfer Merkezi Turizm Otobüs Otoparkı,BEYOĞLU,41.0336,28.9923,160,4,156,KAPALI OTOPARK,1,20,24 Saat
2026-08-17T09:10:37.780035+00:00,2026-08-17T12:10:37.780035+03:00,2918,Kadıköy Hasanpaşa Gazhane Katlı Otoparkı,KADIKÖY,40.9972,29.0428,310,200,110,KAPALI OTOPARK,1,15,24 Saat
2026-08-17T09:10:37.780035+00:00,2026-08-17T12:10:37.780035+03:00,1447,Kadıköy İski Açık Otoparkı,KADIKÖY,40.9874,29.0207,124,0,124,AÇIK OTOPARK,1,15,24 Saat
2026-08-17T09:10:37.780035+00:00,2026-08-17T12:10:37.780035+03:00,1655,Kadıköy Metro Açık Otoparkı,KADIKÖY,40.9899,29.0217,74,0,74,AÇIK OTOPARK,1,15,24 Saat
2026-08-17T09:10:37.780035+00:00,2026-08-17T12:10:37.780035+03:00,3445,Kadıköy Uzunçayır PD Açık Otoparkı,KADIKÖY,40.9982,29.0569,70,40,30,AÇIK OTOPARK,1,15,06:30-16:30
2026-08-17T09:10:37.780035+00:00,2026-08-17T12:10:37.780035+03:00,2808,Kadıköy Yeni Salı Pazarı PD Katlı Otoparkı,KADIKÖY,40.9969,29.0486,1350,655,695,KAPALI OTOPARK,1,15,24 Saat
2026-08-17T09:10:37.780035+00:00,2026-08-17T12:10:37.780035+03:00,2811,Kağıthane Harmantepe Zemin Altı Otoparkı,KAĞITHANE,41.0816,28.9907,200,0,200,KAPALI OTOPARK,1,0,24 Saat
2026-08-17T09:10:37.780035+00:00,2026-08-17T12:10:37.780035+03:00,1452,Kalamış Açık Otoparkı,KADIKÖY,40.9687,29.0363,173,134,39,AÇIK OTOPARK,1,15,24 Saat
2026-08-17T09:10:37.780035+00:00,2026-08-17T12:10:37.780035+03:00,1474,Kartal Hasan Doğan Spor Kompleksi,KARTAL,40.8918,29.1897,773,0,773,KAPALI OTOPARK,1,15,24 Saat
2026-08-17T09:10:37.780035+00:00,2026-08-17T12:10:37.780035+03:00,1105,Kartal İdo Açık Otoparkı,KARTAL,40.8874,29.1881,90,0,90,AÇIK OTOPARK,1,15,24 Saat
2026-08-17T09:10:37.780035+00:00,2026-08-17T12:10:37.780035+03:00,1550,Kartal Sahil Açık Otoparkı,KARTAL,40.8875,29.1901,75,7,68,AÇIK OTOPARK,1,5,24 Saat
2026-08-17T09:10:37.780035+00:00,2026-08-17T12:10:37.780035+03:00,3434,Kasımpaşa Sosyal Tesisler Otoparkı,BEYOĞLU,41.0296,28.9673,60,37,23,AÇIK OTOPARK,1,0,07:30-23:00
2026-08-17T09:10:37.780035+00:00,2026-08-17T12:10:37.780035+03:00,1960,Kazlıçeşme Marmaray Açık Otoparkı,ZEYTİNBURNU,40.9922,28.917,700,534,166,AÇIK OTOPARK,1,15,24 Saat
2026-08-17T09:10:37.780035+00:00,2026-08-17T12:10:37.780035+03:00,2994,Kirazlı Metro Durağı PD Açık Otoparkı,BAĞCILAR,41.033,28.8429,112,0,112,AÇIK OTOPARK,1,5,24 Saat
2026-08-17T09:10:37.780035+00:00,2026-08-17T12:10:37.780035+03:00,1528,Kore Şehitleri Caddesi - Yüzbaşı Kaya Aldağon Sokak 1,ŞİŞLİ,41.0719,29.0139,40,1,39,YOL ÜSTÜ,1,15,07:00-16:00
2026-08-17T09:10:37.780035+00:00,2026-08-17T12:10:37.780035+03:00,2449,Kozyatağı Sebze-Meyve Hali,ATAŞEHİR,40.9787,29.1029,1500,1499,1,AÇIK OTOPARK,1,0,24 Saat
2026-08-17T09:10:37.780035+00:00,2026-08-17T12:10:37.780035+03:00,1206,Kutlugün Sokak 2,FATİH,41.0061,28.9801,200,1,199,YOL ÜSTÜ,1,0,08:00-18:00
2026-08-17T09:10:37.780035+00:00,2026-08-17T12:10:37.780035+03:00,3074,Küçük Çamlıca,ÜSKÜDAR,41.0204,29.0653,129,106,23,AÇIK OTOPARK,1,0,08:00-22:00
2026-08-17T09:10:37.780035+00:00,2026-08-17T12:10:37.780035+03:00,3127,Küçükçekmece Cennet Mahallesi Meydan Zemin Altı Otoparkı,KÜÇÜKÇEKMECE,40.9907,28.783,456,0,456,KAPALI OTOPARK,1,10,24 Saat
2026-08-17T09:10:37.780035+00:00,2026-08-17T12:10:37.780035+03:00,2554,Küçükçekmece Fevzi Çakmak Meydanı Zemin Altı Otoparkı,KÜÇÜKÇEKMECE,41.0076,28.7927,1000,530,470,KAPALI OTOPARK,1,10,24 Saat
2026-08-17T09:10:37.780035+00:00,2026-08-17T12:10:37.780035+03:00,2882,Küçüksu Kasrı Açık Otoparkı,BEYKOZ,41.0789,29.0657,98,92,6,AÇIK OTOPARK,1,0,07:00-23:00
2026-08-17T09:10:37.780035+00:00,2026-08-17T12:10:37.780035+03:00,220,Levent Hamidiye,BEŞİKTAŞ,41.0861,29.0076,100,1,99,AÇIK OTOPARK,1,0,08:00-19:00
2026-08-17T09:10:37.780035+00:00,2026-08-17T12:10:37.780035+03:00,1138,Levent Metro Yer Altı Otoparkı,BEŞİKTAŞ,41.0811,29.0105,100,1,99,AÇIK OTOPARK,1,5,07:30-19:30
2026-08-17T09:10:37.780035+00:00,2026-08-17T12:10:37.780035+03:00,2335,Maçka Açık Otoparkı,ŞİŞLİ,41.046,28.9908,75,74,1,AÇIK OTOPARK,1,0,24 Saat
2026-08-17T09:10:37.780035+00:00,2026-08-17T12:10:37.780035+03:00,1859,Maçka Katlı Otoparkı,ŞİŞLİ,41.0484,28.9903,508,134,374,KAPALI OTOPARK,1,0,24 Saat
2026-08-17T09:10:37.780035+00:00,2026-08-17T12:10:37.780035+03:00,3193,Maltepe Rıhtım Caddesi Açık Otoparkı,MALTEPE,40.9258,29.1241,76,54,22,AÇIK OTOPARK,1,0,24 Saat
2026-08-17T09:10:37.780035+00:00,2026-08-17T12:10:37.780035+03:00,2146,Maltepe Süreyyapaşa Çarşısı Açık Otoparkı,MALTEPE,40.9274,29.1225,156,106,50,AÇIK OTOPARK,1,0,24 Saat
2026-08-17T09:10:37.780035+00:00,2026-08-17T12:10:37.780035+03:00,1599,Maslak Açık Otoparkı,SARIYER,41.1166,29.024,150,54,96,AÇIK OTOPARK,1,10,24 Saat
2026-08-17T09:10:37.780035+00:00,2026-08-17T12:10:37.780035+03:00,2100,Matbaacılar Sitesi Yanı,ZEYTİNBURNU,41.0234,28.9187,250,131,119,AÇIK OTOPARK,1,5,24 Saat
2026-08-17T09:10:37.780035+00:00,2026-08-17T12:10:37.780035+03:00,920,Meclis-i Mebusan Yokuşu 2,BEYOĞLU,41.0326,28.9882,34,1,33,YOL ÜSTÜ,1,15,09:00-17:00
2026-08-17T09:10:37.780035+00:00,2026-08-17T12:10:37.780035+03:00,1546,Menekşe Plajı Açık Otoparkı,BAKIRKÖY,40.9761,28.7766,200,200,0,AÇIK OTOPARK,1,0,24 Saat
2026-08-17T09:10:37.780035+00:00,2026-08-17T12:10:37.780035+03:00,1376,Mercan Açık,FATİH,41.0136,28.9669,130,18,112,AÇIK OTOPARK,1,0,08:00-23:00
2026-08-17T09:10:37.780035+00:00,2026-08-17T12:10:37.780035+03:00,3309,Mercan Ali Paşa Sarayı Zemin Altı Otoparkı,FATİH,41.0136,28.967,196,1,195,KAPALI OTOPARK,1,0,07:00-21:00
2026-08-17T09:10:37.780035+00:00,2026-08-17T12:10:37.780035+03:00,1472,Merter Katlı Otoparkı,GÜNGÖREN,41.0092,28.8874,1000,850,150,KAPALI OTOPARK,1,10,24 Saat
2026-08-17T09:10:37.780035+00:00,2026-08-17T12:10:37.780035+03:00,2375,Merter Metro PD Zeminaltı Otoparkı,GÜNGÖREN,41.0037,28.8897,242,79,163,KAPALI OTOPARK,1,10,24 Saat
2026-08-17T09:10:37.780035+00:00,2026-08-17T12:10:37.780035+03:00,1568,Mete Caddesi 1,BEYOĞLU,41.0382,28.9879,31,1,30,YOL ÜSTÜ,1,15,08:00-23:00
2026-08-17T09:10:37.780035+00:00,2026-08-17T12:10:37.780035+03:00,1471,Mevlana Yeraltı Katlı Otoparkı,ZEYTİNBURNU,41.0072,28.9049,1000,856,144,KAPALI OTOPARK,1,5,24 Saat
2026-08-17T09:10:37.780035+00:00,2026-08-17T12:10:37.780035+03:00,2709,Millet Caddesi Açık Otoparkı,FATİH,41.01,28.9461,60,1,59,AÇIK OTOPARK,1,15,24 Saat
2026-08-17T09:10:37.780035+00:00,2026-08-17T12:10:37.780035+03:00,3152,Mimar Sinan Zemin Altı Otoparkı,ÜSKÜDAR,41.0222,29.0169,956,0,956,KAPALI OTOPARK,1,15,24 Saat
2026-08-17T09:10:37.780035+00:00,2026-08-17T12:10:37.780035+03:00,2870,Miniatürk Çadır Açık Otoparkı,BEYOĞLU,41.0594,28.9501,250,198,52,AÇIK OTOPARK,1,15,07:00-20:00
2026-08-17T09:10:37.780035+00:00,2026-08-17T12:10:37.780035+03:00,2556,Muallim Naci Açık Otoparkı,BEŞİKTAŞ,41.0561,29.0342,35,27,8,AÇIK OTOPARK,1,15,24 Saat
2026-08-17T09:10:37.780035+00:00,2026-08-17T12:10:37.780035+03:00,569,Oda Kule Önü 1,BEYOĞLU,41.0322,28.9751,24,1,23,YOL ÜSTÜ,1,0,07:00-01:00
2026-08-17T09:10:37.780035+00:00,2026-08-17T12:10:37.780035+03:00,1988,Orhangazi Şehir Parkı PD Açık Otoparkı,MALTEPE,40.9313,29.1161,5022,4540,482,AÇIK OTOPARK,1,15,24 Saat
2026-08-17T09:10:37.780035+00:00,2026-08-17T12:10:37.780035+03:00,152,Ortabahçe Caddesi 2,BEŞİKTAŞ,41.0428,29.0043,35,1,34,YOL ÜSTÜ,1,15,08:00-23:00
2026-08-17T09:10:37.780035+00:00,2026-08-17T12:10:37.780035+03:00,153,Ortabahçe Caddesi 3,BEŞİKTAŞ,41.043,29.0042,26,1,25,YOL ÜSTÜ,1,15,08:00-23:00
2026-08-17T09:10:37.780035+00:00,2026-08-17T12:10:37.780035+03:00,119,Ortaklar Caddesi 1,ŞİŞLİ,41.0638,28.9971,25,1,24,YOL ÜSTÜ,1,15,08:30-17:00
2026-08-17T09:10:37.780035+00:00,2026-08-17T12:10:37.780035+03:00,1343,Ortaköy Açık Otoparkı,BEŞİKTAŞ,41.0504,29.0326,170,142,28,AÇIK OTOPARK,1,0,24 Saat
2026-08-17T09:10:37.780035+00:00,2026-08-17T12:10:37.780035+03:00,572,Ortaköy Portakal Yokuşu 1,BEŞİKTAŞ,41.0503,29.0261,15,1,14,YOL ÜSTÜ,1,15,09:00-19:00
2026-08-17T09:10:37.780035+00:00,2026-08-17T12:10:37.780035+03:00,1039,Öğretmen Evi,AVCILAR,40.9723,28.714,80,41,39,AÇIK OTOPARK,1,0,11:00-23:00
2026-08-17T09:10:37.780035+00:00,2026-08-17T12:10:37.780035+03:00,1466,Pendik Katlı Otoparkı,PENDİK,40.8789,29.2342,120,0,120,KAPALI OTOPARK,1,15,24 Saat
2026-08-17T09:10:37.780035+00:00,2026-08-17T12:10:37.780035+03:00,3073,Pendik Kemal Kalkuz Parkı Zemin Altı Otoparkı,PENDİK,40.8885,29.2427,224,0,224,KAPALI OTOPARK,1,0,09:00-18:00
2026-08-17T09:10:37.780035+00:00,2026-08-17T12:10:37.780035+03:00,3019,Pendik Meydan Zemin Altı Otoparkı,PENDİK,40.8752,29.2324,937,0,937,KAPALI OTOPARK,1,0,24 Saat
2026-08-17T09:10:37.780035+00:00,2026-08-17T12:10:37.780035+03:00,2865,Pendik Sahil Engelliler Merkez Önü,PENDİK,40.8735,29.233,100,66,34,AÇIK OTOPARK,1,0,11:00-20:00
2026-08-17T09:10:37.780035+00:00,2026-08-17T12:10:37.780035+03:00,2434,Pendik Sahil İdo,PENDİK,40.8755,29.2369,100,0,100,AÇIK OTOPARK,1,0,07:00-23:00
2026-08-17T09:10:37.780035+00:00,2026-08-17T12:10:37.780035+03:00,248,Pendik Yenimahalle Açık 2 Otoparkı,PENDİK,40.864,29.2723,124,78,46,AÇIK OTOPARK,1,15,10:00-22:00
2026-08-17T09:10:37.780035+00:00,2026-08-17T12:10:37.780035+03:00,297,Perşembe Pazarı 1,BEYOĞLU,41.0252,28.9693,32,1,31,YOL ÜSTÜ,1,15,08:00-17:00
2026-08-17T09:10:37.780035+00:00,2026-08-17T12:10:37.780035+03:00,597,Pierre Loti Caddesi 3,FATİH,41.0069,28.9711,36,1,35,YOL ÜSTÜ,1,0,07:00-17:00
2026-08-17T09:10:37.780035+00:00,2026-08-17T12:10:37.780035+03:00,3263,Piyalepaşa Meydanı Zemin Altı Otoparkı,BEYOĞLU,41.0445,28.9674,560,266,294,KAPALI OTOPARK,1,0,24 Saat
2026-08-17T09:10:37.780035+00:00,2026-08-17T12:10:37.780035+03:00,1900,Ragıp Gümüşpala Cad.(Sobacılar Önü),FATİH,41.0181,28.969,40,1,39,YOL ÜSTÜ,1,15,07:00-18:00
2026-08-17T09:10:37.780035+00:00,2026-08-17T12:10:37.780035+03:00,415,Ragıp Gümüşpala Camii Önü 1,FATİH,41.0211,28.9627,35,1,34,YOL ÜSTÜ,1,0,07:00-17:30
2026-08-17T09:10:37.780035+00:00,2026-08-17T12:10:37.780035+03:00,3268,Refik Saydam Caddesi 3,BEYOĞLU,41.032,28.9736,55,1,54,YOL ÜSTÜ,1,0,06:00-23:00
2026-08-17T09:10:37.780035+00:00,2026-08-17T12:10:37.780035+03:00,2307,Ressam Halim Sokak PD Açık Otoparkı,BAHÇELİEVLER,40.9967,28.8641,120,52,68,AÇIK OTOPARK,1,15,08:00-00:00
2026-08-17T09:10:37.780035+00:00,2026-08-17T12:10:37.780035+03:00,3082,Rumeli Hisarı Sahil Yolu Otoparkı,SARIYER,41.0854,29.0568,20,0,20,AÇIK OTOPARK,1,0,24 Saat
2026-08-17T09:10:37.780035+00:00,2026-08-17T12:10:37.780035+03:00,1595,Sabiha Gökçen Açık Otoparkı,PENDİK,40.925,29.308,1056,202,854,AÇIK OTOPARK,1,15,24 Saat
2026-08-17T09:10:37.780035+00:00,2026-08-17T12:10:37.780035+03:00,3239,Samatya Sahil Cep Otoparkı,FATİH,40.9954,28.932,113,111,2,AÇIK OTOPARK,1,15,24 Saat
2026-08-17T09:10:37.780035+00:00,2026-08-17T12:10:37.780035+03:00,3273,Sarıyer Büyükdere Fidanlığı,SARIYER,41.1548,29.0268,160,155,5,AÇIK OTOPARK,1,0,08:00-18:00
2026-08-17T09:10:37.780035+00:00,2026-08-17T12:10:37.780035+03:00,3299,Sariyer Ayazağa Mah Vadi İstanbul Önü Açık Otoparkı,SARIYER,41.1106,28.9881,100,96,4,AÇIK OTOPARK,1,0,08:00-20:00
2026-08-17T09:10:37.780035+00:00,2026-08-17T12:10:37.780035+03:00,1303,Seyrantepe Katlı (Arena Karşısı) 1,KAĞITHANE,41.101,28.9961,1897,1891,6,KAPALI OTOPARK,1,0,24 Saat
2026-08-17T09:10:37.780035+00:00,2026-08-17T12:10:37.780035+03:00,1628,Sıracevizler Caddesi Yol Üstü 5,ŞİŞLİ,41.0607,28.9841,45,1,44,YOL ÜSTÜ,1,15,09:00-17:00
2026-08-17T09:10:37.780035+00:00,2026-08-17T12:10:37.780035+03:00,464,Sirkeci Gar Önü,FATİH,41.015,28.9761,60,1,59,AÇIK OTOPARK,1,5,07:00-20:00
2026-08-17T09:10:37.780035+00:00,2026-08-17T12:10:37.780035+03:00,1486,Siyavuşpaşa Yer Altı Otoparkı,BAHÇELİEVLER,40.9965,28.8532,155,0,155,KAPALI OTOPARK,1,0,24 Saat
2026-08-17T09:10:37.780035+00:00,2026-08-17T12:10:37.780035+03:00,1958,Soğanlık Metro PD Açık Otoparkı,KARTAL,40.9131,29.1925,898,820,78,AÇIK OTOPARK,1,15,24 Saat
2026-08-17T09:10:37.780035+00:00,2026-08-17T12:10:37.780035+03:00,589,Su Terazisi Sokak,FATİH,41.0046,28.9727,22,1,21,YOL ÜSTÜ,1,0,07:30-17:00
2026-08-17T09:10:37.780035+00:00,2026-08-17T12:10:37.780035+03:00,1478,Suadiye Cep Açık Otoparkı,KADIKÖY,40.9586,29.0732,130,114,16,AÇIK OTOPARK,1,15,24 Saat
2026-08-17T09:10:37.780035+00:00,2026-08-17T12:10:37.780035+03:00,2948,Suadiye Sahil Açık Otoparkı,KADIKÖY,40.9562,29.0797,70,36,34,AÇIK OTOPARK,1,5,24 Saat
2026-08-17T09:10:37.780035+00:00,2026-08-17T12:10:37.780035+03:00,2799,Sultanbeyli Emir Caddesi Zemin Altı Otoparkı,SULTANBEYLİ,40.9707,29.2606,130,72,58,KAPALI OTOPARK,1,15,08:00-22:00
2026-08-17T09:10:37.780035+00:00,2026-08-17T12:10:37.780035+03:00,2372,Sultanbeyli Kent Meydanı Zemin Altı Otoparkı,SULTANBEYLİ,40.9667,29.2667,300,137,163,KAPALI OTOPARK,1,15,24 Saat
2026-08-17T09:10:37.780035+00:00,2026-08-17T12:10:37.780035+03:00,2410,Sultangazi Zemin Altı Otoparkı,SULTANGAZİ,41.0944,28.8649,104,0,104,KAPALI OTOPARK,1,10,24 Saat
2026-08-17T09:10:37.780035+00:00,2026-08-17T12:10:37.780035+03:00,2085,Süleyman Seba Caddesi 2,BEŞİKTAŞ,41.0426,28.9998,40,1,39,YOL ÜSTÜ,1,15,08:00-18:00
2026-08-17T09:10:37.780035+00:00,2026-08-17T12:10:37.780035+03:00,2088,Süleyman Seba Caddesi 5,BEŞİKTAŞ,41.0432,28.9978,40,1,39,YOL ÜSTÜ,1,15,08:00-18:00
2026-08-17T09:10:37.780035+00:00,2026-08-17T12:10:37.780035+03:00,2089,Süleyman Seba Caddesi 6,BEŞİKTAŞ,41.0435,28.9967,11,1,10,YOL ÜSTÜ,1,15,08:00-18:00
2026-08-17T09:10:37.780035+00:00,2026-08-17T12:10:37.780035+03:00,2391,Süleymaniye Cami Altı Açık Otoparkı,FATİH,41.0158,28.961,250,235,15,AÇIK OTOPARK,1,0,06:30-18:30
2026-08-17T09:10:37.780035+00:00,2026-08-17T12:10:37.780035+03:00,1730,Sütlüce Miniatürk Yanı,BEYOĞLU,41.057,28.95,320,202,118,AÇIK OTOPARK,1,15,24 Saat
2026-08-17T09:10:37.780035+00:00,2026-08-17T12:10:37.780035+03:00,36,Şakayık Sokak 4,ŞİŞLİ,41.0518,28.9936,50,1,49,YOL ÜSTÜ,1,15,08:00-16:00
2026-08-17T09:10:37.780035+00:00,2026-08-17T12:10:37.780035+03:00,1469,Şehit Volkan Duysak Katlı Otoparkı,ZEYTİNBURNU,40.9968,28.9039,1000,686,314,KAPALI OTOPARK,1,5,24 Saat
2026-08-17T09:10:37.780035+00:00,2026-08-17T12:10:37.780035+03:00,2855,Şemsipaşa Açık Otoparkı,ÜSKÜDAR,41.0255,29.0097,80,79,1,AÇIK OTOPARK,1,0,24 Saat
2026-08-17T09:10:37.780035+00:00,2026-08-17T12:10:37.780035+03:00,2439,Şirinevler Meydan Zeminaltı Otoparkı,BAHÇELİEVLER,40.9925,28.8496,367,33,334,KAPALI OTOPARK,1,0,24 Saat
2026-08-17T09:10:37.780035+00:00,2026-08-17T12:10:37.780035+03:00,3400,Şişhane Refik Saydam Caddesi 2 Yol Üstü Otoparkı 1,BEYOĞLU,41.0326,28.9743,70,1,69,YOL ÜSTÜ,1,15,06:00-23:00
2026-08-17T09:10:37.780035+00:00,2026-08-17T12:10:37.780035+03:00,3441,Şişli Kuştepe Zemin Altı Otoparkı,ŞİŞLİ,41.072,28.9919,430,284,146,KAPALI OTOPARK,1,15,24 Saat
2026-08-17T09:10:37.780035+00:00,2026-08-17T12:10:37.780035+03:00,2816,Şişli Rumeli Caddesi Metro Yanı 1,ŞİŞLİ,41.0538,28.9868,45,1,44,YOL ÜSTÜ,1,15,08:00-20:00
2026-08-17T09:10:37.780035+00:00,2026-08-17T12:10:37.780035+03:00,2406,Şişli Zemin Altı Otoparkı,ŞİŞLİ,41.0641,28.9992,581,80,501,KAPALI OTOPARK,1,15,24 Saat
2026-08-17T09:10:37.780035+00:00,2026-08-17T12:10:37.780035+03:00,1993,Tuzla İdo,TUZLA,40.8149,29.3039,300,283,17,AÇIK OTOPARK,1,15,24 Saat
2026-08-17T09:10:37.780035+00:00,2026-08-17T12:10:37.780035+03:00,3332,Tuzla Sahil Cep,TUZLA,40.8168,29.2992,50,39,11,AÇIK OTOPARK,1,0,08:00-00:00
2026-08-17T09:10:37.780035+00:00,2026-08-17T12:10:37.780035+03:00,3057,Tuzla Sahil Zemin Altı Otoparkı,TUZLA,40.8181,29.3004,779,1,778,KAPALI OTOPARK,1,15,24 Saat
2026-08-17T09:10:37.780035+00:00,2026-08-17T12:10:37.780035+03:00,1811,Ulu Camii Açık Otoparkı,BAHÇELİEVLER,40.9982,28.8499,150,128,22,AÇIK OTOPARK,1,10,24 Saat
2026-08-17T09:10:37.780035+00:00,2026-08-17T12:10:37.780035+03:00,2424,Uzunçayır Açık Otoparkı,KADIKÖY,40.9988,29.0556,58,51,7,AÇIK OTOPARK,1,0,06:00-16:00
2026-08-17T09:10:37.780035+00:00,2026-08-17T12:10:37.780035+03:00,1468,Ümraniye Katlı Otoparkı,ÜMRANİYE,41.0261,29.0953,665,457,208,KAPALI OTOPARK,1,15,24 Saat
2026-08-17T09:10:37.780035+00:00,2026-08-17T12:10:37.780035+03:00,2898,Ümraniye Okan Sokak Zeminaltı Otoparkı,ÜMRANİYE,41.0284,29.0907,125,33,92,KAPALI OTOPARK,1,15,24 Saat
2026-08-17T09:10:37.780035+00:00,2026-08-17T12:10:37.780035+03:00,2345,Üsküdar Uzunçayır PD Açık Otoparkı,ÜSKÜDAR,40.9988,29.0577,90,83,7,AÇIK OTOPARK,1,15,06:00-22:00
2026-08-17T09:10:37.780035+00:00,2026-08-17T12:10:37.780035+03:00,1929,Üsküdar Ünalan Açık Otoparkı,ÜSKÜDAR,40.9979,29.0604,180,175,5,AÇIK OTOPARK,1,0,07:00-17:00
2026-08-17T09:10:37.780035+00:00,2026-08-17T12:10:37.780035+03:00,1487,Vatan Caddesi PD Açık Otoparkı,FATİH,41.0157,28.9405,397,133,264,AÇIK OTOPARK,1,5,24 Saat
2026-08-17T09:10:37.780035+00:00,2026-08-17T12:10:37.780035+03:00,2441,Yalı Açık Otoparkı,MALTEPE,40.9095,29.137,85,82,3,AÇIK OTOPARK,1,0,07:30-22:00
2026-08-17T09:10:37.780035+00:00,2026-08-17T12:10:37.780035+03:00,459,Yalı Köşkü Caddesi 1,FATİH,41.0163,28.9759,61,1,60,YOL ÜSTÜ,1,5,07:00-21:00
2026-08-17T09:10:37.780035+00:00,2026-08-17T12:10:37.780035+03:00,2037,Yenikapı Marmaray Büyük Otoparkı,FATİH,41.0057,28.9505,324,113,211,AÇIK OTOPARK,1,15,24 Saat
2026-08-17T09:10:37.780035+00:00,2026-08-17T12:10:37.780035+03:00,2036,Yenikapı Marmaray Küçük Otoparkı,FATİH,41.0064,28.9504,200,161,39,AÇIK OTOPARK,1,15,07:00-22:00
2026-08-17T09:10:37.780035+00:00,2026-08-17T12:10:37.780035+03:00,2175,Yenikapı Spor ve Kültür Merkezi PD Açık Otoparkı,FATİH,41.0006,28.9519,4023,3896,127,AÇIK OTOPARK,1,15,24 Saat
2026-08-17T09:10:37.780035+00:00,2026-08-17T12:10:37.780035+03:00,2805,Yenikapı Tünel Üstü Açık Otoparkı,FATİH,41.0029,28.9534,700,451,249,AÇIK OTOPARK,1,10,24 Saat
2026-08-17T09:10:37.780035+00:00,2026-08-17T12:10:37.780035+03:00,3404,Yenimahalle Metro Zemin Altı PD Otoparkı,GAZİOSMANPAŞA,41.0839,28.8926,114,92,22,KAPALI OTOPARK,1,15,24 Saat
2026-08-17T09:10:37.780035+00:00,2026-08-17T12:10:37.780035+03:00,2920,Yeşilce Zemin Altı Katlı Otoparkı,KAĞITHANE,41.0938,29.0017,676,0,676,KAPALI OTOPARK,1,0,24 Saat
2026-08-17T09:10:37.780035+00:00,2026-08-17T12:10:37.780035+03:00,987,Yeşilköy İstasyon Caddesi 1,BAKIRKÖY,40.962,28.825,40,1,39,YOL ÜSTÜ,1,15,09:00-17:30
2026-08-17T09:10:37.780035+00:00,2026-08-17T12:10:37.780035+03:00,974,Yeşilköy Marina 1,BAKIRKÖY,40.9576,28.8233,145,1,144,YOL ÜSTÜ,1,0,12:00-23:00
2026-08-17T09:10:37.780035+00:00,2026-08-17T12:10:37.780035+03:00,3406,Yeşilpınar Metro Zemin Altı PD Otoparkı,EYÜP,41.081,28.9204,269,199,70,KAPALI OTOPARK,1,15,24 Saat
2026-08-17T09:10:37.780035+00:00,2026-08-17T12:10:37.780035+03:00,315,Yeşilyurt Çarşı 1,BAKIRKÖY,40.9643,28.8379,50,1,49,YOL ÜSTÜ,1,15,09:00-17:30
2026-08-17T09:10:37.780035+00:00,2026-08-17T12:10:37.780035+03:00,1133,Yıldız Korusu,BEŞİKTAŞ,41.0514,29.0165,500,1,499,AÇIK OTOPARK,1,0,08:00-22:00
2026-08-17T09:10:37.780035+00:00,2026-08-17T12:10:37.780035+03:00,882,Zeytinburnu 58. Bulvar 2,ZEYTİNBURNU,40.9932,28.9039,48,1,47,YOL ÜSTÜ,1,15,09:00-18:00
2026-08-17T09:10:37.780035+00:00,2026-08-17T12:10:37.780035+03:00,3185,Zeytinburnu Sahil Cep Otoparkı,ZEYTİNBURNU,40.9798,28.8985,160,1,159,AÇIK OTOPARK,1,0,12:00-22:00
2026-08-17T10:01:01.628627+00:00,2026-08-17T13:01:01.628627+03:00,3068,15 Temmuz Şehitler Meydanı Zeminaltı Otoparkı,ÜMRANİYE,41.0246,29.0915,1029,498,531,KAPALI OTOPARK,1,15,24 Saat
2026-08-17T10:01:01.628627+00:00,2026-08-17T13:01:01.628627+03:00,2338,19 Mayıs Açık,ŞİŞLİ,41.0563,28.9941,65,0,65,AÇIK OTOPARK,1,0,24 Saat
2026-08-17T10:01:01.628627+00:00,2026-08-17T13:01:01.628627+03:00,1751,4.Levent PD Açık Otoparkı,KAĞITHANE,41.0836,29.0081,236,87,149,AÇIK OTOPARK,1,5,24 Saat
2026-08-17T10:01:01.628627+00:00,2026-08-17T13:01:01.628627+03:00,3328,4.Levent Servis ve Turizm Araçları Açık Otoparkı,ŞİŞLİ,41.0841,29.0054,300,147,153,AÇIK OTOPARK,1,15,24 Saat
2026-08-17T10:01:01.628627+00:00,2026-08-17T13:01:01.628627+03:00,3412,5. Levent Gaziosmanpaşa Adliyesi Yanı Açık Otoparkı,EYÜP,41.0927,28.9494,250,189,61,AÇIK OTOPARK,1,15,07:00-23:00
2026-08-17T10:01:01.628627+00:00,2026-08-17T13:01:01.628627+03:00,104,Abide-i Hürriyet Caddesi 5,ŞİŞLİ,41.0619,28.9876,40,1,39,YOL ÜSTÜ,1,15,08:00-17:00
2026-08-17T10:01:01.628627+00:00,2026-08-17T13:01:01.628627+03:00,2452,Acıbadem Açık Otoparkı,ÜSKÜDAR,41.0157,29.0574,100,86,14,AÇIK OTOPARK,1,0,06:30-16:00
2026-08-17T10:01:01.628627+00:00,2026-08-17T13:01:01.628627+03:00,346,Ada Karşısı Cep 2,BEŞİKTAŞ,41.072,29.045,30,1,29,YOL ÜSTÜ,1,15,08:00-23:00
2026-08-17T10:01:01.628627+00:00,2026-08-17T13:01:01.628627+03:00,1663,Akasyalı Sokak Tenis Kulubü Önü 2,BEŞİKTAŞ,41.0867,29.0109,45,1,44,YOL ÜSTÜ,1,15,08:30-17:30
2026-08-17T10:01:01.628627+00:00,2026-08-17T13:01:01.628627+03:00,828,Akdeniz Caddesi 4,FATİH,41.0175,28.9435,27,1,26,YOL ÜSTÜ,1,15,09:00-18:00
2026-08-17T10:01:01.628627+00:00,2026-08-17T13:01:01.628627+03:00,1913,Alibeyköy Cep Otogarı Açık Otoparkı,EYÜP,41.0879,28.9446,116,0,116,AÇIK OTOPARK,1,25,24 Saat
2026-08-17T10:01:01.628627+00:00,2026-08-17T13:01:01.628627+03:00,1912,Alibeyköy Cep Otogarı Otobüs Otoparkı,EYÜP,41.0875,28.9449,5000,1,4999,AÇIK OTOPARK,1,60,24 Saat
2026-08-17T10:01:01.628627+00:00,2026-08-17T13:01:01.628627+03:00,2562,Alibeyköy Yeşiltepe Zemin Altı Otoparkı,EYÜP,41.0797,28.938,159,73,86,KAPALI OTOPARK,1,15,24 Saat
2026-08-17T10:01:01.628627+00:00,2026-08-17T13:01:01.628627+03:00,3201,Altınboynuz Sosyal Tesisleri,EYÜP,41.058,28.9447,70,1,69,AÇIK OTOPARK,1,15,08:00-23:00
2026-08-17T10:01:01.628627+00:00,2026-08-17T13:01:01.628627+03:00,758,Arap Camii Açık Otoparkı,BEYOĞLU,41.0227,28.9723,30,1,29,AÇIK OTOPARK,1,0,09:00-17:00
2026-08-17T10:01:01.628627+00:00,2026-08-17T13:01:01.628627+03:00,1963,Aras Sokak 1,BÜYÜKÇEKMECE,41.0226,28.622,60,1,59,YOL ÜSTÜ,1,0,06:00-14:30
2026-08-17T10:01:01.628627+00:00,2026-08-17T13:01:01.628627+03:00,2802,Arnavutköy Zemin Altı Otoparkı,ARNAVUTKÖY,41.1838,28.7396,700,0,700,KAPALI OTOPARK,1,15,24 Saat
2026-08-17T10:01:01.628627+00:00,2026-08-17T13:01:01.628627+03:00,1797,Ataköy Atrium AVM,BAKIRKÖY,40.9881,28.8459,250,218,32,AÇIK OTOPARK,1,15,08:00-23:00
2026-08-17T10:01:01.628627+00:00,2026-08-17T13:01:01.628627+03:00,2824,Ataköy Metro Durağı Yanı PD Zemin Altı Otoparkı,BAKIRKÖY,40.9904,28.8456,150,86,64,KAPALI OTOPARK,1,0,24 Saat
2026-08-17T10:01:01.628627+00:00,2026-08-17T13:01:01.628627+03:00,359,Atatürk Bulvarı 1,FATİH,41.0112,28.9534,20,1,19,YOL ÜSTÜ,1,0,07:30-18:00
2026-08-17T10:01:01.628627+00:00,2026-08-17T13:01:01.628627+03:00,3087,Atatürk Kent Ormanı Otoparkı,SARIYER,41.136,29.0262,200,198,2,AÇIK OTOPARK,1,0,08:00-17:00
2026-08-17T10:01:01.628627+00:00,2026-08-17T13:01:01.628627+03:00,2243,Avcılar Denizköşkler Toplantı ve Davet Salonu Açık Otoparkı,AVCILAR,40.9746,28.7435,200,188,12,AÇIK OTOPARK,1,15,13:00-07:00
2026-08-17T10:01:01.628627+00:00,2026-08-17T13:01:01.628627+03:00,1088,Avcılar İdo,AVCILAR,40.9712,28.7185,270,259,11,AÇIK OTOPARK,1,0,13:00-07:00
2026-08-17T10:01:01.628627+00:00,2026-08-17T13:01:01.628627+03:00,2885,Azapkapı Haliç Metro Otoparkı,ŞİŞLİ,41.0245,28.9691,80,1,79,AÇIK OTOPARK,1,5,24 Saat
2026-08-17T10:01:01.628627+00:00,2026-08-17T13:01:01.628627+03:00,2455,Azerbaycan Dostluk Parkı Zemin Altı Otoparkı,BAĞCILAR,41.0444,28.854,400,183,217,KAPALI OTOPARK,1,10,24 Saat
2026-08-17T10:01:01.628627+00:00,2026-08-17T13:01:01.628627+03:00,2965,Bağcılar Çolakoğlu Zemin Altı Otoparkı,BAĞCILAR,41.0324,28.8345,106,0,106,KAPALI OTOPARK,1,5,24 Saat
2026-08-17T10:01:01.628627+00:00,2026-08-17T13:01:01.628627+03:00,2576,Bağcılar Demirkapı Zemin Altı Otoparkı,BAĞCILAR,41.0499,28.8327,343,179,164,KAPALI OTOPARK,1,5,24 Saat
2026-08-17T10:01:01.628627+00:00,2026-08-17T13:01:01.628627+03:00,3036,Bağcılar Devlet Hastanesi Yanı Zeminaltı Otoparkı,BAĞCILAR,41.0312,28.8696,1133,91,1042,KAPALI OTOPARK,1,15,24 Saat
2026-08-17T10:01:01.628627+00:00,2026-08-17T13:01:01.628627+03:00,3071,Bağcılar Emniyet Müdürlüğü Yanı Açık Otoparkı,BAĞCILAR,41.0353,28.8598,100,46,54,AÇIK OTOPARK,1,0,24 Saat
2026-08-17T10:01:01.628627+00:00,2026-08-17T13:01:01.628627+03:00,2873,Bağcılar Göztepe Zemin Altı,BAĞCILAR,41.0567,28.8355,120,0,120,KAPALI OTOPARK,1,5,24 Saat
2026-08-17T10:01:01.628627+00:00,2026-08-17T13:01:01.628627+03:00,3187,Bağcılar Hürriyet Mahallesi Zemin Altı Otoparkı,BAĞCILAR,41.0291,28.8333,355,0,355,KAPALI OTOPARK,1,10,24 Saat
2026-08-17T10:01:01.628627+00:00,2026-08-17T13:01:01.628627+03:00,2916,Bağcılar Kent Meydanı PD Zemin Altı Otoparkı,BAĞCILAR,41.0339,28.8556,1162,0,1162,KAPALI OTOPARK,1,0,24 Saat
2026-08-17T10:01:01.628627+00:00,2026-08-17T13:01:01.628627+03:00,3261,Bağcılar Yenimahalle Zemin Altı Otoparkı,BAĞCILAR,41.0425,28.8395,525,275,250,KAPALI OTOPARK,1,15,24 Saat
2026-08-17T10:01:01.628627+00:00,2026-08-17T13:01:01.628627+03:00,2820,Bağcılar Yıldıztepe Katlı Otoparkı,BAĞCILAR,41.0294,28.8556,350,0,350,KAPALI OTOPARK,1,10,24 Saat
2026-08-17T10:01:01.628627+00:00,2026-08-17T13:01:01.628627+03:00,3447,Bahçelievler 23 Nisan Milli Egemenlik Zeminaltı Otoparkı,BAHÇELİEVLER,40.9988,28.8472,732,516,216,KAPALI OTOPARK,1,10,24 Saat
2026-08-17T10:01:01.628627+00:00,2026-08-17T13:01:01.628627+03:00,2993,Bahçelievler Cumhuriyet Zeminaltı Otoparkı,BAHÇELİEVLER,41.0149,28.859,663,0,663,KAPALI OTOPARK,1,10,24 Saat
2026-08-17T10:01:01.628627+00:00,2026-08-17T13:01:01.628627+03:00,2969,Bahçelievler Devlet Hastanesi Yanı Katlı Otoparkı,BAHÇELİEVLER,41.0072,28.8442,740,0,740,KAPALI OTOPARK,1,0,24 Saat
2026-08-17T10:01:01.628627+00:00,2026-08-17T13:01:01.628627+03:00,3051,Bahçelievler Zafer Mh. Zeminaltı Otoparkı,BAHÇELİEVLER,41.0036,28.8351,200,92,108,KAPALI OTOPARK,1,0,24 Saat
2026-08-17T10:01:01.628627+00:00,2026-08-17T13:01:01.628627+03:00,3236,Bahçeşehir Gölet Açık Otoparkı,BAŞAKŞEHİR,41.0719,28.6901,200,1,199,AÇIK OTOPARK,1,0,12:00-22:00
2026-08-17T10:01:01.628627+00:00,2026-08-17T13:01:01.628627+03:00,1465,Bakırköy İdo Açık Otoparkı,BAKIRKÖY,40.9739,28.8761,160,135,25,AÇIK OTOPARK,1,10,24 Saat
2026-08-17T10:01:01.628627+00:00,2026-08-17T13:01:01.628627+03:00,1104,Balmumcu Katlı Otoparkı,BEŞİKTAŞ,41.0636,29.0109,400,166,234,KAPALI OTOPARK,1,5,24 Saat
2026-08-17T10:01:01.628627+00:00,2026-08-17T13:01:01.628627+03:00,2796,Başakşehir Metro Açık Otoparkı,BAŞAKŞEHİR,41.107,28.801,125,1,124,AÇIK OTOPARK,1,0,07:00-16:00
2026-08-17T10:01:01.628627+00:00,2026-08-17T13:01:01.628627+03:00,2350,Bayrampaşa Adapark Katlı Otoparkı,BAYRAMPAŞA,41.0647,28.8875,650,0,650,KAPALI OTOPARK,1,15,24 Saat
2026-08-17T10:01:01.628627+00:00,2026-08-17T13:01:01.628627+03:00,2892,Bayrampaşa Altıntepsi Zemin  Altı Otoparkı,BAYRAMPAŞA,41.0393,28.9029,110,0,110,KAPALI OTOPARK,1,10,24 Saat
2026-08-17T10:01:01.628627+00:00,2026-08-17T13:01:01.628627+03:00,2909,Bayrampaşa Atatürk Parkı  Zemin Altı Otoparkı,BAYRAMPAŞA,41.0342,28.9123,442,0,442,KAPALI OTOPARK,1,10,24 Saat
2026-08-17T10:01:01.628627+00:00,2026-08-17T13:01:01.628627+03:00,2683,Bayrampaşa Devlet Hastanesi Cep Otoparkı,BAYRAMPAŞA,41.0414,28.9031,55,14,41,AÇIK OTOPARK,1,0,08:00-19:00
2026-08-17T10:01:01.628627+00:00,2026-08-17T13:01:01.628627+03:00,3301,Bayrampaşa Kocatepe Mahallesi Zemin Altı Otoparkı,BAYRAMPAŞA,41.0545,28.8964,241,0,241,KAPALI OTOPARK,1,10,24 Saat
2026-08-17T10:01:01.628627+00:00,2026-08-17T13:01:01.628627+03:00,2053,Bayrampaşa Muratpaşa Yer Altı Otoparkı,BAYRAMPAŞA,41.047,28.9082,300,17,283,KAPALI OTOPARK,1,15,24 Saat
2026-08-17T10:01:01.628627+00:00,2026-08-17T13:01:01.628627+03:00,3175,Bayrampaşa Spor Kompleksi Zemin Altı Otoparkı,BAYRAMPAŞA,41.0446,28.9106,205,0,205,KAPALI OTOPARK,1,15,24 Saat
2026-08-17T10:01:01.628627+00:00,2026-08-17T13:01:01.628627+03:00,3382,Bayrampaşa Şehit Kamil Balkan Zemin Altı Otoparkı,BAYRAMPAŞA,41.0604,28.9008,235,0,235,KAPALI OTOPARK,1,10,24 Saat
2026-08-17T10:01:01.628627+00:00,2026-08-17T13:01:01.628627+03:00,2428,Bayrampaşa Yenidoğan Mahallesi Zemin Altı Otoparkı,BAYRAMPAŞA,41.0395,28.9088,120,0,120,KAPALI OTOPARK,1,10,24 Saat
2026-08-17T10:01:01.628627+00:00,2026-08-17T13:01:01.628627+03:00,2468,Bebek Açık,BEŞİKTAŞ,41.077,29.0434,30,0,30,AÇIK OTOPARK,1,0,24 Saat
2026-08-17T10:01:01.628627+00:00,2026-08-17T13:01:01.628627+03:00,3479,Beşiktaş Halk Pazarı Açık Otoparkı,BEŞİKTAŞ,41.0496,29.0004,170,100,70,AÇIK OTOPARK,1,5,24 Saat
2026-08-17T10:01:01.628627+00:00,2026-08-17T13:01:01.628627+03:00,3257,Beykoz Sahil Cep Otoparkı,BEYKOZ,41.1286,29.0953,100,74,26,AÇIK OTOPARK,1,0,08:00-00:00
2026-08-17T10:01:01.628627+00:00,2026-08-17T13:01:01.628627+03:00,2273,Beykoz Sosyal Tesisleri,BEYKOZ,41.1143,29.0888,130,46,84,AÇIK OTOPARK,1,15,08:00-00:00
2026-08-17T10:01:01.628627+00:00,2026-08-17T13:01:01.628627+03:00,2999,Beyoğlu Gazhane Bostan Sokak 2,BEYOĞLU,41.0389,28.9903,35,1,34,YOL ÜSTÜ,1,0,07:30-16:30
2026-08-17T10:01:01.628627+00:00,2026-08-17T13:01:01.628627+03:00,3072,Beyoğlu Örnektepe Zemin Altı Otoparkı,BEYOĞLU,41.0543,28.9548,143,0,143,KAPALI OTOPARK,1,0,24 Saat
2026-08-17T10:01:01.628627+00:00,2026-08-17T13:01:01.628627+03:00,1455,Bostancı Açık,KADIKÖY,40.9523,29.0902,394,121,273,AÇIK OTOPARK,1,15,24 Saat
2026-08-17T10:01:01.628627+00:00,2026-08-17T13:01:01.628627+03:00,1456,Bostancı Sahil-Cep Açık Otoparkı,KADIKÖY,40.9545,29.0885,192,124,68,AÇIK OTOPARK,1,15,24 Saat
2026-08-17T10:01:01.628627+00:00,2026-08-17T13:01:01.628627+03:00,2150,Bostancı Vergi Dairesi Açık Otoparkı,ATAŞEHİR,40.9625,29.1083,155,0,155,AÇIK OTOPARK,1,5,08:00-20:00
2026-08-17T10:01:01.628627+00:00,2026-08-17T13:01:01.628627+03:00,2854,Bülent Ecevit Kültür Merkezi Açık Otoparkı,KARTAL,40.8852,29.1967,277,265,12,AÇIK OTOPARK,1,0,10:00-21:00
2026-08-17T10:01:01.628627+00:00,2026-08-17T13:01:01.628627+03:00,2866,Büyük İstanbul Otogarı,BAYRAMPAŞA,41.0402,28.8942,1000,0,1000,AÇIK OTOPARK,1,25,24 Saat
2026-08-17T10:01:01.628627+00:00,2026-08-17T13:01:01.628627+03:00,1192,Büyükçamlıca Korusu Sosyal Tesisleri Önü,ÜSKÜDAR,41.0264,29.0698,204,111,93,AÇIK OTOPARK,1,0,08:00-00:00
2026-08-17T10:01:01.628627+00:00,2026-08-17T13:01:01.628627+03:00,2960,Büyükçekmece Metrobüs Durağı Yanı PD Zemin Altı Otopark,BÜYÜKÇEKMECE,41.0221,28.624,448,0,448,KAPALI OTOPARK,1,0,24 Saat
2026-08-17T10:01:01.628627+00:00,2026-08-17T13:01:01.628627+03:00,1503,Cadde Bostan Açık Otoparkı,KADIKÖY,40.9636,29.0675,66,35,31,AÇIK OTOPARK,1,15,24 Saat
2026-08-17T10:01:01.628627+00:00,2026-08-17T13:01:01.628627+03:00,2933,Cemal Kamacı Spor Kompleksi Zemin Altı Otoparkı,KAĞITHANE,41.0536,28.9575,510,0,510,KAPALI OTOPARK,1,0,24 Saat
2026-08-17T10:01:01.628627+00:00,2026-08-17T13:01:01.628627+03:00,2207,Cengiz Topel Yer Altı Katlı Otoparkı,ESENLER,41.0588,28.8643,144,0,144,KAPALI OTOPARK,1,15,24 Saat
2026-08-17T10:01:01.628627+00:00,2026-08-17T13:01:01.628627+03:00,2787,Cevizli Açık Otoparkı,KARTAL,40.9179,29.1712,100,29,71,AÇIK OTOPARK,1,15,08:00-19:00
2026-08-17T10:01:01.628627+00:00,2026-08-17T13:01:01.628627+03:00,782,Cihangir Caddesi 2,BEYOĞLU,41.0319,28.9862,70,1,69,YOL ÜSTÜ,1,15,09:00-19:00
2026-08-17T10:01:01.628627+00:00,2026-08-17T13:01:01.628627+03:00,1467,Cihangir Katlı Otoparkı,BEYOĞLU,41.0318,28.9858,350,0,350,KAPALI OTOPARK,1,0,24 Saat
2026-08-17T10:01:01.628627+00:00,2026-08-17T13:01:01.628627+03:00,535,Cihannuma Yol Üstü 1,BEŞİKTAŞ,41.0454,29.0084,35,1,34,YOL ÜSTÜ,1,0,08:00-23:00
2026-08-17T10:01:01.628627+00:00,2026-08-17T13:01:01.628627+03:00,537,Cihannuma Yol Üstü 3,BEŞİKTAŞ,41.0459,29.0087,33,1,32,YOL ÜSTÜ,1,0,08:00-23:00
2026-08-17T10:01:01.628627+00:00,2026-08-17T13:01:01.628627+03:00,539,Cihannuma Yol Üstü 5,BEŞİKTAŞ,41.0489,29.0094,24,1,23,YOL ÜSTÜ,1,0,08:00-23:00
2026-08-17T10:01:01.628627+00:00,2026-08-17T13:01:01.628627+03:00,3184,Çam Sokak 6,GÜNGÖREN,41.0121,28.8882,50,1,49,YOL ÜSTÜ,1,15,08:00-17:00
2026-08-17T10:01:01.628627+00:00,2026-08-17T13:01:01.628627+03:00,3030,Çekmeköy Metro PD Zemin Altı Otoparkı,ÇEKMEKÖY,41.0147,29.1886,175,36,139,KAPALI OTOPARK,1,15,24 Saat
2026-08-17T10:01:01.628627+00:00,2026-08-17T13:01:01.628627+03:00,2905,Çeliktepe Açık Otoparkı,KAĞITHANE,41.0843,29.0056,200,76,124,AÇIK OTOPARK,1,5,24 Saat
2026-08-17T10:01:01.628627+00:00,2026-08-17T13:01:01.628627+03:00,1298,Çengelköy Açık Otoparkı,ÜSKÜDAR,41.0484,29.0533,500,318,182,AÇIK OTOPARK,1,15,24 Saat
2026-08-17T10:01:01.628627+00:00,2026-08-17T13:01:01.628627+03:00,502,Çınar Açık Otoparkı,BEŞİKTAŞ,41.0853,29.0088,65,1,64,AÇIK OTOPARK,1,0,08:00-18:00
2026-08-17T10:01:01.628627+00:00,2026-08-17T13:01:01.628627+03:00,777,Çırağan Sarayı Yol Üstü 1,BEŞİKTAŞ,41.0448,29.0165,40,1,39,YOL ÜSTÜ,1,15,08:00-23:00
2026-08-17T10:01:01.628627+00:00,2026-08-17T13:01:01.628627+03:00,778,Çırağan Sarayı Yol Üstü 2,BEŞİKTAŞ,41.0445,29.0156,40,1,39,YOL ÜSTÜ,1,15,08:00-23:00
2026-08-17T10:01:01.628627+00:00,2026-08-17T13:01:01.628627+03:00,2228,Çırpıcı Sosyal Tesisler,ZEYTİNBURNU,41,28.8926,128,0,128,AÇIK OTOPARK,1,15,07:00-00:00
2026-08-17T10:01:01.628627+00:00,2026-08-17T13:01:01.628627+03:00,2030,Dalyan Açık Otoparkı,KADIKÖY,40.9632,29.0651,92,28,64,AÇIK OTOPARK,1,15,24 Saat
2026-08-17T10:01:01.628627+00:00,2026-08-17T13:01:01.628627+03:00,2271,Damla Sokak 1,ŞİŞLİ,41.0672,29.0004,17,1,16,YOL ÜSTÜ,1,15,07:30-16:30
2026-08-17T10:01:01.628627+00:00,2026-08-17T13:01:01.628627+03:00,2164,Darüşşafaka Yeraltı Otoparkı,SARIYER,41.1292,29.0252,150,115,35,KAPALI OTOPARK,1,15,08:00-00:00
2026-08-17T10:01:01.628627+00:00,2026-08-17T13:01:01.628627+03:00,1653,Deniz Feneri Otoparkı,FATİH,41.0019,28.9773,175,104,71,AÇIK OTOPARK,1,5,24 Saat
2026-08-17T10:01:01.628627+00:00,2026-08-17T13:01:01.628627+03:00,595,Dostluk Yurdu 1,FATİH,41.0071,28.973,33,1,32,YOL ÜSTÜ,1,15,07:00-17:00
2026-08-17T10:01:01.628627+00:00,2026-08-17T13:01:01.628627+03:00,2237,Dragos Sosyal Tesisleri,KARTAL,40.9017,29.1458,100,21,79,AÇIK OTOPARK,1,15,24 Saat
2026-08-17T10:01:01.628627+00:00,2026-08-17T13:01:01.628627+03:00,3063,Dudullu Metro PD Zemin Altı Otoparkı,ÜMRANİYE,41.0156,29.1633,81,55,26,KAPALI OTOPARK,1,15,07:00-23:30
2026-08-17T10:01:01.628627+00:00,2026-08-17T13:01:01.628627+03:00,1522,Ebu Suut Caddesi 1,FATİH,41.0128,28.9766,35,1,34,YOL ÜSTÜ,1,0,08:00-18:00
2026-08-17T10:01:01.628627+00:00,2026-08-17T13:01:01.628627+03:00,2147,EGS Blokları Açık Otoparkı,BAKIRKÖY,40.9863,28.8354,350,0,350,AÇIK OTOPARK,1,60,09:00-19:30
2026-08-17T10:01:01.628627+00:00,2026-08-17T13:01:01.628627+03:00,2366,Esenler Adem Baştürk Kültür Merkezi Katlı,ESENLER,41.039,28.8846,460,35,425,KAPALI OTOPARK,1,15,24 Saat
2026-08-17T10:01:01.628627+00:00,2026-08-17T13:01:01.628627+03:00,3190,Esenler Havaalanı Mahallesi Zemin Altı Otoparkı,ESENLER,41.0562,28.8674,610,368,242,KAPALI OTOPARK,1,10,24 Saat
2026-08-17T10:01:01.628627+00:00,2026-08-17T13:01:01.628627+03:00,3011,Esenler Menderes Metro İstasyonu Yanı,ESENLER,41.0427,28.8783,68,19,49,AÇIK OTOPARK,1,5,24 Saat
2026-08-17T10:01:01.628627+00:00,2026-08-17T13:01:01.628627+03:00,2822,Esenler Menderes Parkı Zemin Altı Otoparkı,ESENLER,41.0412,28.8729,325,71,254,KAPALI OTOPARK,1,10,24 Saat
2026-08-17T10:01:01.628627+00:00,2026-08-17T13:01:01.628627+03:00,3303,Esenyurt Adile Naşit Bulvarı Zeminaltı Otoparkı,ESENYURT,41.0205,28.6859,367,273,94,KAPALI OTOPARK,1,15,24 Saat
2026-08-17T10:01:01.628627+00:00,2026-08-17T13:01:01.628627+03:00,1328,Eski Salı Pazarı,KADIKÖY,40.9904,29.0338,760,0,760,AÇIK OTOPARK,1,15,24 Saat
2026-08-17T10:01:01.628627+00:00,2026-08-17T13:01:01.628627+03:00,904,Eyüp Pierloti Caddesi 1,EYÜP,41.0539,28.9329,40,1,39,YOL ÜSTÜ,1,0,09:00-22:00
2026-08-17T10:01:01.628627+00:00,2026-08-17T13:01:01.628627+03:00,2850,Eyüpsultan Akşemsettin Mahallesi Zemin Altı Otoparkı,EYÜP,41.085,28.9258,110,0,110,KAPALI OTOPARK,1,15,24 Saat
2026-08-17T10:01:01.628627+00:00,2026-08-17T13:01:01.628627+03:00,2215,Fatih Çeşmesi Tabiat Parkı Otoparkı,SARIYER,41.1686,28.9448,250,243,7,AÇIK OTOPARK,1,0,06:00-20:00
2026-08-17T10:01:01.628627+00:00,2026-08-17T13:01:01.628627+03:00,1475,Fatih Katlı Otoparkı,FATİH,41.0198,28.9396,118,0,118,KAPALI OTOPARK,1,10,24 Saat
2026-08-17T10:01:01.628627+00:00,2026-08-17T13:01:01.628627+03:00,1591,Feshane PD Açık Otoparkı,EYÜP,41.0463,28.9378,200,60,140,AÇIK OTOPARK,1,15,24 Saat
2026-08-17T10:01:01.628627+00:00,2026-08-17T13:01:01.628627+03:00,1005,Florya Havuzlu Bahçe,BAKIRKÖY,40.9764,28.7908,135,1,134,AÇIK OTOPARK,1,0,09:00-23:00
2026-08-17T10:01:01.628627+00:00,2026-08-17T13:01:01.628627+03:00,2238,Florya Sosyal Tesisleri,BAKIRKÖY,40.9614,28.8091,1074,887,187,AÇIK OTOPARK,1,15,24 Saat
2026-08-17T10:01:01.628627+00:00,2026-08-17T13:01:01.628627+03:00,1704,Gazi Umur Paşa Sokak 5,BEŞİKTAŞ,41.0589,29.0114,45,1,44,YOL ÜSTÜ,1,15,08:00-17:00
2026-08-17T10:01:01.628627+00:00,2026-08-17T13:01:01.628627+03:00,3296,Gaziosmanpaşa Meydanı ve Yaşam Merkezi Zemin Altı Otoparkı,GAZİOSMANPAŞA,41.0606,28.9093,202,0,202,KAPALI OTOPARK,1,15,24 Saat
2026-08-17T10:01:01.628627+00:00,2026-08-17T13:01:01.628627+03:00,2971,Gaziosmanpaşa Zemin Altı Otoparkı,GAZİOSMANPAŞA,41.0796,28.8858,285,0,285,KAPALI OTOPARK,1,0,24 Saat
2026-08-17T10:01:01.628627+00:00,2026-08-17T13:01:01.628627+03:00,3401,Giyimkent Tekstilkent Metro Zemin Altı PD Otoparkı,ESENLER,41.0711,28.8666,203,161,42,KAPALI OTOPARK,1,10,24 Saat
2026-08-17T10:01:01.628627+00:00,2026-08-17T13:01:01.628627+03:00,2242,Gözdağı Sosyal Tesisler  Açık Otoparkı,PENDİK,40.893,29.2538,300,216,84,AÇIK OTOPARK,1,0,07:00-23:00
2026-08-17T10:01:01.628627+00:00,2026-08-17T13:01:01.628627+03:00,1879,Gülsuyu Metro PD Yer Altı Otoparkı,MALTEPE,40.9237,29.1548,76,0,76,KAPALI OTOPARK,1,15,08:00-00:00
2026-08-17T10:01:01.628627+00:00,2026-08-17T13:01:01.628627+03:00,1423,Güneş Plajı 1,BAKIRKÖY,40.9712,28.79,250,182,68,AÇIK OTOPARK,1,10,24 Saat
2026-08-17T10:01:01.628627+00:00,2026-08-17T13:01:01.628627+03:00,1461,Güneş Plajı 2,BAKIRKÖY,40.9692,28.7951,135,120,15,AÇIK OTOPARK,1,10,08:00-20:00
2026-08-17T10:01:01.628627+00:00,2026-08-17T13:01:01.628627+03:00,3053,Güngören Nikah Dairesi Zemin Altı otoparkı,GÜNGÖREN,41.0363,28.8718,147,0,147,KAPALI OTOPARK,1,10,24 Saat
2026-08-17T10:01:01.628627+00:00,2026-08-17T13:01:01.628627+03:00,2216,Gürpınar Balık Hali Otoparkı,BEYLİKDÜZÜ,40.9663,28.6019,1000,720,280,AÇIK OTOPARK,1,15,24 Saat
2026-08-17T10:01:01.628627+00:00,2026-08-17T13:01:01.628627+03:00,1525,Hacıosman Metro Yer Altı Otoparkı,SARIYER,41.14,29.0306,422,55,367,KAPALI OTOPARK,1,15,24 Saat
2026-08-17T10:01:01.628627+00:00,2026-08-17T13:01:01.628627+03:00,1470,Haldun Alagaş Katlı Otoparkı,ÜMRANİYE,41.0262,29.1052,197,35,162,KAPALI OTOPARK,1,15,24 Saat
2026-08-17T10:01:01.628627+00:00,2026-08-17T13:01:01.628627+03:00,3235,Haliç Sosyal Tesisleri Otoparkı,FATİH,41.0277,28.9572,60,21,39,AÇIK OTOPARK,1,15,07:00-00:00
2026-08-17T10:01:01.628627+00:00,2026-08-17T13:01:01.628627+03:00,2848,Halkalı Mahallesi Zemin Altı Otoparkı,KÜÇÜKÇEKMECE,41.0359,28.7848,347,162,185,KAPALI OTOPARK,1,15,24 Saat
2026-08-17T10:01:01.628627+00:00,2026-08-17T13:01:01.628627+03:00,2838,Hamidiye Mahallesi Katlı Otoparkı,KAĞITHANE,41.0949,28.971,450,201,249,KAPALI OTOPARK,1,15,24 Saat
2026-08-17T10:01:01.628627+00:00,2026-08-17T13:01:01.628627+03:00,1446,Harbiye Zemin Altı Otoparkı,BEYOĞLU,41.0408,28.9869,142,0,142,KAPALI OTOPARK,1,5,24 Saat
2026-08-17T10:01:01.628627+00:00,2026-08-17T13:01:01.628627+03:00,2332,Haydarpaşa Katlı Otoparkı,ÜSKÜDAR,41.0048,29.0251,840,430,410,KAPALI OTOPARK,1,15,24 Saat
2026-08-17T10:01:01.628627+00:00,2026-08-17T13:01:01.628627+03:00,1987,Haznedar Yer Altı Otoparkı,GÜNGÖREN,41.0083,28.8729,540,0,540,KAPALI OTOPARK,1,0,24 Saat
2026-08-17T10:01:01.628627+00:00,2026-08-17T13:01:01.628627+03:00,377,Hızır Külhani Sokak,FATİH,41.0202,28.9605,32,1,31,YOL ÜSTÜ,1,15,09:00-17:00
2026-08-17T10:01:01.628627+00:00,2026-08-17T13:01:01.628627+03:00,3173,Hürriyet Mahallesi Zeminaltı Otoparkı,GAZİOSMANPAŞA,41.0708,28.8951,190,0,190,KAPALI OTOPARK,1,15,24 Saat
2026-08-17T10:01:01.628627+00:00,2026-08-17T13:01:01.628627+03:00,157,Ihlamur Dere Caddesi 4,BEŞİKTAŞ,41.047,29.0023,27,1,26,YOL ÜSTÜ,1,15,09:00-17:00
2026-08-17T10:01:01.628627+00:00,2026-08-17T13:01:01.628627+03:00,1189,İçerenköy Sebze Meyve Hali Otoparkı,ATAŞEHİR,40.9766,29.1044,600,600,0,AÇIK OTOPARK,1,15,24 Saat
2026-08-17T10:01:01.628627+00:00,2026-08-17T13:01:01.628627+03:00,1127,İshakpaşa Caddesi,FATİH,41.0079,28.9814,200,1,199,YOL ÜSTÜ,1,0,08:00-18:00
2026-08-17T10:01:01.628627+00:00,2026-08-17T13:01:01.628627+03:00,3265,İspark İstanbul West Marina Açık Otoparkı 1,BEYLİKDÜZÜ,40.9636,28.6564,250,1,249,AÇIK OTOPARK,1,15,24 Saat
2026-08-17T10:01:01.628627+00:00,2026-08-17T13:01:01.628627+03:00,2793,İspark Merter Katlı Otoparkı,GÜNGÖREN,41.0097,28.89,900,275,625,KAPALI OTOPARK,1,10,24 Saat
2026-08-17T10:01:01.628627+00:00,2026-08-17T13:01:01.628627+03:00,2430,İspark West İstanbul Marina Açık Otoparkı,BEYLİKDÜZÜ,40.9639,28.6591,1600,1006,594,AÇIK OTOPARK,1,15,24 Saat
2026-08-17T10:01:01.628627+00:00,2026-08-17T13:01:01.628627+03:00,381,İstinye 4 ( Cami Önü ),SARIYER,41.1149,29.0571,25,1,24,YOL ÜSTÜ,1,15,08:30-17:30
2026-08-17T10:01:01.628627+00:00,2026-08-17T13:01:01.628627+03:00,1804,İtalyan Hastanesi Karşısı Açık Otoparkı 1,BEYOĞLU,41.028,28.9815,30,1,29,AÇIK OTOPARK,1,0,08:00-19:00
2026-08-17T10:01:01.628627+00:00,2026-08-17T13:01:01.628627+03:00,507,Kabasakal Medrese Önü,FATİH,41.0062,28.9789,65,1,64,AÇIK OTOPARK,1,0,08:00-18:30
2026-08-17T10:01:01.628627+00:00,2026-08-17T13:01:01.628627+03:00,3306,Kabataş Transfer Merkezi Turizm Otobüs Otoparkı,BEYOĞLU,41.0336,28.9923,160,0,160,KAPALI OTOPARK,1,20,24 Saat
2026-08-17T10:01:01.628627+00:00,2026-08-17T13:01:01.628627+03:00,2918,Kadıköy Hasanpaşa Gazhane Katlı Otoparkı,KADIKÖY,40.9972,29.0428,310,200,110,KAPALI OTOPARK,1,15,24 Saat
2026-08-17T10:01:01.628627+00:00,2026-08-17T13:01:01.628627+03:00,1447,Kadıköy İski Açık Otoparkı,KADIKÖY,40.9874,29.0207,124,0,124,AÇIK OTOPARK,1,15,24 Saat
2026-08-17T10:01:01.628627+00:00,2026-08-17T13:01:01.628627+03:00,1655,Kadıköy Metro Açık Otoparkı,KADIKÖY,40.9899,29.0217,74,0,74,AÇIK OTOPARK,1,15,24 Saat
2026-08-17T10:01:01.628627+00:00,2026-08-17T13:01:01.628627+03:00,3445,Kadıköy Uzunçayır PD Açık Otoparkı,KADIKÖY,40.9982,29.0569,70,40,30,AÇIK OTOPARK,1,15,06:30-16:30
2026-08-17T10:01:01.628627+00:00,2026-08-17T13:01:01.628627+03:00,2808,Kadıköy Yeni Salı Pazarı PD Katlı Otoparkı,KADIKÖY,40.9969,29.0486,1350,653,697,KAPALI OTOPARK,1,15,24 Saat
2026-08-17T10:01:01.628627+00:00,2026-08-17T13:01:01.628627+03:00,2811,Kağıthane Harmantepe Zemin Altı Otoparkı,KAĞITHANE,41.0816,28.9907,200,0,200,KAPALI OTOPARK,1,0,24 Saat
2026-08-17T10:01:01.628627+00:00,2026-08-17T13:01:01.628627+03:00,1452,Kalamış Açık Otoparkı,KADIKÖY,40.9687,29.0363,173,132,41,AÇIK OTOPARK,1,15,24 Saat
2026-08-17T10:01:01.628627+00:00,2026-08-17T13:01:01.628627+03:00,1474,Kartal Hasan Doğan Spor Kompleksi,KARTAL,40.8918,29.1897,773,0,773,KAPALI OTOPARK,1,15,24 Saat
2026-08-17T10:01:01.628627+00:00,2026-08-17T13:01:01.628627+03:00,1105,Kartal İdo Açık Otoparkı,KARTAL,40.8874,29.1881,90,0,90,AÇIK OTOPARK,1,15,24 Saat
2026-08-17T10:01:01.628627+00:00,2026-08-17T13:01:01.628627+03:00,1550,Kartal Sahil Açık Otoparkı,KARTAL,40.8875,29.1901,75,8,67,AÇIK OTOPARK,1,5,24 Saat
2026-08-17T10:01:01.628627+00:00,2026-08-17T13:01:01.628627+03:00,3434,Kasımpaşa Sosyal Tesisler Otoparkı,BEYOĞLU,41.0296,28.9673,60,37,23,AÇIK OTOPARK,1,0,07:30-23:00
2026-08-17T10:01:01.628627+00:00,2026-08-17T13:01:01.628627+03:00,1960,Kazlıçeşme Marmaray Açık Otoparkı,ZEYTİNBURNU,40.9922,28.917,700,518,182,AÇIK OTOPARK,1,15,24 Saat
2026-08-17T10:01:01.628627+00:00,2026-08-17T13:01:01.628627+03:00,2994,Kirazlı Metro Durağı PD Açık Otoparkı,BAĞCILAR,41.033,28.8429,112,0,112,AÇIK OTOPARK,1,5,24 Saat
2026-08-17T10:01:01.628627+00:00,2026-08-17T13:01:01.628627+03:00,1528,Kore Şehitleri Caddesi - Yüzbaşı Kaya Aldağon Sokak 1,ŞİŞLİ,41.0719,29.0139,40,1,39,YOL ÜSTÜ,1,15,07:00-16:00
2026-08-17T10:01:01.628627+00:00,2026-08-17T13:01:01.628627+03:00,2449,Kozyatağı Sebze-Meyve Hali,ATAŞEHİR,40.9787,29.1029,1500,1499,1,AÇIK OTOPARK,1,0,24 Saat
2026-08-17T10:01:01.628627+00:00,2026-08-17T13:01:01.628627+03:00,1206,Kutlugün Sokak 2,FATİH,41.0061,28.9801,200,1,199,YOL ÜSTÜ,1,0,08:00-18:00
2026-08-17T10:01:01.628627+00:00,2026-08-17T13:01:01.628627+03:00,3074,Küçük Çamlıca,ÜSKÜDAR,41.0204,29.0653,129,106,23,AÇIK OTOPARK,1,0,08:00-22:00
2026-08-17T10:01:01.628627+00:00,2026-08-17T13:01:01.628627+03:00,3127,Küçükçekmece Cennet Mahallesi Meydan Zemin Altı Otoparkı,KÜÇÜKÇEKMECE,40.9907,28.783,456,0,456,KAPALI OTOPARK,1,10,24 Saat
2026-08-17T10:01:01.628627+00:00,2026-08-17T13:01:01.628627+03:00,2554,Küçükçekmece Fevzi Çakmak Meydanı Zemin Altı Otoparkı,KÜÇÜKÇEKMECE,41.0076,28.7927,1000,535,465,KAPALI OTOPARK,1,10,24 Saat
2026-08-17T10:01:01.628627+00:00,2026-08-17T13:01:01.628627+03:00,2882,Küçüksu Kasrı Açık Otoparkı,BEYKOZ,41.0789,29.0657,98,92,6,AÇIK OTOPARK,1,0,07:00-23:00
2026-08-17T10:01:01.628627+00:00,2026-08-17T13:01:01.628627+03:00,220,Levent Hamidiye,BEŞİKTAŞ,41.0861,29.0076,100,1,99,AÇIK OTOPARK,1,0,08:00-19:00
2026-08-17T10:01:01.628627+00:00,2026-08-17T13:01:01.628627+03:00,1138,Levent Metro Yer Altı Otoparkı,BEŞİKTAŞ,41.0811,29.0105,100,1,99,AÇIK OTOPARK,1,5,07:30-19:30
2026-08-17T10:01:01.628627+00:00,2026-08-17T13:01:01.628627+03:00,2335,Maçka Açık Otoparkı,ŞİŞLİ,41.046,28.9908,75,74,1,AÇIK OTOPARK,1,0,24 Saat
2026-08-17T10:01:01.628627+00:00,2026-08-17T13:01:01.628627+03:00,1859,Maçka Katlı Otoparkı,ŞİŞLİ,41.0484,28.9903,508,113,395,KAPALI OTOPARK,1,0,24 Saat
2026-08-17T10:01:01.628627+00:00,2026-08-17T13:01:01.628627+03:00,3193,Maltepe Rıhtım Caddesi Açık Otoparkı,MALTEPE,40.9258,29.1241,76,48,28,AÇIK OTOPARK,1,0,24 Saat
2026-08-17T10:01:01.628627+00:00,2026-08-17T13:01:01.628627+03:00,2146,Maltepe Süreyyapaşa Çarşısı Açık Otoparkı,MALTEPE,40.9274,29.1225,156,109,47,AÇIK OTOPARK,1,0,24 Saat
2026-08-17T10:01:01.628627+00:00,2026-08-17T13:01:01.628627+03:00,1599,Maslak Açık Otoparkı,SARIYER,41.1166,29.024,150,59,91,AÇIK OTOPARK,1,10,24 Saat
2026-08-17T10:01:01.628627+00:00,2026-08-17T13:01:01.628627+03:00,2100,Matbaacılar Sitesi Yanı,ZEYTİNBURNU,41.0234,28.9187,250,132,118,AÇIK OTOPARK,1,5,24 Saat
2026-08-17T10:01:01.628627+00:00,2026-08-17T13:01:01.628627+03:00,920,Meclis-i Mebusan Yokuşu 2,BEYOĞLU,41.0326,28.9882,34,1,33,YOL ÜSTÜ,1,15,09:00-17:00
2026-08-17T10:01:01.628627+00:00,2026-08-17T13:01:01.628627+03:00,1546,Menekşe Plajı Açık Otoparkı,BAKIRKÖY,40.9761,28.7766,200,200,0,AÇIK OTOPARK,1,0,24 Saat
2026-08-17T10:01:01.628627+00:00,2026-08-17T13:01:01.628627+03:00,1376,Mercan Açık,FATİH,41.0136,28.9669,130,13,117,AÇIK OTOPARK,1,0,08:00-23:00
2026-08-17T10:01:01.628627+00:00,2026-08-17T13:01:01.628627+03:00,3309,Mercan Ali Paşa Sarayı Zemin Altı Otoparkı,FATİH,41.0136,28.967,196,1,195,KAPALI OTOPARK,1,0,07:00-21:00
2026-08-17T10:01:01.628627+00:00,2026-08-17T13:01:01.628627+03:00,1472,Merter Katlı Otoparkı,GÜNGÖREN,41.0092,28.8874,1000,844,156,KAPALI OTOPARK,1,10,24 Saat
2026-08-17T10:01:01.628627+00:00,2026-08-17T13:01:01.628627+03:00,2375,Merter Metro PD Zeminaltı Otoparkı,GÜNGÖREN,41.0037,28.8897,242,81,161,KAPALI OTOPARK,1,10,24 Saat
2026-08-17T10:01:01.628627+00:00,2026-08-17T13:01:01.628627+03:00,1568,Mete Caddesi 1,BEYOĞLU,41.0382,28.9879,31,1,30,YOL ÜSTÜ,1,15,08:00-23:00
2026-08-17T10:01:01.628627+00:00,2026-08-17T13:01:01.628627+03:00,1471,Mevlana Yeraltı Katlı Otoparkı,ZEYTİNBURNU,41.0072,28.9049,1000,858,142,KAPALI OTOPARK,1,5,24 Saat
2026-08-17T10:01:01.628627+00:00,2026-08-17T13:01:01.628627+03:00,2709,Millet Caddesi Açık Otoparkı,FATİH,41.01,28.9461,60,1,59,AÇIK OTOPARK,1,15,24 Saat
2026-08-17T10:01:01.628627+00:00,2026-08-17T13:01:01.628627+03:00,3152,Mimar Sinan Zemin Altı Otoparkı,ÜSKÜDAR,41.0222,29.0169,956,0,956,KAPALI OTOPARK,1,15,24 Saat
2026-08-17T10:01:01.628627+00:00,2026-08-17T13:01:01.628627+03:00,2870,Miniatürk Çadır Açık Otoparkı,BEYOĞLU,41.0594,28.9501,250,198,52,AÇIK OTOPARK,1,15,07:00-20:00
2026-08-17T10:01:01.628627+00:00,2026-08-17T13:01:01.628627+03:00,2556,Muallim Naci Açık Otoparkı,BEŞİKTAŞ,41.0561,29.0342,35,27,8,AÇIK OTOPARK,1,15,24 Saat
2026-08-17T10:01:01.628627+00:00,2026-08-17T13:01:01.628627+03:00,569,Oda Kule Önü 1,BEYOĞLU,41.0322,28.9751,24,1,23,YOL ÜSTÜ,1,0,07:00-01:00
2026-08-17T10:01:01.628627+00:00,2026-08-17T13:01:01.628627+03:00,1988,Orhangazi Şehir Parkı PD Açık Otoparkı,MALTEPE,40.9313,29.1161,5022,4534,488,AÇIK OTOPARK,1,15,24 Saat
2026-08-17T10:01:01.628627+00:00,2026-08-17T13:01:01.628627+03:00,152,Ortabahçe Caddesi 2,BEŞİKTAŞ,41.0428,29.0043,35,1,34,YOL ÜSTÜ,1,15,08:00-23:00
2026-08-17T10:01:01.628627+00:00,2026-08-17T13:01:01.628627+03:00,153,Ortabahçe Caddesi 3,BEŞİKTAŞ,41.043,29.0042,26,1,25,YOL ÜSTÜ,1,15,08:00-23:00
2026-08-17T10:01:01.628627+00:00,2026-08-17T13:01:01.628627+03:00,119,Ortaklar Caddesi 1,ŞİŞLİ,41.0638,28.9971,25,1,24,YOL ÜSTÜ,1,15,08:30-17:00
2026-08-17T10:01:01.628627+00:00,2026-08-17T13:01:01.628627+03:00,1343,Ortaköy Açık Otoparkı,BEŞİKTAŞ,41.0504,29.0326,170,141,29,AÇIK OTOPARK,1,0,24 Saat
2026-08-17T10:01:01.628627+00:00,2026-08-17T13:01:01.628627+03:00,572,Ortaköy Portakal Yokuşu 1,BEŞİKTAŞ,41.0503,29.0261,15,1,14,YOL ÜSTÜ,1,15,09:00-19:00
2026-08-17T10:01:01.628627+00:00,2026-08-17T13:01:01.628627+03:00,1039,Öğretmen Evi,AVCILAR,40.9723,28.714,80,41,39,AÇIK OTOPARK,1,0,11:00-23:00
2026-08-17T10:01:01.628627+00:00,2026-08-17T13:01:01.628627+03:00,1466,Pendik Katlı Otoparkı,PENDİK,40.8789,29.2342,120,0,120,KAPALI OTOPARK,1,15,24 Saat
2026-08-17T10:01:01.628627+00:00,2026-08-17T13:01:01.628627+03:00,3073,Pendik Kemal Kalkuz Parkı Zemin Altı Otoparkı,PENDİK,40.8885,29.2427,224,0,224,KAPALI OTOPARK,1,0,09:00-18:00
2026-08-17T10:01:01.628627+00:00,2026-08-17T13:01:01.628627+03:00,3019,Pendik Meydan Zemin Altı Otoparkı,PENDİK,40.8752,29.2324,937,0,937,KAPALI OTOPARK,1,0,24 Saat
2026-08-17T10:01:01.628627+00:00,2026-08-17T13:01:01.628627+03:00,2865,Pendik Sahil Engelliler Merkez Önü,PENDİK,40.8735,29.233,100,66,34,AÇIK OTOPARK,1,0,11:00-20:00
2026-08-17T10:01:01.628627+00:00,2026-08-17T13:01:01.628627+03:00,2434,Pendik Sahil İdo,PENDİK,40.8755,29.2369,100,0,100,AÇIK OTOPARK,1,0,07:00-23:00
2026-08-17T10:01:01.628627+00:00,2026-08-17T13:01:01.628627+03:00,248,Pendik Yenimahalle Açık 2 Otoparkı,PENDİK,40.864,29.2723,124,75,49,AÇIK OTOPARK,1,15,10:00-22:00
2026-08-17T10:01:01.628627+00:00,2026-08-17T13:01:01.628627+03:00,297,Perşembe Pazarı 1,BEYOĞLU,41.0252,28.9693,32,1,31,YOL ÜSTÜ,1,15,08:00-17:00
2026-08-17T10:01:01.628627+00:00,2026-08-17T13:01:01.628627+03:00,597,Pierre Loti Caddesi 3,FATİH,41.0069,28.9711,36,1,35,YOL ÜSTÜ,1,0,07:00-17:00
2026-08-17T10:01:01.628627+00:00,2026-08-17T13:01:01.628627+03:00,3263,Piyalepaşa Meydanı Zemin Altı Otoparkı,BEYOĞLU,41.0445,28.9674,560,269,291,KAPALI OTOPARK,1,0,24 Saat
2026-08-17T10:01:01.628627+00:00,2026-08-17T13:01:01.628627+03:00,1900,Ragıp Gümüşpala Cad.(Sobacılar Önü),FATİH,41.0181,28.969,40,1,39,YOL ÜSTÜ,1,15,07:00-18:00
2026-08-17T10:01:01.628627+00:00,2026-08-17T13:01:01.628627+03:00,415,Ragıp Gümüşpala Camii Önü 1,FATİH,41.0211,28.9627,35,1,34,YOL ÜSTÜ,1,0,07:00-17:30
2026-08-17T10:01:01.628627+00:00,2026-08-17T13:01:01.628627+03:00,3268,Refik Saydam Caddesi 3,BEYOĞLU,41.032,28.9736,55,1,54,YOL ÜSTÜ,1,0,06:00-23:00
2026-08-17T10:01:01.628627+00:00,2026-08-17T13:01:01.628627+03:00,2307,Ressam Halim Sokak PD Açık Otoparkı,BAHÇELİEVLER,40.9967,28.8641,120,55,65,AÇIK OTOPARK,1,15,08:00-00:00
2026-08-17T10:01:01.628627+00:00,2026-08-17T13:01:01.628627+03:00,3082,Rumeli Hisarı Sahil Yolu Otoparkı,SARIYER,41.0854,29.0568,20,3,17,AÇIK OTOPARK,1,0,24 Saat
2026-08-17T10:01:01.628627+00:00,2026-08-17T13:01:01.628627+03:00,1595,Sabiha Gökçen Açık Otoparkı,PENDİK,40.925,29.308,1056,210,846,AÇIK OTOPARK,1,15,24 Saat
2026-08-17T10:01:01.628627+00:00,2026-08-17T13:01:01.628627+03:00,3239,Samatya Sahil Cep Otoparkı,FATİH,40.9954,28.932,113,109,4,AÇIK OTOPARK,1,15,24 Saat
2026-08-17T10:01:01.628627+00:00,2026-08-17T13:01:01.628627+03:00,3273,Sarıyer Büyükdere Fidanlığı,SARIYER,41.1548,29.0268,160,155,5,AÇIK OTOPARK,1,0,08:00-18:00
2026-08-17T10:01:01.628627+00:00,2026-08-17T13:01:01.628627+03:00,3299,Sariyer Ayazağa Mah Vadi İstanbul Önü Açık Otoparkı,SARIYER,41.1106,28.9881,100,96,4,AÇIK OTOPARK,1,0,08:00-20:00
2026-08-17T10:01:01.628627+00:00,2026-08-17T13:01:01.628627+03:00,1303,Seyrantepe Katlı (Arena Karşısı) 1,KAĞITHANE,41.101,28.9961,1897,1891,6,KAPALI OTOPARK,1,0,24 Saat
2026-08-17T10:01:01.628627+00:00,2026-08-17T13:01:01.628627+03:00,1628,Sıracevizler Caddesi Yol Üstü 5,ŞİŞLİ,41.0607,28.9841,45,1,44,YOL ÜSTÜ,1,15,09:00-17:00
2026-08-17T10:01:01.628627+00:00,2026-08-17T13:01:01.628627+03:00,464,Sirkeci Gar Önü,FATİH,41.015,28.9761,60,1,59,AÇIK OTOPARK,1,5,07:00-20:00
2026-08-17T10:01:01.628627+00:00,2026-08-17T13:01:01.628627+03:00,1486,Siyavuşpaşa Yer Altı Otoparkı,BAHÇELİEVLER,40.9965,28.8532,155,0,155,KAPALI OTOPARK,1,0,24 Saat
2026-08-17T10:01:01.628627+00:00,2026-08-17T13:01:01.628627+03:00,1958,Soğanlık Metro PD Açık Otoparkı,KARTAL,40.9131,29.1925,898,820,78,AÇIK OTOPARK,1,15,24 Saat
2026-08-17T10:01:01.628627+00:00,2026-08-17T13:01:01.628627+03:00,589,Su Terazisi Sokak,FATİH,41.0046,28.9727,22,1,21,YOL ÜSTÜ,1,0,07:30-17:00
2026-08-17T10:01:01.628627+00:00,2026-08-17T13:01:01.628627+03:00,1478,Suadiye Cep Açık Otoparkı,KADIKÖY,40.9586,29.0732,130,112,18,AÇIK OTOPARK,1,15,24 Saat
2026-08-17T10:01:01.628627+00:00,2026-08-17T13:01:01.628627+03:00,2948,Suadiye Sahil Açık Otoparkı,KADIKÖY,40.9562,29.0797,70,33,37,AÇIK OTOPARK,1,5,24 Saat
2026-08-17T10:01:01.628627+00:00,2026-08-17T13:01:01.628627+03:00,2799,Sultanbeyli Emir Caddesi Zemin Altı Otoparkı,SULTANBEYLİ,40.9707,29.2606,130,67,63,KAPALI OTOPARK,1,15,08:00-22:00
2026-08-17T10:01:01.628627+00:00,2026-08-17T13:01:01.628627+03:00,2372,Sultanbeyli Kent Meydanı Zemin Altı Otoparkı,SULTANBEYLİ,40.9667,29.2667,300,143,157,KAPALI OTOPARK,1,15,24 Saat
2026-08-17T10:01:01.628627+00:00,2026-08-17T13:01:01.628627+03:00,2410,Sultangazi Zemin Altı Otoparkı,SULTANGAZİ,41.0944,28.8649,104,0,104,KAPALI OTOPARK,1,10,24 Saat
2026-08-17T10:01:01.628627+00:00,2026-08-17T13:01:01.628627+03:00,2085,Süleyman Seba Caddesi 2,BEŞİKTAŞ,41.0426,28.9998,40,1,39,YOL ÜSTÜ,1,15,08:00-18:00
2026-08-17T10:01:01.628627+00:00,2026-08-17T13:01:01.628627+03:00,2088,Süleyman Seba Caddesi 5,BEŞİKTAŞ,41.0432,28.9978,40,1,39,YOL ÜSTÜ,1,15,08:00-18:00
2026-08-17T10:01:01.628627+00:00,2026-08-17T13:01:01.628627+03:00,2089,Süleyman Seba Caddesi 6,BEŞİKTAŞ,41.0435,28.9967,11,1,10,YOL ÜSTÜ,1,15,08:00-18:00
2026-08-17T10:01:01.628627+00:00,2026-08-17T13:01:01.628627+03:00,2391,Süleymaniye Cami Altı Açık Otoparkı,FATİH,41.0158,28.961,250,234,16,AÇIK OTOPARK,1,0,06:30-18:30
2026-08-17T10:01:01.628627+00:00,2026-08-17T13:01:01.628627+03:00,1730,Sütlüce Miniatürk Yanı,BEYOĞLU,41.057,28.95,320,203,117,AÇIK OTOPARK,1,15,24 Saat
2026-08-17T10:01:01.628627+00:00,2026-08-17T13:01:01.628627+03:00,36,Şakayık Sokak 4,ŞİŞLİ,41.0518,28.9936,50,1,49,YOL ÜSTÜ,1,15,08:00-16:00
2026-08-17T10:01:01.628627+00:00,2026-08-17T13:01:01.628627+03:00,1469,Şehit Volkan Duysak Katlı Otoparkı,ZEYTİNBURNU,40.9968,28.9039,1000,688,312,KAPALI OTOPARK,1,5,24 Saat
2026-08-17T10:01:01.628627+00:00,2026-08-17T13:01:01.628627+03:00,2855,Şemsipaşa Açık Otoparkı,ÜSKÜDAR,41.0255,29.0097,80,79,1,AÇIK OTOPARK,1,0,24 Saat
2026-08-17T10:01:01.628627+00:00,2026-08-17T13:01:01.628627+03:00,2439,Şirinevler Meydan Zeminaltı Otoparkı,BAHÇELİEVLER,40.9925,28.8496,367,29,338,KAPALI OTOPARK,1,0,24 Saat
2026-08-17T10:01:01.628627+00:00,2026-08-17T13:01:01.628627+03:00,3400,Şişhane Refik Saydam Caddesi 2 Yol Üstü Otoparkı 1,BEYOĞLU,41.0326,28.9743,70,1,69,YOL ÜSTÜ,1,15,06:00-23:00
2026-08-17T10:01:01.628627+00:00,2026-08-17T13:01:01.628627+03:00,3441,Şişli Kuştepe Zemin Altı Otoparkı,ŞİŞLİ,41.072,28.9919,430,299,131,KAPALI OTOPARK,1,15,24 Saat
2026-08-17T10:01:01.628627+00:00,2026-08-17T13:01:01.628627+03:00,2816,Şişli Rumeli Caddesi Metro Yanı 1,ŞİŞLİ,41.0538,28.9868,45,1,44,YOL ÜSTÜ,1,15,08:00-20:00
2026-08-17T10:01:01.628627+00:00,2026-08-17T13:01:01.628627+03:00,2406,Şişli Zemin Altı Otoparkı,ŞİŞLİ,41.0641,28.9992,581,66,515,KAPALI OTOPARK,1,15,24 Saat
2026-08-17T10:01:01.628627+00:00,2026-08-17T13:01:01.628627+03:00,1993,Tuzla İdo,TUZLA,40.8149,29.3039,300,276,24,AÇIK OTOPARK,1,15,24 Saat
2026-08-17T10:01:01.628627+00:00,2026-08-17T13:01:01.628627+03:00,3332,Tuzla Sahil Cep,TUZLA,40.8168,29.2992,50,39,11,AÇIK OTOPARK,1,0,08:00-00:00
2026-08-17T10:01:01.628627+00:00,2026-08-17T13:01:01.628627+03:00,3057,Tuzla Sahil Zemin Altı Otoparkı,TUZLA,40.8181,29.3004,779,1,778,KAPALI OTOPARK,1,15,24 Saat
2026-08-17T10:01:01.628627+00:00,2026-08-17T13:01:01.628627+03:00,1811,Ulu Camii Açık Otoparkı,BAHÇELİEVLER,40.9982,28.8499,150,124,26,AÇIK OTOPARK,1,10,24 Saat
2026-08-17T10:01:01.628627+00:00,2026-08-17T13:01:01.628627+03:00,2424,Uzunçayır Açık Otoparkı,KADIKÖY,40.9988,29.0556,58,51,7,AÇIK OTOPARK,1,0,06:00-16:00
2026-08-17T10:01:01.628627+00:00,2026-08-17T13:01:01.628627+03:00,1468,Ümraniye Katlı Otoparkı,ÜMRANİYE,41.0261,29.0953,665,442,223,KAPALI OTOPARK,1,15,24 Saat
2026-08-17T10:01:01.628627+00:00,2026-08-17T13:01:01.628627+03:00,2898,Ümraniye Okan Sokak Zeminaltı Otoparkı,ÜMRANİYE,41.0284,29.0907,125,38,87,KAPALI OTOPARK,1,15,24 Saat
2026-08-17T10:01:01.628627+00:00,2026-08-17T13:01:01.628627+03:00,2345,Üsküdar Uzunçayır PD Açık Otoparkı,ÜSKÜDAR,40.9988,29.0577,90,83,7,AÇIK OTOPARK,1,15,06:00-22:00
2026-08-17T10:01:01.628627+00:00,2026-08-17T13:01:01.628627+03:00,1929,Üsküdar Ünalan Açık Otoparkı,ÜSKÜDAR,40.9979,29.0604,180,175,5,AÇIK OTOPARK,1,0,07:00-17:00
2026-08-17T10:01:01.628627+00:00,2026-08-17T13:01:01.628627+03:00,1487,Vatan Caddesi PD Açık Otoparkı,FATİH,41.0157,28.9405,397,149,248,AÇIK OTOPARK,1,5,24 Saat
2026-08-17T10:01:01.628627+00:00,2026-08-17T13:01:01.628627+03:00,2441,Yalı Açık Otoparkı,MALTEPE,40.9095,29.137,85,82,3,AÇIK OTOPARK,1,0,07:30-22:00
2026-08-17T10:01:01.628627+00:00,2026-08-17T13:01:01.628627+03:00,459,Yalı Köşkü Caddesi 1,FATİH,41.0163,28.9759,61,1,60,YOL ÜSTÜ,1,5,07:00-21:00
2026-08-17T10:01:01.628627+00:00,2026-08-17T13:01:01.628627+03:00,2037,Yenikapı Marmaray Büyük Otoparkı,FATİH,41.0057,28.9505,324,100,224,AÇIK OTOPARK,1,15,24 Saat
2026-08-17T10:01:01.628627+00:00,2026-08-17T13:01:01.628627+03:00,2036,Yenikapı Marmaray Küçük Otoparkı,FATİH,41.0064,28.9504,200,160,40,AÇIK OTOPARK,1,15,07:00-22:00
2026-08-17T10:01:01.628627+00:00,2026-08-17T13:01:01.628627+03:00,2175,Yenikapı Spor ve Kültür Merkezi PD Açık Otoparkı,FATİH,41.0006,28.9519,4023,3878,145,AÇIK OTOPARK,1,15,24 Saat
2026-08-17T10:01:01.628627+00:00,2026-08-17T13:01:01.628627+03:00,2805,Yenikapı Tünel Üstü Açık Otoparkı,FATİH,41.0029,28.9534,700,435,265,AÇIK OTOPARK,1,10,24 Saat
2026-08-17T10:01:01.628627+00:00,2026-08-17T13:01:01.628627+03:00,3404,Yenimahalle Metro Zemin Altı PD Otoparkı,GAZİOSMANPAŞA,41.0839,28.8926,114,92,22,KAPALI OTOPARK,1,15,24 Saat
2026-08-17T10:01:01.628627+00:00,2026-08-17T13:01:01.628627+03:00,2920,Yeşilce Zemin Altı Katlı Otoparkı,KAĞITHANE,41.0938,29.0017,676,0,676,KAPALI OTOPARK,1,0,24 Saat
2026-08-17T10:01:01.628627+00:00,2026-08-17T13:01:01.628627+03:00,987,Yeşilköy İstasyon Caddesi 1,BAKIRKÖY,40.962,28.825,40,1,39,YOL ÜSTÜ,1,15,09:00-17:30
2026-08-17T10:01:01.628627+00:00,2026-08-17T13:01:01.628627+03:00,974,Yeşilköy Marina 1,BAKIRKÖY,40.9576,28.8233,145,1,144,YOL ÜSTÜ,1,0,12:00-23:00
2026-08-17T10:01:01.628627+00:00,2026-08-17T13:01:01.628627+03:00,3406,Yeşilpınar Metro Zemin Altı PD Otoparkı,EYÜP,41.081,28.9204,269,202,67,KAPALI OTOPARK,1,15,24 Saat
2026-08-17T10:01:01.628627+00:00,2026-08-17T13:01:01.628627+03:00,315,Yeşilyurt Çarşı 1,BAKIRKÖY,40.9643,28.8379,50,1,49,YOL ÜSTÜ,1,15,09:00-17:30
2026-08-17T10:01:01.628627+00:00,2026-08-17T13:01:01.628627+03:00,1133,Yıldız Korusu,BEŞİKTAŞ,41.0514,29.0165,500,1,499,AÇIK OTOPARK,1,0,08:00-22:00
2026-08-17T10:01:01.628627+00:00,2026-08-17T13:01:01.628627+03:00,882,Zeytinburnu 58. Bulvar 2,ZEYTİNBURNU,40.9932,28.9039,48,1,47,YOL ÜSTÜ,1,15,09:00-18:00
2026-08-17T10:01:01.628627+00:00,2026-08-17T13:01:01.628627+03:00,3185,Zeytinburnu Sahil Cep Otoparkı,ZEYTİNBURNU,40.9798,28.8985,160,1,159,AÇIK OTOPARK,1,0,12:00-22:00
2026-08-17T11:12:20.219765+00:00,2026-08-17T14:12:20.219765+03:00,3068,15 Temmuz Şehitler Meydanı Zeminaltı Otoparkı,ÜMRANİYE,41.0246,29.0915,1029,466,563,KAPALI OTOPARK,1,15,24 Saat
2026-08-17T11:12:20.219765+00:00,2026-08-17T14:12:20.219765+03:00,2338,19 Mayıs Açık,ŞİŞLİ,41.0563,28.9941,65,0,65,AÇIK OTOPARK,1,0,24 Saat
2026-08-17T11:12:20.219765+00:00,2026-08-17T14:12:20.219765+03:00,1751,4.Levent PD Açık Otoparkı,KAĞITHANE,41.0836,29.0081,236,89,147,AÇIK OTOPARK,1,5,24 Saat
2026-08-17T11:12:20.219765+00:00,2026-08-17T14:12:20.219765+03:00,3328,4.Levent Servis ve Turizm Araçları Açık Otoparkı,ŞİŞLİ,41.0841,29.0054,300,142,158,AÇIK OTOPARK,1,15,24 Saat
2026-08-17T11:12:20.219765+00:00,2026-08-17T14:12:20.219765+03:00,3412,5. Levent Gaziosmanpaşa Adliyesi Yanı Açık Otoparkı,EYÜP,41.0927,28.9494,250,166,84,AÇIK OTOPARK,1,15,07:00-23:00
2026-08-17T11:12:20.219765+00:00,2026-08-17T14:12:20.219765+03:00,104,Abide-i Hürriyet Caddesi 5,ŞİŞLİ,41.0619,28.9876,40,1,39,YOL ÜSTÜ,1,15,08:00-17:00
2026-08-17T11:12:20.219765+00:00,2026-08-17T14:12:20.219765+03:00,2452,Acıbadem Açık Otoparkı,ÜSKÜDAR,41.0157,29.0574,100,86,14,AÇIK OTOPARK,1,0,06:30-16:00
2026-08-17T11:12:20.219765+00:00,2026-08-17T14:12:20.219765+03:00,346,Ada Karşısı Cep 2,BEŞİKTAŞ,41.072,29.045,30,1,29,YOL ÜSTÜ,1,15,08:00-23:00
2026-08-17T11:12:20.219765+00:00,2026-08-17T14:12:20.219765+03:00,1663,Akasyalı Sokak Tenis Kulubü Önü 2,BEŞİKTAŞ,41.0867,29.0109,45,1,44,YOL ÜSTÜ,1,15,08:30-17:30
2026-08-17T11:12:20.219765+00:00,2026-08-17T14:12:20.219765+03:00,828,Akdeniz Caddesi 4,FATİH,41.0175,28.9435,27,1,26,YOL ÜSTÜ,1,15,09:00-18:00
2026-08-17T11:12:20.219765+00:00,2026-08-17T14:12:20.219765+03:00,1913,Alibeyköy Cep Otogarı Açık Otoparkı,EYÜP,41.0879,28.9446,116,0,116,AÇIK OTOPARK,1,25,24 Saat
2026-08-17T11:12:20.219765+00:00,2026-08-17T14:12:20.219765+03:00,1912,Alibeyköy Cep Otogarı Otobüs Otoparkı,EYÜP,41.0875,28.9449,5000,1,4999,AÇIK OTOPARK,1,60,24 Saat
2026-08-17T11:12:20.219765+00:00,2026-08-17T14:12:20.219765+03:00,2562,Alibeyköy Yeşiltepe Zemin Altı Otoparkı,EYÜP,41.0797,28.938,159,74,85,KAPALI OTOPARK,1,15,24 Saat
2026-08-17T11:12:20.219765+00:00,2026-08-17T14:12:20.219765+03:00,3201,Altınboynuz Sosyal Tesisleri,EYÜP,41.058,28.9447,70,70,0,AÇIK OTOPARK,1,15,08:00-23:00
2026-08-17T11:12:20.219765+00:00,2026-08-17T14:12:20.219765+03:00,758,Arap Camii Açık Otoparkı,BEYOĞLU,41.0227,28.9723,30,1,29,AÇIK OTOPARK,1,0,09:00-17:00
2026-08-17T11:12:20.219765+00:00,2026-08-17T14:12:20.219765+03:00,1963,Aras Sokak 1,BÜYÜKÇEKMECE,41.0226,28.622,60,1,59,YOL ÜSTÜ,1,0,06:00-14:30
2026-08-17T11:12:20.219765+00:00,2026-08-17T14:12:20.219765+03:00,2802,Arnavutköy Zemin Altı Otoparkı,ARNAVUTKÖY,41.1838,28.7396,700,0,700,KAPALI OTOPARK,1,15,24 Saat
2026-08-17T11:12:20.219765+00:00,2026-08-17T14:12:20.219765+03:00,1797,Ataköy Atrium AVM,BAKIRKÖY,40.9881,28.8459,250,219,31,AÇIK OTOPARK,1,15,08:00-23:00
2026-08-17T11:12:20.219765+00:00,2026-08-17T14:12:20.219765+03:00,2824,Ataköy Metro Durağı Yanı PD Zemin Altı Otoparkı,BAKIRKÖY,40.9904,28.8456,150,85,65,KAPALI OTOPARK,1,0,24 Saat
2026-08-17T11:12:20.219765+00:00,2026-08-17T14:12:20.219765+03:00,359,Atatürk Bulvarı 1,FATİH,41.0112,28.9534,20,1,19,YOL ÜSTÜ,1,0,07:30-18:00
2026-08-17T11:12:20.219765+00:00,2026-08-17T14:12:20.219765+03:00,3087,Atatürk Kent Ormanı Otoparkı,SARIYER,41.136,29.0262,200,198,2,AÇIK OTOPARK,1,0,08:00-17:00
2026-08-17T11:12:20.219765+00:00,2026-08-17T14:12:20.219765+03:00,2243,Avcılar Denizköşkler Toplantı ve Davet Salonu Açık Otoparkı,AVCILAR,40.9746,28.7435,200,188,12,AÇIK OTOPARK,1,15,13:00-07:00
2026-08-17T11:12:20.219765+00:00,2026-08-17T14:12:20.219765+03:00,1088,Avcılar İdo,AVCILAR,40.9712,28.7185,270,259,11,AÇIK OTOPARK,1,0,13:00-07:00
2026-08-17T11:12:20.219765+00:00,2026-08-17T14:12:20.219765+03:00,2885,Azapkapı Haliç Metro Otoparkı,ŞİŞLİ,41.0245,28.9691,80,1,79,AÇIK OTOPARK,1,5,24 Saat
2026-08-17T11:12:20.219765+00:00,2026-08-17T14:12:20.219765+03:00,2455,Azerbaycan Dostluk Parkı Zemin Altı Otoparkı,BAĞCILAR,41.0444,28.854,400,185,215,KAPALI OTOPARK,1,10,24 Saat
2026-08-17T11:12:20.219765+00:00,2026-08-17T14:12:20.219765+03:00,2965,Bağcılar Çolakoğlu Zemin Altı Otoparkı,BAĞCILAR,41.0324,28.8345,106,0,106,KAPALI OTOPARK,1,5,24 Saat
2026-08-17T11:12:20.219765+00:00,2026-08-17T14:12:20.219765+03:00,2576,Bağcılar Demirkapı Zemin Altı Otoparkı,BAĞCILAR,41.0499,28.8327,343,182,161,KAPALI OTOPARK,1,5,24 Saat
2026-08-17T11:12:20.219765+00:00,2026-08-17T14:12:20.219765+03:00,3036,Bağcılar Devlet Hastanesi Yanı Zeminaltı Otoparkı,BAĞCILAR,41.0312,28.8696,1133,60,1073,KAPALI OTOPARK,1,15,24 Saat
2026-08-17T11:12:20.219765+00:00,2026-08-17T14:12:20.219765+03:00,3071,Bağcılar Emniyet Müdürlüğü Yanı Açık Otoparkı,BAĞCILAR,41.0353,28.8598,100,41,59,AÇIK OTOPARK,1,0,24 Saat
2026-08-17T11:12:20.219765+00:00,2026-08-17T14:12:20.219765+03:00,2873,Bağcılar Göztepe Zemin Altı,BAĞCILAR,41.0567,28.8355,120,0,120,KAPALI OTOPARK,1,5,24 Saat
2026-08-17T11:12:20.219765+00:00,2026-08-17T14:12:20.219765+03:00,3187,Bağcılar Hürriyet Mahallesi Zemin Altı Otoparkı,BAĞCILAR,41.0291,28.8333,355,0,355,KAPALI OTOPARK,1,10,24 Saat
2026-08-17T11:12:20.219765+00:00,2026-08-17T14:12:20.219765+03:00,2916,Bağcılar Kent Meydanı PD Zemin Altı Otoparkı,BAĞCILAR,41.0339,28.8556,1162,0,1162,KAPALI OTOPARK,1,0,24 Saat
2026-08-17T11:12:20.219765+00:00,2026-08-17T14:12:20.219765+03:00,3261,Bağcılar Yenimahalle Zemin Altı Otoparkı,BAĞCILAR,41.0425,28.8395,525,283,242,KAPALI OTOPARK,1,15,24 Saat
2026-08-17T11:12:20.219765+00:00,2026-08-17T14:12:20.219765+03:00,2820,Bağcılar Yıldıztepe Katlı Otoparkı,BAĞCILAR,41.0294,28.8556,350,0,350,KAPALI OTOPARK,1,10,24 Saat
2026-08-17T11:12:20.219765+00:00,2026-08-17T14:12:20.219765+03:00,3447,Bahçelievler 23 Nisan Milli Egemenlik Zeminaltı Otoparkı,BAHÇELİEVLER,40.9988,28.8472,732,525,207,KAPALI OTOPARK,1,10,24 Saat
2026-08-17T11:12:20.219765+00:00,2026-08-17T14:12:20.219765+03:00,2993,Bahçelievler Cumhuriyet Zeminaltı Otoparkı,BAHÇELİEVLER,41.0149,28.859,663,0,663,KAPALI OTOPARK,1,10,24 Saat
2026-08-17T11:12:20.219765+00:00,2026-08-17T14:12:20.219765+03:00,2969,Bahçelievler Devlet Hastanesi Yanı Katlı Otoparkı,BAHÇELİEVLER,41.0072,28.8442,740,0,740,KAPALI OTOPARK,1,0,24 Saat
2026-08-17T11:12:20.219765+00:00,2026-08-17T14:12:20.219765+03:00,3051,Bahçelievler Zafer Mh. Zeminaltı Otoparkı,BAHÇELİEVLER,41.0036,28.8351,200,97,103,KAPALI OTOPARK,1,0,24 Saat
2026-08-17T11:12:20.219765+00:00,2026-08-17T14:12:20.219765+03:00,3236,Bahçeşehir Gölet Açık Otoparkı,BAŞAKŞEHİR,41.0719,28.6901,200,1,199,AÇIK OTOPARK,1,0,12:00-22:00
2026-08-17T11:12:20.219765+00:00,2026-08-17T14:12:20.219765+03:00,1465,Bakırköy İdo Açık Otoparkı,BAKIRKÖY,40.9739,28.8761,160,129,31,AÇIK OTOPARK,1,10,24 Saat
2026-08-17T11:12:20.219765+00:00,2026-08-17T14:12:20.219765+03:00,1104,Balmumcu Katlı Otoparkı,BEŞİKTAŞ,41.0636,29.0109,400,169,231,KAPALI OTOPARK,1,5,24 Saat
2026-08-17T11:12:20.219765+00:00,2026-08-17T14:12:20.219765+03:00,2796,Başakşehir Metro Açık Otoparkı,BAŞAKŞEHİR,41.107,28.801,125,1,124,AÇIK OTOPARK,1,0,07:00-16:00
2026-08-17T11:12:20.219765+00:00,2026-08-17T14:12:20.219765+03:00,2350,Bayrampaşa Adapark Katlı Otoparkı,BAYRAMPAŞA,41.0647,28.8875,650,0,650,KAPALI OTOPARK,1,15,24 Saat
2026-08-17T11:12:20.219765+00:00,2026-08-17T14:12:20.219765+03:00,2892,Bayrampaşa Altıntepsi Zemin  Altı Otoparkı,BAYRAMPAŞA,41.0393,28.9029,110,0,110,KAPALI OTOPARK,1,10,24 Saat
2026-08-17T11:12:20.219765+00:00,2026-08-17T14:12:20.219765+03:00,2909,Bayrampaşa Atatürk Parkı  Zemin Altı Otoparkı,BAYRAMPAŞA,41.0342,28.9123,442,0,442,KAPALI OTOPARK,1,10,24 Saat
2026-08-17T11:12:20.219765+00:00,2026-08-17T14:12:20.219765+03:00,2683,Bayrampaşa Devlet Hastanesi Cep Otoparkı,BAYRAMPAŞA,41.0414,28.9031,55,8,47,AÇIK OTOPARK,1,0,08:00-19:00
2026-08-17T11:12:20.219765+00:00,2026-08-17T14:12:20.219765+03:00,3301,Bayrampaşa Kocatepe Mahallesi Zemin Altı Otoparkı,BAYRAMPAŞA,41.0545,28.8964,241,0,241,KAPALI OTOPARK,1,10,24 Saat
2026-08-17T11:12:20.219765+00:00,2026-08-17T14:12:20.219765+03:00,2053,Bayrampaşa Muratpaşa Yer Altı Otoparkı,BAYRAMPAŞA,41.047,28.9082,300,22,278,KAPALI OTOPARK,1,15,24 Saat
2026-08-17T11:12:20.219765+00:00,2026-08-17T14:12:20.219765+03:00,3175,Bayrampaşa Spor Kompleksi Zemin Altı Otoparkı,BAYRAMPAŞA,41.0446,28.9106,205,0,205,KAPALI OTOPARK,1,15,24 Saat
2026-08-17T11:12:20.219765+00:00,2026-08-17T14:12:20.219765+03:00,3382,Bayrampaşa Şehit Kamil Balkan Zemin Altı Otoparkı,BAYRAMPAŞA,41.0604,28.9008,235,0,235,KAPALI OTOPARK,1,10,24 Saat
2026-08-17T11:12:20.219765+00:00,2026-08-17T14:12:20.219765+03:00,2428,Bayrampaşa Yenidoğan Mahallesi Zemin Altı Otoparkı,BAYRAMPAŞA,41.0395,28.9088,120,0,120,KAPALI OTOPARK,1,10,24 Saat
2026-08-17T11:12:20.219765+00:00,2026-08-17T14:12:20.219765+03:00,2468,Bebek Açık,BEŞİKTAŞ,41.077,29.0434,30,0,30,AÇIK OTOPARK,1,0,24 Saat
2026-08-17T11:12:20.219765+00:00,2026-08-17T14:12:20.219765+03:00,3479,Beşiktaş Halk Pazarı Açık Otoparkı,BEŞİKTAŞ,41.0496,29.0004,170,96,74,AÇIK OTOPARK,1,5,24 Saat
2026-08-17T11:12:20.219765+00:00,2026-08-17T14:12:20.219765+03:00,3257,Beykoz Sahil Cep Otoparkı,BEYKOZ,41.1286,29.0953,100,73,27,AÇIK OTOPARK,1,0,08:00-00:00
2026-08-17T11:12:20.219765+00:00,2026-08-17T14:12:20.219765+03:00,2273,Beykoz Sosyal Tesisleri,BEYKOZ,41.1143,29.0888,130,39,91,AÇIK OTOPARK,1,15,08:00-00:00
2026-08-17T11:12:20.219765+00:00,2026-08-17T14:12:20.219765+03:00,2999,Beyoğlu Gazhane Bostan Sokak 2,BEYOĞLU,41.0389,28.9903,35,1,34,YOL ÜSTÜ,1,0,07:30-16:30
2026-08-17T11:12:20.219765+00:00,2026-08-17T14:12:20.219765+03:00,3072,Beyoğlu Örnektepe Zemin Altı Otoparkı,BEYOĞLU,41.0543,28.9548,143,0,143,KAPALI OTOPARK,1,0,24 Saat
2026-08-17T11:12:20.219765+00:00,2026-08-17T14:12:20.219765+03:00,1455,Bostancı Açık,KADIKÖY,40.9523,29.0902,394,121,273,AÇIK OTOPARK,1,15,24 Saat
2026-08-17T11:12:20.219765+00:00,2026-08-17T14:12:20.219765+03:00,1456,Bostancı Sahil-Cep Açık Otoparkı,KADIKÖY,40.9545,29.0885,192,117,75,AÇIK OTOPARK,1,15,24 Saat
2026-08-17T11:12:20.219765+00:00,2026-08-17T14:12:20.219765+03:00,2150,Bostancı Vergi Dairesi Açık Otoparkı,ATAŞEHİR,40.9625,29.1083,155,0,155,AÇIK OTOPARK,1,5,08:00-20:00
2026-08-17T11:12:20.219765+00:00,2026-08-17T14:12:20.219765+03:00,2854,Bülent Ecevit Kültür Merkezi Açık Otoparkı,KARTAL,40.8852,29.1967,277,266,11,AÇIK OTOPARK,1,0,10:00-21:00
2026-08-17T11:12:20.219765+00:00,2026-08-17T14:12:20.219765+03:00,2866,Büyük İstanbul Otogarı,BAYRAMPAŞA,41.0402,28.8942,1000,0,1000,AÇIK OTOPARK,1,25,24 Saat
2026-08-17T11:12:20.219765+00:00,2026-08-17T14:12:20.219765+03:00,1192,Büyükçamlıca Korusu Sosyal Tesisleri Önü,ÜSKÜDAR,41.0264,29.0698,204,112,92,AÇIK OTOPARK,1,0,08:00-00:00
2026-08-17T11:12:20.219765+00:00,2026-08-17T14:12:20.219765+03:00,2960,Büyükçekmece Metrobüs Durağı Yanı PD Zemin Altı Otopark,BÜYÜKÇEKMECE,41.0221,28.624,448,0,448,KAPALI OTOPARK,1,0,24 Saat
2026-08-17T11:12:20.219765+00:00,2026-08-17T14:12:20.219765+03:00,1503,Cadde Bostan Açık Otoparkı,KADIKÖY,40.9636,29.0675,66,30,36,AÇIK OTOPARK,1,15,24 Saat
2026-08-17T11:12:20.219765+00:00,2026-08-17T14:12:20.219765+03:00,2933,Cemal Kamacı Spor Kompleksi Zemin Altı Otoparkı,KAĞITHANE,41.0536,28.9575,510,0,510,KAPALI OTOPARK,1,0,24 Saat
2026-08-17T11:12:20.219765+00:00,2026-08-17T14:12:20.219765+03:00,2207,Cengiz Topel Yer Altı Katlı Otoparkı,ESENLER,41.0588,28.8643,144,0,144,KAPALI OTOPARK,1,15,24 Saat
2026-08-17T11:12:20.219765+00:00,2026-08-17T14:12:20.219765+03:00,2787,Cevizli Açık Otoparkı,KARTAL,40.9179,29.1712,100,20,80,AÇIK OTOPARK,1,15,08:00-19:00
2026-08-17T11:12:20.219765+00:00,2026-08-17T14:12:20.219765+03:00,782,Cihangir Caddesi 2,BEYOĞLU,41.0319,28.9862,70,1,69,YOL ÜSTÜ,1,15,09:00-19:00
2026-08-17T11:12:20.219765+00:00,2026-08-17T14:12:20.219765+03:00,1467,Cihangir Katlı Otoparkı,BEYOĞLU,41.0318,28.9858,350,0,350,KAPALI OTOPARK,1,0,24 Saat
2026-08-17T11:12:20.219765+00:00,2026-08-17T14:12:20.219765+03:00,535,Cihannuma Yol Üstü 1,BEŞİKTAŞ,41.0454,29.0084,35,1,34,YOL ÜSTÜ,1,0,08:00-23:00
2026-08-17T11:12:20.219765+00:00,2026-08-17T14:12:20.219765+03:00,537,Cihannuma Yol Üstü 3,BEŞİKTAŞ,41.0459,29.0087,33,1,32,YOL ÜSTÜ,1,0,08:00-23:00
2026-08-17T11:12:20.219765+00:00,2026-08-17T14:12:20.219765+03:00,539,Cihannuma Yol Üstü 5,BEŞİKTAŞ,41.0489,29.0094,24,1,23,YOL ÜSTÜ,1,0,08:00-23:00
2026-08-17T11:12:20.219765+00:00,2026-08-17T14:12:20.219765+03:00,3184,Çam Sokak 6,GÜNGÖREN,41.0121,28.8882,50,1,49,YOL ÜSTÜ,1,15,08:00-17:00
2026-08-17T11:12:20.219765+00:00,2026-08-17T14:12:20.219765+03:00,3030,Çekmeköy Metro PD Zemin Altı Otoparkı,ÇEKMEKÖY,41.0147,29.1886,175,39,136,KAPALI OTOPARK,1,15,24 Saat
2026-08-17T11:12:20.219765+00:00,2026-08-17T14:12:20.219765+03:00,2905,Çeliktepe Açık Otoparkı,KAĞITHANE,41.0843,29.0056,200,75,125,AÇIK OTOPARK,1,5,24 Saat
2026-08-17T11:12:20.219765+00:00,2026-08-17T14:12:20.219765+03:00,1298,Çengelköy Açık Otoparkı,ÜSKÜDAR,41.0484,29.0533,500,302,198,AÇIK OTOPARK,1,15,24 Saat
2026-08-17T11:12:20.219765+00:00,2026-08-17T14:12:20.219765+03:00,502,Çınar Açık Otoparkı,BEŞİKTAŞ,41.0853,29.0088,65,1,64,AÇIK OTOPARK,1,0,08:00-18:00
2026-08-17T11:12:20.219765+00:00,2026-08-17T14:12:20.219765+03:00,777,Çırağan Sarayı Yol Üstü 1,BEŞİKTAŞ,41.0448,29.0165,40,1,39,YOL ÜSTÜ,1,15,08:00-23:00
2026-08-17T11:12:20.219765+00:00,2026-08-17T14:12:20.219765+03:00,778,Çırağan Sarayı Yol Üstü 2,BEŞİKTAŞ,41.0445,29.0156,40,1,39,YOL ÜSTÜ,1,15,08:00-23:00
2026-08-17T11:12:20.219765+00:00,2026-08-17T14:12:20.219765+03:00,2228,Çırpıcı Sosyal Tesisler,ZEYTİNBURNU,41,28.8926,128,0,128,AÇIK OTOPARK,1,15,07:00-00:00
2026-08-17T11:12:20.219765+00:00,2026-08-17T14:12:20.219765+03:00,2030,Dalyan Açık Otoparkı,KADIKÖY,40.9632,29.0651,92,26,66,AÇIK OTOPARK,1,15,24 Saat
2026-08-17T11:12:20.219765+00:00,2026-08-17T14:12:20.219765+03:00,2271,Damla Sokak 1,ŞİŞLİ,41.0672,29.0004,17,1,16,YOL ÜSTÜ,1,15,07:30-16:30
2026-08-17T11:12:20.219765+00:00,2026-08-17T14:12:20.219765+03:00,2164,Darüşşafaka Yeraltı Otoparkı,SARIYER,41.1292,29.0252,150,116,34,KAPALI OTOPARK,1,15,08:00-00:00
2026-08-17T11:12:20.219765+00:00,2026-08-17T14:12:20.219765+03:00,1653,Deniz Feneri Otoparkı,FATİH,41.0019,28.9773,175,87,88,AÇIK OTOPARK,1,5,24 Saat
2026-08-17T11:12:20.219765+00:00,2026-08-17T14:12:20.219765+03:00,595,Dostluk Yurdu 1,FATİH,41.0071,28.973,33,1,32,YOL ÜSTÜ,1,15,07:00-17:00
2026-08-17T11:12:20.219765+00:00,2026-08-17T14:12:20.219765+03:00,2237,Dragos Sosyal Tesisleri,KARTAL,40.9017,29.1458,100,37,63,AÇIK OTOPARK,1,15,24 Saat
2026-08-17T11:12:20.219765+00:00,2026-08-17T14:12:20.219765+03:00,3063,Dudullu Metro PD Zemin Altı Otoparkı,ÜMRANİYE,41.0156,29.1633,81,53,28,KAPALI OTOPARK,1,15,07:00-23:30
2026-08-17T11:12:20.219765+00:00,2026-08-17T14:12:20.219765+03:00,1522,Ebu Suut Caddesi 1,FATİH,41.0128,28.9766,35,1,34,YOL ÜSTÜ,1,0,08:00-18:00
2026-08-17T11:12:20.219765+00:00,2026-08-17T14:12:20.219765+03:00,2147,EGS Blokları Açık Otoparkı,BAKIRKÖY,40.9863,28.8354,350,0,350,AÇIK OTOPARK,1,60,09:00-19:30
2026-08-17T11:12:20.219765+00:00,2026-08-17T14:12:20.219765+03:00,2366,Esenler Adem Baştürk Kültür Merkezi Katlı,ESENLER,41.039,28.8846,460,44,416,KAPALI OTOPARK,1,15,24 Saat
2026-08-17T11:12:20.219765+00:00,2026-08-17T14:12:20.219765+03:00,3190,Esenler Havaalanı Mahallesi Zemin Altı Otoparkı,ESENLER,41.0562,28.8674,610,374,236,KAPALI OTOPARK,1,10,24 Saat
2026-08-17T11:12:20.219765+00:00,2026-08-17T14:12:20.219765+03:00,3011,Esenler Menderes Metro İstasyonu Yanı,ESENLER,41.0427,28.8783,68,20,48,AÇIK OTOPARK,1,5,24 Saat
2026-08-17T11:12:20.219765+00:00,2026-08-17T14:12:20.219765+03:00,2822,Esenler Menderes Parkı Zemin Altı Otoparkı,ESENLER,41.0412,28.8729,325,79,246,KAPALI OTOPARK,1,10,24 Saat
2026-08-17T11:12:20.219765+00:00,2026-08-17T14:12:20.219765+03:00,3303,Esenyurt Adile Naşit Bulvarı Zeminaltı Otoparkı,ESENYURT,41.0205,28.6859,367,276,91,KAPALI OTOPARK,1,15,24 Saat
2026-08-17T11:12:20.219765+00:00,2026-08-17T14:12:20.219765+03:00,1328,Eski Salı Pazarı,KADIKÖY,40.9904,29.0338,760,0,760,AÇIK OTOPARK,1,15,24 Saat
2026-08-17T11:12:20.219765+00:00,2026-08-17T14:12:20.219765+03:00,904,Eyüp Pierloti Caddesi 1,EYÜP,41.0539,28.9329,40,1,39,YOL ÜSTÜ,1,0,09:00-22:00
2026-08-17T11:12:20.219765+00:00,2026-08-17T14:12:20.219765+03:00,2850,Eyüpsultan Akşemsettin Mahallesi Zemin Altı Otoparkı,EYÜP,41.085,28.9258,110,0,110,KAPALI OTOPARK,1,15,24 Saat
2026-08-17T11:12:20.219765+00:00,2026-08-17T14:12:20.219765+03:00,2215,Fatih Çeşmesi Tabiat Parkı Otoparkı,SARIYER,41.1686,28.9448,250,243,7,AÇIK OTOPARK,1,0,06:00-20:00
2026-08-17T11:12:20.219765+00:00,2026-08-17T14:12:20.219765+03:00,1475,Fatih Katlı Otoparkı,FATİH,41.0198,28.9396,118,0,118,KAPALI OTOPARK,1,10,24 Saat
2026-08-17T11:12:20.219765+00:00,2026-08-17T14:12:20.219765+03:00,1591,Feshane PD Açık Otoparkı,EYÜP,41.0463,28.9378,200,44,156,AÇIK OTOPARK,1,15,24 Saat
2026-08-17T11:12:20.219765+00:00,2026-08-17T14:12:20.219765+03:00,1005,Florya Havuzlu Bahçe,BAKIRKÖY,40.9764,28.7908,135,1,134,AÇIK OTOPARK,1,0,09:00-23:00
2026-08-17T11:12:20.219765+00:00,2026-08-17T14:12:20.219765+03:00,2238,Florya Sosyal Tesisleri,BAKIRKÖY,40.9614,28.8091,1074,887,187,AÇIK OTOPARK,1,15,24 Saat
2026-08-17T11:12:20.219765+00:00,2026-08-17T14:12:20.219765+03:00,1704,Gazi Umur Paşa Sokak 5,BEŞİKTAŞ,41.0589,29.0114,45,1,44,YOL ÜSTÜ,1,15,08:00-17:00
2026-08-17T11:12:20.219765+00:00,2026-08-17T14:12:20.219765+03:00,3296,Gaziosmanpaşa Meydanı ve Yaşam Merkezi Zemin Altı Otoparkı,GAZİOSMANPAŞA,41.0606,28.9093,202,0,202,KAPALI OTOPARK,1,15,24 Saat
2026-08-17T11:12:20.219765+00:00,2026-08-17T14:12:20.219765+03:00,2971,Gaziosmanpaşa Zemin Altı Otoparkı,GAZİOSMANPAŞA,41.0796,28.8858,285,0,285,KAPALI OTOPARK,1,0,24 Saat
2026-08-17T11:12:20.219765+00:00,2026-08-17T14:12:20.219765+03:00,3401,Giyimkent Tekstilkent Metro Zemin Altı PD Otoparkı,ESENLER,41.0711,28.8666,203,160,43,KAPALI OTOPARK,1,10,24 Saat
2026-08-17T11:12:20.219765+00:00,2026-08-17T14:12:20.219765+03:00,2242,Gözdağı Sosyal Tesisler  Açık Otoparkı,PENDİK,40.893,29.2538,300,216,84,AÇIK OTOPARK,1,0,07:00-23:00
2026-08-17T11:12:20.219765+00:00,2026-08-17T14:12:20.219765+03:00,1879,Gülsuyu Metro PD Yer Altı Otoparkı,MALTEPE,40.9237,29.1548,76,0,76,KAPALI OTOPARK,1,15,08:00-00:00
2026-08-17T11:12:20.219765+00:00,2026-08-17T14:12:20.219765+03:00,1423,Güneş Plajı 1,BAKIRKÖY,40.9712,28.79,250,166,84,AÇIK OTOPARK,1,10,24 Saat
2026-08-17T11:12:20.219765+00:00,2026-08-17T14:12:20.219765+03:00,1461,Güneş Plajı 2,BAKIRKÖY,40.9692,28.7951,135,117,18,AÇIK OTOPARK,1,10,08:00-20:00
2026-08-17T11:12:20.219765+00:00,2026-08-17T14:12:20.219765+03:00,3053,Güngören Nikah Dairesi Zemin Altı otoparkı,GÜNGÖREN,41.0363,28.8718,147,0,147,KAPALI OTOPARK,1,10,24 Saat
2026-08-17T11:12:20.219765+00:00,2026-08-17T14:12:20.219765+03:00,2216,Gürpınar Balık Hali Otoparkı,BEYLİKDÜZÜ,40.9663,28.6019,1000,719,281,AÇIK OTOPARK,1,15,24 Saat
2026-08-17T11:12:20.219765+00:00,2026-08-17T14:12:20.219765+03:00,1525,Hacıosman Metro Yer Altı Otoparkı,SARIYER,41.14,29.0306,422,43,379,KAPALI OTOPARK,1,15,24 Saat
2026-08-17T11:12:20.219765+00:00,2026-08-17T14:12:20.219765+03:00,1470,Haldun Alagaş Katlı Otoparkı,ÜMRANİYE,41.0262,29.1052,197,39,158,KAPALI OTOPARK,1,15,24 Saat
2026-08-17T11:12:20.219765+00:00,2026-08-17T14:12:20.219765+03:00,3235,Haliç Sosyal Tesisleri Otoparkı,FATİH,41.0277,28.9572,60,18,42,AÇIK OTOPARK,1,15,07:00-00:00
2026-08-17T11:12:20.219765+00:00,2026-08-17T14:12:20.219765+03:00,2848,Halkalı Mahallesi Zemin Altı Otoparkı,KÜÇÜKÇEKMECE,41.0359,28.7848,347,164,183,KAPALI OTOPARK,1,15,24 Saat
2026-08-17T11:12:20.219765+00:00,2026-08-17T14:12:20.219765+03:00,2838,Hamidiye Mahallesi Katlı Otoparkı,KAĞITHANE,41.0949,28.971,450,203,247,KAPALI OTOPARK,1,15,24 Saat
2026-08-17T11:12:20.219765+00:00,2026-08-17T14:12:20.219765+03:00,1446,Harbiye Zemin Altı Otoparkı,BEYOĞLU,41.0408,28.9869,142,0,142,KAPALI OTOPARK,1,5,24 Saat
2026-08-17T11:12:20.219765+00:00,2026-08-17T14:12:20.219765+03:00,2332,Haydarpaşa Katlı Otoparkı,ÜSKÜDAR,41.0048,29.0251,840,406,434,KAPALI OTOPARK,1,15,24 Saat
2026-08-17T11:12:20.219765+00:00,2026-08-17T14:12:20.219765+03:00,1987,Haznedar Yer Altı Otoparkı,GÜNGÖREN,41.0083,28.8729,540,0,540,KAPALI OTOPARK,1,0,24 Saat
2026-08-17T11:12:20.219765+00:00,2026-08-17T14:12:20.219765+03:00,377,Hızır Külhani Sokak,FATİH,41.0202,28.9605,32,1,31,YOL ÜSTÜ,1,15,09:00-17:00
2026-08-17T11:12:20.219765+00:00,2026-08-17T14:12:20.219765+03:00,3173,Hürriyet Mahallesi Zeminaltı Otoparkı,GAZİOSMANPAŞA,41.0708,28.8951,190,0,190,KAPALI OTOPARK,1,15,24 Saat
2026-08-17T11:12:20.219765+00:00,2026-08-17T14:12:20.219765+03:00,157,Ihlamur Dere Caddesi 4,BEŞİKTAŞ,41.047,29.0023,27,1,26,YOL ÜSTÜ,1,15,09:00-17:00
2026-08-17T11:12:20.219765+00:00,2026-08-17T14:12:20.219765+03:00,1189,İçerenköy Sebze Meyve Hali Otoparkı,ATAŞEHİR,40.9766,29.1044,600,600,0,AÇIK OTOPARK,1,15,24 Saat
2026-08-17T11:12:20.219765+00:00,2026-08-17T14:12:20.219765+03:00,1127,İshakpaşa Caddesi,FATİH,41.0079,28.9814,200,1,199,YOL ÜSTÜ,1,0,08:00-18:00
2026-08-17T11:12:20.219765+00:00,2026-08-17T14:12:20.219765+03:00,3265,İspark İstanbul West Marina Açık Otoparkı 1,BEYLİKDÜZÜ,40.9636,28.6564,250,1,249,AÇIK OTOPARK,1,15,24 Saat
2026-08-17T11:12:20.219765+00:00,2026-08-17T14:12:20.219765+03:00,2793,İspark Merter Katlı Otoparkı,GÜNGÖREN,41.0097,28.89,900,248,652,KAPALI OTOPARK,1,10,24 Saat
2026-08-17T11:12:20.219765+00:00,2026-08-17T14:12:20.219765+03:00,2430,İspark West İstanbul Marina Açık Otoparkı,BEYLİKDÜZÜ,40.9639,28.6591,1600,982,618,AÇIK OTOPARK,1,15,24 Saat
2026-08-17T11:12:20.219765+00:00,2026-08-17T14:12:20.219765+03:00,381,İstinye 4 ( Cami Önü ),SARIYER,41.1149,29.0571,25,1,24,YOL ÜSTÜ,1,15,08:30-17:30
2026-08-17T11:12:20.219765+00:00,2026-08-17T14:12:20.219765+03:00,1804,İtalyan Hastanesi Karşısı Açık Otoparkı 1,BEYOĞLU,41.028,28.9815,30,1,29,AÇIK OTOPARK,1,0,08:00-19:00
2026-08-17T11:12:20.219765+00:00,2026-08-17T14:12:20.219765+03:00,507,Kabasakal Medrese Önü,FATİH,41.0062,28.9789,65,1,64,AÇIK OTOPARK,1,0,08:00-18:30
2026-08-17T11:12:20.219765+00:00,2026-08-17T14:12:20.219765+03:00,3306,Kabataş Transfer Merkezi Turizm Otobüs Otoparkı,BEYOĞLU,41.0336,28.9923,160,0,160,KAPALI OTOPARK,1,20,24 Saat
2026-08-17T11:12:20.219765+00:00,2026-08-17T14:12:20.219765+03:00,2918,Kadıköy Hasanpaşa Gazhane Katlı Otoparkı,KADIKÖY,40.9972,29.0428,310,201,109,KAPALI OTOPARK,1,15,24 Saat
2026-08-17T11:12:20.219765+00:00,2026-08-17T14:12:20.219765+03:00,1447,Kadıköy İski Açık Otoparkı,KADIKÖY,40.9874,29.0207,124,0,124,AÇIK OTOPARK,1,15,24 Saat
2026-08-17T11:12:20.219765+00:00,2026-08-17T14:12:20.219765+03:00,1655,Kadıköy Metro Açık Otoparkı,KADIKÖY,40.9899,29.0217,74,0,74,AÇIK OTOPARK,1,15,24 Saat
2026-08-17T11:12:20.219765+00:00,2026-08-17T14:12:20.219765+03:00,3445,Kadıköy Uzunçayır PD Açık Otoparkı,KADIKÖY,40.9982,29.0569,70,40,30,AÇIK OTOPARK,1,15,06:30-16:30
2026-08-17T11:12:20.219765+00:00,2026-08-17T14:12:20.219765+03:00,2808,Kadıköy Yeni Salı Pazarı PD Katlı Otoparkı,KADIKÖY,40.9969,29.0486,1350,655,695,KAPALI OTOPARK,1,15,24 Saat
2026-08-17T11:12:20.219765+00:00,2026-08-17T14:12:20.219765+03:00,2811,Kağıthane Harmantepe Zemin Altı Otoparkı,KAĞITHANE,41.0816,28.9907,200,0,200,KAPALI OTOPARK,1,0,24 Saat
2026-08-17T11:12:20.219765+00:00,2026-08-17T14:12:20.219765+03:00,1452,Kalamış Açık Otoparkı,KADIKÖY,40.9687,29.0363,173,126,47,AÇIK OTOPARK,1,15,24 Saat
2026-08-17T11:12:20.219765+00:00,2026-08-17T14:12:20.219765+03:00,1474,Kartal Hasan Doğan Spor Kompleksi,KARTAL,40.8918,29.1897,773,0,773,KAPALI OTOPARK,1,15,24 Saat
2026-08-17T11:12:20.219765+00:00,2026-08-17T14:12:20.219765+03:00,1105,Kartal İdo Açık Otoparkı,KARTAL,40.8874,29.1881,90,0,90,AÇIK OTOPARK,1,15,24 Saat
2026-08-17T11:12:20.219765+00:00,2026-08-17T14:12:20.219765+03:00,1550,Kartal Sahil Açık Otoparkı,KARTAL,40.8875,29.1901,75,0,75,AÇIK OTOPARK,1,5,24 Saat
2026-08-17T11:12:20.219765+00:00,2026-08-17T14:12:20.219765+03:00,3434,Kasımpaşa Sosyal Tesisler Otoparkı,BEYOĞLU,41.0296,28.9673,60,37,23,AÇIK OTOPARK,1,0,07:30-23:00
2026-08-17T11:12:20.219765+00:00,2026-08-17T14:12:20.219765+03:00,1960,Kazlıçeşme Marmaray Açık Otoparkı,ZEYTİNBURNU,40.9922,28.917,700,514,186,AÇIK OTOPARK,1,15,24 Saat
2026-08-17T11:12:20.219765+00:00,2026-08-17T14:12:20.219765+03:00,2994,Kirazlı Metro Durağı PD Açık Otoparkı,BAĞCILAR,41.033,28.8429,112,0,112,AÇIK OTOPARK,1,5,24 Saat
2026-08-17T11:12:20.219765+00:00,2026-08-17T14:12:20.219765+03:00,1528,Kore Şehitleri Caddesi - Yüzbaşı Kaya Aldağon Sokak 1,ŞİŞLİ,41.0719,29.0139,40,1,39,YOL ÜSTÜ,1,15,07:00-16:00
2026-08-17T11:12:20.219765+00:00,2026-08-17T14:12:20.219765+03:00,2449,Kozyatağı Sebze-Meyve Hali,ATAŞEHİR,40.9787,29.1029,1500,1499,1,AÇIK OTOPARK,1,0,24 Saat
2026-08-17T11:12:20.219765+00:00,2026-08-17T14:12:20.219765+03:00,1206,Kutlugün Sokak 2,FATİH,41.0061,28.9801,200,1,199,YOL ÜSTÜ,1,0,08:00-18:00
2026-08-17T11:12:20.219765+00:00,2026-08-17T14:12:20.219765+03:00,3074,Küçük Çamlıca,ÜSKÜDAR,41.0204,29.0653,129,105,24,AÇIK OTOPARK,1,0,08:00-22:00
2026-08-17T11:12:20.219765+00:00,2026-08-17T14:12:20.219765+03:00,3127,Küçükçekmece Cennet Mahallesi Meydan Zemin Altı Otoparkı,KÜÇÜKÇEKMECE,40.9907,28.783,456,0,456,KAPALI OTOPARK,1,10,24 Saat
2026-08-17T11:12:20.219765+00:00,2026-08-17T14:12:20.219765+03:00,2554,Küçükçekmece Fevzi Çakmak Meydanı Zemin Altı Otoparkı,KÜÇÜKÇEKMECE,41.0076,28.7927,1000,535,465,KAPALI OTOPARK,1,10,24 Saat
2026-08-17T11:12:20.219765+00:00,2026-08-17T14:12:20.219765+03:00,2882,Küçüksu Kasrı Açık Otoparkı,BEYKOZ,41.0789,29.0657,98,92,6,AÇIK OTOPARK,1,0,07:00-23:00
2026-08-17T11:12:20.219765+00:00,2026-08-17T14:12:20.219765+03:00,220,Levent Hamidiye,BEŞİKTAŞ,41.0861,29.0076,100,1,99,AÇIK OTOPARK,1,0,08:00-19:00
2026-08-17T11:12:20.219765+00:00,2026-08-17T14:12:20.219765+03:00,1138,Levent Metro Yer Altı Otoparkı,BEŞİKTAŞ,41.0811,29.0105,100,1,99,AÇIK OTOPARK,1,5,07:30-19:30
2026-08-17T11:12:20.219765+00:00,2026-08-17T14:12:20.219765+03:00,2335,Maçka Açık Otoparkı,ŞİŞLİ,41.046,28.9908,75,74,1,AÇIK OTOPARK,1,0,24 Saat
2026-08-17T11:12:20.219765+00:00,2026-08-17T14:12:20.219765+03:00,1859,Maçka Katlı Otoparkı,ŞİŞLİ,41.0484,28.9903,508,70,438,KAPALI OTOPARK,1,0,24 Saat
2026-08-17T11:12:20.219765+00:00,2026-08-17T14:12:20.219765+03:00,3193,Maltepe Rıhtım Caddesi Açık Otoparkı,MALTEPE,40.9258,29.1241,76,46,30,AÇIK OTOPARK,1,0,24 Saat
2026-08-17T11:12:20.219765+00:00,2026-08-17T14:12:20.219765+03:00,2146,Maltepe Süreyyapaşa Çarşısı Açık Otoparkı,MALTEPE,40.9274,29.1225,156,96,60,AÇIK OTOPARK,1,0,24 Saat
2026-08-17T11:12:20.219765+00:00,2026-08-17T14:12:20.219765+03:00,1599,Maslak Açık Otoparkı,SARIYER,41.1166,29.024,150,60,90,AÇIK OTOPARK,1,10,24 Saat
2026-08-17T11:12:20.219765+00:00,2026-08-17T14:12:20.219765+03:00,2100,Matbaacılar Sitesi Yanı,ZEYTİNBURNU,41.0234,28.9187,250,130,120,AÇIK OTOPARK,1,5,24 Saat
2026-08-17T11:12:20.219765+00:00,2026-08-17T14:12:20.219765+03:00,920,Meclis-i Mebusan Yokuşu 2,BEYOĞLU,41.0326,28.9882,34,1,33,YOL ÜSTÜ,1,15,09:00-17:00
2026-08-17T11:12:20.219765+00:00,2026-08-17T14:12:20.219765+03:00,1546,Menekşe Plajı Açık Otoparkı,BAKIRKÖY,40.9761,28.7766,200,200,0,AÇIK OTOPARK,1,0,24 Saat
2026-08-17T11:12:20.219765+00:00,2026-08-17T14:12:20.219765+03:00,1376,Mercan Açık,FATİH,41.0136,28.9669,130,8,122,AÇIK OTOPARK,1,0,08:00-23:00
2026-08-17T11:12:20.219765+00:00,2026-08-17T14:12:20.219765+03:00,3309,Mercan Ali Paşa Sarayı Zemin Altı Otoparkı,FATİH,41.0136,28.967,196,1,195,KAPALI OTOPARK,1,0,07:00-21:00
2026-08-17T11:12:20.219765+00:00,2026-08-17T14:12:20.219765+03:00,1472,Merter Katlı Otoparkı,GÜNGÖREN,41.0092,28.8874,1000,845,155,KAPALI OTOPARK,1,10,24 Saat
2026-08-17T11:12:20.219765+00:00,2026-08-17T14:12:20.219765+03:00,2375,Merter Metro PD Zeminaltı Otoparkı,GÜNGÖREN,41.0037,28.8897,242,85,157,KAPALI OTOPARK,1,10,24 Saat
2026-08-17T11:12:20.219765+00:00,2026-08-17T14:12:20.219765+03:00,1568,Mete Caddesi 1,BEYOĞLU,41.0382,28.9879,31,1,30,YOL ÜSTÜ,1,15,08:00-23:00
2026-08-17T11:12:20.219765+00:00,2026-08-17T14:12:20.219765+03:00,1471,Mevlana Yeraltı Katlı Otoparkı,ZEYTİNBURNU,41.0072,28.9049,1000,858,142,KAPALI OTOPARK,1,5,24 Saat
2026-08-17T11:12:20.219765+00:00,2026-08-17T14:12:20.219765+03:00,2709,Millet Caddesi Açık Otoparkı,FATİH,41.01,28.9461,60,1,59,AÇIK OTOPARK,1,15,24 Saat
2026-08-17T11:12:20.219765+00:00,2026-08-17T14:12:20.219765+03:00,3152,Mimar Sinan Zemin Altı Otoparkı,ÜSKÜDAR,41.0222,29.0169,956,0,956,KAPALI OTOPARK,1,15,24 Saat
2026-08-17T11:12:20.219765+00:00,2026-08-17T14:12:20.219765+03:00,2870,Miniatürk Çadır Açık Otoparkı,BEYOĞLU,41.0594,28.9501,250,194,56,AÇIK OTOPARK,1,15,07:00-20:00
2026-08-17T11:12:20.219765+00:00,2026-08-17T14:12:20.219765+03:00,2556,Muallim Naci Açık Otoparkı,BEŞİKTAŞ,41.0561,29.0342,35,23,12,AÇIK OTOPARK,1,15,24 Saat
2026-08-17T11:12:20.219765+00:00,2026-08-17T14:12:20.219765+03:00,569,Oda Kule Önü 1,BEYOĞLU,41.0322,28.9751,24,1,23,YOL ÜSTÜ,1,0,07:00-01:00
2026-08-17T11:12:20.219765+00:00,2026-08-17T14:12:20.219765+03:00,1988,Orhangazi Şehir Parkı PD Açık Otoparkı,MALTEPE,40.9313,29.1161,5022,4515,507,AÇIK OTOPARK,1,15,24 Saat
2026-08-17T11:12:20.219765+00:00,2026-08-17T14:12:20.219765+03:00,152,Ortabahçe Caddesi 2,BEŞİKTAŞ,41.0428,29.0043,35,1,34,YOL ÜSTÜ,1,15,08:00-23:00
2026-08-17T11:12:20.219765+00:00,2026-08-17T14:12:20.219765+03:00,153,Ortabahçe Caddesi 3,BEŞİKTAŞ,41.043,29.0042,26,1,25,YOL ÜSTÜ,1,15,08:00-23:00
2026-08-17T11:12:20.219765+00:00,2026-08-17T14:12:20.219765+03:00,119,Ortaklar Caddesi 1,ŞİŞLİ,41.0638,28.9971,25,1,24,YOL ÜSTÜ,1,15,08:30-17:00
2026-08-17T11:12:20.219765+00:00,2026-08-17T14:12:20.219765+03:00,1343,Ortaköy Açık Otoparkı,BEŞİKTAŞ,41.0504,29.0326,170,137,33,AÇIK OTOPARK,1,0,24 Saat
2026-08-17T11:12:20.219765+00:00,2026-08-17T14:12:20.219765+03:00,572,Ortaköy Portakal Yokuşu 1,BEŞİKTAŞ,41.0503,29.0261,15,1,14,YOL ÜSTÜ,1,15,09:00-19:00
2026-08-17T11:12:20.219765+00:00,2026-08-17T14:12:20.219765+03:00,1039,Öğretmen Evi,AVCILAR,40.9723,28.714,80,41,39,AÇIK OTOPARK,1,0,11:00-23:00
2026-08-17T11:12:20.219765+00:00,2026-08-17T14:12:20.219765+03:00,1466,Pendik Katlı Otoparkı,PENDİK,40.8789,29.2342,120,0,120,KAPALI OTOPARK,1,15,24 Saat
2026-08-17T11:12:20.219765+00:00,2026-08-17T14:12:20.219765+03:00,3073,Pendik Kemal Kalkuz Parkı Zemin Altı Otoparkı,PENDİK,40.8885,29.2427,224,0,224,KAPALI OTOPARK,1,0,09:00-18:00
2026-08-17T11:12:20.219765+00:00,2026-08-17T14:12:20.219765+03:00,3019,Pendik Meydan Zemin Altı Otoparkı,PENDİK,40.8752,29.2324,937,0,937,KAPALI OTOPARK,1,0,24 Saat
2026-08-17T11:12:20.219765+00:00,2026-08-17T14:12:20.219765+03:00,2865,Pendik Sahil Engelliler Merkez Önü,PENDİK,40.8735,29.233,100,66,34,AÇIK OTOPARK,1,0,11:00-20:00
2026-08-17T11:12:20.219765+00:00,2026-08-17T14:12:20.219765+03:00,2434,Pendik Sahil İdo,PENDİK,40.8755,29.2369,100,0,100,AÇIK OTOPARK,1,0,07:00-23:00
2026-08-17T11:12:20.219765+00:00,2026-08-17T14:12:20.219765+03:00,248,Pendik Yenimahalle Açık 2 Otoparkı,PENDİK,40.864,29.2723,124,78,46,AÇIK OTOPARK,1,15,10:00-22:00
2026-08-17T11:12:20.219765+00:00,2026-08-17T14:12:20.219765+03:00,297,Perşembe Pazarı 1,BEYOĞLU,41.0252,28.9693,32,1,31,YOL ÜSTÜ,1,15,08:00-17:00
2026-08-17T11:12:20.219765+00:00,2026-08-17T14:12:20.219765+03:00,597,Pierre Loti Caddesi 3,FATİH,41.0069,28.9711,36,1,35,YOL ÜSTÜ,1,0,07:00-17:00
2026-08-17T11:12:20.219765+00:00,2026-08-17T14:12:20.219765+03:00,3263,Piyalepaşa Meydanı Zemin Altı Otoparkı,BEYOĞLU,41.0445,28.9674,560,272,288,KAPALI OTOPARK,1,0,24 Saat
2026-08-17T11:12:20.219765+00:00,2026-08-17T14:12:20.219765+03:00,1900,Ragıp Gümüşpala Cad.(Sobacılar Önü),FATİH,41.0181,28.969,40,1,39,YOL ÜSTÜ,1,15,07:00-18:00
2026-08-17T11:12:20.219765+00:00,2026-08-17T14:12:20.219765+03:00,415,Ragıp Gümüşpala Camii Önü 1,FATİH,41.0211,28.9627,35,1,34,YOL ÜSTÜ,1,0,07:00-17:30
2026-08-17T11:12:20.219765+00:00,2026-08-17T14:12:20.219765+03:00,3268,Refik Saydam Caddesi 3,BEYOĞLU,41.032,28.9736,55,1,54,YOL ÜSTÜ,1,0,06:00-23:00
2026-08-17T11:12:20.219765+00:00,2026-08-17T14:12:20.219765+03:00,2307,Ressam Halim Sokak PD Açık Otoparkı,BAHÇELİEVLER,40.9967,28.8641,120,63,57,AÇIK OTOPARK,1,15,08:00-00:00
2026-08-17T11:12:20.219765+00:00,2026-08-17T14:12:20.219765+03:00,3082,Rumeli Hisarı Sahil Yolu Otoparkı,SARIYER,41.0854,29.0568,20,1,19,AÇIK OTOPARK,1,0,24 Saat
2026-08-17T11:12:20.219765+00:00,2026-08-17T14:12:20.219765+03:00,1595,Sabiha Gökçen Açık Otoparkı,PENDİK,40.925,29.308,1056,212,844,AÇIK OTOPARK,1,15,24 Saat
2026-08-17T11:12:20.219765+00:00,2026-08-17T14:12:20.219765+03:00,3239,Samatya Sahil Cep Otoparkı,FATİH,40.9954,28.932,113,108,5,AÇIK OTOPARK,1,15,24 Saat
2026-08-17T11:12:20.219765+00:00,2026-08-17T14:12:20.219765+03:00,3273,Sarıyer Büyükdere Fidanlığı,SARIYER,41.1548,29.0268,160,154,6,AÇIK OTOPARK,1,0,08:00-18:00
2026-08-17T11:12:20.219765+00:00,2026-08-17T14:12:20.219765+03:00,3299,Sariyer Ayazağa Mah Vadi İstanbul Önü Açık Otoparkı,SARIYER,41.1106,28.9881,100,96,4,AÇIK OTOPARK,1,0,08:00-20:00
2026-08-17T11:12:20.219765+00:00,2026-08-17T14:12:20.219765+03:00,1303,Seyrantepe Katlı (Arena Karşısı) 1,KAĞITHANE,41.101,28.9961,1897,1891,6,KAPALI OTOPARK,1,0,24 Saat
2026-08-17T11:12:20.219765+00:00,2026-08-17T14:12:20.219765+03:00,1628,Sıracevizler Caddesi Yol Üstü 5,ŞİŞLİ,41.0607,28.9841,45,1,44,YOL ÜSTÜ,1,15,09:00-17:00
2026-08-17T11:12:20.219765+00:00,2026-08-17T14:12:20.219765+03:00,464,Sirkeci Gar Önü,FATİH,41.015,28.9761,60,1,59,AÇIK OTOPARK,1,5,07:00-20:00
2026-08-17T11:12:20.219765+00:00,2026-08-17T14:12:20.219765+03:00,1486,Siyavuşpaşa Yer Altı Otoparkı,BAHÇELİEVLER,40.9965,28.8532,155,0,155,KAPALI OTOPARK,1,0,24 Saat
2026-08-17T11:12:20.219765+00:00,2026-08-17T14:12:20.219765+03:00,1958,Soğanlık Metro PD Açık Otoparkı,KARTAL,40.9131,29.1925,898,821,77,AÇIK OTOPARK,1,15,24 Saat
2026-08-17T11:12:20.219765+00:00,2026-08-17T14:12:20.219765+03:00,589,Su Terazisi Sokak,FATİH,41.0046,28.9727,22,1,21,YOL ÜSTÜ,1,0,07:30-17:00
2026-08-17T11:12:20.219765+00:00,2026-08-17T14:12:20.219765+03:00,1478,Suadiye Cep Açık Otoparkı,KADIKÖY,40.9586,29.0732,130,113,17,AÇIK OTOPARK,1,15,24 Saat
2026-08-17T11:12:20.219765+00:00,2026-08-17T14:12:20.219765+03:00,2948,Suadiye Sahil Açık Otoparkı,KADIKÖY,40.9562,29.0797,70,30,40,AÇIK OTOPARK,1,5,24 Saat
2026-08-17T11:12:20.219765+00:00,2026-08-17T14:12:20.219765+03:00,2799,Sultanbeyli Emir Caddesi Zemin Altı Otoparkı,SULTANBEYLİ,40.9707,29.2606,130,48,82,KAPALI OTOPARK,1,15,08:00-22:00
2026-08-17T11:12:20.219765+00:00,2026-08-17T14:12:20.219765+03:00,2372,Sultanbeyli Kent Meydanı Zemin Altı Otoparkı,SULTANBEYLİ,40.9667,29.2667,300,121,179,KAPALI OTOPARK,1,15,24 Saat
2026-08-17T11:12:20.219765+00:00,2026-08-17T14:12:20.219765+03:00,2410,Sultangazi Zemin Altı Otoparkı,SULTANGAZİ,41.0944,28.8649,104,0,104,KAPALI OTOPARK,1,10,24 Saat
2026-08-17T11:12:20.219765+00:00,2026-08-17T14:12:20.219765+03:00,2085,Süleyman Seba Caddesi 2,BEŞİKTAŞ,41.0426,28.9998,40,1,39,YOL ÜSTÜ,1,15,08:00-18:00
2026-08-17T11:12:20.219765+00:00,2026-08-17T14:12:20.219765+03:00,2088,Süleyman Seba Caddesi 5,BEŞİKTAŞ,41.0432,28.9978,40,1,39,YOL ÜSTÜ,1,15,08:00-18:00
2026-08-17T11:12:20.219765+00:00,2026-08-17T14:12:20.219765+03:00,2089,Süleyman Seba Caddesi 6,BEŞİKTAŞ,41.0435,28.9967,11,1,10,YOL ÜSTÜ,1,15,08:00-18:00
2026-08-17T11:12:20.219765+00:00,2026-08-17T14:12:20.219765+03:00,2391,Süleymaniye Cami Altı Açık Otoparkı,FATİH,41.0158,28.961,250,235,15,AÇIK OTOPARK,1,0,06:30-18:30
2026-08-17T11:12:20.219765+00:00,2026-08-17T14:12:20.219765+03:00,1730,Sütlüce Miniatürk Yanı,BEYOĞLU,41.057,28.95,320,209,111,AÇIK OTOPARK,1,15,24 Saat
2026-08-17T11:12:20.219765+00:00,2026-08-17T14:12:20.219765+03:00,36,Şakayık Sokak 4,ŞİŞLİ,41.0518,28.9936,50,1,49,YOL ÜSTÜ,1,15,08:00-16:00
2026-08-17T11:12:20.219765+00:00,2026-08-17T14:12:20.219765+03:00,1469,Şehit Volkan Duysak Katlı Otoparkı,ZEYTİNBURNU,40.9968,28.9039,1000,687,313,KAPALI OTOPARK,1,5,24 Saat
2026-08-17T11:12:20.219765+00:00,2026-08-17T14:12:20.219765+03:00,2385,Şehremini Açık Otoparkı 1,FATİH,41.0135,28.9333,60,1,59,AÇIK OTOPARK,1,0,08:30-20:30
2026-08-17T11:12:20.219765+00:00,2026-08-17T14:12:20.219765+03:00,2855,Şemsipaşa Açık Otoparkı,ÜSKÜDAR,41.0255,29.0097,80,75,5,AÇIK OTOPARK,1,0,24 Saat
2026-08-17T11:12:20.219765+00:00,2026-08-17T14:12:20.219765+03:00,2439,Şirinevler Meydan Zeminaltı Otoparkı,BAHÇELİEVLER,40.9925,28.8496,367,22,345,KAPALI OTOPARK,1,0,24 Saat
2026-08-17T11:12:20.219765+00:00,2026-08-17T14:12:20.219765+03:00,3400,Şişhane Refik Saydam Caddesi 2 Yol Üstü Otoparkı 1,BEYOĞLU,41.0326,28.9743,70,1,69,YOL ÜSTÜ,1,15,06:00-23:00
2026-08-17T11:12:20.219765+00:00,2026-08-17T14:12:20.219765+03:00,3441,Şişli Kuştepe Zemin Altı Otoparkı,ŞİŞLİ,41.072,28.9919,430,301,129,KAPALI OTOPARK,1,15,24 Saat
2026-08-17T11:12:20.219765+00:00,2026-08-17T14:12:20.219765+03:00,2816,Şişli Rumeli Caddesi Metro Yanı 1,ŞİŞLİ,41.0538,28.9868,45,1,44,YOL ÜSTÜ,1,15,08:00-20:00
2026-08-17T11:12:20.219765+00:00,2026-08-17T14:12:20.219765+03:00,2406,Şişli Zemin Altı Otoparkı,ŞİŞLİ,41.0641,28.9992,581,58,523,KAPALI OTOPARK,1,15,24 Saat
2026-08-17T11:12:20.219765+00:00,2026-08-17T14:12:20.219765+03:00,1993,Tuzla İdo,TUZLA,40.8149,29.3039,300,279,21,AÇIK OTOPARK,1,15,24 Saat
2026-08-17T11:12:20.219765+00:00,2026-08-17T14:12:20.219765+03:00,3332,Tuzla Sahil Cep,TUZLA,40.8168,29.2992,50,39,11,AÇIK OTOPARK,1,0,08:00-00:00
2026-08-17T11:12:20.219765+00:00,2026-08-17T14:12:20.219765+03:00,3057,Tuzla Sahil Zemin Altı Otoparkı,TUZLA,40.8181,29.3004,779,1,778,KAPALI OTOPARK,1,15,24 Saat
2026-08-17T11:12:20.219765+00:00,2026-08-17T14:12:20.219765+03:00,1811,Ulu Camii Açık Otoparkı,BAHÇELİEVLER,40.9982,28.8499,150,118,32,AÇIK OTOPARK,1,10,24 Saat
2026-08-17T11:12:20.219765+00:00,2026-08-17T14:12:20.219765+03:00,2424,Uzunçayır Açık Otoparkı,KADIKÖY,40.9988,29.0556,58,51,7,AÇIK OTOPARK,1,0,06:00-16:00
2026-08-17T11:12:20.219765+00:00,2026-08-17T14:12:20.219765+03:00,1468,Ümraniye Katlı Otoparkı,ÜMRANİYE,41.0261,29.0953,665,424,241,KAPALI OTOPARK,1,15,24 Saat
2026-08-17T11:12:20.219765+00:00,2026-08-17T14:12:20.219765+03:00,2898,Ümraniye Okan Sokak Zeminaltı Otoparkı,ÜMRANİYE,41.0284,29.0907,125,38,87,KAPALI OTOPARK,1,15,24 Saat
2026-08-17T11:12:20.219765+00:00,2026-08-17T14:12:20.219765+03:00,2345,Üsküdar Uzunçayır PD Açık Otoparkı,ÜSKÜDAR,40.9988,29.0577,90,83,7,AÇIK OTOPARK,1,15,06:00-22:00
2026-08-17T11:12:20.219765+00:00,2026-08-17T14:12:20.219765+03:00,1929,Üsküdar Ünalan Açık Otoparkı,ÜSKÜDAR,40.9979,29.0604,180,175,5,AÇIK OTOPARK,1,0,07:00-17:00
2026-08-17T11:12:20.219765+00:00,2026-08-17T14:12:20.219765+03:00,1487,Vatan Caddesi PD Açık Otoparkı,FATİH,41.0157,28.9405,397,137,260,AÇIK OTOPARK,1,5,24 Saat
2026-08-17T11:12:20.219765+00:00,2026-08-17T14:12:20.219765+03:00,2441,Yalı Açık Otoparkı,MALTEPE,40.9095,29.137,85,81,4,AÇIK OTOPARK,1,0,07:30-22:00
2026-08-17T11:12:20.219765+00:00,2026-08-17T14:12:20.219765+03:00,459,Yalı Köşkü Caddesi 1,FATİH,41.0163,28.9759,61,1,60,YOL ÜSTÜ,1,5,07:00-21:00
2026-08-17T11:12:20.219765+00:00,2026-08-17T14:12:20.219765+03:00,2037,Yenikapı Marmaray Büyük Otoparkı,FATİH,41.0057,28.9505,324,73,251,AÇIK OTOPARK,1,15,24 Saat
2026-08-17T11:12:20.219765+00:00,2026-08-17T14:12:20.219765+03:00,2036,Yenikapı Marmaray Küçük Otoparkı,FATİH,41.0064,28.9504,200,138,62,AÇIK OTOPARK,1,15,07:00-22:00
2026-08-17T11:12:20.219765+00:00,2026-08-17T14:12:20.219765+03:00,2175,Yenikapı Spor ve Kültür Merkezi PD Açık Otoparkı,FATİH,41.0006,28.9519,4023,3857,166,AÇIK OTOPARK,1,15,24 Saat
2026-08-17T11:12:20.219765+00:00,2026-08-17T14:12:20.219765+03:00,2805,Yenikapı Tünel Üstü Açık Otoparkı,FATİH,41.0029,28.9534,700,418,282,AÇIK OTOPARK,1,10,24 Saat
2026-08-17T11:12:20.219765+00:00,2026-08-17T14:12:20.219765+03:00,3404,Yenimahalle Metro Zemin Altı PD Otoparkı,GAZİOSMANPAŞA,41.0839,28.8926,114,94,20,KAPALI OTOPARK,1,15,24 Saat
2026-08-17T11:12:20.219765+00:00,2026-08-17T14:12:20.219765+03:00,2920,Yeşilce Zemin Altı Katlı Otoparkı,KAĞITHANE,41.0938,29.0017,676,0,676,KAPALI OTOPARK,1,0,24 Saat
2026-08-17T11:12:20.219765+00:00,2026-08-17T14:12:20.219765+03:00,987,Yeşilköy İstasyon Caddesi 1,BAKIRKÖY,40.962,28.825,40,1,39,YOL ÜSTÜ,1,15,09:00-17:30
2026-08-17T11:12:20.219765+00:00,2026-08-17T14:12:20.219765+03:00,974,Yeşilköy Marina 1,BAKIRKÖY,40.9576,28.8233,145,1,144,YOL ÜSTÜ,1,0,12:00-23:00
2026-08-17T11:12:20.219765+00:00,2026-08-17T14:12:20.219765+03:00,3406,Yeşilpınar Metro Zemin Altı PD Otoparkı,EYÜP,41.081,28.9204,269,204,65,KAPALI OTOPARK,1,15,24 Saat
2026-08-17T11:12:20.219765+00:00,2026-08-17T14:12:20.219765+03:00,315,Yeşilyurt Çarşı 1,BAKIRKÖY,40.9643,28.8379,50,1,49,YOL ÜSTÜ,1,15,09:00-17:30
2026-08-17T11:12:20.219765+00:00,2026-08-17T14:12:20.219765+03:00,1133,Yıldız Korusu,BEŞİKTAŞ,41.0514,29.0165,500,1,499,AÇIK OTOPARK,1,0,08:00-22:00
2026-08-17T11:12:20.219765+00:00,2026-08-17T14:12:20.219765+03:00,882,Zeytinburnu 58. Bulvar 2,ZEYTİNBURNU,40.9932,28.9039,48,1,47,YOL ÜSTÜ,1,15,09:00-18:00
2026-08-17T11:12:20.219765+00:00,2026-08-17T14:12:20.219765+03:00,3185,Zeytinburnu Sahil Cep Otoparkı,ZEYTİNBURNU,40.9798,28.8985,160,1,159,AÇIK OTOPARK,1,0,12:00-22:00
2026-08-17T12:13:35.521304+00:00,2026-08-17T15:13:35.521304+03:00,3068,15 Temmuz Şehitler Meydanı Zeminaltı Otoparkı,ÜMRANİYE,41.0246,29.0915,1029,470,559,KAPALI OTOPARK,1,15,24 Saat
2026-08-17T12:13:35.521304+00:00,2026-08-17T15:13:35.521304+03:00,2338,19 Mayıs Açık,ŞİŞLİ,41.0563,28.9941,65,0,65,AÇIK OTOPARK,1,0,24 Saat
2026-08-17T12:13:35.521304+00:00,2026-08-17T15:13:35.521304+03:00,1751,4.Levent PD Açık Otoparkı,KAĞITHANE,41.0836,29.0081,236,91,145,AÇIK OTOPARK,1,5,24 Saat
2026-08-17T12:13:35.521304+00:00,2026-08-17T15:13:35.521304+03:00,3328,4.Levent Servis ve Turizm Araçları Açık Otoparkı,ŞİŞLİ,41.0841,29.0054,300,149,151,AÇIK OTOPARK,1,15,24 Saat
2026-08-17T12:13:35.521304+00:00,2026-08-17T15:13:35.521304+03:00,3412,5. Levent Gaziosmanpaşa Adliyesi Yanı Açık Otoparkı,EYÜP,41.0927,28.9494,250,173,77,AÇIK OTOPARK,1,15,07:00-23:00
2026-08-17T12:13:35.521304+00:00,2026-08-17T15:13:35.521304+03:00,104,Abide-i Hürriyet Caddesi 5,ŞİŞLİ,41.0619,28.9876,40,1,39,YOL ÜSTÜ,1,15,08:00-17:00
2026-08-17T12:13:35.521304+00:00,2026-08-17T15:13:35.521304+03:00,2452,Acıbadem Açık Otoparkı,ÜSKÜDAR,41.0157,29.0574,100,86,14,AÇIK OTOPARK,1,0,06:30-16:00
2026-08-17T12:13:35.521304+00:00,2026-08-17T15:13:35.521304+03:00,346,Ada Karşısı Cep 2,BEŞİKTAŞ,41.072,29.045,30,1,29,YOL ÜSTÜ,1,15,08:00-23:00
2026-08-17T12:13:35.521304+00:00,2026-08-17T15:13:35.521304+03:00,1663,Akasyalı Sokak Tenis Kulubü Önü 2,BEŞİKTAŞ,41.0867,29.0109,45,1,44,YOL ÜSTÜ,1,15,08:30-17:30
2026-08-17T12:13:35.521304+00:00,2026-08-17T15:13:35.521304+03:00,828,Akdeniz Caddesi 4,FATİH,41.0175,28.9435,27,1,26,YOL ÜSTÜ,1,15,09:00-18:00
2026-08-17T12:13:35.521304+00:00,2026-08-17T15:13:35.521304+03:00,1913,Alibeyköy Cep Otogarı Açık Otoparkı,EYÜP,41.0879,28.9446,116,0,116,AÇIK OTOPARK,1,25,24 Saat
2026-08-17T12:13:35.521304+00:00,2026-08-17T15:13:35.521304+03:00,1912,Alibeyköy Cep Otogarı Otobüs Otoparkı,EYÜP,41.0875,28.9449,5000,1,4999,AÇIK OTOPARK,1,60,24 Saat
2026-08-17T12:13:35.521304+00:00,2026-08-17T15:13:35.521304+03:00,2562,Alibeyköy Yeşiltepe Zemin Altı Otoparkı,EYÜP,41.0797,28.938,159,73,86,KAPALI OTOPARK,1,15,24 Saat
2026-08-17T12:13:35.521304+00:00,2026-08-17T15:13:35.521304+03:00,3201,Altınboynuz Sosyal Tesisleri,EYÜP,41.058,28.9447,70,70,0,AÇIK OTOPARK,1,15,08:00-23:00
2026-08-17T12:13:35.521304+00:00,2026-08-17T15:13:35.521304+03:00,758,Arap Camii Açık Otoparkı,BEYOĞLU,41.0227,28.9723,30,1,29,AÇIK OTOPARK,1,0,09:00-17:00
2026-08-17T12:13:35.521304+00:00,2026-08-17T15:13:35.521304+03:00,1963,Aras Sokak 1,BÜYÜKÇEKMECE,41.0226,28.622,60,1,59,YOL ÜSTÜ,0,0,06:00-14:30
2026-08-17T12:13:35.521304+00:00,2026-08-17T15:13:35.521304+03:00,2802,Arnavutköy Zemin Altı Otoparkı,ARNAVUTKÖY,41.1838,28.7396,700,5,695,KAPALI OTOPARK,1,15,24 Saat
2026-08-17T12:13:35.521304+00:00,2026-08-17T15:13:35.521304+03:00,1797,Ataköy Atrium AVM,BAKIRKÖY,40.9881,28.8459,250,224,26,AÇIK OTOPARK,1,15,08:00-23:00
2026-08-17T12:13:35.521304+00:00,2026-08-17T15:13:35.521304+03:00,2824,Ataköy Metro Durağı Yanı PD Zemin Altı Otoparkı,BAKIRKÖY,40.9904,28.8456,150,84,66,KAPALI OTOPARK,1,0,24 Saat
2026-08-17T12:13:35.521304+00:00,2026-08-17T15:13:35.521304+03:00,359,Atatürk Bulvarı 1,FATİH,41.0112,28.9534,20,1,19,YOL ÜSTÜ,1,0,07:30-18:00
2026-08-17T12:13:35.521304+00:00,2026-08-17T15:13:35.521304+03:00,3087,Atatürk Kent Ormanı Otoparkı,SARIYER,41.136,29.0262,200,198,2,AÇIK OTOPARK,1,0,08:00-17:00
2026-08-17T12:13:35.521304+00:00,2026-08-17T15:13:35.521304+03:00,1088,Avcılar İdo,AVCILAR,40.9712,28.7185,270,260,10,AÇIK OTOPARK,1,0,13:00-07:00
2026-08-17T12:13:35.521304+00:00,2026-08-17T15:13:35.521304+03:00,2885,Azapkapı Haliç Metro Otoparkı,ŞİŞLİ,41.0245,28.9691,80,1,79,AÇIK OTOPARK,1,5,24 Saat
2026-08-17T12:13:35.521304+00:00,2026-08-17T15:13:35.521304+03:00,2455,Azerbaycan Dostluk Parkı Zemin Altı Otoparkı,BAĞCILAR,41.0444,28.854,400,184,216,KAPALI OTOPARK,1,10,24 Saat
2026-08-17T12:13:35.521304+00:00,2026-08-17T15:13:35.521304+03:00,2965,Bağcılar Çolakoğlu Zemin Altı Otoparkı,BAĞCILAR,41.0324,28.8345,106,0,106,KAPALI OTOPARK,1,5,24 Saat
2026-08-17T12:13:35.521304+00:00,2026-08-17T15:13:35.521304+03:00,2576,Bağcılar Demirkapı Zemin Altı Otoparkı,BAĞCILAR,41.0499,28.8327,343,185,158,KAPALI OTOPARK,1,5,24 Saat
2026-08-17T12:13:35.521304+00:00,2026-08-17T15:13:35.521304+03:00,3036,Bağcılar Devlet Hastanesi Yanı Zeminaltı Otoparkı,BAĞCILAR,41.0312,28.8696,1133,58,1075,KAPALI OTOPARK,1,15,24 Saat
2026-08-17T12:13:35.521304+00:00,2026-08-17T15:13:35.521304+03:00,3071,Bağcılar Emniyet Müdürlüğü Yanı Açık Otoparkı,BAĞCILAR,41.0353,28.8598,100,35,65,AÇIK OTOPARK,1,0,24 Saat
2026-08-17T12:13:35.521304+00:00,2026-08-17T15:13:35.521304+03:00,2873,Bağcılar Göztepe Zemin Altı,BAĞCILAR,41.0567,28.8355,120,0,120,KAPALI OTOPARK,1,5,24 Saat
2026-08-17T12:13:35.521304+00:00,2026-08-17T15:13:35.521304+03:00,3187,Bağcılar Hürriyet Mahallesi Zemin Altı Otoparkı,BAĞCILAR,41.0291,28.8333,355,0,355,KAPALI OTOPARK,1,10,24 Saat
2026-08-17T12:13:35.521304+00:00,2026-08-17T15:13:35.521304+03:00,2916,Bağcılar Kent Meydanı PD Zemin Altı Otoparkı,BAĞCILAR,41.0339,28.8556,1162,0,1162,KAPALI OTOPARK,1,0,24 Saat
2026-08-17T12:13:35.521304+00:00,2026-08-17T15:13:35.521304+03:00,3261,Bağcılar Yenimahalle Zemin Altı Otoparkı,BAĞCILAR,41.0425,28.8395,525,285,240,KAPALI OTOPARK,1,15,24 Saat
2026-08-17T12:13:35.521304+00:00,2026-08-17T15:13:35.521304+03:00,2820,Bağcılar Yıldıztepe Katlı Otoparkı,BAĞCILAR,41.0294,28.8556,350,0,350,KAPALI OTOPARK,1,10,24 Saat
2026-08-17T12:13:35.521304+00:00,2026-08-17T15:13:35.521304+03:00,3447,Bahçelievler 23 Nisan Milli Egemenlik Zeminaltı Otoparkı,BAHÇELİEVLER,40.9988,28.8472,732,537,195,KAPALI OTOPARK,1,10,24 Saat
2026-08-17T12:13:35.521304+00:00,2026-08-17T15:13:35.521304+03:00,2993,Bahçelievler Cumhuriyet Zeminaltı Otoparkı,BAHÇELİEVLER,41.0149,28.859,663,0,663,KAPALI OTOPARK,1,10,24 Saat
2026-08-17T12:13:35.521304+00:00,2026-08-17T15:13:35.521304+03:00,2969,Bahçelievler Devlet Hastanesi Yanı Katlı Otoparkı,BAHÇELİEVLER,41.0072,28.8442,740,0,740,KAPALI OTOPARK,1,0,24 Saat
2026-08-17T12:13:35.521304+00:00,2026-08-17T15:13:35.521304+03:00,3051,Bahçelievler Zafer Mh. Zeminaltı Otoparkı,BAHÇELİEVLER,41.0036,28.8351,200,90,110,KAPALI OTOPARK,1,0,24 Saat
2026-08-17T12:13:35.521304+00:00,2026-08-17T15:13:35.521304+03:00,3236,Bahçeşehir Gölet Açık Otoparkı,BAŞAKŞEHİR,41.0719,28.6901,200,1,199,AÇIK OTOPARK,1,0,12:00-22:00
2026-08-17T12:13:35.521304+00:00,2026-08-17T15:13:35.521304+03:00,1465,Bakırköy İdo Açık Otoparkı,BAKIRKÖY,40.9739,28.8761,160,122,38,AÇIK OTOPARK,1,10,24 Saat
2026-08-17T12:13:35.521304+00:00,2026-08-17T15:13:35.521304+03:00,1104,Balmumcu Katlı Otoparkı,BEŞİKTAŞ,41.0636,29.0109,400,173,227,KAPALI OTOPARK,1,5,24 Saat
2026-08-17T12:13:35.521304+00:00,2026-08-17T15:13:35.521304+03:00,2796,Başakşehir Metro Açık Otoparkı,BAŞAKŞEHİR,41.107,28.801,125,1,124,AÇIK OTOPARK,1,0,07:00-16:00
2026-08-17T12:13:35.521304+00:00,2026-08-17T15:13:35.521304+03:00,2350,Bayrampaşa Adapark Katlı Otoparkı,BAYRAMPAŞA,41.0647,28.8875,650,0,650,KAPALI OTOPARK,1,15,24 Saat
2026-08-17T12:13:35.521304+00:00,2026-08-17T15:13:35.521304+03:00,2892,Bayrampaşa Altıntepsi Zemin  Altı Otoparkı,BAYRAMPAŞA,41.0393,28.9029,110,0,110,KAPALI OTOPARK,1,10,24 Saat
2026-08-17T12:13:35.521304+00:00,2026-08-17T15:13:35.521304+03:00,2909,Bayrampaşa Atatürk Parkı  Zemin Altı Otoparkı,BAYRAMPAŞA,41.0342,28.9123,442,0,442,KAPALI OTOPARK,1,10,24 Saat
2026-08-17T12:13:35.521304+00:00,2026-08-17T15:13:35.521304+03:00,2683,Bayrampaşa Devlet Hastanesi Cep Otoparkı,BAYRAMPAŞA,41.0414,28.9031,55,4,51,AÇIK OTOPARK,1,0,08:00-19:00
2026-08-17T12:13:35.521304+00:00,2026-08-17T15:13:35.521304+03:00,3301,Bayrampaşa Kocatepe Mahallesi Zemin Altı Otoparkı,BAYRAMPAŞA,41.0545,28.8964,241,0,241,KAPALI OTOPARK,1,10,24 Saat
2026-08-17T12:13:35.521304+00:00,2026-08-17T15:13:35.521304+03:00,2053,Bayrampaşa Muratpaşa Yer Altı Otoparkı,BAYRAMPAŞA,41.047,28.9082,300,17,283,KAPALI OTOPARK,1,15,24 Saat
2026-08-17T12:13:35.521304+00:00,2026-08-17T15:13:35.521304+03:00,3175,Bayrampaşa Spor Kompleksi Zemin Altı Otoparkı,BAYRAMPAŞA,41.0446,28.9106,205,0,205,KAPALI OTOPARK,1,15,24 Saat
2026-08-17T12:13:35.521304+00:00,2026-08-17T15:13:35.521304+03:00,3382,Bayrampaşa Şehit Kamil Balkan Zemin Altı Otoparkı,BAYRAMPAŞA,41.0604,28.9008,235,0,235,KAPALI OTOPARK,1,10,24 Saat
2026-08-17T12:13:35.521304+00:00,2026-08-17T15:13:35.521304+03:00,2428,Bayrampaşa Yenidoğan Mahallesi Zemin Altı Otoparkı,BAYRAMPAŞA,41.0395,28.9088,120,0,120,KAPALI OTOPARK,1,10,24 Saat
2026-08-17T12:13:35.521304+00:00,2026-08-17T15:13:35.521304+03:00,2468,Bebek Açık,BEŞİKTAŞ,41.077,29.0434,30,0,30,AÇIK OTOPARK,1,0,24 Saat
2026-08-17T12:13:35.521304+00:00,2026-08-17T15:13:35.521304+03:00,3479,Beşiktaş Halk Pazarı Açık Otoparkı,BEŞİKTAŞ,41.0496,29.0004,170,89,81,AÇIK OTOPARK,1,5,24 Saat
2026-08-17T12:13:35.521304+00:00,2026-08-17T15:13:35.521304+03:00,3257,Beykoz Sahil Cep Otoparkı,BEYKOZ,41.1286,29.0953,100,74,26,AÇIK OTOPARK,1,0,08:00-00:00
2026-08-17T12:13:35.521304+00:00,2026-08-17T15:13:35.521304+03:00,2273,Beykoz Sosyal Tesisleri,BEYKOZ,41.1143,29.0888,130,9,121,AÇIK OTOPARK,1,15,08:00-00:00
2026-08-17T12:13:35.521304+00:00,2026-08-17T15:13:35.521304+03:00,2999,Beyoğlu Gazhane Bostan Sokak 2,BEYOĞLU,41.0389,28.9903,35,1,34,YOL ÜSTÜ,1,0,07:30-16:30
2026-08-17T12:13:35.521304+00:00,2026-08-17T15:13:35.521304+03:00,3072,Beyoğlu Örnektepe Zemin Altı Otoparkı,BEYOĞLU,41.0543,28.9548,143,0,143,KAPALI OTOPARK,1,0,24 Saat
2026-08-17T12:13:35.521304+00:00,2026-08-17T15:13:35.521304+03:00,1455,Bostancı Açık,KADIKÖY,40.9523,29.0902,394,119,275,AÇIK OTOPARK,1,15,24 Saat
2026-08-17T12:13:35.521304+00:00,2026-08-17T15:13:35.521304+03:00,1456,Bostancı Sahil-Cep Açık Otoparkı,KADIKÖY,40.9545,29.0885,192,111,81,AÇIK OTOPARK,1,15,24 Saat
2026-08-17T12:13:35.521304+00:00,2026-08-17T15:13:35.521304+03:00,2150,Bostancı Vergi Dairesi Açık Otoparkı,ATAŞEHİR,40.9625,29.1083,155,0,155,AÇIK OTOPARK,1,5,08:00-20:00
2026-08-17T12:13:35.521304+00:00,2026-08-17T15:13:35.521304+03:00,2854,Bülent Ecevit Kültür Merkezi Açık Otoparkı,KARTAL,40.8852,29.1967,277,266,11,AÇIK OTOPARK,1,0,10:00-21:00
2026-08-17T12:13:35.521304+00:00,2026-08-17T15:13:35.521304+03:00,2866,Büyük İstanbul Otogarı,BAYRAMPAŞA,41.0402,28.8942,1000,0,1000,AÇIK OTOPARK,1,25,24 Saat
2026-08-17T12:13:35.521304+00:00,2026-08-17T15:13:35.521304+03:00,1192,Büyükçamlıca Korusu Sosyal Tesisleri Önü,ÜSKÜDAR,41.0264,29.0698,204,112,92,AÇIK OTOPARK,1,0,08:00-00:00
2026-08-17T12:13:35.521304+00:00,2026-08-17T15:13:35.521304+03:00,2960,Büyükçekmece Metrobüs Durağı Yanı PD Zemin Altı Otopark,BÜYÜKÇEKMECE,41.0221,28.624,448,0,448,KAPALI OTOPARK,1,0,24 Saat
2026-08-17T12:13:35.521304+00:00,2026-08-17T15:13:35.521304+03:00,1503,Cadde Bostan Açık Otoparkı,KADIKÖY,40.9636,29.0675,66,23,43,AÇIK OTOPARK,1,15,24 Saat
2026-08-17T12:13:35.521304+00:00,2026-08-17T15:13:35.521304+03:00,2933,Cemal Kamacı Spor Kompleksi Zemin Altı Otoparkı,KAĞITHANE,41.0536,28.9575,510,0,510,KAPALI OTOPARK,1,0,24 Saat
2026-08-17T12:13:35.521304+00:00,2026-08-17T15:13:35.521304+03:00,2207,Cengiz Topel Yer Altı Katlı Otoparkı,ESENLER,41.0588,28.8643,144,0,144,KAPALI OTOPARK,1,15,24 Saat
2026-08-17T12:13:35.521304+00:00,2026-08-17T15:13:35.521304+03:00,2787,Cevizli Açık Otoparkı,KARTAL,40.9179,29.1712,100,20,80,AÇIK OTOPARK,1,15,08:00-19:00
2026-08-17T12:13:35.521304+00:00,2026-08-17T15:13:35.521304+03:00,782,Cihangir Caddesi 2,BEYOĞLU,41.0319,28.9862,70,1,69,YOL ÜSTÜ,1,15,09:00-19:00
2026-08-17T12:13:35.521304+00:00,2026-08-17T15:13:35.521304+03:00,1467,Cihangir Katlı Otoparkı,BEYOĞLU,41.0318,28.9858,350,0,350,KAPALI OTOPARK,1,0,24 Saat
2026-08-17T12:13:35.521304+00:00,2026-08-17T15:13:35.521304+03:00,535,Cihannuma Yol Üstü 1,BEŞİKTAŞ,41.0454,29.0084,35,1,34,YOL ÜSTÜ,1,0,08:00-23:00
2026-08-17T12:13:35.521304+00:00,2026-08-17T15:13:35.521304+03:00,537,Cihannuma Yol Üstü 3,BEŞİKTAŞ,41.0459,29.0087,33,1,32,YOL ÜSTÜ,1,0,08:00-23:00
2026-08-17T12:13:35.521304+00:00,2026-08-17T15:13:35.521304+03:00,539,Cihannuma Yol Üstü 5,BEŞİKTAŞ,41.0489,29.0094,24,1,23,YOL ÜSTÜ,1,0,08:00-23:00
2026-08-17T12:13:35.521304+00:00,2026-08-17T15:13:35.521304+03:00,3184,Çam Sokak 6,GÜNGÖREN,41.0121,28.8882,50,1,49,YOL ÜSTÜ,1,15,08:00-17:00
2026-08-17T12:13:35.521304+00:00,2026-08-17T15:13:35.521304+03:00,3030,Çekmeköy Metro PD Zemin Altı Otoparkı,ÇEKMEKÖY,41.0147,29.1886,175,41,134,KAPALI OTOPARK,1,15,24 Saat
2026-08-17T12:13:35.521304+00:00,2026-08-17T15:13:35.521304+03:00,2905,Çeliktepe Açık Otoparkı,KAĞITHANE,41.0843,29.0056,200,76,124,AÇIK OTOPARK,1,5,24 Saat
2026-08-17T12:13:35.521304+00:00,2026-08-17T15:13:35.521304+03:00,1298,Çengelköy Açık Otoparkı,ÜSKÜDAR,41.0484,29.0533,500,309,191,AÇIK OTOPARK,1,15,24 Saat
2026-08-17T12:13:35.521304+00:00,2026-08-17T15:13:35.521304+03:00,502,Çınar Açık Otoparkı,BEŞİKTAŞ,41.0853,29.0088,65,1,64,AÇIK OTOPARK,1,0,08:00-18:00
2026-08-17T12:13:35.521304+00:00,2026-08-17T15:13:35.521304+03:00,777,Çırağan Sarayı Yol Üstü 1,BEŞİKTAŞ,41.0448,29.0165,40,1,39,YOL ÜSTÜ,1,15,08:00-23:00
2026-08-17T12:13:35.521304+00:00,2026-08-17T15:13:35.521304+03:00,778,Çırağan Sarayı Yol Üstü 2,BEŞİKTAŞ,41.0445,29.0156,40,1,39,YOL ÜSTÜ,1,15,08:00-23:00
2026-08-17T12:13:35.521304+00:00,2026-08-17T15:13:35.521304+03:00,2228,Çırpıcı Sosyal Tesisler,ZEYTİNBURNU,41,28.8926,128,0,128,AÇIK OTOPARK,1,15,07:00-00:00
2026-08-17T12:13:35.521304+00:00,2026-08-17T15:13:35.521304+03:00,2030,Dalyan Açık Otoparkı,KADIKÖY,40.9632,29.0651,92,21,71,AÇIK OTOPARK,1,15,24 Saat
2026-08-17T12:13:35.521304+00:00,2026-08-17T15:13:35.521304+03:00,2271,Damla Sokak 1,ŞİŞLİ,41.0672,29.0004,17,1,16,YOL ÜSTÜ,1,15,07:30-16:30
2026-08-17T12:13:35.521304+00:00,2026-08-17T15:13:35.521304+03:00,2164,Darüşşafaka Yeraltı Otoparkı,SARIYER,41.1292,29.0252,150,115,35,KAPALI OTOPARK,1,15,08:00-00:00
2026-08-17T12:13:35.521304+00:00,2026-08-17T15:13:35.521304+03:00,1653,Deniz Feneri Otoparkı,FATİH,41.0019,28.9773,175,79,96,AÇIK OTOPARK,1,5,24 Saat
2026-08-17T12:13:35.521304+00:00,2026-08-17T15:13:35.521304+03:00,595,Dostluk Yurdu 1,FATİH,41.0071,28.973,33,1,32,YOL ÜSTÜ,1,15,07:00-17:00
2026-08-17T12:13:35.521304+00:00,2026-08-17T15:13:35.521304+03:00,2237,Dragos Sosyal Tesisleri,KARTAL,40.9017,29.1458,100,32,68,AÇIK OTOPARK,1,15,24 Saat
2026-08-17T12:13:35.521304+00:00,2026-08-17T15:13:35.521304+03:00,3063,Dudullu Metro PD Zemin Altı Otoparkı,ÜMRANİYE,41.0156,29.1633,81,50,31,KAPALI OTOPARK,1,15,07:00-23:30
2026-08-17T12:13:35.521304+00:00,2026-08-17T15:13:35.521304+03:00,1522,Ebu Suut Caddesi 1,FATİH,41.0128,28.9766,35,1,34,YOL ÜSTÜ,1,0,08:00-18:00
2026-08-17T12:13:35.521304+00:00,2026-08-17T15:13:35.521304+03:00,2147,EGS Blokları Açık Otoparkı,BAKIRKÖY,40.9863,28.8354,350,0,350,AÇIK OTOPARK,1,60,09:00-19:30
2026-08-17T12:13:35.521304+00:00,2026-08-17T15:13:35.521304+03:00,2366,Esenler Adem Baştürk Kültür Merkezi Katlı,ESENLER,41.039,28.8846,460,48,412,KAPALI OTOPARK,1,15,24 Saat
2026-08-17T12:13:35.521304+00:00,2026-08-17T15:13:35.521304+03:00,3190,Esenler Havaalanı Mahallesi Zemin Altı Otoparkı,ESENLER,41.0562,28.8674,610,377,233,KAPALI OTOPARK,1,10,24 Saat
2026-08-17T12:13:35.521304+00:00,2026-08-17T15:13:35.521304+03:00,3011,Esenler Menderes Metro İstasyonu Yanı,ESENLER,41.0427,28.8783,68,21,47,AÇIK OTOPARK,1,5,24 Saat
2026-08-17T12:13:35.521304+00:00,2026-08-17T15:13:35.521304+03:00,2822,Esenler Menderes Parkı Zemin Altı Otoparkı,ESENLER,41.0412,28.8729,325,81,244,KAPALI OTOPARK,1,10,24 Saat
2026-08-17T12:13:35.521304+00:00,2026-08-17T15:13:35.521304+03:00,3303,Esenyurt Adile Naşit Bulvarı Zeminaltı Otoparkı,ESENYURT,41.0205,28.6859,367,276,91,KAPALI OTOPARK,1,15,24 Saat
2026-08-17T12:13:35.521304+00:00,2026-08-17T15:13:35.521304+03:00,1328,Eski Salı Pazarı,KADIKÖY,40.9904,29.0338,760,0,760,AÇIK OTOPARK,1,15,24 Saat
2026-08-17T12:13:35.521304+00:00,2026-08-17T15:13:35.521304+03:00,904,Eyüp Pierloti Caddesi 1,EYÜP,41.0539,28.9329,40,1,39,YOL ÜSTÜ,1,0,09:00-22:00
2026-08-17T12:13:35.521304+00:00,2026-08-17T15:13:35.521304+03:00,2850,Eyüpsultan Akşemsettin Mahallesi Zemin Altı Otoparkı,EYÜP,41.085,28.9258,110,0,110,KAPALI OTOPARK,1,15,24 Saat
2026-08-17T12:13:35.521304+00:00,2026-08-17T15:13:35.521304+03:00,2215,Fatih Çeşmesi Tabiat Parkı Otoparkı,SARIYER,41.1686,28.9448,250,243,7,AÇIK OTOPARK,1,0,06:00-20:00
2026-08-17T12:13:35.521304+00:00,2026-08-17T15:13:35.521304+03:00,1475,Fatih Katlı Otoparkı,FATİH,41.0198,28.9396,118,0,118,KAPALI OTOPARK,1,10,24 Saat
2026-08-17T12:13:35.521304+00:00,2026-08-17T15:13:35.521304+03:00,1591,Feshane PD Açık Otoparkı,EYÜP,41.0463,28.9378,200,31,169,AÇIK OTOPARK,1,15,24 Saat
2026-08-17T12:13:35.521304+00:00,2026-08-17T15:13:35.521304+03:00,1005,Florya Havuzlu Bahçe,BAKIRKÖY,40.9764,28.7908,135,1,134,AÇIK OTOPARK,1,0,09:00-23:00
2026-08-17T12:13:35.521304+00:00,2026-08-17T15:13:35.521304+03:00,2238,Florya Sosyal Tesisleri,BAKIRKÖY,40.9614,28.8091,1074,849,225,AÇIK OTOPARK,1,15,24 Saat
2026-08-17T12:13:35.521304+00:00,2026-08-17T15:13:35.521304+03:00,1704,Gazi Umur Paşa Sokak 5,BEŞİKTAŞ,41.0589,29.0114,45,1,44,YOL ÜSTÜ,1,15,08:00-17:00
2026-08-17T12:13:35.521304+00:00,2026-08-17T15:13:35.521304+03:00,3296,Gaziosmanpaşa Meydanı ve Yaşam Merkezi Zemin Altı Otoparkı,GAZİOSMANPAŞA,41.0606,28.9093,202,0,202,KAPALI OTOPARK,1,15,24 Saat
2026-08-17T12:13:35.521304+00:00,2026-08-17T15:13:35.521304+03:00,2971,Gaziosmanpaşa Zemin Altı Otoparkı,GAZİOSMANPAŞA,41.0796,28.8858,285,0,285,KAPALI OTOPARK,1,0,24 Saat
2026-08-17T12:13:35.521304+00:00,2026-08-17T15:13:35.521304+03:00,3401,Giyimkent Tekstilkent Metro Zemin Altı PD Otoparkı,ESENLER,41.0711,28.8666,203,161,42,KAPALI OTOPARK,1,10,24 Saat
2026-08-17T12:13:35.521304+00:00,2026-08-17T15:13:35.521304+03:00,2242,Gözdağı Sosyal Tesisler  Açık Otoparkı,PENDİK,40.893,29.2538,300,216,84,AÇIK OTOPARK,1,0,07:00-23:00
2026-08-17T12:13:35.521304+00:00,2026-08-17T15:13:35.521304+03:00,1879,Gülsuyu Metro PD Yer Altı Otoparkı,MALTEPE,40.9237,29.1548,76,0,76,KAPALI OTOPARK,1,15,08:00-00:00
2026-08-17T12:13:35.521304+00:00,2026-08-17T15:13:35.521304+03:00,1423,Güneş Plajı 1,BAKIRKÖY,40.9712,28.79,250,166,84,AÇIK OTOPARK,1,10,24 Saat
2026-08-17T12:13:35.521304+00:00,2026-08-17T15:13:35.521304+03:00,1461,Güneş Plajı 2,BAKIRKÖY,40.9692,28.7951,135,115,20,AÇIK OTOPARK,1,10,08:00-20:00
2026-08-17T12:13:35.521304+00:00,2026-08-17T15:13:35.521304+03:00,3053,Güngören Nikah Dairesi Zemin Altı otoparkı,GÜNGÖREN,41.0363,28.8718,147,0,147,KAPALI OTOPARK,1,10,24 Saat
2026-08-17T12:13:35.521304+00:00,2026-08-17T15:13:35.521304+03:00,2216,Gürpınar Balık Hali Otoparkı,BEYLİKDÜZÜ,40.9663,28.6019,1000,722,278,AÇIK OTOPARK,1,15,24 Saat
2026-08-17T12:13:35.521304+00:00,2026-08-17T15:13:35.521304+03:00,1525,Hacıosman Metro Yer Altı Otoparkı,SARIYER,41.14,29.0306,422,51,371,KAPALI OTOPARK,1,15,24 Saat
2026-08-17T12:13:35.521304+00:00,2026-08-17T15:13:35.521304+03:00,1470,Haldun Alagaş Katlı Otoparkı,ÜMRANİYE,41.0262,29.1052,197,35,162,KAPALI OTOPARK,1,15,24 Saat
2026-08-17T12:13:35.521304+00:00,2026-08-17T15:13:35.521304+03:00,3235,Haliç Sosyal Tesisleri Otoparkı,FATİH,41.0277,28.9572,60,20,40,AÇIK OTOPARK,1,15,07:00-00:00
2026-08-17T12:13:35.521304+00:00,2026-08-17T15:13:35.521304+03:00,2848,Halkalı Mahallesi Zemin Altı Otoparkı,KÜÇÜKÇEKMECE,41.0359,28.7848,347,168,179,KAPALI OTOPARK,1,15,24 Saat
2026-08-17T12:13:35.521304+00:00,2026-08-17T15:13:35.521304+03:00,2838,Hamidiye Mahallesi Katlı Otoparkı,KAĞITHANE,41.0949,28.971,450,200,250,KAPALI OTOPARK,1,15,24 Saat
2026-08-17T12:13:35.521304+00:00,2026-08-17T15:13:35.521304+03:00,1446,Harbiye Zemin Altı Otoparkı,BEYOĞLU,41.0408,28.9869,142,0,142,KAPALI OTOPARK,1,5,24 Saat
2026-08-17T12:13:35.521304+00:00,2026-08-17T15:13:35.521304+03:00,2332,Haydarpaşa Katlı Otoparkı,ÜSKÜDAR,41.0048,29.0251,840,473,367,KAPALI OTOPARK,1,15,24 Saat
2026-08-17T12:13:35.521304+00:00,2026-08-17T15:13:35.521304+03:00,1987,Haznedar Yer Altı Otoparkı,GÜNGÖREN,41.0083,28.8729,540,0,540,KAPALI OTOPARK,1,0,24 Saat
2026-08-17T12:13:35.521304+00:00,2026-08-17T15:13:35.521304+03:00,377,Hızır Külhani Sokak,FATİH,41.0202,28.9605,32,1,31,YOL ÜSTÜ,1,15,09:00-17:00
2026-08-17T12:13:35.521304+00:00,2026-08-17T15:13:35.521304+03:00,3173,Hürriyet Mahallesi Zeminaltı Otoparkı,GAZİOSMANPAŞA,41.0708,28.8951,190,0,190,KAPALI OTOPARK,1,15,24 Saat
2026-08-17T12:13:35.521304+00:00,2026-08-17T15:13:35.521304+03:00,157,Ihlamur Dere Caddesi 4,BEŞİKTAŞ,41.047,29.0023,27,1,26,YOL ÜSTÜ,1,15,09:00-17:00
2026-08-17T12:13:35.521304+00:00,2026-08-17T15:13:35.521304+03:00,1189,İçerenköy Sebze Meyve Hali Otoparkı,ATAŞEHİR,40.9766,29.1044,600,600,0,AÇIK OTOPARK,1,15,24 Saat
2026-08-17T12:13:35.521304+00:00,2026-08-17T15:13:35.521304+03:00,1127,İshakpaşa Caddesi,FATİH,41.0079,28.9814,200,1,199,YOL ÜSTÜ,1,0,08:00-18:00
2026-08-17T12:13:35.521304+00:00,2026-08-17T15:13:35.521304+03:00,3265,İspark İstanbul West Marina Açık Otoparkı 1,BEYLİKDÜZÜ,40.9636,28.6564,250,1,249,AÇIK OTOPARK,1,15,24 Saat
2026-08-17T12:13:35.521304+00:00,2026-08-17T15:13:35.521304+03:00,2793,İspark Merter Katlı Otoparkı,GÜNGÖREN,41.0097,28.89,900,251,649,KAPALI OTOPARK,1,10,24 Saat
2026-08-17T12:13:35.521304+00:00,2026-08-17T15:13:35.521304+03:00,2430,İspark West İstanbul Marina Açık Otoparkı,BEYLİKDÜZÜ,40.9639,28.6591,1600,951,649,AÇIK OTOPARK,1,15,24 Saat
2026-08-17T12:13:35.521304+00:00,2026-08-17T15:13:35.521304+03:00,381,İstinye 4 ( Cami Önü ),SARIYER,41.1149,29.0571,25,1,24,YOL ÜSTÜ,1,15,08:30-17:30
2026-08-17T12:13:35.521304+00:00,2026-08-17T15:13:35.521304+03:00,1804,İtalyan Hastanesi Karşısı Açık Otoparkı 1,BEYOĞLU,41.028,28.9815,30,1,29,AÇIK OTOPARK,1,0,08:00-19:00
2026-08-17T12:13:35.521304+00:00,2026-08-17T15:13:35.521304+03:00,507,Kabasakal Medrese Önü,FATİH,41.0062,28.9789,65,1,64,AÇIK OTOPARK,1,0,08:00-18:30
2026-08-17T12:13:35.521304+00:00,2026-08-17T15:13:35.521304+03:00,3306,Kabataş Transfer Merkezi Turizm Otobüs Otoparkı,BEYOĞLU,41.0336,28.9923,160,0,160,KAPALI OTOPARK,1,20,24 Saat
2026-08-17T12:13:35.521304+00:00,2026-08-17T15:13:35.521304+03:00,2918,Kadıköy Hasanpaşa Gazhane Katlı Otoparkı,KADIKÖY,40.9972,29.0428,310,198,112,KAPALI OTOPARK,1,15,24 Saat
2026-08-17T12:13:35.521304+00:00,2026-08-17T15:13:35.521304+03:00,1447,Kadıköy İski Açık Otoparkı,KADIKÖY,40.9874,29.0207,124,0,124,AÇIK OTOPARK,1,15,24 Saat
2026-08-17T12:13:35.521304+00:00,2026-08-17T15:13:35.521304+03:00,1655,Kadıköy Metro Açık Otoparkı,KADIKÖY,40.9899,29.0217,74,0,74,AÇIK OTOPARK,1,15,24 Saat
2026-08-17T12:13:35.521304+00:00,2026-08-17T15:13:35.521304+03:00,3445,Kadıköy Uzunçayır PD Açık Otoparkı,KADIKÖY,40.9982,29.0569,70,40,30,AÇIK OTOPARK,1,15,06:30-16:30
2026-08-17T12:13:35.521304+00:00,2026-08-17T15:13:35.521304+03:00,2808,Kadıköy Yeni Salı Pazarı PD Katlı Otoparkı,KADIKÖY,40.9969,29.0486,1350,661,689,KAPALI OTOPARK,1,15,24 Saat
2026-08-17T12:13:35.521304+00:00,2026-08-17T15:13:35.521304+03:00,2811,Kağıthane Harmantepe Zemin Altı Otoparkı,KAĞITHANE,41.0816,28.9907,200,0,200,KAPALI OTOPARK,1,0,24 Saat
2026-08-17T12:13:35.521304+00:00,2026-08-17T15:13:35.521304+03:00,1452,Kalamış Açık Otoparkı,KADIKÖY,40.9687,29.0363,173,124,49,AÇIK OTOPARK,1,15,24 Saat
2026-08-17T12:13:35.521304+00:00,2026-08-17T15:13:35.521304+03:00,1474,Kartal Hasan Doğan Spor Kompleksi,KARTAL,40.8918,29.1897,773,0,773,KAPALI OTOPARK,1,15,24 Saat
2026-08-17T12:13:35.521304+00:00,2026-08-17T15:13:35.521304+03:00,1105,Kartal İdo Açık Otoparkı,KARTAL,40.8874,29.1881,90,0,90,AÇIK OTOPARK,1,15,24 Saat
2026-08-17T12:13:35.521304+00:00,2026-08-17T15:13:35.521304+03:00,1550,Kartal Sahil Açık Otoparkı,KARTAL,40.8875,29.1901,75,0,75,AÇIK OTOPARK,1,5,24 Saat
2026-08-17T12:13:35.521304+00:00,2026-08-17T15:13:35.521304+03:00,3434,Kasımpaşa Sosyal Tesisler Otoparkı,BEYOĞLU,41.0296,28.9673,60,36,24,AÇIK OTOPARK,1,0,07:30-23:00
2026-08-17T12:13:35.521304+00:00,2026-08-17T15:13:35.521304+03:00,1960,Kazlıçeşme Marmaray Açık Otoparkı,ZEYTİNBURNU,40.9922,28.917,700,518,182,AÇIK OTOPARK,1,15,24 Saat
2026-08-17T12:13:35.521304+00:00,2026-08-17T15:13:35.521304+03:00,2994,Kirazlı Metro Durağı PD Açık Otoparkı,BAĞCILAR,41.033,28.8429,112,0,112,AÇIK OTOPARK,1,5,24 Saat
2026-08-17T12:13:35.521304+00:00,2026-08-17T15:13:35.521304+03:00,1528,Kore Şehitleri Caddesi - Yüzbaşı Kaya Aldağon Sokak 1,ŞİŞLİ,41.0719,29.0139,40,1,39,YOL ÜSTÜ,1,15,07:00-16:00
2026-08-17T12:13:35.521304+00:00,2026-08-17T15:13:35.521304+03:00,2449,Kozyatağı Sebze-Meyve Hali,ATAŞEHİR,40.9787,29.1029,1500,1499,1,AÇIK OTOPARK,1,0,24 Saat
2026-08-17T12:13:35.521304+00:00,2026-08-17T15:13:35.521304+03:00,1206,Kutlugün Sokak 2,FATİH,41.0061,28.9801,200,1,199,YOL ÜSTÜ,1,0,08:00-18:00
2026-08-17T12:13:35.521304+00:00,2026-08-17T15:13:35.521304+03:00,3074,Küçük Çamlıca,ÜSKÜDAR,41.0204,29.0653,129,104,25,AÇIK OTOPARK,1,0,08:00-22:00
2026-08-17T12:13:35.521304+00:00,2026-08-17T15:13:35.521304+03:00,3127,Küçükçekmece Cennet Mahallesi Meydan Zemin Altı Otoparkı,KÜÇÜKÇEKMECE,40.9907,28.783,456,0,456,KAPALI OTOPARK,1,10,24 Saat
2026-08-17T12:13:35.521304+00:00,2026-08-17T15:13:35.521304+03:00,2554,Küçükçekmece Fevzi Çakmak Meydanı Zemin Altı Otoparkı,KÜÇÜKÇEKMECE,41.0076,28.7927,1000,533,467,KAPALI OTOPARK,1,10,24 Saat
2026-08-17T12:13:35.521304+00:00,2026-08-17T15:13:35.521304+03:00,2882,Küçüksu Kasrı Açık Otoparkı,BEYKOZ,41.0789,29.0657,98,92,6,AÇIK OTOPARK,1,0,07:00-23:00
2026-08-17T12:13:35.521304+00:00,2026-08-17T15:13:35.521304+03:00,220,Levent Hamidiye,BEŞİKTAŞ,41.0861,29.0076,100,1,99,AÇIK OTOPARK,1,0,08:00-19:00
2026-08-17T12:13:35.521304+00:00,2026-08-17T15:13:35.521304+03:00,1138,Levent Metro Yer Altı Otoparkı,BEŞİKTAŞ,41.0811,29.0105,100,100,0,AÇIK OTOPARK,1,5,07:30-19:30
2026-08-17T12:13:35.521304+00:00,2026-08-17T15:13:35.521304+03:00,2335,Maçka Açık Otoparkı,ŞİŞLİ,41.046,28.9908,75,73,2,AÇIK OTOPARK,1,0,24 Saat
2026-08-17T12:13:35.521304+00:00,2026-08-17T15:13:35.521304+03:00,1859,Maçka Katlı Otoparkı,ŞİŞLİ,41.0484,28.9903,508,40,468,KAPALI OTOPARK,1,0,24 Saat
2026-08-17T12:13:35.521304+00:00,2026-08-17T15:13:35.521304+03:00,3193,Maltepe Rıhtım Caddesi Açık Otoparkı,MALTEPE,40.9258,29.1241,76,44,32,AÇIK OTOPARK,1,0,24 Saat
2026-08-17T12:13:35.521304+00:00,2026-08-17T15:13:35.521304+03:00,2146,Maltepe Süreyyapaşa Çarşısı Açık Otoparkı,MALTEPE,40.9274,29.1225,156,88,68,AÇIK OTOPARK,1,0,24 Saat
2026-08-17T12:13:35.521304+00:00,2026-08-17T15:13:35.521304+03:00,1599,Maslak Açık Otoparkı,SARIYER,41.1166,29.024,150,59,91,AÇIK OTOPARK,1,10,24 Saat
2026-08-17T12:13:35.521304+00:00,2026-08-17T15:13:35.521304+03:00,2100,Matbaacılar Sitesi Yanı,ZEYTİNBURNU,41.0234,28.9187,250,131,119,AÇIK OTOPARK,1,5,24 Saat
2026-08-17T12:13:35.521304+00:00,2026-08-17T15:13:35.521304+03:00,920,Meclis-i Mebusan Yokuşu 2,BEYOĞLU,41.0326,28.9882,34,1,33,YOL ÜSTÜ,1,15,09:00-17:00
2026-08-17T12:13:35.521304+00:00,2026-08-17T15:13:35.521304+03:00,1546,Menekşe Plajı Açık Otoparkı,BAKIRKÖY,40.9761,28.7766,200,200,0,AÇIK OTOPARK,1,0,24 Saat
2026-08-17T12:13:35.521304+00:00,2026-08-17T15:13:35.521304+03:00,1376,Mercan Açık,FATİH,41.0136,28.9669,130,10,120,AÇIK OTOPARK,1,0,08:00-23:00
2026-08-17T12:13:35.521304+00:00,2026-08-17T15:13:35.521304+03:00,3309,Mercan Ali Paşa Sarayı Zemin Altı Otoparkı,FATİH,41.0136,28.967,196,1,195,KAPALI OTOPARK,1,0,07:00-21:00
2026-08-17T12:13:35.521304+00:00,2026-08-17T15:13:35.521304+03:00,1472,Merter Katlı Otoparkı,GÜNGÖREN,41.0092,28.8874,1000,851,149,KAPALI OTOPARK,1,10,24 Saat
2026-08-17T12:13:35.521304+00:00,2026-08-17T15:13:35.521304+03:00,2375,Merter Metro PD Zeminaltı Otoparkı,GÜNGÖREN,41.0037,28.8897,242,84,158,KAPALI OTOPARK,1,10,24 Saat
2026-08-17T12:13:35.521304+00:00,2026-08-17T15:13:35.521304+03:00,1568,Mete Caddesi 1,BEYOĞLU,41.0382,28.9879,31,1,30,YOL ÜSTÜ,1,15,08:00-23:00
2026-08-17T12:13:35.521304+00:00,2026-08-17T15:13:35.521304+03:00,1471,Mevlana Yeraltı Katlı Otoparkı,ZEYTİNBURNU,41.0072,28.9049,1000,857,143,KAPALI OTOPARK,1,5,24 Saat
2026-08-17T12:13:35.521304+00:00,2026-08-17T15:13:35.521304+03:00,2709,Millet Caddesi Açık Otoparkı,FATİH,41.01,28.9461,60,1,59,AÇIK OTOPARK,1,15,24 Saat
2026-08-17T12:13:35.521304+00:00,2026-08-17T15:13:35.521304+03:00,3152,Mimar Sinan Zemin Altı Otoparkı,ÜSKÜDAR,41.0222,29.0169,956,0,956,KAPALI OTOPARK,1,15,24 Saat
2026-08-17T12:13:35.521304+00:00,2026-08-17T15:13:35.521304+03:00,2870,Miniatürk Çadır Açık Otoparkı,BEYOĞLU,41.0594,28.9501,250,195,55,AÇIK OTOPARK,1,15,07:00-20:00
2026-08-17T12:13:35.521304+00:00,2026-08-17T15:13:35.521304+03:00,2556,Muallim Naci Açık Otoparkı,BEŞİKTAŞ,41.0561,29.0342,35,25,10,AÇIK OTOPARK,1,15,24 Saat
2026-08-17T12:13:35.521304+00:00,2026-08-17T15:13:35.521304+03:00,569,Oda Kule Önü 1,BEYOĞLU,41.0322,28.9751,24,1,23,YOL ÜSTÜ,1,0,07:00-01:00
2026-08-17T12:13:35.521304+00:00,2026-08-17T15:13:35.521304+03:00,1988,Orhangazi Şehir Parkı PD Açık Otoparkı,MALTEPE,40.9313,29.1161,5022,4468,554,AÇIK OTOPARK,1,15,24 Saat
2026-08-17T12:13:35.521304+00:00,2026-08-17T15:13:35.521304+03:00,152,Ortabahçe Caddesi 2,BEŞİKTAŞ,41.0428,29.0043,35,1,34,YOL ÜSTÜ,1,15,08:00-23:00
2026-08-17T12:13:35.521304+00:00,2026-08-17T15:13:35.521304+03:00,153,Ortabahçe Caddesi 3,BEŞİKTAŞ,41.043,29.0042,26,1,25,YOL ÜSTÜ,1,15,08:00-23:00
2026-08-17T12:13:35.521304+00:00,2026-08-17T15:13:35.521304+03:00,119,Ortaklar Caddesi 1,ŞİŞLİ,41.0638,28.9971,25,1,24,YOL ÜSTÜ,1,15,08:30-17:00
2026-08-17T12:13:35.521304+00:00,2026-08-17T15:13:35.521304+03:00,1343,Ortaköy Açık Otoparkı,BEŞİKTAŞ,41.0504,29.0326,170,129,41,AÇIK OTOPARK,1,0,24 Saat
2026-08-17T12:13:35.521304+00:00,2026-08-17T15:13:35.521304+03:00,572,Ortaköy Portakal Yokuşu 1,BEŞİKTAŞ,41.0503,29.0261,15,1,14,YOL ÜSTÜ,1,15,09:00-19:00
2026-08-17T12:13:35.521304+00:00,2026-08-17T15:13:35.521304+03:00,1039,Öğretmen Evi,AVCILAR,40.9723,28.714,80,41,39,AÇIK OTOPARK,1,0,11:00-23:00
2026-08-17T12:13:35.521304+00:00,2026-08-17T15:13:35.521304+03:00,1466,Pendik Katlı Otoparkı,PENDİK,40.8789,29.2342,120,0,120,KAPALI OTOPARK,1,15,24 Saat
2026-08-17T12:13:35.521304+00:00,2026-08-17T15:13:35.521304+03:00,3073,Pendik Kemal Kalkuz Parkı Zemin Altı Otoparkı,PENDİK,40.8885,29.2427,224,0,224,KAPALI OTOPARK,1,0,09:00-18:00
2026-08-17T12:13:35.521304+00:00,2026-08-17T15:13:35.521304+03:00,3019,Pendik Meydan Zemin Altı Otoparkı,PENDİK,40.8752,29.2324,937,0,937,KAPALI OTOPARK,1,0,24 Saat
2026-08-17T12:13:35.521304+00:00,2026-08-17T15:13:35.521304+03:00,2865,Pendik Sahil Engelliler Merkez Önü,PENDİK,40.8735,29.233,100,66,34,AÇIK OTOPARK,1,0,11:00-20:00
2026-08-17T12:13:35.521304+00:00,2026-08-17T15:13:35.521304+03:00,2434,Pendik Sahil İdo,PENDİK,40.8755,29.2369,100,0,100,AÇIK OTOPARK,1,0,07:00-23:00
2026-08-17T12:13:35.521304+00:00,2026-08-17T15:13:35.521304+03:00,248,Pendik Yenimahalle Açık 2 Otoparkı,PENDİK,40.864,29.2723,124,68,56,AÇIK OTOPARK,1,15,10:00-22:00
2026-08-17T12:13:35.521304+00:00,2026-08-17T15:13:35.521304+03:00,297,Perşembe Pazarı 1,BEYOĞLU,41.0252,28.9693,32,1,31,YOL ÜSTÜ,1,15,08:00-17:00
2026-08-17T12:13:35.521304+00:00,2026-08-17T15:13:35.521304+03:00,597,Pierre Loti Caddesi 3,FATİH,41.0069,28.9711,36,1,35,YOL ÜSTÜ,1,0,07:00-17:00
2026-08-17T12:13:35.521304+00:00,2026-08-17T15:13:35.521304+03:00,3263,Piyalepaşa Meydanı Zemin Altı Otoparkı,BEYOĞLU,41.0445,28.9674,560,275,285,KAPALI OTOPARK,1,0,24 Saat
2026-08-17T12:13:35.521304+00:00,2026-08-17T15:13:35.521304+03:00,1900,Ragıp Gümüşpala Cad.(Sobacılar Önü),FATİH,41.0181,28.969,40,1,39,YOL ÜSTÜ,1,15,07:00-18:00
2026-08-17T12:13:35.521304+00:00,2026-08-17T15:13:35.521304+03:00,415,Ragıp Gümüşpala Camii Önü 1,FATİH,41.0211,28.9627,35,1,34,YOL ÜSTÜ,1,0,07:00-17:30
2026-08-17T12:13:35.521304+00:00,2026-08-17T15:13:35.521304+03:00,3268,Refik Saydam Caddesi 3,BEYOĞLU,41.032,28.9736,55,1,54,YOL ÜSTÜ,1,0,06:00-23:00
2026-08-17T12:13:35.521304+00:00,2026-08-17T15:13:35.521304+03:00,2307,Ressam Halim Sokak PD Açık Otoparkı,BAHÇELİEVLER,40.9967,28.8641,120,66,54,AÇIK OTOPARK,1,15,08:00-00:00
2026-08-17T12:13:35.521304+00:00,2026-08-17T15:13:35.521304+03:00,3082,Rumeli Hisarı Sahil Yolu Otoparkı,SARIYER,41.0854,29.0568,20,4,16,AÇIK OTOPARK,1,0,24 Saat
2026-08-17T12:13:35.521304+00:00,2026-08-17T15:13:35.521304+03:00,1595,Sabiha Gökçen Açık Otoparkı,PENDİK,40.925,29.308,1056,208,848,AÇIK OTOPARK,1,15,24 Saat
2026-08-17T12:13:35.521304+00:00,2026-08-17T15:13:35.521304+03:00,3239,Samatya Sahil Cep Otoparkı,FATİH,40.9954,28.932,113,108,5,AÇIK OTOPARK,1,15,24 Saat
2026-08-17T12:13:35.521304+00:00,2026-08-17T15:13:35.521304+03:00,3273,Sarıyer Büyükdere Fidanlığı,SARIYER,41.1548,29.0268,160,155,5,AÇIK OTOPARK,1,0,08:00-18:00
2026-08-17T12:13:35.521304+00:00,2026-08-17T15:13:35.521304+03:00,3299,Sariyer Ayazağa Mah Vadi İstanbul Önü Açık Otoparkı,SARIYER,41.1106,28.9881,100,96,4,AÇIK OTOPARK,1,0,08:00-20:00
2026-08-17T12:13:35.521304+00:00,2026-08-17T15:13:35.521304+03:00,1303,Seyrantepe Katlı (Arena Karşısı) 1,KAĞITHANE,41.101,28.9961,1897,1890,7,KAPALI OTOPARK,1,0,24 Saat
2026-08-17T12:13:35.521304+00:00,2026-08-17T15:13:35.521304+03:00,1628,Sıracevizler Caddesi Yol Üstü 5,ŞİŞLİ,41.0607,28.9841,45,1,44,YOL ÜSTÜ,1,15,09:00-17:00
2026-08-17T12:13:35.521304+00:00,2026-08-17T15:13:35.521304+03:00,464,Sirkeci Gar Önü,FATİH,41.015,28.9761,60,1,59,AÇIK OTOPARK,1,5,07:00-20:00
2026-08-17T12:13:35.521304+00:00,2026-08-17T15:13:35.521304+03:00,1486,Siyavuşpaşa Yer Altı Otoparkı,BAHÇELİEVLER,40.9965,28.8532,155,0,155,KAPALI OTOPARK,1,0,24 Saat
2026-08-17T12:13:35.521304+00:00,2026-08-17T15:13:35.521304+03:00,1958,Soğanlık Metro PD Açık Otoparkı,KARTAL,40.9131,29.1925,898,820,78,AÇIK OTOPARK,1,15,24 Saat
2026-08-17T12:13:35.521304+00:00,2026-08-17T15:13:35.521304+03:00,589,Su Terazisi Sokak,FATİH,41.0046,28.9727,22,1,21,YOL ÜSTÜ,1,0,07:30-17:00
2026-08-17T12:13:35.521304+00:00,2026-08-17T15:13:35.521304+03:00,1478,Suadiye Cep Açık Otoparkı,KADIKÖY,40.9586,29.0732,130,114,16,AÇIK OTOPARK,1,15,24 Saat
2026-08-17T12:13:35.521304+00:00,2026-08-17T15:13:35.521304+03:00,2948,Suadiye Sahil Açık Otoparkı,KADIKÖY,40.9562,29.0797,70,29,41,AÇIK OTOPARK,1,5,24 Saat
2026-08-17T12:13:35.521304+00:00,2026-08-17T15:13:35.521304+03:00,2799,Sultanbeyli Emir Caddesi Zemin Altı Otoparkı,SULTANBEYLİ,40.9707,29.2606,130,52,78,KAPALI OTOPARK,1,15,08:00-22:00
2026-08-17T12:13:35.521304+00:00,2026-08-17T15:13:35.521304+03:00,2372,Sultanbeyli Kent Meydanı Zemin Altı Otoparkı,SULTANBEYLİ,40.9667,29.2667,300,110,190,KAPALI OTOPARK,1,15,24 Saat
2026-08-17T12:13:35.521304+00:00,2026-08-17T15:13:35.521304+03:00,2410,Sultangazi Zemin Altı Otoparkı,SULTANGAZİ,41.0944,28.8649,104,0,104,KAPALI OTOPARK,1,10,24 Saat
2026-08-17T12:13:35.521304+00:00,2026-08-17T15:13:35.521304+03:00,2085,Süleyman Seba Caddesi 2,BEŞİKTAŞ,41.0426,28.9998,40,1,39,YOL ÜSTÜ,1,15,08:00-18:00
2026-08-17T12:13:35.521304+00:00,2026-08-17T15:13:35.521304+03:00,2088,Süleyman Seba Caddesi 5,BEŞİKTAŞ,41.0432,28.9978,40,1,39,YOL ÜSTÜ,1,15,08:00-18:00
2026-08-17T12:13:35.521304+00:00,2026-08-17T15:13:35.521304+03:00,2089,Süleyman Seba Caddesi 6,BEŞİKTAŞ,41.0435,28.9967,11,1,10,YOL ÜSTÜ,1,15,08:00-18:00
2026-08-17T12:13:35.521304+00:00,2026-08-17T15:13:35.521304+03:00,2391,Süleymaniye Cami Altı Açık Otoparkı,FATİH,41.0158,28.961,250,235,15,AÇIK OTOPARK,1,0,06:30-18:30
2026-08-17T12:13:35.521304+00:00,2026-08-17T15:13:35.521304+03:00,1730,Sütlüce Miniatürk Yanı,BEYOĞLU,41.057,28.95,320,211,109,AÇIK OTOPARK,1,15,24 Saat
2026-08-17T12:13:35.521304+00:00,2026-08-17T15:13:35.521304+03:00,36,Şakayık Sokak 4,ŞİŞLİ,41.0518,28.9936,50,1,49,YOL ÜSTÜ,1,15,08:00-16:00
2026-08-17T12:13:35.521304+00:00,2026-08-17T15:13:35.521304+03:00,1469,Şehit Volkan Duysak Katlı Otoparkı,ZEYTİNBURNU,40.9968,28.9039,1000,693,307,KAPALI OTOPARK,1,5,24 Saat
2026-08-17T12:13:35.521304+00:00,2026-08-17T15:13:35.521304+03:00,2385,Şehremini Açık Otoparkı 1,FATİH,41.0135,28.9333,60,1,59,AÇIK OTOPARK,1,0,08:30-20:30
2026-08-17T12:13:35.521304+00:00,2026-08-17T15:13:35.521304+03:00,2855,Şemsipaşa Açık Otoparkı,ÜSKÜDAR,41.0255,29.0097,80,69,11,AÇIK OTOPARK,1,0,24 Saat
2026-08-17T12:13:35.521304+00:00,2026-08-17T15:13:35.521304+03:00,2439,Şirinevler Meydan Zeminaltı Otoparkı,BAHÇELİEVLER,40.9925,28.8496,367,27,340,KAPALI OTOPARK,1,0,24 Saat
2026-08-17T12:13:35.521304+00:00,2026-08-17T15:13:35.521304+03:00,3400,Şişhane Refik Saydam Caddesi 2 Yol Üstü Otoparkı 1,BEYOĞLU,41.0326,28.9743,70,1,69,YOL ÜSTÜ,1,15,06:00-23:00
2026-08-17T12:13:35.521304+00:00,2026-08-17T15:13:35.521304+03:00,3441,Şişli Kuştepe Zemin Altı Otoparkı,ŞİŞLİ,41.072,28.9919,430,302,128,KAPALI OTOPARK,1,15,24 Saat
2026-08-17T12:13:35.521304+00:00,2026-08-17T15:13:35.521304+03:00,2816,Şişli Rumeli Caddesi Metro Yanı 1,ŞİŞLİ,41.0538,28.9868,45,1,44,YOL ÜSTÜ,1,15,08:00-20:00
2026-08-17T12:13:35.521304+00:00,2026-08-17T15:13:35.521304+03:00,2406,Şişli Zemin Altı Otoparkı,ŞİŞLİ,41.0641,28.9992,581,86,495,KAPALI OTOPARK,1,15,24 Saat
2026-08-17T12:13:35.521304+00:00,2026-08-17T15:13:35.521304+03:00,1993,Tuzla İdo,TUZLA,40.8149,29.3039,300,282,18,AÇIK OTOPARK,1,15,24 Saat
2026-08-17T12:13:35.521304+00:00,2026-08-17T15:13:35.521304+03:00,3332,Tuzla Sahil Cep,TUZLA,40.8168,29.2992,50,39,11,AÇIK OTOPARK,1,0,08:00-00:00
2026-08-17T12:13:35.521304+00:00,2026-08-17T15:13:35.521304+03:00,3057,Tuzla Sahil Zemin Altı Otoparkı,TUZLA,40.8181,29.3004,779,1,778,KAPALI OTOPARK,1,15,24 Saat
2026-08-17T12:13:35.521304+00:00,2026-08-17T15:13:35.521304+03:00,1811,Ulu Camii Açık Otoparkı,BAHÇELİEVLER,40.9982,28.8499,150,119,31,AÇIK OTOPARK,1,10,24 Saat
2026-08-17T12:13:35.521304+00:00,2026-08-17T15:13:35.521304+03:00,2424,Uzunçayır Açık Otoparkı,KADIKÖY,40.9988,29.0556,58,51,7,AÇIK OTOPARK,1,0,06:00-16:00
2026-08-17T12:13:35.521304+00:00,2026-08-17T15:13:35.521304+03:00,1468,Ümraniye Katlı Otoparkı,ÜMRANİYE,41.0261,29.0953,665,386,279,KAPALI OTOPARK,1,15,24 Saat
2026-08-17T12:13:35.521304+00:00,2026-08-17T15:13:35.521304+03:00,2898,Ümraniye Okan Sokak Zeminaltı Otoparkı,ÜMRANİYE,41.0284,29.0907,125,33,92,KAPALI OTOPARK,1,15,24 Saat
2026-08-17T12:13:35.521304+00:00,2026-08-17T15:13:35.521304+03:00,2345,Üsküdar Uzunçayır PD Açık Otoparkı,ÜSKÜDAR,40.9988,29.0577,90,40,50,AÇIK OTOPARK,1,15,06:00-22:00
2026-08-17T12:13:35.521304+00:00,2026-08-17T15:13:35.521304+03:00,1929,Üsküdar Ünalan Açık Otoparkı,ÜSKÜDAR,40.9979,29.0604,180,175,5,AÇIK OTOPARK,1,0,07:00-17:00
2026-08-17T12:13:35.521304+00:00,2026-08-17T15:13:35.521304+03:00,1487,Vatan Caddesi PD Açık Otoparkı,FATİH,41.0157,28.9405,397,164,233,AÇIK OTOPARK,1,5,24 Saat
2026-08-17T12:13:35.521304+00:00,2026-08-17T15:13:35.521304+03:00,2441,Yalı Açık Otoparkı,MALTEPE,40.9095,29.137,85,81,4,AÇIK OTOPARK,1,0,07:30-22:00
2026-08-17T12:13:35.521304+00:00,2026-08-17T15:13:35.521304+03:00,459,Yalı Köşkü Caddesi 1,FATİH,41.0163,28.9759,61,1,60,YOL ÜSTÜ,1,5,07:00-21:00
2026-08-17T12:13:35.521304+00:00,2026-08-17T15:13:35.521304+03:00,2037,Yenikapı Marmaray Büyük Otoparkı,FATİH,41.0057,28.9505,324,69,255,AÇIK OTOPARK,1,15,24 Saat
2026-08-17T12:13:35.521304+00:00,2026-08-17T15:13:35.521304+03:00,2036,Yenikapı Marmaray Küçük Otoparkı,FATİH,41.0064,28.9504,200,134,66,AÇIK OTOPARK,1,15,07:00-22:00
2026-08-17T12:13:35.521304+00:00,2026-08-17T15:13:35.521304+03:00,2175,Yenikapı Spor ve Kültür Merkezi PD Açık Otoparkı,FATİH,41.0006,28.9519,4023,3859,164,AÇIK OTOPARK,1,15,24 Saat
2026-08-17T12:13:35.521304+00:00,2026-08-17T15:13:35.521304+03:00,2805,Yenikapı Tünel Üstü Açık Otoparkı,FATİH,41.0029,28.9534,700,416,284,AÇIK OTOPARK,1,10,24 Saat
2026-08-17T12:13:35.521304+00:00,2026-08-17T15:13:35.521304+03:00,3404,Yenimahalle Metro Zemin Altı PD Otoparkı,GAZİOSMANPAŞA,41.0839,28.8926,114,95,19,KAPALI OTOPARK,1,15,24 Saat
2026-08-17T12:13:35.521304+00:00,2026-08-17T15:13:35.521304+03:00,2920,Yeşilce Zemin Altı Katlı Otoparkı,KAĞITHANE,41.0938,29.0017,676,0,676,KAPALI OTOPARK,1,0,24 Saat
2026-08-17T12:13:35.521304+00:00,2026-08-17T15:13:35.521304+03:00,987,Yeşilköy İstasyon Caddesi 1,BAKIRKÖY,40.962,28.825,40,1,39,YOL ÜSTÜ,1,15,09:00-17:30
2026-08-17T12:13:35.521304+00:00,2026-08-17T15:13:35.521304+03:00,974,Yeşilköy Marina 1,BAKIRKÖY,40.9576,28.8233,145,1,144,YOL ÜSTÜ,1,0,12:00-23:00
2026-08-17T12:13:35.521304+00:00,2026-08-17T15:13:35.521304+03:00,3406,Yeşilpınar Metro Zemin Altı PD Otoparkı,EYÜP,41.081,28.9204,269,205,64,KAPALI OTOPARK,1,15,24 Saat
2026-08-17T12:13:35.521304+00:00,2026-08-17T15:13:35.521304+03:00,315,Yeşilyurt Çarşı 1,BAKIRKÖY,40.9643,28.8379,50,1,49,YOL ÜSTÜ,1,15,09:00-17:30
2026-08-17T12:13:35.521304+00:00,2026-08-17T15:13:35.521304+03:00,1133,Yıldız Korusu,BEŞİKTAŞ,41.0514,29.0165,500,1,499,AÇIK OTOPARK,1,0,08:00-22:00
2026-08-17T12:13:35.521304+00:00,2026-08-17T15:13:35.521304+03:00,882,Zeytinburnu 58. Bulvar 2,ZEYTİNBURNU,40.9932,28.9039,48,1,47,YOL ÜSTÜ,1,15,09:00-18:00
2026-08-17T12:13:35.521304+00:00,2026-08-17T15:13:35.521304+03:00,3185,Zeytinburnu Sahil Cep Otoparkı,ZEYTİNBURNU,40.9798,28.8985,160,1,159,AÇIK OTOPARK,1,0,12:00-22:00
2026-08-17T13:10:43.441361+00:00,2026-08-17T16:10:43.441361+03:00,3068,15 Temmuz Şehitler Meydanı Zeminaltı Otoparkı,ÜMRANİYE,41.0246,29.0915,1029,518,511,KAPALI OTOPARK,1,15,24 Saat
2026-08-17T13:10:43.441361+00:00,2026-08-17T16:10:43.441361+03:00,2338,19 Mayıs Açık,ŞİŞLİ,41.0563,28.9941,65,0,65,AÇIK OTOPARK,1,0,24 Saat
2026-08-17T13:10:43.441361+00:00,2026-08-17T16:10:43.441361+03:00,1751,4.Levent PD Açık Otoparkı,KAĞITHANE,41.0836,29.0081,236,95,141,AÇIK OTOPARK,1,5,24 Saat
2026-08-17T13:10:43.441361+00:00,2026-08-17T16:10:43.441361+03:00,3328,4.Levent Servis ve Turizm Araçları Açık Otoparkı,ŞİŞLİ,41.0841,29.0054,300,149,151,AÇIK OTOPARK,1,15,24 Saat
2026-08-17T13:10:43.441361+00:00,2026-08-17T16:10:43.441361+03:00,3412,5. Levent Gaziosmanpaşa Adliyesi Yanı Açık Otoparkı,EYÜP,41.0927,28.9494,250,180,70,AÇIK OTOPARK,1,15,07:00-23:00
2026-08-17T13:10:43.441361+00:00,2026-08-17T16:10:43.441361+03:00,104,Abide-i Hürriyet Caddesi 5,ŞİŞLİ,41.0619,28.9876,40,1,39,YOL ÜSTÜ,1,15,08:00-17:00
2026-08-17T13:10:43.441361+00:00,2026-08-17T16:10:43.441361+03:00,2452,Acıbadem Açık Otoparkı,ÜSKÜDAR,41.0157,29.0574,100,86,14,AÇIK OTOPARK,0,0,06:30-16:00
2026-08-17T13:10:43.441361+00:00,2026-08-17T16:10:43.441361+03:00,346,Ada Karşısı Cep 2,BEŞİKTAŞ,41.072,29.045,30,1,29,YOL ÜSTÜ,1,15,08:00-23:00
2026-08-17T13:10:43.441361+00:00,2026-08-17T16:10:43.441361+03:00,1663,Akasyalı Sokak Tenis Kulubü Önü 2,BEŞİKTAŞ,41.0867,29.0109,45,1,44,YOL ÜSTÜ,1,15,08:30-17:30
2026-08-17T13:10:43.441361+00:00,2026-08-17T16:10:43.441361+03:00,828,Akdeniz Caddesi 4,FATİH,41.0175,28.9435,27,1,26,YOL ÜSTÜ,1,15,09:00-18:00
2026-08-17T13:10:43.441361+00:00,2026-08-17T16:10:43.441361+03:00,1913,Alibeyköy Cep Otogarı Açık Otoparkı,EYÜP,41.0879,28.9446,116,0,116,AÇIK OTOPARK,1,25,24 Saat
2026-08-17T13:10:43.441361+00:00,2026-08-17T16:10:43.441361+03:00,1912,Alibeyköy Cep Otogarı Otobüs Otoparkı,EYÜP,41.0875,28.9449,5000,1,4999,AÇIK OTOPARK,1,60,24 Saat
2026-08-17T13:10:43.441361+00:00,2026-08-17T16:10:43.441361+03:00,2562,Alibeyköy Yeşiltepe Zemin Altı Otoparkı,EYÜP,41.0797,28.938,159,72,87,KAPALI OTOPARK,1,15,24 Saat
2026-08-17T13:10:43.441361+00:00,2026-08-17T16:10:43.441361+03:00,3201,Altınboynuz Sosyal Tesisleri,EYÜP,41.058,28.9447,70,70,0,AÇIK OTOPARK,1,15,08:00-23:00
2026-08-17T13:10:43.441361+00:00,2026-08-17T16:10:43.441361+03:00,758,Arap Camii Açık Otoparkı,BEYOĞLU,41.0227,28.9723,30,1,29,AÇIK OTOPARK,1,0,09:00-17:00
2026-08-17T13:10:43.441361+00:00,2026-08-17T16:10:43.441361+03:00,1963,Aras Sokak 1,BÜYÜKÇEKMECE,41.0226,28.622,60,1,59,YOL ÜSTÜ,0,0,06:00-14:30
2026-08-17T13:10:43.441361+00:00,2026-08-17T16:10:43.441361+03:00,2802,Arnavutköy Zemin Altı Otoparkı,ARNAVUTKÖY,41.1838,28.7396,700,9,691,KAPALI OTOPARK,1,15,24 Saat
2026-08-17T13:10:43.441361+00:00,2026-08-17T16:10:43.441361+03:00,1797,Ataköy Atrium AVM,BAKIRKÖY,40.9881,28.8459,250,209,41,AÇIK OTOPARK,1,15,08:00-23:00
2026-08-17T13:10:43.441361+00:00,2026-08-17T16:10:43.441361+03:00,2824,Ataköy Metro Durağı Yanı PD Zemin Altı Otoparkı,BAKIRKÖY,40.9904,28.8456,150,82,68,KAPALI OTOPARK,1,0,24 Saat
2026-08-17T13:10:43.441361+00:00,2026-08-17T16:10:43.441361+03:00,359,Atatürk Bulvarı 1,FATİH,41.0112,28.9534,20,1,19,YOL ÜSTÜ,1,0,07:30-18:00
2026-08-17T13:10:43.441361+00:00,2026-08-17T16:10:43.441361+03:00,3087,Atatürk Kent Ormanı Otoparkı,SARIYER,41.136,29.0262,200,197,3,AÇIK OTOPARK,1,0,08:00-17:00
2026-08-17T13:10:43.441361+00:00,2026-08-17T16:10:43.441361+03:00,1088,Avcılar İdo,AVCILAR,40.9712,28.7185,270,260,10,AÇIK OTOPARK,1,0,13:00-07:00
2026-08-17T13:10:43.441361+00:00,2026-08-17T16:10:43.441361+03:00,2885,Azapkapı Haliç Metro Otoparkı,ŞİŞLİ,41.0245,28.9691,80,2,78,AÇIK OTOPARK,1,5,24 Saat
2026-08-17T13:10:43.441361+00:00,2026-08-17T16:10:43.441361+03:00,2455,Azerbaycan Dostluk Parkı Zemin Altı Otoparkı,BAĞCILAR,41.0444,28.854,400,184,216,KAPALI OTOPARK,1,10,24 Saat
2026-08-17T13:10:43.441361+00:00,2026-08-17T16:10:43.441361+03:00,2965,Bağcılar Çolakoğlu Zemin Altı Otoparkı,BAĞCILAR,41.0324,28.8345,106,0,106,KAPALI OTOPARK,1,5,24 Saat
2026-08-17T13:10:43.441361+00:00,2026-08-17T16:10:43.441361+03:00,2576,Bağcılar Demirkapı Zemin Altı Otoparkı,BAĞCILAR,41.0499,28.8327,343,185,158,KAPALI OTOPARK,1,5,24 Saat
2026-08-17T13:10:43.441361+00:00,2026-08-17T16:10:43.441361+03:00,3036,Bağcılar Devlet Hastanesi Yanı Zeminaltı Otoparkı,BAĞCILAR,41.0312,28.8696,1133,96,1037,KAPALI OTOPARK,1,15,24 Saat
2026-08-17T13:10:43.441361+00:00,2026-08-17T16:10:43.441361+03:00,3071,Bağcılar Emniyet Müdürlüğü Yanı Açık Otoparkı,BAĞCILAR,41.0353,28.8598,100,44,56,AÇIK OTOPARK,1,0,24 Saat
2026-08-17T13:10:43.441361+00:00,2026-08-17T16:10:43.441361+03:00,2873,Bağcılar Göztepe Zemin Altı,BAĞCILAR,41.0567,28.8355,120,0,120,KAPALI OTOPARK,1,5,24 Saat
2026-08-17T13:10:43.441361+00:00,2026-08-17T16:10:43.441361+03:00,3187,Bağcılar Hürriyet Mahallesi Zemin Altı Otoparkı,BAĞCILAR,41.0291,28.8333,355,0,355,KAPALI OTOPARK,1,10,24 Saat
2026-08-17T13:10:43.441361+00:00,2026-08-17T16:10:43.441361+03:00,2916,Bağcılar Kent Meydanı PD Zemin Altı Otoparkı,BAĞCILAR,41.0339,28.8556,1162,0,1162,KAPALI OTOPARK,1,0,24 Saat
2026-08-17T13:10:43.441361+00:00,2026-08-17T16:10:43.441361+03:00,3261,Bağcılar Yenimahalle Zemin Altı Otoparkı,BAĞCILAR,41.0425,28.8395,525,290,235,KAPALI OTOPARK,1,15,24 Saat
2026-08-17T13:10:43.441361+00:00,2026-08-17T16:10:43.441361+03:00,2820,Bağcılar Yıldıztepe Katlı Otoparkı,BAĞCILAR,41.0294,28.8556,350,0,350,KAPALI OTOPARK,1,10,24 Saat
2026-08-17T13:10:43.441361+00:00,2026-08-17T16:10:43.441361+03:00,3447,Bahçelievler 23 Nisan Milli Egemenlik Zeminaltı Otoparkı,BAHÇELİEVLER,40.9988,28.8472,732,539,193,KAPALI OTOPARK,1,10,24 Saat
2026-08-17T13:10:43.441361+00:00,2026-08-17T16:10:43.441361+03:00,2993,Bahçelievler Cumhuriyet Zeminaltı Otoparkı,BAHÇELİEVLER,41.0149,28.859,663,0,663,KAPALI OTOPARK,1,10,24 Saat
2026-08-17T13:10:43.441361+00:00,2026-08-17T16:10:43.441361+03:00,2969,Bahçelievler Devlet Hastanesi Yanı Katlı Otoparkı,BAHÇELİEVLER,41.0072,28.8442,740,0,740,KAPALI OTOPARK,1,0,24 Saat
2026-08-17T13:10:43.441361+00:00,2026-08-17T16:10:43.441361+03:00,3051,Bahçelievler Zafer Mh. Zeminaltı Otoparkı,BAHÇELİEVLER,41.0036,28.8351,200,88,112,KAPALI OTOPARK,1,0,24 Saat
2026-08-17T13:10:43.441361+00:00,2026-08-17T16:10:43.441361+03:00,3236,Bahçeşehir Gölet Açık Otoparkı,BAŞAKŞEHİR,41.0719,28.6901,200,1,199,AÇIK OTOPARK,1,0,12:00-22:00
2026-08-17T13:10:43.441361+00:00,2026-08-17T16:10:43.441361+03:00,1465,Bakırköy İdo Açık Otoparkı,BAKIRKÖY,40.9739,28.8761,160,113,47,AÇIK OTOPARK,1,10,24 Saat
2026-08-17T13:10:43.441361+00:00,2026-08-17T16:10:43.441361+03:00,1104,Balmumcu Katlı Otoparkı,BEŞİKTAŞ,41.0636,29.0109,400,176,224,KAPALI OTOPARK,1,5,24 Saat
2026-08-17T13:10:43.441361+00:00,2026-08-17T16:10:43.441361+03:00,2796,Başakşehir Metro Açık Otoparkı,BAŞAKŞEHİR,41.107,28.801,125,1,124,AÇIK OTOPARK,0,0,07:00-16:00
2026-08-17T13:10:43.441361+00:00,2026-08-17T16:10:43.441361+03:00,2350,Bayrampaşa Adapark Katlı Otoparkı,BAYRAMPAŞA,41.0647,28.8875,650,0,650,KAPALI OTOPARK,1,15,24 Saat
2026-08-17T13:10:43.441361+00:00,2026-08-17T16:10:43.441361+03:00,2892,Bayrampaşa Altıntepsi Zemin  Altı Otoparkı,BAYRAMPAŞA,41.0393,28.9029,110,0,110,KAPALI OTOPARK,1,10,24 Saat
2026-08-17T13:10:43.441361+00:00,2026-08-17T16:10:43.441361+03:00,2909,Bayrampaşa Atatürk Parkı  Zemin Altı Otoparkı,BAYRAMPAŞA,41.0342,28.9123,442,0,442,KAPALI OTOPARK,1,10,24 Saat
2026-08-17T13:10:43.441361+00:00,2026-08-17T16:10:43.441361+03:00,2683,Bayrampaşa Devlet Hastanesi Cep Otoparkı,BAYRAMPAŞA,41.0414,28.9031,55,12,43,AÇIK OTOPARK,1,0,08:00-19:00
2026-08-17T13:10:43.441361+00:00,2026-08-17T16:10:43.441361+03:00,3301,Bayrampaşa Kocatepe Mahallesi Zemin Altı Otoparkı,BAYRAMPAŞA,41.0545,28.8964,241,0,241,KAPALI OTOPARK,1,10,24 Saat
2026-08-17T13:10:43.441361+00:00,2026-08-17T16:10:43.441361+03:00,2053,Bayrampaşa Muratpaşa Yer Altı Otoparkı,BAYRAMPAŞA,41.047,28.9082,300,19,281,KAPALI OTOPARK,1,15,24 Saat
2026-08-17T13:10:43.441361+00:00,2026-08-17T16:10:43.441361+03:00,3175,Bayrampaşa Spor Kompleksi Zemin Altı Otoparkı,BAYRAMPAŞA,41.0446,28.9106,205,0,205,KAPALI OTOPARK,1,15,24 Saat
2026-08-17T13:10:43.441361+00:00,2026-08-17T16:10:43.441361+03:00,3382,Bayrampaşa Şehit Kamil Balkan Zemin Altı Otoparkı,BAYRAMPAŞA,41.0604,28.9008,235,0,235,KAPALI OTOPARK,1,10,24 Saat
2026-08-17T13:10:43.441361+00:00,2026-08-17T16:10:43.441361+03:00,2428,Bayrampaşa Yenidoğan Mahallesi Zemin Altı Otoparkı,BAYRAMPAŞA,41.0395,28.9088,120,0,120,KAPALI OTOPARK,1,10,24 Saat
2026-08-17T13:10:43.441361+00:00,2026-08-17T16:10:43.441361+03:00,2468,Bebek Açık,BEŞİKTAŞ,41.077,29.0434,30,0,30,AÇIK OTOPARK,1,0,24 Saat
2026-08-17T13:10:43.441361+00:00,2026-08-17T16:10:43.441361+03:00,3479,Beşiktaş Halk Pazarı Açık Otoparkı,BEŞİKTAŞ,41.0496,29.0004,170,94,76,AÇIK OTOPARK,1,5,24 Saat
2026-08-17T13:10:43.441361+00:00,2026-08-17T16:10:43.441361+03:00,3257,Beykoz Sahil Cep Otoparkı,BEYKOZ,41.1286,29.0953,100,74,26,AÇIK OTOPARK,1,0,08:00-00:00
2026-08-17T13:10:43.441361+00:00,2026-08-17T16:10:43.441361+03:00,2273,Beykoz Sosyal Tesisleri,BEYKOZ,41.1143,29.0888,130,0,130,AÇIK OTOPARK,1,15,08:00-00:00
2026-08-17T13:10:43.441361+00:00,2026-08-17T16:10:43.441361+03:00,2999,Beyoğlu Gazhane Bostan Sokak 2,BEYOĞLU,41.0389,28.9903,35,1,34,YOL ÜSTÜ,1,0,07:30-16:30
2026-08-17T13:10:43.441361+00:00,2026-08-17T16:10:43.441361+03:00,3072,Beyoğlu Örnektepe Zemin Altı Otoparkı,BEYOĞLU,41.0543,28.9548,143,0,143,KAPALI OTOPARK,1,0,24 Saat
2026-08-17T13:10:43.441361+00:00,2026-08-17T16:10:43.441361+03:00,1455,Bostancı Açık,KADIKÖY,40.9523,29.0902,394,104,290,AÇIK OTOPARK,1,15,24 Saat
2026-08-17T13:10:43.441361+00:00,2026-08-17T16:10:43.441361+03:00,1456,Bostancı Sahil-Cep Açık Otoparkı,KADIKÖY,40.9545,29.0885,192,115,77,AÇIK OTOPARK,1,15,24 Saat
2026-08-17T13:10:43.441361+00:00,2026-08-17T16:10:43.441361+03:00,2150,Bostancı Vergi Dairesi Açık Otoparkı,ATAŞEHİR,40.9625,29.1083,155,0,155,AÇIK OTOPARK,1,5,08:00-20:00
2026-08-17T13:10:43.441361+00:00,2026-08-17T16:10:43.441361+03:00,2854,Bülent Ecevit Kültür Merkezi Açık Otoparkı,KARTAL,40.8852,29.1967,277,266,11,AÇIK OTOPARK,1,0,10:00-21:00
2026-08-17T13:10:43.441361+00:00,2026-08-17T16:10:43.441361+03:00,2866,Büyük İstanbul Otogarı,BAYRAMPAŞA,41.0402,28.8942,1000,0,1000,AÇIK OTOPARK,1,25,24 Saat
2026-08-17T13:10:43.441361+00:00,2026-08-17T16:10:43.441361+03:00,1192,Büyükçamlıca Korusu Sosyal Tesisleri Önü,ÜSKÜDAR,41.0264,29.0698,204,112,92,AÇIK OTOPARK,1,0,08:00-00:00
2026-08-17T13:10:43.441361+00:00,2026-08-17T16:10:43.441361+03:00,2960,Büyükçekmece Metrobüs Durağı Yanı PD Zemin Altı Otopark,BÜYÜKÇEKMECE,41.0221,28.624,448,0,448,KAPALI OTOPARK,1,0,24 Saat
2026-08-17T13:10:43.441361+00:00,2026-08-17T16:10:43.441361+03:00,1503,Cadde Bostan Açık Otoparkı,KADIKÖY,40.9636,29.0675,66,23,43,AÇIK OTOPARK,1,15,24 Saat
2026-08-17T13:10:43.441361+00:00,2026-08-17T16:10:43.441361+03:00,2933,Cemal Kamacı Spor Kompleksi Zemin Altı Otoparkı,KAĞITHANE,41.0536,28.9575,510,0,510,KAPALI OTOPARK,1,0,24 Saat
2026-08-17T13:10:43.441361+00:00,2026-08-17T16:10:43.441361+03:00,2207,Cengiz Topel Yer Altı Katlı Otoparkı,ESENLER,41.0588,28.8643,144,0,144,KAPALI OTOPARK,1,15,24 Saat
2026-08-17T13:10:43.441361+00:00,2026-08-17T16:10:43.441361+03:00,2787,Cevizli Açık Otoparkı,KARTAL,40.9179,29.1712,100,36,64,AÇIK OTOPARK,1,15,08:00-19:00
2026-08-17T13:10:43.441361+00:00,2026-08-17T16:10:43.441361+03:00,782,Cihangir Caddesi 2,BEYOĞLU,41.0319,28.9862,70,1,69,YOL ÜSTÜ,1,15,09:00-19:00
2026-08-17T13:10:43.441361+00:00,2026-08-17T16:10:43.441361+03:00,1467,Cihangir Katlı Otoparkı,BEYOĞLU,41.0318,28.9858,350,0,350,KAPALI OTOPARK,1,0,24 Saat
2026-08-17T13:10:43.441361+00:00,2026-08-17T16:10:43.441361+03:00,535,Cihannuma Yol Üstü 1,BEŞİKTAŞ,41.0454,29.0084,35,1,34,YOL ÜSTÜ,1,0,08:00-23:00
2026-08-17T13:10:43.441361+00:00,2026-08-17T16:10:43.441361+03:00,537,Cihannuma Yol Üstü 3,BEŞİKTAŞ,41.0459,29.0087,33,1,32,YOL ÜSTÜ,1,0,08:00-23:00
2026-08-17T13:10:43.441361+00:00,2026-08-17T16:10:43.441361+03:00,539,Cihannuma Yol Üstü 5,BEŞİKTAŞ,41.0489,29.0094,24,1,23,YOL ÜSTÜ,1,0,08:00-23:00
2026-08-17T13:10:43.441361+00:00,2026-08-17T16:10:43.441361+03:00,3184,Çam Sokak 6,GÜNGÖREN,41.0121,28.8882,50,1,49,YOL ÜSTÜ,1,15,08:00-17:00
2026-08-17T13:10:43.441361+00:00,2026-08-17T16:10:43.441361+03:00,3030,Çekmeköy Metro PD Zemin Altı Otoparkı,ÇEKMEKÖY,41.0147,29.1886,175,43,132,KAPALI OTOPARK,1,15,24 Saat
2026-08-17T13:10:43.441361+00:00,2026-08-17T16:10:43.441361+03:00,2905,Çeliktepe Açık Otoparkı,KAĞITHANE,41.0843,29.0056,200,87,113,AÇIK OTOPARK,1,5,24 Saat
2026-08-17T13:10:43.441361+00:00,2026-08-17T16:10:43.441361+03:00,1298,Çengelköy Açık Otoparkı,ÜSKÜDAR,41.0484,29.0533,500,330,170,AÇIK OTOPARK,1,15,24 Saat
2026-08-17T13:10:43.441361+00:00,2026-08-17T16:10:43.441361+03:00,502,Çınar Açık Otoparkı,BEŞİKTAŞ,41.0853,29.0088,65,1,64,AÇIK OTOPARK,1,0,08:00-18:00
2026-08-17T13:10:43.441361+00:00,2026-08-17T16:10:43.441361+03:00,777,Çırağan Sarayı Yol Üstü 1,BEŞİKTAŞ,41.0448,29.0165,40,1,39,YOL ÜSTÜ,1,15,08:00-23:00
2026-08-17T13:10:43.441361+00:00,2026-08-17T16:10:43.441361+03:00,778,Çırağan Sarayı Yol Üstü 2,BEŞİKTAŞ,41.0445,29.0156,40,1,39,YOL ÜSTÜ,1,15,08:00-23:00
2026-08-17T13:10:43.441361+00:00,2026-08-17T16:10:43.441361+03:00,2228,Çırpıcı Sosyal Tesisler,ZEYTİNBURNU,41,28.8926,128,0,128,AÇIK OTOPARK,1,15,07:00-00:00
2026-08-17T13:10:43.441361+00:00,2026-08-17T16:10:43.441361+03:00,2030,Dalyan Açık Otoparkı,KADIKÖY,40.9632,29.0651,92,24,68,AÇIK OTOPARK,1,15,24 Saat
2026-08-17T13:10:43.441361+00:00,2026-08-17T16:10:43.441361+03:00,2271,Damla Sokak 1,ŞİŞLİ,41.0672,29.0004,17,1,16,YOL ÜSTÜ,1,15,07:30-16:30
2026-08-17T13:10:43.441361+00:00,2026-08-17T16:10:43.441361+03:00,2164,Darüşşafaka Yeraltı Otoparkı,SARIYER,41.1292,29.0252,150,113,37,KAPALI OTOPARK,1,15,08:00-00:00
2026-08-17T13:10:43.441361+00:00,2026-08-17T16:10:43.441361+03:00,1653,Deniz Feneri Otoparkı,FATİH,41.0019,28.9773,175,69,106,AÇIK OTOPARK,1,5,24 Saat
2026-08-17T13:10:43.441361+00:00,2026-08-17T16:10:43.441361+03:00,595,Dostluk Yurdu 1,FATİH,41.0071,28.973,33,1,32,YOL ÜSTÜ,1,15,07:00-17:00
2026-08-17T13:10:43.441361+00:00,2026-08-17T16:10:43.441361+03:00,2237,Dragos Sosyal Tesisleri,KARTAL,40.9017,29.1458,100,34,66,AÇIK OTOPARK,1,15,24 Saat
2026-08-17T13:10:43.441361+00:00,2026-08-17T16:10:43.441361+03:00,3063,Dudullu Metro PD Zemin Altı Otoparkı,ÜMRANİYE,41.0156,29.1633,81,49,32,KAPALI OTOPARK,1,15,07:00-23:30
2026-08-17T13:10:43.441361+00:00,2026-08-17T16:10:43.441361+03:00,1522,Ebu Suut Caddesi 1,FATİH,41.0128,28.9766,35,1,34,YOL ÜSTÜ,1,0,08:00-18:00
2026-08-17T13:10:43.441361+00:00,2026-08-17T16:10:43.441361+03:00,2147,EGS Blokları Açık Otoparkı,BAKIRKÖY,40.9863,28.8354,350,0,350,AÇIK OTOPARK,1,60,09:00-19:30
2026-08-17T13:10:43.441361+00:00,2026-08-17T16:10:43.441361+03:00,2366,Esenler Adem Baştürk Kültür Merkezi Katlı,ESENLER,41.039,28.8846,460,55,405,KAPALI OTOPARK,1,15,24 Saat
2026-08-17T13:10:43.441361+00:00,2026-08-17T16:10:43.441361+03:00,3190,Esenler Havaalanı Mahallesi Zemin Altı Otoparkı,ESENLER,41.0562,28.8674,610,380,230,KAPALI OTOPARK,1,10,24 Saat
2026-08-17T13:10:43.441361+00:00,2026-08-17T16:10:43.441361+03:00,3011,Esenler Menderes Metro İstasyonu Yanı,ESENLER,41.0427,28.8783,68,23,45,AÇIK OTOPARK,1,5,24 Saat
2026-08-17T13:10:43.441361+00:00,2026-08-17T16:10:43.441361+03:00,2822,Esenler Menderes Parkı Zemin Altı Otoparkı,ESENLER,41.0412,28.8729,325,81,244,KAPALI OTOPARK,1,10,24 Saat
2026-08-17T13:10:43.441361+00:00,2026-08-17T16:10:43.441361+03:00,3303,Esenyurt Adile Naşit Bulvarı Zeminaltı Otoparkı,ESENYURT,41.0205,28.6859,367,276,91,KAPALI OTOPARK,1,15,24 Saat
2026-08-17T13:10:43.441361+00:00,2026-08-17T16:10:43.441361+03:00,1328,Eski Salı Pazarı,KADIKÖY,40.9904,29.0338,760,0,760,AÇIK OTOPARK,1,15,24 Saat
2026-08-17T13:10:43.441361+00:00,2026-08-17T16:10:43.441361+03:00,904,Eyüp Pierloti Caddesi 1,EYÜP,41.0539,28.9329,40,1,39,YOL ÜSTÜ,1,0,09:00-22:00
2026-08-17T13:10:43.441361+00:00,2026-08-17T16:10:43.441361+03:00,2850,Eyüpsultan Akşemsettin Mahallesi Zemin Altı Otoparkı,EYÜP,41.085,28.9258,110,0,110,KAPALI OTOPARK,1,15,24 Saat
2026-08-17T13:10:43.441361+00:00,2026-08-17T16:10:43.441361+03:00,2215,Fatih Çeşmesi Tabiat Parkı Otoparkı,SARIYER,41.1686,28.9448,250,243,7,AÇIK OTOPARK,1,0,06:00-20:00
2026-08-17T13:10:43.441361+00:00,2026-08-17T16:10:43.441361+03:00,1475,Fatih Katlı Otoparkı,FATİH,41.0198,28.9396,118,0,118,KAPALI OTOPARK,1,10,24 Saat
2026-08-17T13:10:43.441361+00:00,2026-08-17T16:10:43.441361+03:00,1591,Feshane PD Açık Otoparkı,EYÜP,41.0463,28.9378,200,33,167,AÇIK OTOPARK,1,15,24 Saat
2026-08-17T13:10:43.441361+00:00,2026-08-17T16:10:43.441361+03:00,1005,Florya Havuzlu Bahçe,BAKIRKÖY,40.9764,28.7908,135,1,134,AÇIK OTOPARK,1,0,09:00-23:00
2026-08-17T13:10:43.441361+00:00,2026-08-17T16:10:43.441361+03:00,2238,Florya Sosyal Tesisleri,BAKIRKÖY,40.9614,28.8091,1074,832,242,AÇIK OTOPARK,1,15,24 Saat
2026-08-17T13:10:43.441361+00:00,2026-08-17T16:10:43.441361+03:00,1704,Gazi Umur Paşa Sokak 5,BEŞİKTAŞ,41.0589,29.0114,45,1,44,YOL ÜSTÜ,1,15,08:00-17:00
2026-08-17T13:10:43.441361+00:00,2026-08-17T16:10:43.441361+03:00,3296,Gaziosmanpaşa Meydanı ve Yaşam Merkezi Zemin Altı Otoparkı,GAZİOSMANPAŞA,41.0606,28.9093,202,0,202,KAPALI OTOPARK,1,15,24 Saat
2026-08-17T13:10:43.441361+00:00,2026-08-17T16:10:43.441361+03:00,2971,Gaziosmanpaşa Zemin Altı Otoparkı,GAZİOSMANPAŞA,41.0796,28.8858,285,0,285,KAPALI OTOPARK,1,0,24 Saat
2026-08-17T13:10:43.441361+00:00,2026-08-17T16:10:43.441361+03:00,3401,Giyimkent Tekstilkent Metro Zemin Altı PD Otoparkı,ESENLER,41.0711,28.8666,203,160,43,KAPALI OTOPARK,1,10,24 Saat
2026-08-17T13:10:43.441361+00:00,2026-08-17T16:10:43.441361+03:00,2242,Gözdağı Sosyal Tesisler  Açık Otoparkı,PENDİK,40.893,29.2538,300,215,85,AÇIK OTOPARK,1,0,07:00-23:00
2026-08-17T13:10:43.441361+00:00,2026-08-17T16:10:43.441361+03:00,1879,Gülsuyu Metro PD Yer Altı Otoparkı,MALTEPE,40.9237,29.1548,76,0,76,KAPALI OTOPARK,1,15,08:00-00:00
2026-08-17T13:10:43.441361+00:00,2026-08-17T16:10:43.441361+03:00,1423,Güneş Plajı 1,BAKIRKÖY,40.9712,28.79,250,167,83,AÇIK OTOPARK,1,10,24 Saat
2026-08-17T13:10:43.441361+00:00,2026-08-17T16:10:43.441361+03:00,1461,Güneş Plajı 2,BAKIRKÖY,40.9692,28.7951,135,116,19,AÇIK OTOPARK,1,10,08:00-20:00
2026-08-17T13:10:43.441361+00:00,2026-08-17T16:10:43.441361+03:00,3053,Güngören Nikah Dairesi Zemin Altı otoparkı,GÜNGÖREN,41.0363,28.8718,147,0,147,KAPALI OTOPARK,1,10,24 Saat
2026-08-17T13:10:43.441361+00:00,2026-08-17T16:10:43.441361+03:00,2216,Gürpınar Balık Hali Otoparkı,BEYLİKDÜZÜ,40.9663,28.6019,1000,726,274,AÇIK OTOPARK,1,15,24 Saat
2026-08-17T13:10:43.441361+00:00,2026-08-17T16:10:43.441361+03:00,1525,Hacıosman Metro Yer Altı Otoparkı,SARIYER,41.14,29.0306,422,68,354,KAPALI OTOPARK,1,15,24 Saat
2026-08-17T13:10:43.441361+00:00,2026-08-17T16:10:43.441361+03:00,1470,Haldun Alagaş Katlı Otoparkı,ÜMRANİYE,41.0262,29.1052,197,42,155,KAPALI OTOPARK,1,15,24 Saat
2026-08-17T13:10:43.441361+00:00,2026-08-17T16:10:43.441361+03:00,3235,Haliç Sosyal Tesisleri Otoparkı,FATİH,41.0277,28.9572,60,18,42,AÇIK OTOPARK,1,15,07:00-00:00
2026-08-17T13:10:43.441361+00:00,2026-08-17T16:10:43.441361+03:00,2848,Halkalı Mahallesi Zemin Altı Otoparkı,KÜÇÜKÇEKMECE,41.0359,28.7848,347,170,177,KAPALI OTOPARK,1,15,24 Saat
2026-08-17T13:10:43.441361+00:00,2026-08-17T16:10:43.441361+03:00,2838,Hamidiye Mahallesi Katlı Otoparkı,KAĞITHANE,41.0949,28.971,450,197,253,KAPALI OTOPARK,1,15,24 Saat
2026-08-17T13:10:43.441361+00:00,2026-08-17T16:10:43.441361+03:00,1446,Harbiye Zemin Altı Otoparkı,BEYOĞLU,41.0408,28.9869,142,0,142,KAPALI OTOPARK,1,5,24 Saat
2026-08-17T13:10:43.441361+00:00,2026-08-17T16:10:43.441361+03:00,2332,Haydarpaşa Katlı Otoparkı,ÜSKÜDAR,41.0048,29.0251,840,550,290,KAPALI OTOPARK,1,15,24 Saat
2026-08-17T13:10:43.441361+00:00,2026-08-17T16:10:43.441361+03:00,1987,Haznedar Yer Altı Otoparkı,GÜNGÖREN,41.0083,28.8729,540,0,540,KAPALI OTOPARK,1,0,24 Saat
2026-08-17T13:10:43.441361+00:00,2026-08-17T16:10:43.441361+03:00,377,Hızır Külhani Sokak,FATİH,41.0202,28.9605,32,1,31,YOL ÜSTÜ,1,15,09:00-17:00
2026-08-17T13:10:43.441361+00:00,2026-08-17T16:10:43.441361+03:00,3173,Hürriyet Mahallesi Zeminaltı Otoparkı,GAZİOSMANPAŞA,41.0708,28.8951,190,0,190,KAPALI OTOPARK,1,15,24 Saat
2026-08-17T13:10:43.441361+00:00,2026-08-17T16:10:43.441361+03:00,157,Ihlamur Dere Caddesi 4,BEŞİKTAŞ,41.047,29.0023,27,1,26,YOL ÜSTÜ,1,15,09:00-17:00
2026-08-17T13:10:43.441361+00:00,2026-08-17T16:10:43.441361+03:00,1189,İçerenköy Sebze Meyve Hali Otoparkı,ATAŞEHİR,40.9766,29.1044,600,600,0,AÇIK OTOPARK,1,15,24 Saat
2026-08-17T13:10:43.441361+00:00,2026-08-17T16:10:43.441361+03:00,1127,İshakpaşa Caddesi,FATİH,41.0079,28.9814,200,1,199,YOL ÜSTÜ,1,0,08:00-18:00
2026-08-17T13:10:43.441361+00:00,2026-08-17T16:10:43.441361+03:00,3265,İspark İstanbul West Marina Açık Otoparkı 1,BEYLİKDÜZÜ,40.9636,28.6564,250,1,249,AÇIK OTOPARK,1,15,24 Saat
2026-08-17T13:10:43.441361+00:00,2026-08-17T16:10:43.441361+03:00,2793,İspark Merter Katlı Otoparkı,GÜNGÖREN,41.0097,28.89,900,275,625,KAPALI OTOPARK,1,10,24 Saat
2026-08-17T13:10:43.441361+00:00,2026-08-17T16:10:43.441361+03:00,2430,İspark West İstanbul Marina Açık Otoparkı,BEYLİKDÜZÜ,40.9639,28.6591,1600,934,666,AÇIK OTOPARK,1,15,24 Saat
2026-08-17T13:10:43.441361+00:00,2026-08-17T16:10:43.441361+03:00,381,İstinye 4 ( Cami Önü ),SARIYER,41.1149,29.0571,25,1,24,YOL ÜSTÜ,1,15,08:30-17:30
2026-08-17T13:10:43.441361+00:00,2026-08-17T16:10:43.441361+03:00,1804,İtalyan Hastanesi Karşısı Açık Otoparkı 1,BEYOĞLU,41.028,28.9815,30,1,29,AÇIK OTOPARK,1,0,08:00-19:00
2026-08-17T13:10:43.441361+00:00,2026-08-17T16:10:43.441361+03:00,507,Kabasakal Medrese Önü,FATİH,41.0062,28.9789,65,1,64,AÇIK OTOPARK,1,0,08:00-18:30
2026-08-17T13:10:43.441361+00:00,2026-08-17T16:10:43.441361+03:00,3306,Kabataş Transfer Merkezi Turizm Otobüs Otoparkı,BEYOĞLU,41.0336,28.9923,160,0,160,KAPALI OTOPARK,1,20,24 Saat
2026-08-17T13:10:43.441361+00:00,2026-08-17T16:10:43.441361+03:00,2918,Kadıköy Hasanpaşa Gazhane Katlı Otoparkı,KADIKÖY,40.9972,29.0428,310,196,114,KAPALI OTOPARK,1,15,24 Saat
2026-08-17T13:10:43.441361+00:00,2026-08-17T16:10:43.441361+03:00,1447,Kadıköy İski Açık Otoparkı,KADIKÖY,40.9874,29.0207,124,0,124,AÇIK OTOPARK,1,15,24 Saat
2026-08-17T13:10:43.441361+00:00,2026-08-17T16:10:43.441361+03:00,1655,Kadıköy Metro Açık Otoparkı,KADIKÖY,40.9899,29.0217,74,0,74,AÇIK OTOPARK,1,15,24 Saat
2026-08-17T13:10:43.441361+00:00,2026-08-17T16:10:43.441361+03:00,3445,Kadıköy Uzunçayır PD Açık Otoparkı,KADIKÖY,40.9982,29.0569,70,40,30,AÇIK OTOPARK,1,15,06:30-16:30
2026-08-17T13:10:43.441361+00:00,2026-08-17T16:10:43.441361+03:00,2808,Kadıköy Yeni Salı Pazarı PD Katlı Otoparkı,KADIKÖY,40.9969,29.0486,1350,665,685,KAPALI OTOPARK,1,15,24 Saat
2026-08-17T13:10:43.441361+00:00,2026-08-17T16:10:43.441361+03:00,2811,Kağıthane Harmantepe Zemin Altı Otoparkı,KAĞITHANE,41.0816,28.9907,200,0,200,KAPALI OTOPARK,1,0,24 Saat
2026-08-17T13:10:43.441361+00:00,2026-08-17T16:10:43.441361+03:00,1452,Kalamış Açık Otoparkı,KADIKÖY,40.9687,29.0363,173,119,54,AÇIK OTOPARK,1,15,24 Saat
2026-08-17T13:10:43.441361+00:00,2026-08-17T16:10:43.441361+03:00,1474,Kartal Hasan Doğan Spor Kompleksi,KARTAL,40.8918,29.1897,773,0,773,KAPALI OTOPARK,1,15,24 Saat
2026-08-17T13:10:43.441361+00:00,2026-08-17T16:10:43.441361+03:00,1105,Kartal İdo Açık Otoparkı,KARTAL,40.8874,29.1881,90,0,90,AÇIK OTOPARK,1,15,24 Saat
2026-08-17T13:10:43.441361+00:00,2026-08-17T16:10:43.441361+03:00,1550,Kartal Sahil Açık Otoparkı,KARTAL,40.8875,29.1901,75,0,75,AÇIK OTOPARK,1,5,24 Saat
2026-08-17T13:10:43.441361+00:00,2026-08-17T16:10:43.441361+03:00,3434,Kasımpaşa Sosyal Tesisler Otoparkı,BEYOĞLU,41.0296,28.9673,60,37,23,AÇIK OTOPARK,1,0,07:30-23:00
2026-08-17T13:10:43.441361+00:00,2026-08-17T16:10:43.441361+03:00,1960,Kazlıçeşme Marmaray Açık Otoparkı,ZEYTİNBURNU,40.9922,28.917,700,517,183,AÇIK OTOPARK,1,15,24 Saat
2026-08-17T13:10:43.441361+00:00,2026-08-17T16:10:43.441361+03:00,2994,Kirazlı Metro Durağı PD Açık Otoparkı,BAĞCILAR,41.033,28.8429,112,0,112,AÇIK OTOPARK,1,5,24 Saat
2026-08-17T13:10:43.441361+00:00,2026-08-17T16:10:43.441361+03:00,1528,Kore Şehitleri Caddesi - Yüzbaşı Kaya Aldağon Sokak 1,ŞİŞLİ,41.0719,29.0139,40,1,39,YOL ÜSTÜ,0,15,07:00-16:00
2026-08-17T13:10:43.441361+00:00,2026-08-17T16:10:43.441361+03:00,2449,Kozyatağı Sebze-Meyve Hali,ATAŞEHİR,40.9787,29.1029,1500,1499,1,AÇIK OTOPARK,1,0,24 Saat
2026-08-17T13:10:43.441361+00:00,2026-08-17T16:10:43.441361+03:00,1206,Kutlugün Sokak 2,FATİH,41.0061,28.9801,200,1,199,YOL ÜSTÜ,1,0,08:00-18:00
2026-08-17T13:10:43.441361+00:00,2026-08-17T16:10:43.441361+03:00,3074,Küçük Çamlıca,ÜSKÜDAR,41.0204,29.0653,129,103,26,AÇIK OTOPARK,1,0,08:00-22:00
2026-08-17T13:10:43.441361+00:00,2026-08-17T16:10:43.441361+03:00,3127,Küçükçekmece Cennet Mahallesi Meydan Zemin Altı Otoparkı,KÜÇÜKÇEKMECE,40.9907,28.783,456,0,456,KAPALI OTOPARK,1,10,24 Saat
2026-08-17T13:10:43.441361+00:00,2026-08-17T16:10:43.441361+03:00,2554,Küçükçekmece Fevzi Çakmak Meydanı Zemin Altı Otoparkı,KÜÇÜKÇEKMECE,41.0076,28.7927,1000,537,463,KAPALI OTOPARK,1,10,24 Saat
2026-08-17T13:10:43.441361+00:00,2026-08-17T16:10:43.441361+03:00,2882,Küçüksu Kasrı Açık Otoparkı,BEYKOZ,41.0789,29.0657,98,93,5,AÇIK OTOPARK,1,0,07:00-23:00
2026-08-17T13:10:43.441361+00:00,2026-08-17T16:10:43.441361+03:00,220,Levent Hamidiye,BEŞİKTAŞ,41.0861,29.0076,100,1,99,AÇIK OTOPARK,1,0,08:00-19:00
2026-08-17T13:10:43.441361+00:00,2026-08-17T16:10:43.441361+03:00,1138,Levent Metro Yer Altı Otoparkı,BEŞİKTAŞ,41.0811,29.0105,100,100,0,AÇIK OTOPARK,1,5,07:30-19:30
2026-08-17T13:10:43.441361+00:00,2026-08-17T16:10:43.441361+03:00,2335,Maçka Açık Otoparkı,ŞİŞLİ,41.046,28.9908,75,74,1,AÇIK OTOPARK,1,0,24 Saat
2026-08-17T13:10:43.441361+00:00,2026-08-17T16:10:43.441361+03:00,1859,Maçka Katlı Otoparkı,ŞİŞLİ,41.0484,28.9903,508,58,450,KAPALI OTOPARK,1,0,24 Saat
2026-08-17T13:10:43.441361+00:00,2026-08-17T16:10:43.441361+03:00,3193,Maltepe Rıhtım Caddesi Açık Otoparkı,MALTEPE,40.9258,29.1241,76,44,32,AÇIK OTOPARK,1,0,24 Saat
2026-08-17T13:10:43.441361+00:00,2026-08-17T16:10:43.441361+03:00,2146,Maltepe Süreyyapaşa Çarşısı Açık Otoparkı,MALTEPE,40.9274,29.1225,156,88,68,AÇIK OTOPARK,1,0,24 Saat
2026-08-17T13:10:43.441361+00:00,2026-08-17T16:10:43.441361+03:00,1599,Maslak Açık Otoparkı,SARIYER,41.1166,29.024,150,68,82,AÇIK OTOPARK,1,10,24 Saat
2026-08-17T13:10:43.441361+00:00,2026-08-17T16:10:43.441361+03:00,2100,Matbaacılar Sitesi Yanı,ZEYTİNBURNU,41.0234,28.9187,250,144,106,AÇIK OTOPARK,1,5,24 Saat
2026-08-17T13:10:43.441361+00:00,2026-08-17T16:10:43.441361+03:00,920,Meclis-i Mebusan Yokuşu 2,BEYOĞLU,41.0326,28.9882,34,1,33,YOL ÜSTÜ,1,15,09:00-17:00
2026-08-17T13:10:43.441361+00:00,2026-08-17T16:10:43.441361+03:00,1546,Menekşe Plajı Açık Otoparkı,BAKIRKÖY,40.9761,28.7766,200,200,0,AÇIK OTOPARK,1,0,24 Saat
2026-08-17T13:10:43.441361+00:00,2026-08-17T16:10:43.441361+03:00,1376,Mercan Açık,FATİH,41.0136,28.9669,130,9,121,AÇIK OTOPARK,1,0,08:00-23:00
2026-08-17T13:10:43.441361+00:00,2026-08-17T16:10:43.441361+03:00,3309,Mercan Ali Paşa Sarayı Zemin Altı Otoparkı,FATİH,41.0136,28.967,196,1,195,KAPALI OTOPARK,1,0,07:00-21:00
2026-08-17T13:10:43.441361+00:00,2026-08-17T16:10:43.441361+03:00,1472,Merter Katlı Otoparkı,GÜNGÖREN,41.0092,28.8874,1000,855,145,KAPALI OTOPARK,1,10,24 Saat
2026-08-17T13:10:43.441361+00:00,2026-08-17T16:10:43.441361+03:00,2375,Merter Metro PD Zeminaltı Otoparkı,GÜNGÖREN,41.0037,28.8897,242,71,171,KAPALI OTOPARK,1,10,24 Saat
2026-08-17T13:10:43.441361+00:00,2026-08-17T16:10:43.441361+03:00,1568,Mete Caddesi 1,BEYOĞLU,41.0382,28.9879,31,1,30,YOL ÜSTÜ,1,15,08:00-23:00
2026-08-17T13:10:43.441361+00:00,2026-08-17T16:10:43.441361+03:00,1471,Mevlana Yeraltı Katlı Otoparkı,ZEYTİNBURNU,41.0072,28.9049,1000,866,134,KAPALI OTOPARK,1,5,24 Saat
2026-08-17T13:10:43.441361+00:00,2026-08-17T16:10:43.441361+03:00,2709,Millet Caddesi Açık Otoparkı,FATİH,41.01,28.9461,60,1,59,AÇIK OTOPARK,1,15,24 Saat
2026-08-17T13:10:43.441361+00:00,2026-08-17T16:10:43.441361+03:00,3152,Mimar Sinan Zemin Altı Otoparkı,ÜSKÜDAR,41.0222,29.0169,956,0,956,KAPALI OTOPARK,1,15,24 Saat
2026-08-17T13:10:43.441361+00:00,2026-08-17T16:10:43.441361+03:00,2870,Miniatürk Çadır Açık Otoparkı,BEYOĞLU,41.0594,28.9501,250,196,54,AÇIK OTOPARK,1,15,07:00-20:00
2026-08-17T13:10:43.441361+00:00,2026-08-17T16:10:43.441361+03:00,2556,Muallim Naci Açık Otoparkı,BEŞİKTAŞ,41.0561,29.0342,35,27,8,AÇIK OTOPARK,1,15,24 Saat
2026-08-17T13:10:43.441361+00:00,2026-08-17T16:10:43.441361+03:00,569,Oda Kule Önü 1,BEYOĞLU,41.0322,28.9751,24,1,23,YOL ÜSTÜ,1,0,07:00-01:00
2026-08-17T13:10:43.441361+00:00,2026-08-17T16:10:43.441361+03:00,1988,Orhangazi Şehir Parkı PD Açık Otoparkı,MALTEPE,40.9313,29.1161,5022,4434,588,AÇIK OTOPARK,1,15,24 Saat
2026-08-17T13:10:43.441361+00:00,2026-08-17T16:10:43.441361+03:00,152,Ortabahçe Caddesi 2,BEŞİKTAŞ,41.0428,29.0043,35,1,34,YOL ÜSTÜ,1,15,08:00-23:00
2026-08-17T13:10:43.441361+00:00,2026-08-17T16:10:43.441361+03:00,153,Ortabahçe Caddesi 3,BEŞİKTAŞ,41.043,29.0042,26,1,25,YOL ÜSTÜ,1,15,08:00-23:00
2026-08-17T13:10:43.441361+00:00,2026-08-17T16:10:43.441361+03:00,119,Ortaklar Caddesi 1,ŞİŞLİ,41.0638,28.9971,25,1,24,YOL ÜSTÜ,1,15,08:30-17:00
2026-08-17T13:10:43.441361+00:00,2026-08-17T16:10:43.441361+03:00,1343,Ortaköy Açık Otoparkı,BEŞİKTAŞ,41.0504,29.0326,170,130,40,AÇIK OTOPARK,1,0,24 Saat
2026-08-17T13:10:43.441361+00:00,2026-08-17T16:10:43.441361+03:00,572,Ortaköy Portakal Yokuşu 1,BEŞİKTAŞ,41.0503,29.0261,15,1,14,YOL ÜSTÜ,1,15,09:00-19:00
2026-08-17T13:10:43.441361+00:00,2026-08-17T16:10:43.441361+03:00,1039,Öğretmen Evi,AVCILAR,40.9723,28.714,80,42,38,AÇIK OTOPARK,1,0,11:00-23:00
2026-08-17T13:10:43.441361+00:00,2026-08-17T16:10:43.441361+03:00,1466,Pendik Katlı Otoparkı,PENDİK,40.8789,29.2342,120,0,120,KAPALI OTOPARK,1,15,24 Saat
2026-08-17T13:10:43.441361+00:00,2026-08-17T16:10:43.441361+03:00,3073,Pendik Kemal Kalkuz Parkı Zemin Altı Otoparkı,PENDİK,40.8885,29.2427,224,0,224,KAPALI OTOPARK,1,0,09:00-18:00
2026-08-17T13:10:43.441361+00:00,2026-08-17T16:10:43.441361+03:00,3019,Pendik Meydan Zemin Altı Otoparkı,PENDİK,40.8752,29.2324,937,0,937,KAPALI OTOPARK,1,0,24 Saat
2026-08-17T13:10:43.441361+00:00,2026-08-17T16:10:43.441361+03:00,2865,Pendik Sahil Engelliler Merkez Önü,PENDİK,40.8735,29.233,100,66,34,AÇIK OTOPARK,1,0,11:00-20:00
2026-08-17T13:10:43.441361+00:00,2026-08-17T16:10:43.441361+03:00,2434,Pendik Sahil İdo,PENDİK,40.8755,29.2369,100,0,100,AÇIK OTOPARK,1,0,07:00-23:00
2026-08-17T13:10:43.441361+00:00,2026-08-17T16:10:43.441361+03:00,248,Pendik Yenimahalle Açık 2 Otoparkı,PENDİK,40.864,29.2723,124,67,57,AÇIK OTOPARK,1,15,10:00-22:00
2026-08-17T13:10:43.441361+00:00,2026-08-17T16:10:43.441361+03:00,297,Perşembe Pazarı 1,BEYOĞLU,41.0252,28.9693,32,1,31,YOL ÜSTÜ,1,15,08:00-17:00
2026-08-17T13:10:43.441361+00:00,2026-08-17T16:10:43.441361+03:00,597,Pierre Loti Caddesi 3,FATİH,41.0069,28.9711,36,1,35,YOL ÜSTÜ,1,0,07:00-17:00
2026-08-17T13:10:43.441361+00:00,2026-08-17T16:10:43.441361+03:00,3263,Piyalepaşa Meydanı Zemin Altı Otoparkı,BEYOĞLU,41.0445,28.9674,560,274,286,KAPALI OTOPARK,1,0,24 Saat
2026-08-17T13:10:43.441361+00:00,2026-08-17T16:10:43.441361+03:00,1900,Ragıp Gümüşpala Cad.(Sobacılar Önü),FATİH,41.0181,28.969,40,1,39,YOL ÜSTÜ,1,15,07:00-18:00
2026-08-17T13:10:43.441361+00:00,2026-08-17T16:10:43.441361+03:00,415,Ragıp Gümüşpala Camii Önü 1,FATİH,41.0211,28.9627,35,1,34,YOL ÜSTÜ,1,0,07:00-17:30
2026-08-17T13:10:43.441361+00:00,2026-08-17T16:10:43.441361+03:00,3268,Refik Saydam Caddesi 3,BEYOĞLU,41.032,28.9736,55,1,54,YOL ÜSTÜ,1,0,06:00-23:00
2026-08-17T13:10:43.441361+00:00,2026-08-17T16:10:43.441361+03:00,2307,Ressam Halim Sokak PD Açık Otoparkı,BAHÇELİEVLER,40.9967,28.8641,120,75,45,AÇIK OTOPARK,1,15,08:00-00:00
2026-08-17T13:10:43.441361+00:00,2026-08-17T16:10:43.441361+03:00,3082,Rumeli Hisarı Sahil Yolu Otoparkı,SARIYER,41.0854,29.0568,20,2,18,AÇIK OTOPARK,1,0,24 Saat
2026-08-17T13:10:43.441361+00:00,2026-08-17T16:10:43.441361+03:00,1595,Sabiha Gökçen Açık Otoparkı,PENDİK,40.925,29.308,1056,211,845,AÇIK OTOPARK,1,15,24 Saat
2026-08-17T13:10:43.441361+00:00,2026-08-17T16:10:43.441361+03:00,3239,Samatya Sahil Cep Otoparkı,FATİH,40.9954,28.932,113,103,10,AÇIK OTOPARK,1,15,24 Saat
2026-08-17T13:10:43.441361+00:00,2026-08-17T16:10:43.441361+03:00,3273,Sarıyer Büyükdere Fidanlığı,SARIYER,41.1548,29.0268,160,154,6,AÇIK OTOPARK,1,0,08:00-18:00
2026-08-17T13:10:43.441361+00:00,2026-08-17T16:10:43.441361+03:00,3299,Sariyer Ayazağa Mah Vadi İstanbul Önü Açık Otoparkı,SARIYER,41.1106,28.9881,100,96,4,AÇIK OTOPARK,1,0,08:00-20:00
2026-08-17T13:10:43.441361+00:00,2026-08-17T16:10:43.441361+03:00,1303,Seyrantepe Katlı (Arena Karşısı) 1,KAĞITHANE,41.101,28.9961,1897,1891,6,KAPALI OTOPARK,1,0,24 Saat
2026-08-17T13:10:43.441361+00:00,2026-08-17T16:10:43.441361+03:00,1628,Sıracevizler Caddesi Yol Üstü 5,ŞİŞLİ,41.0607,28.9841,45,1,44,YOL ÜSTÜ,1,15,09:00-17:00
2026-08-17T13:10:43.441361+00:00,2026-08-17T16:10:43.441361+03:00,464,Sirkeci Gar Önü,FATİH,41.015,28.9761,60,1,59,AÇIK OTOPARK,1,5,07:00-20:00
2026-08-17T13:10:43.441361+00:00,2026-08-17T16:10:43.441361+03:00,1486,Siyavuşpaşa Yer Altı Otoparkı,BAHÇELİEVLER,40.9965,28.8532,155,0,155,KAPALI OTOPARK,1,0,24 Saat
2026-08-17T13:10:43.441361+00:00,2026-08-17T16:10:43.441361+03:00,1958,Soğanlık Metro PD Açık Otoparkı,KARTAL,40.9131,29.1925,898,823,75,AÇIK OTOPARK,1,15,24 Saat
2026-08-17T13:10:43.441361+00:00,2026-08-17T16:10:43.441361+03:00,589,Su Terazisi Sokak,FATİH,41.0046,28.9727,22,1,21,YOL ÜSTÜ,1,0,07:30-17:00
2026-08-17T13:10:43.441361+00:00,2026-08-17T16:10:43.441361+03:00,1478,Suadiye Cep Açık Otoparkı,KADIKÖY,40.9586,29.0732,130,105,25,AÇIK OTOPARK,1,15,24 Saat
2026-08-17T13:10:43.441361+00:00,2026-08-17T16:10:43.441361+03:00,2948,Suadiye Sahil Açık Otoparkı,KADIKÖY,40.9562,29.0797,70,23,47,AÇIK OTOPARK,1,5,24 Saat
2026-08-17T13:10:43.441361+00:00,2026-08-17T16:10:43.441361+03:00,2799,Sultanbeyli Emir Caddesi Zemin Altı Otoparkı,SULTANBEYLİ,40.9707,29.2606,130,56,74,KAPALI OTOPARK,1,15,08:00-22:00
2026-08-17T13:10:43.441361+00:00,2026-08-17T16:10:43.441361+03:00,2372,Sultanbeyli Kent Meydanı Zemin Altı Otoparkı,SULTANBEYLİ,40.9667,29.2667,300,124,176,KAPALI OTOPARK,1,15,24 Saat
2026-08-17T13:10:43.441361+00:00,2026-08-17T16:10:43.441361+03:00,2410,Sultangazi Zemin Altı Otoparkı,SULTANGAZİ,41.0944,28.8649,104,0,104,KAPALI OTOPARK,1,10,24 Saat
2026-08-17T13:10:43.441361+00:00,2026-08-17T16:10:43.441361+03:00,2085,Süleyman Seba Caddesi 2,BEŞİKTAŞ,41.0426,28.9998,40,1,39,YOL ÜSTÜ,1,15,08:00-18:00
2026-08-17T13:10:43.441361+00:00,2026-08-17T16:10:43.441361+03:00,2088,Süleyman Seba Caddesi 5,BEŞİKTAŞ,41.0432,28.9978,40,1,39,YOL ÜSTÜ,1,15,08:00-18:00
2026-08-17T13:10:43.441361+00:00,2026-08-17T16:10:43.441361+03:00,2089,Süleyman Seba Caddesi 6,BEŞİKTAŞ,41.0435,28.9967,11,1,10,YOL ÜSTÜ,1,15,08:00-18:00
2026-08-17T13:10:43.441361+00:00,2026-08-17T16:10:43.441361+03:00,2391,Süleymaniye Cami Altı Açık Otoparkı,FATİH,41.0158,28.961,250,235,15,AÇIK OTOPARK,1,0,06:30-18:30
2026-08-17T13:10:43.441361+00:00,2026-08-17T16:10:43.441361+03:00,1730,Sütlüce Miniatürk Yanı,BEYOĞLU,41.057,28.95,320,218,102,AÇIK OTOPARK,1,15,24 Saat
2026-08-17T13:10:43.441361+00:00,2026-08-17T16:10:43.441361+03:00,36,Şakayık Sokak 4,ŞİŞLİ,41.0518,28.9936,50,1,49,YOL ÜSTÜ,0,15,08:00-16:00
2026-08-17T13:10:43.441361+00:00,2026-08-17T16:10:43.441361+03:00,1469,Şehit Volkan Duysak Katlı Otoparkı,ZEYTİNBURNU,40.9968,28.9039,1000,694,306,KAPALI OTOPARK,1,5,24 Saat
2026-08-17T13:10:43.441361+00:00,2026-08-17T16:10:43.441361+03:00,2385,Şehremini Açık Otoparkı 1,FATİH,41.0135,28.9333,60,1,59,AÇIK OTOPARK,1,0,08:30-20:30
2026-08-17T13:10:43.441361+00:00,2026-08-17T16:10:43.441361+03:00,2855,Şemsipaşa Açık Otoparkı,ÜSKÜDAR,41.0255,29.0097,80,66,14,AÇIK OTOPARK,1,0,24 Saat
2026-08-17T13:10:43.441361+00:00,2026-08-17T16:10:43.441361+03:00,2439,Şirinevler Meydan Zeminaltı Otoparkı,BAHÇELİEVLER,40.9925,28.8496,367,25,342,KAPALI OTOPARK,1,0,24 Saat
2026-08-17T13:10:43.441361+00:00,2026-08-17T16:10:43.441361+03:00,3400,Şişhane Refik Saydam Caddesi 2 Yol Üstü Otoparkı 1,BEYOĞLU,41.0326,28.9743,70,1,69,YOL ÜSTÜ,1,15,06:00-23:00
2026-08-17T13:10:43.441361+00:00,2026-08-17T16:10:43.441361+03:00,3441,Şişli Kuştepe Zemin Altı Otoparkı,ŞİŞLİ,41.072,28.9919,430,302,128,KAPALI OTOPARK,1,15,24 Saat
2026-08-17T13:10:43.441361+00:00,2026-08-17T16:10:43.441361+03:00,2816,Şişli Rumeli Caddesi Metro Yanı 1,ŞİŞLİ,41.0538,28.9868,45,1,44,YOL ÜSTÜ,1,15,08:00-20:00
2026-08-17T13:10:43.441361+00:00,2026-08-17T16:10:43.441361+03:00,2406,Şişli Zemin Altı Otoparkı,ŞİŞLİ,41.0641,28.9992,581,110,471,KAPALI OTOPARK,1,15,24 Saat
2026-08-17T13:10:43.441361+00:00,2026-08-17T16:10:43.441361+03:00,1993,Tuzla İdo,TUZLA,40.8149,29.3039,300,269,31,AÇIK OTOPARK,1,15,24 Saat
2026-08-17T13:10:43.441361+00:00,2026-08-17T16:10:43.441361+03:00,3332,Tuzla Sahil Cep,TUZLA,40.8168,29.2992,50,39,11,AÇIK OTOPARK,1,0,08:00-00:00
2026-08-17T13:10:43.441361+00:00,2026-08-17T16:10:43.441361+03:00,3057,Tuzla Sahil Zemin Altı Otoparkı,TUZLA,40.8181,29.3004,779,1,778,KAPALI OTOPARK,1,15,24 Saat
2026-08-17T13:10:43.441361+00:00,2026-08-17T16:10:43.441361+03:00,1811,Ulu Camii Açık Otoparkı,BAHÇELİEVLER,40.9982,28.8499,150,124,26,AÇIK OTOPARK,1,10,24 Saat
2026-08-17T13:10:43.441361+00:00,2026-08-17T16:10:43.441361+03:00,2424,Uzunçayır Açık Otoparkı,KADIKÖY,40.9988,29.0556,58,51,7,AÇIK OTOPARK,0,0,06:00-16:00
2026-08-17T13:10:43.441361+00:00,2026-08-17T16:10:43.441361+03:00,1468,Ümraniye Katlı Otoparkı,ÜMRANİYE,41.0261,29.0953,665,354,311,KAPALI OTOPARK,1,15,24 Saat
2026-08-17T13:10:43.441361+00:00,2026-08-17T16:10:43.441361+03:00,2898,Ümraniye Okan Sokak Zeminaltı Otoparkı,ÜMRANİYE,41.0284,29.0907,125,32,93,KAPALI OTOPARK,1,15,24 Saat
2026-08-17T13:10:43.441361+00:00,2026-08-17T16:10:43.441361+03:00,2345,Üsküdar Uzunçayır PD Açık Otoparkı,ÜSKÜDAR,40.9988,29.0577,90,38,52,AÇIK OTOPARK,1,15,06:00-22:00
2026-08-17T13:10:43.441361+00:00,2026-08-17T16:10:43.441361+03:00,1929,Üsküdar Ünalan Açık Otoparkı,ÜSKÜDAR,40.9979,29.0604,180,175,5,AÇIK OTOPARK,1,0,07:00-17:00
2026-08-17T13:10:43.441361+00:00,2026-08-17T16:10:43.441361+03:00,1487,Vatan Caddesi PD Açık Otoparkı,FATİH,41.0157,28.9405,397,213,184,AÇIK OTOPARK,1,5,24 Saat
2026-08-17T13:10:43.441361+00:00,2026-08-17T16:10:43.441361+03:00,2441,Yalı Açık Otoparkı,MALTEPE,40.9095,29.137,85,82,3,AÇIK OTOPARK,1,0,07:30-22:00
2026-08-17T13:10:43.441361+00:00,2026-08-17T16:10:43.441361+03:00,459,Yalı Köşkü Caddesi 1,FATİH,41.0163,28.9759,61,1,60,YOL ÜSTÜ,1,5,07:00-21:00
2026-08-17T13:10:43.441361+00:00,2026-08-17T16:10:43.441361+03:00,2037,Yenikapı Marmaray Büyük Otoparkı,FATİH,41.0057,28.9505,324,79,245,AÇIK OTOPARK,1,15,24 Saat
2026-08-17T13:10:43.441361+00:00,2026-08-17T16:10:43.441361+03:00,2036,Yenikapı Marmaray Küçük Otoparkı,FATİH,41.0064,28.9504,200,139,61,AÇIK OTOPARK,1,15,07:00-22:00
2026-08-17T13:10:43.441361+00:00,2026-08-17T16:10:43.441361+03:00,2175,Yenikapı Spor ve Kültür Merkezi PD Açık Otoparkı,FATİH,41.0006,28.9519,4023,3841,182,AÇIK OTOPARK,1,15,24 Saat
2026-08-17T13:10:43.441361+00:00,2026-08-17T16:10:43.441361+03:00,2805,Yenikapı Tünel Üstü Açık Otoparkı,FATİH,41.0029,28.9534,700,413,287,AÇIK OTOPARK,1,10,24 Saat
2026-08-17T13:10:43.441361+00:00,2026-08-17T16:10:43.441361+03:00,3404,Yenimahalle Metro Zemin Altı PD Otoparkı,GAZİOSMANPAŞA,41.0839,28.8926,114,95,19,KAPALI OTOPARK,1,15,24 Saat
2026-08-17T13:10:43.441361+00:00,2026-08-17T16:10:43.441361+03:00,2920,Yeşilce Zemin Altı Katlı Otoparkı,KAĞITHANE,41.0938,29.0017,676,0,676,KAPALI OTOPARK,1,0,24 Saat
2026-08-17T13:10:43.441361+00:00,2026-08-17T16:10:43.441361+03:00,987,Yeşilköy İstasyon Caddesi 1,BAKIRKÖY,40.962,28.825,40,1,39,YOL ÜSTÜ,1,15,09:00-17:30
2026-08-17T13:10:43.441361+00:00,2026-08-17T16:10:43.441361+03:00,974,Yeşilköy Marina 1,BAKIRKÖY,40.9576,28.8233,145,1,144,YOL ÜSTÜ,1,0,12:00-23:00
2026-08-17T13:10:43.441361+00:00,2026-08-17T16:10:43.441361+03:00,3406,Yeşilpınar Metro Zemin Altı PD Otoparkı,EYÜP,41.081,28.9204,269,204,65,KAPALI OTOPARK,1,15,24 Saat
2026-08-17T13:10:43.441361+00:00,2026-08-17T16:10:43.441361+03:00,315,Yeşilyurt Çarşı 1,BAKIRKÖY,40.9643,28.8379,50,1,49,YOL ÜSTÜ,1,15,09:00-17:30
2026-08-17T13:10:43.441361+00:00,2026-08-17T16:10:43.441361+03:00,1133,Yıldız Korusu,BEŞİKTAŞ,41.0514,29.0165,500,1,499,AÇIK OTOPARK,1,0,08:00-22:00
2026-08-17T13:10:43.441361+00:00,2026-08-17T16:10:43.441361+03:00,882,Zeytinburnu 58. Bulvar 2,ZEYTİNBURNU,40.9932,28.9039,48,1,47,YOL ÜSTÜ,1,15,09:00-18:00
2026-08-17T13:10:43.441361+00:00,2026-08-17T16:10:43.441361+03:00,3185,Zeytinburnu Sahil Cep Otoparkı,ZEYTİNBURNU,40.9798,28.8985,160,1,159,AÇIK OTOPARK,1,0,12:00-22:00
2026-08-17T14:35:45.074408+00:00,2026-08-17T17:35:45.074408+03:00,3068,15 Temmuz Şehitler Meydanı Zeminaltı Otoparkı,ÜMRANİYE,41.0246,29.0915,1029,563,466,KAPALI OTOPARK,1,15,24 Saat
2026-08-17T14:35:45.074408+00:00,2026-08-17T17:35:45.074408+03:00,2338,19 Mayıs Açık,ŞİŞLİ,41.0563,28.9941,65,0,65,AÇIK OTOPARK,1,0,24 Saat
2026-08-17T14:35:45.074408+00:00,2026-08-17T17:35:45.074408+03:00,1751,4.Levent PD Açık Otoparkı,KAĞITHANE,41.0836,29.0081,236,104,132,AÇIK OTOPARK,1,5,24 Saat
2026-08-17T14:35:45.074408+00:00,2026-08-17T17:35:45.074408+03:00,3328,4.Levent Servis ve Turizm Araçları Açık Otoparkı,ŞİŞLİ,41.0841,29.0054,300,152,148,AÇIK OTOPARK,1,15,24 Saat
2026-08-17T14:35:45.074408+00:00,2026-08-17T17:35:45.074408+03:00,3412,5. Levent Gaziosmanpaşa Adliyesi Yanı Açık Otoparkı,EYÜP,41.0927,28.9494,250,202,48,AÇIK OTOPARK,1,15,07:00-23:00
2026-08-17T14:35:45.074408+00:00,2026-08-17T17:35:45.074408+03:00,104,Abide-i Hürriyet Caddesi 5,ŞİŞLİ,41.0619,28.9876,40,1,39,YOL ÜSTÜ,0,15,08:00-17:00
2026-08-17T14:35:45.074408+00:00,2026-08-17T17:35:45.074408+03:00,2452,Acıbadem Açık Otoparkı,ÜSKÜDAR,41.0157,29.0574,100,86,14,AÇIK OTOPARK,0,0,06:30-16:00
2026-08-17T14:35:45.074408+00:00,2026-08-17T17:35:45.074408+03:00,346,Ada Karşısı Cep 2,BEŞİKTAŞ,41.072,29.045,30,1,29,YOL ÜSTÜ,1,15,08:00-23:00
2026-08-17T14:35:45.074408+00:00,2026-08-17T17:35:45.074408+03:00,1663,Akasyalı Sokak Tenis Kulubü Önü 2,BEŞİKTAŞ,41.0867,29.0109,45,1,44,YOL ÜSTÜ,0,15,08:30-17:30
2026-08-17T14:35:45.074408+00:00,2026-08-17T17:35:45.074408+03:00,828,Akdeniz Caddesi 4,FATİH,41.0175,28.9435,27,1,26,YOL ÜSTÜ,1,15,09:00-18:00
2026-08-17T14:35:45.074408+00:00,2026-08-17T17:35:45.074408+03:00,1913,Alibeyköy Cep Otogarı Açık Otoparkı,EYÜP,41.0879,28.9446,116,0,116,AÇIK OTOPARK,1,25,24 Saat
2026-08-17T14:35:45.074408+00:00,2026-08-17T17:35:45.074408+03:00,1912,Alibeyköy Cep Otogarı Otobüs Otoparkı,EYÜP,41.0875,28.9449,5000,1,4999,AÇIK OTOPARK,1,60,24 Saat
2026-08-17T14:35:45.074408+00:00,2026-08-17T17:35:45.074408+03:00,2562,Alibeyköy Yeşiltepe Zemin Altı Otoparkı,EYÜP,41.0797,28.938,159,71,88,KAPALI OTOPARK,1,15,24 Saat
2026-08-17T14:35:45.074408+00:00,2026-08-17T17:35:45.074408+03:00,3201,Altınboynuz Sosyal Tesisleri,EYÜP,41.058,28.9447,70,70,0,AÇIK OTOPARK,1,15,08:00-23:00
2026-08-17T14:35:45.074408+00:00,2026-08-17T17:35:45.074408+03:00,758,Arap Camii Açık Otoparkı,BEYOĞLU,41.0227,28.9723,30,1,29,AÇIK OTOPARK,0,0,09:00-17:00
2026-08-17T14:35:45.074408+00:00,2026-08-17T17:35:45.074408+03:00,1963,Aras Sokak 1,BÜYÜKÇEKMECE,41.0226,28.622,60,1,59,YOL ÜSTÜ,0,0,06:00-14:30
2026-08-17T14:35:45.074408+00:00,2026-08-17T17:35:45.074408+03:00,2802,Arnavutköy Zemin Altı Otoparkı,ARNAVUTKÖY,41.1838,28.7396,700,4,696,KAPALI OTOPARK,1,15,24 Saat
2026-08-17T14:35:45.074408+00:00,2026-08-17T17:35:45.074408+03:00,1797,Ataköy Atrium AVM,BAKIRKÖY,40.9881,28.8459,250,225,25,AÇIK OTOPARK,1,15,08:00-23:00
2026-08-17T14:35:45.074408+00:00,2026-08-17T17:35:45.074408+03:00,2824,Ataköy Metro Durağı Yanı PD Zemin Altı Otoparkı,BAKIRKÖY,40.9904,28.8456,150,81,69,KAPALI OTOPARK,1,0,24 Saat
2026-08-17T14:35:45.074408+00:00,2026-08-17T17:35:45.074408+03:00,359,Atatürk Bulvarı 1,FATİH,41.0112,28.9534,20,1,19,YOL ÜSTÜ,1,0,07:30-18:00
2026-08-17T14:35:45.074408+00:00,2026-08-17T17:35:45.074408+03:00,3087,Atatürk Kent Ormanı Otoparkı,SARIYER,41.136,29.0262,200,197,3,AÇIK OTOPARK,0,0,08:00-17:00
2026-08-17T14:35:45.074408+00:00,2026-08-17T17:35:45.074408+03:00,1088,Avcılar İdo,AVCILAR,40.9712,28.7185,270,259,11,AÇIK OTOPARK,1,0,13:00-07:00
2026-08-17T14:35:45.074408+00:00,2026-08-17T17:35:45.074408+03:00,2885,Azapkapı Haliç Metro Otoparkı,ŞİŞLİ,41.0245,28.9691,80,5,75,AÇIK OTOPARK,1,5,24 Saat
2026-08-17T14:35:45.074408+00:00,2026-08-17T17:35:45.074408+03:00,2455,Azerbaycan Dostluk Parkı Zemin Altı Otoparkı,BAĞCILAR,41.0444,28.854,400,179,221,KAPALI OTOPARK,1,10,24 Saat
2026-08-17T14:35:45.074408+00:00,2026-08-17T17:35:45.074408+03:00,2965,Bağcılar Çolakoğlu Zemin Altı Otoparkı,BAĞCILAR,41.0324,28.8345,106,0,106,KAPALI OTOPARK,1,5,24 Saat
2026-08-17T14:35:45.074408+00:00,2026-08-17T17:35:45.074408+03:00,2576,Bağcılar Demirkapı Zemin Altı Otoparkı,BAĞCILAR,41.0499,28.8327,343,182,161,KAPALI OTOPARK,1,5,24 Saat
2026-08-17T14:35:45.074408+00:00,2026-08-17T17:35:45.074408+03:00,3036,Bağcılar Devlet Hastanesi Yanı Zeminaltı Otoparkı,BAĞCILAR,41.0312,28.8696,1133,118,1015,KAPALI OTOPARK,1,15,24 Saat
2026-08-17T14:35:45.074408+00:00,2026-08-17T17:35:45.074408+03:00,3071,Bağcılar Emniyet Müdürlüğü Yanı Açık Otoparkı,BAĞCILAR,41.0353,28.8598,100,38,62,AÇIK OTOPARK,1,0,24 Saat
2026-08-17T14:35:45.074408+00:00,2026-08-17T17:35:45.074408+03:00,2873,Bağcılar Göztepe Zemin Altı,BAĞCILAR,41.0567,28.8355,120,0,120,KAPALI OTOPARK,1,5,24 Saat
2026-08-17T14:35:45.074408+00:00,2026-08-17T17:35:45.074408+03:00,3187,Bağcılar Hürriyet Mahallesi Zemin Altı Otoparkı,BAĞCILAR,41.0291,28.8333,355,0,355,KAPALI OTOPARK,1,10,24 Saat
2026-08-17T14:35:45.074408+00:00,2026-08-17T17:35:45.074408+03:00,2916,Bağcılar Kent Meydanı PD Zemin Altı Otoparkı,BAĞCILAR,41.0339,28.8556,1162,0,1162,KAPALI OTOPARK,1,0,24 Saat
2026-08-17T14:35:45.074408+00:00,2026-08-17T17:35:45.074408+03:00,3261,Bağcılar Yenimahalle Zemin Altı Otoparkı,BAĞCILAR,41.0425,28.8395,525,288,237,KAPALI OTOPARK,1,15,24 Saat
2026-08-17T14:35:45.074408+00:00,2026-08-17T17:35:45.074408+03:00,2820,Bağcılar Yıldıztepe Katlı Otoparkı,BAĞCILAR,41.0294,28.8556,350,0,350,KAPALI OTOPARK,1,10,24 Saat
2026-08-17T14:35:45.074408+00:00,2026-08-17T17:35:45.074408+03:00,3447,Bahçelievler 23 Nisan Milli Egemenlik Zeminaltı Otoparkı,BAHÇELİEVLER,40.9988,28.8472,732,524,208,KAPALI OTOPARK,1,10,24 Saat
2026-08-17T14:35:45.074408+00:00,2026-08-17T17:35:45.074408+03:00,2993,Bahçelievler Cumhuriyet Zeminaltı Otoparkı,BAHÇELİEVLER,41.0149,28.859,663,0,663,KAPALI OTOPARK,1,10,24 Saat
2026-08-17T14:35:45.074408+00:00,2026-08-17T17:35:45.074408+03:00,2969,Bahçelievler Devlet Hastanesi Yanı Katlı Otoparkı,BAHÇELİEVLER,41.0072,28.8442,740,0,740,KAPALI OTOPARK,1,0,24 Saat
2026-08-17T14:35:45.074408+00:00,2026-08-17T17:35:45.074408+03:00,3051,Bahçelievler Zafer Mh. Zeminaltı Otoparkı,BAHÇELİEVLER,41.0036,28.8351,200,89,111,KAPALI OTOPARK,1,0,24 Saat
2026-08-17T14:35:45.074408+00:00,2026-08-17T17:35:45.074408+03:00,3236,Bahçeşehir Gölet Açık Otoparkı,BAŞAKŞEHİR,41.0719,28.6901,200,1,199,AÇIK OTOPARK,1,0,12:00-22:00
2026-08-17T14:35:45.074408+00:00,2026-08-17T17:35:45.074408+03:00,1465,Bakırköy İdo Açık Otoparkı,BAKIRKÖY,40.9739,28.8761,160,111,49,AÇIK OTOPARK,1,10,24 Saat
2026-08-17T14:35:45.074408+00:00,2026-08-17T17:35:45.074408+03:00,1104,Balmumcu Katlı Otoparkı,BEŞİKTAŞ,41.0636,29.0109,400,233,167,KAPALI OTOPARK,1,5,24 Saat
2026-08-17T14:35:45.074408+00:00,2026-08-17T17:35:45.074408+03:00,2796,Başakşehir Metro Açık Otoparkı,BAŞAKŞEHİR,41.107,28.801,125,1,124,AÇIK OTOPARK,0,0,07:00-16:00
2026-08-17T14:35:45.074408+00:00,2026-08-17T17:35:45.074408+03:00,2350,Bayrampaşa Adapark Katlı Otoparkı,BAYRAMPAŞA,41.0647,28.8875,650,0,650,KAPALI OTOPARK,1,15,24 Saat
2026-08-17T14:35:45.074408+00:00,2026-08-17T17:35:45.074408+03:00,2892,Bayrampaşa Altıntepsi Zemin  Altı Otoparkı,BAYRAMPAŞA,41.0393,28.9029,110,0,110,KAPALI OTOPARK,1,10,24 Saat
2026-08-17T14:35:45.074408+00:00,2026-08-17T17:35:45.074408+03:00,2909,Bayrampaşa Atatürk Parkı  Zemin Altı Otoparkı,BAYRAMPAŞA,41.0342,28.9123,442,0,442,KAPALI OTOPARK,1,10,24 Saat
2026-08-17T14:35:45.074408+00:00,2026-08-17T17:35:45.074408+03:00,2683,Bayrampaşa Devlet Hastanesi Cep Otoparkı,BAYRAMPAŞA,41.0414,28.9031,55,25,30,AÇIK OTOPARK,1,0,08:00-19:00
2026-08-17T14:35:45.074408+00:00,2026-08-17T17:35:45.074408+03:00,3301,Bayrampaşa Kocatepe Mahallesi Zemin Altı Otoparkı,BAYRAMPAŞA,41.0545,28.8964,241,0,241,KAPALI OTOPARK,1,10,24 Saat
2026-08-17T14:35:45.074408+00:00,2026-08-17T17:35:45.074408+03:00,2053,Bayrampaşa Muratpaşa Yer Altı Otoparkı,BAYRAMPAŞA,41.047,28.9082,300,18,282,KAPALI OTOPARK,1,15,24 Saat
2026-08-17T14:35:45.074408+00:00,2026-08-17T17:35:45.074408+03:00,3175,Bayrampaşa Spor Kompleksi Zemin Altı Otoparkı,BAYRAMPAŞA,41.0446,28.9106,205,0,205,KAPALI OTOPARK,1,15,24 Saat
2026-08-17T14:35:45.074408+00:00,2026-08-17T17:35:45.074408+03:00,3382,Bayrampaşa Şehit Kamil Balkan Zemin Altı Otoparkı,BAYRAMPAŞA,41.0604,28.9008,235,0,235,KAPALI OTOPARK,1,10,24 Saat
2026-08-17T14:35:45.074408+00:00,2026-08-17T17:35:45.074408+03:00,2428,Bayrampaşa Yenidoğan Mahallesi Zemin Altı Otoparkı,BAYRAMPAŞA,41.0395,28.9088,120,0,120,KAPALI OTOPARK,1,10,24 Saat
2026-08-17T14:35:45.074408+00:00,2026-08-17T17:35:45.074408+03:00,2468,Bebek Açık,BEŞİKTAŞ,41.077,29.0434,30,0,30,AÇIK OTOPARK,1,0,24 Saat
2026-08-17T14:35:45.074408+00:00,2026-08-17T17:35:45.074408+03:00,3479,Beşiktaş Halk Pazarı Açık Otoparkı,BEŞİKTAŞ,41.0496,29.0004,170,95,75,AÇIK OTOPARK,1,5,24 Saat
2026-08-17T14:35:45.074408+00:00,2026-08-17T17:35:45.074408+03:00,3257,Beykoz Sahil Cep Otoparkı,BEYKOZ,41.1286,29.0953,100,73,27,AÇIK OTOPARK,1,0,08:00-00:00
2026-08-17T14:35:45.074408+00:00,2026-08-17T17:35:45.074408+03:00,2273,Beykoz Sosyal Tesisleri,BEYKOZ,41.1143,29.0888,130,0,130,AÇIK OTOPARK,1,15,08:00-00:00
2026-08-17T14:35:45.074408+00:00,2026-08-17T17:35:45.074408+03:00,2999,Beyoğlu Gazhane Bostan Sokak 2,BEYOĞLU,41.0389,28.9903,35,1,34,YOL ÜSTÜ,0,0,07:30-16:30
2026-08-17T14:35:45.074408+00:00,2026-08-17T17:35:45.074408+03:00,3072,Beyoğlu Örnektepe Zemin Altı Otoparkı,BEYOĞLU,41.0543,28.9548,143,0,143,KAPALI OTOPARK,1,0,24 Saat
2026-08-17T14:35:45.074408+00:00,2026-08-17T17:35:45.074408+03:00,1455,Bostancı Açık,KADIKÖY,40.9523,29.0902,394,96,298,AÇIK OTOPARK,1,15,24 Saat
2026-08-17T14:35:45.074408+00:00,2026-08-17T17:35:45.074408+03:00,1456,Bostancı Sahil-Cep Açık Otoparkı,KADIKÖY,40.9545,29.0885,192,122,70,AÇIK OTOPARK,1,15,24 Saat
2026-08-17T14:35:45.074408+00:00,2026-08-17T17:35:45.074408+03:00,2150,Bostancı Vergi Dairesi Açık Otoparkı,ATAŞEHİR,40.9625,29.1083,155,0,155,AÇIK OTOPARK,1,5,08:00-20:00
2026-08-17T14:35:45.074408+00:00,2026-08-17T17:35:45.074408+03:00,2854,Bülent Ecevit Kültür Merkezi Açık Otoparkı,KARTAL,40.8852,29.1967,277,266,11,AÇIK OTOPARK,1,0,10:00-21:00
2026-08-17T14:35:45.074408+00:00,2026-08-17T17:35:45.074408+03:00,2866,Büyük İstanbul Otogarı,BAYRAMPAŞA,41.0402,28.8942,1000,0,1000,AÇIK OTOPARK,1,25,24 Saat
2026-08-17T14:35:45.074408+00:00,2026-08-17T17:35:45.074408+03:00,1192,Büyükçamlıca Korusu Sosyal Tesisleri Önü,ÜSKÜDAR,41.0264,29.0698,204,112,92,AÇIK OTOPARK,1,0,08:00-00:00
2026-08-17T14:35:45.074408+00:00,2026-08-17T17:35:45.074408+03:00,2960,Büyükçekmece Metrobüs Durağı Yanı PD Zemin Altı Otopark,BÜYÜKÇEKMECE,41.0221,28.624,448,0,448,KAPALI OTOPARK,1,0,24 Saat
2026-08-17T14:35:45.074408+00:00,2026-08-17T17:35:45.074408+03:00,1503,Cadde Bostan Açık Otoparkı,KADIKÖY,40.9636,29.0675,66,32,34,AÇIK OTOPARK,1,15,24 Saat
2026-08-17T14:35:45.074408+00:00,2026-08-17T17:35:45.074408+03:00,2933,Cemal Kamacı Spor Kompleksi Zemin Altı Otoparkı,KAĞITHANE,41.0536,28.9575,510,0,510,KAPALI OTOPARK,1,0,24 Saat
2026-08-17T14:35:45.074408+00:00,2026-08-17T17:35:45.074408+03:00,2207,Cengiz Topel Yer Altı Katlı Otoparkı,ESENLER,41.0588,28.8643,144,0,144,KAPALI OTOPARK,1,15,24 Saat
2026-08-17T14:35:45.074408+00:00,2026-08-17T17:35:45.074408+03:00,2787,Cevizli Açık Otoparkı,KARTAL,40.9179,29.1712,100,59,41,AÇIK OTOPARK,1,15,08:00-19:00
2026-08-17T14:35:45.074408+00:00,2026-08-17T17:35:45.074408+03:00,782,Cihangir Caddesi 2,BEYOĞLU,41.0319,28.9862,70,1,69,YOL ÜSTÜ,1,15,09:00-19:00
2026-08-17T14:35:45.074408+00:00,2026-08-17T17:35:45.074408+03:00,1467,Cihangir Katlı Otoparkı,BEYOĞLU,41.0318,28.9858,350,0,350,KAPALI OTOPARK,1,0,24 Saat
2026-08-17T14:35:45.074408+00:00,2026-08-17T17:35:45.074408+03:00,535,Cihannuma Yol Üstü 1,BEŞİKTAŞ,41.0454,29.0084,35,1,34,YOL ÜSTÜ,1,0,08:00-23:00
2026-08-17T14:35:45.074408+00:00,2026-08-17T17:35:45.074408+03:00,537,Cihannuma Yol Üstü 3,BEŞİKTAŞ,41.0459,29.0087,33,1,32,YOL ÜSTÜ,1,0,08:00-23:00
2026-08-17T14:35:45.074408+00:00,2026-08-17T17:35:45.074408+03:00,539,Cihannuma Yol Üstü 5,BEŞİKTAŞ,41.0489,29.0094,24,1,23,YOL ÜSTÜ,1,0,08:00-23:00
2026-08-17T14:35:45.074408+00:00,2026-08-17T17:35:45.074408+03:00,3184,Çam Sokak 6,GÜNGÖREN,41.0121,28.8882,50,1,49,YOL ÜSTÜ,0,15,08:00-17:00
2026-08-17T14:35:45.074408+00:00,2026-08-17T17:35:45.074408+03:00,3030,Çekmeköy Metro PD Zemin Altı Otoparkı,ÇEKMEKÖY,41.0147,29.1886,175,44,131,KAPALI OTOPARK,1,15,24 Saat
2026-08-17T14:35:45.074408+00:00,2026-08-17T17:35:45.074408+03:00,2905,Çeliktepe Açık Otoparkı,KAĞITHANE,41.0843,29.0056,200,75,125,AÇIK OTOPARK,1,5,24 Saat
2026-08-17T14:35:45.074408+00:00,2026-08-17T17:35:45.074408+03:00,1298,Çengelköy Açık Otoparkı,ÜSKÜDAR,41.0484,29.0533,500,331,169,AÇIK OTOPARK,1,15,24 Saat
2026-08-17T14:35:45.074408+00:00,2026-08-17T17:35:45.074408+03:00,502,Çınar Açık Otoparkı,BEŞİKTAŞ,41.0853,29.0088,65,1,64,AÇIK OTOPARK,1,0,08:00-18:00
2026-08-17T14:35:45.074408+00:00,2026-08-17T17:35:45.074408+03:00,777,Çırağan Sarayı Yol Üstü 1,BEŞİKTAŞ,41.0448,29.0165,40,1,39,YOL ÜSTÜ,1,15,08:00-23:00
2026-08-17T14:35:45.074408+00:00,2026-08-17T17:35:45.074408+03:00,778,Çırağan Sarayı Yol Üstü 2,BEŞİKTAŞ,41.0445,29.0156,40,1,39,YOL ÜSTÜ,1,15,08:00-23:00
2026-08-17T14:35:45.074408+00:00,2026-08-17T17:35:45.074408+03:00,2228,Çırpıcı Sosyal Tesisler,ZEYTİNBURNU,41,28.8926,128,0,128,AÇIK OTOPARK,1,15,07:00-00:00
2026-08-17T14:35:45.074408+00:00,2026-08-17T17:35:45.074408+03:00,2030,Dalyan Açık Otoparkı,KADIKÖY,40.9632,29.0651,92,17,75,AÇIK OTOPARK,1,15,24 Saat
2026-08-17T14:35:45.074408+00:00,2026-08-17T17:35:45.074408+03:00,2271,Damla Sokak 1,ŞİŞLİ,41.0672,29.0004,17,1,16,YOL ÜSTÜ,0,15,07:30-16:30
2026-08-17T14:35:45.074408+00:00,2026-08-17T17:35:45.074408+03:00,2164,Darüşşafaka Yeraltı Otoparkı,SARIYER,41.1292,29.0252,150,119,31,KAPALI OTOPARK,1,15,08:00-00:00
2026-08-17T14:35:45.074408+00:00,2026-08-17T17:35:45.074408+03:00,1653,Deniz Feneri Otoparkı,FATİH,41.0019,28.9773,175,86,89,AÇIK OTOPARK,1,5,24 Saat
2026-08-17T14:35:45.074408+00:00,2026-08-17T17:35:45.074408+03:00,595,Dostluk Yurdu 1,FATİH,41.0071,28.973,33,33,0,YOL ÜSTÜ,0,15,07:00-17:00
2026-08-17T14:35:45.074408+00:00,2026-08-17T17:35:45.074408+03:00,2237,Dragos Sosyal Tesisleri,KARTAL,40.9017,29.1458,100,38,62,AÇIK OTOPARK,1,15,24 Saat
2026-08-17T14:35:45.074408+00:00,2026-08-17T17:35:45.074408+03:00,3063,Dudullu Metro PD Zemin Altı Otoparkı,ÜMRANİYE,41.0156,29.1633,81,50,31,KAPALI OTOPARK,1,15,07:00-23:30
2026-08-17T14:35:45.074408+00:00,2026-08-17T17:35:45.074408+03:00,1522,Ebu Suut Caddesi 1,FATİH,41.0128,28.9766,35,1,34,YOL ÜSTÜ,1,0,08:00-18:00
2026-08-17T14:35:45.074408+00:00,2026-08-17T17:35:45.074408+03:00,2147,EGS Blokları Açık Otoparkı,BAKIRKÖY,40.9863,28.8354,350,0,350,AÇIK OTOPARK,1,60,09:00-19:30
2026-08-17T14:35:45.074408+00:00,2026-08-17T17:35:45.074408+03:00,2366,Esenler Adem Baştürk Kültür Merkezi Katlı,ESENLER,41.039,28.8846,460,49,411,KAPALI OTOPARK,1,15,24 Saat
2026-08-17T14:35:45.074408+00:00,2026-08-17T17:35:45.074408+03:00,3190,Esenler Havaalanı Mahallesi Zemin Altı Otoparkı,ESENLER,41.0562,28.8674,610,369,241,KAPALI OTOPARK,1,10,24 Saat
2026-08-17T14:35:45.074408+00:00,2026-08-17T17:35:45.074408+03:00,3011,Esenler Menderes Metro İstasyonu Yanı,ESENLER,41.0427,28.8783,68,21,47,AÇIK OTOPARK,1,5,24 Saat
2026-08-17T14:35:45.074408+00:00,2026-08-17T17:35:45.074408+03:00,2822,Esenler Menderes Parkı Zemin Altı Otoparkı,ESENLER,41.0412,28.8729,325,81,244,KAPALI OTOPARK,1,10,24 Saat
2026-08-17T14:35:45.074408+00:00,2026-08-17T17:35:45.074408+03:00,3303,Esenyurt Adile Naşit Bulvarı Zeminaltı Otoparkı,ESENYURT,41.0205,28.6859,367,282,85,KAPALI OTOPARK,1,15,24 Saat
2026-08-17T14:35:45.074408+00:00,2026-08-17T17:35:45.074408+03:00,1328,Eski Salı Pazarı,KADIKÖY,40.9904,29.0338,760,0,760,AÇIK OTOPARK,1,15,24 Saat
2026-08-17T14:35:45.074408+00:00,2026-08-17T17:35:45.074408+03:00,904,Eyüp Pierloti Caddesi 1,EYÜP,41.0539,28.9329,40,1,39,YOL ÜSTÜ,1,0,09:00-22:00
2026-08-17T14:35:45.074408+00:00,2026-08-17T17:35:45.074408+03:00,2850,Eyüpsultan Akşemsettin Mahallesi Zemin Altı Otoparkı,EYÜP,41.085,28.9258,110,0,110,KAPALI OTOPARK,1,15,24 Saat
2026-08-17T14:35:45.074408+00:00,2026-08-17T17:35:45.074408+03:00,2215,Fatih Çeşmesi Tabiat Parkı Otoparkı,SARIYER,41.1686,28.9448,250,243,7,AÇIK OTOPARK,1,0,06:00-20:00
2026-08-17T14:35:45.074408+00:00,2026-08-17T17:35:45.074408+03:00,1475,Fatih Katlı Otoparkı,FATİH,41.0198,28.9396,118,13,105,KAPALI OTOPARK,1,10,24 Saat
2026-08-17T14:35:45.074408+00:00,2026-08-17T17:35:45.074408+03:00,1591,Feshane PD Açık Otoparkı,EYÜP,41.0463,28.9378,200,48,152,AÇIK OTOPARK,1,15,24 Saat
2026-08-17T14:35:45.074408+00:00,2026-08-17T17:35:45.074408+03:00,1005,Florya Havuzlu Bahçe,BAKIRKÖY,40.9764,28.7908,135,1,134,AÇIK OTOPARK,1,0,09:00-23:00
2026-08-17T14:35:45.074408+00:00,2026-08-17T17:35:45.074408+03:00,2238,Florya Sosyal Tesisleri,BAKIRKÖY,40.9614,28.8091,1074,822,252,AÇIK OTOPARK,1,15,24 Saat
2026-08-17T14:35:45.074408+00:00,2026-08-17T17:35:45.074408+03:00,1704,Gazi Umur Paşa Sokak 5,BEŞİKTAŞ,41.0589,29.0114,45,1,44,YOL ÜSTÜ,0,15,08:00-17:00
2026-08-17T14:35:45.074408+00:00,2026-08-17T17:35:45.074408+03:00,3296,Gaziosmanpaşa Meydanı ve Yaşam Merkezi Zemin Altı Otoparkı,GAZİOSMANPAŞA,41.0606,28.9093,202,0,202,KAPALI OTOPARK,1,15,24 Saat
2026-08-17T14:35:45.074408+00:00,2026-08-17T17:35:45.074408+03:00,2971,Gaziosmanpaşa Zemin Altı Otoparkı,GAZİOSMANPAŞA,41.0796,28.8858,285,0,285,KAPALI OTOPARK,1,0,24 Saat
2026-08-17T14:35:45.074408+00:00,2026-08-17T17:35:45.074408+03:00,3401,Giyimkent Tekstilkent Metro Zemin Altı PD Otoparkı,ESENLER,41.0711,28.8666,203,169,34,KAPALI OTOPARK,1,10,24 Saat
2026-08-17T14:35:45.074408+00:00,2026-08-17T17:35:45.074408+03:00,2242,Gözdağı Sosyal Tesisler  Açık Otoparkı,PENDİK,40.893,29.2538,300,216,84,AÇIK OTOPARK,1,0,07:00-23:00
2026-08-17T14:35:45.074408+00:00,2026-08-17T17:35:45.074408+03:00,1879,Gülsuyu Metro PD Yer Altı Otoparkı,MALTEPE,40.9237,29.1548,76,0,76,KAPALI OTOPARK,1,15,08:00-00:00
2026-08-17T14:35:45.074408+00:00,2026-08-17T17:35:45.074408+03:00,1423,Güneş Plajı 1,BAKIRKÖY,40.9712,28.79,250,189,61,AÇIK OTOPARK,1,10,24 Saat
2026-08-17T14:35:45.074408+00:00,2026-08-17T17:35:45.074408+03:00,1461,Güneş Plajı 2,BAKIRKÖY,40.9692,28.7951,135,110,25,AÇIK OTOPARK,1,10,08:00-20:00
2026-08-17T14:35:45.074408+00:00,2026-08-17T17:35:45.074408+03:00,3053,Güngören Nikah Dairesi Zemin Altı otoparkı,GÜNGÖREN,41.0363,28.8718,147,0,147,KAPALI OTOPARK,1,10,24 Saat
2026-08-17T14:35:45.074408+00:00,2026-08-17T17:35:45.074408+03:00,2216,Gürpınar Balık Hali Otoparkı,BEYLİKDÜZÜ,40.9663,28.6019,1000,753,247,AÇIK OTOPARK,1,15,24 Saat
2026-08-17T14:35:45.074408+00:00,2026-08-17T17:35:45.074408+03:00,1525,Hacıosman Metro Yer Altı Otoparkı,SARIYER,41.14,29.0306,422,92,330,KAPALI OTOPARK,1,15,24 Saat
2026-08-17T14:35:45.074408+00:00,2026-08-17T17:35:45.074408+03:00,1470,Haldun Alagaş Katlı Otoparkı,ÜMRANİYE,41.0262,29.1052,197,82,115,KAPALI OTOPARK,1,15,24 Saat
2026-08-17T14:35:45.074408+00:00,2026-08-17T17:35:45.074408+03:00,3235,Haliç Sosyal Tesisleri Otoparkı,FATİH,41.0277,28.9572,60,17,43,AÇIK OTOPARK,1,15,07:00-00:00
2026-08-17T14:35:45.074408+00:00,2026-08-17T17:35:45.074408+03:00,2848,Halkalı Mahallesi Zemin Altı Otoparkı,KÜÇÜKÇEKMECE,41.0359,28.7848,347,250,97,KAPALI OTOPARK,1,15,24 Saat
2026-08-17T14:35:45.074408+00:00,2026-08-17T17:35:45.074408+03:00,2838,Hamidiye Mahallesi Katlı Otoparkı,KAĞITHANE,41.0949,28.971,450,193,257,KAPALI OTOPARK,1,15,24 Saat
2026-08-17T14:35:45.074408+00:00,2026-08-17T17:35:45.074408+03:00,1446,Harbiye Zemin Altı Otoparkı,BEYOĞLU,41.0408,28.9869,142,18,124,KAPALI OTOPARK,1,5,24 Saat
2026-08-17T14:35:45.074408+00:00,2026-08-17T17:35:45.074408+03:00,2332,Haydarpaşa Katlı Otoparkı,ÜSKÜDAR,41.0048,29.0251,840,690,150,KAPALI OTOPARK,1,15,24 Saat
2026-08-17T14:35:45.074408+00:00,2026-08-17T17:35:45.074408+03:00,1987,Haznedar Yer Altı Otoparkı,GÜNGÖREN,41.0083,28.8729,540,0,540,KAPALI OTOPARK,1,0,24 Saat
2026-08-17T14:35:45.074408+00:00,2026-08-17T17:35:45.074408+03:00,377,Hızır Külhani Sokak,FATİH,41.0202,28.9605,32,1,31,YOL ÜSTÜ,0,15,09:00-17:00
2026-08-17T14:35:45.074408+00:00,2026-08-17T17:35:45.074408+03:00,3173,Hürriyet Mahallesi Zeminaltı Otoparkı,GAZİOSMANPAŞA,41.0708,28.8951,190,0,190,KAPALI OTOPARK,1,15,24 Saat
2026-08-17T14:35:45.074408+00:00,2026-08-17T17:35:45.074408+03:00,157,Ihlamur Dere Caddesi 4,BEŞİKTAŞ,41.047,29.0023,27,1,26,YOL ÜSTÜ,0,15,09:00-17:00
2026-08-17T14:35:45.074408+00:00,2026-08-17T17:35:45.074408+03:00,1189,İçerenköy Sebze Meyve Hali Otoparkı,ATAŞEHİR,40.9766,29.1044,600,600,0,AÇIK OTOPARK,1,15,24 Saat
2026-08-17T14:35:45.074408+00:00,2026-08-17T17:35:45.074408+03:00,1127,İshakpaşa Caddesi,FATİH,41.0079,28.9814,200,1,199,YOL ÜSTÜ,1,0,08:00-18:00
2026-08-17T14:35:45.074408+00:00,2026-08-17T17:35:45.074408+03:00,3265,İspark İstanbul West Marina Açık Otoparkı 1,BEYLİKDÜZÜ,40.9636,28.6564,250,1,249,AÇIK OTOPARK,1,15,24 Saat
2026-08-17T14:35:45.074408+00:00,2026-08-17T17:35:45.074408+03:00,2793,İspark Merter Katlı Otoparkı,GÜNGÖREN,41.0097,28.89,900,335,565,KAPALI OTOPARK,1,10,24 Saat
2026-08-17T14:35:45.074408+00:00,2026-08-17T17:35:45.074408+03:00,2430,İspark West İstanbul Marina Açık Otoparkı,BEYLİKDÜZÜ,40.9639,28.6591,1600,940,660,AÇIK OTOPARK,1,15,24 Saat
2026-08-17T14:35:45.074408+00:00,2026-08-17T17:35:45.074408+03:00,381,İstinye 4 ( Cami Önü ),SARIYER,41.1149,29.0571,25,1,24,YOL ÜSTÜ,0,15,08:30-17:30
2026-08-17T14:35:45.074408+00:00,2026-08-17T17:35:45.074408+03:00,1804,İtalyan Hastanesi Karşısı Açık Otoparkı 1,BEYOĞLU,41.028,28.9815,30,1,29,AÇIK OTOPARK,1,0,08:00-19:00
2026-08-17T14:35:45.074408+00:00,2026-08-17T17:35:45.074408+03:00,507,Kabasakal Medrese Önü,FATİH,41.0062,28.9789,65,1,64,AÇIK OTOPARK,1,0,08:00-18:30
2026-08-17T14:35:45.074408+00:00,2026-08-17T17:35:45.074408+03:00,3306,Kabataş Transfer Merkezi Turizm Otobüs Otoparkı,BEYOĞLU,41.0336,28.9923,160,0,160,KAPALI OTOPARK,1,20,24 Saat
2026-08-17T14:35:45.074408+00:00,2026-08-17T17:35:45.074408+03:00,2918,Kadıköy Hasanpaşa Gazhane Katlı Otoparkı,KADIKÖY,40.9972,29.0428,310,192,118,KAPALI OTOPARK,1,15,24 Saat
2026-08-17T14:35:45.074408+00:00,2026-08-17T17:35:45.074408+03:00,1447,Kadıköy İski Açık Otoparkı,KADIKÖY,40.9874,29.0207,124,0,124,AÇIK OTOPARK,1,15,24 Saat
2026-08-17T14:35:45.074408+00:00,2026-08-17T17:35:45.074408+03:00,1655,Kadıköy Metro Açık Otoparkı,KADIKÖY,40.9899,29.0217,74,4,70,AÇIK OTOPARK,1,15,24 Saat
2026-08-17T14:35:45.074408+00:00,2026-08-17T17:35:45.074408+03:00,3445,Kadıköy Uzunçayır PD Açık Otoparkı,KADIKÖY,40.9982,29.0569,70,40,30,AÇIK OTOPARK,0,15,06:30-16:30
2026-08-17T14:35:45.074408+00:00,2026-08-17T17:35:45.074408+03:00,2808,Kadıköy Yeni Salı Pazarı PD Katlı Otoparkı,KADIKÖY,40.9969,29.0486,1350,671,679,KAPALI OTOPARK,1,15,24 Saat
2026-08-17T14:35:45.074408+00:00,2026-08-17T17:35:45.074408+03:00,2811,Kağıthane Harmantepe Zemin Altı Otoparkı,KAĞITHANE,41.0816,28.9907,200,0,200,KAPALI OTOPARK,1,0,24 Saat
2026-08-17T14:35:45.074408+00:00,2026-08-17T17:35:45.074408+03:00,1452,Kalamış Açık Otoparkı,KADIKÖY,40.9687,29.0363,173,110,63,AÇIK OTOPARK,1,15,24 Saat
2026-08-17T14:35:45.074408+00:00,2026-08-17T17:35:45.074408+03:00,1474,Kartal Hasan Doğan Spor Kompleksi,KARTAL,40.8918,29.1897,773,0,773,KAPALI OTOPARK,1,15,24 Saat
2026-08-17T14:35:45.074408+00:00,2026-08-17T17:35:45.074408+03:00,1105,Kartal İdo Açık Otoparkı,KARTAL,40.8874,29.1881,90,0,90,AÇIK OTOPARK,1,15,24 Saat
2026-08-17T14:35:45.074408+00:00,2026-08-17T17:35:45.074408+03:00,1550,Kartal Sahil Açık Otoparkı,KARTAL,40.8875,29.1901,75,14,61,AÇIK OTOPARK,1,5,24 Saat
2026-08-17T14:35:45.074408+00:00,2026-08-17T17:35:45.074408+03:00,3434,Kasımpaşa Sosyal Tesisler Otoparkı,BEYOĞLU,41.0296,28.9673,60,37,23,AÇIK OTOPARK,1,0,07:30-23:00
2026-08-17T14:35:45.074408+00:00,2026-08-17T17:35:45.074408+03:00,1960,Kazlıçeşme Marmaray Açık Otoparkı,ZEYTİNBURNU,40.9922,28.917,700,534,166,AÇIK OTOPARK,1,15,24 Saat
2026-08-17T14:35:45.074408+00:00,2026-08-17T17:35:45.074408+03:00,2994,Kirazlı Metro Durağı PD Açık Otoparkı,BAĞCILAR,41.033,28.8429,112,0,112,AÇIK OTOPARK,1,5,24 Saat
2026-08-17T14:35:45.074408+00:00,2026-08-17T17:35:45.074408+03:00,1528,Kore Şehitleri Caddesi - Yüzbaşı Kaya Aldağon Sokak 1,ŞİŞLİ,41.0719,29.0139,40,1,39,YOL ÜSTÜ,0,15,07:00-16:00
2026-08-17T14:35:45.074408+00:00,2026-08-17T17:35:45.074408+03:00,2449,Kozyatağı Sebze-Meyve Hali,ATAŞEHİR,40.9787,29.1029,1500,1499,1,AÇIK OTOPARK,1,0,24 Saat
2026-08-17T14:35:45.074408+00:00,2026-08-17T17:35:45.074408+03:00,1206,Kutlugün Sokak 2,FATİH,41.0061,28.9801,200,1,199,YOL ÜSTÜ,1,0,08:00-18:00
2026-08-17T14:35:45.074408+00:00,2026-08-17T17:35:45.074408+03:00,3074,Küçük Çamlıca,ÜSKÜDAR,41.0204,29.0653,129,104,25,AÇIK OTOPARK,1,0,08:00-22:00
2026-08-17T14:35:45.074408+00:00,2026-08-17T17:35:45.074408+03:00,3127,Küçükçekmece Cennet Mahallesi Meydan Zemin Altı Otoparkı,KÜÇÜKÇEKMECE,40.9907,28.783,456,0,456,KAPALI OTOPARK,1,10,24 Saat
2026-08-17T14:35:45.074408+00:00,2026-08-17T17:35:45.074408+03:00,2554,Küçükçekmece Fevzi Çakmak Meydanı Zemin Altı Otoparkı,KÜÇÜKÇEKMECE,41.0076,28.7927,1000,526,474,KAPALI OTOPARK,1,10,24 Saat
2026-08-17T14:35:45.074408+00:00,2026-08-17T17:35:45.074408+03:00,2882,Küçüksu Kasrı Açık Otoparkı,BEYKOZ,41.0789,29.0657,98,93,5,AÇIK OTOPARK,1,0,07:00-23:00
2026-08-17T14:35:45.074408+00:00,2026-08-17T17:35:45.074408+03:00,220,Levent Hamidiye,BEŞİKTAŞ,41.0861,29.0076,100,1,99,AÇIK OTOPARK,1,0,08:00-19:00
2026-08-17T14:35:45.074408+00:00,2026-08-17T17:35:45.074408+03:00,1138,Levent Metro Yer Altı Otoparkı,BEŞİKTAŞ,41.0811,29.0105,100,100,0,AÇIK OTOPARK,1,5,07:30-19:30
2026-08-17T14:35:45.074408+00:00,2026-08-17T17:35:45.074408+03:00,2335,Maçka Açık Otoparkı,ŞİŞLİ,41.046,28.9908,75,74,1,AÇIK OTOPARK,1,0,24 Saat
2026-08-17T14:35:45.074408+00:00,2026-08-17T17:35:45.074408+03:00,1859,Maçka Katlı Otoparkı,ŞİŞLİ,41.0484,28.9903,508,62,446,KAPALI OTOPARK,1,0,24 Saat
2026-08-17T14:35:45.074408+00:00,2026-08-17T17:35:45.074408+03:00,3193,Maltepe Rıhtım Caddesi Açık Otoparkı,MALTEPE,40.9258,29.1241,76,38,38,AÇIK OTOPARK,1,0,24 Saat
2026-08-17T14:35:45.074408+00:00,2026-08-17T17:35:45.074408+03:00,2146,Maltepe Süreyyapaşa Çarşısı Açık Otoparkı,MALTEPE,40.9274,29.1225,156,96,60,AÇIK OTOPARK,1,0,24 Saat
2026-08-17T14:35:45.074408+00:00,2026-08-17T17:35:45.074408+03:00,1599,Maslak Açık Otoparkı,SARIYER,41.1166,29.024,150,89,61,AÇIK OTOPARK,1,10,24 Saat
2026-08-17T14:35:45.074408+00:00,2026-08-17T17:35:45.074408+03:00,2100,Matbaacılar Sitesi Yanı,ZEYTİNBURNU,41.0234,28.9187,250,167,83,AÇIK OTOPARK,1,5,24 Saat
2026-08-17T14:35:45.074408+00:00,2026-08-17T17:35:45.074408+03:00,920,Meclis-i Mebusan Yokuşu 2,BEYOĞLU,41.0326,28.9882,34,1,33,YOL ÜSTÜ,0,15,09:00-17:00
2026-08-17T14:35:45.074408+00:00,2026-08-17T17:35:45.074408+03:00,1546,Menekşe Plajı Açık Otoparkı,BAKIRKÖY,40.9761,28.7766,200,200,0,AÇIK OTOPARK,1,0,24 Saat
2026-08-17T14:35:45.074408+00:00,2026-08-17T17:35:45.074408+03:00,1376,Mercan Açık,FATİH,41.0136,28.9669,130,45,85,AÇIK OTOPARK,1,0,08:00-23:00
2026-08-17T14:35:45.074408+00:00,2026-08-17T17:35:45.074408+03:00,3309,Mercan Ali Paşa Sarayı Zemin Altı Otoparkı,FATİH,41.0136,28.967,196,1,195,KAPALI OTOPARK,1,0,07:00-21:00
2026-08-17T14:35:45.074408+00:00,2026-08-17T17:35:45.074408+03:00,1472,Merter Katlı Otoparkı,GÜNGÖREN,41.0092,28.8874,1000,868,132,KAPALI OTOPARK,1,10,24 Saat
2026-08-17T14:35:45.074408+00:00,2026-08-17T17:35:45.074408+03:00,2375,Merter Metro PD Zeminaltı Otoparkı,GÜNGÖREN,41.0037,28.8897,242,84,158,KAPALI OTOPARK,1,10,24 Saat
2026-08-17T14:35:45.074408+00:00,2026-08-17T17:35:45.074408+03:00,1568,Mete Caddesi 1,BEYOĞLU,41.0382,28.9879,31,1,30,YOL ÜSTÜ,1,15,08:00-23:00
2026-08-17T14:35:45.074408+00:00,2026-08-17T17:35:45.074408+03:00,1471,Mevlana Yeraltı Katlı Otoparkı,ZEYTİNBURNU,41.0072,28.9049,1000,861,139,KAPALI OTOPARK,1,5,24 Saat
2026-08-17T14:35:45.074408+00:00,2026-08-17T17:35:45.074408+03:00,2709,Millet Caddesi Açık Otoparkı,FATİH,41.01,28.9461,60,1,59,AÇIK OTOPARK,1,15,24 Saat
2026-08-17T14:35:45.074408+00:00,2026-08-17T17:35:45.074408+03:00,3152,Mimar Sinan Zemin Altı Otoparkı,ÜSKÜDAR,41.0222,29.0169,956,0,956,KAPALI OTOPARK,1,15,24 Saat
2026-08-17T14:35:45.074408+00:00,2026-08-17T17:35:45.074408+03:00,2870,Miniatürk Çadır Açık Otoparkı,BEYOĞLU,41.0594,28.9501,250,204,46,AÇIK OTOPARK,1,15,07:00-20:00
2026-08-17T14:35:45.074408+00:00,2026-08-17T17:35:45.074408+03:00,2556,Muallim Naci Açık Otoparkı,BEŞİKTAŞ,41.0561,29.0342,35,30,5,AÇIK OTOPARK,1,15,24 Saat
2026-08-17T14:35:45.074408+00:00,2026-08-17T17:35:45.074408+03:00,569,Oda Kule Önü 1,BEYOĞLU,41.0322,28.9751,24,1,23,YOL ÜSTÜ,1,0,07:00-01:00
2026-08-17T14:35:45.074408+00:00,2026-08-17T17:35:45.074408+03:00,1988,Orhangazi Şehir Parkı PD Açık Otoparkı,MALTEPE,40.9313,29.1161,5022,4386,636,AÇIK OTOPARK,1,15,24 Saat
2026-08-17T14:35:45.074408+00:00,2026-08-17T17:35:45.074408+03:00,152,Ortabahçe Caddesi 2,BEŞİKTAŞ,41.0428,29.0043,35,1,34,YOL ÜSTÜ,1,15,08:00-23:00
2026-08-17T14:35:45.074408+00:00,2026-08-17T17:35:45.074408+03:00,153,Ortabahçe Caddesi 3,BEŞİKTAŞ,41.043,29.0042,26,1,25,YOL ÜSTÜ,1,15,08:00-23:00
2026-08-17T14:35:45.074408+00:00,2026-08-17T17:35:45.074408+03:00,119,Ortaklar Caddesi 1,ŞİŞLİ,41.0638,28.9971,25,1,24,YOL ÜSTÜ,0,15,08:30-17:00
2026-08-17T14:35:45.074408+00:00,2026-08-17T17:35:45.074408+03:00,1343,Ortaköy Açık Otoparkı,BEŞİKTAŞ,41.0504,29.0326,170,137,33,AÇIK OTOPARK,1,0,24 Saat
2026-08-17T14:35:45.074408+00:00,2026-08-17T17:35:45.074408+03:00,572,Ortaköy Portakal Yokuşu 1,BEŞİKTAŞ,41.0503,29.0261,15,1,14,YOL ÜSTÜ,1,15,09:00-19:00
2026-08-17T14:35:45.074408+00:00,2026-08-17T17:35:45.074408+03:00,1039,Öğretmen Evi,AVCILAR,40.9723,28.714,80,42,38,AÇIK OTOPARK,1,0,11:00-23:00
2026-08-17T14:35:45.074408+00:00,2026-08-17T17:35:45.074408+03:00,1466,Pendik Katlı Otoparkı,PENDİK,40.8789,29.2342,120,0,120,KAPALI OTOPARK,1,15,24 Saat
2026-08-17T14:35:45.074408+00:00,2026-08-17T17:35:45.074408+03:00,3073,Pendik Kemal Kalkuz Parkı Zemin Altı Otoparkı,PENDİK,40.8885,29.2427,224,0,224,KAPALI OTOPARK,1,0,09:00-18:00
2026-08-17T14:35:45.074408+00:00,2026-08-17T17:35:45.074408+03:00,3019,Pendik Meydan Zemin Altı Otoparkı,PENDİK,40.8752,29.2324,937,0,937,KAPALI OTOPARK,1,0,24 Saat
2026-08-17T14:35:45.074408+00:00,2026-08-17T17:35:45.074408+03:00,2865,Pendik Sahil Engelliler Merkez Önü,PENDİK,40.8735,29.233,100,66,34,AÇIK OTOPARK,1,0,11:00-20:00
2026-08-17T14:35:45.074408+00:00,2026-08-17T17:35:45.074408+03:00,2434,Pendik Sahil İdo,PENDİK,40.8755,29.2369,100,0,100,AÇIK OTOPARK,1,0,07:00-23:00
2026-08-17T14:35:45.074408+00:00,2026-08-17T17:35:45.074408+03:00,248,Pendik Yenimahalle Açık 2 Otoparkı,PENDİK,40.864,29.2723,124,75,49,AÇIK OTOPARK,1,15,10:00-22:00
2026-08-17T14:35:45.074408+00:00,2026-08-17T17:35:45.074408+03:00,297,Perşembe Pazarı 1,BEYOĞLU,41.0252,28.9693,32,1,31,YOL ÜSTÜ,0,15,08:00-17:00
2026-08-17T14:35:45.074408+00:00,2026-08-17T17:35:45.074408+03:00,597,Pierre Loti Caddesi 3,FATİH,41.0069,28.9711,36,1,35,YOL ÜSTÜ,0,0,07:00-17:00
2026-08-17T14:35:45.074408+00:00,2026-08-17T17:35:45.074408+03:00,3263,Piyalepaşa Meydanı Zemin Altı Otoparkı,BEYOĞLU,41.0445,28.9674,560,285,275,KAPALI OTOPARK,1,0,24 Saat
2026-08-17T14:35:45.074408+00:00,2026-08-17T17:35:45.074408+03:00,1900,Ragıp Gümüşpala Cad.(Sobacılar Önü),FATİH,41.0181,28.969,40,1,39,YOL ÜSTÜ,1,15,07:00-18:00
2026-08-17T14:35:45.074408+00:00,2026-08-17T17:35:45.074408+03:00,415,Ragıp Gümüşpala Camii Önü 1,FATİH,41.0211,28.9627,35,1,34,YOL ÜSTÜ,0,0,07:00-17:30
2026-08-17T14:35:45.074408+00:00,2026-08-17T17:35:45.074408+03:00,3268,Refik Saydam Caddesi 3,BEYOĞLU,41.032,28.9736,55,1,54,YOL ÜSTÜ,1,0,06:00-23:00
2026-08-17T14:35:45.074408+00:00,2026-08-17T17:35:45.074408+03:00,2307,Ressam Halim Sokak PD Açık Otoparkı,BAHÇELİEVLER,40.9967,28.8641,120,83,37,AÇIK OTOPARK,1,15,08:00-00:00
2026-08-17T14:35:45.074408+00:00,2026-08-17T17:35:45.074408+03:00,3082,Rumeli Hisarı Sahil Yolu Otoparkı,SARIYER,41.0854,29.0568,20,0,20,AÇIK OTOPARK,1,0,24 Saat
2026-08-17T14:35:45.074408+00:00,2026-08-17T17:35:45.074408+03:00,1595,Sabiha Gökçen Açık Otoparkı,PENDİK,40.925,29.308,1056,215,841,AÇIK OTOPARK,1,15,24 Saat
2026-08-17T14:35:45.074408+00:00,2026-08-17T17:35:45.074408+03:00,3239,Samatya Sahil Cep Otoparkı,FATİH,40.9954,28.932,113,104,9,AÇIK OTOPARK,1,15,24 Saat
2026-08-17T14:35:45.074408+00:00,2026-08-17T17:35:45.074408+03:00,3273,Sarıyer Büyükdere Fidanlığı,SARIYER,41.1548,29.0268,160,155,5,AÇIK OTOPARK,1,0,08:00-18:00
2026-08-17T14:35:45.074408+00:00,2026-08-17T17:35:45.074408+03:00,3299,Sariyer Ayazağa Mah Vadi İstanbul Önü Açık Otoparkı,SARIYER,41.1106,28.9881,100,96,4,AÇIK OTOPARK,1,0,08:00-20:00
2026-08-17T14:35:45.074408+00:00,2026-08-17T17:35:45.074408+03:00,1303,Seyrantepe Katlı (Arena Karşısı) 1,KAĞITHANE,41.101,28.9961,1897,1892,5,KAPALI OTOPARK,1,0,24 Saat
2026-08-17T14:35:45.074408+00:00,2026-08-17T17:35:45.074408+03:00,1628,Sıracevizler Caddesi Yol Üstü 5,ŞİŞLİ,41.0607,28.9841,45,1,44,YOL ÜSTÜ,0,15,09:00-17:00
2026-08-17T14:35:45.074408+00:00,2026-08-17T17:35:45.074408+03:00,464,Sirkeci Gar Önü,FATİH,41.015,28.9761,60,1,59,AÇIK OTOPARK,1,5,07:00-20:00
2026-08-17T14:35:45.074408+00:00,2026-08-17T17:35:45.074408+03:00,1486,Siyavuşpaşa Yer Altı Otoparkı,BAHÇELİEVLER,40.9965,28.8532,155,0,155,KAPALI OTOPARK,1,0,24 Saat
2026-08-17T14:35:45.074408+00:00,2026-08-17T17:35:45.074408+03:00,1958,Soğanlık Metro PD Açık Otoparkı,KARTAL,40.9131,29.1925,898,824,74,AÇIK OTOPARK,1,15,24 Saat
2026-08-17T14:35:45.074408+00:00,2026-08-17T17:35:45.074408+03:00,589,Su Terazisi Sokak,FATİH,41.0046,28.9727,22,1,21,YOL ÜSTÜ,0,0,07:30-17:00
2026-08-17T14:35:45.074408+00:00,2026-08-17T17:35:45.074408+03:00,1478,Suadiye Cep Açık Otoparkı,KADIKÖY,40.9586,29.0732,130,99,31,AÇIK OTOPARK,1,15,24 Saat
2026-08-17T14:35:45.074408+00:00,2026-08-17T17:35:45.074408+03:00,2948,Suadiye Sahil Açık Otoparkı,KADIKÖY,40.9562,29.0797,70,11,59,AÇIK OTOPARK,1,5,24 Saat
2026-08-17T14:35:45.074408+00:00,2026-08-17T17:35:45.074408+03:00,2799,Sultanbeyli Emir Caddesi Zemin Altı Otoparkı,SULTANBEYLİ,40.9707,29.2606,130,102,28,KAPALI OTOPARK,1,15,08:00-22:00
2026-08-17T14:35:45.074408+00:00,2026-08-17T17:35:45.074408+03:00,2372,Sultanbeyli Kent Meydanı Zemin Altı Otoparkı,SULTANBEYLİ,40.9667,29.2667,300,136,164,KAPALI OTOPARK,1,15,24 Saat
2026-08-17T14:35:45.074408+00:00,2026-08-17T17:35:45.074408+03:00,2410,Sultangazi Zemin Altı Otoparkı,SULTANGAZİ,41.0944,28.8649,104,0,104,KAPALI OTOPARK,1,10,24 Saat
2026-08-17T14:35:45.074408+00:00,2026-08-17T17:35:45.074408+03:00,2085,Süleyman Seba Caddesi 2,BEŞİKTAŞ,41.0426,28.9998,40,1,39,YOL ÜSTÜ,1,15,08:00-18:00
2026-08-17T14:35:45.074408+00:00,2026-08-17T17:35:45.074408+03:00,2088,Süleyman Seba Caddesi 5,BEŞİKTAŞ,41.0432,28.9978,40,1,39,YOL ÜSTÜ,1,15,08:00-18:00
2026-08-17T14:35:45.074408+00:00,2026-08-17T17:35:45.074408+03:00,2089,Süleyman Seba Caddesi 6,BEŞİKTAŞ,41.0435,28.9967,11,1,10,YOL ÜSTÜ,1,15,08:00-18:00
2026-08-17T14:35:45.074408+00:00,2026-08-17T17:35:45.074408+03:00,2391,Süleymaniye Cami Altı Açık Otoparkı,FATİH,41.0158,28.961,250,234,16,AÇIK OTOPARK,1,0,06:30-18:30
2026-08-17T14:35:45.074408+00:00,2026-08-17T17:35:45.074408+03:00,1730,Sütlüce Miniatürk Yanı,BEYOĞLU,41.057,28.95,320,221,99,AÇIK OTOPARK,1,15,24 Saat
2026-08-17T14:35:45.074408+00:00,2026-08-17T17:35:45.074408+03:00,36,Şakayık Sokak 4,ŞİŞLİ,41.0518,28.9936,50,1,49,YOL ÜSTÜ,0,15,08:00-16:00
2026-08-17T14:35:45.074408+00:00,2026-08-17T17:35:45.074408+03:00,1469,Şehit Volkan Duysak Katlı Otoparkı,ZEYTİNBURNU,40.9968,28.9039,1000,695,305,KAPALI OTOPARK,1,5,24 Saat
2026-08-17T14:35:45.074408+00:00,2026-08-17T17:35:45.074408+03:00,2385,Şehremini Açık Otoparkı 1,FATİH,41.0135,28.9333,60,1,59,AÇIK OTOPARK,1,0,08:30-20:30
2026-08-17T14:35:45.074408+00:00,2026-08-17T17:35:45.074408+03:00,2855,Şemsipaşa Açık Otoparkı,ÜSKÜDAR,41.0255,29.0097,80,63,17,AÇIK OTOPARK,1,0,24 Saat
2026-08-17T14:35:45.074408+00:00,2026-08-17T17:35:45.074408+03:00,2439,Şirinevler Meydan Zeminaltı Otoparkı,BAHÇELİEVLER,40.9925,28.8496,367,22,345,KAPALI OTOPARK,1,0,24 Saat
2026-08-17T14:35:45.074408+00:00,2026-08-17T17:35:45.074408+03:00,3400,Şişhane Refik Saydam Caddesi 2 Yol Üstü Otoparkı 1,BEYOĞLU,41.0326,28.9743,70,1,69,YOL ÜSTÜ,1,15,06:00-23:00
2026-08-17T14:35:45.074408+00:00,2026-08-17T17:35:45.074408+03:00,3441,Şişli Kuştepe Zemin Altı Otoparkı,ŞİŞLİ,41.072,28.9919,430,302,128,KAPALI OTOPARK,1,15,24 Saat
2026-08-17T14:35:45.074408+00:00,2026-08-17T17:35:45.074408+03:00,2816,Şişli Rumeli Caddesi Metro Yanı 1,ŞİŞLİ,41.0538,28.9868,45,1,44,YOL ÜSTÜ,1,15,08:00-20:00
2026-08-17T14:35:45.074408+00:00,2026-08-17T17:35:45.074408+03:00,2406,Şişli Zemin Altı Otoparkı,ŞİŞLİ,41.0641,28.9992,581,197,384,KAPALI OTOPARK,1,15,24 Saat
2026-08-17T14:35:45.074408+00:00,2026-08-17T17:35:45.074408+03:00,1993,Tuzla İdo,TUZLA,40.8149,29.3039,300,259,41,AÇIK OTOPARK,1,15,24 Saat
2026-08-17T14:35:45.074408+00:00,2026-08-17T17:35:45.074408+03:00,3332,Tuzla Sahil Cep,TUZLA,40.8168,29.2992,50,39,11,AÇIK OTOPARK,1,0,08:00-00:00
2026-08-17T14:35:45.074408+00:00,2026-08-17T17:35:45.074408+03:00,3057,Tuzla Sahil Zemin Altı Otoparkı,TUZLA,40.8181,29.3004,779,1,778,KAPALI OTOPARK,1,15,24 Saat
2026-08-17T14:35:45.074408+00:00,2026-08-17T17:35:45.074408+03:00,1811,Ulu Camii Açık Otoparkı,BAHÇELİEVLER,40.9982,28.8499,150,126,24,AÇIK OTOPARK,1,10,24 Saat
2026-08-17T14:35:45.074408+00:00,2026-08-17T17:35:45.074408+03:00,2424,Uzunçayır Açık Otoparkı,KADIKÖY,40.9988,29.0556,58,51,7,AÇIK OTOPARK,0,0,06:00-16:00
2026-08-17T14:35:45.074408+00:00,2026-08-17T17:35:45.074408+03:00,1468,Ümraniye Katlı Otoparkı,ÜMRANİYE,41.0261,29.0953,665,374,291,KAPALI OTOPARK,1,15,24 Saat
2026-08-17T14:35:45.074408+00:00,2026-08-17T17:35:45.074408+03:00,2898,Ümraniye Okan Sokak Zeminaltı Otoparkı,ÜMRANİYE,41.0284,29.0907,125,28,97,KAPALI OTOPARK,1,15,24 Saat
2026-08-17T14:35:45.074408+00:00,2026-08-17T17:35:45.074408+03:00,2345,Üsküdar Uzunçayır PD Açık Otoparkı,ÜSKÜDAR,40.9988,29.0577,90,43,47,AÇIK OTOPARK,1,15,06:00-22:00
2026-08-17T14:35:45.074408+00:00,2026-08-17T17:35:45.074408+03:00,1929,Üsküdar Ünalan Açık Otoparkı,ÜSKÜDAR,40.9979,29.0604,180,175,5,AÇIK OTOPARK,0,0,07:00-17:00
2026-08-17T14:35:45.074408+00:00,2026-08-17T17:35:45.074408+03:00,1487,Vatan Caddesi PD Açık Otoparkı,FATİH,41.0157,28.9405,397,279,118,AÇIK OTOPARK,1,5,24 Saat
2026-08-17T14:35:45.074408+00:00,2026-08-17T17:35:45.074408+03:00,2441,Yalı Açık Otoparkı,MALTEPE,40.9095,29.137,85,82,3,AÇIK OTOPARK,1,0,07:30-22:00
2026-08-17T14:35:45.074408+00:00,2026-08-17T17:35:45.074408+03:00,459,Yalı Köşkü Caddesi 1,FATİH,41.0163,28.9759,61,1,60,YOL ÜSTÜ,1,5,07:00-21:00
2026-08-17T14:35:45.074408+00:00,2026-08-17T17:35:45.074408+03:00,2037,Yenikapı Marmaray Büyük Otoparkı,FATİH,41.0057,28.9505,324,109,215,AÇIK OTOPARK,1,15,24 Saat
2026-08-17T14:35:45.074408+00:00,2026-08-17T17:35:45.074408+03:00,2036,Yenikapı Marmaray Küçük Otoparkı,FATİH,41.0064,28.9504,200,152,48,AÇIK OTOPARK,1,15,07:00-22:00
2026-08-17T14:35:45.074408+00:00,2026-08-17T17:35:45.074408+03:00,2175,Yenikapı Spor ve Kültür Merkezi PD Açık Otoparkı,FATİH,41.0006,28.9519,4023,3812,211,AÇIK OTOPARK,1,15,24 Saat
2026-08-17T14:35:45.074408+00:00,2026-08-17T17:35:45.074408+03:00,2805,Yenikapı Tünel Üstü Açık Otoparkı,FATİH,41.0029,28.9534,700,425,275,AÇIK OTOPARK,1,10,24 Saat
2026-08-17T14:35:45.074408+00:00,2026-08-17T17:35:45.074408+03:00,3404,Yenimahalle Metro Zemin Altı PD Otoparkı,GAZİOSMANPAŞA,41.0839,28.8926,114,95,19,KAPALI OTOPARK,1,15,24 Saat
2026-08-17T14:35:45.074408+00:00,2026-08-17T17:35:45.074408+03:00,2920,Yeşilce Zemin Altı Katlı Otoparkı,KAĞITHANE,41.0938,29.0017,676,0,676,KAPALI OTOPARK,1,0,24 Saat
2026-08-17T14:35:45.074408+00:00,2026-08-17T17:35:45.074408+03:00,987,Yeşilköy İstasyon Caddesi 1,BAKIRKÖY,40.962,28.825,40,1,39,YOL ÜSTÜ,0,15,09:00-17:30
2026-08-17T14:35:45.074408+00:00,2026-08-17T17:35:45.074408+03:00,974,Yeşilköy Marina 1,BAKIRKÖY,40.9576,28.8233,145,1,144,YOL ÜSTÜ,1,0,12:00-23:00
2026-08-17T14:35:45.074408+00:00,2026-08-17T17:35:45.074408+03:00,3406,Yeşilpınar Metro Zemin Altı PD Otoparkı,EYÜP,41.081,28.9204,269,200,69,KAPALI OTOPARK,1,15,24 Saat
2026-08-17T14:35:45.074408+00:00,2026-08-17T17:35:45.074408+03:00,315,Yeşilyurt Çarşı 1,BAKIRKÖY,40.9643,28.8379,50,1,49,YOL ÜSTÜ,0,15,09:00-17:30
2026-08-17T14:35:45.074408+00:00,2026-08-17T17:35:45.074408+03:00,1133,Yıldız Korusu,BEŞİKTAŞ,41.0514,29.0165,500,1,499,AÇIK OTOPARK,1,0,08:00-22:00
2026-08-17T14:35:45.074408+00:00,2026-08-17T17:35:45.074408+03:00,882,Zeytinburnu 58. Bulvar 2,ZEYTİNBURNU,40.9932,28.9039,48,1,47,YOL ÜSTÜ,1,15,09:00-18:00
2026-08-17T14:35:45.074408+00:00,2026-08-17T17:35:45.074408+03:00,3185,Zeytinburnu Sahil Cep Otoparkı,ZEYTİNBURNU,40.9798,28.8985,160,1,159,AÇIK OTOPARK,1,0,12:00-22:00
2026-08-17T15:00:00.532480+00:00,2026-08-17T18:00:00.532480+03:00,3068,15 Temmuz Şehitler Meydanı Zeminaltı Otoparkı,ÜMRANİYE,41.0246,29.0915,1029,570,459,KAPALI OTOPARK,1,15,24 Saat
2026-08-17T15:00:00.532480+00:00,2026-08-17T18:00:00.532480+03:00,2338,19 Mayıs Açık,ŞİŞLİ,41.0563,28.9941,65,0,65,AÇIK OTOPARK,1,0,24 Saat
2026-08-17T15:00:00.532480+00:00,2026-08-17T18:00:00.532480+03:00,1751,4.Levent PD Açık Otoparkı,KAĞITHANE,41.0836,29.0081,236,110,126,AÇIK OTOPARK,1,5,24 Saat
2026-08-17T15:00:00.532480+00:00,2026-08-17T18:00:00.532480+03:00,3328,4.Levent Servis ve Turizm Araçları Açık Otoparkı,ŞİŞLİ,41.0841,29.0054,300,150,150,AÇIK OTOPARK,1,15,24 Saat
2026-08-17T15:00:00.532480+00:00,2026-08-17T18:00:00.532480+03:00,3412,5. Levent Gaziosmanpaşa Adliyesi Yanı Açık Otoparkı,EYÜP,41.0927,28.9494,250,201,49,AÇIK OTOPARK,1,15,07:00-23:00
2026-08-17T15:00:00.532480+00:00,2026-08-17T18:00:00.532480+03:00,104,Abide-i Hürriyet Caddesi 5,ŞİŞLİ,41.0619,28.9876,40,1,39,YOL ÜSTÜ,0,15,08:00-17:00
2026-08-17T15:00:00.532480+00:00,2026-08-17T18:00:00.532480+03:00,2452,Acıbadem Açık Otoparkı,ÜSKÜDAR,41.0157,29.0574,100,86,14,AÇIK OTOPARK,0,0,06:30-16:00
2026-08-17T15:00:00.532480+00:00,2026-08-17T18:00:00.532480+03:00,346,Ada Karşısı Cep 2,BEŞİKTAŞ,41.072,29.045,30,1,29,YOL ÜSTÜ,1,15,08:00-23:00
2026-08-17T15:00:00.532480+00:00,2026-08-17T18:00:00.532480+03:00,1663,Akasyalı Sokak Tenis Kulubü Önü 2,BEŞİKTAŞ,41.0867,29.0109,45,1,44,YOL ÜSTÜ,0,15,08:30-17:30
2026-08-17T15:00:00.532480+00:00,2026-08-17T18:00:00.532480+03:00,828,Akdeniz Caddesi 4,FATİH,41.0175,28.9435,27,1,26,YOL ÜSTÜ,0,15,09:00-18:00
2026-08-17T15:00:00.532480+00:00,2026-08-17T18:00:00.532480+03:00,1913,Alibeyköy Cep Otogarı Açık Otoparkı,EYÜP,41.0879,28.9446,116,0,116,AÇIK OTOPARK,1,25,24 Saat
2026-08-17T15:00:00.532480+00:00,2026-08-17T18:00:00.532480+03:00,1912,Alibeyköy Cep Otogarı Otobüs Otoparkı,EYÜP,41.0875,28.9449,5000,1,4999,AÇIK OTOPARK,1,60,24 Saat
2026-08-17T15:00:00.532480+00:00,2026-08-17T18:00:00.532480+03:00,2562,Alibeyköy Yeşiltepe Zemin Altı Otoparkı,EYÜP,41.0797,28.938,159,71,88,KAPALI OTOPARK,1,15,24 Saat
2026-08-17T15:00:00.532480+00:00,2026-08-17T18:00:00.532480+03:00,3201,Altınboynuz Sosyal Tesisleri,EYÜP,41.058,28.9447,70,70,0,AÇIK OTOPARK,1,15,08:00-23:00
2026-08-17T15:00:00.532480+00:00,2026-08-17T18:00:00.532480+03:00,758,Arap Camii Açık Otoparkı,BEYOĞLU,41.0227,28.9723,30,1,29,AÇIK OTOPARK,0,0,09:00-17:00
2026-08-17T15:00:00.532480+00:00,2026-08-17T18:00:00.532480+03:00,1963,Aras Sokak 1,BÜYÜKÇEKMECE,41.0226,28.622,60,1,59,YOL ÜSTÜ,0,0,06:00-14:30
2026-08-17T15:00:00.532480+00:00,2026-08-17T18:00:00.532480+03:00,2802,Arnavutköy Zemin Altı Otoparkı,ARNAVUTKÖY,41.1838,28.7396,700,6,694,KAPALI OTOPARK,1,15,24 Saat
2026-08-17T15:00:00.532480+00:00,2026-08-17T18:00:00.532480+03:00,1797,Ataköy Atrium AVM,BAKIRKÖY,40.9881,28.8459,250,225,25,AÇIK OTOPARK,1,15,08:00-23:00
2026-08-17T15:00:00.532480+00:00,2026-08-17T18:00:00.532480+03:00,2824,Ataköy Metro Durağı Yanı PD Zemin Altı Otoparkı,BAKIRKÖY,40.9904,28.8456,150,81,69,KAPALI OTOPARK,1,0,24 Saat
2026-08-17T15:00:00.532480+00:00,2026-08-17T18:00:00.532480+03:00,359,Atatürk Bulvarı 1,FATİH,41.0112,28.9534,20,1,19,YOL ÜSTÜ,0,0,07:30-18:00
2026-08-17T15:00:00.532480+00:00,2026-08-17T18:00:00.532480+03:00,3087,Atatürk Kent Ormanı Otoparkı,SARIYER,41.136,29.0262,200,197,3,AÇIK OTOPARK,0,0,08:00-17:00
2026-08-17T15:00:00.532480+00:00,2026-08-17T18:00:00.532480+03:00,1088,Avcılar İdo,AVCILAR,40.9712,28.7185,270,260,10,AÇIK OTOPARK,1,0,13:00-07:00
2026-08-17T15:00:00.532480+00:00,2026-08-17T18:00:00.532480+03:00,2885,Azapkapı Haliç Metro Otoparkı,ŞİŞLİ,41.0245,28.9691,80,9,71,AÇIK OTOPARK,1,5,24 Saat
2026-08-17T15:00:00.532480+00:00,2026-08-17T18:00:00.532480+03:00,2455,Azerbaycan Dostluk Parkı Zemin Altı Otoparkı,BAĞCILAR,41.0444,28.854,400,178,222,KAPALI OTOPARK,1,10,24 Saat
2026-08-17T15:00:00.532480+00:00,2026-08-17T18:00:00.532480+03:00,2965,Bağcılar Çolakoğlu Zemin Altı Otoparkı,BAĞCILAR,41.0324,28.8345,106,0,106,KAPALI OTOPARK,1,5,24 Saat
2026-08-17T15:00:00.532480+00:00,2026-08-17T18:00:00.532480+03:00,2576,Bağcılar Demirkapı Zemin Altı Otoparkı,BAĞCILAR,41.0499,28.8327,343,180,163,KAPALI OTOPARK,1,5,24 Saat
2026-08-17T15:00:00.532480+00:00,2026-08-17T18:00:00.532480+03:00,3036,Bağcılar Devlet Hastanesi Yanı Zeminaltı Otoparkı,BAĞCILAR,41.0312,28.8696,1133,121,1012,KAPALI OTOPARK,1,15,24 Saat
2026-08-17T15:00:00.532480+00:00,2026-08-17T18:00:00.532480+03:00,3071,Bağcılar Emniyet Müdürlüğü Yanı Açık Otoparkı,BAĞCILAR,41.0353,28.8598,100,34,66,AÇIK OTOPARK,1,0,24 Saat
2026-08-17T15:00:00.532480+00:00,2026-08-17T18:00:00.532480+03:00,2873,Bağcılar Göztepe Zemin Altı,BAĞCILAR,41.0567,28.8355,120,0,120,KAPALI OTOPARK,1,5,24 Saat
2026-08-17T15:00:00.532480+00:00,2026-08-17T18:00:00.532480+03:00,3187,Bağcılar Hürriyet Mahallesi Zemin Altı Otoparkı,BAĞCILAR,41.0291,28.8333,355,0,355,KAPALI OTOPARK,1,10,24 Saat
2026-08-17T15:00:00.532480+00:00,2026-08-17T18:00:00.532480+03:00,2916,Bağcılar Kent Meydanı PD Zemin Altı Otoparkı,BAĞCILAR,41.0339,28.8556,1162,0,1162,KAPALI OTOPARK,1,0,24 Saat
2026-08-17T15:00:00.532480+00:00,2026-08-17T18:00:00.532480+03:00,3261,Bağcılar Yenimahalle Zemin Altı Otoparkı,BAĞCILAR,41.0425,28.8395,525,286,239,KAPALI OTOPARK,1,15,24 Saat
2026-08-17T15:00:00.532480+00:00,2026-08-17T18:00:00.532480+03:00,2820,Bağcılar Yıldıztepe Katlı Otoparkı,BAĞCILAR,41.0294,28.8556,350,0,350,KAPALI OTOPARK,1,10,24 Saat
2026-08-17T15:00:00.532480+00:00,2026-08-17T18:00:00.532480+03:00,3447,Bahçelievler 23 Nisan Milli Egemenlik Zeminaltı Otoparkı,BAHÇELİEVLER,40.9988,28.8472,732,522,210,KAPALI OTOPARK,1,10,24 Saat
2026-08-17T15:00:00.532480+00:00,2026-08-17T18:00:00.532480+03:00,2993,Bahçelievler Cumhuriyet Zeminaltı Otoparkı,BAHÇELİEVLER,41.0149,28.859,663,0,663,KAPALI OTOPARK,1,10,24 Saat
2026-08-17T15:00:00.532480+00:00,2026-08-17T18:00:00.532480+03:00,2969,Bahçelievler Devlet Hastanesi Yanı Katlı Otoparkı,BAHÇELİEVLER,41.0072,28.8442,740,0,740,KAPALI OTOPARK,1,0,24 Saat
2026-08-17T15:00:00.532480+00:00,2026-08-17T18:00:00.532480+03:00,3051,Bahçelievler Zafer Mh. Zeminaltı Otoparkı,BAHÇELİEVLER,41.0036,28.8351,200,89,111,KAPALI OTOPARK,1,0,24 Saat
2026-08-17T15:00:00.532480+00:00,2026-08-17T18:00:00.532480+03:00,3236,Bahçeşehir Gölet Açık Otoparkı,BAŞAKŞEHİR,41.0719,28.6901,200,1,199,AÇIK OTOPARK,1,0,12:00-22:00
2026-08-17T15:00:00.532480+00:00,2026-08-17T18:00:00.532480+03:00,1465,Bakırköy İdo Açık Otoparkı,BAKIRKÖY,40.9739,28.8761,160,117,43,AÇIK OTOPARK,1,10,24 Saat
2026-08-17T15:00:00.532480+00:00,2026-08-17T18:00:00.532480+03:00,1104,Balmumcu Katlı Otoparkı,BEŞİKTAŞ,41.0636,29.0109,400,257,143,KAPALI OTOPARK,1,5,24 Saat
2026-08-17T15:00:00.532480+00:00,2026-08-17T18:00:00.532480+03:00,2796,Başakşehir Metro Açık Otoparkı,BAŞAKŞEHİR,41.107,28.801,125,1,124,AÇIK OTOPARK,0,0,07:00-16:00
2026-08-17T15:00:00.532480+00:00,2026-08-17T18:00:00.532480+03:00,2350,Bayrampaşa Adapark Katlı Otoparkı,BAYRAMPAŞA,41.0647,28.8875,650,0,650,KAPALI OTOPARK,1,15,24 Saat
2026-08-17T15:00:00.532480+00:00,2026-08-17T18:00:00.532480+03:00,2892,Bayrampaşa Altıntepsi Zemin  Altı Otoparkı,BAYRAMPAŞA,41.0393,28.9029,110,0,110,KAPALI OTOPARK,1,10,24 Saat
2026-08-17T15:00:00.532480+00:00,2026-08-17T18:00:00.532480+03:00,2909,Bayrampaşa Atatürk Parkı  Zemin Altı Otoparkı,BAYRAMPAŞA,41.0342,28.9123,442,0,442,KAPALI OTOPARK,1,10,24 Saat
2026-08-17T15:00:00.532480+00:00,2026-08-17T18:00:00.532480+03:00,2683,Bayrampaşa Devlet Hastanesi Cep Otoparkı,BAYRAMPAŞA,41.0414,28.9031,55,25,30,AÇIK OTOPARK,1,0,08:00-19:00
2026-08-17T15:00:00.532480+00:00,2026-08-17T18:00:00.532480+03:00,3301,Bayrampaşa Kocatepe Mahallesi Zemin Altı Otoparkı,BAYRAMPAŞA,41.0545,28.8964,241,0,241,KAPALI OTOPARK,1,10,24 Saat
2026-08-17T15:00:00.532480+00:00,2026-08-17T18:00:00.532480+03:00,2053,Bayrampaşa Muratpaşa Yer Altı Otoparkı,BAYRAMPAŞA,41.047,28.9082,300,16,284,KAPALI OTOPARK,1,15,24 Saat
2026-08-17T15:00:00.532480+00:00,2026-08-17T18:00:00.532480+03:00,3175,Bayrampaşa Spor Kompleksi Zemin Altı Otoparkı,BAYRAMPAŞA,41.0446,28.9106,205,0,205,KAPALI OTOPARK,1,15,24 Saat
2026-08-17T15:00:00.532480+00:00,2026-08-17T18:00:00.532480+03:00,3382,Bayrampaşa Şehit Kamil Balkan Zemin Altı Otoparkı,BAYRAMPAŞA,41.0604,28.9008,235,0,235,KAPALI OTOPARK,1,10,24 Saat
2026-08-17T15:00:00.532480+00:00,2026-08-17T18:00:00.532480+03:00,2428,Bayrampaşa Yenidoğan Mahallesi Zemin Altı Otoparkı,BAYRAMPAŞA,41.0395,28.9088,120,0,120,KAPALI OTOPARK,1,10,24 Saat
2026-08-17T15:00:00.532480+00:00,2026-08-17T18:00:00.532480+03:00,2468,Bebek Açık,BEŞİKTAŞ,41.077,29.0434,30,0,30,AÇIK OTOPARK,1,0,24 Saat
2026-08-17T15:00:00.532480+00:00,2026-08-17T18:00:00.532480+03:00,3479,Beşiktaş Halk Pazarı Açık Otoparkı,BEŞİKTAŞ,41.0496,29.0004,170,95,75,AÇIK OTOPARK,1,5,24 Saat
2026-08-17T15:00:00.532480+00:00,2026-08-17T18:00:00.532480+03:00,3257,Beykoz Sahil Cep Otoparkı,BEYKOZ,41.1286,29.0953,100,74,26,AÇIK OTOPARK,1,0,08:00-00:00
2026-08-17T15:00:00.532480+00:00,2026-08-17T18:00:00.532480+03:00,2273,Beykoz Sosyal Tesisleri,BEYKOZ,41.1143,29.0888,130,0,130,AÇIK OTOPARK,1,15,08:00-00:00
2026-08-17T15:00:00.532480+00:00,2026-08-17T18:00:00.532480+03:00,2999,Beyoğlu Gazhane Bostan Sokak 2,BEYOĞLU,41.0389,28.9903,35,1,34,YOL ÜSTÜ,0,0,07:30-16:30
2026-08-17T15:00:00.532480+00:00,2026-08-17T18:00:00.532480+03:00,3072,Beyoğlu Örnektepe Zemin Altı Otoparkı,BEYOĞLU,41.0543,28.9548,143,0,143,KAPALI OTOPARK,1,0,24 Saat
2026-08-17T15:00:00.532480+00:00,2026-08-17T18:00:00.532480+03:00,1455,Bostancı Açık,KADIKÖY,40.9523,29.0902,394,89,305,AÇIK OTOPARK,1,15,24 Saat
2026-08-17T15:00:00.532480+00:00,2026-08-17T18:00:00.532480+03:00,1456,Bostancı Sahil-Cep Açık Otoparkı,KADIKÖY,40.9545,29.0885,192,117,75,AÇIK OTOPARK,1,15,24 Saat
2026-08-17T15:00:00.532480+00:00,2026-08-17T18:00:00.532480+03:00,2150,Bostancı Vergi Dairesi Açık Otoparkı,ATAŞEHİR,40.9625,29.1083,155,0,155,AÇIK OTOPARK,1,5,08:00-20:00
2026-08-17T15:00:00.532480+00:00,2026-08-17T18:00:00.532480+03:00,2854,Bülent Ecevit Kültür Merkezi Açık Otoparkı,KARTAL,40.8852,29.1967,277,266,11,AÇIK OTOPARK,1,0,10:00-21:00
2026-08-17T15:00:00.532480+00:00,2026-08-17T18:00:00.532480+03:00,2866,Büyük İstanbul Otogarı,BAYRAMPAŞA,41.0402,28.8942,1000,0,1000,AÇIK OTOPARK,1,25,24 Saat
2026-08-17T15:00:00.532480+00:00,2026-08-17T18:00:00.532480+03:00,1192,Büyükçamlıca Korusu Sosyal Tesisleri Önü,ÜSKÜDAR,41.0264,29.0698,204,112,92,AÇIK OTOPARK,1,0,08:00-00:00
2026-08-17T15:00:00.532480+00:00,2026-08-17T18:00:00.532480+03:00,2960,Büyükçekmece Metrobüs Durağı Yanı PD Zemin Altı Otopark,BÜYÜKÇEKMECE,41.0221,28.624,448,0,448,KAPALI OTOPARK,1,0,24 Saat
2026-08-17T15:00:00.532480+00:00,2026-08-17T18:00:00.532480+03:00,1503,Cadde Bostan Açık Otoparkı,KADIKÖY,40.9636,29.0675,66,34,32,AÇIK OTOPARK,1,15,24 Saat
2026-08-17T15:00:00.532480+00:00,2026-08-17T18:00:00.532480+03:00,2933,Cemal Kamacı Spor Kompleksi Zemin Altı Otoparkı,KAĞITHANE,41.0536,28.9575,510,0,510,KAPALI OTOPARK,1,0,24 Saat
2026-08-17T15:00:00.532480+00:00,2026-08-17T18:00:00.532480+03:00,2207,Cengiz Topel Yer Altı Katlı Otoparkı,ESENLER,41.0588,28.8643,144,0,144,KAPALI OTOPARK,1,15,24 Saat
2026-08-17T15:00:00.532480+00:00,2026-08-17T18:00:00.532480+03:00,2787,Cevizli Açık Otoparkı,KARTAL,40.9179,29.1712,100,61,39,AÇIK OTOPARK,1,15,08:00-19:00
2026-08-17T15:00:00.532480+00:00,2026-08-17T18:00:00.532480+03:00,782,Cihangir Caddesi 2,BEYOĞLU,41.0319,28.9862,70,1,69,YOL ÜSTÜ,1,15,09:00-19:00
2026-08-17T15:00:00.532480+00:00,2026-08-17T18:00:00.532480+03:00,1467,Cihangir Katlı Otoparkı,BEYOĞLU,41.0318,28.9858,350,0,350,KAPALI OTOPARK,1,0,24 Saat
2026-08-17T15:00:00.532480+00:00,2026-08-17T18:00:00.532480+03:00,535,Cihannuma Yol Üstü 1,BEŞİKTAŞ,41.0454,29.0084,35,1,34,YOL ÜSTÜ,1,0,08:00-23:00
2026-08-17T15:00:00.532480+00:00,2026-08-17T18:00:00.532480+03:00,537,Cihannuma Yol Üstü 3,BEŞİKTAŞ,41.0459,29.0087,33,1,32,YOL ÜSTÜ,1,0,08:00-23:00
2026-08-17T15:00:00.532480+00:00,2026-08-17T18:00:00.532480+03:00,539,Cihannuma Yol Üstü 5,BEŞİKTAŞ,41.0489,29.0094,24,1,23,YOL ÜSTÜ,1,0,08:00-23:00
2026-08-17T15:00:00.532480+00:00,2026-08-17T18:00:00.532480+03:00,3184,Çam Sokak 6,GÜNGÖREN,41.0121,28.8882,50,1,49,YOL ÜSTÜ,0,15,08:00-17:00
2026-08-17T15:00:00.532480+00:00,2026-08-17T18:00:00.532480+03:00,3030,Çekmeköy Metro PD Zemin Altı Otoparkı,ÇEKMEKÖY,41.0147,29.1886,175,45,130,KAPALI OTOPARK,1,15,24 Saat
2026-08-17T15:00:00.532480+00:00,2026-08-17T18:00:00.532480+03:00,2905,Çeliktepe Açık Otoparkı,KAĞITHANE,41.0843,29.0056,200,78,122,AÇIK OTOPARK,1,5,24 Saat
2026-08-17T15:00:00.532480+00:00,2026-08-17T18:00:00.532480+03:00,1298,Çengelköy Açık Otoparkı,ÜSKÜDAR,41.0484,29.0533,500,320,180,AÇIK OTOPARK,1,15,24 Saat
2026-08-17T15:00:00.532480+00:00,2026-08-17T18:00:00.532480+03:00,502,Çınar Açık Otoparkı,BEŞİKTAŞ,41.0853,29.0088,65,1,64,AÇIK OTOPARK,0,0,08:00-18:00
2026-08-17T15:00:00.532480+00:00,2026-08-17T18:00:00.532480+03:00,777,Çırağan Sarayı Yol Üstü 1,BEŞİKTAŞ,41.0448,29.0165,40,1,39,YOL ÜSTÜ,1,15,08:00-23:00
2026-08-17T15:00:00.532480+00:00,2026-08-17T18:00:00.532480+03:00,778,Çırağan Sarayı Yol Üstü 2,BEŞİKTAŞ,41.0445,29.0156,40,1,39,YOL ÜSTÜ,1,15,08:00-23:00
2026-08-17T15:00:00.532480+00:00,2026-08-17T18:00:00.532480+03:00,2228,Çırpıcı Sosyal Tesisler,ZEYTİNBURNU,41,28.8926,128,0,128,AÇIK OTOPARK,1,15,07:00-00:00
2026-08-17T15:00:00.532480+00:00,2026-08-17T18:00:00.532480+03:00,2030,Dalyan Açık Otoparkı,KADIKÖY,40.9632,29.0651,92,12,80,AÇIK OTOPARK,1,15,24 Saat
2026-08-17T15:00:00.532480+00:00,2026-08-17T18:00:00.532480+03:00,2271,Damla Sokak 1,ŞİŞLİ,41.0672,29.0004,17,1,16,YOL ÜSTÜ,0,15,07:30-16:30
2026-08-17T15:00:00.532480+00:00,2026-08-17T18:00:00.532480+03:00,2164,Darüşşafaka Yeraltı Otoparkı,SARIYER,41.1292,29.0252,150,123,27,KAPALI OTOPARK,1,15,08:00-00:00
2026-08-17T15:00:00.532480+00:00,2026-08-17T18:00:00.532480+03:00,1653,Deniz Feneri Otoparkı,FATİH,41.0019,28.9773,175,89,86,AÇIK OTOPARK,1,5,24 Saat
2026-08-17T15:00:00.532480+00:00,2026-08-17T18:00:00.532480+03:00,595,Dostluk Yurdu 1,FATİH,41.0071,28.973,33,33,0,YOL ÜSTÜ,0,15,07:00-17:00
2026-08-17T15:00:00.532480+00:00,2026-08-17T18:00:00.532480+03:00,2237,Dragos Sosyal Tesisleri,KARTAL,40.9017,29.1458,100,35,65,AÇIK OTOPARK,1,15,24 Saat
2026-08-17T15:00:00.532480+00:00,2026-08-17T18:00:00.532480+03:00,3063,Dudullu Metro PD Zemin Altı Otoparkı,ÜMRANİYE,41.0156,29.1633,81,52,29,KAPALI OTOPARK,1,15,07:00-23:30
2026-08-17T15:00:00.532480+00:00,2026-08-17T18:00:00.532480+03:00,1522,Ebu Suut Caddesi 1,FATİH,41.0128,28.9766,35,1,34,YOL ÜSTÜ,0,0,08:00-18:00
2026-08-17T15:00:00.532480+00:00,2026-08-17T18:00:00.532480+03:00,2147,EGS Blokları Açık Otoparkı,BAKIRKÖY,40.9863,28.8354,350,31,319,AÇIK OTOPARK,1,60,09:00-19:30
2026-08-17T15:00:00.532480+00:00,2026-08-17T18:00:00.532480+03:00,2366,Esenler Adem Baştürk Kültür Merkezi Katlı,ESENLER,41.039,28.8846,460,37,423,KAPALI OTOPARK,1,15,24 Saat
2026-08-17T15:00:00.532480+00:00,2026-08-17T18:00:00.532480+03:00,3190,Esenler Havaalanı Mahallesi Zemin Altı Otoparkı,ESENLER,41.0562,28.8674,610,364,246,KAPALI OTOPARK,1,10,24 Saat
2026-08-17T15:00:00.532480+00:00,2026-08-17T18:00:00.532480+03:00,3011,Esenler Menderes Metro İstasyonu Yanı,ESENLER,41.0427,28.8783,68,22,46,AÇIK OTOPARK,1,5,24 Saat
2026-08-17T15:00:00.532480+00:00,2026-08-17T18:00:00.532480+03:00,2822,Esenler Menderes Parkı Zemin Altı Otoparkı,ESENLER,41.0412,28.8729,325,77,248,KAPALI OTOPARK,1,10,24 Saat
2026-08-17T15:00:00.532480+00:00,2026-08-17T18:00:00.532480+03:00,3303,Esenyurt Adile Naşit Bulvarı Zeminaltı Otoparkı,ESENYURT,41.0205,28.6859,367,281,86,KAPALI OTOPARK,1,15,24 Saat
2026-08-17T15:00:00.532480+00:00,2026-08-17T18:00:00.532480+03:00,1328,Eski Salı Pazarı,KADIKÖY,40.9904,29.0338,760,0,760,AÇIK OTOPARK,1,15,24 Saat
2026-08-17T15:00:00.532480+00:00,2026-08-17T18:00:00.532480+03:00,904,Eyüp Pierloti Caddesi 1,EYÜP,41.0539,28.9329,40,1,39,YOL ÜSTÜ,1,0,09:00-22:00
2026-08-17T15:00:00.532480+00:00,2026-08-17T18:00:00.532480+03:00,2850,Eyüpsultan Akşemsettin Mahallesi Zemin Altı Otoparkı,EYÜP,41.085,28.9258,110,0,110,KAPALI OTOPARK,1,15,24 Saat
2026-08-17T15:00:00.532480+00:00,2026-08-17T18:00:00.532480+03:00,2215,Fatih Çeşmesi Tabiat Parkı Otoparkı,SARIYER,41.1686,28.9448,250,243,7,AÇIK OTOPARK,1,0,06:00-20:00
2026-08-17T15:00:00.532480+00:00,2026-08-17T18:00:00.532480+03:00,1475,Fatih Katlı Otoparkı,FATİH,41.0198,28.9396,118,16,102,KAPALI OTOPARK,1,10,24 Saat
2026-08-17T15:00:00.532480+00:00,2026-08-17T18:00:00.532480+03:00,1591,Feshane PD Açık Otoparkı,EYÜP,41.0463,28.9378,200,40,160,AÇIK OTOPARK,1,15,24 Saat
2026-08-17T15:00:00.532480+00:00,2026-08-17T18:00:00.532480+03:00,1005,Florya Havuzlu Bahçe,BAKIRKÖY,40.9764,28.7908,135,1,134,AÇIK OTOPARK,1,0,09:00-23:00
2026-08-17T15:00:00.532480+00:00,2026-08-17T18:00:00.532480+03:00,2238,Florya Sosyal Tesisleri,BAKIRKÖY,40.9614,28.8091,1074,809,265,AÇIK OTOPARK,1,15,24 Saat
2026-08-17T15:00:00.532480+00:00,2026-08-17T18:00:00.532480+03:00,1704,Gazi Umur Paşa Sokak 5,BEŞİKTAŞ,41.0589,29.0114,45,1,44,YOL ÜSTÜ,0,15,08:00-17:00
2026-08-17T15:00:00.532480+00:00,2026-08-17T18:00:00.532480+03:00,3296,Gaziosmanpaşa Meydanı ve Yaşam Merkezi Zemin Altı Otoparkı,GAZİOSMANPAŞA,41.0606,28.9093,202,0,202,KAPALI OTOPARK,1,15,24 Saat
2026-08-17T15:00:00.532480+00:00,2026-08-17T18:00:00.532480+03:00,2971,Gaziosmanpaşa Zemin Altı Otoparkı,GAZİOSMANPAŞA,41.0796,28.8858,285,0,285,KAPALI OTOPARK,1,0,24 Saat
2026-08-17T15:00:00.532480+00:00,2026-08-17T18:00:00.532480+03:00,3401,Giyimkent Tekstilkent Metro Zemin Altı PD Otoparkı,ESENLER,41.0711,28.8666,203,176,27,KAPALI OTOPARK,1,10,24 Saat
2026-08-17T15:00:00.532480+00:00,2026-08-17T18:00:00.532480+03:00,2242,Gözdağı Sosyal Tesisler  Açık Otoparkı,PENDİK,40.893,29.2538,300,216,84,AÇIK OTOPARK,1,0,07:00-23:00
2026-08-17T15:00:00.532480+00:00,2026-08-17T18:00:00.532480+03:00,1879,Gülsuyu Metro PD Yer Altı Otoparkı,MALTEPE,40.9237,29.1548,76,0,76,KAPALI OTOPARK,1,15,08:00-00:00
2026-08-17T15:00:00.532480+00:00,2026-08-17T18:00:00.532480+03:00,1423,Güneş Plajı 1,BAKIRKÖY,40.9712,28.79,250,198,52,AÇIK OTOPARK,1,10,24 Saat
2026-08-17T15:00:00.532480+00:00,2026-08-17T18:00:00.532480+03:00,1461,Güneş Plajı 2,BAKIRKÖY,40.9692,28.7951,135,102,33,AÇIK OTOPARK,1,10,08:00-20:00
2026-08-17T15:00:00.532480+00:00,2026-08-17T18:00:00.532480+03:00,3053,Güngören Nikah Dairesi Zemin Altı otoparkı,GÜNGÖREN,41.0363,28.8718,147,0,147,KAPALI OTOPARK,1,10,24 Saat
2026-08-17T15:00:00.532480+00:00,2026-08-17T18:00:00.532480+03:00,2216,Gürpınar Balık Hali Otoparkı,BEYLİKDÜZÜ,40.9663,28.6019,1000,760,240,AÇIK OTOPARK,1,15,24 Saat
2026-08-17T15:00:00.532480+00:00,2026-08-17T18:00:00.532480+03:00,1525,Hacıosman Metro Yer Altı Otoparkı,SARIYER,41.14,29.0306,422,108,314,KAPALI OTOPARK,1,15,24 Saat
2026-08-17T15:00:00.532480+00:00,2026-08-17T18:00:00.532480+03:00,1470,Haldun Alagaş Katlı Otoparkı,ÜMRANİYE,41.0262,29.1052,197,86,111,KAPALI OTOPARK,1,15,24 Saat
2026-08-17T15:00:00.532480+00:00,2026-08-17T18:00:00.532480+03:00,3235,Haliç Sosyal Tesisleri Otoparkı,FATİH,41.0277,28.9572,60,18,42,AÇIK OTOPARK,1,15,07:00-00:00
2026-08-17T15:00:00.532480+00:00,2026-08-17T18:00:00.532480+03:00,2848,Halkalı Mahallesi Zemin Altı Otoparkı,KÜÇÜKÇEKMECE,41.0359,28.7848,347,253,94,KAPALI OTOPARK,1,15,24 Saat
2026-08-17T15:00:00.532480+00:00,2026-08-17T18:00:00.532480+03:00,2838,Hamidiye Mahallesi Katlı Otoparkı,KAĞITHANE,41.0949,28.971,450,191,259,KAPALI OTOPARK,1,15,24 Saat
2026-08-17T15:00:00.532480+00:00,2026-08-17T18:00:00.532480+03:00,1446,Harbiye Zemin Altı Otoparkı,BEYOĞLU,41.0408,28.9869,142,23,119,KAPALI OTOPARK,1,5,24 Saat
2026-08-17T15:00:00.532480+00:00,2026-08-17T18:00:00.532480+03:00,2332,Haydarpaşa Katlı Otoparkı,ÜSKÜDAR,41.0048,29.0251,840,690,150,KAPALI OTOPARK,1,15,24 Saat
2026-08-17T15:00:00.532480+00:00,2026-08-17T18:00:00.532480+03:00,1987,Haznedar Yer Altı Otoparkı,GÜNGÖREN,41.0083,28.8729,540,0,540,KAPALI OTOPARK,1,0,24 Saat
2026-08-17T15:00:00.532480+00:00,2026-08-17T18:00:00.532480+03:00,377,Hızır Külhani Sokak,FATİH,41.0202,28.9605,32,1,31,YOL ÜSTÜ,0,15,09:00-17:00
2026-08-17T15:00:00.532480+00:00,2026-08-17T18:00:00.532480+03:00,3173,Hürriyet Mahallesi Zeminaltı Otoparkı,GAZİOSMANPAŞA,41.0708,28.8951,190,0,190,KAPALI OTOPARK,1,15,24 Saat
2026-08-17T15:00:00.532480+00:00,2026-08-17T18:00:00.532480+03:00,157,Ihlamur Dere Caddesi 4,BEŞİKTAŞ,41.047,29.0023,27,1,26,YOL ÜSTÜ,0,15,09:00-17:00
2026-08-17T15:00:00.532480+00:00,2026-08-17T18:00:00.532480+03:00,1189,İçerenköy Sebze Meyve Hali Otoparkı,ATAŞEHİR,40.9766,29.1044,600,600,0,AÇIK OTOPARK,1,15,24 Saat
2026-08-17T15:00:00.532480+00:00,2026-08-17T18:00:00.532480+03:00,1127,İshakpaşa Caddesi,FATİH,41.0079,28.9814,200,1,199,YOL ÜSTÜ,0,0,08:00-18:00
2026-08-17T15:00:00.532480+00:00,2026-08-17T18:00:00.532480+03:00,3265,İspark İstanbul West Marina Açık Otoparkı 1,BEYLİKDÜZÜ,40.9636,28.6564,250,1,249,AÇIK OTOPARK,1,15,24 Saat
2026-08-17T15:00:00.532480+00:00,2026-08-17T18:00:00.532480+03:00,2793,İspark Merter Katlı Otoparkı,GÜNGÖREN,41.0097,28.89,900,352,548,KAPALI OTOPARK,1,10,24 Saat
2026-08-17T15:00:00.532480+00:00,2026-08-17T18:00:00.532480+03:00,2430,İspark West İstanbul Marina Açık Otoparkı,BEYLİKDÜZÜ,40.9639,28.6591,1600,926,674,AÇIK OTOPARK,1,15,24 Saat
2026-08-17T15:00:00.532480+00:00,2026-08-17T18:00:00.532480+03:00,381,İstinye 4 ( Cami Önü ),SARIYER,41.1149,29.0571,25,1,24,YOL ÜSTÜ,0,15,08:30-17:30
2026-08-17T15:00:00.532480+00:00,2026-08-17T18:00:00.532480+03:00,1804,İtalyan Hastanesi Karşısı Açık Otoparkı 1,BEYOĞLU,41.028,28.9815,30,1,29,AÇIK OTOPARK,1,0,08:00-19:00
2026-08-17T15:00:00.532480+00:00,2026-08-17T18:00:00.532480+03:00,507,Kabasakal Medrese Önü,FATİH,41.0062,28.9789,65,1,64,AÇIK OTOPARK,1,0,08:00-18:30
2026-08-17T15:00:00.532480+00:00,2026-08-17T18:00:00.532480+03:00,3306,Kabataş Transfer Merkezi Turizm Otobüs Otoparkı,BEYOĞLU,41.0336,28.9923,160,0,160,KAPALI OTOPARK,1,20,24 Saat
2026-08-17T15:00:00.532480+00:00,2026-08-17T18:00:00.532480+03:00,2918,Kadıköy Hasanpaşa Gazhane Katlı Otoparkı,KADIKÖY,40.9972,29.0428,310,193,117,KAPALI OTOPARK,1,15,24 Saat
2026-08-17T15:00:00.532480+00:00,2026-08-17T18:00:00.532480+03:00,1447,Kadıköy İski Açık Otoparkı,KADIKÖY,40.9874,29.0207,124,0,124,AÇIK OTOPARK,1,15,24 Saat
2026-08-17T15:00:00.532480+00:00,2026-08-17T18:00:00.532480+03:00,1655,Kadıköy Metro Açık Otoparkı,KADIKÖY,40.9899,29.0217,74,8,66,AÇIK OTOPARK,1,15,24 Saat
2026-08-17T15:00:00.532480+00:00,2026-08-17T18:00:00.532480+03:00,3445,Kadıköy Uzunçayır PD Açık Otoparkı,KADIKÖY,40.9982,29.0569,70,40,30,AÇIK OTOPARK,0,15,06:30-16:30
2026-08-17T15:00:00.532480+00:00,2026-08-17T18:00:00.532480+03:00,2808,Kadıköy Yeni Salı Pazarı PD Katlı Otoparkı,KADIKÖY,40.9969,29.0486,1350,671,679,KAPALI OTOPARK,1,15,24 Saat
2026-08-17T15:00:00.532480+00:00,2026-08-17T18:00:00.532480+03:00,2811,Kağıthane Harmantepe Zemin Altı Otoparkı,KAĞITHANE,41.0816,28.9907,200,0,200,KAPALI OTOPARK,1,0,24 Saat
2026-08-17T15:00:00.532480+00:00,2026-08-17T18:00:00.532480+03:00,1452,Kalamış Açık Otoparkı,KADIKÖY,40.9687,29.0363,173,110,63,AÇIK OTOPARK,1,15,24 Saat
2026-08-17T15:00:00.532480+00:00,2026-08-17T18:00:00.532480+03:00,1474,Kartal Hasan Doğan Spor Kompleksi,KARTAL,40.8918,29.1897,773,0,773,KAPALI OTOPARK,1,15,24 Saat
2026-08-17T15:00:00.532480+00:00,2026-08-17T18:00:00.532480+03:00,1105,Kartal İdo Açık Otoparkı,KARTAL,40.8874,29.1881,90,0,90,AÇIK OTOPARK,1,15,24 Saat
2026-08-17T15:00:00.532480+00:00,2026-08-17T18:00:00.532480+03:00,1550,Kartal Sahil Açık Otoparkı,KARTAL,40.8875,29.1901,75,13,62,AÇIK OTOPARK,1,5,24 Saat
2026-08-17T15:00:00.532480+00:00,2026-08-17T18:00:00.532480+03:00,3434,Kasımpaşa Sosyal Tesisler Otoparkı,BEYOĞLU,41.0296,28.9673,60,37,23,AÇIK OTOPARK,1,0,07:30-23:00
2026-08-17T15:00:00.532480+00:00,2026-08-17T18:00:00.532480+03:00,1960,Kazlıçeşme Marmaray Açık Otoparkı,ZEYTİNBURNU,40.9922,28.917,700,534,166,AÇIK OTOPARK,1,15,24 Saat
2026-08-17T15:00:00.532480+00:00,2026-08-17T18:00:00.532480+03:00,2994,Kirazlı Metro Durağı PD Açık Otoparkı,BAĞCILAR,41.033,28.8429,112,0,112,AÇIK OTOPARK,1,5,24 Saat
2026-08-17T15:00:00.532480+00:00,2026-08-17T18:00:00.532480+03:00,1528,Kore Şehitleri Caddesi - Yüzbaşı Kaya Aldağon Sokak 1,ŞİŞLİ,41.0719,29.0139,40,1,39,YOL ÜSTÜ,0,15,07:00-16:00
2026-08-17T15:00:00.532480+00:00,2026-08-17T18:00:00.532480+03:00,2449,Kozyatağı Sebze-Meyve Hali,ATAŞEHİR,40.9787,29.1029,1500,1500,0,AÇIK OTOPARK,1,0,24 Saat
2026-08-17T15:00:00.532480+00:00,2026-08-17T18:00:00.532480+03:00,1206,Kutlugün Sokak 2,FATİH,41.0061,28.9801,200,1,199,YOL ÜSTÜ,0,0,08:00-18:00
2026-08-17T15:00:00.532480+00:00,2026-08-17T18:00:00.532480+03:00,3074,Küçük Çamlıca,ÜSKÜDAR,41.0204,29.0653,129,104,25,AÇIK OTOPARK,1,0,08:00-22:00
2026-08-17T15:00:00.532480+00:00,2026-08-17T18:00:00.532480+03:00,3127,Küçükçekmece Cennet Mahallesi Meydan Zemin Altı Otoparkı,KÜÇÜKÇEKMECE,40.9907,28.783,456,0,456,KAPALI OTOPARK,1,10,24 Saat
2026-08-17T15:00:00.532480+00:00,2026-08-17T18:00:00.532480+03:00,2554,Küçükçekmece Fevzi Çakmak Meydanı Zemin Altı Otoparkı,KÜÇÜKÇEKMECE,41.0076,28.7927,1000,519,481,KAPALI OTOPARK,1,10,24 Saat
2026-08-17T15:00:00.532480+00:00,2026-08-17T18:00:00.532480+03:00,2882,Küçüksu Kasrı Açık Otoparkı,BEYKOZ,41.0789,29.0657,98,93,5,AÇIK OTOPARK,1,0,07:00-23:00
2026-08-17T15:00:00.532480+00:00,2026-08-17T18:00:00.532480+03:00,220,Levent Hamidiye,BEŞİKTAŞ,41.0861,29.0076,100,1,99,AÇIK OTOPARK,1,0,08:00-19:00
2026-08-17T15:00:00.532480+00:00,2026-08-17T18:00:00.532480+03:00,1138,Levent Metro Yer Altı Otoparkı,BEŞİKTAŞ,41.0811,29.0105,100,100,0,AÇIK OTOPARK,1,5,07:30-19:30
2026-08-17T15:00:00.532480+00:00,2026-08-17T18:00:00.532480+03:00,2335,Maçka Açık Otoparkı,ŞİŞLİ,41.046,28.9908,75,74,1,AÇIK OTOPARK,1,0,24 Saat
2026-08-17T15:00:00.532480+00:00,2026-08-17T18:00:00.532480+03:00,1859,Maçka Katlı Otoparkı,ŞİŞLİ,41.0484,28.9903,508,63,445,KAPALI OTOPARK,1,0,24 Saat
2026-08-17T15:00:00.532480+00:00,2026-08-17T18:00:00.532480+03:00,3193,Maltepe Rıhtım Caddesi Açık Otoparkı,MALTEPE,40.9258,29.1241,76,36,40,AÇIK OTOPARK,1,0,24 Saat
2026-08-17T15:00:00.532480+00:00,2026-08-17T18:00:00.532480+03:00,2146,Maltepe Süreyyapaşa Çarşısı Açık Otoparkı,MALTEPE,40.9274,29.1225,156,101,55,AÇIK OTOPARK,1,0,24 Saat
2026-08-17T15:00:00.532480+00:00,2026-08-17T18:00:00.532480+03:00,1599,Maslak Açık Otoparkı,SARIYER,41.1166,29.024,150,92,58,AÇIK OTOPARK,1,10,24 Saat
2026-08-17T15:00:00.532480+00:00,2026-08-17T18:00:00.532480+03:00,2100,Matbaacılar Sitesi Yanı,ZEYTİNBURNU,41.0234,28.9187,250,182,68,AÇIK OTOPARK,1,5,24 Saat
2026-08-17T15:00:00.532480+00:00,2026-08-17T18:00:00.532480+03:00,920,Meclis-i Mebusan Yokuşu 2,BEYOĞLU,41.0326,28.9882,34,1,33,YOL ÜSTÜ,0,15,09:00-17:00
2026-08-17T15:00:00.532480+00:00,2026-08-17T18:00:00.532480+03:00,1546,Menekşe Plajı Açık Otoparkı,BAKIRKÖY,40.9761,28.7766,200,200,0,AÇIK OTOPARK,1,0,24 Saat
2026-08-17T15:00:00.532480+00:00,2026-08-17T18:00:00.532480+03:00,1376,Mercan Açık,FATİH,41.0136,28.9669,130,60,70,AÇIK OTOPARK,1,0,08:00-23:00
2026-08-17T15:00:00.532480+00:00,2026-08-17T18:00:00.532480+03:00,3309,Mercan Ali Paşa Sarayı Zemin Altı Otoparkı,FATİH,41.0136,28.967,196,1,195,KAPALI OTOPARK,1,0,07:00-21:00
2026-08-17T15:00:00.532480+00:00,2026-08-17T18:00:00.532480+03:00,1472,Merter Katlı Otoparkı,GÜNGÖREN,41.0092,28.8874,1000,875,125,KAPALI OTOPARK,1,10,24 Saat
2026-08-17T15:00:00.532480+00:00,2026-08-17T18:00:00.532480+03:00,2375,Merter Metro PD Zeminaltı Otoparkı,GÜNGÖREN,41.0037,28.8897,242,84,158,KAPALI OTOPARK,1,10,24 Saat
2026-08-17T15:00:00.532480+00:00,2026-08-17T18:00:00.532480+03:00,1568,Mete Caddesi 1,BEYOĞLU,41.0382,28.9879,31,1,30,YOL ÜSTÜ,1,15,08:00-23:00
2026-08-17T15:00:00.532480+00:00,2026-08-17T18:00:00.532480+03:00,1471,Mevlana Yeraltı Katlı Otoparkı,ZEYTİNBURNU,41.0072,28.9049,1000,862,138,KAPALI OTOPARK,1,5,24 Saat
2026-08-17T15:00:00.532480+00:00,2026-08-17T18:00:00.532480+03:00,2709,Millet Caddesi Açık Otoparkı,FATİH,41.01,28.9461,60,1,59,AÇIK OTOPARK,1,15,24 Saat
2026-08-17T15:00:00.532480+00:00,2026-08-17T18:00:00.532480+03:00,3152,Mimar Sinan Zemin Altı Otoparkı,ÜSKÜDAR,41.0222,29.0169,956,0,956,KAPALI OTOPARK,1,15,24 Saat
2026-08-17T15:00:00.532480+00:00,2026-08-17T18:00:00.532480+03:00,2870,Miniatürk Çadır Açık Otoparkı,BEYOĞLU,41.0594,28.9501,250,208,42,AÇIK OTOPARK,1,15,07:00-20:00
2026-08-17T15:00:00.532480+00:00,2026-08-17T18:00:00.532480+03:00,2556,Muallim Naci Açık Otoparkı,BEŞİKTAŞ,41.0561,29.0342,35,30,5,AÇIK OTOPARK,1,15,24 Saat
2026-08-17T15:00:00.532480+00:00,2026-08-17T18:00:00.532480+03:00,569,Oda Kule Önü 1,BEYOĞLU,41.0322,28.9751,24,1,23,YOL ÜSTÜ,1,0,07:00-01:00
2026-08-17T15:00:00.532480+00:00,2026-08-17T18:00:00.532480+03:00,1988,Orhangazi Şehir Parkı PD Açık Otoparkı,MALTEPE,40.9313,29.1161,5022,4367,655,AÇIK OTOPARK,1,15,24 Saat
2026-08-17T15:00:00.532480+00:00,2026-08-17T18:00:00.532480+03:00,152,Ortabahçe Caddesi 2,BEŞİKTAŞ,41.0428,29.0043,35,1,34,YOL ÜSTÜ,1,15,08:00-23:00
2026-08-17T15:00:00.532480+00:00,2026-08-17T18:00:00.532480+03:00,153,Ortabahçe Caddesi 3,BEŞİKTAŞ,41.043,29.0042,26,1,25,YOL ÜSTÜ,1,15,08:00-23:00
2026-08-17T15:00:00.532480+00:00,2026-08-17T18:00:00.532480+03:00,119,Ortaklar Caddesi 1,ŞİŞLİ,41.0638,28.9971,25,1,24,YOL ÜSTÜ,0,15,08:30-17:00
2026-08-17T15:00:00.532480+00:00,2026-08-17T18:00:00.532480+03:00,1343,Ortaköy Açık Otoparkı,BEŞİKTAŞ,41.0504,29.0326,170,138,32,AÇIK OTOPARK,1,0,24 Saat
2026-08-17T15:00:00.532480+00:00,2026-08-17T18:00:00.532480+03:00,572,Ortaköy Portakal Yokuşu 1,BEŞİKTAŞ,41.0503,29.0261,15,1,14,YOL ÜSTÜ,1,15,09:00-19:00
2026-08-17T15:00:00.532480+00:00,2026-08-17T18:00:00.532480+03:00,1039,Öğretmen Evi,AVCILAR,40.9723,28.714,80,42,38,AÇIK OTOPARK,1,0,11:00-23:00
2026-08-17T15:00:00.532480+00:00,2026-08-17T18:00:00.532480+03:00,1466,Pendik Katlı Otoparkı,PENDİK,40.8789,29.2342,120,0,120,KAPALI OTOPARK,1,15,24 Saat
2026-08-17T15:00:00.532480+00:00,2026-08-17T18:00:00.532480+03:00,3073,Pendik Kemal Kalkuz Parkı Zemin Altı Otoparkı,PENDİK,40.8885,29.2427,224,0,224,KAPALI OTOPARK,0,0,09:00-18:00
2026-08-17T15:00:00.532480+00:00,2026-08-17T18:00:00.532480+03:00,3019,Pendik Meydan Zemin Altı Otoparkı,PENDİK,40.8752,29.2324,937,0,937,KAPALI OTOPARK,1,0,24 Saat
2026-08-17T15:00:00.532480+00:00,2026-08-17T18:00:00.532480+03:00,2865,Pendik Sahil Engelliler Merkez Önü,PENDİK,40.8735,29.233,100,66,34,AÇIK OTOPARK,1,0,11:00-20:00
2026-08-17T15:00:00.532480+00:00,2026-08-17T18:00:00.532480+03:00,2434,Pendik Sahil İdo,PENDİK,40.8755,29.2369,100,0,100,AÇIK OTOPARK,1,0,07:00-23:00
2026-08-17T15:00:00.532480+00:00,2026-08-17T18:00:00.532480+03:00,248,Pendik Yenimahalle Açık 2 Otoparkı,PENDİK,40.864,29.2723,124,85,39,AÇIK OTOPARK,1,15,10:00-22:00
2026-08-17T15:00:00.532480+00:00,2026-08-17T18:00:00.532480+03:00,297,Perşembe Pazarı 1,BEYOĞLU,41.0252,28.9693,32,1,31,YOL ÜSTÜ,0,15,08:00-17:00
2026-08-17T15:00:00.532480+00:00,2026-08-17T18:00:00.532480+03:00,597,Pierre Loti Caddesi 3,FATİH,41.0069,28.9711,36,1,35,YOL ÜSTÜ,0,0,07:00-17:00
2026-08-17T15:00:00.532480+00:00,2026-08-17T18:00:00.532480+03:00,3263,Piyalepaşa Meydanı Zemin Altı Otoparkı,BEYOĞLU,41.0445,28.9674,560,283,277,KAPALI OTOPARK,1,0,24 Saat
2026-08-17T15:00:00.532480+00:00,2026-08-17T18:00:00.532480+03:00,1900,Ragıp Gümüşpala Cad.(Sobacılar Önü),FATİH,41.0181,28.969,40,1,39,YOL ÜSTÜ,0,15,07:00-18:00
2026-08-17T15:00:00.532480+00:00,2026-08-17T18:00:00.532480+03:00,415,Ragıp Gümüşpala Camii Önü 1,FATİH,41.0211,28.9627,35,1,34,YOL ÜSTÜ,0,0,07:00-17:30
2026-08-17T15:00:00.532480+00:00,2026-08-17T18:00:00.532480+03:00,3268,Refik Saydam Caddesi 3,BEYOĞLU,41.032,28.9736,55,1,54,YOL ÜSTÜ,1,0,06:00-23:00
2026-08-17T15:00:00.532480+00:00,2026-08-17T18:00:00.532480+03:00,2307,Ressam Halim Sokak PD Açık Otoparkı,BAHÇELİEVLER,40.9967,28.8641,120,87,33,AÇIK OTOPARK,1,15,08:00-00:00
2026-08-17T15:00:00.532480+00:00,2026-08-17T18:00:00.532480+03:00,3082,Rumeli Hisarı Sahil Yolu Otoparkı,SARIYER,41.0854,29.0568,20,0,20,AÇIK OTOPARK,1,0,24 Saat
2026-08-17T15:00:00.532480+00:00,2026-08-17T18:00:00.532480+03:00,1595,Sabiha Gökçen Açık Otoparkı,PENDİK,40.925,29.308,1056,218,838,AÇIK OTOPARK,1,15,24 Saat
2026-08-17T15:00:00.532480+00:00,2026-08-17T18:00:00.532480+03:00,3239,Samatya Sahil Cep Otoparkı,FATİH,40.9954,28.932,113,106,7,AÇIK OTOPARK,1,15,24 Saat
2026-08-17T15:00:00.532480+00:00,2026-08-17T18:00:00.532480+03:00,3273,Sarıyer Büyükdere Fidanlığı,SARIYER,41.1548,29.0268,160,155,5,AÇIK OTOPARK,0,0,08:00-18:00
2026-08-17T15:00:00.532480+00:00,2026-08-17T18:00:00.532480+03:00,3299,Sariyer Ayazağa Mah Vadi İstanbul Önü Açık Otoparkı,SARIYER,41.1106,28.9881,100,96,4,AÇIK OTOPARK,1,0,08:00-20:00
2026-08-17T15:00:00.532480+00:00,2026-08-17T18:00:00.532480+03:00,1303,Seyrantepe Katlı (Arena Karşısı) 1,KAĞITHANE,41.101,28.9961,1897,1892,5,KAPALI OTOPARK,1,0,24 Saat
2026-08-17T15:00:00.532480+00:00,2026-08-17T18:00:00.532480+03:00,1628,Sıracevizler Caddesi Yol Üstü 5,ŞİŞLİ,41.0607,28.9841,45,1,44,YOL ÜSTÜ,0,15,09:00-17:00
2026-08-17T15:00:00.532480+00:00,2026-08-17T18:00:00.532480+03:00,464,Sirkeci Gar Önü,FATİH,41.015,28.9761,60,1,59,AÇIK OTOPARK,1,5,07:00-20:00
2026-08-17T15:00:00.532480+00:00,2026-08-17T18:00:00.532480+03:00,1486,Siyavuşpaşa Yer Altı Otoparkı,BAHÇELİEVLER,40.9965,28.8532,155,0,155,KAPALI OTOPARK,1,0,24 Saat
2026-08-17T15:00:00.532480+00:00,2026-08-17T18:00:00.532480+03:00,1958,Soğanlık Metro PD Açık Otoparkı,KARTAL,40.9131,29.1925,898,830,68,AÇIK OTOPARK,1,15,24 Saat
2026-08-17T15:00:00.532480+00:00,2026-08-17T18:00:00.532480+03:00,589,Su Terazisi Sokak,FATİH,41.0046,28.9727,22,1,21,YOL ÜSTÜ,0,0,07:30-17:00
2026-08-17T15:00:00.532480+00:00,2026-08-17T18:00:00.532480+03:00,1478,Suadiye Cep Açık Otoparkı,KADIKÖY,40.9586,29.0732,130,99,31,AÇIK OTOPARK,1,15,24 Saat
2026-08-17T15:00:00.532480+00:00,2026-08-17T18:00:00.532480+03:00,2948,Suadiye Sahil Açık Otoparkı,KADIKÖY,40.9562,29.0797,70,2,68,AÇIK OTOPARK,1,5,24 Saat
2026-08-17T15:00:00.532480+00:00,2026-08-17T18:00:00.532480+03:00,2799,Sultanbeyli Emir Caddesi Zemin Altı Otoparkı,SULTANBEYLİ,40.9707,29.2606,130,106,24,KAPALI OTOPARK,1,15,08:00-22:00
2026-08-17T15:00:00.532480+00:00,2026-08-17T18:00:00.532480+03:00,2372,Sultanbeyli Kent Meydanı Zemin Altı Otoparkı,SULTANBEYLİ,40.9667,29.2667,300,138,162,KAPALI OTOPARK,1,15,24 Saat
2026-08-17T15:00:00.532480+00:00,2026-08-17T18:00:00.532480+03:00,2410,Sultangazi Zemin Altı Otoparkı,SULTANGAZİ,41.0944,28.8649,104,0,104,KAPALI OTOPARK,1,10,24 Saat
2026-08-17T15:00:00.532480+00:00,2026-08-17T18:00:00.532480+03:00,2085,Süleyman Seba Caddesi 2,BEŞİKTAŞ,41.0426,28.9998,40,1,39,YOL ÜSTÜ,0,15,08:00-18:00
2026-08-17T15:00:00.532480+00:00,2026-08-17T18:00:00.532480+03:00,2088,Süleyman Seba Caddesi 5,BEŞİKTAŞ,41.0432,28.9978,40,1,39,YOL ÜSTÜ,0,15,08:00-18:00
2026-08-17T15:00:00.532480+00:00,2026-08-17T18:00:00.532480+03:00,2089,Süleyman Seba Caddesi 6,BEŞİKTAŞ,41.0435,28.9967,11,1,10,YOL ÜSTÜ,0,15,08:00-18:00
2026-08-17T15:00:00.532480+00:00,2026-08-17T18:00:00.532480+03:00,2391,Süleymaniye Cami Altı Açık Otoparkı,FATİH,41.0158,28.961,250,234,16,AÇIK OTOPARK,1,0,06:30-18:30
2026-08-17T15:00:00.532480+00:00,2026-08-17T18:00:00.532480+03:00,1730,Sütlüce Miniatürk Yanı,BEYOĞLU,41.057,28.95,320,234,86,AÇIK OTOPARK,1,15,24 Saat
2026-08-17T15:00:00.532480+00:00,2026-08-17T18:00:00.532480+03:00,36,Şakayık Sokak 4,ŞİŞLİ,41.0518,28.9936,50,1,49,YOL ÜSTÜ,0,15,08:00-16:00
2026-08-17T15:00:00.532480+00:00,2026-08-17T18:00:00.532480+03:00,1469,Şehit Volkan Duysak Katlı Otoparkı,ZEYTİNBURNU,40.9968,28.9039,1000,694,306,KAPALI OTOPARK,1,5,24 Saat
2026-08-17T15:00:00.532480+00:00,2026-08-17T18:00:00.532480+03:00,2385,Şehremini Açık Otoparkı 1,FATİH,41.0135,28.9333,60,1,59,AÇIK OTOPARK,1,0,08:30-20:30
2026-08-17T15:00:00.532480+00:00,2026-08-17T18:00:00.532480+03:00,2855,Şemsipaşa Açık Otoparkı,ÜSKÜDAR,41.0255,29.0097,80,59,21,AÇIK OTOPARK,1,0,24 Saat
2026-08-17T15:00:00.532480+00:00,2026-08-17T18:00:00.532480+03:00,2439,Şirinevler Meydan Zeminaltı Otoparkı,BAHÇELİEVLER,40.9925,28.8496,367,29,338,KAPALI OTOPARK,1,0,24 Saat
2026-08-17T15:00:00.532480+00:00,2026-08-17T18:00:00.532480+03:00,3400,Şişhane Refik Saydam Caddesi 2 Yol Üstü Otoparkı 1,BEYOĞLU,41.0326,28.9743,70,1,69,YOL ÜSTÜ,1,15,06:00-23:00
2026-08-17T15:00:00.532480+00:00,2026-08-17T18:00:00.532480+03:00,3441,Şişli Kuştepe Zemin Altı Otoparkı,ŞİŞLİ,41.072,28.9919,430,302,128,KAPALI OTOPARK,1,15,24 Saat
2026-08-17T15:00:00.532480+00:00,2026-08-17T18:00:00.532480+03:00,2816,Şişli Rumeli Caddesi Metro Yanı 1,ŞİŞLİ,41.0538,28.9868,45,1,44,YOL ÜSTÜ,1,15,08:00-20:00
2026-08-17T15:00:00.532480+00:00,2026-08-17T18:00:00.532480+03:00,2406,Şişli Zemin Altı Otoparkı,ŞİŞLİ,41.0641,28.9992,581,229,352,KAPALI OTOPARK,1,15,24 Saat
2026-08-17T15:00:00.532480+00:00,2026-08-17T18:00:00.532480+03:00,1993,Tuzla İdo,TUZLA,40.8149,29.3039,300,255,45,AÇIK OTOPARK,1,15,24 Saat
2026-08-17T15:00:00.532480+00:00,2026-08-17T18:00:00.532480+03:00,3332,Tuzla Sahil Cep,TUZLA,40.8168,29.2992,50,38,12,AÇIK OTOPARK,1,0,08:00-00:00
2026-08-17T15:00:00.532480+00:00,2026-08-17T18:00:00.532480+03:00,3057,Tuzla Sahil Zemin Altı Otoparkı,TUZLA,40.8181,29.3004,779,1,778,KAPALI OTOPARK,1,15,24 Saat
2026-08-17T15:00:00.532480+00:00,2026-08-17T18:00:00.532480+03:00,1811,Ulu Camii Açık Otoparkı,BAHÇELİEVLER,40.9982,28.8499,150,124,26,AÇIK OTOPARK,1,10,24 Saat
2026-08-17T15:00:00.532480+00:00,2026-08-17T18:00:00.532480+03:00,2424,Uzunçayır Açık Otoparkı,KADIKÖY,40.9988,29.0556,58,51,7,AÇIK OTOPARK,0,0,06:00-16:00
2026-08-17T15:00:00.532480+00:00,2026-08-17T18:00:00.532480+03:00,1468,Ümraniye Katlı Otoparkı,ÜMRANİYE,41.0261,29.0953,665,395,270,KAPALI OTOPARK,1,15,24 Saat
2026-08-17T15:00:00.532480+00:00,2026-08-17T18:00:00.532480+03:00,2898,Ümraniye Okan Sokak Zeminaltı Otoparkı,ÜMRANİYE,41.0284,29.0907,125,26,99,KAPALI OTOPARK,1,15,24 Saat
2026-08-17T15:00:00.532480+00:00,2026-08-17T18:00:00.532480+03:00,2345,Üsküdar Uzunçayır PD Açık Otoparkı,ÜSKÜDAR,40.9988,29.0577,90,46,44,AÇIK OTOPARK,1,15,06:00-22:00
2026-08-17T15:00:00.532480+00:00,2026-08-17T18:00:00.532480+03:00,1929,Üsküdar Ünalan Açık Otoparkı,ÜSKÜDAR,40.9979,29.0604,180,175,5,AÇIK OTOPARK,0,0,07:00-17:00
2026-08-17T15:00:00.532480+00:00,2026-08-17T18:00:00.532480+03:00,1487,Vatan Caddesi PD Açık Otoparkı,FATİH,41.0157,28.9405,397,296,101,AÇIK OTOPARK,1,5,24 Saat
2026-08-17T15:00:00.532480+00:00,2026-08-17T18:00:00.532480+03:00,2441,Yalı Açık Otoparkı,MALTEPE,40.9095,29.137,85,82,3,AÇIK OTOPARK,1,0,07:30-22:00
2026-08-17T15:00:00.532480+00:00,2026-08-17T18:00:00.532480+03:00,459,Yalı Köşkü Caddesi 1,FATİH,41.0163,28.9759,61,1,60,YOL ÜSTÜ,1,5,07:00-21:00
2026-08-17T15:00:00.532480+00:00,2026-08-17T18:00:00.532480+03:00,2037,Yenikapı Marmaray Büyük Otoparkı,FATİH,41.0057,28.9505,324,109,215,AÇIK OTOPARK,1,15,24 Saat
2026-08-17T15:00:00.532480+00:00,2026-08-17T18:00:00.532480+03:00,2036,Yenikapı Marmaray Küçük Otoparkı,FATİH,41.0064,28.9504,200,162,38,AÇIK OTOPARK,1,15,07:00-22:00
2026-08-17T15:00:00.532480+00:00,2026-08-17T18:00:00.532480+03:00,2175,Yenikapı Spor ve Kültür Merkezi PD Açık Otoparkı,FATİH,41.0006,28.9519,4023,3817,206,AÇIK OTOPARK,1,15,24 Saat
2026-08-17T15:00:00.532480+00:00,2026-08-17T18:00:00.532480+03:00,2805,Yenikapı Tünel Üstü Açık Otoparkı,FATİH,41.0029,28.9534,700,440,260,AÇIK OTOPARK,1,10,24 Saat
2026-08-17T15:00:00.532480+00:00,2026-08-17T18:00:00.532480+03:00,3404,Yenimahalle Metro Zemin Altı PD Otoparkı,GAZİOSMANPAŞA,41.0839,28.8926,114,95,19,KAPALI OTOPARK,1,15,24 Saat
2026-08-17T15:00:00.532480+00:00,2026-08-17T18:00:00.532480+03:00,2920,Yeşilce Zemin Altı Katlı Otoparkı,KAĞITHANE,41.0938,29.0017,676,0,676,KAPALI OTOPARK,1,0,24 Saat
2026-08-17T15:00:00.532480+00:00,2026-08-17T18:00:00.532480+03:00,987,Yeşilköy İstasyon Caddesi 1,BAKIRKÖY,40.962,28.825,40,1,39,YOL ÜSTÜ,0,15,09:00-17:30
2026-08-17T15:00:00.532480+00:00,2026-08-17T18:00:00.532480+03:00,974,Yeşilköy Marina 1,BAKIRKÖY,40.9576,28.8233,145,1,144,YOL ÜSTÜ,1,0,12:00-23:00
2026-08-17T15:00:00.532480+00:00,2026-08-17T18:00:00.532480+03:00,3406,Yeşilpınar Metro Zemin Altı PD Otoparkı,EYÜP,41.081,28.9204,269,199,70,KAPALI OTOPARK,1,15,24 Saat
2026-08-17T15:00:00.532480+00:00,2026-08-17T18:00:00.532480+03:00,315,Yeşilyurt Çarşı 1,BAKIRKÖY,40.9643,28.8379,50,1,49,YOL ÜSTÜ,0,15,09:00-17:30
2026-08-17T15:00:00.532480+00:00,2026-08-17T18:00:00.532480+03:00,1133,Yıldız Korusu,BEŞİKTAŞ,41.0514,29.0165,500,1,499,AÇIK OTOPARK,1,0,08:00-22:00
2026-08-17T15:00:00.532480+00:00,2026-08-17T18:00:00.532480+03:00,882,Zeytinburnu 58. Bulvar 2,ZEYTİNBURNU,40.9932,28.9039,48,1,47,YOL ÜSTÜ,0,15,09:00-18:00
2026-08-17T15:00:00.532480+00:00,2026-08-17T18:00:00.532480+03:00,3185,Zeytinburnu Sahil Cep Otoparkı,ZEYTİNBURNU,40.9798,28.8985,160,1,159,AÇIK OTOPARK,1,0,12:00-22:00
2026-08-17T16:37:32.753611+00:00,2026-08-17T19:37:32.753611+03:00,3068,15 Temmuz Şehitler Meydanı Zeminaltı Otoparkı,ÜMRANİYE,41.0246,29.0915,1029,628,401,KAPALI OTOPARK,1,15,24 Saat
2026-08-17T16:37:32.753611+00:00,2026-08-17T19:37:32.753611+03:00,2338,19 Mayıs Açık,ŞİŞLİ,41.0563,28.9941,65,0,65,AÇIK OTOPARK,1,0,24 Saat
2026-08-17T16:37:32.753611+00:00,2026-08-17T19:37:32.753611+03:00,1751,4.Levent PD Açık Otoparkı,KAĞITHANE,41.0836,29.0081,236,135,101,AÇIK OTOPARK,1,5,24 Saat
2026-08-17T16:37:32.753611+00:00,2026-08-17T19:37:32.753611+03:00,3328,4.Levent Servis ve Turizm Araçları Açık Otoparkı,ŞİŞLİ,41.0841,29.0054,300,150,150,AÇIK OTOPARK,1,15,24 Saat
2026-08-17T16:37:32.753611+00:00,2026-08-17T19:37:32.753611+03:00,3412,5. Levent Gaziosmanpaşa Adliyesi Yanı Açık Otoparkı,EYÜP,41.0927,28.9494,250,202,48,AÇIK OTOPARK,1,15,07:00-23:00
2026-08-17T16:37:32.753611+00:00,2026-08-17T19:37:32.753611+03:00,104,Abide-i Hürriyet Caddesi 5,ŞİŞLİ,41.0619,28.9876,40,1,39,YOL ÜSTÜ,0,15,08:00-17:00
2026-08-17T16:37:32.753611+00:00,2026-08-17T19:37:32.753611+03:00,2452,Acıbadem Açık Otoparkı,ÜSKÜDAR,41.0157,29.0574,100,86,14,AÇIK OTOPARK,0,0,06:30-16:00
2026-08-17T16:37:32.753611+00:00,2026-08-17T19:37:32.753611+03:00,346,Ada Karşısı Cep 2,BEŞİKTAŞ,41.072,29.045,30,1,29,YOL ÜSTÜ,1,15,08:00-23:00
2026-08-17T16:37:32.753611+00:00,2026-08-17T19:37:32.753611+03:00,1663,Akasyalı Sokak Tenis Kulubü Önü 2,BEŞİKTAŞ,41.0867,29.0109,45,1,44,YOL ÜSTÜ,0,15,08:30-17:30
2026-08-17T16:37:32.753611+00:00,2026-08-17T19:37:32.753611+03:00,828,Akdeniz Caddesi 4,FATİH,41.0175,28.9435,27,1,26,YOL ÜSTÜ,0,15,09:00-18:00
2026-08-17T16:37:32.753611+00:00,2026-08-17T19:37:32.753611+03:00,1913,Alibeyköy Cep Otogarı Açık Otoparkı,EYÜP,41.0879,28.9446,116,0,116,AÇIK OTOPARK,1,25,24 Saat
2026-08-17T16:37:32.753611+00:00,2026-08-17T19:37:32.753611+03:00,1912,Alibeyköy Cep Otogarı Otobüs Otoparkı,EYÜP,41.0875,28.9449,5000,1,4999,AÇIK OTOPARK,1,60,24 Saat
2026-08-17T16:37:32.753611+00:00,2026-08-17T19:37:32.753611+03:00,2562,Alibeyköy Yeşiltepe Zemin Altı Otoparkı,EYÜP,41.0797,28.938,159,68,91,KAPALI OTOPARK,1,15,24 Saat
2026-08-17T16:37:32.753611+00:00,2026-08-17T19:37:32.753611+03:00,3201,Altınboynuz Sosyal Tesisleri,EYÜP,41.058,28.9447,70,70,0,AÇIK OTOPARK,1,15,08:00-23:00
2026-08-17T16:37:32.753611+00:00,2026-08-17T19:37:32.753611+03:00,758,Arap Camii Açık Otoparkı,BEYOĞLU,41.0227,28.9723,30,1,29,AÇIK OTOPARK,0,0,09:00-17:00
2026-08-17T16:37:32.753611+00:00,2026-08-17T19:37:32.753611+03:00,1963,Aras Sokak 1,BÜYÜKÇEKMECE,41.0226,28.622,60,1,59,YOL ÜSTÜ,0,0,06:00-14:30
2026-08-17T16:37:32.753611+00:00,2026-08-17T19:37:32.753611+03:00,2802,Arnavutköy Zemin Altı Otoparkı,ARNAVUTKÖY,41.1838,28.7396,700,7,693,KAPALI OTOPARK,1,15,24 Saat
2026-08-17T16:37:32.753611+00:00,2026-08-17T19:37:32.753611+03:00,1797,Ataköy Atrium AVM,BAKIRKÖY,40.9881,28.8459,250,233,17,AÇIK OTOPARK,1,15,08:00-23:00
2026-08-17T16:37:32.753611+00:00,2026-08-17T19:37:32.753611+03:00,2824,Ataköy Metro Durağı Yanı PD Zemin Altı Otoparkı,BAKIRKÖY,40.9904,28.8456,150,85,65,KAPALI OTOPARK,1,0,24 Saat
2026-08-17T16:37:32.753611+00:00,2026-08-17T19:37:32.753611+03:00,359,Atatürk Bulvarı 1,FATİH,41.0112,28.9534,20,1,19,YOL ÜSTÜ,0,0,07:30-18:00
2026-08-17T16:37:32.753611+00:00,2026-08-17T19:37:32.753611+03:00,3087,Atatürk Kent Ormanı Otoparkı,SARIYER,41.136,29.0262,200,197,3,AÇIK OTOPARK,0,0,08:00-17:00
2026-08-17T16:37:32.753611+00:00,2026-08-17T19:37:32.753611+03:00,1088,Avcılar İdo,AVCILAR,40.9712,28.7185,270,260,10,AÇIK OTOPARK,1,0,13:00-07:00
2026-08-17T16:37:32.753611+00:00,2026-08-17T19:37:32.753611+03:00,2885,Azapkapı Haliç Metro Otoparkı,ŞİŞLİ,41.0245,28.9691,80,20,60,AÇIK OTOPARK,1,5,24 Saat
2026-08-17T16:37:32.753611+00:00,2026-08-17T19:37:32.753611+03:00,2455,Azerbaycan Dostluk Parkı Zemin Altı Otoparkı,BAĞCILAR,41.0444,28.854,400,177,223,KAPALI OTOPARK,1,10,24 Saat
2026-08-17T16:37:32.753611+00:00,2026-08-17T19:37:32.753611+03:00,2965,Bağcılar Çolakoğlu Zemin Altı Otoparkı,BAĞCILAR,41.0324,28.8345,106,0,106,KAPALI OTOPARK,1,5,24 Saat
2026-08-17T16:37:32.753611+00:00,2026-08-17T19:37:32.753611+03:00,2576,Bağcılar Demirkapı Zemin Altı Otoparkı,BAĞCILAR,41.0499,28.8327,343,164,179,KAPALI OTOPARK,1,5,24 Saat
2026-08-17T16:37:32.753611+00:00,2026-08-17T19:37:32.753611+03:00,3036,Bağcılar Devlet Hastanesi Yanı Zeminaltı Otoparkı,BAĞCILAR,41.0312,28.8696,1133,115,1018,KAPALI OTOPARK,1,15,24 Saat
2026-08-17T16:37:32.753611+00:00,2026-08-17T19:37:32.753611+03:00,3071,Bağcılar Emniyet Müdürlüğü Yanı Açık Otoparkı,BAĞCILAR,41.0353,28.8598,100,41,59,AÇIK OTOPARK,1,0,24 Saat
2026-08-17T16:37:32.753611+00:00,2026-08-17T19:37:32.753611+03:00,2873,Bağcılar Göztepe Zemin Altı,BAĞCILAR,41.0567,28.8355,120,0,120,KAPALI OTOPARK,1,5,24 Saat
2026-08-17T16:37:32.753611+00:00,2026-08-17T19:37:32.753611+03:00,3187,Bağcılar Hürriyet Mahallesi Zemin Altı Otoparkı,BAĞCILAR,41.0291,28.8333,355,0,355,KAPALI OTOPARK,1,10,24 Saat
2026-08-17T16:37:32.753611+00:00,2026-08-17T19:37:32.753611+03:00,2916,Bağcılar Kent Meydanı PD Zemin Altı Otoparkı,BAĞCILAR,41.0339,28.8556,1162,0,1162,KAPALI OTOPARK,1,0,24 Saat
2026-08-17T16:37:32.753611+00:00,2026-08-17T19:37:32.753611+03:00,3261,Bağcılar Yenimahalle Zemin Altı Otoparkı,BAĞCILAR,41.0425,28.8395,525,277,248,KAPALI OTOPARK,1,15,24 Saat
2026-08-17T16:37:32.753611+00:00,2026-08-17T19:37:32.753611+03:00,2820,Bağcılar Yıldıztepe Katlı Otoparkı,BAĞCILAR,41.0294,28.8556,350,0,350,KAPALI OTOPARK,1,10,24 Saat
2026-08-17T16:37:32.753611+00:00,2026-08-17T19:37:32.753611+03:00,3447,Bahçelievler 23 Nisan Milli Egemenlik Zeminaltı Otoparkı,BAHÇELİEVLER,40.9988,28.8472,732,482,250,KAPALI OTOPARK,1,10,24 Saat
2026-08-17T16:37:32.753611+00:00,2026-08-17T19:37:32.753611+03:00,2993,Bahçelievler Cumhuriyet Zeminaltı Otoparkı,BAHÇELİEVLER,41.0149,28.859,663,0,663,KAPALI OTOPARK,1,10,24 Saat
2026-08-17T16:37:32.753611+00:00,2026-08-17T19:37:32.753611+03:00,2969,Bahçelievler Devlet Hastanesi Yanı Katlı Otoparkı,BAHÇELİEVLER,41.0072,28.8442,740,0,740,KAPALI OTOPARK,1,0,24 Saat
2026-08-17T16:37:32.753611+00:00,2026-08-17T19:37:32.753611+03:00,3051,Bahçelievler Zafer Mh. Zeminaltı Otoparkı,BAHÇELİEVLER,41.0036,28.8351,200,77,123,KAPALI OTOPARK,1,0,24 Saat
2026-08-17T16:37:32.753611+00:00,2026-08-17T19:37:32.753611+03:00,3236,Bahçeşehir Gölet Açık Otoparkı,BAŞAKŞEHİR,41.0719,28.6901,200,1,199,AÇIK OTOPARK,1,0,12:00-22:00
2026-08-17T16:37:32.753611+00:00,2026-08-17T19:37:32.753611+03:00,1465,Bakırköy İdo Açık Otoparkı,BAKIRKÖY,40.9739,28.8761,160,106,54,AÇIK OTOPARK,1,10,24 Saat
2026-08-17T16:37:32.753611+00:00,2026-08-17T19:37:32.753611+03:00,1104,Balmumcu Katlı Otoparkı,BEŞİKTAŞ,41.0636,29.0109,400,302,98,KAPALI OTOPARK,1,5,24 Saat
2026-08-17T16:37:32.753611+00:00,2026-08-17T19:37:32.753611+03:00,2796,Başakşehir Metro Açık Otoparkı,BAŞAKŞEHİR,41.107,28.801,125,1,124,AÇIK OTOPARK,0,0,07:00-16:00
2026-08-17T16:37:32.753611+00:00,2026-08-17T19:37:32.753611+03:00,2350,Bayrampaşa Adapark Katlı Otoparkı,BAYRAMPAŞA,41.0647,28.8875,650,0,650,KAPALI OTOPARK,1,15,24 Saat
2026-08-17T16:37:32.753611+00:00,2026-08-17T19:37:32.753611+03:00,2892,Bayrampaşa Altıntepsi Zemin  Altı Otoparkı,BAYRAMPAŞA,41.0393,28.9029,110,0,110,KAPALI OTOPARK,1,10,24 Saat
2026-08-17T16:37:32.753611+00:00,2026-08-17T19:37:32.753611+03:00,2909,Bayrampaşa Atatürk Parkı  Zemin Altı Otoparkı,BAYRAMPAŞA,41.0342,28.9123,442,0,442,KAPALI OTOPARK,1,10,24 Saat
2026-08-17T16:37:32.753611+00:00,2026-08-17T19:37:32.753611+03:00,2683,Bayrampaşa Devlet Hastanesi Cep Otoparkı,BAYRAMPAŞA,41.0414,28.9031,55,25,30,AÇIK OTOPARK,0,0,08:00-19:00
2026-08-17T16:37:32.753611+00:00,2026-08-17T19:37:32.753611+03:00,3301,Bayrampaşa Kocatepe Mahallesi Zemin Altı Otoparkı,BAYRAMPAŞA,41.0545,28.8964,241,0,241,KAPALI OTOPARK,1,10,24 Saat
2026-08-17T16:37:32.753611+00:00,2026-08-17T19:37:32.753611+03:00,2053,Bayrampaşa Muratpaşa Yer Altı Otoparkı,BAYRAMPAŞA,41.047,28.9082,300,3,297,KAPALI OTOPARK,1,15,24 Saat
2026-08-17T16:37:32.753611+00:00,2026-08-17T19:37:32.753611+03:00,3175,Bayrampaşa Spor Kompleksi Zemin Altı Otoparkı,BAYRAMPAŞA,41.0446,28.9106,205,0,205,KAPALI OTOPARK,1,15,24 Saat
2026-08-17T16:37:32.753611+00:00,2026-08-17T19:37:32.753611+03:00,3382,Bayrampaşa Şehit Kamil Balkan Zemin Altı Otoparkı,BAYRAMPAŞA,41.0604,28.9008,235,0,235,KAPALI OTOPARK,1,10,24 Saat
2026-08-17T16:37:32.753611+00:00,2026-08-17T19:37:32.753611+03:00,2428,Bayrampaşa Yenidoğan Mahallesi Zemin Altı Otoparkı,BAYRAMPAŞA,41.0395,28.9088,120,0,120,KAPALI OTOPARK,1,10,24 Saat
2026-08-17T16:37:32.753611+00:00,2026-08-17T19:37:32.753611+03:00,2468,Bebek Açık,BEŞİKTAŞ,41.077,29.0434,30,0,30,AÇIK OTOPARK,1,0,24 Saat
2026-08-17T16:37:32.753611+00:00,2026-08-17T19:37:32.753611+03:00,3479,Beşiktaş Halk Pazarı Açık Otoparkı,BEŞİKTAŞ,41.0496,29.0004,170,80,90,AÇIK OTOPARK,1,5,24 Saat
2026-08-17T16:37:32.753611+00:00,2026-08-17T19:37:32.753611+03:00,3257,Beykoz Sahil Cep Otoparkı,BEYKOZ,41.1286,29.0953,100,75,25,AÇIK OTOPARK,1,0,08:00-00:00
2026-08-17T16:37:32.753611+00:00,2026-08-17T19:37:32.753611+03:00,2273,Beykoz Sosyal Tesisleri,BEYKOZ,41.1143,29.0888,130,0,130,AÇIK OTOPARK,1,15,08:00-00:00
2026-08-17T16:37:32.753611+00:00,2026-08-17T19:37:32.753611+03:00,2999,Beyoğlu Gazhane Bostan Sokak 2,BEYOĞLU,41.0389,28.9903,35,1,34,YOL ÜSTÜ,0,0,07:30-16:30
2026-08-17T16:37:32.753611+00:00,2026-08-17T19:37:32.753611+03:00,3072,Beyoğlu Örnektepe Zemin Altı Otoparkı,BEYOĞLU,41.0543,28.9548,143,0,143,KAPALI OTOPARK,1,0,24 Saat
2026-08-17T16:37:32.753611+00:00,2026-08-17T19:37:32.753611+03:00,1455,Bostancı Açık,KADIKÖY,40.9523,29.0902,394,95,299,AÇIK OTOPARK,1,15,24 Saat
2026-08-17T16:37:32.753611+00:00,2026-08-17T19:37:32.753611+03:00,1456,Bostancı Sahil-Cep Açık Otoparkı,KADIKÖY,40.9545,29.0885,192,115,77,AÇIK OTOPARK,1,15,24 Saat
2026-08-17T16:37:32.753611+00:00,2026-08-17T19:37:32.753611+03:00,2150,Bostancı Vergi Dairesi Açık Otoparkı,ATAŞEHİR,40.9625,29.1083,155,0,155,AÇIK OTOPARK,1,5,08:00-20:00
2026-08-17T16:37:32.753611+00:00,2026-08-17T19:37:32.753611+03:00,2854,Bülent Ecevit Kültür Merkezi Açık Otoparkı,KARTAL,40.8852,29.1967,277,265,12,AÇIK OTOPARK,1,0,10:00-21:00
2026-08-17T16:37:32.753611+00:00,2026-08-17T19:37:32.753611+03:00,2866,Büyük İstanbul Otogarı,BAYRAMPAŞA,41.0402,28.8942,1000,0,1000,AÇIK OTOPARK,1,25,24 Saat
2026-08-17T16:37:32.753611+00:00,2026-08-17T19:37:32.753611+03:00,1192,Büyükçamlıca Korusu Sosyal Tesisleri Önü,ÜSKÜDAR,41.0264,29.0698,204,112,92,AÇIK OTOPARK,1,0,08:00-00:00
2026-08-17T16:37:32.753611+00:00,2026-08-17T19:37:32.753611+03:00,2960,Büyükçekmece Metrobüs Durağı Yanı PD Zemin Altı Otopark,BÜYÜKÇEKMECE,41.0221,28.624,448,0,448,KAPALI OTOPARK,1,0,24 Saat
2026-08-17T16:37:32.753611+00:00,2026-08-17T19:37:32.753611+03:00,1503,Cadde Bostan Açık Otoparkı,KADIKÖY,40.9636,29.0675,66,18,48,AÇIK OTOPARK,1,15,24 Saat
2026-08-17T16:37:32.753611+00:00,2026-08-17T19:37:32.753611+03:00,2933,Cemal Kamacı Spor Kompleksi Zemin Altı Otoparkı,KAĞITHANE,41.0536,28.9575,510,0,510,KAPALI OTOPARK,1,0,24 Saat
2026-08-17T16:37:32.753611+00:00,2026-08-17T19:37:32.753611+03:00,2207,Cengiz Topel Yer Altı Katlı Otoparkı,ESENLER,41.0588,28.8643,144,0,144,KAPALI OTOPARK,1,15,24 Saat
2026-08-17T16:37:32.753611+00:00,2026-08-17T19:37:32.753611+03:00,2787,Cevizli Açık Otoparkı,KARTAL,40.9179,29.1712,100,88,12,AÇIK OTOPARK,0,15,08:00-19:00
2026-08-17T16:37:32.753611+00:00,2026-08-17T19:37:32.753611+03:00,782,Cihangir Caddesi 2,BEYOĞLU,41.0319,28.9862,70,1,69,YOL ÜSTÜ,0,15,09:00-19:00
2026-08-17T16:37:32.753611+00:00,2026-08-17T19:37:32.753611+03:00,1467,Cihangir Katlı Otoparkı,BEYOĞLU,41.0318,28.9858,350,0,350,KAPALI OTOPARK,1,0,24 Saat
2026-08-17T16:37:32.753611+00:00,2026-08-17T19:37:32.753611+03:00,535,Cihannuma Yol Üstü 1,BEŞİKTAŞ,41.0454,29.0084,35,1,34,YOL ÜSTÜ,1,0,08:00-23:00
2026-08-17T16:37:32.753611+00:00,2026-08-17T19:37:32.753611+03:00,537,Cihannuma Yol Üstü 3,BEŞİKTAŞ,41.0459,29.0087,33,1,32,YOL ÜSTÜ,1,0,08:00-23:00
2026-08-17T16:37:32.753611+00:00,2026-08-17T19:37:32.753611+03:00,539,Cihannuma Yol Üstü 5,BEŞİKTAŞ,41.0489,29.0094,24,1,23,YOL ÜSTÜ,1,0,08:00-23:00
2026-08-17T16:37:32.753611+00:00,2026-08-17T19:37:32.753611+03:00,3184,Çam Sokak 6,GÜNGÖREN,41.0121,28.8882,50,1,49,YOL ÜSTÜ,0,15,08:00-17:00
2026-08-17T16:37:32.753611+00:00,2026-08-17T19:37:32.753611+03:00,3030,Çekmeköy Metro PD Zemin Altı Otoparkı,ÇEKMEKÖY,41.0147,29.1886,175,50,125,KAPALI OTOPARK,1,15,24 Saat
2026-08-17T16:37:32.753611+00:00,2026-08-17T19:37:32.753611+03:00,2905,Çeliktepe Açık Otoparkı,KAĞITHANE,41.0843,29.0056,200,79,121,AÇIK OTOPARK,1,5,24 Saat
2026-08-17T16:37:32.753611+00:00,2026-08-17T19:37:32.753611+03:00,1298,Çengelköy Açık Otoparkı,ÜSKÜDAR,41.0484,29.0533,500,255,245,AÇIK OTOPARK,1,15,24 Saat
2026-08-17T16:37:32.753611+00:00,2026-08-17T19:37:32.753611+03:00,502,Çınar Açık Otoparkı,BEŞİKTAŞ,41.0853,29.0088,65,1,64,AÇIK OTOPARK,0,0,08:00-18:00
2026-08-17T16:37:32.753611+00:00,2026-08-17T19:37:32.753611+03:00,777,Çırağan Sarayı Yol Üstü 1,BEŞİKTAŞ,41.0448,29.0165,40,1,39,YOL ÜSTÜ,1,15,08:00-23:00
2026-08-17T16:37:32.753611+00:00,2026-08-17T19:37:32.753611+03:00,778,Çırağan Sarayı Yol Üstü 2,BEŞİKTAŞ,41.0445,29.0156,40,1,39,YOL ÜSTÜ,1,15,08:00-23:00
2026-08-17T16:37:32.753611+00:00,2026-08-17T19:37:32.753611+03:00,2228,Çırpıcı Sosyal Tesisler,ZEYTİNBURNU,41,28.8926,128,0,128,AÇIK OTOPARK,1,15,07:00-00:00
2026-08-17T16:37:32.753611+00:00,2026-08-17T19:37:32.753611+03:00,2030,Dalyan Açık Otoparkı,KADIKÖY,40.9632,29.0651,92,0,92,AÇIK OTOPARK,1,15,24 Saat
2026-08-17T16:37:32.753611+00:00,2026-08-17T19:37:32.753611+03:00,2271,Damla Sokak 1,ŞİŞLİ,41.0672,29.0004,17,1,16,YOL ÜSTÜ,0,15,07:30-16:30
2026-08-17T16:37:32.753611+00:00,2026-08-17T19:37:32.753611+03:00,2164,Darüşşafaka Yeraltı Otoparkı,SARIYER,41.1292,29.0252,150,140,10,KAPALI OTOPARK,1,15,08:00-00:00
2026-08-17T16:37:32.753611+00:00,2026-08-17T19:37:32.753611+03:00,1653,Deniz Feneri Otoparkı,FATİH,41.0019,28.9773,175,79,96,AÇIK OTOPARK,1,5,24 Saat
2026-08-17T16:37:32.753611+00:00,2026-08-17T19:37:32.753611+03:00,595,Dostluk Yurdu 1,FATİH,41.0071,28.973,33,33,0,YOL ÜSTÜ,0,15,07:00-17:00
2026-08-17T16:37:32.753611+00:00,2026-08-17T19:37:32.753611+03:00,2237,Dragos Sosyal Tesisleri,KARTAL,40.9017,29.1458,100,19,81,AÇIK OTOPARK,1,15,24 Saat
2026-08-17T16:37:32.753611+00:00,2026-08-17T19:37:32.753611+03:00,3063,Dudullu Metro PD Zemin Altı Otoparkı,ÜMRANİYE,41.0156,29.1633,81,54,27,KAPALI OTOPARK,1,15,07:00-23:30
2026-08-17T16:37:32.753611+00:00,2026-08-17T19:37:32.753611+03:00,1522,Ebu Suut Caddesi 1,FATİH,41.0128,28.9766,35,1,34,YOL ÜSTÜ,0,0,08:00-18:00
2026-08-17T16:37:32.753611+00:00,2026-08-17T19:37:32.753611+03:00,2147,EGS Blokları Açık Otoparkı,BAKIRKÖY,40.9863,28.8354,350,61,289,AÇIK OTOPARK,0,60,09:00-19:30
2026-08-17T16:37:32.753611+00:00,2026-08-17T19:37:32.753611+03:00,2366,Esenler Adem Baştürk Kültür Merkezi Katlı,ESENLER,41.039,28.8846,460,0,460,KAPALI OTOPARK,1,15,24 Saat
2026-08-17T16:37:32.753611+00:00,2026-08-17T19:37:32.753611+03:00,3190,Esenler Havaalanı Mahallesi Zemin Altı Otoparkı,ESENLER,41.0562,28.8674,610,346,264,KAPALI OTOPARK,1,10,24 Saat
2026-08-17T16:37:32.753611+00:00,2026-08-17T19:37:32.753611+03:00,3011,Esenler Menderes Metro İstasyonu Yanı,ESENLER,41.0427,28.8783,68,13,55,AÇIK OTOPARK,1,5,24 Saat
2026-08-17T16:37:32.753611+00:00,2026-08-17T19:37:32.753611+03:00,2822,Esenler Menderes Parkı Zemin Altı Otoparkı,ESENLER,41.0412,28.8729,325,52,273,KAPALI OTOPARK,1,10,24 Saat
2026-08-17T16:37:32.753611+00:00,2026-08-17T19:37:32.753611+03:00,3303,Esenyurt Adile Naşit Bulvarı Zeminaltı Otoparkı,ESENYURT,41.0205,28.6859,367,283,84,KAPALI OTOPARK,1,15,24 Saat
2026-08-17T16:37:32.753611+00:00,2026-08-17T19:37:32.753611+03:00,1328,Eski Salı Pazarı,KADIKÖY,40.9904,29.0338,760,0,760,AÇIK OTOPARK,1,15,24 Saat
2026-08-17T16:37:32.753611+00:00,2026-08-17T19:37:32.753611+03:00,904,Eyüp Pierloti Caddesi 1,EYÜP,41.0539,28.9329,40,1,39,YOL ÜSTÜ,1,0,09:00-22:00
2026-08-17T16:37:32.753611+00:00,2026-08-17T19:37:32.753611+03:00,2850,Eyüpsultan Akşemsettin Mahallesi Zemin Altı Otoparkı,EYÜP,41.085,28.9258,110,0,110,KAPALI OTOPARK,1,15,24 Saat
2026-08-17T16:37:32.753611+00:00,2026-08-17T19:37:32.753611+03:00,2215,Fatih Çeşmesi Tabiat Parkı Otoparkı,SARIYER,41.1686,28.9448,250,243,7,AÇIK OTOPARK,1,0,06:00-20:00
2026-08-17T16:37:32.753611+00:00,2026-08-17T19:37:32.753611+03:00,1475,Fatih Katlı Otoparkı,FATİH,41.0198,28.9396,118,25,93,KAPALI OTOPARK,1,10,24 Saat
2026-08-17T16:37:32.753611+00:00,2026-08-17T19:37:32.753611+03:00,1591,Feshane PD Açık Otoparkı,EYÜP,41.0463,28.9378,200,103,97,AÇIK OTOPARK,1,15,24 Saat
2026-08-17T16:37:32.753611+00:00,2026-08-17T19:37:32.753611+03:00,1005,Florya Havuzlu Bahçe,BAKIRKÖY,40.9764,28.7908,135,1,134,AÇIK OTOPARK,1,0,09:00-23:00
2026-08-17T16:37:32.753611+00:00,2026-08-17T19:37:32.753611+03:00,2238,Florya Sosyal Tesisleri,BAKIRKÖY,40.9614,28.8091,1074,712,362,AÇIK OTOPARK,1,15,24 Saat
2026-08-17T16:37:32.753611+00:00,2026-08-17T19:37:32.753611+03:00,1704,Gazi Umur Paşa Sokak 5,BEŞİKTAŞ,41.0589,29.0114,45,1,44,YOL ÜSTÜ,0,15,08:00-17:00
2026-08-17T16:37:32.753611+00:00,2026-08-17T19:37:32.753611+03:00,3296,Gaziosmanpaşa Meydanı ve Yaşam Merkezi Zemin Altı Otoparkı,GAZİOSMANPAŞA,41.0606,28.9093,202,0,202,KAPALI OTOPARK,1,15,24 Saat
2026-08-17T16:37:32.753611+00:00,2026-08-17T19:37:32.753611+03:00,2971,Gaziosmanpaşa Zemin Altı Otoparkı,GAZİOSMANPAŞA,41.0796,28.8858,285,0,285,KAPALI OTOPARK,1,0,24 Saat
2026-08-17T16:37:32.753611+00:00,2026-08-17T19:37:32.753611+03:00,3401,Giyimkent Tekstilkent Metro Zemin Altı PD Otoparkı,ESENLER,41.0711,28.8666,203,181,22,KAPALI OTOPARK,1,10,24 Saat
2026-08-17T16:37:32.753611+00:00,2026-08-17T19:37:32.753611+03:00,2242,Gözdağı Sosyal Tesisler  Açık Otoparkı,PENDİK,40.893,29.2538,300,216,84,AÇIK OTOPARK,1,0,07:00-23:00
2026-08-17T16:37:32.753611+00:00,2026-08-17T19:37:32.753611+03:00,1879,Gülsuyu Metro PD Yer Altı Otoparkı,MALTEPE,40.9237,29.1548,76,0,76,KAPALI OTOPARK,1,15,08:00-00:00
2026-08-17T16:37:32.753611+00:00,2026-08-17T19:37:32.753611+03:00,1423,Güneş Plajı 1,BAKIRKÖY,40.9712,28.79,250,192,58,AÇIK OTOPARK,1,10,24 Saat
2026-08-17T16:37:32.753611+00:00,2026-08-17T19:37:32.753611+03:00,1461,Güneş Plajı 2,BAKIRKÖY,40.9692,28.7951,135,75,60,AÇIK OTOPARK,1,10,08:00-20:00
2026-08-17T16:37:32.753611+00:00,2026-08-17T19:37:32.753611+03:00,3053,Güngören Nikah Dairesi Zemin Altı otoparkı,GÜNGÖREN,41.0363,28.8718,147,0,147,KAPALI OTOPARK,1,10,24 Saat
2026-08-17T16:37:32.753611+00:00,2026-08-17T19:37:32.753611+03:00,2216,Gürpınar Balık Hali Otoparkı,BEYLİKDÜZÜ,40.9663,28.6019,1000,773,227,AÇIK OTOPARK,1,15,24 Saat
2026-08-17T16:37:32.753611+00:00,2026-08-17T19:37:32.753611+03:00,1525,Hacıosman Metro Yer Altı Otoparkı,SARIYER,41.14,29.0306,422,210,212,KAPALI OTOPARK,1,15,24 Saat
2026-08-17T16:37:32.753611+00:00,2026-08-17T19:37:32.753611+03:00,1470,Haldun Alagaş Katlı Otoparkı,ÜMRANİYE,41.0262,29.1052,197,97,100,KAPALI OTOPARK,1,15,24 Saat
2026-08-17T16:37:32.753611+00:00,2026-08-17T19:37:32.753611+03:00,3235,Haliç Sosyal Tesisleri Otoparkı,FATİH,41.0277,28.9572,60,18,42,AÇIK OTOPARK,1,15,07:00-00:00
2026-08-17T16:37:32.753611+00:00,2026-08-17T19:37:32.753611+03:00,2848,Halkalı Mahallesi Zemin Altı Otoparkı,KÜÇÜKÇEKMECE,41.0359,28.7848,347,261,86,KAPALI OTOPARK,1,15,24 Saat
2026-08-17T16:37:32.753611+00:00,2026-08-17T19:37:32.753611+03:00,2838,Hamidiye Mahallesi Katlı Otoparkı,KAĞITHANE,41.0949,28.971,450,181,269,KAPALI OTOPARK,1,15,24 Saat
2026-08-17T16:37:32.753611+00:00,2026-08-17T19:37:32.753611+03:00,1446,Harbiye Zemin Altı Otoparkı,BEYOĞLU,41.0408,28.9869,142,54,88,KAPALI OTOPARK,1,5,24 Saat
2026-08-17T16:37:32.753611+00:00,2026-08-17T19:37:32.753611+03:00,2332,Haydarpaşa Katlı Otoparkı,ÜSKÜDAR,41.0048,29.0251,840,732,108,KAPALI OTOPARK,1,15,24 Saat
2026-08-17T16:37:32.753611+00:00,2026-08-17T19:37:32.753611+03:00,1987,Haznedar Yer Altı Otoparkı,GÜNGÖREN,41.0083,28.8729,540,0,540,KAPALI OTOPARK,1,0,24 Saat
2026-08-17T16:37:32.753611+00:00,2026-08-17T19:37:32.753611+03:00,377,Hızır Külhani Sokak,FATİH,41.0202,28.9605,32,1,31,YOL ÜSTÜ,0,15,09:00-17:00
2026-08-17T16:37:32.753611+00:00,2026-08-17T19:37:32.753611+03:00,3173,Hürriyet Mahallesi Zeminaltı Otoparkı,GAZİOSMANPAŞA,41.0708,28.8951,190,0,190,KAPALI OTOPARK,1,15,24 Saat
2026-08-17T16:37:32.753611+00:00,2026-08-17T19:37:32.753611+03:00,157,Ihlamur Dere Caddesi 4,BEŞİKTAŞ,41.047,29.0023,27,1,26,YOL ÜSTÜ,0,15,09:00-17:00
2026-08-17T16:37:32.753611+00:00,2026-08-17T19:37:32.753611+03:00,1189,İçerenköy Sebze Meyve Hali Otoparkı,ATAŞEHİR,40.9766,29.1044,600,600,0,AÇIK OTOPARK,1,15,24 Saat
2026-08-17T16:37:32.753611+00:00,2026-08-17T19:37:32.753611+03:00,1127,İshakpaşa Caddesi,FATİH,41.0079,28.9814,200,1,199,YOL ÜSTÜ,0,0,08:00-18:00
2026-08-17T16:37:32.753611+00:00,2026-08-17T19:37:32.753611+03:00,3265,İspark İstanbul West Marina Açık Otoparkı 1,BEYLİKDÜZÜ,40.9636,28.6564,250,1,249,AÇIK OTOPARK,1,15,24 Saat
2026-08-17T16:37:32.753611+00:00,2026-08-17T19:37:32.753611+03:00,2793,İspark Merter Katlı Otoparkı,GÜNGÖREN,41.0097,28.89,900,461,439,KAPALI OTOPARK,1,10,24 Saat
2026-08-17T16:37:32.753611+00:00,2026-08-17T19:37:32.753611+03:00,2430,İspark West İstanbul Marina Açık Otoparkı,BEYLİKDÜZÜ,40.9639,28.6591,1600,852,748,AÇIK OTOPARK,1,15,24 Saat
2026-08-17T16:37:32.753611+00:00,2026-08-17T19:37:32.753611+03:00,381,İstinye 4 ( Cami Önü ),SARIYER,41.1149,29.0571,25,1,24,YOL ÜSTÜ,0,15,08:30-17:30
2026-08-17T16:37:32.753611+00:00,2026-08-17T19:37:32.753611+03:00,1804,İtalyan Hastanesi Karşısı Açık Otoparkı 1,BEYOĞLU,41.028,28.9815,30,1,29,AÇIK OTOPARK,0,0,08:00-19:00
2026-08-17T16:37:32.753611+00:00,2026-08-17T19:37:32.753611+03:00,507,Kabasakal Medrese Önü,FATİH,41.0062,28.9789,65,1,64,AÇIK OTOPARK,0,0,08:00-18:30
2026-08-17T16:37:32.753611+00:00,2026-08-17T19:37:32.753611+03:00,3306,Kabataş Transfer Merkezi Turizm Otobüs Otoparkı,BEYOĞLU,41.0336,28.9923,160,26,134,KAPALI OTOPARK,1,20,24 Saat
2026-08-17T16:37:32.753611+00:00,2026-08-17T19:37:32.753611+03:00,2918,Kadıköy Hasanpaşa Gazhane Katlı Otoparkı,KADIKÖY,40.9972,29.0428,310,180,130,KAPALI OTOPARK,1,15,24 Saat
2026-08-17T16:37:32.753611+00:00,2026-08-17T19:37:32.753611+03:00,1447,Kadıköy İski Açık Otoparkı,KADIKÖY,40.9874,29.0207,124,23,101,AÇIK OTOPARK,1,15,24 Saat
2026-08-17T16:37:32.753611+00:00,2026-08-17T19:37:32.753611+03:00,1655,Kadıköy Metro Açık Otoparkı,KADIKÖY,40.9899,29.0217,74,0,74,AÇIK OTOPARK,1,15,24 Saat
2026-08-17T16:37:32.753611+00:00,2026-08-17T19:37:32.753611+03:00,3445,Kadıköy Uzunçayır PD Açık Otoparkı,KADIKÖY,40.9982,29.0569,70,40,30,AÇIK OTOPARK,0,15,06:30-16:30
2026-08-17T16:37:32.753611+00:00,2026-08-17T19:37:32.753611+03:00,2808,Kadıköy Yeni Salı Pazarı PD Katlı Otoparkı,KADIKÖY,40.9969,29.0486,1350,668,682,KAPALI OTOPARK,1,15,24 Saat
2026-08-17T16:37:32.753611+00:00,2026-08-17T19:37:32.753611+03:00,2811,Kağıthane Harmantepe Zemin Altı Otoparkı,KAĞITHANE,41.0816,28.9907,200,0,200,KAPALI OTOPARK,1,0,24 Saat
2026-08-17T16:37:32.753611+00:00,2026-08-17T19:37:32.753611+03:00,1452,Kalamış Açık Otoparkı,KADIKÖY,40.9687,29.0363,173,73,100,AÇIK OTOPARK,1,15,24 Saat
2026-08-17T16:37:32.753611+00:00,2026-08-17T19:37:32.753611+03:00,1474,Kartal Hasan Doğan Spor Kompleksi,KARTAL,40.8918,29.1897,773,0,773,KAPALI OTOPARK,1,15,24 Saat
2026-08-17T16:37:32.753611+00:00,2026-08-17T19:37:32.753611+03:00,1105,Kartal İdo Açık Otoparkı,KARTAL,40.8874,29.1881,90,0,90,AÇIK OTOPARK,1,15,24 Saat
2026-08-17T16:37:32.753611+00:00,2026-08-17T19:37:32.753611+03:00,1550,Kartal Sahil Açık Otoparkı,KARTAL,40.8875,29.1901,75,34,41,AÇIK OTOPARK,1,5,24 Saat
2026-08-17T16:37:32.753611+00:00,2026-08-17T19:37:32.753611+03:00,3434,Kasımpaşa Sosyal Tesisler Otoparkı,BEYOĞLU,41.0296,28.9673,60,37,23,AÇIK OTOPARK,1,0,07:30-23:00
2026-08-17T16:37:32.753611+00:00,2026-08-17T19:37:32.753611+03:00,1960,Kazlıçeşme Marmaray Açık Otoparkı,ZEYTİNBURNU,40.9922,28.917,700,585,115,AÇIK OTOPARK,1,15,24 Saat
2026-08-17T16:37:32.753611+00:00,2026-08-17T19:37:32.753611+03:00,2994,Kirazlı Metro Durağı PD Açık Otoparkı,BAĞCILAR,41.033,28.8429,112,0,112,AÇIK OTOPARK,1,5,24 Saat
2026-08-17T16:37:32.753611+00:00,2026-08-17T19:37:32.753611+03:00,1528,Kore Şehitleri Caddesi - Yüzbaşı Kaya Aldağon Sokak 1,ŞİŞLİ,41.0719,29.0139,40,1,39,YOL ÜSTÜ,0,15,07:00-16:00
2026-08-17T16:37:32.753611+00:00,2026-08-17T19:37:32.753611+03:00,2449,Kozyatağı Sebze-Meyve Hali,ATAŞEHİR,40.9787,29.1029,1500,1499,1,AÇIK OTOPARK,1,0,24 Saat
2026-08-17T16:37:32.753611+00:00,2026-08-17T19:37:32.753611+03:00,1206,Kutlugün Sokak 2,FATİH,41.0061,28.9801,200,1,199,YOL ÜSTÜ,0,0,08:00-18:00
2026-08-17T16:37:32.753611+00:00,2026-08-17T19:37:32.753611+03:00,3074,Küçük Çamlıca,ÜSKÜDAR,41.0204,29.0653,129,104,25,AÇIK OTOPARK,1,0,08:00-22:00
2026-08-17T16:37:32.753611+00:00,2026-08-17T19:37:32.753611+03:00,3127,Küçükçekmece Cennet Mahallesi Meydan Zemin Altı Otoparkı,KÜÇÜKÇEKMECE,40.9907,28.783,456,0,456,KAPALI OTOPARK,1,10,24 Saat
2026-08-17T16:37:32.753611+00:00,2026-08-17T19:37:32.753611+03:00,2554,Küçükçekmece Fevzi Çakmak Meydanı Zemin Altı Otoparkı,KÜÇÜKÇEKMECE,41.0076,28.7927,1000,505,495,KAPALI OTOPARK,1,10,24 Saat
2026-08-17T16:37:32.753611+00:00,2026-08-17T19:37:32.753611+03:00,2882,Küçüksu Kasrı Açık Otoparkı,BEYKOZ,41.0789,29.0657,98,93,5,AÇIK OTOPARK,1,0,07:00-23:00
2026-08-17T16:37:32.753611+00:00,2026-08-17T19:37:32.753611+03:00,220,Levent Hamidiye,BEŞİKTAŞ,41.0861,29.0076,100,1,99,AÇIK OTOPARK,0,0,08:00-19:00
2026-08-17T16:37:32.753611+00:00,2026-08-17T19:37:32.753611+03:00,1138,Levent Metro Yer Altı Otoparkı,BEŞİKTAŞ,41.0811,29.0105,100,100,0,AÇIK OTOPARK,0,5,07:30-19:30
2026-08-17T16:37:32.753611+00:00,2026-08-17T19:37:32.753611+03:00,2335,Maçka Açık Otoparkı,ŞİŞLİ,41.046,28.9908,75,73,2,AÇIK OTOPARK,1,0,24 Saat
2026-08-17T16:37:32.753611+00:00,2026-08-17T19:37:32.753611+03:00,1859,Maçka Katlı Otoparkı,ŞİŞLİ,41.0484,28.9903,508,74,434,KAPALI OTOPARK,1,0,24 Saat
2026-08-17T16:37:32.753611+00:00,2026-08-17T19:37:32.753611+03:00,3193,Maltepe Rıhtım Caddesi Açık Otoparkı,MALTEPE,40.9258,29.1241,76,22,54,AÇIK OTOPARK,1,0,24 Saat
2026-08-17T16:37:32.753611+00:00,2026-08-17T19:37:32.753611+03:00,2146,Maltepe Süreyyapaşa Çarşısı Açık Otoparkı,MALTEPE,40.9274,29.1225,156,75,81,AÇIK OTOPARK,1,0,24 Saat
2026-08-17T16:37:32.753611+00:00,2026-08-17T19:37:32.753611+03:00,1599,Maslak Açık Otoparkı,SARIYER,41.1166,29.024,150,121,29,AÇIK OTOPARK,1,10,24 Saat
2026-08-17T16:37:32.753611+00:00,2026-08-17T19:37:32.753611+03:00,2100,Matbaacılar Sitesi Yanı,ZEYTİNBURNU,41.0234,28.9187,250,206,44,AÇIK OTOPARK,1,5,24 Saat
2026-08-17T16:37:32.753611+00:00,2026-08-17T19:37:32.753611+03:00,920,Meclis-i Mebusan Yokuşu 2,BEYOĞLU,41.0326,28.9882,34,1,33,YOL ÜSTÜ,0,15,09:00-17:00
2026-08-17T16:37:32.753611+00:00,2026-08-17T19:37:32.753611+03:00,1546,Menekşe Plajı Açık Otoparkı,BAKIRKÖY,40.9761,28.7766,200,200,0,AÇIK OTOPARK,1,0,24 Saat
2026-08-17T16:37:32.753611+00:00,2026-08-17T19:37:32.753611+03:00,1376,Mercan Açık,FATİH,41.0136,28.9669,130,108,22,AÇIK OTOPARK,1,0,08:00-23:00
2026-08-17T16:37:32.753611+00:00,2026-08-17T19:37:32.753611+03:00,3309,Mercan Ali Paşa Sarayı Zemin Altı Otoparkı,FATİH,41.0136,28.967,196,1,195,KAPALI OTOPARK,1,0,07:00-21:00
2026-08-17T16:37:32.753611+00:00,2026-08-17T19:37:32.753611+03:00,1472,Merter Katlı Otoparkı,GÜNGÖREN,41.0092,28.8874,1000,897,103,KAPALI OTOPARK,1,10,24 Saat
2026-08-17T16:37:32.753611+00:00,2026-08-17T19:37:32.753611+03:00,2375,Merter Metro PD Zeminaltı Otoparkı,GÜNGÖREN,41.0037,28.8897,242,97,145,KAPALI OTOPARK,1,10,24 Saat
2026-08-17T16:37:32.753611+00:00,2026-08-17T19:37:32.753611+03:00,1568,Mete Caddesi 1,BEYOĞLU,41.0382,28.9879,31,1,30,YOL ÜSTÜ,1,15,08:00-23:00
2026-08-17T16:37:32.753611+00:00,2026-08-17T19:37:32.753611+03:00,1471,Mevlana Yeraltı Katlı Otoparkı,ZEYTİNBURNU,41.0072,28.9049,1000,868,132,KAPALI OTOPARK,1,5,24 Saat
2026-08-17T16:37:32.753611+00:00,2026-08-17T19:37:32.753611+03:00,2709,Millet Caddesi Açık Otoparkı,FATİH,41.01,28.9461,60,1,59,AÇIK OTOPARK,1,15,24 Saat
2026-08-17T16:37:32.753611+00:00,2026-08-17T19:37:32.753611+03:00,3152,Mimar Sinan Zemin Altı Otoparkı,ÜSKÜDAR,41.0222,29.0169,956,0,956,KAPALI OTOPARK,1,15,24 Saat
2026-08-17T16:37:32.753611+00:00,2026-08-17T19:37:32.753611+03:00,2870,Miniatürk Çadır Açık Otoparkı,BEYOĞLU,41.0594,28.9501,250,212,38,AÇIK OTOPARK,1,15,07:00-20:00
2026-08-17T16:37:32.753611+00:00,2026-08-17T19:37:32.753611+03:00,2556,Muallim Naci Açık Otoparkı,BEŞİKTAŞ,41.0561,29.0342,35,25,10,AÇIK OTOPARK,1,15,24 Saat
2026-08-17T16:37:32.753611+00:00,2026-08-17T19:37:32.753611+03:00,569,Oda Kule Önü 1,BEYOĞLU,41.0322,28.9751,24,1,23,YOL ÜSTÜ,1,0,07:00-01:00
2026-08-17T16:37:32.753611+00:00,2026-08-17T19:37:32.753611+03:00,1988,Orhangazi Şehir Parkı PD Açık Otoparkı,MALTEPE,40.9313,29.1161,5022,4095,927,AÇIK OTOPARK,1,15,24 Saat
2026-08-17T16:37:32.753611+00:00,2026-08-17T19:37:32.753611+03:00,152,Ortabahçe Caddesi 2,BEŞİKTAŞ,41.0428,29.0043,35,1,34,YOL ÜSTÜ,1,15,08:00-23:00
2026-08-17T16:37:32.753611+00:00,2026-08-17T19:37:32.753611+03:00,153,Ortabahçe Caddesi 3,BEŞİKTAŞ,41.043,29.0042,26,1,25,YOL ÜSTÜ,1,15,08:00-23:00
2026-08-17T16:37:32.753611+00:00,2026-08-17T19:37:32.753611+03:00,119,Ortaklar Caddesi 1,ŞİŞLİ,41.0638,28.9971,25,1,24,YOL ÜSTÜ,0,15,08:30-17:00
2026-08-17T16:37:32.753611+00:00,2026-08-17T19:37:32.753611+03:00,1343,Ortaköy Açık Otoparkı,BEŞİKTAŞ,41.0504,29.0326,170,141,29,AÇIK OTOPARK,1,0,24 Saat
2026-08-17T16:37:32.753611+00:00,2026-08-17T19:37:32.753611+03:00,572,Ortaköy Portakal Yokuşu 1,BEŞİKTAŞ,41.0503,29.0261,15,1,14,YOL ÜSTÜ,0,15,09:00-19:00
2026-08-17T16:37:32.753611+00:00,2026-08-17T19:37:32.753611+03:00,1039,Öğretmen Evi,AVCILAR,40.9723,28.714,80,42,38,AÇIK OTOPARK,1,0,11:00-23:00
2026-08-17T16:37:32.753611+00:00,2026-08-17T19:37:32.753611+03:00,1466,Pendik Katlı Otoparkı,PENDİK,40.8789,29.2342,120,0,120,KAPALI OTOPARK,1,15,24 Saat
2026-08-17T16:37:32.753611+00:00,2026-08-17T19:37:32.753611+03:00,3073,Pendik Kemal Kalkuz Parkı Zemin Altı Otoparkı,PENDİK,40.8885,29.2427,224,0,224,KAPALI OTOPARK,0,0,09:00-18:00
2026-08-17T16:37:32.753611+00:00,2026-08-17T19:37:32.753611+03:00,3019,Pendik Meydan Zemin Altı Otoparkı,PENDİK,40.8752,29.2324,937,0,937,KAPALI OTOPARK,1,0,24 Saat
2026-08-17T16:37:32.753611+00:00,2026-08-17T19:37:32.753611+03:00,2865,Pendik Sahil Engelliler Merkez Önü,PENDİK,40.8735,29.233,100,66,34,AÇIK OTOPARK,1,0,11:00-20:00
2026-08-17T16:37:32.753611+00:00,2026-08-17T19:37:32.753611+03:00,2434,Pendik Sahil İdo,PENDİK,40.8755,29.2369,100,0,100,AÇIK OTOPARK,1,0,07:00-23:00
2026-08-17T16:37:32.753611+00:00,2026-08-17T19:37:32.753611+03:00,248,Pendik Yenimahalle Açık 2 Otoparkı,PENDİK,40.864,29.2723,124,86,38,AÇIK OTOPARK,1,15,10:00-22:00
2026-08-17T16:37:32.753611+00:00,2026-08-17T19:37:32.753611+03:00,297,Perşembe Pazarı 1,BEYOĞLU,41.0252,28.9693,32,1,31,YOL ÜSTÜ,0,15,08:00-17:00
2026-08-17T16:37:32.753611+00:00,2026-08-17T19:37:32.753611+03:00,597,Pierre Loti Caddesi 3,FATİH,41.0069,28.9711,36,1,35,YOL ÜSTÜ,0,0,07:00-17:00
2026-08-17T16:37:32.753611+00:00,2026-08-17T19:37:32.753611+03:00,3263,Piyalepaşa Meydanı Zemin Altı Otoparkı,BEYOĞLU,41.0445,28.9674,560,259,301,KAPALI OTOPARK,1,0,24 Saat
2026-08-17T16:37:32.753611+00:00,2026-08-17T19:37:32.753611+03:00,1900,Ragıp Gümüşpala Cad.(Sobacılar Önü),FATİH,41.0181,28.969,40,1,39,YOL ÜSTÜ,0,15,07:00-18:00
2026-08-17T16:37:32.753611+00:00,2026-08-17T19:37:32.753611+03:00,415,Ragıp Gümüşpala Camii Önü 1,FATİH,41.0211,28.9627,35,1,34,YOL ÜSTÜ,0,0,07:00-17:30
2026-08-17T16:37:32.753611+00:00,2026-08-17T19:37:32.753611+03:00,3268,Refik Saydam Caddesi 3,BEYOĞLU,41.032,28.9736,55,1,54,YOL ÜSTÜ,1,0,06:00-23:00
2026-08-17T16:37:32.753611+00:00,2026-08-17T19:37:32.753611+03:00,2307,Ressam Halim Sokak PD Açık Otoparkı,BAHÇELİEVLER,40.9967,28.8641,120,99,21,AÇIK OTOPARK,1,15,08:00-00:00
2026-08-17T16:37:32.753611+00:00,2026-08-17T19:37:32.753611+03:00,3082,Rumeli Hisarı Sahil Yolu Otoparkı,SARIYER,41.0854,29.0568,20,0,20,AÇIK OTOPARK,1,0,24 Saat
2026-08-17T16:37:32.753611+00:00,2026-08-17T19:37:32.753611+03:00,1595,Sabiha Gökçen Açık Otoparkı,PENDİK,40.925,29.308,1056,223,833,AÇIK OTOPARK,1,15,24 Saat
2026-08-17T16:37:32.753611+00:00,2026-08-17T19:37:32.753611+03:00,3239,Samatya Sahil Cep Otoparkı,FATİH,40.9954,28.932,113,107,6,AÇIK OTOPARK,1,15,24 Saat
2026-08-17T16:37:32.753611+00:00,2026-08-17T19:37:32.753611+03:00,3273,Sarıyer Büyükdere Fidanlığı,SARIYER,41.1548,29.0268,160,155,5,AÇIK OTOPARK,0,0,08:00-18:00
2026-08-17T16:37:32.753611+00:00,2026-08-17T19:37:32.753611+03:00,3299,Sariyer Ayazağa Mah Vadi İstanbul Önü Açık Otoparkı,SARIYER,41.1106,28.9881,100,96,4,AÇIK OTOPARK,1,0,08:00-20:00
2026-08-17T16:37:32.753611+00:00,2026-08-17T19:37:32.753611+03:00,1303,Seyrantepe Katlı (Arena Karşısı) 1,KAĞITHANE,41.101,28.9961,1897,1894,3,KAPALI OTOPARK,1,0,24 Saat
2026-08-17T16:37:32.753611+00:00,2026-08-17T19:37:32.753611+03:00,1628,Sıracevizler Caddesi Yol Üstü 5,ŞİŞLİ,41.0607,28.9841,45,1,44,YOL ÜSTÜ,0,15,09:00-17:00
2026-08-17T16:37:32.753611+00:00,2026-08-17T19:37:32.753611+03:00,464,Sirkeci Gar Önü,FATİH,41.015,28.9761,60,1,59,AÇIK OTOPARK,1,5,07:00-20:00
2026-08-17T16:37:32.753611+00:00,2026-08-17T19:37:32.753611+03:00,1486,Siyavuşpaşa Yer Altı Otoparkı,BAHÇELİEVLER,40.9965,28.8532,155,0,155,KAPALI OTOPARK,1,0,24 Saat
2026-08-17T16:37:32.753611+00:00,2026-08-17T19:37:32.753611+03:00,1958,Soğanlık Metro PD Açık Otoparkı,KARTAL,40.9131,29.1925,898,853,45,AÇIK OTOPARK,1,15,24 Saat
2026-08-17T16:37:32.753611+00:00,2026-08-17T19:37:32.753611+03:00,589,Su Terazisi Sokak,FATİH,41.0046,28.9727,22,1,21,YOL ÜSTÜ,0,0,07:30-17:00
2026-08-17T16:37:32.753611+00:00,2026-08-17T19:37:32.753611+03:00,1478,Suadiye Cep Açık Otoparkı,KADIKÖY,40.9586,29.0732,130,60,70,AÇIK OTOPARK,1,15,24 Saat
2026-08-17T16:37:32.753611+00:00,2026-08-17T19:37:32.753611+03:00,2948,Suadiye Sahil Açık Otoparkı,KADIKÖY,40.9562,29.0797,70,0,70,AÇIK OTOPARK,1,5,24 Saat
2026-08-17T16:37:32.753611+00:00,2026-08-17T19:37:32.753611+03:00,2799,Sultanbeyli Emir Caddesi Zemin Altı Otoparkı,SULTANBEYLİ,40.9707,29.2606,130,117,13,KAPALI OTOPARK,1,15,08:00-22:00
2026-08-17T16:37:32.753611+00:00,2026-08-17T19:37:32.753611+03:00,2372,Sultanbeyli Kent Meydanı Zemin Altı Otoparkı,SULTANBEYLİ,40.9667,29.2667,300,158,142,KAPALI OTOPARK,1,15,24 Saat
2026-08-17T16:37:32.753611+00:00,2026-08-17T19:37:32.753611+03:00,2410,Sultangazi Zemin Altı Otoparkı,SULTANGAZİ,41.0944,28.8649,104,0,104,KAPALI OTOPARK,1,10,24 Saat
2026-08-17T16:37:32.753611+00:00,2026-08-17T19:37:32.753611+03:00,2085,Süleyman Seba Caddesi 2,BEŞİKTAŞ,41.0426,28.9998,40,1,39,YOL ÜSTÜ,0,15,08:00-18:00
2026-08-17T16:37:32.753611+00:00,2026-08-17T19:37:32.753611+03:00,2088,Süleyman Seba Caddesi 5,BEŞİKTAŞ,41.0432,28.9978,40,1,39,YOL ÜSTÜ,0,15,08:00-18:00
2026-08-17T16:37:32.753611+00:00,2026-08-17T19:37:32.753611+03:00,2089,Süleyman Seba Caddesi 6,BEŞİKTAŞ,41.0435,28.9967,11,1,10,YOL ÜSTÜ,0,15,08:00-18:00
2026-08-17T16:37:32.753611+00:00,2026-08-17T19:37:32.753611+03:00,2391,Süleymaniye Cami Altı Açık Otoparkı,FATİH,41.0158,28.961,250,234,16,AÇIK OTOPARK,0,0,06:30-18:30
2026-08-17T16:37:32.753611+00:00,2026-08-17T19:37:32.753611+03:00,1730,Sütlüce Miniatürk Yanı,BEYOĞLU,41.057,28.95,320,221,99,AÇIK OTOPARK,1,15,24 Saat
2026-08-17T16:37:32.753611+00:00,2026-08-17T19:37:32.753611+03:00,36,Şakayık Sokak 4,ŞİŞLİ,41.0518,28.9936,50,1,49,YOL ÜSTÜ,0,15,08:00-16:00
2026-08-17T16:37:32.753611+00:00,2026-08-17T19:37:32.753611+03:00,1469,Şehit Volkan Duysak Katlı Otoparkı,ZEYTİNBURNU,40.9968,28.9039,1000,689,311,KAPALI OTOPARK,1,5,24 Saat
2026-08-17T16:37:32.753611+00:00,2026-08-17T19:37:32.753611+03:00,2385,Şehremini Açık Otoparkı 1,FATİH,41.0135,28.9333,60,1,59,AÇIK OTOPARK,1,0,08:30-20:30
2026-08-17T16:37:32.753611+00:00,2026-08-17T19:37:32.753611+03:00,2855,Şemsipaşa Açık Otoparkı,ÜSKÜDAR,41.0255,29.0097,80,43,37,AÇIK OTOPARK,1,0,24 Saat
2026-08-17T16:37:32.753611+00:00,2026-08-17T19:37:32.753611+03:00,2439,Şirinevler Meydan Zeminaltı Otoparkı,BAHÇELİEVLER,40.9925,28.8496,367,65,302,KAPALI OTOPARK,1,0,24 Saat
2026-08-17T16:37:32.753611+00:00,2026-08-17T19:37:32.753611+03:00,3400,Şişhane Refik Saydam Caddesi 2 Yol Üstü Otoparkı 1,BEYOĞLU,41.0326,28.9743,70,1,69,YOL ÜSTÜ,1,15,06:00-23:00
2026-08-17T16:37:32.753611+00:00,2026-08-17T19:37:32.753611+03:00,3441,Şişli Kuştepe Zemin Altı Otoparkı,ŞİŞLİ,41.072,28.9919,430,302,128,KAPALI OTOPARK,1,15,24 Saat
2026-08-17T16:37:32.753611+00:00,2026-08-17T19:37:32.753611+03:00,2816,Şişli Rumeli Caddesi Metro Yanı 1,ŞİŞLİ,41.0538,28.9868,45,1,44,YOL ÜSTÜ,1,15,08:00-20:00
2026-08-17T16:37:32.753611+00:00,2026-08-17T19:37:32.753611+03:00,2406,Şişli Zemin Altı Otoparkı,ŞİŞLİ,41.0641,28.9992,581,326,255,KAPALI OTOPARK,1,15,24 Saat
2026-08-17T16:37:32.753611+00:00,2026-08-17T19:37:32.753611+03:00,1993,Tuzla İdo,TUZLA,40.8149,29.3039,300,177,123,AÇIK OTOPARK,1,15,24 Saat
2026-08-17T16:37:32.753611+00:00,2026-08-17T19:37:32.753611+03:00,3332,Tuzla Sahil Cep,TUZLA,40.8168,29.2992,50,39,11,AÇIK OTOPARK,1,0,08:00-00:00
2026-08-17T16:37:32.753611+00:00,2026-08-17T19:37:32.753611+03:00,3057,Tuzla Sahil Zemin Altı Otoparkı,TUZLA,40.8181,29.3004,779,1,778,KAPALI OTOPARK,1,15,24 Saat
2026-08-17T16:37:32.753611+00:00,2026-08-17T19:37:32.753611+03:00,1811,Ulu Camii Açık Otoparkı,BAHÇELİEVLER,40.9982,28.8499,150,118,32,AÇIK OTOPARK,1,10,24 Saat
2026-08-17T16:37:32.753611+00:00,2026-08-17T19:37:32.753611+03:00,2424,Uzunçayır Açık Otoparkı,KADIKÖY,40.9988,29.0556,58,51,7,AÇIK OTOPARK,0,0,06:00-16:00
2026-08-17T16:37:32.753611+00:00,2026-08-17T19:37:32.753611+03:00,1468,Ümraniye Katlı Otoparkı,ÜMRANİYE,41.0261,29.0953,665,452,213,KAPALI OTOPARK,1,15,24 Saat
2026-08-17T16:37:32.753611+00:00,2026-08-17T19:37:32.753611+03:00,2898,Ümraniye Okan Sokak Zeminaltı Otoparkı,ÜMRANİYE,41.0284,29.0907,125,34,91,KAPALI OTOPARK,1,15,24 Saat
2026-08-17T16:37:32.753611+00:00,2026-08-17T19:37:32.753611+03:00,2345,Üsküdar Uzunçayır PD Açık Otoparkı,ÜSKÜDAR,40.9988,29.0577,90,77,13,AÇIK OTOPARK,1,15,06:00-22:00
2026-08-17T16:37:32.753611+00:00,2026-08-17T19:37:32.753611+03:00,1929,Üsküdar Ünalan Açık Otoparkı,ÜSKÜDAR,40.9979,29.0604,180,175,5,AÇIK OTOPARK,0,0,07:00-17:00
2026-08-17T16:37:32.753611+00:00,2026-08-17T19:37:32.753611+03:00,1487,Vatan Caddesi PD Açık Otoparkı,FATİH,41.0157,28.9405,397,329,68,AÇIK OTOPARK,1,5,24 Saat
2026-08-17T16:37:32.753611+00:00,2026-08-17T19:37:32.753611+03:00,2441,Yalı Açık Otoparkı,MALTEPE,40.9095,29.137,85,82,3,AÇIK OTOPARK,1,0,07:30-22:00
2026-08-17T16:37:32.753611+00:00,2026-08-17T19:37:32.753611+03:00,459,Yalı Köşkü Caddesi 1,FATİH,41.0163,28.9759,61,1,60,YOL ÜSTÜ,1,5,07:00-21:00
2026-08-17T16:37:32.753611+00:00,2026-08-17T19:37:32.753611+03:00,2037,Yenikapı Marmaray Büyük Otoparkı,FATİH,41.0057,28.9505,324,177,147,AÇIK OTOPARK,1,15,24 Saat
2026-08-17T16:37:32.753611+00:00,2026-08-17T19:37:32.753611+03:00,2036,Yenikapı Marmaray Küçük Otoparkı,FATİH,41.0064,28.9504,200,184,16,AÇIK OTOPARK,1,15,07:00-22:00
2026-08-17T16:37:32.753611+00:00,2026-08-17T19:37:32.753611+03:00,2175,Yenikapı Spor ve Kültür Merkezi PD Açık Otoparkı,FATİH,41.0006,28.9519,4023,3805,218,AÇIK OTOPARK,1,15,24 Saat
2026-08-17T16:37:32.753611+00:00,2026-08-17T19:37:32.753611+03:00,2805,Yenikapı Tünel Üstü Açık Otoparkı,FATİH,41.0029,28.9534,700,501,199,AÇIK OTOPARK,1,10,24 Saat
2026-08-17T16:37:32.753611+00:00,2026-08-17T19:37:32.753611+03:00,3404,Yenimahalle Metro Zemin Altı PD Otoparkı,GAZİOSMANPAŞA,41.0839,28.8926,114,93,21,KAPALI OTOPARK,1,15,24 Saat
2026-08-17T16:37:32.753611+00:00,2026-08-17T19:37:32.753611+03:00,2920,Yeşilce Zemin Altı Katlı Otoparkı,KAĞITHANE,41.0938,29.0017,676,0,676,KAPALI OTOPARK,1,0,24 Saat
2026-08-17T16:37:32.753611+00:00,2026-08-17T19:37:32.753611+03:00,987,Yeşilköy İstasyon Caddesi 1,BAKIRKÖY,40.962,28.825,40,1,39,YOL ÜSTÜ,0,15,09:00-17:30
2026-08-17T16:37:32.753611+00:00,2026-08-17T19:37:32.753611+03:00,974,Yeşilköy Marina 1,BAKIRKÖY,40.9576,28.8233,145,1,144,YOL ÜSTÜ,1,0,12:00-23:00
2026-08-17T16:37:32.753611+00:00,2026-08-17T19:37:32.753611+03:00,3406,Yeşilpınar Metro Zemin Altı PD Otoparkı,EYÜP,41.081,28.9204,269,192,77,KAPALI OTOPARK,1,15,24 Saat
2026-08-17T16:37:32.753611+00:00,2026-08-17T19:37:32.753611+03:00,315,Yeşilyurt Çarşı 1,BAKIRKÖY,40.9643,28.8379,50,1,49,YOL ÜSTÜ,0,15,09:00-17:30
2026-08-17T16:37:32.753611+00:00,2026-08-17T19:37:32.753611+03:00,1133,Yıldız Korusu,BEŞİKTAŞ,41.0514,29.0165,500,1,499,AÇIK OTOPARK,1,0,08:00-22:00
2026-08-17T16:37:32.753611+00:00,2026-08-17T19:37:32.753611+03:00,882,Zeytinburnu 58. Bulvar 2,ZEYTİNBURNU,40.9932,28.9039,48,1,47,YOL ÜSTÜ,0,15,09:00-18:00
2026-08-17T16:37:32.753611+00:00,2026-08-17T19:37:32.753611+03:00,3185,Zeytinburnu Sahil Cep Otoparkı,ZEYTİNBURNU,40.9798,28.8985,160,1,159,AÇIK OTOPARK,1,0,12:00-22:00
2026-08-17T17:03:29.787257+00:00,2026-08-17T20:03:29.787257+03:00,3068,15 Temmuz Şehitler Meydanı Zeminaltı Otoparkı,ÜMRANİYE,41.0246,29.0915,1029,641,388,KAPALI OTOPARK,1,15,24 Saat
2026-08-17T17:03:29.787257+00:00,2026-08-17T20:03:29.787257+03:00,2338,19 Mayıs Açık,ŞİŞLİ,41.0563,28.9941,65,0,65,AÇIK OTOPARK,1,0,24 Saat
2026-08-17T17:03:29.787257+00:00,2026-08-17T20:03:29.787257+03:00,1751,4.Levent PD Açık Otoparkı,KAĞITHANE,41.0836,29.0081,236,130,106,AÇIK OTOPARK,1,5,24 Saat
2026-08-17T17:03:29.787257+00:00,2026-08-17T20:03:29.787257+03:00,3328,4.Levent Servis ve Turizm Araçları Açık Otoparkı,ŞİŞLİ,41.0841,29.0054,300,149,151,AÇIK OTOPARK,1,15,24 Saat
2026-08-17T17:03:29.787257+00:00,2026-08-17T20:03:29.787257+03:00,3412,5. Levent Gaziosmanpaşa Adliyesi Yanı Açık Otoparkı,EYÜP,41.0927,28.9494,250,202,48,AÇIK OTOPARK,1,15,07:00-23:00
2026-08-17T17:03:29.787257+00:00,2026-08-17T20:03:29.787257+03:00,104,Abide-i Hürriyet Caddesi 5,ŞİŞLİ,41.0619,28.9876,40,1,39,YOL ÜSTÜ,0,15,08:00-17:00
2026-08-17T17:03:29.787257+00:00,2026-08-17T20:03:29.787257+03:00,2452,Acıbadem Açık Otoparkı,ÜSKÜDAR,41.0157,29.0574,100,86,14,AÇIK OTOPARK,0,0,06:30-16:00
2026-08-17T17:03:29.787257+00:00,2026-08-17T20:03:29.787257+03:00,346,Ada Karşısı Cep 2,BEŞİKTAŞ,41.072,29.045,30,1,29,YOL ÜSTÜ,1,15,08:00-23:00
2026-08-17T17:03:29.787257+00:00,2026-08-17T20:03:29.787257+03:00,1663,Akasyalı Sokak Tenis Kulubü Önü 2,BEŞİKTAŞ,41.0867,29.0109,45,1,44,YOL ÜSTÜ,0,15,08:30-17:30
2026-08-17T17:03:29.787257+00:00,2026-08-17T20:03:29.787257+03:00,828,Akdeniz Caddesi 4,FATİH,41.0175,28.9435,27,1,26,YOL ÜSTÜ,0,15,09:00-18:00
2026-08-17T17:03:29.787257+00:00,2026-08-17T20:03:29.787257+03:00,1913,Alibeyköy Cep Otogarı Açık Otoparkı,EYÜP,41.0879,28.9446,116,0,116,AÇIK OTOPARK,1,25,24 Saat
2026-08-17T17:03:29.787257+00:00,2026-08-17T20:03:29.787257+03:00,1912,Alibeyköy Cep Otogarı Otobüs Otoparkı,EYÜP,41.0875,28.9449,5000,1,4999,AÇIK OTOPARK,1,60,24 Saat
2026-08-17T17:03:29.787257+00:00,2026-08-17T20:03:29.787257+03:00,2562,Alibeyköy Yeşiltepe Zemin Altı Otoparkı,EYÜP,41.0797,28.938,159,66,93,KAPALI OTOPARK,1,15,24 Saat
2026-08-17T17:03:29.787257+00:00,2026-08-17T20:03:29.787257+03:00,3201,Altınboynuz Sosyal Tesisleri,EYÜP,41.058,28.9447,70,70,0,AÇIK OTOPARK,1,15,08:00-23:00
2026-08-17T17:03:29.787257+00:00,2026-08-17T20:03:29.787257+03:00,758,Arap Camii Açık Otoparkı,BEYOĞLU,41.0227,28.9723,30,1,29,AÇIK OTOPARK,0,0,09:00-17:00
2026-08-17T17:03:29.787257+00:00,2026-08-17T20:03:29.787257+03:00,1963,Aras Sokak 1,BÜYÜKÇEKMECE,41.0226,28.622,60,1,59,YOL ÜSTÜ,0,0,06:00-14:30
2026-08-17T17:03:29.787257+00:00,2026-08-17T20:03:29.787257+03:00,2802,Arnavutköy Zemin Altı Otoparkı,ARNAVUTKÖY,41.1838,28.7396,700,8,692,KAPALI OTOPARK,1,15,24 Saat
2026-08-17T17:03:29.787257+00:00,2026-08-17T20:03:29.787257+03:00,1797,Ataköy Atrium AVM,BAKIRKÖY,40.9881,28.8459,250,233,17,AÇIK OTOPARK,1,15,08:00-23:00
2026-08-17T17:03:29.787257+00:00,2026-08-17T20:03:29.787257+03:00,2824,Ataköy Metro Durağı Yanı PD Zemin Altı Otoparkı,BAKIRKÖY,40.9904,28.8456,150,85,65,KAPALI OTOPARK,1,0,24 Saat
2026-08-17T17:03:29.787257+00:00,2026-08-17T20:03:29.787257+03:00,359,Atatürk Bulvarı 1,FATİH,41.0112,28.9534,20,1,19,YOL ÜSTÜ,0,0,07:30-18:00
2026-08-17T17:03:29.787257+00:00,2026-08-17T20:03:29.787257+03:00,3087,Atatürk Kent Ormanı Otoparkı,SARIYER,41.136,29.0262,200,197,3,AÇIK OTOPARK,0,0,08:00-17:00
2026-08-17T17:03:29.787257+00:00,2026-08-17T20:03:29.787257+03:00,1088,Avcılar İdo,AVCILAR,40.9712,28.7185,270,260,10,AÇIK OTOPARK,1,0,13:00-07:00
2026-08-17T17:03:29.787257+00:00,2026-08-17T20:03:29.787257+03:00,2885,Azapkapı Haliç Metro Otoparkı,ŞİŞLİ,41.0245,28.9691,80,22,58,AÇIK OTOPARK,1,5,24 Saat
2026-08-17T17:03:29.787257+00:00,2026-08-17T20:03:29.787257+03:00,2455,Azerbaycan Dostluk Parkı Zemin Altı Otoparkı,BAĞCILAR,41.0444,28.854,400,173,227,KAPALI OTOPARK,1,10,24 Saat
2026-08-17T17:03:29.787257+00:00,2026-08-17T20:03:29.787257+03:00,2965,Bağcılar Çolakoğlu Zemin Altı Otoparkı,BAĞCILAR,41.0324,28.8345,106,0,106,KAPALI OTOPARK,1,5,24 Saat
2026-08-17T17:03:29.787257+00:00,2026-08-17T20:03:29.787257+03:00,2576,Bağcılar Demirkapı Zemin Altı Otoparkı,BAĞCILAR,41.0499,28.8327,343,161,182,KAPALI OTOPARK,1,5,24 Saat
2026-08-17T17:03:29.787257+00:00,2026-08-17T20:03:29.787257+03:00,3036,Bağcılar Devlet Hastanesi Yanı Zeminaltı Otoparkı,BAĞCILAR,41.0312,28.8696,1133,109,1024,KAPALI OTOPARK,1,15,24 Saat
2026-08-17T17:03:29.787257+00:00,2026-08-17T20:03:29.787257+03:00,3071,Bağcılar Emniyet Müdürlüğü Yanı Açık Otoparkı,BAĞCILAR,41.0353,28.8598,100,42,58,AÇIK OTOPARK,1,0,24 Saat
2026-08-17T17:03:29.787257+00:00,2026-08-17T20:03:29.787257+03:00,2873,Bağcılar Göztepe Zemin Altı,BAĞCILAR,41.0567,28.8355,120,0,120,KAPALI OTOPARK,1,5,24 Saat
2026-08-17T17:03:29.787257+00:00,2026-08-17T20:03:29.787257+03:00,3187,Bağcılar Hürriyet Mahallesi Zemin Altı Otoparkı,BAĞCILAR,41.0291,28.8333,355,0,355,KAPALI OTOPARK,1,10,24 Saat
2026-08-17T17:03:29.787257+00:00,2026-08-17T20:03:29.787257+03:00,2916,Bağcılar Kent Meydanı PD Zemin Altı Otoparkı,BAĞCILAR,41.0339,28.8556,1162,0,1162,KAPALI OTOPARK,1,0,24 Saat
2026-08-17T17:03:29.787257+00:00,2026-08-17T20:03:29.787257+03:00,3261,Bağcılar Yenimahalle Zemin Altı Otoparkı,BAĞCILAR,41.0425,28.8395,525,275,250,KAPALI OTOPARK,1,15,24 Saat
2026-08-17T17:03:29.787257+00:00,2026-08-17T20:03:29.787257+03:00,2820,Bağcılar Yıldıztepe Katlı Otoparkı,BAĞCILAR,41.0294,28.8556,350,0,350,KAPALI OTOPARK,1,10,24 Saat
2026-08-17T17:03:29.787257+00:00,2026-08-17T20:03:29.787257+03:00,3447,Bahçelievler 23 Nisan Milli Egemenlik Zeminaltı Otoparkı,BAHÇELİEVLER,40.9988,28.8472,732,476,256,KAPALI OTOPARK,1,10,24 Saat
2026-08-17T17:03:29.787257+00:00,2026-08-17T20:03:29.787257+03:00,2993,Bahçelievler Cumhuriyet Zeminaltı Otoparkı,BAHÇELİEVLER,41.0149,28.859,663,0,663,KAPALI OTOPARK,1,10,24 Saat
2026-08-17T17:03:29.787257+00:00,2026-08-17T20:03:29.787257+03:00,2969,Bahçelievler Devlet Hastanesi Yanı Katlı Otoparkı,BAHÇELİEVLER,41.0072,28.8442,740,0,740,KAPALI OTOPARK,1,0,24 Saat
2026-08-17T17:03:29.787257+00:00,2026-08-17T20:03:29.787257+03:00,3051,Bahçelievler Zafer Mh. Zeminaltı Otoparkı,BAHÇELİEVLER,41.0036,28.8351,200,76,124,KAPALI OTOPARK,1,0,24 Saat
2026-08-17T17:03:29.787257+00:00,2026-08-17T20:03:29.787257+03:00,3236,Bahçeşehir Gölet Açık Otoparkı,BAŞAKŞEHİR,41.0719,28.6901,200,1,199,AÇIK OTOPARK,1,0,12:00-22:00
2026-08-17T17:03:29.787257+00:00,2026-08-17T20:03:29.787257+03:00,1465,Bakırköy İdo Açık Otoparkı,BAKIRKÖY,40.9739,28.8761,160,113,47,AÇIK OTOPARK,1,10,24 Saat
2026-08-17T17:03:29.787257+00:00,2026-08-17T20:03:29.787257+03:00,1104,Balmumcu Katlı Otoparkı,BEŞİKTAŞ,41.0636,29.0109,400,308,92,KAPALI OTOPARK,1,5,24 Saat
2026-08-17T17:03:29.787257+00:00,2026-08-17T20:03:29.787257+03:00,2796,Başakşehir Metro Açık Otoparkı,BAŞAKŞEHİR,41.107,28.801,125,1,124,AÇIK OTOPARK,0,0,07:00-16:00
2026-08-17T17:03:29.787257+00:00,2026-08-17T20:03:29.787257+03:00,2350,Bayrampaşa Adapark Katlı Otoparkı,BAYRAMPAŞA,41.0647,28.8875,650,0,650,KAPALI OTOPARK,1,15,24 Saat
2026-08-17T17:03:29.787257+00:00,2026-08-17T20:03:29.787257+03:00,2892,Bayrampaşa Altıntepsi Zemin  Altı Otoparkı,BAYRAMPAŞA,41.0393,28.9029,110,0,110,KAPALI OTOPARK,1,10,24 Saat
2026-08-17T17:03:29.787257+00:00,2026-08-17T20:03:29.787257+03:00,2909,Bayrampaşa Atatürk Parkı  Zemin Altı Otoparkı,BAYRAMPAŞA,41.0342,28.9123,442,0,442,KAPALI OTOPARK,1,10,24 Saat
2026-08-17T17:03:29.787257+00:00,2026-08-17T20:03:29.787257+03:00,2683,Bayrampaşa Devlet Hastanesi Cep Otoparkı,BAYRAMPAŞA,41.0414,28.9031,55,25,30,AÇIK OTOPARK,0,0,08:00-19:00
2026-08-17T17:03:29.787257+00:00,2026-08-17T20:03:29.787257+03:00,3301,Bayrampaşa Kocatepe Mahallesi Zemin Altı Otoparkı,BAYRAMPAŞA,41.0545,28.8964,241,0,241,KAPALI OTOPARK,1,10,24 Saat
2026-08-17T17:03:29.787257+00:00,2026-08-17T20:03:29.787257+03:00,2053,Bayrampaşa Muratpaşa Yer Altı Otoparkı,BAYRAMPAŞA,41.047,28.9082,300,0,300,KAPALI OTOPARK,1,15,24 Saat
2026-08-17T17:03:29.787257+00:00,2026-08-17T20:03:29.787257+03:00,3175,Bayrampaşa Spor Kompleksi Zemin Altı Otoparkı,BAYRAMPAŞA,41.0446,28.9106,205,0,205,KAPALI OTOPARK,1,15,24 Saat
2026-08-17T17:03:29.787257+00:00,2026-08-17T20:03:29.787257+03:00,3382,Bayrampaşa Şehit Kamil Balkan Zemin Altı Otoparkı,BAYRAMPAŞA,41.0604,28.9008,235,0,235,KAPALI OTOPARK,1,10,24 Saat
2026-08-17T17:03:29.787257+00:00,2026-08-17T20:03:29.787257+03:00,2428,Bayrampaşa Yenidoğan Mahallesi Zemin Altı Otoparkı,BAYRAMPAŞA,41.0395,28.9088,120,0,120,KAPALI OTOPARK,1,10,24 Saat
2026-08-17T17:03:29.787257+00:00,2026-08-17T20:03:29.787257+03:00,2468,Bebek Açık,BEŞİKTAŞ,41.077,29.0434,30,0,30,AÇIK OTOPARK,1,0,24 Saat
2026-08-17T17:03:29.787257+00:00,2026-08-17T20:03:29.787257+03:00,3479,Beşiktaş Halk Pazarı Açık Otoparkı,BEŞİKTAŞ,41.0496,29.0004,170,77,93,AÇIK OTOPARK,1,5,24 Saat
2026-08-17T17:03:29.787257+00:00,2026-08-17T20:03:29.787257+03:00,3257,Beykoz Sahil Cep Otoparkı,BEYKOZ,41.1286,29.0953,100,74,26,AÇIK OTOPARK,1,0,08:00-00:00
2026-08-17T17:03:29.787257+00:00,2026-08-17T20:03:29.787257+03:00,2273,Beykoz Sosyal Tesisleri,BEYKOZ,41.1143,29.0888,130,0,130,AÇIK OTOPARK,1,15,08:00-00:00
2026-08-17T17:03:29.787257+00:00,2026-08-17T20:03:29.787257+03:00,2999,Beyoğlu Gazhane Bostan Sokak 2,BEYOĞLU,41.0389,28.9903,35,1,34,YOL ÜSTÜ,0,0,07:30-16:30
2026-08-17T17:03:29.787257+00:00,2026-08-17T20:03:29.787257+03:00,3072,Beyoğlu Örnektepe Zemin Altı Otoparkı,BEYOĞLU,41.0543,28.9548,143,0,143,KAPALI OTOPARK,1,0,24 Saat
2026-08-17T17:03:29.787257+00:00,2026-08-17T20:03:29.787257+03:00,1455,Bostancı Açık,KADIKÖY,40.9523,29.0902,394,89,305,AÇIK OTOPARK,1,15,24 Saat
2026-08-17T17:03:29.787257+00:00,2026-08-17T20:03:29.787257+03:00,1456,Bostancı Sahil-Cep Açık Otoparkı,KADIKÖY,40.9545,29.0885,192,113,79,AÇIK OTOPARK,1,15,24 Saat
2026-08-17T17:03:29.787257+00:00,2026-08-17T20:03:29.787257+03:00,2150,Bostancı Vergi Dairesi Açık Otoparkı,ATAŞEHİR,40.9625,29.1083,155,0,155,AÇIK OTOPARK,0,5,08:00-20:00
2026-08-17T17:03:29.787257+00:00,2026-08-17T20:03:29.787257+03:00,2854,Bülent Ecevit Kültür Merkezi Açık Otoparkı,KARTAL,40.8852,29.1967,277,265,12,AÇIK OTOPARK,1,0,10:00-21:00
2026-08-17T17:03:29.787257+00:00,2026-08-17T20:03:29.787257+03:00,2866,Büyük İstanbul Otogarı,BAYRAMPAŞA,41.0402,28.8942,1000,0,1000,AÇIK OTOPARK,1,25,24 Saat
2026-08-17T17:03:29.787257+00:00,2026-08-17T20:03:29.787257+03:00,1192,Büyükçamlıca Korusu Sosyal Tesisleri Önü,ÜSKÜDAR,41.0264,29.0698,204,112,92,AÇIK OTOPARK,1,0,08:00-00:00
2026-08-17T17:03:29.787257+00:00,2026-08-17T20:03:29.787257+03:00,2960,Büyükçekmece Metrobüs Durağı Yanı PD Zemin Altı Otopark,BÜYÜKÇEKMECE,41.0221,28.624,448,0,448,KAPALI OTOPARK,1,0,24 Saat
2026-08-17T17:03:29.787257+00:00,2026-08-17T20:03:29.787257+03:00,1503,Cadde Bostan Açık Otoparkı,KADIKÖY,40.9636,29.0675,66,13,53,AÇIK OTOPARK,1,15,24 Saat
2026-08-17T17:03:29.787257+00:00,2026-08-17T20:03:29.787257+03:00,2933,Cemal Kamacı Spor Kompleksi Zemin Altı Otoparkı,KAĞITHANE,41.0536,28.9575,510,0,510,KAPALI OTOPARK,1,0,24 Saat
2026-08-17T17:03:29.787257+00:00,2026-08-17T20:03:29.787257+03:00,2207,Cengiz Topel Yer Altı Katlı Otoparkı,ESENLER,41.0588,28.8643,144,0,144,KAPALI OTOPARK,1,15,24 Saat
2026-08-17T17:03:29.787257+00:00,2026-08-17T20:03:29.787257+03:00,2787,Cevizli Açık Otoparkı,KARTAL,40.9179,29.1712,100,88,12,AÇIK OTOPARK,0,15,08:00-19:00
2026-08-17T17:03:29.787257+00:00,2026-08-17T20:03:29.787257+03:00,782,Cihangir Caddesi 2,BEYOĞLU,41.0319,28.9862,70,1,69,YOL ÜSTÜ,0,15,09:00-19:00
2026-08-17T17:03:29.787257+00:00,2026-08-17T20:03:29.787257+03:00,1467,Cihangir Katlı Otoparkı,BEYOĞLU,41.0318,28.9858,350,0,350,KAPALI OTOPARK,1,0,24 Saat
2026-08-17T17:03:29.787257+00:00,2026-08-17T20:03:29.787257+03:00,535,Cihannuma Yol Üstü 1,BEŞİKTAŞ,41.0454,29.0084,35,1,34,YOL ÜSTÜ,1,0,08:00-23:00
2026-08-17T17:03:29.787257+00:00,2026-08-17T20:03:29.787257+03:00,537,Cihannuma Yol Üstü 3,BEŞİKTAŞ,41.0459,29.0087,33,1,32,YOL ÜSTÜ,1,0,08:00-23:00
2026-08-17T17:03:29.787257+00:00,2026-08-17T20:03:29.787257+03:00,539,Cihannuma Yol Üstü 5,BEŞİKTAŞ,41.0489,29.0094,24,1,23,YOL ÜSTÜ,1,0,08:00-23:00
2026-08-17T17:03:29.787257+00:00,2026-08-17T20:03:29.787257+03:00,3184,Çam Sokak 6,GÜNGÖREN,41.0121,28.8882,50,1,49,YOL ÜSTÜ,0,15,08:00-17:00
2026-08-17T17:03:29.787257+00:00,2026-08-17T20:03:29.787257+03:00,3030,Çekmeköy Metro PD Zemin Altı Otoparkı,ÇEKMEKÖY,41.0147,29.1886,175,48,127,KAPALI OTOPARK,1,15,24 Saat
2026-08-17T17:03:29.787257+00:00,2026-08-17T20:03:29.787257+03:00,2905,Çeliktepe Açık Otoparkı,KAĞITHANE,41.0843,29.0056,200,80,120,AÇIK OTOPARK,1,5,24 Saat
2026-08-17T17:03:29.787257+00:00,2026-08-17T20:03:29.787257+03:00,1298,Çengelköy Açık Otoparkı,ÜSKÜDAR,41.0484,29.0533,500,228,272,AÇIK OTOPARK,1,15,24 Saat
2026-08-17T17:03:29.787257+00:00,2026-08-17T20:03:29.787257+03:00,502,Çınar Açık Otoparkı,BEŞİKTAŞ,41.0853,29.0088,65,1,64,AÇIK OTOPARK,0,0,08:00-18:00
2026-08-17T17:03:29.787257+00:00,2026-08-17T20:03:29.787257+03:00,777,Çırağan Sarayı Yol Üstü 1,BEŞİKTAŞ,41.0448,29.0165,40,1,39,YOL ÜSTÜ,1,15,08:00-23:00
2026-08-17T17:03:29.787257+00:00,2026-08-17T20:03:29.787257+03:00,778,Çırağan Sarayı Yol Üstü 2,BEŞİKTAŞ,41.0445,29.0156,40,1,39,YOL ÜSTÜ,1,15,08:00-23:00
2026-08-17T17:03:29.787257+00:00,2026-08-17T20:03:29.787257+03:00,2228,Çırpıcı Sosyal Tesisler,ZEYTİNBURNU,41,28.8926,128,0,128,AÇIK OTOPARK,1,15,07:00-00:00
2026-08-17T17:03:29.787257+00:00,2026-08-17T20:03:29.787257+03:00,2030,Dalyan Açık Otoparkı,KADIKÖY,40.9632,29.0651,92,0,92,AÇIK OTOPARK,1,15,24 Saat
2026-08-17T17:03:29.787257+00:00,2026-08-17T20:03:29.787257+03:00,2271,Damla Sokak 1,ŞİŞLİ,41.0672,29.0004,17,1,16,YOL ÜSTÜ,0,15,07:30-16:30
2026-08-17T17:03:29.787257+00:00,2026-08-17T20:03:29.787257+03:00,2164,Darüşşafaka Yeraltı Otoparkı,SARIYER,41.1292,29.0252,150,140,10,KAPALI OTOPARK,1,15,08:00-00:00
2026-08-17T17:03:29.787257+00:00,2026-08-17T20:03:29.787257+03:00,1653,Deniz Feneri Otoparkı,FATİH,41.0019,28.9773,175,78,97,AÇIK OTOPARK,1,5,24 Saat
2026-08-17T17:03:29.787257+00:00,2026-08-17T20:03:29.787257+03:00,595,Dostluk Yurdu 1,FATİH,41.0071,28.973,33,33,0,YOL ÜSTÜ,0,15,07:00-17:00
2026-08-17T17:03:29.787257+00:00,2026-08-17T20:03:29.787257+03:00,2237,Dragos Sosyal Tesisleri,KARTAL,40.9017,29.1458,100,22,78,AÇIK OTOPARK,1,15,24 Saat
2026-08-17T17:03:29.787257+00:00,2026-08-17T20:03:29.787257+03:00,3063,Dudullu Metro PD Zemin Altı Otoparkı,ÜMRANİYE,41.0156,29.1633,81,55,26,KAPALI OTOPARK,1,15,07:00-23:30
2026-08-17T17:03:29.787257+00:00,2026-08-17T20:03:29.787257+03:00,1522,Ebu Suut Caddesi 1,FATİH,41.0128,28.9766,35,1,34,YOL ÜSTÜ,0,0,08:00-18:00
2026-08-17T17:03:29.787257+00:00,2026-08-17T20:03:29.787257+03:00,2147,EGS Blokları Açık Otoparkı,BAKIRKÖY,40.9863,28.8354,350,63,287,AÇIK OTOPARK,0,60,09:00-19:30
2026-08-17T17:03:29.787257+00:00,2026-08-17T20:03:29.787257+03:00,2366,Esenler Adem Baştürk Kültür Merkezi Katlı,ESENLER,41.039,28.8846,460,0,460,KAPALI OTOPARK,1,15,24 Saat
2026-08-17T17:03:29.787257+00:00,2026-08-17T20:03:29.787257+03:00,3190,Esenler Havaalanı Mahallesi Zemin Altı Otoparkı,ESENLER,41.0562,28.8674,610,341,269,KAPALI OTOPARK,1,10,24 Saat
2026-08-17T17:03:29.787257+00:00,2026-08-17T20:03:29.787257+03:00,3011,Esenler Menderes Metro İstasyonu Yanı,ESENLER,41.0427,28.8783,68,12,56,AÇIK OTOPARK,1,5,24 Saat
2026-08-17T17:03:29.787257+00:00,2026-08-17T20:03:29.787257+03:00,2822,Esenler Menderes Parkı Zemin Altı Otoparkı,ESENLER,41.0412,28.8729,325,47,278,KAPALI OTOPARK,1,10,24 Saat
2026-08-17T17:03:29.787257+00:00,2026-08-17T20:03:29.787257+03:00,3303,Esenyurt Adile Naşit Bulvarı Zeminaltı Otoparkı,ESENYURT,41.0205,28.6859,367,283,84,KAPALI OTOPARK,1,15,24 Saat
2026-08-17T17:03:29.787257+00:00,2026-08-17T20:03:29.787257+03:00,1328,Eski Salı Pazarı,KADIKÖY,40.9904,29.0338,760,0,760,AÇIK OTOPARK,1,15,24 Saat
2026-08-17T17:03:29.787257+00:00,2026-08-17T20:03:29.787257+03:00,904,Eyüp Pierloti Caddesi 1,EYÜP,41.0539,28.9329,40,1,39,YOL ÜSTÜ,1,0,09:00-22:00
2026-08-17T17:03:29.787257+00:00,2026-08-17T20:03:29.787257+03:00,2850,Eyüpsultan Akşemsettin Mahallesi Zemin Altı Otoparkı,EYÜP,41.085,28.9258,110,0,110,KAPALI OTOPARK,1,15,24 Saat
2026-08-17T17:03:29.787257+00:00,2026-08-17T20:03:29.787257+03:00,2215,Fatih Çeşmesi Tabiat Parkı Otoparkı,SARIYER,41.1686,28.9448,250,243,7,AÇIK OTOPARK,0,0,06:00-20:00
2026-08-17T17:03:29.787257+00:00,2026-08-17T20:03:29.787257+03:00,1475,Fatih Katlı Otoparkı,FATİH,41.0198,28.9396,118,26,92,KAPALI OTOPARK,1,10,24 Saat
2026-08-17T17:03:29.787257+00:00,2026-08-17T20:03:29.787257+03:00,1591,Feshane PD Açık Otoparkı,EYÜP,41.0463,28.9378,200,101,99,AÇIK OTOPARK,1,15,24 Saat
2026-08-17T17:03:29.787257+00:00,2026-08-17T20:03:29.787257+03:00,1005,Florya Havuzlu Bahçe,BAKIRKÖY,40.9764,28.7908,135,1,134,AÇIK OTOPARK,1,0,09:00-23:00
2026-08-17T17:03:29.787257+00:00,2026-08-17T20:03:29.787257+03:00,2238,Florya Sosyal Tesisleri,BAKIRKÖY,40.9614,28.8091,1074,670,404,AÇIK OTOPARK,1,15,24 Saat
2026-08-17T17:03:29.787257+00:00,2026-08-17T20:03:29.787257+03:00,1704,Gazi Umur Paşa Sokak 5,BEŞİKTAŞ,41.0589,29.0114,45,1,44,YOL ÜSTÜ,0,15,08:00-17:00
2026-08-17T17:03:29.787257+00:00,2026-08-17T20:03:29.787257+03:00,3296,Gaziosmanpaşa Meydanı ve Yaşam Merkezi Zemin Altı Otoparkı,GAZİOSMANPAŞA,41.0606,28.9093,202,0,202,KAPALI OTOPARK,1,15,24 Saat
2026-08-17T17:03:29.787257+00:00,2026-08-17T20:03:29.787257+03:00,2971,Gaziosmanpaşa Zemin Altı Otoparkı,GAZİOSMANPAŞA,41.0796,28.8858,285,0,285,KAPALI OTOPARK,1,0,24 Saat
2026-08-17T17:03:29.787257+00:00,2026-08-17T20:03:29.787257+03:00,3401,Giyimkent Tekstilkent Metro Zemin Altı PD Otoparkı,ESENLER,41.0711,28.8666,203,182,21,KAPALI OTOPARK,1,10,24 Saat
2026-08-17T17:03:29.787257+00:00,2026-08-17T20:03:29.787257+03:00,2242,Gözdağı Sosyal Tesisler  Açık Otoparkı,PENDİK,40.893,29.2538,300,216,84,AÇIK OTOPARK,1,0,07:00-23:00
2026-08-17T17:03:29.787257+00:00,2026-08-17T20:03:29.787257+03:00,1879,Gülsuyu Metro PD Yer Altı Otoparkı,MALTEPE,40.9237,29.1548,76,0,76,KAPALI OTOPARK,1,15,08:00-00:00
2026-08-17T17:03:29.787257+00:00,2026-08-17T20:03:29.787257+03:00,1423,Güneş Plajı 1,BAKIRKÖY,40.9712,28.79,250,180,70,AÇIK OTOPARK,1,10,24 Saat
2026-08-17T17:03:29.787257+00:00,2026-08-17T20:03:29.787257+03:00,1461,Güneş Plajı 2,BAKIRKÖY,40.9692,28.7951,135,66,69,AÇIK OTOPARK,0,10,08:00-20:00
2026-08-17T17:03:29.787257+00:00,2026-08-17T20:03:29.787257+03:00,3053,Güngören Nikah Dairesi Zemin Altı otoparkı,GÜNGÖREN,41.0363,28.8718,147,0,147,KAPALI OTOPARK,1,10,24 Saat
2026-08-17T17:03:29.787257+00:00,2026-08-17T20:03:29.787257+03:00,2216,Gürpınar Balık Hali Otoparkı,BEYLİKDÜZÜ,40.9663,28.6019,1000,771,229,AÇIK OTOPARK,1,15,24 Saat
2026-08-17T17:03:29.787257+00:00,2026-08-17T20:03:29.787257+03:00,1525,Hacıosman Metro Yer Altı Otoparkı,SARIYER,41.14,29.0306,422,222,200,KAPALI OTOPARK,1,15,24 Saat
2026-08-17T17:03:29.787257+00:00,2026-08-17T20:03:29.787257+03:00,1470,Haldun Alagaş Katlı Otoparkı,ÜMRANİYE,41.0262,29.1052,197,100,97,KAPALI OTOPARK,1,15,24 Saat
2026-08-17T17:03:29.787257+00:00,2026-08-17T20:03:29.787257+03:00,3235,Haliç Sosyal Tesisleri Otoparkı,FATİH,41.0277,28.9572,60,18,42,AÇIK OTOPARK,1,15,07:00-00:00
2026-08-17T17:03:29.787257+00:00,2026-08-17T20:03:29.787257+03:00,2848,Halkalı Mahallesi Zemin Altı Otoparkı,KÜÇÜKÇEKMECE,41.0359,28.7848,347,261,86,KAPALI OTOPARK,1,15,24 Saat
2026-08-17T17:03:29.787257+00:00,2026-08-17T20:03:29.787257+03:00,2838,Hamidiye Mahallesi Katlı Otoparkı,KAĞITHANE,41.0949,28.971,450,182,268,KAPALI OTOPARK,1,15,24 Saat
2026-08-17T17:03:29.787257+00:00,2026-08-17T20:03:29.787257+03:00,1446,Harbiye Zemin Altı Otoparkı,BEYOĞLU,41.0408,28.9869,142,62,80,KAPALI OTOPARK,1,5,24 Saat
2026-08-17T17:03:29.787257+00:00,2026-08-17T20:03:29.787257+03:00,2332,Haydarpaşa Katlı Otoparkı,ÜSKÜDAR,41.0048,29.0251,840,733,107,KAPALI OTOPARK,1,15,24 Saat
2026-08-17T17:03:29.787257+00:00,2026-08-17T20:03:29.787257+03:00,1987,Haznedar Yer Altı Otoparkı,GÜNGÖREN,41.0083,28.8729,540,0,540,KAPALI OTOPARK,1,0,24 Saat
2026-08-17T17:03:29.787257+00:00,2026-08-17T20:03:29.787257+03:00,377,Hızır Külhani Sokak,FATİH,41.0202,28.9605,32,1,31,YOL ÜSTÜ,0,15,09:00-17:00
2026-08-17T17:03:29.787257+00:00,2026-08-17T20:03:29.787257+03:00,3173,Hürriyet Mahallesi Zeminaltı Otoparkı,GAZİOSMANPAŞA,41.0708,28.8951,190,0,190,KAPALI OTOPARK,1,15,24 Saat
2026-08-17T17:03:29.787257+00:00,2026-08-17T20:03:29.787257+03:00,157,Ihlamur Dere Caddesi 4,BEŞİKTAŞ,41.047,29.0023,27,1,26,YOL ÜSTÜ,0,15,09:00-17:00
2026-08-17T17:03:29.787257+00:00,2026-08-17T20:03:29.787257+03:00,1189,İçerenköy Sebze Meyve Hali Otoparkı,ATAŞEHİR,40.9766,29.1044,600,600,0,AÇIK OTOPARK,1,15,24 Saat
2026-08-17T17:03:29.787257+00:00,2026-08-17T20:03:29.787257+03:00,1127,İshakpaşa Caddesi,FATİH,41.0079,28.9814,200,1,199,YOL ÜSTÜ,0,0,08:00-18:00
2026-08-17T17:03:29.787257+00:00,2026-08-17T20:03:29.787257+03:00,3265,İspark İstanbul West Marina Açık Otoparkı 1,BEYLİKDÜZÜ,40.9636,28.6564,250,1,249,AÇIK OTOPARK,1,15,24 Saat
2026-08-17T17:03:29.787257+00:00,2026-08-17T20:03:29.787257+03:00,2793,İspark Merter Katlı Otoparkı,GÜNGÖREN,41.0097,28.89,900,467,433,KAPALI OTOPARK,1,10,24 Saat
2026-08-17T17:03:29.787257+00:00,2026-08-17T20:03:29.787257+03:00,2430,İspark West İstanbul Marina Açık Otoparkı,BEYLİKDÜZÜ,40.9639,28.6591,1600,832,768,AÇIK OTOPARK,1,15,24 Saat
2026-08-17T17:03:29.787257+00:00,2026-08-17T20:03:29.787257+03:00,381,İstinye 4 ( Cami Önü ),SARIYER,41.1149,29.0571,25,1,24,YOL ÜSTÜ,0,15,08:30-17:30
2026-08-17T17:03:29.787257+00:00,2026-08-17T20:03:29.787257+03:00,1804,İtalyan Hastanesi Karşısı Açık Otoparkı 1,BEYOĞLU,41.028,28.9815,30,1,29,AÇIK OTOPARK,0,0,08:00-19:00
2026-08-17T17:03:29.787257+00:00,2026-08-17T20:03:29.787257+03:00,507,Kabasakal Medrese Önü,FATİH,41.0062,28.9789,65,1,64,AÇIK OTOPARK,0,0,08:00-18:30
2026-08-17T17:03:29.787257+00:00,2026-08-17T20:03:29.787257+03:00,3306,Kabataş Transfer Merkezi Turizm Otobüs Otoparkı,BEYOĞLU,41.0336,28.9923,160,35,125,KAPALI OTOPARK,1,20,24 Saat
2026-08-17T17:03:29.787257+00:00,2026-08-17T20:03:29.787257+03:00,2918,Kadıköy Hasanpaşa Gazhane Katlı Otoparkı,KADIKÖY,40.9972,29.0428,310,178,132,KAPALI OTOPARK,1,15,24 Saat
2026-08-17T17:03:29.787257+00:00,2026-08-17T20:03:29.787257+03:00,1447,Kadıköy İski Açık Otoparkı,KADIKÖY,40.9874,29.0207,124,3,121,AÇIK OTOPARK,1,15,24 Saat
2026-08-17T17:03:29.787257+00:00,2026-08-17T20:03:29.787257+03:00,1655,Kadıköy Metro Açık Otoparkı,KADIKÖY,40.9899,29.0217,74,0,74,AÇIK OTOPARK,1,15,24 Saat
2026-08-17T17:03:29.787257+00:00,2026-08-17T20:03:29.787257+03:00,3445,Kadıköy Uzunçayır PD Açık Otoparkı,KADIKÖY,40.9982,29.0569,70,40,30,AÇIK OTOPARK,0,15,06:30-16:30
2026-08-17T17:03:29.787257+00:00,2026-08-17T20:03:29.787257+03:00,2808,Kadıköy Yeni Salı Pazarı PD Katlı Otoparkı,KADIKÖY,40.9969,29.0486,1350,669,681,KAPALI OTOPARK,1,15,24 Saat
2026-08-17T17:03:29.787257+00:00,2026-08-17T20:03:29.787257+03:00,2811,Kağıthane Harmantepe Zemin Altı Otoparkı,KAĞITHANE,41.0816,28.9907,200,0,200,KAPALI OTOPARK,1,0,24 Saat
2026-08-17T17:03:29.787257+00:00,2026-08-17T20:03:29.787257+03:00,1452,Kalamış Açık Otoparkı,KADIKÖY,40.9687,29.0363,173,49,124,AÇIK OTOPARK,1,15,24 Saat
2026-08-17T17:03:29.787257+00:00,2026-08-17T20:03:29.787257+03:00,1474,Kartal Hasan Doğan Spor Kompleksi,KARTAL,40.8918,29.1897,773,0,773,KAPALI OTOPARK,1,15,24 Saat
2026-08-17T17:03:29.787257+00:00,2026-08-17T20:03:29.787257+03:00,1105,Kartal İdo Açık Otoparkı,KARTAL,40.8874,29.1881,90,0,90,AÇIK OTOPARK,1,15,24 Saat
2026-08-17T17:03:29.787257+00:00,2026-08-17T20:03:29.787257+03:00,1550,Kartal Sahil Açık Otoparkı,KARTAL,40.8875,29.1901,75,38,37,AÇIK OTOPARK,1,5,24 Saat
2026-08-17T17:03:29.787257+00:00,2026-08-17T20:03:29.787257+03:00,3434,Kasımpaşa Sosyal Tesisler Otoparkı,BEYOĞLU,41.0296,28.9673,60,36,24,AÇIK OTOPARK,1,0,07:30-23:00
2026-08-17T17:03:29.787257+00:00,2026-08-17T20:03:29.787257+03:00,1960,Kazlıçeşme Marmaray Açık Otoparkı,ZEYTİNBURNU,40.9922,28.917,700,592,108,AÇIK OTOPARK,1,15,24 Saat
2026-08-17T17:03:29.787257+00:00,2026-08-17T20:03:29.787257+03:00,2994,Kirazlı Metro Durağı PD Açık Otoparkı,BAĞCILAR,41.033,28.8429,112,0,112,AÇIK OTOPARK,1,5,24 Saat
2026-08-17T17:03:29.787257+00:00,2026-08-17T20:03:29.787257+03:00,1528,Kore Şehitleri Caddesi - Yüzbaşı Kaya Aldağon Sokak 1,ŞİŞLİ,41.0719,29.0139,40,1,39,YOL ÜSTÜ,0,15,07:00-16:00
2026-08-17T17:03:29.787257+00:00,2026-08-17T20:03:29.787257+03:00,2449,Kozyatağı Sebze-Meyve Hali,ATAŞEHİR,40.9787,29.1029,1500,1499,1,AÇIK OTOPARK,1,0,24 Saat
2026-08-17T17:03:29.787257+00:00,2026-08-17T20:03:29.787257+03:00,1206,Kutlugün Sokak 2,FATİH,41.0061,28.9801,200,1,199,YOL ÜSTÜ,0,0,08:00-18:00
2026-08-17T17:03:29.787257+00:00,2026-08-17T20:03:29.787257+03:00,3074,Küçük Çamlıca,ÜSKÜDAR,41.0204,29.0653,129,104,25,AÇIK OTOPARK,1,0,08:00-22:00
2026-08-17T17:03:29.787257+00:00,2026-08-17T20:03:29.787257+03:00,3127,Küçükçekmece Cennet Mahallesi Meydan Zemin Altı Otoparkı,KÜÇÜKÇEKMECE,40.9907,28.783,456,0,456,KAPALI OTOPARK,1,10,24 Saat
2026-08-17T17:03:29.787257+00:00,2026-08-17T20:03:29.787257+03:00,2554,Küçükçekmece Fevzi Çakmak Meydanı Zemin Altı Otoparkı,KÜÇÜKÇEKMECE,41.0076,28.7927,1000,502,498,KAPALI OTOPARK,1,10,24 Saat
2026-08-17T17:03:29.787257+00:00,2026-08-17T20:03:29.787257+03:00,2882,Küçüksu Kasrı Açık Otoparkı,BEYKOZ,41.0789,29.0657,98,92,6,AÇIK OTOPARK,1,0,07:00-23:00
2026-08-17T17:03:29.787257+00:00,2026-08-17T20:03:29.787257+03:00,220,Levent Hamidiye,BEŞİKTAŞ,41.0861,29.0076,100,1,99,AÇIK OTOPARK,0,0,08:00-19:00
2026-08-17T17:03:29.787257+00:00,2026-08-17T20:03:29.787257+03:00,1138,Levent Metro Yer Altı Otoparkı,BEŞİKTAŞ,41.0811,29.0105,100,100,0,AÇIK OTOPARK,0,5,07:30-19:30
2026-08-17T17:03:29.787257+00:00,2026-08-17T20:03:29.787257+03:00,2335,Maçka Açık Otoparkı,ŞİŞLİ,41.046,28.9908,75,73,2,AÇIK OTOPARK,1,0,24 Saat
2026-08-17T17:03:29.787257+00:00,2026-08-17T20:03:29.787257+03:00,1859,Maçka Katlı Otoparkı,ŞİŞLİ,41.0484,28.9903,508,49,459,KAPALI OTOPARK,1,0,24 Saat
2026-08-17T17:03:29.787257+00:00,2026-08-17T20:03:29.787257+03:00,3193,Maltepe Rıhtım Caddesi Açık Otoparkı,MALTEPE,40.9258,29.1241,76,19,57,AÇIK OTOPARK,1,0,24 Saat
2026-08-17T17:03:29.787257+00:00,2026-08-17T20:03:29.787257+03:00,2146,Maltepe Süreyyapaşa Çarşısı Açık Otoparkı,MALTEPE,40.9274,29.1225,156,66,90,AÇIK OTOPARK,1,0,24 Saat
2026-08-17T17:03:29.787257+00:00,2026-08-17T20:03:29.787257+03:00,1599,Maslak Açık Otoparkı,SARIYER,41.1166,29.024,150,124,26,AÇIK OTOPARK,1,10,24 Saat
2026-08-17T17:03:29.787257+00:00,2026-08-17T20:03:29.787257+03:00,2100,Matbaacılar Sitesi Yanı,ZEYTİNBURNU,41.0234,28.9187,250,208,42,AÇIK OTOPARK,1,5,24 Saat
2026-08-17T17:03:29.787257+00:00,2026-08-17T20:03:29.787257+03:00,920,Meclis-i Mebusan Yokuşu 2,BEYOĞLU,41.0326,28.9882,34,1,33,YOL ÜSTÜ,0,15,09:00-17:00
2026-08-17T17:03:29.787257+00:00,2026-08-17T20:03:29.787257+03:00,1546,Menekşe Plajı Açık Otoparkı,BAKIRKÖY,40.9761,28.7766,200,200,0,AÇIK OTOPARK,1,0,24 Saat
2026-08-17T17:03:29.787257+00:00,2026-08-17T20:03:29.787257+03:00,1376,Mercan Açık,FATİH,41.0136,28.9669,130,115,15,AÇIK OTOPARK,1,0,08:00-23:00
2026-08-17T17:03:29.787257+00:00,2026-08-17T20:03:29.787257+03:00,3309,Mercan Ali Paşa Sarayı Zemin Altı Otoparkı,FATİH,41.0136,28.967,196,1,195,KAPALI OTOPARK,1,0,07:00-21:00
2026-08-17T17:03:29.787257+00:00,2026-08-17T20:03:29.787257+03:00,1472,Merter Katlı Otoparkı,GÜNGÖREN,41.0092,28.8874,1000,900,100,KAPALI OTOPARK,1,10,24 Saat
2026-08-17T17:03:29.787257+00:00,2026-08-17T20:03:29.787257+03:00,2375,Merter Metro PD Zeminaltı Otoparkı,GÜNGÖREN,41.0037,28.8897,242,97,145,KAPALI OTOPARK,1,10,24 Saat
2026-08-17T17:03:29.787257+00:00,2026-08-17T20:03:29.787257+03:00,1568,Mete Caddesi 1,BEYOĞLU,41.0382,28.9879,31,1,30,YOL ÜSTÜ,1,15,08:00-23:00
2026-08-17T17:03:29.787257+00:00,2026-08-17T20:03:29.787257+03:00,1471,Mevlana Yeraltı Katlı Otoparkı,ZEYTİNBURNU,41.0072,28.9049,1000,867,133,KAPALI OTOPARK,1,5,24 Saat
2026-08-17T17:03:29.787257+00:00,2026-08-17T20:03:29.787257+03:00,2709,Millet Caddesi Açık Otoparkı,FATİH,41.01,28.9461,60,1,59,AÇIK OTOPARK,1,15,24 Saat
2026-08-17T17:03:29.787257+00:00,2026-08-17T20:03:29.787257+03:00,3152,Mimar Sinan Zemin Altı Otoparkı,ÜSKÜDAR,41.0222,29.0169,956,0,956,KAPALI OTOPARK,1,15,24 Saat
2026-08-17T17:03:29.787257+00:00,2026-08-17T20:03:29.787257+03:00,2870,Miniatürk Çadır Açık Otoparkı,BEYOĞLU,41.0594,28.9501,250,211,39,AÇIK OTOPARK,0,15,07:00-20:00
2026-08-17T17:03:29.787257+00:00,2026-08-17T20:03:29.787257+03:00,2556,Muallim Naci Açık Otoparkı,BEŞİKTAŞ,41.0561,29.0342,35,23,12,AÇIK OTOPARK,1,15,24 Saat
2026-08-17T17:03:29.787257+00:00,2026-08-17T20:03:29.787257+03:00,569,Oda Kule Önü 1,BEYOĞLU,41.0322,28.9751,24,1,23,YOL ÜSTÜ,1,0,07:00-01:00
2026-08-17T17:03:29.787257+00:00,2026-08-17T20:03:29.787257+03:00,1988,Orhangazi Şehir Parkı PD Açık Otoparkı,MALTEPE,40.9313,29.1161,5022,3956,1066,AÇIK OTOPARK,1,15,24 Saat
2026-08-17T17:03:29.787257+00:00,2026-08-17T20:03:29.787257+03:00,152,Ortabahçe Caddesi 2,BEŞİKTAŞ,41.0428,29.0043,35,1,34,YOL ÜSTÜ,1,15,08:00-23:00
2026-08-17T17:03:29.787257+00:00,2026-08-17T20:03:29.787257+03:00,153,Ortabahçe Caddesi 3,BEŞİKTAŞ,41.043,29.0042,26,1,25,YOL ÜSTÜ,1,15,08:00-23:00
2026-08-17T17:03:29.787257+00:00,2026-08-17T20:03:29.787257+03:00,119,Ortaklar Caddesi 1,ŞİŞLİ,41.0638,28.9971,25,1,24,YOL ÜSTÜ,0,15,08:30-17:00
2026-08-17T17:03:29.787257+00:00,2026-08-17T20:03:29.787257+03:00,1343,Ortaköy Açık Otoparkı,BEŞİKTAŞ,41.0504,29.0326,170,143,27,AÇIK OTOPARK,1,0,24 Saat
2026-08-17T17:03:29.787257+00:00,2026-08-17T20:03:29.787257+03:00,572,Ortaköy Portakal Yokuşu 1,BEŞİKTAŞ,41.0503,29.0261,15,1,14,YOL ÜSTÜ,0,15,09:00-19:00
2026-08-17T17:03:29.787257+00:00,2026-08-17T20:03:29.787257+03:00,1039,Öğretmen Evi,AVCILAR,40.9723,28.714,80,41,39,AÇIK OTOPARK,1,0,11:00-23:00
2026-08-17T17:03:29.787257+00:00,2026-08-17T20:03:29.787257+03:00,1466,Pendik Katlı Otoparkı,PENDİK,40.8789,29.2342,120,0,120,KAPALI OTOPARK,1,15,24 Saat
2026-08-17T17:03:29.787257+00:00,2026-08-17T20:03:29.787257+03:00,3073,Pendik Kemal Kalkuz Parkı Zemin Altı Otoparkı,PENDİK,40.8885,29.2427,224,0,224,KAPALI OTOPARK,0,0,09:00-18:00
2026-08-17T17:03:29.787257+00:00,2026-08-17T20:03:29.787257+03:00,3019,Pendik Meydan Zemin Altı Otoparkı,PENDİK,40.8752,29.2324,937,0,937,KAPALI OTOPARK,1,0,24 Saat
2026-08-17T17:03:29.787257+00:00,2026-08-17T20:03:29.787257+03:00,2865,Pendik Sahil Engelliler Merkez Önü,PENDİK,40.8735,29.233,100,66,34,AÇIK OTOPARK,0,0,11:00-20:00
2026-08-17T17:03:29.787257+00:00,2026-08-17T20:03:29.787257+03:00,2434,Pendik Sahil İdo,PENDİK,40.8755,29.2369,100,0,100,AÇIK OTOPARK,1,0,07:00-23:00
2026-08-17T17:03:29.787257+00:00,2026-08-17T20:03:29.787257+03:00,248,Pendik Yenimahalle Açık 2 Otoparkı,PENDİK,40.864,29.2723,124,85,39,AÇIK OTOPARK,1,15,10:00-22:00
2026-08-17T17:03:29.787257+00:00,2026-08-17T20:03:29.787257+03:00,297,Perşembe Pazarı 1,BEYOĞLU,41.0252,28.9693,32,1,31,YOL ÜSTÜ,0,15,08:00-17:00
2026-08-17T17:03:29.787257+00:00,2026-08-17T20:03:29.787257+03:00,597,Pierre Loti Caddesi 3,FATİH,41.0069,28.9711,36,1,35,YOL ÜSTÜ,0,0,07:00-17:00
2026-08-17T17:03:29.787257+00:00,2026-08-17T20:03:29.787257+03:00,3263,Piyalepaşa Meydanı Zemin Altı Otoparkı,BEYOĞLU,41.0445,28.9674,560,257,303,KAPALI OTOPARK,1,0,24 Saat
2026-08-17T17:03:29.787257+00:00,2026-08-17T20:03:29.787257+03:00,1900,Ragıp Gümüşpala Cad.(Sobacılar Önü),FATİH,41.0181,28.969,40,1,39,YOL ÜSTÜ,0,15,07:00-18:00
2026-08-17T17:03:29.787257+00:00,2026-08-17T20:03:29.787257+03:00,415,Ragıp Gümüşpala Camii Önü 1,FATİH,41.0211,28.9627,35,1,34,YOL ÜSTÜ,0,0,07:00-17:30
2026-08-17T17:03:29.787257+00:00,2026-08-17T20:03:29.787257+03:00,3268,Refik Saydam Caddesi 3,BEYOĞLU,41.032,28.9736,55,1,54,YOL ÜSTÜ,1,0,06:00-23:00
2026-08-17T17:03:29.787257+00:00,2026-08-17T20:03:29.787257+03:00,2307,Ressam Halim Sokak PD Açık Otoparkı,BAHÇELİEVLER,40.9967,28.8641,120,102,18,AÇIK OTOPARK,1,15,08:00-00:00
2026-08-17T17:03:29.787257+00:00,2026-08-17T20:03:29.787257+03:00,3082,Rumeli Hisarı Sahil Yolu Otoparkı,SARIYER,41.0854,29.0568,20,0,20,AÇIK OTOPARK,1,0,24 Saat
2026-08-17T17:03:29.787257+00:00,2026-08-17T20:03:29.787257+03:00,1595,Sabiha Gökçen Açık Otoparkı,PENDİK,40.925,29.308,1056,228,828,AÇIK OTOPARK,1,15,24 Saat
2026-08-17T17:03:29.787257+00:00,2026-08-17T20:03:29.787257+03:00,3239,Samatya Sahil Cep Otoparkı,FATİH,40.9954,28.932,113,102,11,AÇIK OTOPARK,1,15,24 Saat
2026-08-17T17:03:29.787257+00:00,2026-08-17T20:03:29.787257+03:00,3273,Sarıyer Büyükdere Fidanlığı,SARIYER,41.1548,29.0268,160,155,5,AÇIK OTOPARK,0,0,08:00-18:00
2026-08-17T17:03:29.787257+00:00,2026-08-17T20:03:29.787257+03:00,3299,Sariyer Ayazağa Mah Vadi İstanbul Önü Açık Otoparkı,SARIYER,41.1106,28.9881,100,96,4,AÇIK OTOPARK,0,0,08:00-20:00
2026-08-17T17:03:29.787257+00:00,2026-08-17T20:03:29.787257+03:00,1303,Seyrantepe Katlı (Arena Karşısı) 1,KAĞITHANE,41.101,28.9961,1897,1894,3,KAPALI OTOPARK,1,0,24 Saat
2026-08-17T17:03:29.787257+00:00,2026-08-17T20:03:29.787257+03:00,1628,Sıracevizler Caddesi Yol Üstü 5,ŞİŞLİ,41.0607,28.9841,45,1,44,YOL ÜSTÜ,0,15,09:00-17:00
2026-08-17T17:03:29.787257+00:00,2026-08-17T20:03:29.787257+03:00,464,Sirkeci Gar Önü,FATİH,41.015,28.9761,60,1,59,AÇIK OTOPARK,0,5,07:00-20:00
2026-08-17T17:03:29.787257+00:00,2026-08-17T20:03:29.787257+03:00,1486,Siyavuşpaşa Yer Altı Otoparkı,BAHÇELİEVLER,40.9965,28.8532,155,0,155,KAPALI OTOPARK,1,0,24 Saat
2026-08-17T17:03:29.787257+00:00,2026-08-17T20:03:29.787257+03:00,1958,Soğanlık Metro PD Açık Otoparkı,KARTAL,40.9131,29.1925,898,861,37,AÇIK OTOPARK,1,15,24 Saat
2026-08-17T17:03:29.787257+00:00,2026-08-17T20:03:29.787257+03:00,589,Su Terazisi Sokak,FATİH,41.0046,28.9727,22,1,21,YOL ÜSTÜ,0,0,07:30-17:00
2026-08-17T17:03:29.787257+00:00,2026-08-17T20:03:29.787257+03:00,1478,Suadiye Cep Açık Otoparkı,KADIKÖY,40.9586,29.0732,130,48,82,AÇIK OTOPARK,1,15,24 Saat
2026-08-17T17:03:29.787257+00:00,2026-08-17T20:03:29.787257+03:00,2948,Suadiye Sahil Açık Otoparkı,KADIKÖY,40.9562,29.0797,70,0,70,AÇIK OTOPARK,1,5,24 Saat
2026-08-17T17:03:29.787257+00:00,2026-08-17T20:03:29.787257+03:00,2799,Sultanbeyli Emir Caddesi Zemin Altı Otoparkı,SULTANBEYLİ,40.9707,29.2606,130,118,12,KAPALI OTOPARK,1,15,08:00-22:00
2026-08-17T17:03:29.787257+00:00,2026-08-17T20:03:29.787257+03:00,2372,Sultanbeyli Kent Meydanı Zemin Altı Otoparkı,SULTANBEYLİ,40.9667,29.2667,300,164,136,KAPALI OTOPARK,1,15,24 Saat
2026-08-17T17:03:29.787257+00:00,2026-08-17T20:03:29.787257+03:00,2410,Sultangazi Zemin Altı Otoparkı,SULTANGAZİ,41.0944,28.8649,104,0,104,KAPALI OTOPARK,1,10,24 Saat
2026-08-17T17:03:29.787257+00:00,2026-08-17T20:03:29.787257+03:00,2085,Süleyman Seba Caddesi 2,BEŞİKTAŞ,41.0426,28.9998,40,1,39,YOL ÜSTÜ,0,15,08:00-18:00
2026-08-17T17:03:29.787257+00:00,2026-08-17T20:03:29.787257+03:00,2088,Süleyman Seba Caddesi 5,BEŞİKTAŞ,41.0432,28.9978,40,1,39,YOL ÜSTÜ,0,15,08:00-18:00
2026-08-17T17:03:29.787257+00:00,2026-08-17T20:03:29.787257+03:00,2089,Süleyman Seba Caddesi 6,BEŞİKTAŞ,41.0435,28.9967,11,1,10,YOL ÜSTÜ,0,15,08:00-18:00
2026-08-17T17:03:29.787257+00:00,2026-08-17T20:03:29.787257+03:00,2391,Süleymaniye Cami Altı Açık Otoparkı,FATİH,41.0158,28.961,250,234,16,AÇIK OTOPARK,0,0,06:30-18:30
2026-08-17T17:03:29.787257+00:00,2026-08-17T20:03:29.787257+03:00,1730,Sütlüce Miniatürk Yanı,BEYOĞLU,41.057,28.95,320,226,94,AÇIK OTOPARK,1,15,24 Saat
2026-08-17T17:03:29.787257+00:00,2026-08-17T20:03:29.787257+03:00,36,Şakayık Sokak 4,ŞİŞLİ,41.0518,28.9936,50,1,49,YOL ÜSTÜ,0,15,08:00-16:00
2026-08-17T17:03:29.787257+00:00,2026-08-17T20:03:29.787257+03:00,1469,Şehit Volkan Duysak Katlı Otoparkı,ZEYTİNBURNU,40.9968,28.9039,1000,689,311,KAPALI OTOPARK,1,5,24 Saat
2026-08-17T17:03:29.787257+00:00,2026-08-17T20:03:29.787257+03:00,2385,Şehremini Açık Otoparkı 1,FATİH,41.0135,28.9333,60,1,59,AÇIK OTOPARK,1,0,08:30-20:30
2026-08-17T17:03:29.787257+00:00,2026-08-17T20:03:29.787257+03:00,2855,Şemsipaşa Açık Otoparkı,ÜSKÜDAR,41.0255,29.0097,80,41,39,AÇIK OTOPARK,1,0,24 Saat
2026-08-17T17:03:29.787257+00:00,2026-08-17T20:03:29.787257+03:00,2439,Şirinevler Meydan Zeminaltı Otoparkı,BAHÇELİEVLER,40.9925,28.8496,367,68,299,KAPALI OTOPARK,1,0,24 Saat
2026-08-17T17:03:29.787257+00:00,2026-08-17T20:03:29.787257+03:00,3400,Şişhane Refik Saydam Caddesi 2 Yol Üstü Otoparkı 1,BEYOĞLU,41.0326,28.9743,70,1,69,YOL ÜSTÜ,1,15,06:00-23:00
2026-08-17T17:03:29.787257+00:00,2026-08-17T20:03:29.787257+03:00,3441,Şişli Kuştepe Zemin Altı Otoparkı,ŞİŞLİ,41.072,28.9919,430,299,131,KAPALI OTOPARK,1,15,24 Saat
2026-08-17T17:03:29.787257+00:00,2026-08-17T20:03:29.787257+03:00,2816,Şişli Rumeli Caddesi Metro Yanı 1,ŞİŞLİ,41.0538,28.9868,45,1,44,YOL ÜSTÜ,0,15,08:00-20:00
2026-08-17T17:03:29.787257+00:00,2026-08-17T20:03:29.787257+03:00,2406,Şişli Zemin Altı Otoparkı,ŞİŞLİ,41.0641,28.9992,581,347,234,KAPALI OTOPARK,1,15,24 Saat
2026-08-17T17:03:29.787257+00:00,2026-08-17T20:03:29.787257+03:00,1993,Tuzla İdo,TUZLA,40.8149,29.3039,300,151,149,AÇIK OTOPARK,1,15,24 Saat
2026-08-17T17:03:29.787257+00:00,2026-08-17T20:03:29.787257+03:00,3332,Tuzla Sahil Cep,TUZLA,40.8168,29.2992,50,39,11,AÇIK OTOPARK,1,0,08:00-00:00
2026-08-17T17:03:29.787257+00:00,2026-08-17T20:03:29.787257+03:00,3057,Tuzla Sahil Zemin Altı Otoparkı,TUZLA,40.8181,29.3004,779,1,778,KAPALI OTOPARK,1,15,24 Saat
2026-08-17T17:03:29.787257+00:00,2026-08-17T20:03:29.787257+03:00,1811,Ulu Camii Açık Otoparkı,BAHÇELİEVLER,40.9982,28.8499,150,119,31,AÇIK OTOPARK,1,10,24 Saat
2026-08-17T17:03:29.787257+00:00,2026-08-17T20:03:29.787257+03:00,2424,Uzunçayır Açık Otoparkı,KADIKÖY,40.9988,29.0556,58,51,7,AÇIK OTOPARK,0,0,06:00-16:00
2026-08-17T17:03:29.787257+00:00,2026-08-17T20:03:29.787257+03:00,1468,Ümraniye Katlı Otoparkı,ÜMRANİYE,41.0261,29.0953,665,463,202,KAPALI OTOPARK,1,15,24 Saat
2026-08-17T17:03:29.787257+00:00,2026-08-17T20:03:29.787257+03:00,2898,Ümraniye Okan Sokak Zeminaltı Otoparkı,ÜMRANİYE,41.0284,29.0907,125,33,92,KAPALI OTOPARK,1,15,24 Saat
2026-08-17T17:03:29.787257+00:00,2026-08-17T20:03:29.787257+03:00,2345,Üsküdar Uzunçayır PD Açık Otoparkı,ÜSKÜDAR,40.9988,29.0577,90,81,9,AÇIK OTOPARK,1,15,06:00-22:00
2026-08-17T17:03:29.787257+00:00,2026-08-17T20:03:29.787257+03:00,1929,Üsküdar Ünalan Açık Otoparkı,ÜSKÜDAR,40.9979,29.0604,180,175,5,AÇIK OTOPARK,0,0,07:00-17:00
2026-08-17T17:03:29.787257+00:00,2026-08-17T20:03:29.787257+03:00,1487,Vatan Caddesi PD Açık Otoparkı,FATİH,41.0157,28.9405,397,336,61,AÇIK OTOPARK,1,5,24 Saat
2026-08-17T17:03:29.787257+00:00,2026-08-17T20:03:29.787257+03:00,2441,Yalı Açık Otoparkı,MALTEPE,40.9095,29.137,85,82,3,AÇIK OTOPARK,1,0,07:30-22:00
2026-08-17T17:03:29.787257+00:00,2026-08-17T20:03:29.787257+03:00,459,Yalı Köşkü Caddesi 1,FATİH,41.0163,28.9759,61,1,60,YOL ÜSTÜ,1,5,07:00-21:00
2026-08-17T17:03:29.787257+00:00,2026-08-17T20:03:29.787257+03:00,2037,Yenikapı Marmaray Büyük Otoparkı,FATİH,41.0057,28.9505,324,192,132,AÇIK OTOPARK,1,15,24 Saat
2026-08-17T17:03:29.787257+00:00,2026-08-17T20:03:29.787257+03:00,2036,Yenikapı Marmaray Küçük Otoparkı,FATİH,41.0064,28.9504,200,189,11,AÇIK OTOPARK,1,15,07:00-22:00
2026-08-17T17:03:29.787257+00:00,2026-08-17T20:03:29.787257+03:00,2175,Yenikapı Spor ve Kültür Merkezi PD Açık Otoparkı,FATİH,41.0006,28.9519,4023,3809,214,AÇIK OTOPARK,1,15,24 Saat
2026-08-17T17:03:29.787257+00:00,2026-08-17T20:03:29.787257+03:00,2805,Yenikapı Tünel Üstü Açık Otoparkı,FATİH,41.0029,28.9534,700,544,156,AÇIK OTOPARK,1,10,24 Saat
2026-08-17T17:03:29.787257+00:00,2026-08-17T20:03:29.787257+03:00,3404,Yenimahalle Metro Zemin Altı PD Otoparkı,GAZİOSMANPAŞA,41.0839,28.8926,114,93,21,KAPALI OTOPARK,1,15,24 Saat
2026-08-17T17:03:29.787257+00:00,2026-08-17T20:03:29.787257+03:00,2920,Yeşilce Zemin Altı Katlı Otoparkı,KAĞITHANE,41.0938,29.0017,676,0,676,KAPALI OTOPARK,1,0,24 Saat
2026-08-17T17:03:29.787257+00:00,2026-08-17T20:03:29.787257+03:00,987,Yeşilköy İstasyon Caddesi 1,BAKIRKÖY,40.962,28.825,40,1,39,YOL ÜSTÜ,0,15,09:00-17:30
2026-08-17T17:03:29.787257+00:00,2026-08-17T20:03:29.787257+03:00,974,Yeşilköy Marina 1,BAKIRKÖY,40.9576,28.8233,145,1,144,YOL ÜSTÜ,1,0,12:00-23:00
2026-08-17T17:03:29.787257+00:00,2026-08-17T20:03:29.787257+03:00,3406,Yeşilpınar Metro Zemin Altı PD Otoparkı,EYÜP,41.081,28.9204,269,191,78,KAPALI OTOPARK,1,15,24 Saat
2026-08-17T17:03:29.787257+00:00,2026-08-17T20:03:29.787257+03:00,315,Yeşilyurt Çarşı 1,BAKIRKÖY,40.9643,28.8379,50,1,49,YOL ÜSTÜ,0,15,09:00-17:30
2026-08-17T17:03:29.787257+00:00,2026-08-17T20:03:29.787257+03:00,1133,Yıldız Korusu,BEŞİKTAŞ,41.0514,29.0165,500,1,499,AÇIK OTOPARK,1,0,08:00-22:00
2026-08-17T17:03:29.787257+00:00,2026-08-17T20:03:29.787257+03:00,882,Zeytinburnu 58. Bulvar 2,ZEYTİNBURNU,40.9932,28.9039,48,1,47,YOL ÜSTÜ,0,15,09:00-18:00
2026-08-17T17:03:29.787257+00:00,2026-08-17T20:03:29.787257+03:00,3185,Zeytinburnu Sahil Cep Otoparkı,ZEYTİNBURNU,40.9798,28.8985,160,1,159,AÇIK OTOPARK,1,0,12:00-22:00
2026-08-17T18:16:23.729852+00:00,2026-08-17T21:16:23.729852+03:00,3068,15 Temmuz Şehitler Meydanı Zeminaltı Otoparkı,ÜMRANİYE,41.0246,29.0915,1029,641,388,KAPALI OTOPARK,1,15,24 Saat
2026-08-17T18:16:23.729852+00:00,2026-08-17T21:16:23.729852+03:00,2338,19 Mayıs Açık,ŞİŞLİ,41.0563,28.9941,65,0,65,AÇIK OTOPARK,1,0,24 Saat
2026-08-17T18:16:23.729852+00:00,2026-08-17T21:16:23.729852+03:00,1751,4.Levent PD Açık Otoparkı,KAĞITHANE,41.0836,29.0081,236,142,94,AÇIK OTOPARK,1,5,24 Saat
2026-08-17T18:16:23.729852+00:00,2026-08-17T21:16:23.729852+03:00,3328,4.Levent Servis ve Turizm Araçları Açık Otoparkı,ŞİŞLİ,41.0841,29.0054,300,150,150,AÇIK OTOPARK,1,15,24 Saat
2026-08-17T18:16:23.729852+00:00,2026-08-17T21:16:23.729852+03:00,3412,5. Levent Gaziosmanpaşa Adliyesi Yanı Açık Otoparkı,EYÜP,41.0927,28.9494,250,202,48,AÇIK OTOPARK,1,15,07:00-23:00
2026-08-17T18:16:23.729852+00:00,2026-08-17T21:16:23.729852+03:00,104,Abide-i Hürriyet Caddesi 5,ŞİŞLİ,41.0619,28.9876,40,1,39,YOL ÜSTÜ,0,15,08:00-17:00
2026-08-17T18:16:23.729852+00:00,2026-08-17T21:16:23.729852+03:00,2452,Acıbadem Açık Otoparkı,ÜSKÜDAR,41.0157,29.0574,100,86,14,AÇIK OTOPARK,0,0,06:30-16:00
2026-08-17T18:16:23.729852+00:00,2026-08-17T21:16:23.729852+03:00,346,Ada Karşısı Cep 2,BEŞİKTAŞ,41.072,29.045,30,1,29,YOL ÜSTÜ,1,15,08:00-23:00
2026-08-17T18:16:23.729852+00:00,2026-08-17T21:16:23.729852+03:00,1663,Akasyalı Sokak Tenis Kulubü Önü 2,BEŞİKTAŞ,41.0867,29.0109,45,1,44,YOL ÜSTÜ,0,15,08:30-17:30
2026-08-17T18:16:23.729852+00:00,2026-08-17T21:16:23.729852+03:00,828,Akdeniz Caddesi 4,FATİH,41.0175,28.9435,27,1,26,YOL ÜSTÜ,0,15,09:00-18:00
2026-08-17T18:16:23.729852+00:00,2026-08-17T21:16:23.729852+03:00,1913,Alibeyköy Cep Otogarı Açık Otoparkı,EYÜP,41.0879,28.9446,116,0,116,AÇIK OTOPARK,1,25,24 Saat
2026-08-17T18:16:23.729852+00:00,2026-08-17T21:16:23.729852+03:00,1912,Alibeyköy Cep Otogarı Otobüs Otoparkı,EYÜP,41.0875,28.9449,5000,1,4999,AÇIK OTOPARK,1,60,24 Saat
2026-08-17T18:16:23.729852+00:00,2026-08-17T21:16:23.729852+03:00,2562,Alibeyköy Yeşiltepe Zemin Altı Otoparkı,EYÜP,41.0797,28.938,159,59,100,KAPALI OTOPARK,1,15,24 Saat
2026-08-17T18:16:23.729852+00:00,2026-08-17T21:16:23.729852+03:00,3201,Altınboynuz Sosyal Tesisleri,EYÜP,41.058,28.9447,70,70,0,AÇIK OTOPARK,1,15,08:00-23:00
2026-08-17T18:16:23.729852+00:00,2026-08-17T21:16:23.729852+03:00,758,Arap Camii Açık Otoparkı,BEYOĞLU,41.0227,28.9723,30,1,29,AÇIK OTOPARK,0,0,09:00-17:00
2026-08-17T18:16:23.729852+00:00,2026-08-17T21:16:23.729852+03:00,1963,Aras Sokak 1,BÜYÜKÇEKMECE,41.0226,28.622,60,1,59,YOL ÜSTÜ,0,0,06:00-14:30
2026-08-17T18:16:23.729852+00:00,2026-08-17T21:16:23.729852+03:00,2802,Arnavutköy Zemin Altı Otoparkı,ARNAVUTKÖY,41.1838,28.7396,700,7,693,KAPALI OTOPARK,1,15,24 Saat
2026-08-17T18:16:23.729852+00:00,2026-08-17T21:16:23.729852+03:00,1797,Ataköy Atrium AVM,BAKIRKÖY,40.9881,28.8459,250,233,17,AÇIK OTOPARK,1,15,08:00-23:00
2026-08-17T18:16:23.729852+00:00,2026-08-17T21:16:23.729852+03:00,2824,Ataköy Metro Durağı Yanı PD Zemin Altı Otoparkı,BAKIRKÖY,40.9904,28.8456,150,89,61,KAPALI OTOPARK,1,0,24 Saat
2026-08-17T18:16:23.729852+00:00,2026-08-17T21:16:23.729852+03:00,359,Atatürk Bulvarı 1,FATİH,41.0112,28.9534,20,1,19,YOL ÜSTÜ,0,0,07:30-18:00
2026-08-17T18:16:23.729852+00:00,2026-08-17T21:16:23.729852+03:00,3087,Atatürk Kent Ormanı Otoparkı,SARIYER,41.136,29.0262,200,197,3,AÇIK OTOPARK,0,0,08:00-17:00
2026-08-17T18:16:23.729852+00:00,2026-08-17T21:16:23.729852+03:00,1088,Avcılar İdo,AVCILAR,40.9712,28.7185,270,261,9,AÇIK OTOPARK,1,0,13:00-07:00
2026-08-17T18:16:23.729852+00:00,2026-08-17T21:16:23.729852+03:00,2885,Azapkapı Haliç Metro Otoparkı,ŞİŞLİ,41.0245,28.9691,80,23,57,AÇIK OTOPARK,1,5,24 Saat
2026-08-17T18:16:23.729852+00:00,2026-08-17T21:16:23.729852+03:00,2455,Azerbaycan Dostluk Parkı Zemin Altı Otoparkı,BAĞCILAR,41.0444,28.854,400,161,239,KAPALI OTOPARK,1,10,24 Saat
2026-08-17T18:16:23.729852+00:00,2026-08-17T21:16:23.729852+03:00,2965,Bağcılar Çolakoğlu Zemin Altı Otoparkı,BAĞCILAR,41.0324,28.8345,106,0,106,KAPALI OTOPARK,1,5,24 Saat
2026-08-17T18:16:23.729852+00:00,2026-08-17T21:16:23.729852+03:00,2576,Bağcılar Demirkapı Zemin Altı Otoparkı,BAĞCILAR,41.0499,28.8327,343,157,186,KAPALI OTOPARK,1,5,24 Saat
2026-08-17T18:16:23.729852+00:00,2026-08-17T21:16:23.729852+03:00,3036,Bağcılar Devlet Hastanesi Yanı Zeminaltı Otoparkı,BAĞCILAR,41.0312,28.8696,1133,109,1024,KAPALI OTOPARK,1,15,24 Saat
2026-08-17T18:16:23.729852+00:00,2026-08-17T21:16:23.729852+03:00,3071,Bağcılar Emniyet Müdürlüğü Yanı Açık Otoparkı,BAĞCILAR,41.0353,28.8598,100,42,58,AÇIK OTOPARK,1,0,24 Saat
2026-08-17T18:16:23.729852+00:00,2026-08-17T21:16:23.729852+03:00,2873,Bağcılar Göztepe Zemin Altı,BAĞCILAR,41.0567,28.8355,120,0,120,KAPALI OTOPARK,1,5,24 Saat
2026-08-17T18:16:23.729852+00:00,2026-08-17T21:16:23.729852+03:00,3187,Bağcılar Hürriyet Mahallesi Zemin Altı Otoparkı,BAĞCILAR,41.0291,28.8333,355,0,355,KAPALI OTOPARK,1,10,24 Saat
2026-08-17T18:16:23.729852+00:00,2026-08-17T21:16:23.729852+03:00,2916,Bağcılar Kent Meydanı PD Zemin Altı Otoparkı,BAĞCILAR,41.0339,28.8556,1162,0,1162,KAPALI OTOPARK,1,0,24 Saat
2026-08-17T18:16:23.729852+00:00,2026-08-17T21:16:23.729852+03:00,3261,Bağcılar Yenimahalle Zemin Altı Otoparkı,BAĞCILAR,41.0425,28.8395,525,271,254,KAPALI OTOPARK,1,15,24 Saat
2026-08-17T18:16:23.729852+00:00,2026-08-17T21:16:23.729852+03:00,2820,Bağcılar Yıldıztepe Katlı Otoparkı,BAĞCILAR,41.0294,28.8556,350,0,350,KAPALI OTOPARK,1,10,24 Saat
2026-08-17T18:16:23.729852+00:00,2026-08-17T21:16:23.729852+03:00,3447,Bahçelievler 23 Nisan Milli Egemenlik Zeminaltı Otoparkı,BAHÇELİEVLER,40.9988,28.8472,732,452,280,KAPALI OTOPARK,1,10,24 Saat
2026-08-17T18:16:23.729852+00:00,2026-08-17T21:16:23.729852+03:00,2993,Bahçelievler Cumhuriyet Zeminaltı Otoparkı,BAHÇELİEVLER,41.0149,28.859,663,0,663,KAPALI OTOPARK,1,10,24 Saat
2026-08-17T18:16:23.729852+00:00,2026-08-17T21:16:23.729852+03:00,2969,Bahçelievler Devlet Hastanesi Yanı Katlı Otoparkı,BAHÇELİEVLER,41.0072,28.8442,740,0,740,KAPALI OTOPARK,1,0,24 Saat
2026-08-17T18:16:23.729852+00:00,2026-08-17T21:16:23.729852+03:00,3051,Bahçelievler Zafer Mh. Zeminaltı Otoparkı,BAHÇELİEVLER,41.0036,28.8351,200,67,133,KAPALI OTOPARK,1,0,24 Saat
2026-08-17T18:16:23.729852+00:00,2026-08-17T21:16:23.729852+03:00,3236,Bahçeşehir Gölet Açık Otoparkı,BAŞAKŞEHİR,41.0719,28.6901,200,1,199,AÇIK OTOPARK,1,0,12:00-22:00
2026-08-17T18:16:23.729852+00:00,2026-08-17T21:16:23.729852+03:00,1465,Bakırköy İdo Açık Otoparkı,BAKIRKÖY,40.9739,28.8761,160,110,50,AÇIK OTOPARK,1,10,24 Saat
2026-08-17T18:16:23.729852+00:00,2026-08-17T21:16:23.729852+03:00,1104,Balmumcu Katlı Otoparkı,BEŞİKTAŞ,41.0636,29.0109,400,311,89,KAPALI OTOPARK,1,5,24 Saat
2026-08-17T18:16:23.729852+00:00,2026-08-17T21:16:23.729852+03:00,2796,Başakşehir Metro Açık Otoparkı,BAŞAKŞEHİR,41.107,28.801,125,1,124,AÇIK OTOPARK,0,0,07:00-16:00
2026-08-17T18:16:23.729852+00:00,2026-08-17T21:16:23.729852+03:00,2350,Bayrampaşa Adapark Katlı Otoparkı,BAYRAMPAŞA,41.0647,28.8875,650,0,650,KAPALI OTOPARK,1,15,24 Saat
2026-08-17T18:16:23.729852+00:00,2026-08-17T21:16:23.729852+03:00,2892,Bayrampaşa Altıntepsi Zemin  Altı Otoparkı,BAYRAMPAŞA,41.0393,28.9029,110,0,110,KAPALI OTOPARK,1,10,24 Saat
2026-08-17T18:16:23.729852+00:00,2026-08-17T21:16:23.729852+03:00,2909,Bayrampaşa Atatürk Parkı  Zemin Altı Otoparkı,BAYRAMPAŞA,41.0342,28.9123,442,4,438,KAPALI OTOPARK,1,10,24 Saat
2026-08-17T18:16:23.729852+00:00,2026-08-17T21:16:23.729852+03:00,2683,Bayrampaşa Devlet Hastanesi Cep Otoparkı,BAYRAMPAŞA,41.0414,28.9031,55,25,30,AÇIK OTOPARK,0,0,08:00-19:00
2026-08-17T18:16:23.729852+00:00,2026-08-17T21:16:23.729852+03:00,3301,Bayrampaşa Kocatepe Mahallesi Zemin Altı Otoparkı,BAYRAMPAŞA,41.0545,28.8964,241,0,241,KAPALI OTOPARK,1,10,24 Saat
2026-08-17T18:16:23.729852+00:00,2026-08-17T21:16:23.729852+03:00,2053,Bayrampaşa Muratpaşa Yer Altı Otoparkı,BAYRAMPAŞA,41.047,28.9082,300,0,300,KAPALI OTOPARK,1,15,24 Saat
2026-08-17T18:16:23.729852+00:00,2026-08-17T21:16:23.729852+03:00,3175,Bayrampaşa Spor Kompleksi Zemin Altı Otoparkı,BAYRAMPAŞA,41.0446,28.9106,205,0,205,KAPALI OTOPARK,1,15,24 Saat
2026-08-17T18:16:23.729852+00:00,2026-08-17T21:16:23.729852+03:00,3382,Bayrampaşa Şehit Kamil Balkan Zemin Altı Otoparkı,BAYRAMPAŞA,41.0604,28.9008,235,0,235,KAPALI OTOPARK,1,10,24 Saat
2026-08-17T18:16:23.729852+00:00,2026-08-17T21:16:23.729852+03:00,2428,Bayrampaşa Yenidoğan Mahallesi Zemin Altı Otoparkı,BAYRAMPAŞA,41.0395,28.9088,120,0,120,KAPALI OTOPARK,1,10,24 Saat
2026-08-17T18:16:23.729852+00:00,2026-08-17T21:16:23.729852+03:00,2468,Bebek Açık,BEŞİKTAŞ,41.077,29.0434,30,0,30,AÇIK OTOPARK,1,0,24 Saat
2026-08-17T18:16:23.729852+00:00,2026-08-17T21:16:23.729852+03:00,3479,Beşiktaş Halk Pazarı Açık Otoparkı,BEŞİKTAŞ,41.0496,29.0004,170,74,96,AÇIK OTOPARK,1,5,24 Saat
2026-08-17T18:16:23.729852+00:00,2026-08-17T21:16:23.729852+03:00,3257,Beykoz Sahil Cep Otoparkı,BEYKOZ,41.1286,29.0953,100,75,25,AÇIK OTOPARK,1,0,08:00-00:00
2026-08-17T18:16:23.729852+00:00,2026-08-17T21:16:23.729852+03:00,2273,Beykoz Sosyal Tesisleri,BEYKOZ,41.1143,29.0888,130,0,130,AÇIK OTOPARK,1,15,08:00-00:00
2026-08-17T18:16:23.729852+00:00,2026-08-17T21:16:23.729852+03:00,2999,Beyoğlu Gazhane Bostan Sokak 2,BEYOĞLU,41.0389,28.9903,35,1,34,YOL ÜSTÜ,0,0,07:30-16:30
2026-08-17T18:16:23.729852+00:00,2026-08-17T21:16:23.729852+03:00,3072,Beyoğlu Örnektepe Zemin Altı Otoparkı,BEYOĞLU,41.0543,28.9548,143,0,143,KAPALI OTOPARK,1,0,24 Saat
2026-08-17T18:16:23.729852+00:00,2026-08-17T21:16:23.729852+03:00,1455,Bostancı Açık,KADIKÖY,40.9523,29.0902,394,86,308,AÇIK OTOPARK,1,15,24 Saat
2026-08-17T18:16:23.729852+00:00,2026-08-17T21:16:23.729852+03:00,1456,Bostancı Sahil-Cep Açık Otoparkı,KADIKÖY,40.9545,29.0885,192,124,68,AÇIK OTOPARK,1,15,24 Saat
2026-08-17T18:16:23.729852+00:00,2026-08-17T21:16:23.729852+03:00,2150,Bostancı Vergi Dairesi Açık Otoparkı,ATAŞEHİR,40.9625,29.1083,155,0,155,AÇIK OTOPARK,0,5,08:00-20:00
2026-08-17T18:16:23.729852+00:00,2026-08-17T21:16:23.729852+03:00,2854,Bülent Ecevit Kültür Merkezi Açık Otoparkı,KARTAL,40.8852,29.1967,277,265,12,AÇIK OTOPARK,0,0,10:00-21:00
2026-08-17T18:16:23.729852+00:00,2026-08-17T21:16:23.729852+03:00,2866,Büyük İstanbul Otogarı,BAYRAMPAŞA,41.0402,28.8942,1000,0,1000,AÇIK OTOPARK,1,25,24 Saat
2026-08-17T18:16:23.729852+00:00,2026-08-17T21:16:23.729852+03:00,1192,Büyükçamlıca Korusu Sosyal Tesisleri Önü,ÜSKÜDAR,41.0264,29.0698,204,111,93,AÇIK OTOPARK,1,0,08:00-00:00
2026-08-17T18:16:23.729852+00:00,2026-08-17T21:16:23.729852+03:00,2960,Büyükçekmece Metrobüs Durağı Yanı PD Zemin Altı Otopark,BÜYÜKÇEKMECE,41.0221,28.624,448,13,435,KAPALI OTOPARK,1,0,24 Saat
2026-08-17T18:16:23.729852+00:00,2026-08-17T21:16:23.729852+03:00,1503,Cadde Bostan Açık Otoparkı,KADIKÖY,40.9636,29.0675,66,5,61,AÇIK OTOPARK,1,15,24 Saat
2026-08-17T18:16:23.729852+00:00,2026-08-17T21:16:23.729852+03:00,2933,Cemal Kamacı Spor Kompleksi Zemin Altı Otoparkı,KAĞITHANE,41.0536,28.9575,510,0,510,KAPALI OTOPARK,1,0,24 Saat
2026-08-17T18:16:23.729852+00:00,2026-08-17T21:16:23.729852+03:00,2207,Cengiz Topel Yer Altı Katlı Otoparkı,ESENLER,41.0588,28.8643,144,0,144,KAPALI OTOPARK,1,15,24 Saat
2026-08-17T18:16:23.729852+00:00,2026-08-17T21:16:23.729852+03:00,2787,Cevizli Açık Otoparkı,KARTAL,40.9179,29.1712,100,87,13,AÇIK OTOPARK,0,15,08:00-19:00
2026-08-17T18:16:23.729852+00:00,2026-08-17T21:16:23.729852+03:00,782,Cihangir Caddesi 2,BEYOĞLU,41.0319,28.9862,70,1,69,YOL ÜSTÜ,0,15,09:00-19:00
2026-08-17T18:16:23.729852+00:00,2026-08-17T21:16:23.729852+03:00,1467,Cihangir Katlı Otoparkı,BEYOĞLU,41.0318,28.9858,350,0,350,KAPALI OTOPARK,1,0,24 Saat
2026-08-17T18:16:23.729852+00:00,2026-08-17T21:16:23.729852+03:00,535,Cihannuma Yol Üstü 1,BEŞİKTAŞ,41.0454,29.0084,35,1,34,YOL ÜSTÜ,1,0,08:00-23:00
2026-08-17T18:16:23.729852+00:00,2026-08-17T21:16:23.729852+03:00,537,Cihannuma Yol Üstü 3,BEŞİKTAŞ,41.0459,29.0087,33,1,32,YOL ÜSTÜ,1,0,08:00-23:00
2026-08-17T18:16:23.729852+00:00,2026-08-17T21:16:23.729852+03:00,539,Cihannuma Yol Üstü 5,BEŞİKTAŞ,41.0489,29.0094,24,1,23,YOL ÜSTÜ,1,0,08:00-23:00
2026-08-17T18:16:23.729852+00:00,2026-08-17T21:16:23.729852+03:00,3184,Çam Sokak 6,GÜNGÖREN,41.0121,28.8882,50,1,49,YOL ÜSTÜ,0,15,08:00-17:00
2026-08-17T18:16:23.729852+00:00,2026-08-17T21:16:23.729852+03:00,3030,Çekmeköy Metro PD Zemin Altı Otoparkı,ÇEKMEKÖY,41.0147,29.1886,175,50,125,KAPALI OTOPARK,1,15,24 Saat
2026-08-17T18:16:23.729852+00:00,2026-08-17T21:16:23.729852+03:00,2905,Çeliktepe Açık Otoparkı,KAĞITHANE,41.0843,29.0056,200,88,112,AÇIK OTOPARK,1,5,24 Saat
2026-08-17T18:16:23.729852+00:00,2026-08-17T21:16:23.729852+03:00,1298,Çengelköy Açık Otoparkı,ÜSKÜDAR,41.0484,29.0533,500,126,374,AÇIK OTOPARK,1,15,24 Saat
2026-08-17T18:16:23.729852+00:00,2026-08-17T21:16:23.729852+03:00,502,Çınar Açık Otoparkı,BEŞİKTAŞ,41.0853,29.0088,65,1,64,AÇIK OTOPARK,0,0,08:00-18:00
2026-08-17T18:16:23.729852+00:00,2026-08-17T21:16:23.729852+03:00,777,Çırağan Sarayı Yol Üstü 1,BEŞİKTAŞ,41.0448,29.0165,40,1,39,YOL ÜSTÜ,1,15,08:00-23:00
2026-08-17T18:16:23.729852+00:00,2026-08-17T21:16:23.729852+03:00,778,Çırağan Sarayı Yol Üstü 2,BEŞİKTAŞ,41.0445,29.0156,40,1,39,YOL ÜSTÜ,1,15,08:00-23:00
2026-08-17T18:16:23.729852+00:00,2026-08-17T21:16:23.729852+03:00,2228,Çırpıcı Sosyal Tesisler,ZEYTİNBURNU,41,28.8926,128,0,128,AÇIK OTOPARK,1,15,07:00-00:00
2026-08-17T18:16:23.729852+00:00,2026-08-17T21:16:23.729852+03:00,2030,Dalyan Açık Otoparkı,KADIKÖY,40.9632,29.0651,92,0,92,AÇIK OTOPARK,1,15,24 Saat
2026-08-17T18:16:23.729852+00:00,2026-08-17T21:16:23.729852+03:00,2271,Damla Sokak 1,ŞİŞLİ,41.0672,29.0004,17,1,16,YOL ÜSTÜ,0,15,07:30-16:30
2026-08-17T18:16:23.729852+00:00,2026-08-17T21:16:23.729852+03:00,2164,Darüşşafaka Yeraltı Otoparkı,SARIYER,41.1292,29.0252,150,143,7,KAPALI OTOPARK,1,15,08:00-00:00
2026-08-17T18:16:23.729852+00:00,2026-08-17T21:16:23.729852+03:00,1653,Deniz Feneri Otoparkı,FATİH,41.0019,28.9773,175,66,109,AÇIK OTOPARK,1,5,24 Saat
2026-08-17T18:16:23.729852+00:00,2026-08-17T21:16:23.729852+03:00,595,Dostluk Yurdu 1,FATİH,41.0071,28.973,33,33,0,YOL ÜSTÜ,0,15,07:00-17:00
2026-08-17T18:16:23.729852+00:00,2026-08-17T21:16:23.729852+03:00,2237,Dragos Sosyal Tesisleri,KARTAL,40.9017,29.1458,100,0,100,AÇIK OTOPARK,1,15,24 Saat
2026-08-17T18:16:23.729852+00:00,2026-08-17T21:16:23.729852+03:00,3063,Dudullu Metro PD Zemin Altı Otoparkı,ÜMRANİYE,41.0156,29.1633,81,57,24,KAPALI OTOPARK,1,15,07:00-23:30
2026-08-17T18:16:23.729852+00:00,2026-08-17T21:16:23.729852+03:00,1522,Ebu Suut Caddesi 1,FATİH,41.0128,28.9766,35,1,34,YOL ÜSTÜ,0,0,08:00-18:00
2026-08-17T18:16:23.729852+00:00,2026-08-17T21:16:23.729852+03:00,2147,EGS Blokları Açık Otoparkı,BAKIRKÖY,40.9863,28.8354,350,63,287,AÇIK OTOPARK,0,60,09:00-19:30
2026-08-17T18:16:23.729852+00:00,2026-08-17T21:16:23.729852+03:00,2366,Esenler Adem Baştürk Kültür Merkezi Katlı,ESENLER,41.039,28.8846,460,0,460,KAPALI OTOPARK,1,15,24 Saat
2026-08-17T18:16:23.729852+00:00,2026-08-17T21:16:23.729852+03:00,3190,Esenler Havaalanı Mahallesi Zemin Altı Otoparkı,ESENLER,41.0562,28.8674,610,337,273,KAPALI OTOPARK,1,10,24 Saat
2026-08-17T18:16:23.729852+00:00,2026-08-17T21:16:23.729852+03:00,3011,Esenler Menderes Metro İstasyonu Yanı,ESENLER,41.0427,28.8783,68,7,61,AÇIK OTOPARK,1,5,24 Saat
2026-08-17T18:16:23.729852+00:00,2026-08-17T21:16:23.729852+03:00,2822,Esenler Menderes Parkı Zemin Altı Otoparkı,ESENLER,41.0412,28.8729,325,38,287,KAPALI OTOPARK,1,10,24 Saat
2026-08-17T18:16:23.729852+00:00,2026-08-17T21:16:23.729852+03:00,3303,Esenyurt Adile Naşit Bulvarı Zeminaltı Otoparkı,ESENYURT,41.0205,28.6859,367,282,85,KAPALI OTOPARK,1,15,24 Saat
2026-08-17T18:16:23.729852+00:00,2026-08-17T21:16:23.729852+03:00,1328,Eski Salı Pazarı,KADIKÖY,40.9904,29.0338,760,0,760,AÇIK OTOPARK,1,15,24 Saat
2026-08-17T18:16:23.729852+00:00,2026-08-17T21:16:23.729852+03:00,904,Eyüp Pierloti Caddesi 1,EYÜP,41.0539,28.9329,40,1,39,YOL ÜSTÜ,1,0,09:00-22:00
2026-08-17T18:16:23.729852+00:00,2026-08-17T21:16:23.729852+03:00,2850,Eyüpsultan Akşemsettin Mahallesi Zemin Altı Otoparkı,EYÜP,41.085,28.9258,110,0,110,KAPALI OTOPARK,1,15,24 Saat
2026-08-17T18:16:23.729852+00:00,2026-08-17T21:16:23.729852+03:00,2215,Fatih Çeşmesi Tabiat Parkı Otoparkı,SARIYER,41.1686,28.9448,250,243,7,AÇIK OTOPARK,0,0,06:00-20:00
2026-08-17T18:16:23.729852+00:00,2026-08-17T21:16:23.729852+03:00,1475,Fatih Katlı Otoparkı,FATİH,41.0198,28.9396,118,28,90,KAPALI OTOPARK,1,10,24 Saat
2026-08-17T18:16:23.729852+00:00,2026-08-17T21:16:23.729852+03:00,1591,Feshane PD Açık Otoparkı,EYÜP,41.0463,28.9378,200,103,97,AÇIK OTOPARK,1,15,24 Saat
2026-08-17T18:16:23.729852+00:00,2026-08-17T21:16:23.729852+03:00,1005,Florya Havuzlu Bahçe,BAKIRKÖY,40.9764,28.7908,135,1,134,AÇIK OTOPARK,1,0,09:00-23:00
2026-08-17T18:16:23.729852+00:00,2026-08-17T21:16:23.729852+03:00,2238,Florya Sosyal Tesisleri,BAKIRKÖY,40.9614,28.8091,1074,641,433,AÇIK OTOPARK,1,15,24 Saat
2026-08-17T18:16:23.729852+00:00,2026-08-17T21:16:23.729852+03:00,1704,Gazi Umur Paşa Sokak 5,BEŞİKTAŞ,41.0589,29.0114,45,1,44,YOL ÜSTÜ,0,15,08:00-17:00
2026-08-17T18:16:23.729852+00:00,2026-08-17T21:16:23.729852+03:00,3296,Gaziosmanpaşa Meydanı ve Yaşam Merkezi Zemin Altı Otoparkı,GAZİOSMANPAŞA,41.0606,28.9093,202,0,202,KAPALI OTOPARK,1,15,24 Saat
2026-08-17T18:16:23.729852+00:00,2026-08-17T21:16:23.729852+03:00,2971,Gaziosmanpaşa Zemin Altı Otoparkı,GAZİOSMANPAŞA,41.0796,28.8858,285,0,285,KAPALI OTOPARK,1,0,24 Saat
2026-08-17T18:16:23.729852+00:00,2026-08-17T21:16:23.729852+03:00,3401,Giyimkent Tekstilkent Metro Zemin Altı PD Otoparkı,ESENLER,41.0711,28.8666,203,182,21,KAPALI OTOPARK,1,10,24 Saat
2026-08-17T18:16:23.729852+00:00,2026-08-17T21:16:23.729852+03:00,2242,Gözdağı Sosyal Tesisler  Açık Otoparkı,PENDİK,40.893,29.2538,300,216,84,AÇIK OTOPARK,1,0,07:00-23:00
2026-08-17T18:16:23.729852+00:00,2026-08-17T21:16:23.729852+03:00,1879,Gülsuyu Metro PD Yer Altı Otoparkı,MALTEPE,40.9237,29.1548,76,0,76,KAPALI OTOPARK,1,15,08:00-00:00
2026-08-17T18:16:23.729852+00:00,2026-08-17T21:16:23.729852+03:00,1423,Güneş Plajı 1,BAKIRKÖY,40.9712,28.79,250,137,113,AÇIK OTOPARK,1,10,24 Saat
2026-08-17T18:16:23.729852+00:00,2026-08-17T21:16:23.729852+03:00,1461,Güneş Plajı 2,BAKIRKÖY,40.9692,28.7951,135,56,79,AÇIK OTOPARK,0,10,08:00-20:00
2026-08-17T18:16:23.729852+00:00,2026-08-17T21:16:23.729852+03:00,3053,Güngören Nikah Dairesi Zemin Altı otoparkı,GÜNGÖREN,41.0363,28.8718,147,0,147,KAPALI OTOPARK,1,10,24 Saat
2026-08-17T18:16:23.729852+00:00,2026-08-17T21:16:23.729852+03:00,2216,Gürpınar Balık Hali Otoparkı,BEYLİKDÜZÜ,40.9663,28.6019,1000,769,231,AÇIK OTOPARK,1,15,24 Saat
2026-08-17T18:16:23.729852+00:00,2026-08-17T21:16:23.729852+03:00,1525,Hacıosman Metro Yer Altı Otoparkı,SARIYER,41.14,29.0306,422,253,169,KAPALI OTOPARK,1,15,24 Saat
2026-08-17T18:16:23.729852+00:00,2026-08-17T21:16:23.729852+03:00,1470,Haldun Alagaş Katlı Otoparkı,ÜMRANİYE,41.0262,29.1052,197,101,96,KAPALI OTOPARK,1,15,24 Saat
2026-08-17T18:16:23.729852+00:00,2026-08-17T21:16:23.729852+03:00,3235,Haliç Sosyal Tesisleri Otoparkı,FATİH,41.0277,28.9572,60,20,40,AÇIK OTOPARK,1,15,07:00-00:00
2026-08-17T18:16:23.729852+00:00,2026-08-17T21:16:23.729852+03:00,2848,Halkalı Mahallesi Zemin Altı Otoparkı,KÜÇÜKÇEKMECE,41.0359,28.7848,347,263,84,KAPALI OTOPARK,1,15,24 Saat
2026-08-17T18:16:23.729852+00:00,2026-08-17T21:16:23.729852+03:00,2838,Hamidiye Mahallesi Katlı Otoparkı,KAĞITHANE,41.0949,28.971,450,180,270,KAPALI OTOPARK,1,15,24 Saat
2026-08-17T18:16:23.729852+00:00,2026-08-17T21:16:23.729852+03:00,1446,Harbiye Zemin Altı Otoparkı,BEYOĞLU,41.0408,28.9869,142,56,86,KAPALI OTOPARK,1,5,24 Saat
2026-08-17T18:16:23.729852+00:00,2026-08-17T21:16:23.729852+03:00,2332,Haydarpaşa Katlı Otoparkı,ÜSKÜDAR,41.0048,29.0251,840,725,115,KAPALI OTOPARK,1,15,24 Saat
2026-08-17T18:16:23.729852+00:00,2026-08-17T21:16:23.729852+03:00,1987,Haznedar Yer Altı Otoparkı,GÜNGÖREN,41.0083,28.8729,540,0,540,KAPALI OTOPARK,1,0,24 Saat
2026-08-17T18:16:23.729852+00:00,2026-08-17T21:16:23.729852+03:00,377,Hızır Külhani Sokak,FATİH,41.0202,28.9605,32,1,31,YOL ÜSTÜ,0,15,09:00-17:00
2026-08-17T18:16:23.729852+00:00,2026-08-17T21:16:23.729852+03:00,3173,Hürriyet Mahallesi Zeminaltı Otoparkı,GAZİOSMANPAŞA,41.0708,28.8951,190,0,190,KAPALI OTOPARK,1,15,24 Saat
2026-08-17T18:16:23.729852+00:00,2026-08-17T21:16:23.729852+03:00,157,Ihlamur Dere Caddesi 4,BEŞİKTAŞ,41.047,29.0023,27,1,26,YOL ÜSTÜ,0,15,09:00-17:00
2026-08-17T18:16:23.729852+00:00,2026-08-17T21:16:23.729852+03:00,1189,İçerenköy Sebze Meyve Hali Otoparkı,ATAŞEHİR,40.9766,29.1044,600,600,0,AÇIK OTOPARK,1,15,24 Saat
2026-08-17T18:16:23.729852+00:00,2026-08-17T21:16:23.729852+03:00,1127,İshakpaşa Caddesi,FATİH,41.0079,28.9814,200,1,199,YOL ÜSTÜ,0,0,08:00-18:00
2026-08-17T18:16:23.729852+00:00,2026-08-17T21:16:23.729852+03:00,3265,İspark İstanbul West Marina Açık Otoparkı 1,BEYLİKDÜZÜ,40.9636,28.6564,250,1,249,AÇIK OTOPARK,1,15,24 Saat
2026-08-17T18:16:23.729852+00:00,2026-08-17T21:16:23.729852+03:00,2793,İspark Merter Katlı Otoparkı,GÜNGÖREN,41.0097,28.89,900,473,427,KAPALI OTOPARK,1,10,24 Saat
2026-08-17T18:16:23.729852+00:00,2026-08-17T21:16:23.729852+03:00,2430,İspark West İstanbul Marina Açık Otoparkı,BEYLİKDÜZÜ,40.9639,28.6591,1600,831,769,AÇIK OTOPARK,1,15,24 Saat
2026-08-17T18:16:23.729852+00:00,2026-08-17T21:16:23.729852+03:00,381,İstinye 4 ( Cami Önü ),SARIYER,41.1149,29.0571,25,1,24,YOL ÜSTÜ,0,15,08:30-17:30
2026-08-17T18:16:23.729852+00:00,2026-08-17T21:16:23.729852+03:00,1804,İtalyan Hastanesi Karşısı Açık Otoparkı 1,BEYOĞLU,41.028,28.9815,30,1,29,AÇIK OTOPARK,0,0,08:00-19:00
2026-08-17T18:16:23.729852+00:00,2026-08-17T21:16:23.729852+03:00,507,Kabasakal Medrese Önü,FATİH,41.0062,28.9789,65,1,64,AÇIK OTOPARK,0,0,08:00-18:30
2026-08-17T18:16:23.729852+00:00,2026-08-17T21:16:23.729852+03:00,3306,Kabataş Transfer Merkezi Turizm Otobüs Otoparkı,BEYOĞLU,41.0336,28.9923,160,53,107,KAPALI OTOPARK,1,20,24 Saat
2026-08-17T18:16:23.729852+00:00,2026-08-17T21:16:23.729852+03:00,2918,Kadıköy Hasanpaşa Gazhane Katlı Otoparkı,KADIKÖY,40.9972,29.0428,310,185,125,KAPALI OTOPARK,1,15,24 Saat
2026-08-17T18:16:23.729852+00:00,2026-08-17T21:16:23.729852+03:00,1447,Kadıköy İski Açık Otoparkı,KADIKÖY,40.9874,29.0207,124,23,101,AÇIK OTOPARK,1,15,24 Saat
2026-08-17T18:16:23.729852+00:00,2026-08-17T21:16:23.729852+03:00,1655,Kadıköy Metro Açık Otoparkı,KADIKÖY,40.9899,29.0217,74,0,74,AÇIK OTOPARK,1,15,24 Saat
2026-08-17T18:16:23.729852+00:00,2026-08-17T21:16:23.729852+03:00,3445,Kadıköy Uzunçayır PD Açık Otoparkı,KADIKÖY,40.9982,29.0569,70,40,30,AÇIK OTOPARK,0,15,06:30-16:30
2026-08-17T18:16:23.729852+00:00,2026-08-17T21:16:23.729852+03:00,2808,Kadıköy Yeni Salı Pazarı PD Katlı Otoparkı,KADIKÖY,40.9969,29.0486,1350,670,680,KAPALI OTOPARK,1,15,24 Saat
2026-08-17T18:16:23.729852+00:00,2026-08-17T21:16:23.729852+03:00,2811,Kağıthane Harmantepe Zemin Altı Otoparkı,KAĞITHANE,41.0816,28.9907,200,0,200,KAPALI OTOPARK,1,0,24 Saat
2026-08-17T18:16:23.729852+00:00,2026-08-17T21:16:23.729852+03:00,1452,Kalamış Açık Otoparkı,KADIKÖY,40.9687,29.0363,173,24,149,AÇIK OTOPARK,1,15,24 Saat
2026-08-17T18:16:23.729852+00:00,2026-08-17T21:16:23.729852+03:00,1474,Kartal Hasan Doğan Spor Kompleksi,KARTAL,40.8918,29.1897,773,0,773,KAPALI OTOPARK,1,15,24 Saat
2026-08-17T18:16:23.729852+00:00,2026-08-17T21:16:23.729852+03:00,1105,Kartal İdo Açık Otoparkı,KARTAL,40.8874,29.1881,90,0,90,AÇIK OTOPARK,1,15,24 Saat
2026-08-17T18:16:23.729852+00:00,2026-08-17T21:16:23.729852+03:00,1550,Kartal Sahil Açık Otoparkı,KARTAL,40.8875,29.1901,75,50,25,AÇIK OTOPARK,1,5,24 Saat
2026-08-17T18:16:23.729852+00:00,2026-08-17T21:16:23.729852+03:00,3434,Kasımpaşa Sosyal Tesisler Otoparkı,BEYOĞLU,41.0296,28.9673,60,37,23,AÇIK OTOPARK,1,0,07:30-23:00
2026-08-17T18:16:23.729852+00:00,2026-08-17T21:16:23.729852+03:00,1960,Kazlıçeşme Marmaray Açık Otoparkı,ZEYTİNBURNU,40.9922,28.917,700,617,83,AÇIK OTOPARK,1,15,24 Saat
2026-08-17T18:16:23.729852+00:00,2026-08-17T21:16:23.729852+03:00,2994,Kirazlı Metro Durağı PD Açık Otoparkı,BAĞCILAR,41.033,28.8429,112,0,112,AÇIK OTOPARK,1,5,24 Saat
2026-08-17T18:16:23.729852+00:00,2026-08-17T21:16:23.729852+03:00,1528,Kore Şehitleri Caddesi - Yüzbaşı Kaya Aldağon Sokak 1,ŞİŞLİ,41.0719,29.0139,40,1,39,YOL ÜSTÜ,0,15,07:00-16:00
2026-08-17T18:16:23.729852+00:00,2026-08-17T21:16:23.729852+03:00,2449,Kozyatağı Sebze-Meyve Hali,ATAŞEHİR,40.9787,29.1029,1500,1499,1,AÇIK OTOPARK,1,0,24 Saat
2026-08-17T18:16:23.729852+00:00,2026-08-17T21:16:23.729852+03:00,1206,Kutlugün Sokak 2,FATİH,41.0061,28.9801,200,1,199,YOL ÜSTÜ,0,0,08:00-18:00
2026-08-17T18:16:23.729852+00:00,2026-08-17T21:16:23.729852+03:00,3074,Küçük Çamlıca,ÜSKÜDAR,41.0204,29.0653,129,104,25,AÇIK OTOPARK,1,0,08:00-22:00
2026-08-17T18:16:23.729852+00:00,2026-08-17T21:16:23.729852+03:00,3127,Küçükçekmece Cennet Mahallesi Meydan Zemin Altı Otoparkı,KÜÇÜKÇEKMECE,40.9907,28.783,456,0,456,KAPALI OTOPARK,1,10,24 Saat
2026-08-17T18:16:23.729852+00:00,2026-08-17T21:16:23.729852+03:00,2554,Küçükçekmece Fevzi Çakmak Meydanı Zemin Altı Otoparkı,KÜÇÜKÇEKMECE,41.0076,28.7927,1000,503,497,KAPALI OTOPARK,1,10,24 Saat
2026-08-17T18:16:23.729852+00:00,2026-08-17T21:16:23.729852+03:00,2882,Küçüksu Kasrı Açık Otoparkı,BEYKOZ,41.0789,29.0657,98,92,6,AÇIK OTOPARK,1,0,07:00-23:00
2026-08-17T18:16:23.729852+00:00,2026-08-17T21:16:23.729852+03:00,220,Levent Hamidiye,BEŞİKTAŞ,41.0861,29.0076,100,1,99,AÇIK OTOPARK,0,0,08:00-19:00
2026-08-17T18:16:23.729852+00:00,2026-08-17T21:16:23.729852+03:00,1138,Levent Metro Yer Altı Otoparkı,BEŞİKTAŞ,41.0811,29.0105,100,100,0,AÇIK OTOPARK,0,5,07:30-19:30
2026-08-17T18:16:23.729852+00:00,2026-08-17T21:16:23.729852+03:00,2335,Maçka Açık Otoparkı,ŞİŞLİ,41.046,28.9908,75,72,3,AÇIK OTOPARK,1,0,24 Saat
2026-08-17T18:16:23.729852+00:00,2026-08-17T21:16:23.729852+03:00,1859,Maçka Katlı Otoparkı,ŞİŞLİ,41.0484,28.9903,508,14,494,KAPALI OTOPARK,1,0,24 Saat
2026-08-17T18:16:23.729852+00:00,2026-08-17T21:16:23.729852+03:00,3193,Maltepe Rıhtım Caddesi Açık Otoparkı,MALTEPE,40.9258,29.1241,76,0,76,AÇIK OTOPARK,1,0,24 Saat
2026-08-17T18:16:23.729852+00:00,2026-08-17T21:16:23.729852+03:00,2146,Maltepe Süreyyapaşa Çarşısı Açık Otoparkı,MALTEPE,40.9274,29.1225,156,20,136,AÇIK OTOPARK,1,0,24 Saat
2026-08-17T18:16:23.729852+00:00,2026-08-17T21:16:23.729852+03:00,1599,Maslak Açık Otoparkı,SARIYER,41.1166,29.024,150,127,23,AÇIK OTOPARK,1,10,24 Saat
2026-08-17T18:16:23.729852+00:00,2026-08-17T21:16:23.729852+03:00,2100,Matbaacılar Sitesi Yanı,ZEYTİNBURNU,41.0234,28.9187,250,216,34,AÇIK OTOPARK,1,5,24 Saat
2026-08-17T18:16:23.729852+00:00,2026-08-17T21:16:23.729852+03:00,920,Meclis-i Mebusan Yokuşu 2,BEYOĞLU,41.0326,28.9882,34,1,33,YOL ÜSTÜ,0,15,09:00-17:00
2026-08-17T18:16:23.729852+00:00,2026-08-17T21:16:23.729852+03:00,1546,Menekşe Plajı Açık Otoparkı,BAKIRKÖY,40.9761,28.7766,200,200,0,AÇIK OTOPARK,1,0,24 Saat
2026-08-17T18:16:23.729852+00:00,2026-08-17T21:16:23.729852+03:00,1376,Mercan Açık,FATİH,41.0136,28.9669,130,124,6,AÇIK OTOPARK,1,0,08:00-23:00
2026-08-17T18:16:23.729852+00:00,2026-08-17T21:16:23.729852+03:00,3309,Mercan Ali Paşa Sarayı Zemin Altı Otoparkı,FATİH,41.0136,28.967,196,1,195,KAPALI OTOPARK,0,0,07:00-21:00
2026-08-17T18:16:23.729852+00:00,2026-08-17T21:16:23.729852+03:00,1472,Merter Katlı Otoparkı,GÜNGÖREN,41.0092,28.8874,1000,902,98,KAPALI OTOPARK,1,10,24 Saat
2026-08-17T18:16:23.729852+00:00,2026-08-17T21:16:23.729852+03:00,2375,Merter Metro PD Zeminaltı Otoparkı,GÜNGÖREN,41.0037,28.8897,242,96,146,KAPALI OTOPARK,1,10,24 Saat
2026-08-17T18:16:23.729852+00:00,2026-08-17T21:16:23.729852+03:00,1568,Mete Caddesi 1,BEYOĞLU,41.0382,28.9879,31,1,30,YOL ÜSTÜ,1,15,08:00-23:00
2026-08-17T18:16:23.729852+00:00,2026-08-17T21:16:23.729852+03:00,1471,Mevlana Yeraltı Katlı Otoparkı,ZEYTİNBURNU,41.0072,28.9049,1000,862,138,KAPALI OTOPARK,1,5,24 Saat
2026-08-17T18:16:23.729852+00:00,2026-08-17T21:16:23.729852+03:00,2709,Millet Caddesi Açık Otoparkı,FATİH,41.01,28.9461,60,1,59,AÇIK OTOPARK,1,15,24 Saat
2026-08-17T18:16:23.729852+00:00,2026-08-17T21:16:23.729852+03:00,3152,Mimar Sinan Zemin Altı Otoparkı,ÜSKÜDAR,41.0222,29.0169,956,0,956,KAPALI OTOPARK,1,15,24 Saat
2026-08-17T18:16:23.729852+00:00,2026-08-17T21:16:23.729852+03:00,2870,Miniatürk Çadır Açık Otoparkı,BEYOĞLU,41.0594,28.9501,250,211,39,AÇIK OTOPARK,0,15,07:00-20:00
2026-08-17T18:16:23.729852+00:00,2026-08-17T21:16:23.729852+03:00,2556,Muallim Naci Açık Otoparkı,BEŞİKTAŞ,41.0561,29.0342,35,26,9,AÇIK OTOPARK,1,15,24 Saat
2026-08-17T18:16:23.729852+00:00,2026-08-17T21:16:23.729852+03:00,569,Oda Kule Önü 1,BEYOĞLU,41.0322,28.9751,24,1,23,YOL ÜSTÜ,1,0,07:00-01:00
2026-08-17T18:16:23.729852+00:00,2026-08-17T21:16:23.729852+03:00,1988,Orhangazi Şehir Parkı PD Açık Otoparkı,MALTEPE,40.9313,29.1161,5022,3717,1305,AÇIK OTOPARK,1,15,24 Saat
2026-08-17T18:16:23.729852+00:00,2026-08-17T21:16:23.729852+03:00,152,Ortabahçe Caddesi 2,BEŞİKTAŞ,41.0428,29.0043,35,1,34,YOL ÜSTÜ,1,15,08:00-23:00
2026-08-17T18:16:23.729852+00:00,2026-08-17T21:16:23.729852+03:00,153,Ortabahçe Caddesi 3,BEŞİKTAŞ,41.043,29.0042,26,1,25,YOL ÜSTÜ,1,15,08:00-23:00
2026-08-17T18:16:23.729852+00:00,2026-08-17T21:16:23.729852+03:00,119,Ortaklar Caddesi 1,ŞİŞLİ,41.0638,28.9971,25,1,24,YOL ÜSTÜ,0,15,08:30-17:00
2026-08-17T18:16:23.729852+00:00,2026-08-17T21:16:23.729852+03:00,1343,Ortaköy Açık Otoparkı,BEŞİKTAŞ,41.0504,29.0326,170,141,29,AÇIK OTOPARK,1,0,24 Saat
2026-08-17T18:16:23.729852+00:00,2026-08-17T21:16:23.729852+03:00,572,Ortaköy Portakal Yokuşu 1,BEŞİKTAŞ,41.0503,29.0261,15,1,14,YOL ÜSTÜ,0,15,09:00-19:00
2026-08-17T18:16:23.729852+00:00,2026-08-17T21:16:23.729852+03:00,1039,Öğretmen Evi,AVCILAR,40.9723,28.714,80,42,38,AÇIK OTOPARK,1,0,11:00-23:00
2026-08-17T18:16:23.729852+00:00,2026-08-17T21:16:23.729852+03:00,1466,Pendik Katlı Otoparkı,PENDİK,40.8789,29.2342,120,0,120,KAPALI OTOPARK,1,15,24 Saat
2026-08-17T18:16:23.729852+00:00,2026-08-17T21:16:23.729852+03:00,3073,Pendik Kemal Kalkuz Parkı Zemin Altı Otoparkı,PENDİK,40.8885,29.2427,224,0,224,KAPALI OTOPARK,0,0,09:00-18:00
2026-08-17T18:16:23.729852+00:00,2026-08-17T21:16:23.729852+03:00,3019,Pendik Meydan Zemin Altı Otoparkı,PENDİK,40.8752,29.2324,937,0,937,KAPALI OTOPARK,1,0,24 Saat
2026-08-17T18:16:23.729852+00:00,2026-08-17T21:16:23.729852+03:00,2865,Pendik Sahil Engelliler Merkez Önü,PENDİK,40.8735,29.233,100,66,34,AÇIK OTOPARK,0,0,11:00-20:00
2026-08-17T18:16:23.729852+00:00,2026-08-17T21:16:23.729852+03:00,2434,Pendik Sahil İdo,PENDİK,40.8755,29.2369,100,0,100,AÇIK OTOPARK,1,0,07:00-23:00
2026-08-17T18:16:23.729852+00:00,2026-08-17T21:16:23.729852+03:00,248,Pendik Yenimahalle Açık 2 Otoparkı,PENDİK,40.864,29.2723,124,88,36,AÇIK OTOPARK,1,15,10:00-22:00
2026-08-17T18:16:23.729852+00:00,2026-08-17T21:16:23.729852+03:00,297,Perşembe Pazarı 1,BEYOĞLU,41.0252,28.9693,32,1,31,YOL ÜSTÜ,0,15,08:00-17:00
2026-08-17T18:16:23.729852+00:00,2026-08-17T21:16:23.729852+03:00,597,Pierre Loti Caddesi 3,FATİH,41.0069,28.9711,36,1,35,YOL ÜSTÜ,0,0,07:00-17:00
2026-08-17T18:16:23.729852+00:00,2026-08-17T21:16:23.729852+03:00,3263,Piyalepaşa Meydanı Zemin Altı Otoparkı,BEYOĞLU,41.0445,28.9674,560,248,312,KAPALI OTOPARK,1,0,24 Saat
2026-08-17T18:16:23.729852+00:00,2026-08-17T21:16:23.729852+03:00,1900,Ragıp Gümüşpala Cad.(Sobacılar Önü),FATİH,41.0181,28.969,40,1,39,YOL ÜSTÜ,0,15,07:00-18:00
2026-08-17T18:16:23.729852+00:00,2026-08-17T21:16:23.729852+03:00,415,Ragıp Gümüşpala Camii Önü 1,FATİH,41.0211,28.9627,35,1,34,YOL ÜSTÜ,0,0,07:00-17:30
2026-08-17T18:16:23.729852+00:00,2026-08-17T21:16:23.729852+03:00,3268,Refik Saydam Caddesi 3,BEYOĞLU,41.032,28.9736,55,1,54,YOL ÜSTÜ,1,0,06:00-23:00
2026-08-17T18:16:23.729852+00:00,2026-08-17T21:16:23.729852+03:00,2307,Ressam Halim Sokak PD Açık Otoparkı,BAHÇELİEVLER,40.9967,28.8641,120,104,16,AÇIK OTOPARK,1,15,08:00-00:00
2026-08-17T18:16:23.729852+00:00,2026-08-17T21:16:23.729852+03:00,3082,Rumeli Hisarı Sahil Yolu Otoparkı,SARIYER,41.0854,29.0568,20,0,20,AÇIK OTOPARK,1,0,24 Saat
2026-08-17T18:16:23.729852+00:00,2026-08-17T21:16:23.729852+03:00,1595,Sabiha Gökçen Açık Otoparkı,PENDİK,40.925,29.308,1056,239,817,AÇIK OTOPARK,1,15,24 Saat
2026-08-17T18:16:23.729852+00:00,2026-08-17T21:16:23.729852+03:00,3239,Samatya Sahil Cep Otoparkı,FATİH,40.9954,28.932,113,91,22,AÇIK OTOPARK,1,15,24 Saat
2026-08-17T18:16:23.729852+00:00,2026-08-17T21:16:23.729852+03:00,3273,Sarıyer Büyükdere Fidanlığı,SARIYER,41.1548,29.0268,160,155,5,AÇIK OTOPARK,0,0,08:00-18:00
2026-08-17T18:16:23.729852+00:00,2026-08-17T21:16:23.729852+03:00,3299,Sariyer Ayazağa Mah Vadi İstanbul Önü Açık Otoparkı,SARIYER,41.1106,28.9881,100,96,4,AÇIK OTOPARK,0,0,08:00-20:00
2026-08-17T18:16:23.729852+00:00,2026-08-17T21:16:23.729852+03:00,1303,Seyrantepe Katlı (Arena Karşısı) 1,KAĞITHANE,41.101,28.9961,1897,1894,3,KAPALI OTOPARK,1,0,24 Saat
2026-08-17T18:16:23.729852+00:00,2026-08-17T21:16:23.729852+03:00,1628,Sıracevizler Caddesi Yol Üstü 5,ŞİŞLİ,41.0607,28.9841,45,1,44,YOL ÜSTÜ,0,15,09:00-17:00
2026-08-17T18:16:23.729852+00:00,2026-08-17T21:16:23.729852+03:00,464,Sirkeci Gar Önü,FATİH,41.015,28.9761,60,1,59,AÇIK OTOPARK,0,5,07:00-20:00
2026-08-17T18:16:23.729852+00:00,2026-08-17T21:16:23.729852+03:00,1486,Siyavuşpaşa Yer Altı Otoparkı,BAHÇELİEVLER,40.9965,28.8532,155,0,155,KAPALI OTOPARK,1,0,24 Saat
2026-08-17T18:16:23.729852+00:00,2026-08-17T21:16:23.729852+03:00,1958,Soğanlık Metro PD Açık Otoparkı,KARTAL,40.9131,29.1925,898,871,27,AÇIK OTOPARK,1,15,24 Saat
2026-08-17T18:16:23.729852+00:00,2026-08-17T21:16:23.729852+03:00,589,Su Terazisi Sokak,FATİH,41.0046,28.9727,22,1,21,YOL ÜSTÜ,0,0,07:30-17:00
2026-08-17T18:16:23.729852+00:00,2026-08-17T21:16:23.729852+03:00,1478,Suadiye Cep Açık Otoparkı,KADIKÖY,40.9586,29.0732,130,56,74,AÇIK OTOPARK,1,15,24 Saat
2026-08-17T18:16:23.729852+00:00,2026-08-17T21:16:23.729852+03:00,2948,Suadiye Sahil Açık Otoparkı,KADIKÖY,40.9562,29.0797,70,0,70,AÇIK OTOPARK,1,5,24 Saat
2026-08-17T18:16:23.729852+00:00,2026-08-17T21:16:23.729852+03:00,2799,Sultanbeyli Emir Caddesi Zemin Altı Otoparkı,SULTANBEYLİ,40.9707,29.2606,130,119,11,KAPALI OTOPARK,1,15,08:00-22:00
2026-08-17T18:16:23.729852+00:00,2026-08-17T21:16:23.729852+03:00,2372,Sultanbeyli Kent Meydanı Zemin Altı Otoparkı,SULTANBEYLİ,40.9667,29.2667,300,174,126,KAPALI OTOPARK,1,15,24 Saat
2026-08-17T18:16:23.729852+00:00,2026-08-17T21:16:23.729852+03:00,2410,Sultangazi Zemin Altı Otoparkı,SULTANGAZİ,41.0944,28.8649,104,0,104,KAPALI OTOPARK,1,10,24 Saat
2026-08-17T18:16:23.729852+00:00,2026-08-17T21:16:23.729852+03:00,2085,Süleyman Seba Caddesi 2,BEŞİKTAŞ,41.0426,28.9998,40,1,39,YOL ÜSTÜ,0,15,08:00-18:00
2026-08-17T18:16:23.729852+00:00,2026-08-17T21:16:23.729852+03:00,2088,Süleyman Seba Caddesi 5,BEŞİKTAŞ,41.0432,28.9978,40,1,39,YOL ÜSTÜ,0,15,08:00-18:00
2026-08-17T18:16:23.729852+00:00,2026-08-17T21:16:23.729852+03:00,2089,Süleyman Seba Caddesi 6,BEŞİKTAŞ,41.0435,28.9967,11,1,10,YOL ÜSTÜ,0,15,08:00-18:00
2026-08-17T18:16:23.729852+00:00,2026-08-17T21:16:23.729852+03:00,2391,Süleymaniye Cami Altı Açık Otoparkı,FATİH,41.0158,28.961,250,234,16,AÇIK OTOPARK,0,0,06:30-18:30
2026-08-17T18:16:23.729852+00:00,2026-08-17T21:16:23.729852+03:00,1730,Sütlüce Miniatürk Yanı,BEYOĞLU,41.057,28.95,320,215,105,AÇIK OTOPARK,1,15,24 Saat
2026-08-17T18:16:23.729852+00:00,2026-08-17T21:16:23.729852+03:00,36,Şakayık Sokak 4,ŞİŞLİ,41.0518,28.9936,50,1,49,YOL ÜSTÜ,0,15,08:00-16:00
2026-08-17T18:16:23.729852+00:00,2026-08-17T21:16:23.729852+03:00,1469,Şehit Volkan Duysak Katlı Otoparkı,ZEYTİNBURNU,40.9968,28.9039,1000,688,312,KAPALI OTOPARK,1,5,24 Saat
2026-08-17T18:16:23.729852+00:00,2026-08-17T21:16:23.729852+03:00,2385,Şehremini Açık Otoparkı 1,FATİH,41.0135,28.9333,60,1,59,AÇIK OTOPARK,0,0,08:30-20:30
2026-08-17T18:16:23.729852+00:00,2026-08-17T21:16:23.729852+03:00,2855,Şemsipaşa Açık Otoparkı,ÜSKÜDAR,41.0255,29.0097,80,38,42,AÇIK OTOPARK,1,0,24 Saat
2026-08-17T18:16:23.729852+00:00,2026-08-17T21:16:23.729852+03:00,2439,Şirinevler Meydan Zeminaltı Otoparkı,BAHÇELİEVLER,40.9925,28.8496,367,71,296,KAPALI OTOPARK,1,0,24 Saat
2026-08-17T18:16:23.729852+00:00,2026-08-17T21:16:23.729852+03:00,3400,Şişhane Refik Saydam Caddesi 2 Yol Üstü Otoparkı 1,BEYOĞLU,41.0326,28.9743,70,1,69,YOL ÜSTÜ,1,15,06:00-23:00
2026-08-17T18:16:23.729852+00:00,2026-08-17T21:16:23.729852+03:00,3441,Şişli Kuştepe Zemin Altı Otoparkı,ŞİŞLİ,41.072,28.9919,430,299,131,KAPALI OTOPARK,1,15,24 Saat
2026-08-17T18:16:23.729852+00:00,2026-08-17T21:16:23.729852+03:00,2816,Şişli Rumeli Caddesi Metro Yanı 1,ŞİŞLİ,41.0538,28.9868,45,1,44,YOL ÜSTÜ,0,15,08:00-20:00
2026-08-17T18:16:23.729852+00:00,2026-08-17T21:16:23.729852+03:00,2406,Şişli Zemin Altı Otoparkı,ŞİŞLİ,41.0641,28.9992,581,395,186,KAPALI OTOPARK,1,15,24 Saat
2026-08-17T18:16:23.729852+00:00,2026-08-17T21:16:23.729852+03:00,1993,Tuzla İdo,TUZLA,40.8149,29.3039,300,90,210,AÇIK OTOPARK,1,15,24 Saat
2026-08-17T18:16:23.729852+00:00,2026-08-17T21:16:23.729852+03:00,3332,Tuzla Sahil Cep,TUZLA,40.8168,29.2992,50,39,11,AÇIK OTOPARK,1,0,08:00-00:00
2026-08-17T18:16:23.729852+00:00,2026-08-17T21:16:23.729852+03:00,3057,Tuzla Sahil Zemin Altı Otoparkı,TUZLA,40.8181,29.3004,779,1,778,KAPALI OTOPARK,1,15,24 Saat
2026-08-17T18:16:23.729852+00:00,2026-08-17T21:16:23.729852+03:00,1811,Ulu Camii Açık Otoparkı,BAHÇELİEVLER,40.9982,28.8499,150,115,35,AÇIK OTOPARK,1,10,24 Saat
2026-08-17T18:16:23.729852+00:00,2026-08-17T21:16:23.729852+03:00,2424,Uzunçayır Açık Otoparkı,KADIKÖY,40.9988,29.0556,58,51,7,AÇIK OTOPARK,0,0,06:00-16:00
2026-08-17T18:16:23.729852+00:00,2026-08-17T21:16:23.729852+03:00,1468,Ümraniye Katlı Otoparkı,ÜMRANİYE,41.0261,29.0953,665,528,137,KAPALI OTOPARK,1,15,24 Saat
2026-08-17T18:16:23.729852+00:00,2026-08-17T21:16:23.729852+03:00,2898,Ümraniye Okan Sokak Zeminaltı Otoparkı,ÜMRANİYE,41.0284,29.0907,125,31,94,KAPALI OTOPARK,1,15,24 Saat
2026-08-17T18:16:23.729852+00:00,2026-08-17T21:16:23.729852+03:00,2345,Üsküdar Uzunçayır PD Açık Otoparkı,ÜSKÜDAR,40.9988,29.0577,90,84,6,AÇIK OTOPARK,1,15,06:00-22:00
2026-08-17T18:16:23.729852+00:00,2026-08-17T21:16:23.729852+03:00,1929,Üsküdar Ünalan Açık Otoparkı,ÜSKÜDAR,40.9979,29.0604,180,175,5,AÇIK OTOPARK,0,0,07:00-17:00
2026-08-17T18:16:23.729852+00:00,2026-08-17T21:16:23.729852+03:00,1487,Vatan Caddesi PD Açık Otoparkı,FATİH,41.0157,28.9405,397,342,55,AÇIK OTOPARK,1,5,24 Saat
2026-08-17T18:16:23.729852+00:00,2026-08-17T21:16:23.729852+03:00,2441,Yalı Açık Otoparkı,MALTEPE,40.9095,29.137,85,82,3,AÇIK OTOPARK,1,0,07:30-22:00
2026-08-17T18:16:23.729852+00:00,2026-08-17T21:16:23.729852+03:00,459,Yalı Köşkü Caddesi 1,FATİH,41.0163,28.9759,61,1,60,YOL ÜSTÜ,0,5,07:00-21:00
2026-08-17T18:16:23.729852+00:00,2026-08-17T21:16:23.729852+03:00,2037,Yenikapı Marmaray Büyük Otoparkı,FATİH,41.0057,28.9505,324,226,98,AÇIK OTOPARK,1,15,24 Saat
2026-08-17T18:16:23.729852+00:00,2026-08-17T21:16:23.729852+03:00,2036,Yenikapı Marmaray Küçük Otoparkı,FATİH,41.0064,28.9504,200,197,3,AÇIK OTOPARK,1,15,07:00-22:00
2026-08-17T18:16:23.729852+00:00,2026-08-17T21:16:23.729852+03:00,2175,Yenikapı Spor ve Kültür Merkezi PD Açık Otoparkı,FATİH,41.0006,28.9519,4023,3868,155,AÇIK OTOPARK,1,15,24 Saat
2026-08-17T18:16:23.729852+00:00,2026-08-17T21:16:23.729852+03:00,2805,Yenikapı Tünel Üstü Açık Otoparkı,FATİH,41.0029,28.9534,700,620,80,AÇIK OTOPARK,1,10,24 Saat
2026-08-17T18:16:23.729852+00:00,2026-08-17T21:16:23.729852+03:00,3404,Yenimahalle Metro Zemin Altı PD Otoparkı,GAZİOSMANPAŞA,41.0839,28.8926,114,94,20,KAPALI OTOPARK,1,15,24 Saat
2026-08-17T18:16:23.729852+00:00,2026-08-17T21:16:23.729852+03:00,2920,Yeşilce Zemin Altı Katlı Otoparkı,KAĞITHANE,41.0938,29.0017,676,8,668,KAPALI OTOPARK,1,0,24 Saat
2026-08-17T18:16:23.729852+00:00,2026-08-17T21:16:23.729852+03:00,987,Yeşilköy İstasyon Caddesi 1,BAKIRKÖY,40.962,28.825,40,1,39,YOL ÜSTÜ,0,15,09:00-17:30
2026-08-17T18:16:23.729852+00:00,2026-08-17T21:16:23.729852+03:00,974,Yeşilköy Marina 1,BAKIRKÖY,40.9576,28.8233,145,1,144,YOL ÜSTÜ,1,0,12:00-23:00
2026-08-17T18:16:23.729852+00:00,2026-08-17T21:16:23.729852+03:00,3406,Yeşilpınar Metro Zemin Altı PD Otoparkı,EYÜP,41.081,28.9204,269,187,82,KAPALI OTOPARK,1,15,24 Saat
2026-08-17T18:16:23.729852+00:00,2026-08-17T21:16:23.729852+03:00,315,Yeşilyurt Çarşı 1,BAKIRKÖY,40.9643,28.8379,50,1,49,YOL ÜSTÜ,0,15,09:00-17:30
2026-08-17T18:16:23.729852+00:00,2026-08-17T21:16:23.729852+03:00,1133,Yıldız Korusu,BEŞİKTAŞ,41.0514,29.0165,500,1,499,AÇIK OTOPARK,1,0,08:00-22:00
2026-08-17T18:16:23.729852+00:00,2026-08-17T21:16:23.729852+03:00,882,Zeytinburnu 58. Bulvar 2,ZEYTİNBURNU,40.9932,28.9039,48,1,47,YOL ÜSTÜ,0,15,09:00-18:00
2026-08-17T18:16:23.729852+00:00,2026-08-17T21:16:23.729852+03:00,3185,Zeytinburnu Sahil Cep Otoparkı,ZEYTİNBURNU,40.9798,28.8985,160,1,159,AÇIK OTOPARK,1,0,12:00-22:00
2026-08-17T19:39:20.035916+00:00,2026-08-17T22:39:20.035916+03:00,3068,15 Temmuz Şehitler Meydanı Zeminaltı Otoparkı,ÜMRANİYE,41.0246,29.0915,1029,639,390,KAPALI OTOPARK,1,15,24 Saat
2026-08-17T19:39:20.035916+00:00,2026-08-17T22:39:20.035916+03:00,2338,19 Mayıs Açık,ŞİŞLİ,41.0563,28.9941,65,0,65,AÇIK OTOPARK,1,0,24 Saat
2026-08-17T19:39:20.035916+00:00,2026-08-17T22:39:20.035916+03:00,1751,4.Levent PD Açık Otoparkı,KAĞITHANE,41.0836,29.0081,236,145,91,AÇIK OTOPARK,1,5,24 Saat
2026-08-17T19:39:20.035916+00:00,2026-08-17T22:39:20.035916+03:00,3328,4.Levent Servis ve Turizm Araçları Açık Otoparkı,ŞİŞLİ,41.0841,29.0054,300,153,147,AÇIK OTOPARK,1,15,24 Saat
2026-08-17T19:39:20.035916+00:00,2026-08-17T22:39:20.035916+03:00,3412,5. Levent Gaziosmanpaşa Adliyesi Yanı Açık Otoparkı,EYÜP,41.0927,28.9494,250,202,48,AÇIK OTOPARK,1,15,07:00-23:00
2026-08-17T19:39:20.035916+00:00,2026-08-17T22:39:20.035916+03:00,104,Abide-i Hürriyet Caddesi 5,ŞİŞLİ,41.0619,28.9876,40,1,39,YOL ÜSTÜ,0,15,08:00-17:00
2026-08-17T19:39:20.035916+00:00,2026-08-17T22:39:20.035916+03:00,2452,Acıbadem Açık Otoparkı,ÜSKÜDAR,41.0157,29.0574,100,86,14,AÇIK OTOPARK,0,0,06:30-16:00
2026-08-17T19:39:20.035916+00:00,2026-08-17T22:39:20.035916+03:00,346,Ada Karşısı Cep 2,BEŞİKTAŞ,41.072,29.045,30,1,29,YOL ÜSTÜ,1,15,08:00-23:00
2026-08-17T19:39:20.035916+00:00,2026-08-17T22:39:20.035916+03:00,1663,Akasyalı Sokak Tenis Kulubü Önü 2,BEŞİKTAŞ,41.0867,29.0109,45,1,44,YOL ÜSTÜ,0,15,08:30-17:30
2026-08-17T19:39:20.035916+00:00,2026-08-17T22:39:20.035916+03:00,828,Akdeniz Caddesi 4,FATİH,41.0175,28.9435,27,1,26,YOL ÜSTÜ,0,15,09:00-18:00
2026-08-17T19:39:20.035916+00:00,2026-08-17T22:39:20.035916+03:00,1913,Alibeyköy Cep Otogarı Açık Otoparkı,EYÜP,41.0879,28.9446,116,0,116,AÇIK OTOPARK,1,25,24 Saat
2026-08-17T19:39:20.035916+00:00,2026-08-17T22:39:20.035916+03:00,1912,Alibeyköy Cep Otogarı Otobüs Otoparkı,EYÜP,41.0875,28.9449,5000,1,4999,AÇIK OTOPARK,1,60,24 Saat
2026-08-17T19:39:20.035916+00:00,2026-08-17T22:39:20.035916+03:00,2562,Alibeyköy Yeşiltepe Zemin Altı Otoparkı,EYÜP,41.0797,28.938,159,56,103,KAPALI OTOPARK,1,15,24 Saat
2026-08-17T19:39:20.035916+00:00,2026-08-17T22:39:20.035916+03:00,3201,Altınboynuz Sosyal Tesisleri,EYÜP,41.058,28.9447,70,70,0,AÇIK OTOPARK,1,15,08:00-23:00
2026-08-17T19:39:20.035916+00:00,2026-08-17T22:39:20.035916+03:00,758,Arap Camii Açık Otoparkı,BEYOĞLU,41.0227,28.9723,30,1,29,AÇIK OTOPARK,0,0,09:00-17:00
2026-08-17T19:39:20.035916+00:00,2026-08-17T22:39:20.035916+03:00,1963,Aras Sokak 1,BÜYÜKÇEKMECE,41.0226,28.622,60,1,59,YOL ÜSTÜ,0,0,06:00-14:30
2026-08-17T19:39:20.035916+00:00,2026-08-17T22:39:20.035916+03:00,2802,Arnavutköy Zemin Altı Otoparkı,ARNAVUTKÖY,41.1838,28.7396,700,7,693,KAPALI OTOPARK,1,15,24 Saat
2026-08-17T19:39:20.035916+00:00,2026-08-17T22:39:20.035916+03:00,1797,Ataköy Atrium AVM,BAKIRKÖY,40.9881,28.8459,250,234,16,AÇIK OTOPARK,1,15,08:00-23:00
2026-08-17T19:39:20.035916+00:00,2026-08-17T22:39:20.035916+03:00,2824,Ataköy Metro Durağı Yanı PD Zemin Altı Otoparkı,BAKIRKÖY,40.9904,28.8456,150,89,61,KAPALI OTOPARK,1,0,24 Saat
2026-08-17T19:39:20.035916+00:00,2026-08-17T22:39:20.035916+03:00,359,Atatürk Bulvarı 1,FATİH,41.0112,28.9534,20,1,19,YOL ÜSTÜ,0,0,07:30-18:00
2026-08-17T19:39:20.035916+00:00,2026-08-17T22:39:20.035916+03:00,3087,Atatürk Kent Ormanı Otoparkı,SARIYER,41.136,29.0262,200,197,3,AÇIK OTOPARK,0,0,08:00-17:00
2026-08-17T19:39:20.035916+00:00,2026-08-17T22:39:20.035916+03:00,1088,Avcılar İdo,AVCILAR,40.9712,28.7185,270,261,9,AÇIK OTOPARK,1,0,13:00-07:00
2026-08-17T19:39:20.035916+00:00,2026-08-17T22:39:20.035916+03:00,2885,Azapkapı Haliç Metro Otoparkı,ŞİŞLİ,41.0245,28.9691,80,36,44,AÇIK OTOPARK,1,5,24 Saat
2026-08-17T19:39:20.035916+00:00,2026-08-17T22:39:20.035916+03:00,2455,Azerbaycan Dostluk Parkı Zemin Altı Otoparkı,BAĞCILAR,41.0444,28.854,400,157,243,KAPALI OTOPARK,1,10,24 Saat
2026-08-17T19:39:20.035916+00:00,2026-08-17T22:39:20.035916+03:00,2965,Bağcılar Çolakoğlu Zemin Altı Otoparkı,BAĞCILAR,41.0324,28.8345,106,0,106,KAPALI OTOPARK,1,5,24 Saat
2026-08-17T19:39:20.035916+00:00,2026-08-17T22:39:20.035916+03:00,2576,Bağcılar Demirkapı Zemin Altı Otoparkı,BAĞCILAR,41.0499,28.8327,343,146,197,KAPALI OTOPARK,1,5,24 Saat
2026-08-17T19:39:20.035916+00:00,2026-08-17T22:39:20.035916+03:00,3036,Bağcılar Devlet Hastanesi Yanı Zeminaltı Otoparkı,BAĞCILAR,41.0312,28.8696,1133,104,1029,KAPALI OTOPARK,1,15,24 Saat
2026-08-17T19:39:20.035916+00:00,2026-08-17T22:39:20.035916+03:00,3071,Bağcılar Emniyet Müdürlüğü Yanı Açık Otoparkı,BAĞCILAR,41.0353,28.8598,100,44,56,AÇIK OTOPARK,1,0,24 Saat
2026-08-17T19:39:20.035916+00:00,2026-08-17T22:39:20.035916+03:00,2873,Bağcılar Göztepe Zemin Altı,BAĞCILAR,41.0567,28.8355,120,0,120,KAPALI OTOPARK,1,5,24 Saat
2026-08-17T19:39:20.035916+00:00,2026-08-17T22:39:20.035916+03:00,3187,Bağcılar Hürriyet Mahallesi Zemin Altı Otoparkı,BAĞCILAR,41.0291,28.8333,355,0,355,KAPALI OTOPARK,1,10,24 Saat
2026-08-17T19:39:20.035916+00:00,2026-08-17T22:39:20.035916+03:00,2916,Bağcılar Kent Meydanı PD Zemin Altı Otoparkı,BAĞCILAR,41.0339,28.8556,1162,0,1162,KAPALI OTOPARK,1,0,24 Saat
2026-08-17T19:39:20.035916+00:00,2026-08-17T22:39:20.035916+03:00,3261,Bağcılar Yenimahalle Zemin Altı Otoparkı,BAĞCILAR,41.0425,28.8395,525,268,257,KAPALI OTOPARK,1,15,24 Saat
2026-08-17T19:39:20.035916+00:00,2026-08-17T22:39:20.035916+03:00,2820,Bağcılar Yıldıztepe Katlı Otoparkı,BAĞCILAR,41.0294,28.8556,350,0,350,KAPALI OTOPARK,1,10,24 Saat
2026-08-17T19:39:20.035916+00:00,2026-08-17T22:39:20.035916+03:00,3447,Bahçelievler 23 Nisan Milli Egemenlik Zeminaltı Otoparkı,BAHÇELİEVLER,40.9988,28.8472,732,430,302,KAPALI OTOPARK,1,10,24 Saat
2026-08-17T19:39:20.035916+00:00,2026-08-17T22:39:20.035916+03:00,2993,Bahçelievler Cumhuriyet Zeminaltı Otoparkı,BAHÇELİEVLER,41.0149,28.859,663,0,663,KAPALI OTOPARK,1,10,24 Saat
2026-08-17T19:39:20.035916+00:00,2026-08-17T22:39:20.035916+03:00,2969,Bahçelievler Devlet Hastanesi Yanı Katlı Otoparkı,BAHÇELİEVLER,41.0072,28.8442,740,0,740,KAPALI OTOPARK,1,0,24 Saat
2026-08-17T19:39:20.035916+00:00,2026-08-17T22:39:20.035916+03:00,3051,Bahçelievler Zafer Mh. Zeminaltı Otoparkı,BAHÇELİEVLER,41.0036,28.8351,200,65,135,KAPALI OTOPARK,1,0,24 Saat
2026-08-17T19:39:20.035916+00:00,2026-08-17T22:39:20.035916+03:00,3236,Bahçeşehir Gölet Açık Otoparkı,BAŞAKŞEHİR,41.0719,28.6901,200,1,199,AÇIK OTOPARK,0,0,12:00-22:00
2026-08-17T19:39:20.035916+00:00,2026-08-17T22:39:20.035916+03:00,1465,Bakırköy İdo Açık Otoparkı,BAKIRKÖY,40.9739,28.8761,160,113,47,AÇIK OTOPARK,1,10,24 Saat
2026-08-17T19:39:20.035916+00:00,2026-08-17T22:39:20.035916+03:00,1104,Balmumcu Katlı Otoparkı,BEŞİKTAŞ,41.0636,29.0109,400,318,82,KAPALI OTOPARK,1,5,24 Saat
2026-08-17T19:39:20.035916+00:00,2026-08-17T22:39:20.035916+03:00,2796,Başakşehir Metro Açık Otoparkı,BAŞAKŞEHİR,41.107,28.801,125,1,124,AÇIK OTOPARK,0,0,07:00-16:00
2026-08-17T19:39:20.035916+00:00,2026-08-17T22:39:20.035916+03:00,2350,Bayrampaşa Adapark Katlı Otoparkı,BAYRAMPAŞA,41.0647,28.8875,650,0,650,KAPALI OTOPARK,1,15,24 Saat
2026-08-17T19:39:20.035916+00:00,2026-08-17T22:39:20.035916+03:00,2892,Bayrampaşa Altıntepsi Zemin  Altı Otoparkı,BAYRAMPAŞA,41.0393,28.9029,110,0,110,KAPALI OTOPARK,1,10,24 Saat
2026-08-17T19:39:20.035916+00:00,2026-08-17T22:39:20.035916+03:00,2909,Bayrampaşa Atatürk Parkı  Zemin Altı Otoparkı,BAYRAMPAŞA,41.0342,28.9123,442,1,441,KAPALI OTOPARK,1,10,24 Saat
2026-08-17T19:39:20.035916+00:00,2026-08-17T22:39:20.035916+03:00,2683,Bayrampaşa Devlet Hastanesi Cep Otoparkı,BAYRAMPAŞA,41.0414,28.9031,55,25,30,AÇIK OTOPARK,0,0,08:00-19:00
2026-08-17T19:39:20.035916+00:00,2026-08-17T22:39:20.035916+03:00,3301,Bayrampaşa Kocatepe Mahallesi Zemin Altı Otoparkı,BAYRAMPAŞA,41.0545,28.8964,241,0,241,KAPALI OTOPARK,1,10,24 Saat
2026-08-17T19:39:20.035916+00:00,2026-08-17T22:39:20.035916+03:00,2053,Bayrampaşa Muratpaşa Yer Altı Otoparkı,BAYRAMPAŞA,41.047,28.9082,300,0,300,KAPALI OTOPARK,1,15,24 Saat
2026-08-17T19:39:20.035916+00:00,2026-08-17T22:39:20.035916+03:00,3175,Bayrampaşa Spor Kompleksi Zemin Altı Otoparkı,BAYRAMPAŞA,41.0446,28.9106,205,0,205,KAPALI OTOPARK,1,15,24 Saat
2026-08-17T19:39:20.035916+00:00,2026-08-17T22:39:20.035916+03:00,3382,Bayrampaşa Şehit Kamil Balkan Zemin Altı Otoparkı,BAYRAMPAŞA,41.0604,28.9008,235,0,235,KAPALI OTOPARK,1,10,24 Saat
2026-08-17T19:39:20.035916+00:00,2026-08-17T22:39:20.035916+03:00,2428,Bayrampaşa Yenidoğan Mahallesi Zemin Altı Otoparkı,BAYRAMPAŞA,41.0395,28.9088,120,0,120,KAPALI OTOPARK,1,10,24 Saat
2026-08-17T19:39:20.035916+00:00,2026-08-17T22:39:20.035916+03:00,2468,Bebek Açık,BEŞİKTAŞ,41.077,29.0434,30,0,30,AÇIK OTOPARK,1,0,24 Saat
2026-08-17T19:39:20.035916+00:00,2026-08-17T22:39:20.035916+03:00,3479,Beşiktaş Halk Pazarı Açık Otoparkı,BEŞİKTAŞ,41.0496,29.0004,170,89,81,AÇIK OTOPARK,1,5,24 Saat
2026-08-17T19:39:20.035916+00:00,2026-08-17T22:39:20.035916+03:00,3257,Beykoz Sahil Cep Otoparkı,BEYKOZ,41.1286,29.0953,100,75,25,AÇIK OTOPARK,1,0,08:00-00:00
2026-08-17T19:39:20.035916+00:00,2026-08-17T22:39:20.035916+03:00,2273,Beykoz Sosyal Tesisleri,BEYKOZ,41.1143,29.0888,130,0,130,AÇIK OTOPARK,1,15,08:00-00:00
2026-08-17T19:39:20.035916+00:00,2026-08-17T22:39:20.035916+03:00,2999,Beyoğlu Gazhane Bostan Sokak 2,BEYOĞLU,41.0389,28.9903,35,1,34,YOL ÜSTÜ,0,0,07:30-16:30
2026-08-17T19:39:20.035916+00:00,2026-08-17T22:39:20.035916+03:00,3072,Beyoğlu Örnektepe Zemin Altı Otoparkı,BEYOĞLU,41.0543,28.9548,143,0,143,KAPALI OTOPARK,1,0,24 Saat
2026-08-17T19:39:20.035916+00:00,2026-08-17T22:39:20.035916+03:00,1455,Bostancı Açık,KADIKÖY,40.9523,29.0902,394,109,285,AÇIK OTOPARK,1,15,24 Saat
2026-08-17T19:39:20.035916+00:00,2026-08-17T22:39:20.035916+03:00,1456,Bostancı Sahil-Cep Açık Otoparkı,KADIKÖY,40.9545,29.0885,192,140,52,AÇIK OTOPARK,1,15,24 Saat
2026-08-17T19:39:20.035916+00:00,2026-08-17T22:39:20.035916+03:00,2150,Bostancı Vergi Dairesi Açık Otoparkı,ATAŞEHİR,40.9625,29.1083,155,0,155,AÇIK OTOPARK,0,5,08:00-20:00
2026-08-17T19:39:20.035916+00:00,2026-08-17T22:39:20.035916+03:00,2854,Bülent Ecevit Kültür Merkezi Açık Otoparkı,KARTAL,40.8852,29.1967,277,265,12,AÇIK OTOPARK,0,0,10:00-21:00
2026-08-17T19:39:20.035916+00:00,2026-08-17T22:39:20.035916+03:00,2866,Büyük İstanbul Otogarı,BAYRAMPAŞA,41.0402,28.8942,1000,0,1000,AÇIK OTOPARK,1,25,24 Saat
2026-08-17T19:39:20.035916+00:00,2026-08-17T22:39:20.035916+03:00,1192,Büyükçamlıca Korusu Sosyal Tesisleri Önü,ÜSKÜDAR,41.0264,29.0698,204,112,92,AÇIK OTOPARK,1,0,08:00-00:00
2026-08-17T19:39:20.035916+00:00,2026-08-17T22:39:20.035916+03:00,2960,Büyükçekmece Metrobüs Durağı Yanı PD Zemin Altı Otopark,BÜYÜKÇEKMECE,41.0221,28.624,448,28,420,KAPALI OTOPARK,1,0,24 Saat
2026-08-17T19:39:20.035916+00:00,2026-08-17T22:39:20.035916+03:00,1503,Cadde Bostan Açık Otoparkı,KADIKÖY,40.9636,29.0675,66,18,48,AÇIK OTOPARK,1,15,24 Saat
2026-08-17T19:39:20.035916+00:00,2026-08-17T22:39:20.035916+03:00,2933,Cemal Kamacı Spor Kompleksi Zemin Altı Otoparkı,KAĞITHANE,41.0536,28.9575,510,0,510,KAPALI OTOPARK,1,0,24 Saat
2026-08-17T19:39:20.035916+00:00,2026-08-17T22:39:20.035916+03:00,2207,Cengiz Topel Yer Altı Katlı Otoparkı,ESENLER,41.0588,28.8643,144,0,144,KAPALI OTOPARK,1,15,24 Saat
2026-08-17T19:39:20.035916+00:00,2026-08-17T22:39:20.035916+03:00,2787,Cevizli Açık Otoparkı,KARTAL,40.9179,29.1712,100,87,13,AÇIK OTOPARK,0,15,08:00-19:00
2026-08-17T19:39:20.035916+00:00,2026-08-17T22:39:20.035916+03:00,782,Cihangir Caddesi 2,BEYOĞLU,41.0319,28.9862,70,1,69,YOL ÜSTÜ,0,15,09:00-19:00
2026-08-17T19:39:20.035916+00:00,2026-08-17T22:39:20.035916+03:00,1467,Cihangir Katlı Otoparkı,BEYOĞLU,41.0318,28.9858,350,0,350,KAPALI OTOPARK,1,0,24 Saat
2026-08-17T19:39:20.035916+00:00,2026-08-17T22:39:20.035916+03:00,535,Cihannuma Yol Üstü 1,BEŞİKTAŞ,41.0454,29.0084,35,1,34,YOL ÜSTÜ,1,0,08:00-23:00
2026-08-17T19:39:20.035916+00:00,2026-08-17T22:39:20.035916+03:00,537,Cihannuma Yol Üstü 3,BEŞİKTAŞ,41.0459,29.0087,33,1,32,YOL ÜSTÜ,1,0,08:00-23:00
2026-08-17T19:39:20.035916+00:00,2026-08-17T22:39:20.035916+03:00,539,Cihannuma Yol Üstü 5,BEŞİKTAŞ,41.0489,29.0094,24,1,23,YOL ÜSTÜ,1,0,08:00-23:00
2026-08-17T19:39:20.035916+00:00,2026-08-17T22:39:20.035916+03:00,3184,Çam Sokak 6,GÜNGÖREN,41.0121,28.8882,50,1,49,YOL ÜSTÜ,0,15,08:00-17:00
2026-08-17T19:39:20.035916+00:00,2026-08-17T22:39:20.035916+03:00,3030,Çekmeköy Metro PD Zemin Altı Otoparkı,ÇEKMEKÖY,41.0147,29.1886,175,48,127,KAPALI OTOPARK,1,15,24 Saat
2026-08-17T19:39:20.035916+00:00,2026-08-17T22:39:20.035916+03:00,2905,Çeliktepe Açık Otoparkı,KAĞITHANE,41.0843,29.0056,200,84,116,AÇIK OTOPARK,1,5,24 Saat
2026-08-17T19:39:20.035916+00:00,2026-08-17T22:39:20.035916+03:00,1298,Çengelköy Açık Otoparkı,ÜSKÜDAR,41.0484,29.0533,500,94,406,AÇIK OTOPARK,1,15,24 Saat
2026-08-17T19:39:20.035916+00:00,2026-08-17T22:39:20.035916+03:00,502,Çınar Açık Otoparkı,BEŞİKTAŞ,41.0853,29.0088,65,1,64,AÇIK OTOPARK,0,0,08:00-18:00
2026-08-17T19:39:20.035916+00:00,2026-08-17T22:39:20.035916+03:00,777,Çırağan Sarayı Yol Üstü 1,BEŞİKTAŞ,41.0448,29.0165,40,1,39,YOL ÜSTÜ,1,15,08:00-23:00
2026-08-17T19:39:20.035916+00:00,2026-08-17T22:39:20.035916+03:00,778,Çırağan Sarayı Yol Üstü 2,BEŞİKTAŞ,41.0445,29.0156,40,1,39,YOL ÜSTÜ,1,15,08:00-23:00
2026-08-17T19:39:20.035916+00:00,2026-08-17T22:39:20.035916+03:00,2228,Çırpıcı Sosyal Tesisler,ZEYTİNBURNU,41,28.8926,128,0,128,AÇIK OTOPARK,1,15,07:00-00:00
2026-08-17T19:39:20.035916+00:00,2026-08-17T22:39:20.035916+03:00,2030,Dalyan Açık Otoparkı,KADIKÖY,40.9632,29.0651,92,17,75,AÇIK OTOPARK,1,15,24 Saat
2026-08-17T19:39:20.035916+00:00,2026-08-17T22:39:20.035916+03:00,2271,Damla Sokak 1,ŞİŞLİ,41.0672,29.0004,17,1,16,YOL ÜSTÜ,0,15,07:30-16:30
2026-08-17T19:39:20.035916+00:00,2026-08-17T22:39:20.035916+03:00,2164,Darüşşafaka Yeraltı Otoparkı,SARIYER,41.1292,29.0252,150,144,6,KAPALI OTOPARK,1,15,08:00-00:00
2026-08-17T19:39:20.035916+00:00,2026-08-17T22:39:20.035916+03:00,1653,Deniz Feneri Otoparkı,FATİH,41.0019,28.9773,175,84,91,AÇIK OTOPARK,1,5,24 Saat
2026-08-17T19:39:20.035916+00:00,2026-08-17T22:39:20.035916+03:00,595,Dostluk Yurdu 1,FATİH,41.0071,28.973,33,33,0,YOL ÜSTÜ,0,15,07:00-17:00
2026-08-17T19:39:20.035916+00:00,2026-08-17T22:39:20.035916+03:00,2237,Dragos Sosyal Tesisleri,KARTAL,40.9017,29.1458,100,25,75,AÇIK OTOPARK,1,15,24 Saat
2026-08-17T19:39:20.035916+00:00,2026-08-17T22:39:20.035916+03:00,3063,Dudullu Metro PD Zemin Altı Otoparkı,ÜMRANİYE,41.0156,29.1633,81,58,23,KAPALI OTOPARK,1,15,07:00-23:30
2026-08-17T19:39:20.035916+00:00,2026-08-17T22:39:20.035916+03:00,1522,Ebu Suut Caddesi 1,FATİH,41.0128,28.9766,35,1,34,YOL ÜSTÜ,0,0,08:00-18:00
2026-08-17T19:39:20.035916+00:00,2026-08-17T22:39:20.035916+03:00,2147,EGS Blokları Açık Otoparkı,BAKIRKÖY,40.9863,28.8354,350,63,287,AÇIK OTOPARK,0,60,09:00-19:30
2026-08-17T19:39:20.035916+00:00,2026-08-17T22:39:20.035916+03:00,2366,Esenler Adem Baştürk Kültür Merkezi Katlı,ESENLER,41.039,28.8846,460,0,460,KAPALI OTOPARK,1,15,24 Saat
2026-08-17T19:39:20.035916+00:00,2026-08-17T22:39:20.035916+03:00,3190,Esenler Havaalanı Mahallesi Zemin Altı Otoparkı,ESENLER,41.0562,28.8674,610,329,281,KAPALI OTOPARK,1,10,24 Saat
2026-08-17T19:39:20.035916+00:00,2026-08-17T22:39:20.035916+03:00,3011,Esenler Menderes Metro İstasyonu Yanı,ESENLER,41.0427,28.8783,68,6,62,AÇIK OTOPARK,1,5,24 Saat
2026-08-17T19:39:20.035916+00:00,2026-08-17T22:39:20.035916+03:00,2822,Esenler Menderes Parkı Zemin Altı Otoparkı,ESENLER,41.0412,28.8729,325,21,304,KAPALI OTOPARK,1,10,24 Saat
2026-08-17T19:39:20.035916+00:00,2026-08-17T22:39:20.035916+03:00,3303,Esenyurt Adile Naşit Bulvarı Zeminaltı Otoparkı,ESENYURT,41.0205,28.6859,367,282,85,KAPALI OTOPARK,1,15,24 Saat
2026-08-17T19:39:20.035916+00:00,2026-08-17T22:39:20.035916+03:00,1328,Eski Salı Pazarı,KADIKÖY,40.9904,29.0338,760,0,760,AÇIK OTOPARK,1,15,24 Saat
2026-08-17T19:39:20.035916+00:00,2026-08-17T22:39:20.035916+03:00,904,Eyüp Pierloti Caddesi 1,EYÜP,41.0539,28.9329,40,1,39,YOL ÜSTÜ,0,0,09:00-22:00
2026-08-17T19:39:20.035916+00:00,2026-08-17T22:39:20.035916+03:00,2850,Eyüpsultan Akşemsettin Mahallesi Zemin Altı Otoparkı,EYÜP,41.085,28.9258,110,0,110,KAPALI OTOPARK,1,15,24 Saat
2026-08-17T19:39:20.035916+00:00,2026-08-17T22:39:20.035916+03:00,2215,Fatih Çeşmesi Tabiat Parkı Otoparkı,SARIYER,41.1686,28.9448,250,243,7,AÇIK OTOPARK,0,0,06:00-20:00
2026-08-17T19:39:20.035916+00:00,2026-08-17T22:39:20.035916+03:00,1475,Fatih Katlı Otoparkı,FATİH,41.0198,28.9396,118,28,90,KAPALI OTOPARK,1,10,24 Saat
2026-08-17T19:39:20.035916+00:00,2026-08-17T22:39:20.035916+03:00,1591,Feshane PD Açık Otoparkı,EYÜP,41.0463,28.9378,200,104,96,AÇIK OTOPARK,1,15,24 Saat
2026-08-17T19:39:20.035916+00:00,2026-08-17T22:39:20.035916+03:00,1005,Florya Havuzlu Bahçe,BAKIRKÖY,40.9764,28.7908,135,1,134,AÇIK OTOPARK,1,0,09:00-23:00
2026-08-17T19:39:20.035916+00:00,2026-08-17T22:39:20.035916+03:00,2238,Florya Sosyal Tesisleri,BAKIRKÖY,40.9614,28.8091,1074,747,327,AÇIK OTOPARK,1,15,24 Saat
2026-08-17T19:39:20.035916+00:00,2026-08-17T22:39:20.035916+03:00,1704,Gazi Umur Paşa Sokak 5,BEŞİKTAŞ,41.0589,29.0114,45,1,44,YOL ÜSTÜ,0,15,08:00-17:00
2026-08-17T19:39:20.035916+00:00,2026-08-17T22:39:20.035916+03:00,3296,Gaziosmanpaşa Meydanı ve Yaşam Merkezi Zemin Altı Otoparkı,GAZİOSMANPAŞA,41.0606,28.9093,202,0,202,KAPALI OTOPARK,1,15,24 Saat
2026-08-17T19:39:20.035916+00:00,2026-08-17T22:39:20.035916+03:00,2971,Gaziosmanpaşa Zemin Altı Otoparkı,GAZİOSMANPAŞA,41.0796,28.8858,285,0,285,KAPALI OTOPARK,1,0,24 Saat
2026-08-17T19:39:20.035916+00:00,2026-08-17T22:39:20.035916+03:00,3401,Giyimkent Tekstilkent Metro Zemin Altı PD Otoparkı,ESENLER,41.0711,28.8666,203,181,22,KAPALI OTOPARK,1,10,24 Saat
2026-08-17T19:39:20.035916+00:00,2026-08-17T22:39:20.035916+03:00,2242,Gözdağı Sosyal Tesisler  Açık Otoparkı,PENDİK,40.893,29.2538,300,216,84,AÇIK OTOPARK,1,0,07:00-23:00
2026-08-17T19:39:20.035916+00:00,2026-08-17T22:39:20.035916+03:00,1879,Gülsuyu Metro PD Yer Altı Otoparkı,MALTEPE,40.9237,29.1548,76,0,76,KAPALI OTOPARK,1,15,08:00-00:00
2026-08-17T19:39:20.035916+00:00,2026-08-17T22:39:20.035916+03:00,1423,Güneş Plajı 1,BAKIRKÖY,40.9712,28.79,250,149,101,AÇIK OTOPARK,1,10,24 Saat
2026-08-17T19:39:20.035916+00:00,2026-08-17T22:39:20.035916+03:00,1461,Güneş Plajı 2,BAKIRKÖY,40.9692,28.7951,135,85,50,AÇIK OTOPARK,0,10,08:00-20:00
2026-08-17T19:39:20.035916+00:00,2026-08-17T22:39:20.035916+03:00,3053,Güngören Nikah Dairesi Zemin Altı otoparkı,GÜNGÖREN,41.0363,28.8718,147,0,147,KAPALI OTOPARK,1,10,24 Saat
2026-08-17T19:39:20.035916+00:00,2026-08-17T22:39:20.035916+03:00,2216,Gürpınar Balık Hali Otoparkı,BEYLİKDÜZÜ,40.9663,28.6019,1000,775,225,AÇIK OTOPARK,1,15,24 Saat
2026-08-17T19:39:20.035916+00:00,2026-08-17T22:39:20.035916+03:00,1525,Hacıosman Metro Yer Altı Otoparkı,SARIYER,41.14,29.0306,422,264,158,KAPALI OTOPARK,1,15,24 Saat
2026-08-17T19:39:20.035916+00:00,2026-08-17T22:39:20.035916+03:00,1470,Haldun Alagaş Katlı Otoparkı,ÜMRANİYE,41.0262,29.1052,197,100,97,KAPALI OTOPARK,1,15,24 Saat
2026-08-17T19:39:20.035916+00:00,2026-08-17T22:39:20.035916+03:00,3235,Haliç Sosyal Tesisleri Otoparkı,FATİH,41.0277,28.9572,60,31,29,AÇIK OTOPARK,1,15,07:00-00:00
2026-08-17T19:39:20.035916+00:00,2026-08-17T22:39:20.035916+03:00,2848,Halkalı Mahallesi Zemin Altı Otoparkı,KÜÇÜKÇEKMECE,41.0359,28.7848,347,266,81,KAPALI OTOPARK,1,15,24 Saat
2026-08-17T19:39:20.035916+00:00,2026-08-17T22:39:20.035916+03:00,2838,Hamidiye Mahallesi Katlı Otoparkı,KAĞITHANE,41.0949,28.971,450,181,269,KAPALI OTOPARK,1,15,24 Saat
2026-08-17T19:39:20.035916+00:00,2026-08-17T22:39:20.035916+03:00,1446,Harbiye Zemin Altı Otoparkı,BEYOĞLU,41.0408,28.9869,142,65,77,KAPALI OTOPARK,1,5,24 Saat
2026-08-17T19:39:20.035916+00:00,2026-08-17T22:39:20.035916+03:00,2332,Haydarpaşa Katlı Otoparkı,ÜSKÜDAR,41.0048,29.0251,840,740,100,KAPALI OTOPARK,1,15,24 Saat
2026-08-17T19:39:20.035916+00:00,2026-08-17T22:39:20.035916+03:00,1987,Haznedar Yer Altı Otoparkı,GÜNGÖREN,41.0083,28.8729,540,0,540,KAPALI OTOPARK,1,0,24 Saat
2026-08-17T19:39:20.035916+00:00,2026-08-17T22:39:20.035916+03:00,377,Hızır Külhani Sokak,FATİH,41.0202,28.9605,32,1,31,YOL ÜSTÜ,0,15,09:00-17:00
2026-08-17T19:39:20.035916+00:00,2026-08-17T22:39:20.035916+03:00,3173,Hürriyet Mahallesi Zeminaltı Otoparkı,GAZİOSMANPAŞA,41.0708,28.8951,190,0,190,KAPALI OTOPARK,1,15,24 Saat
2026-08-17T19:39:20.035916+00:00,2026-08-17T22:39:20.035916+03:00,157,Ihlamur Dere Caddesi 4,BEŞİKTAŞ,41.047,29.0023,27,1,26,YOL ÜSTÜ,0,15,09:00-17:00
2026-08-17T19:39:20.035916+00:00,2026-08-17T22:39:20.035916+03:00,1189,İçerenköy Sebze Meyve Hali Otoparkı,ATAŞEHİR,40.9766,29.1044,600,600,0,AÇIK OTOPARK,1,15,24 Saat
2026-08-17T19:39:20.035916+00:00,2026-08-17T22:39:20.035916+03:00,1127,İshakpaşa Caddesi,FATİH,41.0079,28.9814,200,1,199,YOL ÜSTÜ,0,0,08:00-18:00
2026-08-17T19:39:20.035916+00:00,2026-08-17T22:39:20.035916+03:00,3265,İspark İstanbul West Marina Açık Otoparkı 1,BEYLİKDÜZÜ,40.9636,28.6564,250,1,249,AÇIK OTOPARK,1,15,24 Saat
2026-08-17T19:39:20.035916+00:00,2026-08-17T22:39:20.035916+03:00,2793,İspark Merter Katlı Otoparkı,GÜNGÖREN,41.0097,28.89,900,479,421,KAPALI OTOPARK,1,10,24 Saat
2026-08-17T19:39:20.035916+00:00,2026-08-17T22:39:20.035916+03:00,2430,İspark West İstanbul Marina Açık Otoparkı,BEYLİKDÜZÜ,40.9639,28.6591,1600,877,723,AÇIK OTOPARK,1,15,24 Saat
2026-08-17T19:39:20.035916+00:00,2026-08-17T22:39:20.035916+03:00,381,İstinye 4 ( Cami Önü ),SARIYER,41.1149,29.0571,25,1,24,YOL ÜSTÜ,0,15,08:30-17:30
2026-08-17T19:39:20.035916+00:00,2026-08-17T22:39:20.035916+03:00,1804,İtalyan Hastanesi Karşısı Açık Otoparkı 1,BEYOĞLU,41.028,28.9815,30,1,29,AÇIK OTOPARK,0,0,08:00-19:00
2026-08-17T19:39:20.035916+00:00,2026-08-17T22:39:20.035916+03:00,507,Kabasakal Medrese Önü,FATİH,41.0062,28.9789,65,1,64,AÇIK OTOPARK,0,0,08:00-18:30
2026-08-17T19:39:20.035916+00:00,2026-08-17T22:39:20.035916+03:00,3306,Kabataş Transfer Merkezi Turizm Otobüs Otoparkı,BEYOĞLU,41.0336,28.9923,160,69,91,KAPALI OTOPARK,1,20,24 Saat
2026-08-17T19:39:20.035916+00:00,2026-08-17T22:39:20.035916+03:00,2918,Kadıköy Hasanpaşa Gazhane Katlı Otoparkı,KADIKÖY,40.9972,29.0428,310,183,127,KAPALI OTOPARK,1,15,24 Saat
2026-08-17T19:39:20.035916+00:00,2026-08-17T22:39:20.035916+03:00,1447,Kadıköy İski Açık Otoparkı,KADIKÖY,40.9874,29.0207,124,59,65,AÇIK OTOPARK,1,15,24 Saat
2026-08-17T19:39:20.035916+00:00,2026-08-17T22:39:20.035916+03:00,1655,Kadıköy Metro Açık Otoparkı,KADIKÖY,40.9899,29.0217,74,17,57,AÇIK OTOPARK,1,15,24 Saat
2026-08-17T19:39:20.035916+00:00,2026-08-17T22:39:20.035916+03:00,3445,Kadıköy Uzunçayır PD Açık Otoparkı,KADIKÖY,40.9982,29.0569,70,40,30,AÇIK OTOPARK,0,15,06:30-16:30
2026-08-17T19:39:20.035916+00:00,2026-08-17T22:39:20.035916+03:00,2808,Kadıköy Yeni Salı Pazarı PD Katlı Otoparkı,KADIKÖY,40.9969,29.0486,1350,670,680,KAPALI OTOPARK,1,15,24 Saat
2026-08-17T19:39:20.035916+00:00,2026-08-17T22:39:20.035916+03:00,2811,Kağıthane Harmantepe Zemin Altı Otoparkı,KAĞITHANE,41.0816,28.9907,200,0,200,KAPALI OTOPARK,1,0,24 Saat
2026-08-17T19:39:20.035916+00:00,2026-08-17T22:39:20.035916+03:00,1452,Kalamış Açık Otoparkı,KADIKÖY,40.9687,29.0363,173,69,104,AÇIK OTOPARK,1,15,24 Saat
2026-08-17T19:39:20.035916+00:00,2026-08-17T22:39:20.035916+03:00,1474,Kartal Hasan Doğan Spor Kompleksi,KARTAL,40.8918,29.1897,773,0,773,KAPALI OTOPARK,1,15,24 Saat
2026-08-17T19:39:20.035916+00:00,2026-08-17T22:39:20.035916+03:00,1105,Kartal İdo Açık Otoparkı,KARTAL,40.8874,29.1881,90,0,90,AÇIK OTOPARK,1,15,24 Saat
2026-08-17T19:39:20.035916+00:00,2026-08-17T22:39:20.035916+03:00,1550,Kartal Sahil Açık Otoparkı,KARTAL,40.8875,29.1901,75,60,15,AÇIK OTOPARK,1,5,24 Saat
2026-08-17T19:39:20.035916+00:00,2026-08-17T22:39:20.035916+03:00,3434,Kasımpaşa Sosyal Tesisler Otoparkı,BEYOĞLU,41.0296,28.9673,60,37,23,AÇIK OTOPARK,1,0,07:30-23:00
2026-08-17T19:39:20.035916+00:00,2026-08-17T22:39:20.035916+03:00,1960,Kazlıçeşme Marmaray Açık Otoparkı,ZEYTİNBURNU,40.9922,28.917,700,645,55,AÇIK OTOPARK,1,15,24 Saat
2026-08-17T19:39:20.035916+00:00,2026-08-17T22:39:20.035916+03:00,2994,Kirazlı Metro Durağı PD Açık Otoparkı,BAĞCILAR,41.033,28.8429,112,0,112,AÇIK OTOPARK,1,5,24 Saat
2026-08-17T19:39:20.035916+00:00,2026-08-17T22:39:20.035916+03:00,1528,Kore Şehitleri Caddesi - Yüzbaşı Kaya Aldağon Sokak 1,ŞİŞLİ,41.0719,29.0139,40,1,39,YOL ÜSTÜ,0,15,07:00-16:00
2026-08-17T19:39:20.035916+00:00,2026-08-17T22:39:20.035916+03:00,2449,Kozyatağı Sebze-Meyve Hali,ATAŞEHİR,40.9787,29.1029,1500,1500,0,AÇIK OTOPARK,1,0,24 Saat
2026-08-17T19:39:20.035916+00:00,2026-08-17T22:39:20.035916+03:00,1206,Kutlugün Sokak 2,FATİH,41.0061,28.9801,200,1,199,YOL ÜSTÜ,0,0,08:00-18:00
2026-08-17T19:39:20.035916+00:00,2026-08-17T22:39:20.035916+03:00,3074,Küçük Çamlıca,ÜSKÜDAR,41.0204,29.0653,129,104,25,AÇIK OTOPARK,0,0,08:00-22:00
2026-08-17T19:39:20.035916+00:00,2026-08-17T22:39:20.035916+03:00,3127,Küçükçekmece Cennet Mahallesi Meydan Zemin Altı Otoparkı,KÜÇÜKÇEKMECE,40.9907,28.783,456,0,456,KAPALI OTOPARK,1,10,24 Saat
2026-08-17T19:39:20.035916+00:00,2026-08-17T22:39:20.035916+03:00,2554,Küçükçekmece Fevzi Çakmak Meydanı Zemin Altı Otoparkı,KÜÇÜKÇEKMECE,41.0076,28.7927,1000,485,515,KAPALI OTOPARK,1,10,24 Saat
2026-08-17T19:39:20.035916+00:00,2026-08-17T22:39:20.035916+03:00,2882,Küçüksu Kasrı Açık Otoparkı,BEYKOZ,41.0789,29.0657,98,93,5,AÇIK OTOPARK,1,0,07:00-23:00
2026-08-17T19:39:20.035916+00:00,2026-08-17T22:39:20.035916+03:00,220,Levent Hamidiye,BEŞİKTAŞ,41.0861,29.0076,100,1,99,AÇIK OTOPARK,0,0,08:00-19:00
2026-08-17T19:39:20.035916+00:00,2026-08-17T22:39:20.035916+03:00,1138,Levent Metro Yer Altı Otoparkı,BEŞİKTAŞ,41.0811,29.0105,100,100,0,AÇIK OTOPARK,0,5,07:30-19:30
2026-08-17T19:39:20.035916+00:00,2026-08-17T22:39:20.035916+03:00,2335,Maçka Açık Otoparkı,ŞİŞLİ,41.046,28.9908,75,72,3,AÇIK OTOPARK,1,0,24 Saat
2026-08-17T19:39:20.035916+00:00,2026-08-17T22:39:20.035916+03:00,1859,Maçka Katlı Otoparkı,ŞİŞLİ,41.0484,28.9903,508,73,435,KAPALI OTOPARK,1,0,24 Saat
2026-08-17T19:39:20.035916+00:00,2026-08-17T22:39:20.035916+03:00,3193,Maltepe Rıhtım Caddesi Açık Otoparkı,MALTEPE,40.9258,29.1241,76,8,68,AÇIK OTOPARK,1,0,24 Saat
2026-08-17T19:39:20.035916+00:00,2026-08-17T22:39:20.035916+03:00,2146,Maltepe Süreyyapaşa Çarşısı Açık Otoparkı,MALTEPE,40.9274,29.1225,156,20,136,AÇIK OTOPARK,1,0,24 Saat
2026-08-17T19:39:20.035916+00:00,2026-08-17T22:39:20.035916+03:00,1599,Maslak Açık Otoparkı,SARIYER,41.1166,29.024,150,132,18,AÇIK OTOPARK,1,10,24 Saat
2026-08-17T19:39:20.035916+00:00,2026-08-17T22:39:20.035916+03:00,2100,Matbaacılar Sitesi Yanı,ZEYTİNBURNU,41.0234,28.9187,250,215,35,AÇIK OTOPARK,1,5,24 Saat
2026-08-17T19:39:20.035916+00:00,2026-08-17T22:39:20.035916+03:00,920,Meclis-i Mebusan Yokuşu 2,BEYOĞLU,41.0326,28.9882,34,1,33,YOL ÜSTÜ,0,15,09:00-17:00
2026-08-17T19:39:20.035916+00:00,2026-08-17T22:39:20.035916+03:00,1546,Menekşe Plajı Açık Otoparkı,BAKIRKÖY,40.9761,28.7766,200,200,0,AÇIK OTOPARK,1,0,24 Saat
2026-08-17T19:39:20.035916+00:00,2026-08-17T22:39:20.035916+03:00,1376,Mercan Açık,FATİH,41.0136,28.9669,130,126,4,AÇIK OTOPARK,1,0,08:00-23:00
2026-08-17T19:39:20.035916+00:00,2026-08-17T22:39:20.035916+03:00,3309,Mercan Ali Paşa Sarayı Zemin Altı Otoparkı,FATİH,41.0136,28.967,196,1,195,KAPALI OTOPARK,0,0,07:00-21:00
2026-08-17T19:39:20.035916+00:00,2026-08-17T22:39:20.035916+03:00,1472,Merter Katlı Otoparkı,GÜNGÖREN,41.0092,28.8874,1000,901,99,KAPALI OTOPARK,1,10,24 Saat
2026-08-17T19:39:20.035916+00:00,2026-08-17T22:39:20.035916+03:00,2375,Merter Metro PD Zeminaltı Otoparkı,GÜNGÖREN,41.0037,28.8897,242,88,154,KAPALI OTOPARK,1,10,24 Saat
2026-08-17T19:39:20.035916+00:00,2026-08-17T22:39:20.035916+03:00,1568,Mete Caddesi 1,BEYOĞLU,41.0382,28.9879,31,1,30,YOL ÜSTÜ,1,15,08:00-23:00
2026-08-17T19:39:20.035916+00:00,2026-08-17T22:39:20.035916+03:00,1471,Mevlana Yeraltı Katlı Otoparkı,ZEYTİNBURNU,41.0072,28.9049,1000,858,142,KAPALI OTOPARK,1,5,24 Saat
2026-08-17T19:39:20.035916+00:00,2026-08-17T22:39:20.035916+03:00,2709,Millet Caddesi Açık Otoparkı,FATİH,41.01,28.9461,60,1,59,AÇIK OTOPARK,1,15,24 Saat
2026-08-17T19:39:20.035916+00:00,2026-08-17T22:39:20.035916+03:00,3152,Mimar Sinan Zemin Altı Otoparkı,ÜSKÜDAR,41.0222,29.0169,956,0,956,KAPALI OTOPARK,1,15,24 Saat
2026-08-17T19:39:20.035916+00:00,2026-08-17T22:39:20.035916+03:00,2870,Miniatürk Çadır Açık Otoparkı,BEYOĞLU,41.0594,28.9501,250,211,39,AÇIK OTOPARK,0,15,07:00-20:00
2026-08-17T19:39:20.035916+00:00,2026-08-17T22:39:20.035916+03:00,2556,Muallim Naci Açık Otoparkı,BEŞİKTAŞ,41.0561,29.0342,35,22,13,AÇIK OTOPARK,1,15,24 Saat
2026-08-17T19:39:20.035916+00:00,2026-08-17T22:39:20.035916+03:00,569,Oda Kule Önü 1,BEYOĞLU,41.0322,28.9751,24,1,23,YOL ÜSTÜ,1,0,07:00-01:00
2026-08-17T19:39:20.035916+00:00,2026-08-17T22:39:20.035916+03:00,1988,Orhangazi Şehir Parkı PD Açık Otoparkı,MALTEPE,40.9313,29.1161,5022,3945,1077,AÇIK OTOPARK,1,15,24 Saat
2026-08-17T19:39:20.035916+00:00,2026-08-17T22:39:20.035916+03:00,152,Ortabahçe Caddesi 2,BEŞİKTAŞ,41.0428,29.0043,35,1,34,YOL ÜSTÜ,1,15,08:00-23:00
2026-08-17T19:39:20.035916+00:00,2026-08-17T22:39:20.035916+03:00,153,Ortabahçe Caddesi 3,BEŞİKTAŞ,41.043,29.0042,26,1,25,YOL ÜSTÜ,1,15,08:00-23:00
2026-08-17T19:39:20.035916+00:00,2026-08-17T22:39:20.035916+03:00,119,Ortaklar Caddesi 1,ŞİŞLİ,41.0638,28.9971,25,1,24,YOL ÜSTÜ,0,15,08:30-17:00
2026-08-17T19:39:20.035916+00:00,2026-08-17T22:39:20.035916+03:00,1343,Ortaköy Açık Otoparkı,BEŞİKTAŞ,41.0504,29.0326,170,145,25,AÇIK OTOPARK,1,0,24 Saat
2026-08-17T19:39:20.035916+00:00,2026-08-17T22:39:20.035916+03:00,572,Ortaköy Portakal Yokuşu 1,BEŞİKTAŞ,41.0503,29.0261,15,1,14,YOL ÜSTÜ,0,15,09:00-19:00
2026-08-17T19:39:20.035916+00:00,2026-08-17T22:39:20.035916+03:00,1039,Öğretmen Evi,AVCILAR,40.9723,28.714,80,42,38,AÇIK OTOPARK,1,0,11:00-23:00
2026-08-17T19:39:20.035916+00:00,2026-08-17T22:39:20.035916+03:00,1466,Pendik Katlı Otoparkı,PENDİK,40.8789,29.2342,120,0,120,KAPALI OTOPARK,1,15,24 Saat
2026-08-17T19:39:20.035916+00:00,2026-08-17T22:39:20.035916+03:00,3073,Pendik Kemal Kalkuz Parkı Zemin Altı Otoparkı,PENDİK,40.8885,29.2427,224,0,224,KAPALI OTOPARK,0,0,09:00-18:00
2026-08-17T19:39:20.035916+00:00,2026-08-17T22:39:20.035916+03:00,3019,Pendik Meydan Zemin Altı Otoparkı,PENDİK,40.8752,29.2324,937,0,937,KAPALI OTOPARK,1,0,24 Saat
2026-08-17T19:39:20.035916+00:00,2026-08-17T22:39:20.035916+03:00,2865,Pendik Sahil Engelliler Merkez Önü,PENDİK,40.8735,29.233,100,66,34,AÇIK OTOPARK,0,0,11:00-20:00
2026-08-17T19:39:20.035916+00:00,2026-08-17T22:39:20.035916+03:00,2434,Pendik Sahil İdo,PENDİK,40.8755,29.2369,100,0,100,AÇIK OTOPARK,1,0,07:00-23:00
2026-08-17T19:39:20.035916+00:00,2026-08-17T22:39:20.035916+03:00,248,Pendik Yenimahalle Açık 2 Otoparkı,PENDİK,40.864,29.2723,124,96,28,AÇIK OTOPARK,0,15,10:00-22:00
2026-08-17T19:39:20.035916+00:00,2026-08-17T22:39:20.035916+03:00,297,Perşembe Pazarı 1,BEYOĞLU,41.0252,28.9693,32,1,31,YOL ÜSTÜ,0,15,08:00-17:00
2026-08-17T19:39:20.035916+00:00,2026-08-17T22:39:20.035916+03:00,597,Pierre Loti Caddesi 3,FATİH,41.0069,28.9711,36,1,35,YOL ÜSTÜ,0,0,07:00-17:00
2026-08-17T19:39:20.035916+00:00,2026-08-17T22:39:20.035916+03:00,3263,Piyalepaşa Meydanı Zemin Altı Otoparkı,BEYOĞLU,41.0445,28.9674,560,237,323,KAPALI OTOPARK,1,0,24 Saat
2026-08-17T19:39:20.035916+00:00,2026-08-17T22:39:20.035916+03:00,1900,Ragıp Gümüşpala Cad.(Sobacılar Önü),FATİH,41.0181,28.969,40,1,39,YOL ÜSTÜ,0,15,07:00-18:00
2026-08-17T19:39:20.035916+00:00,2026-08-17T22:39:20.035916+03:00,415,Ragıp Gümüşpala Camii Önü 1,FATİH,41.0211,28.9627,35,1,34,YOL ÜSTÜ,0,0,07:00-17:30
2026-08-17T19:39:20.035916+00:00,2026-08-17T22:39:20.035916+03:00,3268,Refik Saydam Caddesi 3,BEYOĞLU,41.032,28.9736,55,1,54,YOL ÜSTÜ,1,0,06:00-23:00
2026-08-17T19:39:20.035916+00:00,2026-08-17T22:39:20.035916+03:00,2307,Ressam Halim Sokak PD Açık Otoparkı,BAHÇELİEVLER,40.9967,28.8641,120,110,10,AÇIK OTOPARK,1,15,08:00-00:00
2026-08-17T19:39:20.035916+00:00,2026-08-17T22:39:20.035916+03:00,3082,Rumeli Hisarı Sahil Yolu Otoparkı,SARIYER,41.0854,29.0568,20,0,20,AÇIK OTOPARK,1,0,24 Saat
2026-08-17T19:39:20.035916+00:00,2026-08-17T22:39:20.035916+03:00,1595,Sabiha Gökçen Açık Otoparkı,PENDİK,40.925,29.308,1056,251,805,AÇIK OTOPARK,1,15,24 Saat
2026-08-17T19:39:20.035916+00:00,2026-08-17T22:39:20.035916+03:00,3239,Samatya Sahil Cep Otoparkı,FATİH,40.9954,28.932,113,83,30,AÇIK OTOPARK,1,15,24 Saat
2026-08-17T19:39:20.035916+00:00,2026-08-17T22:39:20.035916+03:00,3273,Sarıyer Büyükdere Fidanlığı,SARIYER,41.1548,29.0268,160,155,5,AÇIK OTOPARK,0,0,08:00-18:00
2026-08-17T19:39:20.035916+00:00,2026-08-17T22:39:20.035916+03:00,3299,Sariyer Ayazağa Mah Vadi İstanbul Önü Açık Otoparkı,SARIYER,41.1106,28.9881,100,96,4,AÇIK OTOPARK,0,0,08:00-20:00
2026-08-17T19:39:20.035916+00:00,2026-08-17T22:39:20.035916+03:00,1303,Seyrantepe Katlı (Arena Karşısı) 1,KAĞITHANE,41.101,28.9961,1897,1894,3,KAPALI OTOPARK,1,0,24 Saat
2026-08-17T19:39:20.035916+00:00,2026-08-17T22:39:20.035916+03:00,1628,Sıracevizler Caddesi Yol Üstü 5,ŞİŞLİ,41.0607,28.9841,45,1,44,YOL ÜSTÜ,0,15,09:00-17:00
2026-08-17T19:39:20.035916+00:00,2026-08-17T22:39:20.035916+03:00,464,Sirkeci Gar Önü,FATİH,41.015,28.9761,60,1,59,AÇIK OTOPARK,0,5,07:00-20:00
2026-08-17T19:39:20.035916+00:00,2026-08-17T22:39:20.035916+03:00,1486,Siyavuşpaşa Yer Altı Otoparkı,BAHÇELİEVLER,40.9965,28.8532,155,0,155,KAPALI OTOPARK,1,0,24 Saat
2026-08-17T19:39:20.035916+00:00,2026-08-17T22:39:20.035916+03:00,1958,Soğanlık Metro PD Açık Otoparkı,KARTAL,40.9131,29.1925,898,875,23,AÇIK OTOPARK,1,15,24 Saat
2026-08-17T19:39:20.035916+00:00,2026-08-17T22:39:20.035916+03:00,589,Su Terazisi Sokak,FATİH,41.0046,28.9727,22,1,21,YOL ÜSTÜ,0,0,07:30-17:00
2026-08-17T19:39:20.035916+00:00,2026-08-17T22:39:20.035916+03:00,1478,Suadiye Cep Açık Otoparkı,KADIKÖY,40.9586,29.0732,130,81,49,AÇIK OTOPARK,1,15,24 Saat
2026-08-17T19:39:20.035916+00:00,2026-08-17T22:39:20.035916+03:00,2948,Suadiye Sahil Açık Otoparkı,KADIKÖY,40.9562,29.0797,70,22,48,AÇIK OTOPARK,1,5,24 Saat
2026-08-17T19:39:20.035916+00:00,2026-08-17T22:39:20.035916+03:00,2799,Sultanbeyli Emir Caddesi Zemin Altı Otoparkı,SULTANBEYLİ,40.9707,29.2606,130,120,10,KAPALI OTOPARK,0,15,08:00-22:00
2026-08-17T19:39:20.035916+00:00,2026-08-17T22:39:20.035916+03:00,2372,Sultanbeyli Kent Meydanı Zemin Altı Otoparkı,SULTANBEYLİ,40.9667,29.2667,300,193,107,KAPALI OTOPARK,1,15,24 Saat
2026-08-17T19:39:20.035916+00:00,2026-08-17T22:39:20.035916+03:00,2410,Sultangazi Zemin Altı Otoparkı,SULTANGAZİ,41.0944,28.8649,104,0,104,KAPALI OTOPARK,1,10,24 Saat
2026-08-17T19:39:20.035916+00:00,2026-08-17T22:39:20.035916+03:00,2085,Süleyman Seba Caddesi 2,BEŞİKTAŞ,41.0426,28.9998,40,1,39,YOL ÜSTÜ,0,15,08:00-18:00
2026-08-17T19:39:20.035916+00:00,2026-08-17T22:39:20.035916+03:00,2088,Süleyman Seba Caddesi 5,BEŞİKTAŞ,41.0432,28.9978,40,1,39,YOL ÜSTÜ,0,15,08:00-18:00
2026-08-17T19:39:20.035916+00:00,2026-08-17T22:39:20.035916+03:00,2089,Süleyman Seba Caddesi 6,BEŞİKTAŞ,41.0435,28.9967,11,1,10,YOL ÜSTÜ,0,15,08:00-18:00
2026-08-17T19:39:20.035916+00:00,2026-08-17T22:39:20.035916+03:00,2391,Süleymaniye Cami Altı Açık Otoparkı,FATİH,41.0158,28.961,250,234,16,AÇIK OTOPARK,0,0,06:30-18:30
2026-08-17T19:39:20.035916+00:00,2026-08-17T22:39:20.035916+03:00,1730,Sütlüce Miniatürk Yanı,BEYOĞLU,41.057,28.95,320,221,99,AÇIK OTOPARK,1,15,24 Saat
2026-08-17T19:39:20.035916+00:00,2026-08-17T22:39:20.035916+03:00,36,Şakayık Sokak 4,ŞİŞLİ,41.0518,28.9936,50,1,49,YOL ÜSTÜ,0,15,08:00-16:00
2026-08-17T19:39:20.035916+00:00,2026-08-17T22:39:20.035916+03:00,1469,Şehit Volkan Duysak Katlı Otoparkı,ZEYTİNBURNU,40.9968,28.9039,1000,679,321,KAPALI OTOPARK,1,5,24 Saat
2026-08-17T19:39:20.035916+00:00,2026-08-17T22:39:20.035916+03:00,2385,Şehremini Açık Otoparkı 1,FATİH,41.0135,28.9333,60,1,59,AÇIK OTOPARK,0,0,08:30-20:30
2026-08-17T19:39:20.035916+00:00,2026-08-17T22:39:20.035916+03:00,2855,Şemsipaşa Açık Otoparkı,ÜSKÜDAR,41.0255,29.0097,80,41,39,AÇIK OTOPARK,1,0,24 Saat
2026-08-17T19:39:20.035916+00:00,2026-08-17T22:39:20.035916+03:00,2439,Şirinevler Meydan Zeminaltı Otoparkı,BAHÇELİEVLER,40.9925,28.8496,367,85,282,KAPALI OTOPARK,1,0,24 Saat
2026-08-17T19:39:20.035916+00:00,2026-08-17T22:39:20.035916+03:00,3400,Şişhane Refik Saydam Caddesi 2 Yol Üstü Otoparkı 1,BEYOĞLU,41.0326,28.9743,70,1,69,YOL ÜSTÜ,1,15,06:00-23:00
2026-08-17T19:39:20.035916+00:00,2026-08-17T22:39:20.035916+03:00,3441,Şişli Kuştepe Zemin Altı Otoparkı,ŞİŞLİ,41.072,28.9919,430,296,134,KAPALI OTOPARK,1,15,24 Saat
2026-08-17T19:39:20.035916+00:00,2026-08-17T22:39:20.035916+03:00,2816,Şişli Rumeli Caddesi Metro Yanı 1,ŞİŞLİ,41.0538,28.9868,45,1,44,YOL ÜSTÜ,0,15,08:00-20:00
2026-08-17T19:39:20.035916+00:00,2026-08-17T22:39:20.035916+03:00,2406,Şişli Zemin Altı Otoparkı,ŞİŞLİ,41.0641,28.9992,581,415,166,KAPALI OTOPARK,1,15,24 Saat
2026-08-17T19:39:20.035916+00:00,2026-08-17T22:39:20.035916+03:00,1993,Tuzla İdo,TUZLA,40.8149,29.3039,300,122,178,AÇIK OTOPARK,1,15,24 Saat
2026-08-17T19:39:20.035916+00:00,2026-08-17T22:39:20.035916+03:00,3332,Tuzla Sahil Cep,TUZLA,40.8168,29.2992,50,39,11,AÇIK OTOPARK,1,0,08:00-00:00
2026-08-17T19:39:20.035916+00:00,2026-08-17T22:39:20.035916+03:00,3057,Tuzla Sahil Zemin Altı Otoparkı,TUZLA,40.8181,29.3004,779,1,778,KAPALI OTOPARK,1,15,24 Saat
2026-08-17T19:39:20.035916+00:00,2026-08-17T22:39:20.035916+03:00,1811,Ulu Camii Açık Otoparkı,BAHÇELİEVLER,40.9982,28.8499,150,116,34,AÇIK OTOPARK,1,10,24 Saat
2026-08-17T19:39:20.035916+00:00,2026-08-17T22:39:20.035916+03:00,2424,Uzunçayır Açık Otoparkı,KADIKÖY,40.9988,29.0556,58,51,7,AÇIK OTOPARK,0,0,06:00-16:00
2026-08-17T19:39:20.035916+00:00,2026-08-17T22:39:20.035916+03:00,1468,Ümraniye Katlı Otoparkı,ÜMRANİYE,41.0261,29.0953,665,562,103,KAPALI OTOPARK,1,15,24 Saat
2026-08-17T19:39:20.035916+00:00,2026-08-17T22:39:20.035916+03:00,2898,Ümraniye Okan Sokak Zeminaltı Otoparkı,ÜMRANİYE,41.0284,29.0907,125,26,99,KAPALI OTOPARK,1,15,24 Saat
2026-08-17T19:39:20.035916+00:00,2026-08-17T22:39:20.035916+03:00,2345,Üsküdar Uzunçayır PD Açık Otoparkı,ÜSKÜDAR,40.9988,29.0577,90,85,5,AÇIK OTOPARK,0,15,06:00-22:00
2026-08-17T19:39:20.035916+00:00,2026-08-17T22:39:20.035916+03:00,1929,Üsküdar Ünalan Açık Otoparkı,ÜSKÜDAR,40.9979,29.0604,180,175,5,AÇIK OTOPARK,0,0,07:00-17:00
2026-08-17T19:39:20.035916+00:00,2026-08-17T22:39:20.035916+03:00,1487,Vatan Caddesi PD Açık Otoparkı,FATİH,41.0157,28.9405,397,347,50,AÇIK OTOPARK,1,5,24 Saat
2026-08-17T19:39:20.035916+00:00,2026-08-17T22:39:20.035916+03:00,2441,Yalı Açık Otoparkı,MALTEPE,40.9095,29.137,85,82,3,AÇIK OTOPARK,0,0,07:30-22:00
2026-08-17T19:39:20.035916+00:00,2026-08-17T22:39:20.035916+03:00,459,Yalı Köşkü Caddesi 1,FATİH,41.0163,28.9759,61,1,60,YOL ÜSTÜ,0,5,07:00-21:00
2026-08-17T19:39:20.035916+00:00,2026-08-17T22:39:20.035916+03:00,2037,Yenikapı Marmaray Büyük Otoparkı,FATİH,41.0057,28.9505,324,243,81,AÇIK OTOPARK,1,15,24 Saat
2026-08-17T19:39:20.035916+00:00,2026-08-17T22:39:20.035916+03:00,2036,Yenikapı Marmaray Küçük Otoparkı,FATİH,41.0064,28.9504,200,200,0,AÇIK OTOPARK,0,15,07:00-22:00
2026-08-17T19:39:20.035916+00:00,2026-08-17T22:39:20.035916+03:00,2175,Yenikapı Spor ve Kültür Merkezi PD Açık Otoparkı,FATİH,41.0006,28.9519,4023,3935,88,AÇIK OTOPARK,1,15,24 Saat
2026-08-17T19:39:20.035916+00:00,2026-08-17T22:39:20.035916+03:00,2805,Yenikapı Tünel Üstü Açık Otoparkı,FATİH,41.0029,28.9534,700,634,66,AÇIK OTOPARK,1,10,24 Saat
2026-08-17T19:39:20.035916+00:00,2026-08-17T22:39:20.035916+03:00,3404,Yenimahalle Metro Zemin Altı PD Otoparkı,GAZİOSMANPAŞA,41.0839,28.8926,114,94,20,KAPALI OTOPARK,1,15,24 Saat
2026-08-17T19:39:20.035916+00:00,2026-08-17T22:39:20.035916+03:00,2920,Yeşilce Zemin Altı Katlı Otoparkı,KAĞITHANE,41.0938,29.0017,676,0,676,KAPALI OTOPARK,1,0,24 Saat
2026-08-17T19:39:20.035916+00:00,2026-08-17T22:39:20.035916+03:00,987,Yeşilköy İstasyon Caddesi 1,BAKIRKÖY,40.962,28.825,40,1,39,YOL ÜSTÜ,0,15,09:00-17:30
2026-08-17T19:39:20.035916+00:00,2026-08-17T22:39:20.035916+03:00,974,Yeşilköy Marina 1,BAKIRKÖY,40.9576,28.8233,145,1,144,YOL ÜSTÜ,1,0,12:00-23:00
2026-08-17T19:39:20.035916+00:00,2026-08-17T22:39:20.035916+03:00,3406,Yeşilpınar Metro Zemin Altı PD Otoparkı,EYÜP,41.081,28.9204,269,181,88,KAPALI OTOPARK,1,15,24 Saat
2026-08-17T19:39:20.035916+00:00,2026-08-17T22:39:20.035916+03:00,315,Yeşilyurt Çarşı 1,BAKIRKÖY,40.9643,28.8379,50,1,49,YOL ÜSTÜ,0,15,09:00-17:30
2026-08-17T19:39:20.035916+00:00,2026-08-17T22:39:20.035916+03:00,1133,Yıldız Korusu,BEŞİKTAŞ,41.0514,29.0165,500,1,499,AÇIK OTOPARK,0,0,08:00-22:00
2026-08-17T19:39:20.035916+00:00,2026-08-17T22:39:20.035916+03:00,882,Zeytinburnu 58. Bulvar 2,ZEYTİNBURNU,40.9932,28.9039,48,1,47,YOL ÜSTÜ,0,15,09:00-18:00
2026-08-17T19:39:20.035916+00:00,2026-08-17T22:39:20.035916+03:00,3185,Zeytinburnu Sahil Cep Otoparkı,ZEYTİNBURNU,40.9798,28.8985,160,1,159,AÇIK OTOPARK,0,0,12:00-22:00
2026-08-17T20:00:52.423708+00:00,2026-08-17T23:00:52.423708+03:00,3068,15 Temmuz Şehitler Meydanı Zeminaltı Otoparkı,ÜMRANİYE,41.0246,29.0915,1029,631,398,KAPALI OTOPARK,1,15,24 Saat
2026-08-17T20:00:52.423708+00:00,2026-08-17T23:00:52.423708+03:00,2338,19 Mayıs Açık,ŞİŞLİ,41.0563,28.9941,65,0,65,AÇIK OTOPARK,1,0,24 Saat
2026-08-17T20:00:52.423708+00:00,2026-08-17T23:00:52.423708+03:00,1751,4.Levent PD Açık Otoparkı,KAĞITHANE,41.0836,29.0081,236,145,91,AÇIK OTOPARK,1,5,24 Saat
2026-08-17T20:00:52.423708+00:00,2026-08-17T23:00:52.423708+03:00,3328,4.Levent Servis ve Turizm Araçları Açık Otoparkı,ŞİŞLİ,41.0841,29.0054,300,149,151,AÇIK OTOPARK,1,15,24 Saat
2026-08-17T20:00:52.423708+00:00,2026-08-17T23:00:52.423708+03:00,3412,5. Levent Gaziosmanpaşa Adliyesi Yanı Açık Otoparkı,EYÜP,41.0927,28.9494,250,202,48,AÇIK OTOPARK,0,15,07:00-23:00
2026-08-17T20:00:52.423708+00:00,2026-08-17T23:00:52.423708+03:00,104,Abide-i Hürriyet Caddesi 5,ŞİŞLİ,41.0619,28.9876,40,1,39,YOL ÜSTÜ,0,15,08:00-17:00
2026-08-17T20:00:52.423708+00:00,2026-08-17T23:00:52.423708+03:00,2452,Acıbadem Açık Otoparkı,ÜSKÜDAR,41.0157,29.0574,100,86,14,AÇIK OTOPARK,0,0,06:30-16:00
2026-08-17T20:00:52.423708+00:00,2026-08-17T23:00:52.423708+03:00,346,Ada Karşısı Cep 2,BEŞİKTAŞ,41.072,29.045,30,1,29,YOL ÜSTÜ,0,15,08:00-23:00
2026-08-17T20:00:52.423708+00:00,2026-08-17T23:00:52.423708+03:00,1663,Akasyalı Sokak Tenis Kulubü Önü 2,BEŞİKTAŞ,41.0867,29.0109,45,1,44,YOL ÜSTÜ,0,15,08:30-17:30
2026-08-17T20:00:52.423708+00:00,2026-08-17T23:00:52.423708+03:00,828,Akdeniz Caddesi 4,FATİH,41.0175,28.9435,27,1,26,YOL ÜSTÜ,0,15,09:00-18:00
2026-08-17T20:00:52.423708+00:00,2026-08-17T23:00:52.423708+03:00,1913,Alibeyköy Cep Otogarı Açık Otoparkı,EYÜP,41.0879,28.9446,116,0,116,AÇIK OTOPARK,1,25,24 Saat
2026-08-17T20:00:52.423708+00:00,2026-08-17T23:00:52.423708+03:00,1912,Alibeyköy Cep Otogarı Otobüs Otoparkı,EYÜP,41.0875,28.9449,5000,1,4999,AÇIK OTOPARK,1,60,24 Saat
2026-08-17T20:00:52.423708+00:00,2026-08-17T23:00:52.423708+03:00,2562,Alibeyköy Yeşiltepe Zemin Altı Otoparkı,EYÜP,41.0797,28.938,159,55,104,KAPALI OTOPARK,1,15,24 Saat
2026-08-17T20:00:52.423708+00:00,2026-08-17T23:00:52.423708+03:00,3201,Altınboynuz Sosyal Tesisleri,EYÜP,41.058,28.9447,70,70,0,AÇIK OTOPARK,0,15,08:00-23:00
2026-08-17T20:00:52.423708+00:00,2026-08-17T23:00:52.423708+03:00,758,Arap Camii Açık Otoparkı,BEYOĞLU,41.0227,28.9723,30,1,29,AÇIK OTOPARK,0,0,09:00-17:00
2026-08-17T20:00:52.423708+00:00,2026-08-17T23:00:52.423708+03:00,1963,Aras Sokak 1,BÜYÜKÇEKMECE,41.0226,28.622,60,1,59,YOL ÜSTÜ,0,0,06:00-14:30
2026-08-17T20:00:52.423708+00:00,2026-08-17T23:00:52.423708+03:00,2802,Arnavutköy Zemin Altı Otoparkı,ARNAVUTKÖY,41.1838,28.7396,700,3,697,KAPALI OTOPARK,1,15,24 Saat
2026-08-17T20:00:52.423708+00:00,2026-08-17T23:00:52.423708+03:00,1797,Ataköy Atrium AVM,BAKIRKÖY,40.9881,28.8459,250,234,16,AÇIK OTOPARK,0,15,08:00-23:00
2026-08-17T20:00:52.423708+00:00,2026-08-17T23:00:52.423708+03:00,2824,Ataköy Metro Durağı Yanı PD Zemin Altı Otoparkı,BAKIRKÖY,40.9904,28.8456,150,89,61,KAPALI OTOPARK,1,0,24 Saat
2026-08-17T20:00:52.423708+00:00,2026-08-17T23:00:52.423708+03:00,359,Atatürk Bulvarı 1,FATİH,41.0112,28.9534,20,1,19,YOL ÜSTÜ,0,0,07:30-18:00
2026-08-17T20:00:52.423708+00:00,2026-08-17T23:00:52.423708+03:00,3087,Atatürk Kent Ormanı Otoparkı,SARIYER,41.136,29.0262,200,197,3,AÇIK OTOPARK,0,0,08:00-17:00
2026-08-17T20:00:52.423708+00:00,2026-08-17T23:00:52.423708+03:00,1088,Avcılar İdo,AVCILAR,40.9712,28.7185,270,261,9,AÇIK OTOPARK,1,0,13:00-07:00
2026-08-17T20:00:52.423708+00:00,2026-08-17T23:00:52.423708+03:00,2885,Azapkapı Haliç Metro Otoparkı,ŞİŞLİ,41.0245,28.9691,80,42,38,AÇIK OTOPARK,1,5,24 Saat
2026-08-17T20:00:52.423708+00:00,2026-08-17T23:00:52.423708+03:00,2455,Azerbaycan Dostluk Parkı Zemin Altı Otoparkı,BAĞCILAR,41.0444,28.854,400,156,244,KAPALI OTOPARK,1,10,24 Saat
2026-08-17T20:00:52.423708+00:00,2026-08-17T23:00:52.423708+03:00,2965,Bağcılar Çolakoğlu Zemin Altı Otoparkı,BAĞCILAR,41.0324,28.8345,106,0,106,KAPALI OTOPARK,1,5,24 Saat
2026-08-17T20:00:52.423708+00:00,2026-08-17T23:00:52.423708+03:00,2576,Bağcılar Demirkapı Zemin Altı Otoparkı,BAĞCILAR,41.0499,28.8327,343,144,199,KAPALI OTOPARK,1,5,24 Saat
2026-08-17T20:00:52.423708+00:00,2026-08-17T23:00:52.423708+03:00,3036,Bağcılar Devlet Hastanesi Yanı Zeminaltı Otoparkı,BAĞCILAR,41.0312,28.8696,1133,103,1030,KAPALI OTOPARK,1,15,24 Saat
2026-08-17T20:00:52.423708+00:00,2026-08-17T23:00:52.423708+03:00,3071,Bağcılar Emniyet Müdürlüğü Yanı Açık Otoparkı,BAĞCILAR,41.0353,28.8598,100,45,55,AÇIK OTOPARK,1,0,24 Saat
2026-08-17T20:00:52.423708+00:00,2026-08-17T23:00:52.423708+03:00,2873,Bağcılar Göztepe Zemin Altı,BAĞCILAR,41.0567,28.8355,120,0,120,KAPALI OTOPARK,1,5,24 Saat
2026-08-17T20:00:52.423708+00:00,2026-08-17T23:00:52.423708+03:00,3187,Bağcılar Hürriyet Mahallesi Zemin Altı Otoparkı,BAĞCILAR,41.0291,28.8333,355,0,355,KAPALI OTOPARK,1,10,24 Saat
2026-08-17T20:00:52.423708+00:00,2026-08-17T23:00:52.423708+03:00,2916,Bağcılar Kent Meydanı PD Zemin Altı Otoparkı,BAĞCILAR,41.0339,28.8556,1162,0,1162,KAPALI OTOPARK,1,0,24 Saat
2026-08-17T20:00:52.423708+00:00,2026-08-17T23:00:52.423708+03:00,3261,Bağcılar Yenimahalle Zemin Altı Otoparkı,BAĞCILAR,41.0425,28.8395,525,265,260,KAPALI OTOPARK,1,15,24 Saat
2026-08-17T20:00:52.423708+00:00,2026-08-17T23:00:52.423708+03:00,2820,Bağcılar Yıldıztepe Katlı Otoparkı,BAĞCILAR,41.0294,28.8556,350,0,350,KAPALI OTOPARK,1,10,24 Saat
2026-08-17T20:00:52.423708+00:00,2026-08-17T23:00:52.423708+03:00,3447,Bahçelievler 23 Nisan Milli Egemenlik Zeminaltı Otoparkı,BAHÇELİEVLER,40.9988,28.8472,732,424,308,KAPALI OTOPARK,1,10,24 Saat
2026-08-17T20:00:52.423708+00:00,2026-08-17T23:00:52.423708+03:00,2993,Bahçelievler Cumhuriyet Zeminaltı Otoparkı,BAHÇELİEVLER,41.0149,28.859,663,0,663,KAPALI OTOPARK,1,10,24 Saat
2026-08-17T20:00:52.423708+00:00,2026-08-17T23:00:52.423708+03:00,2969,Bahçelievler Devlet Hastanesi Yanı Katlı Otoparkı,BAHÇELİEVLER,41.0072,28.8442,740,0,740,KAPALI OTOPARK,1,0,24 Saat
2026-08-17T20:00:52.423708+00:00,2026-08-17T23:00:52.423708+03:00,3051,Bahçelievler Zafer Mh. Zeminaltı Otoparkı,BAHÇELİEVLER,41.0036,28.8351,200,62,138,KAPALI OTOPARK,1,0,24 Saat
2026-08-17T20:00:52.423708+00:00,2026-08-17T23:00:52.423708+03:00,3236,Bahçeşehir Gölet Açık Otoparkı,BAŞAKŞEHİR,41.0719,28.6901,200,1,199,AÇIK OTOPARK,0,0,12:00-22:00
2026-08-17T20:00:52.423708+00:00,2026-08-17T23:00:52.423708+03:00,1465,Bakırköy İdo Açık Otoparkı,BAKIRKÖY,40.9739,28.8761,160,115,45,AÇIK OTOPARK,1,10,24 Saat
2026-08-17T20:00:52.423708+00:00,2026-08-17T23:00:52.423708+03:00,1104,Balmumcu Katlı Otoparkı,BEŞİKTAŞ,41.0636,29.0109,400,319,81,KAPALI OTOPARK,1,5,24 Saat
2026-08-17T20:00:52.423708+00:00,2026-08-17T23:00:52.423708+03:00,2796,Başakşehir Metro Açık Otoparkı,BAŞAKŞEHİR,41.107,28.801,125,1,124,AÇIK OTOPARK,0,0,07:00-16:00
2026-08-17T20:00:52.423708+00:00,2026-08-17T23:00:52.423708+03:00,2350,Bayrampaşa Adapark Katlı Otoparkı,BAYRAMPAŞA,41.0647,28.8875,650,0,650,KAPALI OTOPARK,1,15,24 Saat
2026-08-17T20:00:52.423708+00:00,2026-08-17T23:00:52.423708+03:00,2892,Bayrampaşa Altıntepsi Zemin  Altı Otoparkı,BAYRAMPAŞA,41.0393,28.9029,110,0,110,KAPALI OTOPARK,1,10,24 Saat
2026-08-17T20:00:52.423708+00:00,2026-08-17T23:00:52.423708+03:00,2909,Bayrampaşa Atatürk Parkı  Zemin Altı Otoparkı,BAYRAMPAŞA,41.0342,28.9123,442,0,442,KAPALI OTOPARK,1,10,24 Saat
2026-08-17T20:00:52.423708+00:00,2026-08-17T23:00:52.423708+03:00,2683,Bayrampaşa Devlet Hastanesi Cep Otoparkı,BAYRAMPAŞA,41.0414,28.9031,55,25,30,AÇIK OTOPARK,0,0,08:00-19:00
2026-08-17T20:00:52.423708+00:00,2026-08-17T23:00:52.423708+03:00,3301,Bayrampaşa Kocatepe Mahallesi Zemin Altı Otoparkı,BAYRAMPAŞA,41.0545,28.8964,241,0,241,KAPALI OTOPARK,1,10,24 Saat
2026-08-17T20:00:52.423708+00:00,2026-08-17T23:00:52.423708+03:00,2053,Bayrampaşa Muratpaşa Yer Altı Otoparkı,BAYRAMPAŞA,41.047,28.9082,300,0,300,KAPALI OTOPARK,1,15,24 Saat
2026-08-17T20:00:52.423708+00:00,2026-08-17T23:00:52.423708+03:00,3175,Bayrampaşa Spor Kompleksi Zemin Altı Otoparkı,BAYRAMPAŞA,41.0446,28.9106,205,0,205,KAPALI OTOPARK,1,15,24 Saat
2026-08-17T20:00:52.423708+00:00,2026-08-17T23:00:52.423708+03:00,3382,Bayrampaşa Şehit Kamil Balkan Zemin Altı Otoparkı,BAYRAMPAŞA,41.0604,28.9008,235,0,235,KAPALI OTOPARK,1,10,24 Saat
2026-08-17T20:00:52.423708+00:00,2026-08-17T23:00:52.423708+03:00,2428,Bayrampaşa Yenidoğan Mahallesi Zemin Altı Otoparkı,BAYRAMPAŞA,41.0395,28.9088,120,0,120,KAPALI OTOPARK,1,10,24 Saat
2026-08-17T20:00:52.423708+00:00,2026-08-17T23:00:52.423708+03:00,2468,Bebek Açık,BEŞİKTAŞ,41.077,29.0434,30,0,30,AÇIK OTOPARK,1,0,24 Saat
2026-08-17T20:00:52.423708+00:00,2026-08-17T23:00:52.423708+03:00,3479,Beşiktaş Halk Pazarı Açık Otoparkı,BEŞİKTAŞ,41.0496,29.0004,170,90,80,AÇIK OTOPARK,1,5,24 Saat
2026-08-17T20:00:52.423708+00:00,2026-08-17T23:00:52.423708+03:00,3257,Beykoz Sahil Cep Otoparkı,BEYKOZ,41.1286,29.0953,100,75,25,AÇIK OTOPARK,1,0,08:00-00:00
2026-08-17T20:00:52.423708+00:00,2026-08-17T23:00:52.423708+03:00,2273,Beykoz Sosyal Tesisleri,BEYKOZ,41.1143,29.0888,130,0,130,AÇIK OTOPARK,1,15,08:00-00:00
2026-08-17T20:00:52.423708+00:00,2026-08-17T23:00:52.423708+03:00,2999,Beyoğlu Gazhane Bostan Sokak 2,BEYOĞLU,41.0389,28.9903,35,1,34,YOL ÜSTÜ,0,0,07:30-16:30
2026-08-17T20:00:52.423708+00:00,2026-08-17T23:00:52.423708+03:00,3072,Beyoğlu Örnektepe Zemin Altı Otoparkı,BEYOĞLU,41.0543,28.9548,143,0,143,KAPALI OTOPARK,1,0,24 Saat
2026-08-17T20:00:52.423708+00:00,2026-08-17T23:00:52.423708+03:00,1455,Bostancı Açık,KADIKÖY,40.9523,29.0902,394,105,289,AÇIK OTOPARK,1,15,24 Saat
2026-08-17T20:00:52.423708+00:00,2026-08-17T23:00:52.423708+03:00,1456,Bostancı Sahil-Cep Açık Otoparkı,KADIKÖY,40.9545,29.0885,192,142,50,AÇIK OTOPARK,1,15,24 Saat
2026-08-17T20:00:52.423708+00:00,2026-08-17T23:00:52.423708+03:00,2150,Bostancı Vergi Dairesi Açık Otoparkı,ATAŞEHİR,40.9625,29.1083,155,0,155,AÇIK OTOPARK,0,5,08:00-20:00
2026-08-17T20:00:52.423708+00:00,2026-08-17T23:00:52.423708+03:00,2854,Bülent Ecevit Kültür Merkezi Açık Otoparkı,KARTAL,40.8852,29.1967,277,265,12,AÇIK OTOPARK,0,0,10:00-21:00
2026-08-17T20:00:52.423708+00:00,2026-08-17T23:00:52.423708+03:00,2866,Büyük İstanbul Otogarı,BAYRAMPAŞA,41.0402,28.8942,1000,0,1000,AÇIK OTOPARK,1,25,24 Saat
2026-08-17T20:00:52.423708+00:00,2026-08-17T23:00:52.423708+03:00,1192,Büyükçamlıca Korusu Sosyal Tesisleri Önü,ÜSKÜDAR,41.0264,29.0698,204,112,92,AÇIK OTOPARK,1,0,08:00-00:00
2026-08-17T20:00:52.423708+00:00,2026-08-17T23:00:52.423708+03:00,2960,Büyükçekmece Metrobüs Durağı Yanı PD Zemin Altı Otopark,BÜYÜKÇEKMECE,41.0221,28.624,448,30,418,KAPALI OTOPARK,1,0,24 Saat
2026-08-17T20:00:52.423708+00:00,2026-08-17T23:00:52.423708+03:00,1503,Cadde Bostan Açık Otoparkı,KADIKÖY,40.9636,29.0675,66,26,40,AÇIK OTOPARK,1,15,24 Saat
2026-08-17T20:00:52.423708+00:00,2026-08-17T23:00:52.423708+03:00,2933,Cemal Kamacı Spor Kompleksi Zemin Altı Otoparkı,KAĞITHANE,41.0536,28.9575,510,0,510,KAPALI OTOPARK,1,0,24 Saat
2026-08-17T20:00:52.423708+00:00,2026-08-17T23:00:52.423708+03:00,2207,Cengiz Topel Yer Altı Katlı Otoparkı,ESENLER,41.0588,28.8643,144,0,144,KAPALI OTOPARK,1,15,24 Saat
2026-08-17T20:00:52.423708+00:00,2026-08-17T23:00:52.423708+03:00,2787,Cevizli Açık Otoparkı,KARTAL,40.9179,29.1712,100,87,13,AÇIK OTOPARK,0,15,08:00-19:00
2026-08-17T20:00:52.423708+00:00,2026-08-17T23:00:52.423708+03:00,782,Cihangir Caddesi 2,BEYOĞLU,41.0319,28.9862,70,1,69,YOL ÜSTÜ,0,15,09:00-19:00
2026-08-17T20:00:52.423708+00:00,2026-08-17T23:00:52.423708+03:00,1467,Cihangir Katlı Otoparkı,BEYOĞLU,41.0318,28.9858,350,0,350,KAPALI OTOPARK,1,0,24 Saat
2026-08-17T20:00:52.423708+00:00,2026-08-17T23:00:52.423708+03:00,535,Cihannuma Yol Üstü 1,BEŞİKTAŞ,41.0454,29.0084,35,1,34,YOL ÜSTÜ,0,0,08:00-23:00
2026-08-17T20:00:52.423708+00:00,2026-08-17T23:00:52.423708+03:00,537,Cihannuma Yol Üstü 3,BEŞİKTAŞ,41.0459,29.0087,33,1,32,YOL ÜSTÜ,0,0,08:00-23:00
2026-08-17T20:00:52.423708+00:00,2026-08-17T23:00:52.423708+03:00,539,Cihannuma Yol Üstü 5,BEŞİKTAŞ,41.0489,29.0094,24,1,23,YOL ÜSTÜ,0,0,08:00-23:00
2026-08-17T20:00:52.423708+00:00,2026-08-17T23:00:52.423708+03:00,3184,Çam Sokak 6,GÜNGÖREN,41.0121,28.8882,50,1,49,YOL ÜSTÜ,0,15,08:00-17:00
2026-08-17T20:00:52.423708+00:00,2026-08-17T23:00:52.423708+03:00,3030,Çekmeköy Metro PD Zemin Altı Otoparkı,ÇEKMEKÖY,41.0147,29.1886,175,48,127,KAPALI OTOPARK,1,15,24 Saat
2026-08-17T20:00:52.423708+00:00,2026-08-17T23:00:52.423708+03:00,2905,Çeliktepe Açık Otoparkı,KAĞITHANE,41.0843,29.0056,200,81,119,AÇIK OTOPARK,1,5,24 Saat
2026-08-17T20:00:52.423708+00:00,2026-08-17T23:00:52.423708+03:00,1298,Çengelköy Açık Otoparkı,ÜSKÜDAR,41.0484,29.0533,500,107,393,AÇIK OTOPARK,1,15,24 Saat
2026-08-17T20:00:52.423708+00:00,2026-08-17T23:00:52.423708+03:00,502,Çınar Açık Otoparkı,BEŞİKTAŞ,41.0853,29.0088,65,1,64,AÇIK OTOPARK,0,0,08:00-18:00
2026-08-17T20:00:52.423708+00:00,2026-08-17T23:00:52.423708+03:00,777,Çırağan Sarayı Yol Üstü 1,BEŞİKTAŞ,41.0448,29.0165,40,1,39,YOL ÜSTÜ,0,15,08:00-23:00
2026-08-17T20:00:52.423708+00:00,2026-08-17T23:00:52.423708+03:00,778,Çırağan Sarayı Yol Üstü 2,BEŞİKTAŞ,41.0445,29.0156,40,1,39,YOL ÜSTÜ,0,15,08:00-23:00
2026-08-17T20:00:52.423708+00:00,2026-08-17T23:00:52.423708+03:00,2228,Çırpıcı Sosyal Tesisler,ZEYTİNBURNU,41,28.8926,128,0,128,AÇIK OTOPARK,1,15,07:00-00:00
2026-08-17T20:00:52.423708+00:00,2026-08-17T23:00:52.423708+03:00,2030,Dalyan Açık Otoparkı,KADIKÖY,40.9632,29.0651,92,27,65,AÇIK OTOPARK,1,15,24 Saat
2026-08-17T20:00:52.423708+00:00,2026-08-17T23:00:52.423708+03:00,2271,Damla Sokak 1,ŞİŞLİ,41.0672,29.0004,17,1,16,YOL ÜSTÜ,0,15,07:30-16:30
2026-08-17T20:00:52.423708+00:00,2026-08-17T23:00:52.423708+03:00,2164,Darüşşafaka Yeraltı Otoparkı,SARIYER,41.1292,29.0252,150,145,5,KAPALI OTOPARK,1,15,08:00-00:00
2026-08-17T20:00:52.423708+00:00,2026-08-17T23:00:52.423708+03:00,1653,Deniz Feneri Otoparkı,FATİH,41.0019,28.9773,175,89,86,AÇIK OTOPARK,1,5,24 Saat
2026-08-17T20:00:52.423708+00:00,2026-08-17T23:00:52.423708+03:00,595,Dostluk Yurdu 1,FATİH,41.0071,28.973,33,33,0,YOL ÜSTÜ,0,15,07:00-17:00
2026-08-17T20:00:52.423708+00:00,2026-08-17T23:00:52.423708+03:00,2237,Dragos Sosyal Tesisleri,KARTAL,40.9017,29.1458,100,36,64,AÇIK OTOPARK,1,15,24 Saat
2026-08-17T20:00:52.423708+00:00,2026-08-17T23:00:52.423708+03:00,3063,Dudullu Metro PD Zemin Altı Otoparkı,ÜMRANİYE,41.0156,29.1633,81,58,23,KAPALI OTOPARK,1,15,07:00-23:30
2026-08-17T20:00:52.423708+00:00,2026-08-17T23:00:52.423708+03:00,1522,Ebu Suut Caddesi 1,FATİH,41.0128,28.9766,35,1,34,YOL ÜSTÜ,0,0,08:00-18:00
2026-08-17T20:00:52.423708+00:00,2026-08-17T23:00:52.423708+03:00,2147,EGS Blokları Açık Otoparkı,BAKIRKÖY,40.9863,28.8354,350,63,287,AÇIK OTOPARK,0,60,09:00-19:30
2026-08-17T20:00:52.423708+00:00,2026-08-17T23:00:52.423708+03:00,2366,Esenler Adem Baştürk Kültür Merkezi Katlı,ESENLER,41.039,28.8846,460,0,460,KAPALI OTOPARK,1,15,24 Saat
2026-08-17T20:00:52.423708+00:00,2026-08-17T23:00:52.423708+03:00,3190,Esenler Havaalanı Mahallesi Zemin Altı Otoparkı,ESENLER,41.0562,28.8674,610,325,285,KAPALI OTOPARK,1,10,24 Saat
2026-08-17T20:00:52.423708+00:00,2026-08-17T23:00:52.423708+03:00,3011,Esenler Menderes Metro İstasyonu Yanı,ESENLER,41.0427,28.8783,68,6,62,AÇIK OTOPARK,1,5,24 Saat
2026-08-17T20:00:52.423708+00:00,2026-08-17T23:00:52.423708+03:00,2822,Esenler Menderes Parkı Zemin Altı Otoparkı,ESENLER,41.0412,28.8729,325,19,306,KAPALI OTOPARK,1,10,24 Saat
2026-08-17T20:00:52.423708+00:00,2026-08-17T23:00:52.423708+03:00,3303,Esenyurt Adile Naşit Bulvarı Zeminaltı Otoparkı,ESENYURT,41.0205,28.6859,367,281,86,KAPALI OTOPARK,1,15,24 Saat
2026-08-17T20:00:52.423708+00:00,2026-08-17T23:00:52.423708+03:00,1328,Eski Salı Pazarı,KADIKÖY,40.9904,29.0338,760,0,760,AÇIK OTOPARK,1,15,24 Saat
2026-08-17T20:00:52.423708+00:00,2026-08-17T23:00:52.423708+03:00,904,Eyüp Pierloti Caddesi 1,EYÜP,41.0539,28.9329,40,1,39,YOL ÜSTÜ,0,0,09:00-22:00
2026-08-17T20:00:52.423708+00:00,2026-08-17T23:00:52.423708+03:00,2850,Eyüpsultan Akşemsettin Mahallesi Zemin Altı Otoparkı,EYÜP,41.085,28.9258,110,0,110,KAPALI OTOPARK,1,15,24 Saat
2026-08-17T20:00:52.423708+00:00,2026-08-17T23:00:52.423708+03:00,2215,Fatih Çeşmesi Tabiat Parkı Otoparkı,SARIYER,41.1686,28.9448,250,243,7,AÇIK OTOPARK,0,0,06:00-20:00
2026-08-17T20:00:52.423708+00:00,2026-08-17T23:00:52.423708+03:00,1475,Fatih Katlı Otoparkı,FATİH,41.0198,28.9396,118,27,91,KAPALI OTOPARK,1,10,24 Saat
2026-08-17T20:00:52.423708+00:00,2026-08-17T23:00:52.423708+03:00,1591,Feshane PD Açık Otoparkı,EYÜP,41.0463,28.9378,200,116,84,AÇIK OTOPARK,1,15,24 Saat
2026-08-17T20:00:52.423708+00:00,2026-08-17T23:00:52.423708+03:00,1005,Florya Havuzlu Bahçe,BAKIRKÖY,40.9764,28.7908,135,1,134,AÇIK OTOPARK,0,0,09:00-23:00
2026-08-17T20:00:52.423708+00:00,2026-08-17T23:00:52.423708+03:00,2238,Florya Sosyal Tesisleri,BAKIRKÖY,40.9614,28.8091,1074,819,255,AÇIK OTOPARK,1,15,24 Saat
2026-08-17T20:00:52.423708+00:00,2026-08-17T23:00:52.423708+03:00,1704,Gazi Umur Paşa Sokak 5,BEŞİKTAŞ,41.0589,29.0114,45,1,44,YOL ÜSTÜ,0,15,08:00-17:00
2026-08-17T20:00:52.423708+00:00,2026-08-17T23:00:52.423708+03:00,3296,Gaziosmanpaşa Meydanı ve Yaşam Merkezi Zemin Altı Otoparkı,GAZİOSMANPAŞA,41.0606,28.9093,202,0,202,KAPALI OTOPARK,1,15,24 Saat
2026-08-17T20:00:52.423708+00:00,2026-08-17T23:00:52.423708+03:00,2971,Gaziosmanpaşa Zemin Altı Otoparkı,GAZİOSMANPAŞA,41.0796,28.8858,285,0,285,KAPALI OTOPARK,1,0,24 Saat
2026-08-17T20:00:52.423708+00:00,2026-08-17T23:00:52.423708+03:00,3401,Giyimkent Tekstilkent Metro Zemin Altı PD Otoparkı,ESENLER,41.0711,28.8666,203,181,22,KAPALI OTOPARK,1,10,24 Saat
2026-08-17T20:00:52.423708+00:00,2026-08-17T23:00:52.423708+03:00,2242,Gözdağı Sosyal Tesisler  Açık Otoparkı,PENDİK,40.893,29.2538,300,216,84,AÇIK OTOPARK,0,0,07:00-23:00
2026-08-17T20:00:52.423708+00:00,2026-08-17T23:00:52.423708+03:00,1879,Gülsuyu Metro PD Yer Altı Otoparkı,MALTEPE,40.9237,29.1548,76,0,76,KAPALI OTOPARK,1,15,08:00-00:00
2026-08-17T20:00:52.423708+00:00,2026-08-17T23:00:52.423708+03:00,1423,Güneş Plajı 1,BAKIRKÖY,40.9712,28.79,250,167,83,AÇIK OTOPARK,1,10,24 Saat
2026-08-17T20:00:52.423708+00:00,2026-08-17T23:00:52.423708+03:00,1461,Güneş Plajı 2,BAKIRKÖY,40.9692,28.7951,135,86,49,AÇIK OTOPARK,0,10,08:00-20:00
2026-08-17T20:00:52.423708+00:00,2026-08-17T23:00:52.423708+03:00,3053,Güngören Nikah Dairesi Zemin Altı otoparkı,GÜNGÖREN,41.0363,28.8718,147,0,147,KAPALI OTOPARK,1,10,24 Saat
2026-08-17T20:00:52.423708+00:00,2026-08-17T23:00:52.423708+03:00,2216,Gürpınar Balık Hali Otoparkı,BEYLİKDÜZÜ,40.9663,28.6019,1000,774,226,AÇIK OTOPARK,1,15,24 Saat
2026-08-17T20:00:52.423708+00:00,2026-08-17T23:00:52.423708+03:00,1525,Hacıosman Metro Yer Altı Otoparkı,SARIYER,41.14,29.0306,422,274,148,KAPALI OTOPARK,1,15,24 Saat
2026-08-17T20:00:52.423708+00:00,2026-08-17T23:00:52.423708+03:00,1470,Haldun Alagaş Katlı Otoparkı,ÜMRANİYE,41.0262,29.1052,197,98,99,KAPALI OTOPARK,1,15,24 Saat
2026-08-17T20:00:52.423708+00:00,2026-08-17T23:00:52.423708+03:00,3235,Haliç Sosyal Tesisleri Otoparkı,FATİH,41.0277,28.9572,60,35,25,AÇIK OTOPARK,1,15,07:00-00:00
2026-08-17T20:00:52.423708+00:00,2026-08-17T23:00:52.423708+03:00,2848,Halkalı Mahallesi Zemin Altı Otoparkı,KÜÇÜKÇEKMECE,41.0359,28.7848,347,266,81,KAPALI OTOPARK,1,15,24 Saat
2026-08-17T20:00:52.423708+00:00,2026-08-17T23:00:52.423708+03:00,2838,Hamidiye Mahallesi Katlı Otoparkı,KAĞITHANE,41.0949,28.971,450,182,268,KAPALI OTOPARK,1,15,24 Saat
2026-08-17T20:00:52.423708+00:00,2026-08-17T23:00:52.423708+03:00,1446,Harbiye Zemin Altı Otoparkı,BEYOĞLU,41.0408,28.9869,142,65,77,KAPALI OTOPARK,1,5,24 Saat
2026-08-17T20:00:52.423708+00:00,2026-08-17T23:00:52.423708+03:00,2332,Haydarpaşa Katlı Otoparkı,ÜSKÜDAR,41.0048,29.0251,840,741,99,KAPALI OTOPARK,1,15,24 Saat
2026-08-17T20:00:52.423708+00:00,2026-08-17T23:00:52.423708+03:00,1987,Haznedar Yer Altı Otoparkı,GÜNGÖREN,41.0083,28.8729,540,0,540,KAPALI OTOPARK,1,0,24 Saat
2026-08-17T20:00:52.423708+00:00,2026-08-17T23:00:52.423708+03:00,377,Hızır Külhani Sokak,FATİH,41.0202,28.9605,32,1,31,YOL ÜSTÜ,0,15,09:00-17:00
2026-08-17T20:00:52.423708+00:00,2026-08-17T23:00:52.423708+03:00,3173,Hürriyet Mahallesi Zeminaltı Otoparkı,GAZİOSMANPAŞA,41.0708,28.8951,190,0,190,KAPALI OTOPARK,1,15,24 Saat
2026-08-17T20:00:52.423708+00:00,2026-08-17T23:00:52.423708+03:00,157,Ihlamur Dere Caddesi 4,BEŞİKTAŞ,41.047,29.0023,27,1,26,YOL ÜSTÜ,0,15,09:00-17:00
2026-08-17T20:00:52.423708+00:00,2026-08-17T23:00:52.423708+03:00,1189,İçerenköy Sebze Meyve Hali Otoparkı,ATAŞEHİR,40.9766,29.1044,600,600,0,AÇIK OTOPARK,1,15,24 Saat
2026-08-17T20:00:52.423708+00:00,2026-08-17T23:00:52.423708+03:00,1127,İshakpaşa Caddesi,FATİH,41.0079,28.9814,200,1,199,YOL ÜSTÜ,0,0,08:00-18:00
2026-08-17T20:00:52.423708+00:00,2026-08-17T23:00:52.423708+03:00,3265,İspark İstanbul West Marina Açık Otoparkı 1,BEYLİKDÜZÜ,40.9636,28.6564,250,1,249,AÇIK OTOPARK,1,15,24 Saat
2026-08-17T20:00:52.423708+00:00,2026-08-17T23:00:52.423708+03:00,2793,İspark Merter Katlı Otoparkı,GÜNGÖREN,41.0097,28.89,900,479,421,KAPALI OTOPARK,1,10,24 Saat
2026-08-17T20:00:52.423708+00:00,2026-08-17T23:00:52.423708+03:00,2430,İspark West İstanbul Marina Açık Otoparkı,BEYLİKDÜZÜ,40.9639,28.6591,1600,899,701,AÇIK OTOPARK,1,15,24 Saat
2026-08-17T20:00:52.423708+00:00,2026-08-17T23:00:52.423708+03:00,381,İstinye 4 ( Cami Önü ),SARIYER,41.1149,29.0571,25,1,24,YOL ÜSTÜ,0,15,08:30-17:30
2026-08-17T20:00:52.423708+00:00,2026-08-17T23:00:52.423708+03:00,1804,İtalyan Hastanesi Karşısı Açık Otoparkı 1,BEYOĞLU,41.028,28.9815,30,1,29,AÇIK OTOPARK,0,0,08:00-19:00
2026-08-17T20:00:52.423708+00:00,2026-08-17T23:00:52.423708+03:00,507,Kabasakal Medrese Önü,FATİH,41.0062,28.9789,65,1,64,AÇIK OTOPARK,0,0,08:00-18:30
2026-08-17T20:00:52.423708+00:00,2026-08-17T23:00:52.423708+03:00,3306,Kabataş Transfer Merkezi Turizm Otobüs Otoparkı,BEYOĞLU,41.0336,28.9923,160,79,81,KAPALI OTOPARK,1,20,24 Saat
2026-08-17T20:00:52.423708+00:00,2026-08-17T23:00:52.423708+03:00,2918,Kadıköy Hasanpaşa Gazhane Katlı Otoparkı,KADIKÖY,40.9972,29.0428,310,184,126,KAPALI OTOPARK,1,15,24 Saat
2026-08-17T20:00:52.423708+00:00,2026-08-17T23:00:52.423708+03:00,1447,Kadıköy İski Açık Otoparkı,KADIKÖY,40.9874,29.0207,124,67,57,AÇIK OTOPARK,1,15,24 Saat
2026-08-17T20:00:52.423708+00:00,2026-08-17T23:00:52.423708+03:00,1655,Kadıköy Metro Açık Otoparkı,KADIKÖY,40.9899,29.0217,74,28,46,AÇIK OTOPARK,1,15,24 Saat
2026-08-17T20:00:52.423708+00:00,2026-08-17T23:00:52.423708+03:00,3445,Kadıköy Uzunçayır PD Açık Otoparkı,KADIKÖY,40.9982,29.0569,70,40,30,AÇIK OTOPARK,0,15,06:30-16:30
2026-08-17T20:00:52.423708+00:00,2026-08-17T23:00:52.423708+03:00,2808,Kadıköy Yeni Salı Pazarı PD Katlı Otoparkı,KADIKÖY,40.9969,29.0486,1350,670,680,KAPALI OTOPARK,1,15,24 Saat
2026-08-17T20:00:52.423708+00:00,2026-08-17T23:00:52.423708+03:00,2811,Kağıthane Harmantepe Zemin Altı Otoparkı,KAĞITHANE,41.0816,28.9907,200,0,200,KAPALI OTOPARK,1,0,24 Saat
2026-08-17T20:00:52.423708+00:00,2026-08-17T23:00:52.423708+03:00,1452,Kalamış Açık Otoparkı,KADIKÖY,40.9687,29.0363,173,69,104,AÇIK OTOPARK,1,15,24 Saat
2026-08-17T20:00:52.423708+00:00,2026-08-17T23:00:52.423708+03:00,1474,Kartal Hasan Doğan Spor Kompleksi,KARTAL,40.8918,29.1897,773,0,773,KAPALI OTOPARK,1,15,24 Saat
2026-08-17T20:00:52.423708+00:00,2026-08-17T23:00:52.423708+03:00,1105,Kartal İdo Açık Otoparkı,KARTAL,40.8874,29.1881,90,0,90,AÇIK OTOPARK,1,15,24 Saat
2026-08-17T20:00:52.423708+00:00,2026-08-17T23:00:52.423708+03:00,1550,Kartal Sahil Açık Otoparkı,KARTAL,40.8875,29.1901,75,59,16,AÇIK OTOPARK,1,5,24 Saat
2026-08-17T20:00:52.423708+00:00,2026-08-17T23:00:52.423708+03:00,3434,Kasımpaşa Sosyal Tesisler Otoparkı,BEYOĞLU,41.0296,28.9673,60,37,23,AÇIK OTOPARK,0,0,07:30-23:00
2026-08-17T20:00:52.423708+00:00,2026-08-17T23:00:52.423708+03:00,1960,Kazlıçeşme Marmaray Açık Otoparkı,ZEYTİNBURNU,40.9922,28.917,700,648,52,AÇIK OTOPARK,1,15,24 Saat
2026-08-17T20:00:52.423708+00:00,2026-08-17T23:00:52.423708+03:00,2994,Kirazlı Metro Durağı PD Açık Otoparkı,BAĞCILAR,41.033,28.8429,112,0,112,AÇIK OTOPARK,1,5,24 Saat
2026-08-17T20:00:52.423708+00:00,2026-08-17T23:00:52.423708+03:00,1528,Kore Şehitleri Caddesi - Yüzbaşı Kaya Aldağon Sokak 1,ŞİŞLİ,41.0719,29.0139,40,1,39,YOL ÜSTÜ,0,15,07:00-16:00
2026-08-17T20:00:52.423708+00:00,2026-08-17T23:00:52.423708+03:00,2449,Kozyatağı Sebze-Meyve Hali,ATAŞEHİR,40.9787,29.1029,1500,1500,0,AÇIK OTOPARK,1,0,24 Saat
2026-08-17T20:00:52.423708+00:00,2026-08-17T23:00:52.423708+03:00,1206,Kutlugün Sokak 2,FATİH,41.0061,28.9801,200,1,199,YOL ÜSTÜ,0,0,08:00-18:00
2026-08-17T20:00:52.423708+00:00,2026-08-17T23:00:52.423708+03:00,3074,Küçük Çamlıca,ÜSKÜDAR,41.0204,29.0653,129,104,25,AÇIK OTOPARK,0,0,08:00-22:00
2026-08-17T20:00:52.423708+00:00,2026-08-17T23:00:52.423708+03:00,3127,Küçükçekmece Cennet Mahallesi Meydan Zemin Altı Otoparkı,KÜÇÜKÇEKMECE,40.9907,28.783,456,0,456,KAPALI OTOPARK,1,10,24 Saat
2026-08-17T20:00:52.423708+00:00,2026-08-17T23:00:52.423708+03:00,2554,Küçükçekmece Fevzi Çakmak Meydanı Zemin Altı Otoparkı,KÜÇÜKÇEKMECE,41.0076,28.7927,1000,480,520,KAPALI OTOPARK,1,10,24 Saat
2026-08-17T20:00:52.423708+00:00,2026-08-17T23:00:52.423708+03:00,2882,Küçüksu Kasrı Açık Otoparkı,BEYKOZ,41.0789,29.0657,98,93,5,AÇIK OTOPARK,0,0,07:00-23:00
2026-08-17T20:00:52.423708+00:00,2026-08-17T23:00:52.423708+03:00,220,Levent Hamidiye,BEŞİKTAŞ,41.0861,29.0076,100,1,99,AÇIK OTOPARK,0,0,08:00-19:00
2026-08-17T20:00:52.423708+00:00,2026-08-17T23:00:52.423708+03:00,1138,Levent Metro Yer Altı Otoparkı,BEŞİKTAŞ,41.0811,29.0105,100,100,0,AÇIK OTOPARK,0,5,07:30-19:30
2026-08-17T20:00:52.423708+00:00,2026-08-17T23:00:52.423708+03:00,2335,Maçka Açık Otoparkı,ŞİŞLİ,41.046,28.9908,75,71,4,AÇIK OTOPARK,1,0,24 Saat
2026-08-17T20:00:52.423708+00:00,2026-08-17T23:00:52.423708+03:00,1859,Maçka Katlı Otoparkı,ŞİŞLİ,41.0484,28.9903,508,92,416,KAPALI OTOPARK,1,0,24 Saat
2026-08-17T20:00:52.423708+00:00,2026-08-17T23:00:52.423708+03:00,3193,Maltepe Rıhtım Caddesi Açık Otoparkı,MALTEPE,40.9258,29.1241,76,16,60,AÇIK OTOPARK,1,0,24 Saat
2026-08-17T20:00:52.423708+00:00,2026-08-17T23:00:52.423708+03:00,2146,Maltepe Süreyyapaşa Çarşısı Açık Otoparkı,MALTEPE,40.9274,29.1225,156,44,112,AÇIK OTOPARK,1,0,24 Saat
2026-08-17T20:00:52.423708+00:00,2026-08-17T23:00:52.423708+03:00,1599,Maslak Açık Otoparkı,SARIYER,41.1166,29.024,150,133,17,AÇIK OTOPARK,1,10,24 Saat
2026-08-17T20:00:52.423708+00:00,2026-08-17T23:00:52.423708+03:00,2100,Matbaacılar Sitesi Yanı,ZEYTİNBURNU,41.0234,28.9187,250,218,32,AÇIK OTOPARK,1,5,24 Saat
2026-08-17T20:00:52.423708+00:00,2026-08-17T23:00:52.423708+03:00,920,Meclis-i Mebusan Yokuşu 2,BEYOĞLU,41.0326,28.9882,34,1,33,YOL ÜSTÜ,0,15,09:00-17:00
2026-08-17T20:00:52.423708+00:00,2026-08-17T23:00:52.423708+03:00,1546,Menekşe Plajı Açık Otoparkı,BAKIRKÖY,40.9761,28.7766,200,200,0,AÇIK OTOPARK,1,0,24 Saat
2026-08-17T20:00:52.423708+00:00,2026-08-17T23:00:52.423708+03:00,1376,Mercan Açık,FATİH,41.0136,28.9669,130,127,3,AÇIK OTOPARK,0,0,08:00-23:00
2026-08-17T20:00:52.423708+00:00,2026-08-17T23:00:52.423708+03:00,3309,Mercan Ali Paşa Sarayı Zemin Altı Otoparkı,FATİH,41.0136,28.967,196,1,195,KAPALI OTOPARK,0,0,07:00-21:00
2026-08-17T20:00:52.423708+00:00,2026-08-17T23:00:52.423708+03:00,1472,Merter Katlı Otoparkı,GÜNGÖREN,41.0092,28.8874,1000,901,99,KAPALI OTOPARK,1,10,24 Saat
2026-08-17T20:00:52.423708+00:00,2026-08-17T23:00:52.423708+03:00,2375,Merter Metro PD Zeminaltı Otoparkı,GÜNGÖREN,41.0037,28.8897,242,87,155,KAPALI OTOPARK,1,10,24 Saat
2026-08-17T20:00:52.423708+00:00,2026-08-17T23:00:52.423708+03:00,1568,Mete Caddesi 1,BEYOĞLU,41.0382,28.9879,31,1,30,YOL ÜSTÜ,0,15,08:00-23:00
2026-08-17T20:00:52.423708+00:00,2026-08-17T23:00:52.423708+03:00,1471,Mevlana Yeraltı Katlı Otoparkı,ZEYTİNBURNU,41.0072,28.9049,1000,857,143,KAPALI OTOPARK,1,5,24 Saat
2026-08-17T20:00:52.423708+00:00,2026-08-17T23:00:52.423708+03:00,2709,Millet Caddesi Açık Otoparkı,FATİH,41.01,28.9461,60,1,59,AÇIK OTOPARK,1,15,24 Saat
2026-08-17T20:00:52.423708+00:00,2026-08-17T23:00:52.423708+03:00,3152,Mimar Sinan Zemin Altı Otoparkı,ÜSKÜDAR,41.0222,29.0169,956,0,956,KAPALI OTOPARK,1,15,24 Saat
2026-08-17T20:00:52.423708+00:00,2026-08-17T23:00:52.423708+03:00,2870,Miniatürk Çadır Açık Otoparkı,BEYOĞLU,41.0594,28.9501,250,211,39,AÇIK OTOPARK,0,15,07:00-20:00
2026-08-17T20:00:52.423708+00:00,2026-08-17T23:00:52.423708+03:00,2556,Muallim Naci Açık Otoparkı,BEŞİKTAŞ,41.0561,29.0342,35,22,13,AÇIK OTOPARK,1,15,24 Saat
2026-08-17T20:00:52.423708+00:00,2026-08-17T23:00:52.423708+03:00,569,Oda Kule Önü 1,BEYOĞLU,41.0322,28.9751,24,1,23,YOL ÜSTÜ,1,0,07:00-01:00
2026-08-17T20:00:52.423708+00:00,2026-08-17T23:00:52.423708+03:00,1988,Orhangazi Şehir Parkı PD Açık Otoparkı,MALTEPE,40.9313,29.1161,5022,4089,933,AÇIK OTOPARK,1,15,24 Saat
2026-08-17T20:00:52.423708+00:00,2026-08-17T23:00:52.423708+03:00,152,Ortabahçe Caddesi 2,BEŞİKTAŞ,41.0428,29.0043,35,1,34,YOL ÜSTÜ,0,15,08:00-23:00
2026-08-17T20:00:52.423708+00:00,2026-08-17T23:00:52.423708+03:00,153,Ortabahçe Caddesi 3,BEŞİKTAŞ,41.043,29.0042,26,1,25,YOL ÜSTÜ,0,15,08:00-23:00
2026-08-17T20:00:52.423708+00:00,2026-08-17T23:00:52.423708+03:00,119,Ortaklar Caddesi 1,ŞİŞLİ,41.0638,28.9971,25,1,24,YOL ÜSTÜ,0,15,08:30-17:00
2026-08-17T20:00:52.423708+00:00,2026-08-17T23:00:52.423708+03:00,1343,Ortaköy Açık Otoparkı,BEŞİKTAŞ,41.0504,29.0326,170,144,26,AÇIK OTOPARK,1,0,24 Saat
2026-08-17T20:00:52.423708+00:00,2026-08-17T23:00:52.423708+03:00,572,Ortaköy Portakal Yokuşu 1,BEŞİKTAŞ,41.0503,29.0261,15,1,14,YOL ÜSTÜ,0,15,09:00-19:00
2026-08-17T20:00:52.423708+00:00,2026-08-17T23:00:52.423708+03:00,1039,Öğretmen Evi,AVCILAR,40.9723,28.714,80,42,38,AÇIK OTOPARK,0,0,11:00-23:00
2026-08-17T20:00:52.423708+00:00,2026-08-17T23:00:52.423708+03:00,1466,Pendik Katlı Otoparkı,PENDİK,40.8789,29.2342,120,0,120,KAPALI OTOPARK,1,15,24 Saat
2026-08-17T20:00:52.423708+00:00,2026-08-17T23:00:52.423708+03:00,3073,Pendik Kemal Kalkuz Parkı Zemin Altı Otoparkı,PENDİK,40.8885,29.2427,224,0,224,KAPALI OTOPARK,0,0,09:00-18:00
2026-08-17T20:00:52.423708+00:00,2026-08-17T23:00:52.423708+03:00,3019,Pendik Meydan Zemin Altı Otoparkı,PENDİK,40.8752,29.2324,937,0,937,KAPALI OTOPARK,1,0,24 Saat
2026-08-17T20:00:52.423708+00:00,2026-08-17T23:00:52.423708+03:00,2865,Pendik Sahil Engelliler Merkez Önü,PENDİK,40.8735,29.233,100,66,34,AÇIK OTOPARK,0,0,11:00-20:00
2026-08-17T20:00:52.423708+00:00,2026-08-17T23:00:52.423708+03:00,2434,Pendik Sahil İdo,PENDİK,40.8755,29.2369,100,0,100,AÇIK OTOPARK,0,0,07:00-23:00
2026-08-17T20:00:52.423708+00:00,2026-08-17T23:00:52.423708+03:00,248,Pendik Yenimahalle Açık 2 Otoparkı,PENDİK,40.864,29.2723,124,96,28,AÇIK OTOPARK,0,15,10:00-22:00
2026-08-17T20:00:52.423708+00:00,2026-08-17T23:00:52.423708+03:00,297,Perşembe Pazarı 1,BEYOĞLU,41.0252,28.9693,32,1,31,YOL ÜSTÜ,0,15,08:00-17:00
2026-08-17T20:00:52.423708+00:00,2026-08-17T23:00:52.423708+03:00,597,Pierre Loti Caddesi 3,FATİH,41.0069,28.9711,36,1,35,YOL ÜSTÜ,0,0,07:00-17:00
2026-08-17T20:00:52.423708+00:00,2026-08-17T23:00:52.423708+03:00,3263,Piyalepaşa Meydanı Zemin Altı Otoparkı,BEYOĞLU,41.0445,28.9674,560,235,325,KAPALI OTOPARK,1,0,24 Saat
2026-08-17T20:00:52.423708+00:00,2026-08-17T23:00:52.423708+03:00,1900,Ragıp Gümüşpala Cad.(Sobacılar Önü),FATİH,41.0181,28.969,40,1,39,YOL ÜSTÜ,0,15,07:00-18:00
2026-08-17T20:00:52.423708+00:00,2026-08-17T23:00:52.423708+03:00,415,Ragıp Gümüşpala Camii Önü 1,FATİH,41.0211,28.9627,35,1,34,YOL ÜSTÜ,0,0,07:00-17:30
2026-08-17T20:00:52.423708+00:00,2026-08-17T23:00:52.423708+03:00,3268,Refik Saydam Caddesi 3,BEYOĞLU,41.032,28.9736,55,1,54,YOL ÜSTÜ,0,0,06:00-23:00
2026-08-17T20:00:52.423708+00:00,2026-08-17T23:00:52.423708+03:00,2307,Ressam Halim Sokak PD Açık Otoparkı,BAHÇELİEVLER,40.9967,28.8641,120,109,11,AÇIK OTOPARK,1,15,08:00-00:00
2026-08-17T20:00:52.423708+00:00,2026-08-17T23:00:52.423708+03:00,3082,Rumeli Hisarı Sahil Yolu Otoparkı,SARIYER,41.0854,29.0568,20,1,19,AÇIK OTOPARK,1,0,24 Saat
2026-08-17T20:00:52.423708+00:00,2026-08-17T23:00:52.423708+03:00,1595,Sabiha Gökçen Açık Otoparkı,PENDİK,40.925,29.308,1056,259,797,AÇIK OTOPARK,1,15,24 Saat
2026-08-17T20:00:52.423708+00:00,2026-08-17T23:00:52.423708+03:00,3239,Samatya Sahil Cep Otoparkı,FATİH,40.9954,28.932,113,77,36,AÇIK OTOPARK,1,15,24 Saat
2026-08-17T20:00:52.423708+00:00,2026-08-17T23:00:52.423708+03:00,3273,Sarıyer Büyükdere Fidanlığı,SARIYER,41.1548,29.0268,160,155,5,AÇIK OTOPARK,0,0,08:00-18:00
2026-08-17T20:00:52.423708+00:00,2026-08-17T23:00:52.423708+03:00,3299,Sariyer Ayazağa Mah Vadi İstanbul Önü Açık Otoparkı,SARIYER,41.1106,28.9881,100,96,4,AÇIK OTOPARK,0,0,08:00-20:00
2026-08-17T20:00:52.423708+00:00,2026-08-17T23:00:52.423708+03:00,1303,Seyrantepe Katlı (Arena Karşısı) 1,KAĞITHANE,41.101,28.9961,1897,1894,3,KAPALI OTOPARK,1,0,24 Saat
2026-08-17T20:00:52.423708+00:00,2026-08-17T23:00:52.423708+03:00,1628,Sıracevizler Caddesi Yol Üstü 5,ŞİŞLİ,41.0607,28.9841,45,1,44,YOL ÜSTÜ,0,15,09:00-17:00
2026-08-17T20:00:52.423708+00:00,2026-08-17T23:00:52.423708+03:00,464,Sirkeci Gar Önü,FATİH,41.015,28.9761,60,1,59,AÇIK OTOPARK,0,5,07:00-20:00
2026-08-17T20:00:52.423708+00:00,2026-08-17T23:00:52.423708+03:00,1486,Siyavuşpaşa Yer Altı Otoparkı,BAHÇELİEVLER,40.9965,28.8532,155,0,155,KAPALI OTOPARK,1,0,24 Saat
2026-08-17T20:00:52.423708+00:00,2026-08-17T23:00:52.423708+03:00,1958,Soğanlık Metro PD Açık Otoparkı,KARTAL,40.9131,29.1925,898,875,23,AÇIK OTOPARK,1,15,24 Saat
2026-08-17T20:00:52.423708+00:00,2026-08-17T23:00:52.423708+03:00,589,Su Terazisi Sokak,FATİH,41.0046,28.9727,22,1,21,YOL ÜSTÜ,0,0,07:30-17:00
2026-08-17T20:00:52.423708+00:00,2026-08-17T23:00:52.423708+03:00,1478,Suadiye Cep Açık Otoparkı,KADIKÖY,40.9586,29.0732,130,92,38,AÇIK OTOPARK,1,15,24 Saat
2026-08-17T20:00:52.423708+00:00,2026-08-17T23:00:52.423708+03:00,2948,Suadiye Sahil Açık Otoparkı,KADIKÖY,40.9562,29.0797,70,34,36,AÇIK OTOPARK,1,5,24 Saat
2026-08-17T20:00:52.423708+00:00,2026-08-17T23:00:52.423708+03:00,2799,Sultanbeyli Emir Caddesi Zemin Altı Otoparkı,SULTANBEYLİ,40.9707,29.2606,130,120,10,KAPALI OTOPARK,0,15,08:00-22:00
2026-08-17T20:00:52.423708+00:00,2026-08-17T23:00:52.423708+03:00,2372,Sultanbeyli Kent Meydanı Zemin Altı Otoparkı,SULTANBEYLİ,40.9667,29.2667,300,194,106,KAPALI OTOPARK,1,15,24 Saat
2026-08-17T20:00:52.423708+00:00,2026-08-17T23:00:52.423708+03:00,2410,Sultangazi Zemin Altı Otoparkı,SULTANGAZİ,41.0944,28.8649,104,0,104,KAPALI OTOPARK,1,10,24 Saat
2026-08-17T20:00:52.423708+00:00,2026-08-17T23:00:52.423708+03:00,2085,Süleyman Seba Caddesi 2,BEŞİKTAŞ,41.0426,28.9998,40,1,39,YOL ÜSTÜ,0,15,08:00-18:00
2026-08-17T20:00:52.423708+00:00,2026-08-17T23:00:52.423708+03:00,2088,Süleyman Seba Caddesi 5,BEŞİKTAŞ,41.0432,28.9978,40,1,39,YOL ÜSTÜ,0,15,08:00-18:00
2026-08-17T20:00:52.423708+00:00,2026-08-17T23:00:52.423708+03:00,2089,Süleyman Seba Caddesi 6,BEŞİKTAŞ,41.0435,28.9967,11,1,10,YOL ÜSTÜ,0,15,08:00-18:00
2026-08-17T20:00:52.423708+00:00,2026-08-17T23:00:52.423708+03:00,2391,Süleymaniye Cami Altı Açık Otoparkı,FATİH,41.0158,28.961,250,234,16,AÇIK OTOPARK,0,0,06:30-18:30
2026-08-17T20:00:52.423708+00:00,2026-08-17T23:00:52.423708+03:00,1730,Sütlüce Miniatürk Yanı,BEYOĞLU,41.057,28.95,320,222,98,AÇIK OTOPARK,1,15,24 Saat
2026-08-17T20:00:52.423708+00:00,2026-08-17T23:00:52.423708+03:00,36,Şakayık Sokak 4,ŞİŞLİ,41.0518,28.9936,50,1,49,YOL ÜSTÜ,0,15,08:00-16:00
2026-08-17T20:00:52.423708+00:00,2026-08-17T23:00:52.423708+03:00,1469,Şehit Volkan Duysak Katlı Otoparkı,ZEYTİNBURNU,40.9968,28.9039,1000,679,321,KAPALI OTOPARK,1,5,24 Saat
2026-08-17T20:00:52.423708+00:00,2026-08-17T23:00:52.423708+03:00,2385,Şehremini Açık Otoparkı 1,FATİH,41.0135,28.9333,60,1,59,AÇIK OTOPARK,0,0,08:30-20:30
2026-08-17T20:00:52.423708+00:00,2026-08-17T23:00:52.423708+03:00,2855,Şemsipaşa Açık Otoparkı,ÜSKÜDAR,41.0255,29.0097,80,44,36,AÇIK OTOPARK,1,0,24 Saat
2026-08-17T20:00:52.423708+00:00,2026-08-17T23:00:52.423708+03:00,2439,Şirinevler Meydan Zeminaltı Otoparkı,BAHÇELİEVLER,40.9925,28.8496,367,84,283,KAPALI OTOPARK,1,0,24 Saat
2026-08-17T20:00:52.423708+00:00,2026-08-17T23:00:52.423708+03:00,3400,Şişhane Refik Saydam Caddesi 2 Yol Üstü Otoparkı 1,BEYOĞLU,41.0326,28.9743,70,1,69,YOL ÜSTÜ,0,15,06:00-23:00
2026-08-17T20:00:52.423708+00:00,2026-08-17T23:00:52.423708+03:00,3441,Şişli Kuştepe Zemin Altı Otoparkı,ŞİŞLİ,41.072,28.9919,430,295,135,KAPALI OTOPARK,1,15,24 Saat
2026-08-17T20:00:52.423708+00:00,2026-08-17T23:00:52.423708+03:00,2816,Şişli Rumeli Caddesi Metro Yanı 1,ŞİŞLİ,41.0538,28.9868,45,1,44,YOL ÜSTÜ,0,15,08:00-20:00
2026-08-17T20:00:52.423708+00:00,2026-08-17T23:00:52.423708+03:00,2406,Şişli Zemin Altı Otoparkı,ŞİŞLİ,41.0641,28.9992,581,418,163,KAPALI OTOPARK,1,15,24 Saat
2026-08-17T20:00:52.423708+00:00,2026-08-17T23:00:52.423708+03:00,1993,Tuzla İdo,TUZLA,40.8149,29.3039,300,158,142,AÇIK OTOPARK,1,15,24 Saat
2026-08-17T20:00:52.423708+00:00,2026-08-17T23:00:52.423708+03:00,3332,Tuzla Sahil Cep,TUZLA,40.8168,29.2992,50,39,11,AÇIK OTOPARK,1,0,08:00-00:00
2026-08-17T20:00:52.423708+00:00,2026-08-17T23:00:52.423708+03:00,3057,Tuzla Sahil Zemin Altı Otoparkı,TUZLA,40.8181,29.3004,779,1,778,KAPALI OTOPARK,1,15,24 Saat
2026-08-17T20:00:52.423708+00:00,2026-08-17T23:00:52.423708+03:00,1811,Ulu Camii Açık Otoparkı,BAHÇELİEVLER,40.9982,28.8499,150,117,33,AÇIK OTOPARK,1,10,24 Saat
2026-08-17T20:00:52.423708+00:00,2026-08-17T23:00:52.423708+03:00,2424,Uzunçayır Açık Otoparkı,KADIKÖY,40.9988,29.0556,58,51,7,AÇIK OTOPARK,0,0,06:00-16:00
2026-08-17T20:00:52.423708+00:00,2026-08-17T23:00:52.423708+03:00,1468,Ümraniye Katlı Otoparkı,ÜMRANİYE,41.0261,29.0953,665,565,100,KAPALI OTOPARK,1,15,24 Saat
2026-08-17T20:00:52.423708+00:00,2026-08-17T23:00:52.423708+03:00,2898,Ümraniye Okan Sokak Zeminaltı Otoparkı,ÜMRANİYE,41.0284,29.0907,125,25,100,KAPALI OTOPARK,1,15,24 Saat
2026-08-17T20:00:52.423708+00:00,2026-08-17T23:00:52.423708+03:00,2345,Üsküdar Uzunçayır PD Açık Otoparkı,ÜSKÜDAR,40.9988,29.0577,90,85,5,AÇIK OTOPARK,0,15,06:00-22:00
2026-08-17T20:00:52.423708+00:00,2026-08-17T23:00:52.423708+03:00,1929,Üsküdar Ünalan Açık Otoparkı,ÜSKÜDAR,40.9979,29.0604,180,175,5,AÇIK OTOPARK,0,0,07:00-17:00
2026-08-17T20:00:52.423708+00:00,2026-08-17T23:00:52.423708+03:00,1487,Vatan Caddesi PD Açık Otoparkı,FATİH,41.0157,28.9405,397,349,48,AÇIK OTOPARK,1,5,24 Saat
2026-08-17T20:00:52.423708+00:00,2026-08-17T23:00:52.423708+03:00,2441,Yalı Açık Otoparkı,MALTEPE,40.9095,29.137,85,82,3,AÇIK OTOPARK,0,0,07:30-22:00
2026-08-17T20:00:52.423708+00:00,2026-08-17T23:00:52.423708+03:00,459,Yalı Köşkü Caddesi 1,FATİH,41.0163,28.9759,61,1,60,YOL ÜSTÜ,0,5,07:00-21:00
2026-08-17T20:00:52.423708+00:00,2026-08-17T23:00:52.423708+03:00,2037,Yenikapı Marmaray Büyük Otoparkı,FATİH,41.0057,28.9505,324,249,75,AÇIK OTOPARK,1,15,24 Saat
2026-08-17T20:00:52.423708+00:00,2026-08-17T23:00:52.423708+03:00,2036,Yenikapı Marmaray Küçük Otoparkı,FATİH,41.0064,28.9504,200,200,0,AÇIK OTOPARK,0,15,07:00-22:00
2026-08-17T20:00:52.423708+00:00,2026-08-17T23:00:52.423708+03:00,2175,Yenikapı Spor ve Kültür Merkezi PD Açık Otoparkı,FATİH,41.0006,28.9519,4023,3930,93,AÇIK OTOPARK,1,15,24 Saat
2026-08-17T20:00:52.423708+00:00,2026-08-17T23:00:52.423708+03:00,2805,Yenikapı Tünel Üstü Açık Otoparkı,FATİH,41.0029,28.9534,700,635,65,AÇIK OTOPARK,1,10,24 Saat
2026-08-17T20:00:52.423708+00:00,2026-08-17T23:00:52.423708+03:00,3404,Yenimahalle Metro Zemin Altı PD Otoparkı,GAZİOSMANPAŞA,41.0839,28.8926,114,95,19,KAPALI OTOPARK,1,15,24 Saat
2026-08-17T20:00:52.423708+00:00,2026-08-17T23:00:52.423708+03:00,2920,Yeşilce Zemin Altı Katlı Otoparkı,KAĞITHANE,41.0938,29.0017,676,0,676,KAPALI OTOPARK,1,0,24 Saat
2026-08-17T20:00:52.423708+00:00,2026-08-17T23:00:52.423708+03:00,987,Yeşilköy İstasyon Caddesi 1,BAKIRKÖY,40.962,28.825,40,1,39,YOL ÜSTÜ,0,15,09:00-17:30
2026-08-17T20:00:52.423708+00:00,2026-08-17T23:00:52.423708+03:00,974,Yeşilköy Marina 1,BAKIRKÖY,40.9576,28.8233,145,1,144,YOL ÜSTÜ,0,0,12:00-23:00
2026-08-17T20:00:52.423708+00:00,2026-08-17T23:00:52.423708+03:00,3406,Yeşilpınar Metro Zemin Altı PD Otoparkı,EYÜP,41.081,28.9204,269,181,88,KAPALI OTOPARK,1,15,24 Saat
2026-08-17T20:00:52.423708+00:00,2026-08-17T23:00:52.423708+03:00,315,Yeşilyurt Çarşı 1,BAKIRKÖY,40.9643,28.8379,50,1,49,YOL ÜSTÜ,0,15,09:00-17:30
2026-08-17T20:00:52.423708+00:00,2026-08-17T23:00:52.423708+03:00,1133,Yıldız Korusu,BEŞİKTAŞ,41.0514,29.0165,500,1,499,AÇIK OTOPARK,0,0,08:00-22:00
2026-08-17T20:00:52.423708+00:00,2026-08-17T23:00:52.423708+03:00,882,Zeytinburnu 58. Bulvar 2,ZEYTİNBURNU,40.9932,28.9039,48,1,47,YOL ÜSTÜ,0,15,09:00-18:00
2026-08-17T20:00:52.423708+00:00,2026-08-17T23:00:52.423708+03:00,3185,Zeytinburnu Sahil Cep Otoparkı,ZEYTİNBURNU,40.9798,28.8985,160,1,159,AÇIK OTOPARK,0,0,12:00-22:00
