fetch_utc,fetch_istanbul,parkID,parkName,district,lat,lng,capacity,emptyCapacity,occupancy,parkType,isOpen,freeTime,workHours
2026-08-18T21:32:51.356098+00:00,2026-08-19T00:32:51.356098+03:00,3068,15 Temmuz Şehitler Meydanı Zeminaltı Otoparkı,ÜMRANİYE,41.0246,29.0915,1029,575,454,KAPALI OTOPARK,0,15,24 Saat
2026-08-18T21:32:51.356098+00:00,2026-08-19T00:32:51.356098+03:00,2338,19 Mayıs Açık,ŞİŞLİ,41.0563,28.9941,65,0,65,AÇIK OTOPARK,1,0,24 Saat
2026-08-18T21:32:51.356098+00:00,2026-08-19T00:32:51.356098+03:00,1751,4.Levent PD Açık Otoparkı,KAĞITHANE,41.0836,29.0081,236,150,86,AÇIK OTOPARK,1,5,24 Saat
2026-08-18T21:32:51.356098+00:00,2026-08-19T00:32:51.356098+03:00,3328,4.Levent Servis ve Turizm Araçları Açık Otoparkı,ŞİŞLİ,41.0841,29.0054,300,154,146,AÇIK OTOPARK,1,15,24 Saat
2026-08-18T21:32:51.356098+00:00,2026-08-19T00:32:51.356098+03:00,3412,5. Levent Gaziosmanpaşa Adliyesi Yanı Açık Otoparkı,EYÜP,41.0927,28.9494,250,202,48,AÇIK OTOPARK,0,15,07:00-23:00
2026-08-18T21:32:51.356098+00:00,2026-08-19T00:32:51.356098+03:00,104,Abide-i Hürriyet Caddesi 5,ŞİŞLİ,41.0619,28.9876,40,1,39,YOL ÜSTÜ,0,15,08:00-17:00
2026-08-18T21:32:51.356098+00:00,2026-08-19T00:32:51.356098+03:00,2452,Acıbadem Açık Otoparkı,ÜSKÜDAR,41.0157,29.0574,100,86,14,AÇIK OTOPARK,0,0,06:30-16:00
2026-08-18T21:32:51.356098+00:00,2026-08-19T00:32:51.356098+03:00,346,Ada Karşısı Cep 2,BEŞİKTAŞ,41.072,29.045,30,1,29,YOL ÜSTÜ,0,15,08:00-23:00
2026-08-18T21:32:51.356098+00:00,2026-08-19T00:32:51.356098+03:00,1663,Akasyalı Sokak Tenis Kulubü Önü 2,BEŞİKTAŞ,41.0867,29.0109,45,1,44,YOL ÜSTÜ,0,15,08:30-17:30
2026-08-18T21:32:51.356098+00:00,2026-08-19T00:32:51.356098+03:00,828,Akdeniz Caddesi 4,FATİH,41.0175,28.9435,27,1,26,YOL ÜSTÜ,0,15,09:00-18:00
2026-08-18T21:32:51.356098+00:00,2026-08-19T00:32:51.356098+03:00,1913,Alibeyköy Cep Otogarı Açık Otoparkı,EYÜP,41.0879,28.9446,116,0,116,AÇIK OTOPARK,1,25,24 Saat
2026-08-18T21:32:51.356098+00:00,2026-08-19T00:32:51.356098+03:00,1912,Alibeyköy Cep Otogarı Otobüs Otoparkı,EYÜP,41.0875,28.9449,5000,1,4999,AÇIK OTOPARK,1,60,24 Saat
2026-08-18T21:32:51.356098+00:00,2026-08-19T00:32:51.356098+03:00,2562,Alibeyköy Yeşiltepe Zemin Altı Otoparkı,EYÜP,41.0797,28.938,159,55,104,KAPALI OTOPARK,0,15,24 Saat
2026-08-18T21:32:51.356098+00:00,2026-08-19T00:32:51.356098+03:00,3201,Altınboynuz Sosyal Tesisleri,EYÜP,41.058,28.9447,70,1,69,AÇIK OTOPARK,0,15,08:00-23:00
2026-08-18T21:32:51.356098+00:00,2026-08-19T00:32:51.356098+03:00,758,Arap Camii Açık Otoparkı,BEYOĞLU,41.0227,28.9723,30,1,29,AÇIK OTOPARK,0,0,09:00-17:00
2026-08-18T21:32:51.356098+00:00,2026-08-19T00:32:51.356098+03:00,1963,Aras Sokak 1,BÜYÜKÇEKMECE,41.0226,28.622,60,1,59,YOL ÜSTÜ,0,0,06:00-14:30
2026-08-18T21:32:51.356098+00:00,2026-08-19T00:32:51.356098+03:00,2802,Arnavutköy Zemin Altı Otoparkı,ARNAVUTKÖY,41.1838,28.7396,700,11,689,KAPALI OTOPARK,1,15,24 Saat
2026-08-18T21:32:51.356098+00:00,2026-08-19T00:32:51.356098+03:00,1797,Ataköy Atrium AVM,BAKIRKÖY,40.9881,28.8459,250,231,19,AÇIK OTOPARK,0,15,08:00-23:00
2026-08-18T21:32:51.356098+00:00,2026-08-19T00:32:51.356098+03:00,2824,Ataköy Metro Durağı Yanı PD Zemin Altı Otoparkı,BAKIRKÖY,40.9904,28.8456,150,83,67,KAPALI OTOPARK,1,0,24 Saat
2026-08-18T21:32:51.356098+00:00,2026-08-19T00:32:51.356098+03:00,359,Atatürk Bulvarı 1,FATİH,41.0112,28.9534,20,1,19,YOL ÜSTÜ,0,0,07:30-18:00
2026-08-18T21:32:51.356098+00:00,2026-08-19T00:32:51.356098+03:00,3087,Atatürk Kent Ormanı Otoparkı,SARIYER,41.136,29.0262,200,197,3,AÇIK OTOPARK,0,0,08:00-17:00
2026-08-18T21:32:51.356098+00:00,2026-08-19T00:32:51.356098+03:00,2243,Avcılar Denizköşkler Toplantı ve Davet Salonu Açık Otoparkı,AVCILAR,40.9746,28.7435,200,197,3,AÇIK OTOPARK,0,15,13:00-07:00
2026-08-18T21:32:51.356098+00:00,2026-08-19T00:32:51.356098+03:00,1088,Avcılar İdo,AVCILAR,40.9712,28.7185,270,261,9,AÇIK OTOPARK,0,0,13:00-07:00
2026-08-18T21:32:51.356098+00:00,2026-08-19T00:32:51.356098+03:00,2885,Azapkapı Haliç Metro Otoparkı,ŞİŞLİ,41.0245,28.9691,80,54,26,AÇIK OTOPARK,1,5,24 Saat
2026-08-18T21:32:51.356098+00:00,2026-08-19T00:32:51.356098+03:00,2455,Azerbaycan Dostluk Parkı Zemin Altı Otoparkı,BAĞCILAR,41.0444,28.854,400,142,258,KAPALI OTOPARK,0,10,24 Saat
2026-08-18T21:32:51.356098+00:00,2026-08-19T00:32:51.356098+03:00,2965,Bağcılar Çolakoğlu Zemin Altı Otoparkı,BAĞCILAR,41.0324,28.8345,106,0,106,KAPALI OTOPARK,1,5,24 Saat
2026-08-18T21:32:51.356098+00:00,2026-08-19T00:32:51.356098+03:00,2576,Bağcılar Demirkapı Zemin Altı Otoparkı,BAĞCILAR,41.0499,28.8327,343,142,201,KAPALI OTOPARK,1,5,24 Saat
2026-08-18T21:32:51.356098+00:00,2026-08-19T00:32:51.356098+03:00,3036,Bağcılar Devlet Hastanesi Yanı Zeminaltı Otoparkı,BAĞCILAR,41.0312,28.8696,1133,94,1039,KAPALI OTOPARK,1,15,24 Saat
2026-08-18T21:32:51.356098+00:00,2026-08-19T00:32:51.356098+03:00,3071,Bağcılar Emniyet Müdürlüğü Yanı Açık Otoparkı,BAĞCILAR,41.0353,28.8598,100,43,57,AÇIK OTOPARK,1,0,24 Saat
2026-08-18T21:32:51.356098+00:00,2026-08-19T00:32:51.356098+03:00,2873,Bağcılar Göztepe Zemin Altı,BAĞCILAR,41.0567,28.8355,120,0,120,KAPALI OTOPARK,1,5,24 Saat
2026-08-18T21:32:51.356098+00:00,2026-08-19T00:32:51.356098+03:00,3187,Bağcılar Hürriyet Mahallesi Zemin Altı Otoparkı,BAĞCILAR,41.0291,28.8333,355,0,355,KAPALI OTOPARK,1,10,24 Saat
2026-08-18T21:32:51.356098+00:00,2026-08-19T00:32:51.356098+03:00,2916,Bağcılar Kent Meydanı PD Zemin Altı Otoparkı,BAĞCILAR,41.0339,28.8556,1162,0,1162,KAPALI OTOPARK,0,0,24 Saat
2026-08-18T21:32:51.356098+00:00,2026-08-19T00:32:51.356098+03:00,3261,Bağcılar Yenimahalle Zemin Altı Otoparkı,BAĞCILAR,41.0425,28.8395,525,253,272,KAPALI OTOPARK,1,15,24 Saat
2026-08-18T21:32:51.356098+00:00,2026-08-19T00:32:51.356098+03:00,2820,Bağcılar Yıldıztepe Katlı Otoparkı,BAĞCILAR,41.0294,28.8556,350,0,350,KAPALI OTOPARK,1,10,24 Saat
2026-08-18T21:32:51.356098+00:00,2026-08-19T00:32:51.356098+03:00,3447,Bahçelievler 23 Nisan Milli Egemenlik Zeminaltı Otoparkı,BAHÇELİEVLER,40.9988,28.8472,732,411,321,KAPALI OTOPARK,1,10,24 Saat
2026-08-18T21:32:51.356098+00:00,2026-08-19T00:32:51.356098+03:00,2993,Bahçelievler Cumhuriyet Zeminaltı Otoparkı,BAHÇELİEVLER,41.0149,28.859,663,0,663,KAPALI OTOPARK,0,10,24 Saat
2026-08-18T21:32:51.356098+00:00,2026-08-19T00:32:51.356098+03:00,2969,Bahçelievler Devlet Hastanesi Yanı Katlı Otoparkı,BAHÇELİEVLER,41.0072,28.8442,740,0,740,KAPALI OTOPARK,1,0,24 Saat
2026-08-18T21:32:51.356098+00:00,2026-08-19T00:32:51.356098+03:00,3051,Bahçelievler Zafer Mh. Zeminaltı Otoparkı,BAHÇELİEVLER,41.0036,28.8351,200,52,148,KAPALI OTOPARK,1,0,24 Saat
2026-08-18T21:32:51.356098+00:00,2026-08-19T00:32:51.356098+03:00,3236,Bahçeşehir Gölet Açık Otoparkı,BAŞAKŞEHİR,41.0719,28.6901,200,1,199,AÇIK OTOPARK,0,0,12:00-22:00
2026-08-18T21:32:51.356098+00:00,2026-08-19T00:32:51.356098+03:00,1465,Bakırköy İdo Açık Otoparkı,BAKIRKÖY,40.9739,28.8761,160,133,27,AÇIK OTOPARK,1,10,24 Saat
2026-08-18T21:32:51.356098+00:00,2026-08-19T00:32:51.356098+03:00,1104,Balmumcu Katlı Otoparkı,BEŞİKTAŞ,41.0636,29.0109,400,316,84,KAPALI OTOPARK,1,5,24 Saat
2026-08-18T21:32:51.356098+00:00,2026-08-19T00:32:51.356098+03:00,2796,Başakşehir Metro Açık Otoparkı,BAŞAKŞEHİR,41.107,28.801,125,1,124,AÇIK OTOPARK,0,0,07:00-16:00
2026-08-18T21:32:51.356098+00:00,2026-08-19T00:32:51.356098+03:00,2350,Bayrampaşa Adapark Katlı Otoparkı,BAYRAMPAŞA,41.0647,28.8875,650,0,650,KAPALI OTOPARK,0,15,24 Saat
2026-08-18T21:32:51.356098+00:00,2026-08-19T00:32:51.356098+03:00,2892,Bayrampaşa Altıntepsi Zemin  Altı Otoparkı,BAYRAMPAŞA,41.0393,28.9029,110,0,110,KAPALI OTOPARK,0,10,24 Saat
2026-08-18T21:32:51.356098+00:00,2026-08-19T00:32:51.356098+03:00,2909,Bayrampaşa Atatürk Parkı  Zemin Altı Otoparkı,BAYRAMPAŞA,41.0342,28.9123,442,0,442,KAPALI OTOPARK,0,10,24 Saat
2026-08-18T21:32:51.356098+00:00,2026-08-19T00:32:51.356098+03:00,2683,Bayrampaşa Devlet Hastanesi Cep Otoparkı,BAYRAMPAŞA,41.0414,28.9031,55,33,22,AÇIK OTOPARK,0,0,08:00-19:00
2026-08-18T21:32:51.356098+00:00,2026-08-19T00:32:51.356098+03:00,3301,Bayrampaşa Kocatepe Mahallesi Zemin Altı Otoparkı,BAYRAMPAŞA,41.0545,28.8964,241,0,241,KAPALI OTOPARK,1,10,24 Saat
2026-08-18T21:32:51.356098+00:00,2026-08-19T00:32:51.356098+03:00,2053,Bayrampaşa Muratpaşa Yer Altı Otoparkı,BAYRAMPAŞA,41.047,28.9082,300,0,300,KAPALI OTOPARK,0,15,24 Saat
2026-08-18T21:32:51.356098+00:00,2026-08-19T00:32:51.356098+03:00,3175,Bayrampaşa Spor Kompleksi Zemin Altı Otoparkı,BAYRAMPAŞA,41.0446,28.9106,205,0,205,KAPALI OTOPARK,1,15,24 Saat
2026-08-18T21:32:51.356098+00:00,2026-08-19T00:32:51.356098+03:00,3382,Bayrampaşa Şehit Kamil Balkan Zemin Altı Otoparkı,BAYRAMPAŞA,41.0604,28.9008,235,0,235,KAPALI OTOPARK,1,10,24 Saat
2026-08-18T21:32:51.356098+00:00,2026-08-19T00:32:51.356098+03:00,2428,Bayrampaşa Yenidoğan Mahallesi Zemin Altı Otoparkı,BAYRAMPAŞA,41.0395,28.9088,120,0,120,KAPALI OTOPARK,0,10,24 Saat
2026-08-18T21:32:51.356098+00:00,2026-08-19T00:32:51.356098+03:00,2468,Bebek Açık,BEŞİKTAŞ,41.077,29.0434,30,0,30,AÇIK OTOPARK,0,0,24 Saat
2026-08-18T21:32:51.356098+00:00,2026-08-19T00:32:51.356098+03:00,3479,Beşiktaş Halk Pazarı Açık Otoparkı,BEŞİKTAŞ,41.0496,29.0004,170,97,73,AÇIK OTOPARK,1,5,24 Saat
2026-08-18T21:32:51.356098+00:00,2026-08-19T00:32:51.356098+03:00,3257,Beykoz Sahil Cep Otoparkı,BEYKOZ,41.1286,29.0953,100,75,25,AÇIK OTOPARK,0,0,08:00-00:00
2026-08-18T21:32:51.356098+00:00,2026-08-19T00:32:51.356098+03:00,2273,Beykoz Sosyal Tesisleri,BEYKOZ,41.1143,29.0888,130,0,130,AÇIK OTOPARK,0,15,08:00-00:00
2026-08-18T21:32:51.356098+00:00,2026-08-19T00:32:51.356098+03:00,2999,Beyoğlu Gazhane Bostan Sokak 2,BEYOĞLU,41.0389,28.9903,35,1,34,YOL ÜSTÜ,0,0,07:30-16:30
2026-08-18T21:32:51.356098+00:00,2026-08-19T00:32:51.356098+03:00,3072,Beyoğlu Örnektepe Zemin Altı Otoparkı,BEYOĞLU,41.0543,28.9548,143,0,143,KAPALI OTOPARK,0,0,24 Saat
2026-08-18T21:32:51.356098+00:00,2026-08-19T00:32:51.356098+03:00,1455,Bostancı Açık,KADIKÖY,40.9523,29.0902,394,116,278,AÇIK OTOPARK,0,15,24 Saat
2026-08-18T21:32:51.356098+00:00,2026-08-19T00:32:51.356098+03:00,1456,Bostancı Sahil-Cep Açık Otoparkı,KADIKÖY,40.9545,29.0885,192,149,43,AÇIK OTOPARK,0,15,24 Saat
2026-08-18T21:32:51.356098+00:00,2026-08-19T00:32:51.356098+03:00,2150,Bostancı Vergi Dairesi Açık Otoparkı,ATAŞEHİR,40.9625,29.1083,155,0,155,AÇIK OTOPARK,0,5,08:00-20:00
2026-08-18T21:32:51.356098+00:00,2026-08-19T00:32:51.356098+03:00,2854,Bülent Ecevit Kültür Merkezi Açık Otoparkı,KARTAL,40.8852,29.1967,277,266,11,AÇIK OTOPARK,0,0,10:00-21:00
2026-08-18T21:32:51.356098+00:00,2026-08-19T00:32:51.356098+03:00,2866,Büyük İstanbul Otogarı,BAYRAMPAŞA,41.0402,28.8942,1000,0,1000,AÇIK OTOPARK,1,25,24 Saat
2026-08-18T21:32:51.356098+00:00,2026-08-19T00:32:51.356098+03:00,1192,Büyükçamlıca Korusu Sosyal Tesisleri Önü,ÜSKÜDAR,41.0264,29.0698,204,112,92,AÇIK OTOPARK,0,0,08:00-00:00
2026-08-18T21:32:51.356098+00:00,2026-08-19T00:32:51.356098+03:00,2960,Büyükçekmece Metrobüs Durağı Yanı PD Zemin Altı Otopark,BÜYÜKÇEKMECE,41.0221,28.624,448,8,440,KAPALI OTOPARK,0,0,24 Saat
2026-08-18T21:32:51.356098+00:00,2026-08-19T00:32:51.356098+03:00,1503,Cadde Bostan Açık Otoparkı,KADIKÖY,40.9636,29.0675,66,50,16,AÇIK OTOPARK,0,15,24 Saat
2026-08-18T21:32:51.356098+00:00,2026-08-19T00:32:51.356098+03:00,2933,Cemal Kamacı Spor Kompleksi Zemin Altı Otoparkı,KAĞITHANE,41.0536,28.9575,510,0,510,KAPALI OTOPARK,1,0,24 Saat
2026-08-18T21:32:51.356098+00:00,2026-08-19T00:32:51.356098+03:00,2207,Cengiz Topel Yer Altı Katlı Otoparkı,ESENLER,41.0588,28.8643,144,0,144,KAPALI OTOPARK,0,15,24 Saat
2026-08-18T21:32:51.356098+00:00,2026-08-19T00:32:51.356098+03:00,2787,Cevizli Açık Otoparkı,KARTAL,40.9179,29.1712,100,91,9,AÇIK OTOPARK,0,15,08:00-19:00
2026-08-18T21:32:51.356098+00:00,2026-08-19T00:32:51.356098+03:00,782,Cihangir Caddesi 2,BEYOĞLU,41.0319,28.9862,70,1,69,YOL ÜSTÜ,0,15,09:00-19:00
2026-08-18T21:32:51.356098+00:00,2026-08-19T00:32:51.356098+03:00,1467,Cihangir Katlı Otoparkı,BEYOĞLU,41.0318,28.9858,350,0,350,KAPALI OTOPARK,1,0,24 Saat
2026-08-18T21:32:51.356098+00:00,2026-08-19T00:32:51.356098+03:00,535,Cihannuma Yol Üstü 1,BEŞİKTAŞ,41.0454,29.0084,35,1,34,YOL ÜSTÜ,0,0,08:00-23:00
2026-08-18T21:32:51.356098+00:00,2026-08-19T00:32:51.356098+03:00,537,Cihannuma Yol Üstü 3,BEŞİKTAŞ,41.0459,29.0087,33,1,32,YOL ÜSTÜ,0,0,08:00-23:00
2026-08-18T21:32:51.356098+00:00,2026-08-19T00:32:51.356098+03:00,539,Cihannuma Yol Üstü 5,BEŞİKTAŞ,41.0489,29.0094,24,1,23,YOL ÜSTÜ,0,0,08:00-23:00
2026-08-18T21:32:51.356098+00:00,2026-08-19T00:32:51.356098+03:00,3184,Çam Sokak 6,GÜNGÖREN,41.0121,28.8882,50,1,49,YOL ÜSTÜ,0,15,08:00-17:00
2026-08-18T21:32:51.356098+00:00,2026-08-19T00:32:51.356098+03:00,3030,Çekmeköy Metro PD Zemin Altı Otoparkı,ÇEKMEKÖY,41.0147,29.1886,175,63,112,KAPALI OTOPARK,0,15,24 Saat
2026-08-18T21:32:51.356098+00:00,2026-08-19T00:32:51.356098+03:00,2905,Çeliktepe Açık Otoparkı,KAĞITHANE,41.0843,29.0056,200,79,121,AÇIK OTOPARK,1,5,24 Saat
2026-08-18T21:32:51.356098+00:00,2026-08-19T00:32:51.356098+03:00,1298,Çengelköy Açık Otoparkı,ÜSKÜDAR,41.0484,29.0533,500,264,236,AÇIK OTOPARK,0,15,24 Saat
2026-08-18T21:32:51.356098+00:00,2026-08-19T00:32:51.356098+03:00,502,Çınar Açık Otoparkı,BEŞİKTAŞ,41.0853,29.0088,65,1,64,AÇIK OTOPARK,0,0,08:00-18:00
2026-08-18T21:32:51.356098+00:00,2026-08-19T00:32:51.356098+03:00,777,Çırağan Sarayı Yol Üstü 1,BEŞİKTAŞ,41.0448,29.0165,40,1,39,YOL ÜSTÜ,0,15,08:00-23:00
2026-08-18T21:32:51.356098+00:00,2026-08-19T00:32:51.356098+03:00,778,Çırağan Sarayı Yol Üstü 2,BEŞİKTAŞ,41.0445,29.0156,40,1,39,YOL ÜSTÜ,0,15,08:00-23:00
2026-08-18T21:32:51.356098+00:00,2026-08-19T00:32:51.356098+03:00,2228,Çırpıcı Sosyal Tesisler,ZEYTİNBURNU,41,28.8926,128,0,128,AÇIK OTOPARK,0,15,07:00-00:00
2026-08-18T21:32:51.356098+00:00,2026-08-19T00:32:51.356098+03:00,2030,Dalyan Açık Otoparkı,KADIKÖY,40.9632,29.0651,92,58,34,AÇIK OTOPARK,0,15,24 Saat
2026-08-18T21:32:51.356098+00:00,2026-08-19T00:32:51.356098+03:00,2271,Damla Sokak 1,ŞİŞLİ,41.0672,29.0004,17,1,16,YOL ÜSTÜ,0,15,07:30-16:30
2026-08-18T21:32:51.356098+00:00,2026-08-19T00:32:51.356098+03:00,2164,Darüşşafaka Yeraltı Otoparkı,SARIYER,41.1292,29.0252,150,146,4,KAPALI OTOPARK,0,15,08:00-00:00
2026-08-18T21:32:51.356098+00:00,2026-08-19T00:32:51.356098+03:00,1653,Deniz Feneri Otoparkı,FATİH,41.0019,28.9773,175,99,76,AÇIK OTOPARK,0,5,24 Saat
2026-08-18T21:32:51.356098+00:00,2026-08-19T00:32:51.356098+03:00,595,Dostluk Yurdu 1,FATİH,41.0071,28.973,33,1,32,YOL ÜSTÜ,0,15,07:00-17:00
2026-08-18T21:32:51.356098+00:00,2026-08-19T00:32:51.356098+03:00,2237,Dragos Sosyal Tesisleri,KARTAL,40.9017,29.1458,100,57,43,AÇIK OTOPARK,1,15,24 Saat
2026-08-18T21:32:51.356098+00:00,2026-08-19T00:32:51.356098+03:00,3063,Dudullu Metro PD Zemin Altı Otoparkı,ÜMRANİYE,41.0156,29.1633,81,59,22,KAPALI OTOPARK,0,15,07:00-23:30
2026-08-18T21:32:51.356098+00:00,2026-08-19T00:32:51.356098+03:00,1522,Ebu Suut Caddesi 1,FATİH,41.0128,28.9766,35,1,34,YOL ÜSTÜ,0,0,08:00-18:00
2026-08-18T21:32:51.356098+00:00,2026-08-19T00:32:51.356098+03:00,2147,EGS Blokları Açık Otoparkı,BAKIRKÖY,40.9863,28.8354,350,59,291,AÇIK OTOPARK,0,60,09:00-19:30
2026-08-18T21:32:51.356098+00:00,2026-08-19T00:32:51.356098+03:00,2366,Esenler Adem Baştürk Kültür Merkezi Katlı,ESENLER,41.039,28.8846,460,0,460,KAPALI OTOPARK,1,15,24 Saat
2026-08-18T21:32:51.356098+00:00,2026-08-19T00:32:51.356098+03:00,3190,Esenler Havaalanı Mahallesi Zemin Altı Otoparkı,ESENLER,41.0562,28.8674,610,303,307,KAPALI OTOPARK,1,10,24 Saat
2026-08-18T21:32:51.356098+00:00,2026-08-19T00:32:51.356098+03:00,3011,Esenler Menderes Metro İstasyonu Yanı,ESENLER,41.0427,28.8783,68,0,68,AÇIK OTOPARK,1,5,24 Saat
2026-08-18T21:32:51.356098+00:00,2026-08-19T00:32:51.356098+03:00,2822,Esenler Menderes Parkı Zemin Altı Otoparkı,ESENLER,41.0412,28.8729,325,7,318,KAPALI OTOPARK,1,10,24 Saat
2026-08-18T21:32:51.356098+00:00,2026-08-19T00:32:51.356098+03:00,3303,Esenyurt Adile Naşit Bulvarı Zeminaltı Otoparkı,ESENYURT,41.0205,28.6859,367,287,80,KAPALI OTOPARK,1,15,24 Saat
2026-08-18T21:32:51.356098+00:00,2026-08-19T00:32:51.356098+03:00,1328,Eski Salı Pazarı,KADIKÖY,40.9904,29.0338,760,0,760,AÇIK OTOPARK,0,15,24 Saat
2026-08-18T21:32:51.356098+00:00,2026-08-19T00:32:51.356098+03:00,904,Eyüp Pierloti Caddesi 1,EYÜP,41.0539,28.9329,40,1,39,YOL ÜSTÜ,0,0,09:00-22:00
2026-08-18T21:32:51.356098+00:00,2026-08-19T00:32:51.356098+03:00,2850,Eyüpsultan Akşemsettin Mahallesi Zemin Altı Otoparkı,EYÜP,41.085,28.9258,110,0,110,KAPALI OTOPARK,0,15,24 Saat
2026-08-18T21:32:51.356098+00:00,2026-08-19T00:32:51.356098+03:00,2215,Fatih Çeşmesi Tabiat Parkı Otoparkı,SARIYER,41.1686,28.9448,250,242,8,AÇIK OTOPARK,0,0,06:00-20:00
2026-08-18T21:32:51.356098+00:00,2026-08-19T00:32:51.356098+03:00,1475,Fatih Katlı Otoparkı,FATİH,41.0198,28.9396,118,0,118,KAPALI OTOPARK,0,10,24 Saat
2026-08-18T21:32:51.356098+00:00,2026-08-19T00:32:51.356098+03:00,1591,Feshane PD Açık Otoparkı,EYÜP,41.0463,28.9378,200,118,82,AÇIK OTOPARK,1,15,24 Saat
2026-08-18T21:32:51.356098+00:00,2026-08-19T00:32:51.356098+03:00,1005,Florya Havuzlu Bahçe,BAKIRKÖY,40.9764,28.7908,135,1,134,AÇIK OTOPARK,0,0,09:00-23:00
2026-08-18T21:32:51.356098+00:00,2026-08-19T00:32:51.356098+03:00,2238,Florya Sosyal Tesisleri,BAKIRKÖY,40.9614,28.8091,1074,1000,74,AÇIK OTOPARK,0,15,24 Saat
2026-08-18T21:32:51.356098+00:00,2026-08-19T00:32:51.356098+03:00,1704,Gazi Umur Paşa Sokak 5,BEŞİKTAŞ,41.0589,29.0114,45,1,44,YOL ÜSTÜ,0,15,08:00-17:00
2026-08-18T21:32:51.356098+00:00,2026-08-19T00:32:51.356098+03:00,3296,Gaziosmanpaşa Meydanı ve Yaşam Merkezi Zemin Altı Otoparkı,GAZİOSMANPAŞA,41.0606,28.9093,202,0,202,KAPALI OTOPARK,1,15,24 Saat
2026-08-18T21:32:51.356098+00:00,2026-08-19T00:32:51.356098+03:00,2971,Gaziosmanpaşa Zemin Altı Otoparkı,GAZİOSMANPAŞA,41.0796,28.8858,285,0,285,KAPALI OTOPARK,1,0,24 Saat
2026-08-18T21:32:51.356098+00:00,2026-08-19T00:32:51.356098+03:00,3401,Giyimkent Tekstilkent Metro Zemin Altı PD Otoparkı,ESENLER,41.0711,28.8666,203,182,21,KAPALI OTOPARK,0,10,24 Saat
2026-08-18T21:32:51.356098+00:00,2026-08-19T00:32:51.356098+03:00,2242,Gözdağı Sosyal Tesisler  Açık Otoparkı,PENDİK,40.893,29.2538,300,216,84,AÇIK OTOPARK,0,0,07:00-23:00
2026-08-18T21:32:51.356098+00:00,2026-08-19T00:32:51.356098+03:00,1879,Gülsuyu Metro PD Yer Altı Otoparkı,MALTEPE,40.9237,29.1548,76,0,76,KAPALI OTOPARK,0,15,08:00-00:00
2026-08-18T21:32:51.356098+00:00,2026-08-19T00:32:51.356098+03:00,1423,Güneş Plajı 1,BAKIRKÖY,40.9712,28.79,250,217,33,AÇIK OTOPARK,0,10,24 Saat
2026-08-18T21:32:51.356098+00:00,2026-08-19T00:32:51.356098+03:00,1461,Güneş Plajı 2,BAKIRKÖY,40.9692,28.7951,135,115,20,AÇIK OTOPARK,0,10,08:00-20:00
2026-08-18T21:32:51.356098+00:00,2026-08-19T00:32:51.356098+03:00,3053,Güngören Nikah Dairesi Zemin Altı otoparkı,GÜNGÖREN,41.0363,28.8718,147,0,147,KAPALI OTOPARK,1,10,24 Saat
2026-08-18T21:32:51.356098+00:00,2026-08-19T00:32:51.356098+03:00,2216,Gürpınar Balık Hali Otoparkı,BEYLİKDÜZÜ,40.9663,28.6019,1000,707,293,AÇIK OTOPARK,0,15,24 Saat
2026-08-18T21:32:51.356098+00:00,2026-08-19T00:32:51.356098+03:00,1525,Hacıosman Metro Yer Altı Otoparkı,SARIYER,41.14,29.0306,422,286,136,KAPALI OTOPARK,0,15,24 Saat
2026-08-18T21:32:51.356098+00:00,2026-08-19T00:32:51.356098+03:00,1470,Haldun Alagaş Katlı Otoparkı,ÜMRANİYE,41.0262,29.1052,197,97,100,KAPALI OTOPARK,1,15,24 Saat
2026-08-18T21:32:51.356098+00:00,2026-08-19T00:32:51.356098+03:00,3235,Haliç Sosyal Tesisleri Otoparkı,FATİH,41.0277,28.9572,60,53,7,AÇIK OTOPARK,0,15,07:00-00:00
2026-08-18T21:32:51.356098+00:00,2026-08-19T00:32:51.356098+03:00,2848,Halkalı Mahallesi Zemin Altı Otoparkı,KÜÇÜKÇEKMECE,41.0359,28.7848,347,268,79,KAPALI OTOPARK,0,15,24 Saat
2026-08-18T21:32:51.356098+00:00,2026-08-19T00:32:51.356098+03:00,2838,Hamidiye Mahallesi Katlı Otoparkı,KAĞITHANE,41.0949,28.971,450,175,275,KAPALI OTOPARK,1,15,24 Saat
2026-08-18T21:32:51.356098+00:00,2026-08-19T00:32:51.356098+03:00,1446,Harbiye Zemin Altı Otoparkı,BEYOĞLU,41.0408,28.9869,142,73,69,KAPALI OTOPARK,0,5,24 Saat
2026-08-18T21:32:51.356098+00:00,2026-08-19T00:32:51.356098+03:00,2332,Haydarpaşa Katlı Otoparkı,ÜSKÜDAR,41.0048,29.0251,840,756,84,KAPALI OTOPARK,1,15,24 Saat
2026-08-18T21:32:51.356098+00:00,2026-08-19T00:32:51.356098+03:00,1987,Haznedar Yer Altı Otoparkı,GÜNGÖREN,41.0083,28.8729,540,0,540,KAPALI OTOPARK,0,0,24 Saat
2026-08-18T21:32:51.356098+00:00,2026-08-19T00:32:51.356098+03:00,377,Hızır Külhani Sokak,FATİH,41.0202,28.9605,32,1,31,YOL ÜSTÜ,0,15,09:00-17:00
2026-08-18T21:32:51.356098+00:00,2026-08-19T00:32:51.356098+03:00,3173,Hürriyet Mahallesi Zeminaltı Otoparkı,GAZİOSMANPAŞA,41.0708,28.8951,190,0,190,KAPALI OTOPARK,1,15,24 Saat
2026-08-18T21:32:51.356098+00:00,2026-08-19T00:32:51.356098+03:00,157,Ihlamur Dere Caddesi 4,BEŞİKTAŞ,41.047,29.0023,27,1,26,YOL ÜSTÜ,0,15,09:00-17:00
2026-08-18T21:32:51.356098+00:00,2026-08-19T00:32:51.356098+03:00,1189,İçerenköy Sebze Meyve Hali Otoparkı,ATAŞEHİR,40.9766,29.1044,600,1,599,AÇIK OTOPARK,0,15,24 Saat
2026-08-18T21:32:51.356098+00:00,2026-08-19T00:32:51.356098+03:00,1127,İshakpaşa Caddesi,FATİH,41.0079,28.9814,200,1,199,YOL ÜSTÜ,0,0,08:00-18:00
2026-08-18T21:32:51.356098+00:00,2026-08-19T00:32:51.356098+03:00,3265,İspark İstanbul West Marina Açık Otoparkı 1,BEYLİKDÜZÜ,40.9636,28.6564,250,1,249,AÇIK OTOPARK,0,15,24 Saat
2026-08-18T21:32:51.356098+00:00,2026-08-19T00:32:51.356098+03:00,2793,İspark Merter Katlı Otoparkı,GÜNGÖREN,41.0097,28.89,900,459,441,KAPALI OTOPARK,1,10,24 Saat
2026-08-18T21:32:51.356098+00:00,2026-08-19T00:32:51.356098+03:00,2430,İspark West İstanbul Marina Açık Otoparkı,BEYLİKDÜZÜ,40.9639,28.6591,1600,968,632,AÇIK OTOPARK,0,15,24 Saat
2026-08-18T21:32:51.356098+00:00,2026-08-19T00:32:51.356098+03:00,381,İstinye 4 ( Cami Önü ),SARIYER,41.1149,29.0571,25,1,24,YOL ÜSTÜ,0,15,08:30-17:30
2026-08-18T21:32:51.356098+00:00,2026-08-19T00:32:51.356098+03:00,1804,İtalyan Hastanesi Karşısı Açık Otoparkı 1,BEYOĞLU,41.028,28.9815,30,1,29,AÇIK OTOPARK,0,0,08:00-19:00
2026-08-18T21:32:51.356098+00:00,2026-08-19T00:32:51.356098+03:00,507,Kabasakal Medrese Önü,FATİH,41.0062,28.9789,65,1,64,AÇIK OTOPARK,0,0,08:00-18:30
2026-08-18T21:32:51.356098+00:00,2026-08-19T00:32:51.356098+03:00,3306,Kabataş Transfer Merkezi Turizm Otobüs Otoparkı,BEYOĞLU,41.0336,28.9923,160,106,54,KAPALI OTOPARK,1,20,24 Saat
2026-08-18T21:32:51.356098+00:00,2026-08-19T00:32:51.356098+03:00,2918,Kadıköy Hasanpaşa Gazhane Katlı Otoparkı,KADIKÖY,40.9972,29.0428,310,165,145,KAPALI OTOPARK,1,15,24 Saat
2026-08-18T21:32:51.356098+00:00,2026-08-19T00:32:51.356098+03:00,1447,Kadıköy İski Açık Otoparkı,KADIKÖY,40.9874,29.0207,124,89,35,AÇIK OTOPARK,0,15,24 Saat
2026-08-18T21:32:51.356098+00:00,2026-08-19T00:32:51.356098+03:00,1655,Kadıköy Metro Açık Otoparkı,KADIKÖY,40.9899,29.0217,74,38,36,AÇIK OTOPARK,0,15,24 Saat
2026-08-18T21:32:51.356098+00:00,2026-08-19T00:32:51.356098+03:00,3445,Kadıköy Uzunçayır PD Açık Otoparkı,KADIKÖY,40.9982,29.0569,70,40,30,AÇIK OTOPARK,0,15,06:30-16:30
2026-08-18T21:32:51.356098+00:00,2026-08-19T00:32:51.356098+03:00,2808,Kadıköy Yeni Salı Pazarı PD Katlı Otoparkı,KADIKÖY,40.9969,29.0486,1350,667,683,KAPALI OTOPARK,1,15,24 Saat
2026-08-18T21:32:51.356098+00:00,2026-08-19T00:32:51.356098+03:00,2811,Kağıthane Harmantepe Zemin Altı Otoparkı,KAĞITHANE,41.0816,28.9907,200,0,200,KAPALI OTOPARK,1,0,24 Saat
2026-08-18T21:32:51.356098+00:00,2026-08-19T00:32:51.356098+03:00,1452,Kalamış Açık Otoparkı,KADIKÖY,40.9687,29.0363,173,142,31,AÇIK OTOPARK,0,15,24 Saat
2026-08-18T21:32:51.356098+00:00,2026-08-19T00:32:51.356098+03:00,1474,Kartal Hasan Doğan Spor Kompleksi,KARTAL,40.8918,29.1897,773,0,773,KAPALI OTOPARK,0,15,24 Saat
2026-08-18T21:32:51.356098+00:00,2026-08-19T00:32:51.356098+03:00,1105,Kartal İdo Açık Otoparkı,KARTAL,40.8874,29.1881,90,0,90,AÇIK OTOPARK,0,15,24 Saat
2026-08-18T21:32:51.356098+00:00,2026-08-19T00:32:51.356098+03:00,1550,Kartal Sahil Açık Otoparkı,KARTAL,40.8875,29.1901,75,54,21,AÇIK OTOPARK,0,5,24 Saat
2026-08-18T21:32:51.356098+00:00,2026-08-19T00:32:51.356098+03:00,3434,Kasımpaşa Sosyal Tesisler Otoparkı,BEYOĞLU,41.0296,28.9673,60,38,22,AÇIK OTOPARK,0,0,07:30-23:00
2026-08-18T21:32:51.356098+00:00,2026-08-19T00:32:51.356098+03:00,1960,Kazlıçeşme Marmaray Açık Otoparkı,ZEYTİNBURNU,40.9922,28.917,700,580,120,AÇIK OTOPARK,0,15,24 Saat
2026-08-18T21:32:51.356098+00:00,2026-08-19T00:32:51.356098+03:00,2994,Kirazlı Metro Durağı PD Açık Otoparkı,BAĞCILAR,41.033,28.8429,112,0,112,AÇIK OTOPARK,0,5,24 Saat
2026-08-18T21:32:51.356098+00:00,2026-08-19T00:32:51.356098+03:00,1528,Kore Şehitleri Caddesi - Yüzbaşı Kaya Aldağon Sokak 1,ŞİŞLİ,41.0719,29.0139,40,1,39,YOL ÜSTÜ,0,15,07:00-16:00
2026-08-18T21:32:51.356098+00:00,2026-08-19T00:32:51.356098+03:00,2449,Kozyatağı Sebze-Meyve Hali,ATAŞEHİR,40.9787,29.1029,1500,1,1499,AÇIK OTOPARK,1,0,24 Saat
2026-08-18T21:32:51.356098+00:00,2026-08-19T00:32:51.356098+03:00,1206,Kutlugün Sokak 2,FATİH,41.0061,28.9801,200,1,199,YOL ÜSTÜ,0,0,08:00-18:00
2026-08-18T21:32:51.356098+00:00,2026-08-19T00:32:51.356098+03:00,3074,Küçük Çamlıca,ÜSKÜDAR,41.0204,29.0653,129,104,25,AÇIK OTOPARK,0,0,08:00-22:00
2026-08-18T21:32:51.356098+00:00,2026-08-19T00:32:51.356098+03:00,3127,Küçükçekmece Cennet Mahallesi Meydan Zemin Altı Otoparkı,KÜÇÜKÇEKMECE,40.9907,28.783,456,0,456,KAPALI OTOPARK,0,10,24 Saat
2026-08-18T21:32:51.356098+00:00,2026-08-19T00:32:51.356098+03:00,2554,Küçükçekmece Fevzi Çakmak Meydanı Zemin Altı Otoparkı,KÜÇÜKÇEKMECE,41.0076,28.7927,1000,478,522,KAPALI OTOPARK,0,10,24 Saat
2026-08-18T21:32:51.356098+00:00,2026-08-19T00:32:51.356098+03:00,2882,Küçüksu Kasrı Açık Otoparkı,BEYKOZ,41.0789,29.0657,98,93,5,AÇIK OTOPARK,0,0,07:00-23:00
2026-08-18T21:32:51.356098+00:00,2026-08-19T00:32:51.356098+03:00,220,Levent Hamidiye,BEŞİKTAŞ,41.0861,29.0076,100,1,99,AÇIK OTOPARK,0,0,08:00-19:00
2026-08-18T21:32:51.356098+00:00,2026-08-19T00:32:51.356098+03:00,1138,Levent Metro Yer Altı Otoparkı,BEŞİKTAŞ,41.0811,29.0105,100,1,99,AÇIK OTOPARK,0,5,07:30-19:30
2026-08-18T21:32:51.356098+00:00,2026-08-19T00:32:51.356098+03:00,2335,Maçka Açık Otoparkı,ŞİŞLİ,41.046,28.9908,75,70,5,AÇIK OTOPARK,1,0,24 Saat
2026-08-18T21:32:51.356098+00:00,2026-08-19T00:32:51.356098+03:00,1859,Maçka Katlı Otoparkı,ŞİŞLİ,41.0484,28.9903,508,249,259,KAPALI OTOPARK,0,0,24 Saat
2026-08-18T21:32:51.356098+00:00,2026-08-19T00:32:51.356098+03:00,3193,Maltepe Rıhtım Caddesi Açık Otoparkı,MALTEPE,40.9258,29.1241,76,44,32,AÇIK OTOPARK,1,0,24 Saat
2026-08-18T21:32:51.356098+00:00,2026-08-19T00:32:51.356098+03:00,2146,Maltepe Süreyyapaşa Çarşısı Açık Otoparkı,MALTEPE,40.9274,29.1225,156,94,62,AÇIK OTOPARK,1,0,24 Saat
2026-08-18T21:32:51.356098+00:00,2026-08-19T00:32:51.356098+03:00,1599,Maslak Açık Otoparkı,SARIYER,41.1166,29.024,150,131,19,AÇIK OTOPARK,0,10,24 Saat
2026-08-18T21:32:51.356098+00:00,2026-08-19T00:32:51.356098+03:00,2100,Matbaacılar Sitesi Yanı,ZEYTİNBURNU,41.0234,28.9187,250,221,29,AÇIK OTOPARK,1,5,24 Saat
2026-08-18T21:32:51.356098+00:00,2026-08-19T00:32:51.356098+03:00,920,Meclis-i Mebusan Yokuşu 2,BEYOĞLU,41.0326,28.9882,34,1,33,YOL ÜSTÜ,0,15,09:00-17:00
2026-08-18T21:32:51.356098+00:00,2026-08-19T00:32:51.356098+03:00,1546,Menekşe Plajı Açık Otoparkı,BAKIRKÖY,40.9761,28.7766,200,200,0,AÇIK OTOPARK,0,0,24 Saat
2026-08-18T21:32:51.356098+00:00,2026-08-19T00:32:51.356098+03:00,1376,Mercan Açık,FATİH,41.0136,28.9669,130,127,3,AÇIK OTOPARK,0,0,08:00-23:00
2026-08-18T21:32:51.356098+00:00,2026-08-19T00:32:51.356098+03:00,3309,Mercan Ali Paşa Sarayı Zemin Altı Otoparkı,FATİH,41.0136,28.967,196,1,195,KAPALI OTOPARK,0,0,07:00-21:00
2026-08-18T21:32:51.356098+00:00,2026-08-19T00:32:51.356098+03:00,1472,Merter Katlı Otoparkı,GÜNGÖREN,41.0092,28.8874,1000,900,100,KAPALI OTOPARK,0,10,24 Saat
2026-08-18T21:32:51.356098+00:00,2026-08-19T00:32:51.356098+03:00,2375,Merter Metro PD Zeminaltı Otoparkı,GÜNGÖREN,41.0037,28.8897,242,78,164,KAPALI OTOPARK,1,10,24 Saat
2026-08-18T21:32:51.356098+00:00,2026-08-19T00:32:51.356098+03:00,1568,Mete Caddesi 1,BEYOĞLU,41.0382,28.9879,31,1,30,YOL ÜSTÜ,0,15,08:00-23:00
2026-08-18T21:32:51.356098+00:00,2026-08-19T00:32:51.356098+03:00,1471,Mevlana Yeraltı Katlı Otoparkı,ZEYTİNBURNU,41.0072,28.9049,1000,846,154,KAPALI OTOPARK,0,5,24 Saat
2026-08-18T21:32:51.356098+00:00,2026-08-19T00:32:51.356098+03:00,2709,Millet Caddesi Açık Otoparkı,FATİH,41.01,28.9461,60,1,59,AÇIK OTOPARK,0,15,24 Saat
2026-08-18T21:32:51.356098+00:00,2026-08-19T00:32:51.356098+03:00,3152,Mimar Sinan Zemin Altı Otoparkı,ÜSKÜDAR,41.0222,29.0169,956,37,919,KAPALI OTOPARK,0,15,24 Saat
2026-08-18T21:32:51.356098+00:00,2026-08-19T00:32:51.356098+03:00,2870,Miniatürk Çadır Açık Otoparkı,BEYOĞLU,41.0594,28.9501,250,196,54,AÇIK OTOPARK,0,15,07:00-20:00
2026-08-18T21:32:51.356098+00:00,2026-08-19T00:32:51.356098+03:00,2556,Muallim Naci Açık Otoparkı,BEŞİKTAŞ,41.0561,29.0342,35,21,14,AÇIK OTOPARK,1,15,24 Saat
2026-08-18T21:32:51.356098+00:00,2026-08-19T00:32:51.356098+03:00,569,Oda Kule Önü 1,BEYOĞLU,41.0322,28.9751,24,1,23,YOL ÜSTÜ,0,0,07:00-01:00
2026-08-18T21:32:51.356098+00:00,2026-08-19T00:32:51.356098+03:00,1988,Orhangazi Şehir Parkı PD Açık Otoparkı,MALTEPE,40.9313,29.1161,5022,4507,515,AÇIK OTOPARK,1,15,24 Saat
2026-08-18T21:32:51.356098+00:00,2026-08-19T00:32:51.356098+03:00,152,Ortabahçe Caddesi 2,BEŞİKTAŞ,41.0428,29.0043,35,1,34,YOL ÜSTÜ,0,15,08:00-23:00
2026-08-18T21:32:51.356098+00:00,2026-08-19T00:32:51.356098+03:00,153,Ortabahçe Caddesi 3,BEŞİKTAŞ,41.043,29.0042,26,1,25,YOL ÜSTÜ,0,15,08:00-23:00
2026-08-18T21:32:51.356098+00:00,2026-08-19T00:32:51.356098+03:00,119,Ortaklar Caddesi 1,ŞİŞLİ,41.0638,28.9971,25,1,24,YOL ÜSTÜ,0,15,08:30-17:00
2026-08-18T21:32:51.356098+00:00,2026-08-19T00:32:51.356098+03:00,1343,Ortaköy Açık Otoparkı,BEŞİKTAŞ,41.0504,29.0326,170,154,16,AÇIK OTOPARK,1,0,24 Saat
2026-08-18T21:32:51.356098+00:00,2026-08-19T00:32:51.356098+03:00,572,Ortaköy Portakal Yokuşu 1,BEŞİKTAŞ,41.0503,29.0261,15,1,14,YOL ÜSTÜ,0,15,09:00-19:00
2026-08-18T21:32:51.356098+00:00,2026-08-19T00:32:51.356098+03:00,1039,Öğretmen Evi,AVCILAR,40.9723,28.714,80,42,38,AÇIK OTOPARK,0,0,11:00-23:00
2026-08-18T21:32:51.356098+00:00,2026-08-19T00:32:51.356098+03:00,1466,Pendik Katlı Otoparkı,PENDİK,40.8789,29.2342,120,0,120,KAPALI OTOPARK,0,15,24 Saat
2026-08-18T21:32:51.356098+00:00,2026-08-19T00:32:51.356098+03:00,3073,Pendik Kemal Kalkuz Parkı Zemin Altı Otoparkı,PENDİK,40.8885,29.2427,224,1,223,KAPALI OTOPARK,0,0,09:00-18:00
2026-08-18T21:32:51.356098+00:00,2026-08-19T00:32:51.356098+03:00,3019,Pendik Meydan Zemin Altı Otoparkı,PENDİK,40.8752,29.2324,937,0,937,KAPALI OTOPARK,1,0,24 Saat
2026-08-18T21:32:51.356098+00:00,2026-08-19T00:32:51.356098+03:00,2865,Pendik Sahil Engelliler Merkez Önü,PENDİK,40.8735,29.233,100,66,34,AÇIK OTOPARK,0,0,11:00-20:00
2026-08-18T21:32:51.356098+00:00,2026-08-19T00:32:51.356098+03:00,2434,Pendik Sahil İdo,PENDİK,40.8755,29.2369,100,0,100,AÇIK OTOPARK,0,0,07:00-23:00
2026-08-18T21:32:51.356098+00:00,2026-08-19T00:32:51.356098+03:00,248,Pendik Yenimahalle Açık 2 Otoparkı,PENDİK,40.864,29.2723,124,79,45,AÇIK OTOPARK,0,15,10:00-22:00
2026-08-18T21:32:51.356098+00:00,2026-08-19T00:32:51.356098+03:00,297,Perşembe Pazarı 1,BEYOĞLU,41.0252,28.9693,32,1,31,YOL ÜSTÜ,0,15,08:00-17:00
2026-08-18T21:32:51.356098+00:00,2026-08-19T00:32:51.356098+03:00,597,Pierre Loti Caddesi 3,FATİH,41.0069,28.9711,36,1,35,YOL ÜSTÜ,0,0,07:00-17:00
2026-08-18T21:32:51.356098+00:00,2026-08-19T00:32:51.356098+03:00,3263,Piyalepaşa Meydanı Zemin Altı Otoparkı,BEYOĞLU,41.0445,28.9674,560,220,340,KAPALI OTOPARK,0,0,24 Saat
2026-08-18T21:32:51.356098+00:00,2026-08-19T00:32:51.356098+03:00,1900,Ragıp Gümüşpala Cad.(Sobacılar Önü),FATİH,41.0181,28.969,40,1,39,YOL ÜSTÜ,0,15,07:00-18:00
2026-08-18T21:32:51.356098+00:00,2026-08-19T00:32:51.356098+03:00,415,Ragıp Gümüşpala Camii Önü 1,FATİH,41.0211,28.9627,35,1,34,YOL ÜSTÜ,0,0,07:00-17:30
2026-08-18T21:32:51.356098+00:00,2026-08-19T00:32:51.356098+03:00,3268,Refik Saydam Caddesi 3,BEYOĞLU,41.032,28.9736,55,1,54,YOL ÜSTÜ,0,0,06:00-23:00
2026-08-18T21:32:51.356098+00:00,2026-08-19T00:32:51.356098+03:00,2307,Ressam Halim Sokak PD Açık Otoparkı,BAHÇELİEVLER,40.9967,28.8641,120,116,4,AÇIK OTOPARK,0,15,08:00-00:00
2026-08-18T21:32:51.356098+00:00,2026-08-19T00:32:51.356098+03:00,3082,Rumeli Hisarı Sahil Yolu Otoparkı,SARIYER,41.0854,29.0568,20,7,13,AÇIK OTOPARK,1,0,24 Saat
2026-08-18T21:32:51.356098+00:00,2026-08-19T00:32:51.356098+03:00,1595,Sabiha Gökçen Açık Otoparkı,PENDİK,40.925,29.308,1056,261,795,AÇIK OTOPARK,0,15,24 Saat
2026-08-18T21:32:51.356098+00:00,2026-08-19T00:32:51.356098+03:00,3239,Samatya Sahil Cep Otoparkı,FATİH,40.9954,28.932,113,98,15,AÇIK OTOPARK,1,15,24 Saat
2026-08-18T21:32:51.356098+00:00,2026-08-19T00:32:51.356098+03:00,3273,Sarıyer Büyükdere Fidanlığı,SARIYER,41.1548,29.0268,160,155,5,AÇIK OTOPARK,0,0,08:00-18:00
2026-08-18T21:32:51.356098+00:00,2026-08-19T00:32:51.356098+03:00,3299,Sariyer Ayazağa Mah Vadi İstanbul Önü Açık Otoparkı,SARIYER,41.1106,28.9881,100,1,99,AÇIK OTOPARK,0,0,08:00-20:00
2026-08-18T21:32:51.356098+00:00,2026-08-19T00:32:51.356098+03:00,1303,Seyrantepe Katlı (Arena Karşısı) 1,KAĞITHANE,41.101,28.9961,1897,1,1896,KAPALI OTOPARK,1,0,24 Saat
2026-08-18T21:32:51.356098+00:00,2026-08-19T00:32:51.356098+03:00,1628,Sıracevizler Caddesi Yol Üstü 5,ŞİŞLİ,41.0607,28.9841,45,1,44,YOL ÜSTÜ,0,15,09:00-17:00
2026-08-18T21:32:51.356098+00:00,2026-08-19T00:32:51.356098+03:00,464,Sirkeci Gar Önü,FATİH,41.015,28.9761,60,1,59,AÇIK OTOPARK,0,5,07:00-20:00
2026-08-18T21:32:51.356098+00:00,2026-08-19T00:32:51.356098+03:00,1486,Siyavuşpaşa Yer Altı Otoparkı,BAHÇELİEVLER,40.9965,28.8532,155,0,155,KAPALI OTOPARK,1,0,24 Saat
2026-08-18T21:32:51.356098+00:00,2026-08-19T00:32:51.356098+03:00,1958,Soğanlık Metro PD Açık Otoparkı,KARTAL,40.9131,29.1925,898,864,34,AÇIK OTOPARK,0,15,24 Saat
2026-08-18T21:32:51.356098+00:00,2026-08-19T00:32:51.356098+03:00,589,Su Terazisi Sokak,FATİH,41.0046,28.9727,22,1,21,YOL ÜSTÜ,0,0,07:30-17:00
2026-08-18T21:32:51.356098+00:00,2026-08-19T00:32:51.356098+03:00,1478,Suadiye Cep Açık Otoparkı,KADIKÖY,40.9586,29.0732,130,114,16,AÇIK OTOPARK,0,15,24 Saat
2026-08-18T21:32:51.356098+00:00,2026-08-19T00:32:51.356098+03:00,2948,Suadiye Sahil Açık Otoparkı,KADIKÖY,40.9562,29.0797,70,62,8,AÇIK OTOPARK,1,5,24 Saat
2026-08-18T21:32:51.356098+00:00,2026-08-19T00:32:51.356098+03:00,2799,Sultanbeyli Emir Caddesi Zemin Altı Otoparkı,SULTANBEYLİ,40.9707,29.2606,130,118,12,KAPALI OTOPARK,0,15,08:00-22:00
2026-08-18T21:32:51.356098+00:00,2026-08-19T00:32:51.356098+03:00,2372,Sultanbeyli Kent Meydanı Zemin Altı Otoparkı,SULTANBEYLİ,40.9667,29.2667,300,197,103,KAPALI OTOPARK,1,15,24 Saat
2026-08-18T21:32:51.356098+00:00,2026-08-19T00:32:51.356098+03:00,2410,Sultangazi Zemin Altı Otoparkı,SULTANGAZİ,41.0944,28.8649,104,0,104,KAPALI OTOPARK,1,10,24 Saat
2026-08-18T21:32:51.356098+00:00,2026-08-19T00:32:51.356098+03:00,2085,Süleyman Seba Caddesi 2,BEŞİKTAŞ,41.0426,28.9998,40,1,39,YOL ÜSTÜ,0,15,08:00-18:00
2026-08-18T21:32:51.356098+00:00,2026-08-19T00:32:51.356098+03:00,2088,Süleyman Seba Caddesi 5,BEŞİKTAŞ,41.0432,28.9978,40,1,39,YOL ÜSTÜ,0,15,08:00-18:00
2026-08-18T21:32:51.356098+00:00,2026-08-19T00:32:51.356098+03:00,2089,Süleyman Seba Caddesi 6,BEŞİKTAŞ,41.0435,28.9967,11,1,10,YOL ÜSTÜ,0,15,08:00-18:00
2026-08-18T21:32:51.356098+00:00,2026-08-19T00:32:51.356098+03:00,2391,Süleymaniye Cami Altı Açık Otoparkı,FATİH,41.0158,28.961,250,234,16,AÇIK OTOPARK,0,0,06:30-18:30
2026-08-18T21:32:51.356098+00:00,2026-08-19T00:32:51.356098+03:00,1730,Sütlüce Miniatürk Yanı,BEYOĞLU,41.057,28.95,320,216,104,AÇIK OTOPARK,1,15,24 Saat
2026-08-18T21:32:51.356098+00:00,2026-08-19T00:32:51.356098+03:00,36,Şakayık Sokak 4,ŞİŞLİ,41.0518,28.9936,50,1,49,YOL ÜSTÜ,0,15,08:00-16:00
2026-08-18T21:32:51.356098+00:00,2026-08-19T00:32:51.356098+03:00,1469,Şehit Volkan Duysak Katlı Otoparkı,ZEYTİNBURNU,40.9968,28.9039,1000,668,332,KAPALI OTOPARK,0,5,24 Saat
2026-08-18T21:32:51.356098+00:00,2026-08-19T00:32:51.356098+03:00,2385,Şehremini Açık Otoparkı 1,FATİH,41.0135,28.9333,60,1,59,AÇIK OTOPARK,0,0,08:30-20:30
2026-08-18T21:32:51.356098+00:00,2026-08-19T00:32:51.356098+03:00,2855,Şemsipaşa Açık Otoparkı,ÜSKÜDAR,41.0255,29.0097,80,70,10,AÇIK OTOPARK,1,0,24 Saat
2026-08-18T21:32:51.356098+00:00,2026-08-19T00:32:51.356098+03:00,2439,Şirinevler Meydan Zeminaltı Otoparkı,BAHÇELİEVLER,40.9925,28.8496,367,84,283,KAPALI OTOPARK,1,0,24 Saat
2026-08-18T21:32:51.356098+00:00,2026-08-19T00:32:51.356098+03:00,3400,Şişhane Refik Saydam Caddesi 2 Yol Üstü Otoparkı 1,BEYOĞLU,41.0326,28.9743,70,1,69,YOL ÜSTÜ,0,15,06:00-23:00
2026-08-18T21:32:51.356098+00:00,2026-08-19T00:32:51.356098+03:00,3441,Şişli Kuştepe Zemin Altı Otoparkı,ŞİŞLİ,41.072,28.9919,430,294,136,KAPALI OTOPARK,0,15,24 Saat
2026-08-18T21:32:51.356098+00:00,2026-08-19T00:32:51.356098+03:00,2816,Şişli Rumeli Caddesi Metro Yanı 1,ŞİŞLİ,41.0538,28.9868,45,1,44,YOL ÜSTÜ,0,15,08:00-20:00
2026-08-18T21:32:51.356098+00:00,2026-08-19T00:32:51.356098+03:00,2406,Şişli Zemin Altı Otoparkı,ŞİŞLİ,41.0641,28.9992,581,416,165,KAPALI OTOPARK,1,15,24 Saat
2026-08-18T21:32:51.356098+00:00,2026-08-19T00:32:51.356098+03:00,1993,Tuzla İdo,TUZLA,40.8149,29.3039,300,272,28,AÇIK OTOPARK,0,15,24 Saat
2026-08-18T21:32:51.356098+00:00,2026-08-19T00:32:51.356098+03:00,3332,Tuzla Sahil Cep,TUZLA,40.8168,29.2992,50,38,12,AÇIK OTOPARK,0,0,08:00-00:00
2026-08-18T21:32:51.356098+00:00,2026-08-19T00:32:51.356098+03:00,3057,Tuzla Sahil Zemin Altı Otoparkı,TUZLA,40.8181,29.3004,779,1,778,KAPALI OTOPARK,1,15,24 Saat
2026-08-18T21:32:51.356098+00:00,2026-08-19T00:32:51.356098+03:00,1811,Ulu Camii Açık Otoparkı,BAHÇELİEVLER,40.9982,28.8499,150,113,37,AÇIK OTOPARK,1,10,24 Saat
2026-08-18T21:32:51.356098+00:00,2026-08-19T00:32:51.356098+03:00,2424,Uzunçayır Açık Otoparkı,KADIKÖY,40.9988,29.0556,58,51,7,AÇIK OTOPARK,0,0,06:00-16:00
2026-08-18T21:32:51.356098+00:00,2026-08-19T00:32:51.356098+03:00,1468,Ümraniye Katlı Otoparkı,ÜMRANİYE,41.0261,29.0953,665,570,95,KAPALI OTOPARK,0,15,24 Saat
2026-08-18T21:32:51.356098+00:00,2026-08-19T00:32:51.356098+03:00,2898,Ümraniye Okan Sokak Zeminaltı Otoparkı,ÜMRANİYE,41.0284,29.0907,125,17,108,KAPALI OTOPARK,1,15,24 Saat
2026-08-18T21:32:51.356098+00:00,2026-08-19T00:32:51.356098+03:00,2345,Üsküdar Uzunçayır PD Açık Otoparkı,ÜSKÜDAR,40.9988,29.0577,90,90,0,AÇIK OTOPARK,0,15,06:00-22:00
2026-08-18T21:32:51.356098+00:00,2026-08-19T00:32:51.356098+03:00,1929,Üsküdar Ünalan Açık Otoparkı,ÜSKÜDAR,40.9979,29.0604,180,175,5,AÇIK OTOPARK,0,0,07:00-17:00
2026-08-18T21:32:51.356098+00:00,2026-08-19T00:32:51.356098+03:00,1487,Vatan Caddesi PD Açık Otoparkı,FATİH,41.0157,28.9405,397,356,41,AÇIK OTOPARK,0,5,24 Saat
2026-08-18T21:32:51.356098+00:00,2026-08-19T00:32:51.356098+03:00,2441,Yalı Açık Otoparkı,MALTEPE,40.9095,29.137,85,82,3,AÇIK OTOPARK,0,0,07:30-22:00
2026-08-18T21:32:51.356098+00:00,2026-08-19T00:32:51.356098+03:00,459,Yalı Köşkü Caddesi 1,FATİH,41.0163,28.9759,61,1,60,YOL ÜSTÜ,0,5,07:00-21:00
2026-08-18T21:32:51.356098+00:00,2026-08-19T00:32:51.356098+03:00,2037,Yenikapı Marmaray Büyük Otoparkı,FATİH,41.0057,28.9505,324,150,174,AÇIK OTOPARK,1,15,24 Saat
2026-08-18T21:32:51.356098+00:00,2026-08-19T00:32:51.356098+03:00,2036,Yenikapı Marmaray Küçük Otoparkı,FATİH,41.0064,28.9504,200,200,0,AÇIK OTOPARK,0,15,07:00-22:00
2026-08-18T21:32:51.356098+00:00,2026-08-19T00:32:51.356098+03:00,2175,Yenikapı Spor ve Kültür Merkezi PD Açık Otoparkı,FATİH,41.0006,28.9519,4023,3959,64,AÇIK OTOPARK,0,15,24 Saat
2026-08-18T21:32:51.356098+00:00,2026-08-19T00:32:51.356098+03:00,2805,Yenikapı Tünel Üstü Açık Otoparkı,FATİH,41.0029,28.9534,700,648,52,AÇIK OTOPARK,1,10,24 Saat
2026-08-18T21:32:51.356098+00:00,2026-08-19T00:32:51.356098+03:00,3404,Yenimahalle Metro Zemin Altı PD Otoparkı,GAZİOSMANPAŞA,41.0839,28.8926,114,94,20,KAPALI OTOPARK,1,15,24 Saat
2026-08-18T21:32:51.356098+00:00,2026-08-19T00:32:51.356098+03:00,2920,Yeşilce Zemin Altı Katlı Otoparkı,KAĞITHANE,41.0938,29.0017,676,0,676,KAPALI OTOPARK,1,0,24 Saat
2026-08-18T21:32:51.356098+00:00,2026-08-19T00:32:51.356098+03:00,987,Yeşilköy İstasyon Caddesi 1,BAKIRKÖY,40.962,28.825,40,1,39,YOL ÜSTÜ,0,15,09:00-17:30
2026-08-18T21:32:51.356098+00:00,2026-08-19T00:32:51.356098+03:00,974,Yeşilköy Marina 1,BAKIRKÖY,40.9576,28.8233,145,1,144,YOL ÜSTÜ,0,0,12:00-23:00
2026-08-18T21:32:51.356098+00:00,2026-08-19T00:32:51.356098+03:00,3406,Yeşilpınar Metro Zemin Altı PD Otoparkı,EYÜP,41.081,28.9204,269,185,84,KAPALI OTOPARK,1,15,24 Saat
2026-08-18T21:32:51.356098+00:00,2026-08-19T00:32:51.356098+03:00,315,Yeşilyurt Çarşı 1,BAKIRKÖY,40.9643,28.8379,50,1,49,YOL ÜSTÜ,0,15,09:00-17:30
2026-08-18T21:32:51.356098+00:00,2026-08-19T00:32:51.356098+03:00,1133,Yıldız Korusu,BEŞİKTAŞ,41.0514,29.0165,500,1,499,AÇIK OTOPARK,0,0,08:00-22:00
2026-08-18T21:32:51.356098+00:00,2026-08-19T00:32:51.356098+03:00,882,Zeytinburnu 58. Bulvar 2,ZEYTİNBURNU,40.9932,28.9039,48,1,47,YOL ÜSTÜ,0,15,09:00-18:00
2026-08-18T21:32:51.356098+00:00,2026-08-19T00:32:51.356098+03:00,3185,Zeytinburnu Sahil Cep Otoparkı,ZEYTİNBURNU,40.9798,28.8985,160,1,159,AÇIK OTOPARK,0,0,12:00-22:00
2026-08-18T22:31:57.223777+00:00,2026-08-19T01:31:57.223777+03:00,3068,15 Temmuz Şehitler Meydanı Zeminaltı Otoparkı,ÜMRANİYE,41.0246,29.0915,1029,573,456,KAPALI OTOPARK,0,15,24 Saat
2026-08-18T22:31:57.223777+00:00,2026-08-19T01:31:57.223777+03:00,2338,19 Mayıs Açık,ŞİŞLİ,41.0563,28.9941,65,0,65,AÇIK OTOPARK,1,0,24 Saat
2026-08-18T22:31:57.223777+00:00,2026-08-19T01:31:57.223777+03:00,1751,4.Levent PD Açık Otoparkı,KAĞITHANE,41.0836,29.0081,236,150,86,AÇIK OTOPARK,1,5,24 Saat
2026-08-18T22:31:57.223777+00:00,2026-08-19T01:31:57.223777+03:00,3328,4.Levent Servis ve Turizm Araçları Açık Otoparkı,ŞİŞLİ,41.0841,29.0054,300,152,148,AÇIK OTOPARK,1,15,24 Saat
2026-08-18T22:31:57.223777+00:00,2026-08-19T01:31:57.223777+03:00,3412,5. Levent Gaziosmanpaşa Adliyesi Yanı Açık Otoparkı,EYÜP,41.0927,28.9494,250,202,48,AÇIK OTOPARK,0,15,07:00-23:00
2026-08-18T22:31:57.223777+00:00,2026-08-19T01:31:57.223777+03:00,104,Abide-i Hürriyet Caddesi 5,ŞİŞLİ,41.0619,28.9876,40,1,39,YOL ÜSTÜ,0,15,08:00-17:00
2026-08-18T22:31:57.223777+00:00,2026-08-19T01:31:57.223777+03:00,2452,Acıbadem Açık Otoparkı,ÜSKÜDAR,41.0157,29.0574,100,86,14,AÇIK OTOPARK,0,0,06:30-16:00
2026-08-18T22:31:57.223777+00:00,2026-08-19T01:31:57.223777+03:00,346,Ada Karşısı Cep 2,BEŞİKTAŞ,41.072,29.045,30,1,29,YOL ÜSTÜ,0,15,08:00-23:00
2026-08-18T22:31:57.223777+00:00,2026-08-19T01:31:57.223777+03:00,1663,Akasyalı Sokak Tenis Kulubü Önü 2,BEŞİKTAŞ,41.0867,29.0109,45,1,44,YOL ÜSTÜ,0,15,08:30-17:30
2026-08-18T22:31:57.223777+00:00,2026-08-19T01:31:57.223777+03:00,828,Akdeniz Caddesi 4,FATİH,41.0175,28.9435,27,1,26,YOL ÜSTÜ,0,15,09:00-18:00
2026-08-18T22:31:57.223777+00:00,2026-08-19T01:31:57.223777+03:00,1913,Alibeyköy Cep Otogarı Açık Otoparkı,EYÜP,41.0879,28.9446,116,0,116,AÇIK OTOPARK,1,25,24 Saat
2026-08-18T22:31:57.223777+00:00,2026-08-19T01:31:57.223777+03:00,1912,Alibeyköy Cep Otogarı Otobüs Otoparkı,EYÜP,41.0875,28.9449,5000,1,4999,AÇIK OTOPARK,1,60,24 Saat
2026-08-18T22:31:57.223777+00:00,2026-08-19T01:31:57.223777+03:00,2562,Alibeyköy Yeşiltepe Zemin Altı Otoparkı,EYÜP,41.0797,28.938,159,51,108,KAPALI OTOPARK,0,15,24 Saat
2026-08-18T22:31:57.223777+00:00,2026-08-19T01:31:57.223777+03:00,3201,Altınboynuz Sosyal Tesisleri,EYÜP,41.058,28.9447,70,1,69,AÇIK OTOPARK,0,15,08:00-23:00
2026-08-18T22:31:57.223777+00:00,2026-08-19T01:31:57.223777+03:00,758,Arap Camii Açık Otoparkı,BEYOĞLU,41.0227,28.9723,30,1,29,AÇIK OTOPARK,0,0,09:00-17:00
2026-08-18T22:31:57.223777+00:00,2026-08-19T01:31:57.223777+03:00,1963,Aras Sokak 1,BÜYÜKÇEKMECE,41.0226,28.622,60,1,59,YOL ÜSTÜ,0,0,06:00-14:30
2026-08-18T22:31:57.223777+00:00,2026-08-19T01:31:57.223777+03:00,2802,Arnavutköy Zemin Altı Otoparkı,ARNAVUTKÖY,41.1838,28.7396,700,7,693,KAPALI OTOPARK,1,15,24 Saat
2026-08-18T22:31:57.223777+00:00,2026-08-19T01:31:57.223777+03:00,1797,Ataköy Atrium AVM,BAKIRKÖY,40.9881,28.8459,250,231,19,AÇIK OTOPARK,0,15,08:00-23:00
2026-08-18T22:31:57.223777+00:00,2026-08-19T01:31:57.223777+03:00,2824,Ataköy Metro Durağı Yanı PD Zemin Altı Otoparkı,BAKIRKÖY,40.9904,28.8456,150,83,67,KAPALI OTOPARK,1,0,24 Saat
2026-08-18T22:31:57.223777+00:00,2026-08-19T01:31:57.223777+03:00,359,Atatürk Bulvarı 1,FATİH,41.0112,28.9534,20,1,19,YOL ÜSTÜ,0,0,07:30-18:00
2026-08-18T22:31:57.223777+00:00,2026-08-19T01:31:57.223777+03:00,3087,Atatürk Kent Ormanı Otoparkı,SARIYER,41.136,29.0262,200,197,3,AÇIK OTOPARK,0,0,08:00-17:00
2026-08-18T22:31:57.223777+00:00,2026-08-19T01:31:57.223777+03:00,2243,Avcılar Denizköşkler Toplantı ve Davet Salonu Açık Otoparkı,AVCILAR,40.9746,28.7435,200,197,3,AÇIK OTOPARK,0,15,13:00-07:00
2026-08-18T22:31:57.223777+00:00,2026-08-19T01:31:57.223777+03:00,1088,Avcılar İdo,AVCILAR,40.9712,28.7185,270,261,9,AÇIK OTOPARK,0,0,13:00-07:00
2026-08-18T22:31:57.223777+00:00,2026-08-19T01:31:57.223777+03:00,2885,Azapkapı Haliç Metro Otoparkı,ŞİŞLİ,41.0245,28.9691,80,63,17,AÇIK OTOPARK,1,5,24 Saat
2026-08-18T22:31:57.223777+00:00,2026-08-19T01:31:57.223777+03:00,2455,Azerbaycan Dostluk Parkı Zemin Altı Otoparkı,BAĞCILAR,41.0444,28.854,400,139,261,KAPALI OTOPARK,0,10,24 Saat
2026-08-18T22:31:57.223777+00:00,2026-08-19T01:31:57.223777+03:00,2965,Bağcılar Çolakoğlu Zemin Altı Otoparkı,BAĞCILAR,41.0324,28.8345,106,0,106,KAPALI OTOPARK,1,5,24 Saat
2026-08-18T22:31:57.223777+00:00,2026-08-19T01:31:57.223777+03:00,2576,Bağcılar Demirkapı Zemin Altı Otoparkı,BAĞCILAR,41.0499,28.8327,343,137,206,KAPALI OTOPARK,1,5,24 Saat
2026-08-18T22:31:57.223777+00:00,2026-08-19T01:31:57.223777+03:00,3036,Bağcılar Devlet Hastanesi Yanı Zeminaltı Otoparkı,BAĞCILAR,41.0312,28.8696,1133,87,1046,KAPALI OTOPARK,1,15,24 Saat
2026-08-18T22:31:57.223777+00:00,2026-08-19T01:31:57.223777+03:00,3071,Bağcılar Emniyet Müdürlüğü Yanı Açık Otoparkı,BAĞCILAR,41.0353,28.8598,100,42,58,AÇIK OTOPARK,1,0,24 Saat
2026-08-18T22:31:57.223777+00:00,2026-08-19T01:31:57.223777+03:00,2873,Bağcılar Göztepe Zemin Altı,BAĞCILAR,41.0567,28.8355,120,0,120,KAPALI OTOPARK,1,5,24 Saat
2026-08-18T22:31:57.223777+00:00,2026-08-19T01:31:57.223777+03:00,3187,Bağcılar Hürriyet Mahallesi Zemin Altı Otoparkı,BAĞCILAR,41.0291,28.8333,355,0,355,KAPALI OTOPARK,1,10,24 Saat
2026-08-18T22:31:57.223777+00:00,2026-08-19T01:31:57.223777+03:00,2916,Bağcılar Kent Meydanı PD Zemin Altı Otoparkı,BAĞCILAR,41.0339,28.8556,1162,0,1162,KAPALI OTOPARK,0,0,24 Saat
2026-08-18T22:31:57.223777+00:00,2026-08-19T01:31:57.223777+03:00,3261,Bağcılar Yenimahalle Zemin Altı Otoparkı,BAĞCILAR,41.0425,28.8395,525,250,275,KAPALI OTOPARK,1,15,24 Saat
2026-08-18T22:31:57.223777+00:00,2026-08-19T01:31:57.223777+03:00,2820,Bağcılar Yıldıztepe Katlı Otoparkı,BAĞCILAR,41.0294,28.8556,350,0,350,KAPALI OTOPARK,1,10,24 Saat
2026-08-18T22:31:57.223777+00:00,2026-08-19T01:31:57.223777+03:00,3447,Bahçelievler 23 Nisan Milli Egemenlik Zeminaltı Otoparkı,BAHÇELİEVLER,40.9988,28.8472,732,398,334,KAPALI OTOPARK,1,10,24 Saat
2026-08-18T22:31:57.223777+00:00,2026-08-19T01:31:57.223777+03:00,2993,Bahçelievler Cumhuriyet Zeminaltı Otoparkı,BAHÇELİEVLER,41.0149,28.859,663,0,663,KAPALI OTOPARK,0,10,24 Saat
2026-08-18T22:31:57.223777+00:00,2026-08-19T01:31:57.223777+03:00,2969,Bahçelievler Devlet Hastanesi Yanı Katlı Otoparkı,BAHÇELİEVLER,41.0072,28.8442,740,0,740,KAPALI OTOPARK,1,0,24 Saat
2026-08-18T22:31:57.223777+00:00,2026-08-19T01:31:57.223777+03:00,3051,Bahçelievler Zafer Mh. Zeminaltı Otoparkı,BAHÇELİEVLER,41.0036,28.8351,200,48,152,KAPALI OTOPARK,1,0,24 Saat
2026-08-18T22:31:57.223777+00:00,2026-08-19T01:31:57.223777+03:00,3236,Bahçeşehir Gölet Açık Otoparkı,BAŞAKŞEHİR,41.0719,28.6901,200,1,199,AÇIK OTOPARK,0,0,12:00-22:00
2026-08-18T22:31:57.223777+00:00,2026-08-19T01:31:57.223777+03:00,1465,Bakırköy İdo Açık Otoparkı,BAKIRKÖY,40.9739,28.8761,160,142,18,AÇIK OTOPARK,1,10,24 Saat
2026-08-18T22:31:57.223777+00:00,2026-08-19T01:31:57.223777+03:00,1104,Balmumcu Katlı Otoparkı,BEŞİKTAŞ,41.0636,29.0109,400,323,77,KAPALI OTOPARK,1,5,24 Saat
2026-08-18T22:31:57.223777+00:00,2026-08-19T01:31:57.223777+03:00,2796,Başakşehir Metro Açık Otoparkı,BAŞAKŞEHİR,41.107,28.801,125,1,124,AÇIK OTOPARK,0,0,07:00-16:00
2026-08-18T22:31:57.223777+00:00,2026-08-19T01:31:57.223777+03:00,2350,Bayrampaşa Adapark Katlı Otoparkı,BAYRAMPAŞA,41.0647,28.8875,650,0,650,KAPALI OTOPARK,0,15,24 Saat
2026-08-18T22:31:57.223777+00:00,2026-08-19T01:31:57.223777+03:00,2892,Bayrampaşa Altıntepsi Zemin  Altı Otoparkı,BAYRAMPAŞA,41.0393,28.9029,110,0,110,KAPALI OTOPARK,0,10,24 Saat
2026-08-18T22:31:57.223777+00:00,2026-08-19T01:31:57.223777+03:00,2909,Bayrampaşa Atatürk Parkı  Zemin Altı Otoparkı,BAYRAMPAŞA,41.0342,28.9123,442,0,442,KAPALI OTOPARK,0,10,24 Saat
2026-08-18T22:31:57.223777+00:00,2026-08-19T01:31:57.223777+03:00,2683,Bayrampaşa Devlet Hastanesi Cep Otoparkı,BAYRAMPAŞA,41.0414,28.9031,55,33,22,AÇIK OTOPARK,0,0,08:00-19:00
2026-08-18T22:31:57.223777+00:00,2026-08-19T01:31:57.223777+03:00,3301,Bayrampaşa Kocatepe Mahallesi Zemin Altı Otoparkı,BAYRAMPAŞA,41.0545,28.8964,241,0,241,KAPALI OTOPARK,1,10,24 Saat
2026-08-18T22:31:57.223777+00:00,2026-08-19T01:31:57.223777+03:00,2053,Bayrampaşa Muratpaşa Yer Altı Otoparkı,BAYRAMPAŞA,41.047,28.9082,300,0,300,KAPALI OTOPARK,0,15,24 Saat
2026-08-18T22:31:57.223777+00:00,2026-08-19T01:31:57.223777+03:00,3175,Bayrampaşa Spor Kompleksi Zemin Altı Otoparkı,BAYRAMPAŞA,41.0446,28.9106,205,0,205,KAPALI OTOPARK,1,15,24 Saat
2026-08-18T22:31:57.223777+00:00,2026-08-19T01:31:57.223777+03:00,3382,Bayrampaşa Şehit Kamil Balkan Zemin Altı Otoparkı,BAYRAMPAŞA,41.0604,28.9008,235,0,235,KAPALI OTOPARK,1,10,24 Saat
2026-08-18T22:31:57.223777+00:00,2026-08-19T01:31:57.223777+03:00,2428,Bayrampaşa Yenidoğan Mahallesi Zemin Altı Otoparkı,BAYRAMPAŞA,41.0395,28.9088,120,0,120,KAPALI OTOPARK,0,10,24 Saat
2026-08-18T22:31:57.223777+00:00,2026-08-19T01:31:57.223777+03:00,2468,Bebek Açık,BEŞİKTAŞ,41.077,29.0434,30,0,30,AÇIK OTOPARK,0,0,24 Saat
2026-08-18T22:31:57.223777+00:00,2026-08-19T01:31:57.223777+03:00,3479,Beşiktaş Halk Pazarı Açık Otoparkı,BEŞİKTAŞ,41.0496,29.0004,170,99,71,AÇIK OTOPARK,1,5,24 Saat
2026-08-18T22:31:57.223777+00:00,2026-08-19T01:31:57.223777+03:00,3257,Beykoz Sahil Cep Otoparkı,BEYKOZ,41.1286,29.0953,100,75,25,AÇIK OTOPARK,0,0,08:00-00:00
2026-08-18T22:31:57.223777+00:00,2026-08-19T01:31:57.223777+03:00,2273,Beykoz Sosyal Tesisleri,BEYKOZ,41.1143,29.0888,130,0,130,AÇIK OTOPARK,0,15,08:00-00:00
2026-08-18T22:31:57.223777+00:00,2026-08-19T01:31:57.223777+03:00,2999,Beyoğlu Gazhane Bostan Sokak 2,BEYOĞLU,41.0389,28.9903,35,1,34,YOL ÜSTÜ,0,0,07:30-16:30
2026-08-18T22:31:57.223777+00:00,2026-08-19T01:31:57.223777+03:00,3072,Beyoğlu Örnektepe Zemin Altı Otoparkı,BEYOĞLU,41.0543,28.9548,143,0,143,KAPALI OTOPARK,0,0,24 Saat
2026-08-18T22:31:57.223777+00:00,2026-08-19T01:31:57.223777+03:00,1455,Bostancı Açık,KADIKÖY,40.9523,29.0902,394,121,273,AÇIK OTOPARK,0,15,24 Saat
2026-08-18T22:31:57.223777+00:00,2026-08-19T01:31:57.223777+03:00,1456,Bostancı Sahil-Cep Açık Otoparkı,KADIKÖY,40.9545,29.0885,192,152,40,AÇIK OTOPARK,0,15,24 Saat
2026-08-18T22:31:57.223777+00:00,2026-08-19T01:31:57.223777+03:00,2150,Bostancı Vergi Dairesi Açık Otoparkı,ATAŞEHİR,40.9625,29.1083,155,0,155,AÇIK OTOPARK,0,5,08:00-20:00
2026-08-18T22:31:57.223777+00:00,2026-08-19T01:31:57.223777+03:00,2854,Bülent Ecevit Kültür Merkezi Açık Otoparkı,KARTAL,40.8852,29.1967,277,266,11,AÇIK OTOPARK,0,0,10:00-21:00
2026-08-18T22:31:57.223777+00:00,2026-08-19T01:31:57.223777+03:00,2866,Büyük İstanbul Otogarı,BAYRAMPAŞA,41.0402,28.8942,1000,0,1000,AÇIK OTOPARK,1,25,24 Saat
2026-08-18T22:31:57.223777+00:00,2026-08-19T01:31:57.223777+03:00,1192,Büyükçamlıca Korusu Sosyal Tesisleri Önü,ÜSKÜDAR,41.0264,29.0698,204,112,92,AÇIK OTOPARK,0,0,08:00-00:00
2026-08-18T22:31:57.223777+00:00,2026-08-19T01:31:57.223777+03:00,2960,Büyükçekmece Metrobüs Durağı Yanı PD Zemin Altı Otopark,BÜYÜKÇEKMECE,41.0221,28.624,448,10,438,KAPALI OTOPARK,0,0,24 Saat
2026-08-18T22:31:57.223777+00:00,2026-08-19T01:31:57.223777+03:00,1503,Cadde Bostan Açık Otoparkı,KADIKÖY,40.9636,29.0675,66,56,10,AÇIK OTOPARK,0,15,24 Saat
2026-08-18T22:31:57.223777+00:00,2026-08-19T01:31:57.223777+03:00,2933,Cemal Kamacı Spor Kompleksi Zemin Altı Otoparkı,KAĞITHANE,41.0536,28.9575,510,0,510,KAPALI OTOPARK,1,0,24 Saat
2026-08-18T22:31:57.223777+00:00,2026-08-19T01:31:57.223777+03:00,2207,Cengiz Topel Yer Altı Katlı Otoparkı,ESENLER,41.0588,28.8643,144,0,144,KAPALI OTOPARK,0,15,24 Saat
2026-08-18T22:31:57.223777+00:00,2026-08-19T01:31:57.223777+03:00,2787,Cevizli Açık Otoparkı,KARTAL,40.9179,29.1712,100,91,9,AÇIK OTOPARK,0,15,08:00-19:00
2026-08-18T22:31:57.223777+00:00,2026-08-19T01:31:57.223777+03:00,782,Cihangir Caddesi 2,BEYOĞLU,41.0319,28.9862,70,1,69,YOL ÜSTÜ,0,15,09:00-19:00
2026-08-18T22:31:57.223777+00:00,2026-08-19T01:31:57.223777+03:00,1467,Cihangir Katlı Otoparkı,BEYOĞLU,41.0318,28.9858,350,0,350,KAPALI OTOPARK,1,0,24 Saat
2026-08-18T22:31:57.223777+00:00,2026-08-19T01:31:57.223777+03:00,535,Cihannuma Yol Üstü 1,BEŞİKTAŞ,41.0454,29.0084,35,1,34,YOL ÜSTÜ,0,0,08:00-23:00
2026-08-18T22:31:57.223777+00:00,2026-08-19T01:31:57.223777+03:00,537,Cihannuma Yol Üstü 3,BEŞİKTAŞ,41.0459,29.0087,33,1,32,YOL ÜSTÜ,0,0,08:00-23:00
2026-08-18T22:31:57.223777+00:00,2026-08-19T01:31:57.223777+03:00,539,Cihannuma Yol Üstü 5,BEŞİKTAŞ,41.0489,29.0094,24,1,23,YOL ÜSTÜ,0,0,08:00-23:00
2026-08-18T22:31:57.223777+00:00,2026-08-19T01:31:57.223777+03:00,3184,Çam Sokak 6,GÜNGÖREN,41.0121,28.8882,50,1,49,YOL ÜSTÜ,0,15,08:00-17:00
2026-08-18T22:31:57.223777+00:00,2026-08-19T01:31:57.223777+03:00,3030,Çekmeköy Metro PD Zemin Altı Otoparkı,ÇEKMEKÖY,41.0147,29.1886,175,59,116,KAPALI OTOPARK,0,15,24 Saat
2026-08-18T22:31:57.223777+00:00,2026-08-19T01:31:57.223777+03:00,2905,Çeliktepe Açık Otoparkı,KAĞITHANE,41.0843,29.0056,200,71,129,AÇIK OTOPARK,1,5,24 Saat
2026-08-18T22:31:57.223777+00:00,2026-08-19T01:31:57.223777+03:00,1298,Çengelköy Açık Otoparkı,ÜSKÜDAR,41.0484,29.0533,500,317,183,AÇIK OTOPARK,0,15,24 Saat
2026-08-18T22:31:57.223777+00:00,2026-08-19T01:31:57.223777+03:00,502,Çınar Açık Otoparkı,BEŞİKTAŞ,41.0853,29.0088,65,1,64,AÇIK OTOPARK,0,0,08:00-18:00
2026-08-18T22:31:57.223777+00:00,2026-08-19T01:31:57.223777+03:00,777,Çırağan Sarayı Yol Üstü 1,BEŞİKTAŞ,41.0448,29.0165,40,1,39,YOL ÜSTÜ,0,15,08:00-23:00
2026-08-18T22:31:57.223777+00:00,2026-08-19T01:31:57.223777+03:00,778,Çırağan Sarayı Yol Üstü 2,BEŞİKTAŞ,41.0445,29.0156,40,1,39,YOL ÜSTÜ,0,15,08:00-23:00
2026-08-18T22:31:57.223777+00:00,2026-08-19T01:31:57.223777+03:00,2228,Çırpıcı Sosyal Tesisler,ZEYTİNBURNU,41,28.8926,128,0,128,AÇIK OTOPARK,0,15,07:00-00:00
2026-08-18T22:31:57.223777+00:00,2026-08-19T01:31:57.223777+03:00,2030,Dalyan Açık Otoparkı,KADIKÖY,40.9632,29.0651,92,74,18,AÇIK OTOPARK,0,15,24 Saat
2026-08-18T22:31:57.223777+00:00,2026-08-19T01:31:57.223777+03:00,2271,Damla Sokak 1,ŞİŞLİ,41.0672,29.0004,17,1,16,YOL ÜSTÜ,0,15,07:30-16:30
2026-08-18T22:31:57.223777+00:00,2026-08-19T01:31:57.223777+03:00,2164,Darüşşafaka Yeraltı Otoparkı,SARIYER,41.1292,29.0252,150,146,4,KAPALI OTOPARK,0,15,08:00-00:00
2026-08-18T22:31:57.223777+00:00,2026-08-19T01:31:57.223777+03:00,1653,Deniz Feneri Otoparkı,FATİH,41.0019,28.9773,175,122,53,AÇIK OTOPARK,0,5,24 Saat
2026-08-18T22:31:57.223777+00:00,2026-08-19T01:31:57.223777+03:00,595,Dostluk Yurdu 1,FATİH,41.0071,28.973,33,1,32,YOL ÜSTÜ,0,15,07:00-17:00
2026-08-18T22:31:57.223777+00:00,2026-08-19T01:31:57.223777+03:00,2237,Dragos Sosyal Tesisleri,KARTAL,40.9017,29.1458,100,61,39,AÇIK OTOPARK,1,15,24 Saat
2026-08-18T22:31:57.223777+00:00,2026-08-19T01:31:57.223777+03:00,3063,Dudullu Metro PD Zemin Altı Otoparkı,ÜMRANİYE,41.0156,29.1633,81,59,22,KAPALI OTOPARK,0,15,07:00-23:30
2026-08-18T22:31:57.223777+00:00,2026-08-19T01:31:57.223777+03:00,1522,Ebu Suut Caddesi 1,FATİH,41.0128,28.9766,35,1,34,YOL ÜSTÜ,0,0,08:00-18:00
2026-08-18T22:31:57.223777+00:00,2026-08-19T01:31:57.223777+03:00,2147,EGS Blokları Açık Otoparkı,BAKIRKÖY,40.9863,28.8354,350,59,291,AÇIK OTOPARK,0,60,09:00-19:30
2026-08-18T22:31:57.223777+00:00,2026-08-19T01:31:57.223777+03:00,2366,Esenler Adem Baştürk Kültür Merkezi Katlı,ESENLER,41.039,28.8846,460,0,460,KAPALI OTOPARK,1,15,24 Saat
2026-08-18T22:31:57.223777+00:00,2026-08-19T01:31:57.223777+03:00,3190,Esenler Havaalanı Mahallesi Zemin Altı Otoparkı,ESENLER,41.0562,28.8674,610,298,312,KAPALI OTOPARK,1,10,24 Saat
2026-08-18T22:31:57.223777+00:00,2026-08-19T01:31:57.223777+03:00,3011,Esenler Menderes Metro İstasyonu Yanı,ESENLER,41.0427,28.8783,68,0,68,AÇIK OTOPARK,1,5,24 Saat
2026-08-18T22:31:57.223777+00:00,2026-08-19T01:31:57.223777+03:00,2822,Esenler Menderes Parkı Zemin Altı Otoparkı,ESENLER,41.0412,28.8729,325,0,325,KAPALI OTOPARK,1,10,24 Saat
2026-08-18T22:31:57.223777+00:00,2026-08-19T01:31:57.223777+03:00,3303,Esenyurt Adile Naşit Bulvarı Zeminaltı Otoparkı,ESENYURT,41.0205,28.6859,367,286,81,KAPALI OTOPARK,1,15,24 Saat
2026-08-18T22:31:57.223777+00:00,2026-08-19T01:31:57.223777+03:00,1328,Eski Salı Pazarı,KADIKÖY,40.9904,29.0338,760,26,734,AÇIK OTOPARK,0,15,24 Saat
2026-08-18T22:31:57.223777+00:00,2026-08-19T01:31:57.223777+03:00,904,Eyüp Pierloti Caddesi 1,EYÜP,41.0539,28.9329,40,1,39,YOL ÜSTÜ,0,0,09:00-22:00
2026-08-18T22:31:57.223777+00:00,2026-08-19T01:31:57.223777+03:00,2850,Eyüpsultan Akşemsettin Mahallesi Zemin Altı Otoparkı,EYÜP,41.085,28.9258,110,0,110,KAPALI OTOPARK,0,15,24 Saat
2026-08-18T22:31:57.223777+00:00,2026-08-19T01:31:57.223777+03:00,2215,Fatih Çeşmesi Tabiat Parkı Otoparkı,SARIYER,41.1686,28.9448,250,242,8,AÇIK OTOPARK,0,0,06:00-20:00
2026-08-18T22:31:57.223777+00:00,2026-08-19T01:31:57.223777+03:00,1475,Fatih Katlı Otoparkı,FATİH,41.0198,28.9396,118,0,118,KAPALI OTOPARK,0,10,24 Saat
2026-08-18T22:31:57.223777+00:00,2026-08-19T01:31:57.223777+03:00,1591,Feshane PD Açık Otoparkı,EYÜP,41.0463,28.9378,200,118,82,AÇIK OTOPARK,1,15,24 Saat
2026-08-18T22:31:57.223777+00:00,2026-08-19T01:31:57.223777+03:00,1005,Florya Havuzlu Bahçe,BAKIRKÖY,40.9764,28.7908,135,1,134,AÇIK OTOPARK,0,0,09:00-23:00
2026-08-18T22:31:57.223777+00:00,2026-08-19T01:31:57.223777+03:00,2238,Florya Sosyal Tesisleri,BAKIRKÖY,40.9614,28.8091,1074,1015,59,AÇIK OTOPARK,0,15,24 Saat
2026-08-18T22:31:57.223777+00:00,2026-08-19T01:31:57.223777+03:00,1704,Gazi Umur Paşa Sokak 5,BEŞİKTAŞ,41.0589,29.0114,45,1,44,YOL ÜSTÜ,0,15,08:00-17:00
2026-08-18T22:31:57.223777+00:00,2026-08-19T01:31:57.223777+03:00,3296,Gaziosmanpaşa Meydanı ve Yaşam Merkezi Zemin Altı Otoparkı,GAZİOSMANPAŞA,41.0606,28.9093,202,0,202,KAPALI OTOPARK,1,15,24 Saat
2026-08-18T22:31:57.223777+00:00,2026-08-19T01:31:57.223777+03:00,2971,Gaziosmanpaşa Zemin Altı Otoparkı,GAZİOSMANPAŞA,41.0796,28.8858,285,0,285,KAPALI OTOPARK,1,0,24 Saat
2026-08-18T22:31:57.223777+00:00,2026-08-19T01:31:57.223777+03:00,3401,Giyimkent Tekstilkent Metro Zemin Altı PD Otoparkı,ESENLER,41.0711,28.8666,203,182,21,KAPALI OTOPARK,0,10,24 Saat
2026-08-18T22:31:57.223777+00:00,2026-08-19T01:31:57.223777+03:00,2242,Gözdağı Sosyal Tesisler  Açık Otoparkı,PENDİK,40.893,29.2538,300,216,84,AÇIK OTOPARK,0,0,07:00-23:00
2026-08-18T22:31:57.223777+00:00,2026-08-19T01:31:57.223777+03:00,1879,Gülsuyu Metro PD Yer Altı Otoparkı,MALTEPE,40.9237,29.1548,76,0,76,KAPALI OTOPARK,0,15,08:00-00:00
2026-08-18T22:31:57.223777+00:00,2026-08-19T01:31:57.223777+03:00,1423,Güneş Plajı 1,BAKIRKÖY,40.9712,28.79,250,235,15,AÇIK OTOPARK,0,10,24 Saat
2026-08-18T22:31:57.223777+00:00,2026-08-19T01:31:57.223777+03:00,1461,Güneş Plajı 2,BAKIRKÖY,40.9692,28.7951,135,117,18,AÇIK OTOPARK,0,10,08:00-20:00
2026-08-18T22:31:57.223777+00:00,2026-08-19T01:31:57.223777+03:00,3053,Güngören Nikah Dairesi Zemin Altı otoparkı,GÜNGÖREN,41.0363,28.8718,147,0,147,KAPALI OTOPARK,1,10,24 Saat
2026-08-18T22:31:57.223777+00:00,2026-08-19T01:31:57.223777+03:00,2216,Gürpınar Balık Hali Otoparkı,BEYLİKDÜZÜ,40.9663,28.6019,1000,608,392,AÇIK OTOPARK,0,15,24 Saat
2026-08-18T22:31:57.223777+00:00,2026-08-19T01:31:57.223777+03:00,1525,Hacıosman Metro Yer Altı Otoparkı,SARIYER,41.14,29.0306,422,290,132,KAPALI OTOPARK,0,15,24 Saat
2026-08-18T22:31:57.223777+00:00,2026-08-19T01:31:57.223777+03:00,1470,Haldun Alagaş Katlı Otoparkı,ÜMRANİYE,41.0262,29.1052,197,98,99,KAPALI OTOPARK,1,15,24 Saat
2026-08-18T22:31:57.223777+00:00,2026-08-19T01:31:57.223777+03:00,3235,Haliç Sosyal Tesisleri Otoparkı,FATİH,41.0277,28.9572,60,53,7,AÇIK OTOPARK,0,15,07:00-00:00
2026-08-18T22:31:57.223777+00:00,2026-08-19T01:31:57.223777+03:00,2848,Halkalı Mahallesi Zemin Altı Otoparkı,KÜÇÜKÇEKMECE,41.0359,28.7848,347,267,80,KAPALI OTOPARK,0,15,24 Saat
2026-08-18T22:31:57.223777+00:00,2026-08-19T01:31:57.223777+03:00,2838,Hamidiye Mahallesi Katlı Otoparkı,KAĞITHANE,41.0949,28.971,450,171,279,KAPALI OTOPARK,1,15,24 Saat
2026-08-18T22:31:57.223777+00:00,2026-08-19T01:31:57.223777+03:00,1446,Harbiye Zemin Altı Otoparkı,BEYOĞLU,41.0408,28.9869,142,74,68,KAPALI OTOPARK,0,5,24 Saat
2026-08-18T22:31:57.223777+00:00,2026-08-19T01:31:57.223777+03:00,2332,Haydarpaşa Katlı Otoparkı,ÜSKÜDAR,41.0048,29.0251,840,763,77,KAPALI OTOPARK,1,15,24 Saat
2026-08-18T22:31:57.223777+00:00,2026-08-19T01:31:57.223777+03:00,1987,Haznedar Yer Altı Otoparkı,GÜNGÖREN,41.0083,28.8729,540,0,540,KAPALI OTOPARK,0,0,24 Saat
2026-08-18T22:31:57.223777+00:00,2026-08-19T01:31:57.223777+03:00,377,Hızır Külhani Sokak,FATİH,41.0202,28.9605,32,1,31,YOL ÜSTÜ,0,15,09:00-17:00
2026-08-18T22:31:57.223777+00:00,2026-08-19T01:31:57.223777+03:00,3173,Hürriyet Mahallesi Zeminaltı Otoparkı,GAZİOSMANPAŞA,41.0708,28.8951,190,0,190,KAPALI OTOPARK,1,15,24 Saat
2026-08-18T22:31:57.223777+00:00,2026-08-19T01:31:57.223777+03:00,157,Ihlamur Dere Caddesi 4,BEŞİKTAŞ,41.047,29.0023,27,1,26,YOL ÜSTÜ,0,15,09:00-17:00
2026-08-18T22:31:57.223777+00:00,2026-08-19T01:31:57.223777+03:00,1189,İçerenköy Sebze Meyve Hali Otoparkı,ATAŞEHİR,40.9766,29.1044,600,1,599,AÇIK OTOPARK,0,15,24 Saat
2026-08-18T22:31:57.223777+00:00,2026-08-19T01:31:57.223777+03:00,1127,İshakpaşa Caddesi,FATİH,41.0079,28.9814,200,1,199,YOL ÜSTÜ,0,0,08:00-18:00
2026-08-18T22:31:57.223777+00:00,2026-08-19T01:31:57.223777+03:00,3265,İspark İstanbul West Marina Açık Otoparkı 1,BEYLİKDÜZÜ,40.9636,28.6564,250,1,249,AÇIK OTOPARK,0,15,24 Saat
2026-08-18T22:31:57.223777+00:00,2026-08-19T01:31:57.223777+03:00,2793,İspark Merter Katlı Otoparkı,GÜNGÖREN,41.0097,28.89,900,459,441,KAPALI OTOPARK,1,10,24 Saat
2026-08-18T22:31:57.223777+00:00,2026-08-19T01:31:57.223777+03:00,2430,İspark West İstanbul Marina Açık Otoparkı,BEYLİKDÜZÜ,40.9639,28.6591,1600,1031,569,AÇIK OTOPARK,0,15,24 Saat
2026-08-18T22:31:57.223777+00:00,2026-08-19T01:31:57.223777+03:00,381,İstinye 4 ( Cami Önü ),SARIYER,41.1149,29.0571,25,1,24,YOL ÜSTÜ,0,15,08:30-17:30
2026-08-18T22:31:57.223777+00:00,2026-08-19T01:31:57.223777+03:00,1804,İtalyan Hastanesi Karşısı Açık Otoparkı 1,BEYOĞLU,41.028,28.9815,30,1,29,AÇIK OTOPARK,0,0,08:00-19:00
2026-08-18T22:31:57.223777+00:00,2026-08-19T01:31:57.223777+03:00,507,Kabasakal Medrese Önü,FATİH,41.0062,28.9789,65,1,64,AÇIK OTOPARK,0,0,08:00-18:30
2026-08-18T22:31:57.223777+00:00,2026-08-19T01:31:57.223777+03:00,3306,Kabataş Transfer Merkezi Turizm Otobüs Otoparkı,BEYOĞLU,41.0336,28.9923,160,110,50,KAPALI OTOPARK,1,20,24 Saat
2026-08-18T22:31:57.223777+00:00,2026-08-19T01:31:57.223777+03:00,2918,Kadıköy Hasanpaşa Gazhane Katlı Otoparkı,KADIKÖY,40.9972,29.0428,310,181,129,KAPALI OTOPARK,1,15,24 Saat
2026-08-18T22:31:57.223777+00:00,2026-08-19T01:31:57.223777+03:00,1447,Kadıköy İski Açık Otoparkı,KADIKÖY,40.9874,29.0207,124,107,17,AÇIK OTOPARK,0,15,24 Saat
2026-08-18T22:31:57.223777+00:00,2026-08-19T01:31:57.223777+03:00,1655,Kadıköy Metro Açık Otoparkı,KADIKÖY,40.9899,29.0217,74,59,15,AÇIK OTOPARK,0,15,24 Saat
2026-08-18T22:31:57.223777+00:00,2026-08-19T01:31:57.223777+03:00,3445,Kadıköy Uzunçayır PD Açık Otoparkı,KADIKÖY,40.9982,29.0569,70,40,30,AÇIK OTOPARK,0,15,06:30-16:30
2026-08-18T22:31:57.223777+00:00,2026-08-19T01:31:57.223777+03:00,2808,Kadıköy Yeni Salı Pazarı PD Katlı Otoparkı,KADIKÖY,40.9969,29.0486,1350,673,677,KAPALI OTOPARK,1,15,24 Saat
2026-08-18T22:31:57.223777+00:00,2026-08-19T01:31:57.223777+03:00,2811,Kağıthane Harmantepe Zemin Altı Otoparkı,KAĞITHANE,41.0816,28.9907,200,0,200,KAPALI OTOPARK,1,0,24 Saat
2026-08-18T22:31:57.223777+00:00,2026-08-19T01:31:57.223777+03:00,1452,Kalamış Açık Otoparkı,KADIKÖY,40.9687,29.0363,173,159,14,AÇIK OTOPARK,0,15,24 Saat
2026-08-18T22:31:57.223777+00:00,2026-08-19T01:31:57.223777+03:00,1474,Kartal Hasan Doğan Spor Kompleksi,KARTAL,40.8918,29.1897,773,0,773,KAPALI OTOPARK,0,15,24 Saat
2026-08-18T22:31:57.223777+00:00,2026-08-19T01:31:57.223777+03:00,1105,Kartal İdo Açık Otoparkı,KARTAL,40.8874,29.1881,90,0,90,AÇIK OTOPARK,0,15,24 Saat
2026-08-18T22:31:57.223777+00:00,2026-08-19T01:31:57.223777+03:00,1550,Kartal Sahil Açık Otoparkı,KARTAL,40.8875,29.1901,75,54,21,AÇIK OTOPARK,0,5,24 Saat
2026-08-18T22:31:57.223777+00:00,2026-08-19T01:31:57.223777+03:00,3434,Kasımpaşa Sosyal Tesisler Otoparkı,BEYOĞLU,41.0296,28.9673,60,38,22,AÇIK OTOPARK,0,0,07:30-23:00
2026-08-18T22:31:57.223777+00:00,2026-08-19T01:31:57.223777+03:00,1960,Kazlıçeşme Marmaray Açık Otoparkı,ZEYTİNBURNU,40.9922,28.917,700,648,52,AÇIK OTOPARK,0,15,24 Saat
2026-08-18T22:31:57.223777+00:00,2026-08-19T01:31:57.223777+03:00,2994,Kirazlı Metro Durağı PD Açık Otoparkı,BAĞCILAR,41.033,28.8429,112,0,112,AÇIK OTOPARK,0,5,24 Saat
2026-08-18T22:31:57.223777+00:00,2026-08-19T01:31:57.223777+03:00,1528,Kore Şehitleri Caddesi - Yüzbaşı Kaya Aldağon Sokak 1,ŞİŞLİ,41.0719,29.0139,40,1,39,YOL ÜSTÜ,0,15,07:00-16:00
2026-08-18T22:31:57.223777+00:00,2026-08-19T01:31:57.223777+03:00,2449,Kozyatağı Sebze-Meyve Hali,ATAŞEHİR,40.9787,29.1029,1500,1,1499,AÇIK OTOPARK,1,0,24 Saat
2026-08-18T22:31:57.223777+00:00,2026-08-19T01:31:57.223777+03:00,1206,Kutlugün Sokak 2,FATİH,41.0061,28.9801,200,1,199,YOL ÜSTÜ,0,0,08:00-18:00
2026-08-18T22:31:57.223777+00:00,2026-08-19T01:31:57.223777+03:00,3074,Küçük Çamlıca,ÜSKÜDAR,41.0204,29.0653,129,104,25,AÇIK OTOPARK,0,0,08:00-22:00
2026-08-18T22:31:57.223777+00:00,2026-08-19T01:31:57.223777+03:00,3127,Küçükçekmece Cennet Mahallesi Meydan Zemin Altı Otoparkı,KÜÇÜKÇEKMECE,40.9907,28.783,456,0,456,KAPALI OTOPARK,0,10,24 Saat
2026-08-18T22:31:57.223777+00:00,2026-08-19T01:31:57.223777+03:00,2554,Küçükçekmece Fevzi Çakmak Meydanı Zemin Altı Otoparkı,KÜÇÜKÇEKMECE,41.0076,28.7927,1000,471,529,KAPALI OTOPARK,0,10,24 Saat
2026-08-18T22:31:57.223777+00:00,2026-08-19T01:31:57.223777+03:00,2882,Küçüksu Kasrı Açık Otoparkı,BEYKOZ,41.0789,29.0657,98,93,5,AÇIK OTOPARK,0,0,07:00-23:00
2026-08-18T22:31:57.223777+00:00,2026-08-19T01:31:57.223777+03:00,220,Levent Hamidiye,BEŞİKTAŞ,41.0861,29.0076,100,1,99,AÇIK OTOPARK,0,0,08:00-19:00
2026-08-18T22:31:57.223777+00:00,2026-08-19T01:31:57.223777+03:00,1138,Levent Metro Yer Altı Otoparkı,BEŞİKTAŞ,41.0811,29.0105,100,1,99,AÇIK OTOPARK,0,5,07:30-19:30
2026-08-18T22:31:57.223777+00:00,2026-08-19T01:31:57.223777+03:00,2335,Maçka Açık Otoparkı,ŞİŞLİ,41.046,28.9908,75,71,4,AÇIK OTOPARK,1,0,24 Saat
2026-08-18T22:31:57.223777+00:00,2026-08-19T01:31:57.223777+03:00,1859,Maçka Katlı Otoparkı,ŞİŞLİ,41.0484,28.9903,508,257,251,KAPALI OTOPARK,0,0,24 Saat
2026-08-18T22:31:57.223777+00:00,2026-08-19T01:31:57.223777+03:00,3193,Maltepe Rıhtım Caddesi Açık Otoparkı,MALTEPE,40.9258,29.1241,76,65,11,AÇIK OTOPARK,1,0,24 Saat
2026-08-18T22:31:57.223777+00:00,2026-08-19T01:31:57.223777+03:00,2146,Maltepe Süreyyapaşa Çarşısı Açık Otoparkı,MALTEPE,40.9274,29.1225,156,119,37,AÇIK OTOPARK,1,0,24 Saat
2026-08-18T22:31:57.223777+00:00,2026-08-19T01:31:57.223777+03:00,1599,Maslak Açık Otoparkı,SARIYER,41.1166,29.024,150,132,18,AÇIK OTOPARK,0,10,24 Saat
2026-08-18T22:31:57.223777+00:00,2026-08-19T01:31:57.223777+03:00,2100,Matbaacılar Sitesi Yanı,ZEYTİNBURNU,41.0234,28.9187,250,222,28,AÇIK OTOPARK,1,5,24 Saat
2026-08-18T22:31:57.223777+00:00,2026-08-19T01:31:57.223777+03:00,920,Meclis-i Mebusan Yokuşu 2,BEYOĞLU,41.0326,28.9882,34,1,33,YOL ÜSTÜ,0,15,09:00-17:00
2026-08-18T22:31:57.223777+00:00,2026-08-19T01:31:57.223777+03:00,1546,Menekşe Plajı Açık Otoparkı,BAKIRKÖY,40.9761,28.7766,200,200,0,AÇIK OTOPARK,0,0,24 Saat
2026-08-18T22:31:57.223777+00:00,2026-08-19T01:31:57.223777+03:00,1376,Mercan Açık,FATİH,41.0136,28.9669,130,127,3,AÇIK OTOPARK,0,0,08:00-23:00
2026-08-18T22:31:57.223777+00:00,2026-08-19T01:31:57.223777+03:00,3309,Mercan Ali Paşa Sarayı Zemin Altı Otoparkı,FATİH,41.0136,28.967,196,1,195,KAPALI OTOPARK,0,0,07:00-21:00
2026-08-18T22:31:57.223777+00:00,2026-08-19T01:31:57.223777+03:00,1472,Merter Katlı Otoparkı,GÜNGÖREN,41.0092,28.8874,1000,900,100,KAPALI OTOPARK,0,10,24 Saat
2026-08-18T22:31:57.223777+00:00,2026-08-19T01:31:57.223777+03:00,2375,Merter Metro PD Zeminaltı Otoparkı,GÜNGÖREN,41.0037,28.8897,242,79,163,KAPALI OTOPARK,1,10,24 Saat
2026-08-18T22:31:57.223777+00:00,2026-08-19T01:31:57.223777+03:00,1568,Mete Caddesi 1,BEYOĞLU,41.0382,28.9879,31,1,30,YOL ÜSTÜ,0,15,08:00-23:00
2026-08-18T22:31:57.223777+00:00,2026-08-19T01:31:57.223777+03:00,1471,Mevlana Yeraltı Katlı Otoparkı,ZEYTİNBURNU,41.0072,28.9049,1000,836,164,KAPALI OTOPARK,0,5,24 Saat
2026-08-18T22:31:57.223777+00:00,2026-08-19T01:31:57.223777+03:00,2709,Millet Caddesi Açık Otoparkı,FATİH,41.01,28.9461,60,1,59,AÇIK OTOPARK,0,15,24 Saat
2026-08-18T22:31:57.223777+00:00,2026-08-19T01:31:57.223777+03:00,3152,Mimar Sinan Zemin Altı Otoparkı,ÜSKÜDAR,41.0222,29.0169,956,73,883,KAPALI OTOPARK,0,15,24 Saat
2026-08-18T22:31:57.223777+00:00,2026-08-19T01:31:57.223777+03:00,2870,Miniatürk Çadır Açık Otoparkı,BEYOĞLU,41.0594,28.9501,250,196,54,AÇIK OTOPARK,0,15,07:00-20:00
2026-08-18T22:31:57.223777+00:00,2026-08-19T01:31:57.223777+03:00,2556,Muallim Naci Açık Otoparkı,BEŞİKTAŞ,41.0561,29.0342,35,25,10,AÇIK OTOPARK,1,15,24 Saat
2026-08-18T22:31:57.223777+00:00,2026-08-19T01:31:57.223777+03:00,569,Oda Kule Önü 1,BEYOĞLU,41.0322,28.9751,24,1,23,YOL ÜSTÜ,0,0,07:00-01:00
2026-08-18T22:31:57.223777+00:00,2026-08-19T01:31:57.223777+03:00,1988,Orhangazi Şehir Parkı PD Açık Otoparkı,MALTEPE,40.9313,29.1161,5022,4624,398,AÇIK OTOPARK,1,15,24 Saat
2026-08-18T22:31:57.223777+00:00,2026-08-19T01:31:57.223777+03:00,152,Ortabahçe Caddesi 2,BEŞİKTAŞ,41.0428,29.0043,35,1,34,YOL ÜSTÜ,0,15,08:00-23:00
2026-08-18T22:31:57.223777+00:00,2026-08-19T01:31:57.223777+03:00,153,Ortabahçe Caddesi 3,BEŞİKTAŞ,41.043,29.0042,26,1,25,YOL ÜSTÜ,0,15,08:00-23:00
2026-08-18T22:31:57.223777+00:00,2026-08-19T01:31:57.223777+03:00,119,Ortaklar Caddesi 1,ŞİŞLİ,41.0638,28.9971,25,1,24,YOL ÜSTÜ,0,15,08:30-17:00
2026-08-18T22:31:57.223777+00:00,2026-08-19T01:31:57.223777+03:00,1343,Ortaköy Açık Otoparkı,BEŞİKTAŞ,41.0504,29.0326,170,160,10,AÇIK OTOPARK,1,0,24 Saat
2026-08-18T22:31:57.223777+00:00,2026-08-19T01:31:57.223777+03:00,572,Ortaköy Portakal Yokuşu 1,BEŞİKTAŞ,41.0503,29.0261,15,1,14,YOL ÜSTÜ,0,15,09:00-19:00
2026-08-18T22:31:57.223777+00:00,2026-08-19T01:31:57.223777+03:00,1039,Öğretmen Evi,AVCILAR,40.9723,28.714,80,42,38,AÇIK OTOPARK,0,0,11:00-23:00
2026-08-18T22:31:57.223777+00:00,2026-08-19T01:31:57.223777+03:00,1466,Pendik Katlı Otoparkı,PENDİK,40.8789,29.2342,120,0,120,KAPALI OTOPARK,0,15,24 Saat
2026-08-18T22:31:57.223777+00:00,2026-08-19T01:31:57.223777+03:00,3073,Pendik Kemal Kalkuz Parkı Zemin Altı Otoparkı,PENDİK,40.8885,29.2427,224,1,223,KAPALI OTOPARK,0,0,09:00-18:00
2026-08-18T22:31:57.223777+00:00,2026-08-19T01:31:57.223777+03:00,3019,Pendik Meydan Zemin Altı Otoparkı,PENDİK,40.8752,29.2324,937,0,937,KAPALI OTOPARK,1,0,24 Saat
2026-08-18T22:31:57.223777+00:00,2026-08-19T01:31:57.223777+03:00,2865,Pendik Sahil Engelliler Merkez Önü,PENDİK,40.8735,29.233,100,66,34,AÇIK OTOPARK,0,0,11:00-20:00
2026-08-18T22:31:57.223777+00:00,2026-08-19T01:31:57.223777+03:00,2434,Pendik Sahil İdo,PENDİK,40.8755,29.2369,100,0,100,AÇIK OTOPARK,0,0,07:00-23:00
2026-08-18T22:31:57.223777+00:00,2026-08-19T01:31:57.223777+03:00,248,Pendik Yenimahalle Açık 2 Otoparkı,PENDİK,40.864,29.2723,124,79,45,AÇIK OTOPARK,0,15,10:00-22:00
2026-08-18T22:31:57.223777+00:00,2026-08-19T01:31:57.223777+03:00,297,Perşembe Pazarı 1,BEYOĞLU,41.0252,28.9693,32,1,31,YOL ÜSTÜ,0,15,08:00-17:00
2026-08-18T22:31:57.223777+00:00,2026-08-19T01:31:57.223777+03:00,597,Pierre Loti Caddesi 3,FATİH,41.0069,28.9711,36,1,35,YOL ÜSTÜ,0,0,07:00-17:00
2026-08-18T22:31:57.223777+00:00,2026-08-19T01:31:57.223777+03:00,3263,Piyalepaşa Meydanı Zemin Altı Otoparkı,BEYOĞLU,41.0445,28.9674,560,213,347,KAPALI OTOPARK,0,0,24 Saat
2026-08-18T22:31:57.223777+00:00,2026-08-19T01:31:57.223777+03:00,1900,Ragıp Gümüşpala Cad.(Sobacılar Önü),FATİH,41.0181,28.969,40,1,39,YOL ÜSTÜ,0,15,07:00-18:00
2026-08-18T22:31:57.223777+00:00,2026-08-19T01:31:57.223777+03:00,415,Ragıp Gümüşpala Camii Önü 1,FATİH,41.0211,28.9627,35,1,34,YOL ÜSTÜ,0,0,07:00-17:30
2026-08-18T22:31:57.223777+00:00,2026-08-19T01:31:57.223777+03:00,3268,Refik Saydam Caddesi 3,BEYOĞLU,41.032,28.9736,55,1,54,YOL ÜSTÜ,0,0,06:00-23:00
2026-08-18T22:31:57.223777+00:00,2026-08-19T01:31:57.223777+03:00,2307,Ressam Halim Sokak PD Açık Otoparkı,BAHÇELİEVLER,40.9967,28.8641,120,116,4,AÇIK OTOPARK,0,15,08:00-00:00
2026-08-18T22:31:57.223777+00:00,2026-08-19T01:31:57.223777+03:00,3082,Rumeli Hisarı Sahil Yolu Otoparkı,SARIYER,41.0854,29.0568,20,12,8,AÇIK OTOPARK,1,0,24 Saat
2026-08-18T22:31:57.223777+00:00,2026-08-19T01:31:57.223777+03:00,1595,Sabiha Gökçen Açık Otoparkı,PENDİK,40.925,29.308,1056,284,772,AÇIK OTOPARK,0,15,24 Saat
2026-08-18T22:31:57.223777+00:00,2026-08-19T01:31:57.223777+03:00,3239,Samatya Sahil Cep Otoparkı,FATİH,40.9954,28.932,113,100,13,AÇIK OTOPARK,1,15,24 Saat
2026-08-18T22:31:57.223777+00:00,2026-08-19T01:31:57.223777+03:00,3273,Sarıyer Büyükdere Fidanlığı,SARIYER,41.1548,29.0268,160,155,5,AÇIK OTOPARK,0,0,08:00-18:00
2026-08-18T22:31:57.223777+00:00,2026-08-19T01:31:57.223777+03:00,3299,Sariyer Ayazağa Mah Vadi İstanbul Önü Açık Otoparkı,SARIYER,41.1106,28.9881,100,1,99,AÇIK OTOPARK,0,0,08:00-20:00
2026-08-18T22:31:57.223777+00:00,2026-08-19T01:31:57.223777+03:00,1303,Seyrantepe Katlı (Arena Karşısı) 1,KAĞITHANE,41.101,28.9961,1897,1,1896,KAPALI OTOPARK,1,0,24 Saat
2026-08-18T22:31:57.223777+00:00,2026-08-19T01:31:57.223777+03:00,1628,Sıracevizler Caddesi Yol Üstü 5,ŞİŞLİ,41.0607,28.9841,45,1,44,YOL ÜSTÜ,0,15,09:00-17:00
2026-08-18T22:31:57.223777+00:00,2026-08-19T01:31:57.223777+03:00,464,Sirkeci Gar Önü,FATİH,41.015,28.9761,60,1,59,AÇIK OTOPARK,0,5,07:00-20:00
2026-08-18T22:31:57.223777+00:00,2026-08-19T01:31:57.223777+03:00,1486,Siyavuşpaşa Yer Altı Otoparkı,BAHÇELİEVLER,40.9965,28.8532,155,0,155,KAPALI OTOPARK,1,0,24 Saat
2026-08-18T22:31:57.223777+00:00,2026-08-19T01:31:57.223777+03:00,1958,Soğanlık Metro PD Açık Otoparkı,KARTAL,40.9131,29.1925,898,869,29,AÇIK OTOPARK,0,15,24 Saat
2026-08-18T22:31:57.223777+00:00,2026-08-19T01:31:57.223777+03:00,589,Su Terazisi Sokak,FATİH,41.0046,28.9727,22,1,21,YOL ÜSTÜ,0,0,07:30-17:00
2026-08-18T22:31:57.223777+00:00,2026-08-19T01:31:57.223777+03:00,1478,Suadiye Cep Açık Otoparkı,KADIKÖY,40.9586,29.0732,130,119,11,AÇIK OTOPARK,0,15,24 Saat
2026-08-18T22:31:57.223777+00:00,2026-08-19T01:31:57.223777+03:00,2948,Suadiye Sahil Açık Otoparkı,KADIKÖY,40.9562,29.0797,70,67,3,AÇIK OTOPARK,1,5,24 Saat
2026-08-18T22:31:57.223777+00:00,2026-08-19T01:31:57.223777+03:00,2799,Sultanbeyli Emir Caddesi Zemin Altı Otoparkı,SULTANBEYLİ,40.9707,29.2606,130,118,12,KAPALI OTOPARK,0,15,08:00-22:00
2026-08-18T22:31:57.223777+00:00,2026-08-19T01:31:57.223777+03:00,2372,Sultanbeyli Kent Meydanı Zemin Altı Otoparkı,SULTANBEYLİ,40.9667,29.2667,300,197,103,KAPALI OTOPARK,1,15,24 Saat
2026-08-18T22:31:57.223777+00:00,2026-08-19T01:31:57.223777+03:00,2410,Sultangazi Zemin Altı Otoparkı,SULTANGAZİ,41.0944,28.8649,104,0,104,KAPALI OTOPARK,1,10,24 Saat
2026-08-18T22:31:57.223777+00:00,2026-08-19T01:31:57.223777+03:00,2085,Süleyman Seba Caddesi 2,BEŞİKTAŞ,41.0426,28.9998,40,1,39,YOL ÜSTÜ,0,15,08:00-18:00
2026-08-18T22:31:57.223777+00:00,2026-08-19T01:31:57.223777+03:00,2088,Süleyman Seba Caddesi 5,BEŞİKTAŞ,41.0432,28.9978,40,1,39,YOL ÜSTÜ,0,15,08:00-18:00
2026-08-18T22:31:57.223777+00:00,2026-08-19T01:31:57.223777+03:00,2089,Süleyman Seba Caddesi 6,BEŞİKTAŞ,41.0435,28.9967,11,1,10,YOL ÜSTÜ,0,15,08:00-18:00
2026-08-18T22:31:57.223777+00:00,2026-08-19T01:31:57.223777+03:00,2391,Süleymaniye Cami Altı Açık Otoparkı,FATİH,41.0158,28.961,250,234,16,AÇIK OTOPARK,0,0,06:30-18:30
2026-08-18T22:31:57.223777+00:00,2026-08-19T01:31:57.223777+03:00,1730,Sütlüce Miniatürk Yanı,BEYOĞLU,41.057,28.95,320,223,97,AÇIK OTOPARK,1,15,24 Saat
2026-08-18T22:31:57.223777+00:00,2026-08-19T01:31:57.223777+03:00,36,Şakayık Sokak 4,ŞİŞLİ,41.0518,28.9936,50,1,49,YOL ÜSTÜ,0,15,08:00-16:00
2026-08-18T22:31:57.223777+00:00,2026-08-19T01:31:57.223777+03:00,1469,Şehit Volkan Duysak Katlı Otoparkı,ZEYTİNBURNU,40.9968,28.9039,1000,664,336,KAPALI OTOPARK,0,5,24 Saat
2026-08-18T22:31:57.223777+00:00,2026-08-19T01:31:57.223777+03:00,2385,Şehremini Açık Otoparkı 1,FATİH,41.0135,28.9333,60,1,59,AÇIK OTOPARK,0,0,08:30-20:30
2026-08-18T22:31:57.223777+00:00,2026-08-19T01:31:57.223777+03:00,2855,Şemsipaşa Açık Otoparkı,ÜSKÜDAR,41.0255,29.0097,80,78,2,AÇIK OTOPARK,1,0,24 Saat
2026-08-18T22:31:57.223777+00:00,2026-08-19T01:31:57.223777+03:00,2439,Şirinevler Meydan Zeminaltı Otoparkı,BAHÇELİEVLER,40.9925,28.8496,367,85,282,KAPALI OTOPARK,1,0,24 Saat
2026-08-18T22:31:57.223777+00:00,2026-08-19T01:31:57.223777+03:00,3400,Şişhane Refik Saydam Caddesi 2 Yol Üstü Otoparkı 1,BEYOĞLU,41.0326,28.9743,70,1,69,YOL ÜSTÜ,0,15,06:00-23:00
2026-08-18T22:31:57.223777+00:00,2026-08-19T01:31:57.223777+03:00,3441,Şişli Kuştepe Zemin Altı Otoparkı,ŞİŞLİ,41.072,28.9919,430,290,140,KAPALI OTOPARK,0,15,24 Saat
2026-08-18T22:31:57.223777+00:00,2026-08-19T01:31:57.223777+03:00,2816,Şişli Rumeli Caddesi Metro Yanı 1,ŞİŞLİ,41.0538,28.9868,45,1,44,YOL ÜSTÜ,0,15,08:00-20:00
2026-08-18T22:31:57.223777+00:00,2026-08-19T01:31:57.223777+03:00,2406,Şişli Zemin Altı Otoparkı,ŞİŞLİ,41.0641,28.9992,581,416,165,KAPALI OTOPARK,1,15,24 Saat
2026-08-18T22:31:57.223777+00:00,2026-08-19T01:31:57.223777+03:00,1993,Tuzla İdo,TUZLA,40.8149,29.3039,300,285,15,AÇIK OTOPARK,0,15,24 Saat
2026-08-18T22:31:57.223777+00:00,2026-08-19T01:31:57.223777+03:00,3332,Tuzla Sahil Cep,TUZLA,40.8168,29.2992,50,38,12,AÇIK OTOPARK,0,0,08:00-00:00
2026-08-18T22:31:57.223777+00:00,2026-08-19T01:31:57.223777+03:00,3057,Tuzla Sahil Zemin Altı Otoparkı,TUZLA,40.8181,29.3004,779,1,778,KAPALI OTOPARK,1,15,24 Saat
2026-08-18T22:31:57.223777+00:00,2026-08-19T01:31:57.223777+03:00,1811,Ulu Camii Açık Otoparkı,BAHÇELİEVLER,40.9982,28.8499,150,112,38,AÇIK OTOPARK,1,10,24 Saat
2026-08-18T22:31:57.223777+00:00,2026-08-19T01:31:57.223777+03:00,2424,Uzunçayır Açık Otoparkı,KADIKÖY,40.9988,29.0556,58,51,7,AÇIK OTOPARK,0,0,06:00-16:00
2026-08-18T22:31:57.223777+00:00,2026-08-19T01:31:57.223777+03:00,1468,Ümraniye Katlı Otoparkı,ÜMRANİYE,41.0261,29.0953,665,569,96,KAPALI OTOPARK,0,15,24 Saat
2026-08-18T22:31:57.223777+00:00,2026-08-19T01:31:57.223777+03:00,2898,Ümraniye Okan Sokak Zeminaltı Otoparkı,ÜMRANİYE,41.0284,29.0907,125,14,111,KAPALI OTOPARK,1,15,24 Saat
2026-08-18T22:31:57.223777+00:00,2026-08-19T01:31:57.223777+03:00,2345,Üsküdar Uzunçayır PD Açık Otoparkı,ÜSKÜDAR,40.9988,29.0577,90,90,0,AÇIK OTOPARK,0,15,06:00-22:00
2026-08-18T22:31:57.223777+00:00,2026-08-19T01:31:57.223777+03:00,1929,Üsküdar Ünalan Açık Otoparkı,ÜSKÜDAR,40.9979,29.0604,180,175,5,AÇIK OTOPARK,0,0,07:00-17:00
2026-08-18T22:31:57.223777+00:00,2026-08-19T01:31:57.223777+03:00,1487,Vatan Caddesi PD Açık Otoparkı,FATİH,41.0157,28.9405,397,356,41,AÇIK OTOPARK,0,5,24 Saat
2026-08-18T22:31:57.223777+00:00,2026-08-19T01:31:57.223777+03:00,2441,Yalı Açık Otoparkı,MALTEPE,40.9095,29.137,85,82,3,AÇIK OTOPARK,0,0,07:30-22:00
2026-08-18T22:31:57.223777+00:00,2026-08-19T01:31:57.223777+03:00,459,Yalı Köşkü Caddesi 1,FATİH,41.0163,28.9759,61,1,60,YOL ÜSTÜ,0,5,07:00-21:00
2026-08-18T22:31:57.223777+00:00,2026-08-19T01:31:57.223777+03:00,2037,Yenikapı Marmaray Büyük Otoparkı,FATİH,41.0057,28.9505,324,251,73,AÇIK OTOPARK,1,15,24 Saat
2026-08-18T22:31:57.223777+00:00,2026-08-19T01:31:57.223777+03:00,2036,Yenikapı Marmaray Küçük Otoparkı,FATİH,41.0064,28.9504,200,200,0,AÇIK OTOPARK,0,15,07:00-22:00
2026-08-18T22:31:57.223777+00:00,2026-08-19T01:31:57.223777+03:00,2175,Yenikapı Spor ve Kültür Merkezi PD Açık Otoparkı,FATİH,41.0006,28.9519,4023,3965,58,AÇIK OTOPARK,0,15,24 Saat
2026-08-18T22:31:57.223777+00:00,2026-08-19T01:31:57.223777+03:00,2805,Yenikapı Tünel Üstü Açık Otoparkı,FATİH,41.0029,28.9534,700,656,44,AÇIK OTOPARK,1,10,24 Saat
2026-08-18T22:31:57.223777+00:00,2026-08-19T01:31:57.223777+03:00,3404,Yenimahalle Metro Zemin Altı PD Otoparkı,GAZİOSMANPAŞA,41.0839,28.8926,114,93,21,KAPALI OTOPARK,1,15,24 Saat
2026-08-18T22:31:57.223777+00:00,2026-08-19T01:31:57.223777+03:00,2920,Yeşilce Zemin Altı Katlı Otoparkı,KAĞITHANE,41.0938,29.0017,676,0,676,KAPALI OTOPARK,1,0,24 Saat
2026-08-18T22:31:57.223777+00:00,2026-08-19T01:31:57.223777+03:00,987,Yeşilköy İstasyon Caddesi 1,BAKIRKÖY,40.962,28.825,40,1,39,YOL ÜSTÜ,0,15,09:00-17:30
2026-08-18T22:31:57.223777+00:00,2026-08-19T01:31:57.223777+03:00,974,Yeşilköy Marina 1,BAKIRKÖY,40.9576,28.8233,145,1,144,YOL ÜSTÜ,0,0,12:00-23:00
2026-08-18T22:31:57.223777+00:00,2026-08-19T01:31:57.223777+03:00,3406,Yeşilpınar Metro Zemin Altı PD Otoparkı,EYÜP,41.081,28.9204,269,182,87,KAPALI OTOPARK,1,15,24 Saat
2026-08-18T22:31:57.223777+00:00,2026-08-19T01:31:57.223777+03:00,315,Yeşilyurt Çarşı 1,BAKIRKÖY,40.9643,28.8379,50,1,49,YOL ÜSTÜ,0,15,09:00-17:30
2026-08-18T22:31:57.223777+00:00,2026-08-19T01:31:57.223777+03:00,1133,Yıldız Korusu,BEŞİKTAŞ,41.0514,29.0165,500,1,499,AÇIK OTOPARK,0,0,08:00-22:00
2026-08-18T22:31:57.223777+00:00,2026-08-19T01:31:57.223777+03:00,882,Zeytinburnu 58. Bulvar 2,ZEYTİNBURNU,40.9932,28.9039,48,1,47,YOL ÜSTÜ,0,15,09:00-18:00
2026-08-18T22:31:57.223777+00:00,2026-08-19T01:31:57.223777+03:00,3185,Zeytinburnu Sahil Cep Otoparkı,ZEYTİNBURNU,40.9798,28.8985,160,1,159,AÇIK OTOPARK,0,0,12:00-22:00
2026-08-18T23:30:46.944174+00:00,2026-08-19T02:30:46.944174+03:00,3068,15 Temmuz Şehitler Meydanı Zeminaltı Otoparkı,ÜMRANİYE,41.0246,29.0915,1029,573,456,KAPALI OTOPARK,0,15,24 Saat
2026-08-18T23:30:46.944174+00:00,2026-08-19T02:30:46.944174+03:00,2338,19 Mayıs Açık,ŞİŞLİ,41.0563,28.9941,65,0,65,AÇIK OTOPARK,1,0,24 Saat
2026-08-18T23:30:46.944174+00:00,2026-08-19T02:30:46.944174+03:00,1751,4.Levent PD Açık Otoparkı,KAĞITHANE,41.0836,29.0081,236,149,87,AÇIK OTOPARK,1,5,24 Saat
2026-08-18T23:30:46.944174+00:00,2026-08-19T02:30:46.944174+03:00,3328,4.Levent Servis ve Turizm Araçları Açık Otoparkı,ŞİŞLİ,41.0841,29.0054,300,153,147,AÇIK OTOPARK,1,15,24 Saat
2026-08-18T23:30:46.944174+00:00,2026-08-19T02:30:46.944174+03:00,3412,5. Levent Gaziosmanpaşa Adliyesi Yanı Açık Otoparkı,EYÜP,41.0927,28.9494,250,202,48,AÇIK OTOPARK,0,15,07:00-23:00
2026-08-18T23:30:46.944174+00:00,2026-08-19T02:30:46.944174+03:00,104,Abide-i Hürriyet Caddesi 5,ŞİŞLİ,41.0619,28.9876,40,1,39,YOL ÜSTÜ,0,15,08:00-17:00
2026-08-18T23:30:46.944174+00:00,2026-08-19T02:30:46.944174+03:00,2452,Acıbadem Açık Otoparkı,ÜSKÜDAR,41.0157,29.0574,100,86,14,AÇIK OTOPARK,0,0,06:30-16:00
2026-08-18T23:30:46.944174+00:00,2026-08-19T02:30:46.944174+03:00,346,Ada Karşısı Cep 2,BEŞİKTAŞ,41.072,29.045,30,1,29,YOL ÜSTÜ,0,15,08:00-23:00
2026-08-18T23:30:46.944174+00:00,2026-08-19T02:30:46.944174+03:00,1663,Akasyalı Sokak Tenis Kulubü Önü 2,BEŞİKTAŞ,41.0867,29.0109,45,1,44,YOL ÜSTÜ,0,15,08:30-17:30
2026-08-18T23:30:46.944174+00:00,2026-08-19T02:30:46.944174+03:00,828,Akdeniz Caddesi 4,FATİH,41.0175,28.9435,27,1,26,YOL ÜSTÜ,0,15,09:00-18:00
2026-08-18T23:30:46.944174+00:00,2026-08-19T02:30:46.944174+03:00,1913,Alibeyköy Cep Otogarı Açık Otoparkı,EYÜP,41.0879,28.9446,116,0,116,AÇIK OTOPARK,1,25,24 Saat
2026-08-18T23:30:46.944174+00:00,2026-08-19T02:30:46.944174+03:00,1912,Alibeyköy Cep Otogarı Otobüs Otoparkı,EYÜP,41.0875,28.9449,5000,1,4999,AÇIK OTOPARK,1,60,24 Saat
2026-08-18T23:30:46.944174+00:00,2026-08-19T02:30:46.944174+03:00,2562,Alibeyköy Yeşiltepe Zemin Altı Otoparkı,EYÜP,41.0797,28.938,159,50,109,KAPALI OTOPARK,0,15,24 Saat
2026-08-18T23:30:46.944174+00:00,2026-08-19T02:30:46.944174+03:00,3201,Altınboynuz Sosyal Tesisleri,EYÜP,41.058,28.9447,70,1,69,AÇIK OTOPARK,0,15,08:00-23:00
2026-08-18T23:30:46.944174+00:00,2026-08-19T02:30:46.944174+03:00,758,Arap Camii Açık Otoparkı,BEYOĞLU,41.0227,28.9723,30,1,29,AÇIK OTOPARK,0,0,09:00-17:00
2026-08-18T23:30:46.944174+00:00,2026-08-19T02:30:46.944174+03:00,1963,Aras Sokak 1,BÜYÜKÇEKMECE,41.0226,28.622,60,1,59,YOL ÜSTÜ,0,0,06:00-14:30
2026-08-18T23:30:46.944174+00:00,2026-08-19T02:30:46.944174+03:00,2802,Arnavutköy Zemin Altı Otoparkı,ARNAVUTKÖY,41.1838,28.7396,700,7,693,KAPALI OTOPARK,1,15,24 Saat
2026-08-18T23:30:46.944174+00:00,2026-08-19T02:30:46.944174+03:00,1797,Ataköy Atrium AVM,BAKIRKÖY,40.9881,28.8459,250,231,19,AÇIK OTOPARK,0,15,08:00-23:00
2026-08-18T23:30:46.944174+00:00,2026-08-19T02:30:46.944174+03:00,2824,Ataköy Metro Durağı Yanı PD Zemin Altı Otoparkı,BAKIRKÖY,40.9904,28.8456,150,83,67,KAPALI OTOPARK,1,0,24 Saat
2026-08-18T23:30:46.944174+00:00,2026-08-19T02:30:46.944174+03:00,359,Atatürk Bulvarı 1,FATİH,41.0112,28.9534,20,1,19,YOL ÜSTÜ,0,0,07:30-18:00
2026-08-18T23:30:46.944174+00:00,2026-08-19T02:30:46.944174+03:00,3087,Atatürk Kent Ormanı Otoparkı,SARIYER,41.136,29.0262,200,197,3,AÇIK OTOPARK,0,0,08:00-17:00
2026-08-18T23:30:46.944174+00:00,2026-08-19T02:30:46.944174+03:00,2243,Avcılar Denizköşkler Toplantı ve Davet Salonu Açık Otoparkı,AVCILAR,40.9746,28.7435,200,197,3,AÇIK OTOPARK,0,15,13:00-07:00
2026-08-18T23:30:46.944174+00:00,2026-08-19T02:30:46.944174+03:00,1088,Avcılar İdo,AVCILAR,40.9712,28.7185,270,261,9,AÇIK OTOPARK,0,0,13:00-07:00
2026-08-18T23:30:46.944174+00:00,2026-08-19T02:30:46.944174+03:00,2885,Azapkapı Haliç Metro Otoparkı,ŞİŞLİ,41.0245,28.9691,80,63,17,AÇIK OTOPARK,1,5,24 Saat
2026-08-18T23:30:46.944174+00:00,2026-08-19T02:30:46.944174+03:00,2455,Azerbaycan Dostluk Parkı Zemin Altı Otoparkı,BAĞCILAR,41.0444,28.854,400,135,265,KAPALI OTOPARK,0,10,24 Saat
2026-08-18T23:30:46.944174+00:00,2026-08-19T02:30:46.944174+03:00,2965,Bağcılar Çolakoğlu Zemin Altı Otoparkı,BAĞCILAR,41.0324,28.8345,106,0,106,KAPALI OTOPARK,1,5,24 Saat
2026-08-18T23:30:46.944174+00:00,2026-08-19T02:30:46.944174+03:00,2576,Bağcılar Demirkapı Zemin Altı Otoparkı,BAĞCILAR,41.0499,28.8327,343,133,210,KAPALI OTOPARK,1,5,24 Saat
2026-08-18T23:30:46.944174+00:00,2026-08-19T02:30:46.944174+03:00,3036,Bağcılar Devlet Hastanesi Yanı Zeminaltı Otoparkı,BAĞCILAR,41.0312,28.8696,1133,88,1045,KAPALI OTOPARK,1,15,24 Saat
2026-08-18T23:30:46.944174+00:00,2026-08-19T02:30:46.944174+03:00,3071,Bağcılar Emniyet Müdürlüğü Yanı Açık Otoparkı,BAĞCILAR,41.0353,28.8598,100,42,58,AÇIK OTOPARK,1,0,24 Saat
2026-08-18T23:30:46.944174+00:00,2026-08-19T02:30:46.944174+03:00,2873,Bağcılar Göztepe Zemin Altı,BAĞCILAR,41.0567,28.8355,120,0,120,KAPALI OTOPARK,1,5,24 Saat
2026-08-18T23:30:46.944174+00:00,2026-08-19T02:30:46.944174+03:00,3187,Bağcılar Hürriyet Mahallesi Zemin Altı Otoparkı,BAĞCILAR,41.0291,28.8333,355,0,355,KAPALI OTOPARK,1,10,24 Saat
2026-08-18T23:30:46.944174+00:00,2026-08-19T02:30:46.944174+03:00,2916,Bağcılar Kent Meydanı PD Zemin Altı Otoparkı,BAĞCILAR,41.0339,28.8556,1162,0,1162,KAPALI OTOPARK,0,0,24 Saat
2026-08-18T23:30:46.944174+00:00,2026-08-19T02:30:46.944174+03:00,3261,Bağcılar Yenimahalle Zemin Altı Otoparkı,BAĞCILAR,41.0425,28.8395,525,247,278,KAPALI OTOPARK,1,15,24 Saat
2026-08-18T23:30:46.944174+00:00,2026-08-19T02:30:46.944174+03:00,2820,Bağcılar Yıldıztepe Katlı Otoparkı,BAĞCILAR,41.0294,28.8556,350,0,350,KAPALI OTOPARK,1,10,24 Saat
2026-08-18T23:30:46.944174+00:00,2026-08-19T02:30:46.944174+03:00,3447,Bahçelievler 23 Nisan Milli Egemenlik Zeminaltı Otoparkı,BAHÇELİEVLER,40.9988,28.8472,732,396,336,KAPALI OTOPARK,1,10,24 Saat
2026-08-18T23:30:46.944174+00:00,2026-08-19T02:30:46.944174+03:00,2993,Bahçelievler Cumhuriyet Zeminaltı Otoparkı,BAHÇELİEVLER,41.0149,28.859,663,0,663,KAPALI OTOPARK,0,10,24 Saat
2026-08-18T23:30:46.944174+00:00,2026-08-19T02:30:46.944174+03:00,2969,Bahçelievler Devlet Hastanesi Yanı Katlı Otoparkı,BAHÇELİEVLER,41.0072,28.8442,740,0,740,KAPALI OTOPARK,1,0,24 Saat
2026-08-18T23:30:46.944174+00:00,2026-08-19T02:30:46.944174+03:00,3051,Bahçelievler Zafer Mh. Zeminaltı Otoparkı,BAHÇELİEVLER,41.0036,28.8351,200,45,155,KAPALI OTOPARK,1,0,24 Saat
2026-08-18T23:30:46.944174+00:00,2026-08-19T02:30:46.944174+03:00,3236,Bahçeşehir Gölet Açık Otoparkı,BAŞAKŞEHİR,41.0719,28.6901,200,1,199,AÇIK OTOPARK,0,0,12:00-22:00
2026-08-18T23:30:46.944174+00:00,2026-08-19T02:30:46.944174+03:00,1465,Bakırköy İdo Açık Otoparkı,BAKIRKÖY,40.9739,28.8761,160,144,16,AÇIK OTOPARK,1,10,24 Saat
2026-08-18T23:30:46.944174+00:00,2026-08-19T02:30:46.944174+03:00,1104,Balmumcu Katlı Otoparkı,BEŞİKTAŞ,41.0636,29.0109,400,324,76,KAPALI OTOPARK,1,5,24 Saat
2026-08-18T23:30:46.944174+00:00,2026-08-19T02:30:46.944174+03:00,2796,Başakşehir Metro Açık Otoparkı,BAŞAKŞEHİR,41.107,28.801,125,1,124,AÇIK OTOPARK,0,0,07:00-16:00
2026-08-18T23:30:46.944174+00:00,2026-08-19T02:30:46.944174+03:00,2350,Bayrampaşa Adapark Katlı Otoparkı,BAYRAMPAŞA,41.0647,28.8875,650,0,650,KAPALI OTOPARK,0,15,24 Saat
2026-08-18T23:30:46.944174+00:00,2026-08-19T02:30:46.944174+03:00,2892,Bayrampaşa Altıntepsi Zemin  Altı Otoparkı,BAYRAMPAŞA,41.0393,28.9029,110,0,110,KAPALI OTOPARK,0,10,24 Saat
2026-08-18T23:30:46.944174+00:00,2026-08-19T02:30:46.944174+03:00,2909,Bayrampaşa Atatürk Parkı  Zemin Altı Otoparkı,BAYRAMPAŞA,41.0342,28.9123,442,0,442,KAPALI OTOPARK,0,10,24 Saat
2026-08-18T23:30:46.944174+00:00,2026-08-19T02:30:46.944174+03:00,2683,Bayrampaşa Devlet Hastanesi Cep Otoparkı,BAYRAMPAŞA,41.0414,28.9031,55,33,22,AÇIK OTOPARK,0,0,08:00-19:00
2026-08-18T23:30:46.944174+00:00,2026-08-19T02:30:46.944174+03:00,3301,Bayrampaşa Kocatepe Mahallesi Zemin Altı Otoparkı,BAYRAMPAŞA,41.0545,28.8964,241,0,241,KAPALI OTOPARK,1,10,24 Saat
2026-08-18T23:30:46.944174+00:00,2026-08-19T02:30:46.944174+03:00,2053,Bayrampaşa Muratpaşa Yer Altı Otoparkı,BAYRAMPAŞA,41.047,28.9082,300,0,300,KAPALI OTOPARK,0,15,24 Saat
2026-08-18T23:30:46.944174+00:00,2026-08-19T02:30:46.944174+03:00,3175,Bayrampaşa Spor Kompleksi Zemin Altı Otoparkı,BAYRAMPAŞA,41.0446,28.9106,205,0,205,KAPALI OTOPARK,1,15,24 Saat
2026-08-18T23:30:46.944174+00:00,2026-08-19T02:30:46.944174+03:00,3382,Bayrampaşa Şehit Kamil Balkan Zemin Altı Otoparkı,BAYRAMPAŞA,41.0604,28.9008,235,0,235,KAPALI OTOPARK,1,10,24 Saat
2026-08-18T23:30:46.944174+00:00,2026-08-19T02:30:46.944174+03:00,2428,Bayrampaşa Yenidoğan Mahallesi Zemin Altı Otoparkı,BAYRAMPAŞA,41.0395,28.9088,120,0,120,KAPALI OTOPARK,0,10,24 Saat
2026-08-18T23:30:46.944174+00:00,2026-08-19T02:30:46.944174+03:00,2468,Bebek Açık,BEŞİKTAŞ,41.077,29.0434,30,1,29,AÇIK OTOPARK,0,0,24 Saat
2026-08-18T23:30:46.944174+00:00,2026-08-19T02:30:46.944174+03:00,3479,Beşiktaş Halk Pazarı Açık Otoparkı,BEŞİKTAŞ,41.0496,29.0004,170,100,70,AÇIK OTOPARK,1,5,24 Saat
2026-08-18T23:30:46.944174+00:00,2026-08-19T02:30:46.944174+03:00,3257,Beykoz Sahil Cep Otoparkı,BEYKOZ,41.1286,29.0953,100,75,25,AÇIK OTOPARK,0,0,08:00-00:00
2026-08-18T23:30:46.944174+00:00,2026-08-19T02:30:46.944174+03:00,2273,Beykoz Sosyal Tesisleri,BEYKOZ,41.1143,29.0888,130,0,130,AÇIK OTOPARK,0,15,08:00-00:00
2026-08-18T23:30:46.944174+00:00,2026-08-19T02:30:46.944174+03:00,2999,Beyoğlu Gazhane Bostan Sokak 2,BEYOĞLU,41.0389,28.9903,35,1,34,YOL ÜSTÜ,0,0,07:30-16:30
2026-08-18T23:30:46.944174+00:00,2026-08-19T02:30:46.944174+03:00,3072,Beyoğlu Örnektepe Zemin Altı Otoparkı,BEYOĞLU,41.0543,28.9548,143,0,143,KAPALI OTOPARK,0,0,24 Saat
2026-08-18T23:30:46.944174+00:00,2026-08-19T02:30:46.944174+03:00,1455,Bostancı Açık,KADIKÖY,40.9523,29.0902,394,125,269,AÇIK OTOPARK,0,15,24 Saat
2026-08-18T23:30:46.944174+00:00,2026-08-19T02:30:46.944174+03:00,1456,Bostancı Sahil-Cep Açık Otoparkı,KADIKÖY,40.9545,29.0885,192,153,39,AÇIK OTOPARK,0,15,24 Saat
2026-08-18T23:30:46.944174+00:00,2026-08-19T02:30:46.944174+03:00,2150,Bostancı Vergi Dairesi Açık Otoparkı,ATAŞEHİR,40.9625,29.1083,155,0,155,AÇIK OTOPARK,0,5,08:00-20:00
2026-08-18T23:30:46.944174+00:00,2026-08-19T02:30:46.944174+03:00,2854,Bülent Ecevit Kültür Merkezi Açık Otoparkı,KARTAL,40.8852,29.1967,277,266,11,AÇIK OTOPARK,0,0,10:00-21:00
2026-08-18T23:30:46.944174+00:00,2026-08-19T02:30:46.944174+03:00,2866,Büyük İstanbul Otogarı,BAYRAMPAŞA,41.0402,28.8942,1000,0,1000,AÇIK OTOPARK,1,25,24 Saat
2026-08-18T23:30:46.944174+00:00,2026-08-19T02:30:46.944174+03:00,1192,Büyükçamlıca Korusu Sosyal Tesisleri Önü,ÜSKÜDAR,41.0264,29.0698,204,112,92,AÇIK OTOPARK,0,0,08:00-00:00
2026-08-18T23:30:46.944174+00:00,2026-08-19T02:30:46.944174+03:00,2960,Büyükçekmece Metrobüs Durağı Yanı PD Zemin Altı Otopark,BÜYÜKÇEKMECE,41.0221,28.624,448,20,428,KAPALI OTOPARK,0,0,24 Saat
2026-08-18T23:30:46.944174+00:00,2026-08-19T02:30:46.944174+03:00,1503,Cadde Bostan Açık Otoparkı,KADIKÖY,40.9636,29.0675,66,57,9,AÇIK OTOPARK,0,15,24 Saat
2026-08-18T23:30:46.944174+00:00,2026-08-19T02:30:46.944174+03:00,2933,Cemal Kamacı Spor Kompleksi Zemin Altı Otoparkı,KAĞITHANE,41.0536,28.9575,510,0,510,KAPALI OTOPARK,1,0,24 Saat
2026-08-18T23:30:46.944174+00:00,2026-08-19T02:30:46.944174+03:00,2207,Cengiz Topel Yer Altı Katlı Otoparkı,ESENLER,41.0588,28.8643,144,0,144,KAPALI OTOPARK,0,15,24 Saat
2026-08-18T23:30:46.944174+00:00,2026-08-19T02:30:46.944174+03:00,2787,Cevizli Açık Otoparkı,KARTAL,40.9179,29.1712,100,91,9,AÇIK OTOPARK,0,15,08:00-19:00
2026-08-18T23:30:46.944174+00:00,2026-08-19T02:30:46.944174+03:00,782,Cihangir Caddesi 2,BEYOĞLU,41.0319,28.9862,70,1,69,YOL ÜSTÜ,0,15,09:00-19:00
2026-08-18T23:30:46.944174+00:00,2026-08-19T02:30:46.944174+03:00,1467,Cihangir Katlı Otoparkı,BEYOĞLU,41.0318,28.9858,350,0,350,KAPALI OTOPARK,1,0,24 Saat
2026-08-18T23:30:46.944174+00:00,2026-08-19T02:30:46.944174+03:00,535,Cihannuma Yol Üstü 1,BEŞİKTAŞ,41.0454,29.0084,35,1,34,YOL ÜSTÜ,0,0,08:00-23:00
2026-08-18T23:30:46.944174+00:00,2026-08-19T02:30:46.944174+03:00,537,Cihannuma Yol Üstü 3,BEŞİKTAŞ,41.0459,29.0087,33,1,32,YOL ÜSTÜ,0,0,08:00-23:00
2026-08-18T23:30:46.944174+00:00,2026-08-19T02:30:46.944174+03:00,539,Cihannuma Yol Üstü 5,BEŞİKTAŞ,41.0489,29.0094,24,1,23,YOL ÜSTÜ,0,0,08:00-23:00
2026-08-18T23:30:46.944174+00:00,2026-08-19T02:30:46.944174+03:00,3184,Çam Sokak 6,GÜNGÖREN,41.0121,28.8882,50,1,49,YOL ÜSTÜ,0,15,08:00-17:00
2026-08-18T23:30:46.944174+00:00,2026-08-19T02:30:46.944174+03:00,3030,Çekmeköy Metro PD Zemin Altı Otoparkı,ÇEKMEKÖY,41.0147,29.1886,175,58,117,KAPALI OTOPARK,0,15,24 Saat
2026-08-18T23:30:46.944174+00:00,2026-08-19T02:30:46.944174+03:00,2905,Çeliktepe Açık Otoparkı,KAĞITHANE,41.0843,29.0056,200,67,133,AÇIK OTOPARK,1,5,24 Saat
2026-08-18T23:30:46.944174+00:00,2026-08-19T02:30:46.944174+03:00,1298,Çengelköy Açık Otoparkı,ÜSKÜDAR,41.0484,29.0533,500,353,147,AÇIK OTOPARK,0,15,24 Saat
2026-08-18T23:30:46.944174+00:00,2026-08-19T02:30:46.944174+03:00,502,Çınar Açık Otoparkı,BEŞİKTAŞ,41.0853,29.0088,65,1,64,AÇIK OTOPARK,0,0,08:00-18:00
2026-08-18T23:30:46.944174+00:00,2026-08-19T02:30:46.944174+03:00,777,Çırağan Sarayı Yol Üstü 1,BEŞİKTAŞ,41.0448,29.0165,40,1,39,YOL ÜSTÜ,0,15,08:00-23:00
2026-08-18T23:30:46.944174+00:00,2026-08-19T02:30:46.944174+03:00,778,Çırağan Sarayı Yol Üstü 2,BEŞİKTAŞ,41.0445,29.0156,40,1,39,YOL ÜSTÜ,0,15,08:00-23:00
2026-08-18T23:30:46.944174+00:00,2026-08-19T02:30:46.944174+03:00,2228,Çırpıcı Sosyal Tesisler,ZEYTİNBURNU,41,28.8926,128,0,128,AÇIK OTOPARK,0,15,07:00-00:00
2026-08-18T23:30:46.944174+00:00,2026-08-19T02:30:46.944174+03:00,2030,Dalyan Açık Otoparkı,KADIKÖY,40.9632,29.0651,92,78,14,AÇIK OTOPARK,0,15,24 Saat
2026-08-18T23:30:46.944174+00:00,2026-08-19T02:30:46.944174+03:00,2271,Damla Sokak 1,ŞİŞLİ,41.0672,29.0004,17,1,16,YOL ÜSTÜ,0,15,07:30-16:30
2026-08-18T23:30:46.944174+00:00,2026-08-19T02:30:46.944174+03:00,2164,Darüşşafaka Yeraltı Otoparkı,SARIYER,41.1292,29.0252,150,146,4,KAPALI OTOPARK,0,15,08:00-00:00
2026-08-18T23:30:46.944174+00:00,2026-08-19T02:30:46.944174+03:00,1653,Deniz Feneri Otoparkı,FATİH,41.0019,28.9773,175,128,47,AÇIK OTOPARK,0,5,24 Saat
2026-08-18T23:30:46.944174+00:00,2026-08-19T02:30:46.944174+03:00,595,Dostluk Yurdu 1,FATİH,41.0071,28.973,33,1,32,YOL ÜSTÜ,0,15,07:00-17:00
2026-08-18T23:30:46.944174+00:00,2026-08-19T02:30:46.944174+03:00,2237,Dragos Sosyal Tesisleri,KARTAL,40.9017,29.1458,100,61,39,AÇIK OTOPARK,1,15,24 Saat
2026-08-18T23:30:46.944174+00:00,2026-08-19T02:30:46.944174+03:00,3063,Dudullu Metro PD Zemin Altı Otoparkı,ÜMRANİYE,41.0156,29.1633,81,59,22,KAPALI OTOPARK,0,15,07:00-23:30
2026-08-18T23:30:46.944174+00:00,2026-08-19T02:30:46.944174+03:00,1522,Ebu Suut Caddesi 1,FATİH,41.0128,28.9766,35,1,34,YOL ÜSTÜ,0,0,08:00-18:00
2026-08-18T23:30:46.944174+00:00,2026-08-19T02:30:46.944174+03:00,2147,EGS Blokları Açık Otoparkı,BAKIRKÖY,40.9863,28.8354,350,59,291,AÇIK OTOPARK,0,60,09:00-19:30
2026-08-18T23:30:46.944174+00:00,2026-08-19T02:30:46.944174+03:00,2366,Esenler Adem Baştürk Kültür Merkezi Katlı,ESENLER,41.039,28.8846,460,0,460,KAPALI OTOPARK,1,15,24 Saat
2026-08-18T23:30:46.944174+00:00,2026-08-19T02:30:46.944174+03:00,3190,Esenler Havaalanı Mahallesi Zemin Altı Otoparkı,ESENLER,41.0562,28.8674,610,296,314,KAPALI OTOPARK,1,10,24 Saat
2026-08-18T23:30:46.944174+00:00,2026-08-19T02:30:46.944174+03:00,3011,Esenler Menderes Metro İstasyonu Yanı,ESENLER,41.0427,28.8783,68,0,68,AÇIK OTOPARK,1,5,24 Saat
2026-08-18T23:30:46.944174+00:00,2026-08-19T02:30:46.944174+03:00,2822,Esenler Menderes Parkı Zemin Altı Otoparkı,ESENLER,41.0412,28.8729,325,0,325,KAPALI OTOPARK,1,10,24 Saat
2026-08-18T23:30:46.944174+00:00,2026-08-19T02:30:46.944174+03:00,3303,Esenyurt Adile Naşit Bulvarı Zeminaltı Otoparkı,ESENYURT,41.0205,28.6859,367,286,81,KAPALI OTOPARK,1,15,24 Saat
2026-08-18T23:30:46.944174+00:00,2026-08-19T02:30:46.944174+03:00,1328,Eski Salı Pazarı,KADIKÖY,40.9904,29.0338,760,33,727,AÇIK OTOPARK,0,15,24 Saat
2026-08-18T23:30:46.944174+00:00,2026-08-19T02:30:46.944174+03:00,904,Eyüp Pierloti Caddesi 1,EYÜP,41.0539,28.9329,40,1,39,YOL ÜSTÜ,0,0,09:00-22:00
2026-08-18T23:30:46.944174+00:00,2026-08-19T02:30:46.944174+03:00,2850,Eyüpsultan Akşemsettin Mahallesi Zemin Altı Otoparkı,EYÜP,41.085,28.9258,110,0,110,KAPALI OTOPARK,0,15,24 Saat
2026-08-18T23:30:46.944174+00:00,2026-08-19T02:30:46.944174+03:00,2215,Fatih Çeşmesi Tabiat Parkı Otoparkı,SARIYER,41.1686,28.9448,250,242,8,AÇIK OTOPARK,0,0,06:00-20:00
2026-08-18T23:30:46.944174+00:00,2026-08-19T02:30:46.944174+03:00,1475,Fatih Katlı Otoparkı,FATİH,41.0198,28.9396,118,0,118,KAPALI OTOPARK,0,10,24 Saat
2026-08-18T23:30:46.944174+00:00,2026-08-19T02:30:46.944174+03:00,1591,Feshane PD Açık Otoparkı,EYÜP,41.0463,28.9378,200,122,78,AÇIK OTOPARK,1,15,24 Saat
2026-08-18T23:30:46.944174+00:00,2026-08-19T02:30:46.944174+03:00,1005,Florya Havuzlu Bahçe,BAKIRKÖY,40.9764,28.7908,135,1,134,AÇIK OTOPARK,0,0,09:00-23:00
2026-08-18T23:30:46.944174+00:00,2026-08-19T02:30:46.944174+03:00,2238,Florya Sosyal Tesisleri,BAKIRKÖY,40.9614,28.8091,1074,1015,59,AÇIK OTOPARK,0,15,24 Saat
2026-08-18T23:30:46.944174+00:00,2026-08-19T02:30:46.944174+03:00,1704,Gazi Umur Paşa Sokak 5,BEŞİKTAŞ,41.0589,29.0114,45,1,44,YOL ÜSTÜ,0,15,08:00-17:00
2026-08-18T23:30:46.944174+00:00,2026-08-19T02:30:46.944174+03:00,3296,Gaziosmanpaşa Meydanı ve Yaşam Merkezi Zemin Altı Otoparkı,GAZİOSMANPAŞA,41.0606,28.9093,202,0,202,KAPALI OTOPARK,1,15,24 Saat
2026-08-18T23:30:46.944174+00:00,2026-08-19T02:30:46.944174+03:00,2971,Gaziosmanpaşa Zemin Altı Otoparkı,GAZİOSMANPAŞA,41.0796,28.8858,285,0,285,KAPALI OTOPARK,1,0,24 Saat
2026-08-18T23:30:46.944174+00:00,2026-08-19T02:30:46.944174+03:00,3401,Giyimkent Tekstilkent Metro Zemin Altı PD Otoparkı,ESENLER,41.0711,28.8666,203,182,21,KAPALI OTOPARK,0,10,24 Saat
2026-08-18T23:30:46.944174+00:00,2026-08-19T02:30:46.944174+03:00,2242,Gözdağı Sosyal Tesisler  Açık Otoparkı,PENDİK,40.893,29.2538,300,216,84,AÇIK OTOPARK,0,0,07:00-23:00
2026-08-18T23:30:46.944174+00:00,2026-08-19T02:30:46.944174+03:00,1879,Gülsuyu Metro PD Yer Altı Otoparkı,MALTEPE,40.9237,29.1548,76,0,76,KAPALI OTOPARK,0,15,08:00-00:00
2026-08-18T23:30:46.944174+00:00,2026-08-19T02:30:46.944174+03:00,1423,Güneş Plajı 1,BAKIRKÖY,40.9712,28.79,250,245,5,AÇIK OTOPARK,0,10,24 Saat
2026-08-18T23:30:46.944174+00:00,2026-08-19T02:30:46.944174+03:00,1461,Güneş Plajı 2,BAKIRKÖY,40.9692,28.7951,135,123,12,AÇIK OTOPARK,0,10,08:00-20:00
2026-08-18T23:30:46.944174+00:00,2026-08-19T02:30:46.944174+03:00,3053,Güngören Nikah Dairesi Zemin Altı otoparkı,GÜNGÖREN,41.0363,28.8718,147,0,147,KAPALI OTOPARK,1,10,24 Saat
2026-08-18T23:30:46.944174+00:00,2026-08-19T02:30:46.944174+03:00,2216,Gürpınar Balık Hali Otoparkı,BEYLİKDÜZÜ,40.9663,28.6019,1000,620,380,AÇIK OTOPARK,0,15,24 Saat
2026-08-18T23:30:46.944174+00:00,2026-08-19T02:30:46.944174+03:00,1525,Hacıosman Metro Yer Altı Otoparkı,SARIYER,41.14,29.0306,422,292,130,KAPALI OTOPARK,0,15,24 Saat
2026-08-18T23:30:46.944174+00:00,2026-08-19T02:30:46.944174+03:00,1470,Haldun Alagaş Katlı Otoparkı,ÜMRANİYE,41.0262,29.1052,197,100,97,KAPALI OTOPARK,1,15,24 Saat
2026-08-18T23:30:46.944174+00:00,2026-08-19T02:30:46.944174+03:00,3235,Haliç Sosyal Tesisleri Otoparkı,FATİH,41.0277,28.9572,60,53,7,AÇIK OTOPARK,0,15,07:00-00:00
2026-08-18T23:30:46.944174+00:00,2026-08-19T02:30:46.944174+03:00,2848,Halkalı Mahallesi Zemin Altı Otoparkı,KÜÇÜKÇEKMECE,41.0359,28.7848,347,266,81,KAPALI OTOPARK,0,15,24 Saat
2026-08-18T23:30:46.944174+00:00,2026-08-19T02:30:46.944174+03:00,2838,Hamidiye Mahallesi Katlı Otoparkı,KAĞITHANE,41.0949,28.971,450,170,280,KAPALI OTOPARK,1,15,24 Saat
2026-08-18T23:30:46.944174+00:00,2026-08-19T02:30:46.944174+03:00,1446,Harbiye Zemin Altı Otoparkı,BEYOĞLU,41.0408,28.9869,142,75,67,KAPALI OTOPARK,0,5,24 Saat
2026-08-18T23:30:46.944174+00:00,2026-08-19T02:30:46.944174+03:00,2332,Haydarpaşa Katlı Otoparkı,ÜSKÜDAR,41.0048,29.0251,840,763,77,KAPALI OTOPARK,1,15,24 Saat
2026-08-18T23:30:46.944174+00:00,2026-08-19T02:30:46.944174+03:00,1987,Haznedar Yer Altı Otoparkı,GÜNGÖREN,41.0083,28.8729,540,0,540,KAPALI OTOPARK,0,0,24 Saat
2026-08-18T23:30:46.944174+00:00,2026-08-19T02:30:46.944174+03:00,377,Hızır Külhani Sokak,FATİH,41.0202,28.9605,32,1,31,YOL ÜSTÜ,0,15,09:00-17:00
2026-08-18T23:30:46.944174+00:00,2026-08-19T02:30:46.944174+03:00,3173,Hürriyet Mahallesi Zeminaltı Otoparkı,GAZİOSMANPAŞA,41.0708,28.8951,190,0,190,KAPALI OTOPARK,1,15,24 Saat
2026-08-18T23:30:46.944174+00:00,2026-08-19T02:30:46.944174+03:00,157,Ihlamur Dere Caddesi 4,BEŞİKTAŞ,41.047,29.0023,27,1,26,YOL ÜSTÜ,0,15,09:00-17:00
2026-08-18T23:30:46.944174+00:00,2026-08-19T02:30:46.944174+03:00,1189,İçerenköy Sebze Meyve Hali Otoparkı,ATAŞEHİR,40.9766,29.1044,600,1,599,AÇIK OTOPARK,0,15,24 Saat
2026-08-18T23:30:46.944174+00:00,2026-08-19T02:30:46.944174+03:00,1127,İshakpaşa Caddesi,FATİH,41.0079,28.9814,200,1,199,YOL ÜSTÜ,0,0,08:00-18:00
2026-08-18T23:30:46.944174+00:00,2026-08-19T02:30:46.944174+03:00,3265,İspark İstanbul West Marina Açık Otoparkı 1,BEYLİKDÜZÜ,40.9636,28.6564,250,1,249,AÇIK OTOPARK,0,15,24 Saat
2026-08-18T23:30:46.944174+00:00,2026-08-19T02:30:46.944174+03:00,2793,İspark Merter Katlı Otoparkı,GÜNGÖREN,41.0097,28.89,900,459,441,KAPALI OTOPARK,1,10,24 Saat
2026-08-18T23:30:46.944174+00:00,2026-08-19T02:30:46.944174+03:00,2430,İspark West İstanbul Marina Açık Otoparkı,BEYLİKDÜZÜ,40.9639,28.6591,1600,1079,521,AÇIK OTOPARK,0,15,24 Saat
2026-08-18T23:30:46.944174+00:00,2026-08-19T02:30:46.944174+03:00,381,İstinye 4 ( Cami Önü ),SARIYER,41.1149,29.0571,25,1,24,YOL ÜSTÜ,0,15,08:30-17:30
2026-08-18T23:30:46.944174+00:00,2026-08-19T02:30:46.944174+03:00,1804,İtalyan Hastanesi Karşısı Açık Otoparkı 1,BEYOĞLU,41.028,28.9815,30,1,29,AÇIK OTOPARK,0,0,08:00-19:00
2026-08-18T23:30:46.944174+00:00,2026-08-19T02:30:46.944174+03:00,507,Kabasakal Medrese Önü,FATİH,41.0062,28.9789,65,1,64,AÇIK OTOPARK,0,0,08:00-18:30
2026-08-18T23:30:46.944174+00:00,2026-08-19T02:30:46.944174+03:00,3306,Kabataş Transfer Merkezi Turizm Otobüs Otoparkı,BEYOĞLU,41.0336,28.9923,160,110,50,KAPALI OTOPARK,1,20,24 Saat
2026-08-18T23:30:46.944174+00:00,2026-08-19T02:30:46.944174+03:00,2918,Kadıköy Hasanpaşa Gazhane Katlı Otoparkı,KADIKÖY,40.9972,29.0428,310,181,129,KAPALI OTOPARK,1,15,24 Saat
2026-08-18T23:30:46.944174+00:00,2026-08-19T02:30:46.944174+03:00,1447,Kadıköy İski Açık Otoparkı,KADIKÖY,40.9874,29.0207,124,110,14,AÇIK OTOPARK,0,15,24 Saat
2026-08-18T23:30:46.944174+00:00,2026-08-19T02:30:46.944174+03:00,1655,Kadıköy Metro Açık Otoparkı,KADIKÖY,40.9899,29.0217,74,63,11,AÇIK OTOPARK,0,15,24 Saat
2026-08-18T23:30:46.944174+00:00,2026-08-19T02:30:46.944174+03:00,3445,Kadıköy Uzunçayır PD Açık Otoparkı,KADIKÖY,40.9982,29.0569,70,40,30,AÇIK OTOPARK,0,15,06:30-16:30
2026-08-18T23:30:46.944174+00:00,2026-08-19T02:30:46.944174+03:00,2808,Kadıköy Yeni Salı Pazarı PD Katlı Otoparkı,KADIKÖY,40.9969,29.0486,1350,673,677,KAPALI OTOPARK,1,15,24 Saat
2026-08-18T23:30:46.944174+00:00,2026-08-19T02:30:46.944174+03:00,2811,Kağıthane Harmantepe Zemin Altı Otoparkı,KAĞITHANE,41.0816,28.9907,200,0,200,KAPALI OTOPARK,1,0,24 Saat
2026-08-18T23:30:46.944174+00:00,2026-08-19T02:30:46.944174+03:00,1452,Kalamış Açık Otoparkı,KADIKÖY,40.9687,29.0363,173,161,12,AÇIK OTOPARK,0,15,24 Saat
2026-08-18T23:30:46.944174+00:00,2026-08-19T02:30:46.944174+03:00,1474,Kartal Hasan Doğan Spor Kompleksi,KARTAL,40.8918,29.1897,773,0,773,KAPALI OTOPARK,0,15,24 Saat
2026-08-18T23:30:46.944174+00:00,2026-08-19T02:30:46.944174+03:00,1105,Kartal İdo Açık Otoparkı,KARTAL,40.8874,29.1881,90,0,90,AÇIK OTOPARK,0,15,24 Saat
2026-08-18T23:30:46.944174+00:00,2026-08-19T02:30:46.944174+03:00,1550,Kartal Sahil Açık Otoparkı,KARTAL,40.8875,29.1901,75,55,20,AÇIK OTOPARK,0,5,24 Saat
2026-08-18T23:30:46.944174+00:00,2026-08-19T02:30:46.944174+03:00,3434,Kasımpaşa Sosyal Tesisler Otoparkı,BEYOĞLU,41.0296,28.9673,60,38,22,AÇIK OTOPARK,0,0,07:30-23:00
2026-08-18T23:30:46.944174+00:00,2026-08-19T02:30:46.944174+03:00,1960,Kazlıçeşme Marmaray Açık Otoparkı,ZEYTİNBURNU,40.9922,28.917,700,650,50,AÇIK OTOPARK,0,15,24 Saat
2026-08-18T23:30:46.944174+00:00,2026-08-19T02:30:46.944174+03:00,2994,Kirazlı Metro Durağı PD Açık Otoparkı,BAĞCILAR,41.033,28.8429,112,0,112,AÇIK OTOPARK,0,5,24 Saat
2026-08-18T23:30:46.944174+00:00,2026-08-19T02:30:46.944174+03:00,1528,Kore Şehitleri Caddesi - Yüzbaşı Kaya Aldağon Sokak 1,ŞİŞLİ,41.0719,29.0139,40,1,39,YOL ÜSTÜ,0,15,07:00-16:00
2026-08-18T23:30:46.944174+00:00,2026-08-19T02:30:46.944174+03:00,2449,Kozyatağı Sebze-Meyve Hali,ATAŞEHİR,40.9787,29.1029,1500,1,1499,AÇIK OTOPARK,1,0,24 Saat
2026-08-18T23:30:46.944174+00:00,2026-08-19T02:30:46.944174+03:00,1206,Kutlugün Sokak 2,FATİH,41.0061,28.9801,200,1,199,YOL ÜSTÜ,0,0,08:00-18:00
2026-08-18T23:30:46.944174+00:00,2026-08-19T02:30:46.944174+03:00,3074,Küçük Çamlıca,ÜSKÜDAR,41.0204,29.0653,129,104,25,AÇIK OTOPARK,0,0,08:00-22:00
2026-08-18T23:30:46.944174+00:00,2026-08-19T02:30:46.944174+03:00,3127,Küçükçekmece Cennet Mahallesi Meydan Zemin Altı Otoparkı,KÜÇÜKÇEKMECE,40.9907,28.783,456,0,456,KAPALI OTOPARK,0,10,24 Saat
2026-08-18T23:30:46.944174+00:00,2026-08-19T02:30:46.944174+03:00,2554,Küçükçekmece Fevzi Çakmak Meydanı Zemin Altı Otoparkı,KÜÇÜKÇEKMECE,41.0076,28.7927,1000,468,532,KAPALI OTOPARK,0,10,24 Saat
2026-08-18T23:30:46.944174+00:00,2026-08-19T02:30:46.944174+03:00,2882,Küçüksu Kasrı Açık Otoparkı,BEYKOZ,41.0789,29.0657,98,93,5,AÇIK OTOPARK,0,0,07:00-23:00
2026-08-18T23:30:46.944174+00:00,2026-08-19T02:30:46.944174+03:00,220,Levent Hamidiye,BEŞİKTAŞ,41.0861,29.0076,100,1,99,AÇIK OTOPARK,0,0,08:00-19:00
2026-08-18T23:30:46.944174+00:00,2026-08-19T02:30:46.944174+03:00,1138,Levent Metro Yer Altı Otoparkı,BEŞİKTAŞ,41.0811,29.0105,100,1,99,AÇIK OTOPARK,0,5,07:30-19:30
2026-08-18T23:30:46.944174+00:00,2026-08-19T02:30:46.944174+03:00,2335,Maçka Açık Otoparkı,ŞİŞLİ,41.046,28.9908,75,70,5,AÇIK OTOPARK,1,0,24 Saat
2026-08-18T23:30:46.944174+00:00,2026-08-19T02:30:46.944174+03:00,1859,Maçka Katlı Otoparkı,ŞİŞLİ,41.0484,28.9903,508,258,250,KAPALI OTOPARK,0,0,24 Saat
2026-08-18T23:30:46.944174+00:00,2026-08-19T02:30:46.944174+03:00,3193,Maltepe Rıhtım Caddesi Açık Otoparkı,MALTEPE,40.9258,29.1241,76,73,3,AÇIK OTOPARK,1,0,24 Saat
2026-08-18T23:30:46.944174+00:00,2026-08-19T02:30:46.944174+03:00,2146,Maltepe Süreyyapaşa Çarşısı Açık Otoparkı,MALTEPE,40.9274,29.1225,156,127,29,AÇIK OTOPARK,1,0,24 Saat
2026-08-18T23:30:46.944174+00:00,2026-08-19T02:30:46.944174+03:00,1599,Maslak Açık Otoparkı,SARIYER,41.1166,29.024,150,132,18,AÇIK OTOPARK,0,10,24 Saat
2026-08-18T23:30:46.944174+00:00,2026-08-19T02:30:46.944174+03:00,2100,Matbaacılar Sitesi Yanı,ZEYTİNBURNU,41.0234,28.9187,250,222,28,AÇIK OTOPARK,1,5,24 Saat
2026-08-18T23:30:46.944174+00:00,2026-08-19T02:30:46.944174+03:00,920,Meclis-i Mebusan Yokuşu 2,BEYOĞLU,41.0326,28.9882,34,1,33,YOL ÜSTÜ,0,15,09:00-17:00
2026-08-18T23:30:46.944174+00:00,2026-08-19T02:30:46.944174+03:00,1546,Menekşe Plajı Açık Otoparkı,BAKIRKÖY,40.9761,28.7766,200,200,0,AÇIK OTOPARK,0,0,24 Saat
2026-08-18T23:30:46.944174+00:00,2026-08-19T02:30:46.944174+03:00,1376,Mercan Açık,FATİH,41.0136,28.9669,130,127,3,AÇIK OTOPARK,0,0,08:00-23:00
2026-08-18T23:30:46.944174+00:00,2026-08-19T02:30:46.944174+03:00,3309,Mercan Ali Paşa Sarayı Zemin Altı Otoparkı,FATİH,41.0136,28.967,196,1,195,KAPALI OTOPARK,0,0,07:00-21:00
2026-08-18T23:30:46.944174+00:00,2026-08-19T02:30:46.944174+03:00,1472,Merter Katlı Otoparkı,GÜNGÖREN,41.0092,28.8874,1000,900,100,KAPALI OTOPARK,0,10,24 Saat
2026-08-18T23:30:46.944174+00:00,2026-08-19T02:30:46.944174+03:00,2375,Merter Metro PD Zeminaltı Otoparkı,GÜNGÖREN,41.0037,28.8897,242,79,163,KAPALI OTOPARK,1,10,24 Saat
2026-08-18T23:30:46.944174+00:00,2026-08-19T02:30:46.944174+03:00,1568,Mete Caddesi 1,BEYOĞLU,41.0382,28.9879,31,1,30,YOL ÜSTÜ,0,15,08:00-23:00
2026-08-18T23:30:46.944174+00:00,2026-08-19T02:30:46.944174+03:00,1471,Mevlana Yeraltı Katlı Otoparkı,ZEYTİNBURNU,41.0072,28.9049,1000,836,164,KAPALI OTOPARK,0,5,24 Saat
2026-08-18T23:30:46.944174+00:00,2026-08-19T02:30:46.944174+03:00,2709,Millet Caddesi Açık Otoparkı,FATİH,41.01,28.9461,60,1,59,AÇIK OTOPARK,0,15,24 Saat
2026-08-18T23:30:46.944174+00:00,2026-08-19T02:30:46.944174+03:00,3152,Mimar Sinan Zemin Altı Otoparkı,ÜSKÜDAR,41.0222,29.0169,956,80,876,KAPALI OTOPARK,0,15,24 Saat
2026-08-18T23:30:46.944174+00:00,2026-08-19T02:30:46.944174+03:00,2870,Miniatürk Çadır Açık Otoparkı,BEYOĞLU,41.0594,28.9501,250,196,54,AÇIK OTOPARK,0,15,07:00-20:00
2026-08-18T23:30:46.944174+00:00,2026-08-19T02:30:46.944174+03:00,2556,Muallim Naci Açık Otoparkı,BEŞİKTAŞ,41.0561,29.0342,35,28,7,AÇIK OTOPARK,1,15,24 Saat
2026-08-18T23:30:46.944174+00:00,2026-08-19T02:30:46.944174+03:00,569,Oda Kule Önü 1,BEYOĞLU,41.0322,28.9751,24,1,23,YOL ÜSTÜ,0,0,07:00-01:00
2026-08-18T23:30:46.944174+00:00,2026-08-19T02:30:46.944174+03:00,1988,Orhangazi Şehir Parkı PD Açık Otoparkı,MALTEPE,40.9313,29.1161,5022,4655,367,AÇIK OTOPARK,1,15,24 Saat
2026-08-18T23:30:46.944174+00:00,2026-08-19T02:30:46.944174+03:00,152,Ortabahçe Caddesi 2,BEŞİKTAŞ,41.0428,29.0043,35,1,34,YOL ÜSTÜ,0,15,08:00-23:00
2026-08-18T23:30:46.944174+00:00,2026-08-19T02:30:46.944174+03:00,153,Ortabahçe Caddesi 3,BEŞİKTAŞ,41.043,29.0042,26,1,25,YOL ÜSTÜ,0,15,08:00-23:00
2026-08-18T23:30:46.944174+00:00,2026-08-19T02:30:46.944174+03:00,119,Ortaklar Caddesi 1,ŞİŞLİ,41.0638,28.9971,25,1,24,YOL ÜSTÜ,0,15,08:30-17:00
2026-08-18T23:30:46.944174+00:00,2026-08-19T02:30:46.944174+03:00,1343,Ortaköy Açık Otoparkı,BEŞİKTAŞ,41.0504,29.0326,170,160,10,AÇIK OTOPARK,1,0,24 Saat
2026-08-18T23:30:46.944174+00:00,2026-08-19T02:30:46.944174+03:00,572,Ortaköy Portakal Yokuşu 1,BEŞİKTAŞ,41.0503,29.0261,15,1,14,YOL ÜSTÜ,0,15,09:00-19:00
2026-08-18T23:30:46.944174+00:00,2026-08-19T02:30:46.944174+03:00,1039,Öğretmen Evi,AVCILAR,40.9723,28.714,80,42,38,AÇIK OTOPARK,0,0,11:00-23:00
2026-08-18T23:30:46.944174+00:00,2026-08-19T02:30:46.944174+03:00,1466,Pendik Katlı Otoparkı,PENDİK,40.8789,29.2342,120,0,120,KAPALI OTOPARK,0,15,24 Saat
2026-08-18T23:30:46.944174+00:00,2026-08-19T02:30:46.944174+03:00,3073,Pendik Kemal Kalkuz Parkı Zemin Altı Otoparkı,PENDİK,40.8885,29.2427,224,1,223,KAPALI OTOPARK,0,0,09:00-18:00
2026-08-18T23:30:46.944174+00:00,2026-08-19T02:30:46.944174+03:00,3019,Pendik Meydan Zemin Altı Otoparkı,PENDİK,40.8752,29.2324,937,0,937,KAPALI OTOPARK,1,0,24 Saat
2026-08-18T23:30:46.944174+00:00,2026-08-19T02:30:46.944174+03:00,2865,Pendik Sahil Engelliler Merkez Önü,PENDİK,40.8735,29.233,100,66,34,AÇIK OTOPARK,0,0,11:00-20:00
2026-08-18T23:30:46.944174+00:00,2026-08-19T02:30:46.944174+03:00,2434,Pendik Sahil İdo,PENDİK,40.8755,29.2369,100,0,100,AÇIK OTOPARK,0,0,07:00-23:00
2026-08-18T23:30:46.944174+00:00,2026-08-19T02:30:46.944174+03:00,248,Pendik Yenimahalle Açık 2 Otoparkı,PENDİK,40.864,29.2723,124,79,45,AÇIK OTOPARK,0,15,10:00-22:00
2026-08-18T23:30:46.944174+00:00,2026-08-19T02:30:46.944174+03:00,297,Perşembe Pazarı 1,BEYOĞLU,41.0252,28.9693,32,1,31,YOL ÜSTÜ,0,15,08:00-17:00
2026-08-18T23:30:46.944174+00:00,2026-08-19T02:30:46.944174+03:00,597,Pierre Loti Caddesi 3,FATİH,41.0069,28.9711,36,1,35,YOL ÜSTÜ,0,0,07:00-17:00
2026-08-18T23:30:46.944174+00:00,2026-08-19T02:30:46.944174+03:00,3263,Piyalepaşa Meydanı Zemin Altı Otoparkı,BEYOĞLU,41.0445,28.9674,560,212,348,KAPALI OTOPARK,0,0,24 Saat
2026-08-18T23:30:46.944174+00:00,2026-08-19T02:30:46.944174+03:00,1900,Ragıp Gümüşpala Cad.(Sobacılar Önü),FATİH,41.0181,28.969,40,1,39,YOL ÜSTÜ,0,15,07:00-18:00
2026-08-18T23:30:46.944174+00:00,2026-08-19T02:30:46.944174+03:00,415,Ragıp Gümüşpala Camii Önü 1,FATİH,41.0211,28.9627,35,1,34,YOL ÜSTÜ,0,0,07:00-17:30
2026-08-18T23:30:46.944174+00:00,2026-08-19T02:30:46.944174+03:00,3268,Refik Saydam Caddesi 3,BEYOĞLU,41.032,28.9736,55,1,54,YOL ÜSTÜ,0,0,06:00-23:00
2026-08-18T23:30:46.944174+00:00,2026-08-19T02:30:46.944174+03:00,2307,Ressam Halim Sokak PD Açık Otoparkı,BAHÇELİEVLER,40.9967,28.8641,120,116,4,AÇIK OTOPARK,0,15,08:00-00:00
2026-08-18T23:30:46.944174+00:00,2026-08-19T02:30:46.944174+03:00,3082,Rumeli Hisarı Sahil Yolu Otoparkı,SARIYER,41.0854,29.0568,20,15,5,AÇIK OTOPARK,1,0,24 Saat
2026-08-18T23:30:46.944174+00:00,2026-08-19T02:30:46.944174+03:00,1595,Sabiha Gökçen Açık Otoparkı,PENDİK,40.925,29.308,1056,292,764,AÇIK OTOPARK,0,15,24 Saat
2026-08-18T23:30:46.944174+00:00,2026-08-19T02:30:46.944174+03:00,3239,Samatya Sahil Cep Otoparkı,FATİH,40.9954,28.932,113,102,11,AÇIK OTOPARK,1,15,24 Saat
2026-08-18T23:30:46.944174+00:00,2026-08-19T02:30:46.944174+03:00,3273,Sarıyer Büyükdere Fidanlığı,SARIYER,41.1548,29.0268,160,155,5,AÇIK OTOPARK,0,0,08:00-18:00
2026-08-18T23:30:46.944174+00:00,2026-08-19T02:30:46.944174+03:00,3299,Sariyer Ayazağa Mah Vadi İstanbul Önü Açık Otoparkı,SARIYER,41.1106,28.9881,100,1,99,AÇIK OTOPARK,0,0,08:00-20:00
2026-08-18T23:30:46.944174+00:00,2026-08-19T02:30:46.944174+03:00,1303,Seyrantepe Katlı (Arena Karşısı) 1,KAĞITHANE,41.101,28.9961,1897,1,1896,KAPALI OTOPARK,1,0,24 Saat
2026-08-18T23:30:46.944174+00:00,2026-08-19T02:30:46.944174+03:00,1628,Sıracevizler Caddesi Yol Üstü 5,ŞİŞLİ,41.0607,28.9841,45,1,44,YOL ÜSTÜ,0,15,09:00-17:00
2026-08-18T23:30:46.944174+00:00,2026-08-19T02:30:46.944174+03:00,464,Sirkeci Gar Önü,FATİH,41.015,28.9761,60,1,59,AÇIK OTOPARK,0,5,07:00-20:00
2026-08-18T23:30:46.944174+00:00,2026-08-19T02:30:46.944174+03:00,1486,Siyavuşpaşa Yer Altı Otoparkı,BAHÇELİEVLER,40.9965,28.8532,155,0,155,KAPALI OTOPARK,1,0,24 Saat
2026-08-18T23:30:46.944174+00:00,2026-08-19T02:30:46.944174+03:00,1958,Soğanlık Metro PD Açık Otoparkı,KARTAL,40.9131,29.1925,898,875,23,AÇIK OTOPARK,0,15,24 Saat
2026-08-18T23:30:46.944174+00:00,2026-08-19T02:30:46.944174+03:00,589,Su Terazisi Sokak,FATİH,41.0046,28.9727,22,1,21,YOL ÜSTÜ,0,0,07:30-17:00
2026-08-18T23:30:46.944174+00:00,2026-08-19T02:30:46.944174+03:00,1478,Suadiye Cep Açık Otoparkı,KADIKÖY,40.9586,29.0732,130,121,9,AÇIK OTOPARK,0,15,24 Saat
2026-08-18T23:30:46.944174+00:00,2026-08-19T02:30:46.944174+03:00,2948,Suadiye Sahil Açık Otoparkı,KADIKÖY,40.9562,29.0797,70,67,3,AÇIK OTOPARK,1,5,24 Saat
2026-08-18T23:30:46.944174+00:00,2026-08-19T02:30:46.944174+03:00,2799,Sultanbeyli Emir Caddesi Zemin Altı Otoparkı,SULTANBEYLİ,40.9707,29.2606,130,118,12,KAPALI OTOPARK,0,15,08:00-22:00
2026-08-18T23:30:46.944174+00:00,2026-08-19T02:30:46.944174+03:00,2372,Sultanbeyli Kent Meydanı Zemin Altı Otoparkı,SULTANBEYLİ,40.9667,29.2667,300,197,103,KAPALI OTOPARK,1,15,24 Saat
2026-08-18T23:30:46.944174+00:00,2026-08-19T02:30:46.944174+03:00,2410,Sultangazi Zemin Altı Otoparkı,SULTANGAZİ,41.0944,28.8649,104,0,104,KAPALI OTOPARK,1,10,24 Saat
2026-08-18T23:30:46.944174+00:00,2026-08-19T02:30:46.944174+03:00,2085,Süleyman Seba Caddesi 2,BEŞİKTAŞ,41.0426,28.9998,40,1,39,YOL ÜSTÜ,0,15,08:00-18:00
2026-08-18T23:30:46.944174+00:00,2026-08-19T02:30:46.944174+03:00,2088,Süleyman Seba Caddesi 5,BEŞİKTAŞ,41.0432,28.9978,40,1,39,YOL ÜSTÜ,0,15,08:00-18:00
2026-08-18T23:30:46.944174+00:00,2026-08-19T02:30:46.944174+03:00,2089,Süleyman Seba Caddesi 6,BEŞİKTAŞ,41.0435,28.9967,11,1,10,YOL ÜSTÜ,0,15,08:00-18:00
2026-08-18T23:30:46.944174+00:00,2026-08-19T02:30:46.944174+03:00,2391,Süleymaniye Cami Altı Açık Otoparkı,FATİH,41.0158,28.961,250,234,16,AÇIK OTOPARK,0,0,06:30-18:30
2026-08-18T23:30:46.944174+00:00,2026-08-19T02:30:46.944174+03:00,1730,Sütlüce Miniatürk Yanı,BEYOĞLU,41.057,28.95,320,225,95,AÇIK OTOPARK,1,15,24 Saat
2026-08-18T23:30:46.944174+00:00,2026-08-19T02:30:46.944174+03:00,36,Şakayık Sokak 4,ŞİŞLİ,41.0518,28.9936,50,1,49,YOL ÜSTÜ,0,15,08:00-16:00
2026-08-18T23:30:46.944174+00:00,2026-08-19T02:30:46.944174+03:00,1469,Şehit Volkan Duysak Katlı Otoparkı,ZEYTİNBURNU,40.9968,28.9039,1000,663,337,KAPALI OTOPARK,0,5,24 Saat
2026-08-18T23:30:46.944174+00:00,2026-08-19T02:30:46.944174+03:00,2385,Şehremini Açık Otoparkı 1,FATİH,41.0135,28.9333,60,1,59,AÇIK OTOPARK,0,0,08:30-20:30
2026-08-18T23:30:46.944174+00:00,2026-08-19T02:30:46.944174+03:00,2855,Şemsipaşa Açık Otoparkı,ÜSKÜDAR,41.0255,29.0097,80,79,1,AÇIK OTOPARK,1,0,24 Saat
2026-08-18T23:30:46.944174+00:00,2026-08-19T02:30:46.944174+03:00,2439,Şirinevler Meydan Zeminaltı Otoparkı,BAHÇELİEVLER,40.9925,28.8496,367,86,281,KAPALI OTOPARK,1,0,24 Saat
2026-08-18T23:30:46.944174+00:00,2026-08-19T02:30:46.944174+03:00,3400,Şişhane Refik Saydam Caddesi 2 Yol Üstü Otoparkı 1,BEYOĞLU,41.0326,28.9743,70,1,69,YOL ÜSTÜ,0,15,06:00-23:00
2026-08-18T23:30:46.944174+00:00,2026-08-19T02:30:46.944174+03:00,3441,Şişli Kuştepe Zemin Altı Otoparkı,ŞİŞLİ,41.072,28.9919,430,289,141,KAPALI OTOPARK,0,15,24 Saat
2026-08-18T23:30:46.944174+00:00,2026-08-19T02:30:46.944174+03:00,2816,Şişli Rumeli Caddesi Metro Yanı 1,ŞİŞLİ,41.0538,28.9868,45,1,44,YOL ÜSTÜ,0,15,08:00-20:00
2026-08-18T23:30:46.944174+00:00,2026-08-19T02:30:46.944174+03:00,2406,Şişli Zemin Altı Otoparkı,ŞİŞLİ,41.0641,28.9992,581,415,166,KAPALI OTOPARK,1,15,24 Saat
2026-08-18T23:30:46.944174+00:00,2026-08-19T02:30:46.944174+03:00,1993,Tuzla İdo,TUZLA,40.8149,29.3039,300,289,11,AÇIK OTOPARK,0,15,24 Saat
2026-08-18T23:30:46.944174+00:00,2026-08-19T02:30:46.944174+03:00,3332,Tuzla Sahil Cep,TUZLA,40.8168,29.2992,50,38,12,AÇIK OTOPARK,0,0,08:00-00:00
2026-08-18T23:30:46.944174+00:00,2026-08-19T02:30:46.944174+03:00,3057,Tuzla Sahil Zemin Altı Otoparkı,TUZLA,40.8181,29.3004,779,1,778,KAPALI OTOPARK,1,15,24 Saat
2026-08-18T23:30:46.944174+00:00,2026-08-19T02:30:46.944174+03:00,1811,Ulu Camii Açık Otoparkı,BAHÇELİEVLER,40.9982,28.8499,150,112,38,AÇIK OTOPARK,1,10,24 Saat
2026-08-18T23:30:46.944174+00:00,2026-08-19T02:30:46.944174+03:00,2424,Uzunçayır Açık Otoparkı,KADIKÖY,40.9988,29.0556,58,51,7,AÇIK OTOPARK,0,0,06:00-16:00
2026-08-18T23:30:46.944174+00:00,2026-08-19T02:30:46.944174+03:00,1468,Ümraniye Katlı Otoparkı,ÜMRANİYE,41.0261,29.0953,665,570,95,KAPALI OTOPARK,0,15,24 Saat
2026-08-18T23:30:46.944174+00:00,2026-08-19T02:30:46.944174+03:00,2898,Ümraniye Okan Sokak Zeminaltı Otoparkı,ÜMRANİYE,41.0284,29.0907,125,12,113,KAPALI OTOPARK,1,15,24 Saat
2026-08-18T23:30:46.944174+00:00,2026-08-19T02:30:46.944174+03:00,2345,Üsküdar Uzunçayır PD Açık Otoparkı,ÜSKÜDAR,40.9988,29.0577,90,89,1,AÇIK OTOPARK,0,15,06:00-22:00
2026-08-18T23:30:46.944174+00:00,2026-08-19T02:30:46.944174+03:00,1929,Üsküdar Ünalan Açık Otoparkı,ÜSKÜDAR,40.9979,29.0604,180,175,5,AÇIK OTOPARK,0,0,07:00-17:00
2026-08-18T23:30:46.944174+00:00,2026-08-19T02:30:46.944174+03:00,1487,Vatan Caddesi PD Açık Otoparkı,FATİH,41.0157,28.9405,397,356,41,AÇIK OTOPARK,0,5,24 Saat
2026-08-18T23:30:46.944174+00:00,2026-08-19T02:30:46.944174+03:00,2441,Yalı Açık Otoparkı,MALTEPE,40.9095,29.137,85,82,3,AÇIK OTOPARK,0,0,07:30-22:00
2026-08-18T23:30:46.944174+00:00,2026-08-19T02:30:46.944174+03:00,459,Yalı Köşkü Caddesi 1,FATİH,41.0163,28.9759,61,1,60,YOL ÜSTÜ,0,5,07:00-21:00
2026-08-18T23:30:46.944174+00:00,2026-08-19T02:30:46.944174+03:00,2037,Yenikapı Marmaray Büyük Otoparkı,FATİH,41.0057,28.9505,324,253,71,AÇIK OTOPARK,1,15,24 Saat
2026-08-18T23:30:46.944174+00:00,2026-08-19T02:30:46.944174+03:00,2036,Yenikapı Marmaray Küçük Otoparkı,FATİH,41.0064,28.9504,200,200,0,AÇIK OTOPARK,0,15,07:00-22:00
2026-08-18T23:30:46.944174+00:00,2026-08-19T02:30:46.944174+03:00,2175,Yenikapı Spor ve Kültür Merkezi PD Açık Otoparkı,FATİH,41.0006,28.9519,4023,3967,56,AÇIK OTOPARK,0,15,24 Saat
2026-08-18T23:30:46.944174+00:00,2026-08-19T02:30:46.944174+03:00,2805,Yenikapı Tünel Üstü Açık Otoparkı,FATİH,41.0029,28.9534,700,656,44,AÇIK OTOPARK,1,10,24 Saat
2026-08-18T23:30:46.944174+00:00,2026-08-19T02:30:46.944174+03:00,3404,Yenimahalle Metro Zemin Altı PD Otoparkı,GAZİOSMANPAŞA,41.0839,28.8926,114,93,21,KAPALI OTOPARK,1,15,24 Saat
2026-08-18T23:30:46.944174+00:00,2026-08-19T02:30:46.944174+03:00,2920,Yeşilce Zemin Altı Katlı Otoparkı,KAĞITHANE,41.0938,29.0017,676,0,676,KAPALI OTOPARK,1,0,24 Saat
2026-08-18T23:30:46.944174+00:00,2026-08-19T02:30:46.944174+03:00,987,Yeşilköy İstasyon Caddesi 1,BAKIRKÖY,40.962,28.825,40,1,39,YOL ÜSTÜ,0,15,09:00-17:30
2026-08-18T23:30:46.944174+00:00,2026-08-19T02:30:46.944174+03:00,974,Yeşilköy Marina 1,BAKIRKÖY,40.9576,28.8233,145,1,144,YOL ÜSTÜ,0,0,12:00-23:00
2026-08-18T23:30:46.944174+00:00,2026-08-19T02:30:46.944174+03:00,3406,Yeşilpınar Metro Zemin Altı PD Otoparkı,EYÜP,41.081,28.9204,269,181,88,KAPALI OTOPARK,1,15,24 Saat
2026-08-18T23:30:46.944174+00:00,2026-08-19T02:30:46.944174+03:00,315,Yeşilyurt Çarşı 1,BAKIRKÖY,40.9643,28.8379,50,1,49,YOL ÜSTÜ,0,15,09:00-17:30
2026-08-18T23:30:46.944174+00:00,2026-08-19T02:30:46.944174+03:00,1133,Yıldız Korusu,BEŞİKTAŞ,41.0514,29.0165,500,1,499,AÇIK OTOPARK,0,0,08:00-22:00
2026-08-18T23:30:46.944174+00:00,2026-08-19T02:30:46.944174+03:00,882,Zeytinburnu 58. Bulvar 2,ZEYTİNBURNU,40.9932,28.9039,48,1,47,YOL ÜSTÜ,0,15,09:00-18:00
2026-08-18T23:30:46.944174+00:00,2026-08-19T02:30:46.944174+03:00,3185,Zeytinburnu Sahil Cep Otoparkı,ZEYTİNBURNU,40.9798,28.8985,160,1,159,AÇIK OTOPARK,0,0,12:00-22:00
2026-08-19T01:45:21.196142+00:00,2026-08-19T04:45:21.196142+03:00,3068,15 Temmuz Şehitler Meydanı Zeminaltı Otoparkı,ÜMRANİYE,41.0246,29.0915,1029,573,456,KAPALI OTOPARK,0,15,24 Saat
2026-08-19T01:45:21.196142+00:00,2026-08-19T04:45:21.196142+03:00,2338,19 Mayıs Açık,ŞİŞLİ,41.0563,28.9941,65,0,65,AÇIK OTOPARK,1,0,24 Saat
2026-08-19T01:45:21.196142+00:00,2026-08-19T04:45:21.196142+03:00,1751,4.Levent PD Açık Otoparkı,KAĞITHANE,41.0836,29.0081,236,150,86,AÇIK OTOPARK,1,5,24 Saat
2026-08-19T01:45:21.196142+00:00,2026-08-19T04:45:21.196142+03:00,3328,4.Levent Servis ve Turizm Araçları Açık Otoparkı,ŞİŞLİ,41.0841,29.0054,300,154,146,AÇIK OTOPARK,1,15,24 Saat
2026-08-19T01:45:21.196142+00:00,2026-08-19T04:45:21.196142+03:00,3412,5. Levent Gaziosmanpaşa Adliyesi Yanı Açık Otoparkı,EYÜP,41.0927,28.9494,250,202,48,AÇIK OTOPARK,0,15,07:00-23:00
2026-08-19T01:45:21.196142+00:00,2026-08-19T04:45:21.196142+03:00,104,Abide-i Hürriyet Caddesi 5,ŞİŞLİ,41.0619,28.9876,40,1,39,YOL ÜSTÜ,0,15,08:00-17:00
2026-08-19T01:45:21.196142+00:00,2026-08-19T04:45:21.196142+03:00,2452,Acıbadem Açık Otoparkı,ÜSKÜDAR,41.0157,29.0574,100,86,14,AÇIK OTOPARK,0,0,06:30-16:00
2026-08-19T01:45:21.196142+00:00,2026-08-19T04:45:21.196142+03:00,346,Ada Karşısı Cep 2,BEŞİKTAŞ,41.072,29.045,30,1,29,YOL ÜSTÜ,0,15,08:00-23:00
2026-08-19T01:45:21.196142+00:00,2026-08-19T04:45:21.196142+03:00,1663,Akasyalı Sokak Tenis Kulubü Önü 2,BEŞİKTAŞ,41.0867,29.0109,45,1,44,YOL ÜSTÜ,0,15,08:30-17:30
2026-08-19T01:45:21.196142+00:00,2026-08-19T04:45:21.196142+03:00,828,Akdeniz Caddesi 4,FATİH,41.0175,28.9435,27,1,26,YOL ÜSTÜ,0,15,09:00-18:00
2026-08-19T01:45:21.196142+00:00,2026-08-19T04:45:21.196142+03:00,1913,Alibeyköy Cep Otogarı Açık Otoparkı,EYÜP,41.0879,28.9446,116,0,116,AÇIK OTOPARK,1,25,24 Saat
2026-08-19T01:45:21.196142+00:00,2026-08-19T04:45:21.196142+03:00,1912,Alibeyköy Cep Otogarı Otobüs Otoparkı,EYÜP,41.0875,28.9449,5000,1,4999,AÇIK OTOPARK,1,60,24 Saat
2026-08-19T01:45:21.196142+00:00,2026-08-19T04:45:21.196142+03:00,2562,Alibeyköy Yeşiltepe Zemin Altı Otoparkı,EYÜP,41.0797,28.938,159,50,109,KAPALI OTOPARK,0,15,24 Saat
2026-08-19T01:45:21.196142+00:00,2026-08-19T04:45:21.196142+03:00,3201,Altınboynuz Sosyal Tesisleri,EYÜP,41.058,28.9447,70,1,69,AÇIK OTOPARK,0,15,08:00-23:00
2026-08-19T01:45:21.196142+00:00,2026-08-19T04:45:21.196142+03:00,758,Arap Camii Açık Otoparkı,BEYOĞLU,41.0227,28.9723,30,1,29,AÇIK OTOPARK,0,0,09:00-17:00
2026-08-19T01:45:21.196142+00:00,2026-08-19T04:45:21.196142+03:00,1963,Aras Sokak 1,BÜYÜKÇEKMECE,41.0226,28.622,60,1,59,YOL ÜSTÜ,0,0,06:00-14:30
2026-08-19T01:45:21.196142+00:00,2026-08-19T04:45:21.196142+03:00,2802,Arnavutköy Zemin Altı Otoparkı,ARNAVUTKÖY,41.1838,28.7396,700,5,695,KAPALI OTOPARK,1,15,24 Saat
2026-08-19T01:45:21.196142+00:00,2026-08-19T04:45:21.196142+03:00,1797,Ataköy Atrium AVM,BAKIRKÖY,40.9881,28.8459,250,231,19,AÇIK OTOPARK,0,15,08:00-23:00
2026-08-19T01:45:21.196142+00:00,2026-08-19T04:45:21.196142+03:00,2824,Ataköy Metro Durağı Yanı PD Zemin Altı Otoparkı,BAKIRKÖY,40.9904,28.8456,150,83,67,KAPALI OTOPARK,1,0,24 Saat
2026-08-19T01:45:21.196142+00:00,2026-08-19T04:45:21.196142+03:00,359,Atatürk Bulvarı 1,FATİH,41.0112,28.9534,20,1,19,YOL ÜSTÜ,0,0,07:30-18:00
2026-08-19T01:45:21.196142+00:00,2026-08-19T04:45:21.196142+03:00,3087,Atatürk Kent Ormanı Otoparkı,SARIYER,41.136,29.0262,200,197,3,AÇIK OTOPARK,0,0,08:00-17:00
2026-08-19T01:45:21.196142+00:00,2026-08-19T04:45:21.196142+03:00,2243,Avcılar Denizköşkler Toplantı ve Davet Salonu Açık Otoparkı,AVCILAR,40.9746,28.7435,200,197,3,AÇIK OTOPARK,0,15,13:00-07:00
2026-08-19T01:45:21.196142+00:00,2026-08-19T04:45:21.196142+03:00,1088,Avcılar İdo,AVCILAR,40.9712,28.7185,270,261,9,AÇIK OTOPARK,0,0,13:00-07:00
2026-08-19T01:45:21.196142+00:00,2026-08-19T04:45:21.196142+03:00,2885,Azapkapı Haliç Metro Otoparkı,ŞİŞLİ,41.0245,28.9691,80,64,16,AÇIK OTOPARK,1,5,24 Saat
2026-08-19T01:45:21.196142+00:00,2026-08-19T04:45:21.196142+03:00,2455,Azerbaycan Dostluk Parkı Zemin Altı Otoparkı,BAĞCILAR,41.0444,28.854,400,133,267,KAPALI OTOPARK,0,10,24 Saat
2026-08-19T01:45:21.196142+00:00,2026-08-19T04:45:21.196142+03:00,2965,Bağcılar Çolakoğlu Zemin Altı Otoparkı,BAĞCILAR,41.0324,28.8345,106,0,106,KAPALI OTOPARK,1,5,24 Saat
2026-08-19T01:45:21.196142+00:00,2026-08-19T04:45:21.196142+03:00,2576,Bağcılar Demirkapı Zemin Altı Otoparkı,BAĞCILAR,41.0499,28.8327,343,131,212,KAPALI OTOPARK,1,5,24 Saat
2026-08-19T01:45:21.196142+00:00,2026-08-19T04:45:21.196142+03:00,3036,Bağcılar Devlet Hastanesi Yanı Zeminaltı Otoparkı,BAĞCILAR,41.0312,28.8696,1133,86,1047,KAPALI OTOPARK,1,15,24 Saat
2026-08-19T01:45:21.196142+00:00,2026-08-19T04:45:21.196142+03:00,3071,Bağcılar Emniyet Müdürlüğü Yanı Açık Otoparkı,BAĞCILAR,41.0353,28.8598,100,42,58,AÇIK OTOPARK,1,0,24 Saat
2026-08-19T01:45:21.196142+00:00,2026-08-19T04:45:21.196142+03:00,2873,Bağcılar Göztepe Zemin Altı,BAĞCILAR,41.0567,28.8355,120,0,120,KAPALI OTOPARK,1,5,24 Saat
2026-08-19T01:45:21.196142+00:00,2026-08-19T04:45:21.196142+03:00,3187,Bağcılar Hürriyet Mahallesi Zemin Altı Otoparkı,BAĞCILAR,41.0291,28.8333,355,0,355,KAPALI OTOPARK,1,10,24 Saat
2026-08-19T01:45:21.196142+00:00,2026-08-19T04:45:21.196142+03:00,2916,Bağcılar Kent Meydanı PD Zemin Altı Otoparkı,BAĞCILAR,41.0339,28.8556,1162,0,1162,KAPALI OTOPARK,0,0,24 Saat
2026-08-19T01:45:21.196142+00:00,2026-08-19T04:45:21.196142+03:00,3261,Bağcılar Yenimahalle Zemin Altı Otoparkı,BAĞCILAR,41.0425,28.8395,525,246,279,KAPALI OTOPARK,1,15,24 Saat
2026-08-19T01:45:21.196142+00:00,2026-08-19T04:45:21.196142+03:00,2820,Bağcılar Yıldıztepe Katlı Otoparkı,BAĞCILAR,41.0294,28.8556,350,0,350,KAPALI OTOPARK,1,10,24 Saat
2026-08-19T01:45:21.196142+00:00,2026-08-19T04:45:21.196142+03:00,3447,Bahçelievler 23 Nisan Milli Egemenlik Zeminaltı Otoparkı,BAHÇELİEVLER,40.9988,28.8472,732,393,339,KAPALI OTOPARK,1,10,24 Saat
2026-08-19T01:45:21.196142+00:00,2026-08-19T04:45:21.196142+03:00,2993,Bahçelievler Cumhuriyet Zeminaltı Otoparkı,BAHÇELİEVLER,41.0149,28.859,663,0,663,KAPALI OTOPARK,0,10,24 Saat
2026-08-19T01:45:21.196142+00:00,2026-08-19T04:45:21.196142+03:00,2969,Bahçelievler Devlet Hastanesi Yanı Katlı Otoparkı,BAHÇELİEVLER,41.0072,28.8442,740,0,740,KAPALI OTOPARK,1,0,24 Saat
2026-08-19T01:45:21.196142+00:00,2026-08-19T04:45:21.196142+03:00,3051,Bahçelievler Zafer Mh. Zeminaltı Otoparkı,BAHÇELİEVLER,41.0036,28.8351,200,42,158,KAPALI OTOPARK,1,0,24 Saat
2026-08-19T01:45:21.196142+00:00,2026-08-19T04:45:21.196142+03:00,3236,Bahçeşehir Gölet Açık Otoparkı,BAŞAKŞEHİR,41.0719,28.6901,200,1,199,AÇIK OTOPARK,0,0,12:00-22:00
2026-08-19T01:45:21.196142+00:00,2026-08-19T04:45:21.196142+03:00,1465,Bakırköy İdo Açık Otoparkı,BAKIRKÖY,40.9739,28.8761,160,143,17,AÇIK OTOPARK,1,10,24 Saat
2026-08-19T01:45:21.196142+00:00,2026-08-19T04:45:21.196142+03:00,1104,Balmumcu Katlı Otoparkı,BEŞİKTAŞ,41.0636,29.0109,400,324,76,KAPALI OTOPARK,1,5,24 Saat
2026-08-19T01:45:21.196142+00:00,2026-08-19T04:45:21.196142+03:00,2796,Başakşehir Metro Açık Otoparkı,BAŞAKŞEHİR,41.107,28.801,125,1,124,AÇIK OTOPARK,0,0,07:00-16:00
2026-08-19T01:45:21.196142+00:00,2026-08-19T04:45:21.196142+03:00,2350,Bayrampaşa Adapark Katlı Otoparkı,BAYRAMPAŞA,41.0647,28.8875,650,0,650,KAPALI OTOPARK,0,15,24 Saat
2026-08-19T01:45:21.196142+00:00,2026-08-19T04:45:21.196142+03:00,2892,Bayrampaşa Altıntepsi Zemin  Altı Otoparkı,BAYRAMPAŞA,41.0393,28.9029,110,0,110,KAPALI OTOPARK,0,10,24 Saat
2026-08-19T01:45:21.196142+00:00,2026-08-19T04:45:21.196142+03:00,2909,Bayrampaşa Atatürk Parkı  Zemin Altı Otoparkı,BAYRAMPAŞA,41.0342,28.9123,442,0,442,KAPALI OTOPARK,0,10,24 Saat
2026-08-19T01:45:21.196142+00:00,2026-08-19T04:45:21.196142+03:00,2683,Bayrampaşa Devlet Hastanesi Cep Otoparkı,BAYRAMPAŞA,41.0414,28.9031,55,33,22,AÇIK OTOPARK,0,0,08:00-19:00
2026-08-19T01:45:21.196142+00:00,2026-08-19T04:45:21.196142+03:00,3301,Bayrampaşa Kocatepe Mahallesi Zemin Altı Otoparkı,BAYRAMPAŞA,41.0545,28.8964,241,0,241,KAPALI OTOPARK,1,10,24 Saat
2026-08-19T01:45:21.196142+00:00,2026-08-19T04:45:21.196142+03:00,2053,Bayrampaşa Muratpaşa Yer Altı Otoparkı,BAYRAMPAŞA,41.047,28.9082,300,0,300,KAPALI OTOPARK,0,15,24 Saat
2026-08-19T01:45:21.196142+00:00,2026-08-19T04:45:21.196142+03:00,3175,Bayrampaşa Spor Kompleksi Zemin Altı Otoparkı,BAYRAMPAŞA,41.0446,28.9106,205,0,205,KAPALI OTOPARK,1,15,24 Saat
2026-08-19T01:45:21.196142+00:00,2026-08-19T04:45:21.196142+03:00,3382,Bayrampaşa Şehit Kamil Balkan Zemin Altı Otoparkı,BAYRAMPAŞA,41.0604,28.9008,235,0,235,KAPALI OTOPARK,1,10,24 Saat
2026-08-19T01:45:21.196142+00:00,2026-08-19T04:45:21.196142+03:00,2428,Bayrampaşa Yenidoğan Mahallesi Zemin Altı Otoparkı,BAYRAMPAŞA,41.0395,28.9088,120,0,120,KAPALI OTOPARK,0,10,24 Saat
2026-08-19T01:45:21.196142+00:00,2026-08-19T04:45:21.196142+03:00,2468,Bebek Açık,BEŞİKTAŞ,41.077,29.0434,30,5,25,AÇIK OTOPARK,0,0,24 Saat
2026-08-19T01:45:21.196142+00:00,2026-08-19T04:45:21.196142+03:00,3479,Beşiktaş Halk Pazarı Açık Otoparkı,BEŞİKTAŞ,41.0496,29.0004,170,102,68,AÇIK OTOPARK,1,5,24 Saat
2026-08-19T01:45:21.196142+00:00,2026-08-19T04:45:21.196142+03:00,3257,Beykoz Sahil Cep Otoparkı,BEYKOZ,41.1286,29.0953,100,75,25,AÇIK OTOPARK,0,0,08:00-00:00
2026-08-19T01:45:21.196142+00:00,2026-08-19T04:45:21.196142+03:00,2273,Beykoz Sosyal Tesisleri,BEYKOZ,41.1143,29.0888,130,0,130,AÇIK OTOPARK,0,15,08:00-00:00
2026-08-19T01:45:21.196142+00:00,2026-08-19T04:45:21.196142+03:00,2999,Beyoğlu Gazhane Bostan Sokak 2,BEYOĞLU,41.0389,28.9903,35,1,34,YOL ÜSTÜ,0,0,07:30-16:30
2026-08-19T01:45:21.196142+00:00,2026-08-19T04:45:21.196142+03:00,3072,Beyoğlu Örnektepe Zemin Altı Otoparkı,BEYOĞLU,41.0543,28.9548,143,0,143,KAPALI OTOPARK,0,0,24 Saat
2026-08-19T01:45:21.196142+00:00,2026-08-19T04:45:21.196142+03:00,1455,Bostancı Açık,KADIKÖY,40.9523,29.0902,394,126,268,AÇIK OTOPARK,0,15,24 Saat
2026-08-19T01:45:21.196142+00:00,2026-08-19T04:45:21.196142+03:00,1456,Bostancı Sahil-Cep Açık Otoparkı,KADIKÖY,40.9545,29.0885,192,157,35,AÇIK OTOPARK,0,15,24 Saat
2026-08-19T01:45:21.196142+00:00,2026-08-19T04:45:21.196142+03:00,2150,Bostancı Vergi Dairesi Açık Otoparkı,ATAŞEHİR,40.9625,29.1083,155,0,155,AÇIK OTOPARK,0,5,08:00-20:00
2026-08-19T01:45:21.196142+00:00,2026-08-19T04:45:21.196142+03:00,2854,Bülent Ecevit Kültür Merkezi Açık Otoparkı,KARTAL,40.8852,29.1967,277,266,11,AÇIK OTOPARK,0,0,10:00-21:00
2026-08-19T01:45:21.196142+00:00,2026-08-19T04:45:21.196142+03:00,2866,Büyük İstanbul Otogarı,BAYRAMPAŞA,41.0402,28.8942,1000,0,1000,AÇIK OTOPARK,1,25,24 Saat
2026-08-19T01:45:21.196142+00:00,2026-08-19T04:45:21.196142+03:00,1192,Büyükçamlıca Korusu Sosyal Tesisleri Önü,ÜSKÜDAR,41.0264,29.0698,204,112,92,AÇIK OTOPARK,0,0,08:00-00:00
2026-08-19T01:45:21.196142+00:00,2026-08-19T04:45:21.196142+03:00,2960,Büyükçekmece Metrobüs Durağı Yanı PD Zemin Altı Otopark,BÜYÜKÇEKMECE,41.0221,28.624,448,447,1,KAPALI OTOPARK,0,0,24 Saat
2026-08-19T01:45:21.196142+00:00,2026-08-19T04:45:21.196142+03:00,1503,Cadde Bostan Açık Otoparkı,KADIKÖY,40.9636,29.0675,66,57,9,AÇIK OTOPARK,0,15,24 Saat
2026-08-19T01:45:21.196142+00:00,2026-08-19T04:45:21.196142+03:00,2933,Cemal Kamacı Spor Kompleksi Zemin Altı Otoparkı,KAĞITHANE,41.0536,28.9575,510,0,510,KAPALI OTOPARK,1,0,24 Saat
2026-08-19T01:45:21.196142+00:00,2026-08-19T04:45:21.196142+03:00,2207,Cengiz Topel Yer Altı Katlı Otoparkı,ESENLER,41.0588,28.8643,144,0,144,KAPALI OTOPARK,0,15,24 Saat
2026-08-19T01:45:21.196142+00:00,2026-08-19T04:45:21.196142+03:00,2787,Cevizli Açık Otoparkı,KARTAL,40.9179,29.1712,100,91,9,AÇIK OTOPARK,0,15,08:00-19:00
2026-08-19T01:45:21.196142+00:00,2026-08-19T04:45:21.196142+03:00,782,Cihangir Caddesi 2,BEYOĞLU,41.0319,28.9862,70,1,69,YOL ÜSTÜ,0,15,09:00-19:00
2026-08-19T01:45:21.196142+00:00,2026-08-19T04:45:21.196142+03:00,1467,Cihangir Katlı Otoparkı,BEYOĞLU,41.0318,28.9858,350,0,350,KAPALI OTOPARK,1,0,24 Saat
2026-08-19T01:45:21.196142+00:00,2026-08-19T04:45:21.196142+03:00,535,Cihannuma Yol Üstü 1,BEŞİKTAŞ,41.0454,29.0084,35,1,34,YOL ÜSTÜ,0,0,08:00-23:00
2026-08-19T01:45:21.196142+00:00,2026-08-19T04:45:21.196142+03:00,537,Cihannuma Yol Üstü 3,BEŞİKTAŞ,41.0459,29.0087,33,1,32,YOL ÜSTÜ,0,0,08:00-23:00
2026-08-19T01:45:21.196142+00:00,2026-08-19T04:45:21.196142+03:00,539,Cihannuma Yol Üstü 5,BEŞİKTAŞ,41.0489,29.0094,24,1,23,YOL ÜSTÜ,0,0,08:00-23:00
2026-08-19T01:45:21.196142+00:00,2026-08-19T04:45:21.196142+03:00,3184,Çam Sokak 6,GÜNGÖREN,41.0121,28.8882,50,1,49,YOL ÜSTÜ,0,15,08:00-17:00
2026-08-19T01:45:21.196142+00:00,2026-08-19T04:45:21.196142+03:00,3030,Çekmeköy Metro PD Zemin Altı Otoparkı,ÇEKMEKÖY,41.0147,29.1886,175,55,120,KAPALI OTOPARK,0,15,24 Saat
2026-08-19T01:45:21.196142+00:00,2026-08-19T04:45:21.196142+03:00,2905,Çeliktepe Açık Otoparkı,KAĞITHANE,41.0843,29.0056,200,65,135,AÇIK OTOPARK,1,5,24 Saat
2026-08-19T01:45:21.196142+00:00,2026-08-19T04:45:21.196142+03:00,1298,Çengelköy Açık Otoparkı,ÜSKÜDAR,41.0484,29.0533,500,376,124,AÇIK OTOPARK,0,15,24 Saat
2026-08-19T01:45:21.196142+00:00,2026-08-19T04:45:21.196142+03:00,502,Çınar Açık Otoparkı,BEŞİKTAŞ,41.0853,29.0088,65,1,64,AÇIK OTOPARK,0,0,08:00-18:00
2026-08-19T01:45:21.196142+00:00,2026-08-19T04:45:21.196142+03:00,777,Çırağan Sarayı Yol Üstü 1,BEŞİKTAŞ,41.0448,29.0165,40,1,39,YOL ÜSTÜ,0,15,08:00-23:00
2026-08-19T01:45:21.196142+00:00,2026-08-19T04:45:21.196142+03:00,778,Çırağan Sarayı Yol Üstü 2,BEŞİKTAŞ,41.0445,29.0156,40,1,39,YOL ÜSTÜ,0,15,08:00-23:00
2026-08-19T01:45:21.196142+00:00,2026-08-19T04:45:21.196142+03:00,2228,Çırpıcı Sosyal Tesisler,ZEYTİNBURNU,41,28.8926,128,0,128,AÇIK OTOPARK,0,15,07:00-00:00
2026-08-19T01:45:21.196142+00:00,2026-08-19T04:45:21.196142+03:00,2030,Dalyan Açık Otoparkı,KADIKÖY,40.9632,29.0651,92,85,7,AÇIK OTOPARK,0,15,24 Saat
2026-08-19T01:45:21.196142+00:00,2026-08-19T04:45:21.196142+03:00,2271,Damla Sokak 1,ŞİŞLİ,41.0672,29.0004,17,1,16,YOL ÜSTÜ,0,15,07:30-16:30
2026-08-19T01:45:21.196142+00:00,2026-08-19T04:45:21.196142+03:00,2164,Darüşşafaka Yeraltı Otoparkı,SARIYER,41.1292,29.0252,150,146,4,KAPALI OTOPARK,0,15,08:00-00:00
2026-08-19T01:45:21.196142+00:00,2026-08-19T04:45:21.196142+03:00,1653,Deniz Feneri Otoparkı,FATİH,41.0019,28.9773,175,136,39,AÇIK OTOPARK,0,5,24 Saat
2026-08-19T01:45:21.196142+00:00,2026-08-19T04:45:21.196142+03:00,595,Dostluk Yurdu 1,FATİH,41.0071,28.973,33,1,32,YOL ÜSTÜ,0,15,07:00-17:00
2026-08-19T01:45:21.196142+00:00,2026-08-19T04:45:21.196142+03:00,2237,Dragos Sosyal Tesisleri,KARTAL,40.9017,29.1458,100,62,38,AÇIK OTOPARK,1,15,24 Saat
2026-08-19T01:45:21.196142+00:00,2026-08-19T04:45:21.196142+03:00,3063,Dudullu Metro PD Zemin Altı Otoparkı,ÜMRANİYE,41.0156,29.1633,81,59,22,KAPALI OTOPARK,0,15,07:00-23:30
2026-08-19T01:45:21.196142+00:00,2026-08-19T04:45:21.196142+03:00,1522,Ebu Suut Caddesi 1,FATİH,41.0128,28.9766,35,1,34,YOL ÜSTÜ,0,0,08:00-18:00
2026-08-19T01:45:21.196142+00:00,2026-08-19T04:45:21.196142+03:00,2147,EGS Blokları Açık Otoparkı,BAKIRKÖY,40.9863,28.8354,350,59,291,AÇIK OTOPARK,0,60,09:00-19:30
2026-08-19T01:45:21.196142+00:00,2026-08-19T04:45:21.196142+03:00,2366,Esenler Adem Baştürk Kültür Merkezi Katlı,ESENLER,41.039,28.8846,460,0,460,KAPALI OTOPARK,1,15,24 Saat
2026-08-19T01:45:21.196142+00:00,2026-08-19T04:45:21.196142+03:00,3190,Esenler Havaalanı Mahallesi Zemin Altı Otoparkı,ESENLER,41.0562,28.8674,610,294,316,KAPALI OTOPARK,1,10,24 Saat
2026-08-19T01:45:21.196142+00:00,2026-08-19T04:45:21.196142+03:00,3011,Esenler Menderes Metro İstasyonu Yanı,ESENLER,41.0427,28.8783,68,0,68,AÇIK OTOPARK,1,5,24 Saat
2026-08-19T01:45:21.196142+00:00,2026-08-19T04:45:21.196142+03:00,2822,Esenler Menderes Parkı Zemin Altı Otoparkı,ESENLER,41.0412,28.8729,325,0,325,KAPALI OTOPARK,1,10,24 Saat
2026-08-19T01:45:21.196142+00:00,2026-08-19T04:45:21.196142+03:00,3303,Esenyurt Adile Naşit Bulvarı Zeminaltı Otoparkı,ESENYURT,41.0205,28.6859,367,285,82,KAPALI OTOPARK,1,15,24 Saat
2026-08-19T01:45:21.196142+00:00,2026-08-19T04:45:21.196142+03:00,1328,Eski Salı Pazarı,KADIKÖY,40.9904,29.0338,760,33,727,AÇIK OTOPARK,0,15,24 Saat
2026-08-19T01:45:21.196142+00:00,2026-08-19T04:45:21.196142+03:00,904,Eyüp Pierloti Caddesi 1,EYÜP,41.0539,28.9329,40,1,39,YOL ÜSTÜ,0,0,09:00-22:00
2026-08-19T01:45:21.196142+00:00,2026-08-19T04:45:21.196142+03:00,2850,Eyüpsultan Akşemsettin Mahallesi Zemin Altı Otoparkı,EYÜP,41.085,28.9258,110,0,110,KAPALI OTOPARK,0,15,24 Saat
2026-08-19T01:45:21.196142+00:00,2026-08-19T04:45:21.196142+03:00,2215,Fatih Çeşmesi Tabiat Parkı Otoparkı,SARIYER,41.1686,28.9448,250,242,8,AÇIK OTOPARK,0,0,06:00-20:00
2026-08-19T01:45:21.196142+00:00,2026-08-19T04:45:21.196142+03:00,1475,Fatih Katlı Otoparkı,FATİH,41.0198,28.9396,118,0,118,KAPALI OTOPARK,0,10,24 Saat
2026-08-19T01:45:21.196142+00:00,2026-08-19T04:45:21.196142+03:00,1591,Feshane PD Açık Otoparkı,EYÜP,41.0463,28.9378,200,121,79,AÇIK OTOPARK,1,15,24 Saat
2026-08-19T01:45:21.196142+00:00,2026-08-19T04:45:21.196142+03:00,1005,Florya Havuzlu Bahçe,BAKIRKÖY,40.9764,28.7908,135,1,134,AÇIK OTOPARK,0,0,09:00-23:00
2026-08-19T01:45:21.196142+00:00,2026-08-19T04:45:21.196142+03:00,2238,Florya Sosyal Tesisleri,BAKIRKÖY,40.9614,28.8091,1074,1020,54,AÇIK OTOPARK,0,15,24 Saat
2026-08-19T01:45:21.196142+00:00,2026-08-19T04:45:21.196142+03:00,1704,Gazi Umur Paşa Sokak 5,BEŞİKTAŞ,41.0589,29.0114,45,1,44,YOL ÜSTÜ,0,15,08:00-17:00
2026-08-19T01:45:21.196142+00:00,2026-08-19T04:45:21.196142+03:00,3296,Gaziosmanpaşa Meydanı ve Yaşam Merkezi Zemin Altı Otoparkı,GAZİOSMANPAŞA,41.0606,28.9093,202,0,202,KAPALI OTOPARK,1,15,24 Saat
2026-08-19T01:45:21.196142+00:00,2026-08-19T04:45:21.196142+03:00,2971,Gaziosmanpaşa Zemin Altı Otoparkı,GAZİOSMANPAŞA,41.0796,28.8858,285,0,285,KAPALI OTOPARK,1,0,24 Saat
2026-08-19T01:45:21.196142+00:00,2026-08-19T04:45:21.196142+03:00,3401,Giyimkent Tekstilkent Metro Zemin Altı PD Otoparkı,ESENLER,41.0711,28.8666,203,182,21,KAPALI OTOPARK,0,10,24 Saat
2026-08-19T01:45:21.196142+00:00,2026-08-19T04:45:21.196142+03:00,2242,Gözdağı Sosyal Tesisler  Açık Otoparkı,PENDİK,40.893,29.2538,300,216,84,AÇIK OTOPARK,0,0,07:00-23:00
2026-08-19T01:45:21.196142+00:00,2026-08-19T04:45:21.196142+03:00,1879,Gülsuyu Metro PD Yer Altı Otoparkı,MALTEPE,40.9237,29.1548,76,0,76,KAPALI OTOPARK,0,15,08:00-00:00
2026-08-19T01:45:21.196142+00:00,2026-08-19T04:45:21.196142+03:00,1423,Güneş Plajı 1,BAKIRKÖY,40.9712,28.79,250,246,4,AÇIK OTOPARK,0,10,24 Saat
2026-08-19T01:45:21.196142+00:00,2026-08-19T04:45:21.196142+03:00,1461,Güneş Plajı 2,BAKIRKÖY,40.9692,28.7951,135,126,9,AÇIK OTOPARK,0,10,08:00-20:00
2026-08-19T01:45:21.196142+00:00,2026-08-19T04:45:21.196142+03:00,3053,Güngören Nikah Dairesi Zemin Altı otoparkı,GÜNGÖREN,41.0363,28.8718,147,0,147,KAPALI OTOPARK,1,10,24 Saat
2026-08-19T01:45:21.196142+00:00,2026-08-19T04:45:21.196142+03:00,2216,Gürpınar Balık Hali Otoparkı,BEYLİKDÜZÜ,40.9663,28.6019,1000,731,269,AÇIK OTOPARK,0,15,24 Saat
2026-08-19T01:45:21.196142+00:00,2026-08-19T04:45:21.196142+03:00,1525,Hacıosman Metro Yer Altı Otoparkı,SARIYER,41.14,29.0306,422,294,128,KAPALI OTOPARK,0,15,24 Saat
2026-08-19T01:45:21.196142+00:00,2026-08-19T04:45:21.196142+03:00,1470,Haldun Alagaş Katlı Otoparkı,ÜMRANİYE,41.0262,29.1052,197,100,97,KAPALI OTOPARK,1,15,24 Saat
2026-08-19T01:45:21.196142+00:00,2026-08-19T04:45:21.196142+03:00,3235,Haliç Sosyal Tesisleri Otoparkı,FATİH,41.0277,28.9572,60,53,7,AÇIK OTOPARK,0,15,07:00-00:00
2026-08-19T01:45:21.196142+00:00,2026-08-19T04:45:21.196142+03:00,2848,Halkalı Mahallesi Zemin Altı Otoparkı,KÜÇÜKÇEKMECE,41.0359,28.7848,347,267,80,KAPALI OTOPARK,0,15,24 Saat
2026-08-19T01:45:21.196142+00:00,2026-08-19T04:45:21.196142+03:00,2838,Hamidiye Mahallesi Katlı Otoparkı,KAĞITHANE,41.0949,28.971,450,169,281,KAPALI OTOPARK,1,15,24 Saat
2026-08-19T01:45:21.196142+00:00,2026-08-19T04:45:21.196142+03:00,1446,Harbiye Zemin Altı Otoparkı,BEYOĞLU,41.0408,28.9869,142,77,65,KAPALI OTOPARK,0,5,24 Saat
2026-08-19T01:45:21.196142+00:00,2026-08-19T04:45:21.196142+03:00,2332,Haydarpaşa Katlı Otoparkı,ÜSKÜDAR,41.0048,29.0251,840,767,73,KAPALI OTOPARK,1,15,24 Saat
2026-08-19T01:45:21.196142+00:00,2026-08-19T04:45:21.196142+03:00,1987,Haznedar Yer Altı Otoparkı,GÜNGÖREN,41.0083,28.8729,540,0,540,KAPALI OTOPARK,0,0,24 Saat
2026-08-19T01:45:21.196142+00:00,2026-08-19T04:45:21.196142+03:00,377,Hızır Külhani Sokak,FATİH,41.0202,28.9605,32,1,31,YOL ÜSTÜ,0,15,09:00-17:00
2026-08-19T01:45:21.196142+00:00,2026-08-19T04:45:21.196142+03:00,3173,Hürriyet Mahallesi Zeminaltı Otoparkı,GAZİOSMANPAŞA,41.0708,28.8951,190,0,190,KAPALI OTOPARK,1,15,24 Saat
2026-08-19T01:45:21.196142+00:00,2026-08-19T04:45:21.196142+03:00,157,Ihlamur Dere Caddesi 4,BEŞİKTAŞ,41.047,29.0023,27,1,26,YOL ÜSTÜ,0,15,09:00-17:00
2026-08-19T01:45:21.196142+00:00,2026-08-19T04:45:21.196142+03:00,1189,İçerenköy Sebze Meyve Hali Otoparkı,ATAŞEHİR,40.9766,29.1044,600,1,599,AÇIK OTOPARK,0,15,24 Saat
2026-08-19T01:45:21.196142+00:00,2026-08-19T04:45:21.196142+03:00,1127,İshakpaşa Caddesi,FATİH,41.0079,28.9814,200,1,199,YOL ÜSTÜ,0,0,08:00-18:00
2026-08-19T01:45:21.196142+00:00,2026-08-19T04:45:21.196142+03:00,3265,İspark İstanbul West Marina Açık Otoparkı 1,BEYLİKDÜZÜ,40.9636,28.6564,250,1,249,AÇIK OTOPARK,0,15,24 Saat
2026-08-19T01:45:21.196142+00:00,2026-08-19T04:45:21.196142+03:00,2793,İspark Merter Katlı Otoparkı,GÜNGÖREN,41.0097,28.89,900,459,441,KAPALI OTOPARK,1,10,24 Saat
2026-08-19T01:45:21.196142+00:00,2026-08-19T04:45:21.196142+03:00,2430,İspark West İstanbul Marina Açık Otoparkı,BEYLİKDÜZÜ,40.9639,28.6591,1600,1110,490,AÇIK OTOPARK,0,15,24 Saat
2026-08-19T01:45:21.196142+00:00,2026-08-19T04:45:21.196142+03:00,381,İstinye 4 ( Cami Önü ),SARIYER,41.1149,29.0571,25,1,24,YOL ÜSTÜ,0,15,08:30-17:30
2026-08-19T01:45:21.196142+00:00,2026-08-19T04:45:21.196142+03:00,1804,İtalyan Hastanesi Karşısı Açık Otoparkı 1,BEYOĞLU,41.028,28.9815,30,1,29,AÇIK OTOPARK,0,0,08:00-19:00
2026-08-19T01:45:21.196142+00:00,2026-08-19T04:45:21.196142+03:00,507,Kabasakal Medrese Önü,FATİH,41.0062,28.9789,65,1,64,AÇIK OTOPARK,0,0,08:00-18:30
2026-08-19T01:45:21.196142+00:00,2026-08-19T04:45:21.196142+03:00,3306,Kabataş Transfer Merkezi Turizm Otobüs Otoparkı,BEYOĞLU,41.0336,28.9923,160,110,50,KAPALI OTOPARK,1,20,24 Saat
2026-08-19T01:45:21.196142+00:00,2026-08-19T04:45:21.196142+03:00,2918,Kadıköy Hasanpaşa Gazhane Katlı Otoparkı,KADIKÖY,40.9972,29.0428,310,180,130,KAPALI OTOPARK,1,15,24 Saat
2026-08-19T01:45:21.196142+00:00,2026-08-19T04:45:21.196142+03:00,1447,Kadıköy İski Açık Otoparkı,KADIKÖY,40.9874,29.0207,124,113,11,AÇIK OTOPARK,0,15,24 Saat
2026-08-19T01:45:21.196142+00:00,2026-08-19T04:45:21.196142+03:00,1655,Kadıköy Metro Açık Otoparkı,KADIKÖY,40.9899,29.0217,74,64,10,AÇIK OTOPARK,0,15,24 Saat
2026-08-19T01:45:21.196142+00:00,2026-08-19T04:45:21.196142+03:00,3445,Kadıköy Uzunçayır PD Açık Otoparkı,KADIKÖY,40.9982,29.0569,70,40,30,AÇIK OTOPARK,0,15,06:30-16:30
2026-08-19T01:45:21.196142+00:00,2026-08-19T04:45:21.196142+03:00,2808,Kadıköy Yeni Salı Pazarı PD Katlı Otoparkı,KADIKÖY,40.9969,29.0486,1350,672,678,KAPALI OTOPARK,1,15,24 Saat
2026-08-19T01:45:21.196142+00:00,2026-08-19T04:45:21.196142+03:00,2811,Kağıthane Harmantepe Zemin Altı Otoparkı,KAĞITHANE,41.0816,28.9907,200,0,200,KAPALI OTOPARK,1,0,24 Saat
2026-08-19T01:45:21.196142+00:00,2026-08-19T04:45:21.196142+03:00,1452,Kalamış Açık Otoparkı,KADIKÖY,40.9687,29.0363,173,163,10,AÇIK OTOPARK,0,15,24 Saat
2026-08-19T01:45:21.196142+00:00,2026-08-19T04:45:21.196142+03:00,1474,Kartal Hasan Doğan Spor Kompleksi,KARTAL,40.8918,29.1897,773,0,773,KAPALI OTOPARK,0,15,24 Saat
2026-08-19T01:45:21.196142+00:00,2026-08-19T04:45:21.196142+03:00,1105,Kartal İdo Açık Otoparkı,KARTAL,40.8874,29.1881,90,0,90,AÇIK OTOPARK,0,15,24 Saat
2026-08-19T01:45:21.196142+00:00,2026-08-19T04:45:21.196142+03:00,1550,Kartal Sahil Açık Otoparkı,KARTAL,40.8875,29.1901,75,56,19,AÇIK OTOPARK,0,5,24 Saat
2026-08-19T01:45:21.196142+00:00,2026-08-19T04:45:21.196142+03:00,3434,Kasımpaşa Sosyal Tesisler Otoparkı,BEYOĞLU,41.0296,28.9673,60,38,22,AÇIK OTOPARK,0,0,07:30-23:00
2026-08-19T01:45:21.196142+00:00,2026-08-19T04:45:21.196142+03:00,1960,Kazlıçeşme Marmaray Açık Otoparkı,ZEYTİNBURNU,40.9922,28.917,700,651,49,AÇIK OTOPARK,0,15,24 Saat
2026-08-19T01:45:21.196142+00:00,2026-08-19T04:45:21.196142+03:00,2994,Kirazlı Metro Durağı PD Açık Otoparkı,BAĞCILAR,41.033,28.8429,112,0,112,AÇIK OTOPARK,0,5,24 Saat
2026-08-19T01:45:21.196142+00:00,2026-08-19T04:45:21.196142+03:00,1528,Kore Şehitleri Caddesi - Yüzbaşı Kaya Aldağon Sokak 1,ŞİŞLİ,41.0719,29.0139,40,1,39,YOL ÜSTÜ,0,15,07:00-16:00
2026-08-19T01:45:21.196142+00:00,2026-08-19T04:45:21.196142+03:00,2449,Kozyatağı Sebze-Meyve Hali,ATAŞEHİR,40.9787,29.1029,1500,1,1499,AÇIK OTOPARK,1,0,24 Saat
2026-08-19T01:45:21.196142+00:00,2026-08-19T04:45:21.196142+03:00,1206,Kutlugün Sokak 2,FATİH,41.0061,28.9801,200,1,199,YOL ÜSTÜ,0,0,08:00-18:00
2026-08-19T01:45:21.196142+00:00,2026-08-19T04:45:21.196142+03:00,3074,Küçük Çamlıca,ÜSKÜDAR,41.0204,29.0653,129,104,25,AÇIK OTOPARK,0,0,08:00-22:00
2026-08-19T01:45:21.196142+00:00,2026-08-19T04:45:21.196142+03:00,3127,Küçükçekmece Cennet Mahallesi Meydan Zemin Altı Otoparkı,KÜÇÜKÇEKMECE,40.9907,28.783,456,0,456,KAPALI OTOPARK,0,10,24 Saat
2026-08-19T01:45:21.196142+00:00,2026-08-19T04:45:21.196142+03:00,2554,Küçükçekmece Fevzi Çakmak Meydanı Zemin Altı Otoparkı,KÜÇÜKÇEKMECE,41.0076,28.7927,1000,468,532,KAPALI OTOPARK,0,10,24 Saat
2026-08-19T01:45:21.196142+00:00,2026-08-19T04:45:21.196142+03:00,2882,Küçüksu Kasrı Açık Otoparkı,BEYKOZ,41.0789,29.0657,98,93,5,AÇIK OTOPARK,0,0,07:00-23:00
2026-08-19T01:45:21.196142+00:00,2026-08-19T04:45:21.196142+03:00,220,Levent Hamidiye,BEŞİKTAŞ,41.0861,29.0076,100,1,99,AÇIK OTOPARK,0,0,08:00-19:00
2026-08-19T01:45:21.196142+00:00,2026-08-19T04:45:21.196142+03:00,1138,Levent Metro Yer Altı Otoparkı,BEŞİKTAŞ,41.0811,29.0105,100,1,99,AÇIK OTOPARK,0,5,07:30-19:30
2026-08-19T01:45:21.196142+00:00,2026-08-19T04:45:21.196142+03:00,2335,Maçka Açık Otoparkı,ŞİŞLİ,41.046,28.9908,75,71,4,AÇIK OTOPARK,1,0,24 Saat
2026-08-19T01:45:21.196142+00:00,2026-08-19T04:45:21.196142+03:00,1859,Maçka Katlı Otoparkı,ŞİŞLİ,41.0484,28.9903,508,258,250,KAPALI OTOPARK,0,0,24 Saat
2026-08-19T01:45:21.196142+00:00,2026-08-19T04:45:21.196142+03:00,3193,Maltepe Rıhtım Caddesi Açık Otoparkı,MALTEPE,40.9258,29.1241,76,73,3,AÇIK OTOPARK,1,0,24 Saat
2026-08-19T01:45:21.196142+00:00,2026-08-19T04:45:21.196142+03:00,2146,Maltepe Süreyyapaşa Çarşısı Açık Otoparkı,MALTEPE,40.9274,29.1225,156,137,19,AÇIK OTOPARK,1,0,24 Saat
2026-08-19T01:45:21.196142+00:00,2026-08-19T04:45:21.196142+03:00,1599,Maslak Açık Otoparkı,SARIYER,41.1166,29.024,150,132,18,AÇIK OTOPARK,0,10,24 Saat
2026-08-19T01:45:21.196142+00:00,2026-08-19T04:45:21.196142+03:00,2100,Matbaacılar Sitesi Yanı,ZEYTİNBURNU,41.0234,28.9187,250,223,27,AÇIK OTOPARK,1,5,24 Saat
2026-08-19T01:45:21.196142+00:00,2026-08-19T04:45:21.196142+03:00,920,Meclis-i Mebusan Yokuşu 2,BEYOĞLU,41.0326,28.9882,34,1,33,YOL ÜSTÜ,0,15,09:00-17:00
2026-08-19T01:45:21.196142+00:00,2026-08-19T04:45:21.196142+03:00,1546,Menekşe Plajı Açık Otoparkı,BAKIRKÖY,40.9761,28.7766,200,200,0,AÇIK OTOPARK,0,0,24 Saat
2026-08-19T01:45:21.196142+00:00,2026-08-19T04:45:21.196142+03:00,1376,Mercan Açık,FATİH,41.0136,28.9669,130,127,3,AÇIK OTOPARK,0,0,08:00-23:00
2026-08-19T01:45:21.196142+00:00,2026-08-19T04:45:21.196142+03:00,3309,Mercan Ali Paşa Sarayı Zemin Altı Otoparkı,FATİH,41.0136,28.967,196,1,195,KAPALI OTOPARK,0,0,07:00-21:00
2026-08-19T01:45:21.196142+00:00,2026-08-19T04:45:21.196142+03:00,1472,Merter Katlı Otoparkı,GÜNGÖREN,41.0092,28.8874,1000,900,100,KAPALI OTOPARK,0,10,24 Saat
2026-08-19T01:45:21.196142+00:00,2026-08-19T04:45:21.196142+03:00,2375,Merter Metro PD Zeminaltı Otoparkı,GÜNGÖREN,41.0037,28.8897,242,79,163,KAPALI OTOPARK,1,10,24 Saat
2026-08-19T01:45:21.196142+00:00,2026-08-19T04:45:21.196142+03:00,1568,Mete Caddesi 1,BEYOĞLU,41.0382,28.9879,31,1,30,YOL ÜSTÜ,0,15,08:00-23:00
2026-08-19T01:45:21.196142+00:00,2026-08-19T04:45:21.196142+03:00,1471,Mevlana Yeraltı Katlı Otoparkı,ZEYTİNBURNU,41.0072,28.9049,1000,833,167,KAPALI OTOPARK,0,5,24 Saat
2026-08-19T01:45:21.196142+00:00,2026-08-19T04:45:21.196142+03:00,2709,Millet Caddesi Açık Otoparkı,FATİH,41.01,28.9461,60,1,59,AÇIK OTOPARK,0,15,24 Saat
2026-08-19T01:45:21.196142+00:00,2026-08-19T04:45:21.196142+03:00,3152,Mimar Sinan Zemin Altı Otoparkı,ÜSKÜDAR,41.0222,29.0169,956,710,246,KAPALI OTOPARK,0,15,24 Saat
2026-08-19T01:45:21.196142+00:00,2026-08-19T04:45:21.196142+03:00,2870,Miniatürk Çadır Açık Otoparkı,BEYOĞLU,41.0594,28.9501,250,196,54,AÇIK OTOPARK,0,15,07:00-20:00
2026-08-19T01:45:21.196142+00:00,2026-08-19T04:45:21.196142+03:00,2556,Muallim Naci Açık Otoparkı,BEŞİKTAŞ,41.0561,29.0342,35,30,5,AÇIK OTOPARK,1,15,24 Saat
2026-08-19T01:45:21.196142+00:00,2026-08-19T04:45:21.196142+03:00,569,Oda Kule Önü 1,BEYOĞLU,41.0322,28.9751,24,1,23,YOL ÜSTÜ,0,0,07:00-01:00
2026-08-19T01:45:21.196142+00:00,2026-08-19T04:45:21.196142+03:00,1988,Orhangazi Şehir Parkı PD Açık Otoparkı,MALTEPE,40.9313,29.1161,5022,4668,354,AÇIK OTOPARK,1,15,24 Saat
2026-08-19T01:45:21.196142+00:00,2026-08-19T04:45:21.196142+03:00,152,Ortabahçe Caddesi 2,BEŞİKTAŞ,41.0428,29.0043,35,1,34,YOL ÜSTÜ,0,15,08:00-23:00
2026-08-19T01:45:21.196142+00:00,2026-08-19T04:45:21.196142+03:00,153,Ortabahçe Caddesi 3,BEŞİKTAŞ,41.043,29.0042,26,1,25,YOL ÜSTÜ,0,15,08:00-23:00
2026-08-19T01:45:21.196142+00:00,2026-08-19T04:45:21.196142+03:00,119,Ortaklar Caddesi 1,ŞİŞLİ,41.0638,28.9971,25,1,24,YOL ÜSTÜ,0,15,08:30-17:00
2026-08-19T01:45:21.196142+00:00,2026-08-19T04:45:21.196142+03:00,1343,Ortaköy Açık Otoparkı,BEŞİKTAŞ,41.0504,29.0326,170,162,8,AÇIK OTOPARK,1,0,24 Saat
2026-08-19T01:45:21.196142+00:00,2026-08-19T04:45:21.196142+03:00,572,Ortaköy Portakal Yokuşu 1,BEŞİKTAŞ,41.0503,29.0261,15,1,14,YOL ÜSTÜ,0,15,09:00-19:00
2026-08-19T01:45:21.196142+00:00,2026-08-19T04:45:21.196142+03:00,1039,Öğretmen Evi,AVCILAR,40.9723,28.714,80,42,38,AÇIK OTOPARK,0,0,11:00-23:00
2026-08-19T01:45:21.196142+00:00,2026-08-19T04:45:21.196142+03:00,1466,Pendik Katlı Otoparkı,PENDİK,40.8789,29.2342,120,0,120,KAPALI OTOPARK,0,15,24 Saat
2026-08-19T01:45:21.196142+00:00,2026-08-19T04:45:21.196142+03:00,3073,Pendik Kemal Kalkuz Parkı Zemin Altı Otoparkı,PENDİK,40.8885,29.2427,224,1,223,KAPALI OTOPARK,0,0,09:00-18:00
2026-08-19T01:45:21.196142+00:00,2026-08-19T04:45:21.196142+03:00,3019,Pendik Meydan Zemin Altı Otoparkı,PENDİK,40.8752,29.2324,937,0,937,KAPALI OTOPARK,1,0,24 Saat
2026-08-19T01:45:21.196142+00:00,2026-08-19T04:45:21.196142+03:00,2865,Pendik Sahil Engelliler Merkez Önü,PENDİK,40.8735,29.233,100,66,34,AÇIK OTOPARK,0,0,11:00-20:00
2026-08-19T01:45:21.196142+00:00,2026-08-19T04:45:21.196142+03:00,2434,Pendik Sahil İdo,PENDİK,40.8755,29.2369,100,0,100,AÇIK OTOPARK,0,0,07:00-23:00
2026-08-19T01:45:21.196142+00:00,2026-08-19T04:45:21.196142+03:00,248,Pendik Yenimahalle Açık 2 Otoparkı,PENDİK,40.864,29.2723,124,79,45,AÇIK OTOPARK,0,15,10:00-22:00
2026-08-19T01:45:21.196142+00:00,2026-08-19T04:45:21.196142+03:00,297,Perşembe Pazarı 1,BEYOĞLU,41.0252,28.9693,32,1,31,YOL ÜSTÜ,0,15,08:00-17:00
2026-08-19T01:45:21.196142+00:00,2026-08-19T04:45:21.196142+03:00,597,Pierre Loti Caddesi 3,FATİH,41.0069,28.9711,36,1,35,YOL ÜSTÜ,0,0,07:00-17:00
2026-08-19T01:45:21.196142+00:00,2026-08-19T04:45:21.196142+03:00,3263,Piyalepaşa Meydanı Zemin Altı Otoparkı,BEYOĞLU,41.0445,28.9674,560,213,347,KAPALI OTOPARK,0,0,24 Saat
2026-08-19T01:45:21.196142+00:00,2026-08-19T04:45:21.196142+03:00,1900,Ragıp Gümüşpala Cad.(Sobacılar Önü),FATİH,41.0181,28.969,40,1,39,YOL ÜSTÜ,0,15,07:00-18:00
2026-08-19T01:45:21.196142+00:00,2026-08-19T04:45:21.196142+03:00,415,Ragıp Gümüşpala Camii Önü 1,FATİH,41.0211,28.9627,35,1,34,YOL ÜSTÜ,0,0,07:00-17:30
2026-08-19T01:45:21.196142+00:00,2026-08-19T04:45:21.196142+03:00,3268,Refik Saydam Caddesi 3,BEYOĞLU,41.032,28.9736,55,1,54,YOL ÜSTÜ,0,0,06:00-23:00
2026-08-19T01:45:21.196142+00:00,2026-08-19T04:45:21.196142+03:00,2307,Ressam Halim Sokak PD Açık Otoparkı,BAHÇELİEVLER,40.9967,28.8641,120,116,4,AÇIK OTOPARK,0,15,08:00-00:00
2026-08-19T01:45:21.196142+00:00,2026-08-19T04:45:21.196142+03:00,3082,Rumeli Hisarı Sahil Yolu Otoparkı,SARIYER,41.0854,29.0568,20,17,3,AÇIK OTOPARK,1,0,24 Saat
2026-08-19T01:45:21.196142+00:00,2026-08-19T04:45:21.196142+03:00,1595,Sabiha Gökçen Açık Otoparkı,PENDİK,40.925,29.308,1056,272,784,AÇIK OTOPARK,0,15,24 Saat
2026-08-19T01:45:21.196142+00:00,2026-08-19T04:45:21.196142+03:00,3239,Samatya Sahil Cep Otoparkı,FATİH,40.9954,28.932,113,108,5,AÇIK OTOPARK,1,15,24 Saat
2026-08-19T01:45:21.196142+00:00,2026-08-19T04:45:21.196142+03:00,3273,Sarıyer Büyükdere Fidanlığı,SARIYER,41.1548,29.0268,160,155,5,AÇIK OTOPARK,0,0,08:00-18:00
2026-08-19T01:45:21.196142+00:00,2026-08-19T04:45:21.196142+03:00,3299,Sariyer Ayazağa Mah Vadi İstanbul Önü Açık Otoparkı,SARIYER,41.1106,28.9881,100,1,99,AÇIK OTOPARK,0,0,08:00-20:00
2026-08-19T01:45:21.196142+00:00,2026-08-19T04:45:21.196142+03:00,1303,Seyrantepe Katlı (Arena Karşısı) 1,KAĞITHANE,41.101,28.9961,1897,1,1896,KAPALI OTOPARK,1,0,24 Saat
2026-08-19T01:45:21.196142+00:00,2026-08-19T04:45:21.196142+03:00,1628,Sıracevizler Caddesi Yol Üstü 5,ŞİŞLİ,41.0607,28.9841,45,1,44,YOL ÜSTÜ,0,15,09:00-17:00
2026-08-19T01:45:21.196142+00:00,2026-08-19T04:45:21.196142+03:00,464,Sirkeci Gar Önü,FATİH,41.015,28.9761,60,1,59,AÇIK OTOPARK,0,5,07:00-20:00
2026-08-19T01:45:21.196142+00:00,2026-08-19T04:45:21.196142+03:00,1486,Siyavuşpaşa Yer Altı Otoparkı,BAHÇELİEVLER,40.9965,28.8532,155,0,155,KAPALI OTOPARK,1,0,24 Saat
2026-08-19T01:45:21.196142+00:00,2026-08-19T04:45:21.196142+03:00,1958,Soğanlık Metro PD Açık Otoparkı,KARTAL,40.9131,29.1925,898,873,25,AÇIK OTOPARK,0,15,24 Saat
2026-08-19T01:45:21.196142+00:00,2026-08-19T04:45:21.196142+03:00,589,Su Terazisi Sokak,FATİH,41.0046,28.9727,22,1,21,YOL ÜSTÜ,0,0,07:30-17:00
2026-08-19T01:45:21.196142+00:00,2026-08-19T04:45:21.196142+03:00,1478,Suadiye Cep Açık Otoparkı,KADIKÖY,40.9586,29.0732,130,121,9,AÇIK OTOPARK,0,15,24 Saat
2026-08-19T01:45:21.196142+00:00,2026-08-19T04:45:21.196142+03:00,2948,Suadiye Sahil Açık Otoparkı,KADIKÖY,40.9562,29.0797,70,68,2,AÇIK OTOPARK,1,5,24 Saat
2026-08-19T01:45:21.196142+00:00,2026-08-19T04:45:21.196142+03:00,2799,Sultanbeyli Emir Caddesi Zemin Altı Otoparkı,SULTANBEYLİ,40.9707,29.2606,130,118,12,KAPALI OTOPARK,0,15,08:00-22:00
2026-08-19T01:45:21.196142+00:00,2026-08-19T04:45:21.196142+03:00,2372,Sultanbeyli Kent Meydanı Zemin Altı Otoparkı,SULTANBEYLİ,40.9667,29.2667,300,199,101,KAPALI OTOPARK,1,15,24 Saat
2026-08-19T01:45:21.196142+00:00,2026-08-19T04:45:21.196142+03:00,2410,Sultangazi Zemin Altı Otoparkı,SULTANGAZİ,41.0944,28.8649,104,0,104,KAPALI OTOPARK,1,10,24 Saat
2026-08-19T01:45:21.196142+00:00,2026-08-19T04:45:21.196142+03:00,2085,Süleyman Seba Caddesi 2,BEŞİKTAŞ,41.0426,28.9998,40,1,39,YOL ÜSTÜ,0,15,08:00-18:00
2026-08-19T01:45:21.196142+00:00,2026-08-19T04:45:21.196142+03:00,2088,Süleyman Seba Caddesi 5,BEŞİKTAŞ,41.0432,28.9978,40,1,39,YOL ÜSTÜ,0,15,08:00-18:00
2026-08-19T01:45:21.196142+00:00,2026-08-19T04:45:21.196142+03:00,2089,Süleyman Seba Caddesi 6,BEŞİKTAŞ,41.0435,28.9967,11,1,10,YOL ÜSTÜ,0,15,08:00-18:00
2026-08-19T01:45:21.196142+00:00,2026-08-19T04:45:21.196142+03:00,2391,Süleymaniye Cami Altı Açık Otoparkı,FATİH,41.0158,28.961,250,234,16,AÇIK OTOPARK,0,0,06:30-18:30
2026-08-19T01:45:21.196142+00:00,2026-08-19T04:45:21.196142+03:00,1730,Sütlüce Miniatürk Yanı,BEYOĞLU,41.057,28.95,320,226,94,AÇIK OTOPARK,1,15,24 Saat
2026-08-19T01:45:21.196142+00:00,2026-08-19T04:45:21.196142+03:00,36,Şakayık Sokak 4,ŞİŞLİ,41.0518,28.9936,50,1,49,YOL ÜSTÜ,0,15,08:00-16:00
2026-08-19T01:45:21.196142+00:00,2026-08-19T04:45:21.196142+03:00,1469,Şehit Volkan Duysak Katlı Otoparkı,ZEYTİNBURNU,40.9968,28.9039,1000,662,338,KAPALI OTOPARK,0,5,24 Saat
2026-08-19T01:45:21.196142+00:00,2026-08-19T04:45:21.196142+03:00,2385,Şehremini Açık Otoparkı 1,FATİH,41.0135,28.9333,60,1,59,AÇIK OTOPARK,0,0,08:30-20:30
2026-08-19T01:45:21.196142+00:00,2026-08-19T04:45:21.196142+03:00,2855,Şemsipaşa Açık Otoparkı,ÜSKÜDAR,41.0255,29.0097,80,79,1,AÇIK OTOPARK,1,0,24 Saat
2026-08-19T01:45:21.196142+00:00,2026-08-19T04:45:21.196142+03:00,2439,Şirinevler Meydan Zeminaltı Otoparkı,BAHÇELİEVLER,40.9925,28.8496,367,81,286,KAPALI OTOPARK,1,0,24 Saat
2026-08-19T01:45:21.196142+00:00,2026-08-19T04:45:21.196142+03:00,3400,Şişhane Refik Saydam Caddesi 2 Yol Üstü Otoparkı 1,BEYOĞLU,41.0326,28.9743,70,1,69,YOL ÜSTÜ,0,15,06:00-23:00
2026-08-19T01:45:21.196142+00:00,2026-08-19T04:45:21.196142+03:00,3441,Şişli Kuştepe Zemin Altı Otoparkı,ŞİŞLİ,41.072,28.9919,430,287,143,KAPALI OTOPARK,0,15,24 Saat
2026-08-19T01:45:21.196142+00:00,2026-08-19T04:45:21.196142+03:00,2816,Şişli Rumeli Caddesi Metro Yanı 1,ŞİŞLİ,41.0538,28.9868,45,1,44,YOL ÜSTÜ,0,15,08:00-20:00
2026-08-19T01:45:21.196142+00:00,2026-08-19T04:45:21.196142+03:00,2406,Şişli Zemin Altı Otoparkı,ŞİŞLİ,41.0641,28.9992,581,415,166,KAPALI OTOPARK,1,15,24 Saat
2026-08-19T01:45:21.196142+00:00,2026-08-19T04:45:21.196142+03:00,1993,Tuzla İdo,TUZLA,40.8149,29.3039,300,293,7,AÇIK OTOPARK,0,15,24 Saat
2026-08-19T01:45:21.196142+00:00,2026-08-19T04:45:21.196142+03:00,3332,Tuzla Sahil Cep,TUZLA,40.8168,29.2992,50,38,12,AÇIK OTOPARK,0,0,08:00-00:00
2026-08-19T01:45:21.196142+00:00,2026-08-19T04:45:21.196142+03:00,3057,Tuzla Sahil Zemin Altı Otoparkı,TUZLA,40.8181,29.3004,779,1,778,KAPALI OTOPARK,1,15,24 Saat
2026-08-19T01:45:21.196142+00:00,2026-08-19T04:45:21.196142+03:00,1811,Ulu Camii Açık Otoparkı,BAHÇELİEVLER,40.9982,28.8499,150,112,38,AÇIK OTOPARK,1,10,24 Saat
2026-08-19T01:45:21.196142+00:00,2026-08-19T04:45:21.196142+03:00,2424,Uzunçayır Açık Otoparkı,KADIKÖY,40.9988,29.0556,58,51,7,AÇIK OTOPARK,0,0,06:00-16:00
2026-08-19T01:45:21.196142+00:00,2026-08-19T04:45:21.196142+03:00,1468,Ümraniye Katlı Otoparkı,ÜMRANİYE,41.0261,29.0953,665,568,97,KAPALI OTOPARK,0,15,24 Saat
2026-08-19T01:45:21.196142+00:00,2026-08-19T04:45:21.196142+03:00,2898,Ümraniye Okan Sokak Zeminaltı Otoparkı,ÜMRANİYE,41.0284,29.0907,125,11,114,KAPALI OTOPARK,1,15,24 Saat
2026-08-19T01:45:21.196142+00:00,2026-08-19T04:45:21.196142+03:00,2345,Üsküdar Uzunçayır PD Açık Otoparkı,ÜSKÜDAR,40.9988,29.0577,90,89,1,AÇIK OTOPARK,0,15,06:00-22:00
2026-08-19T01:45:21.196142+00:00,2026-08-19T04:45:21.196142+03:00,1929,Üsküdar Ünalan Açık Otoparkı,ÜSKÜDAR,40.9979,29.0604,180,175,5,AÇIK OTOPARK,0,0,07:00-17:00
2026-08-19T01:45:21.196142+00:00,2026-08-19T04:45:21.196142+03:00,1487,Vatan Caddesi PD Açık Otoparkı,FATİH,41.0157,28.9405,397,357,40,AÇIK OTOPARK,0,5,24 Saat
2026-08-19T01:45:21.196142+00:00,2026-08-19T04:45:21.196142+03:00,2441,Yalı Açık Otoparkı,MALTEPE,40.9095,29.137,85,82,3,AÇIK OTOPARK,0,0,07:30-22:00
2026-08-19T01:45:21.196142+00:00,2026-08-19T04:45:21.196142+03:00,459,Yalı Köşkü Caddesi 1,FATİH,41.0163,28.9759,61,1,60,YOL ÜSTÜ,0,5,07:00-21:00
2026-08-19T01:45:21.196142+00:00,2026-08-19T04:45:21.196142+03:00,2037,Yenikapı Marmaray Büyük Otoparkı,FATİH,41.0057,28.9505,324,254,70,AÇIK OTOPARK,1,15,24 Saat
2026-08-19T01:45:21.196142+00:00,2026-08-19T04:45:21.196142+03:00,2036,Yenikapı Marmaray Küçük Otoparkı,FATİH,41.0064,28.9504,200,200,0,AÇIK OTOPARK,0,15,07:00-22:00
2026-08-19T01:45:21.196142+00:00,2026-08-19T04:45:21.196142+03:00,2175,Yenikapı Spor ve Kültür Merkezi PD Açık Otoparkı,FATİH,41.0006,28.9519,4023,3969,54,AÇIK OTOPARK,0,15,24 Saat
2026-08-19T01:45:21.196142+00:00,2026-08-19T04:45:21.196142+03:00,2805,Yenikapı Tünel Üstü Açık Otoparkı,FATİH,41.0029,28.9534,700,655,45,AÇIK OTOPARK,1,10,24 Saat
2026-08-19T01:45:21.196142+00:00,2026-08-19T04:45:21.196142+03:00,3404,Yenimahalle Metro Zemin Altı PD Otoparkı,GAZİOSMANPAŞA,41.0839,28.8926,114,93,21,KAPALI OTOPARK,1,15,24 Saat
2026-08-19T01:45:21.196142+00:00,2026-08-19T04:45:21.196142+03:00,2920,Yeşilce Zemin Altı Katlı Otoparkı,KAĞITHANE,41.0938,29.0017,676,0,676,KAPALI OTOPARK,1,0,24 Saat
2026-08-19T01:45:21.196142+00:00,2026-08-19T04:45:21.196142+03:00,987,Yeşilköy İstasyon Caddesi 1,BAKIRKÖY,40.962,28.825,40,1,39,YOL ÜSTÜ,0,15,09:00-17:30
2026-08-19T01:45:21.196142+00:00,2026-08-19T04:45:21.196142+03:00,974,Yeşilköy Marina 1,BAKIRKÖY,40.9576,28.8233,145,1,144,YOL ÜSTÜ,0,0,12:00-23:00
2026-08-19T01:45:21.196142+00:00,2026-08-19T04:45:21.196142+03:00,3406,Yeşilpınar Metro Zemin Altı PD Otoparkı,EYÜP,41.081,28.9204,269,181,88,KAPALI OTOPARK,1,15,24 Saat
2026-08-19T01:45:21.196142+00:00,2026-08-19T04:45:21.196142+03:00,315,Yeşilyurt Çarşı 1,BAKIRKÖY,40.9643,28.8379,50,1,49,YOL ÜSTÜ,0,15,09:00-17:30
2026-08-19T01:45:21.196142+00:00,2026-08-19T04:45:21.196142+03:00,1133,Yıldız Korusu,BEŞİKTAŞ,41.0514,29.0165,500,1,499,AÇIK OTOPARK,0,0,08:00-22:00
2026-08-19T01:45:21.196142+00:00,2026-08-19T04:45:21.196142+03:00,882,Zeytinburnu 58. Bulvar 2,ZEYTİNBURNU,40.9932,28.9039,48,1,47,YOL ÜSTÜ,0,15,09:00-18:00
2026-08-19T01:45:21.196142+00:00,2026-08-19T04:45:21.196142+03:00,3185,Zeytinburnu Sahil Cep Otoparkı,ZEYTİNBURNU,40.9798,28.8985,160,1,159,AÇIK OTOPARK,0,0,12:00-22:00
2026-08-19T02:45:03.462429+00:00,2026-08-19T05:45:03.462429+03:00,3068,15 Temmuz Şehitler Meydanı Zeminaltı Otoparkı,ÜMRANİYE,41.0246,29.0915,1029,576,453,KAPALI OTOPARK,0,15,24 Saat
2026-08-19T02:45:03.462429+00:00,2026-08-19T05:45:03.462429+03:00,2338,19 Mayıs Açık,ŞİŞLİ,41.0563,28.9941,65,0,65,AÇIK OTOPARK,1,0,24 Saat
2026-08-19T02:45:03.462429+00:00,2026-08-19T05:45:03.462429+03:00,1751,4.Levent PD Açık Otoparkı,KAĞITHANE,41.0836,29.0081,236,150,86,AÇIK OTOPARK,1,5,24 Saat
2026-08-19T02:45:03.462429+00:00,2026-08-19T05:45:03.462429+03:00,3328,4.Levent Servis ve Turizm Araçları Açık Otoparkı,ŞİŞLİ,41.0841,29.0054,300,154,146,AÇIK OTOPARK,1,15,24 Saat
2026-08-19T02:45:03.462429+00:00,2026-08-19T05:45:03.462429+03:00,3412,5. Levent Gaziosmanpaşa Adliyesi Yanı Açık Otoparkı,EYÜP,41.0927,28.9494,250,202,48,AÇIK OTOPARK,0,15,07:00-23:00
2026-08-19T02:45:03.462429+00:00,2026-08-19T05:45:03.462429+03:00,104,Abide-i Hürriyet Caddesi 5,ŞİŞLİ,41.0619,28.9876,40,1,39,YOL ÜSTÜ,0,15,08:00-17:00
2026-08-19T02:45:03.462429+00:00,2026-08-19T05:45:03.462429+03:00,2452,Acıbadem Açık Otoparkı,ÜSKÜDAR,41.0157,29.0574,100,86,14,AÇIK OTOPARK,0,0,06:30-16:00
2026-08-19T02:45:03.462429+00:00,2026-08-19T05:45:03.462429+03:00,346,Ada Karşısı Cep 2,BEŞİKTAŞ,41.072,29.045,30,1,29,YOL ÜSTÜ,0,15,08:00-23:00
2026-08-19T02:45:03.462429+00:00,2026-08-19T05:45:03.462429+03:00,1663,Akasyalı Sokak Tenis Kulubü Önü 2,BEŞİKTAŞ,41.0867,29.0109,45,1,44,YOL ÜSTÜ,0,15,08:30-17:30
2026-08-19T02:45:03.462429+00:00,2026-08-19T05:45:03.462429+03:00,828,Akdeniz Caddesi 4,FATİH,41.0175,28.9435,27,1,26,YOL ÜSTÜ,0,15,09:00-18:00
2026-08-19T02:45:03.462429+00:00,2026-08-19T05:45:03.462429+03:00,1913,Alibeyköy Cep Otogarı Açık Otoparkı,EYÜP,41.0879,28.9446,116,0,116,AÇIK OTOPARK,1,25,24 Saat
2026-08-19T02:45:03.462429+00:00,2026-08-19T05:45:03.462429+03:00,1912,Alibeyköy Cep Otogarı Otobüs Otoparkı,EYÜP,41.0875,28.9449,5000,1,4999,AÇIK OTOPARK,1,60,24 Saat
2026-08-19T02:45:03.462429+00:00,2026-08-19T05:45:03.462429+03:00,2562,Alibeyköy Yeşiltepe Zemin Altı Otoparkı,EYÜP,41.0797,28.938,159,49,110,KAPALI OTOPARK,0,15,24 Saat
2026-08-19T02:45:03.462429+00:00,2026-08-19T05:45:03.462429+03:00,3201,Altınboynuz Sosyal Tesisleri,EYÜP,41.058,28.9447,70,1,69,AÇIK OTOPARK,0,15,08:00-23:00
2026-08-19T02:45:03.462429+00:00,2026-08-19T05:45:03.462429+03:00,758,Arap Camii Açık Otoparkı,BEYOĞLU,41.0227,28.9723,30,1,29,AÇIK OTOPARK,0,0,09:00-17:00
2026-08-19T02:45:03.462429+00:00,2026-08-19T05:45:03.462429+03:00,1963,Aras Sokak 1,BÜYÜKÇEKMECE,41.0226,28.622,60,1,59,YOL ÜSTÜ,0,0,06:00-14:30
2026-08-19T02:45:03.462429+00:00,2026-08-19T05:45:03.462429+03:00,2802,Arnavutköy Zemin Altı Otoparkı,ARNAVUTKÖY,41.1838,28.7396,700,5,695,KAPALI OTOPARK,1,15,24 Saat
2026-08-19T02:45:03.462429+00:00,2026-08-19T05:45:03.462429+03:00,1797,Ataköy Atrium AVM,BAKIRKÖY,40.9881,28.8459,250,231,19,AÇIK OTOPARK,0,15,08:00-23:00
2026-08-19T02:45:03.462429+00:00,2026-08-19T05:45:03.462429+03:00,2824,Ataköy Metro Durağı Yanı PD Zemin Altı Otoparkı,BAKIRKÖY,40.9904,28.8456,150,83,67,KAPALI OTOPARK,1,0,24 Saat
2026-08-19T02:45:03.462429+00:00,2026-08-19T05:45:03.462429+03:00,359,Atatürk Bulvarı 1,FATİH,41.0112,28.9534,20,1,19,YOL ÜSTÜ,0,0,07:30-18:00
2026-08-19T02:45:03.462429+00:00,2026-08-19T05:45:03.462429+03:00,3087,Atatürk Kent Ormanı Otoparkı,SARIYER,41.136,29.0262,200,197,3,AÇIK OTOPARK,0,0,08:00-17:00
2026-08-19T02:45:03.462429+00:00,2026-08-19T05:45:03.462429+03:00,2243,Avcılar Denizköşkler Toplantı ve Davet Salonu Açık Otoparkı,AVCILAR,40.9746,28.7435,200,197,3,AÇIK OTOPARK,0,15,13:00-07:00
2026-08-19T02:45:03.462429+00:00,2026-08-19T05:45:03.462429+03:00,1088,Avcılar İdo,AVCILAR,40.9712,28.7185,270,261,9,AÇIK OTOPARK,0,0,13:00-07:00
2026-08-19T02:45:03.462429+00:00,2026-08-19T05:45:03.462429+03:00,2885,Azapkapı Haliç Metro Otoparkı,ŞİŞLİ,41.0245,28.9691,80,65,15,AÇIK OTOPARK,1,5,24 Saat
2026-08-19T02:45:03.462429+00:00,2026-08-19T05:45:03.462429+03:00,2455,Azerbaycan Dostluk Parkı Zemin Altı Otoparkı,BAĞCILAR,41.0444,28.854,400,133,267,KAPALI OTOPARK,0,10,24 Saat
2026-08-19T02:45:03.462429+00:00,2026-08-19T05:45:03.462429+03:00,2965,Bağcılar Çolakoğlu Zemin Altı Otoparkı,BAĞCILAR,41.0324,28.8345,106,0,106,KAPALI OTOPARK,1,5,24 Saat
2026-08-19T02:45:03.462429+00:00,2026-08-19T05:45:03.462429+03:00,2576,Bağcılar Demirkapı Zemin Altı Otoparkı,BAĞCILAR,41.0499,28.8327,343,132,211,KAPALI OTOPARK,1,5,24 Saat
2026-08-19T02:45:03.462429+00:00,2026-08-19T05:45:03.462429+03:00,3036,Bağcılar Devlet Hastanesi Yanı Zeminaltı Otoparkı,BAĞCILAR,41.0312,28.8696,1133,88,1045,KAPALI OTOPARK,1,15,24 Saat
2026-08-19T02:45:03.462429+00:00,2026-08-19T05:45:03.462429+03:00,3071,Bağcılar Emniyet Müdürlüğü Yanı Açık Otoparkı,BAĞCILAR,41.0353,28.8598,100,42,58,AÇIK OTOPARK,1,0,24 Saat
2026-08-19T02:45:03.462429+00:00,2026-08-19T05:45:03.462429+03:00,2873,Bağcılar Göztepe Zemin Altı,BAĞCILAR,41.0567,28.8355,120,0,120,KAPALI OTOPARK,1,5,24 Saat
2026-08-19T02:45:03.462429+00:00,2026-08-19T05:45:03.462429+03:00,3187,Bağcılar Hürriyet Mahallesi Zemin Altı Otoparkı,BAĞCILAR,41.0291,28.8333,355,0,355,KAPALI OTOPARK,1,10,24 Saat
2026-08-19T02:45:03.462429+00:00,2026-08-19T05:45:03.462429+03:00,2916,Bağcılar Kent Meydanı PD Zemin Altı Otoparkı,BAĞCILAR,41.0339,28.8556,1162,0,1162,KAPALI OTOPARK,0,0,24 Saat
2026-08-19T02:45:03.462429+00:00,2026-08-19T05:45:03.462429+03:00,3261,Bağcılar Yenimahalle Zemin Altı Otoparkı,BAĞCILAR,41.0425,28.8395,525,247,278,KAPALI OTOPARK,1,15,24 Saat
2026-08-19T02:45:03.462429+00:00,2026-08-19T05:45:03.462429+03:00,2820,Bağcılar Yıldıztepe Katlı Otoparkı,BAĞCILAR,41.0294,28.8556,350,0,350,KAPALI OTOPARK,1,10,24 Saat
2026-08-19T02:45:03.462429+00:00,2026-08-19T05:45:03.462429+03:00,3447,Bahçelievler 23 Nisan Milli Egemenlik Zeminaltı Otoparkı,BAHÇELİEVLER,40.9988,28.8472,732,394,338,KAPALI OTOPARK,1,10,24 Saat
2026-08-19T02:45:03.462429+00:00,2026-08-19T05:45:03.462429+03:00,2993,Bahçelievler Cumhuriyet Zeminaltı Otoparkı,BAHÇELİEVLER,41.0149,28.859,663,0,663,KAPALI OTOPARK,0,10,24 Saat
2026-08-19T02:45:03.462429+00:00,2026-08-19T05:45:03.462429+03:00,2969,Bahçelievler Devlet Hastanesi Yanı Katlı Otoparkı,BAHÇELİEVLER,41.0072,28.8442,740,0,740,KAPALI OTOPARK,1,0,24 Saat
2026-08-19T02:45:03.462429+00:00,2026-08-19T05:45:03.462429+03:00,3051,Bahçelievler Zafer Mh. Zeminaltı Otoparkı,BAHÇELİEVLER,41.0036,28.8351,200,45,155,KAPALI OTOPARK,1,0,24 Saat
2026-08-19T02:45:03.462429+00:00,2026-08-19T05:45:03.462429+03:00,3236,Bahçeşehir Gölet Açık Otoparkı,BAŞAKŞEHİR,41.0719,28.6901,200,1,199,AÇIK OTOPARK,0,0,12:00-22:00
2026-08-19T02:45:03.462429+00:00,2026-08-19T05:45:03.462429+03:00,1465,Bakırköy İdo Açık Otoparkı,BAKIRKÖY,40.9739,28.8761,160,142,18,AÇIK OTOPARK,1,10,24 Saat
2026-08-19T02:45:03.462429+00:00,2026-08-19T05:45:03.462429+03:00,1104,Balmumcu Katlı Otoparkı,BEŞİKTAŞ,41.0636,29.0109,400,324,76,KAPALI OTOPARK,1,5,24 Saat
2026-08-19T02:45:03.462429+00:00,2026-08-19T05:45:03.462429+03:00,2796,Başakşehir Metro Açık Otoparkı,BAŞAKŞEHİR,41.107,28.801,125,1,124,AÇIK OTOPARK,0,0,07:00-16:00
2026-08-19T02:45:03.462429+00:00,2026-08-19T05:45:03.462429+03:00,2350,Bayrampaşa Adapark Katlı Otoparkı,BAYRAMPAŞA,41.0647,28.8875,650,0,650,KAPALI OTOPARK,0,15,24 Saat
2026-08-19T02:45:03.462429+00:00,2026-08-19T05:45:03.462429+03:00,2892,Bayrampaşa Altıntepsi Zemin  Altı Otoparkı,BAYRAMPAŞA,41.0393,28.9029,110,0,110,KAPALI OTOPARK,0,10,24 Saat
2026-08-19T02:45:03.462429+00:00,2026-08-19T05:45:03.462429+03:00,2909,Bayrampaşa Atatürk Parkı  Zemin Altı Otoparkı,BAYRAMPAŞA,41.0342,28.9123,442,0,442,KAPALI OTOPARK,0,10,24 Saat
2026-08-19T02:45:03.462429+00:00,2026-08-19T05:45:03.462429+03:00,2683,Bayrampaşa Devlet Hastanesi Cep Otoparkı,BAYRAMPAŞA,41.0414,28.9031,55,33,22,AÇIK OTOPARK,0,0,08:00-19:00
2026-08-19T02:45:03.462429+00:00,2026-08-19T05:45:03.462429+03:00,3301,Bayrampaşa Kocatepe Mahallesi Zemin Altı Otoparkı,BAYRAMPAŞA,41.0545,28.8964,241,0,241,KAPALI OTOPARK,1,10,24 Saat
2026-08-19T02:45:03.462429+00:00,2026-08-19T05:45:03.462429+03:00,2053,Bayrampaşa Muratpaşa Yer Altı Otoparkı,BAYRAMPAŞA,41.047,28.9082,300,0,300,KAPALI OTOPARK,0,15,24 Saat
2026-08-19T02:45:03.462429+00:00,2026-08-19T05:45:03.462429+03:00,3175,Bayrampaşa Spor Kompleksi Zemin Altı Otoparkı,BAYRAMPAŞA,41.0446,28.9106,205,0,205,KAPALI OTOPARK,1,15,24 Saat
2026-08-19T02:45:03.462429+00:00,2026-08-19T05:45:03.462429+03:00,3382,Bayrampaşa Şehit Kamil Balkan Zemin Altı Otoparkı,BAYRAMPAŞA,41.0604,28.9008,235,0,235,KAPALI OTOPARK,1,10,24 Saat
2026-08-19T02:45:03.462429+00:00,2026-08-19T05:45:03.462429+03:00,2428,Bayrampaşa Yenidoğan Mahallesi Zemin Altı Otoparkı,BAYRAMPAŞA,41.0395,28.9088,120,0,120,KAPALI OTOPARK,0,10,24 Saat
2026-08-19T02:45:03.462429+00:00,2026-08-19T05:45:03.462429+03:00,2468,Bebek Açık,BEŞİKTAŞ,41.077,29.0434,30,2,28,AÇIK OTOPARK,0,0,24 Saat
2026-08-19T02:45:03.462429+00:00,2026-08-19T05:45:03.462429+03:00,3479,Beşiktaş Halk Pazarı Açık Otoparkı,BEŞİKTAŞ,41.0496,29.0004,170,102,68,AÇIK OTOPARK,1,5,24 Saat
2026-08-19T02:45:03.462429+00:00,2026-08-19T05:45:03.462429+03:00,3257,Beykoz Sahil Cep Otoparkı,BEYKOZ,41.1286,29.0953,100,75,25,AÇIK OTOPARK,0,0,08:00-00:00
2026-08-19T02:45:03.462429+00:00,2026-08-19T05:45:03.462429+03:00,2273,Beykoz Sosyal Tesisleri,BEYKOZ,41.1143,29.0888,130,0,130,AÇIK OTOPARK,0,15,08:00-00:00
2026-08-19T02:45:03.462429+00:00,2026-08-19T05:45:03.462429+03:00,2999,Beyoğlu Gazhane Bostan Sokak 2,BEYOĞLU,41.0389,28.9903,35,1,34,YOL ÜSTÜ,0,0,07:30-16:30
2026-08-19T02:45:03.462429+00:00,2026-08-19T05:45:03.462429+03:00,3072,Beyoğlu Örnektepe Zemin Altı Otoparkı,BEYOĞLU,41.0543,28.9548,143,0,143,KAPALI OTOPARK,0,0,24 Saat
2026-08-19T02:45:03.462429+00:00,2026-08-19T05:45:03.462429+03:00,1455,Bostancı Açık,KADIKÖY,40.9523,29.0902,394,123,271,AÇIK OTOPARK,0,15,24 Saat
2026-08-19T02:45:03.462429+00:00,2026-08-19T05:45:03.462429+03:00,1456,Bostancı Sahil-Cep Açık Otoparkı,KADIKÖY,40.9545,29.0885,192,159,33,AÇIK OTOPARK,0,15,24 Saat
2026-08-19T02:45:03.462429+00:00,2026-08-19T05:45:03.462429+03:00,2150,Bostancı Vergi Dairesi Açık Otoparkı,ATAŞEHİR,40.9625,29.1083,155,0,155,AÇIK OTOPARK,0,5,08:00-20:00
2026-08-19T02:45:03.462429+00:00,2026-08-19T05:45:03.462429+03:00,2854,Bülent Ecevit Kültür Merkezi Açık Otoparkı,KARTAL,40.8852,29.1967,277,266,11,AÇIK OTOPARK,0,0,10:00-21:00
2026-08-19T02:45:03.462429+00:00,2026-08-19T05:45:03.462429+03:00,2866,Büyük İstanbul Otogarı,BAYRAMPAŞA,41.0402,28.8942,1000,0,1000,AÇIK OTOPARK,1,25,24 Saat
2026-08-19T02:45:03.462429+00:00,2026-08-19T05:45:03.462429+03:00,1192,Büyükçamlıca Korusu Sosyal Tesisleri Önü,ÜSKÜDAR,41.0264,29.0698,204,112,92,AÇIK OTOPARK,0,0,08:00-00:00
2026-08-19T02:45:03.462429+00:00,2026-08-19T05:45:03.462429+03:00,2960,Büyükçekmece Metrobüs Durağı Yanı PD Zemin Altı Otopark,BÜYÜKÇEKMECE,41.0221,28.624,448,443,5,KAPALI OTOPARK,0,0,24 Saat
2026-08-19T02:45:03.462429+00:00,2026-08-19T05:45:03.462429+03:00,1503,Cadde Bostan Açık Otoparkı,KADIKÖY,40.9636,29.0675,66,57,9,AÇIK OTOPARK,0,15,24 Saat
2026-08-19T02:45:03.462429+00:00,2026-08-19T05:45:03.462429+03:00,2933,Cemal Kamacı Spor Kompleksi Zemin Altı Otoparkı,KAĞITHANE,41.0536,28.9575,510,0,510,KAPALI OTOPARK,1,0,24 Saat
2026-08-19T02:45:03.462429+00:00,2026-08-19T05:45:03.462429+03:00,2207,Cengiz Topel Yer Altı Katlı Otoparkı,ESENLER,41.0588,28.8643,144,0,144,KAPALI OTOPARK,0,15,24 Saat
2026-08-19T02:45:03.462429+00:00,2026-08-19T05:45:03.462429+03:00,2787,Cevizli Açık Otoparkı,KARTAL,40.9179,29.1712,100,91,9,AÇIK OTOPARK,0,15,08:00-19:00
2026-08-19T02:45:03.462429+00:00,2026-08-19T05:45:03.462429+03:00,782,Cihangir Caddesi 2,BEYOĞLU,41.0319,28.9862,70,1,69,YOL ÜSTÜ,0,15,09:00-19:00
2026-08-19T02:45:03.462429+00:00,2026-08-19T05:45:03.462429+03:00,1467,Cihangir Katlı Otoparkı,BEYOĞLU,41.0318,28.9858,350,0,350,KAPALI OTOPARK,1,0,24 Saat
2026-08-19T02:45:03.462429+00:00,2026-08-19T05:45:03.462429+03:00,535,Cihannuma Yol Üstü 1,BEŞİKTAŞ,41.0454,29.0084,35,1,34,YOL ÜSTÜ,0,0,08:00-23:00
2026-08-19T02:45:03.462429+00:00,2026-08-19T05:45:03.462429+03:00,537,Cihannuma Yol Üstü 3,BEŞİKTAŞ,41.0459,29.0087,33,1,32,YOL ÜSTÜ,0,0,08:00-23:00
2026-08-19T02:45:03.462429+00:00,2026-08-19T05:45:03.462429+03:00,539,Cihannuma Yol Üstü 5,BEŞİKTAŞ,41.0489,29.0094,24,1,23,YOL ÜSTÜ,0,0,08:00-23:00
2026-08-19T02:45:03.462429+00:00,2026-08-19T05:45:03.462429+03:00,3184,Çam Sokak 6,GÜNGÖREN,41.0121,28.8882,50,1,49,YOL ÜSTÜ,0,15,08:00-17:00
2026-08-19T02:45:03.462429+00:00,2026-08-19T05:45:03.462429+03:00,3030,Çekmeköy Metro PD Zemin Altı Otoparkı,ÇEKMEKÖY,41.0147,29.1886,175,55,120,KAPALI OTOPARK,0,15,24 Saat
2026-08-19T02:45:03.462429+00:00,2026-08-19T05:45:03.462429+03:00,2905,Çeliktepe Açık Otoparkı,KAĞITHANE,41.0843,29.0056,200,67,133,AÇIK OTOPARK,1,5,24 Saat
2026-08-19T02:45:03.462429+00:00,2026-08-19T05:45:03.462429+03:00,1298,Çengelköy Açık Otoparkı,ÜSKÜDAR,41.0484,29.0533,500,374,126,AÇIK OTOPARK,0,15,24 Saat
2026-08-19T02:45:03.462429+00:00,2026-08-19T05:45:03.462429+03:00,502,Çınar Açık Otoparkı,BEŞİKTAŞ,41.0853,29.0088,65,1,64,AÇIK OTOPARK,0,0,08:00-18:00
2026-08-19T02:45:03.462429+00:00,2026-08-19T05:45:03.462429+03:00,777,Çırağan Sarayı Yol Üstü 1,BEŞİKTAŞ,41.0448,29.0165,40,1,39,YOL ÜSTÜ,0,15,08:00-23:00
2026-08-19T02:45:03.462429+00:00,2026-08-19T05:45:03.462429+03:00,778,Çırağan Sarayı Yol Üstü 2,BEŞİKTAŞ,41.0445,29.0156,40,1,39,YOL ÜSTÜ,0,15,08:00-23:00
2026-08-19T02:45:03.462429+00:00,2026-08-19T05:45:03.462429+03:00,2228,Çırpıcı Sosyal Tesisler,ZEYTİNBURNU,41,28.8926,128,0,128,AÇIK OTOPARK,0,15,07:00-00:00
2026-08-19T02:45:03.462429+00:00,2026-08-19T05:45:03.462429+03:00,2030,Dalyan Açık Otoparkı,KADIKÖY,40.9632,29.0651,92,85,7,AÇIK OTOPARK,0,15,24 Saat
2026-08-19T02:45:03.462429+00:00,2026-08-19T05:45:03.462429+03:00,2271,Damla Sokak 1,ŞİŞLİ,41.0672,29.0004,17,1,16,YOL ÜSTÜ,0,15,07:30-16:30
2026-08-19T02:45:03.462429+00:00,2026-08-19T05:45:03.462429+03:00,2164,Darüşşafaka Yeraltı Otoparkı,SARIYER,41.1292,29.0252,150,146,4,KAPALI OTOPARK,0,15,08:00-00:00
2026-08-19T02:45:03.462429+00:00,2026-08-19T05:45:03.462429+03:00,1653,Deniz Feneri Otoparkı,FATİH,41.0019,28.9773,175,141,34,AÇIK OTOPARK,0,5,24 Saat
2026-08-19T02:45:03.462429+00:00,2026-08-19T05:45:03.462429+03:00,595,Dostluk Yurdu 1,FATİH,41.0071,28.973,33,1,32,YOL ÜSTÜ,0,15,07:00-17:00
2026-08-19T02:45:03.462429+00:00,2026-08-19T05:45:03.462429+03:00,2237,Dragos Sosyal Tesisleri,KARTAL,40.9017,29.1458,100,62,38,AÇIK OTOPARK,1,15,24 Saat
2026-08-19T02:45:03.462429+00:00,2026-08-19T05:45:03.462429+03:00,3063,Dudullu Metro PD Zemin Altı Otoparkı,ÜMRANİYE,41.0156,29.1633,81,59,22,KAPALI OTOPARK,0,15,07:00-23:30
2026-08-19T02:45:03.462429+00:00,2026-08-19T05:45:03.462429+03:00,1522,Ebu Suut Caddesi 1,FATİH,41.0128,28.9766,35,1,34,YOL ÜSTÜ,0,0,08:00-18:00
2026-08-19T02:45:03.462429+00:00,2026-08-19T05:45:03.462429+03:00,2147,EGS Blokları Açık Otoparkı,BAKIRKÖY,40.9863,28.8354,350,57,293,AÇIK OTOPARK,0,60,09:00-19:30
2026-08-19T02:45:03.462429+00:00,2026-08-19T05:45:03.462429+03:00,2366,Esenler Adem Baştürk Kültür Merkezi Katlı,ESENLER,41.039,28.8846,460,0,460,KAPALI OTOPARK,1,15,24 Saat
2026-08-19T02:45:03.462429+00:00,2026-08-19T05:45:03.462429+03:00,3190,Esenler Havaalanı Mahallesi Zemin Altı Otoparkı,ESENLER,41.0562,28.8674,610,295,315,KAPALI OTOPARK,1,10,24 Saat
2026-08-19T02:45:03.462429+00:00,2026-08-19T05:45:03.462429+03:00,3011,Esenler Menderes Metro İstasyonu Yanı,ESENLER,41.0427,28.8783,68,0,68,AÇIK OTOPARK,1,5,24 Saat
2026-08-19T02:45:03.462429+00:00,2026-08-19T05:45:03.462429+03:00,2822,Esenler Menderes Parkı Zemin Altı Otoparkı,ESENLER,41.0412,28.8729,325,0,325,KAPALI OTOPARK,1,10,24 Saat
2026-08-19T02:45:03.462429+00:00,2026-08-19T05:45:03.462429+03:00,3303,Esenyurt Adile Naşit Bulvarı Zeminaltı Otoparkı,ESENYURT,41.0205,28.6859,367,285,82,KAPALI OTOPARK,1,15,24 Saat
2026-08-19T02:45:03.462429+00:00,2026-08-19T05:45:03.462429+03:00,1328,Eski Salı Pazarı,KADIKÖY,40.9904,29.0338,760,36,724,AÇIK OTOPARK,0,15,24 Saat
2026-08-19T02:45:03.462429+00:00,2026-08-19T05:45:03.462429+03:00,904,Eyüp Pierloti Caddesi 1,EYÜP,41.0539,28.9329,40,1,39,YOL ÜSTÜ,0,0,09:00-22:00
2026-08-19T02:45:03.462429+00:00,2026-08-19T05:45:03.462429+03:00,2850,Eyüpsultan Akşemsettin Mahallesi Zemin Altı Otoparkı,EYÜP,41.085,28.9258,110,0,110,KAPALI OTOPARK,0,15,24 Saat
2026-08-19T02:45:03.462429+00:00,2026-08-19T05:45:03.462429+03:00,2215,Fatih Çeşmesi Tabiat Parkı Otoparkı,SARIYER,41.1686,28.9448,250,242,8,AÇIK OTOPARK,0,0,06:00-20:00
2026-08-19T02:45:03.462429+00:00,2026-08-19T05:45:03.462429+03:00,1475,Fatih Katlı Otoparkı,FATİH,41.0198,28.9396,118,0,118,KAPALI OTOPARK,0,10,24 Saat
2026-08-19T02:45:03.462429+00:00,2026-08-19T05:45:03.462429+03:00,1591,Feshane PD Açık Otoparkı,EYÜP,41.0463,28.9378,200,120,80,AÇIK OTOPARK,1,15,24 Saat
2026-08-19T02:45:03.462429+00:00,2026-08-19T05:45:03.462429+03:00,1005,Florya Havuzlu Bahçe,BAKIRKÖY,40.9764,28.7908,135,1,134,AÇIK OTOPARK,0,0,09:00-23:00
2026-08-19T02:45:03.462429+00:00,2026-08-19T05:45:03.462429+03:00,2238,Florya Sosyal Tesisleri,BAKIRKÖY,40.9614,28.8091,1074,1020,54,AÇIK OTOPARK,0,15,24 Saat
2026-08-19T02:45:03.462429+00:00,2026-08-19T05:45:03.462429+03:00,1704,Gazi Umur Paşa Sokak 5,BEŞİKTAŞ,41.0589,29.0114,45,1,44,YOL ÜSTÜ,0,15,08:00-17:00
2026-08-19T02:45:03.462429+00:00,2026-08-19T05:45:03.462429+03:00,3296,Gaziosmanpaşa Meydanı ve Yaşam Merkezi Zemin Altı Otoparkı,GAZİOSMANPAŞA,41.0606,28.9093,202,0,202,KAPALI OTOPARK,1,15,24 Saat
2026-08-19T02:45:03.462429+00:00,2026-08-19T05:45:03.462429+03:00,2971,Gaziosmanpaşa Zemin Altı Otoparkı,GAZİOSMANPAŞA,41.0796,28.8858,285,0,285,KAPALI OTOPARK,1,0,24 Saat
2026-08-19T02:45:03.462429+00:00,2026-08-19T05:45:03.462429+03:00,3401,Giyimkent Tekstilkent Metro Zemin Altı PD Otoparkı,ESENLER,41.0711,28.8666,203,182,21,KAPALI OTOPARK,0,10,24 Saat
2026-08-19T02:45:03.462429+00:00,2026-08-19T05:45:03.462429+03:00,2242,Gözdağı Sosyal Tesisler  Açık Otoparkı,PENDİK,40.893,29.2538,300,216,84,AÇIK OTOPARK,0,0,07:00-23:00
2026-08-19T02:45:03.462429+00:00,2026-08-19T05:45:03.462429+03:00,1879,Gülsuyu Metro PD Yer Altı Otoparkı,MALTEPE,40.9237,29.1548,76,0,76,KAPALI OTOPARK,0,15,08:00-00:00
2026-08-19T02:45:03.462429+00:00,2026-08-19T05:45:03.462429+03:00,1423,Güneş Plajı 1,BAKIRKÖY,40.9712,28.79,250,246,4,AÇIK OTOPARK,0,10,24 Saat
2026-08-19T02:45:03.462429+00:00,2026-08-19T05:45:03.462429+03:00,1461,Güneş Plajı 2,BAKIRKÖY,40.9692,28.7951,135,126,9,AÇIK OTOPARK,0,10,08:00-20:00
2026-08-19T02:45:03.462429+00:00,2026-08-19T05:45:03.462429+03:00,3053,Güngören Nikah Dairesi Zemin Altı otoparkı,GÜNGÖREN,41.0363,28.8718,147,0,147,KAPALI OTOPARK,1,10,24 Saat
2026-08-19T02:45:03.462429+00:00,2026-08-19T05:45:03.462429+03:00,2216,Gürpınar Balık Hali Otoparkı,BEYLİKDÜZÜ,40.9663,28.6019,1000,753,247,AÇIK OTOPARK,0,15,24 Saat
2026-08-19T02:45:03.462429+00:00,2026-08-19T05:45:03.462429+03:00,1525,Hacıosman Metro Yer Altı Otoparkı,SARIYER,41.14,29.0306,422,294,128,KAPALI OTOPARK,0,15,24 Saat
2026-08-19T02:45:03.462429+00:00,2026-08-19T05:45:03.462429+03:00,1470,Haldun Alagaş Katlı Otoparkı,ÜMRANİYE,41.0262,29.1052,197,100,97,KAPALI OTOPARK,1,15,24 Saat
2026-08-19T02:45:03.462429+00:00,2026-08-19T05:45:03.462429+03:00,3235,Haliç Sosyal Tesisleri Otoparkı,FATİH,41.0277,28.9572,60,53,7,AÇIK OTOPARK,0,15,07:00-00:00
2026-08-19T02:45:03.462429+00:00,2026-08-19T05:45:03.462429+03:00,2848,Halkalı Mahallesi Zemin Altı Otoparkı,KÜÇÜKÇEKMECE,41.0359,28.7848,347,267,80,KAPALI OTOPARK,0,15,24 Saat
2026-08-19T02:45:03.462429+00:00,2026-08-19T05:45:03.462429+03:00,2838,Hamidiye Mahallesi Katlı Otoparkı,KAĞITHANE,41.0949,28.971,450,169,281,KAPALI OTOPARK,1,15,24 Saat
2026-08-19T02:45:03.462429+00:00,2026-08-19T05:45:03.462429+03:00,1446,Harbiye Zemin Altı Otoparkı,BEYOĞLU,41.0408,28.9869,142,77,65,KAPALI OTOPARK,0,5,24 Saat
2026-08-19T02:45:03.462429+00:00,2026-08-19T05:45:03.462429+03:00,2332,Haydarpaşa Katlı Otoparkı,ÜSKÜDAR,41.0048,29.0251,840,763,77,KAPALI OTOPARK,1,15,24 Saat
2026-08-19T02:45:03.462429+00:00,2026-08-19T05:45:03.462429+03:00,1987,Haznedar Yer Altı Otoparkı,GÜNGÖREN,41.0083,28.8729,540,0,540,KAPALI OTOPARK,0,0,24 Saat
2026-08-19T02:45:03.462429+00:00,2026-08-19T05:45:03.462429+03:00,377,Hızır Külhani Sokak,FATİH,41.0202,28.9605,32,1,31,YOL ÜSTÜ,0,15,09:00-17:00
2026-08-19T02:45:03.462429+00:00,2026-08-19T05:45:03.462429+03:00,3173,Hürriyet Mahallesi Zeminaltı Otoparkı,GAZİOSMANPAŞA,41.0708,28.8951,190,0,190,KAPALI OTOPARK,1,15,24 Saat
2026-08-19T02:45:03.462429+00:00,2026-08-19T05:45:03.462429+03:00,157,Ihlamur Dere Caddesi 4,BEŞİKTAŞ,41.047,29.0023,27,1,26,YOL ÜSTÜ,0,15,09:00-17:00
2026-08-19T02:45:03.462429+00:00,2026-08-19T05:45:03.462429+03:00,1189,İçerenköy Sebze Meyve Hali Otoparkı,ATAŞEHİR,40.9766,29.1044,600,600,0,AÇIK OTOPARK,0,15,24 Saat
2026-08-19T02:45:03.462429+00:00,2026-08-19T05:45:03.462429+03:00,1127,İshakpaşa Caddesi,FATİH,41.0079,28.9814,200,1,199,YOL ÜSTÜ,0,0,08:00-18:00
2026-08-19T02:45:03.462429+00:00,2026-08-19T05:45:03.462429+03:00,3265,İspark İstanbul West Marina Açık Otoparkı 1,BEYLİKDÜZÜ,40.9636,28.6564,250,1,249,AÇIK OTOPARK,0,15,24 Saat
2026-08-19T02:45:03.462429+00:00,2026-08-19T05:45:03.462429+03:00,2793,İspark Merter Katlı Otoparkı,GÜNGÖREN,41.0097,28.89,900,459,441,KAPALI OTOPARK,1,10,24 Saat
2026-08-19T02:45:03.462429+00:00,2026-08-19T05:45:03.462429+03:00,2430,İspark West İstanbul Marina Açık Otoparkı,BEYLİKDÜZÜ,40.9639,28.6591,1600,1115,485,AÇIK OTOPARK,0,15,24 Saat
2026-08-19T02:45:03.462429+00:00,2026-08-19T05:45:03.462429+03:00,381,İstinye 4 ( Cami Önü ),SARIYER,41.1149,29.0571,25,1,24,YOL ÜSTÜ,0,15,08:30-17:30
2026-08-19T02:45:03.462429+00:00,2026-08-19T05:45:03.462429+03:00,1804,İtalyan Hastanesi Karşısı Açık Otoparkı 1,BEYOĞLU,41.028,28.9815,30,1,29,AÇIK OTOPARK,0,0,08:00-19:00
2026-08-19T02:45:03.462429+00:00,2026-08-19T05:45:03.462429+03:00,507,Kabasakal Medrese Önü,FATİH,41.0062,28.9789,65,1,64,AÇIK OTOPARK,0,0,08:00-18:30
2026-08-19T02:45:03.462429+00:00,2026-08-19T05:45:03.462429+03:00,3306,Kabataş Transfer Merkezi Turizm Otobüs Otoparkı,BEYOĞLU,41.0336,28.9923,160,110,50,KAPALI OTOPARK,1,20,24 Saat
2026-08-19T02:45:03.462429+00:00,2026-08-19T05:45:03.462429+03:00,2918,Kadıköy Hasanpaşa Gazhane Katlı Otoparkı,KADIKÖY,40.9972,29.0428,310,180,130,KAPALI OTOPARK,1,15,24 Saat
2026-08-19T02:45:03.462429+00:00,2026-08-19T05:45:03.462429+03:00,1447,Kadıköy İski Açık Otoparkı,KADIKÖY,40.9874,29.0207,124,113,11,AÇIK OTOPARK,0,15,24 Saat
2026-08-19T02:45:03.462429+00:00,2026-08-19T05:45:03.462429+03:00,1655,Kadıköy Metro Açık Otoparkı,KADIKÖY,40.9899,29.0217,74,63,11,AÇIK OTOPARK,0,15,24 Saat
2026-08-19T02:45:03.462429+00:00,2026-08-19T05:45:03.462429+03:00,3445,Kadıköy Uzunçayır PD Açık Otoparkı,KADIKÖY,40.9982,29.0569,70,40,30,AÇIK OTOPARK,0,15,06:30-16:30
2026-08-19T02:45:03.462429+00:00,2026-08-19T05:45:03.462429+03:00,2808,Kadıköy Yeni Salı Pazarı PD Katlı Otoparkı,KADIKÖY,40.9969,29.0486,1350,672,678,KAPALI OTOPARK,1,15,24 Saat
2026-08-19T02:45:03.462429+00:00,2026-08-19T05:45:03.462429+03:00,2811,Kağıthane Harmantepe Zemin Altı Otoparkı,KAĞITHANE,41.0816,28.9907,200,0,200,KAPALI OTOPARK,1,0,24 Saat
2026-08-19T02:45:03.462429+00:00,2026-08-19T05:45:03.462429+03:00,1452,Kalamış Açık Otoparkı,KADIKÖY,40.9687,29.0363,173,162,11,AÇIK OTOPARK,0,15,24 Saat
2026-08-19T02:45:03.462429+00:00,2026-08-19T05:45:03.462429+03:00,1474,Kartal Hasan Doğan Spor Kompleksi,KARTAL,40.8918,29.1897,773,0,773,KAPALI OTOPARK,0,15,24 Saat
2026-08-19T02:45:03.462429+00:00,2026-08-19T05:45:03.462429+03:00,1105,Kartal İdo Açık Otoparkı,KARTAL,40.8874,29.1881,90,0,90,AÇIK OTOPARK,0,15,24 Saat
2026-08-19T02:45:03.462429+00:00,2026-08-19T05:45:03.462429+03:00,1550,Kartal Sahil Açık Otoparkı,KARTAL,40.8875,29.1901,75,56,19,AÇIK OTOPARK,0,5,24 Saat
2026-08-19T02:45:03.462429+00:00,2026-08-19T05:45:03.462429+03:00,3434,Kasımpaşa Sosyal Tesisler Otoparkı,BEYOĞLU,41.0296,28.9673,60,38,22,AÇIK OTOPARK,0,0,07:30-23:00
2026-08-19T02:45:03.462429+00:00,2026-08-19T05:45:03.462429+03:00,1960,Kazlıçeşme Marmaray Açık Otoparkı,ZEYTİNBURNU,40.9922,28.917,700,651,49,AÇIK OTOPARK,0,15,24 Saat
2026-08-19T02:45:03.462429+00:00,2026-08-19T05:45:03.462429+03:00,2994,Kirazlı Metro Durağı PD Açık Otoparkı,BAĞCILAR,41.033,28.8429,112,0,112,AÇIK OTOPARK,0,5,24 Saat
2026-08-19T02:45:03.462429+00:00,2026-08-19T05:45:03.462429+03:00,1528,Kore Şehitleri Caddesi - Yüzbaşı Kaya Aldağon Sokak 1,ŞİŞLİ,41.0719,29.0139,40,1,39,YOL ÜSTÜ,0,15,07:00-16:00
2026-08-19T02:45:03.462429+00:00,2026-08-19T05:45:03.462429+03:00,2449,Kozyatağı Sebze-Meyve Hali,ATAŞEHİR,40.9787,29.1029,1500,1,1499,AÇIK OTOPARK,1,0,24 Saat
2026-08-19T02:45:03.462429+00:00,2026-08-19T05:45:03.462429+03:00,1206,Kutlugün Sokak 2,FATİH,41.0061,28.9801,200,1,199,YOL ÜSTÜ,0,0,08:00-18:00
2026-08-19T02:45:03.462429+00:00,2026-08-19T05:45:03.462429+03:00,3074,Küçük Çamlıca,ÜSKÜDAR,41.0204,29.0653,129,104,25,AÇIK OTOPARK,0,0,08:00-22:00
2026-08-19T02:45:03.462429+00:00,2026-08-19T05:45:03.462429+03:00,3127,Küçükçekmece Cennet Mahallesi Meydan Zemin Altı Otoparkı,KÜÇÜKÇEKMECE,40.9907,28.783,456,0,456,KAPALI OTOPARK,0,10,24 Saat
2026-08-19T02:45:03.462429+00:00,2026-08-19T05:45:03.462429+03:00,2554,Küçükçekmece Fevzi Çakmak Meydanı Zemin Altı Otoparkı,KÜÇÜKÇEKMECE,41.0076,28.7927,1000,468,532,KAPALI OTOPARK,0,10,24 Saat
2026-08-19T02:45:03.462429+00:00,2026-08-19T05:45:03.462429+03:00,2882,Küçüksu Kasrı Açık Otoparkı,BEYKOZ,41.0789,29.0657,98,93,5,AÇIK OTOPARK,0,0,07:00-23:00
2026-08-19T02:45:03.462429+00:00,2026-08-19T05:45:03.462429+03:00,220,Levent Hamidiye,BEŞİKTAŞ,41.0861,29.0076,100,1,99,AÇIK OTOPARK,0,0,08:00-19:00
2026-08-19T02:45:03.462429+00:00,2026-08-19T05:45:03.462429+03:00,1138,Levent Metro Yer Altı Otoparkı,BEŞİKTAŞ,41.0811,29.0105,100,1,99,AÇIK OTOPARK,0,5,07:30-19:30
2026-08-19T02:45:03.462429+00:00,2026-08-19T05:45:03.462429+03:00,2335,Maçka Açık Otoparkı,ŞİŞLİ,41.046,28.9908,75,70,5,AÇIK OTOPARK,1,0,24 Saat
2026-08-19T02:45:03.462429+00:00,2026-08-19T05:45:03.462429+03:00,1859,Maçka Katlı Otoparkı,ŞİŞLİ,41.0484,28.9903,508,258,250,KAPALI OTOPARK,0,0,24 Saat
2026-08-19T02:45:03.462429+00:00,2026-08-19T05:45:03.462429+03:00,3193,Maltepe Rıhtım Caddesi Açık Otoparkı,MALTEPE,40.9258,29.1241,76,73,3,AÇIK OTOPARK,1,0,24 Saat
2026-08-19T02:45:03.462429+00:00,2026-08-19T05:45:03.462429+03:00,2146,Maltepe Süreyyapaşa Çarşısı Açık Otoparkı,MALTEPE,40.9274,29.1225,156,137,19,AÇIK OTOPARK,1,0,24 Saat
2026-08-19T02:45:03.462429+00:00,2026-08-19T05:45:03.462429+03:00,1599,Maslak Açık Otoparkı,SARIYER,41.1166,29.024,150,132,18,AÇIK OTOPARK,0,10,24 Saat
2026-08-19T02:45:03.462429+00:00,2026-08-19T05:45:03.462429+03:00,2100,Matbaacılar Sitesi Yanı,ZEYTİNBURNU,41.0234,28.9187,250,223,27,AÇIK OTOPARK,1,5,24 Saat
2026-08-19T02:45:03.462429+00:00,2026-08-19T05:45:03.462429+03:00,920,Meclis-i Mebusan Yokuşu 2,BEYOĞLU,41.0326,28.9882,34,1,33,YOL ÜSTÜ,0,15,09:00-17:00
2026-08-19T02:45:03.462429+00:00,2026-08-19T05:45:03.462429+03:00,1546,Menekşe Plajı Açık Otoparkı,BAKIRKÖY,40.9761,28.7766,200,200,0,AÇIK OTOPARK,0,0,24 Saat
2026-08-19T02:45:03.462429+00:00,2026-08-19T05:45:03.462429+03:00,1376,Mercan Açık,FATİH,41.0136,28.9669,130,127,3,AÇIK OTOPARK,0,0,08:00-23:00
2026-08-19T02:45:03.462429+00:00,2026-08-19T05:45:03.462429+03:00,3309,Mercan Ali Paşa Sarayı Zemin Altı Otoparkı,FATİH,41.0136,28.967,196,1,195,KAPALI OTOPARK,0,0,07:00-21:00
2026-08-19T02:45:03.462429+00:00,2026-08-19T05:45:03.462429+03:00,1472,Merter Katlı Otoparkı,GÜNGÖREN,41.0092,28.8874,1000,900,100,KAPALI OTOPARK,0,10,24 Saat
2026-08-19T02:45:03.462429+00:00,2026-08-19T05:45:03.462429+03:00,2375,Merter Metro PD Zeminaltı Otoparkı,GÜNGÖREN,41.0037,28.8897,242,78,164,KAPALI OTOPARK,1,10,24 Saat
2026-08-19T02:45:03.462429+00:00,2026-08-19T05:45:03.462429+03:00,1568,Mete Caddesi 1,BEYOĞLU,41.0382,28.9879,31,1,30,YOL ÜSTÜ,0,15,08:00-23:00
2026-08-19T02:45:03.462429+00:00,2026-08-19T05:45:03.462429+03:00,1471,Mevlana Yeraltı Katlı Otoparkı,ZEYTİNBURNU,41.0072,28.9049,1000,833,167,KAPALI OTOPARK,0,5,24 Saat
2026-08-19T02:45:03.462429+00:00,2026-08-19T05:45:03.462429+03:00,2709,Millet Caddesi Açık Otoparkı,FATİH,41.01,28.9461,60,1,59,AÇIK OTOPARK,0,15,24 Saat
2026-08-19T02:45:03.462429+00:00,2026-08-19T05:45:03.462429+03:00,3152,Mimar Sinan Zemin Altı Otoparkı,ÜSKÜDAR,41.0222,29.0169,956,709,247,KAPALI OTOPARK,0,15,24 Saat
2026-08-19T02:45:03.462429+00:00,2026-08-19T05:45:03.462429+03:00,2870,Miniatürk Çadır Açık Otoparkı,BEYOĞLU,41.0594,28.9501,250,195,55,AÇIK OTOPARK,0,15,07:00-20:00
2026-08-19T02:45:03.462429+00:00,2026-08-19T05:45:03.462429+03:00,2556,Muallim Naci Açık Otoparkı,BEŞİKTAŞ,41.0561,29.0342,35,30,5,AÇIK OTOPARK,1,15,24 Saat
2026-08-19T02:45:03.462429+00:00,2026-08-19T05:45:03.462429+03:00,569,Oda Kule Önü 1,BEYOĞLU,41.0322,28.9751,24,1,23,YOL ÜSTÜ,0,0,07:00-01:00
2026-08-19T02:45:03.462429+00:00,2026-08-19T05:45:03.462429+03:00,1988,Orhangazi Şehir Parkı PD Açık Otoparkı,MALTEPE,40.9313,29.1161,5022,4666,356,AÇIK OTOPARK,1,15,24 Saat
2026-08-19T02:45:03.462429+00:00,2026-08-19T05:45:03.462429+03:00,152,Ortabahçe Caddesi 2,BEŞİKTAŞ,41.0428,29.0043,35,1,34,YOL ÜSTÜ,0,15,08:00-23:00
2026-08-19T02:45:03.462429+00:00,2026-08-19T05:45:03.462429+03:00,153,Ortabahçe Caddesi 3,BEŞİKTAŞ,41.043,29.0042,26,1,25,YOL ÜSTÜ,0,15,08:00-23:00
2026-08-19T02:45:03.462429+00:00,2026-08-19T05:45:03.462429+03:00,119,Ortaklar Caddesi 1,ŞİŞLİ,41.0638,28.9971,25,1,24,YOL ÜSTÜ,0,15,08:30-17:00
2026-08-19T02:45:03.462429+00:00,2026-08-19T05:45:03.462429+03:00,1343,Ortaköy Açık Otoparkı,BEŞİKTAŞ,41.0504,29.0326,170,163,7,AÇIK OTOPARK,1,0,24 Saat
2026-08-19T02:45:03.462429+00:00,2026-08-19T05:45:03.462429+03:00,572,Ortaköy Portakal Yokuşu 1,BEŞİKTAŞ,41.0503,29.0261,15,1,14,YOL ÜSTÜ,0,15,09:00-19:00
2026-08-19T02:45:03.462429+00:00,2026-08-19T05:45:03.462429+03:00,1039,Öğretmen Evi,AVCILAR,40.9723,28.714,80,42,38,AÇIK OTOPARK,0,0,11:00-23:00
2026-08-19T02:45:03.462429+00:00,2026-08-19T05:45:03.462429+03:00,1466,Pendik Katlı Otoparkı,PENDİK,40.8789,29.2342,120,0,120,KAPALI OTOPARK,0,15,24 Saat
2026-08-19T02:45:03.462429+00:00,2026-08-19T05:45:03.462429+03:00,3073,Pendik Kemal Kalkuz Parkı Zemin Altı Otoparkı,PENDİK,40.8885,29.2427,224,1,223,KAPALI OTOPARK,0,0,09:00-18:00
2026-08-19T02:45:03.462429+00:00,2026-08-19T05:45:03.462429+03:00,3019,Pendik Meydan Zemin Altı Otoparkı,PENDİK,40.8752,29.2324,937,0,937,KAPALI OTOPARK,1,0,24 Saat
2026-08-19T02:45:03.462429+00:00,2026-08-19T05:45:03.462429+03:00,2865,Pendik Sahil Engelliler Merkez Önü,PENDİK,40.8735,29.233,100,66,34,AÇIK OTOPARK,0,0,11:00-20:00
2026-08-19T02:45:03.462429+00:00,2026-08-19T05:45:03.462429+03:00,2434,Pendik Sahil İdo,PENDİK,40.8755,29.2369,100,0,100,AÇIK OTOPARK,0,0,07:00-23:00
2026-08-19T02:45:03.462429+00:00,2026-08-19T05:45:03.462429+03:00,248,Pendik Yenimahalle Açık 2 Otoparkı,PENDİK,40.864,29.2723,124,79,45,AÇIK OTOPARK,0,15,10:00-22:00
2026-08-19T02:45:03.462429+00:00,2026-08-19T05:45:03.462429+03:00,297,Perşembe Pazarı 1,BEYOĞLU,41.0252,28.9693,32,1,31,YOL ÜSTÜ,0,15,08:00-17:00
2026-08-19T02:45:03.462429+00:00,2026-08-19T05:45:03.462429+03:00,597,Pierre Loti Caddesi 3,FATİH,41.0069,28.9711,36,1,35,YOL ÜSTÜ,0,0,07:00-17:00
2026-08-19T02:45:03.462429+00:00,2026-08-19T05:45:03.462429+03:00,3263,Piyalepaşa Meydanı Zemin Altı Otoparkı,BEYOĞLU,41.0445,28.9674,560,212,348,KAPALI OTOPARK,0,0,24 Saat
2026-08-19T02:45:03.462429+00:00,2026-08-19T05:45:03.462429+03:00,1900,Ragıp Gümüşpala Cad.(Sobacılar Önü),FATİH,41.0181,28.969,40,1,39,YOL ÜSTÜ,0,15,07:00-18:00
2026-08-19T02:45:03.462429+00:00,2026-08-19T05:45:03.462429+03:00,415,Ragıp Gümüşpala Camii Önü 1,FATİH,41.0211,28.9627,35,1,34,YOL ÜSTÜ,0,0,07:00-17:30
2026-08-19T02:45:03.462429+00:00,2026-08-19T05:45:03.462429+03:00,3268,Refik Saydam Caddesi 3,BEYOĞLU,41.032,28.9736,55,1,54,YOL ÜSTÜ,0,0,06:00-23:00
2026-08-19T02:45:03.462429+00:00,2026-08-19T05:45:03.462429+03:00,2307,Ressam Halim Sokak PD Açık Otoparkı,BAHÇELİEVLER,40.9967,28.8641,120,116,4,AÇIK OTOPARK,0,15,08:00-00:00
2026-08-19T02:45:03.462429+00:00,2026-08-19T05:45:03.462429+03:00,3082,Rumeli Hisarı Sahil Yolu Otoparkı,SARIYER,41.0854,29.0568,20,15,5,AÇIK OTOPARK,1,0,24 Saat
2026-08-19T02:45:03.462429+00:00,2026-08-19T05:45:03.462429+03:00,1595,Sabiha Gökçen Açık Otoparkı,PENDİK,40.925,29.308,1056,249,807,AÇIK OTOPARK,0,15,24 Saat
2026-08-19T02:45:03.462429+00:00,2026-08-19T05:45:03.462429+03:00,3239,Samatya Sahil Cep Otoparkı,FATİH,40.9954,28.932,113,108,5,AÇIK OTOPARK,1,15,24 Saat
2026-08-19T02:45:03.462429+00:00,2026-08-19T05:45:03.462429+03:00,3273,Sarıyer Büyükdere Fidanlığı,SARIYER,41.1548,29.0268,160,155,5,AÇIK OTOPARK,0,0,08:00-18:00
2026-08-19T02:45:03.462429+00:00,2026-08-19T05:45:03.462429+03:00,3299,Sariyer Ayazağa Mah Vadi İstanbul Önü Açık Otoparkı,SARIYER,41.1106,28.9881,100,1,99,AÇIK OTOPARK,0,0,08:00-20:00
2026-08-19T02:45:03.462429+00:00,2026-08-19T05:45:03.462429+03:00,1303,Seyrantepe Katlı (Arena Karşısı) 1,KAĞITHANE,41.101,28.9961,1897,1,1896,KAPALI OTOPARK,1,0,24 Saat
2026-08-19T02:45:03.462429+00:00,2026-08-19T05:45:03.462429+03:00,1628,Sıracevizler Caddesi Yol Üstü 5,ŞİŞLİ,41.0607,28.9841,45,1,44,YOL ÜSTÜ,0,15,09:00-17:00
2026-08-19T02:45:03.462429+00:00,2026-08-19T05:45:03.462429+03:00,464,Sirkeci Gar Önü,FATİH,41.015,28.9761,60,1,59,AÇIK OTOPARK,0,5,07:00-20:00
2026-08-19T02:45:03.462429+00:00,2026-08-19T05:45:03.462429+03:00,1486,Siyavuşpaşa Yer Altı Otoparkı,BAHÇELİEVLER,40.9965,28.8532,155,0,155,KAPALI OTOPARK,1,0,24 Saat
2026-08-19T02:45:03.462429+00:00,2026-08-19T05:45:03.462429+03:00,1958,Soğanlık Metro PD Açık Otoparkı,KARTAL,40.9131,29.1925,898,872,26,AÇIK OTOPARK,0,15,24 Saat
2026-08-19T02:45:03.462429+00:00,2026-08-19T05:45:03.462429+03:00,589,Su Terazisi Sokak,FATİH,41.0046,28.9727,22,1,21,YOL ÜSTÜ,0,0,07:30-17:00
2026-08-19T02:45:03.462429+00:00,2026-08-19T05:45:03.462429+03:00,1478,Suadiye Cep Açık Otoparkı,KADIKÖY,40.9586,29.0732,130,121,9,AÇIK OTOPARK,0,15,24 Saat
2026-08-19T02:45:03.462429+00:00,2026-08-19T05:45:03.462429+03:00,2948,Suadiye Sahil Açık Otoparkı,KADIKÖY,40.9562,29.0797,70,68,2,AÇIK OTOPARK,1,5,24 Saat
2026-08-19T02:45:03.462429+00:00,2026-08-19T05:45:03.462429+03:00,2799,Sultanbeyli Emir Caddesi Zemin Altı Otoparkı,SULTANBEYLİ,40.9707,29.2606,130,118,12,KAPALI OTOPARK,0,15,08:00-22:00
2026-08-19T02:45:03.462429+00:00,2026-08-19T05:45:03.462429+03:00,2372,Sultanbeyli Kent Meydanı Zemin Altı Otoparkı,SULTANBEYLİ,40.9667,29.2667,300,199,101,KAPALI OTOPARK,1,15,24 Saat
2026-08-19T02:45:03.462429+00:00,2026-08-19T05:45:03.462429+03:00,2410,Sultangazi Zemin Altı Otoparkı,SULTANGAZİ,41.0944,28.8649,104,0,104,KAPALI OTOPARK,1,10,24 Saat
2026-08-19T02:45:03.462429+00:00,2026-08-19T05:45:03.462429+03:00,2085,Süleyman Seba Caddesi 2,BEŞİKTAŞ,41.0426,28.9998,40,1,39,YOL ÜSTÜ,0,15,08:00-18:00
2026-08-19T02:45:03.462429+00:00,2026-08-19T05:45:03.462429+03:00,2088,Süleyman Seba Caddesi 5,BEŞİKTAŞ,41.0432,28.9978,40,1,39,YOL ÜSTÜ,0,15,08:00-18:00
2026-08-19T02:45:03.462429+00:00,2026-08-19T05:45:03.462429+03:00,2089,Süleyman Seba Caddesi 6,BEŞİKTAŞ,41.0435,28.9967,11,1,10,YOL ÜSTÜ,0,15,08:00-18:00
2026-08-19T02:45:03.462429+00:00,2026-08-19T05:45:03.462429+03:00,2391,Süleymaniye Cami Altı Açık Otoparkı,FATİH,41.0158,28.961,250,234,16,AÇIK OTOPARK,0,0,06:30-18:30
2026-08-19T02:45:03.462429+00:00,2026-08-19T05:45:03.462429+03:00,1730,Sütlüce Miniatürk Yanı,BEYOĞLU,41.057,28.95,320,226,94,AÇIK OTOPARK,1,15,24 Saat
2026-08-19T02:45:03.462429+00:00,2026-08-19T05:45:03.462429+03:00,36,Şakayık Sokak 4,ŞİŞLİ,41.0518,28.9936,50,1,49,YOL ÜSTÜ,0,15,08:00-16:00
2026-08-19T02:45:03.462429+00:00,2026-08-19T05:45:03.462429+03:00,1469,Şehit Volkan Duysak Katlı Otoparkı,ZEYTİNBURNU,40.9968,28.9039,1000,664,336,KAPALI OTOPARK,0,5,24 Saat
2026-08-19T02:45:03.462429+00:00,2026-08-19T05:45:03.462429+03:00,2385,Şehremini Açık Otoparkı 1,FATİH,41.0135,28.9333,60,1,59,AÇIK OTOPARK,0,0,08:30-20:30
2026-08-19T02:45:03.462429+00:00,2026-08-19T05:45:03.462429+03:00,2855,Şemsipaşa Açık Otoparkı,ÜSKÜDAR,41.0255,29.0097,80,79,1,AÇIK OTOPARK,1,0,24 Saat
2026-08-19T02:45:03.462429+00:00,2026-08-19T05:45:03.462429+03:00,2439,Şirinevler Meydan Zeminaltı Otoparkı,BAHÇELİEVLER,40.9925,28.8496,367,81,286,KAPALI OTOPARK,1,0,24 Saat
2026-08-19T02:45:03.462429+00:00,2026-08-19T05:45:03.462429+03:00,3400,Şişhane Refik Saydam Caddesi 2 Yol Üstü Otoparkı 1,BEYOĞLU,41.0326,28.9743,70,1,69,YOL ÜSTÜ,0,15,06:00-23:00
2026-08-19T02:45:03.462429+00:00,2026-08-19T05:45:03.462429+03:00,3441,Şişli Kuştepe Zemin Altı Otoparkı,ŞİŞLİ,41.072,28.9919,430,287,143,KAPALI OTOPARK,0,15,24 Saat
2026-08-19T02:45:03.462429+00:00,2026-08-19T05:45:03.462429+03:00,2816,Şişli Rumeli Caddesi Metro Yanı 1,ŞİŞLİ,41.0538,28.9868,45,1,44,YOL ÜSTÜ,0,15,08:00-20:00
2026-08-19T02:45:03.462429+00:00,2026-08-19T05:45:03.462429+03:00,2406,Şişli Zemin Altı Otoparkı,ŞİŞLİ,41.0641,28.9992,581,414,167,KAPALI OTOPARK,1,15,24 Saat
2026-08-19T02:45:03.462429+00:00,2026-08-19T05:45:03.462429+03:00,1993,Tuzla İdo,TUZLA,40.8149,29.3039,300,293,7,AÇIK OTOPARK,0,15,24 Saat
2026-08-19T02:45:03.462429+00:00,2026-08-19T05:45:03.462429+03:00,3332,Tuzla Sahil Cep,TUZLA,40.8168,29.2992,50,38,12,AÇIK OTOPARK,0,0,08:00-00:00
2026-08-19T02:45:03.462429+00:00,2026-08-19T05:45:03.462429+03:00,3057,Tuzla Sahil Zemin Altı Otoparkı,TUZLA,40.8181,29.3004,779,1,778,KAPALI OTOPARK,1,15,24 Saat
2026-08-19T02:45:03.462429+00:00,2026-08-19T05:45:03.462429+03:00,1811,Ulu Camii Açık Otoparkı,BAHÇELİEVLER,40.9982,28.8499,150,113,37,AÇIK OTOPARK,1,10,24 Saat
2026-08-19T02:45:03.462429+00:00,2026-08-19T05:45:03.462429+03:00,2424,Uzunçayır Açık Otoparkı,KADIKÖY,40.9988,29.0556,58,51,7,AÇIK OTOPARK,0,0,06:00-16:00
2026-08-19T02:45:03.462429+00:00,2026-08-19T05:45:03.462429+03:00,1468,Ümraniye Katlı Otoparkı,ÜMRANİYE,41.0261,29.0953,665,568,97,KAPALI OTOPARK,0,15,24 Saat
2026-08-19T02:45:03.462429+00:00,2026-08-19T05:45:03.462429+03:00,2898,Ümraniye Okan Sokak Zeminaltı Otoparkı,ÜMRANİYE,41.0284,29.0907,125,10,115,KAPALI OTOPARK,1,15,24 Saat
2026-08-19T02:45:03.462429+00:00,2026-08-19T05:45:03.462429+03:00,2345,Üsküdar Uzunçayır PD Açık Otoparkı,ÜSKÜDAR,40.9988,29.0577,90,89,1,AÇIK OTOPARK,0,15,06:00-22:00
2026-08-19T02:45:03.462429+00:00,2026-08-19T05:45:03.462429+03:00,1929,Üsküdar Ünalan Açık Otoparkı,ÜSKÜDAR,40.9979,29.0604,180,175,5,AÇIK OTOPARK,0,0,07:00-17:00
2026-08-19T02:45:03.462429+00:00,2026-08-19T05:45:03.462429+03:00,1487,Vatan Caddesi PD Açık Otoparkı,FATİH,41.0157,28.9405,397,357,40,AÇIK OTOPARK,0,5,24 Saat
2026-08-19T02:45:03.462429+00:00,2026-08-19T05:45:03.462429+03:00,2441,Yalı Açık Otoparkı,MALTEPE,40.9095,29.137,85,82,3,AÇIK OTOPARK,0,0,07:30-22:00
2026-08-19T02:45:03.462429+00:00,2026-08-19T05:45:03.462429+03:00,459,Yalı Köşkü Caddesi 1,FATİH,41.0163,28.9759,61,1,60,YOL ÜSTÜ,0,5,07:00-21:00
2026-08-19T02:45:03.462429+00:00,2026-08-19T05:45:03.462429+03:00,2037,Yenikapı Marmaray Büyük Otoparkı,FATİH,41.0057,28.9505,324,251,73,AÇIK OTOPARK,1,15,24 Saat
2026-08-19T02:45:03.462429+00:00,2026-08-19T05:45:03.462429+03:00,2036,Yenikapı Marmaray Küçük Otoparkı,FATİH,41.0064,28.9504,200,200,0,AÇIK OTOPARK,0,15,07:00-22:00
2026-08-19T02:45:03.462429+00:00,2026-08-19T05:45:03.462429+03:00,2175,Yenikapı Spor ve Kültür Merkezi PD Açık Otoparkı,FATİH,41.0006,28.9519,4023,3968,55,AÇIK OTOPARK,0,15,24 Saat
2026-08-19T02:45:03.462429+00:00,2026-08-19T05:45:03.462429+03:00,2805,Yenikapı Tünel Üstü Açık Otoparkı,FATİH,41.0029,28.9534,700,655,45,AÇIK OTOPARK,1,10,24 Saat
2026-08-19T02:45:03.462429+00:00,2026-08-19T05:45:03.462429+03:00,3404,Yenimahalle Metro Zemin Altı PD Otoparkı,GAZİOSMANPAŞA,41.0839,28.8926,114,93,21,KAPALI OTOPARK,1,15,24 Saat
2026-08-19T02:45:03.462429+00:00,2026-08-19T05:45:03.462429+03:00,2920,Yeşilce Zemin Altı Katlı Otoparkı,KAĞITHANE,41.0938,29.0017,676,0,676,KAPALI OTOPARK,1,0,24 Saat
2026-08-19T02:45:03.462429+00:00,2026-08-19T05:45:03.462429+03:00,987,Yeşilköy İstasyon Caddesi 1,BAKIRKÖY,40.962,28.825,40,1,39,YOL ÜSTÜ,0,15,09:00-17:30
2026-08-19T02:45:03.462429+00:00,2026-08-19T05:45:03.462429+03:00,974,Yeşilköy Marina 1,BAKIRKÖY,40.9576,28.8233,145,1,144,YOL ÜSTÜ,0,0,12:00-23:00
2026-08-19T02:45:03.462429+00:00,2026-08-19T05:45:03.462429+03:00,3406,Yeşilpınar Metro Zemin Altı PD Otoparkı,EYÜP,41.081,28.9204,269,182,87,KAPALI OTOPARK,1,15,24 Saat
2026-08-19T02:45:03.462429+00:00,2026-08-19T05:45:03.462429+03:00,315,Yeşilyurt Çarşı 1,BAKIRKÖY,40.9643,28.8379,50,1,49,YOL ÜSTÜ,0,15,09:00-17:30
2026-08-19T02:45:03.462429+00:00,2026-08-19T05:45:03.462429+03:00,1133,Yıldız Korusu,BEŞİKTAŞ,41.0514,29.0165,500,1,499,AÇIK OTOPARK,0,0,08:00-22:00
2026-08-19T02:45:03.462429+00:00,2026-08-19T05:45:03.462429+03:00,882,Zeytinburnu 58. Bulvar 2,ZEYTİNBURNU,40.9932,28.9039,48,1,47,YOL ÜSTÜ,0,15,09:00-18:00
2026-08-19T02:45:03.462429+00:00,2026-08-19T05:45:03.462429+03:00,3185,Zeytinburnu Sahil Cep Otoparkı,ZEYTİNBURNU,40.9798,28.8985,160,1,159,AÇIK OTOPARK,0,0,12:00-22:00
2026-08-19T03:33:54.889272+00:00,2026-08-19T06:33:54.889272+03:00,3068,15 Temmuz Şehitler Meydanı Zeminaltı Otoparkı,ÜMRANİYE,41.0246,29.0915,1029,578,451,KAPALI OTOPARK,0,15,24 Saat
2026-08-19T03:33:54.889272+00:00,2026-08-19T06:33:54.889272+03:00,2338,19 Mayıs Açık,ŞİŞLİ,41.0563,28.9941,65,0,65,AÇIK OTOPARK,1,0,24 Saat
2026-08-19T03:33:54.889272+00:00,2026-08-19T06:33:54.889272+03:00,1751,4.Levent PD Açık Otoparkı,KAĞITHANE,41.0836,29.0081,236,150,86,AÇIK OTOPARK,1,5,24 Saat
2026-08-19T03:33:54.889272+00:00,2026-08-19T06:33:54.889272+03:00,3328,4.Levent Servis ve Turizm Araçları Açık Otoparkı,ŞİŞLİ,41.0841,29.0054,300,154,146,AÇIK OTOPARK,1,15,24 Saat
2026-08-19T03:33:54.889272+00:00,2026-08-19T06:33:54.889272+03:00,3412,5. Levent Gaziosmanpaşa Adliyesi Yanı Açık Otoparkı,EYÜP,41.0927,28.9494,250,202,48,AÇIK OTOPARK,0,15,07:00-23:00
2026-08-19T03:33:54.889272+00:00,2026-08-19T06:33:54.889272+03:00,104,Abide-i Hürriyet Caddesi 5,ŞİŞLİ,41.0619,28.9876,40,1,39,YOL ÜSTÜ,0,15,08:00-17:00
2026-08-19T03:33:54.889272+00:00,2026-08-19T06:33:54.889272+03:00,2452,Acıbadem Açık Otoparkı,ÜSKÜDAR,41.0157,29.0574,100,86,14,AÇIK OTOPARK,1,0,06:30-16:00
2026-08-19T03:33:54.889272+00:00,2026-08-19T06:33:54.889272+03:00,346,Ada Karşısı Cep 2,BEŞİKTAŞ,41.072,29.045,30,1,29,YOL ÜSTÜ,0,15,08:00-23:00
2026-08-19T03:33:54.889272+00:00,2026-08-19T06:33:54.889272+03:00,1663,Akasyalı Sokak Tenis Kulubü Önü 2,BEŞİKTAŞ,41.0867,29.0109,45,1,44,YOL ÜSTÜ,0,15,08:30-17:30
2026-08-19T03:33:54.889272+00:00,2026-08-19T06:33:54.889272+03:00,828,Akdeniz Caddesi 4,FATİH,41.0175,28.9435,27,1,26,YOL ÜSTÜ,0,15,09:00-18:00
2026-08-19T03:33:54.889272+00:00,2026-08-19T06:33:54.889272+03:00,1913,Alibeyköy Cep Otogarı Açık Otoparkı,EYÜP,41.0879,28.9446,116,0,116,AÇIK OTOPARK,1,25,24 Saat
2026-08-19T03:33:54.889272+00:00,2026-08-19T06:33:54.889272+03:00,1912,Alibeyköy Cep Otogarı Otobüs Otoparkı,EYÜP,41.0875,28.9449,5000,1,4999,AÇIK OTOPARK,1,60,24 Saat
2026-08-19T03:33:54.889272+00:00,2026-08-19T06:33:54.889272+03:00,2562,Alibeyköy Yeşiltepe Zemin Altı Otoparkı,EYÜP,41.0797,28.938,159,50,109,KAPALI OTOPARK,0,15,24 Saat
2026-08-19T03:33:54.889272+00:00,2026-08-19T06:33:54.889272+03:00,3201,Altınboynuz Sosyal Tesisleri,EYÜP,41.058,28.9447,70,1,69,AÇIK OTOPARK,0,15,08:00-23:00
2026-08-19T03:33:54.889272+00:00,2026-08-19T06:33:54.889272+03:00,758,Arap Camii Açık Otoparkı,BEYOĞLU,41.0227,28.9723,30,1,29,AÇIK OTOPARK,0,0,09:00-17:00
2026-08-19T03:33:54.889272+00:00,2026-08-19T06:33:54.889272+03:00,1963,Aras Sokak 1,BÜYÜKÇEKMECE,41.0226,28.622,60,1,59,YOL ÜSTÜ,1,0,06:00-14:30
2026-08-19T03:33:54.889272+00:00,2026-08-19T06:33:54.889272+03:00,2802,Arnavutköy Zemin Altı Otoparkı,ARNAVUTKÖY,41.1838,28.7396,700,8,692,KAPALI OTOPARK,1,15,24 Saat
2026-08-19T03:33:54.889272+00:00,2026-08-19T06:33:54.889272+03:00,1797,Ataköy Atrium AVM,BAKIRKÖY,40.9881,28.8459,250,231,19,AÇIK OTOPARK,0,15,08:00-23:00
2026-08-19T03:33:54.889272+00:00,2026-08-19T06:33:54.889272+03:00,2824,Ataköy Metro Durağı Yanı PD Zemin Altı Otoparkı,BAKIRKÖY,40.9904,28.8456,150,84,66,KAPALI OTOPARK,1,0,24 Saat
2026-08-19T03:33:54.889272+00:00,2026-08-19T06:33:54.889272+03:00,359,Atatürk Bulvarı 1,FATİH,41.0112,28.9534,20,1,19,YOL ÜSTÜ,0,0,07:30-18:00
2026-08-19T03:33:54.889272+00:00,2026-08-19T06:33:54.889272+03:00,3087,Atatürk Kent Ormanı Otoparkı,SARIYER,41.136,29.0262,200,197,3,AÇIK OTOPARK,0,0,08:00-17:00
2026-08-19T03:33:54.889272+00:00,2026-08-19T06:33:54.889272+03:00,2243,Avcılar Denizköşkler Toplantı ve Davet Salonu Açık Otoparkı,AVCILAR,40.9746,28.7435,200,197,3,AÇIK OTOPARK,0,15,13:00-07:00
2026-08-19T03:33:54.889272+00:00,2026-08-19T06:33:54.889272+03:00,1088,Avcılar İdo,AVCILAR,40.9712,28.7185,270,261,9,AÇIK OTOPARK,0,0,13:00-07:00
2026-08-19T03:33:54.889272+00:00,2026-08-19T06:33:54.889272+03:00,2885,Azapkapı Haliç Metro Otoparkı,ŞİŞLİ,41.0245,28.9691,80,65,15,AÇIK OTOPARK,1,5,24 Saat
2026-08-19T03:33:54.889272+00:00,2026-08-19T06:33:54.889272+03:00,2455,Azerbaycan Dostluk Parkı Zemin Altı Otoparkı,BAĞCILAR,41.0444,28.854,400,134,266,KAPALI OTOPARK,0,10,24 Saat
2026-08-19T03:33:54.889272+00:00,2026-08-19T06:33:54.889272+03:00,2965,Bağcılar Çolakoğlu Zemin Altı Otoparkı,BAĞCILAR,41.0324,28.8345,106,0,106,KAPALI OTOPARK,1,5,24 Saat
2026-08-19T03:33:54.889272+00:00,2026-08-19T06:33:54.889272+03:00,2576,Bağcılar Demirkapı Zemin Altı Otoparkı,BAĞCILAR,41.0499,28.8327,343,136,207,KAPALI OTOPARK,1,5,24 Saat
2026-08-19T03:33:54.889272+00:00,2026-08-19T06:33:54.889272+03:00,3036,Bağcılar Devlet Hastanesi Yanı Zeminaltı Otoparkı,BAĞCILAR,41.0312,28.8696,1133,87,1046,KAPALI OTOPARK,1,15,24 Saat
2026-08-19T03:33:54.889272+00:00,2026-08-19T06:33:54.889272+03:00,3071,Bağcılar Emniyet Müdürlüğü Yanı Açık Otoparkı,BAĞCILAR,41.0353,28.8598,100,42,58,AÇIK OTOPARK,1,0,24 Saat
2026-08-19T03:33:54.889272+00:00,2026-08-19T06:33:54.889272+03:00,2873,Bağcılar Göztepe Zemin Altı,BAĞCILAR,41.0567,28.8355,120,0,120,KAPALI OTOPARK,1,5,24 Saat
2026-08-19T03:33:54.889272+00:00,2026-08-19T06:33:54.889272+03:00,3187,Bağcılar Hürriyet Mahallesi Zemin Altı Otoparkı,BAĞCILAR,41.0291,28.8333,355,0,355,KAPALI OTOPARK,1,10,24 Saat
2026-08-19T03:33:54.889272+00:00,2026-08-19T06:33:54.889272+03:00,2916,Bağcılar Kent Meydanı PD Zemin Altı Otoparkı,BAĞCILAR,41.0339,28.8556,1162,0,1162,KAPALI OTOPARK,0,0,24 Saat
2026-08-19T03:33:54.889272+00:00,2026-08-19T06:33:54.889272+03:00,3261,Bağcılar Yenimahalle Zemin Altı Otoparkı,BAĞCILAR,41.0425,28.8395,525,252,273,KAPALI OTOPARK,1,15,24 Saat
2026-08-19T03:33:54.889272+00:00,2026-08-19T06:33:54.889272+03:00,2820,Bağcılar Yıldıztepe Katlı Otoparkı,BAĞCILAR,41.0294,28.8556,350,0,350,KAPALI OTOPARK,1,10,24 Saat
2026-08-19T03:33:54.889272+00:00,2026-08-19T06:33:54.889272+03:00,3447,Bahçelievler 23 Nisan Milli Egemenlik Zeminaltı Otoparkı,BAHÇELİEVLER,40.9988,28.8472,732,402,330,KAPALI OTOPARK,1,10,24 Saat
2026-08-19T03:33:54.889272+00:00,2026-08-19T06:33:54.889272+03:00,2993,Bahçelievler Cumhuriyet Zeminaltı Otoparkı,BAHÇELİEVLER,41.0149,28.859,663,0,663,KAPALI OTOPARK,0,10,24 Saat
2026-08-19T03:33:54.889272+00:00,2026-08-19T06:33:54.889272+03:00,2969,Bahçelievler Devlet Hastanesi Yanı Katlı Otoparkı,BAHÇELİEVLER,41.0072,28.8442,740,0,740,KAPALI OTOPARK,1,0,24 Saat
2026-08-19T03:33:54.889272+00:00,2026-08-19T06:33:54.889272+03:00,3051,Bahçelievler Zafer Mh. Zeminaltı Otoparkı,BAHÇELİEVLER,41.0036,28.8351,200,49,151,KAPALI OTOPARK,1,0,24 Saat
2026-08-19T03:33:54.889272+00:00,2026-08-19T06:33:54.889272+03:00,3236,Bahçeşehir Gölet Açık Otoparkı,BAŞAKŞEHİR,41.0719,28.6901,200,1,199,AÇIK OTOPARK,0,0,12:00-22:00
2026-08-19T03:33:54.889272+00:00,2026-08-19T06:33:54.889272+03:00,1465,Bakırköy İdo Açık Otoparkı,BAKIRKÖY,40.9739,28.8761,160,142,18,AÇIK OTOPARK,1,10,24 Saat
2026-08-19T03:33:54.889272+00:00,2026-08-19T06:33:54.889272+03:00,1104,Balmumcu Katlı Otoparkı,BEŞİKTAŞ,41.0636,29.0109,400,321,79,KAPALI OTOPARK,1,5,24 Saat
2026-08-19T03:33:54.889272+00:00,2026-08-19T06:33:54.889272+03:00,2796,Başakşehir Metro Açık Otoparkı,BAŞAKŞEHİR,41.107,28.801,125,1,124,AÇIK OTOPARK,0,0,07:00-16:00
2026-08-19T03:33:54.889272+00:00,2026-08-19T06:33:54.889272+03:00,2350,Bayrampaşa Adapark Katlı Otoparkı,BAYRAMPAŞA,41.0647,28.8875,650,0,650,KAPALI OTOPARK,0,15,24 Saat
2026-08-19T03:33:54.889272+00:00,2026-08-19T06:33:54.889272+03:00,2892,Bayrampaşa Altıntepsi Zemin  Altı Otoparkı,BAYRAMPAŞA,41.0393,28.9029,110,0,110,KAPALI OTOPARK,0,10,24 Saat
2026-08-19T03:33:54.889272+00:00,2026-08-19T06:33:54.889272+03:00,2909,Bayrampaşa Atatürk Parkı  Zemin Altı Otoparkı,BAYRAMPAŞA,41.0342,28.9123,442,0,442,KAPALI OTOPARK,0,10,24 Saat
2026-08-19T03:33:54.889272+00:00,2026-08-19T06:33:54.889272+03:00,2683,Bayrampaşa Devlet Hastanesi Cep Otoparkı,BAYRAMPAŞA,41.0414,28.9031,55,33,22,AÇIK OTOPARK,0,0,08:00-19:00
2026-08-19T03:33:54.889272+00:00,2026-08-19T06:33:54.889272+03:00,3301,Bayrampaşa Kocatepe Mahallesi Zemin Altı Otoparkı,BAYRAMPAŞA,41.0545,28.8964,241,0,241,KAPALI OTOPARK,1,10,24 Saat
2026-08-19T03:33:54.889272+00:00,2026-08-19T06:33:54.889272+03:00,2053,Bayrampaşa Muratpaşa Yer Altı Otoparkı,BAYRAMPAŞA,41.047,28.9082,300,0,300,KAPALI OTOPARK,0,15,24 Saat
2026-08-19T03:33:54.889272+00:00,2026-08-19T06:33:54.889272+03:00,3175,Bayrampaşa Spor Kompleksi Zemin Altı Otoparkı,BAYRAMPAŞA,41.0446,28.9106,205,0,205,KAPALI OTOPARK,1,15,24 Saat
2026-08-19T03:33:54.889272+00:00,2026-08-19T06:33:54.889272+03:00,3382,Bayrampaşa Şehit Kamil Balkan Zemin Altı Otoparkı,BAYRAMPAŞA,41.0604,28.9008,235,0,235,KAPALI OTOPARK,1,10,24 Saat
2026-08-19T03:33:54.889272+00:00,2026-08-19T06:33:54.889272+03:00,2428,Bayrampaşa Yenidoğan Mahallesi Zemin Altı Otoparkı,BAYRAMPAŞA,41.0395,28.9088,120,0,120,KAPALI OTOPARK,0,10,24 Saat
2026-08-19T03:33:54.889272+00:00,2026-08-19T06:33:54.889272+03:00,2468,Bebek Açık,BEŞİKTAŞ,41.077,29.0434,30,0,30,AÇIK OTOPARK,0,0,24 Saat
2026-08-19T03:33:54.889272+00:00,2026-08-19T06:33:54.889272+03:00,3479,Beşiktaş Halk Pazarı Açık Otoparkı,BEŞİKTAŞ,41.0496,29.0004,170,103,67,AÇIK OTOPARK,1,5,24 Saat
2026-08-19T03:33:54.889272+00:00,2026-08-19T06:33:54.889272+03:00,3257,Beykoz Sahil Cep Otoparkı,BEYKOZ,41.1286,29.0953,100,75,25,AÇIK OTOPARK,0,0,08:00-00:00
2026-08-19T03:33:54.889272+00:00,2026-08-19T06:33:54.889272+03:00,2273,Beykoz Sosyal Tesisleri,BEYKOZ,41.1143,29.0888,130,0,130,AÇIK OTOPARK,0,15,08:00-00:00
2026-08-19T03:33:54.889272+00:00,2026-08-19T06:33:54.889272+03:00,2999,Beyoğlu Gazhane Bostan Sokak 2,BEYOĞLU,41.0389,28.9903,35,1,34,YOL ÜSTÜ,0,0,07:30-16:30
2026-08-19T03:33:54.889272+00:00,2026-08-19T06:33:54.889272+03:00,3072,Beyoğlu Örnektepe Zemin Altı Otoparkı,BEYOĞLU,41.0543,28.9548,143,0,143,KAPALI OTOPARK,0,0,24 Saat
2026-08-19T03:33:54.889272+00:00,2026-08-19T06:33:54.889272+03:00,1455,Bostancı Açık,KADIKÖY,40.9523,29.0902,394,123,271,AÇIK OTOPARK,0,15,24 Saat
2026-08-19T03:33:54.889272+00:00,2026-08-19T06:33:54.889272+03:00,1456,Bostancı Sahil-Cep Açık Otoparkı,KADIKÖY,40.9545,29.0885,192,159,33,AÇIK OTOPARK,0,15,24 Saat
2026-08-19T03:33:54.889272+00:00,2026-08-19T06:33:54.889272+03:00,2150,Bostancı Vergi Dairesi Açık Otoparkı,ATAŞEHİR,40.9625,29.1083,155,0,155,AÇIK OTOPARK,0,5,08:00-20:00
2026-08-19T03:33:54.889272+00:00,2026-08-19T06:33:54.889272+03:00,2854,Bülent Ecevit Kültür Merkezi Açık Otoparkı,KARTAL,40.8852,29.1967,277,266,11,AÇIK OTOPARK,0,0,10:00-21:00
2026-08-19T03:33:54.889272+00:00,2026-08-19T06:33:54.889272+03:00,2866,Büyük İstanbul Otogarı,BAYRAMPAŞA,41.0402,28.8942,1000,0,1000,AÇIK OTOPARK,1,25,24 Saat
2026-08-19T03:33:54.889272+00:00,2026-08-19T06:33:54.889272+03:00,1192,Büyükçamlıca Korusu Sosyal Tesisleri Önü,ÜSKÜDAR,41.0264,29.0698,204,112,92,AÇIK OTOPARK,0,0,08:00-00:00
2026-08-19T03:33:54.889272+00:00,2026-08-19T06:33:54.889272+03:00,2960,Büyükçekmece Metrobüs Durağı Yanı PD Zemin Altı Otopark,BÜYÜKÇEKMECE,41.0221,28.624,448,432,16,KAPALI OTOPARK,0,0,24 Saat
2026-08-19T03:33:54.889272+00:00,2026-08-19T06:33:54.889272+03:00,1503,Cadde Bostan Açık Otoparkı,KADIKÖY,40.9636,29.0675,66,57,9,AÇIK OTOPARK,0,15,24 Saat
2026-08-19T03:33:54.889272+00:00,2026-08-19T06:33:54.889272+03:00,2933,Cemal Kamacı Spor Kompleksi Zemin Altı Otoparkı,KAĞITHANE,41.0536,28.9575,510,0,510,KAPALI OTOPARK,1,0,24 Saat
2026-08-19T03:33:54.889272+00:00,2026-08-19T06:33:54.889272+03:00,2207,Cengiz Topel Yer Altı Katlı Otoparkı,ESENLER,41.0588,28.8643,144,0,144,KAPALI OTOPARK,0,15,24 Saat
2026-08-19T03:33:54.889272+00:00,2026-08-19T06:33:54.889272+03:00,2787,Cevizli Açık Otoparkı,KARTAL,40.9179,29.1712,100,91,9,AÇIK OTOPARK,0,15,08:00-19:00
2026-08-19T03:33:54.889272+00:00,2026-08-19T06:33:54.889272+03:00,782,Cihangir Caddesi 2,BEYOĞLU,41.0319,28.9862,70,1,69,YOL ÜSTÜ,0,15,09:00-19:00
2026-08-19T03:33:54.889272+00:00,2026-08-19T06:33:54.889272+03:00,1467,Cihangir Katlı Otoparkı,BEYOĞLU,41.0318,28.9858,350,0,350,KAPALI OTOPARK,1,0,24 Saat
2026-08-19T03:33:54.889272+00:00,2026-08-19T06:33:54.889272+03:00,535,Cihannuma Yol Üstü 1,BEŞİKTAŞ,41.0454,29.0084,35,1,34,YOL ÜSTÜ,0,0,08:00-23:00
2026-08-19T03:33:54.889272+00:00,2026-08-19T06:33:54.889272+03:00,537,Cihannuma Yol Üstü 3,BEŞİKTAŞ,41.0459,29.0087,33,1,32,YOL ÜSTÜ,0,0,08:00-23:00
2026-08-19T03:33:54.889272+00:00,2026-08-19T06:33:54.889272+03:00,539,Cihannuma Yol Üstü 5,BEŞİKTAŞ,41.0489,29.0094,24,1,23,YOL ÜSTÜ,0,0,08:00-23:00
2026-08-19T03:33:54.889272+00:00,2026-08-19T06:33:54.889272+03:00,3184,Çam Sokak 6,GÜNGÖREN,41.0121,28.8882,50,1,49,YOL ÜSTÜ,0,15,08:00-17:00
2026-08-19T03:33:54.889272+00:00,2026-08-19T06:33:54.889272+03:00,3030,Çekmeköy Metro PD Zemin Altı Otoparkı,ÇEKMEKÖY,41.0147,29.1886,175,55,120,KAPALI OTOPARK,0,15,24 Saat
2026-08-19T03:33:54.889272+00:00,2026-08-19T06:33:54.889272+03:00,2905,Çeliktepe Açık Otoparkı,KAĞITHANE,41.0843,29.0056,200,77,123,AÇIK OTOPARK,1,5,24 Saat
2026-08-19T03:33:54.889272+00:00,2026-08-19T06:33:54.889272+03:00,1298,Çengelköy Açık Otoparkı,ÜSKÜDAR,41.0484,29.0533,500,372,128,AÇIK OTOPARK,0,15,24 Saat
2026-08-19T03:33:54.889272+00:00,2026-08-19T06:33:54.889272+03:00,502,Çınar Açık Otoparkı,BEŞİKTAŞ,41.0853,29.0088,65,1,64,AÇIK OTOPARK,0,0,08:00-18:00
2026-08-19T03:33:54.889272+00:00,2026-08-19T06:33:54.889272+03:00,777,Çırağan Sarayı Yol Üstü 1,BEŞİKTAŞ,41.0448,29.0165,40,1,39,YOL ÜSTÜ,0,15,08:00-23:00
2026-08-19T03:33:54.889272+00:00,2026-08-19T06:33:54.889272+03:00,778,Çırağan Sarayı Yol Üstü 2,BEŞİKTAŞ,41.0445,29.0156,40,1,39,YOL ÜSTÜ,0,15,08:00-23:00
2026-08-19T03:33:54.889272+00:00,2026-08-19T06:33:54.889272+03:00,2228,Çırpıcı Sosyal Tesisler,ZEYTİNBURNU,41,28.8926,128,0,128,AÇIK OTOPARK,0,15,07:00-00:00
2026-08-19T03:33:54.889272+00:00,2026-08-19T06:33:54.889272+03:00,2030,Dalyan Açık Otoparkı,KADIKÖY,40.9632,29.0651,92,84,8,AÇIK OTOPARK,0,15,24 Saat
2026-08-19T03:33:54.889272+00:00,2026-08-19T06:33:54.889272+03:00,2271,Damla Sokak 1,ŞİŞLİ,41.0672,29.0004,17,1,16,YOL ÜSTÜ,0,15,07:30-16:30
2026-08-19T03:33:54.889272+00:00,2026-08-19T06:33:54.889272+03:00,2164,Darüşşafaka Yeraltı Otoparkı,SARIYER,41.1292,29.0252,150,146,4,KAPALI OTOPARK,0,15,08:00-00:00
2026-08-19T03:33:54.889272+00:00,2026-08-19T06:33:54.889272+03:00,1653,Deniz Feneri Otoparkı,FATİH,41.0019,28.9773,175,142,33,AÇIK OTOPARK,0,5,24 Saat
2026-08-19T03:33:54.889272+00:00,2026-08-19T06:33:54.889272+03:00,595,Dostluk Yurdu 1,FATİH,41.0071,28.973,33,1,32,YOL ÜSTÜ,0,15,07:00-17:00
2026-08-19T03:33:54.889272+00:00,2026-08-19T06:33:54.889272+03:00,2237,Dragos Sosyal Tesisleri,KARTAL,40.9017,29.1458,100,60,40,AÇIK OTOPARK,1,15,24 Saat
2026-08-19T03:33:54.889272+00:00,2026-08-19T06:33:54.889272+03:00,3063,Dudullu Metro PD Zemin Altı Otoparkı,ÜMRANİYE,41.0156,29.1633,81,59,22,KAPALI OTOPARK,0,15,07:00-23:30
2026-08-19T03:33:54.889272+00:00,2026-08-19T06:33:54.889272+03:00,1522,Ebu Suut Caddesi 1,FATİH,41.0128,28.9766,35,1,34,YOL ÜSTÜ,0,0,08:00-18:00
2026-08-19T03:33:54.889272+00:00,2026-08-19T06:33:54.889272+03:00,2147,EGS Blokları Açık Otoparkı,BAKIRKÖY,40.9863,28.8354,350,56,294,AÇIK OTOPARK,0,60,09:00-19:30
2026-08-19T03:33:54.889272+00:00,2026-08-19T06:33:54.889272+03:00,2366,Esenler Adem Baştürk Kültür Merkezi Katlı,ESENLER,41.039,28.8846,460,0,460,KAPALI OTOPARK,1,15,24 Saat
2026-08-19T03:33:54.889272+00:00,2026-08-19T06:33:54.889272+03:00,3190,Esenler Havaalanı Mahallesi Zemin Altı Otoparkı,ESENLER,41.0562,28.8674,610,301,309,KAPALI OTOPARK,1,10,24 Saat
2026-08-19T03:33:54.889272+00:00,2026-08-19T06:33:54.889272+03:00,3011,Esenler Menderes Metro İstasyonu Yanı,ESENLER,41.0427,28.8783,68,0,68,AÇIK OTOPARK,1,5,24 Saat
2026-08-19T03:33:54.889272+00:00,2026-08-19T06:33:54.889272+03:00,2822,Esenler Menderes Parkı Zemin Altı Otoparkı,ESENLER,41.0412,28.8729,325,0,325,KAPALI OTOPARK,1,10,24 Saat
2026-08-19T03:33:54.889272+00:00,2026-08-19T06:33:54.889272+03:00,3303,Esenyurt Adile Naşit Bulvarı Zeminaltı Otoparkı,ESENYURT,41.0205,28.6859,367,285,82,KAPALI OTOPARK,1,15,24 Saat
2026-08-19T03:33:54.889272+00:00,2026-08-19T06:33:54.889272+03:00,1328,Eski Salı Pazarı,KADIKÖY,40.9904,29.0338,760,35,725,AÇIK OTOPARK,0,15,24 Saat
2026-08-19T03:33:54.889272+00:00,2026-08-19T06:33:54.889272+03:00,904,Eyüp Pierloti Caddesi 1,EYÜP,41.0539,28.9329,40,1,39,YOL ÜSTÜ,0,0,09:00-22:00
2026-08-19T03:33:54.889272+00:00,2026-08-19T06:33:54.889272+03:00,2850,Eyüpsultan Akşemsettin Mahallesi Zemin Altı Otoparkı,EYÜP,41.085,28.9258,110,0,110,KAPALI OTOPARK,0,15,24 Saat
2026-08-19T03:33:54.889272+00:00,2026-08-19T06:33:54.889272+03:00,2215,Fatih Çeşmesi Tabiat Parkı Otoparkı,SARIYER,41.1686,28.9448,250,242,8,AÇIK OTOPARK,1,0,06:00-20:00
2026-08-19T03:33:54.889272+00:00,2026-08-19T06:33:54.889272+03:00,1475,Fatih Katlı Otoparkı,FATİH,41.0198,28.9396,118,0,118,KAPALI OTOPARK,0,10,24 Saat
2026-08-19T03:33:54.889272+00:00,2026-08-19T06:33:54.889272+03:00,1591,Feshane PD Açık Otoparkı,EYÜP,41.0463,28.9378,200,121,79,AÇIK OTOPARK,1,15,24 Saat
2026-08-19T03:33:54.889272+00:00,2026-08-19T06:33:54.889272+03:00,1005,Florya Havuzlu Bahçe,BAKIRKÖY,40.9764,28.7908,135,1,134,AÇIK OTOPARK,0,0,09:00-23:00
2026-08-19T03:33:54.889272+00:00,2026-08-19T06:33:54.889272+03:00,2238,Florya Sosyal Tesisleri,BAKIRKÖY,40.9614,28.8091,1074,1018,56,AÇIK OTOPARK,0,15,24 Saat
2026-08-19T03:33:54.889272+00:00,2026-08-19T06:33:54.889272+03:00,1704,Gazi Umur Paşa Sokak 5,BEŞİKTAŞ,41.0589,29.0114,45,1,44,YOL ÜSTÜ,0,15,08:00-17:00
2026-08-19T03:33:54.889272+00:00,2026-08-19T06:33:54.889272+03:00,3296,Gaziosmanpaşa Meydanı ve Yaşam Merkezi Zemin Altı Otoparkı,GAZİOSMANPAŞA,41.0606,28.9093,202,0,202,KAPALI OTOPARK,1,15,24 Saat
2026-08-19T03:33:54.889272+00:00,2026-08-19T06:33:54.889272+03:00,2971,Gaziosmanpaşa Zemin Altı Otoparkı,GAZİOSMANPAŞA,41.0796,28.8858,285,0,285,KAPALI OTOPARK,1,0,24 Saat
2026-08-19T03:33:54.889272+00:00,2026-08-19T06:33:54.889272+03:00,3401,Giyimkent Tekstilkent Metro Zemin Altı PD Otoparkı,ESENLER,41.0711,28.8666,203,182,21,KAPALI OTOPARK,0,10,24 Saat
2026-08-19T03:33:54.889272+00:00,2026-08-19T06:33:54.889272+03:00,2242,Gözdağı Sosyal Tesisler  Açık Otoparkı,PENDİK,40.893,29.2538,300,216,84,AÇIK OTOPARK,0,0,07:00-23:00
2026-08-19T03:33:54.889272+00:00,2026-08-19T06:33:54.889272+03:00,1879,Gülsuyu Metro PD Yer Altı Otoparkı,MALTEPE,40.9237,29.1548,76,0,76,KAPALI OTOPARK,0,15,08:00-00:00
2026-08-19T03:33:54.889272+00:00,2026-08-19T06:33:54.889272+03:00,1423,Güneş Plajı 1,BAKIRKÖY,40.9712,28.79,250,246,4,AÇIK OTOPARK,0,10,24 Saat
2026-08-19T03:33:54.889272+00:00,2026-08-19T06:33:54.889272+03:00,1461,Güneş Plajı 2,BAKIRKÖY,40.9692,28.7951,135,126,9,AÇIK OTOPARK,0,10,08:00-20:00
2026-08-19T03:33:54.889272+00:00,2026-08-19T06:33:54.889272+03:00,3053,Güngören Nikah Dairesi Zemin Altı otoparkı,GÜNGÖREN,41.0363,28.8718,147,0,147,KAPALI OTOPARK,1,10,24 Saat
2026-08-19T03:33:54.889272+00:00,2026-08-19T06:33:54.889272+03:00,2216,Gürpınar Balık Hali Otoparkı,BEYLİKDÜZÜ,40.9663,28.6019,1000,753,247,AÇIK OTOPARK,0,15,24 Saat
2026-08-19T03:33:54.889272+00:00,2026-08-19T06:33:54.889272+03:00,1525,Hacıosman Metro Yer Altı Otoparkı,SARIYER,41.14,29.0306,422,291,131,KAPALI OTOPARK,0,15,24 Saat
2026-08-19T03:33:54.889272+00:00,2026-08-19T06:33:54.889272+03:00,1470,Haldun Alagaş Katlı Otoparkı,ÜMRANİYE,41.0262,29.1052,197,100,97,KAPALI OTOPARK,1,15,24 Saat
2026-08-19T03:33:54.889272+00:00,2026-08-19T06:33:54.889272+03:00,3235,Haliç Sosyal Tesisleri Otoparkı,FATİH,41.0277,28.9572,60,53,7,AÇIK OTOPARK,0,15,07:00-00:00
2026-08-19T03:33:54.889272+00:00,2026-08-19T06:33:54.889272+03:00,2848,Halkalı Mahallesi Zemin Altı Otoparkı,KÜÇÜKÇEKMECE,41.0359,28.7848,347,267,80,KAPALI OTOPARK,0,15,24 Saat
2026-08-19T03:33:54.889272+00:00,2026-08-19T06:33:54.889272+03:00,2838,Hamidiye Mahallesi Katlı Otoparkı,KAĞITHANE,41.0949,28.971,450,169,281,KAPALI OTOPARK,1,15,24 Saat
2026-08-19T03:33:54.889272+00:00,2026-08-19T06:33:54.889272+03:00,1446,Harbiye Zemin Altı Otoparkı,BEYOĞLU,41.0408,28.9869,142,76,66,KAPALI OTOPARK,0,5,24 Saat
2026-08-19T03:33:54.889272+00:00,2026-08-19T06:33:54.889272+03:00,2332,Haydarpaşa Katlı Otoparkı,ÜSKÜDAR,41.0048,29.0251,840,762,78,KAPALI OTOPARK,1,15,24 Saat
2026-08-19T03:33:54.889272+00:00,2026-08-19T06:33:54.889272+03:00,1987,Haznedar Yer Altı Otoparkı,GÜNGÖREN,41.0083,28.8729,540,0,540,KAPALI OTOPARK,0,0,24 Saat
2026-08-19T03:33:54.889272+00:00,2026-08-19T06:33:54.889272+03:00,377,Hızır Külhani Sokak,FATİH,41.0202,28.9605,32,1,31,YOL ÜSTÜ,0,15,09:00-17:00
2026-08-19T03:33:54.889272+00:00,2026-08-19T06:33:54.889272+03:00,3173,Hürriyet Mahallesi Zeminaltı Otoparkı,GAZİOSMANPAŞA,41.0708,28.8951,190,0,190,KAPALI OTOPARK,1,15,24 Saat
2026-08-19T03:33:54.889272+00:00,2026-08-19T06:33:54.889272+03:00,157,Ihlamur Dere Caddesi 4,BEŞİKTAŞ,41.047,29.0023,27,1,26,YOL ÜSTÜ,0,15,09:00-17:00
2026-08-19T03:33:54.889272+00:00,2026-08-19T06:33:54.889272+03:00,1189,İçerenköy Sebze Meyve Hali Otoparkı,ATAŞEHİR,40.9766,29.1044,600,600,0,AÇIK OTOPARK,0,15,24 Saat
2026-08-19T03:33:54.889272+00:00,2026-08-19T06:33:54.889272+03:00,1127,İshakpaşa Caddesi,FATİH,41.0079,28.9814,200,1,199,YOL ÜSTÜ,0,0,08:00-18:00
2026-08-19T03:33:54.889272+00:00,2026-08-19T06:33:54.889272+03:00,3265,İspark İstanbul West Marina Açık Otoparkı 1,BEYLİKDÜZÜ,40.9636,28.6564,250,1,249,AÇIK OTOPARK,0,15,24 Saat
2026-08-19T03:33:54.889272+00:00,2026-08-19T06:33:54.889272+03:00,2793,İspark Merter Katlı Otoparkı,GÜNGÖREN,41.0097,28.89,900,459,441,KAPALI OTOPARK,1,10,24 Saat
2026-08-19T03:33:54.889272+00:00,2026-08-19T06:33:54.889272+03:00,2430,İspark West İstanbul Marina Açık Otoparkı,BEYLİKDÜZÜ,40.9639,28.6591,1600,1109,491,AÇIK OTOPARK,0,15,24 Saat
2026-08-19T03:33:54.889272+00:00,2026-08-19T06:33:54.889272+03:00,381,İstinye 4 ( Cami Önü ),SARIYER,41.1149,29.0571,25,1,24,YOL ÜSTÜ,0,15,08:30-17:30
2026-08-19T03:33:54.889272+00:00,2026-08-19T06:33:54.889272+03:00,1804,İtalyan Hastanesi Karşısı Açık Otoparkı 1,BEYOĞLU,41.028,28.9815,30,1,29,AÇIK OTOPARK,0,0,08:00-19:00
2026-08-19T03:33:54.889272+00:00,2026-08-19T06:33:54.889272+03:00,507,Kabasakal Medrese Önü,FATİH,41.0062,28.9789,65,1,64,AÇIK OTOPARK,0,0,08:00-18:30
2026-08-19T03:33:54.889272+00:00,2026-08-19T06:33:54.889272+03:00,3306,Kabataş Transfer Merkezi Turizm Otobüs Otoparkı,BEYOĞLU,41.0336,28.9923,160,108,52,KAPALI OTOPARK,1,20,24 Saat
2026-08-19T03:33:54.889272+00:00,2026-08-19T06:33:54.889272+03:00,2918,Kadıköy Hasanpaşa Gazhane Katlı Otoparkı,KADIKÖY,40.9972,29.0428,310,181,129,KAPALI OTOPARK,1,15,24 Saat
2026-08-19T03:33:54.889272+00:00,2026-08-19T06:33:54.889272+03:00,1447,Kadıköy İski Açık Otoparkı,KADIKÖY,40.9874,29.0207,124,112,12,AÇIK OTOPARK,0,15,24 Saat
2026-08-19T03:33:54.889272+00:00,2026-08-19T06:33:54.889272+03:00,1655,Kadıköy Metro Açık Otoparkı,KADIKÖY,40.9899,29.0217,74,62,12,AÇIK OTOPARK,0,15,24 Saat
2026-08-19T03:33:54.889272+00:00,2026-08-19T06:33:54.889272+03:00,3445,Kadıköy Uzunçayır PD Açık Otoparkı,KADIKÖY,40.9982,29.0569,70,40,30,AÇIK OTOPARK,1,15,06:30-16:30
2026-08-19T03:33:54.889272+00:00,2026-08-19T06:33:54.889272+03:00,2808,Kadıköy Yeni Salı Pazarı PD Katlı Otoparkı,KADIKÖY,40.9969,29.0486,1350,672,678,KAPALI OTOPARK,1,15,24 Saat
2026-08-19T03:33:54.889272+00:00,2026-08-19T06:33:54.889272+03:00,2811,Kağıthane Harmantepe Zemin Altı Otoparkı,KAĞITHANE,41.0816,28.9907,200,0,200,KAPALI OTOPARK,1,0,24 Saat
2026-08-19T03:33:54.889272+00:00,2026-08-19T06:33:54.889272+03:00,1452,Kalamış Açık Otoparkı,KADIKÖY,40.9687,29.0363,173,163,10,AÇIK OTOPARK,0,15,24 Saat
2026-08-19T03:33:54.889272+00:00,2026-08-19T06:33:54.889272+03:00,1474,Kartal Hasan Doğan Spor Kompleksi,KARTAL,40.8918,29.1897,773,0,773,KAPALI OTOPARK,0,15,24 Saat
2026-08-19T03:33:54.889272+00:00,2026-08-19T06:33:54.889272+03:00,1105,Kartal İdo Açık Otoparkı,KARTAL,40.8874,29.1881,90,0,90,AÇIK OTOPARK,0,15,24 Saat
2026-08-19T03:33:54.889272+00:00,2026-08-19T06:33:54.889272+03:00,1550,Kartal Sahil Açık Otoparkı,KARTAL,40.8875,29.1901,75,55,20,AÇIK OTOPARK,0,5,24 Saat
2026-08-19T03:33:54.889272+00:00,2026-08-19T06:33:54.889272+03:00,3434,Kasımpaşa Sosyal Tesisler Otoparkı,BEYOĞLU,41.0296,28.9673,60,38,22,AÇIK OTOPARK,0,0,07:30-23:00
2026-08-19T03:33:54.889272+00:00,2026-08-19T06:33:54.889272+03:00,1960,Kazlıçeşme Marmaray Açık Otoparkı,ZEYTİNBURNU,40.9922,28.917,700,650,50,AÇIK OTOPARK,0,15,24 Saat
2026-08-19T03:33:54.889272+00:00,2026-08-19T06:33:54.889272+03:00,2994,Kirazlı Metro Durağı PD Açık Otoparkı,BAĞCILAR,41.033,28.8429,112,0,112,AÇIK OTOPARK,0,5,24 Saat
2026-08-19T03:33:54.889272+00:00,2026-08-19T06:33:54.889272+03:00,1528,Kore Şehitleri Caddesi - Yüzbaşı Kaya Aldağon Sokak 1,ŞİŞLİ,41.0719,29.0139,40,1,39,YOL ÜSTÜ,0,15,07:00-16:00
2026-08-19T03:33:54.889272+00:00,2026-08-19T06:33:54.889272+03:00,2449,Kozyatağı Sebze-Meyve Hali,ATAŞEHİR,40.9787,29.1029,1500,1499,1,AÇIK OTOPARK,1,0,24 Saat
2026-08-19T03:33:54.889272+00:00,2026-08-19T06:33:54.889272+03:00,1206,Kutlugün Sokak 2,FATİH,41.0061,28.9801,200,1,199,YOL ÜSTÜ,0,0,08:00-18:00
2026-08-19T03:33:54.889272+00:00,2026-08-19T06:33:54.889272+03:00,3074,Küçük Çamlıca,ÜSKÜDAR,41.0204,29.0653,129,104,25,AÇIK OTOPARK,0,0,08:00-22:00
2026-08-19T03:33:54.889272+00:00,2026-08-19T06:33:54.889272+03:00,3127,Küçükçekmece Cennet Mahallesi Meydan Zemin Altı Otoparkı,KÜÇÜKÇEKMECE,40.9907,28.783,456,0,456,KAPALI OTOPARK,0,10,24 Saat
2026-08-19T03:33:54.889272+00:00,2026-08-19T06:33:54.889272+03:00,2554,Küçükçekmece Fevzi Çakmak Meydanı Zemin Altı Otoparkı,KÜÇÜKÇEKMECE,41.0076,28.7927,1000,472,528,KAPALI OTOPARK,0,10,24 Saat
2026-08-19T03:33:54.889272+00:00,2026-08-19T06:33:54.889272+03:00,2882,Küçüksu Kasrı Açık Otoparkı,BEYKOZ,41.0789,29.0657,98,93,5,AÇIK OTOPARK,0,0,07:00-23:00
2026-08-19T03:33:54.889272+00:00,2026-08-19T06:33:54.889272+03:00,220,Levent Hamidiye,BEŞİKTAŞ,41.0861,29.0076,100,1,99,AÇIK OTOPARK,0,0,08:00-19:00
2026-08-19T03:33:54.889272+00:00,2026-08-19T06:33:54.889272+03:00,1138,Levent Metro Yer Altı Otoparkı,BEŞİKTAŞ,41.0811,29.0105,100,1,99,AÇIK OTOPARK,0,5,07:30-19:30
2026-08-19T03:33:54.889272+00:00,2026-08-19T06:33:54.889272+03:00,2335,Maçka Açık Otoparkı,ŞİŞLİ,41.046,28.9908,75,71,4,AÇIK OTOPARK,1,0,24 Saat
2026-08-19T03:33:54.889272+00:00,2026-08-19T06:33:54.889272+03:00,1859,Maçka Katlı Otoparkı,ŞİŞLİ,41.0484,28.9903,508,257,251,KAPALI OTOPARK,0,0,24 Saat
2026-08-19T03:33:54.889272+00:00,2026-08-19T06:33:54.889272+03:00,3193,Maltepe Rıhtım Caddesi Açık Otoparkı,MALTEPE,40.9258,29.1241,76,73,3,AÇIK OTOPARK,1,0,24 Saat
2026-08-19T03:33:54.889272+00:00,2026-08-19T06:33:54.889272+03:00,2146,Maltepe Süreyyapaşa Çarşısı Açık Otoparkı,MALTEPE,40.9274,29.1225,156,137,19,AÇIK OTOPARK,1,0,24 Saat
2026-08-19T03:33:54.889272+00:00,2026-08-19T06:33:54.889272+03:00,1599,Maslak Açık Otoparkı,SARIYER,41.1166,29.024,150,131,19,AÇIK OTOPARK,0,10,24 Saat
2026-08-19T03:33:54.889272+00:00,2026-08-19T06:33:54.889272+03:00,2100,Matbaacılar Sitesi Yanı,ZEYTİNBURNU,41.0234,28.9187,250,222,28,AÇIK OTOPARK,1,5,24 Saat
2026-08-19T03:33:54.889272+00:00,2026-08-19T06:33:54.889272+03:00,920,Meclis-i Mebusan Yokuşu 2,BEYOĞLU,41.0326,28.9882,34,1,33,YOL ÜSTÜ,0,15,09:00-17:00
2026-08-19T03:33:54.889272+00:00,2026-08-19T06:33:54.889272+03:00,1546,Menekşe Plajı Açık Otoparkı,BAKIRKÖY,40.9761,28.7766,200,200,0,AÇIK OTOPARK,0,0,24 Saat
2026-08-19T03:33:54.889272+00:00,2026-08-19T06:33:54.889272+03:00,1376,Mercan Açık,FATİH,41.0136,28.9669,130,124,6,AÇIK OTOPARK,0,0,08:00-23:00
2026-08-19T03:33:54.889272+00:00,2026-08-19T06:33:54.889272+03:00,3309,Mercan Ali Paşa Sarayı Zemin Altı Otoparkı,FATİH,41.0136,28.967,196,1,195,KAPALI OTOPARK,0,0,07:00-21:00
2026-08-19T03:33:54.889272+00:00,2026-08-19T06:33:54.889272+03:00,1472,Merter Katlı Otoparkı,GÜNGÖREN,41.0092,28.8874,1000,899,101,KAPALI OTOPARK,0,10,24 Saat
2026-08-19T03:33:54.889272+00:00,2026-08-19T06:33:54.889272+03:00,2375,Merter Metro PD Zeminaltı Otoparkı,GÜNGÖREN,41.0037,28.8897,242,79,163,KAPALI OTOPARK,1,10,24 Saat
2026-08-19T03:33:54.889272+00:00,2026-08-19T06:33:54.889272+03:00,1568,Mete Caddesi 1,BEYOĞLU,41.0382,28.9879,31,1,30,YOL ÜSTÜ,0,15,08:00-23:00
2026-08-19T03:33:54.889272+00:00,2026-08-19T06:33:54.889272+03:00,1471,Mevlana Yeraltı Katlı Otoparkı,ZEYTİNBURNU,41.0072,28.9049,1000,834,166,KAPALI OTOPARK,0,5,24 Saat
2026-08-19T03:33:54.889272+00:00,2026-08-19T06:33:54.889272+03:00,2709,Millet Caddesi Açık Otoparkı,FATİH,41.01,28.9461,60,1,59,AÇIK OTOPARK,0,15,24 Saat
2026-08-19T03:33:54.889272+00:00,2026-08-19T06:33:54.889272+03:00,3152,Mimar Sinan Zemin Altı Otoparkı,ÜSKÜDAR,41.0222,29.0169,956,708,248,KAPALI OTOPARK,0,15,24 Saat
2026-08-19T03:33:54.889272+00:00,2026-08-19T06:33:54.889272+03:00,2870,Miniatürk Çadır Açık Otoparkı,BEYOĞLU,41.0594,28.9501,250,194,56,AÇIK OTOPARK,0,15,07:00-20:00
2026-08-19T03:33:54.889272+00:00,2026-08-19T06:33:54.889272+03:00,2556,Muallim Naci Açık Otoparkı,BEŞİKTAŞ,41.0561,29.0342,35,31,4,AÇIK OTOPARK,1,15,24 Saat
2026-08-19T03:33:54.889272+00:00,2026-08-19T06:33:54.889272+03:00,569,Oda Kule Önü 1,BEYOĞLU,41.0322,28.9751,24,1,23,YOL ÜSTÜ,0,0,07:00-01:00
2026-08-19T03:33:54.889272+00:00,2026-08-19T06:33:54.889272+03:00,1988,Orhangazi Şehir Parkı PD Açık Otoparkı,MALTEPE,40.9313,29.1161,5022,4651,371,AÇIK OTOPARK,1,15,24 Saat
2026-08-19T03:33:54.889272+00:00,2026-08-19T06:33:54.889272+03:00,152,Ortabahçe Caddesi 2,BEŞİKTAŞ,41.0428,29.0043,35,1,34,YOL ÜSTÜ,0,15,08:00-23:00
2026-08-19T03:33:54.889272+00:00,2026-08-19T06:33:54.889272+03:00,153,Ortabahçe Caddesi 3,BEŞİKTAŞ,41.043,29.0042,26,1,25,YOL ÜSTÜ,0,15,08:00-23:00
2026-08-19T03:33:54.889272+00:00,2026-08-19T06:33:54.889272+03:00,119,Ortaklar Caddesi 1,ŞİŞLİ,41.0638,28.9971,25,1,24,YOL ÜSTÜ,0,15,08:30-17:00
2026-08-19T03:33:54.889272+00:00,2026-08-19T06:33:54.889272+03:00,1343,Ortaköy Açık Otoparkı,BEŞİKTAŞ,41.0504,29.0326,170,164,6,AÇIK OTOPARK,1,0,24 Saat
2026-08-19T03:33:54.889272+00:00,2026-08-19T06:33:54.889272+03:00,572,Ortaköy Portakal Yokuşu 1,BEŞİKTAŞ,41.0503,29.0261,15,1,14,YOL ÜSTÜ,0,15,09:00-19:00
2026-08-19T03:33:54.889272+00:00,2026-08-19T06:33:54.889272+03:00,1039,Öğretmen Evi,AVCILAR,40.9723,28.714,80,42,38,AÇIK OTOPARK,0,0,11:00-23:00
2026-08-19T03:33:54.889272+00:00,2026-08-19T06:33:54.889272+03:00,1466,Pendik Katlı Otoparkı,PENDİK,40.8789,29.2342,120,0,120,KAPALI OTOPARK,0,15,24 Saat
2026-08-19T03:33:54.889272+00:00,2026-08-19T06:33:54.889272+03:00,3073,Pendik Kemal Kalkuz Parkı Zemin Altı Otoparkı,PENDİK,40.8885,29.2427,224,1,223,KAPALI OTOPARK,0,0,09:00-18:00
2026-08-19T03:33:54.889272+00:00,2026-08-19T06:33:54.889272+03:00,3019,Pendik Meydan Zemin Altı Otoparkı,PENDİK,40.8752,29.2324,937,0,937,KAPALI OTOPARK,1,0,24 Saat
2026-08-19T03:33:54.889272+00:00,2026-08-19T06:33:54.889272+03:00,2865,Pendik Sahil Engelliler Merkez Önü,PENDİK,40.8735,29.233,100,66,34,AÇIK OTOPARK,0,0,11:00-20:00
2026-08-19T03:33:54.889272+00:00,2026-08-19T06:33:54.889272+03:00,2434,Pendik Sahil İdo,PENDİK,40.8755,29.2369,100,0,100,AÇIK OTOPARK,0,0,07:00-23:00
2026-08-19T03:33:54.889272+00:00,2026-08-19T06:33:54.889272+03:00,248,Pendik Yenimahalle Açık 2 Otoparkı,PENDİK,40.864,29.2723,124,79,45,AÇIK OTOPARK,0,15,10:00-22:00
2026-08-19T03:33:54.889272+00:00,2026-08-19T06:33:54.889272+03:00,297,Perşembe Pazarı 1,BEYOĞLU,41.0252,28.9693,32,1,31,YOL ÜSTÜ,0,15,08:00-17:00
2026-08-19T03:33:54.889272+00:00,2026-08-19T06:33:54.889272+03:00,597,Pierre Loti Caddesi 3,FATİH,41.0069,28.9711,36,1,35,YOL ÜSTÜ,0,0,07:00-17:00
2026-08-19T03:33:54.889272+00:00,2026-08-19T06:33:54.889272+03:00,3263,Piyalepaşa Meydanı Zemin Altı Otoparkı,BEYOĞLU,41.0445,28.9674,560,216,344,KAPALI OTOPARK,0,0,24 Saat
2026-08-19T03:33:54.889272+00:00,2026-08-19T06:33:54.889272+03:00,1900,Ragıp Gümüşpala Cad.(Sobacılar Önü),FATİH,41.0181,28.969,40,1,39,YOL ÜSTÜ,0,15,07:00-18:00
2026-08-19T03:33:54.889272+00:00,2026-08-19T06:33:54.889272+03:00,415,Ragıp Gümüşpala Camii Önü 1,FATİH,41.0211,28.9627,35,1,34,YOL ÜSTÜ,0,0,07:00-17:30
2026-08-19T03:33:54.889272+00:00,2026-08-19T06:33:54.889272+03:00,3268,Refik Saydam Caddesi 3,BEYOĞLU,41.032,28.9736,55,1,54,YOL ÜSTÜ,1,0,06:00-23:00
2026-08-19T03:33:54.889272+00:00,2026-08-19T06:33:54.889272+03:00,2307,Ressam Halim Sokak PD Açık Otoparkı,BAHÇELİEVLER,40.9967,28.8641,120,116,4,AÇIK OTOPARK,0,15,08:00-00:00
2026-08-19T03:33:54.889272+00:00,2026-08-19T06:33:54.889272+03:00,3082,Rumeli Hisarı Sahil Yolu Otoparkı,SARIYER,41.0854,29.0568,20,14,6,AÇIK OTOPARK,1,0,24 Saat
2026-08-19T03:33:54.889272+00:00,2026-08-19T06:33:54.889272+03:00,1595,Sabiha Gökçen Açık Otoparkı,PENDİK,40.925,29.308,1056,231,825,AÇIK OTOPARK,0,15,24 Saat
2026-08-19T03:33:54.889272+00:00,2026-08-19T06:33:54.889272+03:00,3239,Samatya Sahil Cep Otoparkı,FATİH,40.9954,28.932,113,111,2,AÇIK OTOPARK,1,15,24 Saat
2026-08-19T03:33:54.889272+00:00,2026-08-19T06:33:54.889272+03:00,3273,Sarıyer Büyükdere Fidanlığı,SARIYER,41.1548,29.0268,160,155,5,AÇIK OTOPARK,0,0,08:00-18:00
2026-08-19T03:33:54.889272+00:00,2026-08-19T06:33:54.889272+03:00,3299,Sariyer Ayazağa Mah Vadi İstanbul Önü Açık Otoparkı,SARIYER,41.1106,28.9881,100,1,99,AÇIK OTOPARK,0,0,08:00-20:00
2026-08-19T03:33:54.889272+00:00,2026-08-19T06:33:54.889272+03:00,1303,Seyrantepe Katlı (Arena Karşısı) 1,KAĞITHANE,41.101,28.9961,1897,1,1896,KAPALI OTOPARK,1,0,24 Saat
2026-08-19T03:33:54.889272+00:00,2026-08-19T06:33:54.889272+03:00,1628,Sıracevizler Caddesi Yol Üstü 5,ŞİŞLİ,41.0607,28.9841,45,1,44,YOL ÜSTÜ,0,15,09:00-17:00
2026-08-19T03:33:54.889272+00:00,2026-08-19T06:33:54.889272+03:00,464,Sirkeci Gar Önü,FATİH,41.015,28.9761,60,1,59,AÇIK OTOPARK,0,5,07:00-20:00
2026-08-19T03:33:54.889272+00:00,2026-08-19T06:33:54.889272+03:00,1486,Siyavuşpaşa Yer Altı Otoparkı,BAHÇELİEVLER,40.9965,28.8532,155,0,155,KAPALI OTOPARK,1,0,24 Saat
2026-08-19T03:33:54.889272+00:00,2026-08-19T06:33:54.889272+03:00,1958,Soğanlık Metro PD Açık Otoparkı,KARTAL,40.9131,29.1925,898,867,31,AÇIK OTOPARK,0,15,24 Saat
2026-08-19T03:33:54.889272+00:00,2026-08-19T06:33:54.889272+03:00,589,Su Terazisi Sokak,FATİH,41.0046,28.9727,22,1,21,YOL ÜSTÜ,0,0,07:30-17:00
2026-08-19T03:33:54.889272+00:00,2026-08-19T06:33:54.889272+03:00,1478,Suadiye Cep Açık Otoparkı,KADIKÖY,40.9586,29.0732,130,121,9,AÇIK OTOPARK,0,15,24 Saat
2026-08-19T03:33:54.889272+00:00,2026-08-19T06:33:54.889272+03:00,2948,Suadiye Sahil Açık Otoparkı,KADIKÖY,40.9562,29.0797,70,67,3,AÇIK OTOPARK,1,5,24 Saat
2026-08-19T03:33:54.889272+00:00,2026-08-19T06:33:54.889272+03:00,2799,Sultanbeyli Emir Caddesi Zemin Altı Otoparkı,SULTANBEYLİ,40.9707,29.2606,130,118,12,KAPALI OTOPARK,0,15,08:00-22:00
2026-08-19T03:33:54.889272+00:00,2026-08-19T06:33:54.889272+03:00,2372,Sultanbeyli Kent Meydanı Zemin Altı Otoparkı,SULTANBEYLİ,40.9667,29.2667,300,198,102,KAPALI OTOPARK,1,15,24 Saat
2026-08-19T03:33:54.889272+00:00,2026-08-19T06:33:54.889272+03:00,2410,Sultangazi Zemin Altı Otoparkı,SULTANGAZİ,41.0944,28.8649,104,0,104,KAPALI OTOPARK,1,10,24 Saat
2026-08-19T03:33:54.889272+00:00,2026-08-19T06:33:54.889272+03:00,2085,Süleyman Seba Caddesi 2,BEŞİKTAŞ,41.0426,28.9998,40,1,39,YOL ÜSTÜ,0,15,08:00-18:00
2026-08-19T03:33:54.889272+00:00,2026-08-19T06:33:54.889272+03:00,2088,Süleyman Seba Caddesi 5,BEŞİKTAŞ,41.0432,28.9978,40,1,39,YOL ÜSTÜ,0,15,08:00-18:00
2026-08-19T03:33:54.889272+00:00,2026-08-19T06:33:54.889272+03:00,2089,Süleyman Seba Caddesi 6,BEŞİKTAŞ,41.0435,28.9967,11,1,10,YOL ÜSTÜ,0,15,08:00-18:00
2026-08-19T03:33:54.889272+00:00,2026-08-19T06:33:54.889272+03:00,2391,Süleymaniye Cami Altı Açık Otoparkı,FATİH,41.0158,28.961,250,234,16,AÇIK OTOPARK,1,0,06:30-18:30
2026-08-19T03:33:54.889272+00:00,2026-08-19T06:33:54.889272+03:00,1730,Sütlüce Miniatürk Yanı,BEYOĞLU,41.057,28.95,320,227,93,AÇIK OTOPARK,1,15,24 Saat
2026-08-19T03:33:54.889272+00:00,2026-08-19T06:33:54.889272+03:00,36,Şakayık Sokak 4,ŞİŞLİ,41.0518,28.9936,50,1,49,YOL ÜSTÜ,0,15,08:00-16:00
2026-08-19T03:33:54.889272+00:00,2026-08-19T06:33:54.889272+03:00,1469,Şehit Volkan Duysak Katlı Otoparkı,ZEYTİNBURNU,40.9968,28.9039,1000,666,334,KAPALI OTOPARK,0,5,24 Saat
2026-08-19T03:33:54.889272+00:00,2026-08-19T06:33:54.889272+03:00,2385,Şehremini Açık Otoparkı 1,FATİH,41.0135,28.9333,60,1,59,AÇIK OTOPARK,0,0,08:30-20:30
2026-08-19T03:33:54.889272+00:00,2026-08-19T06:33:54.889272+03:00,2855,Şemsipaşa Açık Otoparkı,ÜSKÜDAR,41.0255,29.0097,80,79,1,AÇIK OTOPARK,1,0,24 Saat
2026-08-19T03:33:54.889272+00:00,2026-08-19T06:33:54.889272+03:00,2439,Şirinevler Meydan Zeminaltı Otoparkı,BAHÇELİEVLER,40.9925,28.8496,367,81,286,KAPALI OTOPARK,1,0,24 Saat
2026-08-19T03:33:54.889272+00:00,2026-08-19T06:33:54.889272+03:00,3400,Şişhane Refik Saydam Caddesi 2 Yol Üstü Otoparkı 1,BEYOĞLU,41.0326,28.9743,70,1,69,YOL ÜSTÜ,1,15,06:00-23:00
2026-08-19T03:33:54.889272+00:00,2026-08-19T06:33:54.889272+03:00,3441,Şişli Kuştepe Zemin Altı Otoparkı,ŞİŞLİ,41.072,28.9919,430,285,145,KAPALI OTOPARK,0,15,24 Saat
2026-08-19T03:33:54.889272+00:00,2026-08-19T06:33:54.889272+03:00,2816,Şişli Rumeli Caddesi Metro Yanı 1,ŞİŞLİ,41.0538,28.9868,45,1,44,YOL ÜSTÜ,0,15,08:00-20:00
2026-08-19T03:33:54.889272+00:00,2026-08-19T06:33:54.889272+03:00,2406,Şişli Zemin Altı Otoparkı,ŞİŞLİ,41.0641,28.9992,581,410,171,KAPALI OTOPARK,1,15,24 Saat
2026-08-19T03:33:54.889272+00:00,2026-08-19T06:33:54.889272+03:00,1993,Tuzla İdo,TUZLA,40.8149,29.3039,300,293,7,AÇIK OTOPARK,0,15,24 Saat
2026-08-19T03:33:54.889272+00:00,2026-08-19T06:33:54.889272+03:00,3332,Tuzla Sahil Cep,TUZLA,40.8168,29.2992,50,38,12,AÇIK OTOPARK,0,0,08:00-00:00
2026-08-19T03:33:54.889272+00:00,2026-08-19T06:33:54.889272+03:00,3057,Tuzla Sahil Zemin Altı Otoparkı,TUZLA,40.8181,29.3004,779,1,778,KAPALI OTOPARK,1,15,24 Saat
2026-08-19T03:33:54.889272+00:00,2026-08-19T06:33:54.889272+03:00,1811,Ulu Camii Açık Otoparkı,BAHÇELİEVLER,40.9982,28.8499,150,114,36,AÇIK OTOPARK,1,10,24 Saat
2026-08-19T03:33:54.889272+00:00,2026-08-19T06:33:54.889272+03:00,2424,Uzunçayır Açık Otoparkı,KADIKÖY,40.9988,29.0556,58,51,7,AÇIK OTOPARK,1,0,06:00-16:00
2026-08-19T03:33:54.889272+00:00,2026-08-19T06:33:54.889272+03:00,1468,Ümraniye Katlı Otoparkı,ÜMRANİYE,41.0261,29.0953,665,571,94,KAPALI OTOPARK,0,15,24 Saat
2026-08-19T03:33:54.889272+00:00,2026-08-19T06:33:54.889272+03:00,2898,Ümraniye Okan Sokak Zeminaltı Otoparkı,ÜMRANİYE,41.0284,29.0907,125,12,113,KAPALI OTOPARK,1,15,24 Saat
2026-08-19T03:33:54.889272+00:00,2026-08-19T06:33:54.889272+03:00,2345,Üsküdar Uzunçayır PD Açık Otoparkı,ÜSKÜDAR,40.9988,29.0577,90,88,2,AÇIK OTOPARK,1,15,06:00-22:00
2026-08-19T03:33:54.889272+00:00,2026-08-19T06:33:54.889272+03:00,1929,Üsküdar Ünalan Açık Otoparkı,ÜSKÜDAR,40.9979,29.0604,180,175,5,AÇIK OTOPARK,0,0,07:00-17:00
2026-08-19T03:33:54.889272+00:00,2026-08-19T06:33:54.889272+03:00,1487,Vatan Caddesi PD Açık Otoparkı,FATİH,41.0157,28.9405,397,356,41,AÇIK OTOPARK,0,5,24 Saat
2026-08-19T03:33:54.889272+00:00,2026-08-19T06:33:54.889272+03:00,2441,Yalı Açık Otoparkı,MALTEPE,40.9095,29.137,85,82,3,AÇIK OTOPARK,0,0,07:30-22:00
2026-08-19T03:33:54.889272+00:00,2026-08-19T06:33:54.889272+03:00,459,Yalı Köşkü Caddesi 1,FATİH,41.0163,28.9759,61,1,60,YOL ÜSTÜ,0,5,07:00-21:00
2026-08-19T03:33:54.889272+00:00,2026-08-19T06:33:54.889272+03:00,2037,Yenikapı Marmaray Büyük Otoparkı,FATİH,41.0057,28.9505,324,251,73,AÇIK OTOPARK,1,15,24 Saat
2026-08-19T03:33:54.889272+00:00,2026-08-19T06:33:54.889272+03:00,2036,Yenikapı Marmaray Küçük Otoparkı,FATİH,41.0064,28.9504,200,200,0,AÇIK OTOPARK,0,15,07:00-22:00
2026-08-19T03:33:54.889272+00:00,2026-08-19T06:33:54.889272+03:00,2175,Yenikapı Spor ve Kültür Merkezi PD Açık Otoparkı,FATİH,41.0006,28.9519,4023,3968,55,AÇIK OTOPARK,0,15,24 Saat
2026-08-19T03:33:54.889272+00:00,2026-08-19T06:33:54.889272+03:00,2805,Yenikapı Tünel Üstü Açık Otoparkı,FATİH,41.0029,28.9534,700,653,47,AÇIK OTOPARK,1,10,24 Saat
2026-08-19T03:33:54.889272+00:00,2026-08-19T06:33:54.889272+03:00,3404,Yenimahalle Metro Zemin Altı PD Otoparkı,GAZİOSMANPAŞA,41.0839,28.8926,114,93,21,KAPALI OTOPARK,1,15,24 Saat
2026-08-19T03:33:54.889272+00:00,2026-08-19T06:33:54.889272+03:00,2920,Yeşilce Zemin Altı Katlı Otoparkı,KAĞITHANE,41.0938,29.0017,676,0,676,KAPALI OTOPARK,1,0,24 Saat
2026-08-19T03:33:54.889272+00:00,2026-08-19T06:33:54.889272+03:00,987,Yeşilköy İstasyon Caddesi 1,BAKIRKÖY,40.962,28.825,40,1,39,YOL ÜSTÜ,0,15,09:00-17:30
2026-08-19T03:33:54.889272+00:00,2026-08-19T06:33:54.889272+03:00,974,Yeşilköy Marina 1,BAKIRKÖY,40.9576,28.8233,145,1,144,YOL ÜSTÜ,0,0,12:00-23:00
2026-08-19T03:33:54.889272+00:00,2026-08-19T06:33:54.889272+03:00,3406,Yeşilpınar Metro Zemin Altı PD Otoparkı,EYÜP,41.081,28.9204,269,183,86,KAPALI OTOPARK,1,15,24 Saat
2026-08-19T03:33:54.889272+00:00,2026-08-19T06:33:54.889272+03:00,315,Yeşilyurt Çarşı 1,BAKIRKÖY,40.9643,28.8379,50,1,49,YOL ÜSTÜ,0,15,09:00-17:30
2026-08-19T03:33:54.889272+00:00,2026-08-19T06:33:54.889272+03:00,1133,Yıldız Korusu,BEŞİKTAŞ,41.0514,29.0165,500,1,499,AÇIK OTOPARK,0,0,08:00-22:00
2026-08-19T03:33:54.889272+00:00,2026-08-19T06:33:54.889272+03:00,882,Zeytinburnu 58. Bulvar 2,ZEYTİNBURNU,40.9932,28.9039,48,1,47,YOL ÜSTÜ,0,15,09:00-18:00
2026-08-19T03:33:54.889272+00:00,2026-08-19T06:33:54.889272+03:00,3185,Zeytinburnu Sahil Cep Otoparkı,ZEYTİNBURNU,40.9798,28.8985,160,1,159,AÇIK OTOPARK,0,0,12:00-22:00
2026-08-19T04:20:34.125472+00:00,2026-08-19T07:20:34.125472+03:00,3068,15 Temmuz Şehitler Meydanı Zeminaltı Otoparkı,ÜMRANİYE,41.0246,29.0915,1029,584,445,KAPALI OTOPARK,0,15,24 Saat
2026-08-19T04:20:34.125472+00:00,2026-08-19T07:20:34.125472+03:00,2338,19 Mayıs Açık,ŞİŞLİ,41.0563,28.9941,65,0,65,AÇIK OTOPARK,1,0,24 Saat
2026-08-19T04:20:34.125472+00:00,2026-08-19T07:20:34.125472+03:00,1751,4.Levent PD Açık Otoparkı,KAĞITHANE,41.0836,29.0081,236,148,88,AÇIK OTOPARK,1,5,24 Saat
2026-08-19T04:20:34.125472+00:00,2026-08-19T07:20:34.125472+03:00,3328,4.Levent Servis ve Turizm Araçları Açık Otoparkı,ŞİŞLİ,41.0841,29.0054,300,157,143,AÇIK OTOPARK,1,15,24 Saat
2026-08-19T04:20:34.125472+00:00,2026-08-19T07:20:34.125472+03:00,3412,5. Levent Gaziosmanpaşa Adliyesi Yanı Açık Otoparkı,EYÜP,41.0927,28.9494,250,201,49,AÇIK OTOPARK,1,15,07:00-23:00
2026-08-19T04:20:34.125472+00:00,2026-08-19T07:20:34.125472+03:00,104,Abide-i Hürriyet Caddesi 5,ŞİŞLİ,41.0619,28.9876,40,1,39,YOL ÜSTÜ,0,15,08:00-17:00
2026-08-19T04:20:34.125472+00:00,2026-08-19T07:20:34.125472+03:00,2452,Acıbadem Açık Otoparkı,ÜSKÜDAR,41.0157,29.0574,100,86,14,AÇIK OTOPARK,1,0,06:30-16:00
2026-08-19T04:20:34.125472+00:00,2026-08-19T07:20:34.125472+03:00,346,Ada Karşısı Cep 2,BEŞİKTAŞ,41.072,29.045,30,1,29,YOL ÜSTÜ,0,15,08:00-23:00
2026-08-19T04:20:34.125472+00:00,2026-08-19T07:20:34.125472+03:00,1663,Akasyalı Sokak Tenis Kulubü Önü 2,BEŞİKTAŞ,41.0867,29.0109,45,1,44,YOL ÜSTÜ,0,15,08:30-17:30
2026-08-19T04:20:34.125472+00:00,2026-08-19T07:20:34.125472+03:00,828,Akdeniz Caddesi 4,FATİH,41.0175,28.9435,27,1,26,YOL ÜSTÜ,0,15,09:00-18:00
2026-08-19T04:20:34.125472+00:00,2026-08-19T07:20:34.125472+03:00,1913,Alibeyköy Cep Otogarı Açık Otoparkı,EYÜP,41.0879,28.9446,116,0,116,AÇIK OTOPARK,1,25,24 Saat
2026-08-19T04:20:34.125472+00:00,2026-08-19T07:20:34.125472+03:00,1912,Alibeyköy Cep Otogarı Otobüs Otoparkı,EYÜP,41.0875,28.9449,5000,1,4999,AÇIK OTOPARK,1,60,24 Saat
2026-08-19T04:20:34.125472+00:00,2026-08-19T07:20:34.125472+03:00,2562,Alibeyköy Yeşiltepe Zemin Altı Otoparkı,EYÜP,41.0797,28.938,159,52,107,KAPALI OTOPARK,0,15,24 Saat
2026-08-19T04:20:34.125472+00:00,2026-08-19T07:20:34.125472+03:00,3201,Altınboynuz Sosyal Tesisleri,EYÜP,41.058,28.9447,70,1,69,AÇIK OTOPARK,0,15,08:00-23:00
2026-08-19T04:20:34.125472+00:00,2026-08-19T07:20:34.125472+03:00,758,Arap Camii Açık Otoparkı,BEYOĞLU,41.0227,28.9723,30,1,29,AÇIK OTOPARK,0,0,09:00-17:00
2026-08-19T04:20:34.125472+00:00,2026-08-19T07:20:34.125472+03:00,1963,Aras Sokak 1,BÜYÜKÇEKMECE,41.0226,28.622,60,1,59,YOL ÜSTÜ,1,0,06:00-14:30
2026-08-19T04:20:34.125472+00:00,2026-08-19T07:20:34.125472+03:00,2802,Arnavutköy Zemin Altı Otoparkı,ARNAVUTKÖY,41.1838,28.7396,700,14,686,KAPALI OTOPARK,1,15,24 Saat
2026-08-19T04:20:34.125472+00:00,2026-08-19T07:20:34.125472+03:00,1797,Ataköy Atrium AVM,BAKIRKÖY,40.9881,28.8459,250,231,19,AÇIK OTOPARK,0,15,08:00-23:00
2026-08-19T04:20:34.125472+00:00,2026-08-19T07:20:34.125472+03:00,2824,Ataköy Metro Durağı Yanı PD Zemin Altı Otoparkı,BAKIRKÖY,40.9904,28.8456,150,85,65,KAPALI OTOPARK,1,0,24 Saat
2026-08-19T04:20:34.125472+00:00,2026-08-19T07:20:34.125472+03:00,359,Atatürk Bulvarı 1,FATİH,41.0112,28.9534,20,1,19,YOL ÜSTÜ,0,0,07:30-18:00
2026-08-19T04:20:34.125472+00:00,2026-08-19T07:20:34.125472+03:00,3087,Atatürk Kent Ormanı Otoparkı,SARIYER,41.136,29.0262,200,197,3,AÇIK OTOPARK,0,0,08:00-17:00
2026-08-19T04:20:34.125472+00:00,2026-08-19T07:20:34.125472+03:00,2243,Avcılar Denizköşkler Toplantı ve Davet Salonu Açık Otoparkı,AVCILAR,40.9746,28.7435,200,197,3,AÇIK OTOPARK,0,15,13:00-07:00
2026-08-19T04:20:34.125472+00:00,2026-08-19T07:20:34.125472+03:00,1088,Avcılar İdo,AVCILAR,40.9712,28.7185,270,261,9,AÇIK OTOPARK,0,0,13:00-07:00
2026-08-19T04:20:34.125472+00:00,2026-08-19T07:20:34.125472+03:00,2885,Azapkapı Haliç Metro Otoparkı,ŞİŞLİ,41.0245,28.9691,80,59,21,AÇIK OTOPARK,1,5,24 Saat
2026-08-19T04:20:34.125472+00:00,2026-08-19T07:20:34.125472+03:00,2455,Azerbaycan Dostluk Parkı Zemin Altı Otoparkı,BAĞCILAR,41.0444,28.854,400,137,263,KAPALI OTOPARK,0,10,24 Saat
2026-08-19T04:20:34.125472+00:00,2026-08-19T07:20:34.125472+03:00,2965,Bağcılar Çolakoğlu Zemin Altı Otoparkı,BAĞCILAR,41.0324,28.8345,106,0,106,KAPALI OTOPARK,1,5,24 Saat
2026-08-19T04:20:34.125472+00:00,2026-08-19T07:20:34.125472+03:00,2576,Bağcılar Demirkapı Zemin Altı Otoparkı,BAĞCILAR,41.0499,28.8327,343,140,203,KAPALI OTOPARK,1,5,24 Saat
2026-08-19T04:20:34.125472+00:00,2026-08-19T07:20:34.125472+03:00,3036,Bağcılar Devlet Hastanesi Yanı Zeminaltı Otoparkı,BAĞCILAR,41.0312,28.8696,1133,90,1043,KAPALI OTOPARK,1,15,24 Saat
2026-08-19T04:20:34.125472+00:00,2026-08-19T07:20:34.125472+03:00,3071,Bağcılar Emniyet Müdürlüğü Yanı Açık Otoparkı,BAĞCILAR,41.0353,28.8598,100,44,56,AÇIK OTOPARK,1,0,24 Saat
2026-08-19T04:20:34.125472+00:00,2026-08-19T07:20:34.125472+03:00,2873,Bağcılar Göztepe Zemin Altı,BAĞCILAR,41.0567,28.8355,120,0,120,KAPALI OTOPARK,1,5,24 Saat
2026-08-19T04:20:34.125472+00:00,2026-08-19T07:20:34.125472+03:00,3187,Bağcılar Hürriyet Mahallesi Zemin Altı Otoparkı,BAĞCILAR,41.0291,28.8333,355,0,355,KAPALI OTOPARK,1,10,24 Saat
2026-08-19T04:20:34.125472+00:00,2026-08-19T07:20:34.125472+03:00,2916,Bağcılar Kent Meydanı PD Zemin Altı Otoparkı,BAĞCILAR,41.0339,28.8556,1162,0,1162,KAPALI OTOPARK,0,0,24 Saat
2026-08-19T04:20:34.125472+00:00,2026-08-19T07:20:34.125472+03:00,3261,Bağcılar Yenimahalle Zemin Altı Otoparkı,BAĞCILAR,41.0425,28.8395,525,258,267,KAPALI OTOPARK,1,15,24 Saat
2026-08-19T04:20:34.125472+00:00,2026-08-19T07:20:34.125472+03:00,2820,Bağcılar Yıldıztepe Katlı Otoparkı,BAĞCILAR,41.0294,28.8556,350,0,350,KAPALI OTOPARK,1,10,24 Saat
2026-08-19T04:20:34.125472+00:00,2026-08-19T07:20:34.125472+03:00,3447,Bahçelievler 23 Nisan Milli Egemenlik Zeminaltı Otoparkı,BAHÇELİEVLER,40.9988,28.8472,732,406,326,KAPALI OTOPARK,1,10,24 Saat
2026-08-19T04:20:34.125472+00:00,2026-08-19T07:20:34.125472+03:00,2993,Bahçelievler Cumhuriyet Zeminaltı Otoparkı,BAHÇELİEVLER,41.0149,28.859,663,0,663,KAPALI OTOPARK,0,10,24 Saat
2026-08-19T04:20:34.125472+00:00,2026-08-19T07:20:34.125472+03:00,2969,Bahçelievler Devlet Hastanesi Yanı Katlı Otoparkı,BAHÇELİEVLER,41.0072,28.8442,740,0,740,KAPALI OTOPARK,1,0,24 Saat
2026-08-19T04:20:34.125472+00:00,2026-08-19T07:20:34.125472+03:00,3051,Bahçelievler Zafer Mh. Zeminaltı Otoparkı,BAHÇELİEVLER,41.0036,28.8351,200,57,143,KAPALI OTOPARK,1,0,24 Saat
2026-08-19T04:20:34.125472+00:00,2026-08-19T07:20:34.125472+03:00,3236,Bahçeşehir Gölet Açık Otoparkı,BAŞAKŞEHİR,41.0719,28.6901,200,1,199,AÇIK OTOPARK,0,0,12:00-22:00
2026-08-19T04:20:34.125472+00:00,2026-08-19T07:20:34.125472+03:00,1465,Bakırköy İdo Açık Otoparkı,BAKIRKÖY,40.9739,28.8761,160,142,18,AÇIK OTOPARK,1,10,24 Saat
2026-08-19T04:20:34.125472+00:00,2026-08-19T07:20:34.125472+03:00,1104,Balmumcu Katlı Otoparkı,BEŞİKTAŞ,41.0636,29.0109,400,310,90,KAPALI OTOPARK,1,5,24 Saat
2026-08-19T04:20:34.125472+00:00,2026-08-19T07:20:34.125472+03:00,2796,Başakşehir Metro Açık Otoparkı,BAŞAKŞEHİR,41.107,28.801,125,1,124,AÇIK OTOPARK,1,0,07:00-16:00
2026-08-19T04:20:34.125472+00:00,2026-08-19T07:20:34.125472+03:00,2350,Bayrampaşa Adapark Katlı Otoparkı,BAYRAMPAŞA,41.0647,28.8875,650,0,650,KAPALI OTOPARK,1,15,24 Saat
2026-08-19T04:20:34.125472+00:00,2026-08-19T07:20:34.125472+03:00,2892,Bayrampaşa Altıntepsi Zemin  Altı Otoparkı,BAYRAMPAŞA,41.0393,28.9029,110,0,110,KAPALI OTOPARK,1,10,24 Saat
2026-08-19T04:20:34.125472+00:00,2026-08-19T07:20:34.125472+03:00,2909,Bayrampaşa Atatürk Parkı  Zemin Altı Otoparkı,BAYRAMPAŞA,41.0342,28.9123,442,0,442,KAPALI OTOPARK,0,10,24 Saat
2026-08-19T04:20:34.125472+00:00,2026-08-19T07:20:34.125472+03:00,2683,Bayrampaşa Devlet Hastanesi Cep Otoparkı,BAYRAMPAŞA,41.0414,28.9031,55,33,22,AÇIK OTOPARK,0,0,08:00-19:00
2026-08-19T04:20:34.125472+00:00,2026-08-19T07:20:34.125472+03:00,3301,Bayrampaşa Kocatepe Mahallesi Zemin Altı Otoparkı,BAYRAMPAŞA,41.0545,28.8964,241,0,241,KAPALI OTOPARK,1,10,24 Saat
2026-08-19T04:20:34.125472+00:00,2026-08-19T07:20:34.125472+03:00,2053,Bayrampaşa Muratpaşa Yer Altı Otoparkı,BAYRAMPAŞA,41.047,28.9082,300,0,300,KAPALI OTOPARK,0,15,24 Saat
2026-08-19T04:20:34.125472+00:00,2026-08-19T07:20:34.125472+03:00,3175,Bayrampaşa Spor Kompleksi Zemin Altı Otoparkı,BAYRAMPAŞA,41.0446,28.9106,205,0,205,KAPALI OTOPARK,1,15,24 Saat
2026-08-19T04:20:34.125472+00:00,2026-08-19T07:20:34.125472+03:00,3382,Bayrampaşa Şehit Kamil Balkan Zemin Altı Otoparkı,BAYRAMPAŞA,41.0604,28.9008,235,0,235,KAPALI OTOPARK,1,10,24 Saat
2026-08-19T04:20:34.125472+00:00,2026-08-19T07:20:34.125472+03:00,2428,Bayrampaşa Yenidoğan Mahallesi Zemin Altı Otoparkı,BAYRAMPAŞA,41.0395,28.9088,120,0,120,KAPALI OTOPARK,1,10,24 Saat
2026-08-19T04:20:34.125472+00:00,2026-08-19T07:20:34.125472+03:00,2468,Bebek Açık,BEŞİKTAŞ,41.077,29.0434,30,0,30,AÇIK OTOPARK,0,0,24 Saat
2026-08-19T04:20:34.125472+00:00,2026-08-19T07:20:34.125472+03:00,3479,Beşiktaş Halk Pazarı Açık Otoparkı,BEŞİKTAŞ,41.0496,29.0004,170,105,65,AÇIK OTOPARK,1,5,24 Saat
2026-08-19T04:20:34.125472+00:00,2026-08-19T07:20:34.125472+03:00,3257,Beykoz Sahil Cep Otoparkı,BEYKOZ,41.1286,29.0953,100,75,25,AÇIK OTOPARK,0,0,08:00-00:00
2026-08-19T04:20:34.125472+00:00,2026-08-19T07:20:34.125472+03:00,2273,Beykoz Sosyal Tesisleri,BEYKOZ,41.1143,29.0888,130,0,130,AÇIK OTOPARK,0,15,08:00-00:00
2026-08-19T04:20:34.125472+00:00,2026-08-19T07:20:34.125472+03:00,2999,Beyoğlu Gazhane Bostan Sokak 2,BEYOĞLU,41.0389,28.9903,35,1,34,YOL ÜSTÜ,0,0,07:30-16:30
2026-08-19T04:20:34.125472+00:00,2026-08-19T07:20:34.125472+03:00,3072,Beyoğlu Örnektepe Zemin Altı Otoparkı,BEYOĞLU,41.0543,28.9548,143,0,143,KAPALI OTOPARK,0,0,24 Saat
2026-08-19T04:20:34.125472+00:00,2026-08-19T07:20:34.125472+03:00,1455,Bostancı Açık,KADIKÖY,40.9523,29.0902,394,136,258,AÇIK OTOPARK,1,15,24 Saat
2026-08-19T04:20:34.125472+00:00,2026-08-19T07:20:34.125472+03:00,1456,Bostancı Sahil-Cep Açık Otoparkı,KADIKÖY,40.9545,29.0885,192,156,36,AÇIK OTOPARK,0,15,24 Saat
2026-08-19T04:20:34.125472+00:00,2026-08-19T07:20:34.125472+03:00,2150,Bostancı Vergi Dairesi Açık Otoparkı,ATAŞEHİR,40.9625,29.1083,155,0,155,AÇIK OTOPARK,0,5,08:00-20:00
2026-08-19T04:20:34.125472+00:00,2026-08-19T07:20:34.125472+03:00,2854,Bülent Ecevit Kültür Merkezi Açık Otoparkı,KARTAL,40.8852,29.1967,277,266,11,AÇIK OTOPARK,0,0,10:00-21:00
2026-08-19T04:20:34.125472+00:00,2026-08-19T07:20:34.125472+03:00,2866,Büyük İstanbul Otogarı,BAYRAMPAŞA,41.0402,28.8942,1000,0,1000,AÇIK OTOPARK,1,25,24 Saat
2026-08-19T04:20:34.125472+00:00,2026-08-19T07:20:34.125472+03:00,1192,Büyükçamlıca Korusu Sosyal Tesisleri Önü,ÜSKÜDAR,41.0264,29.0698,204,112,92,AÇIK OTOPARK,0,0,08:00-00:00
2026-08-19T04:20:34.125472+00:00,2026-08-19T07:20:34.125472+03:00,2960,Büyükçekmece Metrobüs Durağı Yanı PD Zemin Altı Otopark,BÜYÜKÇEKMECE,41.0221,28.624,448,410,38,KAPALI OTOPARK,0,0,24 Saat
2026-08-19T04:20:34.125472+00:00,2026-08-19T07:20:34.125472+03:00,1503,Cadde Bostan Açık Otoparkı,KADIKÖY,40.9636,29.0675,66,57,9,AÇIK OTOPARK,0,15,24 Saat
2026-08-19T04:20:34.125472+00:00,2026-08-19T07:20:34.125472+03:00,2933,Cemal Kamacı Spor Kompleksi Zemin Altı Otoparkı,KAĞITHANE,41.0536,28.9575,510,0,510,KAPALI OTOPARK,1,0,24 Saat
2026-08-19T04:20:34.125472+00:00,2026-08-19T07:20:34.125472+03:00,2207,Cengiz Topel Yer Altı Katlı Otoparkı,ESENLER,41.0588,28.8643,144,0,144,KAPALI OTOPARK,0,15,24 Saat
2026-08-19T04:20:34.125472+00:00,2026-08-19T07:20:34.125472+03:00,2787,Cevizli Açık Otoparkı,KARTAL,40.9179,29.1712,100,91,9,AÇIK OTOPARK,0,15,08:00-19:00
2026-08-19T04:20:34.125472+00:00,2026-08-19T07:20:34.125472+03:00,782,Cihangir Caddesi 2,BEYOĞLU,41.0319,28.9862,70,1,69,YOL ÜSTÜ,0,15,09:00-19:00
2026-08-19T04:20:34.125472+00:00,2026-08-19T07:20:34.125472+03:00,1467,Cihangir Katlı Otoparkı,BEYOĞLU,41.0318,28.9858,350,0,350,KAPALI OTOPARK,1,0,24 Saat
2026-08-19T04:20:34.125472+00:00,2026-08-19T07:20:34.125472+03:00,535,Cihannuma Yol Üstü 1,BEŞİKTAŞ,41.0454,29.0084,35,1,34,YOL ÜSTÜ,0,0,08:00-23:00
2026-08-19T04:20:34.125472+00:00,2026-08-19T07:20:34.125472+03:00,537,Cihannuma Yol Üstü 3,BEŞİKTAŞ,41.0459,29.0087,33,1,32,YOL ÜSTÜ,0,0,08:00-23:00
2026-08-19T04:20:34.125472+00:00,2026-08-19T07:20:34.125472+03:00,539,Cihannuma Yol Üstü 5,BEŞİKTAŞ,41.0489,29.0094,24,1,23,YOL ÜSTÜ,0,0,08:00-23:00
2026-08-19T04:20:34.125472+00:00,2026-08-19T07:20:34.125472+03:00,3184,Çam Sokak 6,GÜNGÖREN,41.0121,28.8882,50,1,49,YOL ÜSTÜ,0,15,08:00-17:00
2026-08-19T04:20:34.125472+00:00,2026-08-19T07:20:34.125472+03:00,3030,Çekmeköy Metro PD Zemin Altı Otoparkı,ÇEKMEKÖY,41.0147,29.1886,175,54,121,KAPALI OTOPARK,0,15,24 Saat
2026-08-19T04:20:34.125472+00:00,2026-08-19T07:20:34.125472+03:00,2905,Çeliktepe Açık Otoparkı,KAĞITHANE,41.0843,29.0056,200,78,122,AÇIK OTOPARK,1,5,24 Saat
2026-08-19T04:20:34.125472+00:00,2026-08-19T07:20:34.125472+03:00,1298,Çengelköy Açık Otoparkı,ÜSKÜDAR,41.0484,29.0533,500,373,127,AÇIK OTOPARK,0,15,24 Saat
2026-08-19T04:20:34.125472+00:00,2026-08-19T07:20:34.125472+03:00,502,Çınar Açık Otoparkı,BEŞİKTAŞ,41.0853,29.0088,65,1,64,AÇIK OTOPARK,0,0,08:00-18:00
2026-08-19T04:20:34.125472+00:00,2026-08-19T07:20:34.125472+03:00,777,Çırağan Sarayı Yol Üstü 1,BEŞİKTAŞ,41.0448,29.0165,40,1,39,YOL ÜSTÜ,0,15,08:00-23:00
2026-08-19T04:20:34.125472+00:00,2026-08-19T07:20:34.125472+03:00,778,Çırağan Sarayı Yol Üstü 2,BEŞİKTAŞ,41.0445,29.0156,40,1,39,YOL ÜSTÜ,0,15,08:00-23:00
2026-08-19T04:20:34.125472+00:00,2026-08-19T07:20:34.125472+03:00,2228,Çırpıcı Sosyal Tesisler,ZEYTİNBURNU,41,28.8926,128,0,128,AÇIK OTOPARK,1,15,07:00-00:00
2026-08-19T04:20:34.125472+00:00,2026-08-19T07:20:34.125472+03:00,2030,Dalyan Açık Otoparkı,KADIKÖY,40.9632,29.0651,92,82,10,AÇIK OTOPARK,0,15,24 Saat
2026-08-19T04:20:34.125472+00:00,2026-08-19T07:20:34.125472+03:00,2271,Damla Sokak 1,ŞİŞLİ,41.0672,29.0004,17,1,16,YOL ÜSTÜ,0,15,07:30-16:30
2026-08-19T04:20:34.125472+00:00,2026-08-19T07:20:34.125472+03:00,2164,Darüşşafaka Yeraltı Otoparkı,SARIYER,41.1292,29.0252,150,146,4,KAPALI OTOPARK,0,15,08:00-00:00
2026-08-19T04:20:34.125472+00:00,2026-08-19T07:20:34.125472+03:00,1653,Deniz Feneri Otoparkı,FATİH,41.0019,28.9773,175,143,32,AÇIK OTOPARK,1,5,24 Saat
2026-08-19T04:20:34.125472+00:00,2026-08-19T07:20:34.125472+03:00,595,Dostluk Yurdu 1,FATİH,41.0071,28.973,33,1,32,YOL ÜSTÜ,1,15,07:00-17:00
2026-08-19T04:20:34.125472+00:00,2026-08-19T07:20:34.125472+03:00,2237,Dragos Sosyal Tesisleri,KARTAL,40.9017,29.1458,100,60,40,AÇIK OTOPARK,1,15,24 Saat
2026-08-19T04:20:34.125472+00:00,2026-08-19T07:20:34.125472+03:00,3063,Dudullu Metro PD Zemin Altı Otoparkı,ÜMRANİYE,41.0156,29.1633,81,59,22,KAPALI OTOPARK,1,15,07:00-23:30
2026-08-19T04:20:34.125472+00:00,2026-08-19T07:20:34.125472+03:00,1522,Ebu Suut Caddesi 1,FATİH,41.0128,28.9766,35,1,34,YOL ÜSTÜ,0,0,08:00-18:00
2026-08-19T04:20:34.125472+00:00,2026-08-19T07:20:34.125472+03:00,2147,EGS Blokları Açık Otoparkı,BAKIRKÖY,40.9863,28.8354,350,53,297,AÇIK OTOPARK,0,60,09:00-19:30
2026-08-19T04:20:34.125472+00:00,2026-08-19T07:20:34.125472+03:00,2366,Esenler Adem Baştürk Kültür Merkezi Katlı,ESENLER,41.039,28.8846,460,0,460,KAPALI OTOPARK,1,15,24 Saat
2026-08-19T04:20:34.125472+00:00,2026-08-19T07:20:34.125472+03:00,3190,Esenler Havaalanı Mahallesi Zemin Altı Otoparkı,ESENLER,41.0562,28.8674,610,318,292,KAPALI OTOPARK,1,10,24 Saat
2026-08-19T04:20:34.125472+00:00,2026-08-19T07:20:34.125472+03:00,3011,Esenler Menderes Metro İstasyonu Yanı,ESENLER,41.0427,28.8783,68,0,68,AÇIK OTOPARK,1,5,24 Saat
2026-08-19T04:20:34.125472+00:00,2026-08-19T07:20:34.125472+03:00,2822,Esenler Menderes Parkı Zemin Altı Otoparkı,ESENLER,41.0412,28.8729,325,0,325,KAPALI OTOPARK,1,10,24 Saat
2026-08-19T04:20:34.125472+00:00,2026-08-19T07:20:34.125472+03:00,3303,Esenyurt Adile Naşit Bulvarı Zeminaltı Otoparkı,ESENYURT,41.0205,28.6859,367,283,84,KAPALI OTOPARK,1,15,24 Saat
2026-08-19T04:20:34.125472+00:00,2026-08-19T07:20:34.125472+03:00,1328,Eski Salı Pazarı,KADIKÖY,40.9904,29.0338,760,33,727,AÇIK OTOPARK,0,15,24 Saat
2026-08-19T04:20:34.125472+00:00,2026-08-19T07:20:34.125472+03:00,904,Eyüp Pierloti Caddesi 1,EYÜP,41.0539,28.9329,40,1,39,YOL ÜSTÜ,0,0,09:00-22:00
2026-08-19T04:20:34.125472+00:00,2026-08-19T07:20:34.125472+03:00,2850,Eyüpsultan Akşemsettin Mahallesi Zemin Altı Otoparkı,EYÜP,41.085,28.9258,110,0,110,KAPALI OTOPARK,0,15,24 Saat
2026-08-19T04:20:34.125472+00:00,2026-08-19T07:20:34.125472+03:00,2215,Fatih Çeşmesi Tabiat Parkı Otoparkı,SARIYER,41.1686,28.9448,250,242,8,AÇIK OTOPARK,1,0,06:00-20:00
2026-08-19T04:20:34.125472+00:00,2026-08-19T07:20:34.125472+03:00,1475,Fatih Katlı Otoparkı,FATİH,41.0198,28.9396,118,36,82,KAPALI OTOPARK,1,10,24 Saat
2026-08-19T04:20:34.125472+00:00,2026-08-19T07:20:34.125472+03:00,1591,Feshane PD Açık Otoparkı,EYÜP,41.0463,28.9378,200,122,78,AÇIK OTOPARK,1,15,24 Saat
2026-08-19T04:20:34.125472+00:00,2026-08-19T07:20:34.125472+03:00,1005,Florya Havuzlu Bahçe,BAKIRKÖY,40.9764,28.7908,135,1,134,AÇIK OTOPARK,0,0,09:00-23:00
2026-08-19T04:20:34.125472+00:00,2026-08-19T07:20:34.125472+03:00,2238,Florya Sosyal Tesisleri,BAKIRKÖY,40.9614,28.8091,1074,1009,65,AÇIK OTOPARK,0,15,24 Saat
2026-08-19T04:20:34.125472+00:00,2026-08-19T07:20:34.125472+03:00,1704,Gazi Umur Paşa Sokak 5,BEŞİKTAŞ,41.0589,29.0114,45,1,44,YOL ÜSTÜ,0,15,08:00-17:00
2026-08-19T04:20:34.125472+00:00,2026-08-19T07:20:34.125472+03:00,3296,Gaziosmanpaşa Meydanı ve Yaşam Merkezi Zemin Altı Otoparkı,GAZİOSMANPAŞA,41.0606,28.9093,202,0,202,KAPALI OTOPARK,1,15,24 Saat
2026-08-19T04:20:34.125472+00:00,2026-08-19T07:20:34.125472+03:00,2971,Gaziosmanpaşa Zemin Altı Otoparkı,GAZİOSMANPAŞA,41.0796,28.8858,285,0,285,KAPALI OTOPARK,1,0,24 Saat
2026-08-19T04:20:34.125472+00:00,2026-08-19T07:20:34.125472+03:00,3401,Giyimkent Tekstilkent Metro Zemin Altı PD Otoparkı,ESENLER,41.0711,28.8666,203,181,22,KAPALI OTOPARK,0,10,24 Saat
2026-08-19T04:20:34.125472+00:00,2026-08-19T07:20:34.125472+03:00,2242,Gözdağı Sosyal Tesisler  Açık Otoparkı,PENDİK,40.893,29.2538,300,216,84,AÇIK OTOPARK,1,0,07:00-23:00
2026-08-19T04:20:34.125472+00:00,2026-08-19T07:20:34.125472+03:00,1879,Gülsuyu Metro PD Yer Altı Otoparkı,MALTEPE,40.9237,29.1548,76,0,76,KAPALI OTOPARK,0,15,08:00-00:00
2026-08-19T04:20:34.125472+00:00,2026-08-19T07:20:34.125472+03:00,1423,Güneş Plajı 1,BAKIRKÖY,40.9712,28.79,250,242,8,AÇIK OTOPARK,0,10,24 Saat
2026-08-19T04:20:34.125472+00:00,2026-08-19T07:20:34.125472+03:00,1461,Güneş Plajı 2,BAKIRKÖY,40.9692,28.7951,135,125,10,AÇIK OTOPARK,0,10,08:00-20:00
2026-08-19T04:20:34.125472+00:00,2026-08-19T07:20:34.125472+03:00,3053,Güngören Nikah Dairesi Zemin Altı otoparkı,GÜNGÖREN,41.0363,28.8718,147,0,147,KAPALI OTOPARK,1,10,24 Saat
2026-08-19T04:20:34.125472+00:00,2026-08-19T07:20:34.125472+03:00,2216,Gürpınar Balık Hali Otoparkı,BEYLİKDÜZÜ,40.9663,28.6019,1000,750,250,AÇIK OTOPARK,1,15,24 Saat
2026-08-19T04:20:34.125472+00:00,2026-08-19T07:20:34.125472+03:00,1525,Hacıosman Metro Yer Altı Otoparkı,SARIYER,41.14,29.0306,422,276,146,KAPALI OTOPARK,0,15,24 Saat
2026-08-19T04:20:34.125472+00:00,2026-08-19T07:20:34.125472+03:00,1470,Haldun Alagaş Katlı Otoparkı,ÜMRANİYE,41.0262,29.1052,197,94,103,KAPALI OTOPARK,1,15,24 Saat
2026-08-19T04:20:34.125472+00:00,2026-08-19T07:20:34.125472+03:00,3235,Haliç Sosyal Tesisleri Otoparkı,FATİH,41.0277,28.9572,60,60,0,AÇIK OTOPARK,1,15,07:00-00:00
2026-08-19T04:20:34.125472+00:00,2026-08-19T07:20:34.125472+03:00,2848,Halkalı Mahallesi Zemin Altı Otoparkı,KÜÇÜKÇEKMECE,41.0359,28.7848,347,267,80,KAPALI OTOPARK,0,15,24 Saat
2026-08-19T04:20:34.125472+00:00,2026-08-19T07:20:34.125472+03:00,2838,Hamidiye Mahallesi Katlı Otoparkı,KAĞITHANE,41.0949,28.971,450,169,281,KAPALI OTOPARK,1,15,24 Saat
2026-08-19T04:20:34.125472+00:00,2026-08-19T07:20:34.125472+03:00,1446,Harbiye Zemin Altı Otoparkı,BEYOĞLU,41.0408,28.9869,142,71,71,KAPALI OTOPARK,0,5,24 Saat
2026-08-19T04:20:34.125472+00:00,2026-08-19T07:20:34.125472+03:00,2332,Haydarpaşa Katlı Otoparkı,ÜSKÜDAR,41.0048,29.0251,840,712,128,KAPALI OTOPARK,1,15,24 Saat
2026-08-19T04:20:34.125472+00:00,2026-08-19T07:20:34.125472+03:00,1987,Haznedar Yer Altı Otoparkı,GÜNGÖREN,41.0083,28.8729,540,0,540,KAPALI OTOPARK,1,0,24 Saat
2026-08-19T04:20:34.125472+00:00,2026-08-19T07:20:34.125472+03:00,377,Hızır Külhani Sokak,FATİH,41.0202,28.9605,32,1,31,YOL ÜSTÜ,0,15,09:00-17:00
2026-08-19T04:20:34.125472+00:00,2026-08-19T07:20:34.125472+03:00,3173,Hürriyet Mahallesi Zeminaltı Otoparkı,GAZİOSMANPAŞA,41.0708,28.8951,190,0,190,KAPALI OTOPARK,1,15,24 Saat
2026-08-19T04:20:34.125472+00:00,2026-08-19T07:20:34.125472+03:00,157,Ihlamur Dere Caddesi 4,BEŞİKTAŞ,41.047,29.0023,27,1,26,YOL ÜSTÜ,0,15,09:00-17:00
2026-08-19T04:20:34.125472+00:00,2026-08-19T07:20:34.125472+03:00,1189,İçerenköy Sebze Meyve Hali Otoparkı,ATAŞEHİR,40.9766,29.1044,600,600,0,AÇIK OTOPARK,0,15,24 Saat
2026-08-19T04:20:34.125472+00:00,2026-08-19T07:20:34.125472+03:00,1127,İshakpaşa Caddesi,FATİH,41.0079,28.9814,200,1,199,YOL ÜSTÜ,0,0,08:00-18:00
2026-08-19T04:20:34.125472+00:00,2026-08-19T07:20:34.125472+03:00,3265,İspark İstanbul West Marina Açık Otoparkı 1,BEYLİKDÜZÜ,40.9636,28.6564,250,1,249,AÇIK OTOPARK,0,15,24 Saat
2026-08-19T04:20:34.125472+00:00,2026-08-19T07:20:34.125472+03:00,2793,İspark Merter Katlı Otoparkı,GÜNGÖREN,41.0097,28.89,900,452,448,KAPALI OTOPARK,1,10,24 Saat
2026-08-19T04:20:34.125472+00:00,2026-08-19T07:20:34.125472+03:00,2430,İspark West İstanbul Marina Açık Otoparkı,BEYLİKDÜZÜ,40.9639,28.6591,1600,1103,497,AÇIK OTOPARK,0,15,24 Saat
2026-08-19T04:20:34.125472+00:00,2026-08-19T07:20:34.125472+03:00,381,İstinye 4 ( Cami Önü ),SARIYER,41.1149,29.0571,25,1,24,YOL ÜSTÜ,0,15,08:30-17:30
2026-08-19T04:20:34.125472+00:00,2026-08-19T07:20:34.125472+03:00,1804,İtalyan Hastanesi Karşısı Açık Otoparkı 1,BEYOĞLU,41.028,28.9815,30,1,29,AÇIK OTOPARK,0,0,08:00-19:00
2026-08-19T04:20:34.125472+00:00,2026-08-19T07:20:34.125472+03:00,507,Kabasakal Medrese Önü,FATİH,41.0062,28.9789,65,1,64,AÇIK OTOPARK,0,0,08:00-18:30
2026-08-19T04:20:34.125472+00:00,2026-08-19T07:20:34.125472+03:00,3306,Kabataş Transfer Merkezi Turizm Otobüs Otoparkı,BEYOĞLU,41.0336,28.9923,160,103,57,KAPALI OTOPARK,1,20,24 Saat
2026-08-19T04:20:34.125472+00:00,2026-08-19T07:20:34.125472+03:00,2918,Kadıköy Hasanpaşa Gazhane Katlı Otoparkı,KADIKÖY,40.9972,29.0428,310,183,127,KAPALI OTOPARK,1,15,24 Saat
2026-08-19T04:20:34.125472+00:00,2026-08-19T07:20:34.125472+03:00,1447,Kadıköy İski Açık Otoparkı,KADIKÖY,40.9874,29.0207,124,111,13,AÇIK OTOPARK,0,15,24 Saat
2026-08-19T04:20:34.125472+00:00,2026-08-19T07:20:34.125472+03:00,1655,Kadıköy Metro Açık Otoparkı,KADIKÖY,40.9899,29.0217,74,54,20,AÇIK OTOPARK,0,15,24 Saat
2026-08-19T04:20:34.125472+00:00,2026-08-19T07:20:34.125472+03:00,3445,Kadıköy Uzunçayır PD Açık Otoparkı,KADIKÖY,40.9982,29.0569,70,40,30,AÇIK OTOPARK,1,15,06:30-16:30
2026-08-19T04:20:34.125472+00:00,2026-08-19T07:20:34.125472+03:00,2808,Kadıköy Yeni Salı Pazarı PD Katlı Otoparkı,KADIKÖY,40.9969,29.0486,1350,672,678,KAPALI OTOPARK,1,15,24 Saat
2026-08-19T04:20:34.125472+00:00,2026-08-19T07:20:34.125472+03:00,2811,Kağıthane Harmantepe Zemin Altı Otoparkı,KAĞITHANE,41.0816,28.9907,200,0,200,KAPALI OTOPARK,1,0,24 Saat
2026-08-19T04:20:34.125472+00:00,2026-08-19T07:20:34.125472+03:00,1452,Kalamış Açık Otoparkı,KADIKÖY,40.9687,29.0363,173,164,9,AÇIK OTOPARK,0,15,24 Saat
2026-08-19T04:20:34.125472+00:00,2026-08-19T07:20:34.125472+03:00,1474,Kartal Hasan Doğan Spor Kompleksi,KARTAL,40.8918,29.1897,773,0,773,KAPALI OTOPARK,0,15,24 Saat
2026-08-19T04:20:34.125472+00:00,2026-08-19T07:20:34.125472+03:00,1105,Kartal İdo Açık Otoparkı,KARTAL,40.8874,29.1881,90,0,90,AÇIK OTOPARK,0,15,24 Saat
2026-08-19T04:20:34.125472+00:00,2026-08-19T07:20:34.125472+03:00,1550,Kartal Sahil Açık Otoparkı,KARTAL,40.8875,29.1901,75,54,21,AÇIK OTOPARK,0,5,24 Saat
2026-08-19T04:20:34.125472+00:00,2026-08-19T07:20:34.125472+03:00,3434,Kasımpaşa Sosyal Tesisler Otoparkı,BEYOĞLU,41.0296,28.9673,60,38,22,AÇIK OTOPARK,0,0,07:30-23:00
2026-08-19T04:20:34.125472+00:00,2026-08-19T07:20:34.125472+03:00,1960,Kazlıçeşme Marmaray Açık Otoparkı,ZEYTİNBURNU,40.9922,28.917,700,646,54,AÇIK OTOPARK,1,15,24 Saat
2026-08-19T04:20:34.125472+00:00,2026-08-19T07:20:34.125472+03:00,2994,Kirazlı Metro Durağı PD Açık Otoparkı,BAĞCILAR,41.033,28.8429,112,0,112,AÇIK OTOPARK,0,5,24 Saat
2026-08-19T04:20:34.125472+00:00,2026-08-19T07:20:34.125472+03:00,1528,Kore Şehitleri Caddesi - Yüzbaşı Kaya Aldağon Sokak 1,ŞİŞLİ,41.0719,29.0139,40,1,39,YOL ÜSTÜ,1,15,07:00-16:00
2026-08-19T04:20:34.125472+00:00,2026-08-19T07:20:34.125472+03:00,2449,Kozyatağı Sebze-Meyve Hali,ATAŞEHİR,40.9787,29.1029,1500,1499,1,AÇIK OTOPARK,1,0,24 Saat
2026-08-19T04:20:34.125472+00:00,2026-08-19T07:20:34.125472+03:00,1206,Kutlugün Sokak 2,FATİH,41.0061,28.9801,200,1,199,YOL ÜSTÜ,0,0,08:00-18:00
2026-08-19T04:20:34.125472+00:00,2026-08-19T07:20:34.125472+03:00,3074,Küçük Çamlıca,ÜSKÜDAR,41.0204,29.0653,129,104,25,AÇIK OTOPARK,0,0,08:00-22:00
2026-08-19T04:20:34.125472+00:00,2026-08-19T07:20:34.125472+03:00,3127,Küçükçekmece Cennet Mahallesi Meydan Zemin Altı Otoparkı,KÜÇÜKÇEKMECE,40.9907,28.783,456,0,456,KAPALI OTOPARK,0,10,24 Saat
2026-08-19T04:20:34.125472+00:00,2026-08-19T07:20:34.125472+03:00,2554,Küçükçekmece Fevzi Çakmak Meydanı Zemin Altı Otoparkı,KÜÇÜKÇEKMECE,41.0076,28.7927,1000,479,521,KAPALI OTOPARK,0,10,24 Saat
2026-08-19T04:20:34.125472+00:00,2026-08-19T07:20:34.125472+03:00,2882,Küçüksu Kasrı Açık Otoparkı,BEYKOZ,41.0789,29.0657,98,93,5,AÇIK OTOPARK,1,0,07:00-23:00
2026-08-19T04:20:34.125472+00:00,2026-08-19T07:20:34.125472+03:00,220,Levent Hamidiye,BEŞİKTAŞ,41.0861,29.0076,100,1,99,AÇIK OTOPARK,0,0,08:00-19:00
2026-08-19T04:20:34.125472+00:00,2026-08-19T07:20:34.125472+03:00,1138,Levent Metro Yer Altı Otoparkı,BEŞİKTAŞ,41.0811,29.0105,100,1,99,AÇIK OTOPARK,0,5,07:30-19:30
2026-08-19T04:20:34.125472+00:00,2026-08-19T07:20:34.125472+03:00,2335,Maçka Açık Otoparkı,ŞİŞLİ,41.046,28.9908,75,71,4,AÇIK OTOPARK,1,0,24 Saat
2026-08-19T04:20:34.125472+00:00,2026-08-19T07:20:34.125472+03:00,1859,Maçka Katlı Otoparkı,ŞİŞLİ,41.0484,28.9903,508,251,257,KAPALI OTOPARK,0,0,24 Saat
2026-08-19T04:20:34.125472+00:00,2026-08-19T07:20:34.125472+03:00,3193,Maltepe Rıhtım Caddesi Açık Otoparkı,MALTEPE,40.9258,29.1241,76,74,2,AÇIK OTOPARK,1,0,24 Saat
2026-08-19T04:20:34.125472+00:00,2026-08-19T07:20:34.125472+03:00,2146,Maltepe Süreyyapaşa Çarşısı Açık Otoparkı,MALTEPE,40.9274,29.1225,156,139,17,AÇIK OTOPARK,1,0,24 Saat
2026-08-19T04:20:34.125472+00:00,2026-08-19T07:20:34.125472+03:00,1599,Maslak Açık Otoparkı,SARIYER,41.1166,29.024,150,127,23,AÇIK OTOPARK,0,10,24 Saat
2026-08-19T04:20:34.125472+00:00,2026-08-19T07:20:34.125472+03:00,2100,Matbaacılar Sitesi Yanı,ZEYTİNBURNU,41.0234,28.9187,250,215,35,AÇIK OTOPARK,1,5,24 Saat
2026-08-19T04:20:34.125472+00:00,2026-08-19T07:20:34.125472+03:00,920,Meclis-i Mebusan Yokuşu 2,BEYOĞLU,41.0326,28.9882,34,1,33,YOL ÜSTÜ,0,15,09:00-17:00
2026-08-19T04:20:34.125472+00:00,2026-08-19T07:20:34.125472+03:00,1546,Menekşe Plajı Açık Otoparkı,BAKIRKÖY,40.9761,28.7766,200,200,0,AÇIK OTOPARK,0,0,24 Saat
2026-08-19T04:20:34.125472+00:00,2026-08-19T07:20:34.125472+03:00,1376,Mercan Açık,FATİH,41.0136,28.9669,130,116,14,AÇIK OTOPARK,0,0,08:00-23:00
2026-08-19T04:20:34.125472+00:00,2026-08-19T07:20:34.125472+03:00,3309,Mercan Ali Paşa Sarayı Zemin Altı Otoparkı,FATİH,41.0136,28.967,196,1,195,KAPALI OTOPARK,1,0,07:00-21:00
2026-08-19T04:20:34.125472+00:00,2026-08-19T07:20:34.125472+03:00,1472,Merter Katlı Otoparkı,GÜNGÖREN,41.0092,28.8874,1000,898,102,KAPALI OTOPARK,0,10,24 Saat
2026-08-19T04:20:34.125472+00:00,2026-08-19T07:20:34.125472+03:00,2375,Merter Metro PD Zeminaltı Otoparkı,GÜNGÖREN,41.0037,28.8897,242,78,164,KAPALI OTOPARK,1,10,24 Saat
2026-08-19T04:20:34.125472+00:00,2026-08-19T07:20:34.125472+03:00,1568,Mete Caddesi 1,BEYOĞLU,41.0382,28.9879,31,1,30,YOL ÜSTÜ,0,15,08:00-23:00
2026-08-19T04:20:34.125472+00:00,2026-08-19T07:20:34.125472+03:00,1471,Mevlana Yeraltı Katlı Otoparkı,ZEYTİNBURNU,41.0072,28.9049,1000,838,162,KAPALI OTOPARK,1,5,24 Saat
2026-08-19T04:20:34.125472+00:00,2026-08-19T07:20:34.125472+03:00,2709,Millet Caddesi Açık Otoparkı,FATİH,41.01,28.9461,60,1,59,AÇIK OTOPARK,0,15,24 Saat
2026-08-19T04:20:34.125472+00:00,2026-08-19T07:20:34.125472+03:00,3152,Mimar Sinan Zemin Altı Otoparkı,ÜSKÜDAR,41.0222,29.0169,956,698,258,KAPALI OTOPARK,0,15,24 Saat
2026-08-19T04:20:34.125472+00:00,2026-08-19T07:20:34.125472+03:00,2870,Miniatürk Çadır Açık Otoparkı,BEYOĞLU,41.0594,28.9501,250,189,61,AÇIK OTOPARK,1,15,07:00-20:00
2026-08-19T04:20:34.125472+00:00,2026-08-19T07:20:34.125472+03:00,2556,Muallim Naci Açık Otoparkı,BEŞİKTAŞ,41.0561,29.0342,35,32,3,AÇIK OTOPARK,1,15,24 Saat
2026-08-19T04:20:34.125472+00:00,2026-08-19T07:20:34.125472+03:00,569,Oda Kule Önü 1,BEYOĞLU,41.0322,28.9751,24,1,23,YOL ÜSTÜ,1,0,07:00-01:00
2026-08-19T04:20:34.125472+00:00,2026-08-19T07:20:34.125472+03:00,1988,Orhangazi Şehir Parkı PD Açık Otoparkı,MALTEPE,40.9313,29.1161,5022,4632,390,AÇIK OTOPARK,1,15,24 Saat
2026-08-19T04:20:34.125472+00:00,2026-08-19T07:20:34.125472+03:00,152,Ortabahçe Caddesi 2,BEŞİKTAŞ,41.0428,29.0043,35,1,34,YOL ÜSTÜ,0,15,08:00-23:00
2026-08-19T04:20:34.125472+00:00,2026-08-19T07:20:34.125472+03:00,153,Ortabahçe Caddesi 3,BEŞİKTAŞ,41.043,29.0042,26,1,25,YOL ÜSTÜ,0,15,08:00-23:00
2026-08-19T04:20:34.125472+00:00,2026-08-19T07:20:34.125472+03:00,119,Ortaklar Caddesi 1,ŞİŞLİ,41.0638,28.9971,25,1,24,YOL ÜSTÜ,0,15,08:30-17:00
2026-08-19T04:20:34.125472+00:00,2026-08-19T07:20:34.125472+03:00,1343,Ortaköy Açık Otoparkı,BEŞİKTAŞ,41.0504,29.0326,170,164,6,AÇIK OTOPARK,1,0,24 Saat
2026-08-19T04:20:34.125472+00:00,2026-08-19T07:20:34.125472+03:00,572,Ortaköy Portakal Yokuşu 1,BEŞİKTAŞ,41.0503,29.0261,15,1,14,YOL ÜSTÜ,0,15,09:00-19:00
2026-08-19T04:20:34.125472+00:00,2026-08-19T07:20:34.125472+03:00,1039,Öğretmen Evi,AVCILAR,40.9723,28.714,80,42,38,AÇIK OTOPARK,0,0,11:00-23:00
2026-08-19T04:20:34.125472+00:00,2026-08-19T07:20:34.125472+03:00,1466,Pendik Katlı Otoparkı,PENDİK,40.8789,29.2342,120,0,120,KAPALI OTOPARK,0,15,24 Saat
2026-08-19T04:20:34.125472+00:00,2026-08-19T07:20:34.125472+03:00,3073,Pendik Kemal Kalkuz Parkı Zemin Altı Otoparkı,PENDİK,40.8885,29.2427,224,1,223,KAPALI OTOPARK,0,0,09:00-18:00
2026-08-19T04:20:34.125472+00:00,2026-08-19T07:20:34.125472+03:00,3019,Pendik Meydan Zemin Altı Otoparkı,PENDİK,40.8752,29.2324,937,0,937,KAPALI OTOPARK,1,0,24 Saat
2026-08-19T04:20:34.125472+00:00,2026-08-19T07:20:34.125472+03:00,2865,Pendik Sahil Engelliler Merkez Önü,PENDİK,40.8735,29.233,100,66,34,AÇIK OTOPARK,0,0,11:00-20:00
2026-08-19T04:20:34.125472+00:00,2026-08-19T07:20:34.125472+03:00,2434,Pendik Sahil İdo,PENDİK,40.8755,29.2369,100,0,100,AÇIK OTOPARK,1,0,07:00-23:00
2026-08-19T04:20:34.125472+00:00,2026-08-19T07:20:34.125472+03:00,248,Pendik Yenimahalle Açık 2 Otoparkı,PENDİK,40.864,29.2723,124,79,45,AÇIK OTOPARK,0,15,10:00-22:00
2026-08-19T04:20:34.125472+00:00,2026-08-19T07:20:34.125472+03:00,297,Perşembe Pazarı 1,BEYOĞLU,41.0252,28.9693,32,1,31,YOL ÜSTÜ,0,15,08:00-17:00
2026-08-19T04:20:34.125472+00:00,2026-08-19T07:20:34.125472+03:00,597,Pierre Loti Caddesi 3,FATİH,41.0069,28.9711,36,1,35,YOL ÜSTÜ,1,0,07:00-17:00
2026-08-19T04:20:34.125472+00:00,2026-08-19T07:20:34.125472+03:00,3263,Piyalepaşa Meydanı Zemin Altı Otoparkı,BEYOĞLU,41.0445,28.9674,560,217,343,KAPALI OTOPARK,0,0,24 Saat
2026-08-19T04:20:34.125472+00:00,2026-08-19T07:20:34.125472+03:00,1900,Ragıp Gümüşpala Cad.(Sobacılar Önü),FATİH,41.0181,28.969,40,1,39,YOL ÜSTÜ,1,15,07:00-18:00
2026-08-19T04:20:34.125472+00:00,2026-08-19T07:20:34.125472+03:00,415,Ragıp Gümüşpala Camii Önü 1,FATİH,41.0211,28.9627,35,1,34,YOL ÜSTÜ,1,0,07:00-17:30
2026-08-19T04:20:34.125472+00:00,2026-08-19T07:20:34.125472+03:00,3268,Refik Saydam Caddesi 3,BEYOĞLU,41.032,28.9736,55,1,54,YOL ÜSTÜ,1,0,06:00-23:00
2026-08-19T04:20:34.125472+00:00,2026-08-19T07:20:34.125472+03:00,2307,Ressam Halim Sokak PD Açık Otoparkı,BAHÇELİEVLER,40.9967,28.8641,120,116,4,AÇIK OTOPARK,0,15,08:00-00:00
2026-08-19T04:20:34.125472+00:00,2026-08-19T07:20:34.125472+03:00,3082,Rumeli Hisarı Sahil Yolu Otoparkı,SARIYER,41.0854,29.0568,20,13,7,AÇIK OTOPARK,1,0,24 Saat
2026-08-19T04:20:34.125472+00:00,2026-08-19T07:20:34.125472+03:00,1595,Sabiha Gökçen Açık Otoparkı,PENDİK,40.925,29.308,1056,224,832,AÇIK OTOPARK,0,15,24 Saat
2026-08-19T04:20:34.125472+00:00,2026-08-19T07:20:34.125472+03:00,3239,Samatya Sahil Cep Otoparkı,FATİH,40.9954,28.932,113,110,3,AÇIK OTOPARK,1,15,24 Saat
2026-08-19T04:20:34.125472+00:00,2026-08-19T07:20:34.125472+03:00,3273,Sarıyer Büyükdere Fidanlığı,SARIYER,41.1548,29.0268,160,155,5,AÇIK OTOPARK,0,0,08:00-18:00
2026-08-19T04:20:34.125472+00:00,2026-08-19T07:20:34.125472+03:00,3299,Sariyer Ayazağa Mah Vadi İstanbul Önü Açık Otoparkı,SARIYER,41.1106,28.9881,100,1,99,AÇIK OTOPARK,0,0,08:00-20:00
2026-08-19T04:20:34.125472+00:00,2026-08-19T07:20:34.125472+03:00,1303,Seyrantepe Katlı (Arena Karşısı) 1,KAĞITHANE,41.101,28.9961,1897,1896,1,KAPALI OTOPARK,1,0,24 Saat
2026-08-19T04:20:34.125472+00:00,2026-08-19T07:20:34.125472+03:00,1628,Sıracevizler Caddesi Yol Üstü 5,ŞİŞLİ,41.0607,28.9841,45,1,44,YOL ÜSTÜ,0,15,09:00-17:00
2026-08-19T04:20:34.125472+00:00,2026-08-19T07:20:34.125472+03:00,464,Sirkeci Gar Önü,FATİH,41.015,28.9761,60,1,59,AÇIK OTOPARK,1,5,07:00-20:00
2026-08-19T04:20:34.125472+00:00,2026-08-19T07:20:34.125472+03:00,1486,Siyavuşpaşa Yer Altı Otoparkı,BAHÇELİEVLER,40.9965,28.8532,155,0,155,KAPALI OTOPARK,1,0,24 Saat
2026-08-19T04:20:34.125472+00:00,2026-08-19T07:20:34.125472+03:00,1958,Soğanlık Metro PD Açık Otoparkı,KARTAL,40.9131,29.1925,898,860,38,AÇIK OTOPARK,0,15,24 Saat
2026-08-19T04:20:34.125472+00:00,2026-08-19T07:20:34.125472+03:00,589,Su Terazisi Sokak,FATİH,41.0046,28.9727,22,1,21,YOL ÜSTÜ,0,0,07:30-17:00
2026-08-19T04:20:34.125472+00:00,2026-08-19T07:20:34.125472+03:00,1478,Suadiye Cep Açık Otoparkı,KADIKÖY,40.9586,29.0732,130,122,8,AÇIK OTOPARK,0,15,24 Saat
2026-08-19T04:20:34.125472+00:00,2026-08-19T07:20:34.125472+03:00,2948,Suadiye Sahil Açık Otoparkı,KADIKÖY,40.9562,29.0797,70,64,6,AÇIK OTOPARK,1,5,24 Saat
2026-08-19T04:20:34.125472+00:00,2026-08-19T07:20:34.125472+03:00,2799,Sultanbeyli Emir Caddesi Zemin Altı Otoparkı,SULTANBEYLİ,40.9707,29.2606,130,117,13,KAPALI OTOPARK,0,15,08:00-22:00
2026-08-19T04:20:34.125472+00:00,2026-08-19T07:20:34.125472+03:00,2372,Sultanbeyli Kent Meydanı Zemin Altı Otoparkı,SULTANBEYLİ,40.9667,29.2667,300,200,100,KAPALI OTOPARK,1,15,24 Saat
2026-08-19T04:20:34.125472+00:00,2026-08-19T07:20:34.125472+03:00,2410,Sultangazi Zemin Altı Otoparkı,SULTANGAZİ,41.0944,28.8649,104,0,104,KAPALI OTOPARK,1,10,24 Saat
2026-08-19T04:20:34.125472+00:00,2026-08-19T07:20:34.125472+03:00,2085,Süleyman Seba Caddesi 2,BEŞİKTAŞ,41.0426,28.9998,40,1,39,YOL ÜSTÜ,0,15,08:00-18:00
2026-08-19T04:20:34.125472+00:00,2026-08-19T07:20:34.125472+03:00,2088,Süleyman Seba Caddesi 5,BEŞİKTAŞ,41.0432,28.9978,40,1,39,YOL ÜSTÜ,0,15,08:00-18:00
2026-08-19T04:20:34.125472+00:00,2026-08-19T07:20:34.125472+03:00,2089,Süleyman Seba Caddesi 6,BEŞİKTAŞ,41.0435,28.9967,11,1,10,YOL ÜSTÜ,0,15,08:00-18:00
2026-08-19T04:20:34.125472+00:00,2026-08-19T07:20:34.125472+03:00,2391,Süleymaniye Cami Altı Açık Otoparkı,FATİH,41.0158,28.961,250,234,16,AÇIK OTOPARK,1,0,06:30-18:30
2026-08-19T04:20:34.125472+00:00,2026-08-19T07:20:34.125472+03:00,1730,Sütlüce Miniatürk Yanı,BEYOĞLU,41.057,28.95,320,228,92,AÇIK OTOPARK,1,15,24 Saat
2026-08-19T04:20:34.125472+00:00,2026-08-19T07:20:34.125472+03:00,36,Şakayık Sokak 4,ŞİŞLİ,41.0518,28.9936,50,1,49,YOL ÜSTÜ,0,15,08:00-16:00
2026-08-19T04:20:34.125472+00:00,2026-08-19T07:20:34.125472+03:00,1469,Şehit Volkan Duysak Katlı Otoparkı,ZEYTİNBURNU,40.9968,28.9039,1000,672,328,KAPALI OTOPARK,1,5,24 Saat
2026-08-19T04:20:34.125472+00:00,2026-08-19T07:20:34.125472+03:00,2385,Şehremini Açık Otoparkı 1,FATİH,41.0135,28.9333,60,1,59,AÇIK OTOPARK,0,0,08:30-20:30
2026-08-19T04:20:34.125472+00:00,2026-08-19T07:20:34.125472+03:00,2855,Şemsipaşa Açık Otoparkı,ÜSKÜDAR,41.0255,29.0097,80,76,4,AÇIK OTOPARK,1,0,24 Saat
2026-08-19T04:20:34.125472+00:00,2026-08-19T07:20:34.125472+03:00,2439,Şirinevler Meydan Zeminaltı Otoparkı,BAHÇELİEVLER,40.9925,28.8496,367,86,281,KAPALI OTOPARK,1,0,24 Saat
2026-08-19T04:20:34.125472+00:00,2026-08-19T07:20:34.125472+03:00,3400,Şişhane Refik Saydam Caddesi 2 Yol Üstü Otoparkı 1,BEYOĞLU,41.0326,28.9743,70,1,69,YOL ÜSTÜ,1,15,06:00-23:00
2026-08-19T04:20:34.125472+00:00,2026-08-19T07:20:34.125472+03:00,3441,Şişli Kuştepe Zemin Altı Otoparkı,ŞİŞLİ,41.072,28.9919,430,286,144,KAPALI OTOPARK,0,15,24 Saat
2026-08-19T04:20:34.125472+00:00,2026-08-19T07:20:34.125472+03:00,2816,Şişli Rumeli Caddesi Metro Yanı 1,ŞİŞLİ,41.0538,28.9868,45,1,44,YOL ÜSTÜ,0,15,08:00-20:00
2026-08-19T04:20:34.125472+00:00,2026-08-19T07:20:34.125472+03:00,2406,Şişli Zemin Altı Otoparkı,ŞİŞLİ,41.0641,28.9992,581,386,195,KAPALI OTOPARK,1,15,24 Saat
2026-08-19T04:20:34.125472+00:00,2026-08-19T07:20:34.125472+03:00,1993,Tuzla İdo,TUZLA,40.8149,29.3039,300,292,8,AÇIK OTOPARK,0,15,24 Saat
2026-08-19T04:20:34.125472+00:00,2026-08-19T07:20:34.125472+03:00,3332,Tuzla Sahil Cep,TUZLA,40.8168,29.2992,50,38,12,AÇIK OTOPARK,0,0,08:00-00:00
2026-08-19T04:20:34.125472+00:00,2026-08-19T07:20:34.125472+03:00,3057,Tuzla Sahil Zemin Altı Otoparkı,TUZLA,40.8181,29.3004,779,1,778,KAPALI OTOPARK,1,15,24 Saat
2026-08-19T04:20:34.125472+00:00,2026-08-19T07:20:34.125472+03:00,1811,Ulu Camii Açık Otoparkı,BAHÇELİEVLER,40.9982,28.8499,150,116,34,AÇIK OTOPARK,1,10,24 Saat
2026-08-19T04:20:34.125472+00:00,2026-08-19T07:20:34.125472+03:00,2424,Uzunçayır Açık Otoparkı,KADIKÖY,40.9988,29.0556,58,52,6,AÇIK OTOPARK,1,0,06:00-16:00
2026-08-19T04:20:34.125472+00:00,2026-08-19T07:20:34.125472+03:00,1468,Ümraniye Katlı Otoparkı,ÜMRANİYE,41.0261,29.0953,665,572,93,KAPALI OTOPARK,1,15,24 Saat
2026-08-19T04:20:34.125472+00:00,2026-08-19T07:20:34.125472+03:00,2898,Ümraniye Okan Sokak Zeminaltı Otoparkı,ÜMRANİYE,41.0284,29.0907,125,12,113,KAPALI OTOPARK,1,15,24 Saat
2026-08-19T04:20:34.125472+00:00,2026-08-19T07:20:34.125472+03:00,2345,Üsküdar Uzunçayır PD Açık Otoparkı,ÜSKÜDAR,40.9988,29.0577,90,82,8,AÇIK OTOPARK,1,15,06:00-22:00
2026-08-19T04:20:34.125472+00:00,2026-08-19T07:20:34.125472+03:00,1929,Üsküdar Ünalan Açık Otoparkı,ÜSKÜDAR,40.9979,29.0604,180,175,5,AÇIK OTOPARK,1,0,07:00-17:00
2026-08-19T04:20:34.125472+00:00,2026-08-19T07:20:34.125472+03:00,1487,Vatan Caddesi PD Açık Otoparkı,FATİH,41.0157,28.9405,397,350,47,AÇIK OTOPARK,0,5,24 Saat
2026-08-19T04:20:34.125472+00:00,2026-08-19T07:20:34.125472+03:00,2441,Yalı Açık Otoparkı,MALTEPE,40.9095,29.137,85,82,3,AÇIK OTOPARK,0,0,07:30-22:00
2026-08-19T04:20:34.125472+00:00,2026-08-19T07:20:34.125472+03:00,459,Yalı Köşkü Caddesi 1,FATİH,41.0163,28.9759,61,1,60,YOL ÜSTÜ,1,5,07:00-21:00
2026-08-19T04:20:34.125472+00:00,2026-08-19T07:20:34.125472+03:00,2037,Yenikapı Marmaray Büyük Otoparkı,FATİH,41.0057,28.9505,324,240,84,AÇIK OTOPARK,1,15,24 Saat
2026-08-19T04:20:34.125472+00:00,2026-08-19T07:20:34.125472+03:00,2036,Yenikapı Marmaray Küçük Otoparkı,FATİH,41.0064,28.9504,200,200,0,AÇIK OTOPARK,1,15,07:00-22:00
2026-08-19T04:20:34.125472+00:00,2026-08-19T07:20:34.125472+03:00,2175,Yenikapı Spor ve Kültür Merkezi PD Açık Otoparkı,FATİH,41.0006,28.9519,4023,3971,52,AÇIK OTOPARK,0,15,24 Saat
2026-08-19T04:20:34.125472+00:00,2026-08-19T07:20:34.125472+03:00,2805,Yenikapı Tünel Üstü Açık Otoparkı,FATİH,41.0029,28.9534,700,656,44,AÇIK OTOPARK,1,10,24 Saat
2026-08-19T04:20:34.125472+00:00,2026-08-19T07:20:34.125472+03:00,3404,Yenimahalle Metro Zemin Altı PD Otoparkı,GAZİOSMANPAŞA,41.0839,28.8926,114,93,21,KAPALI OTOPARK,1,15,24 Saat
2026-08-19T04:20:34.125472+00:00,2026-08-19T07:20:34.125472+03:00,2920,Yeşilce Zemin Altı Katlı Otoparkı,KAĞITHANE,41.0938,29.0017,676,0,676,KAPALI OTOPARK,1,0,24 Saat
2026-08-19T04:20:34.125472+00:00,2026-08-19T07:20:34.125472+03:00,987,Yeşilköy İstasyon Caddesi 1,BAKIRKÖY,40.962,28.825,40,1,39,YOL ÜSTÜ,0,15,09:00-17:30
2026-08-19T04:20:34.125472+00:00,2026-08-19T07:20:34.125472+03:00,974,Yeşilköy Marina 1,BAKIRKÖY,40.9576,28.8233,145,1,144,YOL ÜSTÜ,0,0,12:00-23:00
2026-08-19T04:20:34.125472+00:00,2026-08-19T07:20:34.125472+03:00,3406,Yeşilpınar Metro Zemin Altı PD Otoparkı,EYÜP,41.081,28.9204,269,185,84,KAPALI OTOPARK,1,15,24 Saat
2026-08-19T04:20:34.125472+00:00,2026-08-19T07:20:34.125472+03:00,315,Yeşilyurt Çarşı 1,BAKIRKÖY,40.9643,28.8379,50,1,49,YOL ÜSTÜ,0,15,09:00-17:30
2026-08-19T04:20:34.125472+00:00,2026-08-19T07:20:34.125472+03:00,1133,Yıldız Korusu,BEŞİKTAŞ,41.0514,29.0165,500,1,499,AÇIK OTOPARK,0,0,08:00-22:00
2026-08-19T04:20:34.125472+00:00,2026-08-19T07:20:34.125472+03:00,882,Zeytinburnu 58. Bulvar 2,ZEYTİNBURNU,40.9932,28.9039,48,1,47,YOL ÜSTÜ,0,15,09:00-18:00
2026-08-19T04:20:34.125472+00:00,2026-08-19T07:20:34.125472+03:00,3185,Zeytinburnu Sahil Cep Otoparkı,ZEYTİNBURNU,40.9798,28.8985,160,1,159,AÇIK OTOPARK,0,0,12:00-22:00
2026-08-19T05:03:31.370448+00:00,2026-08-19T08:03:31.370448+03:00,3068,15 Temmuz Şehitler Meydanı Zeminaltı Otoparkı,ÜMRANİYE,41.0246,29.0915,1029,593,436,KAPALI OTOPARK,1,15,24 Saat
2026-08-19T05:03:31.370448+00:00,2026-08-19T08:03:31.370448+03:00,2338,19 Mayıs Açık,ŞİŞLİ,41.0563,28.9941,65,0,65,AÇIK OTOPARK,1,0,24 Saat
2026-08-19T05:03:31.370448+00:00,2026-08-19T08:03:31.370448+03:00,1751,4.Levent PD Açık Otoparkı,KAĞITHANE,41.0836,29.0081,236,138,98,AÇIK OTOPARK,1,5,24 Saat
2026-08-19T05:03:31.370448+00:00,2026-08-19T08:03:31.370448+03:00,3328,4.Levent Servis ve Turizm Araçları Açık Otoparkı,ŞİŞLİ,41.0841,29.0054,300,161,139,AÇIK OTOPARK,1,15,24 Saat
2026-08-19T05:03:31.370448+00:00,2026-08-19T08:03:31.370448+03:00,3412,5. Levent Gaziosmanpaşa Adliyesi Yanı Açık Otoparkı,EYÜP,41.0927,28.9494,250,200,50,AÇIK OTOPARK,1,15,07:00-23:00
2026-08-19T05:03:31.370448+00:00,2026-08-19T08:03:31.370448+03:00,104,Abide-i Hürriyet Caddesi 5,ŞİŞLİ,41.0619,28.9876,40,1,39,YOL ÜSTÜ,1,15,08:00-17:00
2026-08-19T05:03:31.370448+00:00,2026-08-19T08:03:31.370448+03:00,2452,Acıbadem Açık Otoparkı,ÜSKÜDAR,41.0157,29.0574,100,85,15,AÇIK OTOPARK,1,0,06:30-16:00
2026-08-19T05:03:31.370448+00:00,2026-08-19T08:03:31.370448+03:00,346,Ada Karşısı Cep 2,BEŞİKTAŞ,41.072,29.045,30,1,29,YOL ÜSTÜ,1,15,08:00-23:00
2026-08-19T05:03:31.370448+00:00,2026-08-19T08:03:31.370448+03:00,1663,Akasyalı Sokak Tenis Kulubü Önü 2,BEŞİKTAŞ,41.0867,29.0109,45,1,44,YOL ÜSTÜ,0,15,08:30-17:30
2026-08-19T05:03:31.370448+00:00,2026-08-19T08:03:31.370448+03:00,828,Akdeniz Caddesi 4,FATİH,41.0175,28.9435,27,1,26,YOL ÜSTÜ,0,15,09:00-18:00
2026-08-19T05:03:31.370448+00:00,2026-08-19T08:03:31.370448+03:00,1913,Alibeyköy Cep Otogarı Açık Otoparkı,EYÜP,41.0879,28.9446,116,0,116,AÇIK OTOPARK,1,25,24 Saat
2026-08-19T05:03:31.370448+00:00,2026-08-19T08:03:31.370448+03:00,1912,Alibeyköy Cep Otogarı Otobüs Otoparkı,EYÜP,41.0875,28.9449,5000,1,4999,AÇIK OTOPARK,1,60,24 Saat
2026-08-19T05:03:31.370448+00:00,2026-08-19T08:03:31.370448+03:00,2562,Alibeyköy Yeşiltepe Zemin Altı Otoparkı,EYÜP,41.0797,28.938,159,56,103,KAPALI OTOPARK,1,15,24 Saat
2026-08-19T05:03:31.370448+00:00,2026-08-19T08:03:31.370448+03:00,3201,Altınboynuz Sosyal Tesisleri,EYÜP,41.058,28.9447,70,1,69,AÇIK OTOPARK,1,15,08:00-23:00
2026-08-19T05:03:31.370448+00:00,2026-08-19T08:03:31.370448+03:00,758,Arap Camii Açık Otoparkı,BEYOĞLU,41.0227,28.9723,30,1,29,AÇIK OTOPARK,0,0,09:00-17:00
2026-08-19T05:03:31.370448+00:00,2026-08-19T08:03:31.370448+03:00,1963,Aras Sokak 1,BÜYÜKÇEKMECE,41.0226,28.622,60,1,59,YOL ÜSTÜ,1,0,06:00-14:30
2026-08-19T05:03:31.370448+00:00,2026-08-19T08:03:31.370448+03:00,2802,Arnavutköy Zemin Altı Otoparkı,ARNAVUTKÖY,41.1838,28.7396,700,19,681,KAPALI OTOPARK,1,15,24 Saat
2026-08-19T05:03:31.370448+00:00,2026-08-19T08:03:31.370448+03:00,1797,Ataköy Atrium AVM,BAKIRKÖY,40.9881,28.8459,250,231,19,AÇIK OTOPARK,1,15,08:00-23:00
2026-08-19T05:03:31.370448+00:00,2026-08-19T08:03:31.370448+03:00,2824,Ataköy Metro Durağı Yanı PD Zemin Altı Otoparkı,BAKIRKÖY,40.9904,28.8456,150,88,62,KAPALI OTOPARK,1,0,24 Saat
2026-08-19T05:03:31.370448+00:00,2026-08-19T08:03:31.370448+03:00,359,Atatürk Bulvarı 1,FATİH,41.0112,28.9534,20,1,19,YOL ÜSTÜ,1,0,07:30-18:00
2026-08-19T05:03:31.370448+00:00,2026-08-19T08:03:31.370448+03:00,3087,Atatürk Kent Ormanı Otoparkı,SARIYER,41.136,29.0262,200,197,3,AÇIK OTOPARK,1,0,08:00-17:00
2026-08-19T05:03:31.370448+00:00,2026-08-19T08:03:31.370448+03:00,2243,Avcılar Denizköşkler Toplantı ve Davet Salonu Açık Otoparkı,AVCILAR,40.9746,28.7435,200,197,3,AÇIK OTOPARK,0,15,13:00-07:00
2026-08-19T05:03:31.370448+00:00,2026-08-19T08:03:31.370448+03:00,1088,Avcılar İdo,AVCILAR,40.9712,28.7185,270,261,9,AÇIK OTOPARK,0,0,13:00-07:00
2026-08-19T05:03:31.370448+00:00,2026-08-19T08:03:31.370448+03:00,2885,Azapkapı Haliç Metro Otoparkı,ŞİŞLİ,41.0245,28.9691,80,33,47,AÇIK OTOPARK,1,5,24 Saat
2026-08-19T05:03:31.370448+00:00,2026-08-19T08:03:31.370448+03:00,2455,Azerbaycan Dostluk Parkı Zemin Altı Otoparkı,BAĞCILAR,41.0444,28.854,400,152,248,KAPALI OTOPARK,1,10,24 Saat
2026-08-19T05:03:31.370448+00:00,2026-08-19T08:03:31.370448+03:00,2965,Bağcılar Çolakoğlu Zemin Altı Otoparkı,BAĞCILAR,41.0324,28.8345,106,0,106,KAPALI OTOPARK,1,5,24 Saat
2026-08-19T05:03:31.370448+00:00,2026-08-19T08:03:31.370448+03:00,2576,Bağcılar Demirkapı Zemin Altı Otoparkı,BAĞCILAR,41.0499,28.8327,343,146,197,KAPALI OTOPARK,1,5,24 Saat
2026-08-19T05:03:31.370448+00:00,2026-08-19T08:03:31.370448+03:00,3036,Bağcılar Devlet Hastanesi Yanı Zeminaltı Otoparkı,BAĞCILAR,41.0312,28.8696,1133,92,1041,KAPALI OTOPARK,1,15,24 Saat
2026-08-19T05:03:31.370448+00:00,2026-08-19T08:03:31.370448+03:00,3071,Bağcılar Emniyet Müdürlüğü Yanı Açık Otoparkı,BAĞCILAR,41.0353,28.8598,100,44,56,AÇIK OTOPARK,1,0,24 Saat
2026-08-19T05:03:31.370448+00:00,2026-08-19T08:03:31.370448+03:00,2873,Bağcılar Göztepe Zemin Altı,BAĞCILAR,41.0567,28.8355,120,0,120,KAPALI OTOPARK,1,5,24 Saat
2026-08-19T05:03:31.370448+00:00,2026-08-19T08:03:31.370448+03:00,3187,Bağcılar Hürriyet Mahallesi Zemin Altı Otoparkı,BAĞCILAR,41.0291,28.8333,355,0,355,KAPALI OTOPARK,1,10,24 Saat
2026-08-19T05:03:31.370448+00:00,2026-08-19T08:03:31.370448+03:00,2916,Bağcılar Kent Meydanı PD Zemin Altı Otoparkı,BAĞCILAR,41.0339,28.8556,1162,0,1162,KAPALI OTOPARK,1,0,24 Saat
2026-08-19T05:03:31.370448+00:00,2026-08-19T08:03:31.370448+03:00,3261,Bağcılar Yenimahalle Zemin Altı Otoparkı,BAĞCILAR,41.0425,28.8395,525,262,263,KAPALI OTOPARK,1,15,24 Saat
2026-08-19T05:03:31.370448+00:00,2026-08-19T08:03:31.370448+03:00,2820,Bağcılar Yıldıztepe Katlı Otoparkı,BAĞCILAR,41.0294,28.8556,350,0,350,KAPALI OTOPARK,1,10,24 Saat
2026-08-19T05:03:31.370448+00:00,2026-08-19T08:03:31.370448+03:00,3447,Bahçelievler 23 Nisan Milli Egemenlik Zeminaltı Otoparkı,BAHÇELİEVLER,40.9988,28.8472,732,432,300,KAPALI OTOPARK,1,10,24 Saat
2026-08-19T05:03:31.370448+00:00,2026-08-19T08:03:31.370448+03:00,2993,Bahçelievler Cumhuriyet Zeminaltı Otoparkı,BAHÇELİEVLER,41.0149,28.859,663,0,663,KAPALI OTOPARK,1,10,24 Saat
2026-08-19T05:03:31.370448+00:00,2026-08-19T08:03:31.370448+03:00,2969,Bahçelievler Devlet Hastanesi Yanı Katlı Otoparkı,BAHÇELİEVLER,41.0072,28.8442,740,0,740,KAPALI OTOPARK,1,0,24 Saat
2026-08-19T05:03:31.370448+00:00,2026-08-19T08:03:31.370448+03:00,3051,Bahçelievler Zafer Mh. Zeminaltı Otoparkı,BAHÇELİEVLER,41.0036,28.8351,200,66,134,KAPALI OTOPARK,1,0,24 Saat
2026-08-19T05:03:31.370448+00:00,2026-08-19T08:03:31.370448+03:00,3236,Bahçeşehir Gölet Açık Otoparkı,BAŞAKŞEHİR,41.0719,28.6901,200,1,199,AÇIK OTOPARK,0,0,12:00-22:00
2026-08-19T05:03:31.370448+00:00,2026-08-19T08:03:31.370448+03:00,1465,Bakırköy İdo Açık Otoparkı,BAKIRKÖY,40.9739,28.8761,160,143,17,AÇIK OTOPARK,1,10,24 Saat
2026-08-19T05:03:31.370448+00:00,2026-08-19T08:03:31.370448+03:00,1104,Balmumcu Katlı Otoparkı,BEŞİKTAŞ,41.0636,29.0109,400,264,136,KAPALI OTOPARK,1,5,24 Saat
2026-08-19T05:03:31.370448+00:00,2026-08-19T08:03:31.370448+03:00,2796,Başakşehir Metro Açık Otoparkı,BAŞAKŞEHİR,41.107,28.801,125,1,124,AÇIK OTOPARK,1,0,07:00-16:00
2026-08-19T05:03:31.370448+00:00,2026-08-19T08:03:31.370448+03:00,2350,Bayrampaşa Adapark Katlı Otoparkı,BAYRAMPAŞA,41.0647,28.8875,650,0,650,KAPALI OTOPARK,1,15,24 Saat
2026-08-19T05:03:31.370448+00:00,2026-08-19T08:03:31.370448+03:00,2892,Bayrampaşa Altıntepsi Zemin  Altı Otoparkı,BAYRAMPAŞA,41.0393,28.9029,110,0,110,KAPALI OTOPARK,1,10,24 Saat
2026-08-19T05:03:31.370448+00:00,2026-08-19T08:03:31.370448+03:00,2909,Bayrampaşa Atatürk Parkı  Zemin Altı Otoparkı,BAYRAMPAŞA,41.0342,28.9123,442,0,442,KAPALI OTOPARK,1,10,24 Saat
2026-08-19T05:03:31.370448+00:00,2026-08-19T08:03:31.370448+03:00,2683,Bayrampaşa Devlet Hastanesi Cep Otoparkı,BAYRAMPAŞA,41.0414,28.9031,55,33,22,AÇIK OTOPARK,1,0,08:00-19:00
2026-08-19T05:03:31.370448+00:00,2026-08-19T08:03:31.370448+03:00,3301,Bayrampaşa Kocatepe Mahallesi Zemin Altı Otoparkı,BAYRAMPAŞA,41.0545,28.8964,241,0,241,KAPALI OTOPARK,1,10,24 Saat
2026-08-19T05:03:31.370448+00:00,2026-08-19T08:03:31.370448+03:00,2053,Bayrampaşa Muratpaşa Yer Altı Otoparkı,BAYRAMPAŞA,41.047,28.9082,300,0,300,KAPALI OTOPARK,1,15,24 Saat
2026-08-19T05:03:31.370448+00:00,2026-08-19T08:03:31.370448+03:00,3175,Bayrampaşa Spor Kompleksi Zemin Altı Otoparkı,BAYRAMPAŞA,41.0446,28.9106,205,0,205,KAPALI OTOPARK,1,15,24 Saat
2026-08-19T05:03:31.370448+00:00,2026-08-19T08:03:31.370448+03:00,3382,Bayrampaşa Şehit Kamil Balkan Zemin Altı Otoparkı,BAYRAMPAŞA,41.0604,28.9008,235,0,235,KAPALI OTOPARK,1,10,24 Saat
2026-08-19T05:03:31.370448+00:00,2026-08-19T08:03:31.370448+03:00,2428,Bayrampaşa Yenidoğan Mahallesi Zemin Altı Otoparkı,BAYRAMPAŞA,41.0395,28.9088,120,0,120,KAPALI OTOPARK,1,10,24 Saat
2026-08-19T05:03:31.370448+00:00,2026-08-19T08:03:31.370448+03:00,2468,Bebek Açık,BEŞİKTAŞ,41.077,29.0434,30,0,30,AÇIK OTOPARK,1,0,24 Saat
2026-08-19T05:03:31.370448+00:00,2026-08-19T08:03:31.370448+03:00,3479,Beşiktaş Halk Pazarı Açık Otoparkı,BEŞİKTAŞ,41.0496,29.0004,170,107,63,AÇIK OTOPARK,1,5,24 Saat
2026-08-19T05:03:31.370448+00:00,2026-08-19T08:03:31.370448+03:00,3257,Beykoz Sahil Cep Otoparkı,BEYKOZ,41.1286,29.0953,100,75,25,AÇIK OTOPARK,1,0,08:00-00:00
2026-08-19T05:03:31.370448+00:00,2026-08-19T08:03:31.370448+03:00,2273,Beykoz Sosyal Tesisleri,BEYKOZ,41.1143,29.0888,130,0,130,AÇIK OTOPARK,1,15,08:00-00:00
2026-08-19T05:03:31.370448+00:00,2026-08-19T08:03:31.370448+03:00,2999,Beyoğlu Gazhane Bostan Sokak 2,BEYOĞLU,41.0389,28.9903,35,1,34,YOL ÜSTÜ,1,0,07:30-16:30
2026-08-19T05:03:31.370448+00:00,2026-08-19T08:03:31.370448+03:00,3072,Beyoğlu Örnektepe Zemin Altı Otoparkı,BEYOĞLU,41.0543,28.9548,143,0,143,KAPALI OTOPARK,1,0,24 Saat
2026-08-19T05:03:31.370448+00:00,2026-08-19T08:03:31.370448+03:00,1455,Bostancı Açık,KADIKÖY,40.9523,29.0902,394,134,260,AÇIK OTOPARK,1,15,24 Saat
2026-08-19T05:03:31.370448+00:00,2026-08-19T08:03:31.370448+03:00,1456,Bostancı Sahil-Cep Açık Otoparkı,KADIKÖY,40.9545,29.0885,192,158,34,AÇIK OTOPARK,1,15,24 Saat
2026-08-19T05:03:31.370448+00:00,2026-08-19T08:03:31.370448+03:00,2150,Bostancı Vergi Dairesi Açık Otoparkı,ATAŞEHİR,40.9625,29.1083,155,0,155,AÇIK OTOPARK,1,5,08:00-20:00
2026-08-19T05:03:31.370448+00:00,2026-08-19T08:03:31.370448+03:00,2854,Bülent Ecevit Kültür Merkezi Açık Otoparkı,KARTAL,40.8852,29.1967,277,266,11,AÇIK OTOPARK,0,0,10:00-21:00
2026-08-19T05:03:31.370448+00:00,2026-08-19T08:03:31.370448+03:00,2866,Büyük İstanbul Otogarı,BAYRAMPAŞA,41.0402,28.8942,1000,0,1000,AÇIK OTOPARK,1,25,24 Saat
2026-08-19T05:03:31.370448+00:00,2026-08-19T08:03:31.370448+03:00,1192,Büyükçamlıca Korusu Sosyal Tesisleri Önü,ÜSKÜDAR,41.0264,29.0698,204,112,92,AÇIK OTOPARK,1,0,08:00-00:00
2026-08-19T05:03:31.370448+00:00,2026-08-19T08:03:31.370448+03:00,2960,Büyükçekmece Metrobüs Durağı Yanı PD Zemin Altı Otopark,BÜYÜKÇEKMECE,41.0221,28.624,448,383,65,KAPALI OTOPARK,1,0,24 Saat
2026-08-19T05:03:31.370448+00:00,2026-08-19T08:03:31.370448+03:00,1503,Cadde Bostan Açık Otoparkı,KADIKÖY,40.9636,29.0675,66,57,9,AÇIK OTOPARK,1,15,24 Saat
2026-08-19T05:03:31.370448+00:00,2026-08-19T08:03:31.370448+03:00,2933,Cemal Kamacı Spor Kompleksi Zemin Altı Otoparkı,KAĞITHANE,41.0536,28.9575,510,0,510,KAPALI OTOPARK,1,0,24 Saat
2026-08-19T05:03:31.370448+00:00,2026-08-19T08:03:31.370448+03:00,2207,Cengiz Topel Yer Altı Katlı Otoparkı,ESENLER,41.0588,28.8643,144,0,144,KAPALI OTOPARK,1,15,24 Saat
2026-08-19T05:03:31.370448+00:00,2026-08-19T08:03:31.370448+03:00,2787,Cevizli Açık Otoparkı,KARTAL,40.9179,29.1712,100,85,15,AÇIK OTOPARK,1,15,08:00-19:00
2026-08-19T05:03:31.370448+00:00,2026-08-19T08:03:31.370448+03:00,782,Cihangir Caddesi 2,BEYOĞLU,41.0319,28.9862,70,1,69,YOL ÜSTÜ,0,15,09:00-19:00
2026-08-19T05:03:31.370448+00:00,2026-08-19T08:03:31.370448+03:00,1467,Cihangir Katlı Otoparkı,BEYOĞLU,41.0318,28.9858,350,0,350,KAPALI OTOPARK,1,0,24 Saat
2026-08-19T05:03:31.370448+00:00,2026-08-19T08:03:31.370448+03:00,535,Cihannuma Yol Üstü 1,BEŞİKTAŞ,41.0454,29.0084,35,1,34,YOL ÜSTÜ,1,0,08:00-23:00
2026-08-19T05:03:31.370448+00:00,2026-08-19T08:03:31.370448+03:00,537,Cihannuma Yol Üstü 3,BEŞİKTAŞ,41.0459,29.0087,33,1,32,YOL ÜSTÜ,1,0,08:00-23:00
2026-08-19T05:03:31.370448+00:00,2026-08-19T08:03:31.370448+03:00,539,Cihannuma Yol Üstü 5,BEŞİKTAŞ,41.0489,29.0094,24,1,23,YOL ÜSTÜ,1,0,08:00-23:00
2026-08-19T05:03:31.370448+00:00,2026-08-19T08:03:31.370448+03:00,3184,Çam Sokak 6,GÜNGÖREN,41.0121,28.8882,50,1,49,YOL ÜSTÜ,1,15,08:00-17:00
2026-08-19T05:03:31.370448+00:00,2026-08-19T08:03:31.370448+03:00,3030,Çekmeköy Metro PD Zemin Altı Otoparkı,ÇEKMEKÖY,41.0147,29.1886,175,51,124,KAPALI OTOPARK,1,15,24 Saat
2026-08-19T05:03:31.370448+00:00,2026-08-19T08:03:31.370448+03:00,2905,Çeliktepe Açık Otoparkı,KAĞITHANE,41.0843,29.0056,200,89,111,AÇIK OTOPARK,1,5,24 Saat
2026-08-19T05:03:31.370448+00:00,2026-08-19T08:03:31.370448+03:00,1298,Çengelköy Açık Otoparkı,ÜSKÜDAR,41.0484,29.0533,500,357,143,AÇIK OTOPARK,1,15,24 Saat
2026-08-19T05:03:31.370448+00:00,2026-08-19T08:03:31.370448+03:00,502,Çınar Açık Otoparkı,BEŞİKTAŞ,41.0853,29.0088,65,1,64,AÇIK OTOPARK,1,0,08:00-18:00
2026-08-19T05:03:31.370448+00:00,2026-08-19T08:03:31.370448+03:00,777,Çırağan Sarayı Yol Üstü 1,BEŞİKTAŞ,41.0448,29.0165,40,1,39,YOL ÜSTÜ,1,15,08:00-23:00
2026-08-19T05:03:31.370448+00:00,2026-08-19T08:03:31.370448+03:00,778,Çırağan Sarayı Yol Üstü 2,BEŞİKTAŞ,41.0445,29.0156,40,1,39,YOL ÜSTÜ,1,15,08:00-23:00
2026-08-19T05:03:31.370448+00:00,2026-08-19T08:03:31.370448+03:00,2228,Çırpıcı Sosyal Tesisler,ZEYTİNBURNU,41,28.8926,128,0,128,AÇIK OTOPARK,1,15,07:00-00:00
2026-08-19T05:03:31.370448+00:00,2026-08-19T08:03:31.370448+03:00,2030,Dalyan Açık Otoparkı,KADIKÖY,40.9632,29.0651,92,79,13,AÇIK OTOPARK,1,15,24 Saat
2026-08-19T05:03:31.370448+00:00,2026-08-19T08:03:31.370448+03:00,2271,Damla Sokak 1,ŞİŞLİ,41.0672,29.0004,17,1,16,YOL ÜSTÜ,1,15,07:30-16:30
2026-08-19T05:03:31.370448+00:00,2026-08-19T08:03:31.370448+03:00,2164,Darüşşafaka Yeraltı Otoparkı,SARIYER,41.1292,29.0252,150,146,4,KAPALI OTOPARK,1,15,08:00-00:00
2026-08-19T05:03:31.370448+00:00,2026-08-19T08:03:31.370448+03:00,1653,Deniz Feneri Otoparkı,FATİH,41.0019,28.9773,175,140,35,AÇIK OTOPARK,1,5,24 Saat
2026-08-19T05:03:31.370448+00:00,2026-08-19T08:03:31.370448+03:00,595,Dostluk Yurdu 1,FATİH,41.0071,28.973,33,1,32,YOL ÜSTÜ,1,15,07:00-17:00
2026-08-19T05:03:31.370448+00:00,2026-08-19T08:03:31.370448+03:00,2237,Dragos Sosyal Tesisleri,KARTAL,40.9017,29.1458,100,55,45,AÇIK OTOPARK,1,15,24 Saat
2026-08-19T05:03:31.370448+00:00,2026-08-19T08:03:31.370448+03:00,3063,Dudullu Metro PD Zemin Altı Otoparkı,ÜMRANİYE,41.0156,29.1633,81,58,23,KAPALI OTOPARK,1,15,07:00-23:30
2026-08-19T05:03:31.370448+00:00,2026-08-19T08:03:31.370448+03:00,1522,Ebu Suut Caddesi 1,FATİH,41.0128,28.9766,35,1,34,YOL ÜSTÜ,1,0,08:00-18:00
2026-08-19T05:03:31.370448+00:00,2026-08-19T08:03:31.370448+03:00,2147,EGS Blokları Açık Otoparkı,BAKIRKÖY,40.9863,28.8354,350,42,308,AÇIK OTOPARK,0,60,09:00-19:30
2026-08-19T05:03:31.370448+00:00,2026-08-19T08:03:31.370448+03:00,2366,Esenler Adem Baştürk Kültür Merkezi Katlı,ESENLER,41.039,28.8846,460,0,460,KAPALI OTOPARK,1,15,24 Saat
2026-08-19T05:03:31.370448+00:00,2026-08-19T08:03:31.370448+03:00,3190,Esenler Havaalanı Mahallesi Zemin Altı Otoparkı,ESENLER,41.0562,28.8674,610,333,277,KAPALI OTOPARK,1,10,24 Saat
2026-08-19T05:03:31.370448+00:00,2026-08-19T08:03:31.370448+03:00,3011,Esenler Menderes Metro İstasyonu Yanı,ESENLER,41.0427,28.8783,68,0,68,AÇIK OTOPARK,1,5,24 Saat
2026-08-19T05:03:31.370448+00:00,2026-08-19T08:03:31.370448+03:00,2822,Esenler Menderes Parkı Zemin Altı Otoparkı,ESENLER,41.0412,28.8729,325,5,320,KAPALI OTOPARK,1,10,24 Saat
2026-08-19T05:03:31.370448+00:00,2026-08-19T08:03:31.370448+03:00,3303,Esenyurt Adile Naşit Bulvarı Zeminaltı Otoparkı,ESENYURT,41.0205,28.6859,367,283,84,KAPALI OTOPARK,1,15,24 Saat
2026-08-19T05:03:31.370448+00:00,2026-08-19T08:03:31.370448+03:00,1328,Eski Salı Pazarı,KADIKÖY,40.9904,29.0338,760,28,732,AÇIK OTOPARK,1,15,24 Saat
2026-08-19T05:03:31.370448+00:00,2026-08-19T08:03:31.370448+03:00,904,Eyüp Pierloti Caddesi 1,EYÜP,41.0539,28.9329,40,1,39,YOL ÜSTÜ,0,0,09:00-22:00
2026-08-19T05:03:31.370448+00:00,2026-08-19T08:03:31.370448+03:00,2850,Eyüpsultan Akşemsettin Mahallesi Zemin Altı Otoparkı,EYÜP,41.085,28.9258,110,0,110,KAPALI OTOPARK,1,15,24 Saat
2026-08-19T05:03:31.370448+00:00,2026-08-19T08:03:31.370448+03:00,2215,Fatih Çeşmesi Tabiat Parkı Otoparkı,SARIYER,41.1686,28.9448,250,243,7,AÇIK OTOPARK,1,0,06:00-20:00
2026-08-19T05:03:31.370448+00:00,2026-08-19T08:03:31.370448+03:00,1475,Fatih Katlı Otoparkı,FATİH,41.0198,28.9396,118,32,86,KAPALI OTOPARK,1,10,24 Saat
2026-08-19T05:03:31.370448+00:00,2026-08-19T08:03:31.370448+03:00,1591,Feshane PD Açık Otoparkı,EYÜP,41.0463,28.9378,200,122,78,AÇIK OTOPARK,1,15,24 Saat
2026-08-19T05:03:31.370448+00:00,2026-08-19T08:03:31.370448+03:00,1005,Florya Havuzlu Bahçe,BAKIRKÖY,40.9764,28.7908,135,1,134,AÇIK OTOPARK,0,0,09:00-23:00
2026-08-19T05:03:31.370448+00:00,2026-08-19T08:03:31.370448+03:00,2238,Florya Sosyal Tesisleri,BAKIRKÖY,40.9614,28.8091,1074,1002,72,AÇIK OTOPARK,1,15,24 Saat
2026-08-19T05:03:31.370448+00:00,2026-08-19T08:03:31.370448+03:00,1704,Gazi Umur Paşa Sokak 5,BEŞİKTAŞ,41.0589,29.0114,45,1,44,YOL ÜSTÜ,1,15,08:00-17:00
2026-08-19T05:03:31.370448+00:00,2026-08-19T08:03:31.370448+03:00,3296,Gaziosmanpaşa Meydanı ve Yaşam Merkezi Zemin Altı Otoparkı,GAZİOSMANPAŞA,41.0606,28.9093,202,0,202,KAPALI OTOPARK,1,15,24 Saat
2026-08-19T05:03:31.370448+00:00,2026-08-19T08:03:31.370448+03:00,2971,Gaziosmanpaşa Zemin Altı Otoparkı,GAZİOSMANPAŞA,41.0796,28.8858,285,0,285,KAPALI OTOPARK,1,0,24 Saat
2026-08-19T05:03:31.370448+00:00,2026-08-19T08:03:31.370448+03:00,3401,Giyimkent Tekstilkent Metro Zemin Altı PD Otoparkı,ESENLER,41.0711,28.8666,203,181,22,KAPALI OTOPARK,1,10,24 Saat
2026-08-19T05:03:31.370448+00:00,2026-08-19T08:03:31.370448+03:00,2242,Gözdağı Sosyal Tesisler  Açık Otoparkı,PENDİK,40.893,29.2538,300,216,84,AÇIK OTOPARK,1,0,07:00-23:00
2026-08-19T05:03:31.370448+00:00,2026-08-19T08:03:31.370448+03:00,1879,Gülsuyu Metro PD Yer Altı Otoparkı,MALTEPE,40.9237,29.1548,76,0,76,KAPALI OTOPARK,1,15,08:00-00:00
2026-08-19T05:03:31.370448+00:00,2026-08-19T08:03:31.370448+03:00,1423,Güneş Plajı 1,BAKIRKÖY,40.9712,28.79,250,246,4,AÇIK OTOPARK,1,10,24 Saat
2026-08-19T05:03:31.370448+00:00,2026-08-19T08:03:31.370448+03:00,1461,Güneş Plajı 2,BAKIRKÖY,40.9692,28.7951,135,123,12,AÇIK OTOPARK,1,10,08:00-20:00
2026-08-19T05:03:31.370448+00:00,2026-08-19T08:03:31.370448+03:00,3053,Güngören Nikah Dairesi Zemin Altı otoparkı,GÜNGÖREN,41.0363,28.8718,147,0,147,KAPALI OTOPARK,1,10,24 Saat
2026-08-19T05:03:31.370448+00:00,2026-08-19T08:03:31.370448+03:00,2216,Gürpınar Balık Hali Otoparkı,BEYLİKDÜZÜ,40.9663,28.6019,1000,735,265,AÇIK OTOPARK,1,15,24 Saat
2026-08-19T05:03:31.370448+00:00,2026-08-19T08:03:31.370448+03:00,1525,Hacıosman Metro Yer Altı Otoparkı,SARIYER,41.14,29.0306,422,250,172,KAPALI OTOPARK,1,15,24 Saat
2026-08-19T05:03:31.370448+00:00,2026-08-19T08:03:31.370448+03:00,1470,Haldun Alagaş Katlı Otoparkı,ÜMRANİYE,41.0262,29.1052,197,63,134,KAPALI OTOPARK,1,15,24 Saat
2026-08-19T05:03:31.370448+00:00,2026-08-19T08:03:31.370448+03:00,3235,Haliç Sosyal Tesisleri Otoparkı,FATİH,41.0277,28.9572,60,58,2,AÇIK OTOPARK,1,15,07:00-00:00
2026-08-19T05:03:31.370448+00:00,2026-08-19T08:03:31.370448+03:00,2848,Halkalı Mahallesi Zemin Altı Otoparkı,KÜÇÜKÇEKMECE,41.0359,28.7848,347,251,96,KAPALI OTOPARK,1,15,24 Saat
2026-08-19T05:03:31.370448+00:00,2026-08-19T08:03:31.370448+03:00,2838,Hamidiye Mahallesi Katlı Otoparkı,KAĞITHANE,41.0949,28.971,450,180,270,KAPALI OTOPARK,1,15,24 Saat
2026-08-19T05:03:31.370448+00:00,2026-08-19T08:03:31.370448+03:00,1446,Harbiye Zemin Altı Otoparkı,BEYOĞLU,41.0408,28.9869,142,64,78,KAPALI OTOPARK,1,5,24 Saat
2026-08-19T05:03:31.370448+00:00,2026-08-19T08:03:31.370448+03:00,2332,Haydarpaşa Katlı Otoparkı,ÜSKÜDAR,41.0048,29.0251,840,613,227,KAPALI OTOPARK,1,15,24 Saat
2026-08-19T05:03:31.370448+00:00,2026-08-19T08:03:31.370448+03:00,1987,Haznedar Yer Altı Otoparkı,GÜNGÖREN,41.0083,28.8729,540,0,540,KAPALI OTOPARK,1,0,24 Saat
2026-08-19T05:03:31.370448+00:00,2026-08-19T08:03:31.370448+03:00,377,Hızır Külhani Sokak,FATİH,41.0202,28.9605,32,1,31,YOL ÜSTÜ,0,15,09:00-17:00
2026-08-19T05:03:31.370448+00:00,2026-08-19T08:03:31.370448+03:00,3173,Hürriyet Mahallesi Zeminaltı Otoparkı,GAZİOSMANPAŞA,41.0708,28.8951,190,0,190,KAPALI OTOPARK,1,15,24 Saat
2026-08-19T05:03:31.370448+00:00,2026-08-19T08:03:31.370448+03:00,157,Ihlamur Dere Caddesi 4,BEŞİKTAŞ,41.047,29.0023,27,1,26,YOL ÜSTÜ,0,15,09:00-17:00
2026-08-19T05:03:31.370448+00:00,2026-08-19T08:03:31.370448+03:00,1189,İçerenköy Sebze Meyve Hali Otoparkı,ATAŞEHİR,40.9766,29.1044,600,600,0,AÇIK OTOPARK,1,15,24 Saat
2026-08-19T05:03:31.370448+00:00,2026-08-19T08:03:31.370448+03:00,1127,İshakpaşa Caddesi,FATİH,41.0079,28.9814,200,1,199,YOL ÜSTÜ,1,0,08:00-18:00
2026-08-19T05:03:31.370448+00:00,2026-08-19T08:03:31.370448+03:00,3265,İspark İstanbul West Marina Açık Otoparkı 1,BEYLİKDÜZÜ,40.9636,28.6564,250,1,249,AÇIK OTOPARK,1,15,24 Saat
2026-08-19T05:03:31.370448+00:00,2026-08-19T08:03:31.370448+03:00,2793,İspark Merter Katlı Otoparkı,GÜNGÖREN,41.0097,28.89,900,442,458,KAPALI OTOPARK,1,10,24 Saat
2026-08-19T05:03:31.370448+00:00,2026-08-19T08:03:31.370448+03:00,2430,İspark West İstanbul Marina Açık Otoparkı,BEYLİKDÜZÜ,40.9639,28.6591,1600,1080,520,AÇIK OTOPARK,1,15,24 Saat
2026-08-19T05:03:31.370448+00:00,2026-08-19T08:03:31.370448+03:00,381,İstinye 4 ( Cami Önü ),SARIYER,41.1149,29.0571,25,1,24,YOL ÜSTÜ,0,15,08:30-17:30
2026-08-19T05:03:31.370448+00:00,2026-08-19T08:03:31.370448+03:00,1804,İtalyan Hastanesi Karşısı Açık Otoparkı 1,BEYOĞLU,41.028,28.9815,30,1,29,AÇIK OTOPARK,1,0,08:00-19:00
2026-08-19T05:03:31.370448+00:00,2026-08-19T08:03:31.370448+03:00,507,Kabasakal Medrese Önü,FATİH,41.0062,28.9789,65,1,64,AÇIK OTOPARK,1,0,08:00-18:30
2026-08-19T05:03:31.370448+00:00,2026-08-19T08:03:31.370448+03:00,3306,Kabataş Transfer Merkezi Turizm Otobüs Otoparkı,BEYOĞLU,41.0336,28.9923,160,95,65,KAPALI OTOPARK,1,20,24 Saat
2026-08-19T05:03:31.370448+00:00,2026-08-19T08:03:31.370448+03:00,2918,Kadıköy Hasanpaşa Gazhane Katlı Otoparkı,KADIKÖY,40.9972,29.0428,310,187,123,KAPALI OTOPARK,1,15,24 Saat
2026-08-19T05:03:31.370448+00:00,2026-08-19T08:03:31.370448+03:00,1447,Kadıköy İski Açık Otoparkı,KADIKÖY,40.9874,29.0207,124,111,13,AÇIK OTOPARK,1,15,24 Saat
2026-08-19T05:03:31.370448+00:00,2026-08-19T08:03:31.370448+03:00,1655,Kadıköy Metro Açık Otoparkı,KADIKÖY,40.9899,29.0217,74,33,41,AÇIK OTOPARK,1,15,24 Saat
2026-08-19T05:03:31.370448+00:00,2026-08-19T08:03:31.370448+03:00,3445,Kadıköy Uzunçayır PD Açık Otoparkı,KADIKÖY,40.9982,29.0569,70,40,30,AÇIK OTOPARK,1,15,06:30-16:30
2026-08-19T05:03:31.370448+00:00,2026-08-19T08:03:31.370448+03:00,2808,Kadıköy Yeni Salı Pazarı PD Katlı Otoparkı,KADIKÖY,40.9969,29.0486,1350,672,678,KAPALI OTOPARK,1,15,24 Saat
2026-08-19T05:03:31.370448+00:00,2026-08-19T08:03:31.370448+03:00,2811,Kağıthane Harmantepe Zemin Altı Otoparkı,KAĞITHANE,41.0816,28.9907,200,0,200,KAPALI OTOPARK,1,0,24 Saat
2026-08-19T05:03:31.370448+00:00,2026-08-19T08:03:31.370448+03:00,1452,Kalamış Açık Otoparkı,KADIKÖY,40.9687,29.0363,173,164,9,AÇIK OTOPARK,1,15,24 Saat
2026-08-19T05:03:31.370448+00:00,2026-08-19T08:03:31.370448+03:00,1474,Kartal Hasan Doğan Spor Kompleksi,KARTAL,40.8918,29.1897,773,0,773,KAPALI OTOPARK,1,15,24 Saat
2026-08-19T05:03:31.370448+00:00,2026-08-19T08:03:31.370448+03:00,1105,Kartal İdo Açık Otoparkı,KARTAL,40.8874,29.1881,90,0,90,AÇIK OTOPARK,1,15,24 Saat
2026-08-19T05:03:31.370448+00:00,2026-08-19T08:03:31.370448+03:00,1550,Kartal Sahil Açık Otoparkı,KARTAL,40.8875,29.1901,75,55,20,AÇIK OTOPARK,1,5,24 Saat
2026-08-19T05:03:31.370448+00:00,2026-08-19T08:03:31.370448+03:00,3434,Kasımpaşa Sosyal Tesisler Otoparkı,BEYOĞLU,41.0296,28.9673,60,38,22,AÇIK OTOPARK,1,0,07:30-23:00
2026-08-19T05:03:31.370448+00:00,2026-08-19T08:03:31.370448+03:00,1960,Kazlıçeşme Marmaray Açık Otoparkı,ZEYTİNBURNU,40.9922,28.917,700,636,64,AÇIK OTOPARK,1,15,24 Saat
2026-08-19T05:03:31.370448+00:00,2026-08-19T08:03:31.370448+03:00,2994,Kirazlı Metro Durağı PD Açık Otoparkı,BAĞCILAR,41.033,28.8429,112,0,112,AÇIK OTOPARK,1,5,24 Saat
2026-08-19T05:03:31.370448+00:00,2026-08-19T08:03:31.370448+03:00,1528,Kore Şehitleri Caddesi - Yüzbaşı Kaya Aldağon Sokak 1,ŞİŞLİ,41.0719,29.0139,40,1,39,YOL ÜSTÜ,1,15,07:00-16:00
2026-08-19T05:03:31.370448+00:00,2026-08-19T08:03:31.370448+03:00,2449,Kozyatağı Sebze-Meyve Hali,ATAŞEHİR,40.9787,29.1029,1500,1499,1,AÇIK OTOPARK,1,0,24 Saat
2026-08-19T05:03:31.370448+00:00,2026-08-19T08:03:31.370448+03:00,1206,Kutlugün Sokak 2,FATİH,41.0061,28.9801,200,1,199,YOL ÜSTÜ,1,0,08:00-18:00
2026-08-19T05:03:31.370448+00:00,2026-08-19T08:03:31.370448+03:00,3074,Küçük Çamlıca,ÜSKÜDAR,41.0204,29.0653,129,104,25,AÇIK OTOPARK,1,0,08:00-22:00
2026-08-19T05:03:31.370448+00:00,2026-08-19T08:03:31.370448+03:00,3127,Küçükçekmece Cennet Mahallesi Meydan Zemin Altı Otoparkı,KÜÇÜKÇEKMECE,40.9907,28.783,456,0,456,KAPALI OTOPARK,1,10,24 Saat
2026-08-19T05:03:31.370448+00:00,2026-08-19T08:03:31.370448+03:00,2554,Küçükçekmece Fevzi Çakmak Meydanı Zemin Altı Otoparkı,KÜÇÜKÇEKMECE,41.0076,28.7927,1000,498,502,KAPALI OTOPARK,1,10,24 Saat
2026-08-19T05:03:31.370448+00:00,2026-08-19T08:03:31.370448+03:00,2882,Küçüksu Kasrı Açık Otoparkı,BEYKOZ,41.0789,29.0657,98,93,5,AÇIK OTOPARK,1,0,07:00-23:00
2026-08-19T05:03:31.370448+00:00,2026-08-19T08:03:31.370448+03:00,220,Levent Hamidiye,BEŞİKTAŞ,41.0861,29.0076,100,1,99,AÇIK OTOPARK,1,0,08:00-19:00
2026-08-19T05:03:31.370448+00:00,2026-08-19T08:03:31.370448+03:00,1138,Levent Metro Yer Altı Otoparkı,BEŞİKTAŞ,41.0811,29.0105,100,1,99,AÇIK OTOPARK,1,5,07:30-19:30
2026-08-19T05:03:31.370448+00:00,2026-08-19T08:03:31.370448+03:00,2335,Maçka Açık Otoparkı,ŞİŞLİ,41.046,28.9908,75,71,4,AÇIK OTOPARK,1,0,24 Saat
2026-08-19T05:03:31.370448+00:00,2026-08-19T08:03:31.370448+03:00,1859,Maçka Katlı Otoparkı,ŞİŞLİ,41.0484,28.9903,508,241,267,KAPALI OTOPARK,1,0,24 Saat
2026-08-19T05:03:31.370448+00:00,2026-08-19T08:03:31.370448+03:00,3193,Maltepe Rıhtım Caddesi Açık Otoparkı,MALTEPE,40.9258,29.1241,76,74,2,AÇIK OTOPARK,1,0,24 Saat
2026-08-19T05:03:31.370448+00:00,2026-08-19T08:03:31.370448+03:00,2146,Maltepe Süreyyapaşa Çarşısı Açık Otoparkı,MALTEPE,40.9274,29.1225,156,138,18,AÇIK OTOPARK,1,0,24 Saat
2026-08-19T05:03:31.370448+00:00,2026-08-19T08:03:31.370448+03:00,1599,Maslak Açık Otoparkı,SARIYER,41.1166,29.024,150,116,34,AÇIK OTOPARK,1,10,24 Saat
2026-08-19T05:03:31.370448+00:00,2026-08-19T08:03:31.370448+03:00,2100,Matbaacılar Sitesi Yanı,ZEYTİNBURNU,41.0234,28.9187,250,190,60,AÇIK OTOPARK,1,5,24 Saat
2026-08-19T05:03:31.370448+00:00,2026-08-19T08:03:31.370448+03:00,920,Meclis-i Mebusan Yokuşu 2,BEYOĞLU,41.0326,28.9882,34,1,33,YOL ÜSTÜ,0,15,09:00-17:00
2026-08-19T05:03:31.370448+00:00,2026-08-19T08:03:31.370448+03:00,1546,Menekşe Plajı Açık Otoparkı,BAKIRKÖY,40.9761,28.7766,200,200,0,AÇIK OTOPARK,1,0,24 Saat
2026-08-19T05:03:31.370448+00:00,2026-08-19T08:03:31.370448+03:00,1376,Mercan Açık,FATİH,41.0136,28.9669,130,112,18,AÇIK OTOPARK,1,0,08:00-23:00
2026-08-19T05:03:31.370448+00:00,2026-08-19T08:03:31.370448+03:00,3309,Mercan Ali Paşa Sarayı Zemin Altı Otoparkı,FATİH,41.0136,28.967,196,1,195,KAPALI OTOPARK,1,0,07:00-21:00
2026-08-19T05:03:31.370448+00:00,2026-08-19T08:03:31.370448+03:00,1472,Merter Katlı Otoparkı,GÜNGÖREN,41.0092,28.8874,1000,895,105,KAPALI OTOPARK,1,10,24 Saat
2026-08-19T05:03:31.370448+00:00,2026-08-19T08:03:31.370448+03:00,2375,Merter Metro PD Zeminaltı Otoparkı,GÜNGÖREN,41.0037,28.8897,242,78,164,KAPALI OTOPARK,1,10,24 Saat
2026-08-19T05:03:31.370448+00:00,2026-08-19T08:03:31.370448+03:00,1568,Mete Caddesi 1,BEYOĞLU,41.0382,28.9879,31,1,30,YOL ÜSTÜ,1,15,08:00-23:00
2026-08-19T05:03:31.370448+00:00,2026-08-19T08:03:31.370448+03:00,1471,Mevlana Yeraltı Katlı Otoparkı,ZEYTİNBURNU,41.0072,28.9049,1000,844,156,KAPALI OTOPARK,1,5,24 Saat
2026-08-19T05:03:31.370448+00:00,2026-08-19T08:03:31.370448+03:00,2709,Millet Caddesi Açık Otoparkı,FATİH,41.01,28.9461,60,1,59,AÇIK OTOPARK,1,15,24 Saat
2026-08-19T05:03:31.370448+00:00,2026-08-19T08:03:31.370448+03:00,3152,Mimar Sinan Zemin Altı Otoparkı,ÜSKÜDAR,41.0222,29.0169,956,669,287,KAPALI OTOPARK,1,15,24 Saat
2026-08-19T05:03:31.370448+00:00,2026-08-19T08:03:31.370448+03:00,2870,Miniatürk Çadır Açık Otoparkı,BEYOĞLU,41.0594,28.9501,250,183,67,AÇIK OTOPARK,1,15,07:00-20:00
2026-08-19T05:03:31.370448+00:00,2026-08-19T08:03:31.370448+03:00,2556,Muallim Naci Açık Otoparkı,BEŞİKTAŞ,41.0561,29.0342,35,30,5,AÇIK OTOPARK,1,15,24 Saat
2026-08-19T05:03:31.370448+00:00,2026-08-19T08:03:31.370448+03:00,569,Oda Kule Önü 1,BEYOĞLU,41.0322,28.9751,24,1,23,YOL ÜSTÜ,1,0,07:00-01:00
2026-08-19T05:03:31.370448+00:00,2026-08-19T08:03:31.370448+03:00,1988,Orhangazi Şehir Parkı PD Açık Otoparkı,MALTEPE,40.9313,29.1161,5022,4614,408,AÇIK OTOPARK,1,15,24 Saat
2026-08-19T05:03:31.370448+00:00,2026-08-19T08:03:31.370448+03:00,152,Ortabahçe Caddesi 2,BEŞİKTAŞ,41.0428,29.0043,35,1,34,YOL ÜSTÜ,1,15,08:00-23:00
2026-08-19T05:03:31.370448+00:00,2026-08-19T08:03:31.370448+03:00,153,Ortabahçe Caddesi 3,BEŞİKTAŞ,41.043,29.0042,26,1,25,YOL ÜSTÜ,1,15,08:00-23:00
2026-08-19T05:03:31.370448+00:00,2026-08-19T08:03:31.370448+03:00,119,Ortaklar Caddesi 1,ŞİŞLİ,41.0638,28.9971,25,1,24,YOL ÜSTÜ,0,15,08:30-17:00
2026-08-19T05:03:31.370448+00:00,2026-08-19T08:03:31.370448+03:00,1343,Ortaköy Açık Otoparkı,BEŞİKTAŞ,41.0504,29.0326,170,163,7,AÇIK OTOPARK,1,0,24 Saat
2026-08-19T05:03:31.370448+00:00,2026-08-19T08:03:31.370448+03:00,572,Ortaköy Portakal Yokuşu 1,BEŞİKTAŞ,41.0503,29.0261,15,1,14,YOL ÜSTÜ,0,15,09:00-19:00
2026-08-19T05:03:31.370448+00:00,2026-08-19T08:03:31.370448+03:00,1039,Öğretmen Evi,AVCILAR,40.9723,28.714,80,42,38,AÇIK OTOPARK,0,0,11:00-23:00
2026-08-19T05:03:31.370448+00:00,2026-08-19T08:03:31.370448+03:00,1466,Pendik Katlı Otoparkı,PENDİK,40.8789,29.2342,120,0,120,KAPALI OTOPARK,1,15,24 Saat
2026-08-19T05:03:31.370448+00:00,2026-08-19T08:03:31.370448+03:00,3073,Pendik Kemal Kalkuz Parkı Zemin Altı Otoparkı,PENDİK,40.8885,29.2427,224,1,223,KAPALI OTOPARK,0,0,09:00-18:00
2026-08-19T05:03:31.370448+00:00,2026-08-19T08:03:31.370448+03:00,3019,Pendik Meydan Zemin Altı Otoparkı,PENDİK,40.8752,29.2324,937,0,937,KAPALI OTOPARK,1,0,24 Saat
2026-08-19T05:03:31.370448+00:00,2026-08-19T08:03:31.370448+03:00,2865,Pendik Sahil Engelliler Merkez Önü,PENDİK,40.8735,29.233,100,66,34,AÇIK OTOPARK,0,0,11:00-20:00
2026-08-19T05:03:31.370448+00:00,2026-08-19T08:03:31.370448+03:00,2434,Pendik Sahil İdo,PENDİK,40.8755,29.2369,100,0,100,AÇIK OTOPARK,1,0,07:00-23:00
2026-08-19T05:03:31.370448+00:00,2026-08-19T08:03:31.370448+03:00,248,Pendik Yenimahalle Açık 2 Otoparkı,PENDİK,40.864,29.2723,124,68,56,AÇIK OTOPARK,0,15,10:00-22:00
2026-08-19T05:03:31.370448+00:00,2026-08-19T08:03:31.370448+03:00,297,Perşembe Pazarı 1,BEYOĞLU,41.0252,28.9693,32,1,31,YOL ÜSTÜ,1,15,08:00-17:00
2026-08-19T05:03:31.370448+00:00,2026-08-19T08:03:31.370448+03:00,597,Pierre Loti Caddesi 3,FATİH,41.0069,28.9711,36,1,35,YOL ÜSTÜ,1,0,07:00-17:00
2026-08-19T05:03:31.370448+00:00,2026-08-19T08:03:31.370448+03:00,3263,Piyalepaşa Meydanı Zemin Altı Otoparkı,BEYOĞLU,41.0445,28.9674,560,228,332,KAPALI OTOPARK,1,0,24 Saat
2026-08-19T05:03:31.370448+00:00,2026-08-19T08:03:31.370448+03:00,1900,Ragıp Gümüşpala Cad.(Sobacılar Önü),FATİH,41.0181,28.969,40,1,39,YOL ÜSTÜ,1,15,07:00-18:00
2026-08-19T05:03:31.370448+00:00,2026-08-19T08:03:31.370448+03:00,415,Ragıp Gümüşpala Camii Önü 1,FATİH,41.0211,28.9627,35,1,34,YOL ÜSTÜ,1,0,07:00-17:30
2026-08-19T05:03:31.370448+00:00,2026-08-19T08:03:31.370448+03:00,3268,Refik Saydam Caddesi 3,BEYOĞLU,41.032,28.9736,55,1,54,YOL ÜSTÜ,1,0,06:00-23:00
2026-08-19T05:03:31.370448+00:00,2026-08-19T08:03:31.370448+03:00,2307,Ressam Halim Sokak PD Açık Otoparkı,BAHÇELİEVLER,40.9967,28.8641,120,113,7,AÇIK OTOPARK,1,15,08:00-00:00
2026-08-19T05:03:31.370448+00:00,2026-08-19T08:03:31.370448+03:00,3082,Rumeli Hisarı Sahil Yolu Otoparkı,SARIYER,41.0854,29.0568,20,10,10,AÇIK OTOPARK,1,0,24 Saat
2026-08-19T05:03:31.370448+00:00,2026-08-19T08:03:31.370448+03:00,1595,Sabiha Gökçen Açık Otoparkı,PENDİK,40.925,29.308,1056,224,832,AÇIK OTOPARK,1,15,24 Saat
2026-08-19T05:03:31.370448+00:00,2026-08-19T08:03:31.370448+03:00,3239,Samatya Sahil Cep Otoparkı,FATİH,40.9954,28.932,113,109,4,AÇIK OTOPARK,1,15,24 Saat
2026-08-19T05:03:31.370448+00:00,2026-08-19T08:03:31.370448+03:00,3273,Sarıyer Büyükdere Fidanlığı,SARIYER,41.1548,29.0268,160,155,5,AÇIK OTOPARK,1,0,08:00-18:00
2026-08-19T05:03:31.370448+00:00,2026-08-19T08:03:31.370448+03:00,3299,Sariyer Ayazağa Mah Vadi İstanbul Önü Açık Otoparkı,SARIYER,41.1106,28.9881,100,94,6,AÇIK OTOPARK,1,0,08:00-20:00
2026-08-19T05:03:31.370448+00:00,2026-08-19T08:03:31.370448+03:00,1303,Seyrantepe Katlı (Arena Karşısı) 1,KAĞITHANE,41.101,28.9961,1897,1896,1,KAPALI OTOPARK,1,0,24 Saat
2026-08-19T05:03:31.370448+00:00,2026-08-19T08:03:31.370448+03:00,1628,Sıracevizler Caddesi Yol Üstü 5,ŞİŞLİ,41.0607,28.9841,45,1,44,YOL ÜSTÜ,0,15,09:00-17:00
2026-08-19T05:03:31.370448+00:00,2026-08-19T08:03:31.370448+03:00,464,Sirkeci Gar Önü,FATİH,41.015,28.9761,60,1,59,AÇIK OTOPARK,1,5,07:00-20:00
2026-08-19T05:03:31.370448+00:00,2026-08-19T08:03:31.370448+03:00,1486,Siyavuşpaşa Yer Altı Otoparkı,BAHÇELİEVLER,40.9965,28.8532,155,0,155,KAPALI OTOPARK,1,0,24 Saat
2026-08-19T05:03:31.370448+00:00,2026-08-19T08:03:31.370448+03:00,1958,Soğanlık Metro PD Açık Otoparkı,KARTAL,40.9131,29.1925,898,851,47,AÇIK OTOPARK,1,15,24 Saat
2026-08-19T05:03:31.370448+00:00,2026-08-19T08:03:31.370448+03:00,589,Su Terazisi Sokak,FATİH,41.0046,28.9727,22,1,21,YOL ÜSTÜ,1,0,07:30-17:00
2026-08-19T05:03:31.370448+00:00,2026-08-19T08:03:31.370448+03:00,1478,Suadiye Cep Açık Otoparkı,KADIKÖY,40.9586,29.0732,130,122,8,AÇIK OTOPARK,1,15,24 Saat
2026-08-19T05:03:31.370448+00:00,2026-08-19T08:03:31.370448+03:00,2948,Suadiye Sahil Açık Otoparkı,KADIKÖY,40.9562,29.0797,70,62,8,AÇIK OTOPARK,1,5,24 Saat
2026-08-19T05:03:31.370448+00:00,2026-08-19T08:03:31.370448+03:00,2799,Sultanbeyli Emir Caddesi Zemin Altı Otoparkı,SULTANBEYLİ,40.9707,29.2606,130,116,14,KAPALI OTOPARK,1,15,08:00-22:00
2026-08-19T05:03:31.370448+00:00,2026-08-19T08:03:31.370448+03:00,2372,Sultanbeyli Kent Meydanı Zemin Altı Otoparkı,SULTANBEYLİ,40.9667,29.2667,300,201,99,KAPALI OTOPARK,1,15,24 Saat
2026-08-19T05:03:31.370448+00:00,2026-08-19T08:03:31.370448+03:00,2410,Sultangazi Zemin Altı Otoparkı,SULTANGAZİ,41.0944,28.8649,104,0,104,KAPALI OTOPARK,1,10,24 Saat
2026-08-19T05:03:31.370448+00:00,2026-08-19T08:03:31.370448+03:00,2085,Süleyman Seba Caddesi 2,BEŞİKTAŞ,41.0426,28.9998,40,1,39,YOL ÜSTÜ,1,15,08:00-18:00
2026-08-19T05:03:31.370448+00:00,2026-08-19T08:03:31.370448+03:00,2088,Süleyman Seba Caddesi 5,BEŞİKTAŞ,41.0432,28.9978,40,1,39,YOL ÜSTÜ,1,15,08:00-18:00
2026-08-19T05:03:31.370448+00:00,2026-08-19T08:03:31.370448+03:00,2089,Süleyman Seba Caddesi 6,BEŞİKTAŞ,41.0435,28.9967,11,1,10,YOL ÜSTÜ,1,15,08:00-18:00
2026-08-19T05:03:31.370448+00:00,2026-08-19T08:03:31.370448+03:00,2391,Süleymaniye Cami Altı Açık Otoparkı,FATİH,41.0158,28.961,250,234,16,AÇIK OTOPARK,1,0,06:30-18:30
2026-08-19T05:03:31.370448+00:00,2026-08-19T08:03:31.370448+03:00,1730,Sütlüce Miniatürk Yanı,BEYOĞLU,41.057,28.95,320,227,93,AÇIK OTOPARK,1,15,24 Saat
2026-08-19T05:03:31.370448+00:00,2026-08-19T08:03:31.370448+03:00,36,Şakayık Sokak 4,ŞİŞLİ,41.0518,28.9936,50,1,49,YOL ÜSTÜ,1,15,08:00-16:00
2026-08-19T05:03:31.370448+00:00,2026-08-19T08:03:31.370448+03:00,1469,Şehit Volkan Duysak Katlı Otoparkı,ZEYTİNBURNU,40.9968,28.9039,1000,681,319,KAPALI OTOPARK,1,5,24 Saat
2026-08-19T05:03:31.370448+00:00,2026-08-19T08:03:31.370448+03:00,2385,Şehremini Açık Otoparkı 1,FATİH,41.0135,28.9333,60,1,59,AÇIK OTOPARK,0,0,08:30-20:30
2026-08-19T05:03:31.370448+00:00,2026-08-19T08:03:31.370448+03:00,2855,Şemsipaşa Açık Otoparkı,ÜSKÜDAR,41.0255,29.0097,80,70,10,AÇIK OTOPARK,1,0,24 Saat
2026-08-19T05:03:31.370448+00:00,2026-08-19T08:03:31.370448+03:00,2439,Şirinevler Meydan Zeminaltı Otoparkı,BAHÇELİEVLER,40.9925,28.8496,367,89,278,KAPALI OTOPARK,1,0,24 Saat
2026-08-19T05:03:31.370448+00:00,2026-08-19T08:03:31.370448+03:00,3400,Şişhane Refik Saydam Caddesi 2 Yol Üstü Otoparkı 1,BEYOĞLU,41.0326,28.9743,70,1,69,YOL ÜSTÜ,1,15,06:00-23:00
2026-08-19T05:03:31.370448+00:00,2026-08-19T08:03:31.370448+03:00,3441,Şişli Kuştepe Zemin Altı Otoparkı,ŞİŞLİ,41.072,28.9919,430,289,141,KAPALI OTOPARK,1,15,24 Saat
2026-08-19T05:03:31.370448+00:00,2026-08-19T08:03:31.370448+03:00,2816,Şişli Rumeli Caddesi Metro Yanı 1,ŞİŞLİ,41.0538,28.9868,45,1,44,YOL ÜSTÜ,1,15,08:00-20:00
2026-08-19T05:03:31.370448+00:00,2026-08-19T08:03:31.370448+03:00,2406,Şişli Zemin Altı Otoparkı,ŞİŞLİ,41.0641,28.9992,581,344,237,KAPALI OTOPARK,1,15,24 Saat
2026-08-19T05:03:31.370448+00:00,2026-08-19T08:03:31.370448+03:00,1993,Tuzla İdo,TUZLA,40.8149,29.3039,300,294,6,AÇIK OTOPARK,1,15,24 Saat
2026-08-19T05:03:31.370448+00:00,2026-08-19T08:03:31.370448+03:00,3332,Tuzla Sahil Cep,TUZLA,40.8168,29.2992,50,38,12,AÇIK OTOPARK,1,0,08:00-00:00
2026-08-19T05:03:31.370448+00:00,2026-08-19T08:03:31.370448+03:00,3057,Tuzla Sahil Zemin Altı Otoparkı,TUZLA,40.8181,29.3004,779,1,778,KAPALI OTOPARK,1,15,24 Saat
2026-08-19T05:03:31.370448+00:00,2026-08-19T08:03:31.370448+03:00,1811,Ulu Camii Açık Otoparkı,BAHÇELİEVLER,40.9982,28.8499,150,117,33,AÇIK OTOPARK,1,10,24 Saat
2026-08-19T05:03:31.370448+00:00,2026-08-19T08:03:31.370448+03:00,2424,Uzunçayır Açık Otoparkı,KADIKÖY,40.9988,29.0556,58,52,6,AÇIK OTOPARK,1,0,06:00-16:00
2026-08-19T05:03:31.370448+00:00,2026-08-19T08:03:31.370448+03:00,1468,Ümraniye Katlı Otoparkı,ÜMRANİYE,41.0261,29.0953,665,574,91,KAPALI OTOPARK,1,15,24 Saat
2026-08-19T05:03:31.370448+00:00,2026-08-19T08:03:31.370448+03:00,2898,Ümraniye Okan Sokak Zeminaltı Otoparkı,ÜMRANİYE,41.0284,29.0907,125,19,106,KAPALI OTOPARK,1,15,24 Saat
2026-08-19T05:03:31.370448+00:00,2026-08-19T08:03:31.370448+03:00,2345,Üsküdar Uzunçayır PD Açık Otoparkı,ÜSKÜDAR,40.9988,29.0577,90,79,11,AÇIK OTOPARK,1,15,06:00-22:00
2026-08-19T05:03:31.370448+00:00,2026-08-19T08:03:31.370448+03:00,1929,Üsküdar Ünalan Açık Otoparkı,ÜSKÜDAR,40.9979,29.0604,180,175,5,AÇIK OTOPARK,1,0,07:00-17:00
2026-08-19T05:03:31.370448+00:00,2026-08-19T08:03:31.370448+03:00,1487,Vatan Caddesi PD Açık Otoparkı,FATİH,41.0157,28.9405,397,321,76,AÇIK OTOPARK,1,5,24 Saat
2026-08-19T05:03:31.370448+00:00,2026-08-19T08:03:31.370448+03:00,2441,Yalı Açık Otoparkı,MALTEPE,40.9095,29.137,85,81,4,AÇIK OTOPARK,1,0,07:30-22:00
2026-08-19T05:03:31.370448+00:00,2026-08-19T08:03:31.370448+03:00,459,Yalı Köşkü Caddesi 1,FATİH,41.0163,28.9759,61,1,60,YOL ÜSTÜ,1,5,07:00-21:00
2026-08-19T05:03:31.370448+00:00,2026-08-19T08:03:31.370448+03:00,2037,Yenikapı Marmaray Büyük Otoparkı,FATİH,41.0057,28.9505,324,227,97,AÇIK OTOPARK,1,15,24 Saat
2026-08-19T05:03:31.370448+00:00,2026-08-19T08:03:31.370448+03:00,2036,Yenikapı Marmaray Küçük Otoparkı,FATİH,41.0064,28.9504,200,199,1,AÇIK OTOPARK,1,15,07:00-22:00
2026-08-19T05:03:31.370448+00:00,2026-08-19T08:03:31.370448+03:00,2175,Yenikapı Spor ve Kültür Merkezi PD Açık Otoparkı,FATİH,41.0006,28.9519,4023,3969,54,AÇIK OTOPARK,1,15,24 Saat
2026-08-19T05:03:31.370448+00:00,2026-08-19T08:03:31.370448+03:00,2805,Yenikapı Tünel Üstü Açık Otoparkı,FATİH,41.0029,28.9534,700,641,59,AÇIK OTOPARK,1,10,24 Saat
2026-08-19T05:03:31.370448+00:00,2026-08-19T08:03:31.370448+03:00,3404,Yenimahalle Metro Zemin Altı PD Otoparkı,GAZİOSMANPAŞA,41.0839,28.8926,114,93,21,KAPALI OTOPARK,1,15,24 Saat
2026-08-19T05:03:31.370448+00:00,2026-08-19T08:03:31.370448+03:00,2920,Yeşilce Zemin Altı Katlı Otoparkı,KAĞITHANE,41.0938,29.0017,676,0,676,KAPALI OTOPARK,1,0,24 Saat
2026-08-19T05:03:31.370448+00:00,2026-08-19T08:03:31.370448+03:00,987,Yeşilköy İstasyon Caddesi 1,BAKIRKÖY,40.962,28.825,40,1,39,YOL ÜSTÜ,0,15,09:00-17:30
2026-08-19T05:03:31.370448+00:00,2026-08-19T08:03:31.370448+03:00,974,Yeşilköy Marina 1,BAKIRKÖY,40.9576,28.8233,145,1,144,YOL ÜSTÜ,0,0,12:00-23:00
2026-08-19T05:03:31.370448+00:00,2026-08-19T08:03:31.370448+03:00,3406,Yeşilpınar Metro Zemin Altı PD Otoparkı,EYÜP,41.081,28.9204,269,190,79,KAPALI OTOPARK,1,15,24 Saat
2026-08-19T05:03:31.370448+00:00,2026-08-19T08:03:31.370448+03:00,315,Yeşilyurt Çarşı 1,BAKIRKÖY,40.9643,28.8379,50,1,49,YOL ÜSTÜ,0,15,09:00-17:30
2026-08-19T05:03:31.370448+00:00,2026-08-19T08:03:31.370448+03:00,1133,Yıldız Korusu,BEŞİKTAŞ,41.0514,29.0165,500,1,499,AÇIK OTOPARK,1,0,08:00-22:00
2026-08-19T05:03:31.370448+00:00,2026-08-19T08:03:31.370448+03:00,882,Zeytinburnu 58. Bulvar 2,ZEYTİNBURNU,40.9932,28.9039,48,1,47,YOL ÜSTÜ,0,15,09:00-18:00
2026-08-19T05:03:31.370448+00:00,2026-08-19T08:03:31.370448+03:00,3185,Zeytinburnu Sahil Cep Otoparkı,ZEYTİNBURNU,40.9798,28.8985,160,1,159,AÇIK OTOPARK,0,0,12:00-22:00
2026-08-19T06:18:10.304899+00:00,2026-08-19T09:18:10.304899+03:00,3068,15 Temmuz Şehitler Meydanı Zeminaltı Otoparkı,ÜMRANİYE,41.0246,29.0915,1029,570,459,KAPALI OTOPARK,1,15,24 Saat
2026-08-19T06:18:10.304899+00:00,2026-08-19T09:18:10.304899+03:00,2338,19 Mayıs Açık,ŞİŞLİ,41.0563,28.9941,65,0,65,AÇIK OTOPARK,1,0,24 Saat
2026-08-19T06:18:10.304899+00:00,2026-08-19T09:18:10.304899+03:00,1751,4.Levent PD Açık Otoparkı,KAĞITHANE,41.0836,29.0081,236,107,129,AÇIK OTOPARK,1,5,24 Saat
2026-08-19T06:18:10.304899+00:00,2026-08-19T09:18:10.304899+03:00,3328,4.Levent Servis ve Turizm Araçları Açık Otoparkı,ŞİŞLİ,41.0841,29.0054,300,159,141,AÇIK OTOPARK,1,15,24 Saat
2026-08-19T06:18:10.304899+00:00,2026-08-19T09:18:10.304899+03:00,3412,5. Levent Gaziosmanpaşa Adliyesi Yanı Açık Otoparkı,EYÜP,41.0927,28.9494,250,185,65,AÇIK OTOPARK,1,15,07:00-23:00
2026-08-19T06:18:10.304899+00:00,2026-08-19T09:18:10.304899+03:00,104,Abide-i Hürriyet Caddesi 5,ŞİŞLİ,41.0619,28.9876,40,1,39,YOL ÜSTÜ,1,15,08:00-17:00
2026-08-19T06:18:10.304899+00:00,2026-08-19T09:18:10.304899+03:00,2452,Acıbadem Açık Otoparkı,ÜSKÜDAR,41.0157,29.0574,100,86,14,AÇIK OTOPARK,1,0,06:30-16:00
2026-08-19T06:18:10.304899+00:00,2026-08-19T09:18:10.304899+03:00,346,Ada Karşısı Cep 2,BEŞİKTAŞ,41.072,29.045,30,1,29,YOL ÜSTÜ,1,15,08:00-23:00
2026-08-19T06:18:10.304899+00:00,2026-08-19T09:18:10.304899+03:00,1663,Akasyalı Sokak Tenis Kulubü Önü 2,BEŞİKTAŞ,41.0867,29.0109,45,1,44,YOL ÜSTÜ,1,15,08:30-17:30
2026-08-19T06:18:10.304899+00:00,2026-08-19T09:18:10.304899+03:00,828,Akdeniz Caddesi 4,FATİH,41.0175,28.9435,27,1,26,YOL ÜSTÜ,1,15,09:00-18:00
2026-08-19T06:18:10.304899+00:00,2026-08-19T09:18:10.304899+03:00,1913,Alibeyköy Cep Otogarı Açık Otoparkı,EYÜP,41.0879,28.9446,116,0,116,AÇIK OTOPARK,1,25,24 Saat
2026-08-19T06:18:10.304899+00:00,2026-08-19T09:18:10.304899+03:00,1912,Alibeyköy Cep Otogarı Otobüs Otoparkı,EYÜP,41.0875,28.9449,5000,1,4999,AÇIK OTOPARK,1,60,24 Saat
2026-08-19T06:18:10.304899+00:00,2026-08-19T09:18:10.304899+03:00,2562,Alibeyköy Yeşiltepe Zemin Altı Otoparkı,EYÜP,41.0797,28.938,159,65,94,KAPALI OTOPARK,1,15,24 Saat
2026-08-19T06:18:10.304899+00:00,2026-08-19T09:18:10.304899+03:00,3201,Altınboynuz Sosyal Tesisleri,EYÜP,41.058,28.9447,70,1,69,AÇIK OTOPARK,1,15,08:00-23:00
2026-08-19T06:18:10.304899+00:00,2026-08-19T09:18:10.304899+03:00,758,Arap Camii Açık Otoparkı,BEYOĞLU,41.0227,28.9723,30,1,29,AÇIK OTOPARK,1,0,09:00-17:00
2026-08-19T06:18:10.304899+00:00,2026-08-19T09:18:10.304899+03:00,1963,Aras Sokak 1,BÜYÜKÇEKMECE,41.0226,28.622,60,1,59,YOL ÜSTÜ,1,0,06:00-14:30
2026-08-19T06:18:10.304899+00:00,2026-08-19T09:18:10.304899+03:00,2802,Arnavutköy Zemin Altı Otoparkı,ARNAVUTKÖY,41.1838,28.7396,700,26,674,KAPALI OTOPARK,1,15,24 Saat
2026-08-19T06:18:10.304899+00:00,2026-08-19T09:18:10.304899+03:00,1797,Ataköy Atrium AVM,BAKIRKÖY,40.9881,28.8459,250,223,27,AÇIK OTOPARK,1,15,08:00-23:00
2026-08-19T06:18:10.304899+00:00,2026-08-19T09:18:10.304899+03:00,2824,Ataköy Metro Durağı Yanı PD Zemin Altı Otoparkı,BAKIRKÖY,40.9904,28.8456,150,88,62,KAPALI OTOPARK,1,0,24 Saat
2026-08-19T06:18:10.304899+00:00,2026-08-19T09:18:10.304899+03:00,359,Atatürk Bulvarı 1,FATİH,41.0112,28.9534,20,1,19,YOL ÜSTÜ,1,0,07:30-18:00
2026-08-19T06:18:10.304899+00:00,2026-08-19T09:18:10.304899+03:00,3087,Atatürk Kent Ormanı Otoparkı,SARIYER,41.136,29.0262,200,198,2,AÇIK OTOPARK,1,0,08:00-17:00
2026-08-19T06:18:10.304899+00:00,2026-08-19T09:18:10.304899+03:00,2243,Avcılar Denizköşkler Toplantı ve Davet Salonu Açık Otoparkı,AVCILAR,40.9746,28.7435,200,197,3,AÇIK OTOPARK,0,15,13:00-07:00
2026-08-19T06:18:10.304899+00:00,2026-08-19T09:18:10.304899+03:00,1088,Avcılar İdo,AVCILAR,40.9712,28.7185,270,261,9,AÇIK OTOPARK,0,0,13:00-07:00
2026-08-19T06:18:10.304899+00:00,2026-08-19T09:18:10.304899+03:00,2885,Azapkapı Haliç Metro Otoparkı,ŞİŞLİ,41.0245,28.9691,80,7,73,AÇIK OTOPARK,1,5,24 Saat
2026-08-19T06:18:10.304899+00:00,2026-08-19T09:18:10.304899+03:00,2455,Azerbaycan Dostluk Parkı Zemin Altı Otoparkı,BAĞCILAR,41.0444,28.854,400,159,241,KAPALI OTOPARK,1,10,24 Saat
2026-08-19T06:18:10.304899+00:00,2026-08-19T09:18:10.304899+03:00,2965,Bağcılar Çolakoğlu Zemin Altı Otoparkı,BAĞCILAR,41.0324,28.8345,106,0,106,KAPALI OTOPARK,1,5,24 Saat
2026-08-19T06:18:10.304899+00:00,2026-08-19T09:18:10.304899+03:00,2576,Bağcılar Demirkapı Zemin Altı Otoparkı,BAĞCILAR,41.0499,28.8327,343,166,177,KAPALI OTOPARK,1,5,24 Saat
2026-08-19T06:18:10.304899+00:00,2026-08-19T09:18:10.304899+03:00,3036,Bağcılar Devlet Hastanesi Yanı Zeminaltı Otoparkı,BAĞCILAR,41.0312,28.8696,1133,58,1075,KAPALI OTOPARK,1,15,24 Saat
2026-08-19T06:18:10.304899+00:00,2026-08-19T09:18:10.304899+03:00,3071,Bağcılar Emniyet Müdürlüğü Yanı Açık Otoparkı,BAĞCILAR,41.0353,28.8598,100,43,57,AÇIK OTOPARK,1,0,24 Saat
2026-08-19T06:18:10.304899+00:00,2026-08-19T09:18:10.304899+03:00,2873,Bağcılar Göztepe Zemin Altı,BAĞCILAR,41.0567,28.8355,120,0,120,KAPALI OTOPARK,1,5,24 Saat
2026-08-19T06:18:10.304899+00:00,2026-08-19T09:18:10.304899+03:00,3187,Bağcılar Hürriyet Mahallesi Zemin Altı Otoparkı,BAĞCILAR,41.0291,28.8333,355,0,355,KAPALI OTOPARK,1,10,24 Saat
2026-08-19T06:18:10.304899+00:00,2026-08-19T09:18:10.304899+03:00,2916,Bağcılar Kent Meydanı PD Zemin Altı Otoparkı,BAĞCILAR,41.0339,28.8556,1162,0,1162,KAPALI OTOPARK,1,0,24 Saat
2026-08-19T06:18:10.304899+00:00,2026-08-19T09:18:10.304899+03:00,3261,Bağcılar Yenimahalle Zemin Altı Otoparkı,BAĞCILAR,41.0425,28.8395,525,267,258,KAPALI OTOPARK,1,15,24 Saat
2026-08-19T06:18:10.304899+00:00,2026-08-19T09:18:10.304899+03:00,2820,Bağcılar Yıldıztepe Katlı Otoparkı,BAĞCILAR,41.0294,28.8556,350,0,350,KAPALI OTOPARK,1,10,24 Saat
2026-08-19T06:18:10.304899+00:00,2026-08-19T09:18:10.304899+03:00,3447,Bahçelievler 23 Nisan Milli Egemenlik Zeminaltı Otoparkı,BAHÇELİEVLER,40.9988,28.8472,732,470,262,KAPALI OTOPARK,1,10,24 Saat
2026-08-19T06:18:10.304899+00:00,2026-08-19T09:18:10.304899+03:00,2993,Bahçelievler Cumhuriyet Zeminaltı Otoparkı,BAHÇELİEVLER,41.0149,28.859,663,0,663,KAPALI OTOPARK,1,10,24 Saat
2026-08-19T06:18:10.304899+00:00,2026-08-19T09:18:10.304899+03:00,2969,Bahçelievler Devlet Hastanesi Yanı Katlı Otoparkı,BAHÇELİEVLER,41.0072,28.8442,740,0,740,KAPALI OTOPARK,1,0,24 Saat
2026-08-19T06:18:10.304899+00:00,2026-08-19T09:18:10.304899+03:00,3051,Bahçelievler Zafer Mh. Zeminaltı Otoparkı,BAHÇELİEVLER,41.0036,28.8351,200,79,121,KAPALI OTOPARK,1,0,24 Saat
2026-08-19T06:18:10.304899+00:00,2026-08-19T09:18:10.304899+03:00,3236,Bahçeşehir Gölet Açık Otoparkı,BAŞAKŞEHİR,41.0719,28.6901,200,1,199,AÇIK OTOPARK,0,0,12:00-22:00
2026-08-19T06:18:10.304899+00:00,2026-08-19T09:18:10.304899+03:00,1465,Bakırköy İdo Açık Otoparkı,BAKIRKÖY,40.9739,28.8761,160,139,21,AÇIK OTOPARK,1,10,24 Saat
2026-08-19T06:18:10.304899+00:00,2026-08-19T09:18:10.304899+03:00,1104,Balmumcu Katlı Otoparkı,BEŞİKTAŞ,41.0636,29.0109,400,201,199,KAPALI OTOPARK,1,5,24 Saat
2026-08-19T06:18:10.304899+00:00,2026-08-19T09:18:10.304899+03:00,2796,Başakşehir Metro Açık Otoparkı,BAŞAKŞEHİR,41.107,28.801,125,1,124,AÇIK OTOPARK,1,0,07:00-16:00
2026-08-19T06:18:10.304899+00:00,2026-08-19T09:18:10.304899+03:00,2350,Bayrampaşa Adapark Katlı Otoparkı,BAYRAMPAŞA,41.0647,28.8875,650,0,650,KAPALI OTOPARK,1,15,24 Saat
2026-08-19T06:18:10.304899+00:00,2026-08-19T09:18:10.304899+03:00,2892,Bayrampaşa Altıntepsi Zemin  Altı Otoparkı,BAYRAMPAŞA,41.0393,28.9029,110,0,110,KAPALI OTOPARK,1,10,24 Saat
2026-08-19T06:18:10.304899+00:00,2026-08-19T09:18:10.304899+03:00,2909,Bayrampaşa Atatürk Parkı  Zemin Altı Otoparkı,BAYRAMPAŞA,41.0342,28.9123,442,0,442,KAPALI OTOPARK,1,10,24 Saat
2026-08-19T06:18:10.304899+00:00,2026-08-19T09:18:10.304899+03:00,2683,Bayrampaşa Devlet Hastanesi Cep Otoparkı,BAYRAMPAŞA,41.0414,28.9031,55,15,40,AÇIK OTOPARK,1,0,08:00-19:00
2026-08-19T06:18:10.304899+00:00,2026-08-19T09:18:10.304899+03:00,3301,Bayrampaşa Kocatepe Mahallesi Zemin Altı Otoparkı,BAYRAMPAŞA,41.0545,28.8964,241,0,241,KAPALI OTOPARK,1,10,24 Saat
2026-08-19T06:18:10.304899+00:00,2026-08-19T09:18:10.304899+03:00,2053,Bayrampaşa Muratpaşa Yer Altı Otoparkı,BAYRAMPAŞA,41.047,28.9082,300,0,300,KAPALI OTOPARK,1,15,24 Saat
2026-08-19T06:18:10.304899+00:00,2026-08-19T09:18:10.304899+03:00,3175,Bayrampaşa Spor Kompleksi Zemin Altı Otoparkı,BAYRAMPAŞA,41.0446,28.9106,205,0,205,KAPALI OTOPARK,1,15,24 Saat
2026-08-19T06:18:10.304899+00:00,2026-08-19T09:18:10.304899+03:00,3382,Bayrampaşa Şehit Kamil Balkan Zemin Altı Otoparkı,BAYRAMPAŞA,41.0604,28.9008,235,0,235,KAPALI OTOPARK,1,10,24 Saat
2026-08-19T06:18:10.304899+00:00,2026-08-19T09:18:10.304899+03:00,2428,Bayrampaşa Yenidoğan Mahallesi Zemin Altı Otoparkı,BAYRAMPAŞA,41.0395,28.9088,120,0,120,KAPALI OTOPARK,1,10,24 Saat
2026-08-19T06:18:10.304899+00:00,2026-08-19T09:18:10.304899+03:00,2468,Bebek Açık,BEŞİKTAŞ,41.077,29.0434,30,0,30,AÇIK OTOPARK,1,0,24 Saat
2026-08-19T06:18:10.304899+00:00,2026-08-19T09:18:10.304899+03:00,3479,Beşiktaş Halk Pazarı Açık Otoparkı,BEŞİKTAŞ,41.0496,29.0004,170,107,63,AÇIK OTOPARK,1,5,24 Saat
2026-08-19T06:18:10.304899+00:00,2026-08-19T09:18:10.304899+03:00,3257,Beykoz Sahil Cep Otoparkı,BEYKOZ,41.1286,29.0953,100,75,25,AÇIK OTOPARK,1,0,08:00-00:00
2026-08-19T06:18:10.304899+00:00,2026-08-19T09:18:10.304899+03:00,2273,Beykoz Sosyal Tesisleri,BEYKOZ,41.1143,29.0888,130,100,30,AÇIK OTOPARK,1,15,08:00-00:00
2026-08-19T06:18:10.304899+00:00,2026-08-19T09:18:10.304899+03:00,2999,Beyoğlu Gazhane Bostan Sokak 2,BEYOĞLU,41.0389,28.9903,35,1,34,YOL ÜSTÜ,1,0,07:30-16:30
2026-08-19T06:18:10.304899+00:00,2026-08-19T09:18:10.304899+03:00,3072,Beyoğlu Örnektepe Zemin Altı Otoparkı,BEYOĞLU,41.0543,28.9548,143,0,143,KAPALI OTOPARK,1,0,24 Saat
2026-08-19T06:18:10.304899+00:00,2026-08-19T09:18:10.304899+03:00,1455,Bostancı Açık,KADIKÖY,40.9523,29.0902,394,137,257,AÇIK OTOPARK,1,15,24 Saat
2026-08-19T06:18:10.304899+00:00,2026-08-19T09:18:10.304899+03:00,1456,Bostancı Sahil-Cep Açık Otoparkı,KADIKÖY,40.9545,29.0885,192,153,39,AÇIK OTOPARK,1,15,24 Saat
2026-08-19T06:18:10.304899+00:00,2026-08-19T09:18:10.304899+03:00,2150,Bostancı Vergi Dairesi Açık Otoparkı,ATAŞEHİR,40.9625,29.1083,155,0,155,AÇIK OTOPARK,1,5,08:00-20:00
2026-08-19T06:18:10.304899+00:00,2026-08-19T09:18:10.304899+03:00,2854,Bülent Ecevit Kültür Merkezi Açık Otoparkı,KARTAL,40.8852,29.1967,277,266,11,AÇIK OTOPARK,0,0,10:00-21:00
2026-08-19T06:18:10.304899+00:00,2026-08-19T09:18:10.304899+03:00,2866,Büyük İstanbul Otogarı,BAYRAMPAŞA,41.0402,28.8942,1000,0,1000,AÇIK OTOPARK,1,25,24 Saat
2026-08-19T06:18:10.304899+00:00,2026-08-19T09:18:10.304899+03:00,1192,Büyükçamlıca Korusu Sosyal Tesisleri Önü,ÜSKÜDAR,41.0264,29.0698,204,112,92,AÇIK OTOPARK,1,0,08:00-00:00
2026-08-19T06:18:10.304899+00:00,2026-08-19T09:18:10.304899+03:00,2960,Büyükçekmece Metrobüs Durağı Yanı PD Zemin Altı Otopark,BÜYÜKÇEKMECE,41.0221,28.624,448,339,109,KAPALI OTOPARK,1,0,24 Saat
2026-08-19T06:18:10.304899+00:00,2026-08-19T09:18:10.304899+03:00,1503,Cadde Bostan Açık Otoparkı,KADIKÖY,40.9636,29.0675,66,50,16,AÇIK OTOPARK,1,15,24 Saat
2026-08-19T06:18:10.304899+00:00,2026-08-19T09:18:10.304899+03:00,2933,Cemal Kamacı Spor Kompleksi Zemin Altı Otoparkı,KAĞITHANE,41.0536,28.9575,510,0,510,KAPALI OTOPARK,1,0,24 Saat
2026-08-19T06:18:10.304899+00:00,2026-08-19T09:18:10.304899+03:00,2207,Cengiz Topel Yer Altı Katlı Otoparkı,ESENLER,41.0588,28.8643,144,0,144,KAPALI OTOPARK,1,15,24 Saat
2026-08-19T06:18:10.304899+00:00,2026-08-19T09:18:10.304899+03:00,2787,Cevizli Açık Otoparkı,KARTAL,40.9179,29.1712,100,31,69,AÇIK OTOPARK,1,15,08:00-19:00
2026-08-19T06:18:10.304899+00:00,2026-08-19T09:18:10.304899+03:00,782,Cihangir Caddesi 2,BEYOĞLU,41.0319,28.9862,70,1,69,YOL ÜSTÜ,1,15,09:00-19:00
2026-08-19T06:18:10.304899+00:00,2026-08-19T09:18:10.304899+03:00,1467,Cihangir Katlı Otoparkı,BEYOĞLU,41.0318,28.9858,350,0,350,KAPALI OTOPARK,1,0,24 Saat
2026-08-19T06:18:10.304899+00:00,2026-08-19T09:18:10.304899+03:00,535,Cihannuma Yol Üstü 1,BEŞİKTAŞ,41.0454,29.0084,35,1,34,YOL ÜSTÜ,1,0,08:00-23:00
2026-08-19T06:18:10.304899+00:00,2026-08-19T09:18:10.304899+03:00,537,Cihannuma Yol Üstü 3,BEŞİKTAŞ,41.0459,29.0087,33,1,32,YOL ÜSTÜ,1,0,08:00-23:00
2026-08-19T06:18:10.304899+00:00,2026-08-19T09:18:10.304899+03:00,539,Cihannuma Yol Üstü 5,BEŞİKTAŞ,41.0489,29.0094,24,1,23,YOL ÜSTÜ,1,0,08:00-23:00
2026-08-19T06:18:10.304899+00:00,2026-08-19T09:18:10.304899+03:00,3184,Çam Sokak 6,GÜNGÖREN,41.0121,28.8882,50,1,49,YOL ÜSTÜ,1,15,08:00-17:00
2026-08-19T06:18:10.304899+00:00,2026-08-19T09:18:10.304899+03:00,3030,Çekmeköy Metro PD Zemin Altı Otoparkı,ÇEKMEKÖY,41.0147,29.1886,175,51,124,KAPALI OTOPARK,1,15,24 Saat
2026-08-19T06:18:10.304899+00:00,2026-08-19T09:18:10.304899+03:00,2905,Çeliktepe Açık Otoparkı,KAĞITHANE,41.0843,29.0056,200,92,108,AÇIK OTOPARK,1,5,24 Saat
2026-08-19T06:18:10.304899+00:00,2026-08-19T09:18:10.304899+03:00,1298,Çengelköy Açık Otoparkı,ÜSKÜDAR,41.0484,29.0533,500,337,163,AÇIK OTOPARK,1,15,24 Saat
2026-08-19T06:18:10.304899+00:00,2026-08-19T09:18:10.304899+03:00,502,Çınar Açık Otoparkı,BEŞİKTAŞ,41.0853,29.0088,65,1,64,AÇIK OTOPARK,1,0,08:00-18:00
2026-08-19T06:18:10.304899+00:00,2026-08-19T09:18:10.304899+03:00,777,Çırağan Sarayı Yol Üstü 1,BEŞİKTAŞ,41.0448,29.0165,40,1,39,YOL ÜSTÜ,1,15,08:00-23:00
2026-08-19T06:18:10.304899+00:00,2026-08-19T09:18:10.304899+03:00,778,Çırağan Sarayı Yol Üstü 2,BEŞİKTAŞ,41.0445,29.0156,40,1,39,YOL ÜSTÜ,1,15,08:00-23:00
2026-08-19T06:18:10.304899+00:00,2026-08-19T09:18:10.304899+03:00,2228,Çırpıcı Sosyal Tesisler,ZEYTİNBURNU,41,28.8926,128,0,128,AÇIK OTOPARK,1,15,07:00-00:00
2026-08-19T06:18:10.304899+00:00,2026-08-19T09:18:10.304899+03:00,1508,Çiroz Yeşilköy Halk Pazarı,BAKIRKÖY,40.9628,28.8129,471,470,1,AÇIK OTOPARK,1,0,08:00-18:00
2026-08-19T06:18:10.304899+00:00,2026-08-19T09:18:10.304899+03:00,2030,Dalyan Açık Otoparkı,KADIKÖY,40.9632,29.0651,92,69,23,AÇIK OTOPARK,1,15,24 Saat
2026-08-19T06:18:10.304899+00:00,2026-08-19T09:18:10.304899+03:00,2271,Damla Sokak 1,ŞİŞLİ,41.0672,29.0004,17,1,16,YOL ÜSTÜ,1,15,07:30-16:30
2026-08-19T06:18:10.304899+00:00,2026-08-19T09:18:10.304899+03:00,2164,Darüşşafaka Yeraltı Otoparkı,SARIYER,41.1292,29.0252,150,129,21,KAPALI OTOPARK,1,15,08:00-00:00
2026-08-19T06:18:10.304899+00:00,2026-08-19T09:18:10.304899+03:00,1653,Deniz Feneri Otoparkı,FATİH,41.0019,28.9773,175,134,41,AÇIK OTOPARK,1,5,24 Saat
2026-08-19T06:18:10.304899+00:00,2026-08-19T09:18:10.304899+03:00,595,Dostluk Yurdu 1,FATİH,41.0071,28.973,33,1,32,YOL ÜSTÜ,1,15,07:00-17:00
2026-08-19T06:18:10.304899+00:00,2026-08-19T09:18:10.304899+03:00,2237,Dragos Sosyal Tesisleri,KARTAL,40.9017,29.1458,100,49,51,AÇIK OTOPARK,1,15,24 Saat
2026-08-19T06:18:10.304899+00:00,2026-08-19T09:18:10.304899+03:00,3063,Dudullu Metro PD Zemin Altı Otoparkı,ÜMRANİYE,41.0156,29.1633,81,56,25,KAPALI OTOPARK,1,15,07:00-23:30
2026-08-19T06:18:10.304899+00:00,2026-08-19T09:18:10.304899+03:00,1522,Ebu Suut Caddesi 1,FATİH,41.0128,28.9766,35,1,34,YOL ÜSTÜ,1,0,08:00-18:00
2026-08-19T06:18:10.304899+00:00,2026-08-19T09:18:10.304899+03:00,2147,EGS Blokları Açık Otoparkı,BAKIRKÖY,40.9863,28.8354,350,0,350,AÇIK OTOPARK,1,60,09:00-19:30
2026-08-19T06:18:10.304899+00:00,2026-08-19T09:18:10.304899+03:00,2366,Esenler Adem Baştürk Kültür Merkezi Katlı,ESENLER,41.039,28.8846,460,17,443,KAPALI OTOPARK,1,15,24 Saat
2026-08-19T06:18:10.304899+00:00,2026-08-19T09:18:10.304899+03:00,3190,Esenler Havaalanı Mahallesi Zemin Altı Otoparkı,ESENLER,41.0562,28.8674,610,356,254,KAPALI OTOPARK,1,10,24 Saat
2026-08-19T06:18:10.304899+00:00,2026-08-19T09:18:10.304899+03:00,3011,Esenler Menderes Metro İstasyonu Yanı,ESENLER,41.0427,28.8783,68,0,68,AÇIK OTOPARK,1,5,24 Saat
2026-08-19T06:18:10.304899+00:00,2026-08-19T09:18:10.304899+03:00,2822,Esenler Menderes Parkı Zemin Altı Otoparkı,ESENLER,41.0412,28.8729,325,38,287,KAPALI OTOPARK,1,10,24 Saat
2026-08-19T06:18:10.304899+00:00,2026-08-19T09:18:10.304899+03:00,3303,Esenyurt Adile Naşit Bulvarı Zeminaltı Otoparkı,ESENYURT,41.0205,28.6859,367,284,83,KAPALI OTOPARK,1,15,24 Saat
2026-08-19T06:18:10.304899+00:00,2026-08-19T09:18:10.304899+03:00,1328,Eski Salı Pazarı,KADIKÖY,40.9904,29.0338,760,0,760,AÇIK OTOPARK,1,15,24 Saat
2026-08-19T06:18:10.304899+00:00,2026-08-19T09:18:10.304899+03:00,904,Eyüp Pierloti Caddesi 1,EYÜP,41.0539,28.9329,40,1,39,YOL ÜSTÜ,1,0,09:00-22:00
2026-08-19T06:18:10.304899+00:00,2026-08-19T09:18:10.304899+03:00,2850,Eyüpsultan Akşemsettin Mahallesi Zemin Altı Otoparkı,EYÜP,41.085,28.9258,110,0,110,KAPALI OTOPARK,1,15,24 Saat
2026-08-19T06:18:10.304899+00:00,2026-08-19T09:18:10.304899+03:00,2215,Fatih Çeşmesi Tabiat Parkı Otoparkı,SARIYER,41.1686,28.9448,250,243,7,AÇIK OTOPARK,1,0,06:00-20:00
2026-08-19T06:18:10.304899+00:00,2026-08-19T09:18:10.304899+03:00,1475,Fatih Katlı Otoparkı,FATİH,41.0198,28.9396,118,10,108,KAPALI OTOPARK,1,10,24 Saat
2026-08-19T06:18:10.304899+00:00,2026-08-19T09:18:10.304899+03:00,1591,Feshane PD Açık Otoparkı,EYÜP,41.0463,28.9378,200,111,89,AÇIK OTOPARK,1,15,24 Saat
2026-08-19T06:18:10.304899+00:00,2026-08-19T09:18:10.304899+03:00,1005,Florya Havuzlu Bahçe,BAKIRKÖY,40.9764,28.7908,135,1,134,AÇIK OTOPARK,1,0,09:00-23:00
2026-08-19T06:18:10.304899+00:00,2026-08-19T09:18:10.304899+03:00,2238,Florya Sosyal Tesisleri,BAKIRKÖY,40.9614,28.8091,1074,985,89,AÇIK OTOPARK,1,15,24 Saat
2026-08-19T06:18:10.304899+00:00,2026-08-19T09:18:10.304899+03:00,1704,Gazi Umur Paşa Sokak 5,BEŞİKTAŞ,41.0589,29.0114,45,1,44,YOL ÜSTÜ,1,15,08:00-17:00
2026-08-19T06:18:10.304899+00:00,2026-08-19T09:18:10.304899+03:00,3296,Gaziosmanpaşa Meydanı ve Yaşam Merkezi Zemin Altı Otoparkı,GAZİOSMANPAŞA,41.0606,28.9093,202,0,202,KAPALI OTOPARK,1,15,24 Saat
2026-08-19T06:18:10.304899+00:00,2026-08-19T09:18:10.304899+03:00,2971,Gaziosmanpaşa Zemin Altı Otoparkı,GAZİOSMANPAŞA,41.0796,28.8858,285,0,285,KAPALI OTOPARK,1,0,24 Saat
2026-08-19T06:18:10.304899+00:00,2026-08-19T09:18:10.304899+03:00,3401,Giyimkent Tekstilkent Metro Zemin Altı PD Otoparkı,ESENLER,41.0711,28.8666,203,172,31,KAPALI OTOPARK,1,10,24 Saat
2026-08-19T06:18:10.304899+00:00,2026-08-19T09:18:10.304899+03:00,2242,Gözdağı Sosyal Tesisler  Açık Otoparkı,PENDİK,40.893,29.2538,300,216,84,AÇIK OTOPARK,1,0,07:00-23:00
2026-08-19T06:18:10.304899+00:00,2026-08-19T09:18:10.304899+03:00,1879,Gülsuyu Metro PD Yer Altı Otoparkı,MALTEPE,40.9237,29.1548,76,0,76,KAPALI OTOPARK,1,15,08:00-00:00
2026-08-19T06:18:10.304899+00:00,2026-08-19T09:18:10.304899+03:00,1423,Güneş Plajı 1,BAKIRKÖY,40.9712,28.79,250,241,9,AÇIK OTOPARK,1,10,24 Saat
2026-08-19T06:18:10.304899+00:00,2026-08-19T09:18:10.304899+03:00,1461,Güneş Plajı 2,BAKIRKÖY,40.9692,28.7951,135,123,12,AÇIK OTOPARK,1,10,08:00-20:00
2026-08-19T06:18:10.304899+00:00,2026-08-19T09:18:10.304899+03:00,3053,Güngören Nikah Dairesi Zemin Altı otoparkı,GÜNGÖREN,41.0363,28.8718,147,0,147,KAPALI OTOPARK,1,10,24 Saat
2026-08-19T06:18:10.304899+00:00,2026-08-19T09:18:10.304899+03:00,2216,Gürpınar Balık Hali Otoparkı,BEYLİKDÜZÜ,40.9663,28.6019,1000,722,278,AÇIK OTOPARK,1,15,24 Saat
2026-08-19T06:18:10.304899+00:00,2026-08-19T09:18:10.304899+03:00,1525,Hacıosman Metro Yer Altı Otoparkı,SARIYER,41.14,29.0306,422,167,255,KAPALI OTOPARK,1,15,24 Saat
2026-08-19T06:18:10.304899+00:00,2026-08-19T09:18:10.304899+03:00,1470,Haldun Alagaş Katlı Otoparkı,ÜMRANİYE,41.0262,29.1052,197,29,168,KAPALI OTOPARK,1,15,24 Saat
2026-08-19T06:18:10.304899+00:00,2026-08-19T09:18:10.304899+03:00,3235,Haliç Sosyal Tesisleri Otoparkı,FATİH,41.0277,28.9572,60,50,10,AÇIK OTOPARK,1,15,07:00-00:00
2026-08-19T06:18:10.304899+00:00,2026-08-19T09:18:10.304899+03:00,2848,Halkalı Mahallesi Zemin Altı Otoparkı,KÜÇÜKÇEKMECE,41.0359,28.7848,347,194,153,KAPALI OTOPARK,1,15,24 Saat
2026-08-19T06:18:10.304899+00:00,2026-08-19T09:18:10.304899+03:00,2838,Hamidiye Mahallesi Katlı Otoparkı,KAĞITHANE,41.0949,28.971,450,191,259,KAPALI OTOPARK,1,15,24 Saat
2026-08-19T06:18:10.304899+00:00,2026-08-19T09:18:10.304899+03:00,1446,Harbiye Zemin Altı Otoparkı,BEYOĞLU,41.0408,28.9869,142,36,106,KAPALI OTOPARK,1,5,24 Saat
2026-08-19T06:18:10.304899+00:00,2026-08-19T09:18:10.304899+03:00,2332,Haydarpaşa Katlı Otoparkı,ÜSKÜDAR,41.0048,29.0251,840,414,426,KAPALI OTOPARK,1,15,24 Saat
2026-08-19T06:18:10.304899+00:00,2026-08-19T09:18:10.304899+03:00,1987,Haznedar Yer Altı Otoparkı,GÜNGÖREN,41.0083,28.8729,540,0,540,KAPALI OTOPARK,1,0,24 Saat
2026-08-19T06:18:10.304899+00:00,2026-08-19T09:18:10.304899+03:00,377,Hızır Külhani Sokak,FATİH,41.0202,28.9605,32,1,31,YOL ÜSTÜ,1,15,09:00-17:00
2026-08-19T06:18:10.304899+00:00,2026-08-19T09:18:10.304899+03:00,3173,Hürriyet Mahallesi Zeminaltı Otoparkı,GAZİOSMANPAŞA,41.0708,28.8951,190,0,190,KAPALI OTOPARK,1,15,24 Saat
2026-08-19T06:18:10.304899+00:00,2026-08-19T09:18:10.304899+03:00,157,Ihlamur Dere Caddesi 4,BEŞİKTAŞ,41.047,29.0023,27,1,26,YOL ÜSTÜ,1,15,09:00-17:00
2026-08-19T06:18:10.304899+00:00,2026-08-19T09:18:10.304899+03:00,1189,İçerenköy Sebze Meyve Hali Otoparkı,ATAŞEHİR,40.9766,29.1044,600,600,0,AÇIK OTOPARK,1,15,24 Saat
2026-08-19T06:18:10.304899+00:00,2026-08-19T09:18:10.304899+03:00,1127,İshakpaşa Caddesi,FATİH,41.0079,28.9814,200,1,199,YOL ÜSTÜ,1,0,08:00-18:00
2026-08-19T06:18:10.304899+00:00,2026-08-19T09:18:10.304899+03:00,3265,İspark İstanbul West Marina Açık Otoparkı 1,BEYLİKDÜZÜ,40.9636,28.6564,250,1,249,AÇIK OTOPARK,1,15,24 Saat
2026-08-19T06:18:10.304899+00:00,2026-08-19T09:18:10.304899+03:00,2793,İspark Merter Katlı Otoparkı,GÜNGÖREN,41.0097,28.89,900,387,513,KAPALI OTOPARK,1,10,24 Saat
2026-08-19T06:18:10.304899+00:00,2026-08-19T09:18:10.304899+03:00,2430,İspark West İstanbul Marina Açık Otoparkı,BEYLİKDÜZÜ,40.9639,28.6591,1600,1038,562,AÇIK OTOPARK,1,15,24 Saat
2026-08-19T06:18:10.304899+00:00,2026-08-19T09:18:10.304899+03:00,381,İstinye 4 ( Cami Önü ),SARIYER,41.1149,29.0571,25,1,24,YOL ÜSTÜ,1,15,08:30-17:30
2026-08-19T06:18:10.304899+00:00,2026-08-19T09:18:10.304899+03:00,1804,İtalyan Hastanesi Karşısı Açık Otoparkı 1,BEYOĞLU,41.028,28.9815,30,1,29,AÇIK OTOPARK,1,0,08:00-19:00
2026-08-19T06:18:10.304899+00:00,2026-08-19T09:18:10.304899+03:00,507,Kabasakal Medrese Önü,FATİH,41.0062,28.9789,65,1,64,AÇIK OTOPARK,1,0,08:00-18:30
2026-08-19T06:18:10.304899+00:00,2026-08-19T09:18:10.304899+03:00,3306,Kabataş Transfer Merkezi Turizm Otobüs Otoparkı,BEYOĞLU,41.0336,28.9923,160,66,94,KAPALI OTOPARK,1,20,24 Saat
2026-08-19T06:18:10.304899+00:00,2026-08-19T09:18:10.304899+03:00,2918,Kadıköy Hasanpaşa Gazhane Katlı Otoparkı,KADIKÖY,40.9972,29.0428,310,192,118,KAPALI OTOPARK,1,15,24 Saat
2026-08-19T06:18:10.304899+00:00,2026-08-19T09:18:10.304899+03:00,1447,Kadıköy İski Açık Otoparkı,KADIKÖY,40.9874,29.0207,124,90,34,AÇIK OTOPARK,1,15,24 Saat
2026-08-19T06:18:10.304899+00:00,2026-08-19T09:18:10.304899+03:00,1655,Kadıköy Metro Açık Otoparkı,KADIKÖY,40.9899,29.0217,74,0,74,AÇIK OTOPARK,1,15,24 Saat
2026-08-19T06:18:10.304899+00:00,2026-08-19T09:18:10.304899+03:00,3445,Kadıköy Uzunçayır PD Açık Otoparkı,KADIKÖY,40.9982,29.0569,70,40,30,AÇIK OTOPARK,1,15,06:30-16:30
2026-08-19T06:18:10.304899+00:00,2026-08-19T09:18:10.304899+03:00,2808,Kadıköy Yeni Salı Pazarı PD Katlı Otoparkı,KADIKÖY,40.9969,29.0486,1350,673,677,KAPALI OTOPARK,1,15,24 Saat
2026-08-19T06:18:10.304899+00:00,2026-08-19T09:18:10.304899+03:00,2811,Kağıthane Harmantepe Zemin Altı Otoparkı,KAĞITHANE,41.0816,28.9907,200,0,200,KAPALI OTOPARK,1,0,24 Saat
2026-08-19T06:18:10.304899+00:00,2026-08-19T09:18:10.304899+03:00,1452,Kalamış Açık Otoparkı,KADIKÖY,40.9687,29.0363,173,156,17,AÇIK OTOPARK,1,15,24 Saat
2026-08-19T06:18:10.304899+00:00,2026-08-19T09:18:10.304899+03:00,1474,Kartal Hasan Doğan Spor Kompleksi,KARTAL,40.8918,29.1897,773,0,773,KAPALI OTOPARK,1,15,24 Saat
2026-08-19T06:18:10.304899+00:00,2026-08-19T09:18:10.304899+03:00,1105,Kartal İdo Açık Otoparkı,KARTAL,40.8874,29.1881,90,0,90,AÇIK OTOPARK,1,15,24 Saat
2026-08-19T06:18:10.304899+00:00,2026-08-19T09:18:10.304899+03:00,1550,Kartal Sahil Açık Otoparkı,KARTAL,40.8875,29.1901,75,38,37,AÇIK OTOPARK,1,5,24 Saat
2026-08-19T06:18:10.304899+00:00,2026-08-19T09:18:10.304899+03:00,3434,Kasımpaşa Sosyal Tesisler Otoparkı,BEYOĞLU,41.0296,28.9673,60,37,23,AÇIK OTOPARK,1,0,07:30-23:00
2026-08-19T06:18:10.304899+00:00,2026-08-19T09:18:10.304899+03:00,1960,Kazlıçeşme Marmaray Açık Otoparkı,ZEYTİNBURNU,40.9922,28.917,700,607,93,AÇIK OTOPARK,1,15,24 Saat
2026-08-19T06:18:10.304899+00:00,2026-08-19T09:18:10.304899+03:00,2994,Kirazlı Metro Durağı PD Açık Otoparkı,BAĞCILAR,41.033,28.8429,112,0,112,AÇIK OTOPARK,1,5,24 Saat
2026-08-19T06:18:10.304899+00:00,2026-08-19T09:18:10.304899+03:00,1528,Kore Şehitleri Caddesi - Yüzbaşı Kaya Aldağon Sokak 1,ŞİŞLİ,41.0719,29.0139,40,1,39,YOL ÜSTÜ,1,15,07:00-16:00
2026-08-19T06:18:10.304899+00:00,2026-08-19T09:18:10.304899+03:00,2449,Kozyatağı Sebze-Meyve Hali,ATAŞEHİR,40.9787,29.1029,1500,1500,0,AÇIK OTOPARK,1,0,24 Saat
2026-08-19T06:18:10.304899+00:00,2026-08-19T09:18:10.304899+03:00,1206,Kutlugün Sokak 2,FATİH,41.0061,28.9801,200,1,199,YOL ÜSTÜ,1,0,08:00-18:00
2026-08-19T06:18:10.304899+00:00,2026-08-19T09:18:10.304899+03:00,3074,Küçük Çamlıca,ÜSKÜDAR,41.0204,29.0653,129,105,24,AÇIK OTOPARK,1,0,08:00-22:00
2026-08-19T06:18:10.304899+00:00,2026-08-19T09:18:10.304899+03:00,3127,Küçükçekmece Cennet Mahallesi Meydan Zemin Altı Otoparkı,KÜÇÜKÇEKMECE,40.9907,28.783,456,0,456,KAPALI OTOPARK,1,10,24 Saat
2026-08-19T06:18:10.304899+00:00,2026-08-19T09:18:10.304899+03:00,2554,Küçükçekmece Fevzi Çakmak Meydanı Zemin Altı Otoparkı,KÜÇÜKÇEKMECE,41.0076,28.7927,1000,505,495,KAPALI OTOPARK,1,10,24 Saat
2026-08-19T06:18:10.304899+00:00,2026-08-19T09:18:10.304899+03:00,2882,Küçüksu Kasrı Açık Otoparkı,BEYKOZ,41.0789,29.0657,98,93,5,AÇIK OTOPARK,1,0,07:00-23:00
2026-08-19T06:18:10.304899+00:00,2026-08-19T09:18:10.304899+03:00,220,Levent Hamidiye,BEŞİKTAŞ,41.0861,29.0076,100,1,99,AÇIK OTOPARK,1,0,08:00-19:00
2026-08-19T06:18:10.304899+00:00,2026-08-19T09:18:10.304899+03:00,1138,Levent Metro Yer Altı Otoparkı,BEŞİKTAŞ,41.0811,29.0105,100,1,99,AÇIK OTOPARK,1,5,07:30-19:30
2026-08-19T06:18:10.304899+00:00,2026-08-19T09:18:10.304899+03:00,2335,Maçka Açık Otoparkı,ŞİŞLİ,41.046,28.9908,75,71,4,AÇIK OTOPARK,1,0,24 Saat
2026-08-19T06:18:10.304899+00:00,2026-08-19T09:18:10.304899+03:00,1859,Maçka Katlı Otoparkı,ŞİŞLİ,41.0484,28.9903,508,197,311,KAPALI OTOPARK,1,0,24 Saat
2026-08-19T06:18:10.304899+00:00,2026-08-19T09:18:10.304899+03:00,3193,Maltepe Rıhtım Caddesi Açık Otoparkı,MALTEPE,40.9258,29.1241,76,68,8,AÇIK OTOPARK,1,0,24 Saat
2026-08-19T06:18:10.304899+00:00,2026-08-19T09:18:10.304899+03:00,2146,Maltepe Süreyyapaşa Çarşısı Açık Otoparkı,MALTEPE,40.9274,29.1225,156,127,29,AÇIK OTOPARK,1,0,24 Saat
2026-08-19T06:18:10.304899+00:00,2026-08-19T09:18:10.304899+03:00,1599,Maslak Açık Otoparkı,SARIYER,41.1166,29.024,150,70,80,AÇIK OTOPARK,1,10,24 Saat
2026-08-19T06:18:10.304899+00:00,2026-08-19T09:18:10.304899+03:00,2100,Matbaacılar Sitesi Yanı,ZEYTİNBURNU,41.0234,28.9187,250,150,100,AÇIK OTOPARK,1,5,24 Saat
2026-08-19T06:18:10.304899+00:00,2026-08-19T09:18:10.304899+03:00,920,Meclis-i Mebusan Yokuşu 2,BEYOĞLU,41.0326,28.9882,34,1,33,YOL ÜSTÜ,1,15,09:00-17:00
2026-08-19T06:18:10.304899+00:00,2026-08-19T09:18:10.304899+03:00,1546,Menekşe Plajı Açık Otoparkı,BAKIRKÖY,40.9761,28.7766,200,200,0,AÇIK OTOPARK,1,0,24 Saat
2026-08-19T06:18:10.304899+00:00,2026-08-19T09:18:10.304899+03:00,1376,Mercan Açık,FATİH,41.0136,28.9669,130,79,51,AÇIK OTOPARK,1,0,08:00-23:00
2026-08-19T06:18:10.304899+00:00,2026-08-19T09:18:10.304899+03:00,3309,Mercan Ali Paşa Sarayı Zemin Altı Otoparkı,FATİH,41.0136,28.967,196,1,195,KAPALI OTOPARK,1,0,07:00-21:00
2026-08-19T06:18:10.304899+00:00,2026-08-19T09:18:10.304899+03:00,1472,Merter Katlı Otoparkı,GÜNGÖREN,41.0092,28.8874,1000,887,113,KAPALI OTOPARK,1,10,24 Saat
2026-08-19T06:18:10.304899+00:00,2026-08-19T09:18:10.304899+03:00,2375,Merter Metro PD Zeminaltı Otoparkı,GÜNGÖREN,41.0037,28.8897,242,73,169,KAPALI OTOPARK,1,10,24 Saat
2026-08-19T06:18:10.304899+00:00,2026-08-19T09:18:10.304899+03:00,1568,Mete Caddesi 1,BEYOĞLU,41.0382,28.9879,31,1,30,YOL ÜSTÜ,1,15,08:00-23:00
2026-08-19T06:18:10.304899+00:00,2026-08-19T09:18:10.304899+03:00,1471,Mevlana Yeraltı Katlı Otoparkı,ZEYTİNBURNU,41.0072,28.9049,1000,852,148,KAPALI OTOPARK,1,5,24 Saat
2026-08-19T06:18:10.304899+00:00,2026-08-19T09:18:10.304899+03:00,2709,Millet Caddesi Açık Otoparkı,FATİH,41.01,28.9461,60,1,59,AÇIK OTOPARK,1,15,24 Saat
2026-08-19T06:18:10.304899+00:00,2026-08-19T09:18:10.304899+03:00,3152,Mimar Sinan Zemin Altı Otoparkı,ÜSKÜDAR,41.0222,29.0169,956,597,359,KAPALI OTOPARK,1,15,24 Saat
2026-08-19T06:18:10.304899+00:00,2026-08-19T09:18:10.304899+03:00,2870,Miniatürk Çadır Açık Otoparkı,BEYOĞLU,41.0594,28.9501,250,162,88,AÇIK OTOPARK,1,15,07:00-20:00
2026-08-19T06:18:10.304899+00:00,2026-08-19T09:18:10.304899+03:00,2556,Muallim Naci Açık Otoparkı,BEŞİKTAŞ,41.0561,29.0342,35,30,5,AÇIK OTOPARK,1,15,24 Saat
2026-08-19T06:18:10.304899+00:00,2026-08-19T09:18:10.304899+03:00,569,Oda Kule Önü 1,BEYOĞLU,41.0322,28.9751,24,1,23,YOL ÜSTÜ,1,0,07:00-01:00
2026-08-19T06:18:10.304899+00:00,2026-08-19T09:18:10.304899+03:00,1988,Orhangazi Şehir Parkı PD Açık Otoparkı,MALTEPE,40.9313,29.1161,5022,4581,441,AÇIK OTOPARK,1,15,24 Saat
2026-08-19T06:18:10.304899+00:00,2026-08-19T09:18:10.304899+03:00,152,Ortabahçe Caddesi 2,BEŞİKTAŞ,41.0428,29.0043,35,1,34,YOL ÜSTÜ,1,15,08:00-23:00
2026-08-19T06:18:10.304899+00:00,2026-08-19T09:18:10.304899+03:00,153,Ortabahçe Caddesi 3,BEŞİKTAŞ,41.043,29.0042,26,1,25,YOL ÜSTÜ,1,15,08:00-23:00
2026-08-19T06:18:10.304899+00:00,2026-08-19T09:18:10.304899+03:00,119,Ortaklar Caddesi 1,ŞİŞLİ,41.0638,28.9971,25,1,24,YOL ÜSTÜ,1,15,08:30-17:00
2026-08-19T06:18:10.304899+00:00,2026-08-19T09:18:10.304899+03:00,1343,Ortaköy Açık Otoparkı,BEŞİKTAŞ,41.0504,29.0326,170,154,16,AÇIK OTOPARK,1,0,24 Saat
2026-08-19T06:18:10.304899+00:00,2026-08-19T09:18:10.304899+03:00,572,Ortaköy Portakal Yokuşu 1,BEŞİKTAŞ,41.0503,29.0261,15,1,14,YOL ÜSTÜ,1,15,09:00-19:00
2026-08-19T06:18:10.304899+00:00,2026-08-19T09:18:10.304899+03:00,1039,Öğretmen Evi,AVCILAR,40.9723,28.714,80,42,38,AÇIK OTOPARK,0,0,11:00-23:00
2026-08-19T06:18:10.304899+00:00,2026-08-19T09:18:10.304899+03:00,1466,Pendik Katlı Otoparkı,PENDİK,40.8789,29.2342,120,0,120,KAPALI OTOPARK,1,15,24 Saat
2026-08-19T06:18:10.304899+00:00,2026-08-19T09:18:10.304899+03:00,3073,Pendik Kemal Kalkuz Parkı Zemin Altı Otoparkı,PENDİK,40.8885,29.2427,224,1,223,KAPALI OTOPARK,1,0,09:00-18:00
2026-08-19T06:18:10.304899+00:00,2026-08-19T09:18:10.304899+03:00,3019,Pendik Meydan Zemin Altı Otoparkı,PENDİK,40.8752,29.2324,937,0,937,KAPALI OTOPARK,1,0,24 Saat
2026-08-19T06:18:10.304899+00:00,2026-08-19T09:18:10.304899+03:00,2865,Pendik Sahil Engelliler Merkez Önü,PENDİK,40.8735,29.233,100,66,34,AÇIK OTOPARK,0,0,11:00-20:00
2026-08-19T06:18:10.304899+00:00,2026-08-19T09:18:10.304899+03:00,2434,Pendik Sahil İdo,PENDİK,40.8755,29.2369,100,0,100,AÇIK OTOPARK,1,0,07:00-23:00
2026-08-19T06:18:10.304899+00:00,2026-08-19T09:18:10.304899+03:00,248,Pendik Yenimahalle Açık 2 Otoparkı,PENDİK,40.864,29.2723,124,60,64,AÇIK OTOPARK,0,15,10:00-22:00
2026-08-19T06:18:10.304899+00:00,2026-08-19T09:18:10.304899+03:00,297,Perşembe Pazarı 1,BEYOĞLU,41.0252,28.9693,32,1,31,YOL ÜSTÜ,1,15,08:00-17:00
2026-08-19T06:18:10.304899+00:00,2026-08-19T09:18:10.304899+03:00,597,Pierre Loti Caddesi 3,FATİH,41.0069,28.9711,36,1,35,YOL ÜSTÜ,1,0,07:00-17:00
2026-08-19T06:18:10.304899+00:00,2026-08-19T09:18:10.304899+03:00,3263,Piyalepaşa Meydanı Zemin Altı Otoparkı,BEYOĞLU,41.0445,28.9674,560,256,304,KAPALI OTOPARK,1,0,24 Saat
2026-08-19T06:18:10.304899+00:00,2026-08-19T09:18:10.304899+03:00,1900,Ragıp Gümüşpala Cad.(Sobacılar Önü),FATİH,41.0181,28.969,40,1,39,YOL ÜSTÜ,1,15,07:00-18:00
2026-08-19T06:18:10.304899+00:00,2026-08-19T09:18:10.304899+03:00,415,Ragıp Gümüşpala Camii Önü 1,FATİH,41.0211,28.9627,35,1,34,YOL ÜSTÜ,1,0,07:00-17:30
2026-08-19T06:18:10.304899+00:00,2026-08-19T09:18:10.304899+03:00,3268,Refik Saydam Caddesi 3,BEYOĞLU,41.032,28.9736,55,1,54,YOL ÜSTÜ,1,0,06:00-23:00
2026-08-19T06:18:10.304899+00:00,2026-08-19T09:18:10.304899+03:00,2307,Ressam Halim Sokak PD Açık Otoparkı,BAHÇELİEVLER,40.9967,28.8641,120,105,15,AÇIK OTOPARK,1,15,08:00-00:00
2026-08-19T06:18:10.304899+00:00,2026-08-19T09:18:10.304899+03:00,3082,Rumeli Hisarı Sahil Yolu Otoparkı,SARIYER,41.0854,29.0568,20,8,12,AÇIK OTOPARK,1,0,24 Saat
2026-08-19T06:18:10.304899+00:00,2026-08-19T09:18:10.304899+03:00,1595,Sabiha Gökçen Açık Otoparkı,PENDİK,40.925,29.308,1056,214,842,AÇIK OTOPARK,1,15,24 Saat
2026-08-19T06:18:10.304899+00:00,2026-08-19T09:18:10.304899+03:00,3239,Samatya Sahil Cep Otoparkı,FATİH,40.9954,28.932,113,111,2,AÇIK OTOPARK,1,15,24 Saat
2026-08-19T06:18:10.304899+00:00,2026-08-19T09:18:10.304899+03:00,3273,Sarıyer Büyükdere Fidanlığı,SARIYER,41.1548,29.0268,160,155,5,AÇIK OTOPARK,1,0,08:00-18:00
2026-08-19T06:18:10.304899+00:00,2026-08-19T09:18:10.304899+03:00,3299,Sariyer Ayazağa Mah Vadi İstanbul Önü Açık Otoparkı,SARIYER,41.1106,28.9881,100,95,5,AÇIK OTOPARK,1,0,08:00-20:00
2026-08-19T06:18:10.304899+00:00,2026-08-19T09:18:10.304899+03:00,1303,Seyrantepe Katlı (Arena Karşısı) 1,KAĞITHANE,41.101,28.9961,1897,1897,0,KAPALI OTOPARK,1,0,24 Saat
2026-08-19T06:18:10.304899+00:00,2026-08-19T09:18:10.304899+03:00,1628,Sıracevizler Caddesi Yol Üstü 5,ŞİŞLİ,41.0607,28.9841,45,1,44,YOL ÜSTÜ,1,15,09:00-17:00
2026-08-19T06:18:10.304899+00:00,2026-08-19T09:18:10.304899+03:00,464,Sirkeci Gar Önü,FATİH,41.015,28.9761,60,1,59,AÇIK OTOPARK,1,5,07:00-20:00
2026-08-19T06:18:10.304899+00:00,2026-08-19T09:18:10.304899+03:00,1486,Siyavuşpaşa Yer Altı Otoparkı,BAHÇELİEVLER,40.9965,28.8532,155,0,155,KAPALI OTOPARK,1,0,24 Saat
2026-08-19T06:18:10.304899+00:00,2026-08-19T09:18:10.304899+03:00,1958,Soğanlık Metro PD Açık Otoparkı,KARTAL,40.9131,29.1925,898,843,55,AÇIK OTOPARK,1,15,24 Saat
2026-08-19T06:18:10.304899+00:00,2026-08-19T09:18:10.304899+03:00,589,Su Terazisi Sokak,FATİH,41.0046,28.9727,22,1,21,YOL ÜSTÜ,1,0,07:30-17:00
2026-08-19T06:18:10.304899+00:00,2026-08-19T09:18:10.304899+03:00,1478,Suadiye Cep Açık Otoparkı,KADIKÖY,40.9586,29.0732,130,122,8,AÇIK OTOPARK,1,15,24 Saat
2026-08-19T06:18:10.304899+00:00,2026-08-19T09:18:10.304899+03:00,2948,Suadiye Sahil Açık Otoparkı,KADIKÖY,40.9562,29.0797,70,58,12,AÇIK OTOPARK,1,5,24 Saat
2026-08-19T06:18:10.304899+00:00,2026-08-19T09:18:10.304899+03:00,2799,Sultanbeyli Emir Caddesi Zemin Altı Otoparkı,SULTANBEYLİ,40.9707,29.2606,130,86,44,KAPALI OTOPARK,1,15,08:00-22:00
2026-08-19T06:18:10.304899+00:00,2026-08-19T09:18:10.304899+03:00,2372,Sultanbeyli Kent Meydanı Zemin Altı Otoparkı,SULTANBEYLİ,40.9667,29.2667,300,174,126,KAPALI OTOPARK,1,15,24 Saat
2026-08-19T06:18:10.304899+00:00,2026-08-19T09:18:10.304899+03:00,2410,Sultangazi Zemin Altı Otoparkı,SULTANGAZİ,41.0944,28.8649,104,0,104,KAPALI OTOPARK,1,10,24 Saat
2026-08-19T06:18:10.304899+00:00,2026-08-19T09:18:10.304899+03:00,2085,Süleyman Seba Caddesi 2,BEŞİKTAŞ,41.0426,28.9998,40,1,39,YOL ÜSTÜ,1,15,08:00-18:00
2026-08-19T06:18:10.304899+00:00,2026-08-19T09:18:10.304899+03:00,2088,Süleyman Seba Caddesi 5,BEŞİKTAŞ,41.0432,28.9978,40,1,39,YOL ÜSTÜ,1,15,08:00-18:00
2026-08-19T06:18:10.304899+00:00,2026-08-19T09:18:10.304899+03:00,2089,Süleyman Seba Caddesi 6,BEŞİKTAŞ,41.0435,28.9967,11,1,10,YOL ÜSTÜ,1,15,08:00-18:00
2026-08-19T06:18:10.304899+00:00,2026-08-19T09:18:10.304899+03:00,2391,Süleymaniye Cami Altı Açık Otoparkı,FATİH,41.0158,28.961,250,235,15,AÇIK OTOPARK,1,0,06:30-18:30
2026-08-19T06:18:10.304899+00:00,2026-08-19T09:18:10.304899+03:00,1730,Sütlüce Miniatürk Yanı,BEYOĞLU,41.057,28.95,320,209,111,AÇIK OTOPARK,1,15,24 Saat
2026-08-19T06:18:10.304899+00:00,2026-08-19T09:18:10.304899+03:00,36,Şakayık Sokak 4,ŞİŞLİ,41.0518,28.9936,50,1,49,YOL ÜSTÜ,1,15,08:00-16:00
2026-08-19T06:18:10.304899+00:00,2026-08-19T09:18:10.304899+03:00,1469,Şehit Volkan Duysak Katlı Otoparkı,ZEYTİNBURNU,40.9968,28.9039,1000,687,313,KAPALI OTOPARK,1,5,24 Saat
2026-08-19T06:18:10.304899+00:00,2026-08-19T09:18:10.304899+03:00,2385,Şehremini Açık Otoparkı 1,FATİH,41.0135,28.9333,60,1,59,AÇIK OTOPARK,1,0,08:30-20:30
2026-08-19T06:18:10.304899+00:00,2026-08-19T09:18:10.304899+03:00,2855,Şemsipaşa Açık Otoparkı,ÜSKÜDAR,41.0255,29.0097,80,48,32,AÇIK OTOPARK,1,0,24 Saat
2026-08-19T06:18:10.304899+00:00,2026-08-19T09:18:10.304899+03:00,2439,Şirinevler Meydan Zeminaltı Otoparkı,BAHÇELİEVLER,40.9925,28.8496,367,59,308,KAPALI OTOPARK,1,0,24 Saat
2026-08-19T06:18:10.304899+00:00,2026-08-19T09:18:10.304899+03:00,3400,Şişhane Refik Saydam Caddesi 2 Yol Üstü Otoparkı 1,BEYOĞLU,41.0326,28.9743,70,1,69,YOL ÜSTÜ,1,15,06:00-23:00
2026-08-19T06:18:10.304899+00:00,2026-08-19T09:18:10.304899+03:00,3441,Şişli Kuştepe Zemin Altı Otoparkı,ŞİŞLİ,41.072,28.9919,430,269,161,KAPALI OTOPARK,1,15,24 Saat
2026-08-19T06:18:10.304899+00:00,2026-08-19T09:18:10.304899+03:00,2816,Şişli Rumeli Caddesi Metro Yanı 1,ŞİŞLİ,41.0538,28.9868,45,1,44,YOL ÜSTÜ,1,15,08:00-20:00
2026-08-19T06:18:10.304899+00:00,2026-08-19T09:18:10.304899+03:00,2406,Şişli Zemin Altı Otoparkı,ŞİŞLİ,41.0641,28.9992,581,255,326,KAPALI OTOPARK,1,15,24 Saat
2026-08-19T06:18:10.304899+00:00,2026-08-19T09:18:10.304899+03:00,1993,Tuzla İdo,TUZLA,40.8149,29.3039,300,294,6,AÇIK OTOPARK,1,15,24 Saat
2026-08-19T06:18:10.304899+00:00,2026-08-19T09:18:10.304899+03:00,3332,Tuzla Sahil Cep,TUZLA,40.8168,29.2992,50,38,12,AÇIK OTOPARK,1,0,08:00-00:00
2026-08-19T06:18:10.304899+00:00,2026-08-19T09:18:10.304899+03:00,3057,Tuzla Sahil Zemin Altı Otoparkı,TUZLA,40.8181,29.3004,779,1,778,KAPALI OTOPARK,1,15,24 Saat
2026-08-19T06:18:10.304899+00:00,2026-08-19T09:18:10.304899+03:00,1811,Ulu Camii Açık Otoparkı,BAHÇELİEVLER,40.9982,28.8499,150,125,25,AÇIK OTOPARK,1,10,24 Saat
2026-08-19T06:18:10.304899+00:00,2026-08-19T09:18:10.304899+03:00,2424,Uzunçayır Açık Otoparkı,KADIKÖY,40.9988,29.0556,58,52,6,AÇIK OTOPARK,1,0,06:00-16:00
2026-08-19T06:18:10.304899+00:00,2026-08-19T09:18:10.304899+03:00,1468,Ümraniye Katlı Otoparkı,ÜMRANİYE,41.0261,29.0953,665,561,104,KAPALI OTOPARK,1,15,24 Saat
2026-08-19T06:18:10.304899+00:00,2026-08-19T09:18:10.304899+03:00,2898,Ümraniye Okan Sokak Zeminaltı Otoparkı,ÜMRANİYE,41.0284,29.0907,125,27,98,KAPALI OTOPARK,1,15,24 Saat
2026-08-19T06:18:10.304899+00:00,2026-08-19T09:18:10.304899+03:00,2345,Üsküdar Uzunçayır PD Açık Otoparkı,ÜSKÜDAR,40.9988,29.0577,90,59,31,AÇIK OTOPARK,1,15,06:00-22:00
2026-08-19T06:18:10.304899+00:00,2026-08-19T09:18:10.304899+03:00,1929,Üsküdar Ünalan Açık Otoparkı,ÜSKÜDAR,40.9979,29.0604,180,175,5,AÇIK OTOPARK,1,0,07:00-17:00
2026-08-19T06:18:10.304899+00:00,2026-08-19T09:18:10.304899+03:00,1487,Vatan Caddesi PD Açık Otoparkı,FATİH,41.0157,28.9405,397,221,176,AÇIK OTOPARK,1,5,24 Saat
2026-08-19T06:18:10.304899+00:00,2026-08-19T09:18:10.304899+03:00,2441,Yalı Açık Otoparkı,MALTEPE,40.9095,29.137,85,82,3,AÇIK OTOPARK,1,0,07:30-22:00
2026-08-19T06:18:10.304899+00:00,2026-08-19T09:18:10.304899+03:00,459,Yalı Köşkü Caddesi 1,FATİH,41.0163,28.9759,61,1,60,YOL ÜSTÜ,1,5,07:00-21:00
2026-08-19T06:18:10.304899+00:00,2026-08-19T09:18:10.304899+03:00,2037,Yenikapı Marmaray Büyük Otoparkı,FATİH,41.0057,28.9505,324,184,140,AÇIK OTOPARK,1,15,24 Saat
2026-08-19T06:18:10.304899+00:00,2026-08-19T09:18:10.304899+03:00,2036,Yenikapı Marmaray Küçük Otoparkı,FATİH,41.0064,28.9504,200,183,17,AÇIK OTOPARK,1,15,07:00-22:00
2026-08-19T06:18:10.304899+00:00,2026-08-19T09:18:10.304899+03:00,2175,Yenikapı Spor ve Kültür Merkezi PD Açık Otoparkı,FATİH,41.0006,28.9519,4023,3960,63,AÇIK OTOPARK,1,15,24 Saat
2026-08-19T06:18:10.304899+00:00,2026-08-19T09:18:10.304899+03:00,2805,Yenikapı Tünel Üstü Açık Otoparkı,FATİH,41.0029,28.9534,700,572,128,AÇIK OTOPARK,1,10,24 Saat
2026-08-19T06:18:10.304899+00:00,2026-08-19T09:18:10.304899+03:00,3404,Yenimahalle Metro Zemin Altı PD Otoparkı,GAZİOSMANPAŞA,41.0839,28.8926,114,96,18,KAPALI OTOPARK,1,15,24 Saat
2026-08-19T06:18:10.304899+00:00,2026-08-19T09:18:10.304899+03:00,2920,Yeşilce Zemin Altı Katlı Otoparkı,KAĞITHANE,41.0938,29.0017,676,0,676,KAPALI OTOPARK,1,0,24 Saat
2026-08-19T06:18:10.304899+00:00,2026-08-19T09:18:10.304899+03:00,987,Yeşilköy İstasyon Caddesi 1,BAKIRKÖY,40.962,28.825,40,1,39,YOL ÜSTÜ,1,15,09:00-17:30
2026-08-19T06:18:10.304899+00:00,2026-08-19T09:18:10.304899+03:00,974,Yeşilköy Marina 1,BAKIRKÖY,40.9576,28.8233,145,1,144,YOL ÜSTÜ,0,0,12:00-23:00
2026-08-19T06:18:10.304899+00:00,2026-08-19T09:18:10.304899+03:00,3406,Yeşilpınar Metro Zemin Altı PD Otoparkı,EYÜP,41.081,28.9204,269,199,70,KAPALI OTOPARK,1,15,24 Saat
2026-08-19T06:18:10.304899+00:00,2026-08-19T09:18:10.304899+03:00,315,Yeşilyurt Çarşı 1,BAKIRKÖY,40.9643,28.8379,50,1,49,YOL ÜSTÜ,1,15,09:00-17:30
2026-08-19T06:18:10.304899+00:00,2026-08-19T09:18:10.304899+03:00,1133,Yıldız Korusu,BEŞİKTAŞ,41.0514,29.0165,500,1,499,AÇIK OTOPARK,1,0,08:00-22:00
2026-08-19T06:18:10.304899+00:00,2026-08-19T09:18:10.304899+03:00,882,Zeytinburnu 58. Bulvar 2,ZEYTİNBURNU,40.9932,28.9039,48,1,47,YOL ÜSTÜ,1,15,09:00-18:00
2026-08-19T06:18:10.304899+00:00,2026-08-19T09:18:10.304899+03:00,3185,Zeytinburnu Sahil Cep Otoparkı,ZEYTİNBURNU,40.9798,28.8985,160,1,159,AÇIK OTOPARK,0,0,12:00-22:00
2026-08-19T07:11:44.552585+00:00,2026-08-19T10:11:44.552585+03:00,3068,15 Temmuz Şehitler Meydanı Zeminaltı Otoparkı,ÜMRANİYE,41.0246,29.0915,1029,555,474,KAPALI OTOPARK,1,15,24 Saat
2026-08-19T07:11:44.552585+00:00,2026-08-19T10:11:44.552585+03:00,2338,19 Mayıs Açık,ŞİŞLİ,41.0563,28.9941,65,0,65,AÇIK OTOPARK,1,0,24 Saat
2026-08-19T07:11:44.552585+00:00,2026-08-19T10:11:44.552585+03:00,1751,4.Levent PD Açık Otoparkı,KAĞITHANE,41.0836,29.0081,236,87,149,AÇIK OTOPARK,1,5,24 Saat
2026-08-19T07:11:44.552585+00:00,2026-08-19T10:11:44.552585+03:00,3328,4.Levent Servis ve Turizm Araçları Açık Otoparkı,ŞİŞLİ,41.0841,29.0054,300,165,135,AÇIK OTOPARK,1,15,24 Saat
2026-08-19T07:11:44.552585+00:00,2026-08-19T10:11:44.552585+03:00,3412,5. Levent Gaziosmanpaşa Adliyesi Yanı Açık Otoparkı,EYÜP,41.0927,28.9494,250,167,83,AÇIK OTOPARK,1,15,07:00-23:00
2026-08-19T07:11:44.552585+00:00,2026-08-19T10:11:44.552585+03:00,104,Abide-i Hürriyet Caddesi 5,ŞİŞLİ,41.0619,28.9876,40,1,39,YOL ÜSTÜ,1,15,08:00-17:00
2026-08-19T07:11:44.552585+00:00,2026-08-19T10:11:44.552585+03:00,2452,Acıbadem Açık Otoparkı,ÜSKÜDAR,41.0157,29.0574,100,86,14,AÇIK OTOPARK,1,0,06:30-16:00
2026-08-19T07:11:44.552585+00:00,2026-08-19T10:11:44.552585+03:00,346,Ada Karşısı Cep 2,BEŞİKTAŞ,41.072,29.045,30,1,29,YOL ÜSTÜ,1,15,08:00-23:00
2026-08-19T07:11:44.552585+00:00,2026-08-19T10:11:44.552585+03:00,1663,Akasyalı Sokak Tenis Kulubü Önü 2,BEŞİKTAŞ,41.0867,29.0109,45,1,44,YOL ÜSTÜ,1,15,08:30-17:30
2026-08-19T07:11:44.552585+00:00,2026-08-19T10:11:44.552585+03:00,828,Akdeniz Caddesi 4,FATİH,41.0175,28.9435,27,1,26,YOL ÜSTÜ,1,15,09:00-18:00
2026-08-19T07:11:44.552585+00:00,2026-08-19T10:11:44.552585+03:00,1913,Alibeyköy Cep Otogarı Açık Otoparkı,EYÜP,41.0879,28.9446,116,0,116,AÇIK OTOPARK,1,25,24 Saat
2026-08-19T07:11:44.552585+00:00,2026-08-19T10:11:44.552585+03:00,1912,Alibeyköy Cep Otogarı Otobüs Otoparkı,EYÜP,41.0875,28.9449,5000,1,4999,AÇIK OTOPARK,1,60,24 Saat
2026-08-19T07:11:44.552585+00:00,2026-08-19T10:11:44.552585+03:00,2562,Alibeyköy Yeşiltepe Zemin Altı Otoparkı,EYÜP,41.0797,28.938,159,73,86,KAPALI OTOPARK,1,15,24 Saat
2026-08-19T07:11:44.552585+00:00,2026-08-19T10:11:44.552585+03:00,3201,Altınboynuz Sosyal Tesisleri,EYÜP,41.058,28.9447,70,1,69,AÇIK OTOPARK,1,15,08:00-23:00
2026-08-19T07:11:44.552585+00:00,2026-08-19T10:11:44.552585+03:00,758,Arap Camii Açık Otoparkı,BEYOĞLU,41.0227,28.9723,30,1,29,AÇIK OTOPARK,1,0,09:00-17:00
2026-08-19T07:11:44.552585+00:00,2026-08-19T10:11:44.552585+03:00,1963,Aras Sokak 1,BÜYÜKÇEKMECE,41.0226,28.622,60,1,59,YOL ÜSTÜ,1,0,06:00-14:30
2026-08-19T07:11:44.552585+00:00,2026-08-19T10:11:44.552585+03:00,2802,Arnavutköy Zemin Altı Otoparkı,ARNAVUTKÖY,41.1838,28.7396,700,26,674,KAPALI OTOPARK,1,15,24 Saat
2026-08-19T07:11:44.552585+00:00,2026-08-19T10:11:44.552585+03:00,1797,Ataköy Atrium AVM,BAKIRKÖY,40.9881,28.8459,250,223,27,AÇIK OTOPARK,1,15,08:00-23:00
2026-08-19T07:11:44.552585+00:00,2026-08-19T10:11:44.552585+03:00,2824,Ataköy Metro Durağı Yanı PD Zemin Altı Otoparkı,BAKIRKÖY,40.9904,28.8456,150,88,62,KAPALI OTOPARK,1,0,24 Saat
2026-08-19T07:11:44.552585+00:00,2026-08-19T10:11:44.552585+03:00,359,Atatürk Bulvarı 1,FATİH,41.0112,28.9534,20,1,19,YOL ÜSTÜ,1,0,07:30-18:00
2026-08-19T07:11:44.552585+00:00,2026-08-19T10:11:44.552585+03:00,3087,Atatürk Kent Ormanı Otoparkı,SARIYER,41.136,29.0262,200,198,2,AÇIK OTOPARK,1,0,08:00-17:00
2026-08-19T07:11:44.552585+00:00,2026-08-19T10:11:44.552585+03:00,2243,Avcılar Denizköşkler Toplantı ve Davet Salonu Açık Otoparkı,AVCILAR,40.9746,28.7435,200,197,3,AÇIK OTOPARK,0,15,13:00-07:00
2026-08-19T07:11:44.552585+00:00,2026-08-19T10:11:44.552585+03:00,1088,Avcılar İdo,AVCILAR,40.9712,28.7185,270,261,9,AÇIK OTOPARK,0,0,13:00-07:00
2026-08-19T07:11:44.552585+00:00,2026-08-19T10:11:44.552585+03:00,2885,Azapkapı Haliç Metro Otoparkı,ŞİŞLİ,41.0245,28.9691,80,0,80,AÇIK OTOPARK,1,5,24 Saat
2026-08-19T07:11:44.552585+00:00,2026-08-19T10:11:44.552585+03:00,2455,Azerbaycan Dostluk Parkı Zemin Altı Otoparkı,BAĞCILAR,41.0444,28.854,400,165,235,KAPALI OTOPARK,1,10,24 Saat
2026-08-19T07:11:44.552585+00:00,2026-08-19T10:11:44.552585+03:00,2965,Bağcılar Çolakoğlu Zemin Altı Otoparkı,BAĞCILAR,41.0324,28.8345,106,0,106,KAPALI OTOPARK,1,5,24 Saat
2026-08-19T07:11:44.552585+00:00,2026-08-19T10:11:44.552585+03:00,2576,Bağcılar Demirkapı Zemin Altı Otoparkı,BAĞCILAR,41.0499,28.8327,343,172,171,KAPALI OTOPARK,1,5,24 Saat
2026-08-19T07:11:44.552585+00:00,2026-08-19T10:11:44.552585+03:00,3036,Bağcılar Devlet Hastanesi Yanı Zeminaltı Otoparkı,BAĞCILAR,41.0312,28.8696,1133,23,1110,KAPALI OTOPARK,1,15,24 Saat
2026-08-19T07:11:44.552585+00:00,2026-08-19T10:11:44.552585+03:00,3071,Bağcılar Emniyet Müdürlüğü Yanı Açık Otoparkı,BAĞCILAR,41.0353,28.8598,100,40,60,AÇIK OTOPARK,1,0,24 Saat
2026-08-19T07:11:44.552585+00:00,2026-08-19T10:11:44.552585+03:00,2873,Bağcılar Göztepe Zemin Altı,BAĞCILAR,41.0567,28.8355,120,0,120,KAPALI OTOPARK,1,5,24 Saat
2026-08-19T07:11:44.552585+00:00,2026-08-19T10:11:44.552585+03:00,3187,Bağcılar Hürriyet Mahallesi Zemin Altı Otoparkı,BAĞCILAR,41.0291,28.8333,355,0,355,KAPALI OTOPARK,1,10,24 Saat
2026-08-19T07:11:44.552585+00:00,2026-08-19T10:11:44.552585+03:00,2916,Bağcılar Kent Meydanı PD Zemin Altı Otoparkı,BAĞCILAR,41.0339,28.8556,1162,0,1162,KAPALI OTOPARK,1,0,24 Saat
2026-08-19T07:11:44.552585+00:00,2026-08-19T10:11:44.552585+03:00,3261,Bağcılar Yenimahalle Zemin Altı Otoparkı,BAĞCILAR,41.0425,28.8395,525,273,252,KAPALI OTOPARK,1,15,24 Saat
2026-08-19T07:11:44.552585+00:00,2026-08-19T10:11:44.552585+03:00,2820,Bağcılar Yıldıztepe Katlı Otoparkı,BAĞCILAR,41.0294,28.8556,350,0,350,KAPALI OTOPARK,1,10,24 Saat
2026-08-19T07:11:44.552585+00:00,2026-08-19T10:11:44.552585+03:00,3447,Bahçelievler 23 Nisan Milli Egemenlik Zeminaltı Otoparkı,BAHÇELİEVLER,40.9988,28.8472,732,488,244,KAPALI OTOPARK,1,10,24 Saat
2026-08-19T07:11:44.552585+00:00,2026-08-19T10:11:44.552585+03:00,2993,Bahçelievler Cumhuriyet Zeminaltı Otoparkı,BAHÇELİEVLER,41.0149,28.859,663,0,663,KAPALI OTOPARK,1,10,24 Saat
2026-08-19T07:11:44.552585+00:00,2026-08-19T10:11:44.552585+03:00,2969,Bahçelievler Devlet Hastanesi Yanı Katlı Otoparkı,BAHÇELİEVLER,41.0072,28.8442,740,0,740,KAPALI OTOPARK,1,0,24 Saat
2026-08-19T07:11:44.552585+00:00,2026-08-19T10:11:44.552585+03:00,3051,Bahçelievler Zafer Mh. Zeminaltı Otoparkı,BAHÇELİEVLER,41.0036,28.8351,200,84,116,KAPALI OTOPARK,1,0,24 Saat
2026-08-19T07:11:44.552585+00:00,2026-08-19T10:11:44.552585+03:00,3236,Bahçeşehir Gölet Açık Otoparkı,BAŞAKŞEHİR,41.0719,28.6901,200,1,199,AÇIK OTOPARK,0,0,12:00-22:00
2026-08-19T07:11:44.552585+00:00,2026-08-19T10:11:44.552585+03:00,1465,Bakırköy İdo Açık Otoparkı,BAKIRKÖY,40.9739,28.8761,160,138,22,AÇIK OTOPARK,1,10,24 Saat
2026-08-19T07:11:44.552585+00:00,2026-08-19T10:11:44.552585+03:00,1104,Balmumcu Katlı Otoparkı,BEŞİKTAŞ,41.0636,29.0109,400,185,215,KAPALI OTOPARK,1,5,24 Saat
2026-08-19T07:11:44.552585+00:00,2026-08-19T10:11:44.552585+03:00,2796,Başakşehir Metro Açık Otoparkı,BAŞAKŞEHİR,41.107,28.801,125,1,124,AÇIK OTOPARK,1,0,07:00-16:00
2026-08-19T07:11:44.552585+00:00,2026-08-19T10:11:44.552585+03:00,2350,Bayrampaşa Adapark Katlı Otoparkı,BAYRAMPAŞA,41.0647,28.8875,650,0,650,KAPALI OTOPARK,1,15,24 Saat
2026-08-19T07:11:44.552585+00:00,2026-08-19T10:11:44.552585+03:00,2892,Bayrampaşa Altıntepsi Zemin  Altı Otoparkı,BAYRAMPAŞA,41.0393,28.9029,110,0,110,KAPALI OTOPARK,1,10,24 Saat
2026-08-19T07:11:44.552585+00:00,2026-08-19T10:11:44.552585+03:00,2909,Bayrampaşa Atatürk Parkı  Zemin Altı Otoparkı,BAYRAMPAŞA,41.0342,28.9123,442,0,442,KAPALI OTOPARK,1,10,24 Saat
2026-08-19T07:11:44.552585+00:00,2026-08-19T10:11:44.552585+03:00,2683,Bayrampaşa Devlet Hastanesi Cep Otoparkı,BAYRAMPAŞA,41.0414,28.9031,55,11,44,AÇIK OTOPARK,1,0,08:00-19:00
2026-08-19T07:11:44.552585+00:00,2026-08-19T10:11:44.552585+03:00,3301,Bayrampaşa Kocatepe Mahallesi Zemin Altı Otoparkı,BAYRAMPAŞA,41.0545,28.8964,241,0,241,KAPALI OTOPARK,1,10,24 Saat
2026-08-19T07:11:44.552585+00:00,2026-08-19T10:11:44.552585+03:00,2053,Bayrampaşa Muratpaşa Yer Altı Otoparkı,BAYRAMPAŞA,41.047,28.9082,300,5,295,KAPALI OTOPARK,1,15,24 Saat
2026-08-19T07:11:44.552585+00:00,2026-08-19T10:11:44.552585+03:00,3175,Bayrampaşa Spor Kompleksi Zemin Altı Otoparkı,BAYRAMPAŞA,41.0446,28.9106,205,0,205,KAPALI OTOPARK,1,15,24 Saat
2026-08-19T07:11:44.552585+00:00,2026-08-19T10:11:44.552585+03:00,3382,Bayrampaşa Şehit Kamil Balkan Zemin Altı Otoparkı,BAYRAMPAŞA,41.0604,28.9008,235,0,235,KAPALI OTOPARK,1,10,24 Saat
2026-08-19T07:11:44.552585+00:00,2026-08-19T10:11:44.552585+03:00,2428,Bayrampaşa Yenidoğan Mahallesi Zemin Altı Otoparkı,BAYRAMPAŞA,41.0395,28.9088,120,0,120,KAPALI OTOPARK,1,10,24 Saat
2026-08-19T07:11:44.552585+00:00,2026-08-19T10:11:44.552585+03:00,2468,Bebek Açık,BEŞİKTAŞ,41.077,29.0434,30,0,30,AÇIK OTOPARK,1,0,24 Saat
2026-08-19T07:11:44.552585+00:00,2026-08-19T10:11:44.552585+03:00,3479,Beşiktaş Halk Pazarı Açık Otoparkı,BEŞİKTAŞ,41.0496,29.0004,170,105,65,AÇIK OTOPARK,1,5,24 Saat
2026-08-19T07:11:44.552585+00:00,2026-08-19T10:11:44.552585+03:00,3257,Beykoz Sahil Cep Otoparkı,BEYKOZ,41.1286,29.0953,100,75,25,AÇIK OTOPARK,1,0,08:00-00:00
2026-08-19T07:11:44.552585+00:00,2026-08-19T10:11:44.552585+03:00,2273,Beykoz Sosyal Tesisleri,BEYKOZ,41.1143,29.0888,130,74,56,AÇIK OTOPARK,1,15,08:00-00:00
2026-08-19T07:11:44.552585+00:00,2026-08-19T10:11:44.552585+03:00,2999,Beyoğlu Gazhane Bostan Sokak 2,BEYOĞLU,41.0389,28.9903,35,1,34,YOL ÜSTÜ,1,0,07:30-16:30
2026-08-19T07:11:44.552585+00:00,2026-08-19T10:11:44.552585+03:00,3072,Beyoğlu Örnektepe Zemin Altı Otoparkı,BEYOĞLU,41.0543,28.9548,143,0,143,KAPALI OTOPARK,1,0,24 Saat
2026-08-19T07:11:44.552585+00:00,2026-08-19T10:11:44.552585+03:00,1455,Bostancı Açık,KADIKÖY,40.9523,29.0902,394,104,290,AÇIK OTOPARK,1,15,24 Saat
2026-08-19T07:11:44.552585+00:00,2026-08-19T10:11:44.552585+03:00,1456,Bostancı Sahil-Cep Açık Otoparkı,KADIKÖY,40.9545,29.0885,192,147,45,AÇIK OTOPARK,1,15,24 Saat
2026-08-19T07:11:44.552585+00:00,2026-08-19T10:11:44.552585+03:00,2150,Bostancı Vergi Dairesi Açık Otoparkı,ATAŞEHİR,40.9625,29.1083,155,0,155,AÇIK OTOPARK,1,5,08:00-20:00
2026-08-19T07:11:44.552585+00:00,2026-08-19T10:11:44.552585+03:00,2854,Bülent Ecevit Kültür Merkezi Açık Otoparkı,KARTAL,40.8852,29.1967,277,266,11,AÇIK OTOPARK,1,0,10:00-21:00
2026-08-19T07:11:44.552585+00:00,2026-08-19T10:11:44.552585+03:00,2866,Büyük İstanbul Otogarı,BAYRAMPAŞA,41.0402,28.8942,1000,0,1000,AÇIK OTOPARK,1,25,24 Saat
2026-08-19T07:11:44.552585+00:00,2026-08-19T10:11:44.552585+03:00,1192,Büyükçamlıca Korusu Sosyal Tesisleri Önü,ÜSKÜDAR,41.0264,29.0698,204,112,92,AÇIK OTOPARK,1,0,08:00-00:00
2026-08-19T07:11:44.552585+00:00,2026-08-19T10:11:44.552585+03:00,2960,Büyükçekmece Metrobüs Durağı Yanı PD Zemin Altı Otopark,BÜYÜKÇEKMECE,41.0221,28.624,448,315,133,KAPALI OTOPARK,1,0,24 Saat
2026-08-19T07:11:44.552585+00:00,2026-08-19T10:11:44.552585+03:00,1503,Cadde Bostan Açık Otoparkı,KADIKÖY,40.9636,29.0675,66,49,17,AÇIK OTOPARK,1,15,24 Saat
2026-08-19T07:11:44.552585+00:00,2026-08-19T10:11:44.552585+03:00,2933,Cemal Kamacı Spor Kompleksi Zemin Altı Otoparkı,KAĞITHANE,41.0536,28.9575,510,0,510,KAPALI OTOPARK,1,0,24 Saat
2026-08-19T07:11:44.552585+00:00,2026-08-19T10:11:44.552585+03:00,2207,Cengiz Topel Yer Altı Katlı Otoparkı,ESENLER,41.0588,28.8643,144,0,144,KAPALI OTOPARK,1,15,24 Saat
2026-08-19T07:11:44.552585+00:00,2026-08-19T10:11:44.552585+03:00,2787,Cevizli Açık Otoparkı,KARTAL,40.9179,29.1712,100,19,81,AÇIK OTOPARK,1,15,08:00-19:00
2026-08-19T07:11:44.552585+00:00,2026-08-19T10:11:44.552585+03:00,782,Cihangir Caddesi 2,BEYOĞLU,41.0319,28.9862,70,1,69,YOL ÜSTÜ,1,15,09:00-19:00
2026-08-19T07:11:44.552585+00:00,2026-08-19T10:11:44.552585+03:00,1467,Cihangir Katlı Otoparkı,BEYOĞLU,41.0318,28.9858,350,0,350,KAPALI OTOPARK,1,0,24 Saat
2026-08-19T07:11:44.552585+00:00,2026-08-19T10:11:44.552585+03:00,535,Cihannuma Yol Üstü 1,BEŞİKTAŞ,41.0454,29.0084,35,1,34,YOL ÜSTÜ,1,0,08:00-23:00
2026-08-19T07:11:44.552585+00:00,2026-08-19T10:11:44.552585+03:00,537,Cihannuma Yol Üstü 3,BEŞİKTAŞ,41.0459,29.0087,33,1,32,YOL ÜSTÜ,1,0,08:00-23:00
2026-08-19T07:11:44.552585+00:00,2026-08-19T10:11:44.552585+03:00,539,Cihannuma Yol Üstü 5,BEŞİKTAŞ,41.0489,29.0094,24,1,23,YOL ÜSTÜ,1,0,08:00-23:00
2026-08-19T07:11:44.552585+00:00,2026-08-19T10:11:44.552585+03:00,3184,Çam Sokak 6,GÜNGÖREN,41.0121,28.8882,50,1,49,YOL ÜSTÜ,1,15,08:00-17:00
2026-08-19T07:11:44.552585+00:00,2026-08-19T10:11:44.552585+03:00,3030,Çekmeköy Metro PD Zemin Altı Otoparkı,ÇEKMEKÖY,41.0147,29.1886,175,48,127,KAPALI OTOPARK,1,15,24 Saat
2026-08-19T07:11:44.552585+00:00,2026-08-19T10:11:44.552585+03:00,2905,Çeliktepe Açık Otoparkı,KAĞITHANE,41.0843,29.0056,200,89,111,AÇIK OTOPARK,1,5,24 Saat
2026-08-19T07:11:44.552585+00:00,2026-08-19T10:11:44.552585+03:00,1298,Çengelköy Açık Otoparkı,ÜSKÜDAR,41.0484,29.0533,500,291,209,AÇIK OTOPARK,1,15,24 Saat
2026-08-19T07:11:44.552585+00:00,2026-08-19T10:11:44.552585+03:00,502,Çınar Açık Otoparkı,BEŞİKTAŞ,41.0853,29.0088,65,1,64,AÇIK OTOPARK,1,0,08:00-18:00
2026-08-19T07:11:44.552585+00:00,2026-08-19T10:11:44.552585+03:00,777,Çırağan Sarayı Yol Üstü 1,BEŞİKTAŞ,41.0448,29.0165,40,1,39,YOL ÜSTÜ,1,15,08:00-23:00
2026-08-19T07:11:44.552585+00:00,2026-08-19T10:11:44.552585+03:00,778,Çırağan Sarayı Yol Üstü 2,BEŞİKTAŞ,41.0445,29.0156,40,1,39,YOL ÜSTÜ,1,15,08:00-23:00
2026-08-19T07:11:44.552585+00:00,2026-08-19T10:11:44.552585+03:00,2228,Çırpıcı Sosyal Tesisler,ZEYTİNBURNU,41,28.8926,128,0,128,AÇIK OTOPARK,1,15,07:00-00:00
2026-08-19T07:11:44.552585+00:00,2026-08-19T10:11:44.552585+03:00,1508,Çiroz Yeşilköy Halk Pazarı,BAKIRKÖY,40.9628,28.8129,471,430,41,AÇIK OTOPARK,1,0,08:00-18:00
2026-08-19T07:11:44.552585+00:00,2026-08-19T10:11:44.552585+03:00,2030,Dalyan Açık Otoparkı,KADIKÖY,40.9632,29.0651,92,55,37,AÇIK OTOPARK,1,15,24 Saat
2026-08-19T07:11:44.552585+00:00,2026-08-19T10:11:44.552585+03:00,2271,Damla Sokak 1,ŞİŞLİ,41.0672,29.0004,17,1,16,YOL ÜSTÜ,1,15,07:30-16:30
2026-08-19T07:11:44.552585+00:00,2026-08-19T10:11:44.552585+03:00,2164,Darüşşafaka Yeraltı Otoparkı,SARIYER,41.1292,29.0252,150,120,30,KAPALI OTOPARK,1,15,08:00-00:00
2026-08-19T07:11:44.552585+00:00,2026-08-19T10:11:44.552585+03:00,1653,Deniz Feneri Otoparkı,FATİH,41.0019,28.9773,175,127,48,AÇIK OTOPARK,1,5,24 Saat
2026-08-19T07:11:44.552585+00:00,2026-08-19T10:11:44.552585+03:00,595,Dostluk Yurdu 1,FATİH,41.0071,28.973,33,1,32,YOL ÜSTÜ,1,15,07:00-17:00
2026-08-19T07:11:44.552585+00:00,2026-08-19T10:11:44.552585+03:00,2237,Dragos Sosyal Tesisleri,KARTAL,40.9017,29.1458,100,39,61,AÇIK OTOPARK,1,15,24 Saat
2026-08-19T07:11:44.552585+00:00,2026-08-19T10:11:44.552585+03:00,3063,Dudullu Metro PD Zemin Altı Otoparkı,ÜMRANİYE,41.0156,29.1633,81,55,26,KAPALI OTOPARK,1,15,07:00-23:30
2026-08-19T07:11:44.552585+00:00,2026-08-19T10:11:44.552585+03:00,1522,Ebu Suut Caddesi 1,FATİH,41.0128,28.9766,35,1,34,YOL ÜSTÜ,1,0,08:00-18:00
2026-08-19T07:11:44.552585+00:00,2026-08-19T10:11:44.552585+03:00,2147,EGS Blokları Açık Otoparkı,BAKIRKÖY,40.9863,28.8354,350,0,350,AÇIK OTOPARK,1,60,09:00-19:30
2026-08-19T07:11:44.552585+00:00,2026-08-19T10:11:44.552585+03:00,2366,Esenler Adem Baştürk Kültür Merkezi Katlı,ESENLER,41.039,28.8846,460,34,426,KAPALI OTOPARK,1,15,24 Saat
2026-08-19T07:11:44.552585+00:00,2026-08-19T10:11:44.552585+03:00,3190,Esenler Havaalanı Mahallesi Zemin Altı Otoparkı,ESENLER,41.0562,28.8674,610,360,250,KAPALI OTOPARK,1,10,24 Saat
2026-08-19T07:11:44.552585+00:00,2026-08-19T10:11:44.552585+03:00,3011,Esenler Menderes Metro İstasyonu Yanı,ESENLER,41.0427,28.8783,68,4,64,AÇIK OTOPARK,1,5,24 Saat
2026-08-19T07:11:44.552585+00:00,2026-08-19T10:11:44.552585+03:00,2822,Esenler Menderes Parkı Zemin Altı Otoparkı,ESENLER,41.0412,28.8729,325,52,273,KAPALI OTOPARK,1,10,24 Saat
2026-08-19T07:11:44.552585+00:00,2026-08-19T10:11:44.552585+03:00,3303,Esenyurt Adile Naşit Bulvarı Zeminaltı Otoparkı,ESENYURT,41.0205,28.6859,367,284,83,KAPALI OTOPARK,1,15,24 Saat
2026-08-19T07:11:44.552585+00:00,2026-08-19T10:11:44.552585+03:00,1328,Eski Salı Pazarı,KADIKÖY,40.9904,29.0338,760,0,760,AÇIK OTOPARK,1,15,24 Saat
2026-08-19T07:11:44.552585+00:00,2026-08-19T10:11:44.552585+03:00,904,Eyüp Pierloti Caddesi 1,EYÜP,41.0539,28.9329,40,1,39,YOL ÜSTÜ,1,0,09:00-22:00
2026-08-19T07:11:44.552585+00:00,2026-08-19T10:11:44.552585+03:00,2850,Eyüpsultan Akşemsettin Mahallesi Zemin Altı Otoparkı,EYÜP,41.085,28.9258,110,0,110,KAPALI OTOPARK,1,15,24 Saat
2026-08-19T07:11:44.552585+00:00,2026-08-19T10:11:44.552585+03:00,2215,Fatih Çeşmesi Tabiat Parkı Otoparkı,SARIYER,41.1686,28.9448,250,242,8,AÇIK OTOPARK,1,0,06:00-20:00
2026-08-19T07:11:44.552585+00:00,2026-08-19T10:11:44.552585+03:00,1475,Fatih Katlı Otoparkı,FATİH,41.0198,28.9396,118,0,118,KAPALI OTOPARK,1,10,24 Saat
2026-08-19T07:11:44.552585+00:00,2026-08-19T10:11:44.552585+03:00,1591,Feshane PD Açık Otoparkı,EYÜP,41.0463,28.9378,200,105,95,AÇIK OTOPARK,1,15,24 Saat
2026-08-19T07:11:44.552585+00:00,2026-08-19T10:11:44.552585+03:00,1005,Florya Havuzlu Bahçe,BAKIRKÖY,40.9764,28.7908,135,1,134,AÇIK OTOPARK,1,0,09:00-23:00
2026-08-19T07:11:44.552585+00:00,2026-08-19T10:11:44.552585+03:00,2238,Florya Sosyal Tesisleri,BAKIRKÖY,40.9614,28.8091,1074,938,136,AÇIK OTOPARK,1,15,24 Saat
2026-08-19T07:11:44.552585+00:00,2026-08-19T10:11:44.552585+03:00,1704,Gazi Umur Paşa Sokak 5,BEŞİKTAŞ,41.0589,29.0114,45,1,44,YOL ÜSTÜ,1,15,08:00-17:00
2026-08-19T07:11:44.552585+00:00,2026-08-19T10:11:44.552585+03:00,3296,Gaziosmanpaşa Meydanı ve Yaşam Merkezi Zemin Altı Otoparkı,GAZİOSMANPAŞA,41.0606,28.9093,202,0,202,KAPALI OTOPARK,1,15,24 Saat
2026-08-19T07:11:44.552585+00:00,2026-08-19T10:11:44.552585+03:00,2971,Gaziosmanpaşa Zemin Altı Otoparkı,GAZİOSMANPAŞA,41.0796,28.8858,285,0,285,KAPALI OTOPARK,1,0,24 Saat
2026-08-19T07:11:44.552585+00:00,2026-08-19T10:11:44.552585+03:00,3401,Giyimkent Tekstilkent Metro Zemin Altı PD Otoparkı,ESENLER,41.0711,28.8666,203,164,39,KAPALI OTOPARK,1,10,24 Saat
2026-08-19T07:11:44.552585+00:00,2026-08-19T10:11:44.552585+03:00,2242,Gözdağı Sosyal Tesisler  Açık Otoparkı,PENDİK,40.893,29.2538,300,216,84,AÇIK OTOPARK,1,0,07:00-23:00
2026-08-19T07:11:44.552585+00:00,2026-08-19T10:11:44.552585+03:00,1879,Gülsuyu Metro PD Yer Altı Otoparkı,MALTEPE,40.9237,29.1548,76,0,76,KAPALI OTOPARK,1,15,08:00-00:00
2026-08-19T07:11:44.552585+00:00,2026-08-19T10:11:44.552585+03:00,1423,Güneş Plajı 1,BAKIRKÖY,40.9712,28.79,250,223,27,AÇIK OTOPARK,1,10,24 Saat
2026-08-19T07:11:44.552585+00:00,2026-08-19T10:11:44.552585+03:00,1461,Güneş Plajı 2,BAKIRKÖY,40.9692,28.7951,135,122,13,AÇIK OTOPARK,1,10,08:00-20:00
2026-08-19T07:11:44.552585+00:00,2026-08-19T10:11:44.552585+03:00,3053,Güngören Nikah Dairesi Zemin Altı otoparkı,GÜNGÖREN,41.0363,28.8718,147,0,147,KAPALI OTOPARK,1,10,24 Saat
2026-08-19T07:11:44.552585+00:00,2026-08-19T10:11:44.552585+03:00,2216,Gürpınar Balık Hali Otoparkı,BEYLİKDÜZÜ,40.9663,28.6019,1000,720,280,AÇIK OTOPARK,1,15,24 Saat
2026-08-19T07:11:44.552585+00:00,2026-08-19T10:11:44.552585+03:00,1525,Hacıosman Metro Yer Altı Otoparkı,SARIYER,41.14,29.0306,422,121,301,KAPALI OTOPARK,1,15,24 Saat
2026-08-19T07:11:44.552585+00:00,2026-08-19T10:11:44.552585+03:00,1470,Haldun Alagaş Katlı Otoparkı,ÜMRANİYE,41.0262,29.1052,197,34,163,KAPALI OTOPARK,1,15,24 Saat
2026-08-19T07:11:44.552585+00:00,2026-08-19T10:11:44.552585+03:00,3235,Haliç Sosyal Tesisleri Otoparkı,FATİH,41.0277,28.9572,60,31,29,AÇIK OTOPARK,1,15,07:00-00:00
2026-08-19T07:11:44.552585+00:00,2026-08-19T10:11:44.552585+03:00,2848,Halkalı Mahallesi Zemin Altı Otoparkı,KÜÇÜKÇEKMECE,41.0359,28.7848,347,190,157,KAPALI OTOPARK,1,15,24 Saat
2026-08-19T07:11:44.552585+00:00,2026-08-19T10:11:44.552585+03:00,2838,Hamidiye Mahallesi Katlı Otoparkı,KAĞITHANE,41.0949,28.971,450,197,253,KAPALI OTOPARK,1,15,24 Saat
2026-08-19T07:11:44.552585+00:00,2026-08-19T10:11:44.552585+03:00,1446,Harbiye Zemin Altı Otoparkı,BEYOĞLU,41.0408,28.9869,142,16,126,KAPALI OTOPARK,1,5,24 Saat
2026-08-19T07:11:44.552585+00:00,2026-08-19T10:11:44.552585+03:00,2332,Haydarpaşa Katlı Otoparkı,ÜSKÜDAR,41.0048,29.0251,840,357,483,KAPALI OTOPARK,1,15,24 Saat
2026-08-19T07:11:44.552585+00:00,2026-08-19T10:11:44.552585+03:00,1987,Haznedar Yer Altı Otoparkı,GÜNGÖREN,41.0083,28.8729,540,0,540,KAPALI OTOPARK,1,0,24 Saat
2026-08-19T07:11:44.552585+00:00,2026-08-19T10:11:44.552585+03:00,377,Hızır Külhani Sokak,FATİH,41.0202,28.9605,32,1,31,YOL ÜSTÜ,1,15,09:00-17:00
2026-08-19T07:11:44.552585+00:00,2026-08-19T10:11:44.552585+03:00,3173,Hürriyet Mahallesi Zeminaltı Otoparkı,GAZİOSMANPAŞA,41.0708,28.8951,190,0,190,KAPALI OTOPARK,1,15,24 Saat
2026-08-19T07:11:44.552585+00:00,2026-08-19T10:11:44.552585+03:00,157,Ihlamur Dere Caddesi 4,BEŞİKTAŞ,41.047,29.0023,27,1,26,YOL ÜSTÜ,1,15,09:00-17:00
2026-08-19T07:11:44.552585+00:00,2026-08-19T10:11:44.552585+03:00,1189,İçerenköy Sebze Meyve Hali Otoparkı,ATAŞEHİR,40.9766,29.1044,600,600,0,AÇIK OTOPARK,1,15,24 Saat
2026-08-19T07:11:44.552585+00:00,2026-08-19T10:11:44.552585+03:00,1127,İshakpaşa Caddesi,FATİH,41.0079,28.9814,200,1,199,YOL ÜSTÜ,1,0,08:00-18:00
2026-08-19T07:11:44.552585+00:00,2026-08-19T10:11:44.552585+03:00,3265,İspark İstanbul West Marina Açık Otoparkı 1,BEYLİKDÜZÜ,40.9636,28.6564,250,1,249,AÇIK OTOPARK,1,15,24 Saat
2026-08-19T07:11:44.552585+00:00,2026-08-19T10:11:44.552585+03:00,2793,İspark Merter Katlı Otoparkı,GÜNGÖREN,41.0097,28.89,900,337,563,KAPALI OTOPARK,1,10,24 Saat
2026-08-19T07:11:44.552585+00:00,2026-08-19T10:11:44.552585+03:00,2430,İspark West İstanbul Marina Açık Otoparkı,BEYLİKDÜZÜ,40.9639,28.6591,1600,1021,579,AÇIK OTOPARK,1,15,24 Saat
2026-08-19T07:11:44.552585+00:00,2026-08-19T10:11:44.552585+03:00,381,İstinye 4 ( Cami Önü ),SARIYER,41.1149,29.0571,25,1,24,YOL ÜSTÜ,1,15,08:30-17:30
2026-08-19T07:11:44.552585+00:00,2026-08-19T10:11:44.552585+03:00,1804,İtalyan Hastanesi Karşısı Açık Otoparkı 1,BEYOĞLU,41.028,28.9815,30,1,29,AÇIK OTOPARK,1,0,08:00-19:00
2026-08-19T07:11:44.552585+00:00,2026-08-19T10:11:44.552585+03:00,507,Kabasakal Medrese Önü,FATİH,41.0062,28.9789,65,1,64,AÇIK OTOPARK,1,0,08:00-18:30
2026-08-19T07:11:44.552585+00:00,2026-08-19T10:11:44.552585+03:00,3306,Kabataş Transfer Merkezi Turizm Otobüs Otoparkı,BEYOĞLU,41.0336,28.9923,160,51,109,KAPALI OTOPARK,1,20,24 Saat
2026-08-19T07:11:44.552585+00:00,2026-08-19T10:11:44.552585+03:00,2918,Kadıköy Hasanpaşa Gazhane Katlı Otoparkı,KADIKÖY,40.9972,29.0428,310,188,122,KAPALI OTOPARK,1,15,24 Saat
2026-08-19T07:11:44.552585+00:00,2026-08-19T10:11:44.552585+03:00,1447,Kadıköy İski Açık Otoparkı,KADIKÖY,40.9874,29.0207,124,67,57,AÇIK OTOPARK,1,15,24 Saat
2026-08-19T07:11:44.552585+00:00,2026-08-19T10:11:44.552585+03:00,1655,Kadıköy Metro Açık Otoparkı,KADIKÖY,40.9899,29.0217,74,0,74,AÇIK OTOPARK,1,15,24 Saat
2026-08-19T07:11:44.552585+00:00,2026-08-19T10:11:44.552585+03:00,3445,Kadıköy Uzunçayır PD Açık Otoparkı,KADIKÖY,40.9982,29.0569,70,40,30,AÇIK OTOPARK,1,15,06:30-16:30
2026-08-19T07:11:44.552585+00:00,2026-08-19T10:11:44.552585+03:00,2808,Kadıköy Yeni Salı Pazarı PD Katlı Otoparkı,KADIKÖY,40.9969,29.0486,1350,676,674,KAPALI OTOPARK,1,15,24 Saat
2026-08-19T07:11:44.552585+00:00,2026-08-19T10:11:44.552585+03:00,2811,Kağıthane Harmantepe Zemin Altı Otoparkı,KAĞITHANE,41.0816,28.9907,200,0,200,KAPALI OTOPARK,1,0,24 Saat
2026-08-19T07:11:44.552585+00:00,2026-08-19T10:11:44.552585+03:00,1452,Kalamış Açık Otoparkı,KADIKÖY,40.9687,29.0363,173,144,29,AÇIK OTOPARK,1,15,24 Saat
2026-08-19T07:11:44.552585+00:00,2026-08-19T10:11:44.552585+03:00,1474,Kartal Hasan Doğan Spor Kompleksi,KARTAL,40.8918,29.1897,773,0,773,KAPALI OTOPARK,1,15,24 Saat
2026-08-19T07:11:44.552585+00:00,2026-08-19T10:11:44.552585+03:00,1105,Kartal İdo Açık Otoparkı,KARTAL,40.8874,29.1881,90,0,90,AÇIK OTOPARK,1,15,24 Saat
2026-08-19T07:11:44.552585+00:00,2026-08-19T10:11:44.552585+03:00,1550,Kartal Sahil Açık Otoparkı,KARTAL,40.8875,29.1901,75,29,46,AÇIK OTOPARK,1,5,24 Saat
2026-08-19T07:11:44.552585+00:00,2026-08-19T10:11:44.552585+03:00,3434,Kasımpaşa Sosyal Tesisler Otoparkı,BEYOĞLU,41.0296,28.9673,60,38,22,AÇIK OTOPARK,1,0,07:30-23:00
2026-08-19T07:11:44.552585+00:00,2026-08-19T10:11:44.552585+03:00,1960,Kazlıçeşme Marmaray Açık Otoparkı,ZEYTİNBURNU,40.9922,28.917,700,576,124,AÇIK OTOPARK,1,15,24 Saat
2026-08-19T07:11:44.552585+00:00,2026-08-19T10:11:44.552585+03:00,2994,Kirazlı Metro Durağı PD Açık Otoparkı,BAĞCILAR,41.033,28.8429,112,0,112,AÇIK OTOPARK,1,5,24 Saat
2026-08-19T07:11:44.552585+00:00,2026-08-19T10:11:44.552585+03:00,1528,Kore Şehitleri Caddesi - Yüzbaşı Kaya Aldağon Sokak 1,ŞİŞLİ,41.0719,29.0139,40,1,39,YOL ÜSTÜ,1,15,07:00-16:00
2026-08-19T07:11:44.552585+00:00,2026-08-19T10:11:44.552585+03:00,2449,Kozyatağı Sebze-Meyve Hali,ATAŞEHİR,40.9787,29.1029,1500,1500,0,AÇIK OTOPARK,1,0,24 Saat
2026-08-19T07:11:44.552585+00:00,2026-08-19T10:11:44.552585+03:00,1206,Kutlugün Sokak 2,FATİH,41.0061,28.9801,200,1,199,YOL ÜSTÜ,1,0,08:00-18:00
2026-08-19T07:11:44.552585+00:00,2026-08-19T10:11:44.552585+03:00,3074,Küçük Çamlıca,ÜSKÜDAR,41.0204,29.0653,129,106,23,AÇIK OTOPARK,1,0,08:00-22:00
2026-08-19T07:11:44.552585+00:00,2026-08-19T10:11:44.552585+03:00,3127,Küçükçekmece Cennet Mahallesi Meydan Zemin Altı Otoparkı,KÜÇÜKÇEKMECE,40.9907,28.783,456,0,456,KAPALI OTOPARK,1,10,24 Saat
2026-08-19T07:11:44.552585+00:00,2026-08-19T10:11:44.552585+03:00,2554,Küçükçekmece Fevzi Çakmak Meydanı Zemin Altı Otoparkı,KÜÇÜKÇEKMECE,41.0076,28.7927,1000,515,485,KAPALI OTOPARK,1,10,24 Saat
2026-08-19T07:11:44.552585+00:00,2026-08-19T10:11:44.552585+03:00,2882,Küçüksu Kasrı Açık Otoparkı,BEYKOZ,41.0789,29.0657,98,92,6,AÇIK OTOPARK,1,0,07:00-23:00
2026-08-19T07:11:44.552585+00:00,2026-08-19T10:11:44.552585+03:00,220,Levent Hamidiye,BEŞİKTAŞ,41.0861,29.0076,100,1,99,AÇIK OTOPARK,1,0,08:00-19:00
2026-08-19T07:11:44.552585+00:00,2026-08-19T10:11:44.552585+03:00,1138,Levent Metro Yer Altı Otoparkı,BEŞİKTAŞ,41.0811,29.0105,100,1,99,AÇIK OTOPARK,1,5,07:30-19:30
2026-08-19T07:11:44.552585+00:00,2026-08-19T10:11:44.552585+03:00,2335,Maçka Açık Otoparkı,ŞİŞLİ,41.046,28.9908,75,71,4,AÇIK OTOPARK,1,0,24 Saat
2026-08-19T07:11:44.552585+00:00,2026-08-19T10:11:44.552585+03:00,1859,Maçka Katlı Otoparkı,ŞİŞLİ,41.0484,28.9903,508,135,373,KAPALI OTOPARK,1,0,24 Saat
2026-08-19T07:11:44.552585+00:00,2026-08-19T10:11:44.552585+03:00,3193,Maltepe Rıhtım Caddesi Açık Otoparkı,MALTEPE,40.9258,29.1241,76,62,14,AÇIK OTOPARK,1,0,24 Saat
2026-08-19T07:11:44.552585+00:00,2026-08-19T10:11:44.552585+03:00,2146,Maltepe Süreyyapaşa Çarşısı Açık Otoparkı,MALTEPE,40.9274,29.1225,156,125,31,AÇIK OTOPARK,1,0,24 Saat
2026-08-19T07:11:44.552585+00:00,2026-08-19T10:11:44.552585+03:00,1599,Maslak Açık Otoparkı,SARIYER,41.1166,29.024,150,56,94,AÇIK OTOPARK,1,10,24 Saat
2026-08-19T07:11:44.552585+00:00,2026-08-19T10:11:44.552585+03:00,2100,Matbaacılar Sitesi Yanı,ZEYTİNBURNU,41.0234,28.9187,250,124,126,AÇIK OTOPARK,1,5,24 Saat
2026-08-19T07:11:44.552585+00:00,2026-08-19T10:11:44.552585+03:00,920,Meclis-i Mebusan Yokuşu 2,BEYOĞLU,41.0326,28.9882,34,1,33,YOL ÜSTÜ,1,15,09:00-17:00
2026-08-19T07:11:44.552585+00:00,2026-08-19T10:11:44.552585+03:00,1546,Menekşe Plajı Açık Otoparkı,BAKIRKÖY,40.9761,28.7766,200,200,0,AÇIK OTOPARK,1,0,24 Saat
2026-08-19T07:11:44.552585+00:00,2026-08-19T10:11:44.552585+03:00,1376,Mercan Açık,FATİH,41.0136,28.9669,130,53,77,AÇIK OTOPARK,1,0,08:00-23:00
2026-08-19T07:11:44.552585+00:00,2026-08-19T10:11:44.552585+03:00,3309,Mercan Ali Paşa Sarayı Zemin Altı Otoparkı,FATİH,41.0136,28.967,196,1,195,KAPALI OTOPARK,1,0,07:00-21:00
2026-08-19T07:11:44.552585+00:00,2026-08-19T10:11:44.552585+03:00,1472,Merter Katlı Otoparkı,GÜNGÖREN,41.0092,28.8874,1000,874,126,KAPALI OTOPARK,1,10,24 Saat
2026-08-19T07:11:44.552585+00:00,2026-08-19T10:11:44.552585+03:00,2375,Merter Metro PD Zeminaltı Otoparkı,GÜNGÖREN,41.0037,28.8897,242,75,167,KAPALI OTOPARK,1,10,24 Saat
2026-08-19T07:11:44.552585+00:00,2026-08-19T10:11:44.552585+03:00,1568,Mete Caddesi 1,BEYOĞLU,41.0382,28.9879,31,1,30,YOL ÜSTÜ,1,15,08:00-23:00
2026-08-19T07:11:44.552585+00:00,2026-08-19T10:11:44.552585+03:00,1471,Mevlana Yeraltı Katlı Otoparkı,ZEYTİNBURNU,41.0072,28.9049,1000,854,146,KAPALI OTOPARK,1,5,24 Saat
2026-08-19T07:11:44.552585+00:00,2026-08-19T10:11:44.552585+03:00,2709,Millet Caddesi Açık Otoparkı,FATİH,41.01,28.9461,60,1,59,AÇIK OTOPARK,1,15,24 Saat
2026-08-19T07:11:44.552585+00:00,2026-08-19T10:11:44.552585+03:00,3152,Mimar Sinan Zemin Altı Otoparkı,ÜSKÜDAR,41.0222,29.0169,956,509,447,KAPALI OTOPARK,1,15,24 Saat
2026-08-19T07:11:44.552585+00:00,2026-08-19T10:11:44.552585+03:00,2870,Miniatürk Çadır Açık Otoparkı,BEYOĞLU,41.0594,28.9501,250,152,98,AÇIK OTOPARK,1,15,07:00-20:00
2026-08-19T07:11:44.552585+00:00,2026-08-19T10:11:44.552585+03:00,2556,Muallim Naci Açık Otoparkı,BEŞİKTAŞ,41.0561,29.0342,35,28,7,AÇIK OTOPARK,1,15,24 Saat
2026-08-19T07:11:44.552585+00:00,2026-08-19T10:11:44.552585+03:00,569,Oda Kule Önü 1,BEYOĞLU,41.0322,28.9751,24,1,23,YOL ÜSTÜ,1,0,07:00-01:00
2026-08-19T07:11:44.552585+00:00,2026-08-19T10:11:44.552585+03:00,1988,Orhangazi Şehir Parkı PD Açık Otoparkı,MALTEPE,40.9313,29.1161,5022,4557,465,AÇIK OTOPARK,1,15,24 Saat
2026-08-19T07:11:44.552585+00:00,2026-08-19T10:11:44.552585+03:00,152,Ortabahçe Caddesi 2,BEŞİKTAŞ,41.0428,29.0043,35,1,34,YOL ÜSTÜ,1,15,08:00-23:00
2026-08-19T07:11:44.552585+00:00,2026-08-19T10:11:44.552585+03:00,153,Ortabahçe Caddesi 3,BEŞİKTAŞ,41.043,29.0042,26,1,25,YOL ÜSTÜ,1,15,08:00-23:00
2026-08-19T07:11:44.552585+00:00,2026-08-19T10:11:44.552585+03:00,119,Ortaklar Caddesi 1,ŞİŞLİ,41.0638,28.9971,25,1,24,YOL ÜSTÜ,1,15,08:30-17:00
2026-08-19T07:11:44.552585+00:00,2026-08-19T10:11:44.552585+03:00,1343,Ortaköy Açık Otoparkı,BEŞİKTAŞ,41.0504,29.0326,170,153,17,AÇIK OTOPARK,1,0,24 Saat
2026-08-19T07:11:44.552585+00:00,2026-08-19T10:11:44.552585+03:00,572,Ortaköy Portakal Yokuşu 1,BEŞİKTAŞ,41.0503,29.0261,15,1,14,YOL ÜSTÜ,1,15,09:00-19:00
2026-08-19T07:11:44.552585+00:00,2026-08-19T10:11:44.552585+03:00,1039,Öğretmen Evi,AVCILAR,40.9723,28.714,80,42,38,AÇIK OTOPARK,0,0,11:00-23:00
2026-08-19T07:11:44.552585+00:00,2026-08-19T10:11:44.552585+03:00,1466,Pendik Katlı Otoparkı,PENDİK,40.8789,29.2342,120,0,120,KAPALI OTOPARK,1,15,24 Saat
2026-08-19T07:11:44.552585+00:00,2026-08-19T10:11:44.552585+03:00,3073,Pendik Kemal Kalkuz Parkı Zemin Altı Otoparkı,PENDİK,40.8885,29.2427,224,1,223,KAPALI OTOPARK,1,0,09:00-18:00
2026-08-19T07:11:44.552585+00:00,2026-08-19T10:11:44.552585+03:00,3019,Pendik Meydan Zemin Altı Otoparkı,PENDİK,40.8752,29.2324,937,0,937,KAPALI OTOPARK,1,0,24 Saat
2026-08-19T07:11:44.552585+00:00,2026-08-19T10:11:44.552585+03:00,2865,Pendik Sahil Engelliler Merkez Önü,PENDİK,40.8735,29.233,100,66,34,AÇIK OTOPARK,0,0,11:00-20:00
2026-08-19T07:11:44.552585+00:00,2026-08-19T10:11:44.552585+03:00,2434,Pendik Sahil İdo,PENDİK,40.8755,29.2369,100,0,100,AÇIK OTOPARK,1,0,07:00-23:00
2026-08-19T07:11:44.552585+00:00,2026-08-19T10:11:44.552585+03:00,248,Pendik Yenimahalle Açık 2 Otoparkı,PENDİK,40.864,29.2723,124,55,69,AÇIK OTOPARK,1,15,10:00-22:00
2026-08-19T07:11:44.552585+00:00,2026-08-19T10:11:44.552585+03:00,297,Perşembe Pazarı 1,BEYOĞLU,41.0252,28.9693,32,1,31,YOL ÜSTÜ,1,15,08:00-17:00
2026-08-19T07:11:44.552585+00:00,2026-08-19T10:11:44.552585+03:00,597,Pierre Loti Caddesi 3,FATİH,41.0069,28.9711,36,1,35,YOL ÜSTÜ,1,0,07:00-17:00
2026-08-19T07:11:44.552585+00:00,2026-08-19T10:11:44.552585+03:00,3263,Piyalepaşa Meydanı Zemin Altı Otoparkı,BEYOĞLU,41.0445,28.9674,560,264,296,KAPALI OTOPARK,1,0,24 Saat
2026-08-19T07:11:44.552585+00:00,2026-08-19T10:11:44.552585+03:00,1900,Ragıp Gümüşpala Cad.(Sobacılar Önü),FATİH,41.0181,28.969,40,1,39,YOL ÜSTÜ,1,15,07:00-18:00
2026-08-19T07:11:44.552585+00:00,2026-08-19T10:11:44.552585+03:00,415,Ragıp Gümüşpala Camii Önü 1,FATİH,41.0211,28.9627,35,1,34,YOL ÜSTÜ,1,0,07:00-17:30
2026-08-19T07:11:44.552585+00:00,2026-08-19T10:11:44.552585+03:00,3268,Refik Saydam Caddesi 3,BEYOĞLU,41.032,28.9736,55,1,54,YOL ÜSTÜ,1,0,06:00-23:00
2026-08-19T07:11:44.552585+00:00,2026-08-19T10:11:44.552585+03:00,2307,Ressam Halim Sokak PD Açık Otoparkı,BAHÇELİEVLER,40.9967,28.8641,120,85,35,AÇIK OTOPARK,1,15,08:00-00:00
2026-08-19T07:11:44.552585+00:00,2026-08-19T10:11:44.552585+03:00,3082,Rumeli Hisarı Sahil Yolu Otoparkı,SARIYER,41.0854,29.0568,20,5,15,AÇIK OTOPARK,1,0,24 Saat
2026-08-19T07:11:44.552585+00:00,2026-08-19T10:11:44.552585+03:00,1595,Sabiha Gökçen Açık Otoparkı,PENDİK,40.925,29.308,1056,210,846,AÇIK OTOPARK,1,15,24 Saat
2026-08-19T07:11:44.552585+00:00,2026-08-19T10:11:44.552585+03:00,3239,Samatya Sahil Cep Otoparkı,FATİH,40.9954,28.932,113,113,0,AÇIK OTOPARK,1,15,24 Saat
2026-08-19T07:11:44.552585+00:00,2026-08-19T10:11:44.552585+03:00,3273,Sarıyer Büyükdere Fidanlığı,SARIYER,41.1548,29.0268,160,155,5,AÇIK OTOPARK,1,0,08:00-18:00
2026-08-19T07:11:44.552585+00:00,2026-08-19T10:11:44.552585+03:00,3299,Sariyer Ayazağa Mah Vadi İstanbul Önü Açık Otoparkı,SARIYER,41.1106,28.9881,100,95,5,AÇIK OTOPARK,1,0,08:00-20:00
2026-08-19T07:11:44.552585+00:00,2026-08-19T10:11:44.552585+03:00,1303,Seyrantepe Katlı (Arena Karşısı) 1,KAĞITHANE,41.101,28.9961,1897,1897,0,KAPALI OTOPARK,1,0,24 Saat
2026-08-19T07:11:44.552585+00:00,2026-08-19T10:11:44.552585+03:00,1628,Sıracevizler Caddesi Yol Üstü 5,ŞİŞLİ,41.0607,28.9841,45,1,44,YOL ÜSTÜ,1,15,09:00-17:00
2026-08-19T07:11:44.552585+00:00,2026-08-19T10:11:44.552585+03:00,464,Sirkeci Gar Önü,FATİH,41.015,28.9761,60,1,59,AÇIK OTOPARK,1,5,07:00-20:00
2026-08-19T07:11:44.552585+00:00,2026-08-19T10:11:44.552585+03:00,1486,Siyavuşpaşa Yer Altı Otoparkı,BAHÇELİEVLER,40.9965,28.8532,155,0,155,KAPALI OTOPARK,1,0,24 Saat
2026-08-19T07:11:44.552585+00:00,2026-08-19T10:11:44.552585+03:00,1958,Soğanlık Metro PD Açık Otoparkı,KARTAL,40.9131,29.1925,898,836,62,AÇIK OTOPARK,1,15,24 Saat
2026-08-19T07:11:44.552585+00:00,2026-08-19T10:11:44.552585+03:00,589,Su Terazisi Sokak,FATİH,41.0046,28.9727,22,1,21,YOL ÜSTÜ,1,0,07:30-17:00
2026-08-19T07:11:44.552585+00:00,2026-08-19T10:11:44.552585+03:00,1478,Suadiye Cep Açık Otoparkı,KADIKÖY,40.9586,29.0732,130,123,7,AÇIK OTOPARK,1,15,24 Saat
2026-08-19T07:11:44.552585+00:00,2026-08-19T10:11:44.552585+03:00,2948,Suadiye Sahil Açık Otoparkı,KADIKÖY,40.9562,29.0797,70,52,18,AÇIK OTOPARK,1,5,24 Saat
2026-08-19T07:11:44.552585+00:00,2026-08-19T10:11:44.552585+03:00,2799,Sultanbeyli Emir Caddesi Zemin Altı Otoparkı,SULTANBEYLİ,40.9707,29.2606,130,76,54,KAPALI OTOPARK,1,15,08:00-22:00
2026-08-19T07:11:44.552585+00:00,2026-08-19T10:11:44.552585+03:00,2372,Sultanbeyli Kent Meydanı Zemin Altı Otoparkı,SULTANBEYLİ,40.9667,29.2667,300,149,151,KAPALI OTOPARK,1,15,24 Saat
2026-08-19T07:11:44.552585+00:00,2026-08-19T10:11:44.552585+03:00,2410,Sultangazi Zemin Altı Otoparkı,SULTANGAZİ,41.0944,28.8649,104,0,104,KAPALI OTOPARK,1,10,24 Saat
2026-08-19T07:11:44.552585+00:00,2026-08-19T10:11:44.552585+03:00,2085,Süleyman Seba Caddesi 2,BEŞİKTAŞ,41.0426,28.9998,40,1,39,YOL ÜSTÜ,1,15,08:00-18:00
2026-08-19T07:11:44.552585+00:00,2026-08-19T10:11:44.552585+03:00,2088,Süleyman Seba Caddesi 5,BEŞİKTAŞ,41.0432,28.9978,40,1,39,YOL ÜSTÜ,1,15,08:00-18:00
2026-08-19T07:11:44.552585+00:00,2026-08-19T10:11:44.552585+03:00,2089,Süleyman Seba Caddesi 6,BEŞİKTAŞ,41.0435,28.9967,11,1,10,YOL ÜSTÜ,1,15,08:00-18:00
2026-08-19T07:11:44.552585+00:00,2026-08-19T10:11:44.552585+03:00,2391,Süleymaniye Cami Altı Açık Otoparkı,FATİH,41.0158,28.961,250,235,15,AÇIK OTOPARK,1,0,06:30-18:30
2026-08-19T07:11:44.552585+00:00,2026-08-19T10:11:44.552585+03:00,1730,Sütlüce Miniatürk Yanı,BEYOĞLU,41.057,28.95,320,225,95,AÇIK OTOPARK,1,15,24 Saat
2026-08-19T07:11:44.552585+00:00,2026-08-19T10:11:44.552585+03:00,36,Şakayık Sokak 4,ŞİŞLİ,41.0518,28.9936,50,1,49,YOL ÜSTÜ,1,15,08:00-16:00
2026-08-19T07:11:44.552585+00:00,2026-08-19T10:11:44.552585+03:00,1469,Şehit Volkan Duysak Katlı Otoparkı,ZEYTİNBURNU,40.9968,28.9039,1000,680,320,KAPALI OTOPARK,1,5,24 Saat
2026-08-19T07:11:44.552585+00:00,2026-08-19T10:11:44.552585+03:00,2385,Şehremini Açık Otoparkı 1,FATİH,41.0135,28.9333,60,1,59,AÇIK OTOPARK,1,0,08:30-20:30
2026-08-19T07:11:44.552585+00:00,2026-08-19T10:11:44.552585+03:00,2855,Şemsipaşa Açık Otoparkı,ÜSKÜDAR,41.0255,29.0097,80,34,46,AÇIK OTOPARK,1,0,24 Saat
2026-08-19T07:11:44.552585+00:00,2026-08-19T10:11:44.552585+03:00,2439,Şirinevler Meydan Zeminaltı Otoparkı,BAHÇELİEVLER,40.9925,28.8496,367,50,317,KAPALI OTOPARK,1,0,24 Saat
2026-08-19T07:11:44.552585+00:00,2026-08-19T10:11:44.552585+03:00,3400,Şişhane Refik Saydam Caddesi 2 Yol Üstü Otoparkı 1,BEYOĞLU,41.0326,28.9743,70,1,69,YOL ÜSTÜ,1,15,06:00-23:00
2026-08-19T07:11:44.552585+00:00,2026-08-19T10:11:44.552585+03:00,3441,Şişli Kuştepe Zemin Altı Otoparkı,ŞİŞLİ,41.072,28.9919,430,266,164,KAPALI OTOPARK,1,15,24 Saat
2026-08-19T07:11:44.552585+00:00,2026-08-19T10:11:44.552585+03:00,2816,Şişli Rumeli Caddesi Metro Yanı 1,ŞİŞLİ,41.0538,28.9868,45,1,44,YOL ÜSTÜ,1,15,08:00-20:00
2026-08-19T07:11:44.552585+00:00,2026-08-19T10:11:44.552585+03:00,2406,Şişli Zemin Altı Otoparkı,ŞİŞLİ,41.0641,28.9992,581,149,432,KAPALI OTOPARK,1,15,24 Saat
2026-08-19T07:11:44.552585+00:00,2026-08-19T10:11:44.552585+03:00,1993,Tuzla İdo,TUZLA,40.8149,29.3039,300,288,12,AÇIK OTOPARK,1,15,24 Saat
2026-08-19T07:11:44.552585+00:00,2026-08-19T10:11:44.552585+03:00,3332,Tuzla Sahil Cep,TUZLA,40.8168,29.2992,50,38,12,AÇIK OTOPARK,1,0,08:00-00:00
2026-08-19T07:11:44.552585+00:00,2026-08-19T10:11:44.552585+03:00,3057,Tuzla Sahil Zemin Altı Otoparkı,TUZLA,40.8181,29.3004,779,1,778,KAPALI OTOPARK,1,15,24 Saat
2026-08-19T07:11:44.552585+00:00,2026-08-19T10:11:44.552585+03:00,1811,Ulu Camii Açık Otoparkı,BAHÇELİEVLER,40.9982,28.8499,150,129,21,AÇIK OTOPARK,1,10,24 Saat
2026-08-19T07:11:44.552585+00:00,2026-08-19T10:11:44.552585+03:00,2424,Uzunçayır Açık Otoparkı,KADIKÖY,40.9988,29.0556,58,52,6,AÇIK OTOPARK,1,0,06:00-16:00
2026-08-19T07:11:44.552585+00:00,2026-08-19T10:11:44.552585+03:00,1468,Ümraniye Katlı Otoparkı,ÜMRANİYE,41.0261,29.0953,665,536,129,KAPALI OTOPARK,1,15,24 Saat
2026-08-19T07:11:44.552585+00:00,2026-08-19T10:11:44.552585+03:00,2898,Ümraniye Okan Sokak Zeminaltı Otoparkı,ÜMRANİYE,41.0284,29.0907,125,25,100,KAPALI OTOPARK,1,15,24 Saat
2026-08-19T07:11:44.552585+00:00,2026-08-19T10:11:44.552585+03:00,2345,Üsküdar Uzunçayır PD Açık Otoparkı,ÜSKÜDAR,40.9988,29.0577,90,57,33,AÇIK OTOPARK,1,15,06:00-22:00
2026-08-19T07:11:44.552585+00:00,2026-08-19T10:11:44.552585+03:00,1929,Üsküdar Ünalan Açık Otoparkı,ÜSKÜDAR,40.9979,29.0604,180,175,5,AÇIK OTOPARK,1,0,07:00-17:00
2026-08-19T07:11:44.552585+00:00,2026-08-19T10:11:44.552585+03:00,1487,Vatan Caddesi PD Açık Otoparkı,FATİH,41.0157,28.9405,397,186,211,AÇIK OTOPARK,1,5,24 Saat
2026-08-19T07:11:44.552585+00:00,2026-08-19T10:11:44.552585+03:00,2441,Yalı Açık Otoparkı,MALTEPE,40.9095,29.137,85,82,3,AÇIK OTOPARK,1,0,07:30-22:00
2026-08-19T07:11:44.552585+00:00,2026-08-19T10:11:44.552585+03:00,459,Yalı Köşkü Caddesi 1,FATİH,41.0163,28.9759,61,1,60,YOL ÜSTÜ,1,5,07:00-21:00
2026-08-19T07:11:44.552585+00:00,2026-08-19T10:11:44.552585+03:00,2037,Yenikapı Marmaray Büyük Otoparkı,FATİH,41.0057,28.9505,324,142,182,AÇIK OTOPARK,1,15,24 Saat
2026-08-19T07:11:44.552585+00:00,2026-08-19T10:11:44.552585+03:00,2036,Yenikapı Marmaray Küçük Otoparkı,FATİH,41.0064,28.9504,200,164,36,AÇIK OTOPARK,1,15,07:00-22:00
2026-08-19T07:11:44.552585+00:00,2026-08-19T10:11:44.552585+03:00,2175,Yenikapı Spor ve Kültür Merkezi PD Açık Otoparkı,FATİH,41.0006,28.9519,4023,3956,67,AÇIK OTOPARK,1,15,24 Saat
2026-08-19T07:11:44.552585+00:00,2026-08-19T10:11:44.552585+03:00,2805,Yenikapı Tünel Üstü Açık Otoparkı,FATİH,41.0029,28.9534,700,513,187,AÇIK OTOPARK,1,10,24 Saat
2026-08-19T07:11:44.552585+00:00,2026-08-19T10:11:44.552585+03:00,3404,Yenimahalle Metro Zemin Altı PD Otoparkı,GAZİOSMANPAŞA,41.0839,28.8926,114,98,16,KAPALI OTOPARK,1,15,24 Saat
2026-08-19T07:11:44.552585+00:00,2026-08-19T10:11:44.552585+03:00,2920,Yeşilce Zemin Altı Katlı Otoparkı,KAĞITHANE,41.0938,29.0017,676,0,676,KAPALI OTOPARK,1,0,24 Saat
2026-08-19T07:11:44.552585+00:00,2026-08-19T10:11:44.552585+03:00,987,Yeşilköy İstasyon Caddesi 1,BAKIRKÖY,40.962,28.825,40,1,39,YOL ÜSTÜ,1,15,09:00-17:30
2026-08-19T07:11:44.552585+00:00,2026-08-19T10:11:44.552585+03:00,974,Yeşilköy Marina 1,BAKIRKÖY,40.9576,28.8233,145,1,144,YOL ÜSTÜ,0,0,12:00-23:00
2026-08-19T07:11:44.552585+00:00,2026-08-19T10:11:44.552585+03:00,3406,Yeşilpınar Metro Zemin Altı PD Otoparkı,EYÜP,41.081,28.9204,269,200,69,KAPALI OTOPARK,1,15,24 Saat
2026-08-19T07:11:44.552585+00:00,2026-08-19T10:11:44.552585+03:00,315,Yeşilyurt Çarşı 1,BAKIRKÖY,40.9643,28.8379,50,1,49,YOL ÜSTÜ,1,15,09:00-17:30
2026-08-19T07:11:44.552585+00:00,2026-08-19T10:11:44.552585+03:00,1133,Yıldız Korusu,BEŞİKTAŞ,41.0514,29.0165,500,1,499,AÇIK OTOPARK,1,0,08:00-22:00
2026-08-19T07:11:44.552585+00:00,2026-08-19T10:11:44.552585+03:00,882,Zeytinburnu 58. Bulvar 2,ZEYTİNBURNU,40.9932,28.9039,48,1,47,YOL ÜSTÜ,1,15,09:00-18:00
2026-08-19T07:11:44.552585+00:00,2026-08-19T10:11:44.552585+03:00,3185,Zeytinburnu Sahil Cep Otoparkı,ZEYTİNBURNU,40.9798,28.8985,160,1,159,AÇIK OTOPARK,0,0,12:00-22:00
2026-08-19T08:48:54.918216+00:00,2026-08-19T11:48:54.918216+03:00,3068,15 Temmuz Şehitler Meydanı Zeminaltı Otoparkı,ÜMRANİYE,41.0246,29.0915,1029,518,511,KAPALI OTOPARK,1,15,24 Saat
2026-08-19T08:48:54.918216+00:00,2026-08-19T11:48:54.918216+03:00,2338,19 Mayıs Açık,ŞİŞLİ,41.0563,28.9941,65,0,65,AÇIK OTOPARK,1,0,24 Saat
2026-08-19T08:48:54.918216+00:00,2026-08-19T11:48:54.918216+03:00,1751,4.Levent PD Açık Otoparkı,KAĞITHANE,41.0836,29.0081,236,86,150,AÇIK OTOPARK,1,5,24 Saat
2026-08-19T08:48:54.918216+00:00,2026-08-19T11:48:54.918216+03:00,3328,4.Levent Servis ve Turizm Araçları Açık Otoparkı,ŞİŞLİ,41.0841,29.0054,300,169,131,AÇIK OTOPARK,1,15,24 Saat
2026-08-19T08:48:54.918216+00:00,2026-08-19T11:48:54.918216+03:00,3412,5. Levent Gaziosmanpaşa Adliyesi Yanı Açık Otoparkı,EYÜP,41.0927,28.9494,250,171,79,AÇIK OTOPARK,1,15,07:00-23:00
2026-08-19T08:48:54.918216+00:00,2026-08-19T11:48:54.918216+03:00,104,Abide-i Hürriyet Caddesi 5,ŞİŞLİ,41.0619,28.9876,40,1,39,YOL ÜSTÜ,1,15,08:00-17:00
2026-08-19T08:48:54.918216+00:00,2026-08-19T11:48:54.918216+03:00,2452,Acıbadem Açık Otoparkı,ÜSKÜDAR,41.0157,29.0574,100,86,14,AÇIK OTOPARK,1,0,06:30-16:00
2026-08-19T08:48:54.918216+00:00,2026-08-19T11:48:54.918216+03:00,346,Ada Karşısı Cep 2,BEŞİKTAŞ,41.072,29.045,30,1,29,YOL ÜSTÜ,1,15,08:00-23:00
2026-08-19T08:48:54.918216+00:00,2026-08-19T11:48:54.918216+03:00,1663,Akasyalı Sokak Tenis Kulubü Önü 2,BEŞİKTAŞ,41.0867,29.0109,45,1,44,YOL ÜSTÜ,1,15,08:30-17:30
2026-08-19T08:48:54.918216+00:00,2026-08-19T11:48:54.918216+03:00,828,Akdeniz Caddesi 4,FATİH,41.0175,28.9435,27,1,26,YOL ÜSTÜ,1,15,09:00-18:00
2026-08-19T08:48:54.918216+00:00,2026-08-19T11:48:54.918216+03:00,1913,Alibeyköy Cep Otogarı Açık Otoparkı,EYÜP,41.0879,28.9446,116,0,116,AÇIK OTOPARK,1,25,24 Saat
2026-08-19T08:48:54.918216+00:00,2026-08-19T11:48:54.918216+03:00,1912,Alibeyköy Cep Otogarı Otobüs Otoparkı,EYÜP,41.0875,28.9449,5000,1,4999,AÇIK OTOPARK,1,60,24 Saat
2026-08-19T08:48:54.918216+00:00,2026-08-19T11:48:54.918216+03:00,2562,Alibeyköy Yeşiltepe Zemin Altı Otoparkı,EYÜP,41.0797,28.938,159,74,85,KAPALI OTOPARK,1,15,24 Saat
2026-08-19T08:48:54.918216+00:00,2026-08-19T11:48:54.918216+03:00,3201,Altınboynuz Sosyal Tesisleri,EYÜP,41.058,28.9447,70,1,69,AÇIK OTOPARK,1,15,08:00-23:00
2026-08-19T08:48:54.918216+00:00,2026-08-19T11:48:54.918216+03:00,758,Arap Camii Açık Otoparkı,BEYOĞLU,41.0227,28.9723,30,1,29,AÇIK OTOPARK,1,0,09:00-17:00
2026-08-19T08:48:54.918216+00:00,2026-08-19T11:48:54.918216+03:00,1963,Aras Sokak 1,BÜYÜKÇEKMECE,41.0226,28.622,60,1,59,YOL ÜSTÜ,1,0,06:00-14:30
2026-08-19T08:48:54.918216+00:00,2026-08-19T11:48:54.918216+03:00,2802,Arnavutköy Zemin Altı Otoparkı,ARNAVUTKÖY,41.1838,28.7396,700,26,674,KAPALI OTOPARK,1,15,24 Saat
2026-08-19T08:48:54.918216+00:00,2026-08-19T11:48:54.918216+03:00,1797,Ataköy Atrium AVM,BAKIRKÖY,40.9881,28.8459,250,222,28,AÇIK OTOPARK,1,15,08:00-23:00
2026-08-19T08:48:54.918216+00:00,2026-08-19T11:48:54.918216+03:00,2824,Ataköy Metro Durağı Yanı PD Zemin Altı Otoparkı,BAKIRKÖY,40.9904,28.8456,150,88,62,KAPALI OTOPARK,1,0,24 Saat
2026-08-19T08:48:54.918216+00:00,2026-08-19T11:48:54.918216+03:00,359,Atatürk Bulvarı 1,FATİH,41.0112,28.9534,20,1,19,YOL ÜSTÜ,1,0,07:30-18:00
2026-08-19T08:48:54.918216+00:00,2026-08-19T11:48:54.918216+03:00,3087,Atatürk Kent Ormanı Otoparkı,SARIYER,41.136,29.0262,200,198,2,AÇIK OTOPARK,1,0,08:00-17:00
2026-08-19T08:48:54.918216+00:00,2026-08-19T11:48:54.918216+03:00,2243,Avcılar Denizköşkler Toplantı ve Davet Salonu Açık Otoparkı,AVCILAR,40.9746,28.7435,200,197,3,AÇIK OTOPARK,0,15,13:00-07:00
2026-08-19T08:48:54.918216+00:00,2026-08-19T11:48:54.918216+03:00,1088,Avcılar İdo,AVCILAR,40.9712,28.7185,270,261,9,AÇIK OTOPARK,0,0,13:00-07:00
2026-08-19T08:48:54.918216+00:00,2026-08-19T11:48:54.918216+03:00,2885,Azapkapı Haliç Metro Otoparkı,ŞİŞLİ,41.0245,28.9691,80,0,80,AÇIK OTOPARK,1,5,24 Saat
2026-08-19T08:48:54.918216+00:00,2026-08-19T11:48:54.918216+03:00,2455,Azerbaycan Dostluk Parkı Zemin Altı Otoparkı,BAĞCILAR,41.0444,28.854,400,172,228,KAPALI OTOPARK,1,10,24 Saat
2026-08-19T08:48:54.918216+00:00,2026-08-19T11:48:54.918216+03:00,2965,Bağcılar Çolakoğlu Zemin Altı Otoparkı,BAĞCILAR,41.0324,28.8345,106,0,106,KAPALI OTOPARK,1,5,24 Saat
2026-08-19T08:48:54.918216+00:00,2026-08-19T11:48:54.918216+03:00,2576,Bağcılar Demirkapı Zemin Altı Otoparkı,BAĞCILAR,41.0499,28.8327,343,179,164,KAPALI OTOPARK,1,5,24 Saat
2026-08-19T08:48:54.918216+00:00,2026-08-19T11:48:54.918216+03:00,3036,Bağcılar Devlet Hastanesi Yanı Zeminaltı Otoparkı,BAĞCILAR,41.0312,28.8696,1133,41,1092,KAPALI OTOPARK,1,15,24 Saat
2026-08-19T08:48:54.918216+00:00,2026-08-19T11:48:54.918216+03:00,3071,Bağcılar Emniyet Müdürlüğü Yanı Açık Otoparkı,BAĞCILAR,41.0353,28.8598,100,34,66,AÇIK OTOPARK,1,0,24 Saat
2026-08-19T08:48:54.918216+00:00,2026-08-19T11:48:54.918216+03:00,2873,Bağcılar Göztepe Zemin Altı,BAĞCILAR,41.0567,28.8355,120,0,120,KAPALI OTOPARK,1,5,24 Saat
2026-08-19T08:48:54.918216+00:00,2026-08-19T11:48:54.918216+03:00,3187,Bağcılar Hürriyet Mahallesi Zemin Altı Otoparkı,BAĞCILAR,41.0291,28.8333,355,0,355,KAPALI OTOPARK,1,10,24 Saat
2026-08-19T08:48:54.918216+00:00,2026-08-19T11:48:54.918216+03:00,2916,Bağcılar Kent Meydanı PD Zemin Altı Otoparkı,BAĞCILAR,41.0339,28.8556,1162,0,1162,KAPALI OTOPARK,1,0,24 Saat
2026-08-19T08:48:54.918216+00:00,2026-08-19T11:48:54.918216+03:00,3261,Bağcılar Yenimahalle Zemin Altı Otoparkı,BAĞCILAR,41.0425,28.8395,525,278,247,KAPALI OTOPARK,1,15,24 Saat
2026-08-19T08:48:54.918216+00:00,2026-08-19T11:48:54.918216+03:00,2820,Bağcılar Yıldıztepe Katlı Otoparkı,BAĞCILAR,41.0294,28.8556,350,0,350,KAPALI OTOPARK,1,10,24 Saat
2026-08-19T08:48:54.918216+00:00,2026-08-19T11:48:54.918216+03:00,3447,Bahçelievler 23 Nisan Milli Egemenlik Zeminaltı Otoparkı,BAHÇELİEVLER,40.9988,28.8472,732,510,222,KAPALI OTOPARK,1,10,24 Saat
2026-08-19T08:48:54.918216+00:00,2026-08-19T11:48:54.918216+03:00,2993,Bahçelievler Cumhuriyet Zeminaltı Otoparkı,BAHÇELİEVLER,41.0149,28.859,663,0,663,KAPALI OTOPARK,1,10,24 Saat
2026-08-19T08:48:54.918216+00:00,2026-08-19T11:48:54.918216+03:00,2969,Bahçelievler Devlet Hastanesi Yanı Katlı Otoparkı,BAHÇELİEVLER,41.0072,28.8442,740,0,740,KAPALI OTOPARK,1,0,24 Saat
2026-08-19T08:48:54.918216+00:00,2026-08-19T11:48:54.918216+03:00,3051,Bahçelievler Zafer Mh. Zeminaltı Otoparkı,BAHÇELİEVLER,41.0036,28.8351,200,94,106,KAPALI OTOPARK,1,0,24 Saat
2026-08-19T08:48:54.918216+00:00,2026-08-19T11:48:54.918216+03:00,3236,Bahçeşehir Gölet Açık Otoparkı,BAŞAKŞEHİR,41.0719,28.6901,200,1,199,AÇIK OTOPARK,0,0,12:00-22:00
2026-08-19T08:48:54.918216+00:00,2026-08-19T11:48:54.918216+03:00,1465,Bakırköy İdo Açık Otoparkı,BAKIRKÖY,40.9739,28.8761,160,131,29,AÇIK OTOPARK,1,10,24 Saat
2026-08-19T08:48:54.918216+00:00,2026-08-19T11:48:54.918216+03:00,1104,Balmumcu Katlı Otoparkı,BEŞİKTAŞ,41.0636,29.0109,400,175,225,KAPALI OTOPARK,1,5,24 Saat
2026-08-19T08:48:54.918216+00:00,2026-08-19T11:48:54.918216+03:00,2796,Başakşehir Metro Açık Otoparkı,BAŞAKŞEHİR,41.107,28.801,125,1,124,AÇIK OTOPARK,1,0,07:00-16:00
2026-08-19T08:48:54.918216+00:00,2026-08-19T11:48:54.918216+03:00,2350,Bayrampaşa Adapark Katlı Otoparkı,BAYRAMPAŞA,41.0647,28.8875,650,0,650,KAPALI OTOPARK,1,15,24 Saat
2026-08-19T08:48:54.918216+00:00,2026-08-19T11:48:54.918216+03:00,2892,Bayrampaşa Altıntepsi Zemin  Altı Otoparkı,BAYRAMPAŞA,41.0393,28.9029,110,0,110,KAPALI OTOPARK,1,10,24 Saat
2026-08-19T08:48:54.918216+00:00,2026-08-19T11:48:54.918216+03:00,2909,Bayrampaşa Atatürk Parkı  Zemin Altı Otoparkı,BAYRAMPAŞA,41.0342,28.9123,442,0,442,KAPALI OTOPARK,1,10,24 Saat
2026-08-19T08:48:54.918216+00:00,2026-08-19T11:48:54.918216+03:00,2683,Bayrampaşa Devlet Hastanesi Cep Otoparkı,BAYRAMPAŞA,41.0414,28.9031,55,14,41,AÇIK OTOPARK,1,0,08:00-19:00
2026-08-19T08:48:54.918216+00:00,2026-08-19T11:48:54.918216+03:00,3301,Bayrampaşa Kocatepe Mahallesi Zemin Altı Otoparkı,BAYRAMPAŞA,41.0545,28.8964,241,0,241,KAPALI OTOPARK,1,10,24 Saat
2026-08-19T08:48:54.918216+00:00,2026-08-19T11:48:54.918216+03:00,2053,Bayrampaşa Muratpaşa Yer Altı Otoparkı,BAYRAMPAŞA,41.047,28.9082,300,12,288,KAPALI OTOPARK,1,15,24 Saat
2026-08-19T08:48:54.918216+00:00,2026-08-19T11:48:54.918216+03:00,3175,Bayrampaşa Spor Kompleksi Zemin Altı Otoparkı,BAYRAMPAŞA,41.0446,28.9106,205,0,205,KAPALI OTOPARK,1,15,24 Saat
2026-08-19T08:48:54.918216+00:00,2026-08-19T11:48:54.918216+03:00,3382,Bayrampaşa Şehit Kamil Balkan Zemin Altı Otoparkı,BAYRAMPAŞA,41.0604,28.9008,235,0,235,KAPALI OTOPARK,1,10,24 Saat
2026-08-19T08:48:54.918216+00:00,2026-08-19T11:48:54.918216+03:00,2428,Bayrampaşa Yenidoğan Mahallesi Zemin Altı Otoparkı,BAYRAMPAŞA,41.0395,28.9088,120,0,120,KAPALI OTOPARK,1,10,24 Saat
2026-08-19T08:48:54.918216+00:00,2026-08-19T11:48:54.918216+03:00,2468,Bebek Açık,BEŞİKTAŞ,41.077,29.0434,30,0,30,AÇIK OTOPARK,1,0,24 Saat
2026-08-19T08:48:54.918216+00:00,2026-08-19T11:48:54.918216+03:00,3479,Beşiktaş Halk Pazarı Açık Otoparkı,BEŞİKTAŞ,41.0496,29.0004,170,90,80,AÇIK OTOPARK,1,5,24 Saat
2026-08-19T08:48:54.918216+00:00,2026-08-19T11:48:54.918216+03:00,3257,Beykoz Sahil Cep Otoparkı,BEYKOZ,41.1286,29.0953,100,75,25,AÇIK OTOPARK,1,0,08:00-00:00
2026-08-19T08:48:54.918216+00:00,2026-08-19T11:48:54.918216+03:00,2273,Beykoz Sosyal Tesisleri,BEYKOZ,41.1143,29.0888,130,39,91,AÇIK OTOPARK,1,15,08:00-00:00
2026-08-19T08:48:54.918216+00:00,2026-08-19T11:48:54.918216+03:00,2999,Beyoğlu Gazhane Bostan Sokak 2,BEYOĞLU,41.0389,28.9903,35,1,34,YOL ÜSTÜ,1,0,07:30-16:30
2026-08-19T08:48:54.918216+00:00,2026-08-19T11:48:54.918216+03:00,3072,Beyoğlu Örnektepe Zemin Altı Otoparkı,BEYOĞLU,41.0543,28.9548,143,0,143,KAPALI OTOPARK,1,0,24 Saat
2026-08-19T08:48:54.918216+00:00,2026-08-19T11:48:54.918216+03:00,1455,Bostancı Açık,KADIKÖY,40.9523,29.0902,394,83,311,AÇIK OTOPARK,1,15,24 Saat
2026-08-19T08:48:54.918216+00:00,2026-08-19T11:48:54.918216+03:00,1456,Bostancı Sahil-Cep Açık Otoparkı,KADIKÖY,40.9545,29.0885,192,126,66,AÇIK OTOPARK,1,15,24 Saat
2026-08-19T08:48:54.918216+00:00,2026-08-19T11:48:54.918216+03:00,2150,Bostancı Vergi Dairesi Açık Otoparkı,ATAŞEHİR,40.9625,29.1083,155,0,155,AÇIK OTOPARK,1,5,08:00-20:00
2026-08-19T08:48:54.918216+00:00,2026-08-19T11:48:54.918216+03:00,2854,Bülent Ecevit Kültür Merkezi Açık Otoparkı,KARTAL,40.8852,29.1967,277,266,11,AÇIK OTOPARK,1,0,10:00-21:00
2026-08-19T08:48:54.918216+00:00,2026-08-19T11:48:54.918216+03:00,2866,Büyük İstanbul Otogarı,BAYRAMPAŞA,41.0402,28.8942,1000,0,1000,AÇIK OTOPARK,1,25,24 Saat
2026-08-19T08:48:54.918216+00:00,2026-08-19T11:48:54.918216+03:00,1192,Büyükçamlıca Korusu Sosyal Tesisleri Önü,ÜSKÜDAR,41.0264,29.0698,204,112,92,AÇIK OTOPARK,1,0,08:00-00:00
2026-08-19T08:48:54.918216+00:00,2026-08-19T11:48:54.918216+03:00,2960,Büyükçekmece Metrobüs Durağı Yanı PD Zemin Altı Otopark,BÜYÜKÇEKMECE,41.0221,28.624,448,291,157,KAPALI OTOPARK,1,0,24 Saat
2026-08-19T08:48:54.918216+00:00,2026-08-19T11:48:54.918216+03:00,1503,Cadde Bostan Açık Otoparkı,KADIKÖY,40.9636,29.0675,66,35,31,AÇIK OTOPARK,1,15,24 Saat
2026-08-19T08:48:54.918216+00:00,2026-08-19T11:48:54.918216+03:00,2933,Cemal Kamacı Spor Kompleksi Zemin Altı Otoparkı,KAĞITHANE,41.0536,28.9575,510,0,510,KAPALI OTOPARK,1,0,24 Saat
2026-08-19T08:48:54.918216+00:00,2026-08-19T11:48:54.918216+03:00,2207,Cengiz Topel Yer Altı Katlı Otoparkı,ESENLER,41.0588,28.8643,144,0,144,KAPALI OTOPARK,1,15,24 Saat
2026-08-19T08:48:54.918216+00:00,2026-08-19T11:48:54.918216+03:00,2787,Cevizli Açık Otoparkı,KARTAL,40.9179,29.1712,100,33,67,AÇIK OTOPARK,1,15,08:00-19:00
2026-08-19T08:48:54.918216+00:00,2026-08-19T11:48:54.918216+03:00,782,Cihangir Caddesi 2,BEYOĞLU,41.0319,28.9862,70,1,69,YOL ÜSTÜ,1,15,09:00-19:00
2026-08-19T08:48:54.918216+00:00,2026-08-19T11:48:54.918216+03:00,1467,Cihangir Katlı Otoparkı,BEYOĞLU,41.0318,28.9858,350,0,350,KAPALI OTOPARK,1,0,24 Saat
2026-08-19T08:48:54.918216+00:00,2026-08-19T11:48:54.918216+03:00,535,Cihannuma Yol Üstü 1,BEŞİKTAŞ,41.0454,29.0084,35,1,34,YOL ÜSTÜ,1,0,08:00-23:00
2026-08-19T08:48:54.918216+00:00,2026-08-19T11:48:54.918216+03:00,537,Cihannuma Yol Üstü 3,BEŞİKTAŞ,41.0459,29.0087,33,1,32,YOL ÜSTÜ,1,0,08:00-23:00
2026-08-19T08:48:54.918216+00:00,2026-08-19T11:48:54.918216+03:00,539,Cihannuma Yol Üstü 5,BEŞİKTAŞ,41.0489,29.0094,24,1,23,YOL ÜSTÜ,1,0,08:00-23:00
2026-08-19T08:48:54.918216+00:00,2026-08-19T11:48:54.918216+03:00,3184,Çam Sokak 6,GÜNGÖREN,41.0121,28.8882,50,1,49,YOL ÜSTÜ,1,15,08:00-17:00
2026-08-19T08:48:54.918216+00:00,2026-08-19T11:48:54.918216+03:00,3030,Çekmeköy Metro PD Zemin Altı Otoparkı,ÇEKMEKÖY,41.0147,29.1886,175,50,125,KAPALI OTOPARK,1,15,24 Saat
2026-08-19T08:48:54.918216+00:00,2026-08-19T11:48:54.918216+03:00,2905,Çeliktepe Açık Otoparkı,KAĞITHANE,41.0843,29.0056,200,80,120,AÇIK OTOPARK,1,5,24 Saat
2026-08-19T08:48:54.918216+00:00,2026-08-19T11:48:54.918216+03:00,1298,Çengelköy Açık Otoparkı,ÜSKÜDAR,41.0484,29.0533,500,229,271,AÇIK OTOPARK,1,15,24 Saat
2026-08-19T08:48:54.918216+00:00,2026-08-19T11:48:54.918216+03:00,502,Çınar Açık Otoparkı,BEŞİKTAŞ,41.0853,29.0088,65,1,64,AÇIK OTOPARK,1,0,08:00-18:00
2026-08-19T08:48:54.918216+00:00,2026-08-19T11:48:54.918216+03:00,777,Çırağan Sarayı Yol Üstü 1,BEŞİKTAŞ,41.0448,29.0165,40,1,39,YOL ÜSTÜ,1,15,08:00-23:00
2026-08-19T08:48:54.918216+00:00,2026-08-19T11:48:54.918216+03:00,778,Çırağan Sarayı Yol Üstü 2,BEŞİKTAŞ,41.0445,29.0156,40,1,39,YOL ÜSTÜ,1,15,08:00-23:00
2026-08-19T08:48:54.918216+00:00,2026-08-19T11:48:54.918216+03:00,2228,Çırpıcı Sosyal Tesisler,ZEYTİNBURNU,41,28.8926,128,0,128,AÇIK OTOPARK,1,15,07:00-00:00
2026-08-19T08:48:54.918216+00:00,2026-08-19T11:48:54.918216+03:00,1508,Çiroz Yeşilköy Halk Pazarı,BAKIRKÖY,40.9628,28.8129,471,405,66,AÇIK OTOPARK,1,0,08:00-18:00
2026-08-19T08:48:54.918216+00:00,2026-08-19T11:48:54.918216+03:00,2030,Dalyan Açık Otoparkı,KADIKÖY,40.9632,29.0651,92,27,65,AÇIK OTOPARK,1,15,24 Saat
2026-08-19T08:48:54.918216+00:00,2026-08-19T11:48:54.918216+03:00,2271,Damla Sokak 1,ŞİŞLİ,41.0672,29.0004,17,1,16,YOL ÜSTÜ,1,15,07:30-16:30
2026-08-19T08:48:54.918216+00:00,2026-08-19T11:48:54.918216+03:00,2164,Darüşşafaka Yeraltı Otoparkı,SARIYER,41.1292,29.0252,150,107,43,KAPALI OTOPARK,1,15,08:00-00:00
2026-08-19T08:48:54.918216+00:00,2026-08-19T11:48:54.918216+03:00,1653,Deniz Feneri Otoparkı,FATİH,41.0019,28.9773,175,106,69,AÇIK OTOPARK,1,5,24 Saat
2026-08-19T08:48:54.918216+00:00,2026-08-19T11:48:54.918216+03:00,595,Dostluk Yurdu 1,FATİH,41.0071,28.973,33,33,0,YOL ÜSTÜ,1,15,07:00-17:00
2026-08-19T08:48:54.918216+00:00,2026-08-19T11:48:54.918216+03:00,2237,Dragos Sosyal Tesisleri,KARTAL,40.9017,29.1458,100,14,86,AÇIK OTOPARK,1,15,24 Saat
2026-08-19T08:48:54.918216+00:00,2026-08-19T11:48:54.918216+03:00,3063,Dudullu Metro PD Zemin Altı Otoparkı,ÜMRANİYE,41.0156,29.1633,81,52,29,KAPALI OTOPARK,1,15,07:00-23:30
2026-08-19T08:48:54.918216+00:00,2026-08-19T11:48:54.918216+03:00,1522,Ebu Suut Caddesi 1,FATİH,41.0128,28.9766,35,1,34,YOL ÜSTÜ,1,0,08:00-18:00
2026-08-19T08:48:54.918216+00:00,2026-08-19T11:48:54.918216+03:00,2147,EGS Blokları Açık Otoparkı,BAKIRKÖY,40.9863,28.8354,350,0,350,AÇIK OTOPARK,1,60,09:00-19:30
2026-08-19T08:48:54.918216+00:00,2026-08-19T11:48:54.918216+03:00,2366,Esenler Adem Baştürk Kültür Merkezi Katlı,ESENLER,41.039,28.8846,460,53,407,KAPALI OTOPARK,1,15,24 Saat
2026-08-19T08:48:54.918216+00:00,2026-08-19T11:48:54.918216+03:00,3190,Esenler Havaalanı Mahallesi Zemin Altı Otoparkı,ESENLER,41.0562,28.8674,610,369,241,KAPALI OTOPARK,1,10,24 Saat
2026-08-19T08:48:54.918216+00:00,2026-08-19T11:48:54.918216+03:00,3011,Esenler Menderes Metro İstasyonu Yanı,ESENLER,41.0427,28.8783,68,7,61,AÇIK OTOPARK,1,5,24 Saat
2026-08-19T08:48:54.918216+00:00,2026-08-19T11:48:54.918216+03:00,2822,Esenler Menderes Parkı Zemin Altı Otoparkı,ESENLER,41.0412,28.8729,325,58,267,KAPALI OTOPARK,1,10,24 Saat
2026-08-19T08:48:54.918216+00:00,2026-08-19T11:48:54.918216+03:00,3303,Esenyurt Adile Naşit Bulvarı Zeminaltı Otoparkı,ESENYURT,41.0205,28.6859,367,281,86,KAPALI OTOPARK,1,15,24 Saat
2026-08-19T08:48:54.918216+00:00,2026-08-19T11:48:54.918216+03:00,1328,Eski Salı Pazarı,KADIKÖY,40.9904,29.0338,760,0,760,AÇIK OTOPARK,1,15,24 Saat
2026-08-19T08:48:54.918216+00:00,2026-08-19T11:48:54.918216+03:00,904,Eyüp Pierloti Caddesi 1,EYÜP,41.0539,28.9329,40,1,39,YOL ÜSTÜ,1,0,09:00-22:00
2026-08-19T08:48:54.918216+00:00,2026-08-19T11:48:54.918216+03:00,2850,Eyüpsultan Akşemsettin Mahallesi Zemin Altı Otoparkı,EYÜP,41.085,28.9258,110,0,110,KAPALI OTOPARK,1,15,24 Saat
2026-08-19T08:48:54.918216+00:00,2026-08-19T11:48:54.918216+03:00,2215,Fatih Çeşmesi Tabiat Parkı Otoparkı,SARIYER,41.1686,28.9448,250,243,7,AÇIK OTOPARK,1,0,06:00-20:00
2026-08-19T08:48:54.918216+00:00,2026-08-19T11:48:54.918216+03:00,1475,Fatih Katlı Otoparkı,FATİH,41.0198,28.9396,118,0,118,KAPALI OTOPARK,1,10,24 Saat
2026-08-19T08:48:54.918216+00:00,2026-08-19T11:48:54.918216+03:00,1591,Feshane PD Açık Otoparkı,EYÜP,41.0463,28.9378,200,79,121,AÇIK OTOPARK,1,15,24 Saat
2026-08-19T08:48:54.918216+00:00,2026-08-19T11:48:54.918216+03:00,1005,Florya Havuzlu Bahçe,BAKIRKÖY,40.9764,28.7908,135,1,134,AÇIK OTOPARK,1,0,09:00-23:00
2026-08-19T08:48:54.918216+00:00,2026-08-19T11:48:54.918216+03:00,2238,Florya Sosyal Tesisleri,BAKIRKÖY,40.9614,28.8091,1074,855,219,AÇIK OTOPARK,1,15,24 Saat
2026-08-19T08:48:54.918216+00:00,2026-08-19T11:48:54.918216+03:00,1704,Gazi Umur Paşa Sokak 5,BEŞİKTAŞ,41.0589,29.0114,45,1,44,YOL ÜSTÜ,1,15,08:00-17:00
2026-08-19T08:48:54.918216+00:00,2026-08-19T11:48:54.918216+03:00,3296,Gaziosmanpaşa Meydanı ve Yaşam Merkezi Zemin Altı Otoparkı,GAZİOSMANPAŞA,41.0606,28.9093,202,0,202,KAPALI OTOPARK,1,15,24 Saat
2026-08-19T08:48:54.918216+00:00,2026-08-19T11:48:54.918216+03:00,2971,Gaziosmanpaşa Zemin Altı Otoparkı,GAZİOSMANPAŞA,41.0796,28.8858,285,0,285,KAPALI OTOPARK,1,0,24 Saat
2026-08-19T08:48:54.918216+00:00,2026-08-19T11:48:54.918216+03:00,3401,Giyimkent Tekstilkent Metro Zemin Altı PD Otoparkı,ESENLER,41.0711,28.8666,203,164,39,KAPALI OTOPARK,1,10,24 Saat
2026-08-19T08:48:54.918216+00:00,2026-08-19T11:48:54.918216+03:00,2242,Gözdağı Sosyal Tesisler  Açık Otoparkı,PENDİK,40.893,29.2538,300,216,84,AÇIK OTOPARK,1,0,07:00-23:00
2026-08-19T08:48:54.918216+00:00,2026-08-19T11:48:54.918216+03:00,1879,Gülsuyu Metro PD Yer Altı Otoparkı,MALTEPE,40.9237,29.1548,76,0,76,KAPALI OTOPARK,1,15,08:00-00:00
2026-08-19T08:48:54.918216+00:00,2026-08-19T11:48:54.918216+03:00,1423,Güneş Plajı 1,BAKIRKÖY,40.9712,28.79,250,190,60,AÇIK OTOPARK,1,10,24 Saat
2026-08-19T08:48:54.918216+00:00,2026-08-19T11:48:54.918216+03:00,1461,Güneş Plajı 2,BAKIRKÖY,40.9692,28.7951,135,106,29,AÇIK OTOPARK,1,10,08:00-20:00
2026-08-19T08:48:54.918216+00:00,2026-08-19T11:48:54.918216+03:00,3053,Güngören Nikah Dairesi Zemin Altı otoparkı,GÜNGÖREN,41.0363,28.8718,147,0,147,KAPALI OTOPARK,1,10,24 Saat
2026-08-19T08:48:54.918216+00:00,2026-08-19T11:48:54.918216+03:00,2216,Gürpınar Balık Hali Otoparkı,BEYLİKDÜZÜ,40.9663,28.6019,1000,715,285,AÇIK OTOPARK,1,15,24 Saat
2026-08-19T08:48:54.918216+00:00,2026-08-19T11:48:54.918216+03:00,1525,Hacıosman Metro Yer Altı Otoparkı,SARIYER,41.14,29.0306,422,65,357,KAPALI OTOPARK,1,15,24 Saat
2026-08-19T08:48:54.918216+00:00,2026-08-19T11:48:54.918216+03:00,1470,Haldun Alagaş Katlı Otoparkı,ÜMRANİYE,41.0262,29.1052,197,33,164,KAPALI OTOPARK,1,15,24 Saat
2026-08-19T08:48:54.918216+00:00,2026-08-19T11:48:54.918216+03:00,3235,Haliç Sosyal Tesisleri Otoparkı,FATİH,41.0277,28.9572,60,20,40,AÇIK OTOPARK,1,15,07:00-00:00
2026-08-19T08:48:54.918216+00:00,2026-08-19T11:48:54.918216+03:00,2848,Halkalı Mahallesi Zemin Altı Otoparkı,KÜÇÜKÇEKMECE,41.0359,28.7848,347,175,172,KAPALI OTOPARK,1,15,24 Saat
2026-08-19T08:48:54.918216+00:00,2026-08-19T11:48:54.918216+03:00,2838,Hamidiye Mahallesi Katlı Otoparkı,KAĞITHANE,41.0949,28.971,450,201,249,KAPALI OTOPARK,1,15,24 Saat
2026-08-19T08:48:54.918216+00:00,2026-08-19T11:48:54.918216+03:00,1446,Harbiye Zemin Altı Otoparkı,BEYOĞLU,41.0408,28.9869,142,0,142,KAPALI OTOPARK,1,5,24 Saat
2026-08-19T08:48:54.918216+00:00,2026-08-19T11:48:54.918216+03:00,2332,Haydarpaşa Katlı Otoparkı,ÜSKÜDAR,41.0048,29.0251,840,415,425,KAPALI OTOPARK,1,15,24 Saat
2026-08-19T08:48:54.918216+00:00,2026-08-19T11:48:54.918216+03:00,1987,Haznedar Yer Altı Otoparkı,GÜNGÖREN,41.0083,28.8729,540,0,540,KAPALI OTOPARK,1,0,24 Saat
2026-08-19T08:48:54.918216+00:00,2026-08-19T11:48:54.918216+03:00,377,Hızır Külhani Sokak,FATİH,41.0202,28.9605,32,1,31,YOL ÜSTÜ,1,15,09:00-17:00
2026-08-19T08:48:54.918216+00:00,2026-08-19T11:48:54.918216+03:00,3173,Hürriyet Mahallesi Zeminaltı Otoparkı,GAZİOSMANPAŞA,41.0708,28.8951,190,0,190,KAPALI OTOPARK,1,15,24 Saat
2026-08-19T08:48:54.918216+00:00,2026-08-19T11:48:54.918216+03:00,157,Ihlamur Dere Caddesi 4,BEŞİKTAŞ,41.047,29.0023,27,1,26,YOL ÜSTÜ,1,15,09:00-17:00
2026-08-19T08:48:54.918216+00:00,2026-08-19T11:48:54.918216+03:00,1189,İçerenköy Sebze Meyve Hali Otoparkı,ATAŞEHİR,40.9766,29.1044,600,600,0,AÇIK OTOPARK,1,15,24 Saat
2026-08-19T08:48:54.918216+00:00,2026-08-19T11:48:54.918216+03:00,1127,İshakpaşa Caddesi,FATİH,41.0079,28.9814,200,1,199,YOL ÜSTÜ,1,0,08:00-18:00
2026-08-19T08:48:54.918216+00:00,2026-08-19T11:48:54.918216+03:00,3265,İspark İstanbul West Marina Açık Otoparkı 1,BEYLİKDÜZÜ,40.9636,28.6564,250,1,249,AÇIK OTOPARK,1,15,24 Saat
2026-08-19T08:48:54.918216+00:00,2026-08-19T11:48:54.918216+03:00,2793,İspark Merter Katlı Otoparkı,GÜNGÖREN,41.0097,28.89,900,275,625,KAPALI OTOPARK,1,10,24 Saat
2026-08-19T08:48:54.918216+00:00,2026-08-19T11:48:54.918216+03:00,2430,İspark West İstanbul Marina Açık Otoparkı,BEYLİKDÜZÜ,40.9639,28.6591,1600,972,628,AÇIK OTOPARK,1,15,24 Saat
2026-08-19T08:48:54.918216+00:00,2026-08-19T11:48:54.918216+03:00,381,İstinye 4 ( Cami Önü ),SARIYER,41.1149,29.0571,25,1,24,YOL ÜSTÜ,1,15,08:30-17:30
2026-08-19T08:48:54.918216+00:00,2026-08-19T11:48:54.918216+03:00,1804,İtalyan Hastanesi Karşısı Açık Otoparkı 1,BEYOĞLU,41.028,28.9815,30,1,29,AÇIK OTOPARK,1,0,08:00-19:00
2026-08-19T08:48:54.918216+00:00,2026-08-19T11:48:54.918216+03:00,507,Kabasakal Medrese Önü,FATİH,41.0062,28.9789,65,1,64,AÇIK OTOPARK,1,0,08:00-18:30
2026-08-19T08:48:54.918216+00:00,2026-08-19T11:48:54.918216+03:00,3306,Kabataş Transfer Merkezi Turizm Otobüs Otoparkı,BEYOĞLU,41.0336,28.9923,160,1,159,KAPALI OTOPARK,1,20,24 Saat
2026-08-19T08:48:54.918216+00:00,2026-08-19T11:48:54.918216+03:00,2918,Kadıköy Hasanpaşa Gazhane Katlı Otoparkı,KADIKÖY,40.9972,29.0428,310,190,120,KAPALI OTOPARK,1,15,24 Saat
2026-08-19T08:48:54.918216+00:00,2026-08-19T11:48:54.918216+03:00,1447,Kadıköy İski Açık Otoparkı,KADIKÖY,40.9874,29.0207,124,24,100,AÇIK OTOPARK,1,15,24 Saat
2026-08-19T08:48:54.918216+00:00,2026-08-19T11:48:54.918216+03:00,1655,Kadıköy Metro Açık Otoparkı,KADIKÖY,40.9899,29.0217,74,0,74,AÇIK OTOPARK,1,15,24 Saat
2026-08-19T08:48:54.918216+00:00,2026-08-19T11:48:54.918216+03:00,3445,Kadıköy Uzunçayır PD Açık Otoparkı,KADIKÖY,40.9982,29.0569,70,40,30,AÇIK OTOPARK,1,15,06:30-16:30
2026-08-19T08:48:54.918216+00:00,2026-08-19T11:48:54.918216+03:00,2808,Kadıköy Yeni Salı Pazarı PD Katlı Otoparkı,KADIKÖY,40.9969,29.0486,1350,678,672,KAPALI OTOPARK,1,15,24 Saat
2026-08-19T08:48:54.918216+00:00,2026-08-19T11:48:54.918216+03:00,2811,Kağıthane Harmantepe Zemin Altı Otoparkı,KAĞITHANE,41.0816,28.9907,200,0,200,KAPALI OTOPARK,1,0,24 Saat
2026-08-19T08:48:54.918216+00:00,2026-08-19T11:48:54.918216+03:00,1452,Kalamış Açık Otoparkı,KADIKÖY,40.9687,29.0363,173,128,45,AÇIK OTOPARK,1,15,24 Saat
2026-08-19T08:48:54.918216+00:00,2026-08-19T11:48:54.918216+03:00,1474,Kartal Hasan Doğan Spor Kompleksi,KARTAL,40.8918,29.1897,773,0,773,KAPALI OTOPARK,1,15,24 Saat
2026-08-19T08:48:54.918216+00:00,2026-08-19T11:48:54.918216+03:00,1105,Kartal İdo Açık Otoparkı,KARTAL,40.8874,29.1881,90,0,90,AÇIK OTOPARK,1,15,24 Saat
2026-08-19T08:48:54.918216+00:00,2026-08-19T11:48:54.918216+03:00,1550,Kartal Sahil Açık Otoparkı,KARTAL,40.8875,29.1901,75,17,58,AÇIK OTOPARK,1,5,24 Saat
2026-08-19T08:48:54.918216+00:00,2026-08-19T11:48:54.918216+03:00,3434,Kasımpaşa Sosyal Tesisler Otoparkı,BEYOĞLU,41.0296,28.9673,60,38,22,AÇIK OTOPARK,1,0,07:30-23:00
2026-08-19T08:48:54.918216+00:00,2026-08-19T11:48:54.918216+03:00,1960,Kazlıçeşme Marmaray Açık Otoparkı,ZEYTİNBURNU,40.9922,28.917,700,542,158,AÇIK OTOPARK,1,15,24 Saat
2026-08-19T08:48:54.918216+00:00,2026-08-19T11:48:54.918216+03:00,2994,Kirazlı Metro Durağı PD Açık Otoparkı,BAĞCILAR,41.033,28.8429,112,0,112,AÇIK OTOPARK,1,5,24 Saat
2026-08-19T08:48:54.918216+00:00,2026-08-19T11:48:54.918216+03:00,1528,Kore Şehitleri Caddesi - Yüzbaşı Kaya Aldağon Sokak 1,ŞİŞLİ,41.0719,29.0139,40,1,39,YOL ÜSTÜ,1,15,07:00-16:00
2026-08-19T08:48:54.918216+00:00,2026-08-19T11:48:54.918216+03:00,2449,Kozyatağı Sebze-Meyve Hali,ATAŞEHİR,40.9787,29.1029,1500,1500,0,AÇIK OTOPARK,1,0,24 Saat
2026-08-19T08:48:54.918216+00:00,2026-08-19T11:48:54.918216+03:00,1206,Kutlugün Sokak 2,FATİH,41.0061,28.9801,200,1,199,YOL ÜSTÜ,1,0,08:00-18:00
2026-08-19T08:48:54.918216+00:00,2026-08-19T11:48:54.918216+03:00,3074,Küçük Çamlıca,ÜSKÜDAR,41.0204,29.0653,129,106,23,AÇIK OTOPARK,1,0,08:00-22:00
2026-08-19T08:48:54.918216+00:00,2026-08-19T11:48:54.918216+03:00,3127,Küçükçekmece Cennet Mahallesi Meydan Zemin Altı Otoparkı,KÜÇÜKÇEKMECE,40.9907,28.783,456,0,456,KAPALI OTOPARK,1,10,24 Saat
2026-08-19T08:48:54.918216+00:00,2026-08-19T11:48:54.918216+03:00,2554,Küçükçekmece Fevzi Çakmak Meydanı Zemin Altı Otoparkı,KÜÇÜKÇEKMECE,41.0076,28.7927,1000,522,478,KAPALI OTOPARK,1,10,24 Saat
2026-08-19T08:48:54.918216+00:00,2026-08-19T11:48:54.918216+03:00,2882,Küçüksu Kasrı Açık Otoparkı,BEYKOZ,41.0789,29.0657,98,92,6,AÇIK OTOPARK,1,0,07:00-23:00
2026-08-19T08:48:54.918216+00:00,2026-08-19T11:48:54.918216+03:00,220,Levent Hamidiye,BEŞİKTAŞ,41.0861,29.0076,100,1,99,AÇIK OTOPARK,1,0,08:00-19:00
2026-08-19T08:48:54.918216+00:00,2026-08-19T11:48:54.918216+03:00,1138,Levent Metro Yer Altı Otoparkı,BEŞİKTAŞ,41.0811,29.0105,100,1,99,AÇIK OTOPARK,1,5,07:30-19:30
2026-08-19T08:48:54.918216+00:00,2026-08-19T11:48:54.918216+03:00,2335,Maçka Açık Otoparkı,ŞİŞLİ,41.046,28.9908,75,71,4,AÇIK OTOPARK,1,0,24 Saat
2026-08-19T08:48:54.918216+00:00,2026-08-19T11:48:54.918216+03:00,1859,Maçka Katlı Otoparkı,ŞİŞLİ,41.0484,28.9903,508,54,454,KAPALI OTOPARK,1,0,24 Saat
2026-08-19T08:48:54.918216+00:00,2026-08-19T11:48:54.918216+03:00,3193,Maltepe Rıhtım Caddesi Açık Otoparkı,MALTEPE,40.9258,29.1241,76,59,17,AÇIK OTOPARK,1,0,24 Saat
2026-08-19T08:48:54.918216+00:00,2026-08-19T11:48:54.918216+03:00,2146,Maltepe Süreyyapaşa Çarşısı Açık Otoparkı,MALTEPE,40.9274,29.1225,156,112,44,AÇIK OTOPARK,1,0,24 Saat
2026-08-19T08:48:54.918216+00:00,2026-08-19T11:48:54.918216+03:00,1599,Maslak Açık Otoparkı,SARIYER,41.1166,29.024,150,54,96,AÇIK OTOPARK,1,10,24 Saat
2026-08-19T08:48:54.918216+00:00,2026-08-19T11:48:54.918216+03:00,2100,Matbaacılar Sitesi Yanı,ZEYTİNBURNU,41.0234,28.9187,250,118,132,AÇIK OTOPARK,1,5,24 Saat
2026-08-19T08:48:54.918216+00:00,2026-08-19T11:48:54.918216+03:00,920,Meclis-i Mebusan Yokuşu 2,BEYOĞLU,41.0326,28.9882,34,1,33,YOL ÜSTÜ,1,15,09:00-17:00
2026-08-19T08:48:54.918216+00:00,2026-08-19T11:48:54.918216+03:00,1546,Menekşe Plajı Açık Otoparkı,BAKIRKÖY,40.9761,28.7766,200,200,0,AÇIK OTOPARK,1,0,24 Saat
2026-08-19T08:48:54.918216+00:00,2026-08-19T11:48:54.918216+03:00,1376,Mercan Açık,FATİH,41.0136,28.9669,130,28,102,AÇIK OTOPARK,1,0,08:00-23:00
2026-08-19T08:48:54.918216+00:00,2026-08-19T11:48:54.918216+03:00,3309,Mercan Ali Paşa Sarayı Zemin Altı Otoparkı,FATİH,41.0136,28.967,196,1,195,KAPALI OTOPARK,1,0,07:00-21:00
2026-08-19T08:48:54.918216+00:00,2026-08-19T11:48:54.918216+03:00,1472,Merter Katlı Otoparkı,GÜNGÖREN,41.0092,28.8874,1000,865,135,KAPALI OTOPARK,1,10,24 Saat
2026-08-19T08:48:54.918216+00:00,2026-08-19T11:48:54.918216+03:00,2375,Merter Metro PD Zeminaltı Otoparkı,GÜNGÖREN,41.0037,28.8897,242,75,167,KAPALI OTOPARK,1,10,24 Saat
2026-08-19T08:48:54.918216+00:00,2026-08-19T11:48:54.918216+03:00,1568,Mete Caddesi 1,BEYOĞLU,41.0382,28.9879,31,1,30,YOL ÜSTÜ,1,15,08:00-23:00
2026-08-19T08:48:54.918216+00:00,2026-08-19T11:48:54.918216+03:00,1471,Mevlana Yeraltı Katlı Otoparkı,ZEYTİNBURNU,41.0072,28.9049,1000,848,152,KAPALI OTOPARK,1,5,24 Saat
2026-08-19T08:48:54.918216+00:00,2026-08-19T11:48:54.918216+03:00,2709,Millet Caddesi Açık Otoparkı,FATİH,41.01,28.9461,60,1,59,AÇIK OTOPARK,1,15,24 Saat
2026-08-19T08:48:54.918216+00:00,2026-08-19T11:48:54.918216+03:00,3152,Mimar Sinan Zemin Altı Otoparkı,ÜSKÜDAR,41.0222,29.0169,956,319,637,KAPALI OTOPARK,1,15,24 Saat
2026-08-19T08:48:54.918216+00:00,2026-08-19T11:48:54.918216+03:00,2870,Miniatürk Çadır Açık Otoparkı,BEYOĞLU,41.0594,28.9501,250,163,87,AÇIK OTOPARK,1,15,07:00-20:00
2026-08-19T08:48:54.918216+00:00,2026-08-19T11:48:54.918216+03:00,2556,Muallim Naci Açık Otoparkı,BEŞİKTAŞ,41.0561,29.0342,35,25,10,AÇIK OTOPARK,1,15,24 Saat
2026-08-19T08:48:54.918216+00:00,2026-08-19T11:48:54.918216+03:00,569,Oda Kule Önü 1,BEYOĞLU,41.0322,28.9751,24,1,23,YOL ÜSTÜ,1,0,07:00-01:00
2026-08-19T08:48:54.918216+00:00,2026-08-19T11:48:54.918216+03:00,1988,Orhangazi Şehir Parkı PD Açık Otoparkı,MALTEPE,40.9313,29.1161,5022,4494,528,AÇIK OTOPARK,1,15,24 Saat
2026-08-19T08:48:54.918216+00:00,2026-08-19T11:48:54.918216+03:00,152,Ortabahçe Caddesi 2,BEŞİKTAŞ,41.0428,29.0043,35,1,34,YOL ÜSTÜ,1,15,08:00-23:00
2026-08-19T08:48:54.918216+00:00,2026-08-19T11:48:54.918216+03:00,153,Ortabahçe Caddesi 3,BEŞİKTAŞ,41.043,29.0042,26,1,25,YOL ÜSTÜ,1,15,08:00-23:00
2026-08-19T08:48:54.918216+00:00,2026-08-19T11:48:54.918216+03:00,119,Ortaklar Caddesi 1,ŞİŞLİ,41.0638,28.9971,25,1,24,YOL ÜSTÜ,1,15,08:30-17:00
2026-08-19T08:48:54.918216+00:00,2026-08-19T11:48:54.918216+03:00,1343,Ortaköy Açık Otoparkı,BEŞİKTAŞ,41.0504,29.0326,170,149,21,AÇIK OTOPARK,1,0,24 Saat
2026-08-19T08:48:54.918216+00:00,2026-08-19T11:48:54.918216+03:00,572,Ortaköy Portakal Yokuşu 1,BEŞİKTAŞ,41.0503,29.0261,15,1,14,YOL ÜSTÜ,1,15,09:00-19:00
2026-08-19T08:48:54.918216+00:00,2026-08-19T11:48:54.918216+03:00,1039,Öğretmen Evi,AVCILAR,40.9723,28.714,80,42,38,AÇIK OTOPARK,1,0,11:00-23:00
2026-08-19T08:48:54.918216+00:00,2026-08-19T11:48:54.918216+03:00,1466,Pendik Katlı Otoparkı,PENDİK,40.8789,29.2342,120,0,120,KAPALI OTOPARK,1,15,24 Saat
2026-08-19T08:48:54.918216+00:00,2026-08-19T11:48:54.918216+03:00,3073,Pendik Kemal Kalkuz Parkı Zemin Altı Otoparkı,PENDİK,40.8885,29.2427,224,0,224,KAPALI OTOPARK,1,0,09:00-18:00
2026-08-19T08:48:54.918216+00:00,2026-08-19T11:48:54.918216+03:00,3019,Pendik Meydan Zemin Altı Otoparkı,PENDİK,40.8752,29.2324,937,0,937,KAPALI OTOPARK,1,0,24 Saat
2026-08-19T08:48:54.918216+00:00,2026-08-19T11:48:54.918216+03:00,2865,Pendik Sahil Engelliler Merkez Önü,PENDİK,40.8735,29.233,100,66,34,AÇIK OTOPARK,1,0,11:00-20:00
2026-08-19T08:48:54.918216+00:00,2026-08-19T11:48:54.918216+03:00,2434,Pendik Sahil İdo,PENDİK,40.8755,29.2369,100,0,100,AÇIK OTOPARK,1,0,07:00-23:00
2026-08-19T08:48:54.918216+00:00,2026-08-19T11:48:54.918216+03:00,248,Pendik Yenimahalle Açık 2 Otoparkı,PENDİK,40.864,29.2723,124,96,28,AÇIK OTOPARK,1,15,10:00-22:00
2026-08-19T08:48:54.918216+00:00,2026-08-19T11:48:54.918216+03:00,297,Perşembe Pazarı 1,BEYOĞLU,41.0252,28.9693,32,1,31,YOL ÜSTÜ,1,15,08:00-17:00
2026-08-19T08:48:54.918216+00:00,2026-08-19T11:48:54.918216+03:00,597,Pierre Loti Caddesi 3,FATİH,41.0069,28.9711,36,1,35,YOL ÜSTÜ,1,0,07:00-17:00
2026-08-19T08:48:54.918216+00:00,2026-08-19T11:48:54.918216+03:00,3263,Piyalepaşa Meydanı Zemin Altı Otoparkı,BEYOĞLU,41.0445,28.9674,560,277,283,KAPALI OTOPARK,1,0,24 Saat
2026-08-19T08:48:54.918216+00:00,2026-08-19T11:48:54.918216+03:00,1900,Ragıp Gümüşpala Cad.(Sobacılar Önü),FATİH,41.0181,28.969,40,1,39,YOL ÜSTÜ,1,15,07:00-18:00
2026-08-19T08:48:54.918216+00:00,2026-08-19T11:48:54.918216+03:00,415,Ragıp Gümüşpala Camii Önü 1,FATİH,41.0211,28.9627,35,1,34,YOL ÜSTÜ,1,0,07:00-17:30
2026-08-19T08:48:54.918216+00:00,2026-08-19T11:48:54.918216+03:00,3268,Refik Saydam Caddesi 3,BEYOĞLU,41.032,28.9736,55,1,54,YOL ÜSTÜ,1,0,06:00-23:00
2026-08-19T08:48:54.918216+00:00,2026-08-19T11:48:54.918216+03:00,2307,Ressam Halim Sokak PD Açık Otoparkı,BAHÇELİEVLER,40.9967,28.8641,120,90,30,AÇIK OTOPARK,1,15,08:00-00:00
2026-08-19T08:48:54.918216+00:00,2026-08-19T11:48:54.918216+03:00,3082,Rumeli Hisarı Sahil Yolu Otoparkı,SARIYER,41.0854,29.0568,20,0,20,AÇIK OTOPARK,1,0,24 Saat
2026-08-19T08:48:54.918216+00:00,2026-08-19T11:48:54.918216+03:00,1595,Sabiha Gökçen Açık Otoparkı,PENDİK,40.925,29.308,1056,207,849,AÇIK OTOPARK,1,15,24 Saat
2026-08-19T08:48:54.918216+00:00,2026-08-19T11:48:54.918216+03:00,3239,Samatya Sahil Cep Otoparkı,FATİH,40.9954,28.932,113,112,1,AÇIK OTOPARK,1,15,24 Saat
2026-08-19T08:48:54.918216+00:00,2026-08-19T11:48:54.918216+03:00,3273,Sarıyer Büyükdere Fidanlığı,SARIYER,41.1548,29.0268,160,155,5,AÇIK OTOPARK,1,0,08:00-18:00
2026-08-19T08:48:54.918216+00:00,2026-08-19T11:48:54.918216+03:00,3299,Sariyer Ayazağa Mah Vadi İstanbul Önü Açık Otoparkı,SARIYER,41.1106,28.9881,100,96,4,AÇIK OTOPARK,1,0,08:00-20:00
2026-08-19T08:48:54.918216+00:00,2026-08-19T11:48:54.918216+03:00,1303,Seyrantepe Katlı (Arena Karşısı) 1,KAĞITHANE,41.101,28.9961,1897,1897,0,KAPALI OTOPARK,1,0,24 Saat
2026-08-19T08:48:54.918216+00:00,2026-08-19T11:48:54.918216+03:00,1628,Sıracevizler Caddesi Yol Üstü 5,ŞİŞLİ,41.0607,28.9841,45,1,44,YOL ÜSTÜ,1,15,09:00-17:00
2026-08-19T08:48:54.918216+00:00,2026-08-19T11:48:54.918216+03:00,464,Sirkeci Gar Önü,FATİH,41.015,28.9761,60,1,59,AÇIK OTOPARK,1,5,07:00-20:00
2026-08-19T08:48:54.918216+00:00,2026-08-19T11:48:54.918216+03:00,1486,Siyavuşpaşa Yer Altı Otoparkı,BAHÇELİEVLER,40.9965,28.8532,155,0,155,KAPALI OTOPARK,1,0,24 Saat
2026-08-19T08:48:54.918216+00:00,2026-08-19T11:48:54.918216+03:00,1958,Soğanlık Metro PD Açık Otoparkı,KARTAL,40.9131,29.1925,898,831,67,AÇIK OTOPARK,1,15,24 Saat
2026-08-19T08:48:54.918216+00:00,2026-08-19T11:48:54.918216+03:00,589,Su Terazisi Sokak,FATİH,41.0046,28.9727,22,1,21,YOL ÜSTÜ,1,0,07:30-17:00
2026-08-19T08:48:54.918216+00:00,2026-08-19T11:48:54.918216+03:00,1478,Suadiye Cep Açık Otoparkı,KADIKÖY,40.9586,29.0732,130,118,12,AÇIK OTOPARK,1,15,24 Saat
2026-08-19T08:48:54.918216+00:00,2026-08-19T11:48:54.918216+03:00,2948,Suadiye Sahil Açık Otoparkı,KADIKÖY,40.9562,29.0797,70,42,28,AÇIK OTOPARK,1,5,24 Saat
2026-08-19T08:48:54.918216+00:00,2026-08-19T11:48:54.918216+03:00,2799,Sultanbeyli Emir Caddesi Zemin Altı Otoparkı,SULTANBEYLİ,40.9707,29.2606,130,61,69,KAPALI OTOPARK,1,15,08:00-22:00
2026-08-19T08:48:54.918216+00:00,2026-08-19T11:48:54.918216+03:00,2372,Sultanbeyli Kent Meydanı Zemin Altı Otoparkı,SULTANBEYLİ,40.9667,29.2667,300,132,168,KAPALI OTOPARK,1,15,24 Saat
2026-08-19T08:48:54.918216+00:00,2026-08-19T11:48:54.918216+03:00,2410,Sultangazi Zemin Altı Otoparkı,SULTANGAZİ,41.0944,28.8649,104,0,104,KAPALI OTOPARK,1,10,24 Saat
2026-08-19T08:48:54.918216+00:00,2026-08-19T11:48:54.918216+03:00,2085,Süleyman Seba Caddesi 2,BEŞİKTAŞ,41.0426,28.9998,40,1,39,YOL ÜSTÜ,1,15,08:00-18:00
2026-08-19T08:48:54.918216+00:00,2026-08-19T11:48:54.918216+03:00,2088,Süleyman Seba Caddesi 5,BEŞİKTAŞ,41.0432,28.9978,40,1,39,YOL ÜSTÜ,1,15,08:00-18:00
2026-08-19T08:48:54.918216+00:00,2026-08-19T11:48:54.918216+03:00,2089,Süleyman Seba Caddesi 6,BEŞİKTAŞ,41.0435,28.9967,11,1,10,YOL ÜSTÜ,1,15,08:00-18:00
2026-08-19T08:48:54.918216+00:00,2026-08-19T11:48:54.918216+03:00,2391,Süleymaniye Cami Altı Açık Otoparkı,FATİH,41.0158,28.961,250,235,15,AÇIK OTOPARK,1,0,06:30-18:30
2026-08-19T08:48:54.918216+00:00,2026-08-19T11:48:54.918216+03:00,1730,Sütlüce Miniatürk Yanı,BEYOĞLU,41.057,28.95,320,215,105,AÇIK OTOPARK,1,15,24 Saat
2026-08-19T08:48:54.918216+00:00,2026-08-19T11:48:54.918216+03:00,36,Şakayık Sokak 4,ŞİŞLİ,41.0518,28.9936,50,1,49,YOL ÜSTÜ,1,15,08:00-16:00
2026-08-19T08:48:54.918216+00:00,2026-08-19T11:48:54.918216+03:00,1469,Şehit Volkan Duysak Katlı Otoparkı,ZEYTİNBURNU,40.9968,28.9039,1000,687,313,KAPALI OTOPARK,1,5,24 Saat
2026-08-19T08:48:54.918216+00:00,2026-08-19T11:48:54.918216+03:00,2385,Şehremini Açık Otoparkı 1,FATİH,41.0135,28.9333,60,1,59,AÇIK OTOPARK,1,0,08:30-20:30
2026-08-19T08:48:54.918216+00:00,2026-08-19T11:48:54.918216+03:00,2855,Şemsipaşa Açık Otoparkı,ÜSKÜDAR,41.0255,29.0097,80,33,47,AÇIK OTOPARK,1,0,24 Saat
2026-08-19T08:48:54.918216+00:00,2026-08-19T11:48:54.918216+03:00,2439,Şirinevler Meydan Zeminaltı Otoparkı,BAHÇELİEVLER,40.9925,28.8496,367,44,323,KAPALI OTOPARK,1,0,24 Saat
2026-08-19T08:48:54.918216+00:00,2026-08-19T11:48:54.918216+03:00,3400,Şişhane Refik Saydam Caddesi 2 Yol Üstü Otoparkı 1,BEYOĞLU,41.0326,28.9743,70,1,69,YOL ÜSTÜ,1,15,06:00-23:00
2026-08-19T08:48:54.918216+00:00,2026-08-19T11:48:54.918216+03:00,3441,Şişli Kuştepe Zemin Altı Otoparkı,ŞİŞLİ,41.072,28.9919,430,288,142,KAPALI OTOPARK,1,15,24 Saat
2026-08-19T08:48:54.918216+00:00,2026-08-19T11:48:54.918216+03:00,2816,Şişli Rumeli Caddesi Metro Yanı 1,ŞİŞLİ,41.0538,28.9868,45,1,44,YOL ÜSTÜ,1,15,08:00-20:00
2026-08-19T08:48:54.918216+00:00,2026-08-19T11:48:54.918216+03:00,2406,Şişli Zemin Altı Otoparkı,ŞİŞLİ,41.0641,28.9992,581,100,481,KAPALI OTOPARK,1,15,24 Saat
2026-08-19T08:48:54.918216+00:00,2026-08-19T11:48:54.918216+03:00,1993,Tuzla İdo,TUZLA,40.8149,29.3039,300,283,17,AÇIK OTOPARK,1,15,24 Saat
2026-08-19T08:48:54.918216+00:00,2026-08-19T11:48:54.918216+03:00,3332,Tuzla Sahil Cep,TUZLA,40.8168,29.2992,50,38,12,AÇIK OTOPARK,1,0,08:00-00:00
2026-08-19T08:48:54.918216+00:00,2026-08-19T11:48:54.918216+03:00,3057,Tuzla Sahil Zemin Altı Otoparkı,TUZLA,40.8181,29.3004,779,1,778,KAPALI OTOPARK,1,15,24 Saat
2026-08-19T08:48:54.918216+00:00,2026-08-19T11:48:54.918216+03:00,1811,Ulu Camii Açık Otoparkı,BAHÇELİEVLER,40.9982,28.8499,150,128,22,AÇIK OTOPARK,1,10,24 Saat
2026-08-19T08:48:54.918216+00:00,2026-08-19T11:48:54.918216+03:00,2424,Uzunçayır Açık Otoparkı,KADIKÖY,40.9988,29.0556,58,52,6,AÇIK OTOPARK,1,0,06:00-16:00
2026-08-19T08:48:54.918216+00:00,2026-08-19T11:48:54.918216+03:00,1468,Ümraniye Katlı Otoparkı,ÜMRANİYE,41.0261,29.0953,665,498,167,KAPALI OTOPARK,1,15,24 Saat
2026-08-19T08:48:54.918216+00:00,2026-08-19T11:48:54.918216+03:00,2898,Ümraniye Okan Sokak Zeminaltı Otoparkı,ÜMRANİYE,41.0284,29.0907,125,22,103,KAPALI OTOPARK,1,15,24 Saat
2026-08-19T08:48:54.918216+00:00,2026-08-19T11:48:54.918216+03:00,2345,Üsküdar Uzunçayır PD Açık Otoparkı,ÜSKÜDAR,40.9988,29.0577,90,50,40,AÇIK OTOPARK,1,15,06:00-22:00
2026-08-19T08:48:54.918216+00:00,2026-08-19T11:48:54.918216+03:00,1929,Üsküdar Ünalan Açık Otoparkı,ÜSKÜDAR,40.9979,29.0604,180,175,5,AÇIK OTOPARK,1,0,07:00-17:00
2026-08-19T08:48:54.918216+00:00,2026-08-19T11:48:54.918216+03:00,1487,Vatan Caddesi PD Açık Otoparkı,FATİH,41.0157,28.9405,397,168,229,AÇIK OTOPARK,1,5,24 Saat
2026-08-19T08:48:54.918216+00:00,2026-08-19T11:48:54.918216+03:00,2441,Yalı Açık Otoparkı,MALTEPE,40.9095,29.137,85,82,3,AÇIK OTOPARK,1,0,07:30-22:00
2026-08-19T08:48:54.918216+00:00,2026-08-19T11:48:54.918216+03:00,459,Yalı Köşkü Caddesi 1,FATİH,41.0163,28.9759,61,1,60,YOL ÜSTÜ,1,5,07:00-21:00
2026-08-19T08:48:54.918216+00:00,2026-08-19T11:48:54.918216+03:00,2037,Yenikapı Marmaray Büyük Otoparkı,FATİH,41.0057,28.9505,324,81,243,AÇIK OTOPARK,1,15,24 Saat
2026-08-19T08:48:54.918216+00:00,2026-08-19T11:48:54.918216+03:00,2036,Yenikapı Marmaray Küçük Otoparkı,FATİH,41.0064,28.9504,200,142,58,AÇIK OTOPARK,1,15,07:00-22:00
2026-08-19T08:48:54.918216+00:00,2026-08-19T11:48:54.918216+03:00,2175,Yenikapı Spor ve Kültür Merkezi PD Açık Otoparkı,FATİH,41.0006,28.9519,4023,3936,87,AÇIK OTOPARK,1,15,24 Saat
2026-08-19T08:48:54.918216+00:00,2026-08-19T11:48:54.918216+03:00,2805,Yenikapı Tünel Üstü Açık Otoparkı,FATİH,41.0029,28.9534,700,451,249,AÇIK OTOPARK,1,10,24 Saat
2026-08-19T08:48:54.918216+00:00,2026-08-19T11:48:54.918216+03:00,3404,Yenimahalle Metro Zemin Altı PD Otoparkı,GAZİOSMANPAŞA,41.0839,28.8926,114,98,16,KAPALI OTOPARK,1,15,24 Saat
2026-08-19T08:48:54.918216+00:00,2026-08-19T11:48:54.918216+03:00,2920,Yeşilce Zemin Altı Katlı Otoparkı,KAĞITHANE,41.0938,29.0017,676,0,676,KAPALI OTOPARK,1,0,24 Saat
2026-08-19T08:48:54.918216+00:00,2026-08-19T11:48:54.918216+03:00,987,Yeşilköy İstasyon Caddesi 1,BAKIRKÖY,40.962,28.825,40,1,39,YOL ÜSTÜ,1,15,09:00-17:30
2026-08-19T08:48:54.918216+00:00,2026-08-19T11:48:54.918216+03:00,974,Yeşilköy Marina 1,BAKIRKÖY,40.9576,28.8233,145,1,144,YOL ÜSTÜ,0,0,12:00-23:00
2026-08-19T08:48:54.918216+00:00,2026-08-19T11:48:54.918216+03:00,3406,Yeşilpınar Metro Zemin Altı PD Otoparkı,EYÜP,41.081,28.9204,269,201,68,KAPALI OTOPARK,1,15,24 Saat
2026-08-19T08:48:54.918216+00:00,2026-08-19T11:48:54.918216+03:00,315,Yeşilyurt Çarşı 1,BAKIRKÖY,40.9643,28.8379,50,1,49,YOL ÜSTÜ,1,15,09:00-17:30
2026-08-19T08:48:54.918216+00:00,2026-08-19T11:48:54.918216+03:00,1133,Yıldız Korusu,BEŞİKTAŞ,41.0514,29.0165,500,1,499,AÇIK OTOPARK,1,0,08:00-22:00
2026-08-19T08:48:54.918216+00:00,2026-08-19T11:48:54.918216+03:00,882,Zeytinburnu 58. Bulvar 2,ZEYTİNBURNU,40.9932,28.9039,48,1,47,YOL ÜSTÜ,1,15,09:00-18:00
2026-08-19T08:48:54.918216+00:00,2026-08-19T11:48:54.918216+03:00,3185,Zeytinburnu Sahil Cep Otoparkı,ZEYTİNBURNU,40.9798,28.8985,160,1,159,AÇIK OTOPARK,0,0,12:00-22:00
2026-08-19T09:21:33.046880+00:00,2026-08-19T12:21:33.046880+03:00,3068,15 Temmuz Şehitler Meydanı Zeminaltı Otoparkı,ÜMRANİYE,41.0246,29.0915,1029,506,523,KAPALI OTOPARK,1,15,24 Saat
2026-08-19T09:21:33.046880+00:00,2026-08-19T12:21:33.046880+03:00,2338,19 Mayıs Açık,ŞİŞLİ,41.0563,28.9941,65,0,65,AÇIK OTOPARK,1,0,24 Saat
2026-08-19T09:21:33.046880+00:00,2026-08-19T12:21:33.046880+03:00,1751,4.Levent PD Açık Otoparkı,KAĞITHANE,41.0836,29.0081,236,87,149,AÇIK OTOPARK,1,5,24 Saat
2026-08-19T09:21:33.046880+00:00,2026-08-19T12:21:33.046880+03:00,3328,4.Levent Servis ve Turizm Araçları Açık Otoparkı,ŞİŞLİ,41.0841,29.0054,300,170,130,AÇIK OTOPARK,1,15,24 Saat
2026-08-19T09:21:33.046880+00:00,2026-08-19T12:21:33.046880+03:00,3412,5. Levent Gaziosmanpaşa Adliyesi Yanı Açık Otoparkı,EYÜP,41.0927,28.9494,250,180,70,AÇIK OTOPARK,1,15,07:00-23:00
2026-08-19T09:21:33.046880+00:00,2026-08-19T12:21:33.046880+03:00,104,Abide-i Hürriyet Caddesi 5,ŞİŞLİ,41.0619,28.9876,40,1,39,YOL ÜSTÜ,1,15,08:00-17:00
2026-08-19T09:21:33.046880+00:00,2026-08-19T12:21:33.046880+03:00,2452,Acıbadem Açık Otoparkı,ÜSKÜDAR,41.0157,29.0574,100,86,14,AÇIK OTOPARK,1,0,06:30-16:00
2026-08-19T09:21:33.046880+00:00,2026-08-19T12:21:33.046880+03:00,346,Ada Karşısı Cep 2,BEŞİKTAŞ,41.072,29.045,30,1,29,YOL ÜSTÜ,1,15,08:00-23:00
2026-08-19T09:21:33.046880+00:00,2026-08-19T12:21:33.046880+03:00,1663,Akasyalı Sokak Tenis Kulubü Önü 2,BEŞİKTAŞ,41.0867,29.0109,45,1,44,YOL ÜSTÜ,1,15,08:30-17:30
2026-08-19T09:21:33.046880+00:00,2026-08-19T12:21:33.046880+03:00,828,Akdeniz Caddesi 4,FATİH,41.0175,28.9435,27,1,26,YOL ÜSTÜ,1,15,09:00-18:00
2026-08-19T09:21:33.046880+00:00,2026-08-19T12:21:33.046880+03:00,1913,Alibeyköy Cep Otogarı Açık Otoparkı,EYÜP,41.0879,28.9446,116,0,116,AÇIK OTOPARK,1,25,24 Saat
2026-08-19T09:21:33.046880+00:00,2026-08-19T12:21:33.046880+03:00,1912,Alibeyköy Cep Otogarı Otobüs Otoparkı,EYÜP,41.0875,28.9449,5000,1,4999,AÇIK OTOPARK,1,60,24 Saat
2026-08-19T09:21:33.046880+00:00,2026-08-19T12:21:33.046880+03:00,2562,Alibeyköy Yeşiltepe Zemin Altı Otoparkı,EYÜP,41.0797,28.938,159,75,84,KAPALI OTOPARK,1,15,24 Saat
2026-08-19T09:21:33.046880+00:00,2026-08-19T12:21:33.046880+03:00,3201,Altınboynuz Sosyal Tesisleri,EYÜP,41.058,28.9447,70,1,69,AÇIK OTOPARK,1,15,08:00-23:00
2026-08-19T09:21:33.046880+00:00,2026-08-19T12:21:33.046880+03:00,758,Arap Camii Açık Otoparkı,BEYOĞLU,41.0227,28.9723,30,1,29,AÇIK OTOPARK,1,0,09:00-17:00
2026-08-19T09:21:33.046880+00:00,2026-08-19T12:21:33.046880+03:00,1963,Aras Sokak 1,BÜYÜKÇEKMECE,41.0226,28.622,60,1,59,YOL ÜSTÜ,1,0,06:00-14:30
2026-08-19T09:21:33.046880+00:00,2026-08-19T12:21:33.046880+03:00,2802,Arnavutköy Zemin Altı Otoparkı,ARNAVUTKÖY,41.1838,28.7396,700,25,675,KAPALI OTOPARK,1,15,24 Saat
2026-08-19T09:21:33.046880+00:00,2026-08-19T12:21:33.046880+03:00,1797,Ataköy Atrium AVM,BAKIRKÖY,40.9881,28.8459,250,220,30,AÇIK OTOPARK,1,15,08:00-23:00
2026-08-19T09:21:33.046880+00:00,2026-08-19T12:21:33.046880+03:00,2824,Ataköy Metro Durağı Yanı PD Zemin Altı Otoparkı,BAKIRKÖY,40.9904,28.8456,150,87,63,KAPALI OTOPARK,1,0,24 Saat
2026-08-19T09:21:33.046880+00:00,2026-08-19T12:21:33.046880+03:00,359,Atatürk Bulvarı 1,FATİH,41.0112,28.9534,20,1,19,YOL ÜSTÜ,1,0,07:30-18:00
2026-08-19T09:21:33.046880+00:00,2026-08-19T12:21:33.046880+03:00,3087,Atatürk Kent Ormanı Otoparkı,SARIYER,41.136,29.0262,200,198,2,AÇIK OTOPARK,1,0,08:00-17:00
2026-08-19T09:21:33.046880+00:00,2026-08-19T12:21:33.046880+03:00,2243,Avcılar Denizköşkler Toplantı ve Davet Salonu Açık Otoparkı,AVCILAR,40.9746,28.7435,200,197,3,AÇIK OTOPARK,0,15,13:00-07:00
2026-08-19T09:21:33.046880+00:00,2026-08-19T12:21:33.046880+03:00,1088,Avcılar İdo,AVCILAR,40.9712,28.7185,270,261,9,AÇIK OTOPARK,0,0,13:00-07:00
2026-08-19T09:21:33.046880+00:00,2026-08-19T12:21:33.046880+03:00,2885,Azapkapı Haliç Metro Otoparkı,ŞİŞLİ,41.0245,28.9691,80,0,80,AÇIK OTOPARK,1,5,24 Saat
2026-08-19T09:21:33.046880+00:00,2026-08-19T12:21:33.046880+03:00,2455,Azerbaycan Dostluk Parkı Zemin Altı Otoparkı,BAĞCILAR,41.0444,28.854,400,174,226,KAPALI OTOPARK,1,10,24 Saat
2026-08-19T09:21:33.046880+00:00,2026-08-19T12:21:33.046880+03:00,2965,Bağcılar Çolakoğlu Zemin Altı Otoparkı,BAĞCILAR,41.0324,28.8345,106,0,106,KAPALI OTOPARK,1,5,24 Saat
2026-08-19T09:21:33.046880+00:00,2026-08-19T12:21:33.046880+03:00,2576,Bağcılar Demirkapı Zemin Altı Otoparkı,BAĞCILAR,41.0499,28.8327,343,181,162,KAPALI OTOPARK,1,5,24 Saat
2026-08-19T09:21:33.046880+00:00,2026-08-19T12:21:33.046880+03:00,3036,Bağcılar Devlet Hastanesi Yanı Zeminaltı Otoparkı,BAĞCILAR,41.0312,28.8696,1133,67,1066,KAPALI OTOPARK,1,15,24 Saat
2026-08-19T09:21:33.046880+00:00,2026-08-19T12:21:33.046880+03:00,3071,Bağcılar Emniyet Müdürlüğü Yanı Açık Otoparkı,BAĞCILAR,41.0353,28.8598,100,30,70,AÇIK OTOPARK,1,0,24 Saat
2026-08-19T09:21:33.046880+00:00,2026-08-19T12:21:33.046880+03:00,2873,Bağcılar Göztepe Zemin Altı,BAĞCILAR,41.0567,28.8355,120,0,120,KAPALI OTOPARK,1,5,24 Saat
2026-08-19T09:21:33.046880+00:00,2026-08-19T12:21:33.046880+03:00,3187,Bağcılar Hürriyet Mahallesi Zemin Altı Otoparkı,BAĞCILAR,41.0291,28.8333,355,0,355,KAPALI OTOPARK,1,10,24 Saat
2026-08-19T09:21:33.046880+00:00,2026-08-19T12:21:33.046880+03:00,2916,Bağcılar Kent Meydanı PD Zemin Altı Otoparkı,BAĞCILAR,41.0339,28.8556,1162,0,1162,KAPALI OTOPARK,1,0,24 Saat
2026-08-19T09:21:33.046880+00:00,2026-08-19T12:21:33.046880+03:00,3261,Bağcılar Yenimahalle Zemin Altı Otoparkı,BAĞCILAR,41.0425,28.8395,525,283,242,KAPALI OTOPARK,1,15,24 Saat
2026-08-19T09:21:33.046880+00:00,2026-08-19T12:21:33.046880+03:00,2820,Bağcılar Yıldıztepe Katlı Otoparkı,BAĞCILAR,41.0294,28.8556,350,0,350,KAPALI OTOPARK,1,10,24 Saat
2026-08-19T09:21:33.046880+00:00,2026-08-19T12:21:33.046880+03:00,3447,Bahçelievler 23 Nisan Milli Egemenlik Zeminaltı Otoparkı,BAHÇELİEVLER,40.9988,28.8472,732,520,212,KAPALI OTOPARK,1,10,24 Saat
2026-08-19T09:21:33.046880+00:00,2026-08-19T12:21:33.046880+03:00,2993,Bahçelievler Cumhuriyet Zeminaltı Otoparkı,BAHÇELİEVLER,41.0149,28.859,663,0,663,KAPALI OTOPARK,1,10,24 Saat
2026-08-19T09:21:33.046880+00:00,2026-08-19T12:21:33.046880+03:00,2969,Bahçelievler Devlet Hastanesi Yanı Katlı Otoparkı,BAHÇELİEVLER,41.0072,28.8442,740,0,740,KAPALI OTOPARK,1,0,24 Saat
2026-08-19T09:21:33.046880+00:00,2026-08-19T12:21:33.046880+03:00,3051,Bahçelievler Zafer Mh. Zeminaltı Otoparkı,BAHÇELİEVLER,41.0036,28.8351,200,96,104,KAPALI OTOPARK,1,0,24 Saat
2026-08-19T09:21:33.046880+00:00,2026-08-19T12:21:33.046880+03:00,3236,Bahçeşehir Gölet Açık Otoparkı,BAŞAKŞEHİR,41.0719,28.6901,200,1,199,AÇIK OTOPARK,1,0,12:00-22:00
2026-08-19T09:21:33.046880+00:00,2026-08-19T12:21:33.046880+03:00,1465,Bakırköy İdo Açık Otoparkı,BAKIRKÖY,40.9739,28.8761,160,128,32,AÇIK OTOPARK,1,10,24 Saat
2026-08-19T09:21:33.046880+00:00,2026-08-19T12:21:33.046880+03:00,1104,Balmumcu Katlı Otoparkı,BEŞİKTAŞ,41.0636,29.0109,400,172,228,KAPALI OTOPARK,1,5,24 Saat
2026-08-19T09:21:33.046880+00:00,2026-08-19T12:21:33.046880+03:00,2796,Başakşehir Metro Açık Otoparkı,BAŞAKŞEHİR,41.107,28.801,125,1,124,AÇIK OTOPARK,1,0,07:00-16:00
2026-08-19T09:21:33.046880+00:00,2026-08-19T12:21:33.046880+03:00,2350,Bayrampaşa Adapark Katlı Otoparkı,BAYRAMPAŞA,41.0647,28.8875,650,0,650,KAPALI OTOPARK,1,15,24 Saat
2026-08-19T09:21:33.046880+00:00,2026-08-19T12:21:33.046880+03:00,2892,Bayrampaşa Altıntepsi Zemin  Altı Otoparkı,BAYRAMPAŞA,41.0393,28.9029,110,0,110,KAPALI OTOPARK,1,10,24 Saat
2026-08-19T09:21:33.046880+00:00,2026-08-19T12:21:33.046880+03:00,2909,Bayrampaşa Atatürk Parkı  Zemin Altı Otoparkı,BAYRAMPAŞA,41.0342,28.9123,442,0,442,KAPALI OTOPARK,1,10,24 Saat
2026-08-19T09:21:33.046880+00:00,2026-08-19T12:21:33.046880+03:00,2683,Bayrampaşa Devlet Hastanesi Cep Otoparkı,BAYRAMPAŞA,41.0414,28.9031,55,25,30,AÇIK OTOPARK,1,0,08:00-19:00
2026-08-19T09:21:33.046880+00:00,2026-08-19T12:21:33.046880+03:00,3301,Bayrampaşa Kocatepe Mahallesi Zemin Altı Otoparkı,BAYRAMPAŞA,41.0545,28.8964,241,0,241,KAPALI OTOPARK,1,10,24 Saat
2026-08-19T09:21:33.046880+00:00,2026-08-19T12:21:33.046880+03:00,2053,Bayrampaşa Muratpaşa Yer Altı Otoparkı,BAYRAMPAŞA,41.047,28.9082,300,14,286,KAPALI OTOPARK,1,15,24 Saat
2026-08-19T09:21:33.046880+00:00,2026-08-19T12:21:33.046880+03:00,3175,Bayrampaşa Spor Kompleksi Zemin Altı Otoparkı,BAYRAMPAŞA,41.0446,28.9106,205,0,205,KAPALI OTOPARK,1,15,24 Saat
2026-08-19T09:21:33.046880+00:00,2026-08-19T12:21:33.046880+03:00,3382,Bayrampaşa Şehit Kamil Balkan Zemin Altı Otoparkı,BAYRAMPAŞA,41.0604,28.9008,235,0,235,KAPALI OTOPARK,1,10,24 Saat
2026-08-19T09:21:33.046880+00:00,2026-08-19T12:21:33.046880+03:00,2428,Bayrampaşa Yenidoğan Mahallesi Zemin Altı Otoparkı,BAYRAMPAŞA,41.0395,28.9088,120,0,120,KAPALI OTOPARK,1,10,24 Saat
2026-08-19T09:21:33.046880+00:00,2026-08-19T12:21:33.046880+03:00,2468,Bebek Açık,BEŞİKTAŞ,41.077,29.0434,30,0,30,AÇIK OTOPARK,1,0,24 Saat
2026-08-19T09:21:33.046880+00:00,2026-08-19T12:21:33.046880+03:00,3479,Beşiktaş Halk Pazarı Açık Otoparkı,BEŞİKTAŞ,41.0496,29.0004,170,83,87,AÇIK OTOPARK,1,5,24 Saat
2026-08-19T09:21:33.046880+00:00,2026-08-19T12:21:33.046880+03:00,3257,Beykoz Sahil Cep Otoparkı,BEYKOZ,41.1286,29.0953,100,75,25,AÇIK OTOPARK,1,0,08:00-00:00
2026-08-19T09:21:33.046880+00:00,2026-08-19T12:21:33.046880+03:00,2273,Beykoz Sosyal Tesisleri,BEYKOZ,41.1143,29.0888,130,15,115,AÇIK OTOPARK,1,15,08:00-00:00
2026-08-19T09:21:33.046880+00:00,2026-08-19T12:21:33.046880+03:00,2999,Beyoğlu Gazhane Bostan Sokak 2,BEYOĞLU,41.0389,28.9903,35,1,34,YOL ÜSTÜ,1,0,07:30-16:30
2026-08-19T09:21:33.046880+00:00,2026-08-19T12:21:33.046880+03:00,3072,Beyoğlu Örnektepe Zemin Altı Otoparkı,BEYOĞLU,41.0543,28.9548,143,0,143,KAPALI OTOPARK,1,0,24 Saat
2026-08-19T09:21:33.046880+00:00,2026-08-19T12:21:33.046880+03:00,1455,Bostancı Açık,KADIKÖY,40.9523,29.0902,394,76,318,AÇIK OTOPARK,1,15,24 Saat
2026-08-19T09:21:33.046880+00:00,2026-08-19T12:21:33.046880+03:00,1456,Bostancı Sahil-Cep Açık Otoparkı,KADIKÖY,40.9545,29.0885,192,123,69,AÇIK OTOPARK,1,15,24 Saat
2026-08-19T09:21:33.046880+00:00,2026-08-19T12:21:33.046880+03:00,2150,Bostancı Vergi Dairesi Açık Otoparkı,ATAŞEHİR,40.9625,29.1083,155,0,155,AÇIK OTOPARK,1,5,08:00-20:00
2026-08-19T09:21:33.046880+00:00,2026-08-19T12:21:33.046880+03:00,2854,Bülent Ecevit Kültür Merkezi Açık Otoparkı,KARTAL,40.8852,29.1967,277,266,11,AÇIK OTOPARK,1,0,10:00-21:00
2026-08-19T09:21:33.046880+00:00,2026-08-19T12:21:33.046880+03:00,2866,Büyük İstanbul Otogarı,BAYRAMPAŞA,41.0402,28.8942,1000,0,1000,AÇIK OTOPARK,1,25,24 Saat
2026-08-19T09:21:33.046880+00:00,2026-08-19T12:21:33.046880+03:00,1192,Büyükçamlıca Korusu Sosyal Tesisleri Önü,ÜSKÜDAR,41.0264,29.0698,204,112,92,AÇIK OTOPARK,1,0,08:00-00:00
2026-08-19T09:21:33.046880+00:00,2026-08-19T12:21:33.046880+03:00,2960,Büyükçekmece Metrobüs Durağı Yanı PD Zemin Altı Otopark,BÜYÜKÇEKMECE,41.0221,28.624,448,291,157,KAPALI OTOPARK,1,0,24 Saat
2026-08-19T09:21:33.046880+00:00,2026-08-19T12:21:33.046880+03:00,1503,Cadde Bostan Açık Otoparkı,KADIKÖY,40.9636,29.0675,66,32,34,AÇIK OTOPARK,1,15,24 Saat
2026-08-19T09:21:33.046880+00:00,2026-08-19T12:21:33.046880+03:00,2933,Cemal Kamacı Spor Kompleksi Zemin Altı Otoparkı,KAĞITHANE,41.0536,28.9575,510,0,510,KAPALI OTOPARK,1,0,24 Saat
2026-08-19T09:21:33.046880+00:00,2026-08-19T12:21:33.046880+03:00,2207,Cengiz Topel Yer Altı Katlı Otoparkı,ESENLER,41.0588,28.8643,144,0,144,KAPALI OTOPARK,1,15,24 Saat
2026-08-19T09:21:33.046880+00:00,2026-08-19T12:21:33.046880+03:00,2787,Cevizli Açık Otoparkı,KARTAL,40.9179,29.1712,100,48,52,AÇIK OTOPARK,1,15,08:00-19:00
2026-08-19T09:21:33.046880+00:00,2026-08-19T12:21:33.046880+03:00,782,Cihangir Caddesi 2,BEYOĞLU,41.0319,28.9862,70,1,69,YOL ÜSTÜ,1,15,09:00-19:00
2026-08-19T09:21:33.046880+00:00,2026-08-19T12:21:33.046880+03:00,1467,Cihangir Katlı Otoparkı,BEYOĞLU,41.0318,28.9858,350,0,350,KAPALI OTOPARK,1,0,24 Saat
2026-08-19T09:21:33.046880+00:00,2026-08-19T12:21:33.046880+03:00,535,Cihannuma Yol Üstü 1,BEŞİKTAŞ,41.0454,29.0084,35,1,34,YOL ÜSTÜ,1,0,08:00-23:00
2026-08-19T09:21:33.046880+00:00,2026-08-19T12:21:33.046880+03:00,537,Cihannuma Yol Üstü 3,BEŞİKTAŞ,41.0459,29.0087,33,1,32,YOL ÜSTÜ,1,0,08:00-23:00
2026-08-19T09:21:33.046880+00:00,2026-08-19T12:21:33.046880+03:00,539,Cihannuma Yol Üstü 5,BEŞİKTAŞ,41.0489,29.0094,24,1,23,YOL ÜSTÜ,1,0,08:00-23:00
2026-08-19T09:21:33.046880+00:00,2026-08-19T12:21:33.046880+03:00,3184,Çam Sokak 6,GÜNGÖREN,41.0121,28.8882,50,1,49,YOL ÜSTÜ,1,15,08:00-17:00
2026-08-19T09:21:33.046880+00:00,2026-08-19T12:21:33.046880+03:00,3030,Çekmeköy Metro PD Zemin Altı Otoparkı,ÇEKMEKÖY,41.0147,29.1886,175,49,126,KAPALI OTOPARK,1,15,24 Saat
2026-08-19T09:21:33.046880+00:00,2026-08-19T12:21:33.046880+03:00,2905,Çeliktepe Açık Otoparkı,KAĞITHANE,41.0843,29.0056,200,82,118,AÇIK OTOPARK,1,5,24 Saat
2026-08-19T09:21:33.046880+00:00,2026-08-19T12:21:33.046880+03:00,1298,Çengelköy Açık Otoparkı,ÜSKÜDAR,41.0484,29.0533,500,223,277,AÇIK OTOPARK,1,15,24 Saat
2026-08-19T09:21:33.046880+00:00,2026-08-19T12:21:33.046880+03:00,502,Çınar Açık Otoparkı,BEŞİKTAŞ,41.0853,29.0088,65,1,64,AÇIK OTOPARK,1,0,08:00-18:00
2026-08-19T09:21:33.046880+00:00,2026-08-19T12:21:33.046880+03:00,777,Çırağan Sarayı Yol Üstü 1,BEŞİKTAŞ,41.0448,29.0165,40,1,39,YOL ÜSTÜ,1,15,08:00-23:00
2026-08-19T09:21:33.046880+00:00,2026-08-19T12:21:33.046880+03:00,778,Çırağan Sarayı Yol Üstü 2,BEŞİKTAŞ,41.0445,29.0156,40,1,39,YOL ÜSTÜ,1,15,08:00-23:00
2026-08-19T09:21:33.046880+00:00,2026-08-19T12:21:33.046880+03:00,2228,Çırpıcı Sosyal Tesisler,ZEYTİNBURNU,41,28.8926,128,0,128,AÇIK OTOPARK,1,15,07:00-00:00
2026-08-19T09:21:33.046880+00:00,2026-08-19T12:21:33.046880+03:00,1508,Çiroz Yeşilköy Halk Pazarı,BAKIRKÖY,40.9628,28.8129,471,469,2,AÇIK OTOPARK,1,0,08:00-18:00
2026-08-19T09:21:33.046880+00:00,2026-08-19T12:21:33.046880+03:00,2030,Dalyan Açık Otoparkı,KADIKÖY,40.9632,29.0651,92,29,63,AÇIK OTOPARK,1,15,24 Saat
2026-08-19T09:21:33.046880+00:00,2026-08-19T12:21:33.046880+03:00,2271,Damla Sokak 1,ŞİŞLİ,41.0672,29.0004,17,1,16,YOL ÜSTÜ,1,15,07:30-16:30
2026-08-19T09:21:33.046880+00:00,2026-08-19T12:21:33.046880+03:00,2164,Darüşşafaka Yeraltı Otoparkı,SARIYER,41.1292,29.0252,150,108,42,KAPALI OTOPARK,1,15,08:00-00:00
2026-08-19T09:21:33.046880+00:00,2026-08-19T12:21:33.046880+03:00,1653,Deniz Feneri Otoparkı,FATİH,41.0019,28.9773,175,100,75,AÇIK OTOPARK,1,5,24 Saat
2026-08-19T09:21:33.046880+00:00,2026-08-19T12:21:33.046880+03:00,595,Dostluk Yurdu 1,FATİH,41.0071,28.973,33,33,0,YOL ÜSTÜ,1,15,07:00-17:00
2026-08-19T09:21:33.046880+00:00,2026-08-19T12:21:33.046880+03:00,2237,Dragos Sosyal Tesisleri,KARTAL,40.9017,29.1458,100,19,81,AÇIK OTOPARK,1,15,24 Saat
2026-08-19T09:21:33.046880+00:00,2026-08-19T12:21:33.046880+03:00,3063,Dudullu Metro PD Zemin Altı Otoparkı,ÜMRANİYE,41.0156,29.1633,81,52,29,KAPALI OTOPARK,1,15,07:00-23:30
2026-08-19T09:21:33.046880+00:00,2026-08-19T12:21:33.046880+03:00,1522,Ebu Suut Caddesi 1,FATİH,41.0128,28.9766,35,1,34,YOL ÜSTÜ,1,0,08:00-18:00
2026-08-19T09:21:33.046880+00:00,2026-08-19T12:21:33.046880+03:00,2147,EGS Blokları Açık Otoparkı,BAKIRKÖY,40.9863,28.8354,350,0,350,AÇIK OTOPARK,1,60,09:00-19:30
2026-08-19T09:21:33.046880+00:00,2026-08-19T12:21:33.046880+03:00,2366,Esenler Adem Baştürk Kültür Merkezi Katlı,ESENLER,41.039,28.8846,460,52,408,KAPALI OTOPARK,1,15,24 Saat
2026-08-19T09:21:33.046880+00:00,2026-08-19T12:21:33.046880+03:00,3190,Esenler Havaalanı Mahallesi Zemin Altı Otoparkı,ESENLER,41.0562,28.8674,610,369,241,KAPALI OTOPARK,1,10,24 Saat
2026-08-19T09:21:33.046880+00:00,2026-08-19T12:21:33.046880+03:00,3011,Esenler Menderes Metro İstasyonu Yanı,ESENLER,41.0427,28.8783,68,11,57,AÇIK OTOPARK,1,5,24 Saat
2026-08-19T09:21:33.046880+00:00,2026-08-19T12:21:33.046880+03:00,2822,Esenler Menderes Parkı Zemin Altı Otoparkı,ESENLER,41.0412,28.8729,325,67,258,KAPALI OTOPARK,1,10,24 Saat
2026-08-19T09:21:33.046880+00:00,2026-08-19T12:21:33.046880+03:00,3303,Esenyurt Adile Naşit Bulvarı Zeminaltı Otoparkı,ESENYURT,41.0205,28.6859,367,282,85,KAPALI OTOPARK,1,15,24 Saat
2026-08-19T09:21:33.046880+00:00,2026-08-19T12:21:33.046880+03:00,1328,Eski Salı Pazarı,KADIKÖY,40.9904,29.0338,760,0,760,AÇIK OTOPARK,1,15,24 Saat
2026-08-19T09:21:33.046880+00:00,2026-08-19T12:21:33.046880+03:00,904,Eyüp Pierloti Caddesi 1,EYÜP,41.0539,28.9329,40,1,39,YOL ÜSTÜ,1,0,09:00-22:00
2026-08-19T09:21:33.046880+00:00,2026-08-19T12:21:33.046880+03:00,2850,Eyüpsultan Akşemsettin Mahallesi Zemin Altı Otoparkı,EYÜP,41.085,28.9258,110,0,110,KAPALI OTOPARK,1,15,24 Saat
2026-08-19T09:21:33.046880+00:00,2026-08-19T12:21:33.046880+03:00,2215,Fatih Çeşmesi Tabiat Parkı Otoparkı,SARIYER,41.1686,28.9448,250,243,7,AÇIK OTOPARK,1,0,06:00-20:00
2026-08-19T09:21:33.046880+00:00,2026-08-19T12:21:33.046880+03:00,1475,Fatih Katlı Otoparkı,FATİH,41.0198,28.9396,118,0,118,KAPALI OTOPARK,1,10,24 Saat
2026-08-19T09:21:33.046880+00:00,2026-08-19T12:21:33.046880+03:00,1591,Feshane PD Açık Otoparkı,EYÜP,41.0463,28.9378,200,65,135,AÇIK OTOPARK,1,15,24 Saat
2026-08-19T09:21:33.046880+00:00,2026-08-19T12:21:33.046880+03:00,1005,Florya Havuzlu Bahçe,BAKIRKÖY,40.9764,28.7908,135,1,134,AÇIK OTOPARK,1,0,09:00-23:00
2026-08-19T09:21:33.046880+00:00,2026-08-19T12:21:33.046880+03:00,2238,Florya Sosyal Tesisleri,BAKIRKÖY,40.9614,28.8091,1074,838,236,AÇIK OTOPARK,1,15,24 Saat
2026-08-19T09:21:33.046880+00:00,2026-08-19T12:21:33.046880+03:00,1704,Gazi Umur Paşa Sokak 5,BEŞİKTAŞ,41.0589,29.0114,45,1,44,YOL ÜSTÜ,1,15,08:00-17:00
2026-08-19T09:21:33.046880+00:00,2026-08-19T12:21:33.046880+03:00,3296,Gaziosmanpaşa Meydanı ve Yaşam Merkezi Zemin Altı Otoparkı,GAZİOSMANPAŞA,41.0606,28.9093,202,0,202,KAPALI OTOPARK,1,15,24 Saat
2026-08-19T09:21:33.046880+00:00,2026-08-19T12:21:33.046880+03:00,2971,Gaziosmanpaşa Zemin Altı Otoparkı,GAZİOSMANPAŞA,41.0796,28.8858,285,0,285,KAPALI OTOPARK,1,0,24 Saat
2026-08-19T09:21:33.046880+00:00,2026-08-19T12:21:33.046880+03:00,3401,Giyimkent Tekstilkent Metro Zemin Altı PD Otoparkı,ESENLER,41.0711,28.8666,203,163,40,KAPALI OTOPARK,1,10,24 Saat
2026-08-19T09:21:33.046880+00:00,2026-08-19T12:21:33.046880+03:00,2242,Gözdağı Sosyal Tesisler  Açık Otoparkı,PENDİK,40.893,29.2538,300,216,84,AÇIK OTOPARK,1,0,07:00-23:00
2026-08-19T09:21:33.046880+00:00,2026-08-19T12:21:33.046880+03:00,1879,Gülsuyu Metro PD Yer Altı Otoparkı,MALTEPE,40.9237,29.1548,76,0,76,KAPALI OTOPARK,1,15,08:00-00:00
2026-08-19T09:21:33.046880+00:00,2026-08-19T12:21:33.046880+03:00,1423,Güneş Plajı 1,BAKIRKÖY,40.9712,28.79,250,173,77,AÇIK OTOPARK,1,10,24 Saat
2026-08-19T09:21:33.046880+00:00,2026-08-19T12:21:33.046880+03:00,1461,Güneş Plajı 2,BAKIRKÖY,40.9692,28.7951,135,99,36,AÇIK OTOPARK,1,10,08:00-20:00
2026-08-19T09:21:33.046880+00:00,2026-08-19T12:21:33.046880+03:00,3053,Güngören Nikah Dairesi Zemin Altı otoparkı,GÜNGÖREN,41.0363,28.8718,147,0,147,KAPALI OTOPARK,1,10,24 Saat
2026-08-19T09:21:33.046880+00:00,2026-08-19T12:21:33.046880+03:00,2216,Gürpınar Balık Hali Otoparkı,BEYLİKDÜZÜ,40.9663,28.6019,1000,712,288,AÇIK OTOPARK,1,15,24 Saat
2026-08-19T09:21:33.046880+00:00,2026-08-19T12:21:33.046880+03:00,1525,Hacıosman Metro Yer Altı Otoparkı,SARIYER,41.14,29.0306,422,47,375,KAPALI OTOPARK,1,15,24 Saat
2026-08-19T09:21:33.046880+00:00,2026-08-19T12:21:33.046880+03:00,1470,Haldun Alagaş Katlı Otoparkı,ÜMRANİYE,41.0262,29.1052,197,36,161,KAPALI OTOPARK,1,15,24 Saat
2026-08-19T09:21:33.046880+00:00,2026-08-19T12:21:33.046880+03:00,3235,Haliç Sosyal Tesisleri Otoparkı,FATİH,41.0277,28.9572,60,19,41,AÇIK OTOPARK,1,15,07:00-00:00
2026-08-19T09:21:33.046880+00:00,2026-08-19T12:21:33.046880+03:00,2848,Halkalı Mahallesi Zemin Altı Otoparkı,KÜÇÜKÇEKMECE,41.0359,28.7848,347,175,172,KAPALI OTOPARK,1,15,24 Saat
2026-08-19T09:21:33.046880+00:00,2026-08-19T12:21:33.046880+03:00,2838,Hamidiye Mahallesi Katlı Otoparkı,KAĞITHANE,41.0949,28.971,450,202,248,KAPALI OTOPARK,1,15,24 Saat
2026-08-19T09:21:33.046880+00:00,2026-08-19T12:21:33.046880+03:00,1446,Harbiye Zemin Altı Otoparkı,BEYOĞLU,41.0408,28.9869,142,0,142,KAPALI OTOPARK,1,5,24 Saat
2026-08-19T09:21:33.046880+00:00,2026-08-19T12:21:33.046880+03:00,2332,Haydarpaşa Katlı Otoparkı,ÜSKÜDAR,41.0048,29.0251,840,484,356,KAPALI OTOPARK,1,15,24 Saat
2026-08-19T09:21:33.046880+00:00,2026-08-19T12:21:33.046880+03:00,1987,Haznedar Yer Altı Otoparkı,GÜNGÖREN,41.0083,28.8729,540,0,540,KAPALI OTOPARK,1,0,24 Saat
2026-08-19T09:21:33.046880+00:00,2026-08-19T12:21:33.046880+03:00,377,Hızır Külhani Sokak,FATİH,41.0202,28.9605,32,1,31,YOL ÜSTÜ,1,15,09:00-17:00
2026-08-19T09:21:33.046880+00:00,2026-08-19T12:21:33.046880+03:00,3173,Hürriyet Mahallesi Zeminaltı Otoparkı,GAZİOSMANPAŞA,41.0708,28.8951,190,0,190,KAPALI OTOPARK,1,15,24 Saat
2026-08-19T09:21:33.046880+00:00,2026-08-19T12:21:33.046880+03:00,157,Ihlamur Dere Caddesi 4,BEŞİKTAŞ,41.047,29.0023,27,1,26,YOL ÜSTÜ,1,15,09:00-17:00
2026-08-19T09:21:33.046880+00:00,2026-08-19T12:21:33.046880+03:00,1189,İçerenköy Sebze Meyve Hali Otoparkı,ATAŞEHİR,40.9766,29.1044,600,600,0,AÇIK OTOPARK,1,15,24 Saat
2026-08-19T09:21:33.046880+00:00,2026-08-19T12:21:33.046880+03:00,1127,İshakpaşa Caddesi,FATİH,41.0079,28.9814,200,1,199,YOL ÜSTÜ,1,0,08:00-18:00
2026-08-19T09:21:33.046880+00:00,2026-08-19T12:21:33.046880+03:00,3265,İspark İstanbul West Marina Açık Otoparkı 1,BEYLİKDÜZÜ,40.9636,28.6564,250,1,249,AÇIK OTOPARK,1,15,24 Saat
2026-08-19T09:21:33.046880+00:00,2026-08-19T12:21:33.046880+03:00,2793,İspark Merter Katlı Otoparkı,GÜNGÖREN,41.0097,28.89,900,260,640,KAPALI OTOPARK,1,10,24 Saat
2026-08-19T09:21:33.046880+00:00,2026-08-19T12:21:33.046880+03:00,2430,İspark West İstanbul Marina Açık Otoparkı,BEYLİKDÜZÜ,40.9639,28.6591,1600,948,652,AÇIK OTOPARK,1,15,24 Saat
2026-08-19T09:21:33.046880+00:00,2026-08-19T12:21:33.046880+03:00,381,İstinye 4 ( Cami Önü ),SARIYER,41.1149,29.0571,25,1,24,YOL ÜSTÜ,1,15,08:30-17:30
2026-08-19T09:21:33.046880+00:00,2026-08-19T12:21:33.046880+03:00,1804,İtalyan Hastanesi Karşısı Açık Otoparkı 1,BEYOĞLU,41.028,28.9815,30,1,29,AÇIK OTOPARK,1,0,08:00-19:00
2026-08-19T09:21:33.046880+00:00,2026-08-19T12:21:33.046880+03:00,507,Kabasakal Medrese Önü,FATİH,41.0062,28.9789,65,1,64,AÇIK OTOPARK,1,0,08:00-18:30
2026-08-19T09:21:33.046880+00:00,2026-08-19T12:21:33.046880+03:00,3306,Kabataş Transfer Merkezi Turizm Otobüs Otoparkı,BEYOĞLU,41.0336,28.9923,160,0,160,KAPALI OTOPARK,1,20,24 Saat
2026-08-19T09:21:33.046880+00:00,2026-08-19T12:21:33.046880+03:00,2918,Kadıköy Hasanpaşa Gazhane Katlı Otoparkı,KADIKÖY,40.9972,29.0428,310,188,122,KAPALI OTOPARK,1,15,24 Saat
2026-08-19T09:21:33.046880+00:00,2026-08-19T12:21:33.046880+03:00,1447,Kadıköy İski Açık Otoparkı,KADIKÖY,40.9874,29.0207,124,4,120,AÇIK OTOPARK,1,15,24 Saat
2026-08-19T09:21:33.046880+00:00,2026-08-19T12:21:33.046880+03:00,1655,Kadıköy Metro Açık Otoparkı,KADIKÖY,40.9899,29.0217,74,0,74,AÇIK OTOPARK,1,15,24 Saat
2026-08-19T09:21:33.046880+00:00,2026-08-19T12:21:33.046880+03:00,3445,Kadıköy Uzunçayır PD Açık Otoparkı,KADIKÖY,40.9982,29.0569,70,40,30,AÇIK OTOPARK,1,15,06:30-16:30
2026-08-19T09:21:33.046880+00:00,2026-08-19T12:21:33.046880+03:00,2808,Kadıköy Yeni Salı Pazarı PD Katlı Otoparkı,KADIKÖY,40.9969,29.0486,1350,677,673,KAPALI OTOPARK,1,15,24 Saat
2026-08-19T09:21:33.046880+00:00,2026-08-19T12:21:33.046880+03:00,2811,Kağıthane Harmantepe Zemin Altı Otoparkı,KAĞITHANE,41.0816,28.9907,200,0,200,KAPALI OTOPARK,1,0,24 Saat
2026-08-19T09:21:33.046880+00:00,2026-08-19T12:21:33.046880+03:00,1452,Kalamış Açık Otoparkı,KADIKÖY,40.9687,29.0363,173,117,56,AÇIK OTOPARK,1,15,24 Saat
2026-08-19T09:21:33.046880+00:00,2026-08-19T12:21:33.046880+03:00,1474,Kartal Hasan Doğan Spor Kompleksi,KARTAL,40.8918,29.1897,773,0,773,KAPALI OTOPARK,1,15,24 Saat
2026-08-19T09:21:33.046880+00:00,2026-08-19T12:21:33.046880+03:00,1105,Kartal İdo Açık Otoparkı,KARTAL,40.8874,29.1881,90,0,90,AÇIK OTOPARK,1,15,24 Saat
2026-08-19T09:21:33.046880+00:00,2026-08-19T12:21:33.046880+03:00,1550,Kartal Sahil Açık Otoparkı,KARTAL,40.8875,29.1901,75,7,68,AÇIK OTOPARK,1,5,24 Saat
2026-08-19T09:21:33.046880+00:00,2026-08-19T12:21:33.046880+03:00,3434,Kasımpaşa Sosyal Tesisler Otoparkı,BEYOĞLU,41.0296,28.9673,60,37,23,AÇIK OTOPARK,1,0,07:30-23:00
2026-08-19T09:21:33.046880+00:00,2026-08-19T12:21:33.046880+03:00,1960,Kazlıçeşme Marmaray Açık Otoparkı,ZEYTİNBURNU,40.9922,28.917,700,522,178,AÇIK OTOPARK,1,15,24 Saat
2026-08-19T09:21:33.046880+00:00,2026-08-19T12:21:33.046880+03:00,2994,Kirazlı Metro Durağı PD Açık Otoparkı,BAĞCILAR,41.033,28.8429,112,0,112,AÇIK OTOPARK,1,5,24 Saat
2026-08-19T09:21:33.046880+00:00,2026-08-19T12:21:33.046880+03:00,1528,Kore Şehitleri Caddesi - Yüzbaşı Kaya Aldağon Sokak 1,ŞİŞLİ,41.0719,29.0139,40,1,39,YOL ÜSTÜ,1,15,07:00-16:00
2026-08-19T09:21:33.046880+00:00,2026-08-19T12:21:33.046880+03:00,2449,Kozyatağı Sebze-Meyve Hali,ATAŞEHİR,40.9787,29.1029,1500,1500,0,AÇIK OTOPARK,1,0,24 Saat
2026-08-19T09:21:33.046880+00:00,2026-08-19T12:21:33.046880+03:00,1206,Kutlugün Sokak 2,FATİH,41.0061,28.9801,200,1,199,YOL ÜSTÜ,1,0,08:00-18:00
2026-08-19T09:21:33.046880+00:00,2026-08-19T12:21:33.046880+03:00,3074,Küçük Çamlıca,ÜSKÜDAR,41.0204,29.0653,129,106,23,AÇIK OTOPARK,1,0,08:00-22:00
2026-08-19T09:21:33.046880+00:00,2026-08-19T12:21:33.046880+03:00,3127,Küçükçekmece Cennet Mahallesi Meydan Zemin Altı Otoparkı,KÜÇÜKÇEKMECE,40.9907,28.783,456,0,456,KAPALI OTOPARK,1,10,24 Saat
2026-08-19T09:21:33.046880+00:00,2026-08-19T12:21:33.046880+03:00,2554,Küçükçekmece Fevzi Çakmak Meydanı Zemin Altı Otoparkı,KÜÇÜKÇEKMECE,41.0076,28.7927,1000,523,477,KAPALI OTOPARK,1,10,24 Saat
2026-08-19T09:21:33.046880+00:00,2026-08-19T12:21:33.046880+03:00,2882,Küçüksu Kasrı Açık Otoparkı,BEYKOZ,41.0789,29.0657,98,92,6,AÇIK OTOPARK,1,0,07:00-23:00
2026-08-19T09:21:33.046880+00:00,2026-08-19T12:21:33.046880+03:00,220,Levent Hamidiye,BEŞİKTAŞ,41.0861,29.0076,100,1,99,AÇIK OTOPARK,1,0,08:00-19:00
2026-08-19T09:21:33.046880+00:00,2026-08-19T12:21:33.046880+03:00,1138,Levent Metro Yer Altı Otoparkı,BEŞİKTAŞ,41.0811,29.0105,100,100,0,AÇIK OTOPARK,1,5,07:30-19:30
2026-08-19T09:21:33.046880+00:00,2026-08-19T12:21:33.046880+03:00,2335,Maçka Açık Otoparkı,ŞİŞLİ,41.046,28.9908,75,71,4,AÇIK OTOPARK,1,0,24 Saat
2026-08-19T09:21:33.046880+00:00,2026-08-19T12:21:33.046880+03:00,1859,Maçka Katlı Otoparkı,ŞİŞLİ,41.0484,28.9903,508,30,478,KAPALI OTOPARK,1,0,24 Saat
2026-08-19T09:21:33.046880+00:00,2026-08-19T12:21:33.046880+03:00,3193,Maltepe Rıhtım Caddesi Açık Otoparkı,MALTEPE,40.9258,29.1241,76,57,19,AÇIK OTOPARK,1,0,24 Saat
2026-08-19T09:21:33.046880+00:00,2026-08-19T12:21:33.046880+03:00,2146,Maltepe Süreyyapaşa Çarşısı Açık Otoparkı,MALTEPE,40.9274,29.1225,156,107,49,AÇIK OTOPARK,1,0,24 Saat
2026-08-19T09:21:33.046880+00:00,2026-08-19T12:21:33.046880+03:00,1599,Maslak Açık Otoparkı,SARIYER,41.1166,29.024,150,53,97,AÇIK OTOPARK,1,10,24 Saat
2026-08-19T09:21:33.046880+00:00,2026-08-19T12:21:33.046880+03:00,2100,Matbaacılar Sitesi Yanı,ZEYTİNBURNU,41.0234,28.9187,250,120,130,AÇIK OTOPARK,1,5,24 Saat
2026-08-19T09:21:33.046880+00:00,2026-08-19T12:21:33.046880+03:00,920,Meclis-i Mebusan Yokuşu 2,BEYOĞLU,41.0326,28.9882,34,1,33,YOL ÜSTÜ,1,15,09:00-17:00
2026-08-19T09:21:33.046880+00:00,2026-08-19T12:21:33.046880+03:00,1546,Menekşe Plajı Açık Otoparkı,BAKIRKÖY,40.9761,28.7766,200,200,0,AÇIK OTOPARK,1,0,24 Saat
2026-08-19T09:21:33.046880+00:00,2026-08-19T12:21:33.046880+03:00,1376,Mercan Açık,FATİH,41.0136,28.9669,130,18,112,AÇIK OTOPARK,1,0,08:00-23:00
2026-08-19T09:21:33.046880+00:00,2026-08-19T12:21:33.046880+03:00,3309,Mercan Ali Paşa Sarayı Zemin Altı Otoparkı,FATİH,41.0136,28.967,196,1,195,KAPALI OTOPARK,1,0,07:00-21:00
2026-08-19T09:21:33.046880+00:00,2026-08-19T12:21:33.046880+03:00,1472,Merter Katlı Otoparkı,GÜNGÖREN,41.0092,28.8874,1000,860,140,KAPALI OTOPARK,1,10,24 Saat
2026-08-19T09:21:33.046880+00:00,2026-08-19T12:21:33.046880+03:00,2375,Merter Metro PD Zeminaltı Otoparkı,GÜNGÖREN,41.0037,28.8897,242,74,168,KAPALI OTOPARK,1,10,24 Saat
2026-08-19T09:21:33.046880+00:00,2026-08-19T12:21:33.046880+03:00,1568,Mete Caddesi 1,BEYOĞLU,41.0382,28.9879,31,1,30,YOL ÜSTÜ,1,15,08:00-23:00
2026-08-19T09:21:33.046880+00:00,2026-08-19T12:21:33.046880+03:00,1471,Mevlana Yeraltı Katlı Otoparkı,ZEYTİNBURNU,41.0072,28.9049,1000,847,153,KAPALI OTOPARK,1,5,24 Saat
2026-08-19T09:21:33.046880+00:00,2026-08-19T12:21:33.046880+03:00,2709,Millet Caddesi Açık Otoparkı,FATİH,41.01,28.9461,60,1,59,AÇIK OTOPARK,1,15,24 Saat
2026-08-19T09:21:33.046880+00:00,2026-08-19T12:21:33.046880+03:00,3152,Mimar Sinan Zemin Altı Otoparkı,ÜSKÜDAR,41.0222,29.0169,956,283,673,KAPALI OTOPARK,1,15,24 Saat
2026-08-19T09:21:33.046880+00:00,2026-08-19T12:21:33.046880+03:00,2870,Miniatürk Çadır Açık Otoparkı,BEYOĞLU,41.0594,28.9501,250,148,102,AÇIK OTOPARK,1,15,07:00-20:00
2026-08-19T09:21:33.046880+00:00,2026-08-19T12:21:33.046880+03:00,2556,Muallim Naci Açık Otoparkı,BEŞİKTAŞ,41.0561,29.0342,35,23,12,AÇIK OTOPARK,1,15,24 Saat
2026-08-19T09:21:33.046880+00:00,2026-08-19T12:21:33.046880+03:00,569,Oda Kule Önü 1,BEYOĞLU,41.0322,28.9751,24,1,23,YOL ÜSTÜ,1,0,07:00-01:00
2026-08-19T09:21:33.046880+00:00,2026-08-19T12:21:33.046880+03:00,1988,Orhangazi Şehir Parkı PD Açık Otoparkı,MALTEPE,40.9313,29.1161,5022,4474,548,AÇIK OTOPARK,1,15,24 Saat
2026-08-19T09:21:33.046880+00:00,2026-08-19T12:21:33.046880+03:00,152,Ortabahçe Caddesi 2,BEŞİKTAŞ,41.0428,29.0043,35,1,34,YOL ÜSTÜ,1,15,08:00-23:00
2026-08-19T09:21:33.046880+00:00,2026-08-19T12:21:33.046880+03:00,153,Ortabahçe Caddesi 3,BEŞİKTAŞ,41.043,29.0042,26,1,25,YOL ÜSTÜ,1,15,08:00-23:00
2026-08-19T09:21:33.046880+00:00,2026-08-19T12:21:33.046880+03:00,119,Ortaklar Caddesi 1,ŞİŞLİ,41.0638,28.9971,25,1,24,YOL ÜSTÜ,1,15,08:30-17:00
2026-08-19T09:21:33.046880+00:00,2026-08-19T12:21:33.046880+03:00,1343,Ortaköy Açık Otoparkı,BEŞİKTAŞ,41.0504,29.0326,170,145,25,AÇIK OTOPARK,1,0,24 Saat
2026-08-19T09:21:33.046880+00:00,2026-08-19T12:21:33.046880+03:00,572,Ortaköy Portakal Yokuşu 1,BEŞİKTAŞ,41.0503,29.0261,15,1,14,YOL ÜSTÜ,1,15,09:00-19:00
2026-08-19T09:21:33.046880+00:00,2026-08-19T12:21:33.046880+03:00,1039,Öğretmen Evi,AVCILAR,40.9723,28.714,80,42,38,AÇIK OTOPARK,1,0,11:00-23:00
2026-08-19T09:21:33.046880+00:00,2026-08-19T12:21:33.046880+03:00,1466,Pendik Katlı Otoparkı,PENDİK,40.8789,29.2342,120,0,120,KAPALI OTOPARK,1,15,24 Saat
2026-08-19T09:21:33.046880+00:00,2026-08-19T12:21:33.046880+03:00,3073,Pendik Kemal Kalkuz Parkı Zemin Altı Otoparkı,PENDİK,40.8885,29.2427,224,0,224,KAPALI OTOPARK,1,0,09:00-18:00
2026-08-19T09:21:33.046880+00:00,2026-08-19T12:21:33.046880+03:00,3019,Pendik Meydan Zemin Altı Otoparkı,PENDİK,40.8752,29.2324,937,0,937,KAPALI OTOPARK,1,0,24 Saat
2026-08-19T09:21:33.046880+00:00,2026-08-19T12:21:33.046880+03:00,2865,Pendik Sahil Engelliler Merkez Önü,PENDİK,40.8735,29.233,100,66,34,AÇIK OTOPARK,1,0,11:00-20:00
2026-08-19T09:21:33.046880+00:00,2026-08-19T12:21:33.046880+03:00,2434,Pendik Sahil İdo,PENDİK,40.8755,29.2369,100,0,100,AÇIK OTOPARK,1,0,07:00-23:00
2026-08-19T09:21:33.046880+00:00,2026-08-19T12:21:33.046880+03:00,248,Pendik Yenimahalle Açık 2 Otoparkı,PENDİK,40.864,29.2723,124,96,28,AÇIK OTOPARK,1,15,10:00-22:00
2026-08-19T09:21:33.046880+00:00,2026-08-19T12:21:33.046880+03:00,297,Perşembe Pazarı 1,BEYOĞLU,41.0252,28.9693,32,1,31,YOL ÜSTÜ,1,15,08:00-17:00
2026-08-19T09:21:33.046880+00:00,2026-08-19T12:21:33.046880+03:00,597,Pierre Loti Caddesi 3,FATİH,41.0069,28.9711,36,1,35,YOL ÜSTÜ,1,0,07:00-17:00
2026-08-19T09:21:33.046880+00:00,2026-08-19T12:21:33.046880+03:00,3263,Piyalepaşa Meydanı Zemin Altı Otoparkı,BEYOĞLU,41.0445,28.9674,560,282,278,KAPALI OTOPARK,1,0,24 Saat
2026-08-19T09:21:33.046880+00:00,2026-08-19T12:21:33.046880+03:00,1900,Ragıp Gümüşpala Cad.(Sobacılar Önü),FATİH,41.0181,28.969,40,1,39,YOL ÜSTÜ,1,15,07:00-18:00
2026-08-19T09:21:33.046880+00:00,2026-08-19T12:21:33.046880+03:00,415,Ragıp Gümüşpala Camii Önü 1,FATİH,41.0211,28.9627,35,1,34,YOL ÜSTÜ,1,0,07:00-17:30
2026-08-19T09:21:33.046880+00:00,2026-08-19T12:21:33.046880+03:00,3268,Refik Saydam Caddesi 3,BEYOĞLU,41.032,28.9736,55,1,54,YOL ÜSTÜ,1,0,06:00-23:00
2026-08-19T09:21:33.046880+00:00,2026-08-19T12:21:33.046880+03:00,2307,Ressam Halim Sokak PD Açık Otoparkı,BAHÇELİEVLER,40.9967,28.8641,120,80,40,AÇIK OTOPARK,1,15,08:00-00:00
2026-08-19T09:21:33.046880+00:00,2026-08-19T12:21:33.046880+03:00,3082,Rumeli Hisarı Sahil Yolu Otoparkı,SARIYER,41.0854,29.0568,20,0,20,AÇIK OTOPARK,1,0,24 Saat
2026-08-19T09:21:33.046880+00:00,2026-08-19T12:21:33.046880+03:00,1595,Sabiha Gökçen Açık Otoparkı,PENDİK,40.925,29.308,1056,210,846,AÇIK OTOPARK,1,15,24 Saat
2026-08-19T09:21:33.046880+00:00,2026-08-19T12:21:33.046880+03:00,3239,Samatya Sahil Cep Otoparkı,FATİH,40.9954,28.932,113,111,2,AÇIK OTOPARK,1,15,24 Saat
2026-08-19T09:21:33.046880+00:00,2026-08-19T12:21:33.046880+03:00,3273,Sarıyer Büyükdere Fidanlığı,SARIYER,41.1548,29.0268,160,155,5,AÇIK OTOPARK,1,0,08:00-18:00
2026-08-19T09:21:33.046880+00:00,2026-08-19T12:21:33.046880+03:00,3299,Sariyer Ayazağa Mah Vadi İstanbul Önü Açık Otoparkı,SARIYER,41.1106,28.9881,100,96,4,AÇIK OTOPARK,1,0,08:00-20:00
2026-08-19T09:21:33.046880+00:00,2026-08-19T12:21:33.046880+03:00,1303,Seyrantepe Katlı (Arena Karşısı) 1,KAĞITHANE,41.101,28.9961,1897,1897,0,KAPALI OTOPARK,1,0,24 Saat
2026-08-19T09:21:33.046880+00:00,2026-08-19T12:21:33.046880+03:00,1628,Sıracevizler Caddesi Yol Üstü 5,ŞİŞLİ,41.0607,28.9841,45,1,44,YOL ÜSTÜ,1,15,09:00-17:00
2026-08-19T09:21:33.046880+00:00,2026-08-19T12:21:33.046880+03:00,464,Sirkeci Gar Önü,FATİH,41.015,28.9761,60,1,59,AÇIK OTOPARK,1,5,07:00-20:00
2026-08-19T09:21:33.046880+00:00,2026-08-19T12:21:33.046880+03:00,1486,Siyavuşpaşa Yer Altı Otoparkı,BAHÇELİEVLER,40.9965,28.8532,155,0,155,KAPALI OTOPARK,1,0,24 Saat
2026-08-19T09:21:33.046880+00:00,2026-08-19T12:21:33.046880+03:00,1958,Soğanlık Metro PD Açık Otoparkı,KARTAL,40.9131,29.1925,898,828,70,AÇIK OTOPARK,1,15,24 Saat
2026-08-19T09:21:33.046880+00:00,2026-08-19T12:21:33.046880+03:00,589,Su Terazisi Sokak,FATİH,41.0046,28.9727,22,1,21,YOL ÜSTÜ,1,0,07:30-17:00
2026-08-19T09:21:33.046880+00:00,2026-08-19T12:21:33.046880+03:00,1478,Suadiye Cep Açık Otoparkı,KADIKÖY,40.9586,29.0732,130,116,14,AÇIK OTOPARK,1,15,24 Saat
2026-08-19T09:21:33.046880+00:00,2026-08-19T12:21:33.046880+03:00,2948,Suadiye Sahil Açık Otoparkı,KADIKÖY,40.9562,29.0797,70,41,29,AÇIK OTOPARK,1,5,24 Saat
2026-08-19T09:21:33.046880+00:00,2026-08-19T12:21:33.046880+03:00,2799,Sultanbeyli Emir Caddesi Zemin Altı Otoparkı,SULTANBEYLİ,40.9707,29.2606,130,72,58,KAPALI OTOPARK,1,15,08:00-22:00
2026-08-19T09:21:33.046880+00:00,2026-08-19T12:21:33.046880+03:00,2372,Sultanbeyli Kent Meydanı Zemin Altı Otoparkı,SULTANBEYLİ,40.9667,29.2667,300,124,176,KAPALI OTOPARK,1,15,24 Saat
2026-08-19T09:21:33.046880+00:00,2026-08-19T12:21:33.046880+03:00,2410,Sultangazi Zemin Altı Otoparkı,SULTANGAZİ,41.0944,28.8649,104,0,104,KAPALI OTOPARK,1,10,24 Saat
2026-08-19T09:21:33.046880+00:00,2026-08-19T12:21:33.046880+03:00,2085,Süleyman Seba Caddesi 2,BEŞİKTAŞ,41.0426,28.9998,40,1,39,YOL ÜSTÜ,1,15,08:00-18:00
2026-08-19T09:21:33.046880+00:00,2026-08-19T12:21:33.046880+03:00,2088,Süleyman Seba Caddesi 5,BEŞİKTAŞ,41.0432,28.9978,40,1,39,YOL ÜSTÜ,1,15,08:00-18:00
2026-08-19T09:21:33.046880+00:00,2026-08-19T12:21:33.046880+03:00,2089,Süleyman Seba Caddesi 6,BEŞİKTAŞ,41.0435,28.9967,11,1,10,YOL ÜSTÜ,1,15,08:00-18:00
2026-08-19T09:21:33.046880+00:00,2026-08-19T12:21:33.046880+03:00,2391,Süleymaniye Cami Altı Açık Otoparkı,FATİH,41.0158,28.961,250,235,15,AÇIK OTOPARK,1,0,06:30-18:30
2026-08-19T09:21:33.046880+00:00,2026-08-19T12:21:33.046880+03:00,1730,Sütlüce Miniatürk Yanı,BEYOĞLU,41.057,28.95,320,214,106,AÇIK OTOPARK,1,15,24 Saat
2026-08-19T09:21:33.046880+00:00,2026-08-19T12:21:33.046880+03:00,36,Şakayık Sokak 4,ŞİŞLİ,41.0518,28.9936,50,1,49,YOL ÜSTÜ,1,15,08:00-16:00
2026-08-19T09:21:33.046880+00:00,2026-08-19T12:21:33.046880+03:00,1469,Şehit Volkan Duysak Katlı Otoparkı,ZEYTİNBURNU,40.9968,28.9039,1000,690,310,KAPALI OTOPARK,1,5,24 Saat
2026-08-19T09:21:33.046880+00:00,2026-08-19T12:21:33.046880+03:00,2385,Şehremini Açık Otoparkı 1,FATİH,41.0135,28.9333,60,1,59,AÇIK OTOPARK,1,0,08:30-20:30
2026-08-19T09:21:33.046880+00:00,2026-08-19T12:21:33.046880+03:00,2855,Şemsipaşa Açık Otoparkı,ÜSKÜDAR,41.0255,29.0097,80,33,47,AÇIK OTOPARK,1,0,24 Saat
2026-08-19T09:21:33.046880+00:00,2026-08-19T12:21:33.046880+03:00,2439,Şirinevler Meydan Zeminaltı Otoparkı,BAHÇELİEVLER,40.9925,28.8496,367,37,330,KAPALI OTOPARK,1,0,24 Saat
2026-08-19T09:21:33.046880+00:00,2026-08-19T12:21:33.046880+03:00,3400,Şişhane Refik Saydam Caddesi 2 Yol Üstü Otoparkı 1,BEYOĞLU,41.0326,28.9743,70,1,69,YOL ÜSTÜ,1,15,06:00-23:00
2026-08-19T09:21:33.046880+00:00,2026-08-19T12:21:33.046880+03:00,3441,Şişli Kuştepe Zemin Altı Otoparkı,ŞİŞLİ,41.072,28.9919,430,307,123,KAPALI OTOPARK,1,15,24 Saat
2026-08-19T09:21:33.046880+00:00,2026-08-19T12:21:33.046880+03:00,2816,Şişli Rumeli Caddesi Metro Yanı 1,ŞİŞLİ,41.0538,28.9868,45,1,44,YOL ÜSTÜ,1,15,08:00-20:00
2026-08-19T09:21:33.046880+00:00,2026-08-19T12:21:33.046880+03:00,2406,Şişli Zemin Altı Otoparkı,ŞİŞLİ,41.0641,28.9992,581,83,498,KAPALI OTOPARK,1,15,24 Saat
2026-08-19T09:21:33.046880+00:00,2026-08-19T12:21:33.046880+03:00,1993,Tuzla İdo,TUZLA,40.8149,29.3039,300,274,26,AÇIK OTOPARK,1,15,24 Saat
2026-08-19T09:21:33.046880+00:00,2026-08-19T12:21:33.046880+03:00,3332,Tuzla Sahil Cep,TUZLA,40.8168,29.2992,50,38,12,AÇIK OTOPARK,1,0,08:00-00:00
2026-08-19T09:21:33.046880+00:00,2026-08-19T12:21:33.046880+03:00,3057,Tuzla Sahil Zemin Altı Otoparkı,TUZLA,40.8181,29.3004,779,1,778,KAPALI OTOPARK,1,15,24 Saat
2026-08-19T09:21:33.046880+00:00,2026-08-19T12:21:33.046880+03:00,1811,Ulu Camii Açık Otoparkı,BAHÇELİEVLER,40.9982,28.8499,150,132,18,AÇIK OTOPARK,1,10,24 Saat
2026-08-19T09:21:33.046880+00:00,2026-08-19T12:21:33.046880+03:00,2424,Uzunçayır Açık Otoparkı,KADIKÖY,40.9988,29.0556,58,52,6,AÇIK OTOPARK,1,0,06:00-16:00
2026-08-19T09:21:33.046880+00:00,2026-08-19T12:21:33.046880+03:00,1468,Ümraniye Katlı Otoparkı,ÜMRANİYE,41.0261,29.0953,665,462,203,KAPALI OTOPARK,1,15,24 Saat
2026-08-19T09:21:33.046880+00:00,2026-08-19T12:21:33.046880+03:00,2898,Ümraniye Okan Sokak Zeminaltı Otoparkı,ÜMRANİYE,41.0284,29.0907,125,23,102,KAPALI OTOPARK,1,15,24 Saat
2026-08-19T09:21:33.046880+00:00,2026-08-19T12:21:33.046880+03:00,2345,Üsküdar Uzunçayır PD Açık Otoparkı,ÜSKÜDAR,40.9988,29.0577,90,50,40,AÇIK OTOPARK,1,15,06:00-22:00
2026-08-19T09:21:33.046880+00:00,2026-08-19T12:21:33.046880+03:00,1929,Üsküdar Ünalan Açık Otoparkı,ÜSKÜDAR,40.9979,29.0604,180,175,5,AÇIK OTOPARK,1,0,07:00-17:00
2026-08-19T09:21:33.046880+00:00,2026-08-19T12:21:33.046880+03:00,1487,Vatan Caddesi PD Açık Otoparkı,FATİH,41.0157,28.9405,397,179,218,AÇIK OTOPARK,1,5,24 Saat
2026-08-19T09:21:33.046880+00:00,2026-08-19T12:21:33.046880+03:00,2441,Yalı Açık Otoparkı,MALTEPE,40.9095,29.137,85,82,3,AÇIK OTOPARK,1,0,07:30-22:00
2026-08-19T09:21:33.046880+00:00,2026-08-19T12:21:33.046880+03:00,459,Yalı Köşkü Caddesi 1,FATİH,41.0163,28.9759,61,1,60,YOL ÜSTÜ,1,5,07:00-21:00
2026-08-19T09:21:33.046880+00:00,2026-08-19T12:21:33.046880+03:00,2037,Yenikapı Marmaray Büyük Otoparkı,FATİH,41.0057,28.9505,324,71,253,AÇIK OTOPARK,1,15,24 Saat
2026-08-19T09:21:33.046880+00:00,2026-08-19T12:21:33.046880+03:00,2036,Yenikapı Marmaray Küçük Otoparkı,FATİH,41.0064,28.9504,200,137,63,AÇIK OTOPARK,1,15,07:00-22:00
2026-08-19T09:21:33.046880+00:00,2026-08-19T12:21:33.046880+03:00,2175,Yenikapı Spor ve Kültür Merkezi PD Açık Otoparkı,FATİH,41.0006,28.9519,4023,3932,91,AÇIK OTOPARK,1,15,24 Saat
2026-08-19T09:21:33.046880+00:00,2026-08-19T12:21:33.046880+03:00,2805,Yenikapı Tünel Üstü Açık Otoparkı,FATİH,41.0029,28.9534,700,438,262,AÇIK OTOPARK,1,10,24 Saat
2026-08-19T09:21:33.046880+00:00,2026-08-19T12:21:33.046880+03:00,3404,Yenimahalle Metro Zemin Altı PD Otoparkı,GAZİOSMANPAŞA,41.0839,28.8926,114,98,16,KAPALI OTOPARK,1,15,24 Saat
2026-08-19T09:21:33.046880+00:00,2026-08-19T12:21:33.046880+03:00,2920,Yeşilce Zemin Altı Katlı Otoparkı,KAĞITHANE,41.0938,29.0017,676,0,676,KAPALI OTOPARK,1,0,24 Saat
2026-08-19T09:21:33.046880+00:00,2026-08-19T12:21:33.046880+03:00,987,Yeşilköy İstasyon Caddesi 1,BAKIRKÖY,40.962,28.825,40,1,39,YOL ÜSTÜ,1,15,09:00-17:30
2026-08-19T09:21:33.046880+00:00,2026-08-19T12:21:33.046880+03:00,974,Yeşilköy Marina 1,BAKIRKÖY,40.9576,28.8233,145,1,144,YOL ÜSTÜ,1,0,12:00-23:00
2026-08-19T09:21:33.046880+00:00,2026-08-19T12:21:33.046880+03:00,3406,Yeşilpınar Metro Zemin Altı PD Otoparkı,EYÜP,41.081,28.9204,269,202,67,KAPALI OTOPARK,1,15,24 Saat
2026-08-19T09:21:33.046880+00:00,2026-08-19T12:21:33.046880+03:00,315,Yeşilyurt Çarşı 1,BAKIRKÖY,40.9643,28.8379,50,1,49,YOL ÜSTÜ,1,15,09:00-17:30
2026-08-19T09:21:33.046880+00:00,2026-08-19T12:21:33.046880+03:00,1133,Yıldız Korusu,BEŞİKTAŞ,41.0514,29.0165,500,1,499,AÇIK OTOPARK,1,0,08:00-22:00
2026-08-19T09:21:33.046880+00:00,2026-08-19T12:21:33.046880+03:00,882,Zeytinburnu 58. Bulvar 2,ZEYTİNBURNU,40.9932,28.9039,48,1,47,YOL ÜSTÜ,1,15,09:00-18:00
2026-08-19T09:21:33.046880+00:00,2026-08-19T12:21:33.046880+03:00,3185,Zeytinburnu Sahil Cep Otoparkı,ZEYTİNBURNU,40.9798,28.8985,160,1,159,AÇIK OTOPARK,1,0,12:00-22:00
2026-08-19T10:39:41.956642+00:00,2026-08-19T13:39:41.956642+03:00,3068,15 Temmuz Şehitler Meydanı Zeminaltı Otoparkı,ÜMRANİYE,41.0246,29.0915,1029,493,536,KAPALI OTOPARK,1,15,24 Saat
2026-08-19T10:39:41.956642+00:00,2026-08-19T13:39:41.956642+03:00,2338,19 Mayıs Açık,ŞİŞLİ,41.0563,28.9941,65,0,65,AÇIK OTOPARK,1,0,24 Saat
2026-08-19T10:39:41.956642+00:00,2026-08-19T13:39:41.956642+03:00,1751,4.Levent PD Açık Otoparkı,KAĞITHANE,41.0836,29.0081,236,91,145,AÇIK OTOPARK,1,5,24 Saat
2026-08-19T10:39:41.956642+00:00,2026-08-19T13:39:41.956642+03:00,3328,4.Levent Servis ve Turizm Araçları Açık Otoparkı,ŞİŞLİ,41.0841,29.0054,300,170,130,AÇIK OTOPARK,1,15,24 Saat
2026-08-19T10:39:41.956642+00:00,2026-08-19T13:39:41.956642+03:00,3412,5. Levent Gaziosmanpaşa Adliyesi Yanı Açık Otoparkı,EYÜP,41.0927,28.9494,250,217,33,AÇIK OTOPARK,1,15,07:00-23:00
2026-08-19T10:39:41.956642+00:00,2026-08-19T13:39:41.956642+03:00,104,Abide-i Hürriyet Caddesi 5,ŞİŞLİ,41.0619,28.9876,40,1,39,YOL ÜSTÜ,1,15,08:00-17:00
2026-08-19T10:39:41.956642+00:00,2026-08-19T13:39:41.956642+03:00,2452,Acıbadem Açık Otoparkı,ÜSKÜDAR,41.0157,29.0574,100,86,14,AÇIK OTOPARK,1,0,06:30-16:00
2026-08-19T10:39:41.956642+00:00,2026-08-19T13:39:41.956642+03:00,346,Ada Karşısı Cep 2,BEŞİKTAŞ,41.072,29.045,30,1,29,YOL ÜSTÜ,1,15,08:00-23:00
2026-08-19T10:39:41.956642+00:00,2026-08-19T13:39:41.956642+03:00,1663,Akasyalı Sokak Tenis Kulubü Önü 2,BEŞİKTAŞ,41.0867,29.0109,45,1,44,YOL ÜSTÜ,1,15,08:30-17:30
2026-08-19T10:39:41.956642+00:00,2026-08-19T13:39:41.956642+03:00,828,Akdeniz Caddesi 4,FATİH,41.0175,28.9435,27,1,26,YOL ÜSTÜ,1,15,09:00-18:00
2026-08-19T10:39:41.956642+00:00,2026-08-19T13:39:41.956642+03:00,1913,Alibeyköy Cep Otogarı Açık Otoparkı,EYÜP,41.0879,28.9446,116,0,116,AÇIK OTOPARK,1,25,24 Saat
2026-08-19T10:39:41.956642+00:00,2026-08-19T13:39:41.956642+03:00,1912,Alibeyköy Cep Otogarı Otobüs Otoparkı,EYÜP,41.0875,28.9449,5000,1,4999,AÇIK OTOPARK,1,60,24 Saat
2026-08-19T10:39:41.956642+00:00,2026-08-19T13:39:41.956642+03:00,2562,Alibeyköy Yeşiltepe Zemin Altı Otoparkı,EYÜP,41.0797,28.938,159,72,87,KAPALI OTOPARK,1,15,24 Saat
2026-08-19T10:39:41.956642+00:00,2026-08-19T13:39:41.956642+03:00,3201,Altınboynuz Sosyal Tesisleri,EYÜP,41.058,28.9447,70,1,69,AÇIK OTOPARK,1,15,08:00-23:00
2026-08-19T10:39:41.956642+00:00,2026-08-19T13:39:41.956642+03:00,758,Arap Camii Açık Otoparkı,BEYOĞLU,41.0227,28.9723,30,1,29,AÇIK OTOPARK,1,0,09:00-17:00
2026-08-19T10:39:41.956642+00:00,2026-08-19T13:39:41.956642+03:00,1963,Aras Sokak 1,BÜYÜKÇEKMECE,41.0226,28.622,60,1,59,YOL ÜSTÜ,1,0,06:00-14:30
2026-08-19T10:39:41.956642+00:00,2026-08-19T13:39:41.956642+03:00,2802,Arnavutköy Zemin Altı Otoparkı,ARNAVUTKÖY,41.1838,28.7396,700,26,674,KAPALI OTOPARK,1,15,24 Saat
2026-08-19T10:39:41.956642+00:00,2026-08-19T13:39:41.956642+03:00,1797,Ataköy Atrium AVM,BAKIRKÖY,40.9881,28.8459,250,219,31,AÇIK OTOPARK,1,15,08:00-23:00
2026-08-19T10:39:41.956642+00:00,2026-08-19T13:39:41.956642+03:00,2824,Ataköy Metro Durağı Yanı PD Zemin Altı Otoparkı,BAKIRKÖY,40.9904,28.8456,150,86,64,KAPALI OTOPARK,1,0,24 Saat
2026-08-19T10:39:41.956642+00:00,2026-08-19T13:39:41.956642+03:00,359,Atatürk Bulvarı 1,FATİH,41.0112,28.9534,20,1,19,YOL ÜSTÜ,1,0,07:30-18:00
2026-08-19T10:39:41.956642+00:00,2026-08-19T13:39:41.956642+03:00,3087,Atatürk Kent Ormanı Otoparkı,SARIYER,41.136,29.0262,200,198,2,AÇIK OTOPARK,1,0,08:00-17:00
2026-08-19T10:39:41.956642+00:00,2026-08-19T13:39:41.956642+03:00,2243,Avcılar Denizköşkler Toplantı ve Davet Salonu Açık Otoparkı,AVCILAR,40.9746,28.7435,200,197,3,AÇIK OTOPARK,1,15,13:00-07:00
2026-08-19T10:39:41.956642+00:00,2026-08-19T13:39:41.956642+03:00,1088,Avcılar İdo,AVCILAR,40.9712,28.7185,270,261,9,AÇIK OTOPARK,1,0,13:00-07:00
2026-08-19T10:39:41.956642+00:00,2026-08-19T13:39:41.956642+03:00,2885,Azapkapı Haliç Metro Otoparkı,ŞİŞLİ,41.0245,28.9691,80,0,80,AÇIK OTOPARK,1,5,24 Saat
2026-08-19T10:39:41.956642+00:00,2026-08-19T13:39:41.956642+03:00,2455,Azerbaycan Dostluk Parkı Zemin Altı Otoparkı,BAĞCILAR,41.0444,28.854,400,174,226,KAPALI OTOPARK,1,10,24 Saat
2026-08-19T10:39:41.956642+00:00,2026-08-19T13:39:41.956642+03:00,2965,Bağcılar Çolakoğlu Zemin Altı Otoparkı,BAĞCILAR,41.0324,28.8345,106,0,106,KAPALI OTOPARK,1,5,24 Saat
2026-08-19T10:39:41.956642+00:00,2026-08-19T13:39:41.956642+03:00,2576,Bağcılar Demirkapı Zemin Altı Otoparkı,BAĞCILAR,41.0499,28.8327,343,186,157,KAPALI OTOPARK,1,5,24 Saat
2026-08-19T10:39:41.956642+00:00,2026-08-19T13:39:41.956642+03:00,3036,Bağcılar Devlet Hastanesi Yanı Zeminaltı Otoparkı,BAĞCILAR,41.0312,28.8696,1133,73,1060,KAPALI OTOPARK,1,15,24 Saat
2026-08-19T10:39:41.956642+00:00,2026-08-19T13:39:41.956642+03:00,3071,Bağcılar Emniyet Müdürlüğü Yanı Açık Otoparkı,BAĞCILAR,41.0353,28.8598,100,36,64,AÇIK OTOPARK,1,0,24 Saat
2026-08-19T10:39:41.956642+00:00,2026-08-19T13:39:41.956642+03:00,2873,Bağcılar Göztepe Zemin Altı,BAĞCILAR,41.0567,28.8355,120,0,120,KAPALI OTOPARK,1,5,24 Saat
2026-08-19T10:39:41.956642+00:00,2026-08-19T13:39:41.956642+03:00,3187,Bağcılar Hürriyet Mahallesi Zemin Altı Otoparkı,BAĞCILAR,41.0291,28.8333,355,0,355,KAPALI OTOPARK,1,10,24 Saat
2026-08-19T10:39:41.956642+00:00,2026-08-19T13:39:41.956642+03:00,2916,Bağcılar Kent Meydanı PD Zemin Altı Otoparkı,BAĞCILAR,41.0339,28.8556,1162,0,1162,KAPALI OTOPARK,1,0,24 Saat
2026-08-19T10:39:41.956642+00:00,2026-08-19T13:39:41.956642+03:00,3261,Bağcılar Yenimahalle Zemin Altı Otoparkı,BAĞCILAR,41.0425,28.8395,525,287,238,KAPALI OTOPARK,1,15,24 Saat
2026-08-19T10:39:41.956642+00:00,2026-08-19T13:39:41.956642+03:00,2820,Bağcılar Yıldıztepe Katlı Otoparkı,BAĞCILAR,41.0294,28.8556,350,0,350,KAPALI OTOPARK,1,10,24 Saat
2026-08-19T10:39:41.956642+00:00,2026-08-19T13:39:41.956642+03:00,3447,Bahçelievler 23 Nisan Milli Egemenlik Zeminaltı Otoparkı,BAHÇELİEVLER,40.9988,28.8472,732,528,204,KAPALI OTOPARK,1,10,24 Saat
2026-08-19T10:39:41.956642+00:00,2026-08-19T13:39:41.956642+03:00,2993,Bahçelievler Cumhuriyet Zeminaltı Otoparkı,BAHÇELİEVLER,41.0149,28.859,663,0,663,KAPALI OTOPARK,1,10,24 Saat
2026-08-19T10:39:41.956642+00:00,2026-08-19T13:39:41.956642+03:00,2969,Bahçelievler Devlet Hastanesi Yanı Katlı Otoparkı,BAHÇELİEVLER,41.0072,28.8442,740,0,740,KAPALI OTOPARK,1,0,24 Saat
2026-08-19T10:39:41.956642+00:00,2026-08-19T13:39:41.956642+03:00,3051,Bahçelievler Zafer Mh. Zeminaltı Otoparkı,BAHÇELİEVLER,41.0036,28.8351,200,96,104,KAPALI OTOPARK,1,0,24 Saat
2026-08-19T10:39:41.956642+00:00,2026-08-19T13:39:41.956642+03:00,3236,Bahçeşehir Gölet Açık Otoparkı,BAŞAKŞEHİR,41.0719,28.6901,200,1,199,AÇIK OTOPARK,1,0,12:00-22:00
2026-08-19T10:39:41.956642+00:00,2026-08-19T13:39:41.956642+03:00,1465,Bakırköy İdo Açık Otoparkı,BAKIRKÖY,40.9739,28.8761,160,128,32,AÇIK OTOPARK,1,10,24 Saat
2026-08-19T10:39:41.956642+00:00,2026-08-19T13:39:41.956642+03:00,1104,Balmumcu Katlı Otoparkı,BEŞİKTAŞ,41.0636,29.0109,400,162,238,KAPALI OTOPARK,1,5,24 Saat
2026-08-19T10:39:41.956642+00:00,2026-08-19T13:39:41.956642+03:00,2796,Başakşehir Metro Açık Otoparkı,BAŞAKŞEHİR,41.107,28.801,125,1,124,AÇIK OTOPARK,1,0,07:00-16:00
2026-08-19T10:39:41.956642+00:00,2026-08-19T13:39:41.956642+03:00,2350,Bayrampaşa Adapark Katlı Otoparkı,BAYRAMPAŞA,41.0647,28.8875,650,0,650,KAPALI OTOPARK,1,15,24 Saat
2026-08-19T10:39:41.956642+00:00,2026-08-19T13:39:41.956642+03:00,2892,Bayrampaşa Altıntepsi Zemin  Altı Otoparkı,BAYRAMPAŞA,41.0393,28.9029,110,0,110,KAPALI OTOPARK,1,10,24 Saat
2026-08-19T10:39:41.956642+00:00,2026-08-19T13:39:41.956642+03:00,2909,Bayrampaşa Atatürk Parkı  Zemin Altı Otoparkı,BAYRAMPAŞA,41.0342,28.9123,442,0,442,KAPALI OTOPARK,1,10,24 Saat
2026-08-19T10:39:41.956642+00:00,2026-08-19T13:39:41.956642+03:00,2683,Bayrampaşa Devlet Hastanesi Cep Otoparkı,BAYRAMPAŞA,41.0414,28.9031,55,16,39,AÇIK OTOPARK,1,0,08:00-19:00
2026-08-19T10:39:41.956642+00:00,2026-08-19T13:39:41.956642+03:00,3301,Bayrampaşa Kocatepe Mahallesi Zemin Altı Otoparkı,BAYRAMPAŞA,41.0545,28.8964,241,0,241,KAPALI OTOPARK,1,10,24 Saat
2026-08-19T10:39:41.956642+00:00,2026-08-19T13:39:41.956642+03:00,2053,Bayrampaşa Muratpaşa Yer Altı Otoparkı,BAYRAMPAŞA,41.047,28.9082,300,25,275,KAPALI OTOPARK,1,15,24 Saat
2026-08-19T10:39:41.956642+00:00,2026-08-19T13:39:41.956642+03:00,3175,Bayrampaşa Spor Kompleksi Zemin Altı Otoparkı,BAYRAMPAŞA,41.0446,28.9106,205,0,205,KAPALI OTOPARK,1,15,24 Saat
2026-08-19T10:39:41.956642+00:00,2026-08-19T13:39:41.956642+03:00,3382,Bayrampaşa Şehit Kamil Balkan Zemin Altı Otoparkı,BAYRAMPAŞA,41.0604,28.9008,235,0,235,KAPALI OTOPARK,1,10,24 Saat
2026-08-19T10:39:41.956642+00:00,2026-08-19T13:39:41.956642+03:00,2428,Bayrampaşa Yenidoğan Mahallesi Zemin Altı Otoparkı,BAYRAMPAŞA,41.0395,28.9088,120,0,120,KAPALI OTOPARK,1,10,24 Saat
2026-08-19T10:39:41.956642+00:00,2026-08-19T13:39:41.956642+03:00,2468,Bebek Açık,BEŞİKTAŞ,41.077,29.0434,30,0,30,AÇIK OTOPARK,1,0,24 Saat
2026-08-19T10:39:41.956642+00:00,2026-08-19T13:39:41.956642+03:00,3479,Beşiktaş Halk Pazarı Açık Otoparkı,BEŞİKTAŞ,41.0496,29.0004,170,78,92,AÇIK OTOPARK,1,5,24 Saat
2026-08-19T10:39:41.956642+00:00,2026-08-19T13:39:41.956642+03:00,3257,Beykoz Sahil Cep Otoparkı,BEYKOZ,41.1286,29.0953,100,75,25,AÇIK OTOPARK,1,0,08:00-00:00
2026-08-19T10:39:41.956642+00:00,2026-08-19T13:39:41.956642+03:00,2273,Beykoz Sosyal Tesisleri,BEYKOZ,41.1143,29.0888,130,2,128,AÇIK OTOPARK,1,15,08:00-00:00
2026-08-19T10:39:41.956642+00:00,2026-08-19T13:39:41.956642+03:00,2999,Beyoğlu Gazhane Bostan Sokak 2,BEYOĞLU,41.0389,28.9903,35,1,34,YOL ÜSTÜ,1,0,07:30-16:30
2026-08-19T10:39:41.956642+00:00,2026-08-19T13:39:41.956642+03:00,3072,Beyoğlu Örnektepe Zemin Altı Otoparkı,BEYOĞLU,41.0543,28.9548,143,0,143,KAPALI OTOPARK,1,0,24 Saat
2026-08-19T10:39:41.956642+00:00,2026-08-19T13:39:41.956642+03:00,1455,Bostancı Açık,KADIKÖY,40.9523,29.0902,394,52,342,AÇIK OTOPARK,1,15,24 Saat
2026-08-19T10:39:41.956642+00:00,2026-08-19T13:39:41.956642+03:00,1456,Bostancı Sahil-Cep Açık Otoparkı,KADIKÖY,40.9545,29.0885,192,112,80,AÇIK OTOPARK,1,15,24 Saat
2026-08-19T10:39:41.956642+00:00,2026-08-19T13:39:41.956642+03:00,2150,Bostancı Vergi Dairesi Açık Otoparkı,ATAŞEHİR,40.9625,29.1083,155,0,155,AÇIK OTOPARK,1,5,08:00-20:00
2026-08-19T10:39:41.956642+00:00,2026-08-19T13:39:41.956642+03:00,2854,Bülent Ecevit Kültür Merkezi Açık Otoparkı,KARTAL,40.8852,29.1967,277,266,11,AÇIK OTOPARK,1,0,10:00-21:00
2026-08-19T10:39:41.956642+00:00,2026-08-19T13:39:41.956642+03:00,2866,Büyük İstanbul Otogarı,BAYRAMPAŞA,41.0402,28.8942,1000,0,1000,AÇIK OTOPARK,1,25,24 Saat
2026-08-19T10:39:41.956642+00:00,2026-08-19T13:39:41.956642+03:00,1192,Büyükçamlıca Korusu Sosyal Tesisleri Önü,ÜSKÜDAR,41.0264,29.0698,204,111,93,AÇIK OTOPARK,1,0,08:00-00:00
2026-08-19T10:39:41.956642+00:00,2026-08-19T13:39:41.956642+03:00,2960,Büyükçekmece Metrobüs Durağı Yanı PD Zemin Altı Otopark,BÜYÜKÇEKMECE,41.0221,28.624,448,277,171,KAPALI OTOPARK,1,0,24 Saat
2026-08-19T10:39:41.956642+00:00,2026-08-19T13:39:41.956642+03:00,1503,Cadde Bostan Açık Otoparkı,KADIKÖY,40.9636,29.0675,66,17,49,AÇIK OTOPARK,1,15,24 Saat
2026-08-19T10:39:41.956642+00:00,2026-08-19T13:39:41.956642+03:00,2933,Cemal Kamacı Spor Kompleksi Zemin Altı Otoparkı,KAĞITHANE,41.0536,28.9575,510,0,510,KAPALI OTOPARK,1,0,24 Saat
2026-08-19T10:39:41.956642+00:00,2026-08-19T13:39:41.956642+03:00,2207,Cengiz Topel Yer Altı Katlı Otoparkı,ESENLER,41.0588,28.8643,144,0,144,KAPALI OTOPARK,1,15,24 Saat
2026-08-19T10:39:41.956642+00:00,2026-08-19T13:39:41.956642+03:00,2787,Cevizli Açık Otoparkı,KARTAL,40.9179,29.1712,100,36,64,AÇIK OTOPARK,1,15,08:00-19:00
2026-08-19T10:39:41.956642+00:00,2026-08-19T13:39:41.956642+03:00,782,Cihangir Caddesi 2,BEYOĞLU,41.0319,28.9862,70,1,69,YOL ÜSTÜ,1,15,09:00-19:00
2026-08-19T10:39:41.956642+00:00,2026-08-19T13:39:41.956642+03:00,1467,Cihangir Katlı Otoparkı,BEYOĞLU,41.0318,28.9858,350,0,350,KAPALI OTOPARK,1,0,24 Saat
2026-08-19T10:39:41.956642+00:00,2026-08-19T13:39:41.956642+03:00,535,Cihannuma Yol Üstü 1,BEŞİKTAŞ,41.0454,29.0084,35,1,34,YOL ÜSTÜ,1,0,08:00-23:00
2026-08-19T10:39:41.956642+00:00,2026-08-19T13:39:41.956642+03:00,537,Cihannuma Yol Üstü 3,BEŞİKTAŞ,41.0459,29.0087,33,1,32,YOL ÜSTÜ,1,0,08:00-23:00
2026-08-19T10:39:41.956642+00:00,2026-08-19T13:39:41.956642+03:00,539,Cihannuma Yol Üstü 5,BEŞİKTAŞ,41.0489,29.0094,24,1,23,YOL ÜSTÜ,1,0,08:00-23:00
2026-08-19T10:39:41.956642+00:00,2026-08-19T13:39:41.956642+03:00,3184,Çam Sokak 6,GÜNGÖREN,41.0121,28.8882,50,1,49,YOL ÜSTÜ,1,15,08:00-17:00
2026-08-19T10:39:41.956642+00:00,2026-08-19T13:39:41.956642+03:00,3030,Çekmeköy Metro PD Zemin Altı Otoparkı,ÇEKMEKÖY,41.0147,29.1886,175,50,125,KAPALI OTOPARK,1,15,24 Saat
2026-08-19T10:39:41.956642+00:00,2026-08-19T13:39:41.956642+03:00,2905,Çeliktepe Açık Otoparkı,KAĞITHANE,41.0843,29.0056,200,91,109,AÇIK OTOPARK,1,5,24 Saat
2026-08-19T10:39:41.956642+00:00,2026-08-19T13:39:41.956642+03:00,1298,Çengelköy Açık Otoparkı,ÜSKÜDAR,41.0484,29.0533,500,229,271,AÇIK OTOPARK,1,15,24 Saat
2026-08-19T10:39:41.956642+00:00,2026-08-19T13:39:41.956642+03:00,502,Çınar Açık Otoparkı,BEŞİKTAŞ,41.0853,29.0088,65,1,64,AÇIK OTOPARK,1,0,08:00-18:00
2026-08-19T10:39:41.956642+00:00,2026-08-19T13:39:41.956642+03:00,777,Çırağan Sarayı Yol Üstü 1,BEŞİKTAŞ,41.0448,29.0165,40,1,39,YOL ÜSTÜ,1,15,08:00-23:00
2026-08-19T10:39:41.956642+00:00,2026-08-19T13:39:41.956642+03:00,778,Çırağan Sarayı Yol Üstü 2,BEŞİKTAŞ,41.0445,29.0156,40,1,39,YOL ÜSTÜ,1,15,08:00-23:00
2026-08-19T10:39:41.956642+00:00,2026-08-19T13:39:41.956642+03:00,2228,Çırpıcı Sosyal Tesisler,ZEYTİNBURNU,41,28.8926,128,0,128,AÇIK OTOPARK,1,15,07:00-00:00
2026-08-19T10:39:41.956642+00:00,2026-08-19T13:39:41.956642+03:00,1508,Çiroz Yeşilköy Halk Pazarı,BAKIRKÖY,40.9628,28.8129,471,411,60,AÇIK OTOPARK,1,0,08:00-18:00
2026-08-19T10:39:41.956642+00:00,2026-08-19T13:39:41.956642+03:00,2030,Dalyan Açık Otoparkı,KADIKÖY,40.9632,29.0651,92,4,88,AÇIK OTOPARK,1,15,24 Saat
2026-08-19T10:39:41.956642+00:00,2026-08-19T13:39:41.956642+03:00,2271,Damla Sokak 1,ŞİŞLİ,41.0672,29.0004,17,1,16,YOL ÜSTÜ,1,15,07:30-16:30
2026-08-19T10:39:41.956642+00:00,2026-08-19T13:39:41.956642+03:00,2164,Darüşşafaka Yeraltı Otoparkı,SARIYER,41.1292,29.0252,150,113,37,KAPALI OTOPARK,1,15,08:00-00:00
2026-08-19T10:39:41.956642+00:00,2026-08-19T13:39:41.956642+03:00,1653,Deniz Feneri Otoparkı,FATİH,41.0019,28.9773,175,81,94,AÇIK OTOPARK,1,5,24 Saat
2026-08-19T10:39:41.956642+00:00,2026-08-19T13:39:41.956642+03:00,595,Dostluk Yurdu 1,FATİH,41.0071,28.973,33,33,0,YOL ÜSTÜ,1,15,07:00-17:00
2026-08-19T10:39:41.956642+00:00,2026-08-19T13:39:41.956642+03:00,2237,Dragos Sosyal Tesisleri,KARTAL,40.9017,29.1458,100,32,68,AÇIK OTOPARK,1,15,24 Saat
2026-08-19T10:39:41.956642+00:00,2026-08-19T13:39:41.956642+03:00,3063,Dudullu Metro PD Zemin Altı Otoparkı,ÜMRANİYE,41.0156,29.1633,81,52,29,KAPALI OTOPARK,1,15,07:00-23:30
2026-08-19T10:39:41.956642+00:00,2026-08-19T13:39:41.956642+03:00,1522,Ebu Suut Caddesi 1,FATİH,41.0128,28.9766,35,1,34,YOL ÜSTÜ,1,0,08:00-18:00
2026-08-19T10:39:41.956642+00:00,2026-08-19T13:39:41.956642+03:00,2147,EGS Blokları Açık Otoparkı,BAKIRKÖY,40.9863,28.8354,350,0,350,AÇIK OTOPARK,1,60,09:00-19:30
2026-08-19T10:39:41.956642+00:00,2026-08-19T13:39:41.956642+03:00,2366,Esenler Adem Baştürk Kültür Merkezi Katlı,ESENLER,41.039,28.8846,460,63,397,KAPALI OTOPARK,1,15,24 Saat
2026-08-19T10:39:41.956642+00:00,2026-08-19T13:39:41.956642+03:00,3190,Esenler Havaalanı Mahallesi Zemin Altı Otoparkı,ESENLER,41.0562,28.8674,610,374,236,KAPALI OTOPARK,1,10,24 Saat
2026-08-19T10:39:41.956642+00:00,2026-08-19T13:39:41.956642+03:00,3011,Esenler Menderes Metro İstasyonu Yanı,ESENLER,41.0427,28.8783,68,12,56,AÇIK OTOPARK,1,5,24 Saat
2026-08-19T10:39:41.956642+00:00,2026-08-19T13:39:41.956642+03:00,2822,Esenler Menderes Parkı Zemin Altı Otoparkı,ESENLER,41.0412,28.8729,325,76,249,KAPALI OTOPARK,1,10,24 Saat
2026-08-19T10:39:41.956642+00:00,2026-08-19T13:39:41.956642+03:00,3303,Esenyurt Adile Naşit Bulvarı Zeminaltı Otoparkı,ESENYURT,41.0205,28.6859,367,282,85,KAPALI OTOPARK,1,15,24 Saat
2026-08-19T10:39:41.956642+00:00,2026-08-19T13:39:41.956642+03:00,1328,Eski Salı Pazarı,KADIKÖY,40.9904,29.0338,760,0,760,AÇIK OTOPARK,1,15,24 Saat
2026-08-19T10:39:41.956642+00:00,2026-08-19T13:39:41.956642+03:00,904,Eyüp Pierloti Caddesi 1,EYÜP,41.0539,28.9329,40,1,39,YOL ÜSTÜ,1,0,09:00-22:00
2026-08-19T10:39:41.956642+00:00,2026-08-19T13:39:41.956642+03:00,2850,Eyüpsultan Akşemsettin Mahallesi Zemin Altı Otoparkı,EYÜP,41.085,28.9258,110,0,110,KAPALI OTOPARK,1,15,24 Saat
2026-08-19T10:39:41.956642+00:00,2026-08-19T13:39:41.956642+03:00,2215,Fatih Çeşmesi Tabiat Parkı Otoparkı,SARIYER,41.1686,28.9448,250,243,7,AÇIK OTOPARK,1,0,06:00-20:00
2026-08-19T10:39:41.956642+00:00,2026-08-19T13:39:41.956642+03:00,1475,Fatih Katlı Otoparkı,FATİH,41.0198,28.9396,118,0,118,KAPALI OTOPARK,1,10,24 Saat
2026-08-19T10:39:41.956642+00:00,2026-08-19T13:39:41.956642+03:00,1591,Feshane PD Açık Otoparkı,EYÜP,41.0463,28.9378,200,41,159,AÇIK OTOPARK,1,15,24 Saat
2026-08-19T10:39:41.956642+00:00,2026-08-19T13:39:41.956642+03:00,1005,Florya Havuzlu Bahçe,BAKIRKÖY,40.9764,28.7908,135,1,134,AÇIK OTOPARK,1,0,09:00-23:00
2026-08-19T10:39:41.956642+00:00,2026-08-19T13:39:41.956642+03:00,2238,Florya Sosyal Tesisleri,BAKIRKÖY,40.9614,28.8091,1074,806,268,AÇIK OTOPARK,1,15,24 Saat
2026-08-19T10:39:41.956642+00:00,2026-08-19T13:39:41.956642+03:00,1704,Gazi Umur Paşa Sokak 5,BEŞİKTAŞ,41.0589,29.0114,45,1,44,YOL ÜSTÜ,1,15,08:00-17:00
2026-08-19T10:39:41.956642+00:00,2026-08-19T13:39:41.956642+03:00,3296,Gaziosmanpaşa Meydanı ve Yaşam Merkezi Zemin Altı Otoparkı,GAZİOSMANPAŞA,41.0606,28.9093,202,0,202,KAPALI OTOPARK,1,15,24 Saat
2026-08-19T10:39:41.956642+00:00,2026-08-19T13:39:41.956642+03:00,2971,Gaziosmanpaşa Zemin Altı Otoparkı,GAZİOSMANPAŞA,41.0796,28.8858,285,0,285,KAPALI OTOPARK,1,0,24 Saat
2026-08-19T10:39:41.956642+00:00,2026-08-19T13:39:41.956642+03:00,3401,Giyimkent Tekstilkent Metro Zemin Altı PD Otoparkı,ESENLER,41.0711,28.8666,203,161,42,KAPALI OTOPARK,1,10,24 Saat
2026-08-19T10:39:41.956642+00:00,2026-08-19T13:39:41.956642+03:00,2242,Gözdağı Sosyal Tesisler  Açık Otoparkı,PENDİK,40.893,29.2538,300,216,84,AÇIK OTOPARK,1,0,07:00-23:00
2026-08-19T10:39:41.956642+00:00,2026-08-19T13:39:41.956642+03:00,1879,Gülsuyu Metro PD Yer Altı Otoparkı,MALTEPE,40.9237,29.1548,76,0,76,KAPALI OTOPARK,1,15,08:00-00:00
2026-08-19T10:39:41.956642+00:00,2026-08-19T13:39:41.956642+03:00,1423,Güneş Plajı 1,BAKIRKÖY,40.9712,28.79,250,132,118,AÇIK OTOPARK,1,10,24 Saat
2026-08-19T10:39:41.956642+00:00,2026-08-19T13:39:41.956642+03:00,1461,Güneş Plajı 2,BAKIRKÖY,40.9692,28.7951,135,95,40,AÇIK OTOPARK,1,10,08:00-20:00
2026-08-19T10:39:41.956642+00:00,2026-08-19T13:39:41.956642+03:00,3053,Güngören Nikah Dairesi Zemin Altı otoparkı,GÜNGÖREN,41.0363,28.8718,147,0,147,KAPALI OTOPARK,1,10,24 Saat
2026-08-19T10:39:41.956642+00:00,2026-08-19T13:39:41.956642+03:00,2216,Gürpınar Balık Hali Otoparkı,BEYLİKDÜZÜ,40.9663,28.6019,1000,716,284,AÇIK OTOPARK,1,15,24 Saat
2026-08-19T10:39:41.956642+00:00,2026-08-19T13:39:41.956642+03:00,1525,Hacıosman Metro Yer Altı Otoparkı,SARIYER,41.14,29.0306,422,28,394,KAPALI OTOPARK,1,15,24 Saat
2026-08-19T10:39:41.956642+00:00,2026-08-19T13:39:41.956642+03:00,1470,Haldun Alagaş Katlı Otoparkı,ÜMRANİYE,41.0262,29.1052,197,33,164,KAPALI OTOPARK,1,15,24 Saat
2026-08-19T10:39:41.956642+00:00,2026-08-19T13:39:41.956642+03:00,3235,Haliç Sosyal Tesisleri Otoparkı,FATİH,41.0277,28.9572,60,23,37,AÇIK OTOPARK,1,15,07:00-00:00
2026-08-19T10:39:41.956642+00:00,2026-08-19T13:39:41.956642+03:00,2848,Halkalı Mahallesi Zemin Altı Otoparkı,KÜÇÜKÇEKMECE,41.0359,28.7848,347,184,163,KAPALI OTOPARK,1,15,24 Saat
2026-08-19T10:39:41.956642+00:00,2026-08-19T13:39:41.956642+03:00,2838,Hamidiye Mahallesi Katlı Otoparkı,KAĞITHANE,41.0949,28.971,450,209,241,KAPALI OTOPARK,1,15,24 Saat
2026-08-19T10:39:41.956642+00:00,2026-08-19T13:39:41.956642+03:00,1446,Harbiye Zemin Altı Otoparkı,BEYOĞLU,41.0408,28.9869,142,0,142,KAPALI OTOPARK,1,5,24 Saat
2026-08-19T10:39:41.956642+00:00,2026-08-19T13:39:41.956642+03:00,2332,Haydarpaşa Katlı Otoparkı,ÜSKÜDAR,41.0048,29.0251,840,453,387,KAPALI OTOPARK,1,15,24 Saat
2026-08-19T10:39:41.956642+00:00,2026-08-19T13:39:41.956642+03:00,1987,Haznedar Yer Altı Otoparkı,GÜNGÖREN,41.0083,28.8729,540,0,540,KAPALI OTOPARK,1,0,24 Saat
2026-08-19T10:39:41.956642+00:00,2026-08-19T13:39:41.956642+03:00,377,Hızır Külhani Sokak,FATİH,41.0202,28.9605,32,1,31,YOL ÜSTÜ,1,15,09:00-17:00
2026-08-19T10:39:41.956642+00:00,2026-08-19T13:39:41.956642+03:00,3173,Hürriyet Mahallesi Zeminaltı Otoparkı,GAZİOSMANPAŞA,41.0708,28.8951,190,0,190,KAPALI OTOPARK,1,15,24 Saat
2026-08-19T10:39:41.956642+00:00,2026-08-19T13:39:41.956642+03:00,157,Ihlamur Dere Caddesi 4,BEŞİKTAŞ,41.047,29.0023,27,1,26,YOL ÜSTÜ,1,15,09:00-17:00
2026-08-19T10:39:41.956642+00:00,2026-08-19T13:39:41.956642+03:00,1189,İçerenköy Sebze Meyve Hali Otoparkı,ATAŞEHİR,40.9766,29.1044,600,600,0,AÇIK OTOPARK,1,15,24 Saat
2026-08-19T10:39:41.956642+00:00,2026-08-19T13:39:41.956642+03:00,1127,İshakpaşa Caddesi,FATİH,41.0079,28.9814,200,1,199,YOL ÜSTÜ,1,0,08:00-18:00
2026-08-19T10:39:41.956642+00:00,2026-08-19T13:39:41.956642+03:00,3265,İspark İstanbul West Marina Açık Otoparkı 1,BEYLİKDÜZÜ,40.9636,28.6564,250,1,249,AÇIK OTOPARK,1,15,24 Saat
2026-08-19T10:39:41.956642+00:00,2026-08-19T13:39:41.956642+03:00,2793,İspark Merter Katlı Otoparkı,GÜNGÖREN,41.0097,28.89,900,249,651,KAPALI OTOPARK,1,10,24 Saat
2026-08-19T10:39:41.956642+00:00,2026-08-19T13:39:41.956642+03:00,2430,İspark West İstanbul Marina Açık Otoparkı,BEYLİKDÜZÜ,40.9639,28.6591,1600,953,647,AÇIK OTOPARK,1,15,24 Saat
2026-08-19T10:39:41.956642+00:00,2026-08-19T13:39:41.956642+03:00,381,İstinye 4 ( Cami Önü ),SARIYER,41.1149,29.0571,25,1,24,YOL ÜSTÜ,1,15,08:30-17:30
2026-08-19T10:39:41.956642+00:00,2026-08-19T13:39:41.956642+03:00,1804,İtalyan Hastanesi Karşısı Açık Otoparkı 1,BEYOĞLU,41.028,28.9815,30,1,29,AÇIK OTOPARK,1,0,08:00-19:00
2026-08-19T10:39:41.956642+00:00,2026-08-19T13:39:41.956642+03:00,507,Kabasakal Medrese Önü,FATİH,41.0062,28.9789,65,1,64,AÇIK OTOPARK,1,0,08:00-18:30
2026-08-19T10:39:41.956642+00:00,2026-08-19T13:39:41.956642+03:00,3306,Kabataş Transfer Merkezi Turizm Otobüs Otoparkı,BEYOĞLU,41.0336,28.9923,160,0,160,KAPALI OTOPARK,1,20,24 Saat
2026-08-19T10:39:41.956642+00:00,2026-08-19T13:39:41.956642+03:00,2918,Kadıköy Hasanpaşa Gazhane Katlı Otoparkı,KADIKÖY,40.9972,29.0428,310,189,121,KAPALI OTOPARK,1,15,24 Saat
2026-08-19T10:39:41.956642+00:00,2026-08-19T13:39:41.956642+03:00,1447,Kadıköy İski Açık Otoparkı,KADIKÖY,40.9874,29.0207,124,4,120,AÇIK OTOPARK,1,15,24 Saat
2026-08-19T10:39:41.956642+00:00,2026-08-19T13:39:41.956642+03:00,1655,Kadıköy Metro Açık Otoparkı,KADIKÖY,40.9899,29.0217,74,0,74,AÇIK OTOPARK,1,15,24 Saat
2026-08-19T10:39:41.956642+00:00,2026-08-19T13:39:41.956642+03:00,3445,Kadıköy Uzunçayır PD Açık Otoparkı,KADIKÖY,40.9982,29.0569,70,40,30,AÇIK OTOPARK,1,15,06:30-16:30
2026-08-19T10:39:41.956642+00:00,2026-08-19T13:39:41.956642+03:00,2808,Kadıköy Yeni Salı Pazarı PD Katlı Otoparkı,KADIKÖY,40.9969,29.0486,1350,676,674,KAPALI OTOPARK,1,15,24 Saat
2026-08-19T10:39:41.956642+00:00,2026-08-19T13:39:41.956642+03:00,2811,Kağıthane Harmantepe Zemin Altı Otoparkı,KAĞITHANE,41.0816,28.9907,200,0,200,KAPALI OTOPARK,1,0,24 Saat
2026-08-19T10:39:41.956642+00:00,2026-08-19T13:39:41.956642+03:00,1452,Kalamış Açık Otoparkı,KADIKÖY,40.9687,29.0363,173,118,55,AÇIK OTOPARK,1,15,24 Saat
2026-08-19T10:39:41.956642+00:00,2026-08-19T13:39:41.956642+03:00,1474,Kartal Hasan Doğan Spor Kompleksi,KARTAL,40.8918,29.1897,773,0,773,KAPALI OTOPARK,1,15,24 Saat
2026-08-19T10:39:41.956642+00:00,2026-08-19T13:39:41.956642+03:00,1105,Kartal İdo Açık Otoparkı,KARTAL,40.8874,29.1881,90,0,90,AÇIK OTOPARK,1,15,24 Saat
2026-08-19T10:39:41.956642+00:00,2026-08-19T13:39:41.956642+03:00,1550,Kartal Sahil Açık Otoparkı,KARTAL,40.8875,29.1901,75,0,75,AÇIK OTOPARK,1,5,24 Saat
2026-08-19T10:39:41.956642+00:00,2026-08-19T13:39:41.956642+03:00,3434,Kasımpaşa Sosyal Tesisler Otoparkı,BEYOĞLU,41.0296,28.9673,60,37,23,AÇIK OTOPARK,1,0,07:30-23:00
2026-08-19T10:39:41.956642+00:00,2026-08-19T13:39:41.956642+03:00,1960,Kazlıçeşme Marmaray Açık Otoparkı,ZEYTİNBURNU,40.9922,28.917,700,496,204,AÇIK OTOPARK,1,15,24 Saat
2026-08-19T10:39:41.956642+00:00,2026-08-19T13:39:41.956642+03:00,2994,Kirazlı Metro Durağı PD Açık Otoparkı,BAĞCILAR,41.033,28.8429,112,0,112,AÇIK OTOPARK,1,5,24 Saat
2026-08-19T10:39:41.956642+00:00,2026-08-19T13:39:41.956642+03:00,1528,Kore Şehitleri Caddesi - Yüzbaşı Kaya Aldağon Sokak 1,ŞİŞLİ,41.0719,29.0139,40,1,39,YOL ÜSTÜ,1,15,07:00-16:00
2026-08-19T10:39:41.956642+00:00,2026-08-19T13:39:41.956642+03:00,2449,Kozyatağı Sebze-Meyve Hali,ATAŞEHİR,40.9787,29.1029,1500,1500,0,AÇIK OTOPARK,1,0,24 Saat
2026-08-19T10:39:41.956642+00:00,2026-08-19T13:39:41.956642+03:00,1206,Kutlugün Sokak 2,FATİH,41.0061,28.9801,200,1,199,YOL ÜSTÜ,1,0,08:00-18:00
2026-08-19T10:39:41.956642+00:00,2026-08-19T13:39:41.956642+03:00,3074,Küçük Çamlıca,ÜSKÜDAR,41.0204,29.0653,129,106,23,AÇIK OTOPARK,1,0,08:00-22:00
2026-08-19T10:39:41.956642+00:00,2026-08-19T13:39:41.956642+03:00,3127,Küçükçekmece Cennet Mahallesi Meydan Zemin Altı Otoparkı,KÜÇÜKÇEKMECE,40.9907,28.783,456,0,456,KAPALI OTOPARK,1,10,24 Saat
2026-08-19T10:39:41.956642+00:00,2026-08-19T13:39:41.956642+03:00,2554,Küçükçekmece Fevzi Çakmak Meydanı Zemin Altı Otoparkı,KÜÇÜKÇEKMECE,41.0076,28.7927,1000,521,479,KAPALI OTOPARK,1,10,24 Saat
2026-08-19T10:39:41.956642+00:00,2026-08-19T13:39:41.956642+03:00,2882,Küçüksu Kasrı Açık Otoparkı,BEYKOZ,41.0789,29.0657,98,92,6,AÇIK OTOPARK,1,0,07:00-23:00
2026-08-19T10:39:41.956642+00:00,2026-08-19T13:39:41.956642+03:00,220,Levent Hamidiye,BEŞİKTAŞ,41.0861,29.0076,100,1,99,AÇIK OTOPARK,1,0,08:00-19:00
2026-08-19T10:39:41.956642+00:00,2026-08-19T13:39:41.956642+03:00,1138,Levent Metro Yer Altı Otoparkı,BEŞİKTAŞ,41.0811,29.0105,100,100,0,AÇIK OTOPARK,1,5,07:30-19:30
2026-08-19T10:39:41.956642+00:00,2026-08-19T13:39:41.956642+03:00,2335,Maçka Açık Otoparkı,ŞİŞLİ,41.046,28.9908,75,70,5,AÇIK OTOPARK,1,0,24 Saat
2026-08-19T10:39:41.956642+00:00,2026-08-19T13:39:41.956642+03:00,1859,Maçka Katlı Otoparkı,ŞİŞLİ,41.0484,28.9903,508,0,508,KAPALI OTOPARK,1,0,24 Saat
2026-08-19T10:39:41.956642+00:00,2026-08-19T13:39:41.956642+03:00,3193,Maltepe Rıhtım Caddesi Açık Otoparkı,MALTEPE,40.9258,29.1241,76,55,21,AÇIK OTOPARK,1,0,24 Saat
2026-08-19T10:39:41.956642+00:00,2026-08-19T13:39:41.956642+03:00,2146,Maltepe Süreyyapaşa Çarşısı Açık Otoparkı,MALTEPE,40.9274,29.1225,156,111,45,AÇIK OTOPARK,1,0,24 Saat
2026-08-19T10:39:41.956642+00:00,2026-08-19T13:39:41.956642+03:00,1599,Maslak Açık Otoparkı,SARIYER,41.1166,29.024,150,51,99,AÇIK OTOPARK,1,10,24 Saat
2026-08-19T10:39:41.956642+00:00,2026-08-19T13:39:41.956642+03:00,2100,Matbaacılar Sitesi Yanı,ZEYTİNBURNU,41.0234,28.9187,250,122,128,AÇIK OTOPARK,1,5,24 Saat
2026-08-19T10:39:41.956642+00:00,2026-08-19T13:39:41.956642+03:00,920,Meclis-i Mebusan Yokuşu 2,BEYOĞLU,41.0326,28.9882,34,1,33,YOL ÜSTÜ,1,15,09:00-17:00
2026-08-19T10:39:41.956642+00:00,2026-08-19T13:39:41.956642+03:00,1546,Menekşe Plajı Açık Otoparkı,BAKIRKÖY,40.9761,28.7766,200,200,0,AÇIK OTOPARK,1,0,24 Saat
2026-08-19T10:39:41.956642+00:00,2026-08-19T13:39:41.956642+03:00,1376,Mercan Açık,FATİH,41.0136,28.9669,130,18,112,AÇIK OTOPARK,1,0,08:00-23:00
2026-08-19T10:39:41.956642+00:00,2026-08-19T13:39:41.956642+03:00,3309,Mercan Ali Paşa Sarayı Zemin Altı Otoparkı,FATİH,41.0136,28.967,196,1,195,KAPALI OTOPARK,1,0,07:00-21:00
2026-08-19T10:39:41.956642+00:00,2026-08-19T13:39:41.956642+03:00,1472,Merter Katlı Otoparkı,GÜNGÖREN,41.0092,28.8874,1000,848,152,KAPALI OTOPARK,1,10,24 Saat
2026-08-19T10:39:41.956642+00:00,2026-08-19T13:39:41.956642+03:00,2375,Merter Metro PD Zeminaltı Otoparkı,GÜNGÖREN,41.0037,28.8897,242,74,168,KAPALI OTOPARK,1,10,24 Saat
2026-08-19T10:39:41.956642+00:00,2026-08-19T13:39:41.956642+03:00,1568,Mete Caddesi 1,BEYOĞLU,41.0382,28.9879,31,1,30,YOL ÜSTÜ,1,15,08:00-23:00
2026-08-19T10:39:41.956642+00:00,2026-08-19T13:39:41.956642+03:00,1471,Mevlana Yeraltı Katlı Otoparkı,ZEYTİNBURNU,41.0072,28.9049,1000,850,150,KAPALI OTOPARK,1,5,24 Saat
2026-08-19T10:39:41.956642+00:00,2026-08-19T13:39:41.956642+03:00,2709,Millet Caddesi Açık Otoparkı,FATİH,41.01,28.9461,60,1,59,AÇIK OTOPARK,1,15,24 Saat
2026-08-19T10:39:41.956642+00:00,2026-08-19T13:39:41.956642+03:00,3152,Mimar Sinan Zemin Altı Otoparkı,ÜSKÜDAR,41.0222,29.0169,956,149,807,KAPALI OTOPARK,1,15,24 Saat
2026-08-19T10:39:41.956642+00:00,2026-08-19T13:39:41.956642+03:00,2870,Miniatürk Çadır Açık Otoparkı,BEYOĞLU,41.0594,28.9501,250,140,110,AÇIK OTOPARK,1,15,07:00-20:00
2026-08-19T10:39:41.956642+00:00,2026-08-19T13:39:41.956642+03:00,2556,Muallim Naci Açık Otoparkı,BEŞİKTAŞ,41.0561,29.0342,35,24,11,AÇIK OTOPARK,1,15,24 Saat
2026-08-19T10:39:41.956642+00:00,2026-08-19T13:39:41.956642+03:00,569,Oda Kule Önü 1,BEYOĞLU,41.0322,28.9751,24,1,23,YOL ÜSTÜ,1,0,07:00-01:00
2026-08-19T10:39:41.956642+00:00,2026-08-19T13:39:41.956642+03:00,1988,Orhangazi Şehir Parkı PD Açık Otoparkı,MALTEPE,40.9313,29.1161,5022,4448,574,AÇIK OTOPARK,1,15,24 Saat
2026-08-19T10:39:41.956642+00:00,2026-08-19T13:39:41.956642+03:00,152,Ortabahçe Caddesi 2,BEŞİKTAŞ,41.0428,29.0043,35,1,34,YOL ÜSTÜ,1,15,08:00-23:00
2026-08-19T10:39:41.956642+00:00,2026-08-19T13:39:41.956642+03:00,153,Ortabahçe Caddesi 3,BEŞİKTAŞ,41.043,29.0042,26,1,25,YOL ÜSTÜ,1,15,08:00-23:00
2026-08-19T10:39:41.956642+00:00,2026-08-19T13:39:41.956642+03:00,119,Ortaklar Caddesi 1,ŞİŞLİ,41.0638,28.9971,25,1,24,YOL ÜSTÜ,1,15,08:30-17:00
2026-08-19T10:39:41.956642+00:00,2026-08-19T13:39:41.956642+03:00,1343,Ortaköy Açık Otoparkı,BEŞİKTAŞ,41.0504,29.0326,170,144,26,AÇIK OTOPARK,1,0,24 Saat
2026-08-19T10:39:41.956642+00:00,2026-08-19T13:39:41.956642+03:00,572,Ortaköy Portakal Yokuşu 1,BEŞİKTAŞ,41.0503,29.0261,15,1,14,YOL ÜSTÜ,1,15,09:00-19:00
2026-08-19T10:39:41.956642+00:00,2026-08-19T13:39:41.956642+03:00,1039,Öğretmen Evi,AVCILAR,40.9723,28.714,80,42,38,AÇIK OTOPARK,1,0,11:00-23:00
2026-08-19T10:39:41.956642+00:00,2026-08-19T13:39:41.956642+03:00,1466,Pendik Katlı Otoparkı,PENDİK,40.8789,29.2342,120,0,120,KAPALI OTOPARK,1,15,24 Saat
2026-08-19T10:39:41.956642+00:00,2026-08-19T13:39:41.956642+03:00,3073,Pendik Kemal Kalkuz Parkı Zemin Altı Otoparkı,PENDİK,40.8885,29.2427,224,0,224,KAPALI OTOPARK,1,0,09:00-18:00
2026-08-19T10:39:41.956642+00:00,2026-08-19T13:39:41.956642+03:00,3019,Pendik Meydan Zemin Altı Otoparkı,PENDİK,40.8752,29.2324,937,0,937,KAPALI OTOPARK,1,0,24 Saat
2026-08-19T10:39:41.956642+00:00,2026-08-19T13:39:41.956642+03:00,2865,Pendik Sahil Engelliler Merkez Önü,PENDİK,40.8735,29.233,100,66,34,AÇIK OTOPARK,1,0,11:00-20:00
2026-08-19T10:39:41.956642+00:00,2026-08-19T13:39:41.956642+03:00,2434,Pendik Sahil İdo,PENDİK,40.8755,29.2369,100,0,100,AÇIK OTOPARK,1,0,07:00-23:00
2026-08-19T10:39:41.956642+00:00,2026-08-19T13:39:41.956642+03:00,248,Pendik Yenimahalle Açık 2 Otoparkı,PENDİK,40.864,29.2723,124,94,30,AÇIK OTOPARK,1,15,10:00-22:00
2026-08-19T10:39:41.956642+00:00,2026-08-19T13:39:41.956642+03:00,297,Perşembe Pazarı 1,BEYOĞLU,41.0252,28.9693,32,1,31,YOL ÜSTÜ,1,15,08:00-17:00
2026-08-19T10:39:41.956642+00:00,2026-08-19T13:39:41.956642+03:00,597,Pierre Loti Caddesi 3,FATİH,41.0069,28.9711,36,1,35,YOL ÜSTÜ,1,0,07:00-17:00
2026-08-19T10:39:41.956642+00:00,2026-08-19T13:39:41.956642+03:00,3263,Piyalepaşa Meydanı Zemin Altı Otoparkı,BEYOĞLU,41.0445,28.9674,560,283,277,KAPALI OTOPARK,1,0,24 Saat
2026-08-19T10:39:41.956642+00:00,2026-08-19T13:39:41.956642+03:00,1900,Ragıp Gümüşpala Cad.(Sobacılar Önü),FATİH,41.0181,28.969,40,1,39,YOL ÜSTÜ,1,15,07:00-18:00
2026-08-19T10:39:41.956642+00:00,2026-08-19T13:39:41.956642+03:00,415,Ragıp Gümüşpala Camii Önü 1,FATİH,41.0211,28.9627,35,1,34,YOL ÜSTÜ,1,0,07:00-17:30
2026-08-19T10:39:41.956642+00:00,2026-08-19T13:39:41.956642+03:00,3268,Refik Saydam Caddesi 3,BEYOĞLU,41.032,28.9736,55,1,54,YOL ÜSTÜ,1,0,06:00-23:00
2026-08-19T10:39:41.956642+00:00,2026-08-19T13:39:41.956642+03:00,2307,Ressam Halim Sokak PD Açık Otoparkı,BAHÇELİEVLER,40.9967,28.8641,120,73,47,AÇIK OTOPARK,1,15,08:00-00:00
2026-08-19T10:39:41.956642+00:00,2026-08-19T13:39:41.956642+03:00,3082,Rumeli Hisarı Sahil Yolu Otoparkı,SARIYER,41.0854,29.0568,20,0,20,AÇIK OTOPARK,1,0,24 Saat
2026-08-19T10:39:41.956642+00:00,2026-08-19T13:39:41.956642+03:00,1595,Sabiha Gökçen Açık Otoparkı,PENDİK,40.925,29.308,1056,205,851,AÇIK OTOPARK,1,15,24 Saat
2026-08-19T10:39:41.956642+00:00,2026-08-19T13:39:41.956642+03:00,3239,Samatya Sahil Cep Otoparkı,FATİH,40.9954,28.932,113,110,3,AÇIK OTOPARK,1,15,24 Saat
2026-08-19T10:39:41.956642+00:00,2026-08-19T13:39:41.956642+03:00,3273,Sarıyer Büyükdere Fidanlığı,SARIYER,41.1548,29.0268,160,155,5,AÇIK OTOPARK,1,0,08:00-18:00
2026-08-19T10:39:41.956642+00:00,2026-08-19T13:39:41.956642+03:00,3299,Sariyer Ayazağa Mah Vadi İstanbul Önü Açık Otoparkı,SARIYER,41.1106,28.9881,100,96,4,AÇIK OTOPARK,1,0,08:00-20:00
2026-08-19T10:39:41.956642+00:00,2026-08-19T13:39:41.956642+03:00,1303,Seyrantepe Katlı (Arena Karşısı) 1,KAĞITHANE,41.101,28.9961,1897,1897,0,KAPALI OTOPARK,1,0,24 Saat
2026-08-19T10:39:41.956642+00:00,2026-08-19T13:39:41.956642+03:00,1628,Sıracevizler Caddesi Yol Üstü 5,ŞİŞLİ,41.0607,28.9841,45,1,44,YOL ÜSTÜ,1,15,09:00-17:00
2026-08-19T10:39:41.956642+00:00,2026-08-19T13:39:41.956642+03:00,464,Sirkeci Gar Önü,FATİH,41.015,28.9761,60,1,59,AÇIK OTOPARK,1,5,07:00-20:00
2026-08-19T10:39:41.956642+00:00,2026-08-19T13:39:41.956642+03:00,1486,Siyavuşpaşa Yer Altı Otoparkı,BAHÇELİEVLER,40.9965,28.8532,155,0,155,KAPALI OTOPARK,1,0,24 Saat
2026-08-19T10:39:41.956642+00:00,2026-08-19T13:39:41.956642+03:00,1958,Soğanlık Metro PD Açık Otoparkı,KARTAL,40.9131,29.1925,898,823,75,AÇIK OTOPARK,1,15,24 Saat
2026-08-19T10:39:41.956642+00:00,2026-08-19T13:39:41.956642+03:00,589,Su Terazisi Sokak,FATİH,41.0046,28.9727,22,1,21,YOL ÜSTÜ,1,0,07:30-17:00
2026-08-19T10:39:41.956642+00:00,2026-08-19T13:39:41.956642+03:00,1478,Suadiye Cep Açık Otoparkı,KADIKÖY,40.9586,29.0732,130,104,26,AÇIK OTOPARK,1,15,24 Saat
2026-08-19T10:39:41.956642+00:00,2026-08-19T13:39:41.956642+03:00,2948,Suadiye Sahil Açık Otoparkı,KADIKÖY,40.9562,29.0797,70,38,32,AÇIK OTOPARK,1,5,24 Saat
2026-08-19T10:39:41.956642+00:00,2026-08-19T13:39:41.956642+03:00,2799,Sultanbeyli Emir Caddesi Zemin Altı Otoparkı,SULTANBEYLİ,40.9707,29.2606,130,55,75,KAPALI OTOPARK,1,15,08:00-22:00
2026-08-19T10:39:41.956642+00:00,2026-08-19T13:39:41.956642+03:00,2372,Sultanbeyli Kent Meydanı Zemin Altı Otoparkı,SULTANBEYLİ,40.9667,29.2667,300,97,203,KAPALI OTOPARK,1,15,24 Saat
2026-08-19T10:39:41.956642+00:00,2026-08-19T13:39:41.956642+03:00,2410,Sultangazi Zemin Altı Otoparkı,SULTANGAZİ,41.0944,28.8649,104,0,104,KAPALI OTOPARK,1,10,24 Saat
2026-08-19T10:39:41.956642+00:00,2026-08-19T13:39:41.956642+03:00,2085,Süleyman Seba Caddesi 2,BEŞİKTAŞ,41.0426,28.9998,40,1,39,YOL ÜSTÜ,1,15,08:00-18:00
2026-08-19T10:39:41.956642+00:00,2026-08-19T13:39:41.956642+03:00,2088,Süleyman Seba Caddesi 5,BEŞİKTAŞ,41.0432,28.9978,40,1,39,YOL ÜSTÜ,1,15,08:00-18:00
2026-08-19T10:39:41.956642+00:00,2026-08-19T13:39:41.956642+03:00,2089,Süleyman Seba Caddesi 6,BEŞİKTAŞ,41.0435,28.9967,11,1,10,YOL ÜSTÜ,1,15,08:00-18:00
2026-08-19T10:39:41.956642+00:00,2026-08-19T13:39:41.956642+03:00,2391,Süleymaniye Cami Altı Açık Otoparkı,FATİH,41.0158,28.961,250,234,16,AÇIK OTOPARK,1,0,06:30-18:30
2026-08-19T10:39:41.956642+00:00,2026-08-19T13:39:41.956642+03:00,1730,Sütlüce Miniatürk Yanı,BEYOĞLU,41.057,28.95,320,215,105,AÇIK OTOPARK,1,15,24 Saat
2026-08-19T10:39:41.956642+00:00,2026-08-19T13:39:41.956642+03:00,36,Şakayık Sokak 4,ŞİŞLİ,41.0518,28.9936,50,1,49,YOL ÜSTÜ,1,15,08:00-16:00
2026-08-19T10:39:41.956642+00:00,2026-08-19T13:39:41.956642+03:00,1469,Şehit Volkan Duysak Katlı Otoparkı,ZEYTİNBURNU,40.9968,28.9039,1000,690,310,KAPALI OTOPARK,1,5,24 Saat
2026-08-19T10:39:41.956642+00:00,2026-08-19T13:39:41.956642+03:00,2385,Şehremini Açık Otoparkı 1,FATİH,41.0135,28.9333,60,1,59,AÇIK OTOPARK,1,0,08:30-20:30
2026-08-19T10:39:41.956642+00:00,2026-08-19T13:39:41.956642+03:00,2855,Şemsipaşa Açık Otoparkı,ÜSKÜDAR,41.0255,29.0097,80,33,47,AÇIK OTOPARK,1,0,24 Saat
2026-08-19T10:39:41.956642+00:00,2026-08-19T13:39:41.956642+03:00,2439,Şirinevler Meydan Zeminaltı Otoparkı,BAHÇELİEVLER,40.9925,28.8496,367,33,334,KAPALI OTOPARK,1,0,24 Saat
2026-08-19T10:39:41.956642+00:00,2026-08-19T13:39:41.956642+03:00,3400,Şişhane Refik Saydam Caddesi 2 Yol Üstü Otoparkı 1,BEYOĞLU,41.0326,28.9743,70,1,69,YOL ÜSTÜ,1,15,06:00-23:00
2026-08-19T10:39:41.956642+00:00,2026-08-19T13:39:41.956642+03:00,3441,Şişli Kuştepe Zemin Altı Otoparkı,ŞİŞLİ,41.072,28.9919,430,311,119,KAPALI OTOPARK,1,15,24 Saat
2026-08-19T10:39:41.956642+00:00,2026-08-19T13:39:41.956642+03:00,2816,Şişli Rumeli Caddesi Metro Yanı 1,ŞİŞLİ,41.0538,28.9868,45,1,44,YOL ÜSTÜ,1,15,08:00-20:00
2026-08-19T10:39:41.956642+00:00,2026-08-19T13:39:41.956642+03:00,2406,Şişli Zemin Altı Otoparkı,ŞİŞLİ,41.0641,28.9992,581,71,510,KAPALI OTOPARK,1,15,24 Saat
2026-08-19T10:39:41.956642+00:00,2026-08-19T13:39:41.956642+03:00,1993,Tuzla İdo,TUZLA,40.8149,29.3039,300,278,22,AÇIK OTOPARK,1,15,24 Saat
2026-08-19T10:39:41.956642+00:00,2026-08-19T13:39:41.956642+03:00,3332,Tuzla Sahil Cep,TUZLA,40.8168,29.2992,50,38,12,AÇIK OTOPARK,1,0,08:00-00:00
2026-08-19T10:39:41.956642+00:00,2026-08-19T13:39:41.956642+03:00,3057,Tuzla Sahil Zemin Altı Otoparkı,TUZLA,40.8181,29.3004,779,1,778,KAPALI OTOPARK,1,15,24 Saat
2026-08-19T10:39:41.956642+00:00,2026-08-19T13:39:41.956642+03:00,1811,Ulu Camii Açık Otoparkı,BAHÇELİEVLER,40.9982,28.8499,150,133,17,AÇIK OTOPARK,1,10,24 Saat
2026-08-19T10:39:41.956642+00:00,2026-08-19T13:39:41.956642+03:00,2424,Uzunçayır Açık Otoparkı,KADIKÖY,40.9988,29.0556,58,52,6,AÇIK OTOPARK,1,0,06:00-16:00
2026-08-19T10:39:41.956642+00:00,2026-08-19T13:39:41.956642+03:00,1468,Ümraniye Katlı Otoparkı,ÜMRANİYE,41.0261,29.0953,665,433,232,KAPALI OTOPARK,1,15,24 Saat
2026-08-19T10:39:41.956642+00:00,2026-08-19T13:39:41.956642+03:00,2898,Ümraniye Okan Sokak Zeminaltı Otoparkı,ÜMRANİYE,41.0284,29.0907,125,21,104,KAPALI OTOPARK,1,15,24 Saat
2026-08-19T10:39:41.956642+00:00,2026-08-19T13:39:41.956642+03:00,2345,Üsküdar Uzunçayır PD Açık Otoparkı,ÜSKÜDAR,40.9988,29.0577,90,49,41,AÇIK OTOPARK,1,15,06:00-22:00
2026-08-19T10:39:41.956642+00:00,2026-08-19T13:39:41.956642+03:00,1929,Üsküdar Ünalan Açık Otoparkı,ÜSKÜDAR,40.9979,29.0604,180,175,5,AÇIK OTOPARK,1,0,07:00-17:00
2026-08-19T10:39:41.956642+00:00,2026-08-19T13:39:41.956642+03:00,1487,Vatan Caddesi PD Açık Otoparkı,FATİH,41.0157,28.9405,397,169,228,AÇIK OTOPARK,1,5,24 Saat
2026-08-19T10:39:41.956642+00:00,2026-08-19T13:39:41.956642+03:00,2441,Yalı Açık Otoparkı,MALTEPE,40.9095,29.137,85,82,3,AÇIK OTOPARK,1,0,07:30-22:00
2026-08-19T10:39:41.956642+00:00,2026-08-19T13:39:41.956642+03:00,459,Yalı Köşkü Caddesi 1,FATİH,41.0163,28.9759,61,1,60,YOL ÜSTÜ,1,5,07:00-21:00
2026-08-19T10:39:41.956642+00:00,2026-08-19T13:39:41.956642+03:00,2037,Yenikapı Marmaray Büyük Otoparkı,FATİH,41.0057,28.9505,324,70,254,AÇIK OTOPARK,1,15,24 Saat
2026-08-19T10:39:41.956642+00:00,2026-08-19T13:39:41.956642+03:00,2036,Yenikapı Marmaray Küçük Otoparkı,FATİH,41.0064,28.9504,200,130,70,AÇIK OTOPARK,1,15,07:00-22:00
2026-08-19T10:39:41.956642+00:00,2026-08-19T13:39:41.956642+03:00,2175,Yenikapı Spor ve Kültür Merkezi PD Açık Otoparkı,FATİH,41.0006,28.9519,4023,3944,79,AÇIK OTOPARK,1,15,24 Saat
2026-08-19T10:39:41.956642+00:00,2026-08-19T13:39:41.956642+03:00,2805,Yenikapı Tünel Üstü Açık Otoparkı,FATİH,41.0029,28.9534,700,422,278,AÇIK OTOPARK,1,10,24 Saat
2026-08-19T10:39:41.956642+00:00,2026-08-19T13:39:41.956642+03:00,3404,Yenimahalle Metro Zemin Altı PD Otoparkı,GAZİOSMANPAŞA,41.0839,28.8926,114,99,15,KAPALI OTOPARK,1,15,24 Saat
2026-08-19T10:39:41.956642+00:00,2026-08-19T13:39:41.956642+03:00,2920,Yeşilce Zemin Altı Katlı Otoparkı,KAĞITHANE,41.0938,29.0017,676,0,676,KAPALI OTOPARK,1,0,24 Saat
2026-08-19T10:39:41.956642+00:00,2026-08-19T13:39:41.956642+03:00,987,Yeşilköy İstasyon Caddesi 1,BAKIRKÖY,40.962,28.825,40,1,39,YOL ÜSTÜ,1,15,09:00-17:30
2026-08-19T10:39:41.956642+00:00,2026-08-19T13:39:41.956642+03:00,974,Yeşilköy Marina 1,BAKIRKÖY,40.9576,28.8233,145,1,144,YOL ÜSTÜ,1,0,12:00-23:00
2026-08-19T10:39:41.956642+00:00,2026-08-19T13:39:41.956642+03:00,3406,Yeşilpınar Metro Zemin Altı PD Otoparkı,EYÜP,41.081,28.9204,269,201,68,KAPALI OTOPARK,1,15,24 Saat
2026-08-19T10:39:41.956642+00:00,2026-08-19T13:39:41.956642+03:00,315,Yeşilyurt Çarşı 1,BAKIRKÖY,40.9643,28.8379,50,1,49,YOL ÜSTÜ,1,15,09:00-17:30
2026-08-19T10:39:41.956642+00:00,2026-08-19T13:39:41.956642+03:00,1133,Yıldız Korusu,BEŞİKTAŞ,41.0514,29.0165,500,1,499,AÇIK OTOPARK,1,0,08:00-22:00
2026-08-19T10:39:41.956642+00:00,2026-08-19T13:39:41.956642+03:00,882,Zeytinburnu 58. Bulvar 2,ZEYTİNBURNU,40.9932,28.9039,48,1,47,YOL ÜSTÜ,1,15,09:00-18:00
2026-08-19T10:39:41.956642+00:00,2026-08-19T13:39:41.956642+03:00,3185,Zeytinburnu Sahil Cep Otoparkı,ZEYTİNBURNU,40.9798,28.8985,160,1,159,AÇIK OTOPARK,1,0,12:00-22:00
2026-08-19T11:03:10.508274+00:00,2026-08-19T14:03:10.508274+03:00,3068,15 Temmuz Şehitler Meydanı Zeminaltı Otoparkı,ÜMRANİYE,41.0246,29.0915,1029,471,558,KAPALI OTOPARK,1,15,24 Saat
2026-08-19T11:03:10.508274+00:00,2026-08-19T14:03:10.508274+03:00,2338,19 Mayıs Açık,ŞİŞLİ,41.0563,28.9941,65,0,65,AÇIK OTOPARK,1,0,24 Saat
2026-08-19T11:03:10.508274+00:00,2026-08-19T14:03:10.508274+03:00,1751,4.Levent PD Açık Otoparkı,KAĞITHANE,41.0836,29.0081,236,87,149,AÇIK OTOPARK,1,5,24 Saat
2026-08-19T11:03:10.508274+00:00,2026-08-19T14:03:10.508274+03:00,3328,4.Levent Servis ve Turizm Araçları Açık Otoparkı,ŞİŞLİ,41.0841,29.0054,300,164,136,AÇIK OTOPARK,1,15,24 Saat
2026-08-19T11:03:10.508274+00:00,2026-08-19T14:03:10.508274+03:00,3412,5. Levent Gaziosmanpaşa Adliyesi Yanı Açık Otoparkı,EYÜP,41.0927,28.9494,250,210,40,AÇIK OTOPARK,1,15,07:00-23:00
2026-08-19T11:03:10.508274+00:00,2026-08-19T14:03:10.508274+03:00,104,Abide-i Hürriyet Caddesi 5,ŞİŞLİ,41.0619,28.9876,40,1,39,YOL ÜSTÜ,1,15,08:00-17:00
2026-08-19T11:03:10.508274+00:00,2026-08-19T14:03:10.508274+03:00,2452,Acıbadem Açık Otoparkı,ÜSKÜDAR,41.0157,29.0574,100,86,14,AÇIK OTOPARK,1,0,06:30-16:00
2026-08-19T11:03:10.508274+00:00,2026-08-19T14:03:10.508274+03:00,346,Ada Karşısı Cep 2,BEŞİKTAŞ,41.072,29.045,30,1,29,YOL ÜSTÜ,1,15,08:00-23:00
2026-08-19T11:03:10.508274+00:00,2026-08-19T14:03:10.508274+03:00,1663,Akasyalı Sokak Tenis Kulubü Önü 2,BEŞİKTAŞ,41.0867,29.0109,45,1,44,YOL ÜSTÜ,1,15,08:30-17:30
2026-08-19T11:03:10.508274+00:00,2026-08-19T14:03:10.508274+03:00,828,Akdeniz Caddesi 4,FATİH,41.0175,28.9435,27,1,26,YOL ÜSTÜ,1,15,09:00-18:00
2026-08-19T11:03:10.508274+00:00,2026-08-19T14:03:10.508274+03:00,1913,Alibeyköy Cep Otogarı Açık Otoparkı,EYÜP,41.0879,28.9446,116,0,116,AÇIK OTOPARK,1,25,24 Saat
2026-08-19T11:03:10.508274+00:00,2026-08-19T14:03:10.508274+03:00,1912,Alibeyköy Cep Otogarı Otobüs Otoparkı,EYÜP,41.0875,28.9449,5000,1,4999,AÇIK OTOPARK,1,60,24 Saat
2026-08-19T11:03:10.508274+00:00,2026-08-19T14:03:10.508274+03:00,2562,Alibeyköy Yeşiltepe Zemin Altı Otoparkı,EYÜP,41.0797,28.938,159,72,87,KAPALI OTOPARK,1,15,24 Saat
2026-08-19T11:03:10.508274+00:00,2026-08-19T14:03:10.508274+03:00,3201,Altınboynuz Sosyal Tesisleri,EYÜP,41.058,28.9447,70,68,2,AÇIK OTOPARK,1,15,08:00-23:00
2026-08-19T11:03:10.508274+00:00,2026-08-19T14:03:10.508274+03:00,758,Arap Camii Açık Otoparkı,BEYOĞLU,41.0227,28.9723,30,1,29,AÇIK OTOPARK,1,0,09:00-17:00
2026-08-19T11:03:10.508274+00:00,2026-08-19T14:03:10.508274+03:00,1963,Aras Sokak 1,BÜYÜKÇEKMECE,41.0226,28.622,60,1,59,YOL ÜSTÜ,1,0,06:00-14:30
2026-08-19T11:03:10.508274+00:00,2026-08-19T14:03:10.508274+03:00,2802,Arnavutköy Zemin Altı Otoparkı,ARNAVUTKÖY,41.1838,28.7396,700,30,670,KAPALI OTOPARK,1,15,24 Saat
2026-08-19T11:03:10.508274+00:00,2026-08-19T14:03:10.508274+03:00,1797,Ataköy Atrium AVM,BAKIRKÖY,40.9881,28.8459,250,210,40,AÇIK OTOPARK,1,15,08:00-23:00
2026-08-19T11:03:10.508274+00:00,2026-08-19T14:03:10.508274+03:00,2824,Ataköy Metro Durağı Yanı PD Zemin Altı Otoparkı,BAKIRKÖY,40.9904,28.8456,150,86,64,KAPALI OTOPARK,1,0,24 Saat
2026-08-19T11:03:10.508274+00:00,2026-08-19T14:03:10.508274+03:00,359,Atatürk Bulvarı 1,FATİH,41.0112,28.9534,20,1,19,YOL ÜSTÜ,1,0,07:30-18:00
2026-08-19T11:03:10.508274+00:00,2026-08-19T14:03:10.508274+03:00,3087,Atatürk Kent Ormanı Otoparkı,SARIYER,41.136,29.0262,200,198,2,AÇIK OTOPARK,1,0,08:00-17:00
2026-08-19T11:03:10.508274+00:00,2026-08-19T14:03:10.508274+03:00,2243,Avcılar Denizköşkler Toplantı ve Davet Salonu Açık Otoparkı,AVCILAR,40.9746,28.7435,200,197,3,AÇIK OTOPARK,1,15,13:00-07:00
2026-08-19T11:03:10.508274+00:00,2026-08-19T14:03:10.508274+03:00,1088,Avcılar İdo,AVCILAR,40.9712,28.7185,270,261,9,AÇIK OTOPARK,1,0,13:00-07:00
2026-08-19T11:03:10.508274+00:00,2026-08-19T14:03:10.508274+03:00,2885,Azapkapı Haliç Metro Otoparkı,ŞİŞLİ,41.0245,28.9691,80,0,80,AÇIK OTOPARK,1,5,24 Saat
2026-08-19T11:03:10.508274+00:00,2026-08-19T14:03:10.508274+03:00,2455,Azerbaycan Dostluk Parkı Zemin Altı Otoparkı,BAĞCILAR,41.0444,28.854,400,175,225,KAPALI OTOPARK,1,10,24 Saat
2026-08-19T11:03:10.508274+00:00,2026-08-19T14:03:10.508274+03:00,2965,Bağcılar Çolakoğlu Zemin Altı Otoparkı,BAĞCILAR,41.0324,28.8345,106,0,106,KAPALI OTOPARK,1,5,24 Saat
2026-08-19T11:03:10.508274+00:00,2026-08-19T14:03:10.508274+03:00,2576,Bağcılar Demirkapı Zemin Altı Otoparkı,BAĞCILAR,41.0499,28.8327,343,187,156,KAPALI OTOPARK,1,5,24 Saat
2026-08-19T11:03:10.508274+00:00,2026-08-19T14:03:10.508274+03:00,3036,Bağcılar Devlet Hastanesi Yanı Zeminaltı Otoparkı,BAĞCILAR,41.0312,28.8696,1133,76,1057,KAPALI OTOPARK,1,15,24 Saat
2026-08-19T11:03:10.508274+00:00,2026-08-19T14:03:10.508274+03:00,3071,Bağcılar Emniyet Müdürlüğü Yanı Açık Otoparkı,BAĞCILAR,41.0353,28.8598,100,35,65,AÇIK OTOPARK,1,0,24 Saat
2026-08-19T11:03:10.508274+00:00,2026-08-19T14:03:10.508274+03:00,2873,Bağcılar Göztepe Zemin Altı,BAĞCILAR,41.0567,28.8355,120,0,120,KAPALI OTOPARK,1,5,24 Saat
2026-08-19T11:03:10.508274+00:00,2026-08-19T14:03:10.508274+03:00,3187,Bağcılar Hürriyet Mahallesi Zemin Altı Otoparkı,BAĞCILAR,41.0291,28.8333,355,0,355,KAPALI OTOPARK,1,10,24 Saat
2026-08-19T11:03:10.508274+00:00,2026-08-19T14:03:10.508274+03:00,2916,Bağcılar Kent Meydanı PD Zemin Altı Otoparkı,BAĞCILAR,41.0339,28.8556,1162,0,1162,KAPALI OTOPARK,1,0,24 Saat
2026-08-19T11:03:10.508274+00:00,2026-08-19T14:03:10.508274+03:00,3261,Bağcılar Yenimahalle Zemin Altı Otoparkı,BAĞCILAR,41.0425,28.8395,525,290,235,KAPALI OTOPARK,1,15,24 Saat
2026-08-19T11:03:10.508274+00:00,2026-08-19T14:03:10.508274+03:00,2820,Bağcılar Yıldıztepe Katlı Otoparkı,BAĞCILAR,41.0294,28.8556,350,0,350,KAPALI OTOPARK,1,10,24 Saat
2026-08-19T11:03:10.508274+00:00,2026-08-19T14:03:10.508274+03:00,3447,Bahçelievler 23 Nisan Milli Egemenlik Zeminaltı Otoparkı,BAHÇELİEVLER,40.9988,28.8472,732,531,201,KAPALI OTOPARK,1,10,24 Saat
2026-08-19T11:03:10.508274+00:00,2026-08-19T14:03:10.508274+03:00,2993,Bahçelievler Cumhuriyet Zeminaltı Otoparkı,BAHÇELİEVLER,41.0149,28.859,663,0,663,KAPALI OTOPARK,1,10,24 Saat
2026-08-19T11:03:10.508274+00:00,2026-08-19T14:03:10.508274+03:00,2969,Bahçelievler Devlet Hastanesi Yanı Katlı Otoparkı,BAHÇELİEVLER,41.0072,28.8442,740,0,740,KAPALI OTOPARK,1,0,24 Saat
2026-08-19T11:03:10.508274+00:00,2026-08-19T14:03:10.508274+03:00,3051,Bahçelievler Zafer Mh. Zeminaltı Otoparkı,BAHÇELİEVLER,41.0036,28.8351,200,100,100,KAPALI OTOPARK,1,0,24 Saat
2026-08-19T11:03:10.508274+00:00,2026-08-19T14:03:10.508274+03:00,3236,Bahçeşehir Gölet Açık Otoparkı,BAŞAKŞEHİR,41.0719,28.6901,200,1,199,AÇIK OTOPARK,1,0,12:00-22:00
2026-08-19T11:03:10.508274+00:00,2026-08-19T14:03:10.508274+03:00,1465,Bakırköy İdo Açık Otoparkı,BAKIRKÖY,40.9739,28.8761,160,127,33,AÇIK OTOPARK,1,10,24 Saat
2026-08-19T11:03:10.508274+00:00,2026-08-19T14:03:10.508274+03:00,1104,Balmumcu Katlı Otoparkı,BEŞİKTAŞ,41.0636,29.0109,400,155,245,KAPALI OTOPARK,1,5,24 Saat
2026-08-19T11:03:10.508274+00:00,2026-08-19T14:03:10.508274+03:00,2796,Başakşehir Metro Açık Otoparkı,BAŞAKŞEHİR,41.107,28.801,125,1,124,AÇIK OTOPARK,1,0,07:00-16:00
2026-08-19T11:03:10.508274+00:00,2026-08-19T14:03:10.508274+03:00,2350,Bayrampaşa Adapark Katlı Otoparkı,BAYRAMPAŞA,41.0647,28.8875,650,0,650,KAPALI OTOPARK,1,15,24 Saat
2026-08-19T11:03:10.508274+00:00,2026-08-19T14:03:10.508274+03:00,2892,Bayrampaşa Altıntepsi Zemin  Altı Otoparkı,BAYRAMPAŞA,41.0393,28.9029,110,0,110,KAPALI OTOPARK,1,10,24 Saat
2026-08-19T11:03:10.508274+00:00,2026-08-19T14:03:10.508274+03:00,2909,Bayrampaşa Atatürk Parkı  Zemin Altı Otoparkı,BAYRAMPAŞA,41.0342,28.9123,442,0,442,KAPALI OTOPARK,1,10,24 Saat
2026-08-19T11:03:10.508274+00:00,2026-08-19T14:03:10.508274+03:00,2683,Bayrampaşa Devlet Hastanesi Cep Otoparkı,BAYRAMPAŞA,41.0414,28.9031,55,19,36,AÇIK OTOPARK,1,0,08:00-19:00
2026-08-19T11:03:10.508274+00:00,2026-08-19T14:03:10.508274+03:00,3301,Bayrampaşa Kocatepe Mahallesi Zemin Altı Otoparkı,BAYRAMPAŞA,41.0545,28.8964,241,0,241,KAPALI OTOPARK,1,10,24 Saat
2026-08-19T11:03:10.508274+00:00,2026-08-19T14:03:10.508274+03:00,2053,Bayrampaşa Muratpaşa Yer Altı Otoparkı,BAYRAMPAŞA,41.047,28.9082,300,26,274,KAPALI OTOPARK,1,15,24 Saat
2026-08-19T11:03:10.508274+00:00,2026-08-19T14:03:10.508274+03:00,3175,Bayrampaşa Spor Kompleksi Zemin Altı Otoparkı,BAYRAMPAŞA,41.0446,28.9106,205,0,205,KAPALI OTOPARK,1,15,24 Saat
2026-08-19T11:03:10.508274+00:00,2026-08-19T14:03:10.508274+03:00,3382,Bayrampaşa Şehit Kamil Balkan Zemin Altı Otoparkı,BAYRAMPAŞA,41.0604,28.9008,235,0,235,KAPALI OTOPARK,1,10,24 Saat
2026-08-19T11:03:10.508274+00:00,2026-08-19T14:03:10.508274+03:00,2428,Bayrampaşa Yenidoğan Mahallesi Zemin Altı Otoparkı,BAYRAMPAŞA,41.0395,28.9088,120,0,120,KAPALI OTOPARK,1,10,24 Saat
2026-08-19T11:03:10.508274+00:00,2026-08-19T14:03:10.508274+03:00,2468,Bebek Açık,BEŞİKTAŞ,41.077,29.0434,30,0,30,AÇIK OTOPARK,1,0,24 Saat
2026-08-19T11:03:10.508274+00:00,2026-08-19T14:03:10.508274+03:00,3479,Beşiktaş Halk Pazarı Açık Otoparkı,BEŞİKTAŞ,41.0496,29.0004,170,75,95,AÇIK OTOPARK,1,5,24 Saat
2026-08-19T11:03:10.508274+00:00,2026-08-19T14:03:10.508274+03:00,3257,Beykoz Sahil Cep Otoparkı,BEYKOZ,41.1286,29.0953,100,75,25,AÇIK OTOPARK,1,0,08:00-00:00
2026-08-19T11:03:10.508274+00:00,2026-08-19T14:03:10.508274+03:00,2273,Beykoz Sosyal Tesisleri,BEYKOZ,41.1143,29.0888,130,3,127,AÇIK OTOPARK,1,15,08:00-00:00
2026-08-19T11:03:10.508274+00:00,2026-08-19T14:03:10.508274+03:00,2999,Beyoğlu Gazhane Bostan Sokak 2,BEYOĞLU,41.0389,28.9903,35,1,34,YOL ÜSTÜ,1,0,07:30-16:30
2026-08-19T11:03:10.508274+00:00,2026-08-19T14:03:10.508274+03:00,3072,Beyoğlu Örnektepe Zemin Altı Otoparkı,BEYOĞLU,41.0543,28.9548,143,0,143,KAPALI OTOPARK,1,0,24 Saat
2026-08-19T11:03:10.508274+00:00,2026-08-19T14:03:10.508274+03:00,1455,Bostancı Açık,KADIKÖY,40.9523,29.0902,394,43,351,AÇIK OTOPARK,1,15,24 Saat
2026-08-19T11:03:10.508274+00:00,2026-08-19T14:03:10.508274+03:00,1456,Bostancı Sahil-Cep Açık Otoparkı,KADIKÖY,40.9545,29.0885,192,108,84,AÇIK OTOPARK,1,15,24 Saat
2026-08-19T11:03:10.508274+00:00,2026-08-19T14:03:10.508274+03:00,2150,Bostancı Vergi Dairesi Açık Otoparkı,ATAŞEHİR,40.9625,29.1083,155,0,155,AÇIK OTOPARK,1,5,08:00-20:00
2026-08-19T11:03:10.508274+00:00,2026-08-19T14:03:10.508274+03:00,2854,Bülent Ecevit Kültür Merkezi Açık Otoparkı,KARTAL,40.8852,29.1967,277,266,11,AÇIK OTOPARK,1,0,10:00-21:00
2026-08-19T11:03:10.508274+00:00,2026-08-19T14:03:10.508274+03:00,2866,Büyük İstanbul Otogarı,BAYRAMPAŞA,41.0402,28.8942,1000,0,1000,AÇIK OTOPARK,1,25,24 Saat
2026-08-19T11:03:10.508274+00:00,2026-08-19T14:03:10.508274+03:00,1192,Büyükçamlıca Korusu Sosyal Tesisleri Önü,ÜSKÜDAR,41.0264,29.0698,204,111,93,AÇIK OTOPARK,1,0,08:00-00:00
2026-08-19T11:03:10.508274+00:00,2026-08-19T14:03:10.508274+03:00,2960,Büyükçekmece Metrobüs Durağı Yanı PD Zemin Altı Otopark,BÜYÜKÇEKMECE,41.0221,28.624,448,280,168,KAPALI OTOPARK,1,0,24 Saat
2026-08-19T11:03:10.508274+00:00,2026-08-19T14:03:10.508274+03:00,1503,Cadde Bostan Açık Otoparkı,KADIKÖY,40.9636,29.0675,66,17,49,AÇIK OTOPARK,1,15,24 Saat
2026-08-19T11:03:10.508274+00:00,2026-08-19T14:03:10.508274+03:00,2933,Cemal Kamacı Spor Kompleksi Zemin Altı Otoparkı,KAĞITHANE,41.0536,28.9575,510,0,510,KAPALI OTOPARK,1,0,24 Saat
2026-08-19T11:03:10.508274+00:00,2026-08-19T14:03:10.508274+03:00,2207,Cengiz Topel Yer Altı Katlı Otoparkı,ESENLER,41.0588,28.8643,144,0,144,KAPALI OTOPARK,1,15,24 Saat
2026-08-19T11:03:10.508274+00:00,2026-08-19T14:03:10.508274+03:00,2787,Cevizli Açık Otoparkı,KARTAL,40.9179,29.1712,100,36,64,AÇIK OTOPARK,1,15,08:00-19:00
2026-08-19T11:03:10.508274+00:00,2026-08-19T14:03:10.508274+03:00,782,Cihangir Caddesi 2,BEYOĞLU,41.0319,28.9862,70,1,69,YOL ÜSTÜ,1,15,09:00-19:00
2026-08-19T11:03:10.508274+00:00,2026-08-19T14:03:10.508274+03:00,1467,Cihangir Katlı Otoparkı,BEYOĞLU,41.0318,28.9858,350,0,350,KAPALI OTOPARK,1,0,24 Saat
2026-08-19T11:03:10.508274+00:00,2026-08-19T14:03:10.508274+03:00,535,Cihannuma Yol Üstü 1,BEŞİKTAŞ,41.0454,29.0084,35,1,34,YOL ÜSTÜ,1,0,08:00-23:00
2026-08-19T11:03:10.508274+00:00,2026-08-19T14:03:10.508274+03:00,537,Cihannuma Yol Üstü 3,BEŞİKTAŞ,41.0459,29.0087,33,1,32,YOL ÜSTÜ,1,0,08:00-23:00
2026-08-19T11:03:10.508274+00:00,2026-08-19T14:03:10.508274+03:00,539,Cihannuma Yol Üstü 5,BEŞİKTAŞ,41.0489,29.0094,24,1,23,YOL ÜSTÜ,1,0,08:00-23:00
2026-08-19T11:03:10.508274+00:00,2026-08-19T14:03:10.508274+03:00,3184,Çam Sokak 6,GÜNGÖREN,41.0121,28.8882,50,1,49,YOL ÜSTÜ,1,15,08:00-17:00
2026-08-19T11:03:10.508274+00:00,2026-08-19T14:03:10.508274+03:00,3030,Çekmeköy Metro PD Zemin Altı Otoparkı,ÇEKMEKÖY,41.0147,29.1886,175,51,124,KAPALI OTOPARK,1,15,24 Saat
2026-08-19T11:03:10.508274+00:00,2026-08-19T14:03:10.508274+03:00,2905,Çeliktepe Açık Otoparkı,KAĞITHANE,41.0843,29.0056,200,93,107,AÇIK OTOPARK,1,5,24 Saat
2026-08-19T11:03:10.508274+00:00,2026-08-19T14:03:10.508274+03:00,1298,Çengelköy Açık Otoparkı,ÜSKÜDAR,41.0484,29.0533,500,227,273,AÇIK OTOPARK,1,15,24 Saat
2026-08-19T11:03:10.508274+00:00,2026-08-19T14:03:10.508274+03:00,502,Çınar Açık Otoparkı,BEŞİKTAŞ,41.0853,29.0088,65,1,64,AÇIK OTOPARK,1,0,08:00-18:00
2026-08-19T11:03:10.508274+00:00,2026-08-19T14:03:10.508274+03:00,777,Çırağan Sarayı Yol Üstü 1,BEŞİKTAŞ,41.0448,29.0165,40,1,39,YOL ÜSTÜ,1,15,08:00-23:00
2026-08-19T11:03:10.508274+00:00,2026-08-19T14:03:10.508274+03:00,778,Çırağan Sarayı Yol Üstü 2,BEŞİKTAŞ,41.0445,29.0156,40,1,39,YOL ÜSTÜ,1,15,08:00-23:00
2026-08-19T11:03:10.508274+00:00,2026-08-19T14:03:10.508274+03:00,2228,Çırpıcı Sosyal Tesisler,ZEYTİNBURNU,41,28.8926,128,0,128,AÇIK OTOPARK,1,15,07:00-00:00
2026-08-19T11:03:10.508274+00:00,2026-08-19T14:03:10.508274+03:00,1508,Çiroz Yeşilköy Halk Pazarı,BAKIRKÖY,40.9628,28.8129,471,457,14,AÇIK OTOPARK,1,0,08:00-18:00
2026-08-19T11:03:10.508274+00:00,2026-08-19T14:03:10.508274+03:00,2030,Dalyan Açık Otoparkı,KADIKÖY,40.9632,29.0651,92,3,89,AÇIK OTOPARK,1,15,24 Saat
2026-08-19T11:03:10.508274+00:00,2026-08-19T14:03:10.508274+03:00,2271,Damla Sokak 1,ŞİŞLİ,41.0672,29.0004,17,1,16,YOL ÜSTÜ,1,15,07:30-16:30
2026-08-19T11:03:10.508274+00:00,2026-08-19T14:03:10.508274+03:00,2164,Darüşşafaka Yeraltı Otoparkı,SARIYER,41.1292,29.0252,150,113,37,KAPALI OTOPARK,1,15,08:00-00:00
2026-08-19T11:03:10.508274+00:00,2026-08-19T14:03:10.508274+03:00,1653,Deniz Feneri Otoparkı,FATİH,41.0019,28.9773,175,78,97,AÇIK OTOPARK,1,5,24 Saat
2026-08-19T11:03:10.508274+00:00,2026-08-19T14:03:10.508274+03:00,595,Dostluk Yurdu 1,FATİH,41.0071,28.973,33,33,0,YOL ÜSTÜ,1,15,07:00-17:00
2026-08-19T11:03:10.508274+00:00,2026-08-19T14:03:10.508274+03:00,2237,Dragos Sosyal Tesisleri,KARTAL,40.9017,29.1458,100,32,68,AÇIK OTOPARK,1,15,24 Saat
2026-08-19T11:03:10.508274+00:00,2026-08-19T14:03:10.508274+03:00,3063,Dudullu Metro PD Zemin Altı Otoparkı,ÜMRANİYE,41.0156,29.1633,81,50,31,KAPALI OTOPARK,1,15,07:00-23:30
2026-08-19T11:03:10.508274+00:00,2026-08-19T14:03:10.508274+03:00,1522,Ebu Suut Caddesi 1,FATİH,41.0128,28.9766,35,1,34,YOL ÜSTÜ,1,0,08:00-18:00
2026-08-19T11:03:10.508274+00:00,2026-08-19T14:03:10.508274+03:00,2147,EGS Blokları Açık Otoparkı,BAKIRKÖY,40.9863,28.8354,350,0,350,AÇIK OTOPARK,1,60,09:00-19:30
2026-08-19T11:03:10.508274+00:00,2026-08-19T14:03:10.508274+03:00,2366,Esenler Adem Baştürk Kültür Merkezi Katlı,ESENLER,41.039,28.8846,460,67,393,KAPALI OTOPARK,1,15,24 Saat
2026-08-19T11:03:10.508274+00:00,2026-08-19T14:03:10.508274+03:00,3190,Esenler Havaalanı Mahallesi Zemin Altı Otoparkı,ESENLER,41.0562,28.8674,610,371,239,KAPALI OTOPARK,1,10,24 Saat
2026-08-19T11:03:10.508274+00:00,2026-08-19T14:03:10.508274+03:00,3011,Esenler Menderes Metro İstasyonu Yanı,ESENLER,41.0427,28.8783,68,13,55,AÇIK OTOPARK,1,5,24 Saat
2026-08-19T11:03:10.508274+00:00,2026-08-19T14:03:10.508274+03:00,2822,Esenler Menderes Parkı Zemin Altı Otoparkı,ESENLER,41.0412,28.8729,325,82,243,KAPALI OTOPARK,1,10,24 Saat
2026-08-19T11:03:10.508274+00:00,2026-08-19T14:03:10.508274+03:00,3303,Esenyurt Adile Naşit Bulvarı Zeminaltı Otoparkı,ESENYURT,41.0205,28.6859,367,283,84,KAPALI OTOPARK,1,15,24 Saat
2026-08-19T11:03:10.508274+00:00,2026-08-19T14:03:10.508274+03:00,1328,Eski Salı Pazarı,KADIKÖY,40.9904,29.0338,760,0,760,AÇIK OTOPARK,1,15,24 Saat
2026-08-19T11:03:10.508274+00:00,2026-08-19T14:03:10.508274+03:00,904,Eyüp Pierloti Caddesi 1,EYÜP,41.0539,28.9329,40,1,39,YOL ÜSTÜ,1,0,09:00-22:00
2026-08-19T11:03:10.508274+00:00,2026-08-19T14:03:10.508274+03:00,2850,Eyüpsultan Akşemsettin Mahallesi Zemin Altı Otoparkı,EYÜP,41.085,28.9258,110,0,110,KAPALI OTOPARK,1,15,24 Saat
2026-08-19T11:03:10.508274+00:00,2026-08-19T14:03:10.508274+03:00,2215,Fatih Çeşmesi Tabiat Parkı Otoparkı,SARIYER,41.1686,28.9448,250,243,7,AÇIK OTOPARK,1,0,06:00-20:00
2026-08-19T11:03:10.508274+00:00,2026-08-19T14:03:10.508274+03:00,1475,Fatih Katlı Otoparkı,FATİH,41.0198,28.9396,118,0,118,KAPALI OTOPARK,1,10,24 Saat
2026-08-19T11:03:10.508274+00:00,2026-08-19T14:03:10.508274+03:00,1591,Feshane PD Açık Otoparkı,EYÜP,41.0463,28.9378,200,39,161,AÇIK OTOPARK,1,15,24 Saat
2026-08-19T11:03:10.508274+00:00,2026-08-19T14:03:10.508274+03:00,1005,Florya Havuzlu Bahçe,BAKIRKÖY,40.9764,28.7908,135,1,134,AÇIK OTOPARK,1,0,09:00-23:00
2026-08-19T11:03:10.508274+00:00,2026-08-19T14:03:10.508274+03:00,2238,Florya Sosyal Tesisleri,BAKIRKÖY,40.9614,28.8091,1074,803,271,AÇIK OTOPARK,1,15,24 Saat
2026-08-19T11:03:10.508274+00:00,2026-08-19T14:03:10.508274+03:00,1704,Gazi Umur Paşa Sokak 5,BEŞİKTAŞ,41.0589,29.0114,45,1,44,YOL ÜSTÜ,1,15,08:00-17:00
2026-08-19T11:03:10.508274+00:00,2026-08-19T14:03:10.508274+03:00,3296,Gaziosmanpaşa Meydanı ve Yaşam Merkezi Zemin Altı Otoparkı,GAZİOSMANPAŞA,41.0606,28.9093,202,0,202,KAPALI OTOPARK,1,15,24 Saat
2026-08-19T11:03:10.508274+00:00,2026-08-19T14:03:10.508274+03:00,2971,Gaziosmanpaşa Zemin Altı Otoparkı,GAZİOSMANPAŞA,41.0796,28.8858,285,0,285,KAPALI OTOPARK,1,0,24 Saat
2026-08-19T11:03:10.508274+00:00,2026-08-19T14:03:10.508274+03:00,3401,Giyimkent Tekstilkent Metro Zemin Altı PD Otoparkı,ESENLER,41.0711,28.8666,203,161,42,KAPALI OTOPARK,1,10,24 Saat
2026-08-19T11:03:10.508274+00:00,2026-08-19T14:03:10.508274+03:00,2242,Gözdağı Sosyal Tesisler  Açık Otoparkı,PENDİK,40.893,29.2538,300,216,84,AÇIK OTOPARK,1,0,07:00-23:00
2026-08-19T11:03:10.508274+00:00,2026-08-19T14:03:10.508274+03:00,1879,Gülsuyu Metro PD Yer Altı Otoparkı,MALTEPE,40.9237,29.1548,76,0,76,KAPALI OTOPARK,1,15,08:00-00:00
2026-08-19T11:03:10.508274+00:00,2026-08-19T14:03:10.508274+03:00,1423,Güneş Plajı 1,BAKIRKÖY,40.9712,28.79,250,135,115,AÇIK OTOPARK,1,10,24 Saat
2026-08-19T11:03:10.508274+00:00,2026-08-19T14:03:10.508274+03:00,1461,Güneş Plajı 2,BAKIRKÖY,40.9692,28.7951,135,94,41,AÇIK OTOPARK,1,10,08:00-20:00
2026-08-19T11:03:10.508274+00:00,2026-08-19T14:03:10.508274+03:00,3053,Güngören Nikah Dairesi Zemin Altı otoparkı,GÜNGÖREN,41.0363,28.8718,147,0,147,KAPALI OTOPARK,1,10,24 Saat
2026-08-19T11:03:10.508274+00:00,2026-08-19T14:03:10.508274+03:00,2216,Gürpınar Balık Hali Otoparkı,BEYLİKDÜZÜ,40.9663,28.6019,1000,710,290,AÇIK OTOPARK,1,15,24 Saat
2026-08-19T11:03:10.508274+00:00,2026-08-19T14:03:10.508274+03:00,1525,Hacıosman Metro Yer Altı Otoparkı,SARIYER,41.14,29.0306,422,23,399,KAPALI OTOPARK,1,15,24 Saat
2026-08-19T11:03:10.508274+00:00,2026-08-19T14:03:10.508274+03:00,1470,Haldun Alagaş Katlı Otoparkı,ÜMRANİYE,41.0262,29.1052,197,32,165,KAPALI OTOPARK,1,15,24 Saat
2026-08-19T11:03:10.508274+00:00,2026-08-19T14:03:10.508274+03:00,3235,Haliç Sosyal Tesisleri Otoparkı,FATİH,41.0277,28.9572,60,21,39,AÇIK OTOPARK,1,15,07:00-00:00
2026-08-19T11:03:10.508274+00:00,2026-08-19T14:03:10.508274+03:00,2848,Halkalı Mahallesi Zemin Altı Otoparkı,KÜÇÜKÇEKMECE,41.0359,28.7848,347,186,161,KAPALI OTOPARK,1,15,24 Saat
2026-08-19T11:03:10.508274+00:00,2026-08-19T14:03:10.508274+03:00,2838,Hamidiye Mahallesi Katlı Otoparkı,KAĞITHANE,41.0949,28.971,450,208,242,KAPALI OTOPARK,1,15,24 Saat
2026-08-19T11:03:10.508274+00:00,2026-08-19T14:03:10.508274+03:00,1446,Harbiye Zemin Altı Otoparkı,BEYOĞLU,41.0408,28.9869,142,0,142,KAPALI OTOPARK,1,5,24 Saat
2026-08-19T11:03:10.508274+00:00,2026-08-19T14:03:10.508274+03:00,2332,Haydarpaşa Katlı Otoparkı,ÜSKÜDAR,41.0048,29.0251,840,452,388,KAPALI OTOPARK,1,15,24 Saat
2026-08-19T11:03:10.508274+00:00,2026-08-19T14:03:10.508274+03:00,1987,Haznedar Yer Altı Otoparkı,GÜNGÖREN,41.0083,28.8729,540,0,540,KAPALI OTOPARK,1,0,24 Saat
2026-08-19T11:03:10.508274+00:00,2026-08-19T14:03:10.508274+03:00,377,Hızır Külhani Sokak,FATİH,41.0202,28.9605,32,1,31,YOL ÜSTÜ,1,15,09:00-17:00
2026-08-19T11:03:10.508274+00:00,2026-08-19T14:03:10.508274+03:00,3173,Hürriyet Mahallesi Zeminaltı Otoparkı,GAZİOSMANPAŞA,41.0708,28.8951,190,0,190,KAPALI OTOPARK,1,15,24 Saat
2026-08-19T11:03:10.508274+00:00,2026-08-19T14:03:10.508274+03:00,157,Ihlamur Dere Caddesi 4,BEŞİKTAŞ,41.047,29.0023,27,1,26,YOL ÜSTÜ,1,15,09:00-17:00
2026-08-19T11:03:10.508274+00:00,2026-08-19T14:03:10.508274+03:00,1189,İçerenköy Sebze Meyve Hali Otoparkı,ATAŞEHİR,40.9766,29.1044,600,600,0,AÇIK OTOPARK,1,15,24 Saat
2026-08-19T11:03:10.508274+00:00,2026-08-19T14:03:10.508274+03:00,1127,İshakpaşa Caddesi,FATİH,41.0079,28.9814,200,1,199,YOL ÜSTÜ,1,0,08:00-18:00
2026-08-19T11:03:10.508274+00:00,2026-08-19T14:03:10.508274+03:00,3265,İspark İstanbul West Marina Açık Otoparkı 1,BEYLİKDÜZÜ,40.9636,28.6564,250,1,249,AÇIK OTOPARK,1,15,24 Saat
2026-08-19T11:03:10.508274+00:00,2026-08-19T14:03:10.508274+03:00,2793,İspark Merter Katlı Otoparkı,GÜNGÖREN,41.0097,28.89,900,245,655,KAPALI OTOPARK,1,10,24 Saat
2026-08-19T11:03:10.508274+00:00,2026-08-19T14:03:10.508274+03:00,2430,İspark West İstanbul Marina Açık Otoparkı,BEYLİKDÜZÜ,40.9639,28.6591,1600,932,668,AÇIK OTOPARK,1,15,24 Saat
2026-08-19T11:03:10.508274+00:00,2026-08-19T14:03:10.508274+03:00,381,İstinye 4 ( Cami Önü ),SARIYER,41.1149,29.0571,25,1,24,YOL ÜSTÜ,1,15,08:30-17:30
2026-08-19T11:03:10.508274+00:00,2026-08-19T14:03:10.508274+03:00,1804,İtalyan Hastanesi Karşısı Açık Otoparkı 1,BEYOĞLU,41.028,28.9815,30,1,29,AÇIK OTOPARK,1,0,08:00-19:00
2026-08-19T11:03:10.508274+00:00,2026-08-19T14:03:10.508274+03:00,507,Kabasakal Medrese Önü,FATİH,41.0062,28.9789,65,1,64,AÇIK OTOPARK,1,0,08:00-18:30
2026-08-19T11:03:10.508274+00:00,2026-08-19T14:03:10.508274+03:00,3306,Kabataş Transfer Merkezi Turizm Otobüs Otoparkı,BEYOĞLU,41.0336,28.9923,160,0,160,KAPALI OTOPARK,1,20,24 Saat
2026-08-19T11:03:10.508274+00:00,2026-08-19T14:03:10.508274+03:00,2918,Kadıköy Hasanpaşa Gazhane Katlı Otoparkı,KADIKÖY,40.9972,29.0428,310,190,120,KAPALI OTOPARK,1,15,24 Saat
2026-08-19T11:03:10.508274+00:00,2026-08-19T14:03:10.508274+03:00,1447,Kadıköy İski Açık Otoparkı,KADIKÖY,40.9874,29.0207,124,5,119,AÇIK OTOPARK,1,15,24 Saat
2026-08-19T11:03:10.508274+00:00,2026-08-19T14:03:10.508274+03:00,1655,Kadıköy Metro Açık Otoparkı,KADIKÖY,40.9899,29.0217,74,0,74,AÇIK OTOPARK,1,15,24 Saat
2026-08-19T11:03:10.508274+00:00,2026-08-19T14:03:10.508274+03:00,3445,Kadıköy Uzunçayır PD Açık Otoparkı,KADIKÖY,40.9982,29.0569,70,40,30,AÇIK OTOPARK,1,15,06:30-16:30
2026-08-19T11:03:10.508274+00:00,2026-08-19T14:03:10.508274+03:00,2808,Kadıköy Yeni Salı Pazarı PD Katlı Otoparkı,KADIKÖY,40.9969,29.0486,1350,679,671,KAPALI OTOPARK,1,15,24 Saat
2026-08-19T11:03:10.508274+00:00,2026-08-19T14:03:10.508274+03:00,2811,Kağıthane Harmantepe Zemin Altı Otoparkı,KAĞITHANE,41.0816,28.9907,200,0,200,KAPALI OTOPARK,1,0,24 Saat
2026-08-19T11:03:10.508274+00:00,2026-08-19T14:03:10.508274+03:00,1452,Kalamış Açık Otoparkı,KADIKÖY,40.9687,29.0363,173,111,62,AÇIK OTOPARK,1,15,24 Saat
2026-08-19T11:03:10.508274+00:00,2026-08-19T14:03:10.508274+03:00,1474,Kartal Hasan Doğan Spor Kompleksi,KARTAL,40.8918,29.1897,773,0,773,KAPALI OTOPARK,1,15,24 Saat
2026-08-19T11:03:10.508274+00:00,2026-08-19T14:03:10.508274+03:00,1105,Kartal İdo Açık Otoparkı,KARTAL,40.8874,29.1881,90,0,90,AÇIK OTOPARK,1,15,24 Saat
2026-08-19T11:03:10.508274+00:00,2026-08-19T14:03:10.508274+03:00,1550,Kartal Sahil Açık Otoparkı,KARTAL,40.8875,29.1901,75,0,75,AÇIK OTOPARK,1,5,24 Saat
2026-08-19T11:03:10.508274+00:00,2026-08-19T14:03:10.508274+03:00,3434,Kasımpaşa Sosyal Tesisler Otoparkı,BEYOĞLU,41.0296,28.9673,60,38,22,AÇIK OTOPARK,1,0,07:30-23:00
2026-08-19T11:03:10.508274+00:00,2026-08-19T14:03:10.508274+03:00,1960,Kazlıçeşme Marmaray Açık Otoparkı,ZEYTİNBURNU,40.9922,28.917,700,488,212,AÇIK OTOPARK,1,15,24 Saat
2026-08-19T11:03:10.508274+00:00,2026-08-19T14:03:10.508274+03:00,2994,Kirazlı Metro Durağı PD Açık Otoparkı,BAĞCILAR,41.033,28.8429,112,0,112,AÇIK OTOPARK,1,5,24 Saat
2026-08-19T11:03:10.508274+00:00,2026-08-19T14:03:10.508274+03:00,1528,Kore Şehitleri Caddesi - Yüzbaşı Kaya Aldağon Sokak 1,ŞİŞLİ,41.0719,29.0139,40,1,39,YOL ÜSTÜ,1,15,07:00-16:00
2026-08-19T11:03:10.508274+00:00,2026-08-19T14:03:10.508274+03:00,2449,Kozyatağı Sebze-Meyve Hali,ATAŞEHİR,40.9787,29.1029,1500,1500,0,AÇIK OTOPARK,1,0,24 Saat
2026-08-19T11:03:10.508274+00:00,2026-08-19T14:03:10.508274+03:00,1206,Kutlugün Sokak 2,FATİH,41.0061,28.9801,200,1,199,YOL ÜSTÜ,1,0,08:00-18:00
2026-08-19T11:03:10.508274+00:00,2026-08-19T14:03:10.508274+03:00,3074,Küçük Çamlıca,ÜSKÜDAR,41.0204,29.0653,129,106,23,AÇIK OTOPARK,1,0,08:00-22:00
2026-08-19T11:03:10.508274+00:00,2026-08-19T14:03:10.508274+03:00,3127,Küçükçekmece Cennet Mahallesi Meydan Zemin Altı Otoparkı,KÜÇÜKÇEKMECE,40.9907,28.783,456,0,456,KAPALI OTOPARK,1,10,24 Saat
2026-08-19T11:03:10.508274+00:00,2026-08-19T14:03:10.508274+03:00,2554,Küçükçekmece Fevzi Çakmak Meydanı Zemin Altı Otoparkı,KÜÇÜKÇEKMECE,41.0076,28.7927,1000,522,478,KAPALI OTOPARK,1,10,24 Saat
2026-08-19T11:03:10.508274+00:00,2026-08-19T14:03:10.508274+03:00,2882,Küçüksu Kasrı Açık Otoparkı,BEYKOZ,41.0789,29.0657,98,92,6,AÇIK OTOPARK,1,0,07:00-23:00
2026-08-19T11:03:10.508274+00:00,2026-08-19T14:03:10.508274+03:00,220,Levent Hamidiye,BEŞİKTAŞ,41.0861,29.0076,100,1,99,AÇIK OTOPARK,1,0,08:00-19:00
2026-08-19T11:03:10.508274+00:00,2026-08-19T14:03:10.508274+03:00,1138,Levent Metro Yer Altı Otoparkı,BEŞİKTAŞ,41.0811,29.0105,100,100,0,AÇIK OTOPARK,1,5,07:30-19:30
2026-08-19T11:03:10.508274+00:00,2026-08-19T14:03:10.508274+03:00,2335,Maçka Açık Otoparkı,ŞİŞLİ,41.046,28.9908,75,71,4,AÇIK OTOPARK,1,0,24 Saat
2026-08-19T11:03:10.508274+00:00,2026-08-19T14:03:10.508274+03:00,1859,Maçka Katlı Otoparkı,ŞİŞLİ,41.0484,28.9903,508,0,508,KAPALI OTOPARK,1,0,24 Saat
2026-08-19T11:03:10.508274+00:00,2026-08-19T14:03:10.508274+03:00,3193,Maltepe Rıhtım Caddesi Açık Otoparkı,MALTEPE,40.9258,29.1241,76,57,19,AÇIK OTOPARK,1,0,24 Saat
2026-08-19T11:03:10.508274+00:00,2026-08-19T14:03:10.508274+03:00,2146,Maltepe Süreyyapaşa Çarşısı Açık Otoparkı,MALTEPE,40.9274,29.1225,156,112,44,AÇIK OTOPARK,1,0,24 Saat
2026-08-19T11:03:10.508274+00:00,2026-08-19T14:03:10.508274+03:00,1599,Maslak Açık Otoparkı,SARIYER,41.1166,29.024,150,53,97,AÇIK OTOPARK,1,10,24 Saat
2026-08-19T11:03:10.508274+00:00,2026-08-19T14:03:10.508274+03:00,2100,Matbaacılar Sitesi Yanı,ZEYTİNBURNU,41.0234,28.9187,250,118,132,AÇIK OTOPARK,1,5,24 Saat
2026-08-19T11:03:10.508274+00:00,2026-08-19T14:03:10.508274+03:00,920,Meclis-i Mebusan Yokuşu 2,BEYOĞLU,41.0326,28.9882,34,1,33,YOL ÜSTÜ,1,15,09:00-17:00
2026-08-19T11:03:10.508274+00:00,2026-08-19T14:03:10.508274+03:00,1546,Menekşe Plajı Açık Otoparkı,BAKIRKÖY,40.9761,28.7766,200,200,0,AÇIK OTOPARK,1,0,24 Saat
2026-08-19T11:03:10.508274+00:00,2026-08-19T14:03:10.508274+03:00,1376,Mercan Açık,FATİH,41.0136,28.9669,130,10,120,AÇIK OTOPARK,1,0,08:00-23:00
2026-08-19T11:03:10.508274+00:00,2026-08-19T14:03:10.508274+03:00,3309,Mercan Ali Paşa Sarayı Zemin Altı Otoparkı,FATİH,41.0136,28.967,196,1,195,KAPALI OTOPARK,1,0,07:00-21:00
2026-08-19T11:03:10.508274+00:00,2026-08-19T14:03:10.508274+03:00,1472,Merter Katlı Otoparkı,GÜNGÖREN,41.0092,28.8874,1000,842,158,KAPALI OTOPARK,1,10,24 Saat
2026-08-19T11:03:10.508274+00:00,2026-08-19T14:03:10.508274+03:00,2375,Merter Metro PD Zeminaltı Otoparkı,GÜNGÖREN,41.0037,28.8897,242,73,169,KAPALI OTOPARK,1,10,24 Saat
2026-08-19T11:03:10.508274+00:00,2026-08-19T14:03:10.508274+03:00,1568,Mete Caddesi 1,BEYOĞLU,41.0382,28.9879,31,1,30,YOL ÜSTÜ,1,15,08:00-23:00
2026-08-19T11:03:10.508274+00:00,2026-08-19T14:03:10.508274+03:00,1471,Mevlana Yeraltı Katlı Otoparkı,ZEYTİNBURNU,41.0072,28.9049,1000,850,150,KAPALI OTOPARK,1,5,24 Saat
2026-08-19T11:03:10.508274+00:00,2026-08-19T14:03:10.508274+03:00,2709,Millet Caddesi Açık Otoparkı,FATİH,41.01,28.9461,60,1,59,AÇIK OTOPARK,1,15,24 Saat
2026-08-19T11:03:10.508274+00:00,2026-08-19T14:03:10.508274+03:00,3152,Mimar Sinan Zemin Altı Otoparkı,ÜSKÜDAR,41.0222,29.0169,956,110,846,KAPALI OTOPARK,1,15,24 Saat
2026-08-19T11:03:10.508274+00:00,2026-08-19T14:03:10.508274+03:00,2870,Miniatürk Çadır Açık Otoparkı,BEYOĞLU,41.0594,28.9501,250,136,114,AÇIK OTOPARK,1,15,07:00-20:00
2026-08-19T11:03:10.508274+00:00,2026-08-19T14:03:10.508274+03:00,2556,Muallim Naci Açık Otoparkı,BEŞİKTAŞ,41.0561,29.0342,35,26,9,AÇIK OTOPARK,1,15,24 Saat
2026-08-19T11:03:10.508274+00:00,2026-08-19T14:03:10.508274+03:00,569,Oda Kule Önü 1,BEYOĞLU,41.0322,28.9751,24,1,23,YOL ÜSTÜ,1,0,07:00-01:00
2026-08-19T11:03:10.508274+00:00,2026-08-19T14:03:10.508274+03:00,1988,Orhangazi Şehir Parkı PD Açık Otoparkı,MALTEPE,40.9313,29.1161,5022,4437,585,AÇIK OTOPARK,1,15,24 Saat
2026-08-19T11:03:10.508274+00:00,2026-08-19T14:03:10.508274+03:00,152,Ortabahçe Caddesi 2,BEŞİKTAŞ,41.0428,29.0043,35,1,34,YOL ÜSTÜ,1,15,08:00-23:00
2026-08-19T11:03:10.508274+00:00,2026-08-19T14:03:10.508274+03:00,153,Ortabahçe Caddesi 3,BEŞİKTAŞ,41.043,29.0042,26,1,25,YOL ÜSTÜ,1,15,08:00-23:00
2026-08-19T11:03:10.508274+00:00,2026-08-19T14:03:10.508274+03:00,119,Ortaklar Caddesi 1,ŞİŞLİ,41.0638,28.9971,25,1,24,YOL ÜSTÜ,1,15,08:30-17:00
2026-08-19T11:03:10.508274+00:00,2026-08-19T14:03:10.508274+03:00,1343,Ortaköy Açık Otoparkı,BEŞİKTAŞ,41.0504,29.0326,170,144,26,AÇIK OTOPARK,1,0,24 Saat
2026-08-19T11:03:10.508274+00:00,2026-08-19T14:03:10.508274+03:00,572,Ortaköy Portakal Yokuşu 1,BEŞİKTAŞ,41.0503,29.0261,15,1,14,YOL ÜSTÜ,1,15,09:00-19:00
2026-08-19T11:03:10.508274+00:00,2026-08-19T14:03:10.508274+03:00,1039,Öğretmen Evi,AVCILAR,40.9723,28.714,80,42,38,AÇIK OTOPARK,1,0,11:00-23:00
2026-08-19T11:03:10.508274+00:00,2026-08-19T14:03:10.508274+03:00,1466,Pendik Katlı Otoparkı,PENDİK,40.8789,29.2342,120,0,120,KAPALI OTOPARK,1,15,24 Saat
2026-08-19T11:03:10.508274+00:00,2026-08-19T14:03:10.508274+03:00,3073,Pendik Kemal Kalkuz Parkı Zemin Altı Otoparkı,PENDİK,40.8885,29.2427,224,0,224,KAPALI OTOPARK,1,0,09:00-18:00
2026-08-19T11:03:10.508274+00:00,2026-08-19T14:03:10.508274+03:00,3019,Pendik Meydan Zemin Altı Otoparkı,PENDİK,40.8752,29.2324,937,0,937,KAPALI OTOPARK,1,0,24 Saat
2026-08-19T11:03:10.508274+00:00,2026-08-19T14:03:10.508274+03:00,2865,Pendik Sahil Engelliler Merkez Önü,PENDİK,40.8735,29.233,100,66,34,AÇIK OTOPARK,1,0,11:00-20:00
2026-08-19T11:03:10.508274+00:00,2026-08-19T14:03:10.508274+03:00,2434,Pendik Sahil İdo,PENDİK,40.8755,29.2369,100,0,100,AÇIK OTOPARK,1,0,07:00-23:00
2026-08-19T11:03:10.508274+00:00,2026-08-19T14:03:10.508274+03:00,248,Pendik Yenimahalle Açık 2 Otoparkı,PENDİK,40.864,29.2723,124,96,28,AÇIK OTOPARK,1,15,10:00-22:00
2026-08-19T11:03:10.508274+00:00,2026-08-19T14:03:10.508274+03:00,297,Perşembe Pazarı 1,BEYOĞLU,41.0252,28.9693,32,1,31,YOL ÜSTÜ,1,15,08:00-17:00
2026-08-19T11:03:10.508274+00:00,2026-08-19T14:03:10.508274+03:00,597,Pierre Loti Caddesi 3,FATİH,41.0069,28.9711,36,1,35,YOL ÜSTÜ,1,0,07:00-17:00
2026-08-19T11:03:10.508274+00:00,2026-08-19T14:03:10.508274+03:00,3263,Piyalepaşa Meydanı Zemin Altı Otoparkı,BEYOĞLU,41.0445,28.9674,560,287,273,KAPALI OTOPARK,1,0,24 Saat
2026-08-19T11:03:10.508274+00:00,2026-08-19T14:03:10.508274+03:00,1900,Ragıp Gümüşpala Cad.(Sobacılar Önü),FATİH,41.0181,28.969,40,1,39,YOL ÜSTÜ,1,15,07:00-18:00
2026-08-19T11:03:10.508274+00:00,2026-08-19T14:03:10.508274+03:00,415,Ragıp Gümüşpala Camii Önü 1,FATİH,41.0211,28.9627,35,1,34,YOL ÜSTÜ,1,0,07:00-17:30
2026-08-19T11:03:10.508274+00:00,2026-08-19T14:03:10.508274+03:00,3268,Refik Saydam Caddesi 3,BEYOĞLU,41.032,28.9736,55,1,54,YOL ÜSTÜ,1,0,06:00-23:00
2026-08-19T11:03:10.508274+00:00,2026-08-19T14:03:10.508274+03:00,2307,Ressam Halim Sokak PD Açık Otoparkı,BAHÇELİEVLER,40.9967,28.8641,120,73,47,AÇIK OTOPARK,1,15,08:00-00:00
2026-08-19T11:03:10.508274+00:00,2026-08-19T14:03:10.508274+03:00,3082,Rumeli Hisarı Sahil Yolu Otoparkı,SARIYER,41.0854,29.0568,20,1,19,AÇIK OTOPARK,1,0,24 Saat
2026-08-19T11:03:10.508274+00:00,2026-08-19T14:03:10.508274+03:00,1595,Sabiha Gökçen Açık Otoparkı,PENDİK,40.925,29.308,1056,203,853,AÇIK OTOPARK,1,15,24 Saat
2026-08-19T11:03:10.508274+00:00,2026-08-19T14:03:10.508274+03:00,3239,Samatya Sahil Cep Otoparkı,FATİH,40.9954,28.932,113,108,5,AÇIK OTOPARK,1,15,24 Saat
2026-08-19T11:03:10.508274+00:00,2026-08-19T14:03:10.508274+03:00,3273,Sarıyer Büyükdere Fidanlığı,SARIYER,41.1548,29.0268,160,154,6,AÇIK OTOPARK,1,0,08:00-18:00
2026-08-19T11:03:10.508274+00:00,2026-08-19T14:03:10.508274+03:00,3299,Sariyer Ayazağa Mah Vadi İstanbul Önü Açık Otoparkı,SARIYER,41.1106,28.9881,100,96,4,AÇIK OTOPARK,1,0,08:00-20:00
2026-08-19T11:03:10.508274+00:00,2026-08-19T14:03:10.508274+03:00,1303,Seyrantepe Katlı (Arena Karşısı) 1,KAĞITHANE,41.101,28.9961,1897,1897,0,KAPALI OTOPARK,1,0,24 Saat
2026-08-19T11:03:10.508274+00:00,2026-08-19T14:03:10.508274+03:00,1628,Sıracevizler Caddesi Yol Üstü 5,ŞİŞLİ,41.0607,28.9841,45,1,44,YOL ÜSTÜ,1,15,09:00-17:00
2026-08-19T11:03:10.508274+00:00,2026-08-19T14:03:10.508274+03:00,464,Sirkeci Gar Önü,FATİH,41.015,28.9761,60,1,59,AÇIK OTOPARK,1,5,07:00-20:00
2026-08-19T11:03:10.508274+00:00,2026-08-19T14:03:10.508274+03:00,1486,Siyavuşpaşa Yer Altı Otoparkı,BAHÇELİEVLER,40.9965,28.8532,155,0,155,KAPALI OTOPARK,1,0,24 Saat
2026-08-19T11:03:10.508274+00:00,2026-08-19T14:03:10.508274+03:00,1958,Soğanlık Metro PD Açık Otoparkı,KARTAL,40.9131,29.1925,898,823,75,AÇIK OTOPARK,1,15,24 Saat
2026-08-19T11:03:10.508274+00:00,2026-08-19T14:03:10.508274+03:00,589,Su Terazisi Sokak,FATİH,41.0046,28.9727,22,1,21,YOL ÜSTÜ,1,0,07:30-17:00
2026-08-19T11:03:10.508274+00:00,2026-08-19T14:03:10.508274+03:00,1478,Suadiye Cep Açık Otoparkı,KADIKÖY,40.9586,29.0732,130,106,24,AÇIK OTOPARK,1,15,24 Saat
2026-08-19T11:03:10.508274+00:00,2026-08-19T14:03:10.508274+03:00,2948,Suadiye Sahil Açık Otoparkı,KADIKÖY,40.9562,29.0797,70,38,32,AÇIK OTOPARK,1,5,24 Saat
2026-08-19T11:03:10.508274+00:00,2026-08-19T14:03:10.508274+03:00,2799,Sultanbeyli Emir Caddesi Zemin Altı Otoparkı,SULTANBEYLİ,40.9707,29.2606,130,52,78,KAPALI OTOPARK,1,15,08:00-22:00
2026-08-19T11:03:10.508274+00:00,2026-08-19T14:03:10.508274+03:00,2372,Sultanbeyli Kent Meydanı Zemin Altı Otoparkı,SULTANBEYLİ,40.9667,29.2667,300,83,217,KAPALI OTOPARK,1,15,24 Saat
2026-08-19T11:03:10.508274+00:00,2026-08-19T14:03:10.508274+03:00,2410,Sultangazi Zemin Altı Otoparkı,SULTANGAZİ,41.0944,28.8649,104,0,104,KAPALI OTOPARK,1,10,24 Saat
2026-08-19T11:03:10.508274+00:00,2026-08-19T14:03:10.508274+03:00,2085,Süleyman Seba Caddesi 2,BEŞİKTAŞ,41.0426,28.9998,40,1,39,YOL ÜSTÜ,1,15,08:00-18:00
2026-08-19T11:03:10.508274+00:00,2026-08-19T14:03:10.508274+03:00,2088,Süleyman Seba Caddesi 5,BEŞİKTAŞ,41.0432,28.9978,40,1,39,YOL ÜSTÜ,1,15,08:00-18:00
2026-08-19T11:03:10.508274+00:00,2026-08-19T14:03:10.508274+03:00,2089,Süleyman Seba Caddesi 6,BEŞİKTAŞ,41.0435,28.9967,11,1,10,YOL ÜSTÜ,1,15,08:00-18:00
2026-08-19T11:03:10.508274+00:00,2026-08-19T14:03:10.508274+03:00,2391,Süleymaniye Cami Altı Açık Otoparkı,FATİH,41.0158,28.961,250,234,16,AÇIK OTOPARK,1,0,06:30-18:30
2026-08-19T11:03:10.508274+00:00,2026-08-19T14:03:10.508274+03:00,1730,Sütlüce Miniatürk Yanı,BEYOĞLU,41.057,28.95,320,211,109,AÇIK OTOPARK,1,15,24 Saat
2026-08-19T11:03:10.508274+00:00,2026-08-19T14:03:10.508274+03:00,36,Şakayık Sokak 4,ŞİŞLİ,41.0518,28.9936,50,1,49,YOL ÜSTÜ,1,15,08:00-16:00
2026-08-19T11:03:10.508274+00:00,2026-08-19T14:03:10.508274+03:00,1469,Şehit Volkan Duysak Katlı Otoparkı,ZEYTİNBURNU,40.9968,28.9039,1000,689,311,KAPALI OTOPARK,1,5,24 Saat
2026-08-19T11:03:10.508274+00:00,2026-08-19T14:03:10.508274+03:00,2385,Şehremini Açık Otoparkı 1,FATİH,41.0135,28.9333,60,1,59,AÇIK OTOPARK,1,0,08:30-20:30
2026-08-19T11:03:10.508274+00:00,2026-08-19T14:03:10.508274+03:00,2855,Şemsipaşa Açık Otoparkı,ÜSKÜDAR,41.0255,29.0097,80,33,47,AÇIK OTOPARK,1,0,24 Saat
2026-08-19T11:03:10.508274+00:00,2026-08-19T14:03:10.508274+03:00,2439,Şirinevler Meydan Zeminaltı Otoparkı,BAHÇELİEVLER,40.9925,28.8496,367,29,338,KAPALI OTOPARK,1,0,24 Saat
2026-08-19T11:03:10.508274+00:00,2026-08-19T14:03:10.508274+03:00,3400,Şişhane Refik Saydam Caddesi 2 Yol Üstü Otoparkı 1,BEYOĞLU,41.0326,28.9743,70,1,69,YOL ÜSTÜ,1,15,06:00-23:00
2026-08-19T11:03:10.508274+00:00,2026-08-19T14:03:10.508274+03:00,3441,Şişli Kuştepe Zemin Altı Otoparkı,ŞİŞLİ,41.072,28.9919,430,312,118,KAPALI OTOPARK,1,15,24 Saat
2026-08-19T11:03:10.508274+00:00,2026-08-19T14:03:10.508274+03:00,2816,Şişli Rumeli Caddesi Metro Yanı 1,ŞİŞLİ,41.0538,28.9868,45,1,44,YOL ÜSTÜ,1,15,08:00-20:00
2026-08-19T11:03:10.508274+00:00,2026-08-19T14:03:10.508274+03:00,2406,Şişli Zemin Altı Otoparkı,ŞİŞLİ,41.0641,28.9992,581,77,504,KAPALI OTOPARK,1,15,24 Saat
2026-08-19T11:03:10.508274+00:00,2026-08-19T14:03:10.508274+03:00,1993,Tuzla İdo,TUZLA,40.8149,29.3039,300,277,23,AÇIK OTOPARK,1,15,24 Saat
2026-08-19T11:03:10.508274+00:00,2026-08-19T14:03:10.508274+03:00,3332,Tuzla Sahil Cep,TUZLA,40.8168,29.2992,50,38,12,AÇIK OTOPARK,1,0,08:00-00:00
2026-08-19T11:03:10.508274+00:00,2026-08-19T14:03:10.508274+03:00,3057,Tuzla Sahil Zemin Altı Otoparkı,TUZLA,40.8181,29.3004,779,1,778,KAPALI OTOPARK,1,15,24 Saat
2026-08-19T11:03:10.508274+00:00,2026-08-19T14:03:10.508274+03:00,1811,Ulu Camii Açık Otoparkı,BAHÇELİEVLER,40.9982,28.8499,150,130,20,AÇIK OTOPARK,1,10,24 Saat
2026-08-19T11:03:10.508274+00:00,2026-08-19T14:03:10.508274+03:00,2424,Uzunçayır Açık Otoparkı,KADIKÖY,40.9988,29.0556,58,52,6,AÇIK OTOPARK,1,0,06:00-16:00
2026-08-19T11:03:10.508274+00:00,2026-08-19T14:03:10.508274+03:00,1468,Ümraniye Katlı Otoparkı,ÜMRANİYE,41.0261,29.0953,665,415,250,KAPALI OTOPARK,1,15,24 Saat
2026-08-19T11:03:10.508274+00:00,2026-08-19T14:03:10.508274+03:00,2898,Ümraniye Okan Sokak Zeminaltı Otoparkı,ÜMRANİYE,41.0284,29.0907,125,20,105,KAPALI OTOPARK,1,15,24 Saat
2026-08-19T11:03:10.508274+00:00,2026-08-19T14:03:10.508274+03:00,2345,Üsküdar Uzunçayır PD Açık Otoparkı,ÜSKÜDAR,40.9988,29.0577,90,49,41,AÇIK OTOPARK,1,15,06:00-22:00
2026-08-19T11:03:10.508274+00:00,2026-08-19T14:03:10.508274+03:00,1929,Üsküdar Ünalan Açık Otoparkı,ÜSKÜDAR,40.9979,29.0604,180,175,5,AÇIK OTOPARK,1,0,07:00-17:00
2026-08-19T11:03:10.508274+00:00,2026-08-19T14:03:10.508274+03:00,1487,Vatan Caddesi PD Açık Otoparkı,FATİH,41.0157,28.9405,397,165,232,AÇIK OTOPARK,1,5,24 Saat
2026-08-19T11:03:10.508274+00:00,2026-08-19T14:03:10.508274+03:00,2441,Yalı Açık Otoparkı,MALTEPE,40.9095,29.137,85,82,3,AÇIK OTOPARK,1,0,07:30-22:00
2026-08-19T11:03:10.508274+00:00,2026-08-19T14:03:10.508274+03:00,459,Yalı Köşkü Caddesi 1,FATİH,41.0163,28.9759,61,1,60,YOL ÜSTÜ,1,5,07:00-21:00
2026-08-19T11:03:10.508274+00:00,2026-08-19T14:03:10.508274+03:00,2037,Yenikapı Marmaray Büyük Otoparkı,FATİH,41.0057,28.9505,324,62,262,AÇIK OTOPARK,1,15,24 Saat
2026-08-19T11:03:10.508274+00:00,2026-08-19T14:03:10.508274+03:00,2036,Yenikapı Marmaray Küçük Otoparkı,FATİH,41.0064,28.9504,200,131,69,AÇIK OTOPARK,1,15,07:00-22:00
2026-08-19T11:03:10.508274+00:00,2026-08-19T14:03:10.508274+03:00,2175,Yenikapı Spor ve Kültür Merkezi PD Açık Otoparkı,FATİH,41.0006,28.9519,4023,3946,77,AÇIK OTOPARK,1,15,24 Saat
2026-08-19T11:03:10.508274+00:00,2026-08-19T14:03:10.508274+03:00,2805,Yenikapı Tünel Üstü Açık Otoparkı,FATİH,41.0029,28.9534,700,421,279,AÇIK OTOPARK,1,10,24 Saat
2026-08-19T11:03:10.508274+00:00,2026-08-19T14:03:10.508274+03:00,3404,Yenimahalle Metro Zemin Altı PD Otoparkı,GAZİOSMANPAŞA,41.0839,28.8926,114,100,14,KAPALI OTOPARK,1,15,24 Saat
2026-08-19T11:03:10.508274+00:00,2026-08-19T14:03:10.508274+03:00,2920,Yeşilce Zemin Altı Katlı Otoparkı,KAĞITHANE,41.0938,29.0017,676,0,676,KAPALI OTOPARK,1,0,24 Saat
2026-08-19T11:03:10.508274+00:00,2026-08-19T14:03:10.508274+03:00,987,Yeşilköy İstasyon Caddesi 1,BAKIRKÖY,40.962,28.825,40,1,39,YOL ÜSTÜ,1,15,09:00-17:30
2026-08-19T11:03:10.508274+00:00,2026-08-19T14:03:10.508274+03:00,974,Yeşilköy Marina 1,BAKIRKÖY,40.9576,28.8233,145,1,144,YOL ÜSTÜ,1,0,12:00-23:00
2026-08-19T11:03:10.508274+00:00,2026-08-19T14:03:10.508274+03:00,3406,Yeşilpınar Metro Zemin Altı PD Otoparkı,EYÜP,41.081,28.9204,269,201,68,KAPALI OTOPARK,1,15,24 Saat
2026-08-19T11:03:10.508274+00:00,2026-08-19T14:03:10.508274+03:00,315,Yeşilyurt Çarşı 1,BAKIRKÖY,40.9643,28.8379,50,1,49,YOL ÜSTÜ,1,15,09:00-17:30
2026-08-19T11:03:10.508274+00:00,2026-08-19T14:03:10.508274+03:00,1133,Yıldız Korusu,BEŞİKTAŞ,41.0514,29.0165,500,1,499,AÇIK OTOPARK,1,0,08:00-22:00
2026-08-19T11:03:10.508274+00:00,2026-08-19T14:03:10.508274+03:00,882,Zeytinburnu 58. Bulvar 2,ZEYTİNBURNU,40.9932,28.9039,48,1,47,YOL ÜSTÜ,1,15,09:00-18:00
2026-08-19T11:03:10.508274+00:00,2026-08-19T14:03:10.508274+03:00,3185,Zeytinburnu Sahil Cep Otoparkı,ZEYTİNBURNU,40.9798,28.8985,160,1,159,AÇIK OTOPARK,1,0,12:00-22:00
2026-08-19T13:04:12.133039+00:00,2026-08-19T16:04:12.133039+03:00,3068,15 Temmuz Şehitler Meydanı Zeminaltı Otoparkı,ÜMRANİYE,41.0246,29.0915,1029,456,573,KAPALI OTOPARK,1,15,24 Saat
2026-08-19T13:04:12.133039+00:00,2026-08-19T16:04:12.133039+03:00,2338,19 Mayıs Açık,ŞİŞLİ,41.0563,28.9941,65,0,65,AÇIK OTOPARK,1,0,24 Saat
2026-08-19T13:04:12.133039+00:00,2026-08-19T16:04:12.133039+03:00,1751,4.Levent PD Açık Otoparkı,KAĞITHANE,41.0836,29.0081,236,92,144,AÇIK OTOPARK,1,5,24 Saat
2026-08-19T13:04:12.133039+00:00,2026-08-19T16:04:12.133039+03:00,3328,4.Levent Servis ve Turizm Araçları Açık Otoparkı,ŞİŞLİ,41.0841,29.0054,300,160,140,AÇIK OTOPARK,1,15,24 Saat
2026-08-19T13:04:12.133039+00:00,2026-08-19T16:04:12.133039+03:00,3412,5. Levent Gaziosmanpaşa Adliyesi Yanı Açık Otoparkı,EYÜP,41.0927,28.9494,250,221,29,AÇIK OTOPARK,1,15,07:00-23:00
2026-08-19T13:04:12.133039+00:00,2026-08-19T16:04:12.133039+03:00,104,Abide-i Hürriyet Caddesi 5,ŞİŞLİ,41.0619,28.9876,40,1,39,YOL ÜSTÜ,1,15,08:00-17:00
2026-08-19T13:04:12.133039+00:00,2026-08-19T16:04:12.133039+03:00,2452,Acıbadem Açık Otoparkı,ÜSKÜDAR,41.0157,29.0574,100,86,14,AÇIK OTOPARK,0,0,06:30-16:00
2026-08-19T13:04:12.133039+00:00,2026-08-19T16:04:12.133039+03:00,346,Ada Karşısı Cep 2,BEŞİKTAŞ,41.072,29.045,30,1,29,YOL ÜSTÜ,1,15,08:00-23:00
2026-08-19T13:04:12.133039+00:00,2026-08-19T16:04:12.133039+03:00,1663,Akasyalı Sokak Tenis Kulubü Önü 2,BEŞİKTAŞ,41.0867,29.0109,45,1,44,YOL ÜSTÜ,1,15,08:30-17:30
2026-08-19T13:04:12.133039+00:00,2026-08-19T16:04:12.133039+03:00,828,Akdeniz Caddesi 4,FATİH,41.0175,28.9435,27,1,26,YOL ÜSTÜ,1,15,09:00-18:00
2026-08-19T13:04:12.133039+00:00,2026-08-19T16:04:12.133039+03:00,1913,Alibeyköy Cep Otogarı Açık Otoparkı,EYÜP,41.0879,28.9446,116,0,116,AÇIK OTOPARK,1,25,24 Saat
2026-08-19T13:04:12.133039+00:00,2026-08-19T16:04:12.133039+03:00,1912,Alibeyköy Cep Otogarı Otobüs Otoparkı,EYÜP,41.0875,28.9449,5000,1,4999,AÇIK OTOPARK,1,60,24 Saat
2026-08-19T13:04:12.133039+00:00,2026-08-19T16:04:12.133039+03:00,2562,Alibeyköy Yeşiltepe Zemin Altı Otoparkı,EYÜP,41.0797,28.938,159,74,85,KAPALI OTOPARK,1,15,24 Saat
2026-08-19T13:04:12.133039+00:00,2026-08-19T16:04:12.133039+03:00,3201,Altınboynuz Sosyal Tesisleri,EYÜP,41.058,28.9447,70,67,3,AÇIK OTOPARK,1,15,08:00-23:00
2026-08-19T13:04:12.133039+00:00,2026-08-19T16:04:12.133039+03:00,758,Arap Camii Açık Otoparkı,BEYOĞLU,41.0227,28.9723,30,1,29,AÇIK OTOPARK,1,0,09:00-17:00
2026-08-19T13:04:12.133039+00:00,2026-08-19T16:04:12.133039+03:00,1963,Aras Sokak 1,BÜYÜKÇEKMECE,41.0226,28.622,60,1,59,YOL ÜSTÜ,0,0,06:00-14:30
2026-08-19T13:04:12.133039+00:00,2026-08-19T16:04:12.133039+03:00,2802,Arnavutköy Zemin Altı Otoparkı,ARNAVUTKÖY,41.1838,28.7396,700,26,674,KAPALI OTOPARK,1,15,24 Saat
2026-08-19T13:04:12.133039+00:00,2026-08-19T16:04:12.133039+03:00,1797,Ataköy Atrium AVM,BAKIRKÖY,40.9881,28.8459,250,211,39,AÇIK OTOPARK,1,15,08:00-23:00
2026-08-19T13:04:12.133039+00:00,2026-08-19T16:04:12.133039+03:00,2824,Ataköy Metro Durağı Yanı PD Zemin Altı Otoparkı,BAKIRKÖY,40.9904,28.8456,150,86,64,KAPALI OTOPARK,1,0,24 Saat
2026-08-19T13:04:12.133039+00:00,2026-08-19T16:04:12.133039+03:00,359,Atatürk Bulvarı 1,FATİH,41.0112,28.9534,20,1,19,YOL ÜSTÜ,1,0,07:30-18:00
2026-08-19T13:04:12.133039+00:00,2026-08-19T16:04:12.133039+03:00,3087,Atatürk Kent Ormanı Otoparkı,SARIYER,41.136,29.0262,200,198,2,AÇIK OTOPARK,1,0,08:00-17:00
2026-08-19T13:04:12.133039+00:00,2026-08-19T16:04:12.133039+03:00,1088,Avcılar İdo,AVCILAR,40.9712,28.7185,270,261,9,AÇIK OTOPARK,1,0,13:00-07:00
2026-08-19T13:04:12.133039+00:00,2026-08-19T16:04:12.133039+03:00,2885,Azapkapı Haliç Metro Otoparkı,ŞİŞLİ,41.0245,28.9691,80,0,80,AÇIK OTOPARK,1,5,24 Saat
2026-08-19T13:04:12.133039+00:00,2026-08-19T16:04:12.133039+03:00,2455,Azerbaycan Dostluk Parkı Zemin Altı Otoparkı,BAĞCILAR,41.0444,28.854,400,176,224,KAPALI OTOPARK,1,10,24 Saat
2026-08-19T13:04:12.133039+00:00,2026-08-19T16:04:12.133039+03:00,2965,Bağcılar Çolakoğlu Zemin Altı Otoparkı,BAĞCILAR,41.0324,28.8345,106,0,106,KAPALI OTOPARK,1,5,24 Saat
2026-08-19T13:04:12.133039+00:00,2026-08-19T16:04:12.133039+03:00,2576,Bağcılar Demirkapı Zemin Altı Otoparkı,BAĞCILAR,41.0499,28.8327,343,191,152,KAPALI OTOPARK,1,5,24 Saat
2026-08-19T13:04:12.133039+00:00,2026-08-19T16:04:12.133039+03:00,3036,Bağcılar Devlet Hastanesi Yanı Zeminaltı Otoparkı,BAĞCILAR,41.0312,28.8696,1133,114,1019,KAPALI OTOPARK,1,15,24 Saat
2026-08-19T13:04:12.133039+00:00,2026-08-19T16:04:12.133039+03:00,3071,Bağcılar Emniyet Müdürlüğü Yanı Açık Otoparkı,BAĞCILAR,41.0353,28.8598,100,33,67,AÇIK OTOPARK,1,0,24 Saat
2026-08-19T13:04:12.133039+00:00,2026-08-19T16:04:12.133039+03:00,2873,Bağcılar Göztepe Zemin Altı,BAĞCILAR,41.0567,28.8355,120,0,120,KAPALI OTOPARK,1,5,24 Saat
2026-08-19T13:04:12.133039+00:00,2026-08-19T16:04:12.133039+03:00,3187,Bağcılar Hürriyet Mahallesi Zemin Altı Otoparkı,BAĞCILAR,41.0291,28.8333,355,0,355,KAPALI OTOPARK,1,10,24 Saat
2026-08-19T13:04:12.133039+00:00,2026-08-19T16:04:12.133039+03:00,2916,Bağcılar Kent Meydanı PD Zemin Altı Otoparkı,BAĞCILAR,41.0339,28.8556,1162,0,1162,KAPALI OTOPARK,1,0,24 Saat
2026-08-19T13:04:12.133039+00:00,2026-08-19T16:04:12.133039+03:00,3261,Bağcılar Yenimahalle Zemin Altı Otoparkı,BAĞCILAR,41.0425,28.8395,525,292,233,KAPALI OTOPARK,1,15,24 Saat
2026-08-19T13:04:12.133039+00:00,2026-08-19T16:04:12.133039+03:00,2820,Bağcılar Yıldıztepe Katlı Otoparkı,BAĞCILAR,41.0294,28.8556,350,0,350,KAPALI OTOPARK,1,10,24 Saat
2026-08-19T13:04:12.133039+00:00,2026-08-19T16:04:12.133039+03:00,3447,Bahçelievler 23 Nisan Milli Egemenlik Zeminaltı Otoparkı,BAHÇELİEVLER,40.9988,28.8472,732,540,192,KAPALI OTOPARK,1,10,24 Saat
2026-08-19T13:04:12.133039+00:00,2026-08-19T16:04:12.133039+03:00,2993,Bahçelievler Cumhuriyet Zeminaltı Otoparkı,BAHÇELİEVLER,41.0149,28.859,663,0,663,KAPALI OTOPARK,1,10,24 Saat
2026-08-19T13:04:12.133039+00:00,2026-08-19T16:04:12.133039+03:00,2969,Bahçelievler Devlet Hastanesi Yanı Katlı Otoparkı,BAHÇELİEVLER,41.0072,28.8442,740,0,740,KAPALI OTOPARK,1,0,24 Saat
2026-08-19T13:04:12.133039+00:00,2026-08-19T16:04:12.133039+03:00,3051,Bahçelievler Zafer Mh. Zeminaltı Otoparkı,BAHÇELİEVLER,41.0036,28.8351,200,99,101,KAPALI OTOPARK,1,0,24 Saat
2026-08-19T13:04:12.133039+00:00,2026-08-19T16:04:12.133039+03:00,3236,Bahçeşehir Gölet Açık Otoparkı,BAŞAKŞEHİR,41.0719,28.6901,200,1,199,AÇIK OTOPARK,1,0,12:00-22:00
2026-08-19T13:04:12.133039+00:00,2026-08-19T16:04:12.133039+03:00,1465,Bakırköy İdo Açık Otoparkı,BAKIRKÖY,40.9739,28.8761,160,118,42,AÇIK OTOPARK,1,10,24 Saat
2026-08-19T13:04:12.133039+00:00,2026-08-19T16:04:12.133039+03:00,1104,Balmumcu Katlı Otoparkı,BEŞİKTAŞ,41.0636,29.0109,400,165,235,KAPALI OTOPARK,1,5,24 Saat
2026-08-19T13:04:12.133039+00:00,2026-08-19T16:04:12.133039+03:00,2796,Başakşehir Metro Açık Otoparkı,BAŞAKŞEHİR,41.107,28.801,125,1,124,AÇIK OTOPARK,0,0,07:00-16:00
2026-08-19T13:04:12.133039+00:00,2026-08-19T16:04:12.133039+03:00,2350,Bayrampaşa Adapark Katlı Otoparkı,BAYRAMPAŞA,41.0647,28.8875,650,0,650,KAPALI OTOPARK,1,15,24 Saat
2026-08-19T13:04:12.133039+00:00,2026-08-19T16:04:12.133039+03:00,2892,Bayrampaşa Altıntepsi Zemin  Altı Otoparkı,BAYRAMPAŞA,41.0393,28.9029,110,0,110,KAPALI OTOPARK,1,10,24 Saat
2026-08-19T13:04:12.133039+00:00,2026-08-19T16:04:12.133039+03:00,2909,Bayrampaşa Atatürk Parkı  Zemin Altı Otoparkı,BAYRAMPAŞA,41.0342,28.9123,442,0,442,KAPALI OTOPARK,1,10,24 Saat
2026-08-19T13:04:12.133039+00:00,2026-08-19T16:04:12.133039+03:00,2683,Bayrampaşa Devlet Hastanesi Cep Otoparkı,BAYRAMPAŞA,41.0414,28.9031,55,26,29,AÇIK OTOPARK,1,0,08:00-19:00
2026-08-19T13:04:12.133039+00:00,2026-08-19T16:04:12.133039+03:00,3301,Bayrampaşa Kocatepe Mahallesi Zemin Altı Otoparkı,BAYRAMPAŞA,41.0545,28.8964,241,0,241,KAPALI OTOPARK,1,10,24 Saat
2026-08-19T13:04:12.133039+00:00,2026-08-19T16:04:12.133039+03:00,2053,Bayrampaşa Muratpaşa Yer Altı Otoparkı,BAYRAMPAŞA,41.047,28.9082,300,26,274,KAPALI OTOPARK,1,15,24 Saat
2026-08-19T13:04:12.133039+00:00,2026-08-19T16:04:12.133039+03:00,3175,Bayrampaşa Spor Kompleksi Zemin Altı Otoparkı,BAYRAMPAŞA,41.0446,28.9106,205,0,205,KAPALI OTOPARK,1,15,24 Saat
2026-08-19T13:04:12.133039+00:00,2026-08-19T16:04:12.133039+03:00,3382,Bayrampaşa Şehit Kamil Balkan Zemin Altı Otoparkı,BAYRAMPAŞA,41.0604,28.9008,235,0,235,KAPALI OTOPARK,1,10,24 Saat
2026-08-19T13:04:12.133039+00:00,2026-08-19T16:04:12.133039+03:00,2428,Bayrampaşa Yenidoğan Mahallesi Zemin Altı Otoparkı,BAYRAMPAŞA,41.0395,28.9088,120,0,120,KAPALI OTOPARK,1,10,24 Saat
2026-08-19T13:04:12.133039+00:00,2026-08-19T16:04:12.133039+03:00,2468,Bebek Açık,BEŞİKTAŞ,41.077,29.0434,30,0,30,AÇIK OTOPARK,1,0,24 Saat
2026-08-19T13:04:12.133039+00:00,2026-08-19T16:04:12.133039+03:00,3479,Beşiktaş Halk Pazarı Açık Otoparkı,BEŞİKTAŞ,41.0496,29.0004,170,74,96,AÇIK OTOPARK,1,5,24 Saat
2026-08-19T13:04:12.133039+00:00,2026-08-19T16:04:12.133039+03:00,3257,Beykoz Sahil Cep Otoparkı,BEYKOZ,41.1286,29.0953,100,75,25,AÇIK OTOPARK,1,0,08:00-00:00
2026-08-19T13:04:12.133039+00:00,2026-08-19T16:04:12.133039+03:00,2273,Beykoz Sosyal Tesisleri,BEYKOZ,41.1143,29.0888,130,0,130,AÇIK OTOPARK,1,15,08:00-00:00
2026-08-19T13:04:12.133039+00:00,2026-08-19T16:04:12.133039+03:00,2999,Beyoğlu Gazhane Bostan Sokak 2,BEYOĞLU,41.0389,28.9903,35,1,34,YOL ÜSTÜ,1,0,07:30-16:30
2026-08-19T13:04:12.133039+00:00,2026-08-19T16:04:12.133039+03:00,3072,Beyoğlu Örnektepe Zemin Altı Otoparkı,BEYOĞLU,41.0543,28.9548,143,0,143,KAPALI OTOPARK,1,0,24 Saat
2026-08-19T13:04:12.133039+00:00,2026-08-19T16:04:12.133039+03:00,1455,Bostancı Açık,KADIKÖY,40.9523,29.0902,394,7,387,AÇIK OTOPARK,1,15,24 Saat
2026-08-19T13:04:12.133039+00:00,2026-08-19T16:04:12.133039+03:00,1456,Bostancı Sahil-Cep Açık Otoparkı,KADIKÖY,40.9545,29.0885,192,100,92,AÇIK OTOPARK,1,15,24 Saat
2026-08-19T13:04:12.133039+00:00,2026-08-19T16:04:12.133039+03:00,2150,Bostancı Vergi Dairesi Açık Otoparkı,ATAŞEHİR,40.9625,29.1083,155,0,155,AÇIK OTOPARK,1,5,08:00-20:00
2026-08-19T13:04:12.133039+00:00,2026-08-19T16:04:12.133039+03:00,2854,Bülent Ecevit Kültür Merkezi Açık Otoparkı,KARTAL,40.8852,29.1967,277,266,11,AÇIK OTOPARK,1,0,10:00-21:00
2026-08-19T13:04:12.133039+00:00,2026-08-19T16:04:12.133039+03:00,2866,Büyük İstanbul Otogarı,BAYRAMPAŞA,41.0402,28.8942,1000,0,1000,AÇIK OTOPARK,1,25,24 Saat
2026-08-19T13:04:12.133039+00:00,2026-08-19T16:04:12.133039+03:00,1192,Büyükçamlıca Korusu Sosyal Tesisleri Önü,ÜSKÜDAR,41.0264,29.0698,204,112,92,AÇIK OTOPARK,1,0,08:00-00:00
2026-08-19T13:04:12.133039+00:00,2026-08-19T16:04:12.133039+03:00,2960,Büyükçekmece Metrobüs Durağı Yanı PD Zemin Altı Otopark,BÜYÜKÇEKMECE,41.0221,28.624,448,288,160,KAPALI OTOPARK,1,0,24 Saat
2026-08-19T13:04:12.133039+00:00,2026-08-19T16:04:12.133039+03:00,1503,Cadde Bostan Açık Otoparkı,KADIKÖY,40.9636,29.0675,66,5,61,AÇIK OTOPARK,1,15,24 Saat
2026-08-19T13:04:12.133039+00:00,2026-08-19T16:04:12.133039+03:00,2933,Cemal Kamacı Spor Kompleksi Zemin Altı Otoparkı,KAĞITHANE,41.0536,28.9575,510,0,510,KAPALI OTOPARK,1,0,24 Saat
2026-08-19T13:04:12.133039+00:00,2026-08-19T16:04:12.133039+03:00,2207,Cengiz Topel Yer Altı Katlı Otoparkı,ESENLER,41.0588,28.8643,144,0,144,KAPALI OTOPARK,1,15,24 Saat
2026-08-19T13:04:12.133039+00:00,2026-08-19T16:04:12.133039+03:00,2787,Cevizli Açık Otoparkı,KARTAL,40.9179,29.1712,100,41,59,AÇIK OTOPARK,1,15,08:00-19:00
2026-08-19T13:04:12.133039+00:00,2026-08-19T16:04:12.133039+03:00,782,Cihangir Caddesi 2,BEYOĞLU,41.0319,28.9862,70,1,69,YOL ÜSTÜ,1,15,09:00-19:00
2026-08-19T13:04:12.133039+00:00,2026-08-19T16:04:12.133039+03:00,1467,Cihangir Katlı Otoparkı,BEYOĞLU,41.0318,28.9858,350,0,350,KAPALI OTOPARK,1,0,24 Saat
2026-08-19T13:04:12.133039+00:00,2026-08-19T16:04:12.133039+03:00,535,Cihannuma Yol Üstü 1,BEŞİKTAŞ,41.0454,29.0084,35,1,34,YOL ÜSTÜ,1,0,08:00-23:00
2026-08-19T13:04:12.133039+00:00,2026-08-19T16:04:12.133039+03:00,537,Cihannuma Yol Üstü 3,BEŞİKTAŞ,41.0459,29.0087,33,1,32,YOL ÜSTÜ,1,0,08:00-23:00
2026-08-19T13:04:12.133039+00:00,2026-08-19T16:04:12.133039+03:00,539,Cihannuma Yol Üstü 5,BEŞİKTAŞ,41.0489,29.0094,24,1,23,YOL ÜSTÜ,1,0,08:00-23:00
2026-08-19T13:04:12.133039+00:00,2026-08-19T16:04:12.133039+03:00,3184,Çam Sokak 6,GÜNGÖREN,41.0121,28.8882,50,1,49,YOL ÜSTÜ,1,15,08:00-17:00
2026-08-19T13:04:12.133039+00:00,2026-08-19T16:04:12.133039+03:00,3030,Çekmeköy Metro PD Zemin Altı Otoparkı,ÇEKMEKÖY,41.0147,29.1886,175,51,124,KAPALI OTOPARK,1,15,24 Saat
2026-08-19T13:04:12.133039+00:00,2026-08-19T16:04:12.133039+03:00,2905,Çeliktepe Açık Otoparkı,KAĞITHANE,41.0843,29.0056,200,88,112,AÇIK OTOPARK,1,5,24 Saat
2026-08-19T13:04:12.133039+00:00,2026-08-19T16:04:12.133039+03:00,1298,Çengelköy Açık Otoparkı,ÜSKÜDAR,41.0484,29.0533,500,202,298,AÇIK OTOPARK,1,15,24 Saat
2026-08-19T13:04:12.133039+00:00,2026-08-19T16:04:12.133039+03:00,502,Çınar Açık Otoparkı,BEŞİKTAŞ,41.0853,29.0088,65,1,64,AÇIK OTOPARK,1,0,08:00-18:00
2026-08-19T13:04:12.133039+00:00,2026-08-19T16:04:12.133039+03:00,777,Çırağan Sarayı Yol Üstü 1,BEŞİKTAŞ,41.0448,29.0165,40,1,39,YOL ÜSTÜ,1,15,08:00-23:00
2026-08-19T13:04:12.133039+00:00,2026-08-19T16:04:12.133039+03:00,778,Çırağan Sarayı Yol Üstü 2,BEŞİKTAŞ,41.0445,29.0156,40,1,39,YOL ÜSTÜ,1,15,08:00-23:00
2026-08-19T13:04:12.133039+00:00,2026-08-19T16:04:12.133039+03:00,2228,Çırpıcı Sosyal Tesisler,ZEYTİNBURNU,41,28.8926,128,0,128,AÇIK OTOPARK,1,15,07:00-00:00
2026-08-19T13:04:12.133039+00:00,2026-08-19T16:04:12.133039+03:00,1508,Çiroz Yeşilköy Halk Pazarı,BAKIRKÖY,40.9628,28.8129,471,446,25,AÇIK OTOPARK,1,0,08:00-18:00
2026-08-19T13:04:12.133039+00:00,2026-08-19T16:04:12.133039+03:00,2030,Dalyan Açık Otoparkı,KADIKÖY,40.9632,29.0651,92,0,92,AÇIK OTOPARK,1,15,24 Saat
2026-08-19T13:04:12.133039+00:00,2026-08-19T16:04:12.133039+03:00,2271,Damla Sokak 1,ŞİŞLİ,41.0672,29.0004,17,1,16,YOL ÜSTÜ,1,15,07:30-16:30
2026-08-19T13:04:12.133039+00:00,2026-08-19T16:04:12.133039+03:00,2164,Darüşşafaka Yeraltı Otoparkı,SARIYER,41.1292,29.0252,150,115,35,KAPALI OTOPARK,1,15,08:00-00:00
2026-08-19T13:04:12.133039+00:00,2026-08-19T16:04:12.133039+03:00,1653,Deniz Feneri Otoparkı,FATİH,41.0019,28.9773,175,53,122,AÇIK OTOPARK,1,5,24 Saat
2026-08-19T13:04:12.133039+00:00,2026-08-19T16:04:12.133039+03:00,595,Dostluk Yurdu 1,FATİH,41.0071,28.973,33,33,0,YOL ÜSTÜ,1,15,07:00-17:00
2026-08-19T13:04:12.133039+00:00,2026-08-19T16:04:12.133039+03:00,2237,Dragos Sosyal Tesisleri,KARTAL,40.9017,29.1458,100,21,79,AÇIK OTOPARK,1,15,24 Saat
2026-08-19T13:04:12.133039+00:00,2026-08-19T16:04:12.133039+03:00,3063,Dudullu Metro PD Zemin Altı Otoparkı,ÜMRANİYE,41.0156,29.1633,81,49,32,KAPALI OTOPARK,1,15,07:00-23:30
2026-08-19T13:04:12.133039+00:00,2026-08-19T16:04:12.133039+03:00,1522,Ebu Suut Caddesi 1,FATİH,41.0128,28.9766,35,1,34,YOL ÜSTÜ,1,0,08:00-18:00
2026-08-19T13:04:12.133039+00:00,2026-08-19T16:04:12.133039+03:00,2147,EGS Blokları Açık Otoparkı,BAKIRKÖY,40.9863,28.8354,350,0,350,AÇIK OTOPARK,1,60,09:00-19:30
2026-08-19T13:04:12.133039+00:00,2026-08-19T16:04:12.133039+03:00,2366,Esenler Adem Baştürk Kültür Merkezi Katlı,ESENLER,41.039,28.8846,460,72,388,KAPALI OTOPARK,1,15,24 Saat
2026-08-19T13:04:12.133039+00:00,2026-08-19T16:04:12.133039+03:00,3190,Esenler Havaalanı Mahallesi Zemin Altı Otoparkı,ESENLER,41.0562,28.8674,610,370,240,KAPALI OTOPARK,1,10,24 Saat
2026-08-19T13:04:12.133039+00:00,2026-08-19T16:04:12.133039+03:00,3011,Esenler Menderes Metro İstasyonu Yanı,ESENLER,41.0427,28.8783,68,15,53,AÇIK OTOPARK,1,5,24 Saat
2026-08-19T13:04:12.133039+00:00,2026-08-19T16:04:12.133039+03:00,2822,Esenler Menderes Parkı Zemin Altı Otoparkı,ESENLER,41.0412,28.8729,325,92,233,KAPALI OTOPARK,1,10,24 Saat
2026-08-19T13:04:12.133039+00:00,2026-08-19T16:04:12.133039+03:00,3303,Esenyurt Adile Naşit Bulvarı Zeminaltı Otoparkı,ESENYURT,41.0205,28.6859,367,289,78,KAPALI OTOPARK,1,15,24 Saat
2026-08-19T13:04:12.133039+00:00,2026-08-19T16:04:12.133039+03:00,1328,Eski Salı Pazarı,KADIKÖY,40.9904,29.0338,760,0,760,AÇIK OTOPARK,1,15,24 Saat
2026-08-19T13:04:12.133039+00:00,2026-08-19T16:04:12.133039+03:00,904,Eyüp Pierloti Caddesi 1,EYÜP,41.0539,28.9329,40,1,39,YOL ÜSTÜ,1,0,09:00-22:00
2026-08-19T13:04:12.133039+00:00,2026-08-19T16:04:12.133039+03:00,2850,Eyüpsultan Akşemsettin Mahallesi Zemin Altı Otoparkı,EYÜP,41.085,28.9258,110,0,110,KAPALI OTOPARK,1,15,24 Saat
2026-08-19T13:04:12.133039+00:00,2026-08-19T16:04:12.133039+03:00,2215,Fatih Çeşmesi Tabiat Parkı Otoparkı,SARIYER,41.1686,28.9448,250,243,7,AÇIK OTOPARK,1,0,06:00-20:00
2026-08-19T13:04:12.133039+00:00,2026-08-19T16:04:12.133039+03:00,1475,Fatih Katlı Otoparkı,FATİH,41.0198,28.9396,118,0,118,KAPALI OTOPARK,1,10,24 Saat
2026-08-19T13:04:12.133039+00:00,2026-08-19T16:04:12.133039+03:00,1591,Feshane PD Açık Otoparkı,EYÜP,41.0463,28.9378,200,6,194,AÇIK OTOPARK,1,15,24 Saat
2026-08-19T13:04:12.133039+00:00,2026-08-19T16:04:12.133039+03:00,1005,Florya Havuzlu Bahçe,BAKIRKÖY,40.9764,28.7908,135,1,134,AÇIK OTOPARK,1,0,09:00-23:00
2026-08-19T13:04:12.133039+00:00,2026-08-19T16:04:12.133039+03:00,2238,Florya Sosyal Tesisleri,BAKIRKÖY,40.9614,28.8091,1074,769,305,AÇIK OTOPARK,1,15,24 Saat
2026-08-19T13:04:12.133039+00:00,2026-08-19T16:04:12.133039+03:00,1704,Gazi Umur Paşa Sokak 5,BEŞİKTAŞ,41.0589,29.0114,45,1,44,YOL ÜSTÜ,1,15,08:00-17:00
2026-08-19T13:04:12.133039+00:00,2026-08-19T16:04:12.133039+03:00,3296,Gaziosmanpaşa Meydanı ve Yaşam Merkezi Zemin Altı Otoparkı,GAZİOSMANPAŞA,41.0606,28.9093,202,0,202,KAPALI OTOPARK,1,15,24 Saat
2026-08-19T13:04:12.133039+00:00,2026-08-19T16:04:12.133039+03:00,2971,Gaziosmanpaşa Zemin Altı Otoparkı,GAZİOSMANPAŞA,41.0796,28.8858,285,0,285,KAPALI OTOPARK,1,0,24 Saat
2026-08-19T13:04:12.133039+00:00,2026-08-19T16:04:12.133039+03:00,3401,Giyimkent Tekstilkent Metro Zemin Altı PD Otoparkı,ESENLER,41.0711,28.8666,203,163,40,KAPALI OTOPARK,1,10,24 Saat
2026-08-19T13:04:12.133039+00:00,2026-08-19T16:04:12.133039+03:00,2242,Gözdağı Sosyal Tesisler  Açık Otoparkı,PENDİK,40.893,29.2538,300,216,84,AÇIK OTOPARK,1,0,07:00-23:00
2026-08-19T13:04:12.133039+00:00,2026-08-19T16:04:12.133039+03:00,1879,Gülsuyu Metro PD Yer Altı Otoparkı,MALTEPE,40.9237,29.1548,76,0,76,KAPALI OTOPARK,1,15,08:00-00:00
2026-08-19T13:04:12.133039+00:00,2026-08-19T16:04:12.133039+03:00,1423,Güneş Plajı 1,BAKIRKÖY,40.9712,28.79,250,138,112,AÇIK OTOPARK,1,10,24 Saat
2026-08-19T13:04:12.133039+00:00,2026-08-19T16:04:12.133039+03:00,1461,Güneş Plajı 2,BAKIRKÖY,40.9692,28.7951,135,89,46,AÇIK OTOPARK,1,10,08:00-20:00
2026-08-19T13:04:12.133039+00:00,2026-08-19T16:04:12.133039+03:00,3053,Güngören Nikah Dairesi Zemin Altı otoparkı,GÜNGÖREN,41.0363,28.8718,147,0,147,KAPALI OTOPARK,1,10,24 Saat
2026-08-19T13:04:12.133039+00:00,2026-08-19T16:04:12.133039+03:00,2216,Gürpınar Balık Hali Otoparkı,BEYLİKDÜZÜ,40.9663,28.6019,1000,713,287,AÇIK OTOPARK,1,15,24 Saat
2026-08-19T13:04:12.133039+00:00,2026-08-19T16:04:12.133039+03:00,1525,Hacıosman Metro Yer Altı Otoparkı,SARIYER,41.14,29.0306,422,26,396,KAPALI OTOPARK,1,15,24 Saat
2026-08-19T13:04:12.133039+00:00,2026-08-19T16:04:12.133039+03:00,1470,Haldun Alagaş Katlı Otoparkı,ÜMRANİYE,41.0262,29.1052,197,37,160,KAPALI OTOPARK,1,15,24 Saat
2026-08-19T13:04:12.133039+00:00,2026-08-19T16:04:12.133039+03:00,3235,Haliç Sosyal Tesisleri Otoparkı,FATİH,41.0277,28.9572,60,21,39,AÇIK OTOPARK,1,15,07:00-00:00
2026-08-19T13:04:12.133039+00:00,2026-08-19T16:04:12.133039+03:00,2848,Halkalı Mahallesi Zemin Altı Otoparkı,KÜÇÜKÇEKMECE,41.0359,28.7848,347,185,162,KAPALI OTOPARK,1,15,24 Saat
2026-08-19T13:04:12.133039+00:00,2026-08-19T16:04:12.133039+03:00,2838,Hamidiye Mahallesi Katlı Otoparkı,KAĞITHANE,41.0949,28.971,450,209,241,KAPALI OTOPARK,1,15,24 Saat
2026-08-19T13:04:12.133039+00:00,2026-08-19T16:04:12.133039+03:00,1446,Harbiye Zemin Altı Otoparkı,BEYOĞLU,41.0408,28.9869,142,0,142,KAPALI OTOPARK,1,5,24 Saat
2026-08-19T13:04:12.133039+00:00,2026-08-19T16:04:12.133039+03:00,2332,Haydarpaşa Katlı Otoparkı,ÜSKÜDAR,41.0048,29.0251,840,561,279,KAPALI OTOPARK,1,15,24 Saat
2026-08-19T13:04:12.133039+00:00,2026-08-19T16:04:12.133039+03:00,1987,Haznedar Yer Altı Otoparkı,GÜNGÖREN,41.0083,28.8729,540,0,540,KAPALI OTOPARK,1,0,24 Saat
2026-08-19T13:04:12.133039+00:00,2026-08-19T16:04:12.133039+03:00,377,Hızır Külhani Sokak,FATİH,41.0202,28.9605,32,1,31,YOL ÜSTÜ,1,15,09:00-17:00
2026-08-19T13:04:12.133039+00:00,2026-08-19T16:04:12.133039+03:00,3173,Hürriyet Mahallesi Zeminaltı Otoparkı,GAZİOSMANPAŞA,41.0708,28.8951,190,0,190,KAPALI OTOPARK,1,15,24 Saat
2026-08-19T13:04:12.133039+00:00,2026-08-19T16:04:12.133039+03:00,157,Ihlamur Dere Caddesi 4,BEŞİKTAŞ,41.047,29.0023,27,1,26,YOL ÜSTÜ,1,15,09:00-17:00
2026-08-19T13:04:12.133039+00:00,2026-08-19T16:04:12.133039+03:00,1189,İçerenköy Sebze Meyve Hali Otoparkı,ATAŞEHİR,40.9766,29.1044,600,600,0,AÇIK OTOPARK,1,15,24 Saat
2026-08-19T13:04:12.133039+00:00,2026-08-19T16:04:12.133039+03:00,1127,İshakpaşa Caddesi,FATİH,41.0079,28.9814,200,1,199,YOL ÜSTÜ,1,0,08:00-18:00
2026-08-19T13:04:12.133039+00:00,2026-08-19T16:04:12.133039+03:00,3265,İspark İstanbul West Marina Açık Otoparkı 1,BEYLİKDÜZÜ,40.9636,28.6564,250,1,249,AÇIK OTOPARK,1,15,24 Saat
2026-08-19T13:04:12.133039+00:00,2026-08-19T16:04:12.133039+03:00,2793,İspark Merter Katlı Otoparkı,GÜNGÖREN,41.0097,28.89,900,263,637,KAPALI OTOPARK,1,10,24 Saat
2026-08-19T13:04:12.133039+00:00,2026-08-19T16:04:12.133039+03:00,2430,İspark West İstanbul Marina Açık Otoparkı,BEYLİKDÜZÜ,40.9639,28.6591,1600,888,712,AÇIK OTOPARK,1,15,24 Saat
2026-08-19T13:04:12.133039+00:00,2026-08-19T16:04:12.133039+03:00,381,İstinye 4 ( Cami Önü ),SARIYER,41.1149,29.0571,25,1,24,YOL ÜSTÜ,1,15,08:30-17:30
2026-08-19T13:04:12.133039+00:00,2026-08-19T16:04:12.133039+03:00,1804,İtalyan Hastanesi Karşısı Açık Otoparkı 1,BEYOĞLU,41.028,28.9815,30,1,29,AÇIK OTOPARK,1,0,08:00-19:00
2026-08-19T13:04:12.133039+00:00,2026-08-19T16:04:12.133039+03:00,507,Kabasakal Medrese Önü,FATİH,41.0062,28.9789,65,1,64,AÇIK OTOPARK,1,0,08:00-18:30
2026-08-19T13:04:12.133039+00:00,2026-08-19T16:04:12.133039+03:00,3306,Kabataş Transfer Merkezi Turizm Otobüs Otoparkı,BEYOĞLU,41.0336,28.9923,160,0,160,KAPALI OTOPARK,1,20,24 Saat
2026-08-19T13:04:12.133039+00:00,2026-08-19T16:04:12.133039+03:00,2918,Kadıköy Hasanpaşa Gazhane Katlı Otoparkı,KADIKÖY,40.9972,29.0428,310,190,120,KAPALI OTOPARK,1,15,24 Saat
2026-08-19T13:04:12.133039+00:00,2026-08-19T16:04:12.133039+03:00,1447,Kadıköy İski Açık Otoparkı,KADIKÖY,40.9874,29.0207,124,3,121,AÇIK OTOPARK,1,15,24 Saat
2026-08-19T13:04:12.133039+00:00,2026-08-19T16:04:12.133039+03:00,1655,Kadıköy Metro Açık Otoparkı,KADIKÖY,40.9899,29.0217,74,0,74,AÇIK OTOPARK,1,15,24 Saat
2026-08-19T13:04:12.133039+00:00,2026-08-19T16:04:12.133039+03:00,3445,Kadıköy Uzunçayır PD Açık Otoparkı,KADIKÖY,40.9982,29.0569,70,40,30,AÇIK OTOPARK,1,15,06:30-16:30
2026-08-19T13:04:12.133039+00:00,2026-08-19T16:04:12.133039+03:00,2808,Kadıköy Yeni Salı Pazarı PD Katlı Otoparkı,KADIKÖY,40.9969,29.0486,1350,692,658,KAPALI OTOPARK,1,15,24 Saat
2026-08-19T13:04:12.133039+00:00,2026-08-19T16:04:12.133039+03:00,2811,Kağıthane Harmantepe Zemin Altı Otoparkı,KAĞITHANE,41.0816,28.9907,200,0,200,KAPALI OTOPARK,1,0,24 Saat
2026-08-19T13:04:12.133039+00:00,2026-08-19T16:04:12.133039+03:00,1452,Kalamış Açık Otoparkı,KADIKÖY,40.9687,29.0363,173,106,67,AÇIK OTOPARK,1,15,24 Saat
2026-08-19T13:04:12.133039+00:00,2026-08-19T16:04:12.133039+03:00,1474,Kartal Hasan Doğan Spor Kompleksi,KARTAL,40.8918,29.1897,773,0,773,KAPALI OTOPARK,1,15,24 Saat
2026-08-19T13:04:12.133039+00:00,2026-08-19T16:04:12.133039+03:00,1105,Kartal İdo Açık Otoparkı,KARTAL,40.8874,29.1881,90,0,90,AÇIK OTOPARK,1,15,24 Saat
2026-08-19T13:04:12.133039+00:00,2026-08-19T16:04:12.133039+03:00,1550,Kartal Sahil Açık Otoparkı,KARTAL,40.8875,29.1901,75,0,75,AÇIK OTOPARK,1,5,24 Saat
2026-08-19T13:04:12.133039+00:00,2026-08-19T16:04:12.133039+03:00,3434,Kasımpaşa Sosyal Tesisler Otoparkı,BEYOĞLU,41.0296,28.9673,60,37,23,AÇIK OTOPARK,1,0,07:30-23:00
2026-08-19T13:04:12.133039+00:00,2026-08-19T16:04:12.133039+03:00,1960,Kazlıçeşme Marmaray Açık Otoparkı,ZEYTİNBURNU,40.9922,28.917,700,496,204,AÇIK OTOPARK,1,15,24 Saat
2026-08-19T13:04:12.133039+00:00,2026-08-19T16:04:12.133039+03:00,2994,Kirazlı Metro Durağı PD Açık Otoparkı,BAĞCILAR,41.033,28.8429,112,0,112,AÇIK OTOPARK,1,5,24 Saat
2026-08-19T13:04:12.133039+00:00,2026-08-19T16:04:12.133039+03:00,1528,Kore Şehitleri Caddesi - Yüzbaşı Kaya Aldağon Sokak 1,ŞİŞLİ,41.0719,29.0139,40,1,39,YOL ÜSTÜ,0,15,07:00-16:00
2026-08-19T13:04:12.133039+00:00,2026-08-19T16:04:12.133039+03:00,2449,Kozyatağı Sebze-Meyve Hali,ATAŞEHİR,40.9787,29.1029,1500,1500,0,AÇIK OTOPARK,1,0,24 Saat
2026-08-19T13:04:12.133039+00:00,2026-08-19T16:04:12.133039+03:00,1206,Kutlugün Sokak 2,FATİH,41.0061,28.9801,200,1,199,YOL ÜSTÜ,1,0,08:00-18:00
2026-08-19T13:04:12.133039+00:00,2026-08-19T16:04:12.133039+03:00,3074,Küçük Çamlıca,ÜSKÜDAR,41.0204,29.0653,129,105,24,AÇIK OTOPARK,1,0,08:00-22:00
2026-08-19T13:04:12.133039+00:00,2026-08-19T16:04:12.133039+03:00,3127,Küçükçekmece Cennet Mahallesi Meydan Zemin Altı Otoparkı,KÜÇÜKÇEKMECE,40.9907,28.783,456,0,456,KAPALI OTOPARK,1,10,24 Saat
2026-08-19T13:04:12.133039+00:00,2026-08-19T16:04:12.133039+03:00,2554,Küçükçekmece Fevzi Çakmak Meydanı Zemin Altı Otoparkı,KÜÇÜKÇEKMECE,41.0076,28.7927,1000,524,476,KAPALI OTOPARK,1,10,24 Saat
2026-08-19T13:04:12.133039+00:00,2026-08-19T16:04:12.133039+03:00,2882,Küçüksu Kasrı Açık Otoparkı,BEYKOZ,41.0789,29.0657,98,92,6,AÇIK OTOPARK,1,0,07:00-23:00
2026-08-19T13:04:12.133039+00:00,2026-08-19T16:04:12.133039+03:00,220,Levent Hamidiye,BEŞİKTAŞ,41.0861,29.0076,100,1,99,AÇIK OTOPARK,1,0,08:00-19:00
2026-08-19T13:04:12.133039+00:00,2026-08-19T16:04:12.133039+03:00,1138,Levent Metro Yer Altı Otoparkı,BEŞİKTAŞ,41.0811,29.0105,100,100,0,AÇIK OTOPARK,1,5,07:30-19:30
2026-08-19T13:04:12.133039+00:00,2026-08-19T16:04:12.133039+03:00,2335,Maçka Açık Otoparkı,ŞİŞLİ,41.046,28.9908,75,71,4,AÇIK OTOPARK,1,0,24 Saat
2026-08-19T13:04:12.133039+00:00,2026-08-19T16:04:12.133039+03:00,1859,Maçka Katlı Otoparkı,ŞİŞLİ,41.0484,28.9903,508,0,508,KAPALI OTOPARK,1,0,24 Saat
2026-08-19T13:04:12.133039+00:00,2026-08-19T16:04:12.133039+03:00,3193,Maltepe Rıhtım Caddesi Açık Otoparkı,MALTEPE,40.9258,29.1241,76,52,24,AÇIK OTOPARK,1,0,24 Saat
2026-08-19T13:04:12.133039+00:00,2026-08-19T16:04:12.133039+03:00,2146,Maltepe Süreyyapaşa Çarşısı Açık Otoparkı,MALTEPE,40.9274,29.1225,156,91,65,AÇIK OTOPARK,1,0,24 Saat
2026-08-19T13:04:12.133039+00:00,2026-08-19T16:04:12.133039+03:00,1599,Maslak Açık Otoparkı,SARIYER,41.1166,29.024,150,55,95,AÇIK OTOPARK,1,10,24 Saat
2026-08-19T13:04:12.133039+00:00,2026-08-19T16:04:12.133039+03:00,2100,Matbaacılar Sitesi Yanı,ZEYTİNBURNU,41.0234,28.9187,250,131,119,AÇIK OTOPARK,1,5,24 Saat
2026-08-19T13:04:12.133039+00:00,2026-08-19T16:04:12.133039+03:00,920,Meclis-i Mebusan Yokuşu 2,BEYOĞLU,41.0326,28.9882,34,1,33,YOL ÜSTÜ,1,15,09:00-17:00
2026-08-19T13:04:12.133039+00:00,2026-08-19T16:04:12.133039+03:00,1546,Menekşe Plajı Açık Otoparkı,BAKIRKÖY,40.9761,28.7766,200,199,1,AÇIK OTOPARK,1,0,24 Saat
2026-08-19T13:04:12.133039+00:00,2026-08-19T16:04:12.133039+03:00,1376,Mercan Açık,FATİH,41.0136,28.9669,130,8,122,AÇIK OTOPARK,1,0,08:00-23:00
2026-08-19T13:04:12.133039+00:00,2026-08-19T16:04:12.133039+03:00,3309,Mercan Ali Paşa Sarayı Zemin Altı Otoparkı,FATİH,41.0136,28.967,196,1,195,KAPALI OTOPARK,1,0,07:00-21:00
2026-08-19T13:04:12.133039+00:00,2026-08-19T16:04:12.133039+03:00,1472,Merter Katlı Otoparkı,GÜNGÖREN,41.0092,28.8874,1000,855,145,KAPALI OTOPARK,1,10,24 Saat
2026-08-19T13:04:12.133039+00:00,2026-08-19T16:04:12.133039+03:00,2375,Merter Metro PD Zeminaltı Otoparkı,GÜNGÖREN,41.0037,28.8897,242,74,168,KAPALI OTOPARK,1,10,24 Saat
2026-08-19T13:04:12.133039+00:00,2026-08-19T16:04:12.133039+03:00,1568,Mete Caddesi 1,BEYOĞLU,41.0382,28.9879,31,1,30,YOL ÜSTÜ,1,15,08:00-23:00
2026-08-19T13:04:12.133039+00:00,2026-08-19T16:04:12.133039+03:00,1471,Mevlana Yeraltı Katlı Otoparkı,ZEYTİNBURNU,41.0072,28.9049,1000,860,140,KAPALI OTOPARK,1,5,24 Saat
2026-08-19T13:04:12.133039+00:00,2026-08-19T16:04:12.133039+03:00,2709,Millet Caddesi Açık Otoparkı,FATİH,41.01,28.9461,60,1,59,AÇIK OTOPARK,1,15,24 Saat
2026-08-19T13:04:12.133039+00:00,2026-08-19T16:04:12.133039+03:00,3152,Mimar Sinan Zemin Altı Otoparkı,ÜSKÜDAR,41.0222,29.0169,956,26,930,KAPALI OTOPARK,1,15,24 Saat
2026-08-19T13:04:12.133039+00:00,2026-08-19T16:04:12.133039+03:00,2870,Miniatürk Çadır Açık Otoparkı,BEYOĞLU,41.0594,28.9501,250,143,107,AÇIK OTOPARK,1,15,07:00-20:00
2026-08-19T13:04:12.133039+00:00,2026-08-19T16:04:12.133039+03:00,2556,Muallim Naci Açık Otoparkı,BEŞİKTAŞ,41.0561,29.0342,35,22,13,AÇIK OTOPARK,1,15,24 Saat
2026-08-19T13:04:12.133039+00:00,2026-08-19T16:04:12.133039+03:00,569,Oda Kule Önü 1,BEYOĞLU,41.0322,28.9751,24,1,23,YOL ÜSTÜ,1,0,07:00-01:00
2026-08-19T13:04:12.133039+00:00,2026-08-19T16:04:12.133039+03:00,1988,Orhangazi Şehir Parkı PD Açık Otoparkı,MALTEPE,40.9313,29.1161,5022,4352,670,AÇIK OTOPARK,1,15,24 Saat
2026-08-19T13:04:12.133039+00:00,2026-08-19T16:04:12.133039+03:00,152,Ortabahçe Caddesi 2,BEŞİKTAŞ,41.0428,29.0043,35,1,34,YOL ÜSTÜ,1,15,08:00-23:00
2026-08-19T13:04:12.133039+00:00,2026-08-19T16:04:12.133039+03:00,153,Ortabahçe Caddesi 3,BEŞİKTAŞ,41.043,29.0042,26,1,25,YOL ÜSTÜ,1,15,08:00-23:00
2026-08-19T13:04:12.133039+00:00,2026-08-19T16:04:12.133039+03:00,119,Ortaklar Caddesi 1,ŞİŞLİ,41.0638,28.9971,25,1,24,YOL ÜSTÜ,1,15,08:30-17:00
2026-08-19T13:04:12.133039+00:00,2026-08-19T16:04:12.133039+03:00,1343,Ortaköy Açık Otoparkı,BEŞİKTAŞ,41.0504,29.0326,170,141,29,AÇIK OTOPARK,1,0,24 Saat
2026-08-19T13:04:12.133039+00:00,2026-08-19T16:04:12.133039+03:00,572,Ortaköy Portakal Yokuşu 1,BEŞİKTAŞ,41.0503,29.0261,15,15,0,YOL ÜSTÜ,1,15,09:00-19:00
2026-08-19T13:04:12.133039+00:00,2026-08-19T16:04:12.133039+03:00,1039,Öğretmen Evi,AVCILAR,40.9723,28.714,80,42,38,AÇIK OTOPARK,1,0,11:00-23:00
2026-08-19T13:04:12.133039+00:00,2026-08-19T16:04:12.133039+03:00,1466,Pendik Katlı Otoparkı,PENDİK,40.8789,29.2342,120,0,120,KAPALI OTOPARK,1,15,24 Saat
2026-08-19T13:04:12.133039+00:00,2026-08-19T16:04:12.133039+03:00,3073,Pendik Kemal Kalkuz Parkı Zemin Altı Otoparkı,PENDİK,40.8885,29.2427,224,0,224,KAPALI OTOPARK,1,0,09:00-18:00
2026-08-19T13:04:12.133039+00:00,2026-08-19T16:04:12.133039+03:00,3019,Pendik Meydan Zemin Altı Otoparkı,PENDİK,40.8752,29.2324,937,0,937,KAPALI OTOPARK,1,0,24 Saat
2026-08-19T13:04:12.133039+00:00,2026-08-19T16:04:12.133039+03:00,2865,Pendik Sahil Engelliler Merkez Önü,PENDİK,40.8735,29.233,100,66,34,AÇIK OTOPARK,1,0,11:00-20:00
2026-08-19T13:04:12.133039+00:00,2026-08-19T16:04:12.133039+03:00,2434,Pendik Sahil İdo,PENDİK,40.8755,29.2369,100,0,100,AÇIK OTOPARK,1,0,07:00-23:00
2026-08-19T13:04:12.133039+00:00,2026-08-19T16:04:12.133039+03:00,248,Pendik Yenimahalle Açık 2 Otoparkı,PENDİK,40.864,29.2723,124,87,37,AÇIK OTOPARK,1,15,10:00-22:00
2026-08-19T13:04:12.133039+00:00,2026-08-19T16:04:12.133039+03:00,297,Perşembe Pazarı 1,BEYOĞLU,41.0252,28.9693,32,1,31,YOL ÜSTÜ,1,15,08:00-17:00
2026-08-19T13:04:12.133039+00:00,2026-08-19T16:04:12.133039+03:00,597,Pierre Loti Caddesi 3,FATİH,41.0069,28.9711,36,1,35,YOL ÜSTÜ,1,0,07:00-17:00
2026-08-19T13:04:12.133039+00:00,2026-08-19T16:04:12.133039+03:00,3263,Piyalepaşa Meydanı Zemin Altı Otoparkı,BEYOĞLU,41.0445,28.9674,560,285,275,KAPALI OTOPARK,1,0,24 Saat
2026-08-19T13:04:12.133039+00:00,2026-08-19T16:04:12.133039+03:00,1900,Ragıp Gümüşpala Cad.(Sobacılar Önü),FATİH,41.0181,28.969,40,1,39,YOL ÜSTÜ,1,15,07:00-18:00
2026-08-19T13:04:12.133039+00:00,2026-08-19T16:04:12.133039+03:00,415,Ragıp Gümüşpala Camii Önü 1,FATİH,41.0211,28.9627,35,1,34,YOL ÜSTÜ,1,0,07:00-17:30
2026-08-19T13:04:12.133039+00:00,2026-08-19T16:04:12.133039+03:00,3268,Refik Saydam Caddesi 3,BEYOĞLU,41.032,28.9736,55,1,54,YOL ÜSTÜ,1,0,06:00-23:00
2026-08-19T13:04:12.133039+00:00,2026-08-19T16:04:12.133039+03:00,2307,Ressam Halim Sokak PD Açık Otoparkı,BAHÇELİEVLER,40.9967,28.8641,120,76,44,AÇIK OTOPARK,1,15,08:00-00:00
2026-08-19T13:04:12.133039+00:00,2026-08-19T16:04:12.133039+03:00,3082,Rumeli Hisarı Sahil Yolu Otoparkı,SARIYER,41.0854,29.0568,20,0,20,AÇIK OTOPARK,1,0,24 Saat
2026-08-19T13:04:12.133039+00:00,2026-08-19T16:04:12.133039+03:00,1595,Sabiha Gökçen Açık Otoparkı,PENDİK,40.925,29.308,1056,201,855,AÇIK OTOPARK,1,15,24 Saat
2026-08-19T13:04:12.133039+00:00,2026-08-19T16:04:12.133039+03:00,3239,Samatya Sahil Cep Otoparkı,FATİH,40.9954,28.932,113,107,6,AÇIK OTOPARK,1,15,24 Saat
2026-08-19T13:04:12.133039+00:00,2026-08-19T16:04:12.133039+03:00,3273,Sarıyer Büyükdere Fidanlığı,SARIYER,41.1548,29.0268,160,155,5,AÇIK OTOPARK,1,0,08:00-18:00
2026-08-19T13:04:12.133039+00:00,2026-08-19T16:04:12.133039+03:00,3299,Sariyer Ayazağa Mah Vadi İstanbul Önü Açık Otoparkı,SARIYER,41.1106,28.9881,100,95,5,AÇIK OTOPARK,1,0,08:00-20:00
2026-08-19T13:04:12.133039+00:00,2026-08-19T16:04:12.133039+03:00,1303,Seyrantepe Katlı (Arena Karşısı) 1,KAĞITHANE,41.101,28.9961,1897,1897,0,KAPALI OTOPARK,1,0,24 Saat
2026-08-19T13:04:12.133039+00:00,2026-08-19T16:04:12.133039+03:00,1628,Sıracevizler Caddesi Yol Üstü 5,ŞİŞLİ,41.0607,28.9841,45,1,44,YOL ÜSTÜ,1,15,09:00-17:00
2026-08-19T13:04:12.133039+00:00,2026-08-19T16:04:12.133039+03:00,464,Sirkeci Gar Önü,FATİH,41.015,28.9761,60,1,59,AÇIK OTOPARK,1,5,07:00-20:00
2026-08-19T13:04:12.133039+00:00,2026-08-19T16:04:12.133039+03:00,1486,Siyavuşpaşa Yer Altı Otoparkı,BAHÇELİEVLER,40.9965,28.8532,155,0,155,KAPALI OTOPARK,1,0,24 Saat
2026-08-19T13:04:12.133039+00:00,2026-08-19T16:04:12.133039+03:00,1958,Soğanlık Metro PD Açık Otoparkı,KARTAL,40.9131,29.1925,898,816,82,AÇIK OTOPARK,1,15,24 Saat
2026-08-19T13:04:12.133039+00:00,2026-08-19T16:04:12.133039+03:00,589,Su Terazisi Sokak,FATİH,41.0046,28.9727,22,1,21,YOL ÜSTÜ,1,0,07:30-17:00
2026-08-19T13:04:12.133039+00:00,2026-08-19T16:04:12.133039+03:00,1478,Suadiye Cep Açık Otoparkı,KADIKÖY,40.9586,29.0732,130,93,37,AÇIK OTOPARK,1,15,24 Saat
2026-08-19T13:04:12.133039+00:00,2026-08-19T16:04:12.133039+03:00,2948,Suadiye Sahil Açık Otoparkı,KADIKÖY,40.9562,29.0797,70,36,34,AÇIK OTOPARK,1,5,24 Saat
2026-08-19T13:04:12.133039+00:00,2026-08-19T16:04:12.133039+03:00,2799,Sultanbeyli Emir Caddesi Zemin Altı Otoparkı,SULTANBEYLİ,40.9707,29.2606,130,40,90,KAPALI OTOPARK,1,15,08:00-22:00
2026-08-19T13:04:12.133039+00:00,2026-08-19T16:04:12.133039+03:00,2372,Sultanbeyli Kent Meydanı Zemin Altı Otoparkı,SULTANBEYLİ,40.9667,29.2667,300,108,192,KAPALI OTOPARK,1,15,24 Saat
2026-08-19T13:04:12.133039+00:00,2026-08-19T16:04:12.133039+03:00,2410,Sultangazi Zemin Altı Otoparkı,SULTANGAZİ,41.0944,28.8649,104,0,104,KAPALI OTOPARK,1,10,24 Saat
2026-08-19T13:04:12.133039+00:00,2026-08-19T16:04:12.133039+03:00,2085,Süleyman Seba Caddesi 2,BEŞİKTAŞ,41.0426,28.9998,40,1,39,YOL ÜSTÜ,1,15,08:00-18:00
2026-08-19T13:04:12.133039+00:00,2026-08-19T16:04:12.133039+03:00,2088,Süleyman Seba Caddesi 5,BEŞİKTAŞ,41.0432,28.9978,40,1,39,YOL ÜSTÜ,1,15,08:00-18:00
2026-08-19T13:04:12.133039+00:00,2026-08-19T16:04:12.133039+03:00,2089,Süleyman Seba Caddesi 6,BEŞİKTAŞ,41.0435,28.9967,11,1,10,YOL ÜSTÜ,1,15,08:00-18:00
2026-08-19T13:04:12.133039+00:00,2026-08-19T16:04:12.133039+03:00,2391,Süleymaniye Cami Altı Açık Otoparkı,FATİH,41.0158,28.961,250,235,15,AÇIK OTOPARK,1,0,06:30-18:30
2026-08-19T13:04:12.133039+00:00,2026-08-19T16:04:12.133039+03:00,1730,Sütlüce Miniatürk Yanı,BEYOĞLU,41.057,28.95,320,228,92,AÇIK OTOPARK,1,15,24 Saat
2026-08-19T13:04:12.133039+00:00,2026-08-19T16:04:12.133039+03:00,36,Şakayık Sokak 4,ŞİŞLİ,41.0518,28.9936,50,1,49,YOL ÜSTÜ,0,15,08:00-16:00
2026-08-19T13:04:12.133039+00:00,2026-08-19T16:04:12.133039+03:00,1469,Şehit Volkan Duysak Katlı Otoparkı,ZEYTİNBURNU,40.9968,28.9039,1000,684,316,KAPALI OTOPARK,1,5,24 Saat
2026-08-19T13:04:12.133039+00:00,2026-08-19T16:04:12.133039+03:00,2385,Şehremini Açık Otoparkı 1,FATİH,41.0135,28.9333,60,1,59,AÇIK OTOPARK,1,0,08:30-20:30
2026-08-19T13:04:12.133039+00:00,2026-08-19T16:04:12.133039+03:00,2855,Şemsipaşa Açık Otoparkı,ÜSKÜDAR,41.0255,29.0097,80,33,47,AÇIK OTOPARK,1,0,24 Saat
2026-08-19T13:04:12.133039+00:00,2026-08-19T16:04:12.133039+03:00,2439,Şirinevler Meydan Zeminaltı Otoparkı,BAHÇELİEVLER,40.9925,28.8496,367,23,344,KAPALI OTOPARK,1,0,24 Saat
2026-08-19T13:04:12.133039+00:00,2026-08-19T16:04:12.133039+03:00,3400,Şişhane Refik Saydam Caddesi 2 Yol Üstü Otoparkı 1,BEYOĞLU,41.0326,28.9743,70,1,69,YOL ÜSTÜ,1,15,06:00-23:00
2026-08-19T13:04:12.133039+00:00,2026-08-19T16:04:12.133039+03:00,3441,Şişli Kuştepe Zemin Altı Otoparkı,ŞİŞLİ,41.072,28.9919,430,313,117,KAPALI OTOPARK,1,15,24 Saat
2026-08-19T13:04:12.133039+00:00,2026-08-19T16:04:12.133039+03:00,2816,Şişli Rumeli Caddesi Metro Yanı 1,ŞİŞLİ,41.0538,28.9868,45,1,44,YOL ÜSTÜ,1,15,08:00-20:00
2026-08-19T13:04:12.133039+00:00,2026-08-19T16:04:12.133039+03:00,2406,Şişli Zemin Altı Otoparkı,ŞİŞLİ,41.0641,28.9992,581,113,468,KAPALI OTOPARK,1,15,24 Saat
2026-08-19T13:04:12.133039+00:00,2026-08-19T16:04:12.133039+03:00,1993,Tuzla İdo,TUZLA,40.8149,29.3039,300,273,27,AÇIK OTOPARK,1,15,24 Saat
2026-08-19T13:04:12.133039+00:00,2026-08-19T16:04:12.133039+03:00,3332,Tuzla Sahil Cep,TUZLA,40.8168,29.2992,50,37,13,AÇIK OTOPARK,1,0,08:00-00:00
2026-08-19T13:04:12.133039+00:00,2026-08-19T16:04:12.133039+03:00,3057,Tuzla Sahil Zemin Altı Otoparkı,TUZLA,40.8181,29.3004,779,1,778,KAPALI OTOPARK,1,15,24 Saat
2026-08-19T13:04:12.133039+00:00,2026-08-19T16:04:12.133039+03:00,1811,Ulu Camii Açık Otoparkı,BAHÇELİEVLER,40.9982,28.8499,150,125,25,AÇIK OTOPARK,1,10,24 Saat
2026-08-19T13:04:12.133039+00:00,2026-08-19T16:04:12.133039+03:00,2424,Uzunçayır Açık Otoparkı,KADIKÖY,40.9988,29.0556,58,52,6,AÇIK OTOPARK,0,0,06:00-16:00
2026-08-19T13:04:12.133039+00:00,2026-08-19T16:04:12.133039+03:00,1468,Ümraniye Katlı Otoparkı,ÜMRANİYE,41.0261,29.0953,665,378,287,KAPALI OTOPARK,1,15,24 Saat
2026-08-19T13:04:12.133039+00:00,2026-08-19T16:04:12.133039+03:00,2898,Ümraniye Okan Sokak Zeminaltı Otoparkı,ÜMRANİYE,41.0284,29.0907,125,21,104,KAPALI OTOPARK,1,15,24 Saat
2026-08-19T13:04:12.133039+00:00,2026-08-19T16:04:12.133039+03:00,2345,Üsküdar Uzunçayır PD Açık Otoparkı,ÜSKÜDAR,40.9988,29.0577,90,49,41,AÇIK OTOPARK,1,15,06:00-22:00
2026-08-19T13:04:12.133039+00:00,2026-08-19T16:04:12.133039+03:00,1929,Üsküdar Ünalan Açık Otoparkı,ÜSKÜDAR,40.9979,29.0604,180,175,5,AÇIK OTOPARK,1,0,07:00-17:00
2026-08-19T13:04:12.133039+00:00,2026-08-19T16:04:12.133039+03:00,1487,Vatan Caddesi PD Açık Otoparkı,FATİH,41.0157,28.9405,397,209,188,AÇIK OTOPARK,1,5,24 Saat
2026-08-19T13:04:12.133039+00:00,2026-08-19T16:04:12.133039+03:00,2441,Yalı Açık Otoparkı,MALTEPE,40.9095,29.137,85,82,3,AÇIK OTOPARK,1,0,07:30-22:00
2026-08-19T13:04:12.133039+00:00,2026-08-19T16:04:12.133039+03:00,459,Yalı Köşkü Caddesi 1,FATİH,41.0163,28.9759,61,1,60,YOL ÜSTÜ,1,5,07:00-21:00
2026-08-19T13:04:12.133039+00:00,2026-08-19T16:04:12.133039+03:00,2037,Yenikapı Marmaray Büyük Otoparkı,FATİH,41.0057,28.9505,324,80,244,AÇIK OTOPARK,1,15,24 Saat
2026-08-19T13:04:12.133039+00:00,2026-08-19T16:04:12.133039+03:00,2036,Yenikapı Marmaray Küçük Otoparkı,FATİH,41.0064,28.9504,200,138,62,AÇIK OTOPARK,1,15,07:00-22:00
2026-08-19T13:04:12.133039+00:00,2026-08-19T16:04:12.133039+03:00,2175,Yenikapı Spor ve Kültür Merkezi PD Açık Otoparkı,FATİH,41.0006,28.9519,4023,3873,150,AÇIK OTOPARK,1,15,24 Saat
2026-08-19T13:04:12.133039+00:00,2026-08-19T16:04:12.133039+03:00,2805,Yenikapı Tünel Üstü Açık Otoparkı,FATİH,41.0029,28.9534,700,415,285,AÇIK OTOPARK,1,10,24 Saat
2026-08-19T13:04:12.133039+00:00,2026-08-19T16:04:12.133039+03:00,3404,Yenimahalle Metro Zemin Altı PD Otoparkı,GAZİOSMANPAŞA,41.0839,28.8926,114,100,14,KAPALI OTOPARK,1,15,24 Saat
2026-08-19T13:04:12.133039+00:00,2026-08-19T16:04:12.133039+03:00,2920,Yeşilce Zemin Altı Katlı Otoparkı,KAĞITHANE,41.0938,29.0017,676,0,676,KAPALI OTOPARK,1,0,24 Saat
2026-08-19T13:04:12.133039+00:00,2026-08-19T16:04:12.133039+03:00,987,Yeşilköy İstasyon Caddesi 1,BAKIRKÖY,40.962,28.825,40,1,39,YOL ÜSTÜ,1,15,09:00-17:30
2026-08-19T13:04:12.133039+00:00,2026-08-19T16:04:12.133039+03:00,974,Yeşilköy Marina 1,BAKIRKÖY,40.9576,28.8233,145,1,144,YOL ÜSTÜ,1,0,12:00-23:00
2026-08-19T13:04:12.133039+00:00,2026-08-19T16:04:12.133039+03:00,3406,Yeşilpınar Metro Zemin Altı PD Otoparkı,EYÜP,41.081,28.9204,269,202,67,KAPALI OTOPARK,1,15,24 Saat
2026-08-19T13:04:12.133039+00:00,2026-08-19T16:04:12.133039+03:00,315,Yeşilyurt Çarşı 1,BAKIRKÖY,40.9643,28.8379,50,1,49,YOL ÜSTÜ,1,15,09:00-17:30
2026-08-19T13:04:12.133039+00:00,2026-08-19T16:04:12.133039+03:00,1133,Yıldız Korusu,BEŞİKTAŞ,41.0514,29.0165,500,1,499,AÇIK OTOPARK,1,0,08:00-22:00
2026-08-19T13:04:12.133039+00:00,2026-08-19T16:04:12.133039+03:00,882,Zeytinburnu 58. Bulvar 2,ZEYTİNBURNU,40.9932,28.9039,48,1,47,YOL ÜSTÜ,1,15,09:00-18:00
2026-08-19T13:04:12.133039+00:00,2026-08-19T16:04:12.133039+03:00,3185,Zeytinburnu Sahil Cep Otoparkı,ZEYTİNBURNU,40.9798,28.8985,160,1,159,AÇIK OTOPARK,1,0,12:00-22:00
2026-08-19T14:40:27.191728+00:00,2026-08-19T17:40:27.191728+03:00,3068,15 Temmuz Şehitler Meydanı Zeminaltı Otoparkı,ÜMRANİYE,41.0246,29.0915,1029,459,570,KAPALI OTOPARK,1,15,24 Saat
2026-08-19T14:40:27.191728+00:00,2026-08-19T17:40:27.191728+03:00,2338,19 Mayıs Açık,ŞİŞLİ,41.0563,28.9941,65,0,65,AÇIK OTOPARK,1,0,24 Saat
2026-08-19T14:40:27.191728+00:00,2026-08-19T17:40:27.191728+03:00,1751,4.Levent PD Açık Otoparkı,KAĞITHANE,41.0836,29.0081,236,107,129,AÇIK OTOPARK,1,5,24 Saat
2026-08-19T14:40:27.191728+00:00,2026-08-19T17:40:27.191728+03:00,3328,4.Levent Servis ve Turizm Araçları Açık Otoparkı,ŞİŞLİ,41.0841,29.0054,300,166,134,AÇIK OTOPARK,1,15,24 Saat
2026-08-19T14:40:27.191728+00:00,2026-08-19T17:40:27.191728+03:00,3412,5. Levent Gaziosmanpaşa Adliyesi Yanı Açık Otoparkı,EYÜP,41.0927,28.9494,250,242,8,AÇIK OTOPARK,1,15,07:00-23:00
2026-08-19T14:40:27.191728+00:00,2026-08-19T17:40:27.191728+03:00,104,Abide-i Hürriyet Caddesi 5,ŞİŞLİ,41.0619,28.9876,40,1,39,YOL ÜSTÜ,0,15,08:00-17:00
2026-08-19T14:40:27.191728+00:00,2026-08-19T17:40:27.191728+03:00,2452,Acıbadem Açık Otoparkı,ÜSKÜDAR,41.0157,29.0574,100,86,14,AÇIK OTOPARK,0,0,06:30-16:00
2026-08-19T14:40:27.191728+00:00,2026-08-19T17:40:27.191728+03:00,346,Ada Karşısı Cep 2,BEŞİKTAŞ,41.072,29.045,30,1,29,YOL ÜSTÜ,1,15,08:00-23:00
2026-08-19T14:40:27.191728+00:00,2026-08-19T17:40:27.191728+03:00,1663,Akasyalı Sokak Tenis Kulubü Önü 2,BEŞİKTAŞ,41.0867,29.0109,45,1,44,YOL ÜSTÜ,0,15,08:30-17:30
2026-08-19T14:40:27.191728+00:00,2026-08-19T17:40:27.191728+03:00,828,Akdeniz Caddesi 4,FATİH,41.0175,28.9435,27,1,26,YOL ÜSTÜ,1,15,09:00-18:00
2026-08-19T14:40:27.191728+00:00,2026-08-19T17:40:27.191728+03:00,1913,Alibeyköy Cep Otogarı Açık Otoparkı,EYÜP,41.0879,28.9446,116,0,116,AÇIK OTOPARK,1,25,24 Saat
2026-08-19T14:40:27.191728+00:00,2026-08-19T17:40:27.191728+03:00,1912,Alibeyköy Cep Otogarı Otobüs Otoparkı,EYÜP,41.0875,28.9449,5000,1,4999,AÇIK OTOPARK,1,60,24 Saat
2026-08-19T14:40:27.191728+00:00,2026-08-19T17:40:27.191728+03:00,2562,Alibeyköy Yeşiltepe Zemin Altı Otoparkı,EYÜP,41.0797,28.938,159,71,88,KAPALI OTOPARK,1,15,24 Saat
2026-08-19T14:40:27.191728+00:00,2026-08-19T17:40:27.191728+03:00,3201,Altınboynuz Sosyal Tesisleri,EYÜP,41.058,28.9447,70,67,3,AÇIK OTOPARK,1,15,08:00-23:00
2026-08-19T14:40:27.191728+00:00,2026-08-19T17:40:27.191728+03:00,758,Arap Camii Açık Otoparkı,BEYOĞLU,41.0227,28.9723,30,1,29,AÇIK OTOPARK,0,0,09:00-17:00
2026-08-19T14:40:27.191728+00:00,2026-08-19T17:40:27.191728+03:00,1963,Aras Sokak 1,BÜYÜKÇEKMECE,41.0226,28.622,60,1,59,YOL ÜSTÜ,0,0,06:00-14:30
2026-08-19T14:40:27.191728+00:00,2026-08-19T17:40:27.191728+03:00,2802,Arnavutköy Zemin Altı Otoparkı,ARNAVUTKÖY,41.1838,28.7396,700,20,680,KAPALI OTOPARK,1,15,24 Saat
2026-08-19T14:40:27.191728+00:00,2026-08-19T17:40:27.191728+03:00,1797,Ataköy Atrium AVM,BAKIRKÖY,40.9881,28.8459,250,208,42,AÇIK OTOPARK,1,15,08:00-23:00
2026-08-19T14:40:27.191728+00:00,2026-08-19T17:40:27.191728+03:00,2824,Ataköy Metro Durağı Yanı PD Zemin Altı Otoparkı,BAKIRKÖY,40.9904,28.8456,150,85,65,KAPALI OTOPARK,1,0,24 Saat
2026-08-19T14:40:27.191728+00:00,2026-08-19T17:40:27.191728+03:00,359,Atatürk Bulvarı 1,FATİH,41.0112,28.9534,20,1,19,YOL ÜSTÜ,1,0,07:30-18:00
2026-08-19T14:40:27.191728+00:00,2026-08-19T17:40:27.191728+03:00,3087,Atatürk Kent Ormanı Otoparkı,SARIYER,41.136,29.0262,200,197,3,AÇIK OTOPARK,0,0,08:00-17:00
2026-08-19T14:40:27.191728+00:00,2026-08-19T17:40:27.191728+03:00,1088,Avcılar İdo,AVCILAR,40.9712,28.7185,270,261,9,AÇIK OTOPARK,1,0,13:00-07:00
2026-08-19T14:40:27.191728+00:00,2026-08-19T17:40:27.191728+03:00,2885,Azapkapı Haliç Metro Otoparkı,ŞİŞLİ,41.0245,28.9691,80,14,66,AÇIK OTOPARK,1,5,24 Saat
2026-08-19T14:40:27.191728+00:00,2026-08-19T17:40:27.191728+03:00,2455,Azerbaycan Dostluk Parkı Zemin Altı Otoparkı,BAĞCILAR,41.0444,28.854,400,177,223,KAPALI OTOPARK,1,10,24 Saat
2026-08-19T14:40:27.191728+00:00,2026-08-19T17:40:27.191728+03:00,2965,Bağcılar Çolakoğlu Zemin Altı Otoparkı,BAĞCILAR,41.0324,28.8345,106,0,106,KAPALI OTOPARK,1,5,24 Saat
2026-08-19T14:40:27.191728+00:00,2026-08-19T17:40:27.191728+03:00,2576,Bağcılar Demirkapı Zemin Altı Otoparkı,BAĞCILAR,41.0499,28.8327,343,186,157,KAPALI OTOPARK,1,5,24 Saat
2026-08-19T14:40:27.191728+00:00,2026-08-19T17:40:27.191728+03:00,3036,Bağcılar Devlet Hastanesi Yanı Zeminaltı Otoparkı,BAĞCILAR,41.0312,28.8696,1133,129,1004,KAPALI OTOPARK,1,15,24 Saat
2026-08-19T14:40:27.191728+00:00,2026-08-19T17:40:27.191728+03:00,3071,Bağcılar Emniyet Müdürlüğü Yanı Açık Otoparkı,BAĞCILAR,41.0353,28.8598,100,30,70,AÇIK OTOPARK,1,0,24 Saat
2026-08-19T14:40:27.191728+00:00,2026-08-19T17:40:27.191728+03:00,2873,Bağcılar Göztepe Zemin Altı,BAĞCILAR,41.0567,28.8355,120,0,120,KAPALI OTOPARK,1,5,24 Saat
2026-08-19T14:40:27.191728+00:00,2026-08-19T17:40:27.191728+03:00,3187,Bağcılar Hürriyet Mahallesi Zemin Altı Otoparkı,BAĞCILAR,41.0291,28.8333,355,0,355,KAPALI OTOPARK,1,10,24 Saat
2026-08-19T14:40:27.191728+00:00,2026-08-19T17:40:27.191728+03:00,2916,Bağcılar Kent Meydanı PD Zemin Altı Otoparkı,BAĞCILAR,41.0339,28.8556,1162,0,1162,KAPALI OTOPARK,1,0,24 Saat
2026-08-19T14:40:27.191728+00:00,2026-08-19T17:40:27.191728+03:00,3261,Bağcılar Yenimahalle Zemin Altı Otoparkı,BAĞCILAR,41.0425,28.8395,525,292,233,KAPALI OTOPARK,1,15,24 Saat
2026-08-19T14:40:27.191728+00:00,2026-08-19T17:40:27.191728+03:00,2820,Bağcılar Yıldıztepe Katlı Otoparkı,BAĞCILAR,41.0294,28.8556,350,0,350,KAPALI OTOPARK,1,10,24 Saat
2026-08-19T14:40:27.191728+00:00,2026-08-19T17:40:27.191728+03:00,3447,Bahçelievler 23 Nisan Milli Egemenlik Zeminaltı Otoparkı,BAHÇELİEVLER,40.9988,28.8472,732,527,205,KAPALI OTOPARK,1,10,24 Saat
2026-08-19T14:40:27.191728+00:00,2026-08-19T17:40:27.191728+03:00,2993,Bahçelievler Cumhuriyet Zeminaltı Otoparkı,BAHÇELİEVLER,41.0149,28.859,663,0,663,KAPALI OTOPARK,1,10,24 Saat
2026-08-19T14:40:27.191728+00:00,2026-08-19T17:40:27.191728+03:00,2969,Bahçelievler Devlet Hastanesi Yanı Katlı Otoparkı,BAHÇELİEVLER,41.0072,28.8442,740,0,740,KAPALI OTOPARK,1,0,24 Saat
2026-08-19T14:40:27.191728+00:00,2026-08-19T17:40:27.191728+03:00,3051,Bahçelievler Zafer Mh. Zeminaltı Otoparkı,BAHÇELİEVLER,41.0036,28.8351,200,97,103,KAPALI OTOPARK,1,0,24 Saat
2026-08-19T14:40:27.191728+00:00,2026-08-19T17:40:27.191728+03:00,3236,Bahçeşehir Gölet Açık Otoparkı,BAŞAKŞEHİR,41.0719,28.6901,200,1,199,AÇIK OTOPARK,1,0,12:00-22:00
2026-08-19T14:40:27.191728+00:00,2026-08-19T17:40:27.191728+03:00,1465,Bakırköy İdo Açık Otoparkı,BAKIRKÖY,40.9739,28.8761,160,110,50,AÇIK OTOPARK,1,10,24 Saat
2026-08-19T14:40:27.191728+00:00,2026-08-19T17:40:27.191728+03:00,1104,Balmumcu Katlı Otoparkı,BEŞİKTAŞ,41.0636,29.0109,400,225,175,KAPALI OTOPARK,1,5,24 Saat
2026-08-19T14:40:27.191728+00:00,2026-08-19T17:40:27.191728+03:00,2796,Başakşehir Metro Açık Otoparkı,BAŞAKŞEHİR,41.107,28.801,125,1,124,AÇIK OTOPARK,0,0,07:00-16:00
2026-08-19T14:40:27.191728+00:00,2026-08-19T17:40:27.191728+03:00,2350,Bayrampaşa Adapark Katlı Otoparkı,BAYRAMPAŞA,41.0647,28.8875,650,0,650,KAPALI OTOPARK,1,15,24 Saat
2026-08-19T14:40:27.191728+00:00,2026-08-19T17:40:27.191728+03:00,2892,Bayrampaşa Altıntepsi Zemin  Altı Otoparkı,BAYRAMPAŞA,41.0393,28.9029,110,0,110,KAPALI OTOPARK,1,10,24 Saat
2026-08-19T14:40:27.191728+00:00,2026-08-19T17:40:27.191728+03:00,2909,Bayrampaşa Atatürk Parkı  Zemin Altı Otoparkı,BAYRAMPAŞA,41.0342,28.9123,442,0,442,KAPALI OTOPARK,1,10,24 Saat
2026-08-19T14:40:27.191728+00:00,2026-08-19T17:40:27.191728+03:00,2683,Bayrampaşa Devlet Hastanesi Cep Otoparkı,BAYRAMPAŞA,41.0414,28.9031,55,32,23,AÇIK OTOPARK,1,0,08:00-19:00
2026-08-19T14:40:27.191728+00:00,2026-08-19T17:40:27.191728+03:00,3301,Bayrampaşa Kocatepe Mahallesi Zemin Altı Otoparkı,BAYRAMPAŞA,41.0545,28.8964,241,0,241,KAPALI OTOPARK,1,10,24 Saat
2026-08-19T14:40:27.191728+00:00,2026-08-19T17:40:27.191728+03:00,2053,Bayrampaşa Muratpaşa Yer Altı Otoparkı,BAYRAMPAŞA,41.047,28.9082,300,23,277,KAPALI OTOPARK,1,15,24 Saat
2026-08-19T14:40:27.191728+00:00,2026-08-19T17:40:27.191728+03:00,3175,Bayrampaşa Spor Kompleksi Zemin Altı Otoparkı,BAYRAMPAŞA,41.0446,28.9106,205,0,205,KAPALI OTOPARK,1,15,24 Saat
2026-08-19T14:40:27.191728+00:00,2026-08-19T17:40:27.191728+03:00,3382,Bayrampaşa Şehit Kamil Balkan Zemin Altı Otoparkı,BAYRAMPAŞA,41.0604,28.9008,235,0,235,KAPALI OTOPARK,1,10,24 Saat
2026-08-19T14:40:27.191728+00:00,2026-08-19T17:40:27.191728+03:00,2428,Bayrampaşa Yenidoğan Mahallesi Zemin Altı Otoparkı,BAYRAMPAŞA,41.0395,28.9088,120,0,120,KAPALI OTOPARK,1,10,24 Saat
2026-08-19T14:40:27.191728+00:00,2026-08-19T17:40:27.191728+03:00,2468,Bebek Açık,BEŞİKTAŞ,41.077,29.0434,30,0,30,AÇIK OTOPARK,1,0,24 Saat
2026-08-19T14:40:27.191728+00:00,2026-08-19T17:40:27.191728+03:00,3479,Beşiktaş Halk Pazarı Açık Otoparkı,BEŞİKTAŞ,41.0496,29.0004,170,72,98,AÇIK OTOPARK,1,5,24 Saat
2026-08-19T14:40:27.191728+00:00,2026-08-19T17:40:27.191728+03:00,3257,Beykoz Sahil Cep Otoparkı,BEYKOZ,41.1286,29.0953,100,74,26,AÇIK OTOPARK,1,0,08:00-00:00
2026-08-19T14:40:27.191728+00:00,2026-08-19T17:40:27.191728+03:00,2273,Beykoz Sosyal Tesisleri,BEYKOZ,41.1143,29.0888,130,0,130,AÇIK OTOPARK,1,15,08:00-00:00
2026-08-19T14:40:27.191728+00:00,2026-08-19T17:40:27.191728+03:00,2999,Beyoğlu Gazhane Bostan Sokak 2,BEYOĞLU,41.0389,28.9903,35,1,34,YOL ÜSTÜ,0,0,07:30-16:30
2026-08-19T14:40:27.191728+00:00,2026-08-19T17:40:27.191728+03:00,3072,Beyoğlu Örnektepe Zemin Altı Otoparkı,BEYOĞLU,41.0543,28.9548,143,0,143,KAPALI OTOPARK,1,0,24 Saat
2026-08-19T14:40:27.191728+00:00,2026-08-19T17:40:27.191728+03:00,1455,Bostancı Açık,KADIKÖY,40.9523,29.0902,394,0,394,AÇIK OTOPARK,1,15,24 Saat
2026-08-19T14:40:27.191728+00:00,2026-08-19T17:40:27.191728+03:00,1456,Bostancı Sahil-Cep Açık Otoparkı,KADIKÖY,40.9545,29.0885,192,110,82,AÇIK OTOPARK,1,15,24 Saat
2026-08-19T14:40:27.191728+00:00,2026-08-19T17:40:27.191728+03:00,2150,Bostancı Vergi Dairesi Açık Otoparkı,ATAŞEHİR,40.9625,29.1083,155,0,155,AÇIK OTOPARK,1,5,08:00-20:00
2026-08-19T14:40:27.191728+00:00,2026-08-19T17:40:27.191728+03:00,2854,Bülent Ecevit Kültür Merkezi Açık Otoparkı,KARTAL,40.8852,29.1967,277,266,11,AÇIK OTOPARK,1,0,10:00-21:00
2026-08-19T14:40:27.191728+00:00,2026-08-19T17:40:27.191728+03:00,2866,Büyük İstanbul Otogarı,BAYRAMPAŞA,41.0402,28.8942,1000,0,1000,AÇIK OTOPARK,1,25,24 Saat
2026-08-19T14:40:27.191728+00:00,2026-08-19T17:40:27.191728+03:00,1192,Büyükçamlıca Korusu Sosyal Tesisleri Önü,ÜSKÜDAR,41.0264,29.0698,204,111,93,AÇIK OTOPARK,1,0,08:00-00:00
2026-08-19T14:40:27.191728+00:00,2026-08-19T17:40:27.191728+03:00,2960,Büyükçekmece Metrobüs Durağı Yanı PD Zemin Altı Otopark,BÜYÜKÇEKMECE,41.0221,28.624,448,318,130,KAPALI OTOPARK,1,0,24 Saat
2026-08-19T14:40:27.191728+00:00,2026-08-19T17:40:27.191728+03:00,1503,Cadde Bostan Açık Otoparkı,KADIKÖY,40.9636,29.0675,66,16,50,AÇIK OTOPARK,1,15,24 Saat
2026-08-19T14:40:27.191728+00:00,2026-08-19T17:40:27.191728+03:00,2933,Cemal Kamacı Spor Kompleksi Zemin Altı Otoparkı,KAĞITHANE,41.0536,28.9575,510,0,510,KAPALI OTOPARK,1,0,24 Saat
2026-08-19T14:40:27.191728+00:00,2026-08-19T17:40:27.191728+03:00,2207,Cengiz Topel Yer Altı Katlı Otoparkı,ESENLER,41.0588,28.8643,144,0,144,KAPALI OTOPARK,1,15,24 Saat
2026-08-19T14:40:27.191728+00:00,2026-08-19T17:40:27.191728+03:00,2787,Cevizli Açık Otoparkı,KARTAL,40.9179,29.1712,100,59,41,AÇIK OTOPARK,1,15,08:00-19:00
2026-08-19T14:40:27.191728+00:00,2026-08-19T17:40:27.191728+03:00,782,Cihangir Caddesi 2,BEYOĞLU,41.0319,28.9862,70,1,69,YOL ÜSTÜ,1,15,09:00-19:00
2026-08-19T14:40:27.191728+00:00,2026-08-19T17:40:27.191728+03:00,1467,Cihangir Katlı Otoparkı,BEYOĞLU,41.0318,28.9858,350,0,350,KAPALI OTOPARK,1,0,24 Saat
2026-08-19T14:40:27.191728+00:00,2026-08-19T17:40:27.191728+03:00,535,Cihannuma Yol Üstü 1,BEŞİKTAŞ,41.0454,29.0084,35,1,34,YOL ÜSTÜ,1,0,08:00-23:00
2026-08-19T14:40:27.191728+00:00,2026-08-19T17:40:27.191728+03:00,537,Cihannuma Yol Üstü 3,BEŞİKTAŞ,41.0459,29.0087,33,1,32,YOL ÜSTÜ,1,0,08:00-23:00
2026-08-19T14:40:27.191728+00:00,2026-08-19T17:40:27.191728+03:00,539,Cihannuma Yol Üstü 5,BEŞİKTAŞ,41.0489,29.0094,24,1,23,YOL ÜSTÜ,1,0,08:00-23:00
2026-08-19T14:40:27.191728+00:00,2026-08-19T17:40:27.191728+03:00,3184,Çam Sokak 6,GÜNGÖREN,41.0121,28.8882,50,1,49,YOL ÜSTÜ,0,15,08:00-17:00
2026-08-19T14:40:27.191728+00:00,2026-08-19T17:40:27.191728+03:00,3030,Çekmeköy Metro PD Zemin Altı Otoparkı,ÇEKMEKÖY,41.0147,29.1886,175,52,123,KAPALI OTOPARK,1,15,24 Saat
2026-08-19T14:40:27.191728+00:00,2026-08-19T17:40:27.191728+03:00,2905,Çeliktepe Açık Otoparkı,KAĞITHANE,41.0843,29.0056,200,87,113,AÇIK OTOPARK,1,5,24 Saat
2026-08-19T14:40:27.191728+00:00,2026-08-19T17:40:27.191728+03:00,1298,Çengelköy Açık Otoparkı,ÜSKÜDAR,41.0484,29.0533,500,171,329,AÇIK OTOPARK,1,15,24 Saat
2026-08-19T14:40:27.191728+00:00,2026-08-19T17:40:27.191728+03:00,502,Çınar Açık Otoparkı,BEŞİKTAŞ,41.0853,29.0088,65,1,64,AÇIK OTOPARK,1,0,08:00-18:00
2026-08-19T14:40:27.191728+00:00,2026-08-19T17:40:27.191728+03:00,777,Çırağan Sarayı Yol Üstü 1,BEŞİKTAŞ,41.0448,29.0165,40,1,39,YOL ÜSTÜ,1,15,08:00-23:00
2026-08-19T14:40:27.191728+00:00,2026-08-19T17:40:27.191728+03:00,778,Çırağan Sarayı Yol Üstü 2,BEŞİKTAŞ,41.0445,29.0156,40,1,39,YOL ÜSTÜ,1,15,08:00-23:00
2026-08-19T14:40:27.191728+00:00,2026-08-19T17:40:27.191728+03:00,2228,Çırpıcı Sosyal Tesisler,ZEYTİNBURNU,41,28.8926,128,0,128,AÇIK OTOPARK,1,15,07:00-00:00
2026-08-19T14:40:27.191728+00:00,2026-08-19T17:40:27.191728+03:00,1508,Çiroz Yeşilköy Halk Pazarı,BAKIRKÖY,40.9628,28.8129,471,468,3,AÇIK OTOPARK,1,0,08:00-18:00
2026-08-19T14:40:27.191728+00:00,2026-08-19T17:40:27.191728+03:00,2030,Dalyan Açık Otoparkı,KADIKÖY,40.9632,29.0651,92,13,79,AÇIK OTOPARK,1,15,24 Saat
2026-08-19T14:40:27.191728+00:00,2026-08-19T17:40:27.191728+03:00,2271,Damla Sokak 1,ŞİŞLİ,41.0672,29.0004,17,1,16,YOL ÜSTÜ,0,15,07:30-16:30
2026-08-19T14:40:27.191728+00:00,2026-08-19T17:40:27.191728+03:00,2164,Darüşşafaka Yeraltı Otoparkı,SARIYER,41.1292,29.0252,150,123,27,KAPALI OTOPARK,1,15,08:00-00:00
2026-08-19T14:40:27.191728+00:00,2026-08-19T17:40:27.191728+03:00,1653,Deniz Feneri Otoparkı,FATİH,41.0019,28.9773,175,67,108,AÇIK OTOPARK,1,5,24 Saat
2026-08-19T14:40:27.191728+00:00,2026-08-19T17:40:27.191728+03:00,595,Dostluk Yurdu 1,FATİH,41.0071,28.973,33,33,0,YOL ÜSTÜ,0,15,07:00-17:00
2026-08-19T14:40:27.191728+00:00,2026-08-19T17:40:27.191728+03:00,2237,Dragos Sosyal Tesisleri,KARTAL,40.9017,29.1458,100,18,82,AÇIK OTOPARK,1,15,24 Saat
2026-08-19T14:40:27.191728+00:00,2026-08-19T17:40:27.191728+03:00,3063,Dudullu Metro PD Zemin Altı Otoparkı,ÜMRANİYE,41.0156,29.1633,81,49,32,KAPALI OTOPARK,1,15,07:00-23:30
2026-08-19T14:40:27.191728+00:00,2026-08-19T17:40:27.191728+03:00,1522,Ebu Suut Caddesi 1,FATİH,41.0128,28.9766,35,1,34,YOL ÜSTÜ,1,0,08:00-18:00
2026-08-19T14:40:27.191728+00:00,2026-08-19T17:40:27.191728+03:00,2147,EGS Blokları Açık Otoparkı,BAKIRKÖY,40.9863,28.8354,350,5,345,AÇIK OTOPARK,1,60,09:00-19:30
2026-08-19T14:40:27.191728+00:00,2026-08-19T17:40:27.191728+03:00,2366,Esenler Adem Baştürk Kültür Merkezi Katlı,ESENLER,41.039,28.8846,460,62,398,KAPALI OTOPARK,1,15,24 Saat
2026-08-19T14:40:27.191728+00:00,2026-08-19T17:40:27.191728+03:00,3190,Esenler Havaalanı Mahallesi Zemin Altı Otoparkı,ESENLER,41.0562,28.8674,610,360,250,KAPALI OTOPARK,1,10,24 Saat
2026-08-19T14:40:27.191728+00:00,2026-08-19T17:40:27.191728+03:00,3011,Esenler Menderes Metro İstasyonu Yanı,ESENLER,41.0427,28.8783,68,16,52,AÇIK OTOPARK,1,5,24 Saat
2026-08-19T14:40:27.191728+00:00,2026-08-19T17:40:27.191728+03:00,2822,Esenler Menderes Parkı Zemin Altı Otoparkı,ESENLER,41.0412,28.8729,325,89,236,KAPALI OTOPARK,1,10,24 Saat
2026-08-19T14:40:27.191728+00:00,2026-08-19T17:40:27.191728+03:00,3303,Esenyurt Adile Naşit Bulvarı Zeminaltı Otoparkı,ESENYURT,41.0205,28.6859,367,289,78,KAPALI OTOPARK,1,15,24 Saat
2026-08-19T14:40:27.191728+00:00,2026-08-19T17:40:27.191728+03:00,1328,Eski Salı Pazarı,KADIKÖY,40.9904,29.0338,760,0,760,AÇIK OTOPARK,1,15,24 Saat
2026-08-19T14:40:27.191728+00:00,2026-08-19T17:40:27.191728+03:00,904,Eyüp Pierloti Caddesi 1,EYÜP,41.0539,28.9329,40,1,39,YOL ÜSTÜ,1,0,09:00-22:00
2026-08-19T14:40:27.191728+00:00,2026-08-19T17:40:27.191728+03:00,2850,Eyüpsultan Akşemsettin Mahallesi Zemin Altı Otoparkı,EYÜP,41.085,28.9258,110,0,110,KAPALI OTOPARK,1,15,24 Saat
2026-08-19T14:40:27.191728+00:00,2026-08-19T17:40:27.191728+03:00,2215,Fatih Çeşmesi Tabiat Parkı Otoparkı,SARIYER,41.1686,28.9448,250,243,7,AÇIK OTOPARK,1,0,06:00-20:00
2026-08-19T14:40:27.191728+00:00,2026-08-19T17:40:27.191728+03:00,1475,Fatih Katlı Otoparkı,FATİH,41.0198,28.9396,118,15,103,KAPALI OTOPARK,1,10,24 Saat
2026-08-19T14:40:27.191728+00:00,2026-08-19T17:40:27.191728+03:00,1591,Feshane PD Açık Otoparkı,EYÜP,41.0463,28.9378,200,1,199,AÇIK OTOPARK,1,15,24 Saat
2026-08-19T14:40:27.191728+00:00,2026-08-19T17:40:27.191728+03:00,1005,Florya Havuzlu Bahçe,BAKIRKÖY,40.9764,28.7908,135,1,134,AÇIK OTOPARK,1,0,09:00-23:00
2026-08-19T14:40:27.191728+00:00,2026-08-19T17:40:27.191728+03:00,2238,Florya Sosyal Tesisleri,BAKIRKÖY,40.9614,28.8091,1074,757,317,AÇIK OTOPARK,1,15,24 Saat
2026-08-19T14:40:27.191728+00:00,2026-08-19T17:40:27.191728+03:00,1704,Gazi Umur Paşa Sokak 5,BEŞİKTAŞ,41.0589,29.0114,45,1,44,YOL ÜSTÜ,0,15,08:00-17:00
2026-08-19T14:40:27.191728+00:00,2026-08-19T17:40:27.191728+03:00,3296,Gaziosmanpaşa Meydanı ve Yaşam Merkezi Zemin Altı Otoparkı,GAZİOSMANPAŞA,41.0606,28.9093,202,0,202,KAPALI OTOPARK,1,15,24 Saat
2026-08-19T14:40:27.191728+00:00,2026-08-19T17:40:27.191728+03:00,2971,Gaziosmanpaşa Zemin Altı Otoparkı,GAZİOSMANPAŞA,41.0796,28.8858,285,0,285,KAPALI OTOPARK,1,0,24 Saat
2026-08-19T14:40:27.191728+00:00,2026-08-19T17:40:27.191728+03:00,3401,Giyimkent Tekstilkent Metro Zemin Altı PD Otoparkı,ESENLER,41.0711,28.8666,203,167,36,KAPALI OTOPARK,1,10,24 Saat
2026-08-19T14:40:27.191728+00:00,2026-08-19T17:40:27.191728+03:00,2242,Gözdağı Sosyal Tesisler  Açık Otoparkı,PENDİK,40.893,29.2538,300,216,84,AÇIK OTOPARK,1,0,07:00-23:00
2026-08-19T14:40:27.191728+00:00,2026-08-19T17:40:27.191728+03:00,1879,Gülsuyu Metro PD Yer Altı Otoparkı,MALTEPE,40.9237,29.1548,76,0,76,KAPALI OTOPARK,1,15,08:00-00:00
2026-08-19T14:40:27.191728+00:00,2026-08-19T17:40:27.191728+03:00,1423,Güneş Plajı 1,BAKIRKÖY,40.9712,28.79,250,182,68,AÇIK OTOPARK,1,10,24 Saat
2026-08-19T14:40:27.191728+00:00,2026-08-19T17:40:27.191728+03:00,1461,Güneş Plajı 2,BAKIRKÖY,40.9692,28.7951,135,76,59,AÇIK OTOPARK,1,10,08:00-20:00
2026-08-19T14:40:27.191728+00:00,2026-08-19T17:40:27.191728+03:00,3053,Güngören Nikah Dairesi Zemin Altı otoparkı,GÜNGÖREN,41.0363,28.8718,147,0,147,KAPALI OTOPARK,1,10,24 Saat
2026-08-19T14:40:27.191728+00:00,2026-08-19T17:40:27.191728+03:00,2216,Gürpınar Balık Hali Otoparkı,BEYLİKDÜZÜ,40.9663,28.6019,1000,747,253,AÇIK OTOPARK,1,15,24 Saat
2026-08-19T14:40:27.191728+00:00,2026-08-19T17:40:27.191728+03:00,1525,Hacıosman Metro Yer Altı Otoparkı,SARIYER,41.14,29.0306,422,69,353,KAPALI OTOPARK,1,15,24 Saat
2026-08-19T14:40:27.191728+00:00,2026-08-19T17:40:27.191728+03:00,1470,Haldun Alagaş Katlı Otoparkı,ÜMRANİYE,41.0262,29.1052,197,82,115,KAPALI OTOPARK,1,15,24 Saat
2026-08-19T14:40:27.191728+00:00,2026-08-19T17:40:27.191728+03:00,3235,Haliç Sosyal Tesisleri Otoparkı,FATİH,41.0277,28.9572,60,20,40,AÇIK OTOPARK,1,15,07:00-00:00
2026-08-19T14:40:27.191728+00:00,2026-08-19T17:40:27.191728+03:00,2848,Halkalı Mahallesi Zemin Altı Otoparkı,KÜÇÜKÇEKMECE,41.0359,28.7848,347,259,88,KAPALI OTOPARK,1,15,24 Saat
2026-08-19T14:40:27.191728+00:00,2026-08-19T17:40:27.191728+03:00,2838,Hamidiye Mahallesi Katlı Otoparkı,KAĞITHANE,41.0949,28.971,450,205,245,KAPALI OTOPARK,1,15,24 Saat
2026-08-19T14:40:27.191728+00:00,2026-08-19T17:40:27.191728+03:00,1446,Harbiye Zemin Altı Otoparkı,BEYOĞLU,41.0408,28.9869,142,0,142,KAPALI OTOPARK,1,5,24 Saat
2026-08-19T14:40:27.191728+00:00,2026-08-19T17:40:27.191728+03:00,2332,Haydarpaşa Katlı Otoparkı,ÜSKÜDAR,41.0048,29.0251,840,688,152,KAPALI OTOPARK,1,15,24 Saat
2026-08-19T14:40:27.191728+00:00,2026-08-19T17:40:27.191728+03:00,1987,Haznedar Yer Altı Otoparkı,GÜNGÖREN,41.0083,28.8729,540,0,540,KAPALI OTOPARK,1,0,24 Saat
2026-08-19T14:40:27.191728+00:00,2026-08-19T17:40:27.191728+03:00,377,Hızır Külhani Sokak,FATİH,41.0202,28.9605,32,1,31,YOL ÜSTÜ,0,15,09:00-17:00
2026-08-19T14:40:27.191728+00:00,2026-08-19T17:40:27.191728+03:00,3173,Hürriyet Mahallesi Zeminaltı Otoparkı,GAZİOSMANPAŞA,41.0708,28.8951,190,0,190,KAPALI OTOPARK,1,15,24 Saat
2026-08-19T14:40:27.191728+00:00,2026-08-19T17:40:27.191728+03:00,157,Ihlamur Dere Caddesi 4,BEŞİKTAŞ,41.047,29.0023,27,1,26,YOL ÜSTÜ,0,15,09:00-17:00
2026-08-19T14:40:27.191728+00:00,2026-08-19T17:40:27.191728+03:00,1189,İçerenköy Sebze Meyve Hali Otoparkı,ATAŞEHİR,40.9766,29.1044,600,600,0,AÇIK OTOPARK,1,15,24 Saat
2026-08-19T14:40:27.191728+00:00,2026-08-19T17:40:27.191728+03:00,1127,İshakpaşa Caddesi,FATİH,41.0079,28.9814,200,1,199,YOL ÜSTÜ,1,0,08:00-18:00
2026-08-19T14:40:27.191728+00:00,2026-08-19T17:40:27.191728+03:00,3265,İspark İstanbul West Marina Açık Otoparkı 1,BEYLİKDÜZÜ,40.9636,28.6564,250,1,249,AÇIK OTOPARK,1,15,24 Saat
2026-08-19T14:40:27.191728+00:00,2026-08-19T17:40:27.191728+03:00,2793,İspark Merter Katlı Otoparkı,GÜNGÖREN,41.0097,28.89,900,314,586,KAPALI OTOPARK,1,10,24 Saat
2026-08-19T14:40:27.191728+00:00,2026-08-19T17:40:27.191728+03:00,2430,İspark West İstanbul Marina Açık Otoparkı,BEYLİKDÜZÜ,40.9639,28.6591,1600,855,745,AÇIK OTOPARK,1,15,24 Saat
2026-08-19T14:40:27.191728+00:00,2026-08-19T17:40:27.191728+03:00,381,İstinye 4 ( Cami Önü ),SARIYER,41.1149,29.0571,25,1,24,YOL ÜSTÜ,0,15,08:30-17:30
2026-08-19T14:40:27.191728+00:00,2026-08-19T17:40:27.191728+03:00,1804,İtalyan Hastanesi Karşısı Açık Otoparkı 1,BEYOĞLU,41.028,28.9815,30,1,29,AÇIK OTOPARK,1,0,08:00-19:00
2026-08-19T14:40:27.191728+00:00,2026-08-19T17:40:27.191728+03:00,507,Kabasakal Medrese Önü,FATİH,41.0062,28.9789,65,1,64,AÇIK OTOPARK,1,0,08:00-18:30
2026-08-19T14:40:27.191728+00:00,2026-08-19T17:40:27.191728+03:00,3306,Kabataş Transfer Merkezi Turizm Otobüs Otoparkı,BEYOĞLU,41.0336,28.9923,160,0,160,KAPALI OTOPARK,1,20,24 Saat
2026-08-19T14:40:27.191728+00:00,2026-08-19T17:40:27.191728+03:00,2918,Kadıköy Hasanpaşa Gazhane Katlı Otoparkı,KADIKÖY,40.9972,29.0428,310,195,115,KAPALI OTOPARK,1,15,24 Saat
2026-08-19T14:40:27.191728+00:00,2026-08-19T17:40:27.191728+03:00,1447,Kadıköy İski Açık Otoparkı,KADIKÖY,40.9874,29.0207,124,8,116,AÇIK OTOPARK,1,15,24 Saat
2026-08-19T14:40:27.191728+00:00,2026-08-19T17:40:27.191728+03:00,1655,Kadıköy Metro Açık Otoparkı,KADIKÖY,40.9899,29.0217,74,1,73,AÇIK OTOPARK,1,15,24 Saat
2026-08-19T14:40:27.191728+00:00,2026-08-19T17:40:27.191728+03:00,3445,Kadıköy Uzunçayır PD Açık Otoparkı,KADIKÖY,40.9982,29.0569,70,40,30,AÇIK OTOPARK,0,15,06:30-16:30
2026-08-19T14:40:27.191728+00:00,2026-08-19T17:40:27.191728+03:00,2808,Kadıköy Yeni Salı Pazarı PD Katlı Otoparkı,KADIKÖY,40.9969,29.0486,1350,693,657,KAPALI OTOPARK,1,15,24 Saat
2026-08-19T14:40:27.191728+00:00,2026-08-19T17:40:27.191728+03:00,2811,Kağıthane Harmantepe Zemin Altı Otoparkı,KAĞITHANE,41.0816,28.9907,200,0,200,KAPALI OTOPARK,1,0,24 Saat
2026-08-19T14:40:27.191728+00:00,2026-08-19T17:40:27.191728+03:00,1452,Kalamış Açık Otoparkı,KADIKÖY,40.9687,29.0363,173,96,77,AÇIK OTOPARK,1,15,24 Saat
2026-08-19T14:40:27.191728+00:00,2026-08-19T17:40:27.191728+03:00,1474,Kartal Hasan Doğan Spor Kompleksi,KARTAL,40.8918,29.1897,773,0,773,KAPALI OTOPARK,1,15,24 Saat
2026-08-19T14:40:27.191728+00:00,2026-08-19T17:40:27.191728+03:00,1105,Kartal İdo Açık Otoparkı,KARTAL,40.8874,29.1881,90,0,90,AÇIK OTOPARK,1,15,24 Saat
2026-08-19T14:40:27.191728+00:00,2026-08-19T17:40:27.191728+03:00,1550,Kartal Sahil Açık Otoparkı,KARTAL,40.8875,29.1901,75,7,68,AÇIK OTOPARK,1,5,24 Saat
2026-08-19T14:40:27.191728+00:00,2026-08-19T17:40:27.191728+03:00,3434,Kasımpaşa Sosyal Tesisler Otoparkı,BEYOĞLU,41.0296,28.9673,60,38,22,AÇIK OTOPARK,1,0,07:30-23:00
2026-08-19T14:40:27.191728+00:00,2026-08-19T17:40:27.191728+03:00,1960,Kazlıçeşme Marmaray Açık Otoparkı,ZEYTİNBURNU,40.9922,28.917,700,506,194,AÇIK OTOPARK,1,15,24 Saat
2026-08-19T14:40:27.191728+00:00,2026-08-19T17:40:27.191728+03:00,2994,Kirazlı Metro Durağı PD Açık Otoparkı,BAĞCILAR,41.033,28.8429,112,0,112,AÇIK OTOPARK,1,5,24 Saat
2026-08-19T14:40:27.191728+00:00,2026-08-19T17:40:27.191728+03:00,1528,Kore Şehitleri Caddesi - Yüzbaşı Kaya Aldağon Sokak 1,ŞİŞLİ,41.0719,29.0139,40,1,39,YOL ÜSTÜ,0,15,07:00-16:00
2026-08-19T14:40:27.191728+00:00,2026-08-19T17:40:27.191728+03:00,2449,Kozyatağı Sebze-Meyve Hali,ATAŞEHİR,40.9787,29.1029,1500,1500,0,AÇIK OTOPARK,1,0,24 Saat
2026-08-19T14:40:27.191728+00:00,2026-08-19T17:40:27.191728+03:00,1206,Kutlugün Sokak 2,FATİH,41.0061,28.9801,200,1,199,YOL ÜSTÜ,1,0,08:00-18:00
2026-08-19T14:40:27.191728+00:00,2026-08-19T17:40:27.191728+03:00,3074,Küçük Çamlıca,ÜSKÜDAR,41.0204,29.0653,129,105,24,AÇIK OTOPARK,1,0,08:00-22:00
2026-08-19T14:40:27.191728+00:00,2026-08-19T17:40:27.191728+03:00,3127,Küçükçekmece Cennet Mahallesi Meydan Zemin Altı Otoparkı,KÜÇÜKÇEKMECE,40.9907,28.783,456,0,456,KAPALI OTOPARK,1,10,24 Saat
2026-08-19T14:40:27.191728+00:00,2026-08-19T17:40:27.191728+03:00,2554,Küçükçekmece Fevzi Çakmak Meydanı Zemin Altı Otoparkı,KÜÇÜKÇEKMECE,41.0076,28.7927,1000,514,486,KAPALI OTOPARK,1,10,24 Saat
2026-08-19T14:40:27.191728+00:00,2026-08-19T17:40:27.191728+03:00,2882,Küçüksu Kasrı Açık Otoparkı,BEYKOZ,41.0789,29.0657,98,92,6,AÇIK OTOPARK,1,0,07:00-23:00
2026-08-19T14:40:27.191728+00:00,2026-08-19T17:40:27.191728+03:00,220,Levent Hamidiye,BEŞİKTAŞ,41.0861,29.0076,100,1,99,AÇIK OTOPARK,1,0,08:00-19:00
2026-08-19T14:40:27.191728+00:00,2026-08-19T17:40:27.191728+03:00,1138,Levent Metro Yer Altı Otoparkı,BEŞİKTAŞ,41.0811,29.0105,100,100,0,AÇIK OTOPARK,1,5,07:30-19:30
2026-08-19T14:40:27.191728+00:00,2026-08-19T17:40:27.191728+03:00,2335,Maçka Açık Otoparkı,ŞİŞLİ,41.046,28.9908,75,71,4,AÇIK OTOPARK,1,0,24 Saat
2026-08-19T14:40:27.191728+00:00,2026-08-19T17:40:27.191728+03:00,1859,Maçka Katlı Otoparkı,ŞİŞLİ,41.0484,28.9903,508,0,508,KAPALI OTOPARK,1,0,24 Saat
2026-08-19T14:40:27.191728+00:00,2026-08-19T17:40:27.191728+03:00,3193,Maltepe Rıhtım Caddesi Açık Otoparkı,MALTEPE,40.9258,29.1241,76,42,34,AÇIK OTOPARK,1,0,24 Saat
2026-08-19T14:40:27.191728+00:00,2026-08-19T17:40:27.191728+03:00,2146,Maltepe Süreyyapaşa Çarşısı Açık Otoparkı,MALTEPE,40.9274,29.1225,156,73,83,AÇIK OTOPARK,1,0,24 Saat
2026-08-19T14:40:27.191728+00:00,2026-08-19T17:40:27.191728+03:00,1599,Maslak Açık Otoparkı,SARIYER,41.1166,29.024,150,78,72,AÇIK OTOPARK,1,10,24 Saat
2026-08-19T14:40:27.191728+00:00,2026-08-19T17:40:27.191728+03:00,2100,Matbaacılar Sitesi Yanı,ZEYTİNBURNU,41.0234,28.9187,250,161,89,AÇIK OTOPARK,1,5,24 Saat
2026-08-19T14:40:27.191728+00:00,2026-08-19T17:40:27.191728+03:00,920,Meclis-i Mebusan Yokuşu 2,BEYOĞLU,41.0326,28.9882,34,1,33,YOL ÜSTÜ,0,15,09:00-17:00
2026-08-19T14:40:27.191728+00:00,2026-08-19T17:40:27.191728+03:00,1546,Menekşe Plajı Açık Otoparkı,BAKIRKÖY,40.9761,28.7766,200,199,1,AÇIK OTOPARK,1,0,24 Saat
2026-08-19T14:40:27.191728+00:00,2026-08-19T17:40:27.191728+03:00,1376,Mercan Açık,FATİH,41.0136,28.9669,130,43,87,AÇIK OTOPARK,1,0,08:00-23:00
2026-08-19T14:40:27.191728+00:00,2026-08-19T17:40:27.191728+03:00,3309,Mercan Ali Paşa Sarayı Zemin Altı Otoparkı,FATİH,41.0136,28.967,196,1,195,KAPALI OTOPARK,1,0,07:00-21:00
2026-08-19T14:40:27.191728+00:00,2026-08-19T17:40:27.191728+03:00,1472,Merter Katlı Otoparkı,GÜNGÖREN,41.0092,28.8874,1000,866,134,KAPALI OTOPARK,1,10,24 Saat
2026-08-19T14:40:27.191728+00:00,2026-08-19T17:40:27.191728+03:00,2375,Merter Metro PD Zeminaltı Otoparkı,GÜNGÖREN,41.0037,28.8897,242,74,168,KAPALI OTOPARK,1,10,24 Saat
2026-08-19T14:40:27.191728+00:00,2026-08-19T17:40:27.191728+03:00,1568,Mete Caddesi 1,BEYOĞLU,41.0382,28.9879,31,1,30,YOL ÜSTÜ,1,15,08:00-23:00
2026-08-19T14:40:27.191728+00:00,2026-08-19T17:40:27.191728+03:00,1471,Mevlana Yeraltı Katlı Otoparkı,ZEYTİNBURNU,41.0072,28.9049,1000,861,139,KAPALI OTOPARK,1,5,24 Saat
2026-08-19T14:40:27.191728+00:00,2026-08-19T17:40:27.191728+03:00,2709,Millet Caddesi Açık Otoparkı,FATİH,41.01,28.9461,60,1,59,AÇIK OTOPARK,1,15,24 Saat
2026-08-19T14:40:27.191728+00:00,2026-08-19T17:40:27.191728+03:00,3152,Mimar Sinan Zemin Altı Otoparkı,ÜSKÜDAR,41.0222,29.0169,956,58,898,KAPALI OTOPARK,1,15,24 Saat
2026-08-19T14:40:27.191728+00:00,2026-08-19T17:40:27.191728+03:00,2870,Miniatürk Çadır Açık Otoparkı,BEYOĞLU,41.0594,28.9501,250,168,82,AÇIK OTOPARK,1,15,07:00-20:00
2026-08-19T14:40:27.191728+00:00,2026-08-19T17:40:27.191728+03:00,2556,Muallim Naci Açık Otoparkı,BEŞİKTAŞ,41.0561,29.0342,35,18,17,AÇIK OTOPARK,1,15,24 Saat
2026-08-19T14:40:27.191728+00:00,2026-08-19T17:40:27.191728+03:00,569,Oda Kule Önü 1,BEYOĞLU,41.0322,28.9751,24,1,23,YOL ÜSTÜ,1,0,07:00-01:00
2026-08-19T14:40:27.191728+00:00,2026-08-19T17:40:27.191728+03:00,1988,Orhangazi Şehir Parkı PD Açık Otoparkı,MALTEPE,40.9313,29.1161,5022,4239,783,AÇIK OTOPARK,1,15,24 Saat
2026-08-19T14:40:27.191728+00:00,2026-08-19T17:40:27.191728+03:00,152,Ortabahçe Caddesi 2,BEŞİKTAŞ,41.0428,29.0043,35,1,34,YOL ÜSTÜ,1,15,08:00-23:00
2026-08-19T14:40:27.191728+00:00,2026-08-19T17:40:27.191728+03:00,153,Ortabahçe Caddesi 3,BEŞİKTAŞ,41.043,29.0042,26,1,25,YOL ÜSTÜ,1,15,08:00-23:00
2026-08-19T14:40:27.191728+00:00,2026-08-19T17:40:27.191728+03:00,119,Ortaklar Caddesi 1,ŞİŞLİ,41.0638,28.9971,25,1,24,YOL ÜSTÜ,0,15,08:30-17:00
2026-08-19T14:40:27.191728+00:00,2026-08-19T17:40:27.191728+03:00,1343,Ortaköy Açık Otoparkı,BEŞİKTAŞ,41.0504,29.0326,170,138,32,AÇIK OTOPARK,1,0,24 Saat
2026-08-19T14:40:27.191728+00:00,2026-08-19T17:40:27.191728+03:00,572,Ortaköy Portakal Yokuşu 1,BEŞİKTAŞ,41.0503,29.0261,15,15,0,YOL ÜSTÜ,1,15,09:00-19:00
2026-08-19T14:40:27.191728+00:00,2026-08-19T17:40:27.191728+03:00,1039,Öğretmen Evi,AVCILAR,40.9723,28.714,80,42,38,AÇIK OTOPARK,1,0,11:00-23:00
2026-08-19T14:40:27.191728+00:00,2026-08-19T17:40:27.191728+03:00,1466,Pendik Katlı Otoparkı,PENDİK,40.8789,29.2342,120,0,120,KAPALI OTOPARK,1,15,24 Saat
2026-08-19T14:40:27.191728+00:00,2026-08-19T17:40:27.191728+03:00,3073,Pendik Kemal Kalkuz Parkı Zemin Altı Otoparkı,PENDİK,40.8885,29.2427,224,0,224,KAPALI OTOPARK,1,0,09:00-18:00
2026-08-19T14:40:27.191728+00:00,2026-08-19T17:40:27.191728+03:00,3019,Pendik Meydan Zemin Altı Otoparkı,PENDİK,40.8752,29.2324,937,0,937,KAPALI OTOPARK,1,0,24 Saat
2026-08-19T14:40:27.191728+00:00,2026-08-19T17:40:27.191728+03:00,2865,Pendik Sahil Engelliler Merkez Önü,PENDİK,40.8735,29.233,100,66,34,AÇIK OTOPARK,1,0,11:00-20:00
2026-08-19T14:40:27.191728+00:00,2026-08-19T17:40:27.191728+03:00,2434,Pendik Sahil İdo,PENDİK,40.8755,29.2369,100,0,100,AÇIK OTOPARK,1,0,07:00-23:00
2026-08-19T14:40:27.191728+00:00,2026-08-19T17:40:27.191728+03:00,248,Pendik Yenimahalle Açık 2 Otoparkı,PENDİK,40.864,29.2723,124,100,24,AÇIK OTOPARK,1,15,10:00-22:00
2026-08-19T14:40:27.191728+00:00,2026-08-19T17:40:27.191728+03:00,297,Perşembe Pazarı 1,BEYOĞLU,41.0252,28.9693,32,1,31,YOL ÜSTÜ,0,15,08:00-17:00
2026-08-19T14:40:27.191728+00:00,2026-08-19T17:40:27.191728+03:00,597,Pierre Loti Caddesi 3,FATİH,41.0069,28.9711,36,1,35,YOL ÜSTÜ,0,0,07:00-17:00
2026-08-19T14:40:27.191728+00:00,2026-08-19T17:40:27.191728+03:00,3263,Piyalepaşa Meydanı Zemin Altı Otoparkı,BEYOĞLU,41.0445,28.9674,560,299,261,KAPALI OTOPARK,1,0,24 Saat
2026-08-19T14:40:27.191728+00:00,2026-08-19T17:40:27.191728+03:00,1900,Ragıp Gümüşpala Cad.(Sobacılar Önü),FATİH,41.0181,28.969,40,1,39,YOL ÜSTÜ,1,15,07:00-18:00
2026-08-19T14:40:27.191728+00:00,2026-08-19T17:40:27.191728+03:00,415,Ragıp Gümüşpala Camii Önü 1,FATİH,41.0211,28.9627,35,1,34,YOL ÜSTÜ,0,0,07:00-17:30
2026-08-19T14:40:27.191728+00:00,2026-08-19T17:40:27.191728+03:00,3268,Refik Saydam Caddesi 3,BEYOĞLU,41.032,28.9736,55,1,54,YOL ÜSTÜ,1,0,06:00-23:00
2026-08-19T14:40:27.191728+00:00,2026-08-19T17:40:27.191728+03:00,2307,Ressam Halim Sokak PD Açık Otoparkı,BAHÇELİEVLER,40.9967,28.8641,120,86,34,AÇIK OTOPARK,1,15,08:00-00:00
2026-08-19T14:40:27.191728+00:00,2026-08-19T17:40:27.191728+03:00,3082,Rumeli Hisarı Sahil Yolu Otoparkı,SARIYER,41.0854,29.0568,20,0,20,AÇIK OTOPARK,1,0,24 Saat
2026-08-19T14:40:27.191728+00:00,2026-08-19T17:40:27.191728+03:00,1595,Sabiha Gökçen Açık Otoparkı,PENDİK,40.925,29.308,1056,203,853,AÇIK OTOPARK,1,15,24 Saat
2026-08-19T14:40:27.191728+00:00,2026-08-19T17:40:27.191728+03:00,3239,Samatya Sahil Cep Otoparkı,FATİH,40.9954,28.932,113,107,6,AÇIK OTOPARK,1,15,24 Saat
2026-08-19T14:40:27.191728+00:00,2026-08-19T17:40:27.191728+03:00,3273,Sarıyer Büyükdere Fidanlığı,SARIYER,41.1548,29.0268,160,155,5,AÇIK OTOPARK,1,0,08:00-18:00
2026-08-19T14:40:27.191728+00:00,2026-08-19T17:40:27.191728+03:00,3299,Sariyer Ayazağa Mah Vadi İstanbul Önü Açık Otoparkı,SARIYER,41.1106,28.9881,100,96,4,AÇIK OTOPARK,1,0,08:00-20:00
2026-08-19T14:40:27.191728+00:00,2026-08-19T17:40:27.191728+03:00,1303,Seyrantepe Katlı (Arena Karşısı) 1,KAĞITHANE,41.101,28.9961,1897,1897,0,KAPALI OTOPARK,1,0,24 Saat
2026-08-19T14:40:27.191728+00:00,2026-08-19T17:40:27.191728+03:00,1628,Sıracevizler Caddesi Yol Üstü 5,ŞİŞLİ,41.0607,28.9841,45,1,44,YOL ÜSTÜ,0,15,09:00-17:00
2026-08-19T14:40:27.191728+00:00,2026-08-19T17:40:27.191728+03:00,464,Sirkeci Gar Önü,FATİH,41.015,28.9761,60,1,59,AÇIK OTOPARK,1,5,07:00-20:00
2026-08-19T14:40:27.191728+00:00,2026-08-19T17:40:27.191728+03:00,1486,Siyavuşpaşa Yer Altı Otoparkı,BAHÇELİEVLER,40.9965,28.8532,155,0,155,KAPALI OTOPARK,1,0,24 Saat
2026-08-19T14:40:27.191728+00:00,2026-08-19T17:40:27.191728+03:00,1958,Soğanlık Metro PD Açık Otoparkı,KARTAL,40.9131,29.1925,898,822,76,AÇIK OTOPARK,1,15,24 Saat
2026-08-19T14:40:27.191728+00:00,2026-08-19T17:40:27.191728+03:00,589,Su Terazisi Sokak,FATİH,41.0046,28.9727,22,1,21,YOL ÜSTÜ,0,0,07:30-17:00
2026-08-19T14:40:27.191728+00:00,2026-08-19T17:40:27.191728+03:00,1478,Suadiye Cep Açık Otoparkı,KADIKÖY,40.9586,29.0732,130,89,41,AÇIK OTOPARK,1,15,24 Saat
2026-08-19T14:40:27.191728+00:00,2026-08-19T17:40:27.191728+03:00,2948,Suadiye Sahil Açık Otoparkı,KADIKÖY,40.9562,29.0797,70,21,49,AÇIK OTOPARK,1,5,24 Saat
2026-08-19T14:40:27.191728+00:00,2026-08-19T17:40:27.191728+03:00,2799,Sultanbeyli Emir Caddesi Zemin Altı Otoparkı,SULTANBEYLİ,40.9707,29.2606,130,99,31,KAPALI OTOPARK,1,15,08:00-22:00
2026-08-19T14:40:27.191728+00:00,2026-08-19T17:40:27.191728+03:00,2372,Sultanbeyli Kent Meydanı Zemin Altı Otoparkı,SULTANBEYLİ,40.9667,29.2667,300,138,162,KAPALI OTOPARK,1,15,24 Saat
2026-08-19T14:40:27.191728+00:00,2026-08-19T17:40:27.191728+03:00,2410,Sultangazi Zemin Altı Otoparkı,SULTANGAZİ,41.0944,28.8649,104,0,104,KAPALI OTOPARK,1,10,24 Saat
2026-08-19T14:40:27.191728+00:00,2026-08-19T17:40:27.191728+03:00,2085,Süleyman Seba Caddesi 2,BEŞİKTAŞ,41.0426,28.9998,40,1,39,YOL ÜSTÜ,1,15,08:00-18:00
2026-08-19T14:40:27.191728+00:00,2026-08-19T17:40:27.191728+03:00,2088,Süleyman Seba Caddesi 5,BEŞİKTAŞ,41.0432,28.9978,40,1,39,YOL ÜSTÜ,1,15,08:00-18:00
2026-08-19T14:40:27.191728+00:00,2026-08-19T17:40:27.191728+03:00,2089,Süleyman Seba Caddesi 6,BEŞİKTAŞ,41.0435,28.9967,11,1,10,YOL ÜSTÜ,1,15,08:00-18:00
2026-08-19T14:40:27.191728+00:00,2026-08-19T17:40:27.191728+03:00,2391,Süleymaniye Cami Altı Açık Otoparkı,FATİH,41.0158,28.961,250,233,17,AÇIK OTOPARK,1,0,06:30-18:30
2026-08-19T14:40:27.191728+00:00,2026-08-19T17:40:27.191728+03:00,1730,Sütlüce Miniatürk Yanı,BEYOĞLU,41.057,28.95,320,246,74,AÇIK OTOPARK,1,15,24 Saat
2026-08-19T14:40:27.191728+00:00,2026-08-19T17:40:27.191728+03:00,36,Şakayık Sokak 4,ŞİŞLİ,41.0518,28.9936,50,1,49,YOL ÜSTÜ,0,15,08:00-16:00
2026-08-19T14:40:27.191728+00:00,2026-08-19T17:40:27.191728+03:00,1469,Şehit Volkan Duysak Katlı Otoparkı,ZEYTİNBURNU,40.9968,28.9039,1000,684,316,KAPALI OTOPARK,1,5,24 Saat
2026-08-19T14:40:27.191728+00:00,2026-08-19T17:40:27.191728+03:00,2385,Şehremini Açık Otoparkı 1,FATİH,41.0135,28.9333,60,1,59,AÇIK OTOPARK,1,0,08:30-20:30
2026-08-19T14:40:27.191728+00:00,2026-08-19T17:40:27.191728+03:00,2855,Şemsipaşa Açık Otoparkı,ÜSKÜDAR,41.0255,29.0097,80,34,46,AÇIK OTOPARK,1,0,24 Saat
2026-08-19T14:40:27.191728+00:00,2026-08-19T17:40:27.191728+03:00,2439,Şirinevler Meydan Zeminaltı Otoparkı,BAHÇELİEVLER,40.9925,28.8496,367,31,336,KAPALI OTOPARK,1,0,24 Saat
2026-08-19T14:40:27.191728+00:00,2026-08-19T17:40:27.191728+03:00,3400,Şişhane Refik Saydam Caddesi 2 Yol Üstü Otoparkı 1,BEYOĞLU,41.0326,28.9743,70,1,69,YOL ÜSTÜ,1,15,06:00-23:00
2026-08-19T14:40:27.191728+00:00,2026-08-19T17:40:27.191728+03:00,3441,Şişli Kuştepe Zemin Altı Otoparkı,ŞİŞLİ,41.072,28.9919,430,313,117,KAPALI OTOPARK,1,15,24 Saat
2026-08-19T14:40:27.191728+00:00,2026-08-19T17:40:27.191728+03:00,2816,Şişli Rumeli Caddesi Metro Yanı 1,ŞİŞLİ,41.0538,28.9868,45,1,44,YOL ÜSTÜ,1,15,08:00-20:00
2026-08-19T14:40:27.191728+00:00,2026-08-19T17:40:27.191728+03:00,2406,Şişli Zemin Altı Otoparkı,ŞİŞLİ,41.0641,28.9992,581,206,375,KAPALI OTOPARK,1,15,24 Saat
2026-08-19T14:40:27.191728+00:00,2026-08-19T17:40:27.191728+03:00,1993,Tuzla İdo,TUZLA,40.8149,29.3039,300,247,53,AÇIK OTOPARK,1,15,24 Saat
2026-08-19T14:40:27.191728+00:00,2026-08-19T17:40:27.191728+03:00,3332,Tuzla Sahil Cep,TUZLA,40.8168,29.2992,50,37,13,AÇIK OTOPARK,1,0,08:00-00:00
2026-08-19T14:40:27.191728+00:00,2026-08-19T17:40:27.191728+03:00,3057,Tuzla Sahil Zemin Altı Otoparkı,TUZLA,40.8181,29.3004,779,1,778,KAPALI OTOPARK,1,15,24 Saat
2026-08-19T14:40:27.191728+00:00,2026-08-19T17:40:27.191728+03:00,1811,Ulu Camii Açık Otoparkı,BAHÇELİEVLER,40.9982,28.8499,150,129,21,AÇIK OTOPARK,1,10,24 Saat
2026-08-19T14:40:27.191728+00:00,2026-08-19T17:40:27.191728+03:00,2424,Uzunçayır Açık Otoparkı,KADIKÖY,40.9988,29.0556,58,52,6,AÇIK OTOPARK,0,0,06:00-16:00
2026-08-19T14:40:27.191728+00:00,2026-08-19T17:40:27.191728+03:00,1468,Ümraniye Katlı Otoparkı,ÜMRANİYE,41.0261,29.0953,665,403,262,KAPALI OTOPARK,1,15,24 Saat
2026-08-19T14:40:27.191728+00:00,2026-08-19T17:40:27.191728+03:00,2898,Ümraniye Okan Sokak Zeminaltı Otoparkı,ÜMRANİYE,41.0284,29.0907,125,20,105,KAPALI OTOPARK,1,15,24 Saat
2026-08-19T14:40:27.191728+00:00,2026-08-19T17:40:27.191728+03:00,2345,Üsküdar Uzunçayır PD Açık Otoparkı,ÜSKÜDAR,40.9988,29.0577,90,59,31,AÇIK OTOPARK,1,15,06:00-22:00
2026-08-19T14:40:27.191728+00:00,2026-08-19T17:40:27.191728+03:00,1929,Üsküdar Ünalan Açık Otoparkı,ÜSKÜDAR,40.9979,29.0604,180,175,5,AÇIK OTOPARK,0,0,07:00-17:00
2026-08-19T14:40:27.191728+00:00,2026-08-19T17:40:27.191728+03:00,1487,Vatan Caddesi PD Açık Otoparkı,FATİH,41.0157,28.9405,397,286,111,AÇIK OTOPARK,1,5,24 Saat
2026-08-19T14:40:27.191728+00:00,2026-08-19T17:40:27.191728+03:00,2441,Yalı Açık Otoparkı,MALTEPE,40.9095,29.137,85,82,3,AÇIK OTOPARK,1,0,07:30-22:00
2026-08-19T14:40:27.191728+00:00,2026-08-19T17:40:27.191728+03:00,459,Yalı Köşkü Caddesi 1,FATİH,41.0163,28.9759,61,1,60,YOL ÜSTÜ,1,5,07:00-21:00
2026-08-19T14:40:27.191728+00:00,2026-08-19T17:40:27.191728+03:00,2037,Yenikapı Marmaray Büyük Otoparkı,FATİH,41.0057,28.9505,324,110,214,AÇIK OTOPARK,1,15,24 Saat
2026-08-19T14:40:27.191728+00:00,2026-08-19T17:40:27.191728+03:00,2036,Yenikapı Marmaray Küçük Otoparkı,FATİH,41.0064,28.9504,200,147,53,AÇIK OTOPARK,1,15,07:00-22:00
2026-08-19T14:40:27.191728+00:00,2026-08-19T17:40:27.191728+03:00,2175,Yenikapı Spor ve Kültür Merkezi PD Açık Otoparkı,FATİH,41.0006,28.9519,4023,3831,192,AÇIK OTOPARK,1,15,24 Saat
2026-08-19T14:40:27.191728+00:00,2026-08-19T17:40:27.191728+03:00,2805,Yenikapı Tünel Üstü Açık Otoparkı,FATİH,41.0029,28.9534,700,439,261,AÇIK OTOPARK,1,10,24 Saat
2026-08-19T14:40:27.191728+00:00,2026-08-19T17:40:27.191728+03:00,3404,Yenimahalle Metro Zemin Altı PD Otoparkı,GAZİOSMANPAŞA,41.0839,28.8926,114,99,15,KAPALI OTOPARK,1,15,24 Saat
2026-08-19T14:40:27.191728+00:00,2026-08-19T17:40:27.191728+03:00,2920,Yeşilce Zemin Altı Katlı Otoparkı,KAĞITHANE,41.0938,29.0017,676,0,676,KAPALI OTOPARK,1,0,24 Saat
2026-08-19T14:40:27.191728+00:00,2026-08-19T17:40:27.191728+03:00,987,Yeşilköy İstasyon Caddesi 1,BAKIRKÖY,40.962,28.825,40,1,39,YOL ÜSTÜ,0,15,09:00-17:30
2026-08-19T14:40:27.191728+00:00,2026-08-19T17:40:27.191728+03:00,974,Yeşilköy Marina 1,BAKIRKÖY,40.9576,28.8233,145,1,144,YOL ÜSTÜ,1,0,12:00-23:00
2026-08-19T14:40:27.191728+00:00,2026-08-19T17:40:27.191728+03:00,3406,Yeşilpınar Metro Zemin Altı PD Otoparkı,EYÜP,41.081,28.9204,269,203,66,KAPALI OTOPARK,1,15,24 Saat
2026-08-19T14:40:27.191728+00:00,2026-08-19T17:40:27.191728+03:00,315,Yeşilyurt Çarşı 1,BAKIRKÖY,40.9643,28.8379,50,1,49,YOL ÜSTÜ,0,15,09:00-17:30
2026-08-19T14:40:27.191728+00:00,2026-08-19T17:40:27.191728+03:00,1133,Yıldız Korusu,BEŞİKTAŞ,41.0514,29.0165,500,1,499,AÇIK OTOPARK,1,0,08:00-22:00
2026-08-19T14:40:27.191728+00:00,2026-08-19T17:40:27.191728+03:00,882,Zeytinburnu 58. Bulvar 2,ZEYTİNBURNU,40.9932,28.9039,48,1,47,YOL ÜSTÜ,1,15,09:00-18:00
2026-08-19T14:40:27.191728+00:00,2026-08-19T17:40:27.191728+03:00,3185,Zeytinburnu Sahil Cep Otoparkı,ZEYTİNBURNU,40.9798,28.8985,160,1,159,AÇIK OTOPARK,1,0,12:00-22:00
2026-08-19T15:15:58.159782+00:00,2026-08-19T18:15:58.159782+03:00,3068,15 Temmuz Şehitler Meydanı Zeminaltı Otoparkı,ÜMRANİYE,41.0246,29.0915,1029,472,557,KAPALI OTOPARK,1,15,24 Saat
2026-08-19T15:15:58.159782+00:00,2026-08-19T18:15:58.159782+03:00,2338,19 Mayıs Açık,ŞİŞLİ,41.0563,28.9941,65,0,65,AÇIK OTOPARK,1,0,24 Saat
2026-08-19T15:15:58.159782+00:00,2026-08-19T18:15:58.159782+03:00,1751,4.Levent PD Açık Otoparkı,KAĞITHANE,41.0836,29.0081,236,116,120,AÇIK OTOPARK,1,5,24 Saat
2026-08-19T15:15:58.159782+00:00,2026-08-19T18:15:58.159782+03:00,3328,4.Levent Servis ve Turizm Araçları Açık Otoparkı,ŞİŞLİ,41.0841,29.0054,300,164,136,AÇIK OTOPARK,1,15,24 Saat
2026-08-19T15:15:58.159782+00:00,2026-08-19T18:15:58.159782+03:00,3412,5. Levent Gaziosmanpaşa Adliyesi Yanı Açık Otoparkı,EYÜP,41.0927,28.9494,250,243,7,AÇIK OTOPARK,1,15,07:00-23:00
2026-08-19T15:15:58.159782+00:00,2026-08-19T18:15:58.159782+03:00,104,Abide-i Hürriyet Caddesi 5,ŞİŞLİ,41.0619,28.9876,40,1,39,YOL ÜSTÜ,0,15,08:00-17:00
2026-08-19T15:15:58.159782+00:00,2026-08-19T18:15:58.159782+03:00,2452,Acıbadem Açık Otoparkı,ÜSKÜDAR,41.0157,29.0574,100,86,14,AÇIK OTOPARK,0,0,06:30-16:00
2026-08-19T15:15:58.159782+00:00,2026-08-19T18:15:58.159782+03:00,346,Ada Karşısı Cep 2,BEŞİKTAŞ,41.072,29.045,30,1,29,YOL ÜSTÜ,1,15,08:00-23:00
2026-08-19T15:15:58.159782+00:00,2026-08-19T18:15:58.159782+03:00,1663,Akasyalı Sokak Tenis Kulubü Önü 2,BEŞİKTAŞ,41.0867,29.0109,45,1,44,YOL ÜSTÜ,0,15,08:30-17:30
2026-08-19T15:15:58.159782+00:00,2026-08-19T18:15:58.159782+03:00,828,Akdeniz Caddesi 4,FATİH,41.0175,28.9435,27,1,26,YOL ÜSTÜ,0,15,09:00-18:00
2026-08-19T15:15:58.159782+00:00,2026-08-19T18:15:58.159782+03:00,1913,Alibeyköy Cep Otogarı Açık Otoparkı,EYÜP,41.0879,28.9446,116,0,116,AÇIK OTOPARK,1,25,24 Saat
2026-08-19T15:15:58.159782+00:00,2026-08-19T18:15:58.159782+03:00,1912,Alibeyköy Cep Otogarı Otobüs Otoparkı,EYÜP,41.0875,28.9449,5000,1,4999,AÇIK OTOPARK,1,60,24 Saat
2026-08-19T15:15:58.159782+00:00,2026-08-19T18:15:58.159782+03:00,2562,Alibeyköy Yeşiltepe Zemin Altı Otoparkı,EYÜP,41.0797,28.938,159,69,90,KAPALI OTOPARK,1,15,24 Saat
2026-08-19T15:15:58.159782+00:00,2026-08-19T18:15:58.159782+03:00,3201,Altınboynuz Sosyal Tesisleri,EYÜP,41.058,28.9447,70,67,3,AÇIK OTOPARK,1,15,08:00-23:00
2026-08-19T15:15:58.159782+00:00,2026-08-19T18:15:58.159782+03:00,758,Arap Camii Açık Otoparkı,BEYOĞLU,41.0227,28.9723,30,1,29,AÇIK OTOPARK,0,0,09:00-17:00
2026-08-19T15:15:58.159782+00:00,2026-08-19T18:15:58.159782+03:00,1963,Aras Sokak 1,BÜYÜKÇEKMECE,41.0226,28.622,60,1,59,YOL ÜSTÜ,0,0,06:00-14:30
2026-08-19T15:15:58.159782+00:00,2026-08-19T18:15:58.159782+03:00,2802,Arnavutköy Zemin Altı Otoparkı,ARNAVUTKÖY,41.1838,28.7396,700,16,684,KAPALI OTOPARK,1,15,24 Saat
2026-08-19T15:15:58.159782+00:00,2026-08-19T18:15:58.159782+03:00,1797,Ataköy Atrium AVM,BAKIRKÖY,40.9881,28.8459,250,219,31,AÇIK OTOPARK,1,15,08:00-23:00
2026-08-19T15:15:58.159782+00:00,2026-08-19T18:15:58.159782+03:00,2824,Ataköy Metro Durağı Yanı PD Zemin Altı Otoparkı,BAKIRKÖY,40.9904,28.8456,150,86,64,KAPALI OTOPARK,1,0,24 Saat
2026-08-19T15:15:58.159782+00:00,2026-08-19T18:15:58.159782+03:00,359,Atatürk Bulvarı 1,FATİH,41.0112,28.9534,20,1,19,YOL ÜSTÜ,0,0,07:30-18:00
2026-08-19T15:15:58.159782+00:00,2026-08-19T18:15:58.159782+03:00,3087,Atatürk Kent Ormanı Otoparkı,SARIYER,41.136,29.0262,200,197,3,AÇIK OTOPARK,0,0,08:00-17:00
2026-08-19T15:15:58.159782+00:00,2026-08-19T18:15:58.159782+03:00,1088,Avcılar İdo,AVCILAR,40.9712,28.7185,270,261,9,AÇIK OTOPARK,1,0,13:00-07:00
2026-08-19T15:15:58.159782+00:00,2026-08-19T18:15:58.159782+03:00,2885,Azapkapı Haliç Metro Otoparkı,ŞİŞLİ,41.0245,28.9691,80,23,57,AÇIK OTOPARK,1,5,24 Saat
2026-08-19T15:15:58.159782+00:00,2026-08-19T18:15:58.159782+03:00,2455,Azerbaycan Dostluk Parkı Zemin Altı Otoparkı,BAĞCILAR,41.0444,28.854,400,178,222,KAPALI OTOPARK,1,10,24 Saat
2026-08-19T15:15:58.159782+00:00,2026-08-19T18:15:58.159782+03:00,2965,Bağcılar Çolakoğlu Zemin Altı Otoparkı,BAĞCILAR,41.0324,28.8345,106,0,106,KAPALI OTOPARK,1,5,24 Saat
2026-08-19T15:15:58.159782+00:00,2026-08-19T18:15:58.159782+03:00,2576,Bağcılar Demirkapı Zemin Altı Otoparkı,BAĞCILAR,41.0499,28.8327,343,182,161,KAPALI OTOPARK,1,5,24 Saat
2026-08-19T15:15:58.159782+00:00,2026-08-19T18:15:58.159782+03:00,3036,Bağcılar Devlet Hastanesi Yanı Zeminaltı Otoparkı,BAĞCILAR,41.0312,28.8696,1133,126,1007,KAPALI OTOPARK,1,15,24 Saat
2026-08-19T15:15:58.159782+00:00,2026-08-19T18:15:58.159782+03:00,3071,Bağcılar Emniyet Müdürlüğü Yanı Açık Otoparkı,BAĞCILAR,41.0353,28.8598,100,38,62,AÇIK OTOPARK,1,0,24 Saat
2026-08-19T15:15:58.159782+00:00,2026-08-19T18:15:58.159782+03:00,2873,Bağcılar Göztepe Zemin Altı,BAĞCILAR,41.0567,28.8355,120,0,120,KAPALI OTOPARK,1,5,24 Saat
2026-08-19T15:15:58.159782+00:00,2026-08-19T18:15:58.159782+03:00,3187,Bağcılar Hürriyet Mahallesi Zemin Altı Otoparkı,BAĞCILAR,41.0291,28.8333,355,0,355,KAPALI OTOPARK,1,10,24 Saat
2026-08-19T15:15:58.159782+00:00,2026-08-19T18:15:58.159782+03:00,2916,Bağcılar Kent Meydanı PD Zemin Altı Otoparkı,BAĞCILAR,41.0339,28.8556,1162,0,1162,KAPALI OTOPARK,1,0,24 Saat
2026-08-19T15:15:58.159782+00:00,2026-08-19T18:15:58.159782+03:00,3261,Bağcılar Yenimahalle Zemin Altı Otoparkı,BAĞCILAR,41.0425,28.8395,525,292,233,KAPALI OTOPARK,1,15,24 Saat
2026-08-19T15:15:58.159782+00:00,2026-08-19T18:15:58.159782+03:00,2820,Bağcılar Yıldıztepe Katlı Otoparkı,BAĞCILAR,41.0294,28.8556,350,0,350,KAPALI OTOPARK,1,10,24 Saat
2026-08-19T15:15:58.159782+00:00,2026-08-19T18:15:58.159782+03:00,3447,Bahçelievler 23 Nisan Milli Egemenlik Zeminaltı Otoparkı,BAHÇELİEVLER,40.9988,28.8472,732,513,219,KAPALI OTOPARK,1,10,24 Saat
2026-08-19T15:15:58.159782+00:00,2026-08-19T18:15:58.159782+03:00,2993,Bahçelievler Cumhuriyet Zeminaltı Otoparkı,BAHÇELİEVLER,41.0149,28.859,663,0,663,KAPALI OTOPARK,1,10,24 Saat
2026-08-19T15:15:58.159782+00:00,2026-08-19T18:15:58.159782+03:00,2969,Bahçelievler Devlet Hastanesi Yanı Katlı Otoparkı,BAHÇELİEVLER,41.0072,28.8442,740,0,740,KAPALI OTOPARK,1,0,24 Saat
2026-08-19T15:15:58.159782+00:00,2026-08-19T18:15:58.159782+03:00,3051,Bahçelievler Zafer Mh. Zeminaltı Otoparkı,BAHÇELİEVLER,41.0036,28.8351,200,98,102,KAPALI OTOPARK,1,0,24 Saat
2026-08-19T15:15:58.159782+00:00,2026-08-19T18:15:58.159782+03:00,3236,Bahçeşehir Gölet Açık Otoparkı,BAŞAKŞEHİR,41.0719,28.6901,200,1,199,AÇIK OTOPARK,1,0,12:00-22:00
2026-08-19T15:15:58.159782+00:00,2026-08-19T18:15:58.159782+03:00,1465,Bakırköy İdo Açık Otoparkı,BAKIRKÖY,40.9739,28.8761,160,106,54,AÇIK OTOPARK,1,10,24 Saat
2026-08-19T15:15:58.159782+00:00,2026-08-19T18:15:58.159782+03:00,1104,Balmumcu Katlı Otoparkı,BEŞİKTAŞ,41.0636,29.0109,400,261,139,KAPALI OTOPARK,1,5,24 Saat
2026-08-19T15:15:58.159782+00:00,2026-08-19T18:15:58.159782+03:00,2796,Başakşehir Metro Açık Otoparkı,BAŞAKŞEHİR,41.107,28.801,125,1,124,AÇIK OTOPARK,0,0,07:00-16:00
2026-08-19T15:15:58.159782+00:00,2026-08-19T18:15:58.159782+03:00,2350,Bayrampaşa Adapark Katlı Otoparkı,BAYRAMPAŞA,41.0647,28.8875,650,0,650,KAPALI OTOPARK,1,15,24 Saat
2026-08-19T15:15:58.159782+00:00,2026-08-19T18:15:58.159782+03:00,2892,Bayrampaşa Altıntepsi Zemin  Altı Otoparkı,BAYRAMPAŞA,41.0393,28.9029,110,0,110,KAPALI OTOPARK,1,10,24 Saat
2026-08-19T15:15:58.159782+00:00,2026-08-19T18:15:58.159782+03:00,2909,Bayrampaşa Atatürk Parkı  Zemin Altı Otoparkı,BAYRAMPAŞA,41.0342,28.9123,442,0,442,KAPALI OTOPARK,1,10,24 Saat
2026-08-19T15:15:58.159782+00:00,2026-08-19T18:15:58.159782+03:00,2683,Bayrampaşa Devlet Hastanesi Cep Otoparkı,BAYRAMPAŞA,41.0414,28.9031,55,32,23,AÇIK OTOPARK,1,0,08:00-19:00
2026-08-19T15:15:58.159782+00:00,2026-08-19T18:15:58.159782+03:00,3301,Bayrampaşa Kocatepe Mahallesi Zemin Altı Otoparkı,BAYRAMPAŞA,41.0545,28.8964,241,0,241,KAPALI OTOPARK,1,10,24 Saat
2026-08-19T15:15:58.159782+00:00,2026-08-19T18:15:58.159782+03:00,2053,Bayrampaşa Muratpaşa Yer Altı Otoparkı,BAYRAMPAŞA,41.047,28.9082,300,22,278,KAPALI OTOPARK,1,15,24 Saat
2026-08-19T15:15:58.159782+00:00,2026-08-19T18:15:58.159782+03:00,3175,Bayrampaşa Spor Kompleksi Zemin Altı Otoparkı,BAYRAMPAŞA,41.0446,28.9106,205,0,205,KAPALI OTOPARK,1,15,24 Saat
2026-08-19T15:15:58.159782+00:00,2026-08-19T18:15:58.159782+03:00,3382,Bayrampaşa Şehit Kamil Balkan Zemin Altı Otoparkı,BAYRAMPAŞA,41.0604,28.9008,235,0,235,KAPALI OTOPARK,1,10,24 Saat
2026-08-19T15:15:58.159782+00:00,2026-08-19T18:15:58.159782+03:00,2428,Bayrampaşa Yenidoğan Mahallesi Zemin Altı Otoparkı,BAYRAMPAŞA,41.0395,28.9088,120,0,120,KAPALI OTOPARK,1,10,24 Saat
2026-08-19T15:15:58.159782+00:00,2026-08-19T18:15:58.159782+03:00,2468,Bebek Açık,BEŞİKTAŞ,41.077,29.0434,30,0,30,AÇIK OTOPARK,1,0,24 Saat
2026-08-19T15:15:58.159782+00:00,2026-08-19T18:15:58.159782+03:00,3479,Beşiktaş Halk Pazarı Açık Otoparkı,BEŞİKTAŞ,41.0496,29.0004,170,73,97,AÇIK OTOPARK,1,5,24 Saat
2026-08-19T15:15:58.159782+00:00,2026-08-19T18:15:58.159782+03:00,3257,Beykoz Sahil Cep Otoparkı,BEYKOZ,41.1286,29.0953,100,74,26,AÇIK OTOPARK,1,0,08:00-00:00
2026-08-19T15:15:58.159782+00:00,2026-08-19T18:15:58.159782+03:00,2273,Beykoz Sosyal Tesisleri,BEYKOZ,41.1143,29.0888,130,0,130,AÇIK OTOPARK,1,15,08:00-00:00
2026-08-19T15:15:58.159782+00:00,2026-08-19T18:15:58.159782+03:00,2999,Beyoğlu Gazhane Bostan Sokak 2,BEYOĞLU,41.0389,28.9903,35,1,34,YOL ÜSTÜ,0,0,07:30-16:30
2026-08-19T15:15:58.159782+00:00,2026-08-19T18:15:58.159782+03:00,3072,Beyoğlu Örnektepe Zemin Altı Otoparkı,BEYOĞLU,41.0543,28.9548,143,0,143,KAPALI OTOPARK,1,0,24 Saat
2026-08-19T15:15:58.159782+00:00,2026-08-19T18:15:58.159782+03:00,1455,Bostancı Açık,KADIKÖY,40.9523,29.0902,394,0,394,AÇIK OTOPARK,1,15,24 Saat
2026-08-19T15:15:58.159782+00:00,2026-08-19T18:15:58.159782+03:00,1456,Bostancı Sahil-Cep Açık Otoparkı,KADIKÖY,40.9545,29.0885,192,106,86,AÇIK OTOPARK,1,15,24 Saat
2026-08-19T15:15:58.159782+00:00,2026-08-19T18:15:58.159782+03:00,2150,Bostancı Vergi Dairesi Açık Otoparkı,ATAŞEHİR,40.9625,29.1083,155,0,155,AÇIK OTOPARK,1,5,08:00-20:00
2026-08-19T15:15:58.159782+00:00,2026-08-19T18:15:58.159782+03:00,2854,Bülent Ecevit Kültür Merkezi Açık Otoparkı,KARTAL,40.8852,29.1967,277,266,11,AÇIK OTOPARK,1,0,10:00-21:00
2026-08-19T15:15:58.159782+00:00,2026-08-19T18:15:58.159782+03:00,2866,Büyük İstanbul Otogarı,BAYRAMPAŞA,41.0402,28.8942,1000,0,1000,AÇIK OTOPARK,1,25,24 Saat
2026-08-19T15:15:58.159782+00:00,2026-08-19T18:15:58.159782+03:00,1192,Büyükçamlıca Korusu Sosyal Tesisleri Önü,ÜSKÜDAR,41.0264,29.0698,204,112,92,AÇIK OTOPARK,1,0,08:00-00:00
2026-08-19T15:15:58.159782+00:00,2026-08-19T18:15:58.159782+03:00,2960,Büyükçekmece Metrobüs Durağı Yanı PD Zemin Altı Otopark,BÜYÜKÇEKMECE,41.0221,28.624,448,337,111,KAPALI OTOPARK,1,0,24 Saat
2026-08-19T15:15:58.159782+00:00,2026-08-19T18:15:58.159782+03:00,1503,Cadde Bostan Açık Otoparkı,KADIKÖY,40.9636,29.0675,66,5,61,AÇIK OTOPARK,1,15,24 Saat
2026-08-19T15:15:58.159782+00:00,2026-08-19T18:15:58.159782+03:00,2933,Cemal Kamacı Spor Kompleksi Zemin Altı Otoparkı,KAĞITHANE,41.0536,28.9575,510,0,510,KAPALI OTOPARK,1,0,24 Saat
2026-08-19T15:15:58.159782+00:00,2026-08-19T18:15:58.159782+03:00,2207,Cengiz Topel Yer Altı Katlı Otoparkı,ESENLER,41.0588,28.8643,144,0,144,KAPALI OTOPARK,1,15,24 Saat
2026-08-19T15:15:58.159782+00:00,2026-08-19T18:15:58.159782+03:00,2787,Cevizli Açık Otoparkı,KARTAL,40.9179,29.1712,100,74,26,AÇIK OTOPARK,1,15,08:00-19:00
2026-08-19T15:15:58.159782+00:00,2026-08-19T18:15:58.159782+03:00,782,Cihangir Caddesi 2,BEYOĞLU,41.0319,28.9862,70,1,69,YOL ÜSTÜ,1,15,09:00-19:00
2026-08-19T15:15:58.159782+00:00,2026-08-19T18:15:58.159782+03:00,1467,Cihangir Katlı Otoparkı,BEYOĞLU,41.0318,28.9858,350,0,350,KAPALI OTOPARK,1,0,24 Saat
2026-08-19T15:15:58.159782+00:00,2026-08-19T18:15:58.159782+03:00,535,Cihannuma Yol Üstü 1,BEŞİKTAŞ,41.0454,29.0084,35,1,34,YOL ÜSTÜ,1,0,08:00-23:00
2026-08-19T15:15:58.159782+00:00,2026-08-19T18:15:58.159782+03:00,537,Cihannuma Yol Üstü 3,BEŞİKTAŞ,41.0459,29.0087,33,1,32,YOL ÜSTÜ,1,0,08:00-23:00
2026-08-19T15:15:58.159782+00:00,2026-08-19T18:15:58.159782+03:00,539,Cihannuma Yol Üstü 5,BEŞİKTAŞ,41.0489,29.0094,24,1,23,YOL ÜSTÜ,1,0,08:00-23:00
2026-08-19T15:15:58.159782+00:00,2026-08-19T18:15:58.159782+03:00,3184,Çam Sokak 6,GÜNGÖREN,41.0121,28.8882,50,1,49,YOL ÜSTÜ,0,15,08:00-17:00
2026-08-19T15:15:58.159782+00:00,2026-08-19T18:15:58.159782+03:00,3030,Çekmeköy Metro PD Zemin Altı Otoparkı,ÇEKMEKÖY,41.0147,29.1886,175,52,123,KAPALI OTOPARK,1,15,24 Saat
2026-08-19T15:15:58.159782+00:00,2026-08-19T18:15:58.159782+03:00,2905,Çeliktepe Açık Otoparkı,KAĞITHANE,41.0843,29.0056,200,88,112,AÇIK OTOPARK,1,5,24 Saat
2026-08-19T15:15:58.159782+00:00,2026-08-19T18:15:58.159782+03:00,1298,Çengelköy Açık Otoparkı,ÜSKÜDAR,41.0484,29.0533,500,161,339,AÇIK OTOPARK,1,15,24 Saat
2026-08-19T15:15:58.159782+00:00,2026-08-19T18:15:58.159782+03:00,502,Çınar Açık Otoparkı,BEŞİKTAŞ,41.0853,29.0088,65,1,64,AÇIK OTOPARK,0,0,08:00-18:00
2026-08-19T15:15:58.159782+00:00,2026-08-19T18:15:58.159782+03:00,777,Çırağan Sarayı Yol Üstü 1,BEŞİKTAŞ,41.0448,29.0165,40,1,39,YOL ÜSTÜ,1,15,08:00-23:00
2026-08-19T15:15:58.159782+00:00,2026-08-19T18:15:58.159782+03:00,778,Çırağan Sarayı Yol Üstü 2,BEŞİKTAŞ,41.0445,29.0156,40,1,39,YOL ÜSTÜ,1,15,08:00-23:00
2026-08-19T15:15:58.159782+00:00,2026-08-19T18:15:58.159782+03:00,2228,Çırpıcı Sosyal Tesisler,ZEYTİNBURNU,41,28.8926,128,0,128,AÇIK OTOPARK,1,15,07:00-00:00
2026-08-19T15:15:58.159782+00:00,2026-08-19T18:15:58.159782+03:00,1508,Çiroz Yeşilköy Halk Pazarı,BAKIRKÖY,40.9628,28.8129,471,471,0,AÇIK OTOPARK,0,0,08:00-18:00
2026-08-19T15:15:58.159782+00:00,2026-08-19T18:15:58.159782+03:00,2030,Dalyan Açık Otoparkı,KADIKÖY,40.9632,29.0651,92,7,85,AÇIK OTOPARK,1,15,24 Saat
2026-08-19T15:15:58.159782+00:00,2026-08-19T18:15:58.159782+03:00,2271,Damla Sokak 1,ŞİŞLİ,41.0672,29.0004,17,1,16,YOL ÜSTÜ,0,15,07:30-16:30
2026-08-19T15:15:58.159782+00:00,2026-08-19T18:15:58.159782+03:00,2164,Darüşşafaka Yeraltı Otoparkı,SARIYER,41.1292,29.0252,150,124,26,KAPALI OTOPARK,1,15,08:00-00:00
2026-08-19T15:15:58.159782+00:00,2026-08-19T18:15:58.159782+03:00,1653,Deniz Feneri Otoparkı,FATİH,41.0019,28.9773,175,78,97,AÇIK OTOPARK,1,5,24 Saat
2026-08-19T15:15:58.159782+00:00,2026-08-19T18:15:58.159782+03:00,595,Dostluk Yurdu 1,FATİH,41.0071,28.973,33,33,0,YOL ÜSTÜ,0,15,07:00-17:00
2026-08-19T15:15:58.159782+00:00,2026-08-19T18:15:58.159782+03:00,2237,Dragos Sosyal Tesisleri,KARTAL,40.9017,29.1458,100,19,81,AÇIK OTOPARK,1,15,24 Saat
2026-08-19T15:15:58.159782+00:00,2026-08-19T18:15:58.159782+03:00,3063,Dudullu Metro PD Zemin Altı Otoparkı,ÜMRANİYE,41.0156,29.1633,81,49,32,KAPALI OTOPARK,1,15,07:00-23:30
2026-08-19T15:15:58.159782+00:00,2026-08-19T18:15:58.159782+03:00,1522,Ebu Suut Caddesi 1,FATİH,41.0128,28.9766,35,1,34,YOL ÜSTÜ,0,0,08:00-18:00
2026-08-19T15:15:58.159782+00:00,2026-08-19T18:15:58.159782+03:00,2147,EGS Blokları Açık Otoparkı,BAKIRKÖY,40.9863,28.8354,350,32,318,AÇIK OTOPARK,1,60,09:00-19:30
2026-08-19T15:15:58.159782+00:00,2026-08-19T18:15:58.159782+03:00,2366,Esenler Adem Baştürk Kültür Merkezi Katlı,ESENLER,41.039,28.8846,460,46,414,KAPALI OTOPARK,1,15,24 Saat
2026-08-19T15:15:58.159782+00:00,2026-08-19T18:15:58.159782+03:00,3190,Esenler Havaalanı Mahallesi Zemin Altı Otoparkı,ESENLER,41.0562,28.8674,610,360,250,KAPALI OTOPARK,1,10,24 Saat
2026-08-19T15:15:58.159782+00:00,2026-08-19T18:15:58.159782+03:00,3011,Esenler Menderes Metro İstasyonu Yanı,ESENLER,41.0427,28.8783,68,16,52,AÇIK OTOPARK,1,5,24 Saat
2026-08-19T15:15:58.159782+00:00,2026-08-19T18:15:58.159782+03:00,2822,Esenler Menderes Parkı Zemin Altı Otoparkı,ESENLER,41.0412,28.8729,325,85,240,KAPALI OTOPARK,1,10,24 Saat
2026-08-19T15:15:58.159782+00:00,2026-08-19T18:15:58.159782+03:00,3303,Esenyurt Adile Naşit Bulvarı Zeminaltı Otoparkı,ESENYURT,41.0205,28.6859,367,290,77,KAPALI OTOPARK,1,15,24 Saat
2026-08-19T15:15:58.159782+00:00,2026-08-19T18:15:58.159782+03:00,1328,Eski Salı Pazarı,KADIKÖY,40.9904,29.0338,760,0,760,AÇIK OTOPARK,1,15,24 Saat
2026-08-19T15:15:58.159782+00:00,2026-08-19T18:15:58.159782+03:00,904,Eyüp Pierloti Caddesi 1,EYÜP,41.0539,28.9329,40,1,39,YOL ÜSTÜ,1,0,09:00-22:00
2026-08-19T15:15:58.159782+00:00,2026-08-19T18:15:58.159782+03:00,2850,Eyüpsultan Akşemsettin Mahallesi Zemin Altı Otoparkı,EYÜP,41.085,28.9258,110,0,110,KAPALI OTOPARK,1,15,24 Saat
2026-08-19T15:15:58.159782+00:00,2026-08-19T18:15:58.159782+03:00,2215,Fatih Çeşmesi Tabiat Parkı Otoparkı,SARIYER,41.1686,28.9448,250,242,8,AÇIK OTOPARK,1,0,06:00-20:00
2026-08-19T15:15:58.159782+00:00,2026-08-19T18:15:58.159782+03:00,1475,Fatih Katlı Otoparkı,FATİH,41.0198,28.9396,118,21,97,KAPALI OTOPARK,1,10,24 Saat
2026-08-19T15:15:58.159782+00:00,2026-08-19T18:15:58.159782+03:00,1591,Feshane PD Açık Otoparkı,EYÜP,41.0463,28.9378,200,0,200,AÇIK OTOPARK,1,15,24 Saat
2026-08-19T15:15:58.159782+00:00,2026-08-19T18:15:58.159782+03:00,1005,Florya Havuzlu Bahçe,BAKIRKÖY,40.9764,28.7908,135,1,134,AÇIK OTOPARK,1,0,09:00-23:00
2026-08-19T15:15:58.159782+00:00,2026-08-19T18:15:58.159782+03:00,2238,Florya Sosyal Tesisleri,BAKIRKÖY,40.9614,28.8091,1074,741,333,AÇIK OTOPARK,1,15,24 Saat
2026-08-19T15:15:58.159782+00:00,2026-08-19T18:15:58.159782+03:00,1704,Gazi Umur Paşa Sokak 5,BEŞİKTAŞ,41.0589,29.0114,45,1,44,YOL ÜSTÜ,0,15,08:00-17:00
2026-08-19T15:15:58.159782+00:00,2026-08-19T18:15:58.159782+03:00,3296,Gaziosmanpaşa Meydanı ve Yaşam Merkezi Zemin Altı Otoparkı,GAZİOSMANPAŞA,41.0606,28.9093,202,0,202,KAPALI OTOPARK,1,15,24 Saat
2026-08-19T15:15:58.159782+00:00,2026-08-19T18:15:58.159782+03:00,2971,Gaziosmanpaşa Zemin Altı Otoparkı,GAZİOSMANPAŞA,41.0796,28.8858,285,0,285,KAPALI OTOPARK,1,0,24 Saat
2026-08-19T15:15:58.159782+00:00,2026-08-19T18:15:58.159782+03:00,3401,Giyimkent Tekstilkent Metro Zemin Altı PD Otoparkı,ESENLER,41.0711,28.8666,203,173,30,KAPALI OTOPARK,1,10,24 Saat
2026-08-19T15:15:58.159782+00:00,2026-08-19T18:15:58.159782+03:00,2242,Gözdağı Sosyal Tesisler  Açık Otoparkı,PENDİK,40.893,29.2538,300,216,84,AÇIK OTOPARK,1,0,07:00-23:00
2026-08-19T15:15:58.159782+00:00,2026-08-19T18:15:58.159782+03:00,1879,Gülsuyu Metro PD Yer Altı Otoparkı,MALTEPE,40.9237,29.1548,76,0,76,KAPALI OTOPARK,1,15,08:00-00:00
2026-08-19T15:15:58.159782+00:00,2026-08-19T18:15:58.159782+03:00,1423,Güneş Plajı 1,BAKIRKÖY,40.9712,28.79,250,191,59,AÇIK OTOPARK,1,10,24 Saat
2026-08-19T15:15:58.159782+00:00,2026-08-19T18:15:58.159782+03:00,1461,Güneş Plajı 2,BAKIRKÖY,40.9692,28.7951,135,69,66,AÇIK OTOPARK,1,10,08:00-20:00
2026-08-19T15:15:58.159782+00:00,2026-08-19T18:15:58.159782+03:00,3053,Güngören Nikah Dairesi Zemin Altı otoparkı,GÜNGÖREN,41.0363,28.8718,147,0,147,KAPALI OTOPARK,1,10,24 Saat
2026-08-19T15:15:58.159782+00:00,2026-08-19T18:15:58.159782+03:00,2216,Gürpınar Balık Hali Otoparkı,BEYLİKDÜZÜ,40.9663,28.6019,1000,752,248,AÇIK OTOPARK,1,15,24 Saat
2026-08-19T15:15:58.159782+00:00,2026-08-19T18:15:58.159782+03:00,1525,Hacıosman Metro Yer Altı Otoparkı,SARIYER,41.14,29.0306,422,90,332,KAPALI OTOPARK,1,15,24 Saat
2026-08-19T15:15:58.159782+00:00,2026-08-19T18:15:58.159782+03:00,1470,Haldun Alagaş Katlı Otoparkı,ÜMRANİYE,41.0262,29.1052,197,91,106,KAPALI OTOPARK,1,15,24 Saat
2026-08-19T15:15:58.159782+00:00,2026-08-19T18:15:58.159782+03:00,3235,Haliç Sosyal Tesisleri Otoparkı,FATİH,41.0277,28.9572,60,18,42,AÇIK OTOPARK,1,15,07:00-00:00
2026-08-19T15:15:58.159782+00:00,2026-08-19T18:15:58.159782+03:00,2848,Halkalı Mahallesi Zemin Altı Otoparkı,KÜÇÜKÇEKMECE,41.0359,28.7848,347,262,85,KAPALI OTOPARK,1,15,24 Saat
2026-08-19T15:15:58.159782+00:00,2026-08-19T18:15:58.159782+03:00,2838,Hamidiye Mahallesi Katlı Otoparkı,KAĞITHANE,41.0949,28.971,450,203,247,KAPALI OTOPARK,1,15,24 Saat
2026-08-19T15:15:58.159782+00:00,2026-08-19T18:15:58.159782+03:00,1446,Harbiye Zemin Altı Otoparkı,BEYOĞLU,41.0408,28.9869,142,0,142,KAPALI OTOPARK,1,5,24 Saat
2026-08-19T15:15:58.159782+00:00,2026-08-19T18:15:58.159782+03:00,2332,Haydarpaşa Katlı Otoparkı,ÜSKÜDAR,41.0048,29.0251,840,705,135,KAPALI OTOPARK,1,15,24 Saat
2026-08-19T15:15:58.159782+00:00,2026-08-19T18:15:58.159782+03:00,1987,Haznedar Yer Altı Otoparkı,GÜNGÖREN,41.0083,28.8729,540,0,540,KAPALI OTOPARK,1,0,24 Saat
2026-08-19T15:15:58.159782+00:00,2026-08-19T18:15:58.159782+03:00,377,Hızır Külhani Sokak,FATİH,41.0202,28.9605,32,1,31,YOL ÜSTÜ,0,15,09:00-17:00
2026-08-19T15:15:58.159782+00:00,2026-08-19T18:15:58.159782+03:00,3173,Hürriyet Mahallesi Zeminaltı Otoparkı,GAZİOSMANPAŞA,41.0708,28.8951,190,0,190,KAPALI OTOPARK,1,15,24 Saat
2026-08-19T15:15:58.159782+00:00,2026-08-19T18:15:58.159782+03:00,157,Ihlamur Dere Caddesi 4,BEŞİKTAŞ,41.047,29.0023,27,1,26,YOL ÜSTÜ,0,15,09:00-17:00
2026-08-19T15:15:58.159782+00:00,2026-08-19T18:15:58.159782+03:00,1189,İçerenköy Sebze Meyve Hali Otoparkı,ATAŞEHİR,40.9766,29.1044,600,600,0,AÇIK OTOPARK,1,15,24 Saat
2026-08-19T15:15:58.159782+00:00,2026-08-19T18:15:58.159782+03:00,1127,İshakpaşa Caddesi,FATİH,41.0079,28.9814,200,1,199,YOL ÜSTÜ,0,0,08:00-18:00
2026-08-19T15:15:58.159782+00:00,2026-08-19T18:15:58.159782+03:00,3265,İspark İstanbul West Marina Açık Otoparkı 1,BEYLİKDÜZÜ,40.9636,28.6564,250,1,249,AÇIK OTOPARK,1,15,24 Saat
2026-08-19T15:15:58.159782+00:00,2026-08-19T18:15:58.159782+03:00,2793,İspark Merter Katlı Otoparkı,GÜNGÖREN,41.0097,28.89,900,348,552,KAPALI OTOPARK,1,10,24 Saat
2026-08-19T15:15:58.159782+00:00,2026-08-19T18:15:58.159782+03:00,2430,İspark West İstanbul Marina Açık Otoparkı,BEYLİKDÜZÜ,40.9639,28.6591,1600,851,749,AÇIK OTOPARK,1,15,24 Saat
2026-08-19T15:15:58.159782+00:00,2026-08-19T18:15:58.159782+03:00,381,İstinye 4 ( Cami Önü ),SARIYER,41.1149,29.0571,25,1,24,YOL ÜSTÜ,0,15,08:30-17:30
2026-08-19T15:15:58.159782+00:00,2026-08-19T18:15:58.159782+03:00,1804,İtalyan Hastanesi Karşısı Açık Otoparkı 1,BEYOĞLU,41.028,28.9815,30,1,29,AÇIK OTOPARK,1,0,08:00-19:00
2026-08-19T15:15:58.159782+00:00,2026-08-19T18:15:58.159782+03:00,507,Kabasakal Medrese Önü,FATİH,41.0062,28.9789,65,1,64,AÇIK OTOPARK,1,0,08:00-18:30
2026-08-19T15:15:58.159782+00:00,2026-08-19T18:15:58.159782+03:00,3306,Kabataş Transfer Merkezi Turizm Otobüs Otoparkı,BEYOĞLU,41.0336,28.9923,160,0,160,KAPALI OTOPARK,1,20,24 Saat
2026-08-19T15:15:58.159782+00:00,2026-08-19T18:15:58.159782+03:00,2918,Kadıköy Hasanpaşa Gazhane Katlı Otoparkı,KADIKÖY,40.9972,29.0428,310,192,118,KAPALI OTOPARK,1,15,24 Saat
2026-08-19T15:15:58.159782+00:00,2026-08-19T18:15:58.159782+03:00,1447,Kadıköy İski Açık Otoparkı,KADIKÖY,40.9874,29.0207,124,10,114,AÇIK OTOPARK,1,15,24 Saat
2026-08-19T15:15:58.159782+00:00,2026-08-19T18:15:58.159782+03:00,1655,Kadıköy Metro Açık Otoparkı,KADIKÖY,40.9899,29.0217,74,0,74,AÇIK OTOPARK,1,15,24 Saat
2026-08-19T15:15:58.159782+00:00,2026-08-19T18:15:58.159782+03:00,3445,Kadıköy Uzunçayır PD Açık Otoparkı,KADIKÖY,40.9982,29.0569,70,40,30,AÇIK OTOPARK,0,15,06:30-16:30
2026-08-19T15:15:58.159782+00:00,2026-08-19T18:15:58.159782+03:00,2808,Kadıköy Yeni Salı Pazarı PD Katlı Otoparkı,KADIKÖY,40.9969,29.0486,1350,692,658,KAPALI OTOPARK,1,15,24 Saat
2026-08-19T15:15:58.159782+00:00,2026-08-19T18:15:58.159782+03:00,2811,Kağıthane Harmantepe Zemin Altı Otoparkı,KAĞITHANE,41.0816,28.9907,200,0,200,KAPALI OTOPARK,1,0,24 Saat
2026-08-19T15:15:58.159782+00:00,2026-08-19T18:15:58.159782+03:00,1452,Kalamış Açık Otoparkı,KADIKÖY,40.9687,29.0363,173,97,76,AÇIK OTOPARK,1,15,24 Saat
2026-08-19T15:15:58.159782+00:00,2026-08-19T18:15:58.159782+03:00,1474,Kartal Hasan Doğan Spor Kompleksi,KARTAL,40.8918,29.1897,773,0,773,KAPALI OTOPARK,1,15,24 Saat
2026-08-19T15:15:58.159782+00:00,2026-08-19T18:15:58.159782+03:00,1105,Kartal İdo Açık Otoparkı,KARTAL,40.8874,29.1881,90,0,90,AÇIK OTOPARK,1,15,24 Saat
2026-08-19T15:15:58.159782+00:00,2026-08-19T18:15:58.159782+03:00,1550,Kartal Sahil Açık Otoparkı,KARTAL,40.8875,29.1901,75,15,60,AÇIK OTOPARK,1,5,24 Saat
2026-08-19T15:15:58.159782+00:00,2026-08-19T18:15:58.159782+03:00,3434,Kasımpaşa Sosyal Tesisler Otoparkı,BEYOĞLU,41.0296,28.9673,60,37,23,AÇIK OTOPARK,1,0,07:30-23:00
2026-08-19T15:15:58.159782+00:00,2026-08-19T18:15:58.159782+03:00,1960,Kazlıçeşme Marmaray Açık Otoparkı,ZEYTİNBURNU,40.9922,28.917,700,515,185,AÇIK OTOPARK,1,15,24 Saat
2026-08-19T15:15:58.159782+00:00,2026-08-19T18:15:58.159782+03:00,2994,Kirazlı Metro Durağı PD Açık Otoparkı,BAĞCILAR,41.033,28.8429,112,0,112,AÇIK OTOPARK,1,5,24 Saat
2026-08-19T15:15:58.159782+00:00,2026-08-19T18:15:58.159782+03:00,1528,Kore Şehitleri Caddesi - Yüzbaşı Kaya Aldağon Sokak 1,ŞİŞLİ,41.0719,29.0139,40,1,39,YOL ÜSTÜ,0,15,07:00-16:00
2026-08-19T15:15:58.159782+00:00,2026-08-19T18:15:58.159782+03:00,2449,Kozyatağı Sebze-Meyve Hali,ATAŞEHİR,40.9787,29.1029,1500,1500,0,AÇIK OTOPARK,1,0,24 Saat
2026-08-19T15:15:58.159782+00:00,2026-08-19T18:15:58.159782+03:00,1206,Kutlugün Sokak 2,FATİH,41.0061,28.9801,200,1,199,YOL ÜSTÜ,0,0,08:00-18:00
2026-08-19T15:15:58.159782+00:00,2026-08-19T18:15:58.159782+03:00,3074,Küçük Çamlıca,ÜSKÜDAR,41.0204,29.0653,129,105,24,AÇIK OTOPARK,1,0,08:00-22:00
2026-08-19T15:15:58.159782+00:00,2026-08-19T18:15:58.159782+03:00,3127,Küçükçekmece Cennet Mahallesi Meydan Zemin Altı Otoparkı,KÜÇÜKÇEKMECE,40.9907,28.783,456,0,456,KAPALI OTOPARK,1,10,24 Saat
2026-08-19T15:15:58.159782+00:00,2026-08-19T18:15:58.159782+03:00,2554,Küçükçekmece Fevzi Çakmak Meydanı Zemin Altı Otoparkı,KÜÇÜKÇEKMECE,41.0076,28.7927,1000,512,488,KAPALI OTOPARK,1,10,24 Saat
2026-08-19T15:15:58.159782+00:00,2026-08-19T18:15:58.159782+03:00,2882,Küçüksu Kasrı Açık Otoparkı,BEYKOZ,41.0789,29.0657,98,91,7,AÇIK OTOPARK,1,0,07:00-23:00
2026-08-19T15:15:58.159782+00:00,2026-08-19T18:15:58.159782+03:00,220,Levent Hamidiye,BEŞİKTAŞ,41.0861,29.0076,100,1,99,AÇIK OTOPARK,1,0,08:00-19:00
2026-08-19T15:15:58.159782+00:00,2026-08-19T18:15:58.159782+03:00,1138,Levent Metro Yer Altı Otoparkı,BEŞİKTAŞ,41.0811,29.0105,100,100,0,AÇIK OTOPARK,1,5,07:30-19:30
2026-08-19T15:15:58.159782+00:00,2026-08-19T18:15:58.159782+03:00,2335,Maçka Açık Otoparkı,ŞİŞLİ,41.046,28.9908,75,72,3,AÇIK OTOPARK,1,0,24 Saat
2026-08-19T15:15:58.159782+00:00,2026-08-19T18:15:58.159782+03:00,1859,Maçka Katlı Otoparkı,ŞİŞLİ,41.0484,28.9903,508,0,508,KAPALI OTOPARK,1,0,24 Saat
2026-08-19T15:15:58.159782+00:00,2026-08-19T18:15:58.159782+03:00,3193,Maltepe Rıhtım Caddesi Açık Otoparkı,MALTEPE,40.9258,29.1241,76,37,39,AÇIK OTOPARK,1,0,24 Saat
2026-08-19T15:15:58.159782+00:00,2026-08-19T18:15:58.159782+03:00,2146,Maltepe Süreyyapaşa Çarşısı Açık Otoparkı,MALTEPE,40.9274,29.1225,156,68,88,AÇIK OTOPARK,1,0,24 Saat
2026-08-19T15:15:58.159782+00:00,2026-08-19T18:15:58.159782+03:00,1599,Maslak Açık Otoparkı,SARIYER,41.1166,29.024,150,97,53,AÇIK OTOPARK,1,10,24 Saat
2026-08-19T15:15:58.159782+00:00,2026-08-19T18:15:58.159782+03:00,2100,Matbaacılar Sitesi Yanı,ZEYTİNBURNU,41.0234,28.9187,250,172,78,AÇIK OTOPARK,1,5,24 Saat
2026-08-19T15:15:58.159782+00:00,2026-08-19T18:15:58.159782+03:00,920,Meclis-i Mebusan Yokuşu 2,BEYOĞLU,41.0326,28.9882,34,1,33,YOL ÜSTÜ,0,15,09:00-17:00
2026-08-19T15:15:58.159782+00:00,2026-08-19T18:15:58.159782+03:00,1546,Menekşe Plajı Açık Otoparkı,BAKIRKÖY,40.9761,28.7766,200,199,1,AÇIK OTOPARK,1,0,24 Saat
2026-08-19T15:15:58.159782+00:00,2026-08-19T18:15:58.159782+03:00,1376,Mercan Açık,FATİH,41.0136,28.9669,130,72,58,AÇIK OTOPARK,1,0,08:00-23:00
2026-08-19T15:15:58.159782+00:00,2026-08-19T18:15:58.159782+03:00,3309,Mercan Ali Paşa Sarayı Zemin Altı Otoparkı,FATİH,41.0136,28.967,196,1,195,KAPALI OTOPARK,1,0,07:00-21:00
2026-08-19T15:15:58.159782+00:00,2026-08-19T18:15:58.159782+03:00,1472,Merter Katlı Otoparkı,GÜNGÖREN,41.0092,28.8874,1000,871,129,KAPALI OTOPARK,1,10,24 Saat
2026-08-19T15:15:58.159782+00:00,2026-08-19T18:15:58.159782+03:00,2375,Merter Metro PD Zeminaltı Otoparkı,GÜNGÖREN,41.0037,28.8897,242,81,161,KAPALI OTOPARK,1,10,24 Saat
2026-08-19T15:15:58.159782+00:00,2026-08-19T18:15:58.159782+03:00,1568,Mete Caddesi 1,BEYOĞLU,41.0382,28.9879,31,1,30,YOL ÜSTÜ,1,15,08:00-23:00
2026-08-19T15:15:58.159782+00:00,2026-08-19T18:15:58.159782+03:00,1471,Mevlana Yeraltı Katlı Otoparkı,ZEYTİNBURNU,41.0072,28.9049,1000,869,131,KAPALI OTOPARK,1,5,24 Saat
2026-08-19T15:15:58.159782+00:00,2026-08-19T18:15:58.159782+03:00,2709,Millet Caddesi Açık Otoparkı,FATİH,41.01,28.9461,60,1,59,AÇIK OTOPARK,1,15,24 Saat
2026-08-19T15:15:58.159782+00:00,2026-08-19T18:15:58.159782+03:00,3152,Mimar Sinan Zemin Altı Otoparkı,ÜSKÜDAR,41.0222,29.0169,956,118,838,KAPALI OTOPARK,1,15,24 Saat
2026-08-19T15:15:58.159782+00:00,2026-08-19T18:15:58.159782+03:00,2870,Miniatürk Çadır Açık Otoparkı,BEYOĞLU,41.0594,28.9501,250,178,72,AÇIK OTOPARK,1,15,07:00-20:00
2026-08-19T15:15:58.159782+00:00,2026-08-19T18:15:58.159782+03:00,2556,Muallim Naci Açık Otoparkı,BEŞİKTAŞ,41.0561,29.0342,35,21,14,AÇIK OTOPARK,1,15,24 Saat
2026-08-19T15:15:58.159782+00:00,2026-08-19T18:15:58.159782+03:00,569,Oda Kule Önü 1,BEYOĞLU,41.0322,28.9751,24,1,23,YOL ÜSTÜ,1,0,07:00-01:00
2026-08-19T15:15:58.159782+00:00,2026-08-19T18:15:58.159782+03:00,1988,Orhangazi Şehir Parkı PD Açık Otoparkı,MALTEPE,40.9313,29.1161,5022,4147,875,AÇIK OTOPARK,1,15,24 Saat
2026-08-19T15:15:58.159782+00:00,2026-08-19T18:15:58.159782+03:00,152,Ortabahçe Caddesi 2,BEŞİKTAŞ,41.0428,29.0043,35,1,34,YOL ÜSTÜ,1,15,08:00-23:00
2026-08-19T15:15:58.159782+00:00,2026-08-19T18:15:58.159782+03:00,153,Ortabahçe Caddesi 3,BEŞİKTAŞ,41.043,29.0042,26,1,25,YOL ÜSTÜ,1,15,08:00-23:00
2026-08-19T15:15:58.159782+00:00,2026-08-19T18:15:58.159782+03:00,119,Ortaklar Caddesi 1,ŞİŞLİ,41.0638,28.9971,25,1,24,YOL ÜSTÜ,0,15,08:30-17:00
2026-08-19T15:15:58.159782+00:00,2026-08-19T18:15:58.159782+03:00,1343,Ortaköy Açık Otoparkı,BEŞİKTAŞ,41.0504,29.0326,170,142,28,AÇIK OTOPARK,1,0,24 Saat
2026-08-19T15:15:58.159782+00:00,2026-08-19T18:15:58.159782+03:00,572,Ortaköy Portakal Yokuşu 1,BEŞİKTAŞ,41.0503,29.0261,15,15,0,YOL ÜSTÜ,1,15,09:00-19:00
2026-08-19T15:15:58.159782+00:00,2026-08-19T18:15:58.159782+03:00,1039,Öğretmen Evi,AVCILAR,40.9723,28.714,80,42,38,AÇIK OTOPARK,1,0,11:00-23:00
2026-08-19T15:15:58.159782+00:00,2026-08-19T18:15:58.159782+03:00,1466,Pendik Katlı Otoparkı,PENDİK,40.8789,29.2342,120,0,120,KAPALI OTOPARK,1,15,24 Saat
2026-08-19T15:15:58.159782+00:00,2026-08-19T18:15:58.159782+03:00,3073,Pendik Kemal Kalkuz Parkı Zemin Altı Otoparkı,PENDİK,40.8885,29.2427,224,0,224,KAPALI OTOPARK,0,0,09:00-18:00
2026-08-19T15:15:58.159782+00:00,2026-08-19T18:15:58.159782+03:00,3019,Pendik Meydan Zemin Altı Otoparkı,PENDİK,40.8752,29.2324,937,0,937,KAPALI OTOPARK,1,0,24 Saat
2026-08-19T15:15:58.159782+00:00,2026-08-19T18:15:58.159782+03:00,2865,Pendik Sahil Engelliler Merkez Önü,PENDİK,40.8735,29.233,100,66,34,AÇIK OTOPARK,1,0,11:00-20:00
2026-08-19T15:15:58.159782+00:00,2026-08-19T18:15:58.159782+03:00,2434,Pendik Sahil İdo,PENDİK,40.8755,29.2369,100,0,100,AÇIK OTOPARK,1,0,07:00-23:00
2026-08-19T15:15:58.159782+00:00,2026-08-19T18:15:58.159782+03:00,248,Pendik Yenimahalle Açık 2 Otoparkı,PENDİK,40.864,29.2723,124,96,28,AÇIK OTOPARK,1,15,10:00-22:00
2026-08-19T15:15:58.159782+00:00,2026-08-19T18:15:58.159782+03:00,297,Perşembe Pazarı 1,BEYOĞLU,41.0252,28.9693,32,1,31,YOL ÜSTÜ,0,15,08:00-17:00
2026-08-19T15:15:58.159782+00:00,2026-08-19T18:15:58.159782+03:00,597,Pierre Loti Caddesi 3,FATİH,41.0069,28.9711,36,1,35,YOL ÜSTÜ,0,0,07:00-17:00
2026-08-19T15:15:58.159782+00:00,2026-08-19T18:15:58.159782+03:00,3263,Piyalepaşa Meydanı Zemin Altı Otoparkı,BEYOĞLU,41.0445,28.9674,560,287,273,KAPALI OTOPARK,1,0,24 Saat
2026-08-19T15:15:58.159782+00:00,2026-08-19T18:15:58.159782+03:00,1900,Ragıp Gümüşpala Cad.(Sobacılar Önü),FATİH,41.0181,28.969,40,1,39,YOL ÜSTÜ,0,15,07:00-18:00
2026-08-19T15:15:58.159782+00:00,2026-08-19T18:15:58.159782+03:00,415,Ragıp Gümüşpala Camii Önü 1,FATİH,41.0211,28.9627,35,1,34,YOL ÜSTÜ,0,0,07:00-17:30
2026-08-19T15:15:58.159782+00:00,2026-08-19T18:15:58.159782+03:00,3268,Refik Saydam Caddesi 3,BEYOĞLU,41.032,28.9736,55,1,54,YOL ÜSTÜ,1,0,06:00-23:00
2026-08-19T15:15:58.159782+00:00,2026-08-19T18:15:58.159782+03:00,2307,Ressam Halim Sokak PD Açık Otoparkı,BAHÇELİEVLER,40.9967,28.8641,120,90,30,AÇIK OTOPARK,1,15,08:00-00:00
2026-08-19T15:15:58.159782+00:00,2026-08-19T18:15:58.159782+03:00,3082,Rumeli Hisarı Sahil Yolu Otoparkı,SARIYER,41.0854,29.0568,20,0,20,AÇIK OTOPARK,1,0,24 Saat
2026-08-19T15:15:58.159782+00:00,2026-08-19T18:15:58.159782+03:00,1595,Sabiha Gökçen Açık Otoparkı,PENDİK,40.925,29.308,1056,208,848,AÇIK OTOPARK,1,15,24 Saat
2026-08-19T15:15:58.159782+00:00,2026-08-19T18:15:58.159782+03:00,3239,Samatya Sahil Cep Otoparkı,FATİH,40.9954,28.932,113,103,10,AÇIK OTOPARK,1,15,24 Saat
2026-08-19T15:15:58.159782+00:00,2026-08-19T18:15:58.159782+03:00,3273,Sarıyer Büyükdere Fidanlığı,SARIYER,41.1548,29.0268,160,154,6,AÇIK OTOPARK,0,0,08:00-18:00
2026-08-19T15:15:58.159782+00:00,2026-08-19T18:15:58.159782+03:00,3299,Sariyer Ayazağa Mah Vadi İstanbul Önü Açık Otoparkı,SARIYER,41.1106,28.9881,100,96,4,AÇIK OTOPARK,1,0,08:00-20:00
2026-08-19T15:15:58.159782+00:00,2026-08-19T18:15:58.159782+03:00,1303,Seyrantepe Katlı (Arena Karşısı) 1,KAĞITHANE,41.101,28.9961,1897,1897,0,KAPALI OTOPARK,1,0,24 Saat
2026-08-19T15:15:58.159782+00:00,2026-08-19T18:15:58.159782+03:00,1628,Sıracevizler Caddesi Yol Üstü 5,ŞİŞLİ,41.0607,28.9841,45,1,44,YOL ÜSTÜ,0,15,09:00-17:00
2026-08-19T15:15:58.159782+00:00,2026-08-19T18:15:58.159782+03:00,464,Sirkeci Gar Önü,FATİH,41.015,28.9761,60,1,59,AÇIK OTOPARK,1,5,07:00-20:00
2026-08-19T15:15:58.159782+00:00,2026-08-19T18:15:58.159782+03:00,1486,Siyavuşpaşa Yer Altı Otoparkı,BAHÇELİEVLER,40.9965,28.8532,155,0,155,KAPALI OTOPARK,1,0,24 Saat
2026-08-19T15:15:58.159782+00:00,2026-08-19T18:15:58.159782+03:00,1958,Soğanlık Metro PD Açık Otoparkı,KARTAL,40.9131,29.1925,898,833,65,AÇIK OTOPARK,1,15,24 Saat
2026-08-19T15:15:58.159782+00:00,2026-08-19T18:15:58.159782+03:00,589,Su Terazisi Sokak,FATİH,41.0046,28.9727,22,1,21,YOL ÜSTÜ,0,0,07:30-17:00
2026-08-19T15:15:58.159782+00:00,2026-08-19T18:15:58.159782+03:00,1478,Suadiye Cep Açık Otoparkı,KADIKÖY,40.9586,29.0732,130,85,45,AÇIK OTOPARK,1,15,24 Saat
2026-08-19T15:15:58.159782+00:00,2026-08-19T18:15:58.159782+03:00,2948,Suadiye Sahil Açık Otoparkı,KADIKÖY,40.9562,29.0797,70,1,69,AÇIK OTOPARK,1,5,24 Saat
2026-08-19T15:15:58.159782+00:00,2026-08-19T18:15:58.159782+03:00,2799,Sultanbeyli Emir Caddesi Zemin Altı Otoparkı,SULTANBEYLİ,40.9707,29.2606,130,105,25,KAPALI OTOPARK,1,15,08:00-22:00
2026-08-19T15:15:58.159782+00:00,2026-08-19T18:15:58.159782+03:00,2372,Sultanbeyli Kent Meydanı Zemin Altı Otoparkı,SULTANBEYLİ,40.9667,29.2667,300,141,159,KAPALI OTOPARK,1,15,24 Saat
2026-08-19T15:15:58.159782+00:00,2026-08-19T18:15:58.159782+03:00,2410,Sultangazi Zemin Altı Otoparkı,SULTANGAZİ,41.0944,28.8649,104,0,104,KAPALI OTOPARK,1,10,24 Saat
2026-08-19T15:15:58.159782+00:00,2026-08-19T18:15:58.159782+03:00,2085,Süleyman Seba Caddesi 2,BEŞİKTAŞ,41.0426,28.9998,40,1,39,YOL ÜSTÜ,0,15,08:00-18:00
2026-08-19T15:15:58.159782+00:00,2026-08-19T18:15:58.159782+03:00,2088,Süleyman Seba Caddesi 5,BEŞİKTAŞ,41.0432,28.9978,40,1,39,YOL ÜSTÜ,0,15,08:00-18:00
2026-08-19T15:15:58.159782+00:00,2026-08-19T18:15:58.159782+03:00,2089,Süleyman Seba Caddesi 6,BEŞİKTAŞ,41.0435,28.9967,11,1,10,YOL ÜSTÜ,0,15,08:00-18:00
2026-08-19T15:15:58.159782+00:00,2026-08-19T18:15:58.159782+03:00,2391,Süleymaniye Cami Altı Açık Otoparkı,FATİH,41.0158,28.961,250,233,17,AÇIK OTOPARK,1,0,06:30-18:30
2026-08-19T15:15:58.159782+00:00,2026-08-19T18:15:58.159782+03:00,1730,Sütlüce Miniatürk Yanı,BEYOĞLU,41.057,28.95,320,256,64,AÇIK OTOPARK,1,15,24 Saat
2026-08-19T15:15:58.159782+00:00,2026-08-19T18:15:58.159782+03:00,36,Şakayık Sokak 4,ŞİŞLİ,41.0518,28.9936,50,1,49,YOL ÜSTÜ,0,15,08:00-16:00
2026-08-19T15:15:58.159782+00:00,2026-08-19T18:15:58.159782+03:00,1469,Şehit Volkan Duysak Katlı Otoparkı,ZEYTİNBURNU,40.9968,28.9039,1000,679,321,KAPALI OTOPARK,1,5,24 Saat
2026-08-19T15:15:58.159782+00:00,2026-08-19T18:15:58.159782+03:00,2385,Şehremini Açık Otoparkı 1,FATİH,41.0135,28.9333,60,1,59,AÇIK OTOPARK,1,0,08:30-20:30
2026-08-19T15:15:58.159782+00:00,2026-08-19T18:15:58.159782+03:00,2855,Şemsipaşa Açık Otoparkı,ÜSKÜDAR,41.0255,29.0097,80,34,46,AÇIK OTOPARK,1,0,24 Saat
2026-08-19T15:15:58.159782+00:00,2026-08-19T18:15:58.159782+03:00,2439,Şirinevler Meydan Zeminaltı Otoparkı,BAHÇELİEVLER,40.9925,28.8496,367,49,318,KAPALI OTOPARK,1,0,24 Saat
2026-08-19T15:15:58.159782+00:00,2026-08-19T18:15:58.159782+03:00,3400,Şişhane Refik Saydam Caddesi 2 Yol Üstü Otoparkı 1,BEYOĞLU,41.0326,28.9743,70,1,69,YOL ÜSTÜ,1,15,06:00-23:00
2026-08-19T15:15:58.159782+00:00,2026-08-19T18:15:58.159782+03:00,3441,Şişli Kuştepe Zemin Altı Otoparkı,ŞİŞLİ,41.072,28.9919,430,312,118,KAPALI OTOPARK,1,15,24 Saat
2026-08-19T15:15:58.159782+00:00,2026-08-19T18:15:58.159782+03:00,2816,Şişli Rumeli Caddesi Metro Yanı 1,ŞİŞLİ,41.0538,28.9868,45,1,44,YOL ÜSTÜ,1,15,08:00-20:00
2026-08-19T15:15:58.159782+00:00,2026-08-19T18:15:58.159782+03:00,2406,Şişli Zemin Altı Otoparkı,ŞİŞLİ,41.0641,28.9992,581,236,345,KAPALI OTOPARK,1,15,24 Saat
2026-08-19T15:15:58.159782+00:00,2026-08-19T18:15:58.159782+03:00,1993,Tuzla İdo,TUZLA,40.8149,29.3039,300,222,78,AÇIK OTOPARK,1,15,24 Saat
2026-08-19T15:15:58.159782+00:00,2026-08-19T18:15:58.159782+03:00,3332,Tuzla Sahil Cep,TUZLA,40.8168,29.2992,50,38,12,AÇIK OTOPARK,1,0,08:00-00:00
2026-08-19T15:15:58.159782+00:00,2026-08-19T18:15:58.159782+03:00,3057,Tuzla Sahil Zemin Altı Otoparkı,TUZLA,40.8181,29.3004,779,1,778,KAPALI OTOPARK,1,15,24 Saat
2026-08-19T15:15:58.159782+00:00,2026-08-19T18:15:58.159782+03:00,1811,Ulu Camii Açık Otoparkı,BAHÇELİEVLER,40.9982,28.8499,150,125,25,AÇIK OTOPARK,1,10,24 Saat
2026-08-19T15:15:58.159782+00:00,2026-08-19T18:15:58.159782+03:00,2424,Uzunçayır Açık Otoparkı,KADIKÖY,40.9988,29.0556,58,52,6,AÇIK OTOPARK,0,0,06:00-16:00
2026-08-19T15:15:58.159782+00:00,2026-08-19T18:15:58.159782+03:00,1468,Ümraniye Katlı Otoparkı,ÜMRANİYE,41.0261,29.0953,665,421,244,KAPALI OTOPARK,1,15,24 Saat
2026-08-19T15:15:58.159782+00:00,2026-08-19T18:15:58.159782+03:00,2898,Ümraniye Okan Sokak Zeminaltı Otoparkı,ÜMRANİYE,41.0284,29.0907,125,22,103,KAPALI OTOPARK,1,15,24 Saat
2026-08-19T15:15:58.159782+00:00,2026-08-19T18:15:58.159782+03:00,2345,Üsküdar Uzunçayır PD Açık Otoparkı,ÜSKÜDAR,40.9988,29.0577,90,65,25,AÇIK OTOPARK,1,15,06:00-22:00
2026-08-19T15:15:58.159782+00:00,2026-08-19T18:15:58.159782+03:00,1929,Üsküdar Ünalan Açık Otoparkı,ÜSKÜDAR,40.9979,29.0604,180,175,5,AÇIK OTOPARK,0,0,07:00-17:00
2026-08-19T15:15:58.159782+00:00,2026-08-19T18:15:58.159782+03:00,1487,Vatan Caddesi PD Açık Otoparkı,FATİH,41.0157,28.9405,397,299,98,AÇIK OTOPARK,1,5,24 Saat
2026-08-19T15:15:58.159782+00:00,2026-08-19T18:15:58.159782+03:00,2441,Yalı Açık Otoparkı,MALTEPE,40.9095,29.137,85,82,3,AÇIK OTOPARK,1,0,07:30-22:00
2026-08-19T15:15:58.159782+00:00,2026-08-19T18:15:58.159782+03:00,459,Yalı Köşkü Caddesi 1,FATİH,41.0163,28.9759,61,1,60,YOL ÜSTÜ,1,5,07:00-21:00
2026-08-19T15:15:58.159782+00:00,2026-08-19T18:15:58.159782+03:00,2037,Yenikapı Marmaray Büyük Otoparkı,FATİH,41.0057,28.9505,324,116,208,AÇIK OTOPARK,1,15,24 Saat
2026-08-19T15:15:58.159782+00:00,2026-08-19T18:15:58.159782+03:00,2036,Yenikapı Marmaray Küçük Otoparkı,FATİH,41.0064,28.9504,200,155,45,AÇIK OTOPARK,1,15,07:00-22:00
2026-08-19T15:15:58.159782+00:00,2026-08-19T18:15:58.159782+03:00,2175,Yenikapı Spor ve Kültür Merkezi PD Açık Otoparkı,FATİH,41.0006,28.9519,4023,3802,221,AÇIK OTOPARK,1,15,24 Saat
2026-08-19T15:15:58.159782+00:00,2026-08-19T18:15:58.159782+03:00,2805,Yenikapı Tünel Üstü Açık Otoparkı,FATİH,41.0029,28.9534,700,457,243,AÇIK OTOPARK,1,10,24 Saat
2026-08-19T15:15:58.159782+00:00,2026-08-19T18:15:58.159782+03:00,3404,Yenimahalle Metro Zemin Altı PD Otoparkı,GAZİOSMANPAŞA,41.0839,28.8926,114,99,15,KAPALI OTOPARK,1,15,24 Saat
2026-08-19T15:15:58.159782+00:00,2026-08-19T18:15:58.159782+03:00,2920,Yeşilce Zemin Altı Katlı Otoparkı,KAĞITHANE,41.0938,29.0017,676,0,676,KAPALI OTOPARK,1,0,24 Saat
2026-08-19T15:15:58.159782+00:00,2026-08-19T18:15:58.159782+03:00,987,Yeşilköy İstasyon Caddesi 1,BAKIRKÖY,40.962,28.825,40,1,39,YOL ÜSTÜ,0,15,09:00-17:30
2026-08-19T15:15:58.159782+00:00,2026-08-19T18:15:58.159782+03:00,974,Yeşilköy Marina 1,BAKIRKÖY,40.9576,28.8233,145,1,144,YOL ÜSTÜ,1,0,12:00-23:00
2026-08-19T15:15:58.159782+00:00,2026-08-19T18:15:58.159782+03:00,3406,Yeşilpınar Metro Zemin Altı PD Otoparkı,EYÜP,41.081,28.9204,269,202,67,KAPALI OTOPARK,1,15,24 Saat
2026-08-19T15:15:58.159782+00:00,2026-08-19T18:15:58.159782+03:00,315,Yeşilyurt Çarşı 1,BAKIRKÖY,40.9643,28.8379,50,1,49,YOL ÜSTÜ,0,15,09:00-17:30
2026-08-19T15:15:58.159782+00:00,2026-08-19T18:15:58.159782+03:00,1133,Yıldız Korusu,BEŞİKTAŞ,41.0514,29.0165,500,1,499,AÇIK OTOPARK,1,0,08:00-22:00
2026-08-19T15:15:58.159782+00:00,2026-08-19T18:15:58.159782+03:00,882,Zeytinburnu 58. Bulvar 2,ZEYTİNBURNU,40.9932,28.9039,48,1,47,YOL ÜSTÜ,0,15,09:00-18:00
2026-08-19T15:15:58.159782+00:00,2026-08-19T18:15:58.159782+03:00,3185,Zeytinburnu Sahil Cep Otoparkı,ZEYTİNBURNU,40.9798,28.8985,160,1,159,AÇIK OTOPARK,1,0,12:00-22:00
2026-08-19T16:36:46.917192+00:00,2026-08-19T19:36:46.917192+03:00,3068,15 Temmuz Şehitler Meydanı Zeminaltı Otoparkı,ÜMRANİYE,41.0246,29.0915,1029,508,521,KAPALI OTOPARK,1,15,24 Saat
2026-08-19T16:36:46.917192+00:00,2026-08-19T19:36:46.917192+03:00,2338,19 Mayıs Açık,ŞİŞLİ,41.0563,28.9941,65,0,65,AÇIK OTOPARK,1,0,24 Saat
2026-08-19T16:36:46.917192+00:00,2026-08-19T19:36:46.917192+03:00,1751,4.Levent PD Açık Otoparkı,KAĞITHANE,41.0836,29.0081,236,127,109,AÇIK OTOPARK,1,5,24 Saat
2026-08-19T16:36:46.917192+00:00,2026-08-19T19:36:46.917192+03:00,3328,4.Levent Servis ve Turizm Araçları Açık Otoparkı,ŞİŞLİ,41.0841,29.0054,300,165,135,AÇIK OTOPARK,1,15,24 Saat
2026-08-19T16:36:46.917192+00:00,2026-08-19T19:36:46.917192+03:00,3412,5. Levent Gaziosmanpaşa Adliyesi Yanı Açık Otoparkı,EYÜP,41.0927,28.9494,250,243,7,AÇIK OTOPARK,1,15,07:00-23:00
2026-08-19T16:36:46.917192+00:00,2026-08-19T19:36:46.917192+03:00,104,Abide-i Hürriyet Caddesi 5,ŞİŞLİ,41.0619,28.9876,40,1,39,YOL ÜSTÜ,0,15,08:00-17:00
2026-08-19T16:36:46.917192+00:00,2026-08-19T19:36:46.917192+03:00,2452,Acıbadem Açık Otoparkı,ÜSKÜDAR,41.0157,29.0574,100,86,14,AÇIK OTOPARK,0,0,06:30-16:00
2026-08-19T16:36:46.917192+00:00,2026-08-19T19:36:46.917192+03:00,346,Ada Karşısı Cep 2,BEŞİKTAŞ,41.072,29.045,30,1,29,YOL ÜSTÜ,1,15,08:00-23:00
2026-08-19T16:36:46.917192+00:00,2026-08-19T19:36:46.917192+03:00,1663,Akasyalı Sokak Tenis Kulubü Önü 2,BEŞİKTAŞ,41.0867,29.0109,45,1,44,YOL ÜSTÜ,0,15,08:30-17:30
2026-08-19T16:36:46.917192+00:00,2026-08-19T19:36:46.917192+03:00,828,Akdeniz Caddesi 4,FATİH,41.0175,28.9435,27,1,26,YOL ÜSTÜ,0,15,09:00-18:00
2026-08-19T16:36:46.917192+00:00,2026-08-19T19:36:46.917192+03:00,1913,Alibeyköy Cep Otogarı Açık Otoparkı,EYÜP,41.0879,28.9446,116,0,116,AÇIK OTOPARK,1,25,24 Saat
2026-08-19T16:36:46.917192+00:00,2026-08-19T19:36:46.917192+03:00,1912,Alibeyköy Cep Otogarı Otobüs Otoparkı,EYÜP,41.0875,28.9449,5000,1,4999,AÇIK OTOPARK,1,60,24 Saat
2026-08-19T16:36:46.917192+00:00,2026-08-19T19:36:46.917192+03:00,2562,Alibeyköy Yeşiltepe Zemin Altı Otoparkı,EYÜP,41.0797,28.938,159,61,98,KAPALI OTOPARK,1,15,24 Saat
2026-08-19T16:36:46.917192+00:00,2026-08-19T19:36:46.917192+03:00,3201,Altınboynuz Sosyal Tesisleri,EYÜP,41.058,28.9447,70,67,3,AÇIK OTOPARK,1,15,08:00-23:00
2026-08-19T16:36:46.917192+00:00,2026-08-19T19:36:46.917192+03:00,758,Arap Camii Açık Otoparkı,BEYOĞLU,41.0227,28.9723,30,1,29,AÇIK OTOPARK,0,0,09:00-17:00
2026-08-19T16:36:46.917192+00:00,2026-08-19T19:36:46.917192+03:00,1963,Aras Sokak 1,BÜYÜKÇEKMECE,41.0226,28.622,60,1,59,YOL ÜSTÜ,0,0,06:00-14:30
2026-08-19T16:36:46.917192+00:00,2026-08-19T19:36:46.917192+03:00,2802,Arnavutköy Zemin Altı Otoparkı,ARNAVUTKÖY,41.1838,28.7396,700,20,680,KAPALI OTOPARK,1,15,24 Saat
2026-08-19T16:36:46.917192+00:00,2026-08-19T19:36:46.917192+03:00,1797,Ataköy Atrium AVM,BAKIRKÖY,40.9881,28.8459,250,225,25,AÇIK OTOPARK,1,15,08:00-23:00
2026-08-19T16:36:46.917192+00:00,2026-08-19T19:36:46.917192+03:00,2824,Ataköy Metro Durağı Yanı PD Zemin Altı Otoparkı,BAKIRKÖY,40.9904,28.8456,150,87,63,KAPALI OTOPARK,1,0,24 Saat
2026-08-19T16:36:46.917192+00:00,2026-08-19T19:36:46.917192+03:00,359,Atatürk Bulvarı 1,FATİH,41.0112,28.9534,20,1,19,YOL ÜSTÜ,0,0,07:30-18:00
2026-08-19T16:36:46.917192+00:00,2026-08-19T19:36:46.917192+03:00,3087,Atatürk Kent Ormanı Otoparkı,SARIYER,41.136,29.0262,200,197,3,AÇIK OTOPARK,0,0,08:00-17:00
2026-08-19T16:36:46.917192+00:00,2026-08-19T19:36:46.917192+03:00,1088,Avcılar İdo,AVCILAR,40.9712,28.7185,270,261,9,AÇIK OTOPARK,1,0,13:00-07:00
2026-08-19T16:36:46.917192+00:00,2026-08-19T19:36:46.917192+03:00,2885,Azapkapı Haliç Metro Otoparkı,ŞİŞLİ,41.0245,28.9691,80,31,49,AÇIK OTOPARK,1,5,24 Saat
2026-08-19T16:36:46.917192+00:00,2026-08-19T19:36:46.917192+03:00,2455,Azerbaycan Dostluk Parkı Zemin Altı Otoparkı,BAĞCILAR,41.0444,28.854,400,167,233,KAPALI OTOPARK,1,10,24 Saat
2026-08-19T16:36:46.917192+00:00,2026-08-19T19:36:46.917192+03:00,2965,Bağcılar Çolakoğlu Zemin Altı Otoparkı,BAĞCILAR,41.0324,28.8345,106,0,106,KAPALI OTOPARK,1,5,24 Saat
2026-08-19T16:36:46.917192+00:00,2026-08-19T19:36:46.917192+03:00,2576,Bağcılar Demirkapı Zemin Altı Otoparkı,BAĞCILAR,41.0499,28.8327,343,177,166,KAPALI OTOPARK,1,5,24 Saat
2026-08-19T16:36:46.917192+00:00,2026-08-19T19:36:46.917192+03:00,3036,Bağcılar Devlet Hastanesi Yanı Zeminaltı Otoparkı,BAĞCILAR,41.0312,28.8696,1133,122,1011,KAPALI OTOPARK,1,15,24 Saat
2026-08-19T16:36:46.917192+00:00,2026-08-19T19:36:46.917192+03:00,3071,Bağcılar Emniyet Müdürlüğü Yanı Açık Otoparkı,BAĞCILAR,41.0353,28.8598,100,42,58,AÇIK OTOPARK,1,0,24 Saat
2026-08-19T16:36:46.917192+00:00,2026-08-19T19:36:46.917192+03:00,2873,Bağcılar Göztepe Zemin Altı,BAĞCILAR,41.0567,28.8355,120,0,120,KAPALI OTOPARK,1,5,24 Saat
2026-08-19T16:36:46.917192+00:00,2026-08-19T19:36:46.917192+03:00,3187,Bağcılar Hürriyet Mahallesi Zemin Altı Otoparkı,BAĞCILAR,41.0291,28.8333,355,0,355,KAPALI OTOPARK,1,10,24 Saat
2026-08-19T16:36:46.917192+00:00,2026-08-19T19:36:46.917192+03:00,2916,Bağcılar Kent Meydanı PD Zemin Altı Otoparkı,BAĞCILAR,41.0339,28.8556,1162,0,1162,KAPALI OTOPARK,1,0,24 Saat
2026-08-19T16:36:46.917192+00:00,2026-08-19T19:36:46.917192+03:00,3261,Bağcılar Yenimahalle Zemin Altı Otoparkı,BAĞCILAR,41.0425,28.8395,525,293,232,KAPALI OTOPARK,1,15,24 Saat
2026-08-19T16:36:46.917192+00:00,2026-08-19T19:36:46.917192+03:00,2820,Bağcılar Yıldıztepe Katlı Otoparkı,BAĞCILAR,41.0294,28.8556,350,0,350,KAPALI OTOPARK,1,10,24 Saat
2026-08-19T16:36:46.917192+00:00,2026-08-19T19:36:46.917192+03:00,3447,Bahçelievler 23 Nisan Milli Egemenlik Zeminaltı Otoparkı,BAHÇELİEVLER,40.9988,28.8472,732,479,253,KAPALI OTOPARK,1,10,24 Saat
2026-08-19T16:36:46.917192+00:00,2026-08-19T19:36:46.917192+03:00,2993,Bahçelievler Cumhuriyet Zeminaltı Otoparkı,BAHÇELİEVLER,41.0149,28.859,663,0,663,KAPALI OTOPARK,1,10,24 Saat
2026-08-19T16:36:46.917192+00:00,2026-08-19T19:36:46.917192+03:00,2969,Bahçelievler Devlet Hastanesi Yanı Katlı Otoparkı,BAHÇELİEVLER,41.0072,28.8442,740,0,740,KAPALI OTOPARK,1,0,24 Saat
2026-08-19T16:36:46.917192+00:00,2026-08-19T19:36:46.917192+03:00,3051,Bahçelievler Zafer Mh. Zeminaltı Otoparkı,BAHÇELİEVLER,41.0036,28.8351,200,95,105,KAPALI OTOPARK,1,0,24 Saat
2026-08-19T16:36:46.917192+00:00,2026-08-19T19:36:46.917192+03:00,3236,Bahçeşehir Gölet Açık Otoparkı,BAŞAKŞEHİR,41.0719,28.6901,200,1,199,AÇIK OTOPARK,1,0,12:00-22:00
2026-08-19T16:36:46.917192+00:00,2026-08-19T19:36:46.917192+03:00,1465,Bakırköy İdo Açık Otoparkı,BAKIRKÖY,40.9739,28.8761,160,91,69,AÇIK OTOPARK,1,10,24 Saat
2026-08-19T16:36:46.917192+00:00,2026-08-19T19:36:46.917192+03:00,1104,Balmumcu Katlı Otoparkı,BEŞİKTAŞ,41.0636,29.0109,400,300,100,KAPALI OTOPARK,1,5,24 Saat
2026-08-19T16:36:46.917192+00:00,2026-08-19T19:36:46.917192+03:00,2796,Başakşehir Metro Açık Otoparkı,BAŞAKŞEHİR,41.107,28.801,125,1,124,AÇIK OTOPARK,0,0,07:00-16:00
2026-08-19T16:36:46.917192+00:00,2026-08-19T19:36:46.917192+03:00,2350,Bayrampaşa Adapark Katlı Otoparkı,BAYRAMPAŞA,41.0647,28.8875,650,0,650,KAPALI OTOPARK,1,15,24 Saat
2026-08-19T16:36:46.917192+00:00,2026-08-19T19:36:46.917192+03:00,2892,Bayrampaşa Altıntepsi Zemin  Altı Otoparkı,BAYRAMPAŞA,41.0393,28.9029,110,0,110,KAPALI OTOPARK,1,10,24 Saat
2026-08-19T16:36:46.917192+00:00,2026-08-19T19:36:46.917192+03:00,2909,Bayrampaşa Atatürk Parkı  Zemin Altı Otoparkı,BAYRAMPAŞA,41.0342,28.9123,442,0,442,KAPALI OTOPARK,1,10,24 Saat
2026-08-19T16:36:46.917192+00:00,2026-08-19T19:36:46.917192+03:00,2683,Bayrampaşa Devlet Hastanesi Cep Otoparkı,BAYRAMPAŞA,41.0414,28.9031,55,32,23,AÇIK OTOPARK,0,0,08:00-19:00
2026-08-19T16:36:46.917192+00:00,2026-08-19T19:36:46.917192+03:00,3301,Bayrampaşa Kocatepe Mahallesi Zemin Altı Otoparkı,BAYRAMPAŞA,41.0545,28.8964,241,0,241,KAPALI OTOPARK,1,10,24 Saat
2026-08-19T16:36:46.917192+00:00,2026-08-19T19:36:46.917192+03:00,2053,Bayrampaşa Muratpaşa Yer Altı Otoparkı,BAYRAMPAŞA,41.047,28.9082,300,7,293,KAPALI OTOPARK,1,15,24 Saat
2026-08-19T16:36:46.917192+00:00,2026-08-19T19:36:46.917192+03:00,3175,Bayrampaşa Spor Kompleksi Zemin Altı Otoparkı,BAYRAMPAŞA,41.0446,28.9106,205,0,205,KAPALI OTOPARK,1,15,24 Saat
2026-08-19T16:36:46.917192+00:00,2026-08-19T19:36:46.917192+03:00,3382,Bayrampaşa Şehit Kamil Balkan Zemin Altı Otoparkı,BAYRAMPAŞA,41.0604,28.9008,235,0,235,KAPALI OTOPARK,1,10,24 Saat
2026-08-19T16:36:46.917192+00:00,2026-08-19T19:36:46.917192+03:00,2428,Bayrampaşa Yenidoğan Mahallesi Zemin Altı Otoparkı,BAYRAMPAŞA,41.0395,28.9088,120,0,120,KAPALI OTOPARK,1,10,24 Saat
2026-08-19T16:36:46.917192+00:00,2026-08-19T19:36:46.917192+03:00,2468,Bebek Açık,BEŞİKTAŞ,41.077,29.0434,30,0,30,AÇIK OTOPARK,1,0,24 Saat
2026-08-19T16:36:46.917192+00:00,2026-08-19T19:36:46.917192+03:00,3479,Beşiktaş Halk Pazarı Açık Otoparkı,BEŞİKTAŞ,41.0496,29.0004,170,59,111,AÇIK OTOPARK,1,5,24 Saat
2026-08-19T16:36:46.917192+00:00,2026-08-19T19:36:46.917192+03:00,3257,Beykoz Sahil Cep Otoparkı,BEYKOZ,41.1286,29.0953,100,73,27,AÇIK OTOPARK,1,0,08:00-00:00
2026-08-19T16:36:46.917192+00:00,2026-08-19T19:36:46.917192+03:00,2273,Beykoz Sosyal Tesisleri,BEYKOZ,41.1143,29.0888,130,0,130,AÇIK OTOPARK,1,15,08:00-00:00
2026-08-19T16:36:46.917192+00:00,2026-08-19T19:36:46.917192+03:00,2999,Beyoğlu Gazhane Bostan Sokak 2,BEYOĞLU,41.0389,28.9903,35,1,34,YOL ÜSTÜ,0,0,07:30-16:30
2026-08-19T16:36:46.917192+00:00,2026-08-19T19:36:46.917192+03:00,3072,Beyoğlu Örnektepe Zemin Altı Otoparkı,BEYOĞLU,41.0543,28.9548,143,0,143,KAPALI OTOPARK,1,0,24 Saat
2026-08-19T16:36:46.917192+00:00,2026-08-19T19:36:46.917192+03:00,1455,Bostancı Açık,KADIKÖY,40.9523,29.0902,394,0,394,AÇIK OTOPARK,1,15,24 Saat
2026-08-19T16:36:46.917192+00:00,2026-08-19T19:36:46.917192+03:00,1456,Bostancı Sahil-Cep Açık Otoparkı,KADIKÖY,40.9545,29.0885,192,92,100,AÇIK OTOPARK,1,15,24 Saat
2026-08-19T16:36:46.917192+00:00,2026-08-19T19:36:46.917192+03:00,2150,Bostancı Vergi Dairesi Açık Otoparkı,ATAŞEHİR,40.9625,29.1083,155,0,155,AÇIK OTOPARK,1,5,08:00-20:00
2026-08-19T16:36:46.917192+00:00,2026-08-19T19:36:46.917192+03:00,2854,Bülent Ecevit Kültür Merkezi Açık Otoparkı,KARTAL,40.8852,29.1967,277,266,11,AÇIK OTOPARK,1,0,10:00-21:00
2026-08-19T16:36:46.917192+00:00,2026-08-19T19:36:46.917192+03:00,2866,Büyük İstanbul Otogarı,BAYRAMPAŞA,41.0402,28.8942,1000,0,1000,AÇIK OTOPARK,1,25,24 Saat
2026-08-19T16:36:46.917192+00:00,2026-08-19T19:36:46.917192+03:00,1192,Büyükçamlıca Korusu Sosyal Tesisleri Önü,ÜSKÜDAR,41.0264,29.0698,204,112,92,AÇIK OTOPARK,1,0,08:00-00:00
2026-08-19T16:36:46.917192+00:00,2026-08-19T19:36:46.917192+03:00,2960,Büyükçekmece Metrobüs Durağı Yanı PD Zemin Altı Otopark,BÜYÜKÇEKMECE,41.0221,28.624,448,372,76,KAPALI OTOPARK,1,0,24 Saat
2026-08-19T16:36:46.917192+00:00,2026-08-19T19:36:46.917192+03:00,1503,Cadde Bostan Açık Otoparkı,KADIKÖY,40.9636,29.0675,66,5,61,AÇIK OTOPARK,1,15,24 Saat
2026-08-19T16:36:46.917192+00:00,2026-08-19T19:36:46.917192+03:00,2933,Cemal Kamacı Spor Kompleksi Zemin Altı Otoparkı,KAĞITHANE,41.0536,28.9575,510,0,510,KAPALI OTOPARK,1,0,24 Saat
2026-08-19T16:36:46.917192+00:00,2026-08-19T19:36:46.917192+03:00,2207,Cengiz Topel Yer Altı Katlı Otoparkı,ESENLER,41.0588,28.8643,144,0,144,KAPALI OTOPARK,1,15,24 Saat
2026-08-19T16:36:46.917192+00:00,2026-08-19T19:36:46.917192+03:00,2787,Cevizli Açık Otoparkı,KARTAL,40.9179,29.1712,100,83,17,AÇIK OTOPARK,0,15,08:00-19:00
2026-08-19T16:36:46.917192+00:00,2026-08-19T19:36:46.917192+03:00,782,Cihangir Caddesi 2,BEYOĞLU,41.0319,28.9862,70,1,69,YOL ÜSTÜ,0,15,09:00-19:00
2026-08-19T16:36:46.917192+00:00,2026-08-19T19:36:46.917192+03:00,1467,Cihangir Katlı Otoparkı,BEYOĞLU,41.0318,28.9858,350,0,350,KAPALI OTOPARK,1,0,24 Saat
2026-08-19T16:36:46.917192+00:00,2026-08-19T19:36:46.917192+03:00,535,Cihannuma Yol Üstü 1,BEŞİKTAŞ,41.0454,29.0084,35,1,34,YOL ÜSTÜ,1,0,08:00-23:00
2026-08-19T16:36:46.917192+00:00,2026-08-19T19:36:46.917192+03:00,537,Cihannuma Yol Üstü 3,BEŞİKTAŞ,41.0459,29.0087,33,1,32,YOL ÜSTÜ,1,0,08:00-23:00
2026-08-19T16:36:46.917192+00:00,2026-08-19T19:36:46.917192+03:00,539,Cihannuma Yol Üstü 5,BEŞİKTAŞ,41.0489,29.0094,24,1,23,YOL ÜSTÜ,1,0,08:00-23:00
2026-08-19T16:36:46.917192+00:00,2026-08-19T19:36:46.917192+03:00,3184,Çam Sokak 6,GÜNGÖREN,41.0121,28.8882,50,1,49,YOL ÜSTÜ,0,15,08:00-17:00
2026-08-19T16:36:46.917192+00:00,2026-08-19T19:36:46.917192+03:00,3030,Çekmeköy Metro PD Zemin Altı Otoparkı,ÇEKMEKÖY,41.0147,29.1886,175,61,114,KAPALI OTOPARK,1,15,24 Saat
2026-08-19T16:36:46.917192+00:00,2026-08-19T19:36:46.917192+03:00,2905,Çeliktepe Açık Otoparkı,KAĞITHANE,41.0843,29.0056,200,91,109,AÇIK OTOPARK,1,5,24 Saat
2026-08-19T16:36:46.917192+00:00,2026-08-19T19:36:46.917192+03:00,1298,Çengelköy Açık Otoparkı,ÜSKÜDAR,41.0484,29.0533,500,40,460,AÇIK OTOPARK,1,15,24 Saat
2026-08-19T16:36:46.917192+00:00,2026-08-19T19:36:46.917192+03:00,502,Çınar Açık Otoparkı,BEŞİKTAŞ,41.0853,29.0088,65,1,64,AÇIK OTOPARK,0,0,08:00-18:00
2026-08-19T16:36:46.917192+00:00,2026-08-19T19:36:46.917192+03:00,777,Çırağan Sarayı Yol Üstü 1,BEŞİKTAŞ,41.0448,29.0165,40,1,39,YOL ÜSTÜ,1,15,08:00-23:00
2026-08-19T16:36:46.917192+00:00,2026-08-19T19:36:46.917192+03:00,778,Çırağan Sarayı Yol Üstü 2,BEŞİKTAŞ,41.0445,29.0156,40,1,39,YOL ÜSTÜ,1,15,08:00-23:00
2026-08-19T16:36:46.917192+00:00,2026-08-19T19:36:46.917192+03:00,2228,Çırpıcı Sosyal Tesisler,ZEYTİNBURNU,41,28.8926,128,0,128,AÇIK OTOPARK,1,15,07:00-00:00
2026-08-19T16:36:46.917192+00:00,2026-08-19T19:36:46.917192+03:00,2030,Dalyan Açık Otoparkı,KADIKÖY,40.9632,29.0651,92,0,92,AÇIK OTOPARK,1,15,24 Saat
2026-08-19T16:36:46.917192+00:00,2026-08-19T19:36:46.917192+03:00,2271,Damla Sokak 1,ŞİŞLİ,41.0672,29.0004,17,1,16,YOL ÜSTÜ,0,15,07:30-16:30
2026-08-19T16:36:46.917192+00:00,2026-08-19T19:36:46.917192+03:00,2164,Darüşşafaka Yeraltı Otoparkı,SARIYER,41.1292,29.0252,150,135,15,KAPALI OTOPARK,1,15,08:00-00:00
2026-08-19T16:36:46.917192+00:00,2026-08-19T19:36:46.917192+03:00,1653,Deniz Feneri Otoparkı,FATİH,41.0019,28.9773,175,64,111,AÇIK OTOPARK,1,5,24 Saat
2026-08-19T16:36:46.917192+00:00,2026-08-19T19:36:46.917192+03:00,595,Dostluk Yurdu 1,FATİH,41.0071,28.973,33,33,0,YOL ÜSTÜ,0,15,07:00-17:00
2026-08-19T16:36:46.917192+00:00,2026-08-19T19:36:46.917192+03:00,2237,Dragos Sosyal Tesisleri,KARTAL,40.9017,29.1458,100,0,100,AÇIK OTOPARK,1,15,24 Saat
2026-08-19T16:36:46.917192+00:00,2026-08-19T19:36:46.917192+03:00,3063,Dudullu Metro PD Zemin Altı Otoparkı,ÜMRANİYE,41.0156,29.1633,81,49,32,KAPALI OTOPARK,1,15,07:00-23:30
2026-08-19T16:36:46.917192+00:00,2026-08-19T19:36:46.917192+03:00,1522,Ebu Suut Caddesi 1,FATİH,41.0128,28.9766,35,1,34,YOL ÜSTÜ,0,0,08:00-18:00
2026-08-19T16:36:46.917192+00:00,2026-08-19T19:36:46.917192+03:00,2147,EGS Blokları Açık Otoparkı,BAKIRKÖY,40.9863,28.8354,350,56,294,AÇIK OTOPARK,0,60,09:00-19:30
2026-08-19T16:36:46.917192+00:00,2026-08-19T19:36:46.917192+03:00,2366,Esenler Adem Baştürk Kültür Merkezi Katlı,ESENLER,41.039,28.8846,460,16,444,KAPALI OTOPARK,1,15,24 Saat
2026-08-19T16:36:46.917192+00:00,2026-08-19T19:36:46.917192+03:00,3190,Esenler Havaalanı Mahallesi Zemin Altı Otoparkı,ESENLER,41.0562,28.8674,610,341,269,KAPALI OTOPARK,1,10,24 Saat
2026-08-19T16:36:46.917192+00:00,2026-08-19T19:36:46.917192+03:00,3011,Esenler Menderes Metro İstasyonu Yanı,ESENLER,41.0427,28.8783,68,15,53,AÇIK OTOPARK,1,5,24 Saat
2026-08-19T16:36:46.917192+00:00,2026-08-19T19:36:46.917192+03:00,2822,Esenler Menderes Parkı Zemin Altı Otoparkı,ESENLER,41.0412,28.8729,325,63,262,KAPALI OTOPARK,1,10,24 Saat
2026-08-19T16:36:46.917192+00:00,2026-08-19T19:36:46.917192+03:00,3303,Esenyurt Adile Naşit Bulvarı Zeminaltı Otoparkı,ESENYURT,41.0205,28.6859,367,288,79,KAPALI OTOPARK,1,15,24 Saat
2026-08-19T16:36:46.917192+00:00,2026-08-19T19:36:46.917192+03:00,1328,Eski Salı Pazarı,KADIKÖY,40.9904,29.0338,760,0,760,AÇIK OTOPARK,1,15,24 Saat
2026-08-19T16:36:46.917192+00:00,2026-08-19T19:36:46.917192+03:00,904,Eyüp Pierloti Caddesi 1,EYÜP,41.0539,28.9329,40,40,0,YOL ÜSTÜ,1,0,09:00-22:00
2026-08-19T16:36:46.917192+00:00,2026-08-19T19:36:46.917192+03:00,2850,Eyüpsultan Akşemsettin Mahallesi Zemin Altı Otoparkı,EYÜP,41.085,28.9258,110,0,110,KAPALI OTOPARK,1,15,24 Saat
2026-08-19T16:36:46.917192+00:00,2026-08-19T19:36:46.917192+03:00,2215,Fatih Çeşmesi Tabiat Parkı Otoparkı,SARIYER,41.1686,28.9448,250,242,8,AÇIK OTOPARK,1,0,06:00-20:00
2026-08-19T16:36:46.917192+00:00,2026-08-19T19:36:46.917192+03:00,1475,Fatih Katlı Otoparkı,FATİH,41.0198,28.9396,118,21,97,KAPALI OTOPARK,1,10,24 Saat
2026-08-19T16:36:46.917192+00:00,2026-08-19T19:36:46.917192+03:00,1591,Feshane PD Açık Otoparkı,EYÜP,41.0463,28.9378,200,11,189,AÇIK OTOPARK,1,15,24 Saat
2026-08-19T16:36:46.917192+00:00,2026-08-19T19:36:46.917192+03:00,1005,Florya Havuzlu Bahçe,BAKIRKÖY,40.9764,28.7908,135,1,134,AÇIK OTOPARK,1,0,09:00-23:00
2026-08-19T16:36:46.917192+00:00,2026-08-19T19:36:46.917192+03:00,2238,Florya Sosyal Tesisleri,BAKIRKÖY,40.9614,28.8091,1074,632,442,AÇIK OTOPARK,1,15,24 Saat
2026-08-19T16:36:46.917192+00:00,2026-08-19T19:36:46.917192+03:00,1704,Gazi Umur Paşa Sokak 5,BEŞİKTAŞ,41.0589,29.0114,45,1,44,YOL ÜSTÜ,0,15,08:00-17:00
2026-08-19T16:36:46.917192+00:00,2026-08-19T19:36:46.917192+03:00,3296,Gaziosmanpaşa Meydanı ve Yaşam Merkezi Zemin Altı Otoparkı,GAZİOSMANPAŞA,41.0606,28.9093,202,0,202,KAPALI OTOPARK,1,15,24 Saat
2026-08-19T16:36:46.917192+00:00,2026-08-19T19:36:46.917192+03:00,2971,Gaziosmanpaşa Zemin Altı Otoparkı,GAZİOSMANPAŞA,41.0796,28.8858,285,0,285,KAPALI OTOPARK,1,0,24 Saat
2026-08-19T16:36:46.917192+00:00,2026-08-19T19:36:46.917192+03:00,3401,Giyimkent Tekstilkent Metro Zemin Altı PD Otoparkı,ESENLER,41.0711,28.8666,203,178,25,KAPALI OTOPARK,1,10,24 Saat
2026-08-19T16:36:46.917192+00:00,2026-08-19T19:36:46.917192+03:00,2242,Gözdağı Sosyal Tesisler  Açık Otoparkı,PENDİK,40.893,29.2538,300,216,84,AÇIK OTOPARK,1,0,07:00-23:00
2026-08-19T16:36:46.917192+00:00,2026-08-19T19:36:46.917192+03:00,1879,Gülsuyu Metro PD Yer Altı Otoparkı,MALTEPE,40.9237,29.1548,76,0,76,KAPALI OTOPARK,1,15,08:00-00:00
2026-08-19T16:36:46.917192+00:00,2026-08-19T19:36:46.917192+03:00,1423,Güneş Plajı 1,BAKIRKÖY,40.9712,28.79,250,189,61,AÇIK OTOPARK,1,10,24 Saat
2026-08-19T16:36:46.917192+00:00,2026-08-19T19:36:46.917192+03:00,1461,Güneş Plajı 2,BAKIRKÖY,40.9692,28.7951,135,51,84,AÇIK OTOPARK,1,10,08:00-20:00
2026-08-19T16:36:46.917192+00:00,2026-08-19T19:36:46.917192+03:00,3053,Güngören Nikah Dairesi Zemin Altı otoparkı,GÜNGÖREN,41.0363,28.8718,147,0,147,KAPALI OTOPARK,1,10,24 Saat
2026-08-19T16:36:46.917192+00:00,2026-08-19T19:36:46.917192+03:00,2216,Gürpınar Balık Hali Otoparkı,BEYLİKDÜZÜ,40.9663,28.6019,1000,755,245,AÇIK OTOPARK,1,15,24 Saat
2026-08-19T16:36:46.917192+00:00,2026-08-19T19:36:46.917192+03:00,1525,Hacıosman Metro Yer Altı Otoparkı,SARIYER,41.14,29.0306,422,158,264,KAPALI OTOPARK,1,15,24 Saat
2026-08-19T16:36:46.917192+00:00,2026-08-19T19:36:46.917192+03:00,1470,Haldun Alagaş Katlı Otoparkı,ÜMRANİYE,41.0262,29.1052,197,92,105,KAPALI OTOPARK,1,15,24 Saat
2026-08-19T16:36:46.917192+00:00,2026-08-19T19:36:46.917192+03:00,3235,Haliç Sosyal Tesisleri Otoparkı,FATİH,41.0277,28.9572,60,21,39,AÇIK OTOPARK,1,15,07:00-00:00
2026-08-19T16:36:46.917192+00:00,2026-08-19T19:36:46.917192+03:00,2848,Halkalı Mahallesi Zemin Altı Otoparkı,KÜÇÜKÇEKMECE,41.0359,28.7848,347,261,86,KAPALI OTOPARK,1,15,24 Saat
2026-08-19T16:36:46.917192+00:00,2026-08-19T19:36:46.917192+03:00,2838,Hamidiye Mahallesi Katlı Otoparkı,KAĞITHANE,41.0949,28.971,450,188,262,KAPALI OTOPARK,1,15,24 Saat
2026-08-19T16:36:46.917192+00:00,2026-08-19T19:36:46.917192+03:00,1446,Harbiye Zemin Altı Otoparkı,BEYOĞLU,41.0408,28.9869,142,20,122,KAPALI OTOPARK,1,5,24 Saat
2026-08-19T16:36:46.917192+00:00,2026-08-19T19:36:46.917192+03:00,2332,Haydarpaşa Katlı Otoparkı,ÜSKÜDAR,41.0048,29.0251,840,717,123,KAPALI OTOPARK,1,15,24 Saat
2026-08-19T16:36:46.917192+00:00,2026-08-19T19:36:46.917192+03:00,1987,Haznedar Yer Altı Otoparkı,GÜNGÖREN,41.0083,28.8729,540,0,540,KAPALI OTOPARK,1,0,24 Saat
2026-08-19T16:36:46.917192+00:00,2026-08-19T19:36:46.917192+03:00,377,Hızır Külhani Sokak,FATİH,41.0202,28.9605,32,1,31,YOL ÜSTÜ,0,15,09:00-17:00
2026-08-19T16:36:46.917192+00:00,2026-08-19T19:36:46.917192+03:00,3173,Hürriyet Mahallesi Zeminaltı Otoparkı,GAZİOSMANPAŞA,41.0708,28.8951,190,0,190,KAPALI OTOPARK,1,15,24 Saat
2026-08-19T16:36:46.917192+00:00,2026-08-19T19:36:46.917192+03:00,157,Ihlamur Dere Caddesi 4,BEŞİKTAŞ,41.047,29.0023,27,1,26,YOL ÜSTÜ,0,15,09:00-17:00
2026-08-19T16:36:46.917192+00:00,2026-08-19T19:36:46.917192+03:00,1189,İçerenköy Sebze Meyve Hali Otoparkı,ATAŞEHİR,40.9766,29.1044,600,600,0,AÇIK OTOPARK,1,15,24 Saat
2026-08-19T16:36:46.917192+00:00,2026-08-19T19:36:46.917192+03:00,1127,İshakpaşa Caddesi,FATİH,41.0079,28.9814,200,1,199,YOL ÜSTÜ,0,0,08:00-18:00
2026-08-19T16:36:46.917192+00:00,2026-08-19T19:36:46.917192+03:00,3265,İspark İstanbul West Marina Açık Otoparkı 1,BEYLİKDÜZÜ,40.9636,28.6564,250,1,249,AÇIK OTOPARK,1,15,24 Saat
2026-08-19T16:36:46.917192+00:00,2026-08-19T19:36:46.917192+03:00,2793,İspark Merter Katlı Otoparkı,GÜNGÖREN,41.0097,28.89,900,445,455,KAPALI OTOPARK,1,10,24 Saat
2026-08-19T16:36:46.917192+00:00,2026-08-19T19:36:46.917192+03:00,2430,İspark West İstanbul Marina Açık Otoparkı,BEYLİKDÜZÜ,40.9639,28.6591,1600,751,849,AÇIK OTOPARK,1,15,24 Saat
2026-08-19T16:36:46.917192+00:00,2026-08-19T19:36:46.917192+03:00,381,İstinye 4 ( Cami Önü ),SARIYER,41.1149,29.0571,25,1,24,YOL ÜSTÜ,0,15,08:30-17:30
2026-08-19T16:36:46.917192+00:00,2026-08-19T19:36:46.917192+03:00,1804,İtalyan Hastanesi Karşısı Açık Otoparkı 1,BEYOĞLU,41.028,28.9815,30,1,29,AÇIK OTOPARK,0,0,08:00-19:00
2026-08-19T16:36:46.917192+00:00,2026-08-19T19:36:46.917192+03:00,507,Kabasakal Medrese Önü,FATİH,41.0062,28.9789,65,1,64,AÇIK OTOPARK,0,0,08:00-18:30
2026-08-19T16:36:46.917192+00:00,2026-08-19T19:36:46.917192+03:00,3306,Kabataş Transfer Merkezi Turizm Otobüs Otoparkı,BEYOĞLU,41.0336,28.9923,160,12,148,KAPALI OTOPARK,1,20,24 Saat
2026-08-19T16:36:46.917192+00:00,2026-08-19T19:36:46.917192+03:00,2918,Kadıköy Hasanpaşa Gazhane Katlı Otoparkı,KADIKÖY,40.9972,29.0428,310,180,130,KAPALI OTOPARK,1,15,24 Saat
2026-08-19T16:36:46.917192+00:00,2026-08-19T19:36:46.917192+03:00,1447,Kadıköy İski Açık Otoparkı,KADIKÖY,40.9874,29.0207,124,4,120,AÇIK OTOPARK,1,15,24 Saat
2026-08-19T16:36:46.917192+00:00,2026-08-19T19:36:46.917192+03:00,1655,Kadıköy Metro Açık Otoparkı,KADIKÖY,40.9899,29.0217,74,0,74,AÇIK OTOPARK,1,15,24 Saat
2026-08-19T16:36:46.917192+00:00,2026-08-19T19:36:46.917192+03:00,3445,Kadıköy Uzunçayır PD Açık Otoparkı,KADIKÖY,40.9982,29.0569,70,40,30,AÇIK OTOPARK,0,15,06:30-16:30
2026-08-19T16:36:46.917192+00:00,2026-08-19T19:36:46.917192+03:00,2808,Kadıköy Yeni Salı Pazarı PD Katlı Otoparkı,KADIKÖY,40.9969,29.0486,1350,694,656,KAPALI OTOPARK,1,15,24 Saat
2026-08-19T16:36:46.917192+00:00,2026-08-19T19:36:46.917192+03:00,2811,Kağıthane Harmantepe Zemin Altı Otoparkı,KAĞITHANE,41.0816,28.9907,200,0,200,KAPALI OTOPARK,1,0,24 Saat
2026-08-19T16:36:46.917192+00:00,2026-08-19T19:36:46.917192+03:00,1452,Kalamış Açık Otoparkı,KADIKÖY,40.9687,29.0363,173,39,134,AÇIK OTOPARK,1,15,24 Saat
2026-08-19T16:36:46.917192+00:00,2026-08-19T19:36:46.917192+03:00,1474,Kartal Hasan Doğan Spor Kompleksi,KARTAL,40.8918,29.1897,773,0,773,KAPALI OTOPARK,1,15,24 Saat
2026-08-19T16:36:46.917192+00:00,2026-08-19T19:36:46.917192+03:00,1105,Kartal İdo Açık Otoparkı,KARTAL,40.8874,29.1881,90,0,90,AÇIK OTOPARK,1,15,24 Saat
2026-08-19T16:36:46.917192+00:00,2026-08-19T19:36:46.917192+03:00,1550,Kartal Sahil Açık Otoparkı,KARTAL,40.8875,29.1901,75,27,48,AÇIK OTOPARK,1,5,24 Saat
2026-08-19T16:36:46.917192+00:00,2026-08-19T19:36:46.917192+03:00,3434,Kasımpaşa Sosyal Tesisler Otoparkı,BEYOĞLU,41.0296,28.9673,60,37,23,AÇIK OTOPARK,1,0,07:30-23:00
2026-08-19T16:36:46.917192+00:00,2026-08-19T19:36:46.917192+03:00,1960,Kazlıçeşme Marmaray Açık Otoparkı,ZEYTİNBURNU,40.9922,28.917,700,554,146,AÇIK OTOPARK,1,15,24 Saat
2026-08-19T16:36:46.917192+00:00,2026-08-19T19:36:46.917192+03:00,2994,Kirazlı Metro Durağı PD Açık Otoparkı,BAĞCILAR,41.033,28.8429,112,0,112,AÇIK OTOPARK,1,5,24 Saat
2026-08-19T16:36:46.917192+00:00,2026-08-19T19:36:46.917192+03:00,1528,Kore Şehitleri Caddesi - Yüzbaşı Kaya Aldağon Sokak 1,ŞİŞLİ,41.0719,29.0139,40,1,39,YOL ÜSTÜ,0,15,07:00-16:00
2026-08-19T16:36:46.917192+00:00,2026-08-19T19:36:46.917192+03:00,2449,Kozyatağı Sebze-Meyve Hali,ATAŞEHİR,40.9787,29.1029,1500,1499,1,AÇIK OTOPARK,1,0,24 Saat
2026-08-19T16:36:46.917192+00:00,2026-08-19T19:36:46.917192+03:00,1206,Kutlugün Sokak 2,FATİH,41.0061,28.9801,200,1,199,YOL ÜSTÜ,0,0,08:00-18:00
2026-08-19T16:36:46.917192+00:00,2026-08-19T19:36:46.917192+03:00,3074,Küçük Çamlıca,ÜSKÜDAR,41.0204,29.0653,129,105,24,AÇIK OTOPARK,1,0,08:00-22:00
2026-08-19T16:36:46.917192+00:00,2026-08-19T19:36:46.917192+03:00,3127,Küçükçekmece Cennet Mahallesi Meydan Zemin Altı Otoparkı,KÜÇÜKÇEKMECE,40.9907,28.783,456,0,456,KAPALI OTOPARK,1,10,24 Saat
2026-08-19T16:36:46.917192+00:00,2026-08-19T19:36:46.917192+03:00,2554,Küçükçekmece Fevzi Çakmak Meydanı Zemin Altı Otoparkı,KÜÇÜKÇEKMECE,41.0076,28.7927,1000,500,500,KAPALI OTOPARK,1,10,24 Saat
2026-08-19T16:36:46.917192+00:00,2026-08-19T19:36:46.917192+03:00,2882,Küçüksu Kasrı Açık Otoparkı,BEYKOZ,41.0789,29.0657,98,91,7,AÇIK OTOPARK,1,0,07:00-23:00
2026-08-19T16:36:46.917192+00:00,2026-08-19T19:36:46.917192+03:00,220,Levent Hamidiye,BEŞİKTAŞ,41.0861,29.0076,100,1,99,AÇIK OTOPARK,0,0,08:00-19:00
2026-08-19T16:36:46.917192+00:00,2026-08-19T19:36:46.917192+03:00,1138,Levent Metro Yer Altı Otoparkı,BEŞİKTAŞ,41.0811,29.0105,100,100,0,AÇIK OTOPARK,0,5,07:30-19:30
2026-08-19T16:36:46.917192+00:00,2026-08-19T19:36:46.917192+03:00,2335,Maçka Açık Otoparkı,ŞİŞLİ,41.046,28.9908,75,72,3,AÇIK OTOPARK,1,0,24 Saat
2026-08-19T16:36:46.917192+00:00,2026-08-19T19:36:46.917192+03:00,1859,Maçka Katlı Otoparkı,ŞİŞLİ,41.0484,28.9903,508,0,508,KAPALI OTOPARK,1,0,24 Saat
2026-08-19T16:36:46.917192+00:00,2026-08-19T19:36:46.917192+03:00,3193,Maltepe Rıhtım Caddesi Açık Otoparkı,MALTEPE,40.9258,29.1241,76,2,74,AÇIK OTOPARK,1,0,24 Saat
2026-08-19T16:36:46.917192+00:00,2026-08-19T19:36:46.917192+03:00,2146,Maltepe Süreyyapaşa Çarşısı Açık Otoparkı,MALTEPE,40.9274,29.1225,156,32,124,AÇIK OTOPARK,1,0,24 Saat
2026-08-19T16:36:46.917192+00:00,2026-08-19T19:36:46.917192+03:00,1599,Maslak Açık Otoparkı,SARIYER,41.1166,29.024,150,119,31,AÇIK OTOPARK,1,10,24 Saat
2026-08-19T16:36:46.917192+00:00,2026-08-19T19:36:46.917192+03:00,2100,Matbaacılar Sitesi Yanı,ZEYTİNBURNU,41.0234,28.9187,250,195,55,AÇIK OTOPARK,1,5,24 Saat
2026-08-19T16:36:46.917192+00:00,2026-08-19T19:36:46.917192+03:00,920,Meclis-i Mebusan Yokuşu 2,BEYOĞLU,41.0326,28.9882,34,1,33,YOL ÜSTÜ,0,15,09:00-17:00
2026-08-19T16:36:46.917192+00:00,2026-08-19T19:36:46.917192+03:00,1546,Menekşe Plajı Açık Otoparkı,BAKIRKÖY,40.9761,28.7766,200,199,1,AÇIK OTOPARK,1,0,24 Saat
2026-08-19T16:36:46.917192+00:00,2026-08-19T19:36:46.917192+03:00,1376,Mercan Açık,FATİH,41.0136,28.9669,130,108,22,AÇIK OTOPARK,1,0,08:00-23:00
2026-08-19T16:36:46.917192+00:00,2026-08-19T19:36:46.917192+03:00,3309,Mercan Ali Paşa Sarayı Zemin Altı Otoparkı,FATİH,41.0136,28.967,196,1,195,KAPALI OTOPARK,1,0,07:00-21:00
2026-08-19T16:36:46.917192+00:00,2026-08-19T19:36:46.917192+03:00,1472,Merter Katlı Otoparkı,GÜNGÖREN,41.0092,28.8874,1000,896,104,KAPALI OTOPARK,1,10,24 Saat
2026-08-19T16:36:46.917192+00:00,2026-08-19T19:36:46.917192+03:00,2375,Merter Metro PD Zeminaltı Otoparkı,GÜNGÖREN,41.0037,28.8897,242,85,157,KAPALI OTOPARK,1,10,24 Saat
2026-08-19T16:36:46.917192+00:00,2026-08-19T19:36:46.917192+03:00,1568,Mete Caddesi 1,BEYOĞLU,41.0382,28.9879,31,1,30,YOL ÜSTÜ,1,15,08:00-23:00
2026-08-19T16:36:46.917192+00:00,2026-08-19T19:36:46.917192+03:00,1471,Mevlana Yeraltı Katlı Otoparkı,ZEYTİNBURNU,41.0072,28.9049,1000,875,125,KAPALI OTOPARK,1,5,24 Saat
2026-08-19T16:36:46.917192+00:00,2026-08-19T19:36:46.917192+03:00,2709,Millet Caddesi Açık Otoparkı,FATİH,41.01,28.9461,60,1,59,AÇIK OTOPARK,1,15,24 Saat
2026-08-19T16:36:46.917192+00:00,2026-08-19T19:36:46.917192+03:00,3152,Mimar Sinan Zemin Altı Otoparkı,ÜSKÜDAR,41.0222,29.0169,956,132,824,KAPALI OTOPARK,1,15,24 Saat
2026-08-19T16:36:46.917192+00:00,2026-08-19T19:36:46.917192+03:00,2870,Miniatürk Çadır Açık Otoparkı,BEYOĞLU,41.0594,28.9501,250,197,53,AÇIK OTOPARK,1,15,07:00-20:00
2026-08-19T16:36:46.917192+00:00,2026-08-19T19:36:46.917192+03:00,2556,Muallim Naci Açık Otoparkı,BEŞİKTAŞ,41.0561,29.0342,35,18,17,AÇIK OTOPARK,1,15,24 Saat
2026-08-19T16:36:46.917192+00:00,2026-08-19T19:36:46.917192+03:00,569,Oda Kule Önü 1,BEYOĞLU,41.0322,28.9751,24,1,23,YOL ÜSTÜ,1,0,07:00-01:00
2026-08-19T16:36:46.917192+00:00,2026-08-19T19:36:46.917192+03:00,1988,Orhangazi Şehir Parkı PD Açık Otoparkı,MALTEPE,40.9313,29.1161,5022,3667,1355,AÇIK OTOPARK,1,15,24 Saat
2026-08-19T16:36:46.917192+00:00,2026-08-19T19:36:46.917192+03:00,152,Ortabahçe Caddesi 2,BEŞİKTAŞ,41.0428,29.0043,35,1,34,YOL ÜSTÜ,1,15,08:00-23:00
2026-08-19T16:36:46.917192+00:00,2026-08-19T19:36:46.917192+03:00,153,Ortabahçe Caddesi 3,BEŞİKTAŞ,41.043,29.0042,26,1,25,YOL ÜSTÜ,1,15,08:00-23:00
2026-08-19T16:36:46.917192+00:00,2026-08-19T19:36:46.917192+03:00,119,Ortaklar Caddesi 1,ŞİŞLİ,41.0638,28.9971,25,1,24,YOL ÜSTÜ,0,15,08:30-17:00
2026-08-19T16:36:46.917192+00:00,2026-08-19T19:36:46.917192+03:00,1343,Ortaköy Açık Otoparkı,BEŞİKTAŞ,41.0504,29.0326,170,135,35,AÇIK OTOPARK,1,0,24 Saat
2026-08-19T16:36:46.917192+00:00,2026-08-19T19:36:46.917192+03:00,572,Ortaköy Portakal Yokuşu 1,BEŞİKTAŞ,41.0503,29.0261,15,15,0,YOL ÜSTÜ,0,15,09:00-19:00
2026-08-19T16:36:46.917192+00:00,2026-08-19T19:36:46.917192+03:00,1039,Öğretmen Evi,AVCILAR,40.9723,28.714,80,42,38,AÇIK OTOPARK,1,0,11:00-23:00
2026-08-19T16:36:46.917192+00:00,2026-08-19T19:36:46.917192+03:00,1466,Pendik Katlı Otoparkı,PENDİK,40.8789,29.2342,120,0,120,KAPALI OTOPARK,1,15,24 Saat
2026-08-19T16:36:46.917192+00:00,2026-08-19T19:36:46.917192+03:00,3073,Pendik Kemal Kalkuz Parkı Zemin Altı Otoparkı,PENDİK,40.8885,29.2427,224,0,224,KAPALI OTOPARK,0,0,09:00-18:00
2026-08-19T16:36:46.917192+00:00,2026-08-19T19:36:46.917192+03:00,3019,Pendik Meydan Zemin Altı Otoparkı,PENDİK,40.8752,29.2324,937,0,937,KAPALI OTOPARK,1,0,24 Saat
2026-08-19T16:36:46.917192+00:00,2026-08-19T19:36:46.917192+03:00,2865,Pendik Sahil Engelliler Merkez Önü,PENDİK,40.8735,29.233,100,66,34,AÇIK OTOPARK,1,0,11:00-20:00
2026-08-19T16:36:46.917192+00:00,2026-08-19T19:36:46.917192+03:00,2434,Pendik Sahil İdo,PENDİK,40.8755,29.2369,100,0,100,AÇIK OTOPARK,1,0,07:00-23:00
2026-08-19T16:36:46.917192+00:00,2026-08-19T19:36:46.917192+03:00,248,Pendik Yenimahalle Açık 2 Otoparkı,PENDİK,40.864,29.2723,124,94,30,AÇIK OTOPARK,1,15,10:00-22:00
2026-08-19T16:36:46.917192+00:00,2026-08-19T19:36:46.917192+03:00,297,Perşembe Pazarı 1,BEYOĞLU,41.0252,28.9693,32,1,31,YOL ÜSTÜ,0,15,08:00-17:00
2026-08-19T16:36:46.917192+00:00,2026-08-19T19:36:46.917192+03:00,597,Pierre Loti Caddesi 3,FATİH,41.0069,28.9711,36,1,35,YOL ÜSTÜ,0,0,07:00-17:00
2026-08-19T16:36:46.917192+00:00,2026-08-19T19:36:46.917192+03:00,3263,Piyalepaşa Meydanı Zemin Altı Otoparkı,BEYOĞLU,41.0445,28.9674,560,256,304,KAPALI OTOPARK,1,0,24 Saat
2026-08-19T16:36:46.917192+00:00,2026-08-19T19:36:46.917192+03:00,1900,Ragıp Gümüşpala Cad.(Sobacılar Önü),FATİH,41.0181,28.969,40,1,39,YOL ÜSTÜ,0,15,07:00-18:00
2026-08-19T16:36:46.917192+00:00,2026-08-19T19:36:46.917192+03:00,415,Ragıp Gümüşpala Camii Önü 1,FATİH,41.0211,28.9627,35,1,34,YOL ÜSTÜ,0,0,07:00-17:30
2026-08-19T16:36:46.917192+00:00,2026-08-19T19:36:46.917192+03:00,3268,Refik Saydam Caddesi 3,BEYOĞLU,41.032,28.9736,55,1,54,YOL ÜSTÜ,1,0,06:00-23:00
2026-08-19T16:36:46.917192+00:00,2026-08-19T19:36:46.917192+03:00,2307,Ressam Halim Sokak PD Açık Otoparkı,BAHÇELİEVLER,40.9967,28.8641,120,98,22,AÇIK OTOPARK,1,15,08:00-00:00
2026-08-19T16:36:46.917192+00:00,2026-08-19T19:36:46.917192+03:00,3082,Rumeli Hisarı Sahil Yolu Otoparkı,SARIYER,41.0854,29.0568,20,0,20,AÇIK OTOPARK,1,0,24 Saat
2026-08-19T16:36:46.917192+00:00,2026-08-19T19:36:46.917192+03:00,1595,Sabiha Gökçen Açık Otoparkı,PENDİK,40.925,29.308,1056,209,847,AÇIK OTOPARK,1,15,24 Saat
2026-08-19T16:36:46.917192+00:00,2026-08-19T19:36:46.917192+03:00,3239,Samatya Sahil Cep Otoparkı,FATİH,40.9954,28.932,113,93,20,AÇIK OTOPARK,1,15,24 Saat
2026-08-19T16:36:46.917192+00:00,2026-08-19T19:36:46.917192+03:00,3273,Sarıyer Büyükdere Fidanlığı,SARIYER,41.1548,29.0268,160,154,6,AÇIK OTOPARK,0,0,08:00-18:00
2026-08-19T16:36:46.917192+00:00,2026-08-19T19:36:46.917192+03:00,3299,Sariyer Ayazağa Mah Vadi İstanbul Önü Açık Otoparkı,SARIYER,41.1106,28.9881,100,96,4,AÇIK OTOPARK,1,0,08:00-20:00
2026-08-19T16:36:46.917192+00:00,2026-08-19T19:36:46.917192+03:00,1303,Seyrantepe Katlı (Arena Karşısı) 1,KAĞITHANE,41.101,28.9961,1897,1897,0,KAPALI OTOPARK,1,0,24 Saat
2026-08-19T16:36:46.917192+00:00,2026-08-19T19:36:46.917192+03:00,1628,Sıracevizler Caddesi Yol Üstü 5,ŞİŞLİ,41.0607,28.9841,45,1,44,YOL ÜSTÜ,0,15,09:00-17:00
2026-08-19T16:36:46.917192+00:00,2026-08-19T19:36:46.917192+03:00,464,Sirkeci Gar Önü,FATİH,41.015,28.9761,60,1,59,AÇIK OTOPARK,1,5,07:00-20:00
2026-08-19T16:36:46.917192+00:00,2026-08-19T19:36:46.917192+03:00,1486,Siyavuşpaşa Yer Altı Otoparkı,BAHÇELİEVLER,40.9965,28.8532,155,0,155,KAPALI OTOPARK,1,0,24 Saat
2026-08-19T16:36:46.917192+00:00,2026-08-19T19:36:46.917192+03:00,1958,Soğanlık Metro PD Açık Otoparkı,KARTAL,40.9131,29.1925,898,848,50,AÇIK OTOPARK,1,15,24 Saat
2026-08-19T16:36:46.917192+00:00,2026-08-19T19:36:46.917192+03:00,589,Su Terazisi Sokak,FATİH,41.0046,28.9727,22,1,21,YOL ÜSTÜ,0,0,07:30-17:00
2026-08-19T16:36:46.917192+00:00,2026-08-19T19:36:46.917192+03:00,1478,Suadiye Cep Açık Otoparkı,KADIKÖY,40.9586,29.0732,130,56,74,AÇIK OTOPARK,1,15,24 Saat
2026-08-19T16:36:46.917192+00:00,2026-08-19T19:36:46.917192+03:00,2948,Suadiye Sahil Açık Otoparkı,KADIKÖY,40.9562,29.0797,70,0,70,AÇIK OTOPARK,1,5,24 Saat
2026-08-19T16:36:46.917192+00:00,2026-08-19T19:36:46.917192+03:00,2799,Sultanbeyli Emir Caddesi Zemin Altı Otoparkı,SULTANBEYLİ,40.9707,29.2606,130,111,19,KAPALI OTOPARK,1,15,08:00-22:00
2026-08-19T16:36:46.917192+00:00,2026-08-19T19:36:46.917192+03:00,2372,Sultanbeyli Kent Meydanı Zemin Altı Otoparkı,SULTANBEYLİ,40.9667,29.2667,300,165,135,KAPALI OTOPARK,1,15,24 Saat
2026-08-19T16:36:46.917192+00:00,2026-08-19T19:36:46.917192+03:00,2410,Sultangazi Zemin Altı Otoparkı,SULTANGAZİ,41.0944,28.8649,104,0,104,KAPALI OTOPARK,1,10,24 Saat
2026-08-19T16:36:46.917192+00:00,2026-08-19T19:36:46.917192+03:00,2085,Süleyman Seba Caddesi 2,BEŞİKTAŞ,41.0426,28.9998,40,1,39,YOL ÜSTÜ,0,15,08:00-18:00
2026-08-19T16:36:46.917192+00:00,2026-08-19T19:36:46.917192+03:00,2088,Süleyman Seba Caddesi 5,BEŞİKTAŞ,41.0432,28.9978,40,1,39,YOL ÜSTÜ,0,15,08:00-18:00
2026-08-19T16:36:46.917192+00:00,2026-08-19T19:36:46.917192+03:00,2089,Süleyman Seba Caddesi 6,BEŞİKTAŞ,41.0435,28.9967,11,1,10,YOL ÜSTÜ,0,15,08:00-18:00
2026-08-19T16:36:46.917192+00:00,2026-08-19T19:36:46.917192+03:00,2391,Süleymaniye Cami Altı Açık Otoparkı,FATİH,41.0158,28.961,250,233,17,AÇIK OTOPARK,0,0,06:30-18:30
2026-08-19T16:36:46.917192+00:00,2026-08-19T19:36:46.917192+03:00,1730,Sütlüce Miniatürk Yanı,BEYOĞLU,41.057,28.95,320,245,75,AÇIK OTOPARK,1,15,24 Saat
2026-08-19T16:36:46.917192+00:00,2026-08-19T19:36:46.917192+03:00,36,Şakayık Sokak 4,ŞİŞLİ,41.0518,28.9936,50,1,49,YOL ÜSTÜ,0,15,08:00-16:00
2026-08-19T16:36:46.917192+00:00,2026-08-19T19:36:46.917192+03:00,1469,Şehit Volkan Duysak Katlı Otoparkı,ZEYTİNBURNU,40.9968,28.9039,1000,676,324,KAPALI OTOPARK,1,5,24 Saat
2026-08-19T16:36:46.917192+00:00,2026-08-19T19:36:46.917192+03:00,2385,Şehremini Açık Otoparkı 1,FATİH,41.0135,28.9333,60,1,59,AÇIK OTOPARK,1,0,08:30-20:30
2026-08-19T16:36:46.917192+00:00,2026-08-19T19:36:46.917192+03:00,2855,Şemsipaşa Açık Otoparkı,ÜSKÜDAR,41.0255,29.0097,80,33,47,AÇIK OTOPARK,1,0,24 Saat
2026-08-19T16:36:46.917192+00:00,2026-08-19T19:36:46.917192+03:00,2439,Şirinevler Meydan Zeminaltı Otoparkı,BAHÇELİEVLER,40.9925,28.8496,367,71,296,KAPALI OTOPARK,1,0,24 Saat
2026-08-19T16:36:46.917192+00:00,2026-08-19T19:36:46.917192+03:00,3400,Şişhane Refik Saydam Caddesi 2 Yol Üstü Otoparkı 1,BEYOĞLU,41.0326,28.9743,70,1,69,YOL ÜSTÜ,1,15,06:00-23:00
2026-08-19T16:36:46.917192+00:00,2026-08-19T19:36:46.917192+03:00,3441,Şişli Kuştepe Zemin Altı Otoparkı,ŞİŞLİ,41.072,28.9919,430,302,128,KAPALI OTOPARK,1,15,24 Saat
2026-08-19T16:36:46.917192+00:00,2026-08-19T19:36:46.917192+03:00,2816,Şişli Rumeli Caddesi Metro Yanı 1,ŞİŞLİ,41.0538,28.9868,45,1,44,YOL ÜSTÜ,1,15,08:00-20:00
2026-08-19T16:36:46.917192+00:00,2026-08-19T19:36:46.917192+03:00,2406,Şişli Zemin Altı Otoparkı,ŞİŞLİ,41.0641,28.9992,581,227,354,KAPALI OTOPARK,1,15,24 Saat
2026-08-19T16:36:46.917192+00:00,2026-08-19T19:36:46.917192+03:00,1993,Tuzla İdo,TUZLA,40.8149,29.3039,300,135,165,AÇIK OTOPARK,1,15,24 Saat
2026-08-19T16:36:46.917192+00:00,2026-08-19T19:36:46.917192+03:00,3332,Tuzla Sahil Cep,TUZLA,40.8168,29.2992,50,38,12,AÇIK OTOPARK,1,0,08:00-00:00
2026-08-19T16:36:46.917192+00:00,2026-08-19T19:36:46.917192+03:00,3057,Tuzla Sahil Zemin Altı Otoparkı,TUZLA,40.8181,29.3004,779,1,778,KAPALI OTOPARK,1,15,24 Saat
2026-08-19T16:36:46.917192+00:00,2026-08-19T19:36:46.917192+03:00,1811,Ulu Camii Açık Otoparkı,BAHÇELİEVLER,40.9982,28.8499,150,116,34,AÇIK OTOPARK,1,10,24 Saat
2026-08-19T16:36:46.917192+00:00,2026-08-19T19:36:46.917192+03:00,2424,Uzunçayır Açık Otoparkı,KADIKÖY,40.9988,29.0556,58,52,6,AÇIK OTOPARK,0,0,06:00-16:00
2026-08-19T16:36:46.917192+00:00,2026-08-19T19:36:46.917192+03:00,1468,Ümraniye Katlı Otoparkı,ÜMRANİYE,41.0261,29.0953,665,476,189,KAPALI OTOPARK,1,15,24 Saat
2026-08-19T16:36:46.917192+00:00,2026-08-19T19:36:46.917192+03:00,2898,Ümraniye Okan Sokak Zeminaltı Otoparkı,ÜMRANİYE,41.0284,29.0907,125,24,101,KAPALI OTOPARK,1,15,24 Saat
2026-08-19T16:36:46.917192+00:00,2026-08-19T19:36:46.917192+03:00,2345,Üsküdar Uzunçayır PD Açık Otoparkı,ÜSKÜDAR,40.9988,29.0577,90,77,13,AÇIK OTOPARK,1,15,06:00-22:00
2026-08-19T16:36:46.917192+00:00,2026-08-19T19:36:46.917192+03:00,1929,Üsküdar Ünalan Açık Otoparkı,ÜSKÜDAR,40.9979,29.0604,180,175,5,AÇIK OTOPARK,0,0,07:00-17:00
2026-08-19T16:36:46.917192+00:00,2026-08-19T19:36:46.917192+03:00,1487,Vatan Caddesi PD Açık Otoparkı,FATİH,41.0157,28.9405,397,321,76,AÇIK OTOPARK,1,5,24 Saat
2026-08-19T16:36:46.917192+00:00,2026-08-19T19:36:46.917192+03:00,2441,Yalı Açık Otoparkı,MALTEPE,40.9095,29.137,85,82,3,AÇIK OTOPARK,1,0,07:30-22:00
2026-08-19T16:36:46.917192+00:00,2026-08-19T19:36:46.917192+03:00,459,Yalı Köşkü Caddesi 1,FATİH,41.0163,28.9759,61,1,60,YOL ÜSTÜ,1,5,07:00-21:00
2026-08-19T16:36:46.917192+00:00,2026-08-19T19:36:46.917192+03:00,2037,Yenikapı Marmaray Büyük Otoparkı,FATİH,41.0057,28.9505,324,159,165,AÇIK OTOPARK,1,15,24 Saat
2026-08-19T16:36:46.917192+00:00,2026-08-19T19:36:46.917192+03:00,2036,Yenikapı Marmaray Küçük Otoparkı,FATİH,41.0064,28.9504,200,173,27,AÇIK OTOPARK,1,15,07:00-22:00
2026-08-19T16:36:46.917192+00:00,2026-08-19T19:36:46.917192+03:00,2175,Yenikapı Spor ve Kültür Merkezi PD Açık Otoparkı,FATİH,41.0006,28.9519,4023,3785,238,AÇIK OTOPARK,1,15,24 Saat
2026-08-19T16:36:46.917192+00:00,2026-08-19T19:36:46.917192+03:00,2805,Yenikapı Tünel Üstü Açık Otoparkı,FATİH,41.0029,28.9534,700,510,190,AÇIK OTOPARK,1,10,24 Saat
2026-08-19T16:36:46.917192+00:00,2026-08-19T19:36:46.917192+03:00,3404,Yenimahalle Metro Zemin Altı PD Otoparkı,GAZİOSMANPAŞA,41.0839,28.8926,114,98,16,KAPALI OTOPARK,1,15,24 Saat
2026-08-19T16:36:46.917192+00:00,2026-08-19T19:36:46.917192+03:00,2920,Yeşilce Zemin Altı Katlı Otoparkı,KAĞITHANE,41.0938,29.0017,676,34,642,KAPALI OTOPARK,1,0,24 Saat
2026-08-19T16:36:46.917192+00:00,2026-08-19T19:36:46.917192+03:00,987,Yeşilköy İstasyon Caddesi 1,BAKIRKÖY,40.962,28.825,40,1,39,YOL ÜSTÜ,0,15,09:00-17:30
2026-08-19T16:36:46.917192+00:00,2026-08-19T19:36:46.917192+03:00,974,Yeşilköy Marina 1,BAKIRKÖY,40.9576,28.8233,145,1,144,YOL ÜSTÜ,1,0,12:00-23:00
2026-08-19T16:36:46.917192+00:00,2026-08-19T19:36:46.917192+03:00,3406,Yeşilpınar Metro Zemin Altı PD Otoparkı,EYÜP,41.081,28.9204,269,199,70,KAPALI OTOPARK,1,15,24 Saat
2026-08-19T16:36:46.917192+00:00,2026-08-19T19:36:46.917192+03:00,315,Yeşilyurt Çarşı 1,BAKIRKÖY,40.9643,28.8379,50,1,49,YOL ÜSTÜ,0,15,09:00-17:30
2026-08-19T16:36:46.917192+00:00,2026-08-19T19:36:46.917192+03:00,1133,Yıldız Korusu,BEŞİKTAŞ,41.0514,29.0165,500,1,499,AÇIK OTOPARK,1,0,08:00-22:00
2026-08-19T16:36:46.917192+00:00,2026-08-19T19:36:46.917192+03:00,882,Zeytinburnu 58. Bulvar 2,ZEYTİNBURNU,40.9932,28.9039,48,1,47,YOL ÜSTÜ,0,15,09:00-18:00
2026-08-19T16:36:46.917192+00:00,2026-08-19T19:36:46.917192+03:00,3185,Zeytinburnu Sahil Cep Otoparkı,ZEYTİNBURNU,40.9798,28.8985,160,1,159,AÇIK OTOPARK,1,0,12:00-22:00
2026-08-19T17:01:59.271365+00:00,2026-08-19T20:01:59.271365+03:00,3068,15 Temmuz Şehitler Meydanı Zeminaltı Otoparkı,ÜMRANİYE,41.0246,29.0915,1029,515,514,KAPALI OTOPARK,1,15,24 Saat
2026-08-19T17:01:59.271365+00:00,2026-08-19T20:01:59.271365+03:00,2338,19 Mayıs Açık,ŞİŞLİ,41.0563,28.9941,65,0,65,AÇIK OTOPARK,1,0,24 Saat
2026-08-19T17:01:59.271365+00:00,2026-08-19T20:01:59.271365+03:00,1751,4.Levent PD Açık Otoparkı,KAĞITHANE,41.0836,29.0081,236,128,108,AÇIK OTOPARK,1,5,24 Saat
2026-08-19T17:01:59.271365+00:00,2026-08-19T20:01:59.271365+03:00,3328,4.Levent Servis ve Turizm Araçları Açık Otoparkı,ŞİŞLİ,41.0841,29.0054,300,162,138,AÇIK OTOPARK,1,15,24 Saat
2026-08-19T17:01:59.271365+00:00,2026-08-19T20:01:59.271365+03:00,3412,5. Levent Gaziosmanpaşa Adliyesi Yanı Açık Otoparkı,EYÜP,41.0927,28.9494,250,243,7,AÇIK OTOPARK,1,15,07:00-23:00
2026-08-19T17:01:59.271365+00:00,2026-08-19T20:01:59.271365+03:00,104,Abide-i Hürriyet Caddesi 5,ŞİŞLİ,41.0619,28.9876,40,1,39,YOL ÜSTÜ,0,15,08:00-17:00
2026-08-19T17:01:59.271365+00:00,2026-08-19T20:01:59.271365+03:00,2452,Acıbadem Açık Otoparkı,ÜSKÜDAR,41.0157,29.0574,100,86,14,AÇIK OTOPARK,0,0,06:30-16:00
2026-08-19T17:01:59.271365+00:00,2026-08-19T20:01:59.271365+03:00,346,Ada Karşısı Cep 2,BEŞİKTAŞ,41.072,29.045,30,1,29,YOL ÜSTÜ,1,15,08:00-23:00
2026-08-19T17:01:59.271365+00:00,2026-08-19T20:01:59.271365+03:00,1663,Akasyalı Sokak Tenis Kulubü Önü 2,BEŞİKTAŞ,41.0867,29.0109,45,1,44,YOL ÜSTÜ,0,15,08:30-17:30
2026-08-19T17:01:59.271365+00:00,2026-08-19T20:01:59.271365+03:00,828,Akdeniz Caddesi 4,FATİH,41.0175,28.9435,27,1,26,YOL ÜSTÜ,0,15,09:00-18:00
2026-08-19T17:01:59.271365+00:00,2026-08-19T20:01:59.271365+03:00,1913,Alibeyköy Cep Otogarı Açık Otoparkı,EYÜP,41.0879,28.9446,116,0,116,AÇIK OTOPARK,1,25,24 Saat
2026-08-19T17:01:59.271365+00:00,2026-08-19T20:01:59.271365+03:00,1912,Alibeyköy Cep Otogarı Otobüs Otoparkı,EYÜP,41.0875,28.9449,5000,1,4999,AÇIK OTOPARK,1,60,24 Saat
2026-08-19T17:01:59.271365+00:00,2026-08-19T20:01:59.271365+03:00,2562,Alibeyköy Yeşiltepe Zemin Altı Otoparkı,EYÜP,41.0797,28.938,159,61,98,KAPALI OTOPARK,1,15,24 Saat
2026-08-19T17:01:59.271365+00:00,2026-08-19T20:01:59.271365+03:00,3201,Altınboynuz Sosyal Tesisleri,EYÜP,41.058,28.9447,70,67,3,AÇIK OTOPARK,1,15,08:00-23:00
2026-08-19T17:01:59.271365+00:00,2026-08-19T20:01:59.271365+03:00,758,Arap Camii Açık Otoparkı,BEYOĞLU,41.0227,28.9723,30,1,29,AÇIK OTOPARK,0,0,09:00-17:00
2026-08-19T17:01:59.271365+00:00,2026-08-19T20:01:59.271365+03:00,1963,Aras Sokak 1,BÜYÜKÇEKMECE,41.0226,28.622,60,1,59,YOL ÜSTÜ,0,0,06:00-14:30
2026-08-19T17:01:59.271365+00:00,2026-08-19T20:01:59.271365+03:00,2802,Arnavutköy Zemin Altı Otoparkı,ARNAVUTKÖY,41.1838,28.7396,700,26,674,KAPALI OTOPARK,1,15,24 Saat
2026-08-19T17:01:59.271365+00:00,2026-08-19T20:01:59.271365+03:00,1797,Ataköy Atrium AVM,BAKIRKÖY,40.9881,28.8459,250,228,22,AÇIK OTOPARK,1,15,08:00-23:00
2026-08-19T17:01:59.271365+00:00,2026-08-19T20:01:59.271365+03:00,2824,Ataköy Metro Durağı Yanı PD Zemin Altı Otoparkı,BAKIRKÖY,40.9904,28.8456,150,88,62,KAPALI OTOPARK,1,0,24 Saat
2026-08-19T17:01:59.271365+00:00,2026-08-19T20:01:59.271365+03:00,359,Atatürk Bulvarı 1,FATİH,41.0112,28.9534,20,1,19,YOL ÜSTÜ,0,0,07:30-18:00
2026-08-19T17:01:59.271365+00:00,2026-08-19T20:01:59.271365+03:00,3087,Atatürk Kent Ormanı Otoparkı,SARIYER,41.136,29.0262,200,197,3,AÇIK OTOPARK,0,0,08:00-17:00
2026-08-19T17:01:59.271365+00:00,2026-08-19T20:01:59.271365+03:00,1088,Avcılar İdo,AVCILAR,40.9712,28.7185,270,261,9,AÇIK OTOPARK,1,0,13:00-07:00
2026-08-19T17:01:59.271365+00:00,2026-08-19T20:01:59.271365+03:00,2885,Azapkapı Haliç Metro Otoparkı,ŞİŞLİ,41.0245,28.9691,80,29,51,AÇIK OTOPARK,1,5,24 Saat
2026-08-19T17:01:59.271365+00:00,2026-08-19T20:01:59.271365+03:00,2455,Azerbaycan Dostluk Parkı Zemin Altı Otoparkı,BAĞCILAR,41.0444,28.854,400,162,238,KAPALI OTOPARK,1,10,24 Saat
2026-08-19T17:01:59.271365+00:00,2026-08-19T20:01:59.271365+03:00,2965,Bağcılar Çolakoğlu Zemin Altı Otoparkı,BAĞCILAR,41.0324,28.8345,106,0,106,KAPALI OTOPARK,1,5,24 Saat
2026-08-19T17:01:59.271365+00:00,2026-08-19T20:01:59.271365+03:00,2576,Bağcılar Demirkapı Zemin Altı Otoparkı,BAĞCILAR,41.0499,28.8327,343,175,168,KAPALI OTOPARK,1,5,24 Saat
2026-08-19T17:01:59.271365+00:00,2026-08-19T20:01:59.271365+03:00,3036,Bağcılar Devlet Hastanesi Yanı Zeminaltı Otoparkı,BAĞCILAR,41.0312,28.8696,1133,122,1011,KAPALI OTOPARK,1,15,24 Saat
2026-08-19T17:01:59.271365+00:00,2026-08-19T20:01:59.271365+03:00,3071,Bağcılar Emniyet Müdürlüğü Yanı Açık Otoparkı,BAĞCILAR,41.0353,28.8598,100,41,59,AÇIK OTOPARK,1,0,24 Saat
2026-08-19T17:01:59.271365+00:00,2026-08-19T20:01:59.271365+03:00,2873,Bağcılar Göztepe Zemin Altı,BAĞCILAR,41.0567,28.8355,120,0,120,KAPALI OTOPARK,1,5,24 Saat
2026-08-19T17:01:59.271365+00:00,2026-08-19T20:01:59.271365+03:00,3187,Bağcılar Hürriyet Mahallesi Zemin Altı Otoparkı,BAĞCILAR,41.0291,28.8333,355,0,355,KAPALI OTOPARK,1,10,24 Saat
2026-08-19T17:01:59.271365+00:00,2026-08-19T20:01:59.271365+03:00,2916,Bağcılar Kent Meydanı PD Zemin Altı Otoparkı,BAĞCILAR,41.0339,28.8556,1162,0,1162,KAPALI OTOPARK,1,0,24 Saat
2026-08-19T17:01:59.271365+00:00,2026-08-19T20:01:59.271365+03:00,3261,Bağcılar Yenimahalle Zemin Altı Otoparkı,BAĞCILAR,41.0425,28.8395,525,292,233,KAPALI OTOPARK,1,15,24 Saat
2026-08-19T17:01:59.271365+00:00,2026-08-19T20:01:59.271365+03:00,2820,Bağcılar Yıldıztepe Katlı Otoparkı,BAĞCILAR,41.0294,28.8556,350,0,350,KAPALI OTOPARK,1,10,24 Saat
2026-08-19T17:01:59.271365+00:00,2026-08-19T20:01:59.271365+03:00,3447,Bahçelievler 23 Nisan Milli Egemenlik Zeminaltı Otoparkı,BAHÇELİEVLER,40.9988,28.8472,732,476,256,KAPALI OTOPARK,1,10,24 Saat
2026-08-19T17:01:59.271365+00:00,2026-08-19T20:01:59.271365+03:00,2993,Bahçelievler Cumhuriyet Zeminaltı Otoparkı,BAHÇELİEVLER,41.0149,28.859,663,0,663,KAPALI OTOPARK,1,10,24 Saat
2026-08-19T17:01:59.271365+00:00,2026-08-19T20:01:59.271365+03:00,2969,Bahçelievler Devlet Hastanesi Yanı Katlı Otoparkı,BAHÇELİEVLER,41.0072,28.8442,740,0,740,KAPALI OTOPARK,1,0,24 Saat
2026-08-19T17:01:59.271365+00:00,2026-08-19T20:01:59.271365+03:00,3051,Bahçelievler Zafer Mh. Zeminaltı Otoparkı,BAHÇELİEVLER,41.0036,28.8351,200,92,108,KAPALI OTOPARK,1,0,24 Saat
2026-08-19T17:01:59.271365+00:00,2026-08-19T20:01:59.271365+03:00,3236,Bahçeşehir Gölet Açık Otoparkı,BAŞAKŞEHİR,41.0719,28.6901,200,1,199,AÇIK OTOPARK,1,0,12:00-22:00
2026-08-19T17:01:59.271365+00:00,2026-08-19T20:01:59.271365+03:00,1465,Bakırköy İdo Açık Otoparkı,BAKIRKÖY,40.9739,28.8761,160,83,77,AÇIK OTOPARK,1,10,24 Saat
2026-08-19T17:01:59.271365+00:00,2026-08-19T20:01:59.271365+03:00,1104,Balmumcu Katlı Otoparkı,BEŞİKTAŞ,41.0636,29.0109,400,303,97,KAPALI OTOPARK,1,5,24 Saat
2026-08-19T17:01:59.271365+00:00,2026-08-19T20:01:59.271365+03:00,2796,Başakşehir Metro Açık Otoparkı,BAŞAKŞEHİR,41.107,28.801,125,1,124,AÇIK OTOPARK,0,0,07:00-16:00
2026-08-19T17:01:59.271365+00:00,2026-08-19T20:01:59.271365+03:00,2350,Bayrampaşa Adapark Katlı Otoparkı,BAYRAMPAŞA,41.0647,28.8875,650,0,650,KAPALI OTOPARK,1,15,24 Saat
2026-08-19T17:01:59.271365+00:00,2026-08-19T20:01:59.271365+03:00,2892,Bayrampaşa Altıntepsi Zemin  Altı Otoparkı,BAYRAMPAŞA,41.0393,28.9029,110,0,110,KAPALI OTOPARK,1,10,24 Saat
2026-08-19T17:01:59.271365+00:00,2026-08-19T20:01:59.271365+03:00,2909,Bayrampaşa Atatürk Parkı  Zemin Altı Otoparkı,BAYRAMPAŞA,41.0342,28.9123,442,0,442,KAPALI OTOPARK,1,10,24 Saat
2026-08-19T17:01:59.271365+00:00,2026-08-19T20:01:59.271365+03:00,2683,Bayrampaşa Devlet Hastanesi Cep Otoparkı,BAYRAMPAŞA,41.0414,28.9031,55,32,23,AÇIK OTOPARK,0,0,08:00-19:00
2026-08-19T17:01:59.271365+00:00,2026-08-19T20:01:59.271365+03:00,3301,Bayrampaşa Kocatepe Mahallesi Zemin Altı Otoparkı,BAYRAMPAŞA,41.0545,28.8964,241,0,241,KAPALI OTOPARK,1,10,24 Saat
2026-08-19T17:01:59.271365+00:00,2026-08-19T20:01:59.271365+03:00,2053,Bayrampaşa Muratpaşa Yer Altı Otoparkı,BAYRAMPAŞA,41.047,28.9082,300,4,296,KAPALI OTOPARK,1,15,24 Saat
2026-08-19T17:01:59.271365+00:00,2026-08-19T20:01:59.271365+03:00,3175,Bayrampaşa Spor Kompleksi Zemin Altı Otoparkı,BAYRAMPAŞA,41.0446,28.9106,205,0,205,KAPALI OTOPARK,1,15,24 Saat
2026-08-19T17:01:59.271365+00:00,2026-08-19T20:01:59.271365+03:00,3382,Bayrampaşa Şehit Kamil Balkan Zemin Altı Otoparkı,BAYRAMPAŞA,41.0604,28.9008,235,0,235,KAPALI OTOPARK,1,10,24 Saat
2026-08-19T17:01:59.271365+00:00,2026-08-19T20:01:59.271365+03:00,2428,Bayrampaşa Yenidoğan Mahallesi Zemin Altı Otoparkı,BAYRAMPAŞA,41.0395,28.9088,120,0,120,KAPALI OTOPARK,1,10,24 Saat
2026-08-19T17:01:59.271365+00:00,2026-08-19T20:01:59.271365+03:00,2468,Bebek Açık,BEŞİKTAŞ,41.077,29.0434,30,0,30,AÇIK OTOPARK,1,0,24 Saat
2026-08-19T17:01:59.271365+00:00,2026-08-19T20:01:59.271365+03:00,3479,Beşiktaş Halk Pazarı Açık Otoparkı,BEŞİKTAŞ,41.0496,29.0004,170,56,114,AÇIK OTOPARK,1,5,24 Saat
2026-08-19T17:01:59.271365+00:00,2026-08-19T20:01:59.271365+03:00,3257,Beykoz Sahil Cep Otoparkı,BEYKOZ,41.1286,29.0953,100,74,26,AÇIK OTOPARK,1,0,08:00-00:00
2026-08-19T17:01:59.271365+00:00,2026-08-19T20:01:59.271365+03:00,2273,Beykoz Sosyal Tesisleri,BEYKOZ,41.1143,29.0888,130,0,130,AÇIK OTOPARK,1,15,08:00-00:00
2026-08-19T17:01:59.271365+00:00,2026-08-19T20:01:59.271365+03:00,2999,Beyoğlu Gazhane Bostan Sokak 2,BEYOĞLU,41.0389,28.9903,35,1,34,YOL ÜSTÜ,0,0,07:30-16:30
2026-08-19T17:01:59.271365+00:00,2026-08-19T20:01:59.271365+03:00,3072,Beyoğlu Örnektepe Zemin Altı Otoparkı,BEYOĞLU,41.0543,28.9548,143,0,143,KAPALI OTOPARK,1,0,24 Saat
2026-08-19T17:01:59.271365+00:00,2026-08-19T20:01:59.271365+03:00,1455,Bostancı Açık,KADIKÖY,40.9523,29.0902,394,0,394,AÇIK OTOPARK,1,15,24 Saat
2026-08-19T17:01:59.271365+00:00,2026-08-19T20:01:59.271365+03:00,1456,Bostancı Sahil-Cep Açık Otoparkı,KADIKÖY,40.9545,29.0885,192,80,112,AÇIK OTOPARK,1,15,24 Saat
2026-08-19T17:01:59.271365+00:00,2026-08-19T20:01:59.271365+03:00,2150,Bostancı Vergi Dairesi Açık Otoparkı,ATAŞEHİR,40.9625,29.1083,155,0,155,AÇIK OTOPARK,0,5,08:00-20:00
2026-08-19T17:01:59.271365+00:00,2026-08-19T20:01:59.271365+03:00,2854,Bülent Ecevit Kültür Merkezi Açık Otoparkı,KARTAL,40.8852,29.1967,277,266,11,AÇIK OTOPARK,1,0,10:00-21:00
2026-08-19T17:01:59.271365+00:00,2026-08-19T20:01:59.271365+03:00,2866,Büyük İstanbul Otogarı,BAYRAMPAŞA,41.0402,28.8942,1000,0,1000,AÇIK OTOPARK,1,25,24 Saat
2026-08-19T17:01:59.271365+00:00,2026-08-19T20:01:59.271365+03:00,1192,Büyükçamlıca Korusu Sosyal Tesisleri Önü,ÜSKÜDAR,41.0264,29.0698,204,112,92,AÇIK OTOPARK,1,0,08:00-00:00
2026-08-19T17:01:59.271365+00:00,2026-08-19T20:01:59.271365+03:00,2960,Büyükçekmece Metrobüs Durağı Yanı PD Zemin Altı Otopark,BÜYÜKÇEKMECE,41.0221,28.624,448,383,65,KAPALI OTOPARK,1,0,24 Saat
2026-08-19T17:01:59.271365+00:00,2026-08-19T20:01:59.271365+03:00,1503,Cadde Bostan Açık Otoparkı,KADIKÖY,40.9636,29.0675,66,6,60,AÇIK OTOPARK,1,15,24 Saat
2026-08-19T17:01:59.271365+00:00,2026-08-19T20:01:59.271365+03:00,2933,Cemal Kamacı Spor Kompleksi Zemin Altı Otoparkı,KAĞITHANE,41.0536,28.9575,510,0,510,KAPALI OTOPARK,1,0,24 Saat
2026-08-19T17:01:59.271365+00:00,2026-08-19T20:01:59.271365+03:00,2207,Cengiz Topel Yer Altı Katlı Otoparkı,ESENLER,41.0588,28.8643,144,0,144,KAPALI OTOPARK,1,15,24 Saat
2026-08-19T17:01:59.271365+00:00,2026-08-19T20:01:59.271365+03:00,2787,Cevizli Açık Otoparkı,KARTAL,40.9179,29.1712,100,83,17,AÇIK OTOPARK,0,15,08:00-19:00
2026-08-19T17:01:59.271365+00:00,2026-08-19T20:01:59.271365+03:00,782,Cihangir Caddesi 2,BEYOĞLU,41.0319,28.9862,70,1,69,YOL ÜSTÜ,0,15,09:00-19:00
2026-08-19T17:01:59.271365+00:00,2026-08-19T20:01:59.271365+03:00,1467,Cihangir Katlı Otoparkı,BEYOĞLU,41.0318,28.9858,350,0,350,KAPALI OTOPARK,1,0,24 Saat
2026-08-19T17:01:59.271365+00:00,2026-08-19T20:01:59.271365+03:00,535,Cihannuma Yol Üstü 1,BEŞİKTAŞ,41.0454,29.0084,35,1,34,YOL ÜSTÜ,1,0,08:00-23:00
2026-08-19T17:01:59.271365+00:00,2026-08-19T20:01:59.271365+03:00,537,Cihannuma Yol Üstü 3,BEŞİKTAŞ,41.0459,29.0087,33,1,32,YOL ÜSTÜ,1,0,08:00-23:00
2026-08-19T17:01:59.271365+00:00,2026-08-19T20:01:59.271365+03:00,539,Cihannuma Yol Üstü 5,BEŞİKTAŞ,41.0489,29.0094,24,1,23,YOL ÜSTÜ,1,0,08:00-23:00
2026-08-19T17:01:59.271365+00:00,2026-08-19T20:01:59.271365+03:00,3184,Çam Sokak 6,GÜNGÖREN,41.0121,28.8882,50,1,49,YOL ÜSTÜ,0,15,08:00-17:00
2026-08-19T17:01:59.271365+00:00,2026-08-19T20:01:59.271365+03:00,3030,Çekmeköy Metro PD Zemin Altı Otoparkı,ÇEKMEKÖY,41.0147,29.1886,175,60,115,KAPALI OTOPARK,1,15,24 Saat
2026-08-19T17:01:59.271365+00:00,2026-08-19T20:01:59.271365+03:00,2905,Çeliktepe Açık Otoparkı,KAĞITHANE,41.0843,29.0056,200,82,118,AÇIK OTOPARK,1,5,24 Saat
2026-08-19T17:01:59.271365+00:00,2026-08-19T20:01:59.271365+03:00,1298,Çengelköy Açık Otoparkı,ÜSKÜDAR,41.0484,29.0533,500,0,500,AÇIK OTOPARK,1,15,24 Saat
2026-08-19T17:01:59.271365+00:00,2026-08-19T20:01:59.271365+03:00,502,Çınar Açık Otoparkı,BEŞİKTAŞ,41.0853,29.0088,65,1,64,AÇIK OTOPARK,0,0,08:00-18:00
2026-08-19T17:01:59.271365+00:00,2026-08-19T20:01:59.271365+03:00,777,Çırağan Sarayı Yol Üstü 1,BEŞİKTAŞ,41.0448,29.0165,40,1,39,YOL ÜSTÜ,1,15,08:00-23:00
2026-08-19T17:01:59.271365+00:00,2026-08-19T20:01:59.271365+03:00,778,Çırağan Sarayı Yol Üstü 2,BEŞİKTAŞ,41.0445,29.0156,40,1,39,YOL ÜSTÜ,1,15,08:00-23:00
2026-08-19T17:01:59.271365+00:00,2026-08-19T20:01:59.271365+03:00,2228,Çırpıcı Sosyal Tesisler,ZEYTİNBURNU,41,28.8926,128,0,128,AÇIK OTOPARK,1,15,07:00-00:00
2026-08-19T17:01:59.271365+00:00,2026-08-19T20:01:59.271365+03:00,2030,Dalyan Açık Otoparkı,KADIKÖY,40.9632,29.0651,92,0,92,AÇIK OTOPARK,1,15,24 Saat
2026-08-19T17:01:59.271365+00:00,2026-08-19T20:01:59.271365+03:00,2271,Damla Sokak 1,ŞİŞLİ,41.0672,29.0004,17,1,16,YOL ÜSTÜ,0,15,07:30-16:30
2026-08-19T17:01:59.271365+00:00,2026-08-19T20:01:59.271365+03:00,2164,Darüşşafaka Yeraltı Otoparkı,SARIYER,41.1292,29.0252,150,138,12,KAPALI OTOPARK,1,15,08:00-00:00
2026-08-19T17:01:59.271365+00:00,2026-08-19T20:01:59.271365+03:00,1653,Deniz Feneri Otoparkı,FATİH,41.0019,28.9773,175,61,114,AÇIK OTOPARK,1,5,24 Saat
2026-08-19T17:01:59.271365+00:00,2026-08-19T20:01:59.271365+03:00,595,Dostluk Yurdu 1,FATİH,41.0071,28.973,33,33,0,YOL ÜSTÜ,0,15,07:00-17:00
2026-08-19T17:01:59.271365+00:00,2026-08-19T20:01:59.271365+03:00,2237,Dragos Sosyal Tesisleri,KARTAL,40.9017,29.1458,100,0,100,AÇIK OTOPARK,1,15,24 Saat
2026-08-19T17:01:59.271365+00:00,2026-08-19T20:01:59.271365+03:00,3063,Dudullu Metro PD Zemin Altı Otoparkı,ÜMRANİYE,41.0156,29.1633,81,50,31,KAPALI OTOPARK,1,15,07:00-23:30
2026-08-19T17:01:59.271365+00:00,2026-08-19T20:01:59.271365+03:00,1522,Ebu Suut Caddesi 1,FATİH,41.0128,28.9766,35,1,34,YOL ÜSTÜ,0,0,08:00-18:00
2026-08-19T17:01:59.271365+00:00,2026-08-19T20:01:59.271365+03:00,2147,EGS Blokları Açık Otoparkı,BAKIRKÖY,40.9863,28.8354,350,56,294,AÇIK OTOPARK,0,60,09:00-19:30
2026-08-19T17:01:59.271365+00:00,2026-08-19T20:01:59.271365+03:00,2366,Esenler Adem Baştürk Kültür Merkezi Katlı,ESENLER,41.039,28.8846,460,10,450,KAPALI OTOPARK,1,15,24 Saat
2026-08-19T17:01:59.271365+00:00,2026-08-19T20:01:59.271365+03:00,3190,Esenler Havaalanı Mahallesi Zemin Altı Otoparkı,ESENLER,41.0562,28.8674,610,338,272,KAPALI OTOPARK,1,10,24 Saat
2026-08-19T17:01:59.271365+00:00,2026-08-19T20:01:59.271365+03:00,3011,Esenler Menderes Metro İstasyonu Yanı,ESENLER,41.0427,28.8783,68,10,58,AÇIK OTOPARK,1,5,24 Saat
2026-08-19T17:01:59.271365+00:00,2026-08-19T20:01:59.271365+03:00,2822,Esenler Menderes Parkı Zemin Altı Otoparkı,ESENLER,41.0412,28.8729,325,54,271,KAPALI OTOPARK,1,10,24 Saat
2026-08-19T17:01:59.271365+00:00,2026-08-19T20:01:59.271365+03:00,3303,Esenyurt Adile Naşit Bulvarı Zeminaltı Otoparkı,ESENYURT,41.0205,28.6859,367,289,78,KAPALI OTOPARK,1,15,24 Saat
2026-08-19T17:01:59.271365+00:00,2026-08-19T20:01:59.271365+03:00,1328,Eski Salı Pazarı,KADIKÖY,40.9904,29.0338,760,0,760,AÇIK OTOPARK,1,15,24 Saat
2026-08-19T17:01:59.271365+00:00,2026-08-19T20:01:59.271365+03:00,904,Eyüp Pierloti Caddesi 1,EYÜP,41.0539,28.9329,40,40,0,YOL ÜSTÜ,1,0,09:00-22:00
2026-08-19T17:01:59.271365+00:00,2026-08-19T20:01:59.271365+03:00,2850,Eyüpsultan Akşemsettin Mahallesi Zemin Altı Otoparkı,EYÜP,41.085,28.9258,110,0,110,KAPALI OTOPARK,1,15,24 Saat
2026-08-19T17:01:59.271365+00:00,2026-08-19T20:01:59.271365+03:00,2215,Fatih Çeşmesi Tabiat Parkı Otoparkı,SARIYER,41.1686,28.9448,250,242,8,AÇIK OTOPARK,0,0,06:00-20:00
2026-08-19T17:01:59.271365+00:00,2026-08-19T20:01:59.271365+03:00,1475,Fatih Katlı Otoparkı,FATİH,41.0198,28.9396,118,19,99,KAPALI OTOPARK,1,10,24 Saat
2026-08-19T17:01:59.271365+00:00,2026-08-19T20:01:59.271365+03:00,1591,Feshane PD Açık Otoparkı,EYÜP,41.0463,28.9378,200,0,200,AÇIK OTOPARK,1,15,24 Saat
2026-08-19T17:01:59.271365+00:00,2026-08-19T20:01:59.271365+03:00,1005,Florya Havuzlu Bahçe,BAKIRKÖY,40.9764,28.7908,135,1,134,AÇIK OTOPARK,1,0,09:00-23:00
2026-08-19T17:01:59.271365+00:00,2026-08-19T20:01:59.271365+03:00,2238,Florya Sosyal Tesisleri,BAKIRKÖY,40.9614,28.8091,1074,596,478,AÇIK OTOPARK,1,15,24 Saat
2026-08-19T17:01:59.271365+00:00,2026-08-19T20:01:59.271365+03:00,1704,Gazi Umur Paşa Sokak 5,BEŞİKTAŞ,41.0589,29.0114,45,1,44,YOL ÜSTÜ,0,15,08:00-17:00
2026-08-19T17:01:59.271365+00:00,2026-08-19T20:01:59.271365+03:00,3296,Gaziosmanpaşa Meydanı ve Yaşam Merkezi Zemin Altı Otoparkı,GAZİOSMANPAŞA,41.0606,28.9093,202,0,202,KAPALI OTOPARK,1,15,24 Saat
2026-08-19T17:01:59.271365+00:00,2026-08-19T20:01:59.271365+03:00,2971,Gaziosmanpaşa Zemin Altı Otoparkı,GAZİOSMANPAŞA,41.0796,28.8858,285,0,285,KAPALI OTOPARK,1,0,24 Saat
2026-08-19T17:01:59.271365+00:00,2026-08-19T20:01:59.271365+03:00,3401,Giyimkent Tekstilkent Metro Zemin Altı PD Otoparkı,ESENLER,41.0711,28.8666,203,177,26,KAPALI OTOPARK,1,10,24 Saat
2026-08-19T17:01:59.271365+00:00,2026-08-19T20:01:59.271365+03:00,2242,Gözdağı Sosyal Tesisler  Açık Otoparkı,PENDİK,40.893,29.2538,300,215,85,AÇIK OTOPARK,1,0,07:00-23:00
2026-08-19T17:01:59.271365+00:00,2026-08-19T20:01:59.271365+03:00,1879,Gülsuyu Metro PD Yer Altı Otoparkı,MALTEPE,40.9237,29.1548,76,0,76,KAPALI OTOPARK,1,15,08:00-00:00
2026-08-19T17:01:59.271365+00:00,2026-08-19T20:01:59.271365+03:00,1423,Güneş Plajı 1,BAKIRKÖY,40.9712,28.79,250,175,75,AÇIK OTOPARK,1,10,24 Saat
2026-08-19T17:01:59.271365+00:00,2026-08-19T20:01:59.271365+03:00,1461,Güneş Plajı 2,BAKIRKÖY,40.9692,28.7951,135,44,91,AÇIK OTOPARK,0,10,08:00-20:00
2026-08-19T17:01:59.271365+00:00,2026-08-19T20:01:59.271365+03:00,3053,Güngören Nikah Dairesi Zemin Altı otoparkı,GÜNGÖREN,41.0363,28.8718,147,0,147,KAPALI OTOPARK,1,10,24 Saat
2026-08-19T17:01:59.271365+00:00,2026-08-19T20:01:59.271365+03:00,2216,Gürpınar Balık Hali Otoparkı,BEYLİKDÜZÜ,40.9663,28.6019,1000,758,242,AÇIK OTOPARK,1,15,24 Saat
2026-08-19T17:01:59.271365+00:00,2026-08-19T20:01:59.271365+03:00,1525,Hacıosman Metro Yer Altı Otoparkı,SARIYER,41.14,29.0306,422,167,255,KAPALI OTOPARK,1,15,24 Saat
2026-08-19T17:01:59.271365+00:00,2026-08-19T20:01:59.271365+03:00,1470,Haldun Alagaş Katlı Otoparkı,ÜMRANİYE,41.0262,29.1052,197,94,103,KAPALI OTOPARK,1,15,24 Saat
2026-08-19T17:01:59.271365+00:00,2026-08-19T20:01:59.271365+03:00,3235,Haliç Sosyal Tesisleri Otoparkı,FATİH,41.0277,28.9572,60,20,40,AÇIK OTOPARK,1,15,07:00-00:00
2026-08-19T17:01:59.271365+00:00,2026-08-19T20:01:59.271365+03:00,2848,Halkalı Mahallesi Zemin Altı Otoparkı,KÜÇÜKÇEKMECE,41.0359,28.7848,347,261,86,KAPALI OTOPARK,1,15,24 Saat
2026-08-19T17:01:59.271365+00:00,2026-08-19T20:01:59.271365+03:00,2838,Hamidiye Mahallesi Katlı Otoparkı,KAĞITHANE,41.0949,28.971,450,188,262,KAPALI OTOPARK,1,15,24 Saat
2026-08-19T17:01:59.271365+00:00,2026-08-19T20:01:59.271365+03:00,1446,Harbiye Zemin Altı Otoparkı,BEYOĞLU,41.0408,28.9869,142,30,112,KAPALI OTOPARK,1,5,24 Saat
2026-08-19T17:01:59.271365+00:00,2026-08-19T20:01:59.271365+03:00,2332,Haydarpaşa Katlı Otoparkı,ÜSKÜDAR,41.0048,29.0251,840,712,128,KAPALI OTOPARK,1,15,24 Saat
2026-08-19T17:01:59.271365+00:00,2026-08-19T20:01:59.271365+03:00,1987,Haznedar Yer Altı Otoparkı,GÜNGÖREN,41.0083,28.8729,540,0,540,KAPALI OTOPARK,1,0,24 Saat
2026-08-19T17:01:59.271365+00:00,2026-08-19T20:01:59.271365+03:00,377,Hızır Külhani Sokak,FATİH,41.0202,28.9605,32,1,31,YOL ÜSTÜ,0,15,09:00-17:00
2026-08-19T17:01:59.271365+00:00,2026-08-19T20:01:59.271365+03:00,3173,Hürriyet Mahallesi Zeminaltı Otoparkı,GAZİOSMANPAŞA,41.0708,28.8951,190,0,190,KAPALI OTOPARK,1,15,24 Saat
2026-08-19T17:01:59.271365+00:00,2026-08-19T20:01:59.271365+03:00,157,Ihlamur Dere Caddesi 4,BEŞİKTAŞ,41.047,29.0023,27,1,26,YOL ÜSTÜ,0,15,09:00-17:00
2026-08-19T17:01:59.271365+00:00,2026-08-19T20:01:59.271365+03:00,1189,İçerenköy Sebze Meyve Hali Otoparkı,ATAŞEHİR,40.9766,29.1044,600,600,0,AÇIK OTOPARK,1,15,24 Saat
2026-08-19T17:01:59.271365+00:00,2026-08-19T20:01:59.271365+03:00,1127,İshakpaşa Caddesi,FATİH,41.0079,28.9814,200,1,199,YOL ÜSTÜ,0,0,08:00-18:00
2026-08-19T17:01:59.271365+00:00,2026-08-19T20:01:59.271365+03:00,3265,İspark İstanbul West Marina Açık Otoparkı 1,BEYLİKDÜZÜ,40.9636,28.6564,250,1,249,AÇIK OTOPARK,1,15,24 Saat
2026-08-19T17:01:59.271365+00:00,2026-08-19T20:01:59.271365+03:00,2793,İspark Merter Katlı Otoparkı,GÜNGÖREN,41.0097,28.89,900,455,445,KAPALI OTOPARK,1,10,24 Saat
2026-08-19T17:01:59.271365+00:00,2026-08-19T20:01:59.271365+03:00,2430,İspark West İstanbul Marina Açık Otoparkı,BEYLİKDÜZÜ,40.9639,28.6591,1600,726,874,AÇIK OTOPARK,1,15,24 Saat
2026-08-19T17:01:59.271365+00:00,2026-08-19T20:01:59.271365+03:00,381,İstinye 4 ( Cami Önü ),SARIYER,41.1149,29.0571,25,1,24,YOL ÜSTÜ,0,15,08:30-17:30
2026-08-19T17:01:59.271365+00:00,2026-08-19T20:01:59.271365+03:00,1804,İtalyan Hastanesi Karşısı Açık Otoparkı 1,BEYOĞLU,41.028,28.9815,30,1,29,AÇIK OTOPARK,0,0,08:00-19:00
2026-08-19T17:01:59.271365+00:00,2026-08-19T20:01:59.271365+03:00,507,Kabasakal Medrese Önü,FATİH,41.0062,28.9789,65,1,64,AÇIK OTOPARK,0,0,08:00-18:30
2026-08-19T17:01:59.271365+00:00,2026-08-19T20:01:59.271365+03:00,3306,Kabataş Transfer Merkezi Turizm Otobüs Otoparkı,BEYOĞLU,41.0336,28.9923,160,12,148,KAPALI OTOPARK,1,20,24 Saat
2026-08-19T17:01:59.271365+00:00,2026-08-19T20:01:59.271365+03:00,2918,Kadıköy Hasanpaşa Gazhane Katlı Otoparkı,KADIKÖY,40.9972,29.0428,310,179,131,KAPALI OTOPARK,1,15,24 Saat
2026-08-19T17:01:59.271365+00:00,2026-08-19T20:01:59.271365+03:00,1447,Kadıköy İski Açık Otoparkı,KADIKÖY,40.9874,29.0207,124,5,119,AÇIK OTOPARK,1,15,24 Saat
2026-08-19T17:01:59.271365+00:00,2026-08-19T20:01:59.271365+03:00,1655,Kadıköy Metro Açık Otoparkı,KADIKÖY,40.9899,29.0217,74,0,74,AÇIK OTOPARK,1,15,24 Saat
2026-08-19T17:01:59.271365+00:00,2026-08-19T20:01:59.271365+03:00,3445,Kadıköy Uzunçayır PD Açık Otoparkı,KADIKÖY,40.9982,29.0569,70,40,30,AÇIK OTOPARK,0,15,06:30-16:30
2026-08-19T17:01:59.271365+00:00,2026-08-19T20:01:59.271365+03:00,2808,Kadıköy Yeni Salı Pazarı PD Katlı Otoparkı,KADIKÖY,40.9969,29.0486,1350,693,657,KAPALI OTOPARK,1,15,24 Saat
2026-08-19T17:01:59.271365+00:00,2026-08-19T20:01:59.271365+03:00,2811,Kağıthane Harmantepe Zemin Altı Otoparkı,KAĞITHANE,41.0816,28.9907,200,0,200,KAPALI OTOPARK,1,0,24 Saat
2026-08-19T17:01:59.271365+00:00,2026-08-19T20:01:59.271365+03:00,1452,Kalamış Açık Otoparkı,KADIKÖY,40.9687,29.0363,173,29,144,AÇIK OTOPARK,1,15,24 Saat
2026-08-19T17:01:59.271365+00:00,2026-08-19T20:01:59.271365+03:00,1474,Kartal Hasan Doğan Spor Kompleksi,KARTAL,40.8918,29.1897,773,0,773,KAPALI OTOPARK,1,15,24 Saat
2026-08-19T17:01:59.271365+00:00,2026-08-19T20:01:59.271365+03:00,1105,Kartal İdo Açık Otoparkı,KARTAL,40.8874,29.1881,90,0,90,AÇIK OTOPARK,1,15,24 Saat
2026-08-19T17:01:59.271365+00:00,2026-08-19T20:01:59.271365+03:00,1550,Kartal Sahil Açık Otoparkı,KARTAL,40.8875,29.1901,75,26,49,AÇIK OTOPARK,1,5,24 Saat
2026-08-19T17:01:59.271365+00:00,2026-08-19T20:01:59.271365+03:00,3434,Kasımpaşa Sosyal Tesisler Otoparkı,BEYOĞLU,41.0296,28.9673,60,37,23,AÇIK OTOPARK,1,0,07:30-23:00
2026-08-19T17:01:59.271365+00:00,2026-08-19T20:01:59.271365+03:00,1960,Kazlıçeşme Marmaray Açık Otoparkı,ZEYTİNBURNU,40.9922,28.917,700,565,135,AÇIK OTOPARK,1,15,24 Saat
2026-08-19T17:01:59.271365+00:00,2026-08-19T20:01:59.271365+03:00,2994,Kirazlı Metro Durağı PD Açık Otoparkı,BAĞCILAR,41.033,28.8429,112,0,112,AÇIK OTOPARK,1,5,24 Saat
2026-08-19T17:01:59.271365+00:00,2026-08-19T20:01:59.271365+03:00,1528,Kore Şehitleri Caddesi - Yüzbaşı Kaya Aldağon Sokak 1,ŞİŞLİ,41.0719,29.0139,40,1,39,YOL ÜSTÜ,0,15,07:00-16:00
2026-08-19T17:01:59.271365+00:00,2026-08-19T20:01:59.271365+03:00,2449,Kozyatağı Sebze-Meyve Hali,ATAŞEHİR,40.9787,29.1029,1500,1500,0,AÇIK OTOPARK,1,0,24 Saat
2026-08-19T17:01:59.271365+00:00,2026-08-19T20:01:59.271365+03:00,1206,Kutlugün Sokak 2,FATİH,41.0061,28.9801,200,1,199,YOL ÜSTÜ,0,0,08:00-18:00
2026-08-19T17:01:59.271365+00:00,2026-08-19T20:01:59.271365+03:00,3074,Küçük Çamlıca,ÜSKÜDAR,41.0204,29.0653,129,105,24,AÇIK OTOPARK,1,0,08:00-22:00
2026-08-19T17:01:59.271365+00:00,2026-08-19T20:01:59.271365+03:00,3127,Küçükçekmece Cennet Mahallesi Meydan Zemin Altı Otoparkı,KÜÇÜKÇEKMECE,40.9907,28.783,456,0,456,KAPALI OTOPARK,1,10,24 Saat
2026-08-19T17:01:59.271365+00:00,2026-08-19T20:01:59.271365+03:00,2554,Küçükçekmece Fevzi Çakmak Meydanı Zemin Altı Otoparkı,KÜÇÜKÇEKMECE,41.0076,28.7927,1000,496,504,KAPALI OTOPARK,1,10,24 Saat
2026-08-19T17:01:59.271365+00:00,2026-08-19T20:01:59.271365+03:00,2882,Küçüksu Kasrı Açık Otoparkı,BEYKOZ,41.0789,29.0657,98,91,7,AÇIK OTOPARK,1,0,07:00-23:00
2026-08-19T17:01:59.271365+00:00,2026-08-19T20:01:59.271365+03:00,220,Levent Hamidiye,BEŞİKTAŞ,41.0861,29.0076,100,1,99,AÇIK OTOPARK,0,0,08:00-19:00
2026-08-19T17:01:59.271365+00:00,2026-08-19T20:01:59.271365+03:00,1138,Levent Metro Yer Altı Otoparkı,BEŞİKTAŞ,41.0811,29.0105,100,100,0,AÇIK OTOPARK,0,5,07:30-19:30
2026-08-19T17:01:59.271365+00:00,2026-08-19T20:01:59.271365+03:00,2335,Maçka Açık Otoparkı,ŞİŞLİ,41.046,28.9908,75,72,3,AÇIK OTOPARK,1,0,24 Saat
2026-08-19T17:01:59.271365+00:00,2026-08-19T20:01:59.271365+03:00,1859,Maçka Katlı Otoparkı,ŞİŞLİ,41.0484,28.9903,508,0,508,KAPALI OTOPARK,1,0,24 Saat
2026-08-19T17:01:59.271365+00:00,2026-08-19T20:01:59.271365+03:00,3193,Maltepe Rıhtım Caddesi Açık Otoparkı,MALTEPE,40.9258,29.1241,76,1,75,AÇIK OTOPARK,1,0,24 Saat
2026-08-19T17:01:59.271365+00:00,2026-08-19T20:01:59.271365+03:00,2146,Maltepe Süreyyapaşa Çarşısı Açık Otoparkı,MALTEPE,40.9274,29.1225,156,8,148,AÇIK OTOPARK,1,0,24 Saat
2026-08-19T17:01:59.271365+00:00,2026-08-19T20:01:59.271365+03:00,1599,Maslak Açık Otoparkı,SARIYER,41.1166,29.024,150,120,30,AÇIK OTOPARK,1,10,24 Saat
2026-08-19T17:01:59.271365+00:00,2026-08-19T20:01:59.271365+03:00,2100,Matbaacılar Sitesi Yanı,ZEYTİNBURNU,41.0234,28.9187,250,199,51,AÇIK OTOPARK,1,5,24 Saat
2026-08-19T17:01:59.271365+00:00,2026-08-19T20:01:59.271365+03:00,920,Meclis-i Mebusan Yokuşu 2,BEYOĞLU,41.0326,28.9882,34,1,33,YOL ÜSTÜ,0,15,09:00-17:00
2026-08-19T17:01:59.271365+00:00,2026-08-19T20:01:59.271365+03:00,1546,Menekşe Plajı Açık Otoparkı,BAKIRKÖY,40.9761,28.7766,200,198,2,AÇIK OTOPARK,1,0,24 Saat
2026-08-19T17:01:59.271365+00:00,2026-08-19T20:01:59.271365+03:00,1376,Mercan Açık,FATİH,41.0136,28.9669,130,113,17,AÇIK OTOPARK,1,0,08:00-23:00
2026-08-19T17:01:59.271365+00:00,2026-08-19T20:01:59.271365+03:00,3309,Mercan Ali Paşa Sarayı Zemin Altı Otoparkı,FATİH,41.0136,28.967,196,1,195,KAPALI OTOPARK,1,0,07:00-21:00
2026-08-19T17:01:59.271365+00:00,2026-08-19T20:01:59.271365+03:00,1472,Merter Katlı Otoparkı,GÜNGÖREN,41.0092,28.8874,1000,898,102,KAPALI OTOPARK,1,10,24 Saat
2026-08-19T17:01:59.271365+00:00,2026-08-19T20:01:59.271365+03:00,2375,Merter Metro PD Zeminaltı Otoparkı,GÜNGÖREN,41.0037,28.8897,242,87,155,KAPALI OTOPARK,1,10,24 Saat
2026-08-19T17:01:59.271365+00:00,2026-08-19T20:01:59.271365+03:00,1568,Mete Caddesi 1,BEYOĞLU,41.0382,28.9879,31,1,30,YOL ÜSTÜ,1,15,08:00-23:00
2026-08-19T17:01:59.271365+00:00,2026-08-19T20:01:59.271365+03:00,1471,Mevlana Yeraltı Katlı Otoparkı,ZEYTİNBURNU,41.0072,28.9049,1000,878,122,KAPALI OTOPARK,1,5,24 Saat
2026-08-19T17:01:59.271365+00:00,2026-08-19T20:01:59.271365+03:00,2709,Millet Caddesi Açık Otoparkı,FATİH,41.01,28.9461,60,1,59,AÇIK OTOPARK,1,15,24 Saat
2026-08-19T17:01:59.271365+00:00,2026-08-19T20:01:59.271365+03:00,3152,Mimar Sinan Zemin Altı Otoparkı,ÜSKÜDAR,41.0222,29.0169,956,145,811,KAPALI OTOPARK,1,15,24 Saat
2026-08-19T17:01:59.271365+00:00,2026-08-19T20:01:59.271365+03:00,2870,Miniatürk Çadır Açık Otoparkı,BEYOĞLU,41.0594,28.9501,250,198,52,AÇIK OTOPARK,0,15,07:00-20:00
2026-08-19T17:01:59.271365+00:00,2026-08-19T20:01:59.271365+03:00,2556,Muallim Naci Açık Otoparkı,BEŞİKTAŞ,41.0561,29.0342,35,16,19,AÇIK OTOPARK,1,15,24 Saat
2026-08-19T17:01:59.271365+00:00,2026-08-19T20:01:59.271365+03:00,569,Oda Kule Önü 1,BEYOĞLU,41.0322,28.9751,24,1,23,YOL ÜSTÜ,1,0,07:00-01:00
2026-08-19T17:01:59.271365+00:00,2026-08-19T20:01:59.271365+03:00,1988,Orhangazi Şehir Parkı PD Açık Otoparkı,MALTEPE,40.9313,29.1161,5022,3393,1629,AÇIK OTOPARK,1,15,24 Saat
2026-08-19T17:01:59.271365+00:00,2026-08-19T20:01:59.271365+03:00,152,Ortabahçe Caddesi 2,BEŞİKTAŞ,41.0428,29.0043,35,1,34,YOL ÜSTÜ,1,15,08:00-23:00
2026-08-19T17:01:59.271365+00:00,2026-08-19T20:01:59.271365+03:00,153,Ortabahçe Caddesi 3,BEŞİKTAŞ,41.043,29.0042,26,1,25,YOL ÜSTÜ,1,15,08:00-23:00
2026-08-19T17:01:59.271365+00:00,2026-08-19T20:01:59.271365+03:00,119,Ortaklar Caddesi 1,ŞİŞLİ,41.0638,28.9971,25,1,24,YOL ÜSTÜ,0,15,08:30-17:00
2026-08-19T17:01:59.271365+00:00,2026-08-19T20:01:59.271365+03:00,1343,Ortaköy Açık Otoparkı,BEŞİKTAŞ,41.0504,29.0326,170,126,44,AÇIK OTOPARK,1,0,24 Saat
2026-08-19T17:01:59.271365+00:00,2026-08-19T20:01:59.271365+03:00,572,Ortaköy Portakal Yokuşu 1,BEŞİKTAŞ,41.0503,29.0261,15,15,0,YOL ÜSTÜ,0,15,09:00-19:00
2026-08-19T17:01:59.271365+00:00,2026-08-19T20:01:59.271365+03:00,1039,Öğretmen Evi,AVCILAR,40.9723,28.714,80,42,38,AÇIK OTOPARK,1,0,11:00-23:00
2026-08-19T17:01:59.271365+00:00,2026-08-19T20:01:59.271365+03:00,1466,Pendik Katlı Otoparkı,PENDİK,40.8789,29.2342,120,0,120,KAPALI OTOPARK,1,15,24 Saat
2026-08-19T17:01:59.271365+00:00,2026-08-19T20:01:59.271365+03:00,3073,Pendik Kemal Kalkuz Parkı Zemin Altı Otoparkı,PENDİK,40.8885,29.2427,224,0,224,KAPALI OTOPARK,0,0,09:00-18:00
2026-08-19T17:01:59.271365+00:00,2026-08-19T20:01:59.271365+03:00,3019,Pendik Meydan Zemin Altı Otoparkı,PENDİK,40.8752,29.2324,937,0,937,KAPALI OTOPARK,1,0,24 Saat
2026-08-19T17:01:59.271365+00:00,2026-08-19T20:01:59.271365+03:00,2865,Pendik Sahil Engelliler Merkez Önü,PENDİK,40.8735,29.233,100,66,34,AÇIK OTOPARK,0,0,11:00-20:00
2026-08-19T17:01:59.271365+00:00,2026-08-19T20:01:59.271365+03:00,2434,Pendik Sahil İdo,PENDİK,40.8755,29.2369,100,0,100,AÇIK OTOPARK,1,0,07:00-23:00
2026-08-19T17:01:59.271365+00:00,2026-08-19T20:01:59.271365+03:00,248,Pendik Yenimahalle Açık 2 Otoparkı,PENDİK,40.864,29.2723,124,94,30,AÇIK OTOPARK,1,15,10:00-22:00
2026-08-19T17:01:59.271365+00:00,2026-08-19T20:01:59.271365+03:00,297,Perşembe Pazarı 1,BEYOĞLU,41.0252,28.9693,32,1,31,YOL ÜSTÜ,0,15,08:00-17:00
2026-08-19T17:01:59.271365+00:00,2026-08-19T20:01:59.271365+03:00,597,Pierre Loti Caddesi 3,FATİH,41.0069,28.9711,36,1,35,YOL ÜSTÜ,0,0,07:00-17:00
2026-08-19T17:01:59.271365+00:00,2026-08-19T20:01:59.271365+03:00,3263,Piyalepaşa Meydanı Zemin Altı Otoparkı,BEYOĞLU,41.0445,28.9674,560,246,314,KAPALI OTOPARK,1,0,24 Saat
2026-08-19T17:01:59.271365+00:00,2026-08-19T20:01:59.271365+03:00,1900,Ragıp Gümüşpala Cad.(Sobacılar Önü),FATİH,41.0181,28.969,40,1,39,YOL ÜSTÜ,0,15,07:00-18:00
2026-08-19T17:01:59.271365+00:00,2026-08-19T20:01:59.271365+03:00,415,Ragıp Gümüşpala Camii Önü 1,FATİH,41.0211,28.9627,35,1,34,YOL ÜSTÜ,0,0,07:00-17:30
2026-08-19T17:01:59.271365+00:00,2026-08-19T20:01:59.271365+03:00,3268,Refik Saydam Caddesi 3,BEYOĞLU,41.032,28.9736,55,1,54,YOL ÜSTÜ,1,0,06:00-23:00
2026-08-19T17:01:59.271365+00:00,2026-08-19T20:01:59.271365+03:00,2307,Ressam Halim Sokak PD Açık Otoparkı,BAHÇELİEVLER,40.9967,28.8641,120,99,21,AÇIK OTOPARK,1,15,08:00-00:00
2026-08-19T17:01:59.271365+00:00,2026-08-19T20:01:59.271365+03:00,3082,Rumeli Hisarı Sahil Yolu Otoparkı,SARIYER,41.0854,29.0568,20,0,20,AÇIK OTOPARK,1,0,24 Saat
2026-08-19T17:01:59.271365+00:00,2026-08-19T20:01:59.271365+03:00,1595,Sabiha Gökçen Açık Otoparkı,PENDİK,40.925,29.308,1056,211,845,AÇIK OTOPARK,1,15,24 Saat
2026-08-19T17:01:59.271365+00:00,2026-08-19T20:01:59.271365+03:00,3239,Samatya Sahil Cep Otoparkı,FATİH,40.9954,28.932,113,87,26,AÇIK OTOPARK,1,15,24 Saat
2026-08-19T17:01:59.271365+00:00,2026-08-19T20:01:59.271365+03:00,3273,Sarıyer Büyükdere Fidanlığı,SARIYER,41.1548,29.0268,160,154,6,AÇIK OTOPARK,0,0,08:00-18:00
2026-08-19T17:01:59.271365+00:00,2026-08-19T20:01:59.271365+03:00,3299,Sariyer Ayazağa Mah Vadi İstanbul Önü Açık Otoparkı,SARIYER,41.1106,28.9881,100,96,4,AÇIK OTOPARK,0,0,08:00-20:00
2026-08-19T17:01:59.271365+00:00,2026-08-19T20:01:59.271365+03:00,1303,Seyrantepe Katlı (Arena Karşısı) 1,KAĞITHANE,41.101,28.9961,1897,1897,0,KAPALI OTOPARK,1,0,24 Saat
2026-08-19T17:01:59.271365+00:00,2026-08-19T20:01:59.271365+03:00,1628,Sıracevizler Caddesi Yol Üstü 5,ŞİŞLİ,41.0607,28.9841,45,1,44,YOL ÜSTÜ,0,15,09:00-17:00
2026-08-19T17:01:59.271365+00:00,2026-08-19T20:01:59.271365+03:00,464,Sirkeci Gar Önü,FATİH,41.015,28.9761,60,1,59,AÇIK OTOPARK,0,5,07:00-20:00
2026-08-19T17:01:59.271365+00:00,2026-08-19T20:01:59.271365+03:00,1486,Siyavuşpaşa Yer Altı Otoparkı,BAHÇELİEVLER,40.9965,28.8532,155,0,155,KAPALI OTOPARK,1,0,24 Saat
2026-08-19T17:01:59.271365+00:00,2026-08-19T20:01:59.271365+03:00,1958,Soğanlık Metro PD Açık Otoparkı,KARTAL,40.9131,29.1925,898,854,44,AÇIK OTOPARK,1,15,24 Saat
2026-08-19T17:01:59.271365+00:00,2026-08-19T20:01:59.271365+03:00,589,Su Terazisi Sokak,FATİH,41.0046,28.9727,22,1,21,YOL ÜSTÜ,0,0,07:30-17:00
2026-08-19T17:01:59.271365+00:00,2026-08-19T20:01:59.271365+03:00,1478,Suadiye Cep Açık Otoparkı,KADIKÖY,40.9586,29.0732,130,26,104,AÇIK OTOPARK,1,15,24 Saat
2026-08-19T17:01:59.271365+00:00,2026-08-19T20:01:59.271365+03:00,2948,Suadiye Sahil Açık Otoparkı,KADIKÖY,40.9562,29.0797,70,0,70,AÇIK OTOPARK,1,5,24 Saat
2026-08-19T17:01:59.271365+00:00,2026-08-19T20:01:59.271365+03:00,2799,Sultanbeyli Emir Caddesi Zemin Altı Otoparkı,SULTANBEYLİ,40.9707,29.2606,130,114,16,KAPALI OTOPARK,1,15,08:00-22:00
2026-08-19T17:01:59.271365+00:00,2026-08-19T20:01:59.271365+03:00,2372,Sultanbeyli Kent Meydanı Zemin Altı Otoparkı,SULTANBEYLİ,40.9667,29.2667,300,167,133,KAPALI OTOPARK,1,15,24 Saat
2026-08-19T17:01:59.271365+00:00,2026-08-19T20:01:59.271365+03:00,2410,Sultangazi Zemin Altı Otoparkı,SULTANGAZİ,41.0944,28.8649,104,0,104,KAPALI OTOPARK,1,10,24 Saat
2026-08-19T17:01:59.271365+00:00,2026-08-19T20:01:59.271365+03:00,2085,Süleyman Seba Caddesi 2,BEŞİKTAŞ,41.0426,28.9998,40,1,39,YOL ÜSTÜ,0,15,08:00-18:00
2026-08-19T17:01:59.271365+00:00,2026-08-19T20:01:59.271365+03:00,2088,Süleyman Seba Caddesi 5,BEŞİKTAŞ,41.0432,28.9978,40,1,39,YOL ÜSTÜ,0,15,08:00-18:00
2026-08-19T17:01:59.271365+00:00,2026-08-19T20:01:59.271365+03:00,2089,Süleyman Seba Caddesi 6,BEŞİKTAŞ,41.0435,28.9967,11,1,10,YOL ÜSTÜ,0,15,08:00-18:00
2026-08-19T17:01:59.271365+00:00,2026-08-19T20:01:59.271365+03:00,2391,Süleymaniye Cami Altı Açık Otoparkı,FATİH,41.0158,28.961,250,233,17,AÇIK OTOPARK,0,0,06:30-18:30
2026-08-19T17:01:59.271365+00:00,2026-08-19T20:01:59.271365+03:00,1730,Sütlüce Miniatürk Yanı,BEYOĞLU,41.057,28.95,320,239,81,AÇIK OTOPARK,1,15,24 Saat
2026-08-19T17:01:59.271365+00:00,2026-08-19T20:01:59.271365+03:00,36,Şakayık Sokak 4,ŞİŞLİ,41.0518,28.9936,50,1,49,YOL ÜSTÜ,0,15,08:00-16:00
2026-08-19T17:01:59.271365+00:00,2026-08-19T20:01:59.271365+03:00,1469,Şehit Volkan Duysak Katlı Otoparkı,ZEYTİNBURNU,40.9968,28.9039,1000,678,322,KAPALI OTOPARK,1,5,24 Saat
2026-08-19T17:01:59.271365+00:00,2026-08-19T20:01:59.271365+03:00,2385,Şehremini Açık Otoparkı 1,FATİH,41.0135,28.9333,60,1,59,AÇIK OTOPARK,1,0,08:30-20:30
2026-08-19T17:01:59.271365+00:00,2026-08-19T20:01:59.271365+03:00,2855,Şemsipaşa Açık Otoparkı,ÜSKÜDAR,41.0255,29.0097,80,35,45,AÇIK OTOPARK,1,0,24 Saat
2026-08-19T17:01:59.271365+00:00,2026-08-19T20:01:59.271365+03:00,2439,Şirinevler Meydan Zeminaltı Otoparkı,BAHÇELİEVLER,40.9925,28.8496,367,79,288,KAPALI OTOPARK,1,0,24 Saat
2026-08-19T17:01:59.271365+00:00,2026-08-19T20:01:59.271365+03:00,3400,Şişhane Refik Saydam Caddesi 2 Yol Üstü Otoparkı 1,BEYOĞLU,41.0326,28.9743,70,1,69,YOL ÜSTÜ,1,15,06:00-23:00
2026-08-19T17:01:59.271365+00:00,2026-08-19T20:01:59.271365+03:00,3441,Şişli Kuştepe Zemin Altı Otoparkı,ŞİŞLİ,41.072,28.9919,430,303,127,KAPALI OTOPARK,1,15,24 Saat
2026-08-19T17:01:59.271365+00:00,2026-08-19T20:01:59.271365+03:00,2816,Şişli Rumeli Caddesi Metro Yanı 1,ŞİŞLİ,41.0538,28.9868,45,1,44,YOL ÜSTÜ,0,15,08:00-20:00
2026-08-19T17:01:59.271365+00:00,2026-08-19T20:01:59.271365+03:00,2406,Şişli Zemin Altı Otoparkı,ŞİŞLİ,41.0641,28.9992,581,230,351,KAPALI OTOPARK,1,15,24 Saat
2026-08-19T17:01:59.271365+00:00,2026-08-19T20:01:59.271365+03:00,1993,Tuzla İdo,TUZLA,40.8149,29.3039,300,95,205,AÇIK OTOPARK,1,15,24 Saat
2026-08-19T17:01:59.271365+00:00,2026-08-19T20:01:59.271365+03:00,3332,Tuzla Sahil Cep,TUZLA,40.8168,29.2992,50,38,12,AÇIK OTOPARK,1,0,08:00-00:00
2026-08-19T17:01:59.271365+00:00,2026-08-19T20:01:59.271365+03:00,3057,Tuzla Sahil Zemin Altı Otoparkı,TUZLA,40.8181,29.3004,779,1,778,KAPALI OTOPARK,1,15,24 Saat
2026-08-19T17:01:59.271365+00:00,2026-08-19T20:01:59.271365+03:00,1811,Ulu Camii Açık Otoparkı,BAHÇELİEVLER,40.9982,28.8499,150,117,33,AÇIK OTOPARK,1,10,24 Saat
2026-08-19T17:01:59.271365+00:00,2026-08-19T20:01:59.271365+03:00,2424,Uzunçayır Açık Otoparkı,KADIKÖY,40.9988,29.0556,58,52,6,AÇIK OTOPARK,0,0,06:00-16:00
2026-08-19T17:01:59.271365+00:00,2026-08-19T20:01:59.271365+03:00,1468,Ümraniye Katlı Otoparkı,ÜMRANİYE,41.0261,29.0953,665,485,180,KAPALI OTOPARK,1,15,24 Saat
2026-08-19T17:01:59.271365+00:00,2026-08-19T20:01:59.271365+03:00,2898,Ümraniye Okan Sokak Zeminaltı Otoparkı,ÜMRANİYE,41.0284,29.0907,125,24,101,KAPALI OTOPARK,1,15,24 Saat
2026-08-19T17:01:59.271365+00:00,2026-08-19T20:01:59.271365+03:00,2345,Üsküdar Uzunçayır PD Açık Otoparkı,ÜSKÜDAR,40.9988,29.0577,90,79,11,AÇIK OTOPARK,1,15,06:00-22:00
2026-08-19T17:01:59.271365+00:00,2026-08-19T20:01:59.271365+03:00,1929,Üsküdar Ünalan Açık Otoparkı,ÜSKÜDAR,40.9979,29.0604,180,175,5,AÇIK OTOPARK,0,0,07:00-17:00
2026-08-19T17:01:59.271365+00:00,2026-08-19T20:01:59.271365+03:00,1487,Vatan Caddesi PD Açık Otoparkı,FATİH,41.0157,28.9405,397,328,69,AÇIK OTOPARK,1,5,24 Saat
2026-08-19T17:01:59.271365+00:00,2026-08-19T20:01:59.271365+03:00,2441,Yalı Açık Otoparkı,MALTEPE,40.9095,29.137,85,82,3,AÇIK OTOPARK,1,0,07:30-22:00
2026-08-19T17:01:59.271365+00:00,2026-08-19T20:01:59.271365+03:00,459,Yalı Köşkü Caddesi 1,FATİH,41.0163,28.9759,61,1,60,YOL ÜSTÜ,1,5,07:00-21:00
2026-08-19T17:01:59.271365+00:00,2026-08-19T20:01:59.271365+03:00,2037,Yenikapı Marmaray Büyük Otoparkı,FATİH,41.0057,28.9505,324,180,144,AÇIK OTOPARK,1,15,24 Saat
2026-08-19T17:01:59.271365+00:00,2026-08-19T20:01:59.271365+03:00,2036,Yenikapı Marmaray Küçük Otoparkı,FATİH,41.0064,28.9504,200,179,21,AÇIK OTOPARK,1,15,07:00-22:00
2026-08-19T17:01:59.271365+00:00,2026-08-19T20:01:59.271365+03:00,2175,Yenikapı Spor ve Kültür Merkezi PD Açık Otoparkı,FATİH,41.0006,28.9519,4023,3791,232,AÇIK OTOPARK,1,15,24 Saat
2026-08-19T17:01:59.271365+00:00,2026-08-19T20:01:59.271365+03:00,2805,Yenikapı Tünel Üstü Açık Otoparkı,FATİH,41.0029,28.9534,700,549,151,AÇIK OTOPARK,1,10,24 Saat
2026-08-19T17:01:59.271365+00:00,2026-08-19T20:01:59.271365+03:00,3404,Yenimahalle Metro Zemin Altı PD Otoparkı,GAZİOSMANPAŞA,41.0839,28.8926,114,100,14,KAPALI OTOPARK,1,15,24 Saat
2026-08-19T17:01:59.271365+00:00,2026-08-19T20:01:59.271365+03:00,2920,Yeşilce Zemin Altı Katlı Otoparkı,KAĞITHANE,41.0938,29.0017,676,48,628,KAPALI OTOPARK,1,0,24 Saat
2026-08-19T17:01:59.271365+00:00,2026-08-19T20:01:59.271365+03:00,987,Yeşilköy İstasyon Caddesi 1,BAKIRKÖY,40.962,28.825,40,1,39,YOL ÜSTÜ,0,15,09:00-17:30
2026-08-19T17:01:59.271365+00:00,2026-08-19T20:01:59.271365+03:00,974,Yeşilköy Marina 1,BAKIRKÖY,40.9576,28.8233,145,1,144,YOL ÜSTÜ,1,0,12:00-23:00
2026-08-19T17:01:59.271365+00:00,2026-08-19T20:01:59.271365+03:00,3406,Yeşilpınar Metro Zemin Altı PD Otoparkı,EYÜP,41.081,28.9204,269,197,72,KAPALI OTOPARK,1,15,24 Saat
2026-08-19T17:01:59.271365+00:00,2026-08-19T20:01:59.271365+03:00,315,Yeşilyurt Çarşı 1,BAKIRKÖY,40.9643,28.8379,50,1,49,YOL ÜSTÜ,0,15,09:00-17:30
2026-08-19T17:01:59.271365+00:00,2026-08-19T20:01:59.271365+03:00,1133,Yıldız Korusu,BEŞİKTAŞ,41.0514,29.0165,500,1,499,AÇIK OTOPARK,1,0,08:00-22:00
2026-08-19T17:01:59.271365+00:00,2026-08-19T20:01:59.271365+03:00,882,Zeytinburnu 58. Bulvar 2,ZEYTİNBURNU,40.9932,28.9039,48,1,47,YOL ÜSTÜ,0,15,09:00-18:00
2026-08-19T17:01:59.271365+00:00,2026-08-19T20:01:59.271365+03:00,3185,Zeytinburnu Sahil Cep Otoparkı,ZEYTİNBURNU,40.9798,28.8985,160,1,159,AÇIK OTOPARK,1,0,12:00-22:00
2026-08-19T18:48:25.797808+00:00,2026-08-19T21:48:25.797808+03:00,3068,15 Temmuz Şehitler Meydanı Zeminaltı Otoparkı,ÜMRANİYE,41.0246,29.0915,1029,556,473,KAPALI OTOPARK,1,15,24 Saat
2026-08-19T18:48:25.797808+00:00,2026-08-19T21:48:25.797808+03:00,2338,19 Mayıs Açık,ŞİŞLİ,41.0563,28.9941,65,0,65,AÇIK OTOPARK,1,0,24 Saat
2026-08-19T18:48:25.797808+00:00,2026-08-19T21:48:25.797808+03:00,1751,4.Levent PD Açık Otoparkı,KAĞITHANE,41.0836,29.0081,236,148,88,AÇIK OTOPARK,1,5,24 Saat
2026-08-19T18:48:25.797808+00:00,2026-08-19T21:48:25.797808+03:00,3328,4.Levent Servis ve Turizm Araçları Açık Otoparkı,ŞİŞLİ,41.0841,29.0054,300,158,142,AÇIK OTOPARK,1,15,24 Saat
2026-08-19T18:48:25.797808+00:00,2026-08-19T21:48:25.797808+03:00,3412,5. Levent Gaziosmanpaşa Adliyesi Yanı Açık Otoparkı,EYÜP,41.0927,28.9494,250,243,7,AÇIK OTOPARK,1,15,07:00-23:00
2026-08-19T18:48:25.797808+00:00,2026-08-19T21:48:25.797808+03:00,104,Abide-i Hürriyet Caddesi 5,ŞİŞLİ,41.0619,28.9876,40,1,39,YOL ÜSTÜ,0,15,08:00-17:00
2026-08-19T18:48:25.797808+00:00,2026-08-19T21:48:25.797808+03:00,2452,Acıbadem Açık Otoparkı,ÜSKÜDAR,41.0157,29.0574,100,86,14,AÇIK OTOPARK,0,0,06:30-16:00
2026-08-19T18:48:25.797808+00:00,2026-08-19T21:48:25.797808+03:00,346,Ada Karşısı Cep 2,BEŞİKTAŞ,41.072,29.045,30,1,29,YOL ÜSTÜ,1,15,08:00-23:00
2026-08-19T18:48:25.797808+00:00,2026-08-19T21:48:25.797808+03:00,1663,Akasyalı Sokak Tenis Kulubü Önü 2,BEŞİKTAŞ,41.0867,29.0109,45,1,44,YOL ÜSTÜ,0,15,08:30-17:30
2026-08-19T18:48:25.797808+00:00,2026-08-19T21:48:25.797808+03:00,828,Akdeniz Caddesi 4,FATİH,41.0175,28.9435,27,1,26,YOL ÜSTÜ,0,15,09:00-18:00
2026-08-19T18:48:25.797808+00:00,2026-08-19T21:48:25.797808+03:00,1913,Alibeyköy Cep Otogarı Açık Otoparkı,EYÜP,41.0879,28.9446,116,0,116,AÇIK OTOPARK,1,25,24 Saat
2026-08-19T18:48:25.797808+00:00,2026-08-19T21:48:25.797808+03:00,1912,Alibeyköy Cep Otogarı Otobüs Otoparkı,EYÜP,41.0875,28.9449,5000,1,4999,AÇIK OTOPARK,1,60,24 Saat
2026-08-19T18:48:25.797808+00:00,2026-08-19T21:48:25.797808+03:00,2562,Alibeyköy Yeşiltepe Zemin Altı Otoparkı,EYÜP,41.0797,28.938,159,54,105,KAPALI OTOPARK,1,15,24 Saat
2026-08-19T18:48:25.797808+00:00,2026-08-19T21:48:25.797808+03:00,3201,Altınboynuz Sosyal Tesisleri,EYÜP,41.058,28.9447,70,70,0,AÇIK OTOPARK,1,15,08:00-23:00
2026-08-19T18:48:25.797808+00:00,2026-08-19T21:48:25.797808+03:00,758,Arap Camii Açık Otoparkı,BEYOĞLU,41.0227,28.9723,30,1,29,AÇIK OTOPARK,0,0,09:00-17:00
2026-08-19T18:48:25.797808+00:00,2026-08-19T21:48:25.797808+03:00,1963,Aras Sokak 1,BÜYÜKÇEKMECE,41.0226,28.622,60,1,59,YOL ÜSTÜ,0,0,06:00-14:30
2026-08-19T18:48:25.797808+00:00,2026-08-19T21:48:25.797808+03:00,2802,Arnavutköy Zemin Altı Otoparkı,ARNAVUTKÖY,41.1838,28.7396,700,23,677,KAPALI OTOPARK,1,15,24 Saat
2026-08-19T18:48:25.797808+00:00,2026-08-19T21:48:25.797808+03:00,1797,Ataköy Atrium AVM,BAKIRKÖY,40.9881,28.8459,250,229,21,AÇIK OTOPARK,1,15,08:00-23:00
2026-08-19T18:48:25.797808+00:00,2026-08-19T21:48:25.797808+03:00,2824,Ataköy Metro Durağı Yanı PD Zemin Altı Otoparkı,BAKIRKÖY,40.9904,28.8456,150,89,61,KAPALI OTOPARK,1,0,24 Saat
2026-08-19T18:48:25.797808+00:00,2026-08-19T21:48:25.797808+03:00,359,Atatürk Bulvarı 1,FATİH,41.0112,28.9534,20,1,19,YOL ÜSTÜ,0,0,07:30-18:00
2026-08-19T18:48:25.797808+00:00,2026-08-19T21:48:25.797808+03:00,3087,Atatürk Kent Ormanı Otoparkı,SARIYER,41.136,29.0262,200,197,3,AÇIK OTOPARK,0,0,08:00-17:00
2026-08-19T18:48:25.797808+00:00,2026-08-19T21:48:25.797808+03:00,1088,Avcılar İdo,AVCILAR,40.9712,28.7185,270,260,10,AÇIK OTOPARK,1,0,13:00-07:00
2026-08-19T18:48:25.797808+00:00,2026-08-19T21:48:25.797808+03:00,2885,Azapkapı Haliç Metro Otoparkı,ŞİŞLİ,41.0245,28.9691,80,23,57,AÇIK OTOPARK,1,5,24 Saat
2026-08-19T18:48:25.797808+00:00,2026-08-19T21:48:25.797808+03:00,2455,Azerbaycan Dostluk Parkı Zemin Altı Otoparkı,BAĞCILAR,41.0444,28.854,400,153,247,KAPALI OTOPARK,1,10,24 Saat
2026-08-19T18:48:25.797808+00:00,2026-08-19T21:48:25.797808+03:00,2965,Bağcılar Çolakoğlu Zemin Altı Otoparkı,BAĞCILAR,41.0324,28.8345,106,0,106,KAPALI OTOPARK,1,5,24 Saat
2026-08-19T18:48:25.797808+00:00,2026-08-19T21:48:25.797808+03:00,2576,Bağcılar Demirkapı Zemin Altı Otoparkı,BAĞCILAR,41.0499,28.8327,343,166,177,KAPALI OTOPARK,1,5,24 Saat
2026-08-19T18:48:25.797808+00:00,2026-08-19T21:48:25.797808+03:00,3036,Bağcılar Devlet Hastanesi Yanı Zeminaltı Otoparkı,BAĞCILAR,41.0312,28.8696,1133,115,1018,KAPALI OTOPARK,1,15,24 Saat
2026-08-19T18:48:25.797808+00:00,2026-08-19T21:48:25.797808+03:00,3071,Bağcılar Emniyet Müdürlüğü Yanı Açık Otoparkı,BAĞCILAR,41.0353,28.8598,100,44,56,AÇIK OTOPARK,1,0,24 Saat
2026-08-19T18:48:25.797808+00:00,2026-08-19T21:48:25.797808+03:00,2873,Bağcılar Göztepe Zemin Altı,BAĞCILAR,41.0567,28.8355,120,0,120,KAPALI OTOPARK,1,5,24 Saat
2026-08-19T18:48:25.797808+00:00,2026-08-19T21:48:25.797808+03:00,3187,Bağcılar Hürriyet Mahallesi Zemin Altı Otoparkı,BAĞCILAR,41.0291,28.8333,355,0,355,KAPALI OTOPARK,1,10,24 Saat
2026-08-19T18:48:25.797808+00:00,2026-08-19T21:48:25.797808+03:00,2916,Bağcılar Kent Meydanı PD Zemin Altı Otoparkı,BAĞCILAR,41.0339,28.8556,1162,0,1162,KAPALI OTOPARK,1,0,24 Saat
2026-08-19T18:48:25.797808+00:00,2026-08-19T21:48:25.797808+03:00,3261,Bağcılar Yenimahalle Zemin Altı Otoparkı,BAĞCILAR,41.0425,28.8395,525,283,242,KAPALI OTOPARK,1,15,24 Saat
2026-08-19T18:48:25.797808+00:00,2026-08-19T21:48:25.797808+03:00,2820,Bağcılar Yıldıztepe Katlı Otoparkı,BAĞCILAR,41.0294,28.8556,350,0,350,KAPALI OTOPARK,1,10,24 Saat
2026-08-19T18:48:25.797808+00:00,2026-08-19T21:48:25.797808+03:00,3447,Bahçelievler 23 Nisan Milli Egemenlik Zeminaltı Otoparkı,BAHÇELİEVLER,40.9988,28.8472,732,447,285,KAPALI OTOPARK,1,10,24 Saat
2026-08-19T18:48:25.797808+00:00,2026-08-19T21:48:25.797808+03:00,2993,Bahçelievler Cumhuriyet Zeminaltı Otoparkı,BAHÇELİEVLER,41.0149,28.859,663,0,663,KAPALI OTOPARK,1,10,24 Saat
2026-08-19T18:48:25.797808+00:00,2026-08-19T21:48:25.797808+03:00,2969,Bahçelievler Devlet Hastanesi Yanı Katlı Otoparkı,BAHÇELİEVLER,41.0072,28.8442,740,0,740,KAPALI OTOPARK,1,0,24 Saat
2026-08-19T18:48:25.797808+00:00,2026-08-19T21:48:25.797808+03:00,3051,Bahçelievler Zafer Mh. Zeminaltı Otoparkı,BAHÇELİEVLER,41.0036,28.8351,200,69,131,KAPALI OTOPARK,1,0,24 Saat
2026-08-19T18:48:25.797808+00:00,2026-08-19T21:48:25.797808+03:00,3236,Bahçeşehir Gölet Açık Otoparkı,BAŞAKŞEHİR,41.0719,28.6901,200,1,199,AÇIK OTOPARK,1,0,12:00-22:00
2026-08-19T18:48:25.797808+00:00,2026-08-19T21:48:25.797808+03:00,1465,Bakırköy İdo Açık Otoparkı,BAKIRKÖY,40.9739,28.8761,160,68,92,AÇIK OTOPARK,1,10,24 Saat
2026-08-19T18:48:25.797808+00:00,2026-08-19T21:48:25.797808+03:00,1104,Balmumcu Katlı Otoparkı,BEŞİKTAŞ,41.0636,29.0109,400,307,93,KAPALI OTOPARK,1,5,24 Saat
2026-08-19T18:48:25.797808+00:00,2026-08-19T21:48:25.797808+03:00,2796,Başakşehir Metro Açık Otoparkı,BAŞAKŞEHİR,41.107,28.801,125,1,124,AÇIK OTOPARK,0,0,07:00-16:00
2026-08-19T18:48:25.797808+00:00,2026-08-19T21:48:25.797808+03:00,2350,Bayrampaşa Adapark Katlı Otoparkı,BAYRAMPAŞA,41.0647,28.8875,650,0,650,KAPALI OTOPARK,1,15,24 Saat
2026-08-19T18:48:25.797808+00:00,2026-08-19T21:48:25.797808+03:00,2892,Bayrampaşa Altıntepsi Zemin  Altı Otoparkı,BAYRAMPAŞA,41.0393,28.9029,110,0,110,KAPALI OTOPARK,1,10,24 Saat
2026-08-19T18:48:25.797808+00:00,2026-08-19T21:48:25.797808+03:00,2909,Bayrampaşa Atatürk Parkı  Zemin Altı Otoparkı,BAYRAMPAŞA,41.0342,28.9123,442,0,442,KAPALI OTOPARK,1,10,24 Saat
2026-08-19T18:48:25.797808+00:00,2026-08-19T21:48:25.797808+03:00,2683,Bayrampaşa Devlet Hastanesi Cep Otoparkı,BAYRAMPAŞA,41.0414,28.9031,55,32,23,AÇIK OTOPARK,0,0,08:00-19:00
2026-08-19T18:48:25.797808+00:00,2026-08-19T21:48:25.797808+03:00,3301,Bayrampaşa Kocatepe Mahallesi Zemin Altı Otoparkı,BAYRAMPAŞA,41.0545,28.8964,241,0,241,KAPALI OTOPARK,1,10,24 Saat
2026-08-19T18:48:25.797808+00:00,2026-08-19T21:48:25.797808+03:00,2053,Bayrampaşa Muratpaşa Yer Altı Otoparkı,BAYRAMPAŞA,41.047,28.9082,300,0,300,KAPALI OTOPARK,1,15,24 Saat
2026-08-19T18:48:25.797808+00:00,2026-08-19T21:48:25.797808+03:00,3175,Bayrampaşa Spor Kompleksi Zemin Altı Otoparkı,BAYRAMPAŞA,41.0446,28.9106,205,0,205,KAPALI OTOPARK,1,15,24 Saat
2026-08-19T18:48:25.797808+00:00,2026-08-19T21:48:25.797808+03:00,3382,Bayrampaşa Şehit Kamil Balkan Zemin Altı Otoparkı,BAYRAMPAŞA,41.0604,28.9008,235,0,235,KAPALI OTOPARK,1,10,24 Saat
2026-08-19T18:48:25.797808+00:00,2026-08-19T21:48:25.797808+03:00,2428,Bayrampaşa Yenidoğan Mahallesi Zemin Altı Otoparkı,BAYRAMPAŞA,41.0395,28.9088,120,0,120,KAPALI OTOPARK,1,10,24 Saat
2026-08-19T18:48:25.797808+00:00,2026-08-19T21:48:25.797808+03:00,2468,Bebek Açık,BEŞİKTAŞ,41.077,29.0434,30,0,30,AÇIK OTOPARK,1,0,24 Saat
2026-08-19T18:48:25.797808+00:00,2026-08-19T21:48:25.797808+03:00,3479,Beşiktaş Halk Pazarı Açık Otoparkı,BEŞİKTAŞ,41.0496,29.0004,170,59,111,AÇIK OTOPARK,1,5,24 Saat
2026-08-19T18:48:25.797808+00:00,2026-08-19T21:48:25.797808+03:00,3257,Beykoz Sahil Cep Otoparkı,BEYKOZ,41.1286,29.0953,100,74,26,AÇIK OTOPARK,1,0,08:00-00:00
2026-08-19T18:48:25.797808+00:00,2026-08-19T21:48:25.797808+03:00,2273,Beykoz Sosyal Tesisleri,BEYKOZ,41.1143,29.0888,130,0,130,AÇIK OTOPARK,1,15,08:00-00:00
2026-08-19T18:48:25.797808+00:00,2026-08-19T21:48:25.797808+03:00,2999,Beyoğlu Gazhane Bostan Sokak 2,BEYOĞLU,41.0389,28.9903,35,1,34,YOL ÜSTÜ,0,0,07:30-16:30
2026-08-19T18:48:25.797808+00:00,2026-08-19T21:48:25.797808+03:00,3072,Beyoğlu Örnektepe Zemin Altı Otoparkı,BEYOĞLU,41.0543,28.9548,143,0,143,KAPALI OTOPARK,1,0,24 Saat
2026-08-19T18:48:25.797808+00:00,2026-08-19T21:48:25.797808+03:00,1455,Bostancı Açık,KADIKÖY,40.9523,29.0902,394,10,384,AÇIK OTOPARK,1,15,24 Saat
2026-08-19T18:48:25.797808+00:00,2026-08-19T21:48:25.797808+03:00,1456,Bostancı Sahil-Cep Açık Otoparkı,KADIKÖY,40.9545,29.0885,192,106,86,AÇIK OTOPARK,1,15,24 Saat
2026-08-19T18:48:25.797808+00:00,2026-08-19T21:48:25.797808+03:00,2150,Bostancı Vergi Dairesi Açık Otoparkı,ATAŞEHİR,40.9625,29.1083,155,0,155,AÇIK OTOPARK,0,5,08:00-20:00
2026-08-19T18:48:25.797808+00:00,2026-08-19T21:48:25.797808+03:00,2854,Bülent Ecevit Kültür Merkezi Açık Otoparkı,KARTAL,40.8852,29.1967,277,266,11,AÇIK OTOPARK,0,0,10:00-21:00
2026-08-19T18:48:25.797808+00:00,2026-08-19T21:48:25.797808+03:00,2866,Büyük İstanbul Otogarı,BAYRAMPAŞA,41.0402,28.8942,1000,0,1000,AÇIK OTOPARK,1,25,24 Saat
2026-08-19T18:48:25.797808+00:00,2026-08-19T21:48:25.797808+03:00,1192,Büyükçamlıca Korusu Sosyal Tesisleri Önü,ÜSKÜDAR,41.0264,29.0698,204,111,93,AÇIK OTOPARK,1,0,08:00-00:00
2026-08-19T18:48:25.797808+00:00,2026-08-19T21:48:25.797808+03:00,2960,Büyükçekmece Metrobüs Durağı Yanı PD Zemin Altı Otopark,BÜYÜKÇEKMECE,41.0221,28.624,448,406,42,KAPALI OTOPARK,1,0,24 Saat
2026-08-19T18:48:25.797808+00:00,2026-08-19T21:48:25.797808+03:00,1503,Cadde Bostan Açık Otoparkı,KADIKÖY,40.9636,29.0675,66,6,60,AÇIK OTOPARK,1,15,24 Saat
2026-08-19T18:48:25.797808+00:00,2026-08-19T21:48:25.797808+03:00,2933,Cemal Kamacı Spor Kompleksi Zemin Altı Otoparkı,KAĞITHANE,41.0536,28.9575,510,0,510,KAPALI OTOPARK,1,0,24 Saat
2026-08-19T18:48:25.797808+00:00,2026-08-19T21:48:25.797808+03:00,2207,Cengiz Topel Yer Altı Katlı Otoparkı,ESENLER,41.0588,28.8643,144,0,144,KAPALI OTOPARK,1,15,24 Saat
2026-08-19T18:48:25.797808+00:00,2026-08-19T21:48:25.797808+03:00,2787,Cevizli Açık Otoparkı,KARTAL,40.9179,29.1712,100,83,17,AÇIK OTOPARK,0,15,08:00-19:00
2026-08-19T18:48:25.797808+00:00,2026-08-19T21:48:25.797808+03:00,782,Cihangir Caddesi 2,BEYOĞLU,41.0319,28.9862,70,1,69,YOL ÜSTÜ,0,15,09:00-19:00
2026-08-19T18:48:25.797808+00:00,2026-08-19T21:48:25.797808+03:00,1467,Cihangir Katlı Otoparkı,BEYOĞLU,41.0318,28.9858,350,0,350,KAPALI OTOPARK,1,0,24 Saat
2026-08-19T18:48:25.797808+00:00,2026-08-19T21:48:25.797808+03:00,535,Cihannuma Yol Üstü 1,BEŞİKTAŞ,41.0454,29.0084,35,1,34,YOL ÜSTÜ,1,0,08:00-23:00
2026-08-19T18:48:25.797808+00:00,2026-08-19T21:48:25.797808+03:00,537,Cihannuma Yol Üstü 3,BEŞİKTAŞ,41.0459,29.0087,33,1,32,YOL ÜSTÜ,1,0,08:00-23:00
2026-08-19T18:48:25.797808+00:00,2026-08-19T21:48:25.797808+03:00,539,Cihannuma Yol Üstü 5,BEŞİKTAŞ,41.0489,29.0094,24,1,23,YOL ÜSTÜ,1,0,08:00-23:00
2026-08-19T18:48:25.797808+00:00,2026-08-19T21:48:25.797808+03:00,3184,Çam Sokak 6,GÜNGÖREN,41.0121,28.8882,50,1,49,YOL ÜSTÜ,0,15,08:00-17:00
2026-08-19T18:48:25.797808+00:00,2026-08-19T21:48:25.797808+03:00,3030,Çekmeköy Metro PD Zemin Altı Otoparkı,ÇEKMEKÖY,41.0147,29.1886,175,65,110,KAPALI OTOPARK,1,15,24 Saat
2026-08-19T18:48:25.797808+00:00,2026-08-19T21:48:25.797808+03:00,2905,Çeliktepe Açık Otoparkı,KAĞITHANE,41.0843,29.0056,200,88,112,AÇIK OTOPARK,1,5,24 Saat
2026-08-19T18:48:25.797808+00:00,2026-08-19T21:48:25.797808+03:00,1298,Çengelköy Açık Otoparkı,ÜSKÜDAR,41.0484,29.0533,500,0,500,AÇIK OTOPARK,1,15,24 Saat
2026-08-19T18:48:25.797808+00:00,2026-08-19T21:48:25.797808+03:00,502,Çınar Açık Otoparkı,BEŞİKTAŞ,41.0853,29.0088,65,1,64,AÇIK OTOPARK,0,0,08:00-18:00
2026-08-19T18:48:25.797808+00:00,2026-08-19T21:48:25.797808+03:00,777,Çırağan Sarayı Yol Üstü 1,BEŞİKTAŞ,41.0448,29.0165,40,1,39,YOL ÜSTÜ,1,15,08:00-23:00
2026-08-19T18:48:25.797808+00:00,2026-08-19T21:48:25.797808+03:00,778,Çırağan Sarayı Yol Üstü 2,BEŞİKTAŞ,41.0445,29.0156,40,1,39,YOL ÜSTÜ,1,15,08:00-23:00
2026-08-19T18:48:25.797808+00:00,2026-08-19T21:48:25.797808+03:00,2228,Çırpıcı Sosyal Tesisler,ZEYTİNBURNU,41,28.8926,128,0,128,AÇIK OTOPARK,1,15,07:00-00:00
2026-08-19T18:48:25.797808+00:00,2026-08-19T21:48:25.797808+03:00,2030,Dalyan Açık Otoparkı,KADIKÖY,40.9632,29.0651,92,0,92,AÇIK OTOPARK,1,15,24 Saat
2026-08-19T18:48:25.797808+00:00,2026-08-19T21:48:25.797808+03:00,2271,Damla Sokak 1,ŞİŞLİ,41.0672,29.0004,17,1,16,YOL ÜSTÜ,0,15,07:30-16:30
2026-08-19T18:48:25.797808+00:00,2026-08-19T21:48:25.797808+03:00,2164,Darüşşafaka Yeraltı Otoparkı,SARIYER,41.1292,29.0252,150,142,8,KAPALI OTOPARK,1,15,08:00-00:00
2026-08-19T18:48:25.797808+00:00,2026-08-19T21:48:25.797808+03:00,1653,Deniz Feneri Otoparkı,FATİH,41.0019,28.9773,175,35,140,AÇIK OTOPARK,1,5,24 Saat
2026-08-19T18:48:25.797808+00:00,2026-08-19T21:48:25.797808+03:00,595,Dostluk Yurdu 1,FATİH,41.0071,28.973,33,33,0,YOL ÜSTÜ,0,15,07:00-17:00
2026-08-19T18:48:25.797808+00:00,2026-08-19T21:48:25.797808+03:00,2237,Dragos Sosyal Tesisleri,KARTAL,40.9017,29.1458,100,0,100,AÇIK OTOPARK,1,15,24 Saat
2026-08-19T18:48:25.797808+00:00,2026-08-19T21:48:25.797808+03:00,3063,Dudullu Metro PD Zemin Altı Otoparkı,ÜMRANİYE,41.0156,29.1633,81,54,27,KAPALI OTOPARK,1,15,07:00-23:30
2026-08-19T18:48:25.797808+00:00,2026-08-19T21:48:25.797808+03:00,1522,Ebu Suut Caddesi 1,FATİH,41.0128,28.9766,35,1,34,YOL ÜSTÜ,0,0,08:00-18:00
2026-08-19T18:48:25.797808+00:00,2026-08-19T21:48:25.797808+03:00,2147,EGS Blokları Açık Otoparkı,BAKIRKÖY,40.9863,28.8354,350,57,293,AÇIK OTOPARK,0,60,09:00-19:30
2026-08-19T18:48:25.797808+00:00,2026-08-19T21:48:25.797808+03:00,2366,Esenler Adem Baştürk Kültür Merkezi Katlı,ESENLER,41.039,28.8846,460,0,460,KAPALI OTOPARK,1,15,24 Saat
2026-08-19T18:48:25.797808+00:00,2026-08-19T21:48:25.797808+03:00,3190,Esenler Havaalanı Mahallesi Zemin Altı Otoparkı,ESENLER,41.0562,28.8674,610,323,287,KAPALI OTOPARK,1,10,24 Saat
2026-08-19T18:48:25.797808+00:00,2026-08-19T21:48:25.797808+03:00,3011,Esenler Menderes Metro İstasyonu Yanı,ESENLER,41.0427,28.8783,68,0,68,AÇIK OTOPARK,1,5,24 Saat
2026-08-19T18:48:25.797808+00:00,2026-08-19T21:48:25.797808+03:00,2822,Esenler Menderes Parkı Zemin Altı Otoparkı,ESENLER,41.0412,28.8729,325,40,285,KAPALI OTOPARK,1,10,24 Saat
2026-08-19T18:48:25.797808+00:00,2026-08-19T21:48:25.797808+03:00,3303,Esenyurt Adile Naşit Bulvarı Zeminaltı Otoparkı,ESENYURT,41.0205,28.6859,367,288,79,KAPALI OTOPARK,1,15,24 Saat
2026-08-19T18:48:25.797808+00:00,2026-08-19T21:48:25.797808+03:00,1328,Eski Salı Pazarı,KADIKÖY,40.9904,29.0338,760,0,760,AÇIK OTOPARK,1,15,24 Saat
2026-08-19T18:48:25.797808+00:00,2026-08-19T21:48:25.797808+03:00,904,Eyüp Pierloti Caddesi 1,EYÜP,41.0539,28.9329,40,40,0,YOL ÜSTÜ,1,0,09:00-22:00
2026-08-19T18:48:25.797808+00:00,2026-08-19T21:48:25.797808+03:00,2850,Eyüpsultan Akşemsettin Mahallesi Zemin Altı Otoparkı,EYÜP,41.085,28.9258,110,0,110,KAPALI OTOPARK,1,15,24 Saat
2026-08-19T18:48:25.797808+00:00,2026-08-19T21:48:25.797808+03:00,2215,Fatih Çeşmesi Tabiat Parkı Otoparkı,SARIYER,41.1686,28.9448,250,242,8,AÇIK OTOPARK,0,0,06:00-20:00
2026-08-19T18:48:25.797808+00:00,2026-08-19T21:48:25.797808+03:00,1475,Fatih Katlı Otoparkı,FATİH,41.0198,28.9396,118,23,95,KAPALI OTOPARK,1,10,24 Saat
2026-08-19T18:48:25.797808+00:00,2026-08-19T21:48:25.797808+03:00,1591,Feshane PD Açık Otoparkı,EYÜP,41.0463,28.9378,200,23,177,AÇIK OTOPARK,1,15,24 Saat
2026-08-19T18:48:25.797808+00:00,2026-08-19T21:48:25.797808+03:00,1005,Florya Havuzlu Bahçe,BAKIRKÖY,40.9764,28.7908,135,1,134,AÇIK OTOPARK,1,0,09:00-23:00
2026-08-19T18:48:25.797808+00:00,2026-08-19T21:48:25.797808+03:00,2238,Florya Sosyal Tesisleri,BAKIRKÖY,40.9614,28.8091,1074,516,558,AÇIK OTOPARK,1,15,24 Saat
2026-08-19T18:48:25.797808+00:00,2026-08-19T21:48:25.797808+03:00,1704,Gazi Umur Paşa Sokak 5,BEŞİKTAŞ,41.0589,29.0114,45,1,44,YOL ÜSTÜ,0,15,08:00-17:00
2026-08-19T18:48:25.797808+00:00,2026-08-19T21:48:25.797808+03:00,3296,Gaziosmanpaşa Meydanı ve Yaşam Merkezi Zemin Altı Otoparkı,GAZİOSMANPAŞA,41.0606,28.9093,202,0,202,KAPALI OTOPARK,1,15,24 Saat
2026-08-19T18:48:25.797808+00:00,2026-08-19T21:48:25.797808+03:00,2971,Gaziosmanpaşa Zemin Altı Otoparkı,GAZİOSMANPAŞA,41.0796,28.8858,285,0,285,KAPALI OTOPARK,1,0,24 Saat
2026-08-19T18:48:25.797808+00:00,2026-08-19T21:48:25.797808+03:00,3401,Giyimkent Tekstilkent Metro Zemin Altı PD Otoparkı,ESENLER,41.0711,28.8666,203,177,26,KAPALI OTOPARK,1,10,24 Saat
2026-08-19T18:48:25.797808+00:00,2026-08-19T21:48:25.797808+03:00,2242,Gözdağı Sosyal Tesisler  Açık Otoparkı,PENDİK,40.893,29.2538,300,216,84,AÇIK OTOPARK,1,0,07:00-23:00
2026-08-19T18:48:25.797808+00:00,2026-08-19T21:48:25.797808+03:00,1879,Gülsuyu Metro PD Yer Altı Otoparkı,MALTEPE,40.9237,29.1548,76,0,76,KAPALI OTOPARK,1,15,08:00-00:00
2026-08-19T18:48:25.797808+00:00,2026-08-19T21:48:25.797808+03:00,1423,Güneş Plajı 1,BAKIRKÖY,40.9712,28.79,250,114,136,AÇIK OTOPARK,1,10,24 Saat
2026-08-19T18:48:25.797808+00:00,2026-08-19T21:48:25.797808+03:00,1461,Güneş Plajı 2,BAKIRKÖY,40.9692,28.7951,135,15,120,AÇIK OTOPARK,0,10,08:00-20:00
2026-08-19T18:48:25.797808+00:00,2026-08-19T21:48:25.797808+03:00,3053,Güngören Nikah Dairesi Zemin Altı otoparkı,GÜNGÖREN,41.0363,28.8718,147,0,147,KAPALI OTOPARK,1,10,24 Saat
2026-08-19T18:48:25.797808+00:00,2026-08-19T21:48:25.797808+03:00,2216,Gürpınar Balık Hali Otoparkı,BEYLİKDÜZÜ,40.9663,28.6019,1000,771,229,AÇIK OTOPARK,1,15,24 Saat
2026-08-19T18:48:25.797808+00:00,2026-08-19T21:48:25.797808+03:00,1525,Hacıosman Metro Yer Altı Otoparkı,SARIYER,41.14,29.0306,422,226,196,KAPALI OTOPARK,1,15,24 Saat
2026-08-19T18:48:25.797808+00:00,2026-08-19T21:48:25.797808+03:00,1470,Haldun Alagaş Katlı Otoparkı,ÜMRANİYE,41.0262,29.1052,197,92,105,KAPALI OTOPARK,1,15,24 Saat
2026-08-19T18:48:25.797808+00:00,2026-08-19T21:48:25.797808+03:00,3235,Haliç Sosyal Tesisleri Otoparkı,FATİH,41.0277,28.9572,60,17,43,AÇIK OTOPARK,1,15,07:00-00:00
2026-08-19T18:48:25.797808+00:00,2026-08-19T21:48:25.797808+03:00,2848,Halkalı Mahallesi Zemin Altı Otoparkı,KÜÇÜKÇEKMECE,41.0359,28.7848,347,262,85,KAPALI OTOPARK,1,15,24 Saat
2026-08-19T18:48:25.797808+00:00,2026-08-19T21:48:25.797808+03:00,2838,Hamidiye Mahallesi Katlı Otoparkı,KAĞITHANE,41.0949,28.971,450,186,264,KAPALI OTOPARK,1,15,24 Saat
2026-08-19T18:48:25.797808+00:00,2026-08-19T21:48:25.797808+03:00,1446,Harbiye Zemin Altı Otoparkı,BEYOĞLU,41.0408,28.9869,142,41,101,KAPALI OTOPARK,1,5,24 Saat
2026-08-19T18:48:25.797808+00:00,2026-08-19T21:48:25.797808+03:00,2332,Haydarpaşa Katlı Otoparkı,ÜSKÜDAR,41.0048,29.0251,840,708,132,KAPALI OTOPARK,1,15,24 Saat
2026-08-19T18:48:25.797808+00:00,2026-08-19T21:48:25.797808+03:00,1987,Haznedar Yer Altı Otoparkı,GÜNGÖREN,41.0083,28.8729,540,0,540,KAPALI OTOPARK,1,0,24 Saat
2026-08-19T18:48:25.797808+00:00,2026-08-19T21:48:25.797808+03:00,377,Hızır Külhani Sokak,FATİH,41.0202,28.9605,32,1,31,YOL ÜSTÜ,0,15,09:00-17:00
2026-08-19T18:48:25.797808+00:00,2026-08-19T21:48:25.797808+03:00,3173,Hürriyet Mahallesi Zeminaltı Otoparkı,GAZİOSMANPAŞA,41.0708,28.8951,190,0,190,KAPALI OTOPARK,1,15,24 Saat
2026-08-19T18:48:25.797808+00:00,2026-08-19T21:48:25.797808+03:00,157,Ihlamur Dere Caddesi 4,BEŞİKTAŞ,41.047,29.0023,27,1,26,YOL ÜSTÜ,0,15,09:00-17:00
2026-08-19T18:48:25.797808+00:00,2026-08-19T21:48:25.797808+03:00,1189,İçerenköy Sebze Meyve Hali Otoparkı,ATAŞEHİR,40.9766,29.1044,600,600,0,AÇIK OTOPARK,1,15,24 Saat
2026-08-19T18:48:25.797808+00:00,2026-08-19T21:48:25.797808+03:00,1127,İshakpaşa Caddesi,FATİH,41.0079,28.9814,200,1,199,YOL ÜSTÜ,0,0,08:00-18:00
2026-08-19T18:48:25.797808+00:00,2026-08-19T21:48:25.797808+03:00,3265,İspark İstanbul West Marina Açık Otoparkı 1,BEYLİKDÜZÜ,40.9636,28.6564,250,1,249,AÇIK OTOPARK,1,15,24 Saat
2026-08-19T18:48:25.797808+00:00,2026-08-19T21:48:25.797808+03:00,2793,İspark Merter Katlı Otoparkı,GÜNGÖREN,41.0097,28.89,900,462,438,KAPALI OTOPARK,1,10,24 Saat
2026-08-19T18:48:25.797808+00:00,2026-08-19T21:48:25.797808+03:00,2430,İspark West İstanbul Marina Açık Otoparkı,BEYLİKDÜZÜ,40.9639,28.6591,1600,670,930,AÇIK OTOPARK,1,15,24 Saat
2026-08-19T18:48:25.797808+00:00,2026-08-19T21:48:25.797808+03:00,381,İstinye 4 ( Cami Önü ),SARIYER,41.1149,29.0571,25,1,24,YOL ÜSTÜ,0,15,08:30-17:30
2026-08-19T18:48:25.797808+00:00,2026-08-19T21:48:25.797808+03:00,1804,İtalyan Hastanesi Karşısı Açık Otoparkı 1,BEYOĞLU,41.028,28.9815,30,1,29,AÇIK OTOPARK,0,0,08:00-19:00
2026-08-19T18:48:25.797808+00:00,2026-08-19T21:48:25.797808+03:00,507,Kabasakal Medrese Önü,FATİH,41.0062,28.9789,65,1,64,AÇIK OTOPARK,0,0,08:00-18:30
2026-08-19T18:48:25.797808+00:00,2026-08-19T21:48:25.797808+03:00,3306,Kabataş Transfer Merkezi Turizm Otobüs Otoparkı,BEYOĞLU,41.0336,28.9923,160,39,121,KAPALI OTOPARK,1,20,24 Saat
2026-08-19T18:48:25.797808+00:00,2026-08-19T21:48:25.797808+03:00,2918,Kadıköy Hasanpaşa Gazhane Katlı Otoparkı,KADIKÖY,40.9972,29.0428,310,183,127,KAPALI OTOPARK,1,15,24 Saat
2026-08-19T18:48:25.797808+00:00,2026-08-19T21:48:25.797808+03:00,1447,Kadıköy İski Açık Otoparkı,KADIKÖY,40.9874,29.0207,124,25,99,AÇIK OTOPARK,1,15,24 Saat
2026-08-19T18:48:25.797808+00:00,2026-08-19T21:48:25.797808+03:00,1655,Kadıköy Metro Açık Otoparkı,KADIKÖY,40.9899,29.0217,74,0,74,AÇIK OTOPARK,1,15,24 Saat
2026-08-19T18:48:25.797808+00:00,2026-08-19T21:48:25.797808+03:00,3445,Kadıköy Uzunçayır PD Açık Otoparkı,KADIKÖY,40.9982,29.0569,70,40,30,AÇIK OTOPARK,0,15,06:30-16:30
2026-08-19T18:48:25.797808+00:00,2026-08-19T21:48:25.797808+03:00,2808,Kadıköy Yeni Salı Pazarı PD Katlı Otoparkı,KADIKÖY,40.9969,29.0486,1350,692,658,KAPALI OTOPARK,1,15,24 Saat
2026-08-19T18:48:25.797808+00:00,2026-08-19T21:48:25.797808+03:00,2811,Kağıthane Harmantepe Zemin Altı Otoparkı,KAĞITHANE,41.0816,28.9907,200,0,200,KAPALI OTOPARK,1,0,24 Saat
2026-08-19T18:48:25.797808+00:00,2026-08-19T21:48:25.797808+03:00,1452,Kalamış Açık Otoparkı,KADIKÖY,40.9687,29.0363,173,28,145,AÇIK OTOPARK,1,15,24 Saat
2026-08-19T18:48:25.797808+00:00,2026-08-19T21:48:25.797808+03:00,1474,Kartal Hasan Doğan Spor Kompleksi,KARTAL,40.8918,29.1897,773,0,773,KAPALI OTOPARK,1,15,24 Saat
2026-08-19T18:48:25.797808+00:00,2026-08-19T21:48:25.797808+03:00,1105,Kartal İdo Açık Otoparkı,KARTAL,40.8874,29.1881,90,0,90,AÇIK OTOPARK,1,15,24 Saat
2026-08-19T18:48:25.797808+00:00,2026-08-19T21:48:25.797808+03:00,1550,Kartal Sahil Açık Otoparkı,KARTAL,40.8875,29.1901,75,40,35,AÇIK OTOPARK,1,5,24 Saat
2026-08-19T18:48:25.797808+00:00,2026-08-19T21:48:25.797808+03:00,3434,Kasımpaşa Sosyal Tesisler Otoparkı,BEYOĞLU,41.0296,28.9673,60,38,22,AÇIK OTOPARK,1,0,07:30-23:00
2026-08-19T18:48:25.797808+00:00,2026-08-19T21:48:25.797808+03:00,1960,Kazlıçeşme Marmaray Açık Otoparkı,ZEYTİNBURNU,40.9922,28.917,700,597,103,AÇIK OTOPARK,1,15,24 Saat
2026-08-19T18:48:25.797808+00:00,2026-08-19T21:48:25.797808+03:00,2994,Kirazlı Metro Durağı PD Açık Otoparkı,BAĞCILAR,41.033,28.8429,112,0,112,AÇIK OTOPARK,1,5,24 Saat
2026-08-19T18:48:25.797808+00:00,2026-08-19T21:48:25.797808+03:00,1528,Kore Şehitleri Caddesi - Yüzbaşı Kaya Aldağon Sokak 1,ŞİŞLİ,41.0719,29.0139,40,1,39,YOL ÜSTÜ,0,15,07:00-16:00
2026-08-19T18:48:25.797808+00:00,2026-08-19T21:48:25.797808+03:00,2449,Kozyatağı Sebze-Meyve Hali,ATAŞEHİR,40.9787,29.1029,1500,1500,0,AÇIK OTOPARK,1,0,24 Saat
2026-08-19T18:48:25.797808+00:00,2026-08-19T21:48:25.797808+03:00,1206,Kutlugün Sokak 2,FATİH,41.0061,28.9801,200,1,199,YOL ÜSTÜ,0,0,08:00-18:00
2026-08-19T18:48:25.797808+00:00,2026-08-19T21:48:25.797808+03:00,3074,Küçük Çamlıca,ÜSKÜDAR,41.0204,29.0653,129,105,24,AÇIK OTOPARK,1,0,08:00-22:00
2026-08-19T18:48:25.797808+00:00,2026-08-19T21:48:25.797808+03:00,3127,Küçükçekmece Cennet Mahallesi Meydan Zemin Altı Otoparkı,KÜÇÜKÇEKMECE,40.9907,28.783,456,0,456,KAPALI OTOPARK,1,10,24 Saat
2026-08-19T18:48:25.797808+00:00,2026-08-19T21:48:25.797808+03:00,2554,Küçükçekmece Fevzi Çakmak Meydanı Zemin Altı Otoparkı,KÜÇÜKÇEKMECE,41.0076,28.7927,1000,496,504,KAPALI OTOPARK,1,10,24 Saat
2026-08-19T18:48:25.797808+00:00,2026-08-19T21:48:25.797808+03:00,2882,Küçüksu Kasrı Açık Otoparkı,BEYKOZ,41.0789,29.0657,98,92,6,AÇIK OTOPARK,1,0,07:00-23:00
2026-08-19T18:48:25.797808+00:00,2026-08-19T21:48:25.797808+03:00,220,Levent Hamidiye,BEŞİKTAŞ,41.0861,29.0076,100,1,99,AÇIK OTOPARK,0,0,08:00-19:00
2026-08-19T18:48:25.797808+00:00,2026-08-19T21:48:25.797808+03:00,1138,Levent Metro Yer Altı Otoparkı,BEŞİKTAŞ,41.0811,29.0105,100,100,0,AÇIK OTOPARK,0,5,07:30-19:30
2026-08-19T18:48:25.797808+00:00,2026-08-19T21:48:25.797808+03:00,2335,Maçka Açık Otoparkı,ŞİŞLİ,41.046,28.9908,75,72,3,AÇIK OTOPARK,1,0,24 Saat
2026-08-19T18:48:25.797808+00:00,2026-08-19T21:48:25.797808+03:00,1859,Maçka Katlı Otoparkı,ŞİŞLİ,41.0484,28.9903,508,0,508,KAPALI OTOPARK,1,0,24 Saat
2026-08-19T18:48:25.797808+00:00,2026-08-19T21:48:25.797808+03:00,3193,Maltepe Rıhtım Caddesi Açık Otoparkı,MALTEPE,40.9258,29.1241,76,0,76,AÇIK OTOPARK,1,0,24 Saat
2026-08-19T18:48:25.797808+00:00,2026-08-19T21:48:25.797808+03:00,2146,Maltepe Süreyyapaşa Çarşısı Açık Otoparkı,MALTEPE,40.9274,29.1225,156,0,156,AÇIK OTOPARK,1,0,24 Saat
2026-08-19T18:48:25.797808+00:00,2026-08-19T21:48:25.797808+03:00,1599,Maslak Açık Otoparkı,SARIYER,41.1166,29.024,150,127,23,AÇIK OTOPARK,1,10,24 Saat
2026-08-19T18:48:25.797808+00:00,2026-08-19T21:48:25.797808+03:00,2100,Matbaacılar Sitesi Yanı,ZEYTİNBURNU,41.0234,28.9187,250,208,42,AÇIK OTOPARK,1,5,24 Saat
2026-08-19T18:48:25.797808+00:00,2026-08-19T21:48:25.797808+03:00,920,Meclis-i Mebusan Yokuşu 2,BEYOĞLU,41.0326,28.9882,34,1,33,YOL ÜSTÜ,0,15,09:00-17:00
2026-08-19T18:48:25.797808+00:00,2026-08-19T21:48:25.797808+03:00,1546,Menekşe Plajı Açık Otoparkı,BAKIRKÖY,40.9761,28.7766,200,199,1,AÇIK OTOPARK,1,0,24 Saat
2026-08-19T18:48:25.797808+00:00,2026-08-19T21:48:25.797808+03:00,1376,Mercan Açık,FATİH,41.0136,28.9669,130,128,2,AÇIK OTOPARK,1,0,08:00-23:00
2026-08-19T18:48:25.797808+00:00,2026-08-19T21:48:25.797808+03:00,3309,Mercan Ali Paşa Sarayı Zemin Altı Otoparkı,FATİH,41.0136,28.967,196,1,195,KAPALI OTOPARK,0,0,07:00-21:00
2026-08-19T18:48:25.797808+00:00,2026-08-19T21:48:25.797808+03:00,1472,Merter Katlı Otoparkı,GÜNGÖREN,41.0092,28.8874,1000,899,101,KAPALI OTOPARK,1,10,24 Saat
2026-08-19T18:48:25.797808+00:00,2026-08-19T21:48:25.797808+03:00,2375,Merter Metro PD Zeminaltı Otoparkı,GÜNGÖREN,41.0037,28.8897,242,79,163,KAPALI OTOPARK,1,10,24 Saat
2026-08-19T18:48:25.797808+00:00,2026-08-19T21:48:25.797808+03:00,1568,Mete Caddesi 1,BEYOĞLU,41.0382,28.9879,31,1,30,YOL ÜSTÜ,1,15,08:00-23:00
2026-08-19T18:48:25.797808+00:00,2026-08-19T21:48:25.797808+03:00,1471,Mevlana Yeraltı Katlı Otoparkı,ZEYTİNBURNU,41.0072,28.9049,1000,869,131,KAPALI OTOPARK,1,5,24 Saat
2026-08-19T18:48:25.797808+00:00,2026-08-19T21:48:25.797808+03:00,2709,Millet Caddesi Açık Otoparkı,FATİH,41.01,28.9461,60,1,59,AÇIK OTOPARK,1,15,24 Saat
2026-08-19T18:48:25.797808+00:00,2026-08-19T21:48:25.797808+03:00,3152,Mimar Sinan Zemin Altı Otoparkı,ÜSKÜDAR,41.0222,29.0169,956,281,675,KAPALI OTOPARK,1,15,24 Saat
2026-08-19T18:48:25.797808+00:00,2026-08-19T21:48:25.797808+03:00,2870,Miniatürk Çadır Açık Otoparkı,BEYOĞLU,41.0594,28.9501,250,198,52,AÇIK OTOPARK,0,15,07:00-20:00
2026-08-19T18:48:25.797808+00:00,2026-08-19T21:48:25.797808+03:00,2556,Muallim Naci Açık Otoparkı,BEŞİKTAŞ,41.0561,29.0342,35,15,20,AÇIK OTOPARK,1,15,24 Saat
2026-08-19T18:48:25.797808+00:00,2026-08-19T21:48:25.797808+03:00,569,Oda Kule Önü 1,BEYOĞLU,41.0322,28.9751,24,1,23,YOL ÜSTÜ,1,0,07:00-01:00
2026-08-19T18:48:25.797808+00:00,2026-08-19T21:48:25.797808+03:00,1988,Orhangazi Şehir Parkı PD Açık Otoparkı,MALTEPE,40.9313,29.1161,5022,2983,2039,AÇIK OTOPARK,1,15,24 Saat
2026-08-19T18:48:25.797808+00:00,2026-08-19T21:48:25.797808+03:00,152,Ortabahçe Caddesi 2,BEŞİKTAŞ,41.0428,29.0043,35,1,34,YOL ÜSTÜ,1,15,08:00-23:00
2026-08-19T18:48:25.797808+00:00,2026-08-19T21:48:25.797808+03:00,153,Ortabahçe Caddesi 3,BEŞİKTAŞ,41.043,29.0042,26,1,25,YOL ÜSTÜ,1,15,08:00-23:00
2026-08-19T18:48:25.797808+00:00,2026-08-19T21:48:25.797808+03:00,119,Ortaklar Caddesi 1,ŞİŞLİ,41.0638,28.9971,25,1,24,YOL ÜSTÜ,0,15,08:30-17:00
2026-08-19T18:48:25.797808+00:00,2026-08-19T21:48:25.797808+03:00,1343,Ortaköy Açık Otoparkı,BEŞİKTAŞ,41.0504,29.0326,170,126,44,AÇIK OTOPARK,1,0,24 Saat
2026-08-19T18:48:25.797808+00:00,2026-08-19T21:48:25.797808+03:00,572,Ortaköy Portakal Yokuşu 1,BEŞİKTAŞ,41.0503,29.0261,15,15,0,YOL ÜSTÜ,0,15,09:00-19:00
2026-08-19T18:48:25.797808+00:00,2026-08-19T21:48:25.797808+03:00,1039,Öğretmen Evi,AVCILAR,40.9723,28.714,80,41,39,AÇIK OTOPARK,1,0,11:00-23:00
2026-08-19T18:48:25.797808+00:00,2026-08-19T21:48:25.797808+03:00,1466,Pendik Katlı Otoparkı,PENDİK,40.8789,29.2342,120,0,120,KAPALI OTOPARK,1,15,24 Saat
2026-08-19T18:48:25.797808+00:00,2026-08-19T21:48:25.797808+03:00,3073,Pendik Kemal Kalkuz Parkı Zemin Altı Otoparkı,PENDİK,40.8885,29.2427,224,0,224,KAPALI OTOPARK,0,0,09:00-18:00
2026-08-19T18:48:25.797808+00:00,2026-08-19T21:48:25.797808+03:00,3019,Pendik Meydan Zemin Altı Otoparkı,PENDİK,40.8752,29.2324,937,0,937,KAPALI OTOPARK,1,0,24 Saat
2026-08-19T18:48:25.797808+00:00,2026-08-19T21:48:25.797808+03:00,2865,Pendik Sahil Engelliler Merkez Önü,PENDİK,40.8735,29.233,100,66,34,AÇIK OTOPARK,0,0,11:00-20:00
2026-08-19T18:48:25.797808+00:00,2026-08-19T21:48:25.797808+03:00,2434,Pendik Sahil İdo,PENDİK,40.8755,29.2369,100,0,100,AÇIK OTOPARK,1,0,07:00-23:00
2026-08-19T18:48:25.797808+00:00,2026-08-19T21:48:25.797808+03:00,248,Pendik Yenimahalle Açık 2 Otoparkı,PENDİK,40.864,29.2723,124,107,17,AÇIK OTOPARK,1,15,10:00-22:00
2026-08-19T18:48:25.797808+00:00,2026-08-19T21:48:25.797808+03:00,297,Perşembe Pazarı 1,BEYOĞLU,41.0252,28.9693,32,1,31,YOL ÜSTÜ,0,15,08:00-17:00
2026-08-19T18:48:25.797808+00:00,2026-08-19T21:48:25.797808+03:00,597,Pierre Loti Caddesi 3,FATİH,41.0069,28.9711,36,1,35,YOL ÜSTÜ,0,0,07:00-17:00
2026-08-19T18:48:25.797808+00:00,2026-08-19T21:48:25.797808+03:00,3263,Piyalepaşa Meydanı Zemin Altı Otoparkı,BEYOĞLU,41.0445,28.9674,560,239,321,KAPALI OTOPARK,1,0,24 Saat
2026-08-19T18:48:25.797808+00:00,2026-08-19T21:48:25.797808+03:00,1900,Ragıp Gümüşpala Cad.(Sobacılar Önü),FATİH,41.0181,28.969,40,1,39,YOL ÜSTÜ,0,15,07:00-18:00
2026-08-19T18:48:25.797808+00:00,2026-08-19T21:48:25.797808+03:00,415,Ragıp Gümüşpala Camii Önü 1,FATİH,41.0211,28.9627,35,1,34,YOL ÜSTÜ,0,0,07:00-17:30
2026-08-19T18:48:25.797808+00:00,2026-08-19T21:48:25.797808+03:00,3268,Refik Saydam Caddesi 3,BEYOĞLU,41.032,28.9736,55,1,54,YOL ÜSTÜ,1,0,06:00-23:00
2026-08-19T18:48:25.797808+00:00,2026-08-19T21:48:25.797808+03:00,2307,Ressam Halim Sokak PD Açık Otoparkı,BAHÇELİEVLER,40.9967,28.8641,120,109,11,AÇIK OTOPARK,1,15,08:00-00:00
2026-08-19T18:48:25.797808+00:00,2026-08-19T21:48:25.797808+03:00,3082,Rumeli Hisarı Sahil Yolu Otoparkı,SARIYER,41.0854,29.0568,20,0,20,AÇIK OTOPARK,1,0,24 Saat
2026-08-19T18:48:25.797808+00:00,2026-08-19T21:48:25.797808+03:00,1595,Sabiha Gökçen Açık Otoparkı,PENDİK,40.925,29.308,1056,234,822,AÇIK OTOPARK,1,15,24 Saat
2026-08-19T18:48:25.797808+00:00,2026-08-19T21:48:25.797808+03:00,3239,Samatya Sahil Cep Otoparkı,FATİH,40.9954,28.932,113,49,64,AÇIK OTOPARK,1,15,24 Saat
2026-08-19T18:48:25.797808+00:00,2026-08-19T21:48:25.797808+03:00,3273,Sarıyer Büyükdere Fidanlığı,SARIYER,41.1548,29.0268,160,154,6,AÇIK OTOPARK,0,0,08:00-18:00
2026-08-19T18:48:25.797808+00:00,2026-08-19T21:48:25.797808+03:00,3299,Sariyer Ayazağa Mah Vadi İstanbul Önü Açık Otoparkı,SARIYER,41.1106,28.9881,100,96,4,AÇIK OTOPARK,0,0,08:00-20:00
2026-08-19T18:48:25.797808+00:00,2026-08-19T21:48:25.797808+03:00,1303,Seyrantepe Katlı (Arena Karşısı) 1,KAĞITHANE,41.101,28.9961,1897,1897,0,KAPALI OTOPARK,1,0,24 Saat
2026-08-19T18:48:25.797808+00:00,2026-08-19T21:48:25.797808+03:00,1628,Sıracevizler Caddesi Yol Üstü 5,ŞİŞLİ,41.0607,28.9841,45,1,44,YOL ÜSTÜ,0,15,09:00-17:00
2026-08-19T18:48:25.797808+00:00,2026-08-19T21:48:25.797808+03:00,464,Sirkeci Gar Önü,FATİH,41.015,28.9761,60,1,59,AÇIK OTOPARK,0,5,07:00-20:00
2026-08-19T18:48:25.797808+00:00,2026-08-19T21:48:25.797808+03:00,1486,Siyavuşpaşa Yer Altı Otoparkı,BAHÇELİEVLER,40.9965,28.8532,155,0,155,KAPALI OTOPARK,1,0,24 Saat
2026-08-19T18:48:25.797808+00:00,2026-08-19T21:48:25.797808+03:00,1958,Soğanlık Metro PD Açık Otoparkı,KARTAL,40.9131,29.1925,898,861,37,AÇIK OTOPARK,1,15,24 Saat
2026-08-19T18:48:25.797808+00:00,2026-08-19T21:48:25.797808+03:00,589,Su Terazisi Sokak,FATİH,41.0046,28.9727,22,1,21,YOL ÜSTÜ,0,0,07:30-17:00
2026-08-19T18:48:25.797808+00:00,2026-08-19T21:48:25.797808+03:00,1478,Suadiye Cep Açık Otoparkı,KADIKÖY,40.9586,29.0732,130,21,109,AÇIK OTOPARK,1,15,24 Saat
2026-08-19T18:48:25.797808+00:00,2026-08-19T21:48:25.797808+03:00,2948,Suadiye Sahil Açık Otoparkı,KADIKÖY,40.9562,29.0797,70,4,66,AÇIK OTOPARK,1,5,24 Saat
2026-08-19T18:48:25.797808+00:00,2026-08-19T21:48:25.797808+03:00,2799,Sultanbeyli Emir Caddesi Zemin Altı Otoparkı,SULTANBEYLİ,40.9707,29.2606,130,117,13,KAPALI OTOPARK,1,15,08:00-22:00
2026-08-19T18:48:25.797808+00:00,2026-08-19T21:48:25.797808+03:00,2372,Sultanbeyli Kent Meydanı Zemin Altı Otoparkı,SULTANBEYLİ,40.9667,29.2667,300,184,116,KAPALI OTOPARK,1,15,24 Saat
2026-08-19T18:48:25.797808+00:00,2026-08-19T21:48:25.797808+03:00,2410,Sultangazi Zemin Altı Otoparkı,SULTANGAZİ,41.0944,28.8649,104,0,104,KAPALI OTOPARK,1,10,24 Saat
2026-08-19T18:48:25.797808+00:00,2026-08-19T21:48:25.797808+03:00,2085,Süleyman Seba Caddesi 2,BEŞİKTAŞ,41.0426,28.9998,40,1,39,YOL ÜSTÜ,0,15,08:00-18:00
2026-08-19T18:48:25.797808+00:00,2026-08-19T21:48:25.797808+03:00,2088,Süleyman Seba Caddesi 5,BEŞİKTAŞ,41.0432,28.9978,40,1,39,YOL ÜSTÜ,0,15,08:00-18:00
2026-08-19T18:48:25.797808+00:00,2026-08-19T21:48:25.797808+03:00,2089,Süleyman Seba Caddesi 6,BEŞİKTAŞ,41.0435,28.9967,11,1,10,YOL ÜSTÜ,0,15,08:00-18:00
2026-08-19T18:48:25.797808+00:00,2026-08-19T21:48:25.797808+03:00,2391,Süleymaniye Cami Altı Açık Otoparkı,FATİH,41.0158,28.961,250,233,17,AÇIK OTOPARK,0,0,06:30-18:30
2026-08-19T18:48:25.797808+00:00,2026-08-19T21:48:25.797808+03:00,1730,Sütlüce Miniatürk Yanı,BEYOĞLU,41.057,28.95,320,226,94,AÇIK OTOPARK,1,15,24 Saat
2026-08-19T18:48:25.797808+00:00,2026-08-19T21:48:25.797808+03:00,36,Şakayık Sokak 4,ŞİŞLİ,41.0518,28.9936,50,1,49,YOL ÜSTÜ,0,15,08:00-16:00
2026-08-19T18:48:25.797808+00:00,2026-08-19T21:48:25.797808+03:00,1469,Şehit Volkan Duysak Katlı Otoparkı,ZEYTİNBURNU,40.9968,28.9039,1000,680,320,KAPALI OTOPARK,1,5,24 Saat
2026-08-19T18:48:25.797808+00:00,2026-08-19T21:48:25.797808+03:00,2385,Şehremini Açık Otoparkı 1,FATİH,41.0135,28.9333,60,1,59,AÇIK OTOPARK,0,0,08:30-20:30
2026-08-19T18:48:25.797808+00:00,2026-08-19T21:48:25.797808+03:00,2855,Şemsipaşa Açık Otoparkı,ÜSKÜDAR,41.0255,29.0097,80,34,46,AÇIK OTOPARK,1,0,24 Saat
2026-08-19T18:48:25.797808+00:00,2026-08-19T21:48:25.797808+03:00,2439,Şirinevler Meydan Zeminaltı Otoparkı,BAHÇELİEVLER,40.9925,28.8496,367,88,279,KAPALI OTOPARK,1,0,24 Saat
2026-08-19T18:48:25.797808+00:00,2026-08-19T21:48:25.797808+03:00,3400,Şişhane Refik Saydam Caddesi 2 Yol Üstü Otoparkı 1,BEYOĞLU,41.0326,28.9743,70,1,69,YOL ÜSTÜ,1,15,06:00-23:00
2026-08-19T18:48:25.797808+00:00,2026-08-19T21:48:25.797808+03:00,3441,Şişli Kuştepe Zemin Altı Otoparkı,ŞİŞLİ,41.072,28.9919,430,306,124,KAPALI OTOPARK,1,15,24 Saat
2026-08-19T18:48:25.797808+00:00,2026-08-19T21:48:25.797808+03:00,2816,Şişli Rumeli Caddesi Metro Yanı 1,ŞİŞLİ,41.0538,28.9868,45,1,44,YOL ÜSTÜ,0,15,08:00-20:00
2026-08-19T18:48:25.797808+00:00,2026-08-19T21:48:25.797808+03:00,2406,Şişli Zemin Altı Otoparkı,ŞİŞLİ,41.0641,28.9992,581,308,273,KAPALI OTOPARK,1,15,24 Saat
2026-08-19T18:48:25.797808+00:00,2026-08-19T21:48:25.797808+03:00,1993,Tuzla İdo,TUZLA,40.8149,29.3039,300,92,208,AÇIK OTOPARK,1,15,24 Saat
2026-08-19T18:48:25.797808+00:00,2026-08-19T21:48:25.797808+03:00,3332,Tuzla Sahil Cep,TUZLA,40.8168,29.2992,50,37,13,AÇIK OTOPARK,1,0,08:00-00:00
2026-08-19T18:48:25.797808+00:00,2026-08-19T21:48:25.797808+03:00,3057,Tuzla Sahil Zemin Altı Otoparkı,TUZLA,40.8181,29.3004,779,1,778,KAPALI OTOPARK,1,15,24 Saat
2026-08-19T18:48:25.797808+00:00,2026-08-19T21:48:25.797808+03:00,1811,Ulu Camii Açık Otoparkı,BAHÇELİEVLER,40.9982,28.8499,150,119,31,AÇIK OTOPARK,1,10,24 Saat
2026-08-19T18:48:25.797808+00:00,2026-08-19T21:48:25.797808+03:00,2424,Uzunçayır Açık Otoparkı,KADIKÖY,40.9988,29.0556,58,52,6,AÇIK OTOPARK,0,0,06:00-16:00
2026-08-19T18:48:25.797808+00:00,2026-08-19T21:48:25.797808+03:00,1468,Ümraniye Katlı Otoparkı,ÜMRANİYE,41.0261,29.0953,665,534,131,KAPALI OTOPARK,1,15,24 Saat
2026-08-19T18:48:25.797808+00:00,2026-08-19T21:48:25.797808+03:00,2898,Ümraniye Okan Sokak Zeminaltı Otoparkı,ÜMRANİYE,41.0284,29.0907,125,23,102,KAPALI OTOPARK,1,15,24 Saat
2026-08-19T18:48:25.797808+00:00,2026-08-19T21:48:25.797808+03:00,2345,Üsküdar Uzunçayır PD Açık Otoparkı,ÜSKÜDAR,40.9988,29.0577,90,88,2,AÇIK OTOPARK,1,15,06:00-22:00
2026-08-19T18:48:25.797808+00:00,2026-08-19T21:48:25.797808+03:00,1929,Üsküdar Ünalan Açık Otoparkı,ÜSKÜDAR,40.9979,29.0604,180,175,5,AÇIK OTOPARK,0,0,07:00-17:00
2026-08-19T18:48:25.797808+00:00,2026-08-19T21:48:25.797808+03:00,1487,Vatan Caddesi PD Açık Otoparkı,FATİH,41.0157,28.9405,397,345,52,AÇIK OTOPARK,1,5,24 Saat
2026-08-19T18:48:25.797808+00:00,2026-08-19T21:48:25.797808+03:00,2441,Yalı Açık Otoparkı,MALTEPE,40.9095,29.137,85,82,3,AÇIK OTOPARK,1,0,07:30-22:00
2026-08-19T18:48:25.797808+00:00,2026-08-19T21:48:25.797808+03:00,459,Yalı Köşkü Caddesi 1,FATİH,41.0163,28.9759,61,1,60,YOL ÜSTÜ,0,5,07:00-21:00
2026-08-19T18:48:25.797808+00:00,2026-08-19T21:48:25.797808+03:00,2037,Yenikapı Marmaray Büyük Otoparkı,FATİH,41.0057,28.9505,324,220,104,AÇIK OTOPARK,1,15,24 Saat
2026-08-19T18:48:25.797808+00:00,2026-08-19T21:48:25.797808+03:00,2036,Yenikapı Marmaray Küçük Otoparkı,FATİH,41.0064,28.9504,200,199,1,AÇIK OTOPARK,1,15,07:00-22:00
2026-08-19T18:48:25.797808+00:00,2026-08-19T21:48:25.797808+03:00,2175,Yenikapı Spor ve Kültür Merkezi PD Açık Otoparkı,FATİH,41.0006,28.9519,4023,3892,131,AÇIK OTOPARK,1,15,24 Saat
2026-08-19T18:48:25.797808+00:00,2026-08-19T21:48:25.797808+03:00,2805,Yenikapı Tünel Üstü Açık Otoparkı,FATİH,41.0029,28.9534,700,632,68,AÇIK OTOPARK,1,10,24 Saat
2026-08-19T18:48:25.797808+00:00,2026-08-19T21:48:25.797808+03:00,3404,Yenimahalle Metro Zemin Altı PD Otoparkı,GAZİOSMANPAŞA,41.0839,28.8926,114,95,19,KAPALI OTOPARK,1,15,24 Saat
2026-08-19T18:48:25.797808+00:00,2026-08-19T21:48:25.797808+03:00,2920,Yeşilce Zemin Altı Katlı Otoparkı,KAĞITHANE,41.0938,29.0017,676,47,629,KAPALI OTOPARK,1,0,24 Saat
2026-08-19T18:48:25.797808+00:00,2026-08-19T21:48:25.797808+03:00,987,Yeşilköy İstasyon Caddesi 1,BAKIRKÖY,40.962,28.825,40,1,39,YOL ÜSTÜ,0,15,09:00-17:30
2026-08-19T18:48:25.797808+00:00,2026-08-19T21:48:25.797808+03:00,974,Yeşilköy Marina 1,BAKIRKÖY,40.9576,28.8233,145,1,144,YOL ÜSTÜ,1,0,12:00-23:00
2026-08-19T18:48:25.797808+00:00,2026-08-19T21:48:25.797808+03:00,3406,Yeşilpınar Metro Zemin Altı PD Otoparkı,EYÜP,41.081,28.9204,269,190,79,KAPALI OTOPARK,1,15,24 Saat
2026-08-19T18:48:25.797808+00:00,2026-08-19T21:48:25.797808+03:00,315,Yeşilyurt Çarşı 1,BAKIRKÖY,40.9643,28.8379,50,1,49,YOL ÜSTÜ,0,15,09:00-17:30
2026-08-19T18:48:25.797808+00:00,2026-08-19T21:48:25.797808+03:00,1133,Yıldız Korusu,BEŞİKTAŞ,41.0514,29.0165,500,1,499,AÇIK OTOPARK,1,0,08:00-22:00
2026-08-19T18:48:25.797808+00:00,2026-08-19T21:48:25.797808+03:00,882,Zeytinburnu 58. Bulvar 2,ZEYTİNBURNU,40.9932,28.9039,48,1,47,YOL ÜSTÜ,0,15,09:00-18:00
2026-08-19T18:48:25.797808+00:00,2026-08-19T21:48:25.797808+03:00,3185,Zeytinburnu Sahil Cep Otoparkı,ZEYTİNBURNU,40.9798,28.8985,160,1,159,AÇIK OTOPARK,1,0,12:00-22:00
