fetch_utc,fetch_istanbul,parkID,parkName,district,lat,lng,capacity,emptyCapacity,occupancy,parkType,isOpen,freeTime,workHours
2026-09-01T21:08:41.734109+00:00,2026-09-02T00:08:41.734109+03:00,3068,15 Temmuz Şehitler Meydanı Zeminaltı Otoparkı,ÜMRANİYE,41.0246,29.0915,1029,545,484,KAPALI OTOPARK,0,15,24 Saat
2026-09-01T21:08:41.734109+00:00,2026-09-02T00:08:41.734109+03:00,2338,19 Mayıs Açık,ŞİŞLİ,41.0563,28.9941,65,0,65,AÇIK OTOPARK,1,0,24 Saat
2026-09-01T21:08:41.734109+00:00,2026-09-02T00:08:41.734109+03:00,1751,4.Levent PD Açık Otoparkı,KAĞITHANE,41.0836,29.0081,236,148,88,AÇIK OTOPARK,1,5,24 Saat
2026-09-01T21:08:41.734109+00:00,2026-09-02T00:08:41.734109+03:00,3328,4.Levent Servis ve Turizm Araçları Açık Otoparkı,ŞİŞLİ,41.0841,29.0054,300,129,171,AÇIK OTOPARK,1,15,24 Saat
2026-09-01T21:08:41.734109+00:00,2026-09-02T00:08:41.734109+03:00,3412,5. Levent Gaziosmanpaşa Adliyesi Yanı Açık Otoparkı,EYÜP,41.0927,28.9494,250,233,17,AÇIK OTOPARK,0,15,07:00-23:00
2026-09-01T21:08:41.734109+00:00,2026-09-02T00:08:41.734109+03:00,104,Abide-i Hürriyet Caddesi 5,ŞİŞLİ,41.0619,28.9876,40,1,39,YOL ÜSTÜ,0,15,08:00-17:00
2026-09-01T21:08:41.734109+00:00,2026-09-02T00:08:41.734109+03:00,2452,Acıbadem Açık Otoparkı,ÜSKÜDAR,41.0157,29.0574,100,86,14,AÇIK OTOPARK,0,0,06:30-16:00
2026-09-01T21:08:41.734109+00:00,2026-09-02T00:08:41.734109+03:00,346,Ada Karşısı Cep 2,BEŞİKTAŞ,41.072,29.045,30,1,29,YOL ÜSTÜ,0,15,08:00-23:00
2026-09-01T21:08:41.734109+00:00,2026-09-02T00:08:41.734109+03:00,1663,Akasyalı Sokak Tenis Kulubü Önü 2,BEŞİKTAŞ,41.0867,29.0109,45,1,44,YOL ÜSTÜ,0,15,08:30-17:30
2026-09-01T21:08:41.734109+00:00,2026-09-02T00:08:41.734109+03:00,828,Akdeniz Caddesi 4,FATİH,41.0175,28.9435,27,1,26,YOL ÜSTÜ,0,15,09:00-18:00
2026-09-01T21:08:41.734109+00:00,2026-09-02T00:08:41.734109+03:00,1913,Alibeyköy Cep Otogarı Açık Otoparkı,EYÜP,41.0879,28.9446,116,0,116,AÇIK OTOPARK,1,25,24 Saat
2026-09-01T21:08:41.734109+00:00,2026-09-02T00:08:41.734109+03:00,1912,Alibeyköy Cep Otogarı Otobüs Otoparkı,EYÜP,41.0875,28.9449,5000,175,4825,AÇIK OTOPARK,1,60,24 Saat
2026-09-01T21:08:41.734109+00:00,2026-09-02T00:08:41.734109+03:00,2562,Alibeyköy Yeşiltepe Zemin Altı Otoparkı,EYÜP,41.0797,28.938,159,46,113,KAPALI OTOPARK,0,15,24 Saat
2026-09-01T21:08:41.734109+00:00,2026-09-02T00:08:41.734109+03:00,3201,Altınboynuz Sosyal Tesisleri,EYÜP,41.058,28.9447,70,1,69,AÇIK OTOPARK,0,15,08:00-23:00
2026-09-01T21:08:41.734109+00:00,2026-09-02T00:08:41.734109+03:00,758,Arap Camii Açık Otoparkı,BEYOĞLU,41.0227,28.9723,30,1,29,AÇIK OTOPARK,0,0,09:00-17:00
2026-09-01T21:08:41.734109+00:00,2026-09-02T00:08:41.734109+03:00,2685,Aras Sokak 2,BÜYÜKÇEKMECE,41.023,28.6209,60,1,59,YOL ÜSTÜ,0,0,06:00-14:30
2026-09-01T21:08:41.734109+00:00,2026-09-02T00:08:41.734109+03:00,2802,Arnavutköy Zemin Altı Otoparkı,ARNAVUTKÖY,41.1838,28.7396,700,0,700,KAPALI OTOPARK,1,15,24 Saat
2026-09-01T21:08:41.734109+00:00,2026-09-02T00:08:41.734109+03:00,1797,Ataköy Atrium AVM,BAKIRKÖY,40.9881,28.8459,250,212,38,AÇIK OTOPARK,0,15,08:00-23:00
2026-09-01T21:08:41.734109+00:00,2026-09-02T00:08:41.734109+03:00,2824,Ataköy Metro Durağı Yanı PD Zemin Altı Otoparkı,BAKIRKÖY,40.9904,28.8456,150,75,75,KAPALI OTOPARK,1,0,24 Saat
2026-09-01T21:08:41.734109+00:00,2026-09-02T00:08:41.734109+03:00,359,Atatürk Bulvarı 1,FATİH,41.0112,28.9534,20,1,19,YOL ÜSTÜ,0,0,07:30-18:00
2026-09-01T21:08:41.734109+00:00,2026-09-02T00:08:41.734109+03:00,3087,Atatürk Kent Ormanı Otoparkı,SARIYER,41.136,29.0262,200,198,2,AÇIK OTOPARK,0,0,08:00-17:00
2026-09-01T21:08:41.734109+00:00,2026-09-02T00:08:41.734109+03:00,1088,Avcılar İdo,AVCILAR,40.9712,28.7185,270,262,8,AÇIK OTOPARK,0,0,13:00-07:00
2026-09-01T21:08:41.734109+00:00,2026-09-02T00:08:41.734109+03:00,2885,Azapkapı Haliç Metro Otoparkı,ŞİŞLİ,41.0245,28.9691,80,59,21,AÇIK OTOPARK,1,5,24 Saat
2026-09-01T21:08:41.734109+00:00,2026-09-02T00:08:41.734109+03:00,2455,Azerbaycan Dostluk Parkı Zemin Altı Otoparkı,BAĞCILAR,41.0444,28.854,400,125,275,KAPALI OTOPARK,0,10,24 Saat
2026-09-01T21:08:41.734109+00:00,2026-09-02T00:08:41.734109+03:00,2965,Bağcılar Çolakoğlu Zemin Altı Otoparkı,BAĞCILAR,41.0324,28.8345,106,0,106,KAPALI OTOPARK,1,5,24 Saat
2026-09-01T21:08:41.734109+00:00,2026-09-02T00:08:41.734109+03:00,2576,Bağcılar Demirkapı Zemin Altı Otoparkı,BAĞCILAR,41.0499,28.8327,343,122,221,KAPALI OTOPARK,1,5,24 Saat
2026-09-01T21:08:41.734109+00:00,2026-09-02T00:08:41.734109+03:00,3036,Bağcılar Devlet Hastanesi Yanı Zeminaltı Otoparkı,BAĞCILAR,41.0312,28.8696,1133,82,1051,KAPALI OTOPARK,1,15,24 Saat
2026-09-01T21:08:41.734109+00:00,2026-09-02T00:08:41.734109+03:00,3071,Bağcılar Emniyet Müdürlüğü Yanı Açık Otoparkı,BAĞCILAR,41.0353,28.8598,100,0,100,AÇIK OTOPARK,1,0,24 Saat
2026-09-01T21:08:41.734109+00:00,2026-09-02T00:08:41.734109+03:00,2873,Bağcılar Göztepe Zemin Altı,BAĞCILAR,41.0567,28.8355,120,0,120,KAPALI OTOPARK,1,5,24 Saat
2026-09-01T21:08:41.734109+00:00,2026-09-02T00:08:41.734109+03:00,3187,Bağcılar Hürriyet Mahallesi Zemin Altı Otoparkı,BAĞCILAR,41.0291,28.8333,355,0,355,KAPALI OTOPARK,1,10,24 Saat
2026-09-01T21:08:41.734109+00:00,2026-09-02T00:08:41.734109+03:00,2916,Bağcılar Kent Meydanı PD Zemin Altı Otoparkı,BAĞCILAR,41.0339,28.8556,1162,0,1162,KAPALI OTOPARK,0,0,24 Saat
2026-09-01T21:08:41.734109+00:00,2026-09-02T00:08:41.734109+03:00,3261,Bağcılar Yenimahalle Zemin Altı Otoparkı,BAĞCILAR,41.0425,28.8395,525,250,275,KAPALI OTOPARK,1,15,24 Saat
2026-09-01T21:08:41.734109+00:00,2026-09-02T00:08:41.734109+03:00,2820,Bağcılar Yıldıztepe Katlı Otoparkı,BAĞCILAR,41.0294,28.8556,350,0,350,KAPALI OTOPARK,1,10,24 Saat
2026-09-01T21:08:41.734109+00:00,2026-09-02T00:08:41.734109+03:00,3447,Bahçelievler 23 Nisan Milli Egemenlik Zeminaltı Otoparkı,BAHÇELİEVLER,40.9988,28.8472,732,343,389,KAPALI OTOPARK,1,10,24 Saat
2026-09-01T21:08:41.734109+00:00,2026-09-02T00:08:41.734109+03:00,2993,Bahçelievler Cumhuriyet Zeminaltı Otoparkı,BAHÇELİEVLER,41.0149,28.859,663,0,663,KAPALI OTOPARK,0,10,24 Saat
2026-09-01T21:08:41.734109+00:00,2026-09-02T00:08:41.734109+03:00,2969,Bahçelievler Devlet Hastanesi Yanı Katlı Otoparkı,BAHÇELİEVLER,41.0072,28.8442,740,0,740,KAPALI OTOPARK,1,0,24 Saat
2026-09-01T21:08:41.734109+00:00,2026-09-02T00:08:41.734109+03:00,3051,Bahçelievler Zafer Mh. Zeminaltı Otoparkı,BAHÇELİEVLER,41.0036,28.8351,200,38,162,KAPALI OTOPARK,1,0,24 Saat
2026-09-01T21:08:41.734109+00:00,2026-09-02T00:08:41.734109+03:00,3236,Bahçeşehir Gölet Açık Otoparkı,BAŞAKŞEHİR,41.0719,28.6901,200,1,199,AÇIK OTOPARK,0,0,12:00-22:00
2026-09-01T21:08:41.734109+00:00,2026-09-02T00:08:41.734109+03:00,1465,Bakırköy İdo Açık Otoparkı,BAKIRKÖY,40.9739,28.8761,160,122,38,AÇIK OTOPARK,1,10,24 Saat
2026-09-01T21:08:41.734109+00:00,2026-09-02T00:08:41.734109+03:00,1104,Balmumcu Katlı Otoparkı,BEŞİKTAŞ,41.0636,29.0109,400,317,83,KAPALI OTOPARK,1,5,24 Saat
2026-09-01T21:08:41.734109+00:00,2026-09-02T00:08:41.734109+03:00,2350,Bayrampaşa Adapark Katlı Otoparkı,BAYRAMPAŞA,41.0647,28.8875,650,0,650,KAPALI OTOPARK,0,15,24 Saat
2026-09-01T21:08:41.734109+00:00,2026-09-02T00:08:41.734109+03:00,2892,Bayrampaşa Altıntepsi Zemin  Altı Otoparkı,BAYRAMPAŞA,41.0393,28.9029,110,0,110,KAPALI OTOPARK,0,10,24 Saat
2026-09-01T21:08:41.734109+00:00,2026-09-02T00:08:41.734109+03:00,2909,Bayrampaşa Atatürk Parkı  Zemin Altı Otoparkı,BAYRAMPAŞA,41.0342,28.9123,442,0,442,KAPALI OTOPARK,0,10,24 Saat
2026-09-01T21:08:41.734109+00:00,2026-09-02T00:08:41.734109+03:00,2683,Bayrampaşa Devlet Hastanesi Cep Otoparkı,BAYRAMPAŞA,41.0414,28.9031,55,34,21,AÇIK OTOPARK,0,0,08:00-19:00
2026-09-01T21:08:41.734109+00:00,2026-09-02T00:08:41.734109+03:00,3301,Bayrampaşa Kocatepe Mahallesi Zemin Altı Otoparkı,BAYRAMPAŞA,41.0545,28.8964,241,0,241,KAPALI OTOPARK,1,10,24 Saat
2026-09-01T21:08:41.734109+00:00,2026-09-02T00:08:41.734109+03:00,2053,Bayrampaşa Muratpaşa Yer Altı Otoparkı,BAYRAMPAŞA,41.047,28.9082,300,0,300,KAPALI OTOPARK,0,15,24 Saat
2026-09-01T21:08:41.734109+00:00,2026-09-02T00:08:41.734109+03:00,3175,Bayrampaşa Spor Kompleksi Zemin Altı Otoparkı,BAYRAMPAŞA,41.0446,28.9106,205,0,205,KAPALI OTOPARK,1,15,24 Saat
2026-09-01T21:08:41.734109+00:00,2026-09-02T00:08:41.734109+03:00,3382,Bayrampaşa Şehit Kamil Balkan Zemin Altı Otoparkı,BAYRAMPAŞA,41.0604,28.9008,235,0,235,KAPALI OTOPARK,1,10,24 Saat
2026-09-01T21:08:41.734109+00:00,2026-09-02T00:08:41.734109+03:00,2428,Bayrampaşa Yenidoğan Mahallesi Zemin Altı Otoparkı,BAYRAMPAŞA,41.0395,28.9088,120,0,120,KAPALI OTOPARK,0,10,24 Saat
2026-09-01T21:08:41.734109+00:00,2026-09-02T00:08:41.734109+03:00,2468,Bebek Açık,BEŞİKTAŞ,41.077,29.0434,30,0,30,AÇIK OTOPARK,0,0,24 Saat
2026-09-01T21:08:41.734109+00:00,2026-09-02T00:08:41.734109+03:00,3479,Beşiktaş Halk Pazarı Açık Otoparkı,BEŞİKTAŞ,41.0496,29.0004,170,100,70,AÇIK OTOPARK,1,5,24 Saat
2026-09-01T21:08:41.734109+00:00,2026-09-02T00:08:41.734109+03:00,2201,Beykoz Pazar Yeri Açık Otoparkı,BEYKOZ,41.1401,29.0863,1000,1,999,AÇIK OTOPARK,0,0,09:00-18:00
2026-09-01T21:08:41.734109+00:00,2026-09-02T00:08:41.734109+03:00,3257,Beykoz Sahil Cep Otoparkı,BEYKOZ,41.1286,29.0953,100,76,24,AÇIK OTOPARK,0,0,08:00-00:00
2026-09-01T21:08:41.734109+00:00,2026-09-02T00:08:41.734109+03:00,2273,Beykoz Sosyal Tesisleri,BEYKOZ,41.1143,29.0888,130,33,97,AÇIK OTOPARK,0,15,08:00-00:00
2026-09-01T21:08:41.734109+00:00,2026-09-02T00:08:41.734109+03:00,2999,Beyoğlu Gazhane Bostan Sokak 2,BEYOĞLU,41.0389,28.9903,35,1,34,YOL ÜSTÜ,0,0,07:30-16:30
2026-09-01T21:08:41.734109+00:00,2026-09-02T00:08:41.734109+03:00,3072,Beyoğlu Örnektepe Zemin Altı Otoparkı,BEYOĞLU,41.0543,28.9548,143,0,143,KAPALI OTOPARK,0,0,24 Saat
2026-09-01T21:08:41.734109+00:00,2026-09-02T00:08:41.734109+03:00,1455,Bostancı Açık,KADIKÖY,40.9523,29.0902,394,190,204,AÇIK OTOPARK,0,15,24 Saat
2026-09-01T21:08:41.734109+00:00,2026-09-02T00:08:41.734109+03:00,1456,Bostancı Sahil-Cep Açık Otoparkı,KADIKÖY,40.9545,29.0885,192,150,42,AÇIK OTOPARK,0,15,24 Saat
2026-09-01T21:08:41.734109+00:00,2026-09-02T00:08:41.734109+03:00,2150,Bostancı Vergi Dairesi Açık Otoparkı,ATAŞEHİR,40.9625,29.1083,155,0,155,AÇIK OTOPARK,0,5,08:00-20:00
2026-09-01T21:08:41.734109+00:00,2026-09-02T00:08:41.734109+03:00,2854,Bülent Ecevit Kültür Merkezi Açık Otoparkı,KARTAL,40.8852,29.1967,277,264,13,AÇIK OTOPARK,0,0,10:00-21:00
2026-09-01T21:08:41.734109+00:00,2026-09-02T00:08:41.734109+03:00,2866,Büyük İstanbul Otogarı,BAYRAMPAŞA,41.0402,28.8942,1000,0,1000,AÇIK OTOPARK,1,25,24 Saat
2026-09-01T21:08:41.734109+00:00,2026-09-02T00:08:41.734109+03:00,1192,Büyükçamlıca Korusu Sosyal Tesisleri Önü,ÜSKÜDAR,41.0264,29.0698,204,110,94,AÇIK OTOPARK,0,0,08:00-00:00
2026-09-01T21:08:41.734109+00:00,2026-09-02T00:08:41.734109+03:00,2960,Büyükçekmece Metrobüs Durağı Yanı PD Zemin Altı Otopark,BÜYÜKÇEKMECE,41.0221,28.624,448,321,127,KAPALI OTOPARK,0,0,24 Saat
2026-09-01T21:08:41.734109+00:00,2026-09-02T00:08:41.734109+03:00,1503,Cadde Bostan Açık Otoparkı,KADIKÖY,40.9636,29.0675,66,53,13,AÇIK OTOPARK,0,15,24 Saat
2026-09-01T21:08:41.734109+00:00,2026-09-02T00:08:41.734109+03:00,2933,Cemal Kamacı Spor Kompleksi Zemin Altı Otoparkı,KAĞITHANE,41.0536,28.9575,510,0,510,KAPALI OTOPARK,1,0,24 Saat
2026-09-01T21:08:41.734109+00:00,2026-09-02T00:08:41.734109+03:00,2207,Cengiz Topel Yer Altı Katlı Otoparkı,ESENLER,41.0588,28.8643,144,0,144,KAPALI OTOPARK,0,15,24 Saat
2026-09-01T21:08:41.734109+00:00,2026-09-02T00:08:41.734109+03:00,2787,Cevizli Açık Otoparkı,KARTAL,40.9179,29.1712,100,91,9,AÇIK OTOPARK,0,15,08:00-19:00
2026-09-01T21:08:41.734109+00:00,2026-09-02T00:08:41.734109+03:00,782,Cihangir Caddesi 2,BEYOĞLU,41.0319,28.9862,70,1,69,YOL ÜSTÜ,0,15,09:00-19:00
2026-09-01T21:08:41.734109+00:00,2026-09-02T00:08:41.734109+03:00,1467,Cihangir Katlı Otoparkı,BEYOĞLU,41.0318,28.9858,350,0,350,KAPALI OTOPARK,1,0,24 Saat
2026-09-01T21:08:41.734109+00:00,2026-09-02T00:08:41.734109+03:00,535,Cihannuma Yol Üstü 1,BEŞİKTAŞ,41.0454,29.0084,35,1,34,YOL ÜSTÜ,0,0,08:00-23:00
2026-09-01T21:08:41.734109+00:00,2026-09-02T00:08:41.734109+03:00,537,Cihannuma Yol Üstü 3,BEŞİKTAŞ,41.0459,29.0087,33,1,32,YOL ÜSTÜ,0,0,08:00-23:00
2026-09-01T21:08:41.734109+00:00,2026-09-02T00:08:41.734109+03:00,539,Cihannuma Yol Üstü 5,BEŞİKTAŞ,41.0489,29.0094,24,1,23,YOL ÜSTÜ,0,0,08:00-23:00
2026-09-01T21:08:41.734109+00:00,2026-09-02T00:08:41.734109+03:00,3184,Çam Sokak 6,GÜNGÖREN,41.0121,28.8882,50,1,49,YOL ÜSTÜ,0,15,08:00-17:00
2026-09-01T21:08:41.734109+00:00,2026-09-02T00:08:41.734109+03:00,3030,Çekmeköy Metro PD Zemin Altı Otoparkı,ÇEKMEKÖY,41.0147,29.1886,175,54,121,KAPALI OTOPARK,0,15,24 Saat
2026-09-01T21:08:41.734109+00:00,2026-09-02T00:08:41.734109+03:00,2905,Çeliktepe Açık Otoparkı,KAĞITHANE,41.0843,29.0056,200,67,133,AÇIK OTOPARK,1,5,24 Saat
2026-09-01T21:08:41.734109+00:00,2026-09-02T00:08:41.734109+03:00,1298,Çengelköy Açık Otoparkı,ÜSKÜDAR,41.0484,29.0533,500,0,500,AÇIK OTOPARK,0,15,24 Saat
2026-09-01T21:08:41.734109+00:00,2026-09-02T00:08:41.734109+03:00,502,Çınar Açık Otoparkı,BEŞİKTAŞ,41.0853,29.0088,65,1,64,AÇIK OTOPARK,0,0,08:00-18:00
2026-09-01T21:08:41.734109+00:00,2026-09-02T00:08:41.734109+03:00,777,Çırağan Sarayı Yol Üstü 1,BEŞİKTAŞ,41.0448,29.0165,40,1,39,YOL ÜSTÜ,0,15,08:00-23:00
2026-09-01T21:08:41.734109+00:00,2026-09-02T00:08:41.734109+03:00,778,Çırağan Sarayı Yol Üstü 2,BEŞİKTAŞ,41.0445,29.0156,40,1,39,YOL ÜSTÜ,0,15,08:00-23:00
2026-09-01T21:08:41.734109+00:00,2026-09-02T00:08:41.734109+03:00,2228,Çırpıcı Sosyal Tesisler,ZEYTİNBURNU,41,28.8926,128,0,128,AÇIK OTOPARK,0,15,07:00-00:00
2026-09-01T21:08:41.734109+00:00,2026-09-02T00:08:41.734109+03:00,2030,Dalyan Açık Otoparkı,KADIKÖY,40.9632,29.0651,92,44,48,AÇIK OTOPARK,0,15,24 Saat
2026-09-01T21:08:41.734109+00:00,2026-09-02T00:08:41.734109+03:00,2271,Damla Sokak 1,ŞİŞLİ,41.0672,29.0004,17,1,16,YOL ÜSTÜ,0,15,07:30-16:30
2026-09-01T21:08:41.734109+00:00,2026-09-02T00:08:41.734109+03:00,2164,Darüşşafaka Yeraltı Otoparkı,SARIYER,41.1292,29.0252,150,149,1,KAPALI OTOPARK,0,15,08:00-00:00
2026-09-01T21:08:41.734109+00:00,2026-09-02T00:08:41.734109+03:00,1653,Deniz Feneri Otoparkı,FATİH,41.0019,28.9773,175,112,63,AÇIK OTOPARK,0,5,24 Saat
2026-09-01T21:08:41.734109+00:00,2026-09-02T00:08:41.734109+03:00,595,Dostluk Yurdu 1,FATİH,41.0071,28.973,33,1,32,YOL ÜSTÜ,0,15,07:00-17:00
2026-09-01T21:08:41.734109+00:00,2026-09-02T00:08:41.734109+03:00,2237,Dragos Sosyal Tesisleri,KARTAL,40.9017,29.1458,100,73,27,AÇIK OTOPARK,1,15,24 Saat
2026-09-01T21:08:41.734109+00:00,2026-09-02T00:08:41.734109+03:00,3063,Dudullu Metro PD Zemin Altı Otoparkı,ÜMRANİYE,41.0156,29.1633,81,54,27,KAPALI OTOPARK,0,15,07:00-23:30
2026-09-01T21:08:41.734109+00:00,2026-09-02T00:08:41.734109+03:00,1522,Ebu Suut Caddesi 1,FATİH,41.0128,28.9766,35,1,34,YOL ÜSTÜ,0,0,08:00-18:00
2026-09-01T21:08:41.734109+00:00,2026-09-02T00:08:41.734109+03:00,2147,EGS Blokları Açık Otoparkı,BAKIRKÖY,40.9863,28.8354,350,37,313,AÇIK OTOPARK,0,60,09:00-19:30
2026-09-01T21:08:41.734109+00:00,2026-09-02T00:08:41.734109+03:00,2366,Esenler Adem Baştürk Kültür Merkezi Katlı,ESENLER,41.039,28.8846,460,0,460,KAPALI OTOPARK,1,15,24 Saat
2026-09-01T21:08:41.734109+00:00,2026-09-02T00:08:41.734109+03:00,3190,Esenler Havaalanı Mahallesi Zemin Altı Otoparkı,ESENLER,41.0562,28.8674,610,313,297,KAPALI OTOPARK,1,10,24 Saat
2026-09-01T21:08:41.734109+00:00,2026-09-02T00:08:41.734109+03:00,3011,Esenler Menderes Metro İstasyonu Yanı,ESENLER,41.0427,28.8783,68,0,68,AÇIK OTOPARK,1,5,24 Saat
2026-09-01T21:08:41.734109+00:00,2026-09-02T00:08:41.734109+03:00,2822,Esenler Menderes Parkı Zemin Altı Otoparkı,ESENLER,41.0412,28.8729,325,0,325,KAPALI OTOPARK,1,10,24 Saat
2026-09-01T21:08:41.734109+00:00,2026-09-02T00:08:41.734109+03:00,3303,Esenyurt Adile Naşit Bulvarı Zeminaltı Otoparkı,ESENYURT,41.0205,28.6859,367,278,89,KAPALI OTOPARK,1,15,24 Saat
2026-09-01T21:08:41.734109+00:00,2026-09-02T00:08:41.734109+03:00,1328,Eski Salı Pazarı,KADIKÖY,40.9904,29.0338,760,533,227,AÇIK OTOPARK,0,15,24 Saat
2026-09-01T21:08:41.734109+00:00,2026-09-02T00:08:41.734109+03:00,904,Eyüp Pierloti Caddesi 1,EYÜP,41.0539,28.9329,40,1,39,YOL ÜSTÜ,0,0,09:00-22:00
2026-09-01T21:08:41.734109+00:00,2026-09-02T00:08:41.734109+03:00,2850,Eyüpsultan Akşemsettin Mahallesi Zemin Altı Otoparkı,EYÜP,41.085,28.9258,110,0,110,KAPALI OTOPARK,0,15,24 Saat
2026-09-01T21:08:41.734109+00:00,2026-09-02T00:08:41.734109+03:00,2215,Fatih Çeşmesi Tabiat Parkı Otoparkı,SARIYER,41.1686,28.9448,250,241,9,AÇIK OTOPARK,0,0,06:00-20:00
2026-09-01T21:08:41.734109+00:00,2026-09-02T00:08:41.734109+03:00,1475,Fatih Katlı Otoparkı,FATİH,41.0198,28.9396,118,28,90,KAPALI OTOPARK,0,10,24 Saat
2026-09-01T21:08:41.734109+00:00,2026-09-02T00:08:41.734109+03:00,1591,Feshane PD Açık Otoparkı,EYÜP,41.0463,28.9378,200,137,63,AÇIK OTOPARK,1,15,24 Saat
2026-09-01T21:08:41.734109+00:00,2026-09-02T00:08:41.734109+03:00,1005,Florya Havuzlu Bahçe,BAKIRKÖY,40.9764,28.7908,135,1,134,AÇIK OTOPARK,0,0,09:00-23:00
2026-09-01T21:08:41.734109+00:00,2026-09-02T00:08:41.734109+03:00,2238,Florya Sosyal Tesisleri,BAKIRKÖY,40.9614,28.8091,1074,1008,66,AÇIK OTOPARK,0,15,24 Saat
2026-09-01T21:08:41.734109+00:00,2026-09-02T00:08:41.734109+03:00,1704,Gazi Umur Paşa Sokak 5,BEŞİKTAŞ,41.0589,29.0114,45,1,44,YOL ÜSTÜ,0,15,08:00-17:00
2026-09-01T21:08:41.734109+00:00,2026-09-02T00:08:41.734109+03:00,3296,Gaziosmanpaşa Meydanı ve Yaşam Merkezi Zemin Altı Otoparkı,GAZİOSMANPAŞA,41.0606,28.9093,202,0,202,KAPALI OTOPARK,1,15,24 Saat
2026-09-01T21:08:41.734109+00:00,2026-09-02T00:08:41.734109+03:00,2971,Gaziosmanpaşa Zemin Altı Otoparkı,GAZİOSMANPAŞA,41.0796,28.8858,285,0,285,KAPALI OTOPARK,1,0,24 Saat
2026-09-01T21:08:41.734109+00:00,2026-09-02T00:08:41.734109+03:00,3401,Giyimkent Tekstilkent Metro Zemin Altı PD Otoparkı,ESENLER,41.0711,28.8666,203,180,23,KAPALI OTOPARK,0,10,24 Saat
2026-09-01T21:08:41.734109+00:00,2026-09-02T00:08:41.734109+03:00,2242,Gözdağı Sosyal Tesisler  Açık Otoparkı,PENDİK,40.893,29.2538,300,215,85,AÇIK OTOPARK,0,0,07:00-23:00
2026-09-01T21:08:41.734109+00:00,2026-09-02T00:08:41.734109+03:00,1879,Gülsuyu Metro PD Yer Altı Otoparkı,MALTEPE,40.9237,29.1548,76,0,76,KAPALI OTOPARK,0,15,08:00-00:00
2026-09-01T21:08:41.734109+00:00,2026-09-02T00:08:41.734109+03:00,1423,Güneş Plajı 1,BAKIRKÖY,40.9712,28.79,250,218,32,AÇIK OTOPARK,0,10,24 Saat
2026-09-01T21:08:41.734109+00:00,2026-09-02T00:08:41.734109+03:00,1461,Güneş Plajı 2,BAKIRKÖY,40.9692,28.7951,135,112,23,AÇIK OTOPARK,0,10,08:00-20:00
2026-09-01T21:08:41.734109+00:00,2026-09-02T00:08:41.734109+03:00,3053,Güngören Nikah Dairesi Zemin Altı otoparkı,GÜNGÖREN,41.0363,28.8718,147,0,147,KAPALI OTOPARK,1,10,24 Saat
2026-09-01T21:08:41.734109+00:00,2026-09-02T00:08:41.734109+03:00,2216,Gürpınar Balık Hali Otoparkı,BEYLİKDÜZÜ,40.9663,28.6019,1000,622,378,AÇIK OTOPARK,0,15,24 Saat
2026-09-01T21:08:41.734109+00:00,2026-09-02T00:08:41.734109+03:00,1525,Hacıosman Metro Yer Altı Otoparkı,SARIYER,41.14,29.0306,422,328,94,KAPALI OTOPARK,0,15,24 Saat
2026-09-01T21:08:41.734109+00:00,2026-09-02T00:08:41.734109+03:00,1470,Haldun Alagaş Katlı Otoparkı,ÜMRANİYE,41.0262,29.1052,197,81,116,KAPALI OTOPARK,1,15,24 Saat
2026-09-01T21:08:41.734109+00:00,2026-09-02T00:08:41.734109+03:00,3235,Haliç Sosyal Tesisleri Otoparkı,FATİH,41.0277,28.9572,60,40,20,AÇIK OTOPARK,0,15,07:00-00:00
2026-09-01T21:08:41.734109+00:00,2026-09-02T00:08:41.734109+03:00,2848,Halkalı Mahallesi Zemin Altı Otoparkı,KÜÇÜKÇEKMECE,41.0359,28.7848,347,270,77,KAPALI OTOPARK,0,15,24 Saat
2026-09-01T21:08:41.734109+00:00,2026-09-02T00:08:41.734109+03:00,2838,Hamidiye Mahallesi Katlı Otoparkı,KAĞITHANE,41.0949,28.971,450,152,298,KAPALI OTOPARK,1,15,24 Saat
2026-09-01T21:08:41.734109+00:00,2026-09-02T00:08:41.734109+03:00,1446,Harbiye Zemin Altı Otoparkı,BEYOĞLU,41.0408,28.9869,142,80,62,KAPALI OTOPARK,0,5,24 Saat
2026-09-01T21:08:41.734109+00:00,2026-09-02T00:08:41.734109+03:00,2332,Haydarpaşa Katlı Otoparkı,ÜSKÜDAR,41.0048,29.0251,840,734,106,KAPALI OTOPARK,1,15,24 Saat
2026-09-01T21:08:41.734109+00:00,2026-09-02T00:08:41.734109+03:00,1987,Haznedar Yer Altı Otoparkı,GÜNGÖREN,41.0083,28.8729,540,0,540,KAPALI OTOPARK,0,0,24 Saat
2026-09-01T21:08:41.734109+00:00,2026-09-02T00:08:41.734109+03:00,377,Hızır Külhani Sokak,FATİH,41.0202,28.9605,32,1,31,YOL ÜSTÜ,0,15,09:00-17:00
2026-09-01T21:08:41.734109+00:00,2026-09-02T00:08:41.734109+03:00,3173,Hürriyet Mahallesi Zeminaltı Otoparkı,GAZİOSMANPAŞA,41.0708,28.8951,190,0,190,KAPALI OTOPARK,1,15,24 Saat
2026-09-01T21:08:41.734109+00:00,2026-09-02T00:08:41.734109+03:00,157,Ihlamur Dere Caddesi 4,BEŞİKTAŞ,41.047,29.0023,27,1,26,YOL ÜSTÜ,0,15,09:00-17:00
2026-09-01T21:08:41.734109+00:00,2026-09-02T00:08:41.734109+03:00,1189,İçerenköy Sebze Meyve Hali Otoparkı,ATAŞEHİR,40.9766,29.1044,600,1,599,AÇIK OTOPARK,0,15,24 Saat
2026-09-01T21:08:41.734109+00:00,2026-09-02T00:08:41.734109+03:00,1127,İshakpaşa Caddesi,FATİH,41.0079,28.9814,200,1,199,YOL ÜSTÜ,0,0,08:00-18:00
2026-09-01T21:08:41.734109+00:00,2026-09-02T00:08:41.734109+03:00,3265,İspark İstanbul West Marina Açık Otoparkı 1,BEYLİKDÜZÜ,40.9636,28.6564,250,1,249,AÇIK OTOPARK,0,15,24 Saat
2026-09-01T21:08:41.734109+00:00,2026-09-02T00:08:41.734109+03:00,2793,İspark Merter Katlı Otoparkı,GÜNGÖREN,41.0097,28.89,900,433,467,KAPALI OTOPARK,1,10,24 Saat
2026-09-01T21:08:41.734109+00:00,2026-09-02T00:08:41.734109+03:00,2430,İspark West İstanbul Marina Açık Otoparkı,BEYLİKDÜZÜ,40.9639,28.6591,1600,896,704,AÇIK OTOPARK,0,15,24 Saat
2026-09-01T21:08:41.734109+00:00,2026-09-02T00:08:41.734109+03:00,381,İstinye 4 ( Cami Önü ),SARIYER,41.1149,29.0571,25,1,24,YOL ÜSTÜ,0,15,08:30-17:30
2026-09-01T21:08:41.734109+00:00,2026-09-02T00:08:41.734109+03:00,1804,İtalyan Hastanesi Karşısı Açık Otoparkı 1,BEYOĞLU,41.028,28.9815,30,1,29,AÇIK OTOPARK,0,0,08:00-19:00
2026-09-01T21:08:41.734109+00:00,2026-09-02T00:08:41.734109+03:00,507,Kabasakal Medrese Önü,FATİH,41.0062,28.9789,65,1,64,AÇIK OTOPARK,0,0,08:00-18:30
2026-09-01T21:08:41.734109+00:00,2026-09-02T00:08:41.734109+03:00,3306,Kabataş Transfer Merkezi Turizm Otobüs Otoparkı,BEYOĞLU,41.0336,28.9923,160,104,56,KAPALI OTOPARK,1,20,24 Saat
2026-09-01T21:08:41.734109+00:00,2026-09-02T00:08:41.734109+03:00,2918,Kadıköy Hasanpaşa Gazhane Katlı Otoparkı,KADIKÖY,40.9972,29.0428,310,197,113,KAPALI OTOPARK,1,15,24 Saat
2026-09-01T21:08:41.734109+00:00,2026-09-02T00:08:41.734109+03:00,1447,Kadıköy İski Açık Otoparkı,KADIKÖY,40.9874,29.0207,124,110,14,AÇIK OTOPARK,0,15,24 Saat
2026-09-01T21:08:41.734109+00:00,2026-09-02T00:08:41.734109+03:00,1655,Kadıköy Metro Açık Otoparkı,KADIKÖY,40.9899,29.0217,74,37,37,AÇIK OTOPARK,0,15,24 Saat
2026-09-01T21:08:41.734109+00:00,2026-09-02T00:08:41.734109+03:00,3445,Kadıköy Uzunçayır PD Açık Otoparkı,KADIKÖY,40.9982,29.0569,70,34,36,AÇIK OTOPARK,0,15,06:30-16:30
2026-09-01T21:08:41.734109+00:00,2026-09-02T00:08:41.734109+03:00,2808,Kadıköy Yeni Salı Pazarı PD Katlı Otoparkı,KADIKÖY,40.9969,29.0486,1350,683,667,KAPALI OTOPARK,1,15,24 Saat
2026-09-01T21:08:41.734109+00:00,2026-09-02T00:08:41.734109+03:00,2811,Kağıthane Harmantepe Zemin Altı Otoparkı,KAĞITHANE,41.0816,28.9907,200,0,200,KAPALI OTOPARK,1,0,24 Saat
2026-09-01T21:08:41.734109+00:00,2026-09-02T00:08:41.734109+03:00,1452,Kalamış Açık Otoparkı,KADIKÖY,40.9687,29.0363,173,141,32,AÇIK OTOPARK,0,15,24 Saat
2026-09-01T21:08:41.734109+00:00,2026-09-02T00:08:41.734109+03:00,1474,Kartal Hasan Doğan Spor Kompleksi,KARTAL,40.8918,29.1897,773,0,773,KAPALI OTOPARK,0,15,24 Saat
2026-09-01T21:08:41.734109+00:00,2026-09-02T00:08:41.734109+03:00,1105,Kartal İdo Açık Otoparkı,KARTAL,40.8874,29.1881,90,21,69,AÇIK OTOPARK,0,15,24 Saat
2026-09-01T21:08:41.734109+00:00,2026-09-02T00:08:41.734109+03:00,1550,Kartal Sahil Açık Otoparkı,KARTAL,40.8875,29.1901,75,58,17,AÇIK OTOPARK,0,5,24 Saat
2026-09-01T21:08:41.734109+00:00,2026-09-02T00:08:41.734109+03:00,3434,Kasımpaşa Sosyal Tesisler Otoparkı,BEYOĞLU,41.0296,28.9673,60,37,23,AÇIK OTOPARK,0,0,07:30-23:00
2026-09-01T21:08:41.734109+00:00,2026-09-02T00:08:41.734109+03:00,1960,Kazlıçeşme Marmaray Açık Otoparkı,ZEYTİNBURNU,40.9922,28.917,700,665,35,AÇIK OTOPARK,0,15,24 Saat
2026-09-01T21:08:41.734109+00:00,2026-09-02T00:08:41.734109+03:00,2994,Kirazlı Metro Durağı PD Açık Otoparkı,BAĞCILAR,41.033,28.8429,112,0,112,AÇIK OTOPARK,0,5,24 Saat
2026-09-01T21:08:41.734109+00:00,2026-09-02T00:08:41.734109+03:00,1528,Kore Şehitleri Caddesi - Yüzbaşı Kaya Aldağon Sokak 1,ŞİŞLİ,41.0719,29.0139,40,1,39,YOL ÜSTÜ,0,15,07:00-16:00
2026-09-01T21:08:41.734109+00:00,2026-09-02T00:08:41.734109+03:00,2449,Kozyatağı Sebze-Meyve Hali,ATAŞEHİR,40.9787,29.1029,1500,1,1499,AÇIK OTOPARK,1,0,24 Saat
2026-09-01T21:08:41.734109+00:00,2026-09-02T00:08:41.734109+03:00,1206,Kutlugün Sokak 2,FATİH,41.0061,28.9801,200,1,199,YOL ÜSTÜ,0,0,08:00-18:00
2026-09-01T21:08:41.734109+00:00,2026-09-02T00:08:41.734109+03:00,3074,Küçük Çamlıca,ÜSKÜDAR,41.0204,29.0653,129,103,26,AÇIK OTOPARK,0,0,08:00-22:00
2026-09-01T21:08:41.734109+00:00,2026-09-02T00:08:41.734109+03:00,3127,Küçükçekmece Cennet Mahallesi Meydan Zemin Altı Otoparkı,KÜÇÜKÇEKMECE,40.9907,28.783,456,0,456,KAPALI OTOPARK,0,10,24 Saat
2026-09-01T21:08:41.734109+00:00,2026-09-02T00:08:41.734109+03:00,2554,Küçükçekmece Fevzi Çakmak Meydanı Zemin Altı Otoparkı,KÜÇÜKÇEKMECE,41.0076,28.7927,1000,449,551,KAPALI OTOPARK,0,10,24 Saat
2026-09-01T21:08:41.734109+00:00,2026-09-02T00:08:41.734109+03:00,2882,Küçüksu Kasrı Açık Otoparkı,BEYKOZ,41.0789,29.0657,98,92,6,AÇIK OTOPARK,0,0,07:00-23:00
2026-09-01T21:08:41.734109+00:00,2026-09-02T00:08:41.734109+03:00,220,Levent Hamidiye,BEŞİKTAŞ,41.0861,29.0076,100,1,99,AÇIK OTOPARK,0,0,08:00-19:00
2026-09-01T21:08:41.734109+00:00,2026-09-02T00:08:41.734109+03:00,1138,Levent Metro Yer Altı Otoparkı,BEŞİKTAŞ,41.0811,29.0105,100,1,99,AÇIK OTOPARK,0,5,07:30-19:30
2026-09-01T21:08:41.734109+00:00,2026-09-02T00:08:41.734109+03:00,2335,Maçka Açık Otoparkı,ŞİŞLİ,41.046,28.9908,75,65,10,AÇIK OTOPARK,1,0,24 Saat
2026-09-01T21:08:41.734109+00:00,2026-09-02T00:08:41.734109+03:00,1859,Maçka Katlı Otoparkı,ŞİŞLİ,41.0484,28.9903,508,0,508,KAPALI OTOPARK,0,0,24 Saat
2026-09-01T21:08:41.734109+00:00,2026-09-02T00:08:41.734109+03:00,3193,Maltepe Rıhtım Caddesi Açık Otoparkı,MALTEPE,40.9258,29.1241,76,52,24,AÇIK OTOPARK,1,0,24 Saat
2026-09-01T21:08:41.734109+00:00,2026-09-02T00:08:41.734109+03:00,2146,Maltepe Süreyyapaşa Çarşısı Açık Otoparkı,MALTEPE,40.9274,29.1225,156,54,102,AÇIK OTOPARK,1,0,24 Saat
2026-09-01T21:08:41.734109+00:00,2026-09-02T00:08:41.734109+03:00,1599,Maslak Açık Otoparkı,SARIYER,41.1166,29.024,150,145,5,AÇIK OTOPARK,0,10,24 Saat
2026-09-01T21:08:41.734109+00:00,2026-09-02T00:08:41.734109+03:00,2100,Matbaacılar Sitesi Yanı,ZEYTİNBURNU,41.0234,28.9187,250,220,30,AÇIK OTOPARK,1,5,24 Saat
2026-09-01T21:08:41.734109+00:00,2026-09-02T00:08:41.734109+03:00,920,Meclis-i Mebusan Yokuşu 2,BEYOĞLU,41.0326,28.9882,34,1,33,YOL ÜSTÜ,0,15,09:00-17:00
2026-09-01T21:08:41.734109+00:00,2026-09-02T00:08:41.734109+03:00,1546,Menekşe Plajı Açık Otoparkı,BAKIRKÖY,40.9761,28.7766,200,199,1,AÇIK OTOPARK,0,0,24 Saat
2026-09-01T21:08:41.734109+00:00,2026-09-02T00:08:41.734109+03:00,1376,Mercan Açık,FATİH,41.0136,28.9669,130,130,0,AÇIK OTOPARK,0,0,08:00-23:00
2026-09-01T21:08:41.734109+00:00,2026-09-02T00:08:41.734109+03:00,3309,Mercan Ali Paşa Sarayı Zemin Altı Otoparkı,FATİH,41.0136,28.967,196,1,195,KAPALI OTOPARK,0,0,07:00-21:00
2026-09-01T21:08:41.734109+00:00,2026-09-02T00:08:41.734109+03:00,1472,Merter Katlı Otoparkı,GÜNGÖREN,41.0092,28.8874,1000,891,109,KAPALI OTOPARK,0,10,24 Saat
2026-09-01T21:08:41.734109+00:00,2026-09-02T00:08:41.734109+03:00,2375,Merter Metro PD Zeminaltı Otoparkı,GÜNGÖREN,41.0037,28.8897,242,87,155,KAPALI OTOPARK,1,10,24 Saat
2026-09-01T21:08:41.734109+00:00,2026-09-02T00:08:41.734109+03:00,1568,Mete Caddesi 1,BEYOĞLU,41.0382,28.9879,31,1,30,YOL ÜSTÜ,0,15,08:00-23:00
2026-09-01T21:08:41.734109+00:00,2026-09-02T00:08:41.734109+03:00,1471,Mevlana Yeraltı Katlı Otoparkı,ZEYTİNBURNU,41.0072,28.9049,1000,848,152,KAPALI OTOPARK,0,5,24 Saat
2026-09-01T21:08:41.734109+00:00,2026-09-02T00:08:41.734109+03:00,2709,Millet Caddesi Açık Otoparkı,FATİH,41.01,28.9461,60,1,59,AÇIK OTOPARK,0,15,24 Saat
2026-09-01T21:08:41.734109+00:00,2026-09-02T00:08:41.734109+03:00,3152,Mimar Sinan Zemin Altı Otoparkı,ÜSKÜDAR,41.0222,29.0169,956,613,343,KAPALI OTOPARK,0,15,24 Saat
2026-09-01T21:08:41.734109+00:00,2026-09-02T00:08:41.734109+03:00,2870,Miniatürk Çadır Açık Otoparkı,BEYOĞLU,41.0594,28.9501,250,17,233,AÇIK OTOPARK,0,15,07:00-20:00
2026-09-01T21:08:41.734109+00:00,2026-09-02T00:08:41.734109+03:00,2556,Muallim Naci Açık Otoparkı,BEŞİKTAŞ,41.0561,29.0342,35,23,12,AÇIK OTOPARK,1,15,24 Saat
2026-09-01T21:08:41.734109+00:00,2026-09-02T00:08:41.734109+03:00,569,Oda Kule Önü 1,BEYOĞLU,41.0322,28.9751,24,1,23,YOL ÜSTÜ,0,0,07:00-01:00
2026-09-01T21:08:41.734109+00:00,2026-09-02T00:08:41.734109+03:00,1988,Orhangazi Şehir Parkı PD Açık Otoparkı,MALTEPE,40.9313,29.1161,5022,4411,611,AÇIK OTOPARK,1,15,24 Saat
2026-09-01T21:08:41.734109+00:00,2026-09-02T00:08:41.734109+03:00,152,Ortabahçe Caddesi 2,BEŞİKTAŞ,41.0428,29.0043,35,1,34,YOL ÜSTÜ,0,15,08:00-23:00
2026-09-01T21:08:41.734109+00:00,2026-09-02T00:08:41.734109+03:00,153,Ortabahçe Caddesi 3,BEŞİKTAŞ,41.043,29.0042,26,1,25,YOL ÜSTÜ,0,15,08:00-23:00
2026-09-01T21:08:41.734109+00:00,2026-09-02T00:08:41.734109+03:00,119,Ortaklar Caddesi 1,ŞİŞLİ,41.0638,28.9971,25,1,24,YOL ÜSTÜ,0,15,08:30-17:00
2026-09-01T21:08:41.734109+00:00,2026-09-02T00:08:41.734109+03:00,1343,Ortaköy Açık Otoparkı,BEŞİKTAŞ,41.0504,29.0326,170,149,21,AÇIK OTOPARK,1,0,24 Saat
2026-09-01T21:08:41.734109+00:00,2026-09-02T00:08:41.734109+03:00,572,Ortaköy Portakal Yokuşu 1,BEŞİKTAŞ,41.0503,29.0261,15,1,14,YOL ÜSTÜ,0,15,09:00-19:00
2026-09-01T21:08:41.734109+00:00,2026-09-02T00:08:41.734109+03:00,1039,Öğretmen Evi,AVCILAR,40.9723,28.714,80,41,39,AÇIK OTOPARK,0,0,11:00-23:00
2026-09-01T21:08:41.734109+00:00,2026-09-02T00:08:41.734109+03:00,1466,Pendik Katlı Otoparkı,PENDİK,40.8789,29.2342,120,0,120,KAPALI OTOPARK,0,15,24 Saat
2026-09-01T21:08:41.734109+00:00,2026-09-02T00:08:41.734109+03:00,3073,Pendik Kemal Kalkuz Parkı Zemin Altı Otoparkı,PENDİK,40.8885,29.2427,224,1,223,KAPALI OTOPARK,0,0,09:00-18:00
2026-09-01T21:08:41.734109+00:00,2026-09-02T00:08:41.734109+03:00,3019,Pendik Meydan Zemin Altı Otoparkı,PENDİK,40.8752,29.2324,937,0,937,KAPALI OTOPARK,1,0,24 Saat
2026-09-01T21:08:41.734109+00:00,2026-09-02T00:08:41.734109+03:00,2865,Pendik Sahil Engelliler Merkez Önü,PENDİK,40.8735,29.233,100,66,34,AÇIK OTOPARK,0,0,11:00-20:00
2026-09-01T21:08:41.734109+00:00,2026-09-02T00:08:41.734109+03:00,2434,Pendik Sahil İdo,PENDİK,40.8755,29.2369,100,0,100,AÇIK OTOPARK,0,0,07:00-23:00
2026-09-01T21:08:41.734109+00:00,2026-09-02T00:08:41.734109+03:00,248,Pendik Yenimahalle Açık 2 Otoparkı,PENDİK,40.864,29.2723,124,111,13,AÇIK OTOPARK,0,15,10:00-22:00
2026-09-01T21:08:41.734109+00:00,2026-09-02T00:08:41.734109+03:00,297,Perşembe Pazarı 1,BEYOĞLU,41.0252,28.9693,32,1,31,YOL ÜSTÜ,0,15,08:00-17:00
2026-09-01T21:08:41.734109+00:00,2026-09-02T00:08:41.734109+03:00,597,Pierre Loti Caddesi 3,FATİH,41.0069,28.9711,36,1,35,YOL ÜSTÜ,0,0,07:00-17:00
2026-09-01T21:08:41.734109+00:00,2026-09-02T00:08:41.734109+03:00,3263,Piyalepaşa Meydanı Zemin Altı Otoparkı,BEYOĞLU,41.0445,28.9674,560,163,397,KAPALI OTOPARK,0,0,24 Saat
2026-09-01T21:08:41.734109+00:00,2026-09-02T00:08:41.734109+03:00,1900,Ragıp Gümüşpala Cad.(Sobacılar Önü),FATİH,41.0181,28.969,40,1,39,YOL ÜSTÜ,0,15,07:00-18:00
2026-09-01T21:08:41.734109+00:00,2026-09-02T00:08:41.734109+03:00,415,Ragıp Gümüşpala Camii Önü 1,FATİH,41.0211,28.9627,35,1,34,YOL ÜSTÜ,0,0,07:00-17:30
2026-09-01T21:08:41.734109+00:00,2026-09-02T00:08:41.734109+03:00,3268,Refik Saydam Caddesi 3,BEYOĞLU,41.032,28.9736,55,1,54,YOL ÜSTÜ,0,0,06:00-23:00
2026-09-01T21:08:41.734109+00:00,2026-09-02T00:08:41.734109+03:00,2307,Ressam Halim Sokak PD Açık Otoparkı,BAHÇELİEVLER,40.9967,28.8641,120,118,2,AÇIK OTOPARK,0,15,08:00-00:00
2026-09-01T21:08:41.734109+00:00,2026-09-02T00:08:41.734109+03:00,1016,Röne Park Önü 1,BAKIRKÖY,40.9577,28.8319,26,1,25,YOL ÜSTÜ,0,0,11:00-23:00
2026-09-01T21:08:41.734109+00:00,2026-09-02T00:08:41.734109+03:00,3082,Rumeli Hisarı Sahil Yolu Otoparkı,SARIYER,41.0854,29.0568,20,3,17,AÇIK OTOPARK,1,0,24 Saat
2026-09-01T21:08:41.734109+00:00,2026-09-02T00:08:41.734109+03:00,1595,Sabiha Gökçen Açık Otoparkı,PENDİK,40.925,29.308,1056,307,749,AÇIK OTOPARK,0,15,24 Saat
2026-09-01T21:08:41.734109+00:00,2026-09-02T00:08:41.734109+03:00,3239,Samatya Sahil Cep Otoparkı,FATİH,40.9954,28.932,113,88,25,AÇIK OTOPARK,1,15,24 Saat
2026-09-01T21:08:41.734109+00:00,2026-09-02T00:08:41.734109+03:00,3273,Sarıyer Büyükdere Fidanlığı,SARIYER,41.1548,29.0268,160,156,4,AÇIK OTOPARK,0,0,08:00-18:00
2026-09-01T21:08:41.734109+00:00,2026-09-02T00:08:41.734109+03:00,3299,Sariyer Ayazağa Mah Vadi İstanbul Önü Açık Otoparkı,SARIYER,41.1106,28.9881,100,96,4,AÇIK OTOPARK,0,0,08:00-20:00
2026-09-01T21:08:41.734109+00:00,2026-09-02T00:08:41.734109+03:00,1303,Seyrantepe Katlı (Arena Karşısı) 1,KAĞITHANE,41.101,28.9961,1897,1,1896,KAPALI OTOPARK,1,0,24 Saat
2026-09-01T21:08:41.734109+00:00,2026-09-02T00:08:41.734109+03:00,1628,Sıracevizler Caddesi Yol Üstü 5,ŞİŞLİ,41.0607,28.9841,45,1,44,YOL ÜSTÜ,0,15,09:00-17:00
2026-09-01T21:08:41.734109+00:00,2026-09-02T00:08:41.734109+03:00,1486,Siyavuşpaşa Yer Altı Otoparkı,BAHÇELİEVLER,40.9965,28.8532,155,0,155,KAPALI OTOPARK,1,0,24 Saat
2026-09-01T21:08:41.734109+00:00,2026-09-02T00:08:41.734109+03:00,1958,Soğanlık Metro PD Açık Otoparkı,KARTAL,40.9131,29.1925,898,871,27,AÇIK OTOPARK,0,15,24 Saat
2026-09-01T21:08:41.734109+00:00,2026-09-02T00:08:41.734109+03:00,589,Su Terazisi Sokak,FATİH,41.0046,28.9727,22,1,21,YOL ÜSTÜ,0,0,07:30-17:00
2026-09-01T21:08:41.734109+00:00,2026-09-02T00:08:41.734109+03:00,1478,Suadiye Cep Açık Otoparkı,KADIKÖY,40.9586,29.0732,130,104,26,AÇIK OTOPARK,0,15,24 Saat
2026-09-01T21:08:41.734109+00:00,2026-09-02T00:08:41.734109+03:00,2948,Suadiye Sahil Açık Otoparkı,KADIKÖY,40.9562,29.0797,70,52,18,AÇIK OTOPARK,1,5,24 Saat
2026-09-01T21:08:41.734109+00:00,2026-09-02T00:08:41.734109+03:00,2799,Sultanbeyli Emir Caddesi Zemin Altı Otoparkı,SULTANBEYLİ,40.9707,29.2606,130,129,1,KAPALI OTOPARK,0,15,08:00-22:00
2026-09-01T21:08:41.734109+00:00,2026-09-02T00:08:41.734109+03:00,2372,Sultanbeyli Kent Meydanı Zemin Altı Otoparkı,SULTANBEYLİ,40.9667,29.2667,300,183,117,KAPALI OTOPARK,1,15,24 Saat
2026-09-01T21:08:41.734109+00:00,2026-09-02T00:08:41.734109+03:00,2410,Sultangazi Zemin Altı Otoparkı,SULTANGAZİ,41.0944,28.8649,104,0,104,KAPALI OTOPARK,1,10,24 Saat
2026-09-01T21:08:41.734109+00:00,2026-09-02T00:08:41.734109+03:00,2085,Süleyman Seba Caddesi 2,BEŞİKTAŞ,41.0426,28.9998,40,1,39,YOL ÜSTÜ,0,15,08:00-18:00
2026-09-01T21:08:41.734109+00:00,2026-09-02T00:08:41.734109+03:00,2088,Süleyman Seba Caddesi 5,BEŞİKTAŞ,41.0432,28.9978,40,1,39,YOL ÜSTÜ,0,15,08:00-18:00
2026-09-01T21:08:41.734109+00:00,2026-09-02T00:08:41.734109+03:00,2089,Süleyman Seba Caddesi 6,BEŞİKTAŞ,41.0435,28.9967,11,1,10,YOL ÜSTÜ,0,15,08:00-18:00
2026-09-01T21:08:41.734109+00:00,2026-09-02T00:08:41.734109+03:00,2391,Süleymaniye Cami Altı Açık Otoparkı,FATİH,41.0158,28.961,250,232,18,AÇIK OTOPARK,0,0,06:30-18:30
2026-09-01T21:08:41.734109+00:00,2026-09-02T00:08:41.734109+03:00,1730,Sütlüce Miniatürk Yanı,BEYOĞLU,41.057,28.95,320,221,99,AÇIK OTOPARK,1,15,24 Saat
2026-09-01T21:08:41.734109+00:00,2026-09-02T00:08:41.734109+03:00,36,Şakayık Sokak 4,ŞİŞLİ,41.0518,28.9936,50,1,49,YOL ÜSTÜ,0,15,08:00-16:00
2026-09-01T21:08:41.734109+00:00,2026-09-02T00:08:41.734109+03:00,1469,Şehit Volkan Duysak Katlı Otoparkı,ZEYTİNBURNU,40.9968,28.9039,1000,654,346,KAPALI OTOPARK,0,5,24 Saat
2026-09-01T21:08:41.734109+00:00,2026-09-02T00:08:41.734109+03:00,2385,Şehremini Açık Otoparkı 1,FATİH,41.0135,28.9333,60,1,59,AÇIK OTOPARK,0,0,08:30-20:30
2026-09-01T21:08:41.734109+00:00,2026-09-02T00:08:41.734109+03:00,2855,Şemsipaşa Açık Otoparkı,ÜSKÜDAR,41.0255,29.0097,47,34,13,AÇIK OTOPARK,1,0,24 Saat
2026-09-01T21:08:41.734109+00:00,2026-09-02T00:08:41.734109+03:00,2439,Şirinevler Meydan Zeminaltı Otoparkı,BAHÇELİEVLER,40.9925,28.8496,367,17,350,KAPALI OTOPARK,1,0,24 Saat
2026-09-01T21:08:41.734109+00:00,2026-09-02T00:08:41.734109+03:00,3400,Şişhane Refik Saydam Caddesi 2 Yol Üstü Otoparkı 1,BEYOĞLU,41.0326,28.9743,70,1,69,YOL ÜSTÜ,0,15,06:00-23:00
2026-09-01T21:08:41.734109+00:00,2026-09-02T00:08:41.734109+03:00,3441,Şişli Kuştepe Zemin Altı Otoparkı,ŞİŞLİ,41.072,28.9919,430,278,152,KAPALI OTOPARK,0,15,24 Saat
2026-09-01T21:08:41.734109+00:00,2026-09-02T00:08:41.734109+03:00,2816,Şişli Rumeli Caddesi Metro Yanı 1,ŞİŞLİ,41.0538,28.9868,45,1,44,YOL ÜSTÜ,0,15,08:00-20:00
2026-09-01T21:08:41.734109+00:00,2026-09-02T00:08:41.734109+03:00,2406,Şişli Zemin Altı Otoparkı,ŞİŞLİ,41.0641,28.9992,581,432,149,KAPALI OTOPARK,1,15,24 Saat
2026-09-01T21:08:41.734109+00:00,2026-09-02T00:08:41.734109+03:00,1993,Tuzla İdo,TUZLA,40.8149,29.3039,300,260,40,AÇIK OTOPARK,0,15,24 Saat
2026-09-01T21:08:41.734109+00:00,2026-09-02T00:08:41.734109+03:00,3332,Tuzla Sahil Cep,TUZLA,40.8168,29.2992,50,38,12,AÇIK OTOPARK,0,0,08:00-00:00
2026-09-01T21:08:41.734109+00:00,2026-09-02T00:08:41.734109+03:00,3057,Tuzla Sahil Zemin Altı Otoparkı,TUZLA,40.8181,29.3004,779,1,778,KAPALI OTOPARK,1,15,24 Saat
2026-09-01T21:08:41.734109+00:00,2026-09-02T00:08:41.734109+03:00,1811,Ulu Camii Açık Otoparkı,BAHÇELİEVLER,40.9982,28.8499,150,112,38,AÇIK OTOPARK,1,10,24 Saat
2026-09-01T21:08:41.734109+00:00,2026-09-02T00:08:41.734109+03:00,2424,Uzunçayır Açık Otoparkı,KADIKÖY,40.9988,29.0556,58,52,6,AÇIK OTOPARK,0,0,06:00-16:00
2026-09-01T21:08:41.734109+00:00,2026-09-02T00:08:41.734109+03:00,1468,Ümraniye Katlı Otoparkı,ÜMRANİYE,41.0261,29.0953,665,560,105,KAPALI OTOPARK,0,15,24 Saat
2026-09-01T21:08:41.734109+00:00,2026-09-02T00:08:41.734109+03:00,2898,Ümraniye Okan Sokak Zeminaltı Otoparkı,ÜMRANİYE,41.0284,29.0907,125,13,112,KAPALI OTOPARK,1,15,24 Saat
2026-09-01T21:08:41.734109+00:00,2026-09-02T00:08:41.734109+03:00,2345,Üsküdar Uzunçayır PD Açık Otoparkı,ÜSKÜDAR,40.9988,29.0577,90,84,6,AÇIK OTOPARK,0,15,06:00-22:00
2026-09-01T21:08:41.734109+00:00,2026-09-02T00:08:41.734109+03:00,1929,Üsküdar Ünalan Açık Otoparkı,ÜSKÜDAR,40.9979,29.0604,180,175,5,AÇIK OTOPARK,0,0,07:00-17:00
2026-09-01T21:08:41.734109+00:00,2026-09-02T00:08:41.734109+03:00,1487,Vatan Caddesi PD Açık Otoparkı,FATİH,41.0157,28.9405,397,360,37,AÇIK OTOPARK,0,5,24 Saat
2026-09-01T21:08:41.734109+00:00,2026-09-02T00:08:41.734109+03:00,2441,Yalı Açık Otoparkı,MALTEPE,40.9095,29.137,85,82,3,AÇIK OTOPARK,0,0,07:30-22:00
2026-09-01T21:08:41.734109+00:00,2026-09-02T00:08:41.734109+03:00,459,Yalı Köşkü Caddesi 1,FATİH,41.0163,28.9759,61,1,60,YOL ÜSTÜ,0,5,07:00-21:00
2026-09-01T21:08:41.734109+00:00,2026-09-02T00:08:41.734109+03:00,2037,Yenikapı Marmaray Büyük Otoparkı,FATİH,41.0057,28.9505,324,248,76,AÇIK OTOPARK,1,15,24 Saat
2026-09-01T21:08:41.734109+00:00,2026-09-02T00:08:41.734109+03:00,2036,Yenikapı Marmaray Küçük Otoparkı,FATİH,41.0064,28.9504,200,200,0,AÇIK OTOPARK,0,15,07:00-22:00
2026-09-01T21:08:41.734109+00:00,2026-09-02T00:08:41.734109+03:00,2175,Yenikapı Spor ve Kültür Merkezi PD Açık Otoparkı,FATİH,41.0006,28.9519,4023,3974,49,AÇIK OTOPARK,0,15,24 Saat
2026-09-01T21:08:41.734109+00:00,2026-09-02T00:08:41.734109+03:00,2805,Yenikapı Tünel Üstü Açık Otoparkı,FATİH,41.0029,28.9534,700,529,171,AÇIK OTOPARK,1,10,24 Saat
2026-09-01T21:08:41.734109+00:00,2026-09-02T00:08:41.734109+03:00,3404,Yenimahalle Metro Zemin Altı PD Otoparkı,GAZİOSMANPAŞA,41.0839,28.8926,114,91,23,KAPALI OTOPARK,1,15,24 Saat
2026-09-01T21:08:41.734109+00:00,2026-09-02T00:08:41.734109+03:00,2920,Yeşilce Zemin Altı Katlı Otoparkı,KAĞITHANE,41.0938,29.0017,676,176,500,KAPALI OTOPARK,1,0,24 Saat
2026-09-01T21:08:41.734109+00:00,2026-09-02T00:08:41.734109+03:00,987,Yeşilköy İstasyon Caddesi 1,BAKIRKÖY,40.962,28.825,40,1,39,YOL ÜSTÜ,0,15,09:00-17:30
2026-09-01T21:08:41.734109+00:00,2026-09-02T00:08:41.734109+03:00,974,Yeşilköy Marina 1,BAKIRKÖY,40.9576,28.8233,145,1,144,YOL ÜSTÜ,0,0,12:00-23:00
2026-09-01T21:08:41.734109+00:00,2026-09-02T00:08:41.734109+03:00,3406,Yeşilpınar Metro Zemin Altı PD Otoparkı,EYÜP,41.081,28.9204,269,179,90,KAPALI OTOPARK,1,15,24 Saat
2026-09-01T21:08:41.734109+00:00,2026-09-02T00:08:41.734109+03:00,1133,Yıldız Korusu,BEŞİKTAŞ,41.0514,29.0165,500,1,499,AÇIK OTOPARK,0,0,08:00-22:00
2026-09-01T21:08:41.734109+00:00,2026-09-02T00:08:41.734109+03:00,3185,Zeytinburnu Sahil Cep Otoparkı,ZEYTİNBURNU,40.9798,28.8985,160,1,159,AÇIK OTOPARK,0,0,12:00-22:00
2026-09-01T23:18:43.130771+00:00,2026-09-02T02:18:43.130771+03:00,3068,15 Temmuz Şehitler Meydanı Zeminaltı Otoparkı,ÜMRANİYE,41.0246,29.0915,1029,536,493,KAPALI OTOPARK,0,15,24 Saat
2026-09-01T23:18:43.130771+00:00,2026-09-02T02:18:43.130771+03:00,2338,19 Mayıs Açık,ŞİŞLİ,41.0563,28.9941,65,0,65,AÇIK OTOPARK,1,0,24 Saat
2026-09-01T23:18:43.130771+00:00,2026-09-02T02:18:43.130771+03:00,1751,4.Levent PD Açık Otoparkı,KAĞITHANE,41.0836,29.0081,236,150,86,AÇIK OTOPARK,1,5,24 Saat
2026-09-01T23:18:43.130771+00:00,2026-09-02T02:18:43.130771+03:00,3328,4.Levent Servis ve Turizm Araçları Açık Otoparkı,ŞİŞLİ,41.0841,29.0054,300,125,175,AÇIK OTOPARK,1,15,24 Saat
2026-09-01T23:18:43.130771+00:00,2026-09-02T02:18:43.130771+03:00,3412,5. Levent Gaziosmanpaşa Adliyesi Yanı Açık Otoparkı,EYÜP,41.0927,28.9494,250,233,17,AÇIK OTOPARK,0,15,07:00-23:00
2026-09-01T23:18:43.130771+00:00,2026-09-02T02:18:43.130771+03:00,104,Abide-i Hürriyet Caddesi 5,ŞİŞLİ,41.0619,28.9876,40,1,39,YOL ÜSTÜ,0,15,08:00-17:00
2026-09-01T23:18:43.130771+00:00,2026-09-02T02:18:43.130771+03:00,2452,Acıbadem Açık Otoparkı,ÜSKÜDAR,41.0157,29.0574,100,86,14,AÇIK OTOPARK,0,0,06:30-16:00
2026-09-01T23:18:43.130771+00:00,2026-09-02T02:18:43.130771+03:00,346,Ada Karşısı Cep 2,BEŞİKTAŞ,41.072,29.045,30,1,29,YOL ÜSTÜ,0,15,08:00-23:00
2026-09-01T23:18:43.130771+00:00,2026-09-02T02:18:43.130771+03:00,1663,Akasyalı Sokak Tenis Kulubü Önü 2,BEŞİKTAŞ,41.0867,29.0109,45,1,44,YOL ÜSTÜ,0,15,08:30-17:30
2026-09-01T23:18:43.130771+00:00,2026-09-02T02:18:43.130771+03:00,828,Akdeniz Caddesi 4,FATİH,41.0175,28.9435,27,1,26,YOL ÜSTÜ,0,15,09:00-18:00
2026-09-01T23:18:43.130771+00:00,2026-09-02T02:18:43.130771+03:00,1913,Alibeyköy Cep Otogarı Açık Otoparkı,EYÜP,41.0879,28.9446,116,0,116,AÇIK OTOPARK,1,25,24 Saat
2026-09-01T23:18:43.130771+00:00,2026-09-02T02:18:43.130771+03:00,1912,Alibeyköy Cep Otogarı Otobüs Otoparkı,EYÜP,41.0875,28.9449,5000,178,4822,AÇIK OTOPARK,1,60,24 Saat
2026-09-01T23:18:43.130771+00:00,2026-09-02T02:18:43.130771+03:00,2562,Alibeyköy Yeşiltepe Zemin Altı Otoparkı,EYÜP,41.0797,28.938,159,43,116,KAPALI OTOPARK,0,15,24 Saat
2026-09-01T23:18:43.130771+00:00,2026-09-02T02:18:43.130771+03:00,3201,Altınboynuz Sosyal Tesisleri,EYÜP,41.058,28.9447,70,1,69,AÇIK OTOPARK,0,15,08:00-23:00
2026-09-01T23:18:43.130771+00:00,2026-09-02T02:18:43.130771+03:00,758,Arap Camii Açık Otoparkı,BEYOĞLU,41.0227,28.9723,30,1,29,AÇIK OTOPARK,0,0,09:00-17:00
2026-09-01T23:18:43.130771+00:00,2026-09-02T02:18:43.130771+03:00,2685,Aras Sokak 2,BÜYÜKÇEKMECE,41.023,28.6209,60,1,59,YOL ÜSTÜ,0,0,06:00-14:30
2026-09-01T23:18:43.130771+00:00,2026-09-02T02:18:43.130771+03:00,2802,Arnavutköy Zemin Altı Otoparkı,ARNAVUTKÖY,41.1838,28.7396,700,0,700,KAPALI OTOPARK,1,15,24 Saat
2026-09-01T23:18:43.130771+00:00,2026-09-02T02:18:43.130771+03:00,1797,Ataköy Atrium AVM,BAKIRKÖY,40.9881,28.8459,250,212,38,AÇIK OTOPARK,0,15,08:00-23:00
2026-09-01T23:18:43.130771+00:00,2026-09-02T02:18:43.130771+03:00,2824,Ataköy Metro Durağı Yanı PD Zemin Altı Otoparkı,BAKIRKÖY,40.9904,28.8456,150,75,75,KAPALI OTOPARK,1,0,24 Saat
2026-09-01T23:18:43.130771+00:00,2026-09-02T02:18:43.130771+03:00,359,Atatürk Bulvarı 1,FATİH,41.0112,28.9534,20,1,19,YOL ÜSTÜ,0,0,07:30-18:00
2026-09-01T23:18:43.130771+00:00,2026-09-02T02:18:43.130771+03:00,3087,Atatürk Kent Ormanı Otoparkı,SARIYER,41.136,29.0262,200,198,2,AÇIK OTOPARK,0,0,08:00-17:00
2026-09-01T23:18:43.130771+00:00,2026-09-02T02:18:43.130771+03:00,1088,Avcılar İdo,AVCILAR,40.9712,28.7185,270,262,8,AÇIK OTOPARK,0,0,13:00-07:00
2026-09-01T23:18:43.130771+00:00,2026-09-02T02:18:43.130771+03:00,2885,Azapkapı Haliç Metro Otoparkı,ŞİŞLİ,41.0245,28.9691,80,69,11,AÇIK OTOPARK,1,5,24 Saat
2026-09-01T23:18:43.130771+00:00,2026-09-02T02:18:43.130771+03:00,2455,Azerbaycan Dostluk Parkı Zemin Altı Otoparkı,BAĞCILAR,41.0444,28.854,400,116,284,KAPALI OTOPARK,0,10,24 Saat
2026-09-01T23:18:43.130771+00:00,2026-09-02T02:18:43.130771+03:00,2965,Bağcılar Çolakoğlu Zemin Altı Otoparkı,BAĞCILAR,41.0324,28.8345,106,0,106,KAPALI OTOPARK,1,5,24 Saat
2026-09-01T23:18:43.130771+00:00,2026-09-02T02:18:43.130771+03:00,2576,Bağcılar Demirkapı Zemin Altı Otoparkı,BAĞCILAR,41.0499,28.8327,343,116,227,KAPALI OTOPARK,1,5,24 Saat
2026-09-01T23:18:43.130771+00:00,2026-09-02T02:18:43.130771+03:00,3036,Bağcılar Devlet Hastanesi Yanı Zeminaltı Otoparkı,BAĞCILAR,41.0312,28.8696,1133,76,1057,KAPALI OTOPARK,1,15,24 Saat
2026-09-01T23:18:43.130771+00:00,2026-09-02T02:18:43.130771+03:00,3071,Bağcılar Emniyet Müdürlüğü Yanı Açık Otoparkı,BAĞCILAR,41.0353,28.8598,100,0,100,AÇIK OTOPARK,1,0,24 Saat
2026-09-01T23:18:43.130771+00:00,2026-09-02T02:18:43.130771+03:00,2873,Bağcılar Göztepe Zemin Altı,BAĞCILAR,41.0567,28.8355,120,0,120,KAPALI OTOPARK,1,5,24 Saat
2026-09-01T23:18:43.130771+00:00,2026-09-02T02:18:43.130771+03:00,3187,Bağcılar Hürriyet Mahallesi Zemin Altı Otoparkı,BAĞCILAR,41.0291,28.8333,355,0,355,KAPALI OTOPARK,1,10,24 Saat
2026-09-01T23:18:43.130771+00:00,2026-09-02T02:18:43.130771+03:00,2916,Bağcılar Kent Meydanı PD Zemin Altı Otoparkı,BAĞCILAR,41.0339,28.8556,1162,0,1162,KAPALI OTOPARK,0,0,24 Saat
2026-09-01T23:18:43.130771+00:00,2026-09-02T02:18:43.130771+03:00,3261,Bağcılar Yenimahalle Zemin Altı Otoparkı,BAĞCILAR,41.0425,28.8395,525,245,280,KAPALI OTOPARK,1,15,24 Saat
2026-09-01T23:18:43.130771+00:00,2026-09-02T02:18:43.130771+03:00,2820,Bağcılar Yıldıztepe Katlı Otoparkı,BAĞCILAR,41.0294,28.8556,350,0,350,KAPALI OTOPARK,1,10,24 Saat
2026-09-01T23:18:43.130771+00:00,2026-09-02T02:18:43.130771+03:00,3447,Bahçelievler 23 Nisan Milli Egemenlik Zeminaltı Otoparkı,BAHÇELİEVLER,40.9988,28.8472,732,323,409,KAPALI OTOPARK,1,10,24 Saat
2026-09-01T23:18:43.130771+00:00,2026-09-02T02:18:43.130771+03:00,2993,Bahçelievler Cumhuriyet Zeminaltı Otoparkı,BAHÇELİEVLER,41.0149,28.859,663,0,663,KAPALI OTOPARK,0,10,24 Saat
2026-09-01T23:18:43.130771+00:00,2026-09-02T02:18:43.130771+03:00,2969,Bahçelievler Devlet Hastanesi Yanı Katlı Otoparkı,BAHÇELİEVLER,41.0072,28.8442,740,0,740,KAPALI OTOPARK,1,0,24 Saat
2026-09-01T23:18:43.130771+00:00,2026-09-02T02:18:43.130771+03:00,3051,Bahçelievler Zafer Mh. Zeminaltı Otoparkı,BAHÇELİEVLER,41.0036,28.8351,200,31,169,KAPALI OTOPARK,1,0,24 Saat
2026-09-01T23:18:43.130771+00:00,2026-09-02T02:18:43.130771+03:00,3236,Bahçeşehir Gölet Açık Otoparkı,BAŞAKŞEHİR,41.0719,28.6901,200,1,199,AÇIK OTOPARK,0,0,12:00-22:00
2026-09-01T23:18:43.130771+00:00,2026-09-02T02:18:43.130771+03:00,1465,Bakırköy İdo Açık Otoparkı,BAKIRKÖY,40.9739,28.8761,160,140,20,AÇIK OTOPARK,1,10,24 Saat
2026-09-01T23:18:43.130771+00:00,2026-09-02T02:18:43.130771+03:00,1104,Balmumcu Katlı Otoparkı,BEŞİKTAŞ,41.0636,29.0109,400,319,81,KAPALI OTOPARK,1,5,24 Saat
2026-09-01T23:18:43.130771+00:00,2026-09-02T02:18:43.130771+03:00,2350,Bayrampaşa Adapark Katlı Otoparkı,BAYRAMPAŞA,41.0647,28.8875,650,0,650,KAPALI OTOPARK,0,15,24 Saat
2026-09-01T23:18:43.130771+00:00,2026-09-02T02:18:43.130771+03:00,2892,Bayrampaşa Altıntepsi Zemin  Altı Otoparkı,BAYRAMPAŞA,41.0393,28.9029,110,0,110,KAPALI OTOPARK,0,10,24 Saat
2026-09-01T23:18:43.130771+00:00,2026-09-02T02:18:43.130771+03:00,2909,Bayrampaşa Atatürk Parkı  Zemin Altı Otoparkı,BAYRAMPAŞA,41.0342,28.9123,442,0,442,KAPALI OTOPARK,0,10,24 Saat
2026-09-01T23:18:43.130771+00:00,2026-09-02T02:18:43.130771+03:00,2683,Bayrampaşa Devlet Hastanesi Cep Otoparkı,BAYRAMPAŞA,41.0414,28.9031,55,34,21,AÇIK OTOPARK,0,0,08:00-19:00
2026-09-01T23:18:43.130771+00:00,2026-09-02T02:18:43.130771+03:00,3301,Bayrampaşa Kocatepe Mahallesi Zemin Altı Otoparkı,BAYRAMPAŞA,41.0545,28.8964,241,0,241,KAPALI OTOPARK,1,10,24 Saat
2026-09-01T23:18:43.130771+00:00,2026-09-02T02:18:43.130771+03:00,2053,Bayrampaşa Muratpaşa Yer Altı Otoparkı,BAYRAMPAŞA,41.047,28.9082,300,0,300,KAPALI OTOPARK,0,15,24 Saat
2026-09-01T23:18:43.130771+00:00,2026-09-02T02:18:43.130771+03:00,3175,Bayrampaşa Spor Kompleksi Zemin Altı Otoparkı,BAYRAMPAŞA,41.0446,28.9106,205,0,205,KAPALI OTOPARK,1,15,24 Saat
2026-09-01T23:18:43.130771+00:00,2026-09-02T02:18:43.130771+03:00,3382,Bayrampaşa Şehit Kamil Balkan Zemin Altı Otoparkı,BAYRAMPAŞA,41.0604,28.9008,235,0,235,KAPALI OTOPARK,1,10,24 Saat
2026-09-01T23:18:43.130771+00:00,2026-09-02T02:18:43.130771+03:00,2428,Bayrampaşa Yenidoğan Mahallesi Zemin Altı Otoparkı,BAYRAMPAŞA,41.0395,28.9088,120,0,120,KAPALI OTOPARK,0,10,24 Saat
2026-09-01T23:18:43.130771+00:00,2026-09-02T02:18:43.130771+03:00,2468,Bebek Açık,BEŞİKTAŞ,41.077,29.0434,30,0,30,AÇIK OTOPARK,0,0,24 Saat
2026-09-01T23:18:43.130771+00:00,2026-09-02T02:18:43.130771+03:00,3479,Beşiktaş Halk Pazarı Açık Otoparkı,BEŞİKTAŞ,41.0496,29.0004,170,112,58,AÇIK OTOPARK,1,5,24 Saat
2026-09-01T23:18:43.130771+00:00,2026-09-02T02:18:43.130771+03:00,2201,Beykoz Pazar Yeri Açık Otoparkı,BEYKOZ,41.1401,29.0863,1000,1,999,AÇIK OTOPARK,0,0,09:00-18:00
2026-09-01T23:18:43.130771+00:00,2026-09-02T02:18:43.130771+03:00,3257,Beykoz Sahil Cep Otoparkı,BEYKOZ,41.1286,29.0953,100,76,24,AÇIK OTOPARK,0,0,08:00-00:00
2026-09-01T23:18:43.130771+00:00,2026-09-02T02:18:43.130771+03:00,2273,Beykoz Sosyal Tesisleri,BEYKOZ,41.1143,29.0888,130,11,119,AÇIK OTOPARK,0,15,08:00-00:00
2026-09-01T23:18:43.130771+00:00,2026-09-02T02:18:43.130771+03:00,2999,Beyoğlu Gazhane Bostan Sokak 2,BEYOĞLU,41.0389,28.9903,35,1,34,YOL ÜSTÜ,0,0,07:30-16:30
2026-09-01T23:18:43.130771+00:00,2026-09-02T02:18:43.130771+03:00,3072,Beyoğlu Örnektepe Zemin Altı Otoparkı,BEYOĞLU,41.0543,28.9548,143,0,143,KAPALI OTOPARK,0,0,24 Saat
2026-09-01T23:18:43.130771+00:00,2026-09-02T02:18:43.130771+03:00,1455,Bostancı Açık,KADIKÖY,40.9523,29.0902,394,209,185,AÇIK OTOPARK,0,15,24 Saat
2026-09-01T23:18:43.130771+00:00,2026-09-02T02:18:43.130771+03:00,1456,Bostancı Sahil-Cep Açık Otoparkı,KADIKÖY,40.9545,29.0885,192,156,36,AÇIK OTOPARK,0,15,24 Saat
2026-09-01T23:18:43.130771+00:00,2026-09-02T02:18:43.130771+03:00,2150,Bostancı Vergi Dairesi Açık Otoparkı,ATAŞEHİR,40.9625,29.1083,155,0,155,AÇIK OTOPARK,0,5,08:00-20:00
2026-09-01T23:18:43.130771+00:00,2026-09-02T02:18:43.130771+03:00,2854,Bülent Ecevit Kültür Merkezi Açık Otoparkı,KARTAL,40.8852,29.1967,277,264,13,AÇIK OTOPARK,0,0,10:00-21:00
2026-09-01T23:18:43.130771+00:00,2026-09-02T02:18:43.130771+03:00,2866,Büyük İstanbul Otogarı,BAYRAMPAŞA,41.0402,28.8942,1000,0,1000,AÇIK OTOPARK,1,25,24 Saat
2026-09-01T23:18:43.130771+00:00,2026-09-02T02:18:43.130771+03:00,1192,Büyükçamlıca Korusu Sosyal Tesisleri Önü,ÜSKÜDAR,41.0264,29.0698,204,110,94,AÇIK OTOPARK,0,0,08:00-00:00
2026-09-01T23:18:43.130771+00:00,2026-09-02T02:18:43.130771+03:00,2960,Büyükçekmece Metrobüs Durağı Yanı PD Zemin Altı Otopark,BÜYÜKÇEKMECE,41.0221,28.624,448,327,121,KAPALI OTOPARK,0,0,24 Saat
2026-09-01T23:18:43.130771+00:00,2026-09-02T02:18:43.130771+03:00,1503,Cadde Bostan Açık Otoparkı,KADIKÖY,40.9636,29.0675,66,64,2,AÇIK OTOPARK,0,15,24 Saat
2026-09-01T23:18:43.130771+00:00,2026-09-02T02:18:43.130771+03:00,2933,Cemal Kamacı Spor Kompleksi Zemin Altı Otoparkı,KAĞITHANE,41.0536,28.9575,510,0,510,KAPALI OTOPARK,1,0,24 Saat
2026-09-01T23:18:43.130771+00:00,2026-09-02T02:18:43.130771+03:00,2207,Cengiz Topel Yer Altı Katlı Otoparkı,ESENLER,41.0588,28.8643,144,0,144,KAPALI OTOPARK,0,15,24 Saat
2026-09-01T23:18:43.130771+00:00,2026-09-02T02:18:43.130771+03:00,2787,Cevizli Açık Otoparkı,KARTAL,40.9179,29.1712,100,91,9,AÇIK OTOPARK,0,15,08:00-19:00
2026-09-01T23:18:43.130771+00:00,2026-09-02T02:18:43.130771+03:00,782,Cihangir Caddesi 2,BEYOĞLU,41.0319,28.9862,70,1,69,YOL ÜSTÜ,0,15,09:00-19:00
2026-09-01T23:18:43.130771+00:00,2026-09-02T02:18:43.130771+03:00,1467,Cihangir Katlı Otoparkı,BEYOĞLU,41.0318,28.9858,350,0,350,KAPALI OTOPARK,1,0,24 Saat
2026-09-01T23:18:43.130771+00:00,2026-09-02T02:18:43.130771+03:00,535,Cihannuma Yol Üstü 1,BEŞİKTAŞ,41.0454,29.0084,35,1,34,YOL ÜSTÜ,0,0,08:00-23:00
2026-09-01T23:18:43.130771+00:00,2026-09-02T02:18:43.130771+03:00,537,Cihannuma Yol Üstü 3,BEŞİKTAŞ,41.0459,29.0087,33,1,32,YOL ÜSTÜ,0,0,08:00-23:00
2026-09-01T23:18:43.130771+00:00,2026-09-02T02:18:43.130771+03:00,539,Cihannuma Yol Üstü 5,BEŞİKTAŞ,41.0489,29.0094,24,1,23,YOL ÜSTÜ,0,0,08:00-23:00
2026-09-01T23:18:43.130771+00:00,2026-09-02T02:18:43.130771+03:00,3184,Çam Sokak 6,GÜNGÖREN,41.0121,28.8882,50,1,49,YOL ÜSTÜ,0,15,08:00-17:00
2026-09-01T23:18:43.130771+00:00,2026-09-02T02:18:43.130771+03:00,3030,Çekmeköy Metro PD Zemin Altı Otoparkı,ÇEKMEKÖY,41.0147,29.1886,175,52,123,KAPALI OTOPARK,0,15,24 Saat
2026-09-01T23:18:43.130771+00:00,2026-09-02T02:18:43.130771+03:00,2905,Çeliktepe Açık Otoparkı,KAĞITHANE,41.0843,29.0056,200,60,140,AÇIK OTOPARK,1,5,24 Saat
2026-09-01T23:18:43.130771+00:00,2026-09-02T02:18:43.130771+03:00,1298,Çengelköy Açık Otoparkı,ÜSKÜDAR,41.0484,29.0533,500,82,418,AÇIK OTOPARK,0,15,24 Saat
2026-09-01T23:18:43.130771+00:00,2026-09-02T02:18:43.130771+03:00,502,Çınar Açık Otoparkı,BEŞİKTAŞ,41.0853,29.0088,65,1,64,AÇIK OTOPARK,0,0,08:00-18:00
2026-09-01T23:18:43.130771+00:00,2026-09-02T02:18:43.130771+03:00,777,Çırağan Sarayı Yol Üstü 1,BEŞİKTAŞ,41.0448,29.0165,40,1,39,YOL ÜSTÜ,0,15,08:00-23:00
2026-09-01T23:18:43.130771+00:00,2026-09-02T02:18:43.130771+03:00,778,Çırağan Sarayı Yol Üstü 2,BEŞİKTAŞ,41.0445,29.0156,40,1,39,YOL ÜSTÜ,0,15,08:00-23:00
2026-09-01T23:18:43.130771+00:00,2026-09-02T02:18:43.130771+03:00,2228,Çırpıcı Sosyal Tesisler,ZEYTİNBURNU,41,28.8926,128,0,128,AÇIK OTOPARK,0,15,07:00-00:00
2026-09-01T23:18:43.130771+00:00,2026-09-02T02:18:43.130771+03:00,2030,Dalyan Açık Otoparkı,KADIKÖY,40.9632,29.0651,92,81,11,AÇIK OTOPARK,0,15,24 Saat
2026-09-01T23:18:43.130771+00:00,2026-09-02T02:18:43.130771+03:00,2271,Damla Sokak 1,ŞİŞLİ,41.0672,29.0004,17,1,16,YOL ÜSTÜ,0,15,07:30-16:30
2026-09-01T23:18:43.130771+00:00,2026-09-02T02:18:43.130771+03:00,2164,Darüşşafaka Yeraltı Otoparkı,SARIYER,41.1292,29.0252,150,149,1,KAPALI OTOPARK,0,15,08:00-00:00
2026-09-01T23:18:43.130771+00:00,2026-09-02T02:18:43.130771+03:00,1653,Deniz Feneri Otoparkı,FATİH,41.0019,28.9773,175,113,62,AÇIK OTOPARK,0,5,24 Saat
2026-09-01T23:18:43.130771+00:00,2026-09-02T02:18:43.130771+03:00,595,Dostluk Yurdu 1,FATİH,41.0071,28.973,33,1,32,YOL ÜSTÜ,0,15,07:00-17:00
2026-09-01T23:18:43.130771+00:00,2026-09-02T02:18:43.130771+03:00,2237,Dragos Sosyal Tesisleri,KARTAL,40.9017,29.1458,100,77,23,AÇIK OTOPARK,1,15,24 Saat
2026-09-01T23:18:43.130771+00:00,2026-09-02T02:18:43.130771+03:00,3063,Dudullu Metro PD Zemin Altı Otoparkı,ÜMRANİYE,41.0156,29.1633,81,54,27,KAPALI OTOPARK,0,15,07:00-23:30
2026-09-01T23:18:43.130771+00:00,2026-09-02T02:18:43.130771+03:00,1522,Ebu Suut Caddesi 1,FATİH,41.0128,28.9766,35,1,34,YOL ÜSTÜ,0,0,08:00-18:00
2026-09-01T23:18:43.130771+00:00,2026-09-02T02:18:43.130771+03:00,2147,EGS Blokları Açık Otoparkı,BAKIRKÖY,40.9863,28.8354,350,37,313,AÇIK OTOPARK,0,60,09:00-19:30
2026-09-01T23:18:43.130771+00:00,2026-09-02T02:18:43.130771+03:00,2366,Esenler Adem Baştürk Kültür Merkezi Katlı,ESENLER,41.039,28.8846,460,0,460,KAPALI OTOPARK,1,15,24 Saat
2026-09-01T23:18:43.130771+00:00,2026-09-02T02:18:43.130771+03:00,3190,Esenler Havaalanı Mahallesi Zemin Altı Otoparkı,ESENLER,41.0562,28.8674,610,297,313,KAPALI OTOPARK,1,10,24 Saat
2026-09-01T23:18:43.130771+00:00,2026-09-02T02:18:43.130771+03:00,3011,Esenler Menderes Metro İstasyonu Yanı,ESENLER,41.0427,28.8783,68,0,68,AÇIK OTOPARK,1,5,24 Saat
2026-09-01T23:18:43.130771+00:00,2026-09-02T02:18:43.130771+03:00,2822,Esenler Menderes Parkı Zemin Altı Otoparkı,ESENLER,41.0412,28.8729,325,0,325,KAPALI OTOPARK,1,10,24 Saat
2026-09-01T23:18:43.130771+00:00,2026-09-02T02:18:43.130771+03:00,3303,Esenyurt Adile Naşit Bulvarı Zeminaltı Otoparkı,ESENYURT,41.0205,28.6859,367,276,91,KAPALI OTOPARK,1,15,24 Saat
2026-09-01T23:18:43.130771+00:00,2026-09-02T02:18:43.130771+03:00,1328,Eski Salı Pazarı,KADIKÖY,40.9904,29.0338,760,575,185,AÇIK OTOPARK,0,15,24 Saat
2026-09-01T23:18:43.130771+00:00,2026-09-02T02:18:43.130771+03:00,904,Eyüp Pierloti Caddesi 1,EYÜP,41.0539,28.9329,40,1,39,YOL ÜSTÜ,0,0,09:00-22:00
2026-09-01T23:18:43.130771+00:00,2026-09-02T02:18:43.130771+03:00,2850,Eyüpsultan Akşemsettin Mahallesi Zemin Altı Otoparkı,EYÜP,41.085,28.9258,110,0,110,KAPALI OTOPARK,0,15,24 Saat
2026-09-01T23:18:43.130771+00:00,2026-09-02T02:18:43.130771+03:00,2215,Fatih Çeşmesi Tabiat Parkı Otoparkı,SARIYER,41.1686,28.9448,250,241,9,AÇIK OTOPARK,0,0,06:00-20:00
2026-09-01T23:18:43.130771+00:00,2026-09-02T02:18:43.130771+03:00,1475,Fatih Katlı Otoparkı,FATİH,41.0198,28.9396,118,27,91,KAPALI OTOPARK,0,10,24 Saat
2026-09-01T23:18:43.130771+00:00,2026-09-02T02:18:43.130771+03:00,1591,Feshane PD Açık Otoparkı,EYÜP,41.0463,28.9378,200,154,46,AÇIK OTOPARK,1,15,24 Saat
2026-09-01T23:18:43.130771+00:00,2026-09-02T02:18:43.130771+03:00,1005,Florya Havuzlu Bahçe,BAKIRKÖY,40.9764,28.7908,135,1,134,AÇIK OTOPARK,0,0,09:00-23:00
2026-09-01T23:18:43.130771+00:00,2026-09-02T02:18:43.130771+03:00,2238,Florya Sosyal Tesisleri,BAKIRKÖY,40.9614,28.8091,1074,1060,14,AÇIK OTOPARK,0,15,24 Saat
2026-09-01T23:18:43.130771+00:00,2026-09-02T02:18:43.130771+03:00,1704,Gazi Umur Paşa Sokak 5,BEŞİKTAŞ,41.0589,29.0114,45,1,44,YOL ÜSTÜ,0,15,08:00-17:00
2026-09-01T23:18:43.130771+00:00,2026-09-02T02:18:43.130771+03:00,3296,Gaziosmanpaşa Meydanı ve Yaşam Merkezi Zemin Altı Otoparkı,GAZİOSMANPAŞA,41.0606,28.9093,202,0,202,KAPALI OTOPARK,1,15,24 Saat
2026-09-01T23:18:43.130771+00:00,2026-09-02T02:18:43.130771+03:00,2971,Gaziosmanpaşa Zemin Altı Otoparkı,GAZİOSMANPAŞA,41.0796,28.8858,285,0,285,KAPALI OTOPARK,1,0,24 Saat
2026-09-01T23:18:43.130771+00:00,2026-09-02T02:18:43.130771+03:00,3401,Giyimkent Tekstilkent Metro Zemin Altı PD Otoparkı,ESENLER,41.0711,28.8666,203,180,23,KAPALI OTOPARK,0,10,24 Saat
2026-09-01T23:18:43.130771+00:00,2026-09-02T02:18:43.130771+03:00,2242,Gözdağı Sosyal Tesisler  Açık Otoparkı,PENDİK,40.893,29.2538,300,215,85,AÇIK OTOPARK,0,0,07:00-23:00
2026-09-01T23:18:43.130771+00:00,2026-09-02T02:18:43.130771+03:00,1879,Gülsuyu Metro PD Yer Altı Otoparkı,MALTEPE,40.9237,29.1548,76,0,76,KAPALI OTOPARK,0,15,08:00-00:00
2026-09-01T23:18:43.130771+00:00,2026-09-02T02:18:43.130771+03:00,1423,Güneş Plajı 1,BAKIRKÖY,40.9712,28.79,250,245,5,AÇIK OTOPARK,0,10,24 Saat
2026-09-01T23:18:43.130771+00:00,2026-09-02T02:18:43.130771+03:00,1461,Güneş Plajı 2,BAKIRKÖY,40.9692,28.7951,135,127,8,AÇIK OTOPARK,0,10,08:00-20:00
2026-09-01T23:18:43.130771+00:00,2026-09-02T02:18:43.130771+03:00,3053,Güngören Nikah Dairesi Zemin Altı otoparkı,GÜNGÖREN,41.0363,28.8718,147,0,147,KAPALI OTOPARK,1,10,24 Saat
2026-09-01T23:18:43.130771+00:00,2026-09-02T02:18:43.130771+03:00,2216,Gürpınar Balık Hali Otoparkı,BEYLİKDÜZÜ,40.9663,28.6019,1000,244,756,AÇIK OTOPARK,0,15,24 Saat
2026-09-01T23:18:43.130771+00:00,2026-09-02T02:18:43.130771+03:00,1525,Hacıosman Metro Yer Altı Otoparkı,SARIYER,41.14,29.0306,422,341,81,KAPALI OTOPARK,0,15,24 Saat
2026-09-01T23:18:43.130771+00:00,2026-09-02T02:18:43.130771+03:00,1470,Haldun Alagaş Katlı Otoparkı,ÜMRANİYE,41.0262,29.1052,197,80,117,KAPALI OTOPARK,1,15,24 Saat
2026-09-01T23:18:43.130771+00:00,2026-09-02T02:18:43.130771+03:00,3235,Haliç Sosyal Tesisleri Otoparkı,FATİH,41.0277,28.9572,60,40,20,AÇIK OTOPARK,0,15,07:00-00:00
2026-09-01T23:18:43.130771+00:00,2026-09-02T02:18:43.130771+03:00,2848,Halkalı Mahallesi Zemin Altı Otoparkı,KÜÇÜKÇEKMECE,41.0359,28.7848,347,271,76,KAPALI OTOPARK,0,15,24 Saat
2026-09-01T23:18:43.130771+00:00,2026-09-02T02:18:43.130771+03:00,2838,Hamidiye Mahallesi Katlı Otoparkı,KAĞITHANE,41.0949,28.971,450,146,304,KAPALI OTOPARK,1,15,24 Saat
2026-09-01T23:18:43.130771+00:00,2026-09-02T02:18:43.130771+03:00,1446,Harbiye Zemin Altı Otoparkı,BEYOĞLU,41.0408,28.9869,142,79,63,KAPALI OTOPARK,0,5,24 Saat
2026-09-01T23:18:43.130771+00:00,2026-09-02T02:18:43.130771+03:00,2332,Haydarpaşa Katlı Otoparkı,ÜSKÜDAR,41.0048,29.0251,840,760,80,KAPALI OTOPARK,1,15,24 Saat
2026-09-01T23:18:43.130771+00:00,2026-09-02T02:18:43.130771+03:00,1987,Haznedar Yer Altı Otoparkı,GÜNGÖREN,41.0083,28.8729,540,0,540,KAPALI OTOPARK,0,0,24 Saat
2026-09-01T23:18:43.130771+00:00,2026-09-02T02:18:43.130771+03:00,377,Hızır Külhani Sokak,FATİH,41.0202,28.9605,32,1,31,YOL ÜSTÜ,0,15,09:00-17:00
2026-09-01T23:18:43.130771+00:00,2026-09-02T02:18:43.130771+03:00,3173,Hürriyet Mahallesi Zeminaltı Otoparkı,GAZİOSMANPAŞA,41.0708,28.8951,190,0,190,KAPALI OTOPARK,1,15,24 Saat
2026-09-01T23:18:43.130771+00:00,2026-09-02T02:18:43.130771+03:00,157,Ihlamur Dere Caddesi 4,BEŞİKTAŞ,41.047,29.0023,27,1,26,YOL ÜSTÜ,0,15,09:00-17:00
2026-09-01T23:18:43.130771+00:00,2026-09-02T02:18:43.130771+03:00,1189,İçerenköy Sebze Meyve Hali Otoparkı,ATAŞEHİR,40.9766,29.1044,600,1,599,AÇIK OTOPARK,0,15,24 Saat
2026-09-01T23:18:43.130771+00:00,2026-09-02T02:18:43.130771+03:00,1127,İshakpaşa Caddesi,FATİH,41.0079,28.9814,200,1,199,YOL ÜSTÜ,0,0,08:00-18:00
2026-09-01T23:18:43.130771+00:00,2026-09-02T02:18:43.130771+03:00,3265,İspark İstanbul West Marina Açık Otoparkı 1,BEYLİKDÜZÜ,40.9636,28.6564,250,1,249,AÇIK OTOPARK,0,15,24 Saat
2026-09-01T23:18:43.130771+00:00,2026-09-02T02:18:43.130771+03:00,2793,İspark Merter Katlı Otoparkı,GÜNGÖREN,41.0097,28.89,900,425,475,KAPALI OTOPARK,1,10,24 Saat
2026-09-01T23:18:43.130771+00:00,2026-09-02T02:18:43.130771+03:00,2430,İspark West İstanbul Marina Açık Otoparkı,BEYLİKDÜZÜ,40.9639,28.6591,1600,1033,567,AÇIK OTOPARK,0,15,24 Saat
2026-09-01T23:18:43.130771+00:00,2026-09-02T02:18:43.130771+03:00,381,İstinye 4 ( Cami Önü ),SARIYER,41.1149,29.0571,25,1,24,YOL ÜSTÜ,0,15,08:30-17:30
2026-09-01T23:18:43.130771+00:00,2026-09-02T02:18:43.130771+03:00,1804,İtalyan Hastanesi Karşısı Açık Otoparkı 1,BEYOĞLU,41.028,28.9815,30,1,29,AÇIK OTOPARK,0,0,08:00-19:00
2026-09-01T23:18:43.130771+00:00,2026-09-02T02:18:43.130771+03:00,507,Kabasakal Medrese Önü,FATİH,41.0062,28.9789,65,1,64,AÇIK OTOPARK,0,0,08:00-18:30
2026-09-01T23:18:43.130771+00:00,2026-09-02T02:18:43.130771+03:00,3306,Kabataş Transfer Merkezi Turizm Otobüs Otoparkı,BEYOĞLU,41.0336,28.9923,160,108,52,KAPALI OTOPARK,1,20,24 Saat
2026-09-01T23:18:43.130771+00:00,2026-09-02T02:18:43.130771+03:00,2918,Kadıköy Hasanpaşa Gazhane Katlı Otoparkı,KADIKÖY,40.9972,29.0428,310,190,120,KAPALI OTOPARK,1,15,24 Saat
2026-09-01T23:18:43.130771+00:00,2026-09-02T02:18:43.130771+03:00,1447,Kadıköy İski Açık Otoparkı,KADIKÖY,40.9874,29.0207,124,116,8,AÇIK OTOPARK,0,15,24 Saat
2026-09-01T23:18:43.130771+00:00,2026-09-02T02:18:43.130771+03:00,1655,Kadıköy Metro Açık Otoparkı,KADIKÖY,40.9899,29.0217,74,55,19,AÇIK OTOPARK,0,15,24 Saat
2026-09-01T23:18:43.130771+00:00,2026-09-02T02:18:43.130771+03:00,3445,Kadıköy Uzunçayır PD Açık Otoparkı,KADIKÖY,40.9982,29.0569,70,34,36,AÇIK OTOPARK,0,15,06:30-16:30
2026-09-01T23:18:43.130771+00:00,2026-09-02T02:18:43.130771+03:00,2808,Kadıköy Yeni Salı Pazarı PD Katlı Otoparkı,KADIKÖY,40.9969,29.0486,1350,683,667,KAPALI OTOPARK,1,15,24 Saat
2026-09-01T23:18:43.130771+00:00,2026-09-02T02:18:43.130771+03:00,2811,Kağıthane Harmantepe Zemin Altı Otoparkı,KAĞITHANE,41.0816,28.9907,200,0,200,KAPALI OTOPARK,1,0,24 Saat
2026-09-01T23:18:43.130771+00:00,2026-09-02T02:18:43.130771+03:00,1452,Kalamış Açık Otoparkı,KADIKÖY,40.9687,29.0363,173,171,2,AÇIK OTOPARK,0,15,24 Saat
2026-09-01T23:18:43.130771+00:00,2026-09-02T02:18:43.130771+03:00,1474,Kartal Hasan Doğan Spor Kompleksi,KARTAL,40.8918,29.1897,773,0,773,KAPALI OTOPARK,0,15,24 Saat
2026-09-01T23:18:43.130771+00:00,2026-09-02T02:18:43.130771+03:00,1105,Kartal İdo Açık Otoparkı,KARTAL,40.8874,29.1881,90,20,70,AÇIK OTOPARK,0,15,24 Saat
2026-09-01T23:18:43.130771+00:00,2026-09-02T02:18:43.130771+03:00,1550,Kartal Sahil Açık Otoparkı,KARTAL,40.8875,29.1901,75,62,13,AÇIK OTOPARK,0,5,24 Saat
2026-09-01T23:18:43.130771+00:00,2026-09-02T02:18:43.130771+03:00,3434,Kasımpaşa Sosyal Tesisler Otoparkı,BEYOĞLU,41.0296,28.9673,60,37,23,AÇIK OTOPARK,0,0,07:30-23:00
2026-09-01T23:18:43.130771+00:00,2026-09-02T02:18:43.130771+03:00,1960,Kazlıçeşme Marmaray Açık Otoparkı,ZEYTİNBURNU,40.9922,28.917,700,666,34,AÇIK OTOPARK,0,15,24 Saat
2026-09-01T23:18:43.130771+00:00,2026-09-02T02:18:43.130771+03:00,2994,Kirazlı Metro Durağı PD Açık Otoparkı,BAĞCILAR,41.033,28.8429,112,0,112,AÇIK OTOPARK,0,5,24 Saat
2026-09-01T23:18:43.130771+00:00,2026-09-02T02:18:43.130771+03:00,1528,Kore Şehitleri Caddesi - Yüzbaşı Kaya Aldağon Sokak 1,ŞİŞLİ,41.0719,29.0139,40,1,39,YOL ÜSTÜ,0,15,07:00-16:00
2026-09-01T23:18:43.130771+00:00,2026-09-02T02:18:43.130771+03:00,2449,Kozyatağı Sebze-Meyve Hali,ATAŞEHİR,40.9787,29.1029,1500,1498,2,AÇIK OTOPARK,1,0,24 Saat
2026-09-01T23:18:43.130771+00:00,2026-09-02T02:18:43.130771+03:00,1206,Kutlugün Sokak 2,FATİH,41.0061,28.9801,200,1,199,YOL ÜSTÜ,0,0,08:00-18:00
2026-09-01T23:18:43.130771+00:00,2026-09-02T02:18:43.130771+03:00,3074,Küçük Çamlıca,ÜSKÜDAR,41.0204,29.0653,129,103,26,AÇIK OTOPARK,0,0,08:00-22:00
2026-09-01T23:18:43.130771+00:00,2026-09-02T02:18:43.130771+03:00,3127,Küçükçekmece Cennet Mahallesi Meydan Zemin Altı Otoparkı,KÜÇÜKÇEKMECE,40.9907,28.783,456,0,456,KAPALI OTOPARK,0,10,24 Saat
2026-09-01T23:18:43.130771+00:00,2026-09-02T02:18:43.130771+03:00,2554,Küçükçekmece Fevzi Çakmak Meydanı Zemin Altı Otoparkı,KÜÇÜKÇEKMECE,41.0076,28.7927,1000,435,565,KAPALI OTOPARK,0,10,24 Saat
2026-09-01T23:18:43.130771+00:00,2026-09-02T02:18:43.130771+03:00,2882,Küçüksu Kasrı Açık Otoparkı,BEYKOZ,41.0789,29.0657,98,92,6,AÇIK OTOPARK,0,0,07:00-23:00
2026-09-01T23:18:43.130771+00:00,2026-09-02T02:18:43.130771+03:00,220,Levent Hamidiye,BEŞİKTAŞ,41.0861,29.0076,100,1,99,AÇIK OTOPARK,0,0,08:00-19:00
2026-09-01T23:18:43.130771+00:00,2026-09-02T02:18:43.130771+03:00,1138,Levent Metro Yer Altı Otoparkı,BEŞİKTAŞ,41.0811,29.0105,100,1,99,AÇIK OTOPARK,0,5,07:30-19:30
2026-09-01T23:18:43.130771+00:00,2026-09-02T02:18:43.130771+03:00,2335,Maçka Açık Otoparkı,ŞİŞLİ,41.046,28.9908,75,64,11,AÇIK OTOPARK,1,0,24 Saat
2026-09-01T23:18:43.130771+00:00,2026-09-02T02:18:43.130771+03:00,1859,Maçka Katlı Otoparkı,ŞİŞLİ,41.0484,28.9903,508,0,508,KAPALI OTOPARK,0,0,24 Saat
2026-09-01T23:18:43.130771+00:00,2026-09-02T02:18:43.130771+03:00,3193,Maltepe Rıhtım Caddesi Açık Otoparkı,MALTEPE,40.9258,29.1241,76,73,3,AÇIK OTOPARK,1,0,24 Saat
2026-09-01T23:18:43.130771+00:00,2026-09-02T02:18:43.130771+03:00,2146,Maltepe Süreyyapaşa Çarşısı Açık Otoparkı,MALTEPE,40.9274,29.1225,156,108,48,AÇIK OTOPARK,1,0,24 Saat
2026-09-01T23:18:43.130771+00:00,2026-09-02T02:18:43.130771+03:00,1599,Maslak Açık Otoparkı,SARIYER,41.1166,29.024,150,148,2,AÇIK OTOPARK,0,10,24 Saat
2026-09-01T23:18:43.130771+00:00,2026-09-02T02:18:43.130771+03:00,2100,Matbaacılar Sitesi Yanı,ZEYTİNBURNU,41.0234,28.9187,250,221,29,AÇIK OTOPARK,1,5,24 Saat
2026-09-01T23:18:43.130771+00:00,2026-09-02T02:18:43.130771+03:00,920,Meclis-i Mebusan Yokuşu 2,BEYOĞLU,41.0326,28.9882,34,1,33,YOL ÜSTÜ,0,15,09:00-17:00
2026-09-01T23:18:43.130771+00:00,2026-09-02T02:18:43.130771+03:00,1546,Menekşe Plajı Açık Otoparkı,BAKIRKÖY,40.9761,28.7766,200,199,1,AÇIK OTOPARK,0,0,24 Saat
2026-09-01T23:18:43.130771+00:00,2026-09-02T02:18:43.130771+03:00,1376,Mercan Açık,FATİH,41.0136,28.9669,130,130,0,AÇIK OTOPARK,0,0,08:00-23:00
2026-09-01T23:18:43.130771+00:00,2026-09-02T02:18:43.130771+03:00,3309,Mercan Ali Paşa Sarayı Zemin Altı Otoparkı,FATİH,41.0136,28.967,196,1,195,KAPALI OTOPARK,0,0,07:00-21:00
2026-09-01T23:18:43.130771+00:00,2026-09-02T02:18:43.130771+03:00,1472,Merter Katlı Otoparkı,GÜNGÖREN,41.0092,28.8874,1000,890,110,KAPALI OTOPARK,0,10,24 Saat
2026-09-01T23:18:43.130771+00:00,2026-09-02T02:18:43.130771+03:00,2375,Merter Metro PD Zeminaltı Otoparkı,GÜNGÖREN,41.0037,28.8897,242,86,156,KAPALI OTOPARK,1,10,24 Saat
2026-09-01T23:18:43.130771+00:00,2026-09-02T02:18:43.130771+03:00,1568,Mete Caddesi 1,BEYOĞLU,41.0382,28.9879,31,1,30,YOL ÜSTÜ,0,15,08:00-23:00
2026-09-01T23:18:43.130771+00:00,2026-09-02T02:18:43.130771+03:00,1471,Mevlana Yeraltı Katlı Otoparkı,ZEYTİNBURNU,41.0072,28.9049,1000,840,160,KAPALI OTOPARK,0,5,24 Saat
2026-09-01T23:18:43.130771+00:00,2026-09-02T02:18:43.130771+03:00,2709,Millet Caddesi Açık Otoparkı,FATİH,41.01,28.9461,60,1,59,AÇIK OTOPARK,0,15,24 Saat
2026-09-01T23:18:43.130771+00:00,2026-09-02T02:18:43.130771+03:00,3152,Mimar Sinan Zemin Altı Otoparkı,ÜSKÜDAR,41.0222,29.0169,956,649,307,KAPALI OTOPARK,0,15,24 Saat
2026-09-01T23:18:43.130771+00:00,2026-09-02T02:18:43.130771+03:00,2870,Miniatürk Çadır Açık Otoparkı,BEYOĞLU,41.0594,28.9501,250,17,233,AÇIK OTOPARK,0,15,07:00-20:00
2026-09-01T23:18:43.130771+00:00,2026-09-02T02:18:43.130771+03:00,2556,Muallim Naci Açık Otoparkı,BEŞİKTAŞ,41.0561,29.0342,35,27,8,AÇIK OTOPARK,1,15,24 Saat
2026-09-01T23:18:43.130771+00:00,2026-09-02T02:18:43.130771+03:00,569,Oda Kule Önü 1,BEYOĞLU,41.0322,28.9751,24,1,23,YOL ÜSTÜ,0,0,07:00-01:00
2026-09-01T23:18:43.130771+00:00,2026-09-02T02:18:43.130771+03:00,1988,Orhangazi Şehir Parkı PD Açık Otoparkı,MALTEPE,40.9313,29.1161,5022,4608,414,AÇIK OTOPARK,1,15,24 Saat
2026-09-01T23:18:43.130771+00:00,2026-09-02T02:18:43.130771+03:00,152,Ortabahçe Caddesi 2,BEŞİKTAŞ,41.0428,29.0043,35,1,34,YOL ÜSTÜ,0,15,08:00-23:00
2026-09-01T23:18:43.130771+00:00,2026-09-02T02:18:43.130771+03:00,153,Ortabahçe Caddesi 3,BEŞİKTAŞ,41.043,29.0042,26,1,25,YOL ÜSTÜ,0,15,08:00-23:00
2026-09-01T23:18:43.130771+00:00,2026-09-02T02:18:43.130771+03:00,119,Ortaklar Caddesi 1,ŞİŞLİ,41.0638,28.9971,25,1,24,YOL ÜSTÜ,0,15,08:30-17:00
2026-09-01T23:18:43.130771+00:00,2026-09-02T02:18:43.130771+03:00,1343,Ortaköy Açık Otoparkı,BEŞİKTAŞ,41.0504,29.0326,170,157,13,AÇIK OTOPARK,1,0,24 Saat
2026-09-01T23:18:43.130771+00:00,2026-09-02T02:18:43.130771+03:00,572,Ortaköy Portakal Yokuşu 1,BEŞİKTAŞ,41.0503,29.0261,15,1,14,YOL ÜSTÜ,0,15,09:00-19:00
2026-09-01T23:18:43.130771+00:00,2026-09-02T02:18:43.130771+03:00,1039,Öğretmen Evi,AVCILAR,40.9723,28.714,80,41,39,AÇIK OTOPARK,0,0,11:00-23:00
2026-09-01T23:18:43.130771+00:00,2026-09-02T02:18:43.130771+03:00,1466,Pendik Katlı Otoparkı,PENDİK,40.8789,29.2342,120,0,120,KAPALI OTOPARK,0,15,24 Saat
2026-09-01T23:18:43.130771+00:00,2026-09-02T02:18:43.130771+03:00,3073,Pendik Kemal Kalkuz Parkı Zemin Altı Otoparkı,PENDİK,40.8885,29.2427,224,1,223,KAPALI OTOPARK,0,0,09:00-18:00
2026-09-01T23:18:43.130771+00:00,2026-09-02T02:18:43.130771+03:00,3019,Pendik Meydan Zemin Altı Otoparkı,PENDİK,40.8752,29.2324,937,0,937,KAPALI OTOPARK,1,0,24 Saat
2026-09-01T23:18:43.130771+00:00,2026-09-02T02:18:43.130771+03:00,2865,Pendik Sahil Engelliler Merkez Önü,PENDİK,40.8735,29.233,100,66,34,AÇIK OTOPARK,0,0,11:00-20:00
2026-09-01T23:18:43.130771+00:00,2026-09-02T02:18:43.130771+03:00,2434,Pendik Sahil İdo,PENDİK,40.8755,29.2369,100,0,100,AÇIK OTOPARK,0,0,07:00-23:00
2026-09-01T23:18:43.130771+00:00,2026-09-02T02:18:43.130771+03:00,248,Pendik Yenimahalle Açık 2 Otoparkı,PENDİK,40.864,29.2723,124,110,14,AÇIK OTOPARK,0,15,10:00-22:00
2026-09-01T23:18:43.130771+00:00,2026-09-02T02:18:43.130771+03:00,297,Perşembe Pazarı 1,BEYOĞLU,41.0252,28.9693,32,1,31,YOL ÜSTÜ,0,15,08:00-17:00
2026-09-01T23:18:43.130771+00:00,2026-09-02T02:18:43.130771+03:00,597,Pierre Loti Caddesi 3,FATİH,41.0069,28.9711,36,1,35,YOL ÜSTÜ,0,0,07:00-17:00
2026-09-01T23:18:43.130771+00:00,2026-09-02T02:18:43.130771+03:00,3263,Piyalepaşa Meydanı Zemin Altı Otoparkı,BEYOĞLU,41.0445,28.9674,560,154,406,KAPALI OTOPARK,0,0,24 Saat
2026-09-01T23:18:43.130771+00:00,2026-09-02T02:18:43.130771+03:00,1900,Ragıp Gümüşpala Cad.(Sobacılar Önü),FATİH,41.0181,28.969,40,1,39,YOL ÜSTÜ,0,15,07:00-18:00
2026-09-01T23:18:43.130771+00:00,2026-09-02T02:18:43.130771+03:00,415,Ragıp Gümüşpala Camii Önü 1,FATİH,41.0211,28.9627,35,1,34,YOL ÜSTÜ,0,0,07:00-17:30
2026-09-01T23:18:43.130771+00:00,2026-09-02T02:18:43.130771+03:00,3268,Refik Saydam Caddesi 3,BEYOĞLU,41.032,28.9736,55,1,54,YOL ÜSTÜ,0,0,06:00-23:00
2026-09-01T23:18:43.130771+00:00,2026-09-02T02:18:43.130771+03:00,2307,Ressam Halim Sokak PD Açık Otoparkı,BAHÇELİEVLER,40.9967,28.8641,120,118,2,AÇIK OTOPARK,0,15,08:00-00:00
2026-09-01T23:18:43.130771+00:00,2026-09-02T02:18:43.130771+03:00,1016,Röne Park Önü 1,BAKIRKÖY,40.9577,28.8319,26,1,25,YOL ÜSTÜ,0,0,11:00-23:00
2026-09-01T23:18:43.130771+00:00,2026-09-02T02:18:43.130771+03:00,3082,Rumeli Hisarı Sahil Yolu Otoparkı,SARIYER,41.0854,29.0568,20,9,11,AÇIK OTOPARK,1,0,24 Saat
2026-09-01T23:18:43.130771+00:00,2026-09-02T02:18:43.130771+03:00,1595,Sabiha Gökçen Açık Otoparkı,PENDİK,40.925,29.308,1056,335,721,AÇIK OTOPARK,0,15,24 Saat
2026-09-01T23:18:43.130771+00:00,2026-09-02T02:18:43.130771+03:00,3239,Samatya Sahil Cep Otoparkı,FATİH,40.9954,28.932,113,99,14,AÇIK OTOPARK,1,15,24 Saat
2026-09-01T23:18:43.130771+00:00,2026-09-02T02:18:43.130771+03:00,3273,Sarıyer Büyükdere Fidanlığı,SARIYER,41.1548,29.0268,160,156,4,AÇIK OTOPARK,0,0,08:00-18:00
2026-09-01T23:18:43.130771+00:00,2026-09-02T02:18:43.130771+03:00,3299,Sariyer Ayazağa Mah Vadi İstanbul Önü Açık Otoparkı,SARIYER,41.1106,28.9881,100,96,4,AÇIK OTOPARK,0,0,08:00-20:00
2026-09-01T23:18:43.130771+00:00,2026-09-02T02:18:43.130771+03:00,1303,Seyrantepe Katlı (Arena Karşısı) 1,KAĞITHANE,41.101,28.9961,1897,1,1896,KAPALI OTOPARK,1,0,24 Saat
2026-09-01T23:18:43.130771+00:00,2026-09-02T02:18:43.130771+03:00,1628,Sıracevizler Caddesi Yol Üstü 5,ŞİŞLİ,41.0607,28.9841,45,1,44,YOL ÜSTÜ,0,15,09:00-17:00
2026-09-01T23:18:43.130771+00:00,2026-09-02T02:18:43.130771+03:00,1486,Siyavuşpaşa Yer Altı Otoparkı,BAHÇELİEVLER,40.9965,28.8532,155,0,155,KAPALI OTOPARK,1,0,24 Saat
2026-09-01T23:18:43.130771+00:00,2026-09-02T02:18:43.130771+03:00,1958,Soğanlık Metro PD Açık Otoparkı,KARTAL,40.9131,29.1925,898,875,23,AÇIK OTOPARK,0,15,24 Saat
2026-09-01T23:18:43.130771+00:00,2026-09-02T02:18:43.130771+03:00,589,Su Terazisi Sokak,FATİH,41.0046,28.9727,22,1,21,YOL ÜSTÜ,0,0,07:30-17:00
2026-09-01T23:18:43.130771+00:00,2026-09-02T02:18:43.130771+03:00,1478,Suadiye Cep Açık Otoparkı,KADIKÖY,40.9586,29.0732,130,125,5,AÇIK OTOPARK,0,15,24 Saat
2026-09-01T23:18:43.130771+00:00,2026-09-02T02:18:43.130771+03:00,2948,Suadiye Sahil Açık Otoparkı,KADIKÖY,40.9562,29.0797,70,65,5,AÇIK OTOPARK,1,5,24 Saat
2026-09-01T23:18:43.130771+00:00,2026-09-02T02:18:43.130771+03:00,2799,Sultanbeyli Emir Caddesi Zemin Altı Otoparkı,SULTANBEYLİ,40.9707,29.2606,130,129,1,KAPALI OTOPARK,0,15,08:00-22:00
2026-09-01T23:18:43.130771+00:00,2026-09-02T02:18:43.130771+03:00,2372,Sultanbeyli Kent Meydanı Zemin Altı Otoparkı,SULTANBEYLİ,40.9667,29.2667,300,186,114,KAPALI OTOPARK,1,15,24 Saat
2026-09-01T23:18:43.130771+00:00,2026-09-02T02:18:43.130771+03:00,2410,Sultangazi Zemin Altı Otoparkı,SULTANGAZİ,41.0944,28.8649,104,0,104,KAPALI OTOPARK,1,10,24 Saat
2026-09-01T23:18:43.130771+00:00,2026-09-02T02:18:43.130771+03:00,2085,Süleyman Seba Caddesi 2,BEŞİKTAŞ,41.0426,28.9998,40,1,39,YOL ÜSTÜ,0,15,08:00-18:00
2026-09-01T23:18:43.130771+00:00,2026-09-02T02:18:43.130771+03:00,2088,Süleyman Seba Caddesi 5,BEŞİKTAŞ,41.0432,28.9978,40,1,39,YOL ÜSTÜ,0,15,08:00-18:00
2026-09-01T23:18:43.130771+00:00,2026-09-02T02:18:43.130771+03:00,2089,Süleyman Seba Caddesi 6,BEŞİKTAŞ,41.0435,28.9967,11,1,10,YOL ÜSTÜ,0,15,08:00-18:00
2026-09-01T23:18:43.130771+00:00,2026-09-02T02:18:43.130771+03:00,2391,Süleymaniye Cami Altı Açık Otoparkı,FATİH,41.0158,28.961,250,232,18,AÇIK OTOPARK,0,0,06:30-18:30
2026-09-01T23:18:43.130771+00:00,2026-09-02T02:18:43.130771+03:00,1730,Sütlüce Miniatürk Yanı,BEYOĞLU,41.057,28.95,320,230,90,AÇIK OTOPARK,1,15,24 Saat
2026-09-01T23:18:43.130771+00:00,2026-09-02T02:18:43.130771+03:00,36,Şakayık Sokak 4,ŞİŞLİ,41.0518,28.9936,50,1,49,YOL ÜSTÜ,0,15,08:00-16:00
2026-09-01T23:18:43.130771+00:00,2026-09-02T02:18:43.130771+03:00,1469,Şehit Volkan Duysak Katlı Otoparkı,ZEYTİNBURNU,40.9968,28.9039,1000,645,355,KAPALI OTOPARK,0,5,24 Saat
2026-09-01T23:18:43.130771+00:00,2026-09-02T02:18:43.130771+03:00,2385,Şehremini Açık Otoparkı 1,FATİH,41.0135,28.9333,60,1,59,AÇIK OTOPARK,0,0,08:30-20:30
2026-09-01T23:18:43.130771+00:00,2026-09-02T02:18:43.130771+03:00,2855,Şemsipaşa Açık Otoparkı,ÜSKÜDAR,41.0255,29.0097,47,44,3,AÇIK OTOPARK,1,0,24 Saat
2026-09-01T23:18:43.130771+00:00,2026-09-02T02:18:43.130771+03:00,2439,Şirinevler Meydan Zeminaltı Otoparkı,BAHÇELİEVLER,40.9925,28.8496,367,15,352,KAPALI OTOPARK,1,0,24 Saat
2026-09-01T23:18:43.130771+00:00,2026-09-02T02:18:43.130771+03:00,3400,Şişhane Refik Saydam Caddesi 2 Yol Üstü Otoparkı 1,BEYOĞLU,41.0326,28.9743,70,1,69,YOL ÜSTÜ,0,15,06:00-23:00
2026-09-01T23:18:43.130771+00:00,2026-09-02T02:18:43.130771+03:00,3441,Şişli Kuştepe Zemin Altı Otoparkı,ŞİŞLİ,41.072,28.9919,430,278,152,KAPALI OTOPARK,0,15,24 Saat
2026-09-01T23:18:43.130771+00:00,2026-09-02T02:18:43.130771+03:00,2816,Şişli Rumeli Caddesi Metro Yanı 1,ŞİŞLİ,41.0538,28.9868,45,1,44,YOL ÜSTÜ,0,15,08:00-20:00
2026-09-01T23:18:43.130771+00:00,2026-09-02T02:18:43.130771+03:00,2406,Şişli Zemin Altı Otoparkı,ŞİŞLİ,41.0641,28.9992,581,436,145,KAPALI OTOPARK,1,15,24 Saat
2026-09-01T23:18:43.130771+00:00,2026-09-02T02:18:43.130771+03:00,1993,Tuzla İdo,TUZLA,40.8149,29.3039,300,292,8,AÇIK OTOPARK,0,15,24 Saat
2026-09-01T23:18:43.130771+00:00,2026-09-02T02:18:43.130771+03:00,3332,Tuzla Sahil Cep,TUZLA,40.8168,29.2992,50,38,12,AÇIK OTOPARK,0,0,08:00-00:00
2026-09-01T23:18:43.130771+00:00,2026-09-02T02:18:43.130771+03:00,3057,Tuzla Sahil Zemin Altı Otoparkı,TUZLA,40.8181,29.3004,779,1,778,KAPALI OTOPARK,1,15,24 Saat
2026-09-01T23:18:43.130771+00:00,2026-09-02T02:18:43.130771+03:00,1811,Ulu Camii Açık Otoparkı,BAHÇELİEVLER,40.9982,28.8499,150,110,40,AÇIK OTOPARK,1,10,24 Saat
2026-09-01T23:18:43.130771+00:00,2026-09-02T02:18:43.130771+03:00,2424,Uzunçayır Açık Otoparkı,KADIKÖY,40.9988,29.0556,58,52,6,AÇIK OTOPARK,0,0,06:00-16:00
2026-09-01T23:18:43.130771+00:00,2026-09-02T02:18:43.130771+03:00,1468,Ümraniye Katlı Otoparkı,ÜMRANİYE,41.0261,29.0953,665,558,107,KAPALI OTOPARK,0,15,24 Saat
2026-09-01T23:18:43.130771+00:00,2026-09-02T02:18:43.130771+03:00,2898,Ümraniye Okan Sokak Zeminaltı Otoparkı,ÜMRANİYE,41.0284,29.0907,125,11,114,KAPALI OTOPARK,1,15,24 Saat
2026-09-01T23:18:43.130771+00:00,2026-09-02T02:18:43.130771+03:00,2345,Üsküdar Uzunçayır PD Açık Otoparkı,ÜSKÜDAR,40.9988,29.0577,90,84,6,AÇIK OTOPARK,0,15,06:00-22:00
2026-09-01T23:18:43.130771+00:00,2026-09-02T02:18:43.130771+03:00,1929,Üsküdar Ünalan Açık Otoparkı,ÜSKÜDAR,40.9979,29.0604,180,175,5,AÇIK OTOPARK,0,0,07:00-17:00
2026-09-01T23:18:43.130771+00:00,2026-09-02T02:18:43.130771+03:00,1487,Vatan Caddesi PD Açık Otoparkı,FATİH,41.0157,28.9405,397,356,41,AÇIK OTOPARK,0,5,24 Saat
2026-09-01T23:18:43.130771+00:00,2026-09-02T02:18:43.130771+03:00,2441,Yalı Açık Otoparkı,MALTEPE,40.9095,29.137,85,82,3,AÇIK OTOPARK,0,0,07:30-22:00
2026-09-01T23:18:43.130771+00:00,2026-09-02T02:18:43.130771+03:00,459,Yalı Köşkü Caddesi 1,FATİH,41.0163,28.9759,61,1,60,YOL ÜSTÜ,0,5,07:00-21:00
2026-09-01T23:18:43.130771+00:00,2026-09-02T02:18:43.130771+03:00,2037,Yenikapı Marmaray Büyük Otoparkı,FATİH,41.0057,28.9505,324,250,74,AÇIK OTOPARK,1,15,24 Saat
2026-09-01T23:18:43.130771+00:00,2026-09-02T02:18:43.130771+03:00,2036,Yenikapı Marmaray Küçük Otoparkı,FATİH,41.0064,28.9504,200,200,0,AÇIK OTOPARK,0,15,07:00-22:00
2026-09-01T23:18:43.130771+00:00,2026-09-02T02:18:43.130771+03:00,2175,Yenikapı Spor ve Kültür Merkezi PD Açık Otoparkı,FATİH,41.0006,28.9519,4023,3994,29,AÇIK OTOPARK,0,15,24 Saat
2026-09-01T23:18:43.130771+00:00,2026-09-02T02:18:43.130771+03:00,2805,Yenikapı Tünel Üstü Açık Otoparkı,FATİH,41.0029,28.9534,700,530,170,AÇIK OTOPARK,1,10,24 Saat
2026-09-01T23:18:43.130771+00:00,2026-09-02T02:18:43.130771+03:00,3404,Yenimahalle Metro Zemin Altı PD Otoparkı,GAZİOSMANPAŞA,41.0839,28.8926,114,88,26,KAPALI OTOPARK,1,15,24 Saat
2026-09-01T23:18:43.130771+00:00,2026-09-02T02:18:43.130771+03:00,2920,Yeşilce Zemin Altı Katlı Otoparkı,KAĞITHANE,41.0938,29.0017,676,159,517,KAPALI OTOPARK,1,0,24 Saat
2026-09-01T23:18:43.130771+00:00,2026-09-02T02:18:43.130771+03:00,987,Yeşilköy İstasyon Caddesi 1,BAKIRKÖY,40.962,28.825,40,1,39,YOL ÜSTÜ,0,15,09:00-17:30
2026-09-01T23:18:43.130771+00:00,2026-09-02T02:18:43.130771+03:00,974,Yeşilköy Marina 1,BAKIRKÖY,40.9576,28.8233,145,1,144,YOL ÜSTÜ,0,0,12:00-23:00
2026-09-01T23:18:43.130771+00:00,2026-09-02T02:18:43.130771+03:00,3406,Yeşilpınar Metro Zemin Altı PD Otoparkı,EYÜP,41.081,28.9204,269,176,93,KAPALI OTOPARK,1,15,24 Saat
2026-09-01T23:18:43.130771+00:00,2026-09-02T02:18:43.130771+03:00,1133,Yıldız Korusu,BEŞİKTAŞ,41.0514,29.0165,500,1,499,AÇIK OTOPARK,0,0,08:00-22:00
2026-09-01T23:18:43.130771+00:00,2026-09-02T02:18:43.130771+03:00,3185,Zeytinburnu Sahil Cep Otoparkı,ZEYTİNBURNU,40.9798,28.8985,160,1,159,AÇIK OTOPARK,0,0,12:00-22:00
2026-09-02T01:08:42.471144+00:00,2026-09-02T04:08:42.471144+03:00,3068,15 Temmuz Şehitler Meydanı Zeminaltı Otoparkı,ÜMRANİYE,41.0246,29.0915,1029,533,496,KAPALI OTOPARK,0,15,24 Saat
2026-09-02T01:08:42.471144+00:00,2026-09-02T04:08:42.471144+03:00,2338,19 Mayıs Açık,ŞİŞLİ,41.0563,28.9941,65,0,65,AÇIK OTOPARK,1,0,24 Saat
2026-09-02T01:08:42.471144+00:00,2026-09-02T04:08:42.471144+03:00,1751,4.Levent PD Açık Otoparkı,KAĞITHANE,41.0836,29.0081,236,149,87,AÇIK OTOPARK,1,5,24 Saat
2026-09-02T01:08:42.471144+00:00,2026-09-02T04:08:42.471144+03:00,3328,4.Levent Servis ve Turizm Araçları Açık Otoparkı,ŞİŞLİ,41.0841,29.0054,300,126,174,AÇIK OTOPARK,1,15,24 Saat
2026-09-02T01:08:42.471144+00:00,2026-09-02T04:08:42.471144+03:00,3412,5. Levent Gaziosmanpaşa Adliyesi Yanı Açık Otoparkı,EYÜP,41.0927,28.9494,250,233,17,AÇIK OTOPARK,0,15,07:00-23:00
2026-09-02T01:08:42.471144+00:00,2026-09-02T04:08:42.471144+03:00,104,Abide-i Hürriyet Caddesi 5,ŞİŞLİ,41.0619,28.9876,40,1,39,YOL ÜSTÜ,0,15,08:00-17:00
2026-09-02T01:08:42.471144+00:00,2026-09-02T04:08:42.471144+03:00,2452,Acıbadem Açık Otoparkı,ÜSKÜDAR,41.0157,29.0574,100,86,14,AÇIK OTOPARK,0,0,06:30-16:00
2026-09-02T01:08:42.471144+00:00,2026-09-02T04:08:42.471144+03:00,346,Ada Karşısı Cep 2,BEŞİKTAŞ,41.072,29.045,30,1,29,YOL ÜSTÜ,0,15,08:00-23:00
2026-09-02T01:08:42.471144+00:00,2026-09-02T04:08:42.471144+03:00,1663,Akasyalı Sokak Tenis Kulubü Önü 2,BEŞİKTAŞ,41.0867,29.0109,45,1,44,YOL ÜSTÜ,0,15,08:30-17:30
2026-09-02T01:08:42.471144+00:00,2026-09-02T04:08:42.471144+03:00,828,Akdeniz Caddesi 4,FATİH,41.0175,28.9435,27,1,26,YOL ÜSTÜ,0,15,09:00-18:00
2026-09-02T01:08:42.471144+00:00,2026-09-02T04:08:42.471144+03:00,1913,Alibeyköy Cep Otogarı Açık Otoparkı,EYÜP,41.0879,28.9446,116,0,116,AÇIK OTOPARK,1,25,24 Saat
2026-09-02T01:08:42.471144+00:00,2026-09-02T04:08:42.471144+03:00,1912,Alibeyköy Cep Otogarı Otobüs Otoparkı,EYÜP,41.0875,28.9449,5000,176,4824,AÇIK OTOPARK,1,60,24 Saat
2026-09-02T01:08:42.471144+00:00,2026-09-02T04:08:42.471144+03:00,2562,Alibeyköy Yeşiltepe Zemin Altı Otoparkı,EYÜP,41.0797,28.938,159,42,117,KAPALI OTOPARK,0,15,24 Saat
2026-09-02T01:08:42.471144+00:00,2026-09-02T04:08:42.471144+03:00,3201,Altınboynuz Sosyal Tesisleri,EYÜP,41.058,28.9447,70,1,69,AÇIK OTOPARK,0,15,08:00-23:00
2026-09-02T01:08:42.471144+00:00,2026-09-02T04:08:42.471144+03:00,758,Arap Camii Açık Otoparkı,BEYOĞLU,41.0227,28.9723,30,1,29,AÇIK OTOPARK,0,0,09:00-17:00
2026-09-02T01:08:42.471144+00:00,2026-09-02T04:08:42.471144+03:00,2685,Aras Sokak 2,BÜYÜKÇEKMECE,41.023,28.6209,60,1,59,YOL ÜSTÜ,0,0,06:00-14:30
2026-09-02T01:08:42.471144+00:00,2026-09-02T04:08:42.471144+03:00,2802,Arnavutköy Zemin Altı Otoparkı,ARNAVUTKÖY,41.1838,28.7396,700,0,700,KAPALI OTOPARK,1,15,24 Saat
2026-09-02T01:08:42.471144+00:00,2026-09-02T04:08:42.471144+03:00,1797,Ataköy Atrium AVM,BAKIRKÖY,40.9881,28.8459,250,212,38,AÇIK OTOPARK,0,15,08:00-23:00
2026-09-02T01:08:42.471144+00:00,2026-09-02T04:08:42.471144+03:00,2824,Ataköy Metro Durağı Yanı PD Zemin Altı Otoparkı,BAKIRKÖY,40.9904,28.8456,150,75,75,KAPALI OTOPARK,1,0,24 Saat
2026-09-02T01:08:42.471144+00:00,2026-09-02T04:08:42.471144+03:00,359,Atatürk Bulvarı 1,FATİH,41.0112,28.9534,20,1,19,YOL ÜSTÜ,0,0,07:30-18:00
2026-09-02T01:08:42.471144+00:00,2026-09-02T04:08:42.471144+03:00,3087,Atatürk Kent Ormanı Otoparkı,SARIYER,41.136,29.0262,200,198,2,AÇIK OTOPARK,0,0,08:00-17:00
2026-09-02T01:08:42.471144+00:00,2026-09-02T04:08:42.471144+03:00,1088,Avcılar İdo,AVCILAR,40.9712,28.7185,270,262,8,AÇIK OTOPARK,0,0,13:00-07:00
2026-09-02T01:08:42.471144+00:00,2026-09-02T04:08:42.471144+03:00,2885,Azapkapı Haliç Metro Otoparkı,ŞİŞLİ,41.0245,28.9691,80,71,9,AÇIK OTOPARK,1,5,24 Saat
2026-09-02T01:08:42.471144+00:00,2026-09-02T04:08:42.471144+03:00,2455,Azerbaycan Dostluk Parkı Zemin Altı Otoparkı,BAĞCILAR,41.0444,28.854,400,111,289,KAPALI OTOPARK,0,10,24 Saat
2026-09-02T01:08:42.471144+00:00,2026-09-02T04:08:42.471144+03:00,2965,Bağcılar Çolakoğlu Zemin Altı Otoparkı,BAĞCILAR,41.0324,28.8345,106,0,106,KAPALI OTOPARK,1,5,24 Saat
2026-09-02T01:08:42.471144+00:00,2026-09-02T04:08:42.471144+03:00,2576,Bağcılar Demirkapı Zemin Altı Otoparkı,BAĞCILAR,41.0499,28.8327,343,113,230,KAPALI OTOPARK,1,5,24 Saat
2026-09-02T01:08:42.471144+00:00,2026-09-02T04:08:42.471144+03:00,3036,Bağcılar Devlet Hastanesi Yanı Zeminaltı Otoparkı,BAĞCILAR,41.0312,28.8696,1133,76,1057,KAPALI OTOPARK,1,15,24 Saat
2026-09-02T01:08:42.471144+00:00,2026-09-02T04:08:42.471144+03:00,3071,Bağcılar Emniyet Müdürlüğü Yanı Açık Otoparkı,BAĞCILAR,41.0353,28.8598,100,0,100,AÇIK OTOPARK,1,0,24 Saat
2026-09-02T01:08:42.471144+00:00,2026-09-02T04:08:42.471144+03:00,2873,Bağcılar Göztepe Zemin Altı,BAĞCILAR,41.0567,28.8355,120,0,120,KAPALI OTOPARK,1,5,24 Saat
2026-09-02T01:08:42.471144+00:00,2026-09-02T04:08:42.471144+03:00,3187,Bağcılar Hürriyet Mahallesi Zemin Altı Otoparkı,BAĞCILAR,41.0291,28.8333,355,0,355,KAPALI OTOPARK,1,10,24 Saat
2026-09-02T01:08:42.471144+00:00,2026-09-02T04:08:42.471144+03:00,2916,Bağcılar Kent Meydanı PD Zemin Altı Otoparkı,BAĞCILAR,41.0339,28.8556,1162,0,1162,KAPALI OTOPARK,0,0,24 Saat
2026-09-02T01:08:42.471144+00:00,2026-09-02T04:08:42.471144+03:00,3261,Bağcılar Yenimahalle Zemin Altı Otoparkı,BAĞCILAR,41.0425,28.8395,525,245,280,KAPALI OTOPARK,1,15,24 Saat
2026-09-02T01:08:42.471144+00:00,2026-09-02T04:08:42.471144+03:00,2820,Bağcılar Yıldıztepe Katlı Otoparkı,BAĞCILAR,41.0294,28.8556,350,0,350,KAPALI OTOPARK,1,10,24 Saat
2026-09-02T01:08:42.471144+00:00,2026-09-02T04:08:42.471144+03:00,3447,Bahçelievler 23 Nisan Milli Egemenlik Zeminaltı Otoparkı,BAHÇELİEVLER,40.9988,28.8472,732,321,411,KAPALI OTOPARK,1,10,24 Saat
2026-09-02T01:08:42.471144+00:00,2026-09-02T04:08:42.471144+03:00,2993,Bahçelievler Cumhuriyet Zeminaltı Otoparkı,BAHÇELİEVLER,41.0149,28.859,663,0,663,KAPALI OTOPARK,0,10,24 Saat
2026-09-02T01:08:42.471144+00:00,2026-09-02T04:08:42.471144+03:00,2969,Bahçelievler Devlet Hastanesi Yanı Katlı Otoparkı,BAHÇELİEVLER,41.0072,28.8442,740,0,740,KAPALI OTOPARK,1,0,24 Saat
2026-09-02T01:08:42.471144+00:00,2026-09-02T04:08:42.471144+03:00,3051,Bahçelievler Zafer Mh. Zeminaltı Otoparkı,BAHÇELİEVLER,41.0036,28.8351,200,29,171,KAPALI OTOPARK,1,0,24 Saat
2026-09-02T01:08:42.471144+00:00,2026-09-02T04:08:42.471144+03:00,3236,Bahçeşehir Gölet Açık Otoparkı,BAŞAKŞEHİR,41.0719,28.6901,200,1,199,AÇIK OTOPARK,0,0,12:00-22:00
2026-09-02T01:08:42.471144+00:00,2026-09-02T04:08:42.471144+03:00,1465,Bakırköy İdo Açık Otoparkı,BAKIRKÖY,40.9739,28.8761,160,141,19,AÇIK OTOPARK,1,10,24 Saat
2026-09-02T01:08:42.471144+00:00,2026-09-02T04:08:42.471144+03:00,1104,Balmumcu Katlı Otoparkı,BEŞİKTAŞ,41.0636,29.0109,400,319,81,KAPALI OTOPARK,1,5,24 Saat
2026-09-02T01:08:42.471144+00:00,2026-09-02T04:08:42.471144+03:00,2350,Bayrampaşa Adapark Katlı Otoparkı,BAYRAMPAŞA,41.0647,28.8875,650,0,650,KAPALI OTOPARK,0,15,24 Saat
2026-09-02T01:08:42.471144+00:00,2026-09-02T04:08:42.471144+03:00,2892,Bayrampaşa Altıntepsi Zemin  Altı Otoparkı,BAYRAMPAŞA,41.0393,28.9029,110,0,110,KAPALI OTOPARK,0,10,24 Saat
2026-09-02T01:08:42.471144+00:00,2026-09-02T04:08:42.471144+03:00,2909,Bayrampaşa Atatürk Parkı  Zemin Altı Otoparkı,BAYRAMPAŞA,41.0342,28.9123,442,0,442,KAPALI OTOPARK,0,10,24 Saat
2026-09-02T01:08:42.471144+00:00,2026-09-02T04:08:42.471144+03:00,2683,Bayrampaşa Devlet Hastanesi Cep Otoparkı,BAYRAMPAŞA,41.0414,28.9031,55,34,21,AÇIK OTOPARK,0,0,08:00-19:00
2026-09-02T01:08:42.471144+00:00,2026-09-02T04:08:42.471144+03:00,3301,Bayrampaşa Kocatepe Mahallesi Zemin Altı Otoparkı,BAYRAMPAŞA,41.0545,28.8964,241,0,241,KAPALI OTOPARK,1,10,24 Saat
2026-09-02T01:08:42.471144+00:00,2026-09-02T04:08:42.471144+03:00,2053,Bayrampaşa Muratpaşa Yer Altı Otoparkı,BAYRAMPAŞA,41.047,28.9082,300,0,300,KAPALI OTOPARK,0,15,24 Saat
2026-09-02T01:08:42.471144+00:00,2026-09-02T04:08:42.471144+03:00,3175,Bayrampaşa Spor Kompleksi Zemin Altı Otoparkı,BAYRAMPAŞA,41.0446,28.9106,205,0,205,KAPALI OTOPARK,1,15,24 Saat
2026-09-02T01:08:42.471144+00:00,2026-09-02T04:08:42.471144+03:00,3382,Bayrampaşa Şehit Kamil Balkan Zemin Altı Otoparkı,BAYRAMPAŞA,41.0604,28.9008,235,0,235,KAPALI OTOPARK,1,10,24 Saat
2026-09-02T01:08:42.471144+00:00,2026-09-02T04:08:42.471144+03:00,2428,Bayrampaşa Yenidoğan Mahallesi Zemin Altı Otoparkı,BAYRAMPAŞA,41.0395,28.9088,120,0,120,KAPALI OTOPARK,0,10,24 Saat
2026-09-02T01:08:42.471144+00:00,2026-09-02T04:08:42.471144+03:00,2468,Bebek Açık,BEŞİKTAŞ,41.077,29.0434,30,0,30,AÇIK OTOPARK,0,0,24 Saat
2026-09-02T01:08:42.471144+00:00,2026-09-02T04:08:42.471144+03:00,3479,Beşiktaş Halk Pazarı Açık Otoparkı,BEŞİKTAŞ,41.0496,29.0004,170,112,58,AÇIK OTOPARK,1,5,24 Saat
2026-09-02T01:08:42.471144+00:00,2026-09-02T04:08:42.471144+03:00,2201,Beykoz Pazar Yeri Açık Otoparkı,BEYKOZ,41.1401,29.0863,1000,1,999,AÇIK OTOPARK,0,0,09:00-18:00
2026-09-02T01:08:42.471144+00:00,2026-09-02T04:08:42.471144+03:00,3257,Beykoz Sahil Cep Otoparkı,BEYKOZ,41.1286,29.0953,100,76,24,AÇIK OTOPARK,0,0,08:00-00:00
2026-09-02T01:08:42.471144+00:00,2026-09-02T04:08:42.471144+03:00,2273,Beykoz Sosyal Tesisleri,BEYKOZ,41.1143,29.0888,130,8,122,AÇIK OTOPARK,0,15,08:00-00:00
2026-09-02T01:08:42.471144+00:00,2026-09-02T04:08:42.471144+03:00,2999,Beyoğlu Gazhane Bostan Sokak 2,BEYOĞLU,41.0389,28.9903,35,1,34,YOL ÜSTÜ,0,0,07:30-16:30
2026-09-02T01:08:42.471144+00:00,2026-09-02T04:08:42.471144+03:00,3072,Beyoğlu Örnektepe Zemin Altı Otoparkı,BEYOĞLU,41.0543,28.9548,143,0,143,KAPALI OTOPARK,0,0,24 Saat
2026-09-02T01:08:42.471144+00:00,2026-09-02T04:08:42.471144+03:00,1455,Bostancı Açık,KADIKÖY,40.9523,29.0902,394,209,185,AÇIK OTOPARK,0,15,24 Saat
2026-09-02T01:08:42.471144+00:00,2026-09-02T04:08:42.471144+03:00,1456,Bostancı Sahil-Cep Açık Otoparkı,KADIKÖY,40.9545,29.0885,192,158,34,AÇIK OTOPARK,0,15,24 Saat
2026-09-02T01:08:42.471144+00:00,2026-09-02T04:08:42.471144+03:00,2150,Bostancı Vergi Dairesi Açık Otoparkı,ATAŞEHİR,40.9625,29.1083,155,0,155,AÇIK OTOPARK,0,5,08:00-20:00
2026-09-02T01:08:42.471144+00:00,2026-09-02T04:08:42.471144+03:00,2854,Bülent Ecevit Kültür Merkezi Açık Otoparkı,KARTAL,40.8852,29.1967,277,264,13,AÇIK OTOPARK,0,0,10:00-21:00
2026-09-02T01:08:42.471144+00:00,2026-09-02T04:08:42.471144+03:00,2866,Büyük İstanbul Otogarı,BAYRAMPAŞA,41.0402,28.8942,1000,0,1000,AÇIK OTOPARK,1,25,24 Saat
2026-09-02T01:08:42.471144+00:00,2026-09-02T04:08:42.471144+03:00,1192,Büyükçamlıca Korusu Sosyal Tesisleri Önü,ÜSKÜDAR,41.0264,29.0698,204,110,94,AÇIK OTOPARK,0,0,08:00-00:00
2026-09-02T01:08:42.471144+00:00,2026-09-02T04:08:42.471144+03:00,2960,Büyükçekmece Metrobüs Durağı Yanı PD Zemin Altı Otopark,BÜYÜKÇEKMECE,41.0221,28.624,448,326,122,KAPALI OTOPARK,0,0,24 Saat
2026-09-02T01:08:42.471144+00:00,2026-09-02T04:08:42.471144+03:00,1503,Cadde Bostan Açık Otoparkı,KADIKÖY,40.9636,29.0675,66,64,2,AÇIK OTOPARK,0,15,24 Saat
2026-09-02T01:08:42.471144+00:00,2026-09-02T04:08:42.471144+03:00,2933,Cemal Kamacı Spor Kompleksi Zemin Altı Otoparkı,KAĞITHANE,41.0536,28.9575,510,0,510,KAPALI OTOPARK,1,0,24 Saat
2026-09-02T01:08:42.471144+00:00,2026-09-02T04:08:42.471144+03:00,2207,Cengiz Topel Yer Altı Katlı Otoparkı,ESENLER,41.0588,28.8643,144,0,144,KAPALI OTOPARK,0,15,24 Saat
2026-09-02T01:08:42.471144+00:00,2026-09-02T04:08:42.471144+03:00,2787,Cevizli Açık Otoparkı,KARTAL,40.9179,29.1712,100,91,9,AÇIK OTOPARK,0,15,08:00-19:00
2026-09-02T01:08:42.471144+00:00,2026-09-02T04:08:42.471144+03:00,782,Cihangir Caddesi 2,BEYOĞLU,41.0319,28.9862,70,1,69,YOL ÜSTÜ,0,15,09:00-19:00
2026-09-02T01:08:42.471144+00:00,2026-09-02T04:08:42.471144+03:00,1467,Cihangir Katlı Otoparkı,BEYOĞLU,41.0318,28.9858,350,0,350,KAPALI OTOPARK,1,0,24 Saat
2026-09-02T01:08:42.471144+00:00,2026-09-02T04:08:42.471144+03:00,535,Cihannuma Yol Üstü 1,BEŞİKTAŞ,41.0454,29.0084,35,1,34,YOL ÜSTÜ,0,0,08:00-23:00
2026-09-02T01:08:42.471144+00:00,2026-09-02T04:08:42.471144+03:00,537,Cihannuma Yol Üstü 3,BEŞİKTAŞ,41.0459,29.0087,33,1,32,YOL ÜSTÜ,0,0,08:00-23:00
2026-09-02T01:08:42.471144+00:00,2026-09-02T04:08:42.471144+03:00,539,Cihannuma Yol Üstü 5,BEŞİKTAŞ,41.0489,29.0094,24,1,23,YOL ÜSTÜ,0,0,08:00-23:00
2026-09-02T01:08:42.471144+00:00,2026-09-02T04:08:42.471144+03:00,3184,Çam Sokak 6,GÜNGÖREN,41.0121,28.8882,50,1,49,YOL ÜSTÜ,0,15,08:00-17:00
2026-09-02T01:08:42.471144+00:00,2026-09-02T04:08:42.471144+03:00,3030,Çekmeköy Metro PD Zemin Altı Otoparkı,ÇEKMEKÖY,41.0147,29.1886,175,51,124,KAPALI OTOPARK,0,15,24 Saat
2026-09-02T01:08:42.471144+00:00,2026-09-02T04:08:42.471144+03:00,2905,Çeliktepe Açık Otoparkı,KAĞITHANE,41.0843,29.0056,200,59,141,AÇIK OTOPARK,1,5,24 Saat
2026-09-02T01:08:42.471144+00:00,2026-09-02T04:08:42.471144+03:00,1298,Çengelköy Açık Otoparkı,ÜSKÜDAR,41.0484,29.0533,500,107,393,AÇIK OTOPARK,0,15,24 Saat
2026-09-02T01:08:42.471144+00:00,2026-09-02T04:08:42.471144+03:00,502,Çınar Açık Otoparkı,BEŞİKTAŞ,41.0853,29.0088,65,1,64,AÇIK OTOPARK,0,0,08:00-18:00
2026-09-02T01:08:42.471144+00:00,2026-09-02T04:08:42.471144+03:00,777,Çırağan Sarayı Yol Üstü 1,BEŞİKTAŞ,41.0448,29.0165,40,1,39,YOL ÜSTÜ,0,15,08:00-23:00
2026-09-02T01:08:42.471144+00:00,2026-09-02T04:08:42.471144+03:00,778,Çırağan Sarayı Yol Üstü 2,BEŞİKTAŞ,41.0445,29.0156,40,1,39,YOL ÜSTÜ,0,15,08:00-23:00
2026-09-02T01:08:42.471144+00:00,2026-09-02T04:08:42.471144+03:00,2228,Çırpıcı Sosyal Tesisler,ZEYTİNBURNU,41,28.8926,128,0,128,AÇIK OTOPARK,0,15,07:00-00:00
2026-09-02T01:08:42.471144+00:00,2026-09-02T04:08:42.471144+03:00,2030,Dalyan Açık Otoparkı,KADIKÖY,40.9632,29.0651,92,83,9,AÇIK OTOPARK,0,15,24 Saat
2026-09-02T01:08:42.471144+00:00,2026-09-02T04:08:42.471144+03:00,2271,Damla Sokak 1,ŞİŞLİ,41.0672,29.0004,17,1,16,YOL ÜSTÜ,0,15,07:30-16:30
2026-09-02T01:08:42.471144+00:00,2026-09-02T04:08:42.471144+03:00,2164,Darüşşafaka Yeraltı Otoparkı,SARIYER,41.1292,29.0252,150,149,1,KAPALI OTOPARK,0,15,08:00-00:00
2026-09-02T01:08:42.471144+00:00,2026-09-02T04:08:42.471144+03:00,1653,Deniz Feneri Otoparkı,FATİH,41.0019,28.9773,175,136,39,AÇIK OTOPARK,0,5,24 Saat
2026-09-02T01:08:42.471144+00:00,2026-09-02T04:08:42.471144+03:00,595,Dostluk Yurdu 1,FATİH,41.0071,28.973,33,1,32,YOL ÜSTÜ,0,15,07:00-17:00
2026-09-02T01:08:42.471144+00:00,2026-09-02T04:08:42.471144+03:00,2237,Dragos Sosyal Tesisleri,KARTAL,40.9017,29.1458,100,79,21,AÇIK OTOPARK,1,15,24 Saat
2026-09-02T01:08:42.471144+00:00,2026-09-02T04:08:42.471144+03:00,3063,Dudullu Metro PD Zemin Altı Otoparkı,ÜMRANİYE,41.0156,29.1633,81,54,27,KAPALI OTOPARK,0,15,07:00-23:30
2026-09-02T01:08:42.471144+00:00,2026-09-02T04:08:42.471144+03:00,1522,Ebu Suut Caddesi 1,FATİH,41.0128,28.9766,35,1,34,YOL ÜSTÜ,0,0,08:00-18:00
2026-09-02T01:08:42.471144+00:00,2026-09-02T04:08:42.471144+03:00,2147,EGS Blokları Açık Otoparkı,BAKIRKÖY,40.9863,28.8354,350,37,313,AÇIK OTOPARK,0,60,09:00-19:30
2026-09-02T01:08:42.471144+00:00,2026-09-02T04:08:42.471144+03:00,2366,Esenler Adem Baştürk Kültür Merkezi Katlı,ESENLER,41.039,28.8846,460,0,460,KAPALI OTOPARK,1,15,24 Saat
2026-09-02T01:08:42.471144+00:00,2026-09-02T04:08:42.471144+03:00,3190,Esenler Havaalanı Mahallesi Zemin Altı Otoparkı,ESENLER,41.0562,28.8674,610,294,316,KAPALI OTOPARK,1,10,24 Saat
2026-09-02T01:08:42.471144+00:00,2026-09-02T04:08:42.471144+03:00,3011,Esenler Menderes Metro İstasyonu Yanı,ESENLER,41.0427,28.8783,68,0,68,AÇIK OTOPARK,1,5,24 Saat
2026-09-02T01:08:42.471144+00:00,2026-09-02T04:08:42.471144+03:00,2822,Esenler Menderes Parkı Zemin Altı Otoparkı,ESENLER,41.0412,28.8729,325,0,325,KAPALI OTOPARK,1,10,24 Saat
2026-09-02T01:08:42.471144+00:00,2026-09-02T04:08:42.471144+03:00,3303,Esenyurt Adile Naşit Bulvarı Zeminaltı Otoparkı,ESENYURT,41.0205,28.6859,367,275,92,KAPALI OTOPARK,1,15,24 Saat
2026-09-02T01:08:42.471144+00:00,2026-09-02T04:08:42.471144+03:00,1328,Eski Salı Pazarı,KADIKÖY,40.9904,29.0338,760,573,187,AÇIK OTOPARK,0,15,24 Saat
2026-09-02T01:08:42.471144+00:00,2026-09-02T04:08:42.471144+03:00,904,Eyüp Pierloti Caddesi 1,EYÜP,41.0539,28.9329,40,1,39,YOL ÜSTÜ,0,0,09:00-22:00
2026-09-02T01:08:42.471144+00:00,2026-09-02T04:08:42.471144+03:00,2850,Eyüpsultan Akşemsettin Mahallesi Zemin Altı Otoparkı,EYÜP,41.085,28.9258,110,0,110,KAPALI OTOPARK,0,15,24 Saat
2026-09-02T01:08:42.471144+00:00,2026-09-02T04:08:42.471144+03:00,2215,Fatih Çeşmesi Tabiat Parkı Otoparkı,SARIYER,41.1686,28.9448,250,241,9,AÇIK OTOPARK,0,0,06:00-20:00
2026-09-02T01:08:42.471144+00:00,2026-09-02T04:08:42.471144+03:00,1475,Fatih Katlı Otoparkı,FATİH,41.0198,28.9396,118,26,92,KAPALI OTOPARK,0,10,24 Saat
2026-09-02T01:08:42.471144+00:00,2026-09-02T04:08:42.471144+03:00,1591,Feshane PD Açık Otoparkı,EYÜP,41.0463,28.9378,200,152,48,AÇIK OTOPARK,1,15,24 Saat
2026-09-02T01:08:42.471144+00:00,2026-09-02T04:08:42.471144+03:00,1005,Florya Havuzlu Bahçe,BAKIRKÖY,40.9764,28.7908,135,1,134,AÇIK OTOPARK,0,0,09:00-23:00
2026-09-02T01:08:42.471144+00:00,2026-09-02T04:08:42.471144+03:00,2238,Florya Sosyal Tesisleri,BAKIRKÖY,40.9614,28.8091,1074,1061,13,AÇIK OTOPARK,0,15,24 Saat
2026-09-02T01:08:42.471144+00:00,2026-09-02T04:08:42.471144+03:00,1704,Gazi Umur Paşa Sokak 5,BEŞİKTAŞ,41.0589,29.0114,45,1,44,YOL ÜSTÜ,0,15,08:00-17:00
2026-09-02T01:08:42.471144+00:00,2026-09-02T04:08:42.471144+03:00,3296,Gaziosmanpaşa Meydanı ve Yaşam Merkezi Zemin Altı Otoparkı,GAZİOSMANPAŞA,41.0606,28.9093,202,0,202,KAPALI OTOPARK,1,15,24 Saat
2026-09-02T01:08:42.471144+00:00,2026-09-02T04:08:42.471144+03:00,2971,Gaziosmanpaşa Zemin Altı Otoparkı,GAZİOSMANPAŞA,41.0796,28.8858,285,0,285,KAPALI OTOPARK,1,0,24 Saat
2026-09-02T01:08:42.471144+00:00,2026-09-02T04:08:42.471144+03:00,3401,Giyimkent Tekstilkent Metro Zemin Altı PD Otoparkı,ESENLER,41.0711,28.8666,203,180,23,KAPALI OTOPARK,0,10,24 Saat
2026-09-02T01:08:42.471144+00:00,2026-09-02T04:08:42.471144+03:00,2242,Gözdağı Sosyal Tesisler  Açık Otoparkı,PENDİK,40.893,29.2538,300,215,85,AÇIK OTOPARK,0,0,07:00-23:00
2026-09-02T01:08:42.471144+00:00,2026-09-02T04:08:42.471144+03:00,1879,Gülsuyu Metro PD Yer Altı Otoparkı,MALTEPE,40.9237,29.1548,76,0,76,KAPALI OTOPARK,0,15,08:00-00:00
2026-09-02T01:08:42.471144+00:00,2026-09-02T04:08:42.471144+03:00,1423,Güneş Plajı 1,BAKIRKÖY,40.9712,28.79,250,250,0,AÇIK OTOPARK,0,10,24 Saat
2026-09-02T01:08:42.471144+00:00,2026-09-02T04:08:42.471144+03:00,1461,Güneş Plajı 2,BAKIRKÖY,40.9692,28.7951,135,133,2,AÇIK OTOPARK,0,10,08:00-20:00
2026-09-02T01:08:42.471144+00:00,2026-09-02T04:08:42.471144+03:00,3053,Güngören Nikah Dairesi Zemin Altı otoparkı,GÜNGÖREN,41.0363,28.8718,147,0,147,KAPALI OTOPARK,1,10,24 Saat
2026-09-02T01:08:42.471144+00:00,2026-09-02T04:08:42.471144+03:00,2216,Gürpınar Balık Hali Otoparkı,BEYLİKDÜZÜ,40.9663,28.6019,1000,227,773,AÇIK OTOPARK,0,15,24 Saat
2026-09-02T01:08:42.471144+00:00,2026-09-02T04:08:42.471144+03:00,1525,Hacıosman Metro Yer Altı Otoparkı,SARIYER,41.14,29.0306,422,342,80,KAPALI OTOPARK,0,15,24 Saat
2026-09-02T01:08:42.471144+00:00,2026-09-02T04:08:42.471144+03:00,1470,Haldun Alagaş Katlı Otoparkı,ÜMRANİYE,41.0262,29.1052,197,80,117,KAPALI OTOPARK,1,15,24 Saat
2026-09-02T01:08:42.471144+00:00,2026-09-02T04:08:42.471144+03:00,3235,Haliç Sosyal Tesisleri Otoparkı,FATİH,41.0277,28.9572,60,40,20,AÇIK OTOPARK,0,15,07:00-00:00
2026-09-02T01:08:42.471144+00:00,2026-09-02T04:08:42.471144+03:00,2848,Halkalı Mahallesi Zemin Altı Otoparkı,KÜÇÜKÇEKMECE,41.0359,28.7848,347,271,76,KAPALI OTOPARK,0,15,24 Saat
2026-09-02T01:08:42.471144+00:00,2026-09-02T04:08:42.471144+03:00,2838,Hamidiye Mahallesi Katlı Otoparkı,KAĞITHANE,41.0949,28.971,450,144,306,KAPALI OTOPARK,1,15,24 Saat
2026-09-02T01:08:42.471144+00:00,2026-09-02T04:08:42.471144+03:00,1446,Harbiye Zemin Altı Otoparkı,BEYOĞLU,41.0408,28.9869,142,79,63,KAPALI OTOPARK,0,5,24 Saat
2026-09-02T01:08:42.471144+00:00,2026-09-02T04:08:42.471144+03:00,2332,Haydarpaşa Katlı Otoparkı,ÜSKÜDAR,41.0048,29.0251,840,759,81,KAPALI OTOPARK,1,15,24 Saat
2026-09-02T01:08:42.471144+00:00,2026-09-02T04:08:42.471144+03:00,1987,Haznedar Yer Altı Otoparkı,GÜNGÖREN,41.0083,28.8729,540,0,540,KAPALI OTOPARK,0,0,24 Saat
2026-09-02T01:08:42.471144+00:00,2026-09-02T04:08:42.471144+03:00,377,Hızır Külhani Sokak,FATİH,41.0202,28.9605,32,1,31,YOL ÜSTÜ,0,15,09:00-17:00
2026-09-02T01:08:42.471144+00:00,2026-09-02T04:08:42.471144+03:00,3173,Hürriyet Mahallesi Zeminaltı Otoparkı,GAZİOSMANPAŞA,41.0708,28.8951,190,0,190,KAPALI OTOPARK,1,15,24 Saat
2026-09-02T01:08:42.471144+00:00,2026-09-02T04:08:42.471144+03:00,157,Ihlamur Dere Caddesi 4,BEŞİKTAŞ,41.047,29.0023,27,1,26,YOL ÜSTÜ,0,15,09:00-17:00
2026-09-02T01:08:42.471144+00:00,2026-09-02T04:08:42.471144+03:00,1189,İçerenköy Sebze Meyve Hali Otoparkı,ATAŞEHİR,40.9766,29.1044,600,1,599,AÇIK OTOPARK,0,15,24 Saat
2026-09-02T01:08:42.471144+00:00,2026-09-02T04:08:42.471144+03:00,1127,İshakpaşa Caddesi,FATİH,41.0079,28.9814,200,1,199,YOL ÜSTÜ,0,0,08:00-18:00
2026-09-02T01:08:42.471144+00:00,2026-09-02T04:08:42.471144+03:00,3265,İspark İstanbul West Marina Açık Otoparkı 1,BEYLİKDÜZÜ,40.9636,28.6564,250,1,249,AÇIK OTOPARK,0,15,24 Saat
2026-09-02T01:08:42.471144+00:00,2026-09-02T04:08:42.471144+03:00,2793,İspark Merter Katlı Otoparkı,GÜNGÖREN,41.0097,28.89,900,424,476,KAPALI OTOPARK,1,10,24 Saat
2026-09-02T01:08:42.471144+00:00,2026-09-02T04:08:42.471144+03:00,2430,İspark West İstanbul Marina Açık Otoparkı,BEYLİKDÜZÜ,40.9639,28.6591,1600,1068,532,AÇIK OTOPARK,0,15,24 Saat
2026-09-02T01:08:42.471144+00:00,2026-09-02T04:08:42.471144+03:00,381,İstinye 4 ( Cami Önü ),SARIYER,41.1149,29.0571,25,1,24,YOL ÜSTÜ,0,15,08:30-17:30
2026-09-02T01:08:42.471144+00:00,2026-09-02T04:08:42.471144+03:00,1804,İtalyan Hastanesi Karşısı Açık Otoparkı 1,BEYOĞLU,41.028,28.9815,30,1,29,AÇIK OTOPARK,0,0,08:00-19:00
2026-09-02T01:08:42.471144+00:00,2026-09-02T04:08:42.471144+03:00,507,Kabasakal Medrese Önü,FATİH,41.0062,28.9789,65,1,64,AÇIK OTOPARK,0,0,08:00-18:30
2026-09-02T01:08:42.471144+00:00,2026-09-02T04:08:42.471144+03:00,3306,Kabataş Transfer Merkezi Turizm Otobüs Otoparkı,BEYOĞLU,41.0336,28.9923,160,110,50,KAPALI OTOPARK,1,20,24 Saat
2026-09-02T01:08:42.471144+00:00,2026-09-02T04:08:42.471144+03:00,2918,Kadıköy Hasanpaşa Gazhane Katlı Otoparkı,KADIKÖY,40.9972,29.0428,310,190,120,KAPALI OTOPARK,1,15,24 Saat
2026-09-02T01:08:42.471144+00:00,2026-09-02T04:08:42.471144+03:00,1447,Kadıköy İski Açık Otoparkı,KADIKÖY,40.9874,29.0207,124,117,7,AÇIK OTOPARK,0,15,24 Saat
2026-09-02T01:08:42.471144+00:00,2026-09-02T04:08:42.471144+03:00,1655,Kadıköy Metro Açık Otoparkı,KADIKÖY,40.9899,29.0217,74,59,15,AÇIK OTOPARK,0,15,24 Saat
2026-09-02T01:08:42.471144+00:00,2026-09-02T04:08:42.471144+03:00,3445,Kadıköy Uzunçayır PD Açık Otoparkı,KADIKÖY,40.9982,29.0569,70,34,36,AÇIK OTOPARK,0,15,06:30-16:30
2026-09-02T01:08:42.471144+00:00,2026-09-02T04:08:42.471144+03:00,2808,Kadıköy Yeni Salı Pazarı PD Katlı Otoparkı,KADIKÖY,40.9969,29.0486,1350,683,667,KAPALI OTOPARK,1,15,24 Saat
2026-09-02T01:08:42.471144+00:00,2026-09-02T04:08:42.471144+03:00,2811,Kağıthane Harmantepe Zemin Altı Otoparkı,KAĞITHANE,41.0816,28.9907,200,0,200,KAPALI OTOPARK,1,0,24 Saat
2026-09-02T01:08:42.471144+00:00,2026-09-02T04:08:42.471144+03:00,1452,Kalamış Açık Otoparkı,KADIKÖY,40.9687,29.0363,173,168,5,AÇIK OTOPARK,0,15,24 Saat
2026-09-02T01:08:42.471144+00:00,2026-09-02T04:08:42.471144+03:00,1474,Kartal Hasan Doğan Spor Kompleksi,KARTAL,40.8918,29.1897,773,0,773,KAPALI OTOPARK,0,15,24 Saat
2026-09-02T01:08:42.471144+00:00,2026-09-02T04:08:42.471144+03:00,1105,Kartal İdo Açık Otoparkı,KARTAL,40.8874,29.1881,90,20,70,AÇIK OTOPARK,0,15,24 Saat
2026-09-02T01:08:42.471144+00:00,2026-09-02T04:08:42.471144+03:00,1550,Kartal Sahil Açık Otoparkı,KARTAL,40.8875,29.1901,75,62,13,AÇIK OTOPARK,0,5,24 Saat
2026-09-02T01:08:42.471144+00:00,2026-09-02T04:08:42.471144+03:00,3434,Kasımpaşa Sosyal Tesisler Otoparkı,BEYOĞLU,41.0296,28.9673,60,37,23,AÇIK OTOPARK,0,0,07:30-23:00
2026-09-02T01:08:42.471144+00:00,2026-09-02T04:08:42.471144+03:00,1960,Kazlıçeşme Marmaray Açık Otoparkı,ZEYTİNBURNU,40.9922,28.917,700,667,33,AÇIK OTOPARK,0,15,24 Saat
2026-09-02T01:08:42.471144+00:00,2026-09-02T04:08:42.471144+03:00,2994,Kirazlı Metro Durağı PD Açık Otoparkı,BAĞCILAR,41.033,28.8429,112,0,112,AÇIK OTOPARK,0,5,24 Saat
2026-09-02T01:08:42.471144+00:00,2026-09-02T04:08:42.471144+03:00,1528,Kore Şehitleri Caddesi - Yüzbaşı Kaya Aldağon Sokak 1,ŞİŞLİ,41.0719,29.0139,40,1,39,YOL ÜSTÜ,0,15,07:00-16:00
2026-09-02T01:08:42.471144+00:00,2026-09-02T04:08:42.471144+03:00,2449,Kozyatağı Sebze-Meyve Hali,ATAŞEHİR,40.9787,29.1029,1500,1500,0,AÇIK OTOPARK,1,0,24 Saat
2026-09-02T01:08:42.471144+00:00,2026-09-02T04:08:42.471144+03:00,1206,Kutlugün Sokak 2,FATİH,41.0061,28.9801,200,1,199,YOL ÜSTÜ,0,0,08:00-18:00
2026-09-02T01:08:42.471144+00:00,2026-09-02T04:08:42.471144+03:00,3074,Küçük Çamlıca,ÜSKÜDAR,41.0204,29.0653,129,103,26,AÇIK OTOPARK,0,0,08:00-22:00
2026-09-02T01:08:42.471144+00:00,2026-09-02T04:08:42.471144+03:00,3127,Küçükçekmece Cennet Mahallesi Meydan Zemin Altı Otoparkı,KÜÇÜKÇEKMECE,40.9907,28.783,456,0,456,KAPALI OTOPARK,0,10,24 Saat
2026-09-02T01:08:42.471144+00:00,2026-09-02T04:08:42.471144+03:00,2554,Küçükçekmece Fevzi Çakmak Meydanı Zemin Altı Otoparkı,KÜÇÜKÇEKMECE,41.0076,28.7927,1000,433,567,KAPALI OTOPARK,0,10,24 Saat
2026-09-02T01:08:42.471144+00:00,2026-09-02T04:08:42.471144+03:00,2882,Küçüksu Kasrı Açık Otoparkı,BEYKOZ,41.0789,29.0657,98,92,6,AÇIK OTOPARK,0,0,07:00-23:00
2026-09-02T01:08:42.471144+00:00,2026-09-02T04:08:42.471144+03:00,220,Levent Hamidiye,BEŞİKTAŞ,41.0861,29.0076,100,1,99,AÇIK OTOPARK,0,0,08:00-19:00
2026-09-02T01:08:42.471144+00:00,2026-09-02T04:08:42.471144+03:00,1138,Levent Metro Yer Altı Otoparkı,BEŞİKTAŞ,41.0811,29.0105,100,1,99,AÇIK OTOPARK,0,5,07:30-19:30
2026-09-02T01:08:42.471144+00:00,2026-09-02T04:08:42.471144+03:00,2335,Maçka Açık Otoparkı,ŞİŞLİ,41.046,28.9908,75,64,11,AÇIK OTOPARK,1,0,24 Saat
2026-09-02T01:08:42.471144+00:00,2026-09-02T04:08:42.471144+03:00,1859,Maçka Katlı Otoparkı,ŞİŞLİ,41.0484,28.9903,508,0,508,KAPALI OTOPARK,0,0,24 Saat
2026-09-02T01:08:42.471144+00:00,2026-09-02T04:08:42.471144+03:00,3193,Maltepe Rıhtım Caddesi Açık Otoparkı,MALTEPE,40.9258,29.1241,76,75,1,AÇIK OTOPARK,1,0,24 Saat
2026-09-02T01:08:42.471144+00:00,2026-09-02T04:08:42.471144+03:00,2146,Maltepe Süreyyapaşa Çarşısı Açık Otoparkı,MALTEPE,40.9274,29.1225,156,122,34,AÇIK OTOPARK,1,0,24 Saat
2026-09-02T01:08:42.471144+00:00,2026-09-02T04:08:42.471144+03:00,1599,Maslak Açık Otoparkı,SARIYER,41.1166,29.024,150,148,2,AÇIK OTOPARK,0,10,24 Saat
2026-09-02T01:08:42.471144+00:00,2026-09-02T04:08:42.471144+03:00,2100,Matbaacılar Sitesi Yanı,ZEYTİNBURNU,41.0234,28.9187,250,223,27,AÇIK OTOPARK,1,5,24 Saat
2026-09-02T01:08:42.471144+00:00,2026-09-02T04:08:42.471144+03:00,920,Meclis-i Mebusan Yokuşu 2,BEYOĞLU,41.0326,28.9882,34,1,33,YOL ÜSTÜ,0,15,09:00-17:00
2026-09-02T01:08:42.471144+00:00,2026-09-02T04:08:42.471144+03:00,1546,Menekşe Plajı Açık Otoparkı,BAKIRKÖY,40.9761,28.7766,200,199,1,AÇIK OTOPARK,0,0,24 Saat
2026-09-02T01:08:42.471144+00:00,2026-09-02T04:08:42.471144+03:00,1376,Mercan Açık,FATİH,41.0136,28.9669,130,130,0,AÇIK OTOPARK,0,0,08:00-23:00
2026-09-02T01:08:42.471144+00:00,2026-09-02T04:08:42.471144+03:00,3309,Mercan Ali Paşa Sarayı Zemin Altı Otoparkı,FATİH,41.0136,28.967,196,1,195,KAPALI OTOPARK,0,0,07:00-21:00
2026-09-02T01:08:42.471144+00:00,2026-09-02T04:08:42.471144+03:00,1472,Merter Katlı Otoparkı,GÜNGÖREN,41.0092,28.8874,1000,890,110,KAPALI OTOPARK,0,10,24 Saat
2026-09-02T01:08:42.471144+00:00,2026-09-02T04:08:42.471144+03:00,2375,Merter Metro PD Zeminaltı Otoparkı,GÜNGÖREN,41.0037,28.8897,242,86,156,KAPALI OTOPARK,1,10,24 Saat
2026-09-02T01:08:42.471144+00:00,2026-09-02T04:08:42.471144+03:00,1568,Mete Caddesi 1,BEYOĞLU,41.0382,28.9879,31,1,30,YOL ÜSTÜ,0,15,08:00-23:00
2026-09-02T01:08:42.471144+00:00,2026-09-02T04:08:42.471144+03:00,1471,Mevlana Yeraltı Katlı Otoparkı,ZEYTİNBURNU,41.0072,28.9049,1000,839,161,KAPALI OTOPARK,0,5,24 Saat
2026-09-02T01:08:42.471144+00:00,2026-09-02T04:08:42.471144+03:00,2709,Millet Caddesi Açık Otoparkı,FATİH,41.01,28.9461,60,1,59,AÇIK OTOPARK,0,15,24 Saat
2026-09-02T01:08:42.471144+00:00,2026-09-02T04:08:42.471144+03:00,3152,Mimar Sinan Zemin Altı Otoparkı,ÜSKÜDAR,41.0222,29.0169,956,649,307,KAPALI OTOPARK,0,15,24 Saat
2026-09-02T01:08:42.471144+00:00,2026-09-02T04:08:42.471144+03:00,2870,Miniatürk Çadır Açık Otoparkı,BEYOĞLU,41.0594,28.9501,250,17,233,AÇIK OTOPARK,0,15,07:00-20:00
2026-09-02T01:08:42.471144+00:00,2026-09-02T04:08:42.471144+03:00,2556,Muallim Naci Açık Otoparkı,BEŞİKTAŞ,41.0561,29.0342,35,29,6,AÇIK OTOPARK,1,15,24 Saat
2026-09-02T01:08:42.471144+00:00,2026-09-02T04:08:42.471144+03:00,569,Oda Kule Önü 1,BEYOĞLU,41.0322,28.9751,24,1,23,YOL ÜSTÜ,0,0,07:00-01:00
2026-09-02T01:08:42.471144+00:00,2026-09-02T04:08:42.471144+03:00,1988,Orhangazi Şehir Parkı PD Açık Otoparkı,MALTEPE,40.9313,29.1161,5022,4615,407,AÇIK OTOPARK,1,15,24 Saat
2026-09-02T01:08:42.471144+00:00,2026-09-02T04:08:42.471144+03:00,152,Ortabahçe Caddesi 2,BEŞİKTAŞ,41.0428,29.0043,35,1,34,YOL ÜSTÜ,0,15,08:00-23:00
2026-09-02T01:08:42.471144+00:00,2026-09-02T04:08:42.471144+03:00,153,Ortabahçe Caddesi 3,BEŞİKTAŞ,41.043,29.0042,26,1,25,YOL ÜSTÜ,0,15,08:00-23:00
2026-09-02T01:08:42.471144+00:00,2026-09-02T04:08:42.471144+03:00,119,Ortaklar Caddesi 1,ŞİŞLİ,41.0638,28.9971,25,1,24,YOL ÜSTÜ,0,15,08:30-17:00
2026-09-02T01:08:42.471144+00:00,2026-09-02T04:08:42.471144+03:00,1343,Ortaköy Açık Otoparkı,BEŞİKTAŞ,41.0504,29.0326,170,158,12,AÇIK OTOPARK,1,0,24 Saat
2026-09-02T01:08:42.471144+00:00,2026-09-02T04:08:42.471144+03:00,572,Ortaköy Portakal Yokuşu 1,BEŞİKTAŞ,41.0503,29.0261,15,1,14,YOL ÜSTÜ,0,15,09:00-19:00
2026-09-02T01:08:42.471144+00:00,2026-09-02T04:08:42.471144+03:00,1039,Öğretmen Evi,AVCILAR,40.9723,28.714,80,41,39,AÇIK OTOPARK,0,0,11:00-23:00
2026-09-02T01:08:42.471144+00:00,2026-09-02T04:08:42.471144+03:00,1466,Pendik Katlı Otoparkı,PENDİK,40.8789,29.2342,120,0,120,KAPALI OTOPARK,0,15,24 Saat
2026-09-02T01:08:42.471144+00:00,2026-09-02T04:08:42.471144+03:00,3073,Pendik Kemal Kalkuz Parkı Zemin Altı Otoparkı,PENDİK,40.8885,29.2427,224,1,223,KAPALI OTOPARK,0,0,09:00-18:00
2026-09-02T01:08:42.471144+00:00,2026-09-02T04:08:42.471144+03:00,3019,Pendik Meydan Zemin Altı Otoparkı,PENDİK,40.8752,29.2324,937,0,937,KAPALI OTOPARK,1,0,24 Saat
2026-09-02T01:08:42.471144+00:00,2026-09-02T04:08:42.471144+03:00,2865,Pendik Sahil Engelliler Merkez Önü,PENDİK,40.8735,29.233,100,66,34,AÇIK OTOPARK,0,0,11:00-20:00
2026-09-02T01:08:42.471144+00:00,2026-09-02T04:08:42.471144+03:00,2434,Pendik Sahil İdo,PENDİK,40.8755,29.2369,100,0,100,AÇIK OTOPARK,0,0,07:00-23:00
2026-09-02T01:08:42.471144+00:00,2026-09-02T04:08:42.471144+03:00,248,Pendik Yenimahalle Açık 2 Otoparkı,PENDİK,40.864,29.2723,124,110,14,AÇIK OTOPARK,0,15,10:00-22:00
2026-09-02T01:08:42.471144+00:00,2026-09-02T04:08:42.471144+03:00,297,Perşembe Pazarı 1,BEYOĞLU,41.0252,28.9693,32,1,31,YOL ÜSTÜ,0,15,08:00-17:00
2026-09-02T01:08:42.471144+00:00,2026-09-02T04:08:42.471144+03:00,597,Pierre Loti Caddesi 3,FATİH,41.0069,28.9711,36,1,35,YOL ÜSTÜ,0,0,07:00-17:00
2026-09-02T01:08:42.471144+00:00,2026-09-02T04:08:42.471144+03:00,3263,Piyalepaşa Meydanı Zemin Altı Otoparkı,BEYOĞLU,41.0445,28.9674,560,153,407,KAPALI OTOPARK,0,0,24 Saat
2026-09-02T01:08:42.471144+00:00,2026-09-02T04:08:42.471144+03:00,1900,Ragıp Gümüşpala Cad.(Sobacılar Önü),FATİH,41.0181,28.969,40,1,39,YOL ÜSTÜ,0,15,07:00-18:00
2026-09-02T01:08:42.471144+00:00,2026-09-02T04:08:42.471144+03:00,415,Ragıp Gümüşpala Camii Önü 1,FATİH,41.0211,28.9627,35,1,34,YOL ÜSTÜ,0,0,07:00-17:30
2026-09-02T01:08:42.471144+00:00,2026-09-02T04:08:42.471144+03:00,3268,Refik Saydam Caddesi 3,BEYOĞLU,41.032,28.9736,55,1,54,YOL ÜSTÜ,0,0,06:00-23:00
2026-09-02T01:08:42.471144+00:00,2026-09-02T04:08:42.471144+03:00,2307,Ressam Halim Sokak PD Açık Otoparkı,BAHÇELİEVLER,40.9967,28.8641,120,118,2,AÇIK OTOPARK,0,15,08:00-00:00
2026-09-02T01:08:42.471144+00:00,2026-09-02T04:08:42.471144+03:00,1016,Röne Park Önü 1,BAKIRKÖY,40.9577,28.8319,26,1,25,YOL ÜSTÜ,0,0,11:00-23:00
2026-09-02T01:08:42.471144+00:00,2026-09-02T04:08:42.471144+03:00,3082,Rumeli Hisarı Sahil Yolu Otoparkı,SARIYER,41.0854,29.0568,20,12,8,AÇIK OTOPARK,1,0,24 Saat
2026-09-02T01:08:42.471144+00:00,2026-09-02T04:08:42.471144+03:00,1595,Sabiha Gökçen Açık Otoparkı,PENDİK,40.925,29.308,1056,318,738,AÇIK OTOPARK,0,15,24 Saat
2026-09-02T01:08:42.471144+00:00,2026-09-02T04:08:42.471144+03:00,3239,Samatya Sahil Cep Otoparkı,FATİH,40.9954,28.932,113,100,13,AÇIK OTOPARK,1,15,24 Saat
2026-09-02T01:08:42.471144+00:00,2026-09-02T04:08:42.471144+03:00,3273,Sarıyer Büyükdere Fidanlığı,SARIYER,41.1548,29.0268,160,156,4,AÇIK OTOPARK,0,0,08:00-18:00
2026-09-02T01:08:42.471144+00:00,2026-09-02T04:08:42.471144+03:00,3299,Sariyer Ayazağa Mah Vadi İstanbul Önü Açık Otoparkı,SARIYER,41.1106,28.9881,100,96,4,AÇIK OTOPARK,0,0,08:00-20:00
2026-09-02T01:08:42.471144+00:00,2026-09-02T04:08:42.471144+03:00,1303,Seyrantepe Katlı (Arena Karşısı) 1,KAĞITHANE,41.101,28.9961,1897,1,1896,KAPALI OTOPARK,1,0,24 Saat
2026-09-02T01:08:42.471144+00:00,2026-09-02T04:08:42.471144+03:00,1628,Sıracevizler Caddesi Yol Üstü 5,ŞİŞLİ,41.0607,28.9841,45,1,44,YOL ÜSTÜ,0,15,09:00-17:00
2026-09-02T01:08:42.471144+00:00,2026-09-02T04:08:42.471144+03:00,1486,Siyavuşpaşa Yer Altı Otoparkı,BAHÇELİEVLER,40.9965,28.8532,155,0,155,KAPALI OTOPARK,1,0,24 Saat
2026-09-02T01:08:42.471144+00:00,2026-09-02T04:08:42.471144+03:00,1958,Soğanlık Metro PD Açık Otoparkı,KARTAL,40.9131,29.1925,898,875,23,AÇIK OTOPARK,0,15,24 Saat
2026-09-02T01:08:42.471144+00:00,2026-09-02T04:08:42.471144+03:00,589,Su Terazisi Sokak,FATİH,41.0046,28.9727,22,1,21,YOL ÜSTÜ,0,0,07:30-17:00
2026-09-02T01:08:42.471144+00:00,2026-09-02T04:08:42.471144+03:00,1478,Suadiye Cep Açık Otoparkı,KADIKÖY,40.9586,29.0732,130,125,5,AÇIK OTOPARK,0,15,24 Saat
2026-09-02T01:08:42.471144+00:00,2026-09-02T04:08:42.471144+03:00,2948,Suadiye Sahil Açık Otoparkı,KADIKÖY,40.9562,29.0797,70,65,5,AÇIK OTOPARK,1,5,24 Saat
2026-09-02T01:08:42.471144+00:00,2026-09-02T04:08:42.471144+03:00,2799,Sultanbeyli Emir Caddesi Zemin Altı Otoparkı,SULTANBEYLİ,40.9707,29.2606,130,129,1,KAPALI OTOPARK,0,15,08:00-22:00
2026-09-02T01:08:42.471144+00:00,2026-09-02T04:08:42.471144+03:00,2372,Sultanbeyli Kent Meydanı Zemin Altı Otoparkı,SULTANBEYLİ,40.9667,29.2667,300,186,114,KAPALI OTOPARK,1,15,24 Saat
2026-09-02T01:08:42.471144+00:00,2026-09-02T04:08:42.471144+03:00,2410,Sultangazi Zemin Altı Otoparkı,SULTANGAZİ,41.0944,28.8649,104,0,104,KAPALI OTOPARK,1,10,24 Saat
2026-09-02T01:08:42.471144+00:00,2026-09-02T04:08:42.471144+03:00,2085,Süleyman Seba Caddesi 2,BEŞİKTAŞ,41.0426,28.9998,40,1,39,YOL ÜSTÜ,0,15,08:00-18:00
2026-09-02T01:08:42.471144+00:00,2026-09-02T04:08:42.471144+03:00,2088,Süleyman Seba Caddesi 5,BEŞİKTAŞ,41.0432,28.9978,40,1,39,YOL ÜSTÜ,0,15,08:00-18:00
2026-09-02T01:08:42.471144+00:00,2026-09-02T04:08:42.471144+03:00,2089,Süleyman Seba Caddesi 6,BEŞİKTAŞ,41.0435,28.9967,11,1,10,YOL ÜSTÜ,0,15,08:00-18:00
2026-09-02T01:08:42.471144+00:00,2026-09-02T04:08:42.471144+03:00,2391,Süleymaniye Cami Altı Açık Otoparkı,FATİH,41.0158,28.961,250,232,18,AÇIK OTOPARK,0,0,06:30-18:30
2026-09-02T01:08:42.471144+00:00,2026-09-02T04:08:42.471144+03:00,1730,Sütlüce Miniatürk Yanı,BEYOĞLU,41.057,28.95,320,230,90,AÇIK OTOPARK,1,15,24 Saat
2026-09-02T01:08:42.471144+00:00,2026-09-02T04:08:42.471144+03:00,36,Şakayık Sokak 4,ŞİŞLİ,41.0518,28.9936,50,1,49,YOL ÜSTÜ,0,15,08:00-16:00
2026-09-02T01:08:42.471144+00:00,2026-09-02T04:08:42.471144+03:00,1469,Şehit Volkan Duysak Katlı Otoparkı,ZEYTİNBURNU,40.9968,28.9039,1000,645,355,KAPALI OTOPARK,0,5,24 Saat
2026-09-02T01:08:42.471144+00:00,2026-09-02T04:08:42.471144+03:00,2385,Şehremini Açık Otoparkı 1,FATİH,41.0135,28.9333,60,1,59,AÇIK OTOPARK,0,0,08:30-20:30
2026-09-02T01:08:42.471144+00:00,2026-09-02T04:08:42.471144+03:00,2855,Şemsipaşa Açık Otoparkı,ÜSKÜDAR,41.0255,29.0097,47,44,3,AÇIK OTOPARK,1,0,24 Saat
2026-09-02T01:08:42.471144+00:00,2026-09-02T04:08:42.471144+03:00,2439,Şirinevler Meydan Zeminaltı Otoparkı,BAHÇELİEVLER,40.9925,28.8496,367,15,352,KAPALI OTOPARK,1,0,24 Saat
2026-09-02T01:08:42.471144+00:00,2026-09-02T04:08:42.471144+03:00,3400,Şişhane Refik Saydam Caddesi 2 Yol Üstü Otoparkı 1,BEYOĞLU,41.0326,28.9743,70,1,69,YOL ÜSTÜ,0,15,06:00-23:00
2026-09-02T01:08:42.471144+00:00,2026-09-02T04:08:42.471144+03:00,3441,Şişli Kuştepe Zemin Altı Otoparkı,ŞİŞLİ,41.072,28.9919,430,277,153,KAPALI OTOPARK,0,15,24 Saat
2026-09-02T01:08:42.471144+00:00,2026-09-02T04:08:42.471144+03:00,2816,Şişli Rumeli Caddesi Metro Yanı 1,ŞİŞLİ,41.0538,28.9868,45,1,44,YOL ÜSTÜ,0,15,08:00-20:00
2026-09-02T01:08:42.471144+00:00,2026-09-02T04:08:42.471144+03:00,2406,Şişli Zemin Altı Otoparkı,ŞİŞLİ,41.0641,28.9992,581,436,145,KAPALI OTOPARK,1,15,24 Saat
2026-09-02T01:08:42.471144+00:00,2026-09-02T04:08:42.471144+03:00,1993,Tuzla İdo,TUZLA,40.8149,29.3039,300,296,4,AÇIK OTOPARK,0,15,24 Saat
2026-09-02T01:08:42.471144+00:00,2026-09-02T04:08:42.471144+03:00,3332,Tuzla Sahil Cep,TUZLA,40.8168,29.2992,50,38,12,AÇIK OTOPARK,0,0,08:00-00:00
2026-09-02T01:08:42.471144+00:00,2026-09-02T04:08:42.471144+03:00,3057,Tuzla Sahil Zemin Altı Otoparkı,TUZLA,40.8181,29.3004,779,1,778,KAPALI OTOPARK,1,15,24 Saat
2026-09-02T01:08:42.471144+00:00,2026-09-02T04:08:42.471144+03:00,1811,Ulu Camii Açık Otoparkı,BAHÇELİEVLER,40.9982,28.8499,150,109,41,AÇIK OTOPARK,1,10,24 Saat
2026-09-02T01:08:42.471144+00:00,2026-09-02T04:08:42.471144+03:00,2424,Uzunçayır Açık Otoparkı,KADIKÖY,40.9988,29.0556,58,52,6,AÇIK OTOPARK,0,0,06:00-16:00
2026-09-02T01:08:42.471144+00:00,2026-09-02T04:08:42.471144+03:00,1468,Ümraniye Katlı Otoparkı,ÜMRANİYE,41.0261,29.0953,665,559,106,KAPALI OTOPARK,0,15,24 Saat
2026-09-02T01:08:42.471144+00:00,2026-09-02T04:08:42.471144+03:00,2898,Ümraniye Okan Sokak Zeminaltı Otoparkı,ÜMRANİYE,41.0284,29.0907,125,11,114,KAPALI OTOPARK,1,15,24 Saat
2026-09-02T01:08:42.471144+00:00,2026-09-02T04:08:42.471144+03:00,2345,Üsküdar Uzunçayır PD Açık Otoparkı,ÜSKÜDAR,40.9988,29.0577,90,84,6,AÇIK OTOPARK,0,15,06:00-22:00
2026-09-02T01:08:42.471144+00:00,2026-09-02T04:08:42.471144+03:00,1929,Üsküdar Ünalan Açık Otoparkı,ÜSKÜDAR,40.9979,29.0604,180,175,5,AÇIK OTOPARK,0,0,07:00-17:00
2026-09-02T01:08:42.471144+00:00,2026-09-02T04:08:42.471144+03:00,1487,Vatan Caddesi PD Açık Otoparkı,FATİH,41.0157,28.9405,397,356,41,AÇIK OTOPARK,0,5,24 Saat
2026-09-02T01:08:42.471144+00:00,2026-09-02T04:08:42.471144+03:00,2441,Yalı Açık Otoparkı,MALTEPE,40.9095,29.137,85,82,3,AÇIK OTOPARK,0,0,07:30-22:00
2026-09-02T01:08:42.471144+00:00,2026-09-02T04:08:42.471144+03:00,459,Yalı Köşkü Caddesi 1,FATİH,41.0163,28.9759,61,1,60,YOL ÜSTÜ,0,5,07:00-21:00
2026-09-02T01:08:42.471144+00:00,2026-09-02T04:08:42.471144+03:00,2037,Yenikapı Marmaray Büyük Otoparkı,FATİH,41.0057,28.9505,324,250,74,AÇIK OTOPARK,1,15,24 Saat
2026-09-02T01:08:42.471144+00:00,2026-09-02T04:08:42.471144+03:00,2036,Yenikapı Marmaray Küçük Otoparkı,FATİH,41.0064,28.9504,200,200,0,AÇIK OTOPARK,0,15,07:00-22:00
2026-09-02T01:08:42.471144+00:00,2026-09-02T04:08:42.471144+03:00,2175,Yenikapı Spor ve Kültür Merkezi PD Açık Otoparkı,FATİH,41.0006,28.9519,4023,3995,28,AÇIK OTOPARK,0,15,24 Saat
2026-09-02T01:08:42.471144+00:00,2026-09-02T04:08:42.471144+03:00,2805,Yenikapı Tünel Üstü Açık Otoparkı,FATİH,41.0029,28.9534,700,531,169,AÇIK OTOPARK,1,10,24 Saat
2026-09-02T01:08:42.471144+00:00,2026-09-02T04:08:42.471144+03:00,3404,Yenimahalle Metro Zemin Altı PD Otoparkı,GAZİOSMANPAŞA,41.0839,28.8926,114,87,27,KAPALI OTOPARK,1,15,24 Saat
2026-09-02T01:08:42.471144+00:00,2026-09-02T04:08:42.471144+03:00,2920,Yeşilce Zemin Altı Katlı Otoparkı,KAĞITHANE,41.0938,29.0017,676,157,519,KAPALI OTOPARK,1,0,24 Saat
2026-09-02T01:08:42.471144+00:00,2026-09-02T04:08:42.471144+03:00,987,Yeşilköy İstasyon Caddesi 1,BAKIRKÖY,40.962,28.825,40,1,39,YOL ÜSTÜ,0,15,09:00-17:30
2026-09-02T01:08:42.471144+00:00,2026-09-02T04:08:42.471144+03:00,974,Yeşilköy Marina 1,BAKIRKÖY,40.9576,28.8233,145,1,144,YOL ÜSTÜ,0,0,12:00-23:00
2026-09-02T01:08:42.471144+00:00,2026-09-02T04:08:42.471144+03:00,3406,Yeşilpınar Metro Zemin Altı PD Otoparkı,EYÜP,41.081,28.9204,269,177,92,KAPALI OTOPARK,1,15,24 Saat
2026-09-02T01:08:42.471144+00:00,2026-09-02T04:08:42.471144+03:00,1133,Yıldız Korusu,BEŞİKTAŞ,41.0514,29.0165,500,1,499,AÇIK OTOPARK,0,0,08:00-22:00
2026-09-02T01:08:42.471144+00:00,2026-09-02T04:08:42.471144+03:00,3185,Zeytinburnu Sahil Cep Otoparkı,ZEYTİNBURNU,40.9798,28.8985,160,1,159,AÇIK OTOPARK,0,0,12:00-22:00
2026-09-02T05:51:00.273320+00:00,2026-09-02T08:51:00.273320+03:00,3068,15 Temmuz Şehitler Meydanı Zeminaltı Otoparkı,ÜMRANİYE,41.0246,29.0915,1029,533,496,KAPALI OTOPARK,1,15,24 Saat
2026-09-02T05:51:00.273320+00:00,2026-09-02T08:51:00.273320+03:00,2338,19 Mayıs Açık,ŞİŞLİ,41.0563,28.9941,65,0,65,AÇIK OTOPARK,1,0,24 Saat
2026-09-02T05:51:00.273320+00:00,2026-09-02T08:51:00.273320+03:00,1751,4.Levent PD Açık Otoparkı,KAĞITHANE,41.0836,29.0081,236,125,111,AÇIK OTOPARK,1,5,24 Saat
2026-09-02T05:51:00.273320+00:00,2026-09-02T08:51:00.273320+03:00,3328,4.Levent Servis ve Turizm Araçları Açık Otoparkı,ŞİŞLİ,41.0841,29.0054,300,143,157,AÇIK OTOPARK,1,15,24 Saat
2026-09-02T05:51:00.273320+00:00,2026-09-02T08:51:00.273320+03:00,3412,5. Levent Gaziosmanpaşa Adliyesi Yanı Açık Otoparkı,EYÜP,41.0927,28.9494,250,209,41,AÇIK OTOPARK,1,15,07:00-23:00
2026-09-02T05:51:00.273320+00:00,2026-09-02T08:51:00.273320+03:00,104,Abide-i Hürriyet Caddesi 5,ŞİŞLİ,41.0619,28.9876,40,1,39,YOL ÜSTÜ,1,15,08:00-17:00
2026-09-02T05:51:00.273320+00:00,2026-09-02T08:51:00.273320+03:00,2452,Acıbadem Açık Otoparkı,ÜSKÜDAR,41.0157,29.0574,100,86,14,AÇIK OTOPARK,1,0,06:30-16:00
2026-09-02T05:51:00.273320+00:00,2026-09-02T08:51:00.273320+03:00,346,Ada Karşısı Cep 2,BEŞİKTAŞ,41.072,29.045,30,1,29,YOL ÜSTÜ,1,15,08:00-23:00
2026-09-02T05:51:00.273320+00:00,2026-09-02T08:51:00.273320+03:00,1663,Akasyalı Sokak Tenis Kulubü Önü 2,BEŞİKTAŞ,41.0867,29.0109,45,1,44,YOL ÜSTÜ,1,15,08:30-17:30
2026-09-02T05:51:00.273320+00:00,2026-09-02T08:51:00.273320+03:00,828,Akdeniz Caddesi 4,FATİH,41.0175,28.9435,27,1,26,YOL ÜSTÜ,0,15,09:00-18:00
2026-09-02T05:51:00.273320+00:00,2026-09-02T08:51:00.273320+03:00,1913,Alibeyköy Cep Otogarı Açık Otoparkı,EYÜP,41.0879,28.9446,116,0,116,AÇIK OTOPARK,1,25,24 Saat
2026-09-02T05:51:00.273320+00:00,2026-09-02T08:51:00.273320+03:00,1912,Alibeyköy Cep Otogarı Otobüs Otoparkı,EYÜP,41.0875,28.9449,5000,178,4822,AÇIK OTOPARK,1,60,24 Saat
2026-09-02T05:51:00.273320+00:00,2026-09-02T08:51:00.273320+03:00,2562,Alibeyköy Yeşiltepe Zemin Altı Otoparkı,EYÜP,41.0797,28.938,159,59,100,KAPALI OTOPARK,1,15,24 Saat
2026-09-02T05:51:00.273320+00:00,2026-09-02T08:51:00.273320+03:00,3201,Altınboynuz Sosyal Tesisleri,EYÜP,41.058,28.9447,70,1,69,AÇIK OTOPARK,1,15,08:00-23:00
2026-09-02T05:51:00.273320+00:00,2026-09-02T08:51:00.273320+03:00,758,Arap Camii Açık Otoparkı,BEYOĞLU,41.0227,28.9723,30,1,29,AÇIK OTOPARK,0,0,09:00-17:00
2026-09-02T05:51:00.273320+00:00,2026-09-02T08:51:00.273320+03:00,2685,Aras Sokak 2,BÜYÜKÇEKMECE,41.023,28.6209,60,1,59,YOL ÜSTÜ,1,0,06:00-14:30
2026-09-02T05:51:00.273320+00:00,2026-09-02T08:51:00.273320+03:00,2802,Arnavutköy Zemin Altı Otoparkı,ARNAVUTKÖY,41.1838,28.7396,700,8,692,KAPALI OTOPARK,1,15,24 Saat
2026-09-02T05:51:00.273320+00:00,2026-09-02T08:51:00.273320+03:00,1797,Ataköy Atrium AVM,BAKIRKÖY,40.9881,28.8459,250,210,40,AÇIK OTOPARK,1,15,08:00-23:00
2026-09-02T05:51:00.273320+00:00,2026-09-02T08:51:00.273320+03:00,2824,Ataköy Metro Durağı Yanı PD Zemin Altı Otoparkı,BAKIRKÖY,40.9904,28.8456,150,78,72,KAPALI OTOPARK,1,0,24 Saat
2026-09-02T05:51:00.273320+00:00,2026-09-02T08:51:00.273320+03:00,359,Atatürk Bulvarı 1,FATİH,41.0112,28.9534,20,1,19,YOL ÜSTÜ,1,0,07:30-18:00
2026-09-02T05:51:00.273320+00:00,2026-09-02T08:51:00.273320+03:00,3087,Atatürk Kent Ormanı Otoparkı,SARIYER,41.136,29.0262,200,197,3,AÇIK OTOPARK,1,0,08:00-17:00
2026-09-02T05:51:00.273320+00:00,2026-09-02T08:51:00.273320+03:00,1088,Avcılar İdo,AVCILAR,40.9712,28.7185,270,262,8,AÇIK OTOPARK,0,0,13:00-07:00
2026-09-02T05:51:00.273320+00:00,2026-09-02T08:51:00.273320+03:00,2885,Azapkapı Haliç Metro Otoparkı,ŞİŞLİ,41.0245,28.9691,80,12,68,AÇIK OTOPARK,1,5,24 Saat
2026-09-02T05:51:00.273320+00:00,2026-09-02T08:51:00.273320+03:00,2455,Azerbaycan Dostluk Parkı Zemin Altı Otoparkı,BAĞCILAR,41.0444,28.854,400,142,258,KAPALI OTOPARK,1,10,24 Saat
2026-09-02T05:51:00.273320+00:00,2026-09-02T08:51:00.273320+03:00,2965,Bağcılar Çolakoğlu Zemin Altı Otoparkı,BAĞCILAR,41.0324,28.8345,106,0,106,KAPALI OTOPARK,1,5,24 Saat
2026-09-02T05:51:00.273320+00:00,2026-09-02T08:51:00.273320+03:00,2576,Bağcılar Demirkapı Zemin Altı Otoparkı,BAĞCILAR,41.0499,28.8327,343,146,197,KAPALI OTOPARK,1,5,24 Saat
2026-09-02T05:51:00.273320+00:00,2026-09-02T08:51:00.273320+03:00,3036,Bağcılar Devlet Hastanesi Yanı Zeminaltı Otoparkı,BAĞCILAR,41.0312,28.8696,1133,76,1057,KAPALI OTOPARK,1,15,24 Saat
2026-09-02T05:51:00.273320+00:00,2026-09-02T08:51:00.273320+03:00,3071,Bağcılar Emniyet Müdürlüğü Yanı Açık Otoparkı,BAĞCILAR,41.0353,28.8598,100,0,100,AÇIK OTOPARK,1,0,24 Saat
2026-09-02T05:51:00.273320+00:00,2026-09-02T08:51:00.273320+03:00,2873,Bağcılar Göztepe Zemin Altı,BAĞCILAR,41.0567,28.8355,120,0,120,KAPALI OTOPARK,1,5,24 Saat
2026-09-02T05:51:00.273320+00:00,2026-09-02T08:51:00.273320+03:00,3187,Bağcılar Hürriyet Mahallesi Zemin Altı Otoparkı,BAĞCILAR,41.0291,28.8333,355,0,355,KAPALI OTOPARK,1,10,24 Saat
2026-09-02T05:51:00.273320+00:00,2026-09-02T08:51:00.273320+03:00,2916,Bağcılar Kent Meydanı PD Zemin Altı Otoparkı,BAĞCILAR,41.0339,28.8556,1162,0,1162,KAPALI OTOPARK,1,0,24 Saat
2026-09-02T05:51:00.273320+00:00,2026-09-02T08:51:00.273320+03:00,3261,Bağcılar Yenimahalle Zemin Altı Otoparkı,BAĞCILAR,41.0425,28.8395,525,269,256,KAPALI OTOPARK,1,15,24 Saat
2026-09-02T05:51:00.273320+00:00,2026-09-02T08:51:00.273320+03:00,2820,Bağcılar Yıldıztepe Katlı Otoparkı,BAĞCILAR,41.0294,28.8556,350,0,350,KAPALI OTOPARK,1,10,24 Saat
2026-09-02T05:51:00.273320+00:00,2026-09-02T08:51:00.273320+03:00,3447,Bahçelievler 23 Nisan Milli Egemenlik Zeminaltı Otoparkı,BAHÇELİEVLER,40.9988,28.8472,732,402,330,KAPALI OTOPARK,1,10,24 Saat
2026-09-02T05:51:00.273320+00:00,2026-09-02T08:51:00.273320+03:00,2993,Bahçelievler Cumhuriyet Zeminaltı Otoparkı,BAHÇELİEVLER,41.0149,28.859,663,0,663,KAPALI OTOPARK,1,10,24 Saat
2026-09-02T05:51:00.273320+00:00,2026-09-02T08:51:00.273320+03:00,2969,Bahçelievler Devlet Hastanesi Yanı Katlı Otoparkı,BAHÇELİEVLER,41.0072,28.8442,740,0,740,KAPALI OTOPARK,1,0,24 Saat
2026-09-02T05:51:00.273320+00:00,2026-09-02T08:51:00.273320+03:00,3051,Bahçelievler Zafer Mh. Zeminaltı Otoparkı,BAHÇELİEVLER,41.0036,28.8351,200,59,141,KAPALI OTOPARK,1,0,24 Saat
2026-09-02T05:51:00.273320+00:00,2026-09-02T08:51:00.273320+03:00,3236,Bahçeşehir Gölet Açık Otoparkı,BAŞAKŞEHİR,41.0719,28.6901,200,1,199,AÇIK OTOPARK,0,0,12:00-22:00
2026-09-02T05:51:00.273320+00:00,2026-09-02T08:51:00.273320+03:00,1465,Bakırköy İdo Açık Otoparkı,BAKIRKÖY,40.9739,28.8761,160,138,22,AÇIK OTOPARK,1,10,24 Saat
2026-09-02T05:51:00.273320+00:00,2026-09-02T08:51:00.273320+03:00,1104,Balmumcu Katlı Otoparkı,BEŞİKTAŞ,41.0636,29.0109,400,202,198,KAPALI OTOPARK,1,5,24 Saat
2026-09-02T05:51:00.273320+00:00,2026-09-02T08:51:00.273320+03:00,2350,Bayrampaşa Adapark Katlı Otoparkı,BAYRAMPAŞA,41.0647,28.8875,650,0,650,KAPALI OTOPARK,1,15,24 Saat
2026-09-02T05:51:00.273320+00:00,2026-09-02T08:51:00.273320+03:00,2892,Bayrampaşa Altıntepsi Zemin  Altı Otoparkı,BAYRAMPAŞA,41.0393,28.9029,110,0,110,KAPALI OTOPARK,1,10,24 Saat
2026-09-02T05:51:00.273320+00:00,2026-09-02T08:51:00.273320+03:00,2909,Bayrampaşa Atatürk Parkı  Zemin Altı Otoparkı,BAYRAMPAŞA,41.0342,28.9123,442,0,442,KAPALI OTOPARK,1,10,24 Saat
2026-09-02T05:51:00.273320+00:00,2026-09-02T08:51:00.273320+03:00,2683,Bayrampaşa Devlet Hastanesi Cep Otoparkı,BAYRAMPAŞA,41.0414,28.9031,55,16,39,AÇIK OTOPARK,1,0,08:00-19:00
2026-09-02T05:51:00.273320+00:00,2026-09-02T08:51:00.273320+03:00,3301,Bayrampaşa Kocatepe Mahallesi Zemin Altı Otoparkı,BAYRAMPAŞA,41.0545,28.8964,241,0,241,KAPALI OTOPARK,1,10,24 Saat
2026-09-02T05:51:00.273320+00:00,2026-09-02T08:51:00.273320+03:00,2053,Bayrampaşa Muratpaşa Yer Altı Otoparkı,BAYRAMPAŞA,41.047,28.9082,300,0,300,KAPALI OTOPARK,1,15,24 Saat
2026-09-02T05:51:00.273320+00:00,2026-09-02T08:51:00.273320+03:00,3175,Bayrampaşa Spor Kompleksi Zemin Altı Otoparkı,BAYRAMPAŞA,41.0446,28.9106,205,0,205,KAPALI OTOPARK,1,15,24 Saat
2026-09-02T05:51:00.273320+00:00,2026-09-02T08:51:00.273320+03:00,3382,Bayrampaşa Şehit Kamil Balkan Zemin Altı Otoparkı,BAYRAMPAŞA,41.0604,28.9008,235,0,235,KAPALI OTOPARK,1,10,24 Saat
2026-09-02T05:51:00.273320+00:00,2026-09-02T08:51:00.273320+03:00,2428,Bayrampaşa Yenidoğan Mahallesi Zemin Altı Otoparkı,BAYRAMPAŞA,41.0395,28.9088,120,0,120,KAPALI OTOPARK,1,10,24 Saat
2026-09-02T05:51:00.273320+00:00,2026-09-02T08:51:00.273320+03:00,2468,Bebek Açık,BEŞİKTAŞ,41.077,29.0434,30,0,30,AÇIK OTOPARK,1,0,24 Saat
2026-09-02T05:51:00.273320+00:00,2026-09-02T08:51:00.273320+03:00,3479,Beşiktaş Halk Pazarı Açık Otoparkı,BEŞİKTAŞ,41.0496,29.0004,170,118,52,AÇIK OTOPARK,1,5,24 Saat
2026-09-02T05:51:00.273320+00:00,2026-09-02T08:51:00.273320+03:00,2201,Beykoz Pazar Yeri Açık Otoparkı,BEYKOZ,41.1401,29.0863,1000,1,999,AÇIK OTOPARK,0,0,09:00-18:00
2026-09-02T05:51:00.273320+00:00,2026-09-02T08:51:00.273320+03:00,3257,Beykoz Sahil Cep Otoparkı,BEYKOZ,41.1286,29.0953,100,76,24,AÇIK OTOPARK,1,0,08:00-00:00
2026-09-02T05:51:00.273320+00:00,2026-09-02T08:51:00.273320+03:00,2273,Beykoz Sosyal Tesisleri,BEYKOZ,41.1143,29.0888,130,115,15,AÇIK OTOPARK,1,15,08:00-00:00
2026-09-02T05:51:00.273320+00:00,2026-09-02T08:51:00.273320+03:00,2999,Beyoğlu Gazhane Bostan Sokak 2,BEYOĞLU,41.0389,28.9903,35,1,34,YOL ÜSTÜ,1,0,07:30-16:30
2026-09-02T05:51:00.273320+00:00,2026-09-02T08:51:00.273320+03:00,3072,Beyoğlu Örnektepe Zemin Altı Otoparkı,BEYOĞLU,41.0543,28.9548,143,0,143,KAPALI OTOPARK,1,0,24 Saat
2026-09-02T05:51:00.273320+00:00,2026-09-02T08:51:00.273320+03:00,1455,Bostancı Açık,KADIKÖY,40.9523,29.0902,394,230,164,AÇIK OTOPARK,1,15,24 Saat
2026-09-02T05:51:00.273320+00:00,2026-09-02T08:51:00.273320+03:00,1456,Bostancı Sahil-Cep Açık Otoparkı,KADIKÖY,40.9545,29.0885,192,160,32,AÇIK OTOPARK,1,15,24 Saat
2026-09-02T05:51:00.273320+00:00,2026-09-02T08:51:00.273320+03:00,2150,Bostancı Vergi Dairesi Açık Otoparkı,ATAŞEHİR,40.9625,29.1083,155,0,155,AÇIK OTOPARK,1,5,08:00-20:00
2026-09-02T05:51:00.273320+00:00,2026-09-02T08:51:00.273320+03:00,2854,Bülent Ecevit Kültür Merkezi Açık Otoparkı,KARTAL,40.8852,29.1967,277,264,13,AÇIK OTOPARK,0,0,10:00-21:00
2026-09-02T05:51:00.273320+00:00,2026-09-02T08:51:00.273320+03:00,2866,Büyük İstanbul Otogarı,BAYRAMPAŞA,41.0402,28.8942,1000,0,1000,AÇIK OTOPARK,1,25,24 Saat
2026-09-02T05:51:00.273320+00:00,2026-09-02T08:51:00.273320+03:00,1192,Büyükçamlıca Korusu Sosyal Tesisleri Önü,ÜSKÜDAR,41.0264,29.0698,204,111,93,AÇIK OTOPARK,1,0,08:00-00:00
2026-09-02T05:51:00.273320+00:00,2026-09-02T08:51:00.273320+03:00,2960,Büyükçekmece Metrobüs Durağı Yanı PD Zemin Altı Otopark,BÜYÜKÇEKMECE,41.0221,28.624,448,226,222,KAPALI OTOPARK,1,0,24 Saat
2026-09-02T05:51:00.273320+00:00,2026-09-02T08:51:00.273320+03:00,1503,Cadde Bostan Açık Otoparkı,KADIKÖY,40.9636,29.0675,66,61,5,AÇIK OTOPARK,1,15,24 Saat
2026-09-02T05:51:00.273320+00:00,2026-09-02T08:51:00.273320+03:00,2933,Cemal Kamacı Spor Kompleksi Zemin Altı Otoparkı,KAĞITHANE,41.0536,28.9575,510,0,510,KAPALI OTOPARK,1,0,24 Saat
2026-09-02T05:51:00.273320+00:00,2026-09-02T08:51:00.273320+03:00,2207,Cengiz Topel Yer Altı Katlı Otoparkı,ESENLER,41.0588,28.8643,144,0,144,KAPALI OTOPARK,1,15,24 Saat
2026-09-02T05:51:00.273320+00:00,2026-09-02T08:51:00.273320+03:00,2787,Cevizli Açık Otoparkı,KARTAL,40.9179,29.1712,100,52,48,AÇIK OTOPARK,1,15,08:00-19:00
2026-09-02T05:51:00.273320+00:00,2026-09-02T08:51:00.273320+03:00,782,Cihangir Caddesi 2,BEYOĞLU,41.0319,28.9862,70,1,69,YOL ÜSTÜ,0,15,09:00-19:00
2026-09-02T05:51:00.273320+00:00,2026-09-02T08:51:00.273320+03:00,1467,Cihangir Katlı Otoparkı,BEYOĞLU,41.0318,28.9858,350,0,350,KAPALI OTOPARK,1,0,24 Saat
2026-09-02T05:51:00.273320+00:00,2026-09-02T08:51:00.273320+03:00,535,Cihannuma Yol Üstü 1,BEŞİKTAŞ,41.0454,29.0084,35,35,0,YOL ÜSTÜ,1,0,08:00-23:00
2026-09-02T05:51:00.273320+00:00,2026-09-02T08:51:00.273320+03:00,537,Cihannuma Yol Üstü 3,BEŞİKTAŞ,41.0459,29.0087,33,1,32,YOL ÜSTÜ,1,0,08:00-23:00
2026-09-02T05:51:00.273320+00:00,2026-09-02T08:51:00.273320+03:00,539,Cihannuma Yol Üstü 5,BEŞİKTAŞ,41.0489,29.0094,24,1,23,YOL ÜSTÜ,1,0,08:00-23:00
2026-09-02T05:51:00.273320+00:00,2026-09-02T08:51:00.273320+03:00,3184,Çam Sokak 6,GÜNGÖREN,41.0121,28.8882,50,1,49,YOL ÜSTÜ,1,15,08:00-17:00
2026-09-02T05:51:00.273320+00:00,2026-09-02T08:51:00.273320+03:00,3030,Çekmeköy Metro PD Zemin Altı Otoparkı,ÇEKMEKÖY,41.0147,29.1886,175,44,131,KAPALI OTOPARK,1,15,24 Saat
2026-09-02T05:51:00.273320+00:00,2026-09-02T08:51:00.273320+03:00,2905,Çeliktepe Açık Otoparkı,KAĞITHANE,41.0843,29.0056,200,89,111,AÇIK OTOPARK,1,5,24 Saat
2026-09-02T05:51:00.273320+00:00,2026-09-02T08:51:00.273320+03:00,1298,Çengelköy Açık Otoparkı,ÜSKÜDAR,41.0484,29.0533,500,437,63,AÇIK OTOPARK,1,15,24 Saat
2026-09-02T05:51:00.273320+00:00,2026-09-02T08:51:00.273320+03:00,502,Çınar Açık Otoparkı,BEŞİKTAŞ,41.0853,29.0088,65,1,64,AÇIK OTOPARK,1,0,08:00-18:00
2026-09-02T05:51:00.273320+00:00,2026-09-02T08:51:00.273320+03:00,777,Çırağan Sarayı Yol Üstü 1,BEŞİKTAŞ,41.0448,29.0165,40,1,39,YOL ÜSTÜ,1,15,08:00-23:00
2026-09-02T05:51:00.273320+00:00,2026-09-02T08:51:00.273320+03:00,778,Çırağan Sarayı Yol Üstü 2,BEŞİKTAŞ,41.0445,29.0156,40,1,39,YOL ÜSTÜ,1,15,08:00-23:00
2026-09-02T05:51:00.273320+00:00,2026-09-02T08:51:00.273320+03:00,2228,Çırpıcı Sosyal Tesisler,ZEYTİNBURNU,41,28.8926,128,0,128,AÇIK OTOPARK,1,15,07:00-00:00
2026-09-02T05:51:00.273320+00:00,2026-09-02T08:51:00.273320+03:00,1508,Çiroz Yeşilköy Halk Pazarı,BAKIRKÖY,40.9628,28.8129,471,442,29,AÇIK OTOPARK,1,0,08:00-18:00
2026-09-02T05:51:00.273320+00:00,2026-09-02T08:51:00.273320+03:00,2030,Dalyan Açık Otoparkı,KADIKÖY,40.9632,29.0651,92,66,26,AÇIK OTOPARK,1,15,24 Saat
2026-09-02T05:51:00.273320+00:00,2026-09-02T08:51:00.273320+03:00,2271,Damla Sokak 1,ŞİŞLİ,41.0672,29.0004,17,1,16,YOL ÜSTÜ,1,15,07:30-16:30
2026-09-02T05:51:00.273320+00:00,2026-09-02T08:51:00.273320+03:00,2164,Darüşşafaka Yeraltı Otoparkı,SARIYER,41.1292,29.0252,150,144,6,KAPALI OTOPARK,1,15,08:00-00:00
2026-09-02T05:51:00.273320+00:00,2026-09-02T08:51:00.273320+03:00,1653,Deniz Feneri Otoparkı,FATİH,41.0019,28.9773,175,141,34,AÇIK OTOPARK,1,5,24 Saat
2026-09-02T05:51:00.273320+00:00,2026-09-02T08:51:00.273320+03:00,595,Dostluk Yurdu 1,FATİH,41.0071,28.973,33,1,32,YOL ÜSTÜ,1,15,07:00-17:00
2026-09-02T05:51:00.273320+00:00,2026-09-02T08:51:00.273320+03:00,2237,Dragos Sosyal Tesisleri,KARTAL,40.9017,29.1458,100,68,32,AÇIK OTOPARK,1,15,24 Saat
2026-09-02T05:51:00.273320+00:00,2026-09-02T08:51:00.273320+03:00,3063,Dudullu Metro PD Zemin Altı Otoparkı,ÜMRANİYE,41.0156,29.1633,81,53,28,KAPALI OTOPARK,1,15,07:00-23:30
2026-09-02T05:51:00.273320+00:00,2026-09-02T08:51:00.273320+03:00,1522,Ebu Suut Caddesi 1,FATİH,41.0128,28.9766,35,1,34,YOL ÜSTÜ,1,0,08:00-18:00
2026-09-02T05:51:00.273320+00:00,2026-09-02T08:51:00.273320+03:00,2147,EGS Blokları Açık Otoparkı,BAKIRKÖY,40.9863,28.8354,350,0,350,AÇIK OTOPARK,0,60,09:00-19:30
2026-09-02T05:51:00.273320+00:00,2026-09-02T08:51:00.273320+03:00,2366,Esenler Adem Baştürk Kültür Merkezi Katlı,ESENLER,41.039,28.8846,460,0,460,KAPALI OTOPARK,1,15,24 Saat
2026-09-02T05:51:00.273320+00:00,2026-09-02T08:51:00.273320+03:00,3190,Esenler Havaalanı Mahallesi Zemin Altı Otoparkı,ESENLER,41.0562,28.8674,610,342,268,KAPALI OTOPARK,1,10,24 Saat
2026-09-02T05:51:00.273320+00:00,2026-09-02T08:51:00.273320+03:00,3011,Esenler Menderes Metro İstasyonu Yanı,ESENLER,41.0427,28.8783,68,0,68,AÇIK OTOPARK,1,5,24 Saat
2026-09-02T05:51:00.273320+00:00,2026-09-02T08:51:00.273320+03:00,2822,Esenler Menderes Parkı Zemin Altı Otoparkı,ESENLER,41.0412,28.8729,325,5,320,KAPALI OTOPARK,1,10,24 Saat
2026-09-02T05:51:00.273320+00:00,2026-09-02T08:51:00.273320+03:00,3303,Esenyurt Adile Naşit Bulvarı Zeminaltı Otoparkı,ESENYURT,41.0205,28.6859,367,273,94,KAPALI OTOPARK,1,15,24 Saat
2026-09-02T05:51:00.273320+00:00,2026-09-02T08:51:00.273320+03:00,1328,Eski Salı Pazarı,KADIKÖY,40.9904,29.0338,760,543,217,AÇIK OTOPARK,1,15,24 Saat
2026-09-02T05:51:00.273320+00:00,2026-09-02T08:51:00.273320+03:00,904,Eyüp Pierloti Caddesi 1,EYÜP,41.0539,28.9329,40,1,39,YOL ÜSTÜ,0,0,09:00-22:00
2026-09-02T05:51:00.273320+00:00,2026-09-02T08:51:00.273320+03:00,2850,Eyüpsultan Akşemsettin Mahallesi Zemin Altı Otoparkı,EYÜP,41.085,28.9258,110,0,110,KAPALI OTOPARK,1,15,24 Saat
2026-09-02T05:51:00.273320+00:00,2026-09-02T08:51:00.273320+03:00,2287,Fatih Akşemsettin Caddesi 1,FATİH,41.0221,28.9446,23,1,22,YOL ÜSTÜ,0,15,09:00-17:00
2026-09-02T05:51:00.273320+00:00,2026-09-02T08:51:00.273320+03:00,2215,Fatih Çeşmesi Tabiat Parkı Otoparkı,SARIYER,41.1686,28.9448,250,241,9,AÇIK OTOPARK,1,0,06:00-20:00
2026-09-02T05:51:00.273320+00:00,2026-09-02T08:51:00.273320+03:00,1475,Fatih Katlı Otoparkı,FATİH,41.0198,28.9396,118,18,100,KAPALI OTOPARK,1,10,24 Saat
2026-09-02T05:51:00.273320+00:00,2026-09-02T08:51:00.273320+03:00,1591,Feshane PD Açık Otoparkı,EYÜP,41.0463,28.9378,200,127,73,AÇIK OTOPARK,1,15,24 Saat
2026-09-02T05:51:00.273320+00:00,2026-09-02T08:51:00.273320+03:00,1005,Florya Havuzlu Bahçe,BAKIRKÖY,40.9764,28.7908,135,1,134,AÇIK OTOPARK,0,0,09:00-23:00
2026-09-02T05:51:00.273320+00:00,2026-09-02T08:51:00.273320+03:00,2238,Florya Sosyal Tesisleri,BAKIRKÖY,40.9614,28.8091,1074,1037,37,AÇIK OTOPARK,1,15,24 Saat
2026-09-02T05:51:00.273320+00:00,2026-09-02T08:51:00.273320+03:00,1704,Gazi Umur Paşa Sokak 5,BEŞİKTAŞ,41.0589,29.0114,45,1,44,YOL ÜSTÜ,1,15,08:00-17:00
2026-09-02T05:51:00.273320+00:00,2026-09-02T08:51:00.273320+03:00,3296,Gaziosmanpaşa Meydanı ve Yaşam Merkezi Zemin Altı Otoparkı,GAZİOSMANPAŞA,41.0606,28.9093,202,0,202,KAPALI OTOPARK,1,15,24 Saat
2026-09-02T05:51:00.273320+00:00,2026-09-02T08:51:00.273320+03:00,2971,Gaziosmanpaşa Zemin Altı Otoparkı,GAZİOSMANPAŞA,41.0796,28.8858,285,0,285,KAPALI OTOPARK,1,0,24 Saat
2026-09-02T05:51:00.273320+00:00,2026-09-02T08:51:00.273320+03:00,3401,Giyimkent Tekstilkent Metro Zemin Altı PD Otoparkı,ESENLER,41.0711,28.8666,203,175,28,KAPALI OTOPARK,1,10,24 Saat
2026-09-02T05:51:00.273320+00:00,2026-09-02T08:51:00.273320+03:00,2242,Gözdağı Sosyal Tesisler  Açık Otoparkı,PENDİK,40.893,29.2538,300,215,85,AÇIK OTOPARK,1,0,07:00-23:00
2026-09-02T05:51:00.273320+00:00,2026-09-02T08:51:00.273320+03:00,1879,Gülsuyu Metro PD Yer Altı Otoparkı,MALTEPE,40.9237,29.1548,76,0,76,KAPALI OTOPARK,1,15,08:00-00:00
2026-09-02T05:51:00.273320+00:00,2026-09-02T08:51:00.273320+03:00,1423,Güneş Plajı 1,BAKIRKÖY,40.9712,28.79,250,246,4,AÇIK OTOPARK,1,10,24 Saat
2026-09-02T05:51:00.273320+00:00,2026-09-02T08:51:00.273320+03:00,1461,Güneş Plajı 2,BAKIRKÖY,40.9692,28.7951,135,131,4,AÇIK OTOPARK,1,10,08:00-20:00
2026-09-02T05:51:00.273320+00:00,2026-09-02T08:51:00.273320+03:00,3053,Güngören Nikah Dairesi Zemin Altı otoparkı,GÜNGÖREN,41.0363,28.8718,147,0,147,KAPALI OTOPARK,1,10,24 Saat
2026-09-02T05:51:00.273320+00:00,2026-09-02T08:51:00.273320+03:00,2216,Gürpınar Balık Hali Otoparkı,BEYLİKDÜZÜ,40.9663,28.6019,1000,560,440,AÇIK OTOPARK,1,15,24 Saat
2026-09-02T05:51:00.273320+00:00,2026-09-02T08:51:00.273320+03:00,2719,Güvenlik Caddesi 2,FATİH,41.007,28.9561,10,1,9,YOL ÜSTÜ,1,0,08:00-18:00
2026-09-02T05:51:00.273320+00:00,2026-09-02T08:51:00.273320+03:00,1525,Hacıosman Metro Yer Altı Otoparkı,SARIYER,41.14,29.0306,422,228,194,KAPALI OTOPARK,1,15,24 Saat
2026-09-02T05:51:00.273320+00:00,2026-09-02T08:51:00.273320+03:00,1470,Haldun Alagaş Katlı Otoparkı,ÜMRANİYE,41.0262,29.1052,197,8,189,KAPALI OTOPARK,1,15,24 Saat
2026-09-02T05:51:00.273320+00:00,2026-09-02T08:51:00.273320+03:00,3235,Haliç Sosyal Tesisleri Otoparkı,FATİH,41.0277,28.9572,60,51,9,AÇIK OTOPARK,1,15,07:00-00:00
2026-09-02T05:51:00.273320+00:00,2026-09-02T08:51:00.273320+03:00,2848,Halkalı Mahallesi Zemin Altı Otoparkı,KÜÇÜKÇEKMECE,41.0359,28.7848,347,186,161,KAPALI OTOPARK,1,15,24 Saat
2026-09-02T05:51:00.273320+00:00,2026-09-02T08:51:00.273320+03:00,2838,Hamidiye Mahallesi Katlı Otoparkı,KAĞITHANE,41.0949,28.971,450,173,277,KAPALI OTOPARK,1,15,24 Saat
2026-09-02T05:51:00.273320+00:00,2026-09-02T08:51:00.273320+03:00,1446,Harbiye Zemin Altı Otoparkı,BEYOĞLU,41.0408,28.9869,142,23,119,KAPALI OTOPARK,1,5,24 Saat
2026-09-02T05:51:00.273320+00:00,2026-09-02T08:51:00.273320+03:00,2332,Haydarpaşa Katlı Otoparkı,ÜSKÜDAR,41.0048,29.0251,840,439,401,KAPALI OTOPARK,1,15,24 Saat
2026-09-02T05:51:00.273320+00:00,2026-09-02T08:51:00.273320+03:00,1987,Haznedar Yer Altı Otoparkı,GÜNGÖREN,41.0083,28.8729,540,0,540,KAPALI OTOPARK,1,0,24 Saat
2026-09-02T05:51:00.273320+00:00,2026-09-02T08:51:00.273320+03:00,377,Hızır Külhani Sokak,FATİH,41.0202,28.9605,32,1,31,YOL ÜSTÜ,0,15,09:00-17:00
2026-09-02T05:51:00.273320+00:00,2026-09-02T08:51:00.273320+03:00,3173,Hürriyet Mahallesi Zeminaltı Otoparkı,GAZİOSMANPAŞA,41.0708,28.8951,190,0,190,KAPALI OTOPARK,1,15,24 Saat
2026-09-02T05:51:00.273320+00:00,2026-09-02T08:51:00.273320+03:00,157,Ihlamur Dere Caddesi 4,BEŞİKTAŞ,41.047,29.0023,27,1,26,YOL ÜSTÜ,0,15,09:00-17:00
2026-09-02T05:51:00.273320+00:00,2026-09-02T08:51:00.273320+03:00,1189,İçerenköy Sebze Meyve Hali Otoparkı,ATAŞEHİR,40.9766,29.1044,600,599,1,AÇIK OTOPARK,1,15,24 Saat
2026-09-02T05:51:00.273320+00:00,2026-09-02T08:51:00.273320+03:00,1127,İshakpaşa Caddesi,FATİH,41.0079,28.9814,200,1,199,YOL ÜSTÜ,1,0,08:00-18:00
2026-09-02T05:51:00.273320+00:00,2026-09-02T08:51:00.273320+03:00,3265,İspark İstanbul West Marina Açık Otoparkı 1,BEYLİKDÜZÜ,40.9636,28.6564,250,1,249,AÇIK OTOPARK,1,15,24 Saat
2026-09-02T05:51:00.273320+00:00,2026-09-02T08:51:00.273320+03:00,2793,İspark Merter Katlı Otoparkı,GÜNGÖREN,41.0097,28.89,900,430,470,KAPALI OTOPARK,1,10,24 Saat
2026-09-02T05:51:00.273320+00:00,2026-09-02T08:51:00.273320+03:00,2430,İspark West İstanbul Marina Açık Otoparkı,BEYLİKDÜZÜ,40.9639,28.6591,1600,1045,555,AÇIK OTOPARK,1,15,24 Saat
2026-09-02T05:51:00.273320+00:00,2026-09-02T08:51:00.273320+03:00,381,İstinye 4 ( Cami Önü ),SARIYER,41.1149,29.0571,25,1,24,YOL ÜSTÜ,1,15,08:30-17:30
2026-09-02T05:51:00.273320+00:00,2026-09-02T08:51:00.273320+03:00,1804,İtalyan Hastanesi Karşısı Açık Otoparkı 1,BEYOĞLU,41.028,28.9815,30,1,29,AÇIK OTOPARK,1,0,08:00-19:00
2026-09-02T05:51:00.273320+00:00,2026-09-02T08:51:00.273320+03:00,507,Kabasakal Medrese Önü,FATİH,41.0062,28.9789,65,1,64,AÇIK OTOPARK,1,0,08:00-18:30
2026-09-02T05:51:00.273320+00:00,2026-09-02T08:51:00.273320+03:00,3306,Kabataş Transfer Merkezi Turizm Otobüs Otoparkı,BEYOĞLU,41.0336,28.9923,160,77,83,KAPALI OTOPARK,1,20,24 Saat
2026-09-02T05:51:00.273320+00:00,2026-09-02T08:51:00.273320+03:00,2918,Kadıköy Hasanpaşa Gazhane Katlı Otoparkı,KADIKÖY,40.9972,29.0428,310,197,113,KAPALI OTOPARK,1,15,24 Saat
2026-09-02T05:51:00.273320+00:00,2026-09-02T08:51:00.273320+03:00,1447,Kadıköy İski Açık Otoparkı,KADIKÖY,40.9874,29.0207,124,112,12,AÇIK OTOPARK,1,15,24 Saat
2026-09-02T05:51:00.273320+00:00,2026-09-02T08:51:00.273320+03:00,1655,Kadıköy Metro Açık Otoparkı,KADIKÖY,40.9899,29.0217,74,16,58,AÇIK OTOPARK,1,15,24 Saat
2026-09-02T05:51:00.273320+00:00,2026-09-02T08:51:00.273320+03:00,3445,Kadıköy Uzunçayır PD Açık Otoparkı,KADIKÖY,40.9982,29.0569,70,34,36,AÇIK OTOPARK,1,15,06:30-16:30
2026-09-02T05:51:00.273320+00:00,2026-09-02T08:51:00.273320+03:00,2808,Kadıköy Yeni Salı Pazarı PD Katlı Otoparkı,KADIKÖY,40.9969,29.0486,1350,683,667,KAPALI OTOPARK,1,15,24 Saat
2026-09-02T05:51:00.273320+00:00,2026-09-02T08:51:00.273320+03:00,2811,Kağıthane Harmantepe Zemin Altı Otoparkı,KAĞITHANE,41.0816,28.9907,200,0,200,KAPALI OTOPARK,1,0,24 Saat
2026-09-02T05:51:00.273320+00:00,2026-09-02T08:51:00.273320+03:00,1452,Kalamış Açık Otoparkı,KADIKÖY,40.9687,29.0363,173,160,13,AÇIK OTOPARK,1,15,24 Saat
2026-09-02T05:51:00.273320+00:00,2026-09-02T08:51:00.273320+03:00,1474,Kartal Hasan Doğan Spor Kompleksi,KARTAL,40.8918,29.1897,773,0,773,KAPALI OTOPARK,1,15,24 Saat
2026-09-02T05:51:00.273320+00:00,2026-09-02T08:51:00.273320+03:00,1105,Kartal İdo Açık Otoparkı,KARTAL,40.8874,29.1881,90,8,82,AÇIK OTOPARK,1,15,24 Saat
2026-09-02T05:51:00.273320+00:00,2026-09-02T08:51:00.273320+03:00,1550,Kartal Sahil Açık Otoparkı,KARTAL,40.8875,29.1901,75,43,32,AÇIK OTOPARK,1,5,24 Saat
2026-09-02T05:51:00.273320+00:00,2026-09-02T08:51:00.273320+03:00,3434,Kasımpaşa Sosyal Tesisler Otoparkı,BEYOĞLU,41.0296,28.9673,60,37,23,AÇIK OTOPARK,1,0,07:30-23:00
2026-09-02T05:51:00.273320+00:00,2026-09-02T08:51:00.273320+03:00,1960,Kazlıçeşme Marmaray Açık Otoparkı,ZEYTİNBURNU,40.9922,28.917,700,635,65,AÇIK OTOPARK,1,15,24 Saat
2026-09-02T05:51:00.273320+00:00,2026-09-02T08:51:00.273320+03:00,2994,Kirazlı Metro Durağı PD Açık Otoparkı,BAĞCILAR,41.033,28.8429,112,0,112,AÇIK OTOPARK,1,5,24 Saat
2026-09-02T05:51:00.273320+00:00,2026-09-02T08:51:00.273320+03:00,1528,Kore Şehitleri Caddesi - Yüzbaşı Kaya Aldağon Sokak 1,ŞİŞLİ,41.0719,29.0139,40,1,39,YOL ÜSTÜ,1,15,07:00-16:00
2026-09-02T05:51:00.273320+00:00,2026-09-02T08:51:00.273320+03:00,2449,Kozyatağı Sebze-Meyve Hali,ATAŞEHİR,40.9787,29.1029,1500,1500,0,AÇIK OTOPARK,1,0,24 Saat
2026-09-02T05:51:00.273320+00:00,2026-09-02T08:51:00.273320+03:00,1206,Kutlugün Sokak 2,FATİH,41.0061,28.9801,200,1,199,YOL ÜSTÜ,1,0,08:00-18:00
2026-09-02T05:51:00.273320+00:00,2026-09-02T08:51:00.273320+03:00,3074,Küçük Çamlıca,ÜSKÜDAR,41.0204,29.0653,129,105,24,AÇIK OTOPARK,1,0,08:00-22:00
2026-09-02T05:51:00.273320+00:00,2026-09-02T08:51:00.273320+03:00,3127,Küçükçekmece Cennet Mahallesi Meydan Zemin Altı Otoparkı,KÜÇÜKÇEKMECE,40.9907,28.783,456,0,456,KAPALI OTOPARK,1,10,24 Saat
2026-09-02T05:51:00.273320+00:00,2026-09-02T08:51:00.273320+03:00,2554,Küçükçekmece Fevzi Çakmak Meydanı Zemin Altı Otoparkı,KÜÇÜKÇEKMECE,41.0076,28.7927,1000,472,528,KAPALI OTOPARK,1,10,24 Saat
2026-09-02T05:51:00.273320+00:00,2026-09-02T08:51:00.273320+03:00,2882,Küçüksu Kasrı Açık Otoparkı,BEYKOZ,41.0789,29.0657,98,93,5,AÇIK OTOPARK,1,0,07:00-23:00
2026-09-02T05:51:00.273320+00:00,2026-09-02T08:51:00.273320+03:00,220,Levent Hamidiye,BEŞİKTAŞ,41.0861,29.0076,100,1,99,AÇIK OTOPARK,1,0,08:00-19:00
2026-09-02T05:51:00.273320+00:00,2026-09-02T08:51:00.273320+03:00,1138,Levent Metro Yer Altı Otoparkı,BEŞİKTAŞ,41.0811,29.0105,100,1,99,AÇIK OTOPARK,1,5,07:30-19:30
2026-09-02T05:51:00.273320+00:00,2026-09-02T08:51:00.273320+03:00,2335,Maçka Açık Otoparkı,ŞİŞLİ,41.046,28.9908,75,65,10,AÇIK OTOPARK,1,0,24 Saat
2026-09-02T05:51:00.273320+00:00,2026-09-02T08:51:00.273320+03:00,1859,Maçka Katlı Otoparkı,ŞİŞLİ,41.0484,28.9903,508,0,508,KAPALI OTOPARK,1,0,24 Saat
2026-09-02T05:51:00.273320+00:00,2026-09-02T08:51:00.273320+03:00,3193,Maltepe Rıhtım Caddesi Açık Otoparkı,MALTEPE,40.9258,29.1241,76,69,7,AÇIK OTOPARK,1,0,24 Saat
2026-09-02T05:51:00.273320+00:00,2026-09-02T08:51:00.273320+03:00,2146,Maltepe Süreyyapaşa Çarşısı Açık Otoparkı,MALTEPE,40.9274,29.1225,156,118,38,AÇIK OTOPARK,1,0,24 Saat
2026-09-02T05:51:00.273320+00:00,2026-09-02T08:51:00.273320+03:00,1599,Maslak Açık Otoparkı,SARIYER,41.1166,29.024,150,91,59,AÇIK OTOPARK,1,10,24 Saat
2026-09-02T05:51:00.273320+00:00,2026-09-02T08:51:00.273320+03:00,2100,Matbaacılar Sitesi Yanı,ZEYTİNBURNU,41.0234,28.9187,250,142,108,AÇIK OTOPARK,1,5,24 Saat
2026-09-02T05:51:00.273320+00:00,2026-09-02T08:51:00.273320+03:00,920,Meclis-i Mebusan Yokuşu 2,BEYOĞLU,41.0326,28.9882,34,1,33,YOL ÜSTÜ,0,15,09:00-17:00
2026-09-02T05:51:00.273320+00:00,2026-09-02T08:51:00.273320+03:00,1546,Menekşe Plajı Açık Otoparkı,BAKIRKÖY,40.9761,28.7766,200,199,1,AÇIK OTOPARK,1,0,24 Saat
2026-09-02T05:51:00.273320+00:00,2026-09-02T08:51:00.273320+03:00,1376,Mercan Açık,FATİH,41.0136,28.9669,130,94,36,AÇIK OTOPARK,1,0,08:00-23:00
2026-09-02T05:51:00.273320+00:00,2026-09-02T08:51:00.273320+03:00,3309,Mercan Ali Paşa Sarayı Zemin Altı Otoparkı,FATİH,41.0136,28.967,196,1,195,KAPALI OTOPARK,1,0,07:00-21:00
2026-09-02T05:51:00.273320+00:00,2026-09-02T08:51:00.273320+03:00,1472,Merter Katlı Otoparkı,GÜNGÖREN,41.0092,28.8874,1000,882,118,KAPALI OTOPARK,1,10,24 Saat
2026-09-02T05:51:00.273320+00:00,2026-09-02T08:51:00.273320+03:00,2375,Merter Metro PD Zeminaltı Otoparkı,GÜNGÖREN,41.0037,28.8897,242,72,170,KAPALI OTOPARK,1,10,24 Saat
2026-09-02T05:51:00.273320+00:00,2026-09-02T08:51:00.273320+03:00,1568,Mete Caddesi 1,BEYOĞLU,41.0382,28.9879,31,1,30,YOL ÜSTÜ,1,15,08:00-23:00
2026-09-02T05:51:00.273320+00:00,2026-09-02T08:51:00.273320+03:00,1471,Mevlana Yeraltı Katlı Otoparkı,ZEYTİNBURNU,41.0072,28.9049,1000,857,143,KAPALI OTOPARK,1,5,24 Saat
2026-09-02T05:51:00.273320+00:00,2026-09-02T08:51:00.273320+03:00,2709,Millet Caddesi Açık Otoparkı,FATİH,41.01,28.9461,60,1,59,AÇIK OTOPARK,1,15,24 Saat
2026-09-02T05:51:00.273320+00:00,2026-09-02T08:51:00.273320+03:00,3152,Mimar Sinan Zemin Altı Otoparkı,ÜSKÜDAR,41.0222,29.0169,956,553,403,KAPALI OTOPARK,1,15,24 Saat
2026-09-02T05:51:00.273320+00:00,2026-09-02T08:51:00.273320+03:00,2870,Miniatürk Çadır Açık Otoparkı,BEYOĞLU,41.0594,28.9501,250,0,250,AÇIK OTOPARK,1,15,07:00-20:00
2026-09-02T05:51:00.273320+00:00,2026-09-02T08:51:00.273320+03:00,2556,Muallim Naci Açık Otoparkı,BEŞİKTAŞ,41.0561,29.0342,35,27,8,AÇIK OTOPARK,1,15,24 Saat
2026-09-02T05:51:00.273320+00:00,2026-09-02T08:51:00.273320+03:00,569,Oda Kule Önü 1,BEYOĞLU,41.0322,28.9751,24,1,23,YOL ÜSTÜ,1,0,07:00-01:00
2026-09-02T05:51:00.273320+00:00,2026-09-02T08:51:00.273320+03:00,1988,Orhangazi Şehir Parkı PD Açık Otoparkı,MALTEPE,40.9313,29.1161,5022,4561,461,AÇIK OTOPARK,1,15,24 Saat
2026-09-02T05:51:00.273320+00:00,2026-09-02T08:51:00.273320+03:00,152,Ortabahçe Caddesi 2,BEŞİKTAŞ,41.0428,29.0043,35,1,34,YOL ÜSTÜ,1,15,08:00-23:00
2026-09-02T05:51:00.273320+00:00,2026-09-02T08:51:00.273320+03:00,153,Ortabahçe Caddesi 3,BEŞİKTAŞ,41.043,29.0042,26,1,25,YOL ÜSTÜ,1,15,08:00-23:00
2026-09-02T05:51:00.273320+00:00,2026-09-02T08:51:00.273320+03:00,119,Ortaklar Caddesi 1,ŞİŞLİ,41.0638,28.9971,25,1,24,YOL ÜSTÜ,1,15,08:30-17:00
2026-09-02T05:51:00.273320+00:00,2026-09-02T08:51:00.273320+03:00,1343,Ortaköy Açık Otoparkı,BEŞİKTAŞ,41.0504,29.0326,170,146,24,AÇIK OTOPARK,1,0,24 Saat
2026-09-02T05:51:00.273320+00:00,2026-09-02T08:51:00.273320+03:00,572,Ortaköy Portakal Yokuşu 1,BEŞİKTAŞ,41.0503,29.0261,15,1,14,YOL ÜSTÜ,0,15,09:00-19:00
2026-09-02T05:51:00.273320+00:00,2026-09-02T08:51:00.273320+03:00,1039,Öğretmen Evi,AVCILAR,40.9723,28.714,80,41,39,AÇIK OTOPARK,0,0,11:00-23:00
2026-09-02T05:51:00.273320+00:00,2026-09-02T08:51:00.273320+03:00,1466,Pendik Katlı Otoparkı,PENDİK,40.8789,29.2342,120,0,120,KAPALI OTOPARK,1,15,24 Saat
2026-09-02T05:51:00.273320+00:00,2026-09-02T08:51:00.273320+03:00,3073,Pendik Kemal Kalkuz Parkı Zemin Altı Otoparkı,PENDİK,40.8885,29.2427,224,0,224,KAPALI OTOPARK,0,0,09:00-18:00
2026-09-02T05:51:00.273320+00:00,2026-09-02T08:51:00.273320+03:00,3019,Pendik Meydan Zemin Altı Otoparkı,PENDİK,40.8752,29.2324,937,0,937,KAPALI OTOPARK,1,0,24 Saat
2026-09-02T05:51:00.273320+00:00,2026-09-02T08:51:00.273320+03:00,2865,Pendik Sahil Engelliler Merkez Önü,PENDİK,40.8735,29.233,100,66,34,AÇIK OTOPARK,0,0,11:00-20:00
2026-09-02T05:51:00.273320+00:00,2026-09-02T08:51:00.273320+03:00,2434,Pendik Sahil İdo,PENDİK,40.8755,29.2369,100,0,100,AÇIK OTOPARK,1,0,07:00-23:00
2026-09-02T05:51:00.273320+00:00,2026-09-02T08:51:00.273320+03:00,248,Pendik Yenimahalle Açık 2 Otoparkı,PENDİK,40.864,29.2723,124,63,61,AÇIK OTOPARK,0,15,10:00-22:00
2026-09-02T05:51:00.273320+00:00,2026-09-02T08:51:00.273320+03:00,297,Perşembe Pazarı 1,BEYOĞLU,41.0252,28.9693,32,1,31,YOL ÜSTÜ,1,15,08:00-17:00
2026-09-02T05:51:00.273320+00:00,2026-09-02T08:51:00.273320+03:00,597,Pierre Loti Caddesi 3,FATİH,41.0069,28.9711,36,1,35,YOL ÜSTÜ,1,0,07:00-17:00
2026-09-02T05:51:00.273320+00:00,2026-09-02T08:51:00.273320+03:00,3263,Piyalepaşa Meydanı Zemin Altı Otoparkı,BEYOĞLU,41.0445,28.9674,560,200,360,KAPALI OTOPARK,1,0,24 Saat
2026-09-02T05:51:00.273320+00:00,2026-09-02T08:51:00.273320+03:00,1900,Ragıp Gümüşpala Cad.(Sobacılar Önü),FATİH,41.0181,28.969,40,1,39,YOL ÜSTÜ,1,15,07:00-18:00
2026-09-02T05:51:00.273320+00:00,2026-09-02T08:51:00.273320+03:00,415,Ragıp Gümüşpala Camii Önü 1,FATİH,41.0211,28.9627,35,1,34,YOL ÜSTÜ,1,0,07:00-17:30
2026-09-02T05:51:00.273320+00:00,2026-09-02T08:51:00.273320+03:00,3268,Refik Saydam Caddesi 3,BEYOĞLU,41.032,28.9736,55,1,54,YOL ÜSTÜ,1,0,06:00-23:00
2026-09-02T05:51:00.273320+00:00,2026-09-02T08:51:00.273320+03:00,2307,Ressam Halim Sokak PD Açık Otoparkı,BAHÇELİEVLER,40.9967,28.8641,120,102,18,AÇIK OTOPARK,1,15,08:00-00:00
2026-09-02T05:51:00.273320+00:00,2026-09-02T08:51:00.273320+03:00,1016,Röne Park Önü 1,BAKIRKÖY,40.9577,28.8319,26,1,25,YOL ÜSTÜ,0,0,11:00-23:00
2026-09-02T05:51:00.273320+00:00,2026-09-02T08:51:00.273320+03:00,3082,Rumeli Hisarı Sahil Yolu Otoparkı,SARIYER,41.0854,29.0568,20,4,16,AÇIK OTOPARK,1,0,24 Saat
2026-09-02T05:51:00.273320+00:00,2026-09-02T08:51:00.273320+03:00,1595,Sabiha Gökçen Açık Otoparkı,PENDİK,40.925,29.308,1056,237,819,AÇIK OTOPARK,1,15,24 Saat
2026-09-02T05:51:00.273320+00:00,2026-09-02T08:51:00.273320+03:00,3239,Samatya Sahil Cep Otoparkı,FATİH,40.9954,28.932,113,107,6,AÇIK OTOPARK,1,15,24 Saat
2026-09-02T05:51:00.273320+00:00,2026-09-02T08:51:00.273320+03:00,3273,Sarıyer Büyükdere Fidanlığı,SARIYER,41.1548,29.0268,160,157,3,AÇIK OTOPARK,1,0,08:00-18:00
2026-09-02T05:51:00.273320+00:00,2026-09-02T08:51:00.273320+03:00,3299,Sariyer Ayazağa Mah Vadi İstanbul Önü Açık Otoparkı,SARIYER,41.1106,28.9881,100,96,4,AÇIK OTOPARK,1,0,08:00-20:00
2026-09-02T05:51:00.273320+00:00,2026-09-02T08:51:00.273320+03:00,1303,Seyrantepe Katlı (Arena Karşısı) 1,KAĞITHANE,41.101,28.9961,1897,1897,0,KAPALI OTOPARK,1,0,24 Saat
2026-09-02T05:51:00.273320+00:00,2026-09-02T08:51:00.273320+03:00,1628,Sıracevizler Caddesi Yol Üstü 5,ŞİŞLİ,41.0607,28.9841,45,1,44,YOL ÜSTÜ,0,15,09:00-17:00
2026-09-02T05:51:00.273320+00:00,2026-09-02T08:51:00.273320+03:00,1486,Siyavuşpaşa Yer Altı Otoparkı,BAHÇELİEVLER,40.9965,28.8532,155,0,155,KAPALI OTOPARK,1,0,24 Saat
2026-09-02T05:51:00.273320+00:00,2026-09-02T08:51:00.273320+03:00,1958,Soğanlık Metro PD Açık Otoparkı,KARTAL,40.9131,29.1925,898,842,56,AÇIK OTOPARK,1,15,24 Saat
2026-09-02T05:51:00.273320+00:00,2026-09-02T08:51:00.273320+03:00,589,Su Terazisi Sokak,FATİH,41.0046,28.9727,22,1,21,YOL ÜSTÜ,1,0,07:30-17:00
2026-09-02T05:51:00.273320+00:00,2026-09-02T08:51:00.273320+03:00,1478,Suadiye Cep Açık Otoparkı,KADIKÖY,40.9586,29.0732,130,124,6,AÇIK OTOPARK,1,15,24 Saat
2026-09-02T05:51:00.273320+00:00,2026-09-02T08:51:00.273320+03:00,2948,Suadiye Sahil Açık Otoparkı,KADIKÖY,40.9562,29.0797,70,61,9,AÇIK OTOPARK,1,5,24 Saat
2026-09-02T05:51:00.273320+00:00,2026-09-02T08:51:00.273320+03:00,2799,Sultanbeyli Emir Caddesi Zemin Altı Otoparkı,SULTANBEYLİ,40.9707,29.2606,130,114,16,KAPALI OTOPARK,1,15,08:00-22:00
2026-09-02T05:51:00.273320+00:00,2026-09-02T08:51:00.273320+03:00,2372,Sultanbeyli Kent Meydanı Zemin Altı Otoparkı,SULTANBEYLİ,40.9667,29.2667,300,174,126,KAPALI OTOPARK,1,15,24 Saat
2026-09-02T05:51:00.273320+00:00,2026-09-02T08:51:00.273320+03:00,2410,Sultangazi Zemin Altı Otoparkı,SULTANGAZİ,41.0944,28.8649,104,0,104,KAPALI OTOPARK,1,10,24 Saat
2026-09-02T05:51:00.273320+00:00,2026-09-02T08:51:00.273320+03:00,2085,Süleyman Seba Caddesi 2,BEŞİKTAŞ,41.0426,28.9998,40,1,39,YOL ÜSTÜ,1,15,08:00-18:00
2026-09-02T05:51:00.273320+00:00,2026-09-02T08:51:00.273320+03:00,2088,Süleyman Seba Caddesi 5,BEŞİKTAŞ,41.0432,28.9978,40,1,39,YOL ÜSTÜ,1,15,08:00-18:00
2026-09-02T05:51:00.273320+00:00,2026-09-02T08:51:00.273320+03:00,2089,Süleyman Seba Caddesi 6,BEŞİKTAŞ,41.0435,28.9967,11,1,10,YOL ÜSTÜ,1,15,08:00-18:00
2026-09-02T05:51:00.273320+00:00,2026-09-02T08:51:00.273320+03:00,2391,Süleymaniye Cami Altı Açık Otoparkı,FATİH,41.0158,28.961,250,232,18,AÇIK OTOPARK,1,0,06:30-18:30
2026-09-02T05:51:00.273320+00:00,2026-09-02T08:51:00.273320+03:00,1730,Sütlüce Miniatürk Yanı,BEYOĞLU,41.057,28.95,320,224,96,AÇIK OTOPARK,1,15,24 Saat
2026-09-02T05:51:00.273320+00:00,2026-09-02T08:51:00.273320+03:00,36,Şakayık Sokak 4,ŞİŞLİ,41.0518,28.9936,50,1,49,YOL ÜSTÜ,1,15,08:00-16:00
2026-09-02T05:51:00.273320+00:00,2026-09-02T08:51:00.273320+03:00,1469,Şehit Volkan Duysak Katlı Otoparkı,ZEYTİNBURNU,40.9968,28.9039,1000,667,333,KAPALI OTOPARK,1,5,24 Saat
2026-09-02T05:51:00.273320+00:00,2026-09-02T08:51:00.273320+03:00,2385,Şehremini Açık Otoparkı 1,FATİH,41.0135,28.9333,60,1,59,AÇIK OTOPARK,1,0,08:30-20:30
2026-09-02T05:51:00.273320+00:00,2026-09-02T08:51:00.273320+03:00,2855,Şemsipaşa Açık Otoparkı,ÜSKÜDAR,41.0255,29.0097,47,24,23,AÇIK OTOPARK,1,0,24 Saat
2026-09-02T05:51:00.273320+00:00,2026-09-02T08:51:00.273320+03:00,2439,Şirinevler Meydan Zeminaltı Otoparkı,BAHÇELİEVLER,40.9925,28.8496,367,11,356,KAPALI OTOPARK,1,0,24 Saat
2026-09-02T05:51:00.273320+00:00,2026-09-02T08:51:00.273320+03:00,3400,Şişhane Refik Saydam Caddesi 2 Yol Üstü Otoparkı 1,BEYOĞLU,41.0326,28.9743,70,1,69,YOL ÜSTÜ,1,15,06:00-23:00
2026-09-02T05:51:00.273320+00:00,2026-09-02T08:51:00.273320+03:00,3441,Şişli Kuştepe Zemin Altı Otoparkı,ŞİŞLİ,41.072,28.9919,430,284,146,KAPALI OTOPARK,1,15,24 Saat
2026-09-02T05:51:00.273320+00:00,2026-09-02T08:51:00.273320+03:00,2816,Şişli Rumeli Caddesi Metro Yanı 1,ŞİŞLİ,41.0538,28.9868,45,1,44,YOL ÜSTÜ,1,15,08:00-20:00
2026-09-02T05:51:00.273320+00:00,2026-09-02T08:51:00.273320+03:00,2406,Şişli Zemin Altı Otoparkı,ŞİŞLİ,41.0641,28.9992,581,325,256,KAPALI OTOPARK,1,15,24 Saat
2026-09-02T05:51:00.273320+00:00,2026-09-02T08:51:00.273320+03:00,1993,Tuzla İdo,TUZLA,40.8149,29.3039,300,295,5,AÇIK OTOPARK,1,15,24 Saat
2026-09-02T05:51:00.273320+00:00,2026-09-02T08:51:00.273320+03:00,3332,Tuzla Sahil Cep,TUZLA,40.8168,29.2992,50,38,12,AÇIK OTOPARK,1,0,08:00-00:00
2026-09-02T05:51:00.273320+00:00,2026-09-02T08:51:00.273320+03:00,3057,Tuzla Sahil Zemin Altı Otoparkı,TUZLA,40.8181,29.3004,779,1,778,KAPALI OTOPARK,1,15,24 Saat
2026-09-02T05:51:00.273320+00:00,2026-09-02T08:51:00.273320+03:00,1811,Ulu Camii Açık Otoparkı,BAHÇELİEVLER,40.9982,28.8499,150,123,27,AÇIK OTOPARK,1,10,24 Saat
2026-09-02T05:51:00.273320+00:00,2026-09-02T08:51:00.273320+03:00,2424,Uzunçayır Açık Otoparkı,KADIKÖY,40.9988,29.0556,58,52,6,AÇIK OTOPARK,1,0,06:00-16:00
2026-09-02T05:51:00.273320+00:00,2026-09-02T08:51:00.273320+03:00,1468,Ümraniye Katlı Otoparkı,ÜMRANİYE,41.0261,29.0953,665,563,102,KAPALI OTOPARK,1,15,24 Saat
2026-09-02T05:51:00.273320+00:00,2026-09-02T08:51:00.273320+03:00,2898,Ümraniye Okan Sokak Zeminaltı Otoparkı,ÜMRANİYE,41.0284,29.0907,125,11,114,KAPALI OTOPARK,1,15,24 Saat
2026-09-02T05:51:00.273320+00:00,2026-09-02T08:51:00.273320+03:00,2345,Üsküdar Uzunçayır PD Açık Otoparkı,ÜSKÜDAR,40.9988,29.0577,90,50,40,AÇIK OTOPARK,1,15,06:00-22:00
2026-09-02T05:51:00.273320+00:00,2026-09-02T08:51:00.273320+03:00,1929,Üsküdar Ünalan Açık Otoparkı,ÜSKÜDAR,40.9979,29.0604,180,175,5,AÇIK OTOPARK,1,0,07:00-17:00
2026-09-02T05:51:00.273320+00:00,2026-09-02T08:51:00.273320+03:00,1487,Vatan Caddesi PD Açık Otoparkı,FATİH,41.0157,28.9405,397,235,162,AÇIK OTOPARK,1,5,24 Saat
2026-09-02T05:51:00.273320+00:00,2026-09-02T08:51:00.273320+03:00,2441,Yalı Açık Otoparkı,MALTEPE,40.9095,29.137,85,82,3,AÇIK OTOPARK,1,0,07:30-22:00
2026-09-02T05:51:00.273320+00:00,2026-09-02T08:51:00.273320+03:00,459,Yalı Köşkü Caddesi 1,FATİH,41.0163,28.9759,61,1,60,YOL ÜSTÜ,1,5,07:00-21:00
2026-09-02T05:51:00.273320+00:00,2026-09-02T08:51:00.273320+03:00,2037,Yenikapı Marmaray Büyük Otoparkı,FATİH,41.0057,28.9505,324,209,115,AÇIK OTOPARK,1,15,24 Saat
2026-09-02T05:51:00.273320+00:00,2026-09-02T08:51:00.273320+03:00,2036,Yenikapı Marmaray Küçük Otoparkı,FATİH,41.0064,28.9504,200,186,14,AÇIK OTOPARK,1,15,07:00-22:00
2026-09-02T05:51:00.273320+00:00,2026-09-02T08:51:00.273320+03:00,2175,Yenikapı Spor ve Kültür Merkezi PD Açık Otoparkı,FATİH,41.0006,28.9519,4023,3982,41,AÇIK OTOPARK,1,15,24 Saat
2026-09-02T05:51:00.273320+00:00,2026-09-02T08:51:00.273320+03:00,2805,Yenikapı Tünel Üstü Açık Otoparkı,FATİH,41.0029,28.9534,700,470,230,AÇIK OTOPARK,1,10,24 Saat
2026-09-02T05:51:00.273320+00:00,2026-09-02T08:51:00.273320+03:00,3404,Yenimahalle Metro Zemin Altı PD Otoparkı,GAZİOSMANPAŞA,41.0839,28.8926,114,92,22,KAPALI OTOPARK,1,15,24 Saat
2026-09-02T05:51:00.273320+00:00,2026-09-02T08:51:00.273320+03:00,2920,Yeşilce Zemin Altı Katlı Otoparkı,KAĞITHANE,41.0938,29.0017,676,144,532,KAPALI OTOPARK,1,0,24 Saat
2026-09-02T05:51:00.273320+00:00,2026-09-02T08:51:00.273320+03:00,987,Yeşilköy İstasyon Caddesi 1,BAKIRKÖY,40.962,28.825,40,1,39,YOL ÜSTÜ,0,15,09:00-17:30
2026-09-02T05:51:00.273320+00:00,2026-09-02T08:51:00.273320+03:00,974,Yeşilköy Marina 1,BAKIRKÖY,40.9576,28.8233,145,1,144,YOL ÜSTÜ,0,0,12:00-23:00
2026-09-02T05:51:00.273320+00:00,2026-09-02T08:51:00.273320+03:00,3406,Yeşilpınar Metro Zemin Altı PD Otoparkı,EYÜP,41.081,28.9204,269,191,78,KAPALI OTOPARK,1,15,24 Saat
2026-09-02T05:51:00.273320+00:00,2026-09-02T08:51:00.273320+03:00,1133,Yıldız Korusu,BEŞİKTAŞ,41.0514,29.0165,500,1,499,AÇIK OTOPARK,1,0,08:00-22:00
2026-09-02T05:51:00.273320+00:00,2026-09-02T08:51:00.273320+03:00,3185,Zeytinburnu Sahil Cep Otoparkı,ZEYTİNBURNU,40.9798,28.8985,160,1,159,AÇIK OTOPARK,0,0,12:00-22:00
2026-09-02T10:59:57.472223+00:00,2026-09-02T13:59:57.472223+03:00,3068,15 Temmuz Şehitler Meydanı Zeminaltı Otoparkı,ÜMRANİYE,41.0246,29.0915,1029,400,629,KAPALI OTOPARK,1,15,24 Saat
2026-09-02T10:59:57.472223+00:00,2026-09-02T13:59:57.472223+03:00,2338,19 Mayıs Açık,ŞİŞLİ,41.0563,28.9941,65,0,65,AÇIK OTOPARK,1,0,24 Saat
2026-09-02T10:59:57.472223+00:00,2026-09-02T13:59:57.472223+03:00,1751,4.Levent PD Açık Otoparkı,KAĞITHANE,41.0836,29.0081,236,88,148,AÇIK OTOPARK,1,5,24 Saat
2026-09-02T10:59:57.472223+00:00,2026-09-02T13:59:57.472223+03:00,3328,4.Levent Servis ve Turizm Araçları Açık Otoparkı,ŞİŞLİ,41.0841,29.0054,300,158,142,AÇIK OTOPARK,1,15,24 Saat
2026-09-02T10:59:57.472223+00:00,2026-09-02T13:59:57.472223+03:00,3412,5. Levent Gaziosmanpaşa Adliyesi Yanı Açık Otoparkı,EYÜP,41.0927,28.9494,250,140,110,AÇIK OTOPARK,1,15,07:00-23:00
2026-09-02T10:59:57.472223+00:00,2026-09-02T13:59:57.472223+03:00,104,Abide-i Hürriyet Caddesi 5,ŞİŞLİ,41.0619,28.9876,40,1,39,YOL ÜSTÜ,1,15,08:00-17:00
2026-09-02T10:59:57.472223+00:00,2026-09-02T13:59:57.472223+03:00,2452,Acıbadem Açık Otoparkı,ÜSKÜDAR,41.0157,29.0574,100,86,14,AÇIK OTOPARK,1,0,06:30-16:00
2026-09-02T10:59:57.472223+00:00,2026-09-02T13:59:57.472223+03:00,346,Ada Karşısı Cep 2,BEŞİKTAŞ,41.072,29.045,30,1,29,YOL ÜSTÜ,1,15,08:00-23:00
2026-09-02T10:59:57.472223+00:00,2026-09-02T13:59:57.472223+03:00,1663,Akasyalı Sokak Tenis Kulubü Önü 2,BEŞİKTAŞ,41.0867,29.0109,45,1,44,YOL ÜSTÜ,1,15,08:30-17:30
2026-09-02T10:59:57.472223+00:00,2026-09-02T13:59:57.472223+03:00,828,Akdeniz Caddesi 4,FATİH,41.0175,28.9435,27,1,26,YOL ÜSTÜ,1,15,09:00-18:00
2026-09-02T10:59:57.472223+00:00,2026-09-02T13:59:57.472223+03:00,1913,Alibeyköy Cep Otogarı Açık Otoparkı,EYÜP,41.0879,28.9446,116,0,116,AÇIK OTOPARK,1,25,24 Saat
2026-09-02T10:59:57.472223+00:00,2026-09-02T13:59:57.472223+03:00,1912,Alibeyköy Cep Otogarı Otobüs Otoparkı,EYÜP,41.0875,28.9449,5000,185,4815,AÇIK OTOPARK,1,60,24 Saat
2026-09-02T10:59:57.472223+00:00,2026-09-02T13:59:57.472223+03:00,2562,Alibeyköy Yeşiltepe Zemin Altı Otoparkı,EYÜP,41.0797,28.938,159,72,87,KAPALI OTOPARK,1,15,24 Saat
2026-09-02T10:59:57.472223+00:00,2026-09-02T13:59:57.472223+03:00,3201,Altınboynuz Sosyal Tesisleri,EYÜP,41.058,28.9447,70,70,0,AÇIK OTOPARK,1,15,08:00-23:00
2026-09-02T10:59:57.472223+00:00,2026-09-02T13:59:57.472223+03:00,758,Arap Camii Açık Otoparkı,BEYOĞLU,41.0227,28.9723,30,1,29,AÇIK OTOPARK,1,0,09:00-17:00
2026-09-02T10:59:57.472223+00:00,2026-09-02T13:59:57.472223+03:00,2685,Aras Sokak 2,BÜYÜKÇEKMECE,41.023,28.6209,60,1,59,YOL ÜSTÜ,1,0,06:00-14:30
2026-09-02T10:59:57.472223+00:00,2026-09-02T13:59:57.472223+03:00,2802,Arnavutköy Zemin Altı Otoparkı,ARNAVUTKÖY,41.1838,28.7396,700,18,682,KAPALI OTOPARK,1,15,24 Saat
2026-09-02T10:59:57.472223+00:00,2026-09-02T13:59:57.472223+03:00,1797,Ataköy Atrium AVM,BAKIRKÖY,40.9881,28.8459,250,194,56,AÇIK OTOPARK,1,15,08:00-23:00
2026-09-02T10:59:57.472223+00:00,2026-09-02T13:59:57.472223+03:00,2824,Ataköy Metro Durağı Yanı PD Zemin Altı Otoparkı,BAKIRKÖY,40.9904,28.8456,150,80,70,KAPALI OTOPARK,1,0,24 Saat
2026-09-02T10:59:57.472223+00:00,2026-09-02T13:59:57.472223+03:00,359,Atatürk Bulvarı 1,FATİH,41.0112,28.9534,20,1,19,YOL ÜSTÜ,1,0,07:30-18:00
2026-09-02T10:59:57.472223+00:00,2026-09-02T13:59:57.472223+03:00,3087,Atatürk Kent Ormanı Otoparkı,SARIYER,41.136,29.0262,200,198,2,AÇIK OTOPARK,1,0,08:00-17:00
2026-09-02T10:59:57.472223+00:00,2026-09-02T13:59:57.472223+03:00,1088,Avcılar İdo,AVCILAR,40.9712,28.7185,270,262,8,AÇIK OTOPARK,1,0,13:00-07:00
2026-09-02T10:59:57.472223+00:00,2026-09-02T13:59:57.472223+03:00,2885,Azapkapı Haliç Metro Otoparkı,ŞİŞLİ,41.0245,28.9691,80,0,80,AÇIK OTOPARK,1,5,24 Saat
2026-09-02T10:59:57.472223+00:00,2026-09-02T13:59:57.472223+03:00,2455,Azerbaycan Dostluk Parkı Zemin Altı Otoparkı,BAĞCILAR,41.0444,28.854,400,167,233,KAPALI OTOPARK,1,10,24 Saat
2026-09-02T10:59:57.472223+00:00,2026-09-02T13:59:57.472223+03:00,2965,Bağcılar Çolakoğlu Zemin Altı Otoparkı,BAĞCILAR,41.0324,28.8345,106,0,106,KAPALI OTOPARK,1,5,24 Saat
2026-09-02T10:59:57.472223+00:00,2026-09-02T13:59:57.472223+03:00,2576,Bağcılar Demirkapı Zemin Altı Otoparkı,BAĞCILAR,41.0499,28.8327,343,168,175,KAPALI OTOPARK,1,5,24 Saat
2026-09-02T10:59:57.472223+00:00,2026-09-02T13:59:57.472223+03:00,3036,Bağcılar Devlet Hastanesi Yanı Zeminaltı Otoparkı,BAĞCILAR,41.0312,28.8696,1133,58,1075,KAPALI OTOPARK,1,15,24 Saat
2026-09-02T10:59:57.472223+00:00,2026-09-02T13:59:57.472223+03:00,3071,Bağcılar Emniyet Müdürlüğü Yanı Açık Otoparkı,BAĞCILAR,41.0353,28.8598,100,0,100,AÇIK OTOPARK,1,0,24 Saat
2026-09-02T10:59:57.472223+00:00,2026-09-02T13:59:57.472223+03:00,2873,Bağcılar Göztepe Zemin Altı,BAĞCILAR,41.0567,28.8355,120,0,120,KAPALI OTOPARK,1,5,24 Saat
2026-09-02T10:59:57.472223+00:00,2026-09-02T13:59:57.472223+03:00,3187,Bağcılar Hürriyet Mahallesi Zemin Altı Otoparkı,BAĞCILAR,41.0291,28.8333,355,0,355,KAPALI OTOPARK,1,10,24 Saat
2026-09-02T10:59:57.472223+00:00,2026-09-02T13:59:57.472223+03:00,2916,Bağcılar Kent Meydanı PD Zemin Altı Otoparkı,BAĞCILAR,41.0339,28.8556,1162,0,1162,KAPALI OTOPARK,1,0,24 Saat
2026-09-02T10:59:57.472223+00:00,2026-09-02T13:59:57.472223+03:00,3261,Bağcılar Yenimahalle Zemin Altı Otoparkı,BAĞCILAR,41.0425,28.8395,525,277,248,KAPALI OTOPARK,1,15,24 Saat
2026-09-02T10:59:57.472223+00:00,2026-09-02T13:59:57.472223+03:00,2820,Bağcılar Yıldıztepe Katlı Otoparkı,BAĞCILAR,41.0294,28.8556,350,0,350,KAPALI OTOPARK,1,10,24 Saat
2026-09-02T10:59:57.472223+00:00,2026-09-02T13:59:57.472223+03:00,3447,Bahçelievler 23 Nisan Milli Egemenlik Zeminaltı Otoparkı,BAHÇELİEVLER,40.9988,28.8472,732,470,262,KAPALI OTOPARK,1,10,24 Saat
2026-09-02T10:59:57.472223+00:00,2026-09-02T13:59:57.472223+03:00,2993,Bahçelievler Cumhuriyet Zeminaltı Otoparkı,BAHÇELİEVLER,41.0149,28.859,663,0,663,KAPALI OTOPARK,1,10,24 Saat
2026-09-02T10:59:57.472223+00:00,2026-09-02T13:59:57.472223+03:00,2969,Bahçelievler Devlet Hastanesi Yanı Katlı Otoparkı,BAHÇELİEVLER,41.0072,28.8442,740,0,740,KAPALI OTOPARK,1,0,24 Saat
2026-09-02T10:59:57.472223+00:00,2026-09-02T13:59:57.472223+03:00,3051,Bahçelievler Zafer Mh. Zeminaltı Otoparkı,BAHÇELİEVLER,41.0036,28.8351,200,88,112,KAPALI OTOPARK,1,0,24 Saat
2026-09-02T10:59:57.472223+00:00,2026-09-02T13:59:57.472223+03:00,3236,Bahçeşehir Gölet Açık Otoparkı,BAŞAKŞEHİR,41.0719,28.6901,200,1,199,AÇIK OTOPARK,1,0,12:00-22:00
2026-09-02T10:59:57.472223+00:00,2026-09-02T13:59:57.472223+03:00,1465,Bakırköy İdo Açık Otoparkı,BAKIRKÖY,40.9739,28.8761,160,122,38,AÇIK OTOPARK,1,10,24 Saat
2026-09-02T10:59:57.472223+00:00,2026-09-02T13:59:57.472223+03:00,1104,Balmumcu Katlı Otoparkı,BEŞİKTAŞ,41.0636,29.0109,400,119,281,KAPALI OTOPARK,1,5,24 Saat
2026-09-02T10:59:57.472223+00:00,2026-09-02T13:59:57.472223+03:00,2350,Bayrampaşa Adapark Katlı Otoparkı,BAYRAMPAŞA,41.0647,28.8875,650,0,650,KAPALI OTOPARK,1,15,24 Saat
2026-09-02T10:59:57.472223+00:00,2026-09-02T13:59:57.472223+03:00,2892,Bayrampaşa Altıntepsi Zemin  Altı Otoparkı,BAYRAMPAŞA,41.0393,28.9029,110,0,110,KAPALI OTOPARK,1,10,24 Saat
2026-09-02T10:59:57.472223+00:00,2026-09-02T13:59:57.472223+03:00,2909,Bayrampaşa Atatürk Parkı  Zemin Altı Otoparkı,BAYRAMPAŞA,41.0342,28.9123,442,0,442,KAPALI OTOPARK,1,10,24 Saat
2026-09-02T10:59:57.472223+00:00,2026-09-02T13:59:57.472223+03:00,2683,Bayrampaşa Devlet Hastanesi Cep Otoparkı,BAYRAMPAŞA,41.0414,28.9031,55,16,39,AÇIK OTOPARK,1,0,08:00-19:00
2026-09-02T10:59:57.472223+00:00,2026-09-02T13:59:57.472223+03:00,3301,Bayrampaşa Kocatepe Mahallesi Zemin Altı Otoparkı,BAYRAMPAŞA,41.0545,28.8964,241,1,240,KAPALI OTOPARK,1,10,24 Saat
2026-09-02T10:59:57.472223+00:00,2026-09-02T13:59:57.472223+03:00,2053,Bayrampaşa Muratpaşa Yer Altı Otoparkı,BAYRAMPAŞA,41.047,28.9082,300,22,278,KAPALI OTOPARK,1,15,24 Saat
2026-09-02T10:59:57.472223+00:00,2026-09-02T13:59:57.472223+03:00,3175,Bayrampaşa Spor Kompleksi Zemin Altı Otoparkı,BAYRAMPAŞA,41.0446,28.9106,205,0,205,KAPALI OTOPARK,1,15,24 Saat
2026-09-02T10:59:57.472223+00:00,2026-09-02T13:59:57.472223+03:00,3382,Bayrampaşa Şehit Kamil Balkan Zemin Altı Otoparkı,BAYRAMPAŞA,41.0604,28.9008,235,0,235,KAPALI OTOPARK,1,10,24 Saat
2026-09-02T10:59:57.472223+00:00,2026-09-02T13:59:57.472223+03:00,2428,Bayrampaşa Yenidoğan Mahallesi Zemin Altı Otoparkı,BAYRAMPAŞA,41.0395,28.9088,120,0,120,KAPALI OTOPARK,1,10,24 Saat
2026-09-02T10:59:57.472223+00:00,2026-09-02T13:59:57.472223+03:00,2468,Bebek Açık,BEŞİKTAŞ,41.077,29.0434,30,0,30,AÇIK OTOPARK,1,0,24 Saat
2026-09-02T10:59:57.472223+00:00,2026-09-02T13:59:57.472223+03:00,3479,Beşiktaş Halk Pazarı Açık Otoparkı,BEŞİKTAŞ,41.0496,29.0004,170,83,87,AÇIK OTOPARK,1,5,24 Saat
2026-09-02T10:59:57.472223+00:00,2026-09-02T13:59:57.472223+03:00,2201,Beykoz Pazar Yeri Açık Otoparkı,BEYKOZ,41.1401,29.0863,1000,1000,0,AÇIK OTOPARK,1,0,09:00-18:00
2026-09-02T10:59:57.472223+00:00,2026-09-02T13:59:57.472223+03:00,3257,Beykoz Sahil Cep Otoparkı,BEYKOZ,41.1286,29.0953,100,76,24,AÇIK OTOPARK,1,0,08:00-00:00
2026-09-02T10:59:57.472223+00:00,2026-09-02T13:59:57.472223+03:00,2273,Beykoz Sosyal Tesisleri,BEYKOZ,41.1143,29.0888,130,28,102,AÇIK OTOPARK,1,15,08:00-00:00
2026-09-02T10:59:57.472223+00:00,2026-09-02T13:59:57.472223+03:00,2999,Beyoğlu Gazhane Bostan Sokak 2,BEYOĞLU,41.0389,28.9903,35,1,34,YOL ÜSTÜ,1,0,07:30-16:30
2026-09-02T10:59:57.472223+00:00,2026-09-02T13:59:57.472223+03:00,3072,Beyoğlu Örnektepe Zemin Altı Otoparkı,BEYOĞLU,41.0543,28.9548,143,0,143,KAPALI OTOPARK,1,0,24 Saat
2026-09-02T10:59:57.472223+00:00,2026-09-02T13:59:57.472223+03:00,1455,Bostancı Açık,KADIKÖY,40.9523,29.0902,394,165,229,AÇIK OTOPARK,1,15,24 Saat
2026-09-02T10:59:57.472223+00:00,2026-09-02T13:59:57.472223+03:00,1456,Bostancı Sahil-Cep Açık Otoparkı,KADIKÖY,40.9545,29.0885,192,125,67,AÇIK OTOPARK,1,15,24 Saat
2026-09-02T10:59:57.472223+00:00,2026-09-02T13:59:57.472223+03:00,2150,Bostancı Vergi Dairesi Açık Otoparkı,ATAŞEHİR,40.9625,29.1083,155,0,155,AÇIK OTOPARK,1,5,08:00-20:00
2026-09-02T10:59:57.472223+00:00,2026-09-02T13:59:57.472223+03:00,2854,Bülent Ecevit Kültür Merkezi Açık Otoparkı,KARTAL,40.8852,29.1967,277,264,13,AÇIK OTOPARK,1,0,10:00-21:00
2026-09-02T10:59:57.472223+00:00,2026-09-02T13:59:57.472223+03:00,2866,Büyük İstanbul Otogarı,BAYRAMPAŞA,41.0402,28.8942,1000,0,1000,AÇIK OTOPARK,1,25,24 Saat
2026-09-02T10:59:57.472223+00:00,2026-09-02T13:59:57.472223+03:00,1192,Büyükçamlıca Korusu Sosyal Tesisleri Önü,ÜSKÜDAR,41.0264,29.0698,204,112,92,AÇIK OTOPARK,1,0,08:00-00:00
2026-09-02T10:59:57.472223+00:00,2026-09-02T13:59:57.472223+03:00,2960,Büyükçekmece Metrobüs Durağı Yanı PD Zemin Altı Otopark,BÜYÜKÇEKMECE,41.0221,28.624,448,150,298,KAPALI OTOPARK,1,0,24 Saat
2026-09-02T10:59:57.472223+00:00,2026-09-02T13:59:57.472223+03:00,1503,Cadde Bostan Açık Otoparkı,KADIKÖY,40.9636,29.0675,66,12,54,AÇIK OTOPARK,1,15,24 Saat
2026-09-02T10:59:57.472223+00:00,2026-09-02T13:59:57.472223+03:00,2933,Cemal Kamacı Spor Kompleksi Zemin Altı Otoparkı,KAĞITHANE,41.0536,28.9575,510,0,510,KAPALI OTOPARK,1,0,24 Saat
2026-09-02T10:59:57.472223+00:00,2026-09-02T13:59:57.472223+03:00,2207,Cengiz Topel Yer Altı Katlı Otoparkı,ESENLER,41.0588,28.8643,144,0,144,KAPALI OTOPARK,1,15,24 Saat
2026-09-02T10:59:57.472223+00:00,2026-09-02T13:59:57.472223+03:00,2787,Cevizli Açık Otoparkı,KARTAL,40.9179,29.1712,100,25,75,AÇIK OTOPARK,1,15,08:00-19:00
2026-09-02T10:59:57.472223+00:00,2026-09-02T13:59:57.472223+03:00,782,Cihangir Caddesi 2,BEYOĞLU,41.0319,28.9862,70,1,69,YOL ÜSTÜ,1,15,09:00-19:00
2026-09-02T10:59:57.472223+00:00,2026-09-02T13:59:57.472223+03:00,1467,Cihangir Katlı Otoparkı,BEYOĞLU,41.0318,28.9858,350,0,350,KAPALI OTOPARK,1,0,24 Saat
2026-09-02T10:59:57.472223+00:00,2026-09-02T13:59:57.472223+03:00,535,Cihannuma Yol Üstü 1,BEŞİKTAŞ,41.0454,29.0084,35,35,0,YOL ÜSTÜ,1,0,08:00-23:00
2026-09-02T10:59:57.472223+00:00,2026-09-02T13:59:57.472223+03:00,537,Cihannuma Yol Üstü 3,BEŞİKTAŞ,41.0459,29.0087,33,1,32,YOL ÜSTÜ,1,0,08:00-23:00
2026-09-02T10:59:57.472223+00:00,2026-09-02T13:59:57.472223+03:00,539,Cihannuma Yol Üstü 5,BEŞİKTAŞ,41.0489,29.0094,24,1,23,YOL ÜSTÜ,1,0,08:00-23:00
2026-09-02T10:59:57.472223+00:00,2026-09-02T13:59:57.472223+03:00,3184,Çam Sokak 6,GÜNGÖREN,41.0121,28.8882,50,1,49,YOL ÜSTÜ,1,15,08:00-17:00
2026-09-02T10:59:57.472223+00:00,2026-09-02T13:59:57.472223+03:00,3030,Çekmeköy Metro PD Zemin Altı Otoparkı,ÇEKMEKÖY,41.0147,29.1886,175,31,144,KAPALI OTOPARK,1,15,24 Saat
2026-09-02T10:59:57.472223+00:00,2026-09-02T13:59:57.472223+03:00,2905,Çeliktepe Açık Otoparkı,KAĞITHANE,41.0843,29.0056,200,83,117,AÇIK OTOPARK,1,5,24 Saat
2026-09-02T10:59:57.472223+00:00,2026-09-02T13:59:57.472223+03:00,1298,Çengelköy Açık Otoparkı,ÜSKÜDAR,41.0484,29.0533,500,313,187,AÇIK OTOPARK,1,15,24 Saat
2026-09-02T10:59:57.472223+00:00,2026-09-02T13:59:57.472223+03:00,502,Çınar Açık Otoparkı,BEŞİKTAŞ,41.0853,29.0088,65,1,64,AÇIK OTOPARK,1,0,08:00-18:00
2026-09-02T10:59:57.472223+00:00,2026-09-02T13:59:57.472223+03:00,777,Çırağan Sarayı Yol Üstü 1,BEŞİKTAŞ,41.0448,29.0165,40,1,39,YOL ÜSTÜ,1,15,08:00-23:00
2026-09-02T10:59:57.472223+00:00,2026-09-02T13:59:57.472223+03:00,778,Çırağan Sarayı Yol Üstü 2,BEŞİKTAŞ,41.0445,29.0156,40,1,39,YOL ÜSTÜ,1,15,08:00-23:00
2026-09-02T10:59:57.472223+00:00,2026-09-02T13:59:57.472223+03:00,2228,Çırpıcı Sosyal Tesisler,ZEYTİNBURNU,41,28.8926,128,0,128,AÇIK OTOPARK,1,15,07:00-00:00
2026-09-02T10:59:57.472223+00:00,2026-09-02T13:59:57.472223+03:00,1508,Çiroz Yeşilköy Halk Pazarı,BAKIRKÖY,40.9628,28.8129,471,450,21,AÇIK OTOPARK,1,0,08:00-18:00
2026-09-02T10:59:57.472223+00:00,2026-09-02T13:59:57.472223+03:00,2030,Dalyan Açık Otoparkı,KADIKÖY,40.9632,29.0651,92,33,59,AÇIK OTOPARK,1,15,24 Saat
2026-09-02T10:59:57.472223+00:00,2026-09-02T13:59:57.472223+03:00,2271,Damla Sokak 1,ŞİŞLİ,41.0672,29.0004,17,1,16,YOL ÜSTÜ,1,15,07:30-16:30
2026-09-02T10:59:57.472223+00:00,2026-09-02T13:59:57.472223+03:00,2164,Darüşşafaka Yeraltı Otoparkı,SARIYER,41.1292,29.0252,150,101,49,KAPALI OTOPARK,1,15,08:00-00:00
2026-09-02T10:59:57.472223+00:00,2026-09-02T13:59:57.472223+03:00,1653,Deniz Feneri Otoparkı,FATİH,41.0019,28.9773,175,95,80,AÇIK OTOPARK,1,5,24 Saat
2026-09-02T10:59:57.472223+00:00,2026-09-02T13:59:57.472223+03:00,595,Dostluk Yurdu 1,FATİH,41.0071,28.973,33,1,32,YOL ÜSTÜ,1,15,07:00-17:00
2026-09-02T10:59:57.472223+00:00,2026-09-02T13:59:57.472223+03:00,2237,Dragos Sosyal Tesisleri,KARTAL,40.9017,29.1458,100,26,74,AÇIK OTOPARK,1,15,24 Saat
2026-09-02T10:59:57.472223+00:00,2026-09-02T13:59:57.472223+03:00,3063,Dudullu Metro PD Zemin Altı Otoparkı,ÜMRANİYE,41.0156,29.1633,81,49,32,KAPALI OTOPARK,1,15,07:00-23:30
2026-09-02T10:59:57.472223+00:00,2026-09-02T13:59:57.472223+03:00,1522,Ebu Suut Caddesi 1,FATİH,41.0128,28.9766,35,1,34,YOL ÜSTÜ,1,0,08:00-18:00
2026-09-02T10:59:57.472223+00:00,2026-09-02T13:59:57.472223+03:00,2147,EGS Blokları Açık Otoparkı,BAKIRKÖY,40.9863,28.8354,350,0,350,AÇIK OTOPARK,1,60,09:00-19:30
2026-09-02T10:59:57.472223+00:00,2026-09-02T13:59:57.472223+03:00,2366,Esenler Adem Baştürk Kültür Merkezi Katlı,ESENLER,41.039,28.8846,460,34,426,KAPALI OTOPARK,1,15,24 Saat
2026-09-02T10:59:57.472223+00:00,2026-09-02T13:59:57.472223+03:00,3190,Esenler Havaalanı Mahallesi Zemin Altı Otoparkı,ESENLER,41.0562,28.8674,610,365,245,KAPALI OTOPARK,1,10,24 Saat
2026-09-02T10:59:57.472223+00:00,2026-09-02T13:59:57.472223+03:00,3011,Esenler Menderes Metro İstasyonu Yanı,ESENLER,41.0427,28.8783,68,6,62,AÇIK OTOPARK,1,5,24 Saat
2026-09-02T10:59:57.472223+00:00,2026-09-02T13:59:57.472223+03:00,2822,Esenler Menderes Parkı Zemin Altı Otoparkı,ESENLER,41.0412,28.8729,325,79,246,KAPALI OTOPARK,1,10,24 Saat
2026-09-02T10:59:57.472223+00:00,2026-09-02T13:59:57.472223+03:00,3303,Esenyurt Adile Naşit Bulvarı Zeminaltı Otoparkı,ESENYURT,41.0205,28.6859,367,276,91,KAPALI OTOPARK,1,15,24 Saat
2026-09-02T10:59:57.472223+00:00,2026-09-02T13:59:57.472223+03:00,1328,Eski Salı Pazarı,KADIKÖY,40.9904,29.0338,760,74,686,AÇIK OTOPARK,1,15,24 Saat
2026-09-02T10:59:57.472223+00:00,2026-09-02T13:59:57.472223+03:00,904,Eyüp Pierloti Caddesi 1,EYÜP,41.0539,28.9329,40,1,39,YOL ÜSTÜ,1,0,09:00-22:00
2026-09-02T10:59:57.472223+00:00,2026-09-02T13:59:57.472223+03:00,2850,Eyüpsultan Akşemsettin Mahallesi Zemin Altı Otoparkı,EYÜP,41.085,28.9258,110,0,110,KAPALI OTOPARK,1,15,24 Saat
2026-09-02T10:59:57.472223+00:00,2026-09-02T13:59:57.472223+03:00,2287,Fatih Akşemsettin Caddesi 1,FATİH,41.0221,28.9446,23,23,0,YOL ÜSTÜ,1,15,09:00-17:00
2026-09-02T10:59:57.472223+00:00,2026-09-02T13:59:57.472223+03:00,2215,Fatih Çeşmesi Tabiat Parkı Otoparkı,SARIYER,41.1686,28.9448,250,243,7,AÇIK OTOPARK,1,0,06:00-20:00
2026-09-02T10:59:57.472223+00:00,2026-09-02T13:59:57.472223+03:00,1475,Fatih Katlı Otoparkı,FATİH,41.0198,28.9396,118,0,118,KAPALI OTOPARK,1,10,24 Saat
2026-09-02T10:59:57.472223+00:00,2026-09-02T13:59:57.472223+03:00,1591,Feshane PD Açık Otoparkı,EYÜP,41.0463,28.9378,200,40,160,AÇIK OTOPARK,1,15,24 Saat
2026-09-02T10:59:57.472223+00:00,2026-09-02T13:59:57.472223+03:00,1005,Florya Havuzlu Bahçe,BAKIRKÖY,40.9764,28.7908,135,1,134,AÇIK OTOPARK,1,0,09:00-23:00
2026-09-02T10:59:57.472223+00:00,2026-09-02T13:59:57.472223+03:00,2238,Florya Sosyal Tesisleri,BAKIRKÖY,40.9614,28.8091,1074,882,192,AÇIK OTOPARK,1,15,24 Saat
2026-09-02T10:59:57.472223+00:00,2026-09-02T13:59:57.472223+03:00,1704,Gazi Umur Paşa Sokak 5,BEŞİKTAŞ,41.0589,29.0114,45,1,44,YOL ÜSTÜ,1,15,08:00-17:00
2026-09-02T10:59:57.472223+00:00,2026-09-02T13:59:57.472223+03:00,3296,Gaziosmanpaşa Meydanı ve Yaşam Merkezi Zemin Altı Otoparkı,GAZİOSMANPAŞA,41.0606,28.9093,202,0,202,KAPALI OTOPARK,1,15,24 Saat
2026-09-02T10:59:57.472223+00:00,2026-09-02T13:59:57.472223+03:00,2971,Gaziosmanpaşa Zemin Altı Otoparkı,GAZİOSMANPAŞA,41.0796,28.8858,285,0,285,KAPALI OTOPARK,1,0,24 Saat
2026-09-02T10:59:57.472223+00:00,2026-09-02T13:59:57.472223+03:00,3401,Giyimkent Tekstilkent Metro Zemin Altı PD Otoparkı,ESENLER,41.0711,28.8666,203,157,46,KAPALI OTOPARK,1,10,24 Saat
2026-09-02T10:59:57.472223+00:00,2026-09-02T13:59:57.472223+03:00,2242,Gözdağı Sosyal Tesisler  Açık Otoparkı,PENDİK,40.893,29.2538,300,215,85,AÇIK OTOPARK,1,0,07:00-23:00
2026-09-02T10:59:57.472223+00:00,2026-09-02T13:59:57.472223+03:00,1879,Gülsuyu Metro PD Yer Altı Otoparkı,MALTEPE,40.9237,29.1548,76,0,76,KAPALI OTOPARK,1,15,08:00-00:00
2026-09-02T10:59:57.472223+00:00,2026-09-02T13:59:57.472223+03:00,1423,Güneş Plajı 1,BAKIRKÖY,40.9712,28.79,250,183,67,AÇIK OTOPARK,1,10,24 Saat
2026-09-02T10:59:57.472223+00:00,2026-09-02T13:59:57.472223+03:00,1461,Güneş Plajı 2,BAKIRKÖY,40.9692,28.7951,135,111,24,AÇIK OTOPARK,1,10,08:00-20:00
2026-09-02T10:59:57.472223+00:00,2026-09-02T13:59:57.472223+03:00,3053,Güngören Nikah Dairesi Zemin Altı otoparkı,GÜNGÖREN,41.0363,28.8718,147,0,147,KAPALI OTOPARK,1,10,24 Saat
2026-09-02T10:59:57.472223+00:00,2026-09-02T13:59:57.472223+03:00,2216,Gürpınar Balık Hali Otoparkı,BEYLİKDÜZÜ,40.9663,28.6019,1000,614,386,AÇIK OTOPARK,1,15,24 Saat
2026-09-02T10:59:57.472223+00:00,2026-09-02T13:59:57.472223+03:00,2719,Güvenlik Caddesi 2,FATİH,41.007,28.9561,10,10,0,YOL ÜSTÜ,1,0,08:00-18:00
2026-09-02T10:59:57.472223+00:00,2026-09-02T13:59:57.472223+03:00,1525,Hacıosman Metro Yer Altı Otoparkı,SARIYER,41.14,29.0306,422,62,360,KAPALI OTOPARK,1,15,24 Saat
2026-09-02T10:59:57.472223+00:00,2026-09-02T13:59:57.472223+03:00,1470,Haldun Alagaş Katlı Otoparkı,ÜMRANİYE,41.0262,29.1052,197,12,185,KAPALI OTOPARK,1,15,24 Saat
2026-09-02T10:59:57.472223+00:00,2026-09-02T13:59:57.472223+03:00,3235,Haliç Sosyal Tesisleri Otoparkı,FATİH,41.0277,28.9572,60,21,39,AÇIK OTOPARK,1,15,07:00-00:00
2026-09-02T10:59:57.472223+00:00,2026-09-02T13:59:57.472223+03:00,2848,Halkalı Mahallesi Zemin Altı Otoparkı,KÜÇÜKÇEKMECE,41.0359,28.7848,347,175,172,KAPALI OTOPARK,1,15,24 Saat
2026-09-02T10:59:57.472223+00:00,2026-09-02T13:59:57.472223+03:00,2838,Hamidiye Mahallesi Katlı Otoparkı,KAĞITHANE,41.0949,28.971,450,187,263,KAPALI OTOPARK,1,15,24 Saat
2026-09-02T10:59:57.472223+00:00,2026-09-02T13:59:57.472223+03:00,1446,Harbiye Zemin Altı Otoparkı,BEYOĞLU,41.0408,28.9869,142,0,142,KAPALI OTOPARK,1,5,24 Saat
2026-09-02T10:59:57.472223+00:00,2026-09-02T13:59:57.472223+03:00,2332,Haydarpaşa Katlı Otoparkı,ÜSKÜDAR,41.0048,29.0251,840,358,482,KAPALI OTOPARK,1,15,24 Saat
2026-09-02T10:59:57.472223+00:00,2026-09-02T13:59:57.472223+03:00,1987,Haznedar Yer Altı Otoparkı,GÜNGÖREN,41.0083,28.8729,540,0,540,KAPALI OTOPARK,1,0,24 Saat
2026-09-02T10:59:57.472223+00:00,2026-09-02T13:59:57.472223+03:00,377,Hızır Külhani Sokak,FATİH,41.0202,28.9605,32,1,31,YOL ÜSTÜ,1,15,09:00-17:00
2026-09-02T10:59:57.472223+00:00,2026-09-02T13:59:57.472223+03:00,3173,Hürriyet Mahallesi Zeminaltı Otoparkı,GAZİOSMANPAŞA,41.0708,28.8951,190,0,190,KAPALI OTOPARK,1,15,24 Saat
2026-09-02T10:59:57.472223+00:00,2026-09-02T13:59:57.472223+03:00,157,Ihlamur Dere Caddesi 4,BEŞİKTAŞ,41.047,29.0023,27,27,0,YOL ÜSTÜ,1,15,09:00-17:00
2026-09-02T10:59:57.472223+00:00,2026-09-02T13:59:57.472223+03:00,1189,İçerenköy Sebze Meyve Hali Otoparkı,ATAŞEHİR,40.9766,29.1044,600,599,1,AÇIK OTOPARK,1,15,24 Saat
2026-09-02T10:59:57.472223+00:00,2026-09-02T13:59:57.472223+03:00,1127,İshakpaşa Caddesi,FATİH,41.0079,28.9814,200,1,199,YOL ÜSTÜ,1,0,08:00-18:00
2026-09-02T10:59:57.472223+00:00,2026-09-02T13:59:57.472223+03:00,3265,İspark İstanbul West Marina Açık Otoparkı 1,BEYLİKDÜZÜ,40.9636,28.6564,250,1,249,AÇIK OTOPARK,1,15,24 Saat
2026-09-02T10:59:57.472223+00:00,2026-09-02T13:59:57.472223+03:00,2793,İspark Merter Katlı Otoparkı,GÜNGÖREN,41.0097,28.89,900,207,693,KAPALI OTOPARK,1,10,24 Saat
2026-09-02T10:59:57.472223+00:00,2026-09-02T13:59:57.472223+03:00,2430,İspark West İstanbul Marina Açık Otoparkı,BEYLİKDÜZÜ,40.9639,28.6591,1600,955,645,AÇIK OTOPARK,1,15,24 Saat
2026-09-02T10:59:57.472223+00:00,2026-09-02T13:59:57.472223+03:00,381,İstinye 4 ( Cami Önü ),SARIYER,41.1149,29.0571,25,1,24,YOL ÜSTÜ,1,15,08:30-17:30
2026-09-02T10:59:57.472223+00:00,2026-09-02T13:59:57.472223+03:00,1804,İtalyan Hastanesi Karşısı Açık Otoparkı 1,BEYOĞLU,41.028,28.9815,30,1,29,AÇIK OTOPARK,1,0,08:00-19:00
2026-09-02T10:59:57.472223+00:00,2026-09-02T13:59:57.472223+03:00,507,Kabasakal Medrese Önü,FATİH,41.0062,28.9789,65,65,0,AÇIK OTOPARK,1,0,08:00-18:30
2026-09-02T10:59:57.472223+00:00,2026-09-02T13:59:57.472223+03:00,3306,Kabataş Transfer Merkezi Turizm Otobüs Otoparkı,BEYOĞLU,41.0336,28.9923,160,0,160,KAPALI OTOPARK,1,20,24 Saat
2026-09-02T10:59:57.472223+00:00,2026-09-02T13:59:57.472223+03:00,2918,Kadıköy Hasanpaşa Gazhane Katlı Otoparkı,KADIKÖY,40.9972,29.0428,310,208,102,KAPALI OTOPARK,1,15,24 Saat
2026-09-02T10:59:57.472223+00:00,2026-09-02T13:59:57.472223+03:00,1447,Kadıköy İski Açık Otoparkı,KADIKÖY,40.9874,29.0207,124,0,124,AÇIK OTOPARK,1,15,24 Saat
2026-09-02T10:59:57.472223+00:00,2026-09-02T13:59:57.472223+03:00,1655,Kadıköy Metro Açık Otoparkı,KADIKÖY,40.9899,29.0217,74,0,74,AÇIK OTOPARK,1,15,24 Saat
2026-09-02T10:59:57.472223+00:00,2026-09-02T13:59:57.472223+03:00,3445,Kadıköy Uzunçayır PD Açık Otoparkı,KADIKÖY,40.9982,29.0569,70,34,36,AÇIK OTOPARK,1,15,06:30-16:30
2026-09-02T10:59:57.472223+00:00,2026-09-02T13:59:57.472223+03:00,2808,Kadıköy Yeni Salı Pazarı PD Katlı Otoparkı,KADIKÖY,40.9969,29.0486,1350,683,667,KAPALI OTOPARK,1,15,24 Saat
2026-09-02T10:59:57.472223+00:00,2026-09-02T13:59:57.472223+03:00,2811,Kağıthane Harmantepe Zemin Altı Otoparkı,KAĞITHANE,41.0816,28.9907,200,0,200,KAPALI OTOPARK,1,0,24 Saat
2026-09-02T10:59:57.472223+00:00,2026-09-02T13:59:57.472223+03:00,1452,Kalamış Açık Otoparkı,KADIKÖY,40.9687,29.0363,173,118,55,AÇIK OTOPARK,1,15,24 Saat
2026-09-02T10:59:57.472223+00:00,2026-09-02T13:59:57.472223+03:00,1474,Kartal Hasan Doğan Spor Kompleksi,KARTAL,40.8918,29.1897,773,0,773,KAPALI OTOPARK,1,15,24 Saat
2026-09-02T10:59:57.472223+00:00,2026-09-02T13:59:57.472223+03:00,1105,Kartal İdo Açık Otoparkı,KARTAL,40.8874,29.1881,90,0,90,AÇIK OTOPARK,1,15,24 Saat
2026-09-02T10:59:57.472223+00:00,2026-09-02T13:59:57.472223+03:00,1550,Kartal Sahil Açık Otoparkı,KARTAL,40.8875,29.1901,75,6,69,AÇIK OTOPARK,1,5,24 Saat
2026-09-02T10:59:57.472223+00:00,2026-09-02T13:59:57.472223+03:00,3434,Kasımpaşa Sosyal Tesisler Otoparkı,BEYOĞLU,41.0296,28.9673,60,37,23,AÇIK OTOPARK,1,0,07:30-23:00
2026-09-02T10:59:57.472223+00:00,2026-09-02T13:59:57.472223+03:00,1960,Kazlıçeşme Marmaray Açık Otoparkı,ZEYTİNBURNU,40.9922,28.917,700,554,146,AÇIK OTOPARK,1,15,24 Saat
2026-09-02T10:59:57.472223+00:00,2026-09-02T13:59:57.472223+03:00,2994,Kirazlı Metro Durağı PD Açık Otoparkı,BAĞCILAR,41.033,28.8429,112,0,112,AÇIK OTOPARK,1,5,24 Saat
2026-09-02T10:59:57.472223+00:00,2026-09-02T13:59:57.472223+03:00,1528,Kore Şehitleri Caddesi - Yüzbaşı Kaya Aldağon Sokak 1,ŞİŞLİ,41.0719,29.0139,40,1,39,YOL ÜSTÜ,1,15,07:00-16:00
2026-09-02T10:59:57.472223+00:00,2026-09-02T13:59:57.472223+03:00,2449,Kozyatağı Sebze-Meyve Hali,ATAŞEHİR,40.9787,29.1029,1500,1500,0,AÇIK OTOPARK,1,0,24 Saat
2026-09-02T10:59:57.472223+00:00,2026-09-02T13:59:57.472223+03:00,1206,Kutlugün Sokak 2,FATİH,41.0061,28.9801,200,1,199,YOL ÜSTÜ,1,0,08:00-18:00
2026-09-02T10:59:57.472223+00:00,2026-09-02T13:59:57.472223+03:00,3074,Küçük Çamlıca,ÜSKÜDAR,41.0204,29.0653,129,102,27,AÇIK OTOPARK,1,0,08:00-22:00
2026-09-02T10:59:57.472223+00:00,2026-09-02T13:59:57.472223+03:00,3127,Küçükçekmece Cennet Mahallesi Meydan Zemin Altı Otoparkı,KÜÇÜKÇEKMECE,40.9907,28.783,456,0,456,KAPALI OTOPARK,1,10,24 Saat
2026-09-02T10:59:57.472223+00:00,2026-09-02T13:59:57.472223+03:00,2554,Küçükçekmece Fevzi Çakmak Meydanı Zemin Altı Otoparkı,KÜÇÜKÇEKMECE,41.0076,28.7927,1000,490,510,KAPALI OTOPARK,1,10,24 Saat
2026-09-02T10:59:57.472223+00:00,2026-09-02T13:59:57.472223+03:00,2882,Küçüksu Kasrı Açık Otoparkı,BEYKOZ,41.0789,29.0657,98,93,5,AÇIK OTOPARK,1,0,07:00-23:00
2026-09-02T10:59:57.472223+00:00,2026-09-02T13:59:57.472223+03:00,220,Levent Hamidiye,BEŞİKTAŞ,41.0861,29.0076,100,1,99,AÇIK OTOPARK,1,0,08:00-19:00
2026-09-02T10:59:57.472223+00:00,2026-09-02T13:59:57.472223+03:00,1138,Levent Metro Yer Altı Otoparkı,BEŞİKTAŞ,41.0811,29.0105,100,1,99,AÇIK OTOPARK,1,5,07:30-19:30
2026-09-02T10:59:57.472223+00:00,2026-09-02T13:59:57.472223+03:00,2335,Maçka Açık Otoparkı,ŞİŞLİ,41.046,28.9908,75,65,10,AÇIK OTOPARK,1,0,24 Saat
2026-09-02T10:59:57.472223+00:00,2026-09-02T13:59:57.472223+03:00,1859,Maçka Katlı Otoparkı,ŞİŞLİ,41.0484,28.9903,508,0,508,KAPALI OTOPARK,1,0,24 Saat
2026-09-02T10:59:57.472223+00:00,2026-09-02T13:59:57.472223+03:00,3193,Maltepe Rıhtım Caddesi Açık Otoparkı,MALTEPE,40.9258,29.1241,76,55,21,AÇIK OTOPARK,1,0,24 Saat
2026-09-02T10:59:57.472223+00:00,2026-09-02T13:59:57.472223+03:00,2146,Maltepe Süreyyapaşa Çarşısı Açık Otoparkı,MALTEPE,40.9274,29.1225,156,90,66,AÇIK OTOPARK,1,0,24 Saat
2026-09-02T10:59:57.472223+00:00,2026-09-02T13:59:57.472223+03:00,1599,Maslak Açık Otoparkı,SARIYER,41.1166,29.024,150,45,105,AÇIK OTOPARK,1,10,24 Saat
2026-09-02T10:59:57.472223+00:00,2026-09-02T13:59:57.472223+03:00,2100,Matbaacılar Sitesi Yanı,ZEYTİNBURNU,41.0234,28.9187,250,118,132,AÇIK OTOPARK,1,5,24 Saat
2026-09-02T10:59:57.472223+00:00,2026-09-02T13:59:57.472223+03:00,920,Meclis-i Mebusan Yokuşu 2,BEYOĞLU,41.0326,28.9882,34,1,33,YOL ÜSTÜ,1,15,09:00-17:00
2026-09-02T10:59:57.472223+00:00,2026-09-02T13:59:57.472223+03:00,1546,Menekşe Plajı Açık Otoparkı,BAKIRKÖY,40.9761,28.7766,200,199,1,AÇIK OTOPARK,1,0,24 Saat
2026-09-02T10:59:57.472223+00:00,2026-09-02T13:59:57.472223+03:00,1376,Mercan Açık,FATİH,41.0136,28.9669,130,10,120,AÇIK OTOPARK,1,0,08:00-23:00
2026-09-02T10:59:57.472223+00:00,2026-09-02T13:59:57.472223+03:00,3309,Mercan Ali Paşa Sarayı Zemin Altı Otoparkı,FATİH,41.0136,28.967,196,1,195,KAPALI OTOPARK,1,0,07:00-21:00
2026-09-02T10:59:57.472223+00:00,2026-09-02T13:59:57.472223+03:00,1472,Merter Katlı Otoparkı,GÜNGÖREN,41.0092,28.8874,1000,832,168,KAPALI OTOPARK,1,10,24 Saat
2026-09-02T10:59:57.472223+00:00,2026-09-02T13:59:57.472223+03:00,2375,Merter Metro PD Zeminaltı Otoparkı,GÜNGÖREN,41.0037,28.8897,242,79,163,KAPALI OTOPARK,1,10,24 Saat
2026-09-02T10:59:57.472223+00:00,2026-09-02T13:59:57.472223+03:00,1568,Mete Caddesi 1,BEYOĞLU,41.0382,28.9879,31,1,30,YOL ÜSTÜ,1,15,08:00-23:00
2026-09-02T10:59:57.472223+00:00,2026-09-02T13:59:57.472223+03:00,1471,Mevlana Yeraltı Katlı Otoparkı,ZEYTİNBURNU,41.0072,28.9049,1000,858,142,KAPALI OTOPARK,1,5,24 Saat
2026-09-02T10:59:57.472223+00:00,2026-09-02T13:59:57.472223+03:00,2709,Millet Caddesi Açık Otoparkı,FATİH,41.01,28.9461,60,1,59,AÇIK OTOPARK,1,15,24 Saat
2026-09-02T10:59:57.472223+00:00,2026-09-02T13:59:57.472223+03:00,3152,Mimar Sinan Zemin Altı Otoparkı,ÜSKÜDAR,41.0222,29.0169,956,19,937,KAPALI OTOPARK,1,15,24 Saat
2026-09-02T10:59:57.472223+00:00,2026-09-02T13:59:57.472223+03:00,2870,Miniatürk Çadır Açık Otoparkı,BEYOĞLU,41.0594,28.9501,250,0,250,AÇIK OTOPARK,1,15,07:00-20:00
2026-09-02T10:59:57.472223+00:00,2026-09-02T13:59:57.472223+03:00,2556,Muallim Naci Açık Otoparkı,BEŞİKTAŞ,41.0561,29.0342,35,22,13,AÇIK OTOPARK,1,15,24 Saat
2026-09-02T10:59:57.472223+00:00,2026-09-02T13:59:57.472223+03:00,569,Oda Kule Önü 1,BEYOĞLU,41.0322,28.9751,24,1,23,YOL ÜSTÜ,1,0,07:00-01:00
2026-09-02T10:59:57.472223+00:00,2026-09-02T13:59:57.472223+03:00,1988,Orhangazi Şehir Parkı PD Açık Otoparkı,MALTEPE,40.9313,29.1161,5022,4407,615,AÇIK OTOPARK,1,15,24 Saat
2026-09-02T10:59:57.472223+00:00,2026-09-02T13:59:57.472223+03:00,152,Ortabahçe Caddesi 2,BEŞİKTAŞ,41.0428,29.0043,35,1,34,YOL ÜSTÜ,1,15,08:00-23:00
2026-09-02T10:59:57.472223+00:00,2026-09-02T13:59:57.472223+03:00,153,Ortabahçe Caddesi 3,BEŞİKTAŞ,41.043,29.0042,26,1,25,YOL ÜSTÜ,1,15,08:00-23:00
2026-09-02T10:59:57.472223+00:00,2026-09-02T13:59:57.472223+03:00,119,Ortaklar Caddesi 1,ŞİŞLİ,41.0638,28.9971,25,1,24,YOL ÜSTÜ,1,15,08:30-17:00
2026-09-02T10:59:57.472223+00:00,2026-09-02T13:59:57.472223+03:00,1343,Ortaköy Açık Otoparkı,BEŞİKTAŞ,41.0504,29.0326,170,133,37,AÇIK OTOPARK,1,0,24 Saat
2026-09-02T10:59:57.472223+00:00,2026-09-02T13:59:57.472223+03:00,572,Ortaköy Portakal Yokuşu 1,BEŞİKTAŞ,41.0503,29.0261,15,1,14,YOL ÜSTÜ,1,15,09:00-19:00
2026-09-02T10:59:57.472223+00:00,2026-09-02T13:59:57.472223+03:00,1039,Öğretmen Evi,AVCILAR,40.9723,28.714,80,41,39,AÇIK OTOPARK,1,0,11:00-23:00
2026-09-02T10:59:57.472223+00:00,2026-09-02T13:59:57.472223+03:00,1466,Pendik Katlı Otoparkı,PENDİK,40.8789,29.2342,120,48,72,KAPALI OTOPARK,1,15,24 Saat
2026-09-02T10:59:57.472223+00:00,2026-09-02T13:59:57.472223+03:00,3073,Pendik Kemal Kalkuz Parkı Zemin Altı Otoparkı,PENDİK,40.8885,29.2427,224,0,224,KAPALI OTOPARK,1,0,09:00-18:00
2026-09-02T10:59:57.472223+00:00,2026-09-02T13:59:57.472223+03:00,3019,Pendik Meydan Zemin Altı Otoparkı,PENDİK,40.8752,29.2324,937,0,937,KAPALI OTOPARK,1,0,24 Saat
2026-09-02T10:59:57.472223+00:00,2026-09-02T13:59:57.472223+03:00,2865,Pendik Sahil Engelliler Merkez Önü,PENDİK,40.8735,29.233,100,66,34,AÇIK OTOPARK,1,0,11:00-20:00
2026-09-02T10:59:57.472223+00:00,2026-09-02T13:59:57.472223+03:00,2434,Pendik Sahil İdo,PENDİK,40.8755,29.2369,100,0,100,AÇIK OTOPARK,1,0,07:00-23:00
2026-09-02T10:59:57.472223+00:00,2026-09-02T13:59:57.472223+03:00,248,Pendik Yenimahalle Açık 2 Otoparkı,PENDİK,40.864,29.2723,124,61,63,AÇIK OTOPARK,1,15,10:00-22:00
2026-09-02T10:59:57.472223+00:00,2026-09-02T13:59:57.472223+03:00,297,Perşembe Pazarı 1,BEYOĞLU,41.0252,28.9693,32,1,31,YOL ÜSTÜ,1,15,08:00-17:00
2026-09-02T10:59:57.472223+00:00,2026-09-02T13:59:57.472223+03:00,597,Pierre Loti Caddesi 3,FATİH,41.0069,28.9711,36,36,0,YOL ÜSTÜ,1,0,07:00-17:00
2026-09-02T10:59:57.472223+00:00,2026-09-02T13:59:57.472223+03:00,3263,Piyalepaşa Meydanı Zemin Altı Otoparkı,BEYOĞLU,41.0445,28.9674,560,228,332,KAPALI OTOPARK,1,0,24 Saat
2026-09-02T10:59:57.472223+00:00,2026-09-02T13:59:57.472223+03:00,1900,Ragıp Gümüşpala Cad.(Sobacılar Önü),FATİH,41.0181,28.969,40,1,39,YOL ÜSTÜ,1,15,07:00-18:00
2026-09-02T10:59:57.472223+00:00,2026-09-02T13:59:57.472223+03:00,415,Ragıp Gümüşpala Camii Önü 1,FATİH,41.0211,28.9627,35,1,34,YOL ÜSTÜ,1,0,07:00-17:30
2026-09-02T10:59:57.472223+00:00,2026-09-02T13:59:57.472223+03:00,3268,Refik Saydam Caddesi 3,BEYOĞLU,41.032,28.9736,55,1,54,YOL ÜSTÜ,1,0,06:00-23:00
2026-09-02T10:59:57.472223+00:00,2026-09-02T13:59:57.472223+03:00,2307,Ressam Halim Sokak PD Açık Otoparkı,BAHÇELİEVLER,40.9967,28.8641,120,67,53,AÇIK OTOPARK,1,15,08:00-00:00
2026-09-02T10:59:57.472223+00:00,2026-09-02T13:59:57.472223+03:00,1016,Röne Park Önü 1,BAKIRKÖY,40.9577,28.8319,26,1,25,YOL ÜSTÜ,1,0,11:00-23:00
2026-09-02T10:59:57.472223+00:00,2026-09-02T13:59:57.472223+03:00,3082,Rumeli Hisarı Sahil Yolu Otoparkı,SARIYER,41.0854,29.0568,20,0,20,AÇIK OTOPARK,1,0,24 Saat
2026-09-02T10:59:57.472223+00:00,2026-09-02T13:59:57.472223+03:00,1595,Sabiha Gökçen Açık Otoparkı,PENDİK,40.925,29.308,1056,192,864,AÇIK OTOPARK,1,15,24 Saat
2026-09-02T10:59:57.472223+00:00,2026-09-02T13:59:57.472223+03:00,3239,Samatya Sahil Cep Otoparkı,FATİH,40.9954,28.932,113,102,11,AÇIK OTOPARK,1,15,24 Saat
2026-09-02T10:59:57.472223+00:00,2026-09-02T13:59:57.472223+03:00,3273,Sarıyer Büyükdere Fidanlığı,SARIYER,41.1548,29.0268,160,156,4,AÇIK OTOPARK,1,0,08:00-18:00
2026-09-02T10:59:57.472223+00:00,2026-09-02T13:59:57.472223+03:00,3299,Sariyer Ayazağa Mah Vadi İstanbul Önü Açık Otoparkı,SARIYER,41.1106,28.9881,100,96,4,AÇIK OTOPARK,1,0,08:00-20:00
2026-09-02T10:59:57.472223+00:00,2026-09-02T13:59:57.472223+03:00,1303,Seyrantepe Katlı (Arena Karşısı) 1,KAĞITHANE,41.101,28.9961,1897,1897,0,KAPALI OTOPARK,1,0,24 Saat
2026-09-02T10:59:57.472223+00:00,2026-09-02T13:59:57.472223+03:00,1628,Sıracevizler Caddesi Yol Üstü 5,ŞİŞLİ,41.0607,28.9841,45,1,44,YOL ÜSTÜ,1,15,09:00-17:00
2026-09-02T10:59:57.472223+00:00,2026-09-02T13:59:57.472223+03:00,1486,Siyavuşpaşa Yer Altı Otoparkı,BAHÇELİEVLER,40.9965,28.8532,155,0,155,KAPALI OTOPARK,1,0,24 Saat
2026-09-02T10:59:57.472223+00:00,2026-09-02T13:59:57.472223+03:00,1958,Soğanlık Metro PD Açık Otoparkı,KARTAL,40.9131,29.1925,898,811,87,AÇIK OTOPARK,1,15,24 Saat
2026-09-02T10:59:57.472223+00:00,2026-09-02T13:59:57.472223+03:00,589,Su Terazisi Sokak,FATİH,41.0046,28.9727,22,1,21,YOL ÜSTÜ,1,0,07:30-17:00
2026-09-02T10:59:57.472223+00:00,2026-09-02T13:59:57.472223+03:00,1478,Suadiye Cep Açık Otoparkı,KADIKÖY,40.9586,29.0732,130,92,38,AÇIK OTOPARK,1,15,24 Saat
2026-09-02T10:59:57.472223+00:00,2026-09-02T13:59:57.472223+03:00,2948,Suadiye Sahil Açık Otoparkı,KADIKÖY,40.9562,29.0797,70,27,43,AÇIK OTOPARK,1,5,24 Saat
2026-09-02T10:59:57.472223+00:00,2026-09-02T13:59:57.472223+03:00,2799,Sultanbeyli Emir Caddesi Zemin Altı Otoparkı,SULTANBEYLİ,40.9707,29.2606,130,67,63,KAPALI OTOPARK,1,15,08:00-22:00
2026-09-02T10:59:57.472223+00:00,2026-09-02T13:59:57.472223+03:00,2372,Sultanbeyli Kent Meydanı Zemin Altı Otoparkı,SULTANBEYLİ,40.9667,29.2667,300,93,207,KAPALI OTOPARK,1,15,24 Saat
2026-09-02T10:59:57.472223+00:00,2026-09-02T13:59:57.472223+03:00,2410,Sultangazi Zemin Altı Otoparkı,SULTANGAZİ,41.0944,28.8649,104,0,104,KAPALI OTOPARK,1,10,24 Saat
2026-09-02T10:59:57.472223+00:00,2026-09-02T13:59:57.472223+03:00,2085,Süleyman Seba Caddesi 2,BEŞİKTAŞ,41.0426,28.9998,40,1,39,YOL ÜSTÜ,1,15,08:00-18:00
2026-09-02T10:59:57.472223+00:00,2026-09-02T13:59:57.472223+03:00,2088,Süleyman Seba Caddesi 5,BEŞİKTAŞ,41.0432,28.9978,40,1,39,YOL ÜSTÜ,1,15,08:00-18:00
2026-09-02T10:59:57.472223+00:00,2026-09-02T13:59:57.472223+03:00,2089,Süleyman Seba Caddesi 6,BEŞİKTAŞ,41.0435,28.9967,11,1,10,YOL ÜSTÜ,1,15,08:00-18:00
2026-09-02T10:59:57.472223+00:00,2026-09-02T13:59:57.472223+03:00,2391,Süleymaniye Cami Altı Açık Otoparkı,FATİH,41.0158,28.961,250,231,19,AÇIK OTOPARK,1,0,06:30-18:30
2026-09-02T10:59:57.472223+00:00,2026-09-02T13:59:57.472223+03:00,1730,Sütlüce Miniatürk Yanı,BEYOĞLU,41.057,28.95,320,185,135,AÇIK OTOPARK,1,15,24 Saat
2026-09-02T10:59:57.472223+00:00,2026-09-02T13:59:57.472223+03:00,36,Şakayık Sokak 4,ŞİŞLİ,41.0518,28.9936,50,1,49,YOL ÜSTÜ,1,15,08:00-16:00
2026-09-02T10:59:57.472223+00:00,2026-09-02T13:59:57.472223+03:00,1469,Şehit Volkan Duysak Katlı Otoparkı,ZEYTİNBURNU,40.9968,28.9039,1000,675,325,KAPALI OTOPARK,1,5,24 Saat
2026-09-02T10:59:57.472223+00:00,2026-09-02T13:59:57.472223+03:00,2385,Şehremini Açık Otoparkı 1,FATİH,41.0135,28.9333,60,60,0,AÇIK OTOPARK,1,0,08:30-20:30
2026-09-02T10:59:57.472223+00:00,2026-09-02T13:59:57.472223+03:00,2855,Şemsipaşa Açık Otoparkı,ÜSKÜDAR,41.0255,29.0097,47,0,47,AÇIK OTOPARK,1,0,24 Saat
2026-09-02T10:59:57.472223+00:00,2026-09-02T13:59:57.472223+03:00,2439,Şirinevler Meydan Zeminaltı Otoparkı,BAHÇELİEVLER,40.9925,28.8496,367,0,367,KAPALI OTOPARK,1,0,24 Saat
2026-09-02T10:59:57.472223+00:00,2026-09-02T13:59:57.472223+03:00,3400,Şişhane Refik Saydam Caddesi 2 Yol Üstü Otoparkı 1,BEYOĞLU,41.0326,28.9743,70,1,69,YOL ÜSTÜ,1,15,06:00-23:00
2026-09-02T10:59:57.472223+00:00,2026-09-02T13:59:57.472223+03:00,3441,Şişli Kuştepe Zemin Altı Otoparkı,ŞİŞLİ,41.072,28.9919,430,293,137,KAPALI OTOPARK,1,15,24 Saat
2026-09-02T10:59:57.472223+00:00,2026-09-02T13:59:57.472223+03:00,2816,Şişli Rumeli Caddesi Metro Yanı 1,ŞİŞLİ,41.0538,28.9868,45,1,44,YOL ÜSTÜ,1,15,08:00-20:00
2026-09-02T10:59:57.472223+00:00,2026-09-02T13:59:57.472223+03:00,2406,Şişli Zemin Altı Otoparkı,ŞİŞLİ,41.0641,28.9992,581,112,469,KAPALI OTOPARK,1,15,24 Saat
2026-09-02T10:59:57.472223+00:00,2026-09-02T13:59:57.472223+03:00,1993,Tuzla İdo,TUZLA,40.8149,29.3039,300,273,27,AÇIK OTOPARK,1,15,24 Saat
2026-09-02T10:59:57.472223+00:00,2026-09-02T13:59:57.472223+03:00,3332,Tuzla Sahil Cep,TUZLA,40.8168,29.2992,50,38,12,AÇIK OTOPARK,1,0,08:00-00:00
2026-09-02T10:59:57.472223+00:00,2026-09-02T13:59:57.472223+03:00,3057,Tuzla Sahil Zemin Altı Otoparkı,TUZLA,40.8181,29.3004,779,1,778,KAPALI OTOPARK,1,15,24 Saat
2026-09-02T10:59:57.472223+00:00,2026-09-02T13:59:57.472223+03:00,1811,Ulu Camii Açık Otoparkı,BAHÇELİEVLER,40.9982,28.8499,150,123,27,AÇIK OTOPARK,1,10,24 Saat
2026-09-02T10:59:57.472223+00:00,2026-09-02T13:59:57.472223+03:00,2424,Uzunçayır Açık Otoparkı,KADIKÖY,40.9988,29.0556,58,52,6,AÇIK OTOPARK,1,0,06:00-16:00
2026-09-02T10:59:57.472223+00:00,2026-09-02T13:59:57.472223+03:00,1468,Ümraniye Katlı Otoparkı,ÜMRANİYE,41.0261,29.0953,665,396,269,KAPALI OTOPARK,1,15,24 Saat
2026-09-02T10:59:57.472223+00:00,2026-09-02T13:59:57.472223+03:00,2898,Ümraniye Okan Sokak Zeminaltı Otoparkı,ÜMRANİYE,41.0284,29.0907,125,105,20,KAPALI OTOPARK,1,15,24 Saat
2026-09-02T10:59:57.472223+00:00,2026-09-02T13:59:57.472223+03:00,2345,Üsküdar Uzunçayır PD Açık Otoparkı,ÜSKÜDAR,40.9988,29.0577,90,26,64,AÇIK OTOPARK,1,15,06:00-22:00
2026-09-02T10:59:57.472223+00:00,2026-09-02T13:59:57.472223+03:00,1929,Üsküdar Ünalan Açık Otoparkı,ÜSKÜDAR,40.9979,29.0604,180,175,5,AÇIK OTOPARK,1,0,07:00-17:00
2026-09-02T10:59:57.472223+00:00,2026-09-02T13:59:57.472223+03:00,1487,Vatan Caddesi PD Açık Otoparkı,FATİH,41.0157,28.9405,397,150,247,AÇIK OTOPARK,1,5,24 Saat
2026-09-02T10:59:57.472223+00:00,2026-09-02T13:59:57.472223+03:00,2441,Yalı Açık Otoparkı,MALTEPE,40.9095,29.137,85,81,4,AÇIK OTOPARK,1,0,07:30-22:00
2026-09-02T10:59:57.472223+00:00,2026-09-02T13:59:57.472223+03:00,459,Yalı Köşkü Caddesi 1,FATİH,41.0163,28.9759,61,1,60,YOL ÜSTÜ,1,5,07:00-21:00
2026-09-02T10:59:57.472223+00:00,2026-09-02T13:59:57.472223+03:00,2037,Yenikapı Marmaray Büyük Otoparkı,FATİH,41.0057,28.9505,324,51,273,AÇIK OTOPARK,1,15,24 Saat
2026-09-02T10:59:57.472223+00:00,2026-09-02T13:59:57.472223+03:00,2036,Yenikapı Marmaray Küçük Otoparkı,FATİH,41.0064,28.9504,200,131,69,AÇIK OTOPARK,1,15,07:00-22:00
2026-09-02T10:59:57.472223+00:00,2026-09-02T13:59:57.472223+03:00,2175,Yenikapı Spor ve Kültür Merkezi PD Açık Otoparkı,FATİH,41.0006,28.9519,4023,3968,55,AÇIK OTOPARK,1,15,24 Saat
2026-09-02T10:59:57.472223+00:00,2026-09-02T13:59:57.472223+03:00,2805,Yenikapı Tünel Üstü Açık Otoparkı,FATİH,41.0029,28.9534,700,348,352,AÇIK OTOPARK,1,10,24 Saat
2026-09-02T10:59:57.472223+00:00,2026-09-02T13:59:57.472223+03:00,3404,Yenimahalle Metro Zemin Altı PD Otoparkı,GAZİOSMANPAŞA,41.0839,28.8926,114,94,20,KAPALI OTOPARK,1,15,24 Saat
2026-09-02T10:59:57.472223+00:00,2026-09-02T13:59:57.472223+03:00,2920,Yeşilce Zemin Altı Katlı Otoparkı,KAĞITHANE,41.0938,29.0017,676,60,616,KAPALI OTOPARK,1,0,24 Saat
2026-09-02T10:59:57.472223+00:00,2026-09-02T13:59:57.472223+03:00,987,Yeşilköy İstasyon Caddesi 1,BAKIRKÖY,40.962,28.825,40,1,39,YOL ÜSTÜ,1,15,09:00-17:30
2026-09-02T10:59:57.472223+00:00,2026-09-02T13:59:57.472223+03:00,974,Yeşilköy Marina 1,BAKIRKÖY,40.9576,28.8233,145,1,144,YOL ÜSTÜ,1,0,12:00-23:00
2026-09-02T10:59:57.472223+00:00,2026-09-02T13:59:57.472223+03:00,3406,Yeşilpınar Metro Zemin Altı PD Otoparkı,EYÜP,41.081,28.9204,269,204,65,KAPALI OTOPARK,1,15,24 Saat
2026-09-02T10:59:57.472223+00:00,2026-09-02T13:59:57.472223+03:00,1133,Yıldız Korusu,BEŞİKTAŞ,41.0514,29.0165,500,1,499,AÇIK OTOPARK,1,0,08:00-22:00
2026-09-02T10:59:57.472223+00:00,2026-09-02T13:59:57.472223+03:00,3185,Zeytinburnu Sahil Cep Otoparkı,ZEYTİNBURNU,40.9798,28.8985,160,1,159,AÇIK OTOPARK,1,0,12:00-22:00
